# File generated by ImageToStl.com - Free Image and 3D model conversion tools

mtllib neptune_1_49528.mtl

o obj1
v 296.4437561 264.06128011 -300.49430848
v 338.1343689 226.9305271 -287.66081782
v 311.77670288 226.93053091 -316.0364272
v 321.50616455 264.06124597 -273.51506136
v 462.38336182 188.07366342 -3.13899745
v 475.78143311 147.78481034 38.37137551
v 477.31591797 147.78481593 -3.24110895
v 460.89794922 188.073658 37.1712238
v 70.47564697 -264.06106175 -416.18300463
v 111.98807526 -226.93030866 -429.58201652
v 106.48071289 -264.06106279 -408.45647291
v 74.12120056 -226.93030757 -437.70695521
v 208.78236389 -435.93042221 -99.08653437
v 252.06752014 -414.49295418 -93.68627838
v 216.62298584 -435.93045522 -80.51346066
v 242.94262695 -414.49295128 -115.29830004
v 294.80914307 -188.07356936 -356.22163173
v 335.22250366 -147.78469355 -339.80368865
v 324.73431396 -188.07357299 -329.17231625
v 304.3314209 -147.7846898 -367.72583735
v 24.49585915 389.90145568 -303.69238107
v 56.45499039 362.34234806 -333.37924288
v 27.18447876 362.34234855 -337.03180013
v 50.87155151 389.90145524 -300.40218953
v 111.98807526 226.93057668 -429.5818945
v 155.19517517 188.07381307 -435.56975352
v 116.64261627 188.07381467 -447.43828339
v 149.00213623 226.93055989 -418.18782141
v 15.87446213 -490.99159287 14.98943738
v 46.50830078 -487.25554369 45.87849208
v 15.54414082 -490.99159292 15.33177116
v 50.3300209 -487.25554312 41.6513804
v 16.5130825 -490.99159278 14.28274948
v 16.82138443 -490.99159273 13.91939671
v 16.19777679 -490.99159283 14.63909655
v 154.13012695 389.90128801 262.81879949
v 115.30330658 414.49293413 242.9414994
v 130.63824463 389.90128634 275.25193506
v 136.03849792 414.4929356 231.96782119
v 20.91937637 -490.99159002 -6.25022883
v 62.98735428 -487.25553519 -17.33601191
v 21.05050278 -490.99159008 -5.7927837
v 61.23664474 -487.25553446 -22.75928863
v 20.62709236 -490.9915899 -7.15711109
v 20.46593475 -490.99158984 -7.60454598
v 20.7782383 -490.99158996 -6.70567172
v 0.00300293 -491.45948635 0.00085348
v 0.33032176 -490.99158793 -21.82838668
v 0.80678588 -490.99158793 -21.8163742
v -188.38650513 454.04957088 34.54074357
v -149.83294678 468.71275061 14.13589337
v -190.67973328 454.04957311 17.98963864
v -148.03118896 468.71274886 27.14154917
v 16.82338524 490.99158899 13.92169158
v 0 491.45948635 0.00214944
v 16.51608658 490.99158894 14.28504625
v -10.62935257 490.99159342 -19.06940664
v -10.20994473 490.99159345 -19.29762662
v -45.11093903 479.80987635 98.48796851
v -74.36043549 468.71270441 130.84745535
v -62.67404938 468.71270361 136.83025849
v -53.52313232 479.80987693 94.18177816
v -300.81802368 332.02501485 213.697013
v -291.66708374 362.34218874 171.04752818
v -318.29803467 332.02501849 186.66571815
v -275.6494751 362.34218541 195.81863024
v 18.98348999 -490.99159231 10.78734917
v 18.74225616 -490.99159236 11.19874899
v -420.73779297 264.06118326 -33.93093641
v -391.48632812 299.18185291 -66.29040858
v -416.17935181 264.06118817 -70.47148921
v -395.7744751 299.1818483 -31.9179637
v 153.67367554 332.02521071 -335.47729986
v 167.07272339 362.34234277 -293.96591415
v 182.32759094 332.02520874 -320.80801936
v 140.81715393 362.34234457 -307.40899841
v -344.11416626 264.06111534 244.45391505
v -342.50759888 299.1817865 200.8635282
v -364.11065674 264.0611195 213.53283457
v -323.69830322 299.18178259 229.95082273
v 491.81704712 -21.43743565 -90.16773203
v 494.01620483 -64.14822305 -46.60236298
v 488.07339478 -64.14820966 -89.48207648
v 497.80487061 -21.43744909 -46.96069463
v 422.10113525 264.06117909 -2.86570878
v 395.78149414 299.18183972 31.92014599
v 420.74481201 264.06117415 33.93309401
v 397.05773926 299.18184437 -2.69653392
v -239.75352478 264.06107099 347.40609048
v -283.03869629 226.93033569 342.00783128
v -252.15361023 226.93033255 365.37456022
v -269.12011719 264.06107398 325.18843988
v -231.09008789 -435.93046625 1.57039716
v -268.03909302 -414.49299438 -21.61615526
v -230.34736633 -435.93046354 -18.57720447
v -268.90292358 -414.49299753 1.82665304
v -336.62689209 -362.3422465 31.75779325
v -368.98641968 -332.0260815 2.50633896
v -338.11331177 -362.34224254 2.29712641
v -367.36383057 -332.02608582 34.65662382
v -74.36043549 -468.71380769 130.84516265
v -61.5259285 -479.81093916 89.15560265
v -53.52112961 -479.81097035 94.17849066
v -85.48025513 -468.71380675 123.86638023
v 21.92835808 -487.25552925 -61.53702015
v 7.77757549 -490.99158812 -20.39999622
v 7.32913876 -490.9915881 -20.56415599
v 8.65943527 -490.99158817 -20.04064794
v 27.20850182 -487.25552954 -59.39192821
v 9.09485817 -490.99158819 -19.84745833
v 8.22000694 -490.99158814 -20.22482533
v -217.69303894 -435.93045561 -77.56359351
v -174.12760925 -454.04956481 -79.76274596
v -180.41673279 -454.04956689 -64.28167502
v -210.10466003 -435.93042259 -96.24276158
v -104.82109833 479.80992377 -27.32444136
v -141.76908875 468.7127593 -50.512005
v -145.6318512 468.71275761 -37.96279583
v -102.04139709 479.80992499 -36.35723028
v 54.80137634 -479.81093974 93.44377999
v 64.53186035 -468.71380838 135.96415051
v 46.44823837 -479.81097085 97.8630761
v 76.1361618 -468.71380755 129.82317477
v 486.46783447 -106.37147304 -45.8906835
v 477.31591797 -147.78481506 -3.24119778
v 475.21688843 -147.78480947 -44.82965776
v 488.61590576 -106.37148639 -3.31826054
v -367.72619629 -147.78471357 -304.32715788
v -347.84683228 -106.37139496 -343.15591685
v -339.80200195 -147.78469416 -335.21918563
v -376.43164062 -106.3713992 -311.53213864
v 29.6648941 332.02521506 -367.80475237
v 66.29557037 299.18195764 -391.49079113
v 31.92209244 299.18195822 -395.77896847
v 61.60900879 332.02521452 -363.81985871
v -114.18521881 435.92940144 200.91962262
v -108.78596497 454.04952383 157.63550788
v -131.26185608 435.92940288 190.20319232
v -94.63417053 454.04952263 166.51714515
v -6.24908638 490.99159367 -20.91920478
v -6.70453024 490.99159365 -20.77806671
v 278.8565979 299.18194302 -282.66593523
v 281.05474854 332.02516725 -239.10152496
v 302.43154907 299.18190909 -257.28724348
v 259.14743042 332.02517041 -262.68747692
v 179.53288269 454.04958449 -66.7267815
v 145.1083374 468.71275788 -39.93771794
v 184.6658783 454.04958235 -50.82631512
v 141.07540894 468.71275956 -52.43387612
v -21.68211937 -490.9915912 2.52430914
v -65.03534698 -487.25553835 6.13582385
v -21.73216629 -490.99159114 2.05084825
v -64.25258636 -487.2555391 11.78131574
v -21.55099106 -490.99159133 3.46822734
v -21.47091293 -490.99159139 3.93668312
v -21.62206078 -490.99159126 2.99676868
v 253.31774902 414.49298516 90.25693432
v 277.00280762 389.90130628 126.88556898
v 287.00857544 389.90130958 102.25960852
v 244.48814392 414.49295172 111.99008787
v -208.22781372 21.43732947 454.58931227
v -247.05563354 -21.4375901 434.7099737
v -208.22781372 -21.43759658 454.58930651
v -247.05563354 21.43733595 434.70997946
v 50.51620483 -468.71371003 -141.77007765
v 45.11594391 -479.81085291 -98.48496252
v 36.36041641 -479.81085243 -102.04142755
v 62.67905426 -468.71371069 -136.82825959
v -174.19967651 21.43760039 -468.68500915
v -132.6872406 -21.43732196 -482.08406231
v -174.19967651 -21.43732567 -468.68501491
v -132.6872406 21.43760409 -482.08405655
v -352.18203735 -188.07374903 299.61843371
v -361.9125061 -226.93052299 257.09706764
v -338.12634277 -226.9305271 287.66081782
v -376.95513916 -188.07374475 267.7824973
v -203.48620605 106.37136612 444.23528961
v -245.17480469 64.14811794 431.40172725
v -206.64328003 64.14810766 451.12892994
v -241.42915344 106.37136873 424.81036352
v -214.3848114 21.4375962 -451.7194946
v -214.3848114 -21.43732985 -451.71950036
v 21.73717308 -490.99159058 -2.05014191
v 21.77621078 -490.99159065 -1.57467937
v 14.28691578 490.99159308 -16.51191924
v 13.92356205 490.99159312 -16.81921599
v 468.6875 21.43751504 -174.20049165
v 478.41799927 64.14828515 -131.67909454
v 482.08755493 21.43750184 -132.68909475
v 465.12103271 64.14829831 -172.87518383
v 257.53985596 -362.34218228 -219.09627837
v 300.82400513 -332.02602194 -213.69602118
v 275.6545105 -362.34218541 -195.81663134
v 281.05474854 -332.02601852 -239.10173626
v -50.86454391 -389.90145524 300.40218953
v -67.83106995 -414.49306277 260.21606089
v -44.89372635 -414.49306343 265.13784417
v -76.8528595 -389.90145449 294.82473611
v -167.06672668 -362.34234277 293.96689072
v -209.58813477 -332.02615249 303.69635613
v -192.05206299 -362.34231014 278.28564736
v -182.32159424 -332.02615479 320.80801936
v -96.23974609 435.92940021 210.10655773
v -79.76068878 454.04952161 174.13155529
v -79.75968933 -454.04962944 174.13028887
v -114.18521881 -435.93052355 200.91733873
v -94.63217163 -454.04962841 166.51487165
v -96.23873901 -435.93052478 210.106288
v 241.43516541 106.37161258 -424.8102739
v 271.12307739 147.78492932 -392.85116299
v 277.5413208 106.37160953 -402.15124758
v 235.85272217 147.78493229 -414.98571423
v -64.27960968 454.04952076 180.42067861
v -77.56154633 435.92939919 217.69594345
v 17.97050285 -490.99159253 12.39991797
v 17.69523621 -490.99159258 12.7892965
v -21.59903908 490.99159129 -3.17394086
v -21.66309929 490.99159122 -2.70248244
v 250.76223755 389.90130007 173.05748055
v 260.49273682 362.34218275 215.57885295
v 278.29006958 362.34218591 192.05598083
v 234.72462463 389.90129722 194.25511166
v -111.98207092 -226.93057668 429.5818945
v -141.66899109 -264.06129317 397.62278416
v -106.47470856 -264.06129462 408.45634092
v -148.99613953 -226.93055989 418.18681433
v 37.29532623 299.18172986 395.30874249
v 2.86979508 264.06106096 422.09776883
v 39.64761734 264.06106121 420.24193394
v 2.69962955 299.18172962 397.05541601
v 14.50913239 490.99158867 16.31802615
v 14.15078354 490.99158863 16.63032777
v 198.78562927 147.7849501 -433.96215401
v 203.49220276 106.37161519 -444.23617656
v -262.68685913 332.02516994 -259.14301293
v -219.09539795 362.34230736 -257.53647204
v -239.10089111 332.0252034 -281.05234445
v -240.7074585 362.34230466 -237.46092646
v -106.80202484 -479.81092475 -18.08474059
v -63.21157455 -487.25553531 -16.47817808
v -64.40673065 -487.25553606 -10.90575719
v -104.81909943 -479.81092351 -27.32473051
v -19.53202438 -479.81085183 -106.54980447
v -14.13176441 -468.71370894 -149.83492723
v -10.17090702 -479.81085166 -107.84606908
v -27.1374321 -468.71370918 -148.03217766
v 64.2585907 -487.25553594 -11.77960799
v 21.55599594 -490.99159039 -3.46651988
v 21.47491837 -490.99159033 -3.93597677
v 21.68712425 -490.99159052 -2.52360256
v 65.04135895 -487.2555367 -6.13511508
v 21.62806702 -490.99159046 -2.9960621
v -15.99157715 -490.99159286 14.85831003
v -16.31188774 -490.99159281 14.50596743
v 257.09942627 -226.93055233 361.9160643
v 233.9128418 -188.07379288 398.86299819
v 224.57875061 -226.93055516 382.94554356
v 267.78582764 -188.07378994 376.95873258
v -28.74499893 479.80996465 -104.44347444
v -11.7784729 487.25453907 -64.25737099
v -19.53302574 479.80996493 -106.55152948
v -17.33388519 487.2545389 -62.98614225
v -71.60174561 -299.1817305 -390.55410398
v -39.64160919 -264.06106121 -420.24294102
v -37.29032135 -299.18172986 -395.30971905
v -76.11714172 -264.06106189 -415.18703299
v 19.51700974 -490.99158955 -9.78766997
v 59.01948547 -487.25553376 -28.00939717
v 19.7252121 -490.9915896 -9.35925277
v 56.35388947 -487.25553308 -33.04629847
v 19.07157516 -490.99158943 -10.62948875
v 18.83534622 -490.99158938 -11.04289129
v 19.29779625 -490.99158949 -10.21108132
v 67.83707428 414.49306277 -260.21606089
v 102.26161194 389.90145344 -287.00512578
v 76.85886383 389.90145449 -294.82473611
v 90.25791931 414.49306184 -253.31432773
v -102.25659943 -389.90145344 287.00414922
v -111.98607635 -414.49306065 244.48374637
v -90.2529068 -414.49306184 253.31332065
v -126.88157654 -389.90142158 276.99938882
v -19.06556892 -490.99159229 10.63119645
v -19.29279137 -490.99159223 10.21278997
v 402.00558472 -188.07372421 228.47123461
v 392.85464478 -147.7848977 271.11972184
v 380.56365967 -188.07374406 262.63848503
v 414.98822021 -147.78489296 235.84942886
v 305.4715271 362.34229223 -144.9749372
v 285.59317017 389.90139862 -106.14716841
v 316.94470215 362.34228858 -117.80050728
v 275.25512695 389.90140191 -130.6339916
v -148.0291748 -468.71376324 27.14026546
v -107.84404755 -479.81092855 10.17475608
v -106.54577637 -479.8109298 19.53486223
v -149.83093262 -468.71376149 14.13561292
v 114.19122314 435.92951647 -200.91836107
v 108.7919693 454.04962722 -157.63424146
v 131.26885986 435.92951503 -190.20193077
v 94.6401825 454.04962841 -166.51587873
v -241.46218872 -147.78468388 -411.74466519
v -209.50306702 -106.37136649 -441.43154825
v -204.65733337 -147.78466601 -431.22260031
v -247.17875671 -106.37136917 -421.49212633
v -281.04876709 -332.02611329 239.10152496
v -323.69830322 -299.18190542 229.95065078
v -300.81802368 -332.02610988 213.69680171
v -302.42459106 -299.18190909 257.28724348
v -3.93483257 490.99159375 -21.47474676
v -5.79164124 490.99159369 -21.05033309
v -5.33019161 490.9915937 -21.17145163
v -4.86774111 490.99159372 -21.28355986
v -4.40228796 490.99159373 -21.38365751
v -82.50636292 479.80991067 70.19443615
v -122.69150543 468.7127408 87.15994158
v -114.62865448 468.71270889 97.52202466
v -88.31002045 479.80991167 62.73618445
v 61.23864746 487.2545335 -22.75899747
v 104.44673157 479.80992396 -28.74582421
v 101.54389954 479.80992517 -37.73957352
v 62.98935318 487.25453277 -17.33572076
v -130.63323975 389.90142134 -275.25170821
v -93.68524933 414.49306167 -252.06512123
v -106.14639282 389.90145325 -285.58975107
v -115.2983017 414.49306045 -242.94123543
v 165.36206055 -299.18173447 -360.99331397
v 182.32759094 -332.02597703 -320.80823065
v 153.67367554 -332.02597506 -335.47751116
v 196.19509888 -299.18173659 -345.20797516
v 5.33619738 490.99158802 21.17274896
v 4.87274599 490.991588 21.28485719
v -1.82377648 414.49306393 -268.9065208
v 18.5800972 435.92952042 -230.35199958
v 21.62005806 414.49306382 -268.04269026
v -1.56652594 435.92952052 -231.09470586
v 59.39585114 -487.25554118 27.20632398
v 19.64713669 -490.99159214 9.52311848
v 19.85033417 -490.99159208 9.09270048
v 19.2137146 -490.99159225 10.36994214
v 56.79832458 -487.25554186 32.27926082
v 19.43593025 -490.9915922 9.94953391
v 213.97441101 389.9014135 -216.89791993
v 257.54086304 362.34230219 -219.09605893
v 237.46429443 362.3423051 -240.7090953
v 232.06503296 389.90141088 -197.42396735
v 79.69562531 -147.78466071 -470.62393563
v 116.64261627 -188.07354184 -447.43839496
v 77.20220184 -188.07354071 -455.90061391
v 120.40927887 -147.78466189 -461.8884623
v 267.78582764 188.07356657 376.95884415
v 241.46618652 147.78468388 411.74466519
v 276.43426514 147.78468692 389.13266645
v 233.9128418 188.07356363 398.86310976
v 32.28144073 -487.25552989 -56.79440175
v 53.52713776 -479.81085349 -94.17777273
v 93.69125366 414.4929329 252.0653852
v 80.85675812 389.90125334 293.75492514
v 106.15139771 389.90125443 285.59098499
v 71.36550903 414.49293193 259.27238568
v -172.87338257 64.14838336 -465.11752917
v -129.66529846 106.37162643 -471.10531626
v -131.67825317 64.14838514 -478.41547183
v -170.23181152 106.37162467 -458.01156671
v -192.56054688 188.07356074 420.38508168
v -235.84571838 147.78468345 414.9848079
v -198.78062439 147.78466564 433.9612782
v -228.46754456 188.07356321 402.00217826
v -232.05802917 -389.90141088 197.42396735
v -275.64846802 -362.34229906 195.81741898
v -248.38194275 -389.90140807 176.44755815
v -257.53283691 -362.34230219 219.09605893
v -357.0617981 -332.02606866 -93.07966179
v -374.03131104 -299.18179558 -133.26674401
v -347.59356689 -332.02603401 -123.84659799
v -384.2182312 -299.18180003 -100.15953689
v 174.13259888 -454.04958624 79.76347081
v 200.92170715 -435.9305119 114.18797158
v 166.51719666 -454.04961876 94.63593734
v 210.10865784 -435.93050948 96.2425071
v -304.66775513 389.90135356 2.07113181
v -337.02825928 362.34224589 -27.17933652
v -338.11434937 362.34224193 2.29734394
v -303.68978882 389.90135713 -24.49171084
v -268.04006958 414.49300019 -21.61690791
v -300.39859009 389.90136068 -50.86637425
v -265.13525391 414.49300332 -44.8955574
v 345.2102356 -299.18190089 196.19280892
v 347.40936279 -264.06124144 239.75720424
v 326.79730225 -299.18190483 225.53234649
v 366.98345947 -264.06123725 208.56584483
v -372.1625061 -106.37158278 316.61700978
v -404.52200317 -64.14832896 287.36558213
v -398.34100342 -106.37157063 282.9752873
v -377.93710327 -64.14834118 321.52881949
v 294.82818604 389.90134352 76.8568918
v 318.51522827 362.34219647 113.48552606
v 327.19369507 362.34223078 85.29409789
v -136.03250122 -414.4929356 -231.96681411
v -99.08551788 -435.93040747 -208.77925675
v -116.903862 -435.93040873 -199.34808947
v -115.29730225 -414.49293413 -242.9395005
v -54.79637146 -479.81091463 -93.44305443
v -28.00627899 -487.25552959 -59.01756528
v -33.04418564 -487.25552995 -56.35096991
v -46.44424057 -479.810853 -97.86235818
v -397.05072021 -299.18184437 2.69653392
v -420.73681641 -264.06117415 -33.93109129
v -395.7744751 -299.18183972 -31.91814328
v -422.09313965 -264.06117909 2.86670989
v 19.92440796 -490.99158966 -8.92683301
v 66.72999573 -454.04963016 179.52852782
v 52.4360733 -468.71380906 141.07012263
v 82.12298584 -454.04962929 173.03020651
v -173.02752686 454.04956449 82.12203695
v -216.61898804 435.92944814 80.51545956
v -208.77735901 435.92941512 99.08853327
v -179.52786255 454.04956656 66.72906263
v 74.36643219 468.71280061 -130.84616973
v 85.48826599 468.71279967 -123.86638023
v 451.72198486 -21.4374018 -214.38659222
v 468.6875 -21.43741292 -174.20049741
v 451.72198486 21.43752616 -214.38658646
v 140.81515503 -362.3421399 -307.40921785
v 150.54663086 -389.90128773 -264.88685362
v 126.88658905 -389.90128611 -276.99961566
v 167.07272339 -362.3421417 -293.96613359
v 149.75086975 435.92940479 176.02040777
v 155.73770142 414.49293731 219.22842648
v 174.25172424 414.49293925 204.82141404
v 133.83935547 435.92940312 188.40244165
v -442.49902344 -226.93043788 -35.68578595
v -416.17935181 -264.06116924 -70.47165172
v -437.70333862 -226.93041745 -74.11718494
v -21.79322624 490.99159103 -1.27909723
v -21.81624985 490.99159097 -0.80263375
v 376.9621582 188.07374475 -267.7824973
v 411.74703979 147.78489372 -241.46287776
v 389.13601685 147.78489842 -276.4309094
v 398.86547852 188.07372494 -233.90952788
v -355.95370483 21.43756743 -351.15266454
v -323.99356079 -21.43735082 -380.83952842
v -355.95370483 -21.43736053 -351.1526703
v -323.99356079 21.43757714 -380.83952266
v -381.33544922 264.06112387 180.98416014
v -416.12130737 226.93039137 154.66654436
v -401.05764771 226.93038658 190.34626116
v -395.65838623 264.06112843 147.06115715
v -303.68881226 -389.90135055 -24.49094587
v -333.3757019 -362.34223465 -56.45103552
v -300.39761353 -389.90134701 -50.86660872
v -337.02728271 -362.34223858 -27.17955215
v -16.81738091 490.99159273 -13.91939671
v -46.5052948 487.25453661 -45.87949153
v -50.32701874 487.25453604 -41.6513804
v -16.51008224 490.99159278 -14.28274948
v -16.19477272 490.99159283 -14.63909655
v -15.87145901 490.99159287 -14.98943738
v -15.5411377 490.99159292 -15.33277061
v 363.56210327 147.78490283 -309.29287727
v 352.1890564 188.07374903 -299.61745715
v -294.82217407 389.90136417 -76.85465842
v -260.21343994 414.4930064 -67.83287351
v -232.05802917 389.9012968 197.42520127
v -257.53384399 362.34218228 219.09829253
v -248.38293457 389.90129962 176.44778499
v 294.80914307 188.07378715 -356.22152015
v 304.3314209 147.78492594 -367.7257366
v 262.64083862 188.07379042 -380.56023392
v 277.0038147 -389.90140141 126.88434268
v 293.96932983 -362.3422952 167.06943412
v 264.88998413 -389.90140459 150.54336897
v 307.41143799 -362.34229167 140.81290426
v 17.12267876 490.99158904 13.55133218
v 17.41396141 490.99158909 13.17496557
v 398.34802246 -106.37141067 -282.97537692
v 428.03491211 -64.14816507 -251.01524356
v 421.49453735 -106.37142311 -247.17952548
v 404.52902222 -64.14815255 -287.36559937
v -293.96533203 362.3422952 -167.06943412
v -303.6958313 332.02516328 -209.5908143
v -320.80749512 332.02515962 -182.32428997
v -278.2850647 362.34229856 -192.05576139
v 0.44643483 487.25452166 65.32871466
v -1.75270712 490.99158794 21.7633213
v -5.24911261 487.25452169 65.11950904
v 0.15114722 490.99158793 21.83439101
v -0.32531688 490.99158793 21.8323883
v -0.80178094 490.99158793 21.81937636
v -1.27724409 490.99158793 21.79635467
v -408.45285034 264.06122353 -106.47651575
v -418.18630981 226.93049321 -148.99891155
v -429.57843018 226.93047298 -111.98388291
v -397.62231445 264.06122826 -141.67076656
v 291.6730957 -362.34218874 -171.04752818
v 333.36270142 -332.02602939 -158.21303663
v 305.47055054 -362.34219224 -144.97616372
v 318.30505371 -332.02602557 -186.66471107
v 265.14025879 -414.49300332 44.89656066
v 294.82818604 -389.90136417 76.85666495
v 260.21847534 -414.4930064 67.83387296
v 300.40460205 -389.90136068 50.86837315
v 347.40936279 264.06111597 239.75736675
v 305.89794922 299.18177948 253.15638834
v 325.19076538 264.06111203 269.12392763
v 326.79830933 299.18178319 225.53352552
v -475.20986938 -147.78482152 44.83057553
v -462.37637329 -188.07366342 3.14099945
v -460.34237671 -188.07366883 43.42819972
v -477.30792236 -147.78481593 3.24211007
v 61.33073807 435.9293985 222.81493132
v 80.51742554 435.92939933 216.62189259
v 248.38893127 389.90140807 -176.44656633
v 275.65649414 362.34229906 -195.81741898
v 215.58097839 -362.34217672 -260.48856516
v 259.14743042 -332.02601535 -262.68768821
v 237.46429443 -362.34217938 -240.70830766
v 235.26515198 -332.02598193 -284.27267892
v -265.13424683 -414.49299125 -44.89580611
v 82.51236725 479.80992953 -70.19315518
v 53.26187897 487.25453552 -37.83366584
v 88.31602478 479.80992853 -62.73489585
v 49.76247025 487.25453613 -42.33103736
v 489.24453735 64.14821055 82.8446179
v 483.84527588 21.43742701 126.12972879
v 492.99719238 21.43743846 83.48022463
v 480.16268921 64.14819723 125.16979651
v 481.76925659 -106.37151306 81.57934388
v 480.16268921 -64.14828428 125.16976401
v 472.82553101 -106.37152629 123.25689372
v 489.24453735 -64.14827096 82.84458541
v 303.6987915 -332.02610932 209.5908143
v 305.89794922 -299.18190854 253.1562164
v 284.27587891 -332.02611277 235.26279524
v 411.74804688 -147.78472202 -241.46297851
v 389.13601685 -147.78471732 -276.43000307
v -304.32339478 -147.78492594 367.7257366
v -343.15222168 -106.37158698 347.84839299
v -335.21551514 -147.78492219 339.8025503
v -311.52844238 -106.37159845 376.43219328
v -281.84152222 64.14812103 408.39034498
v -284.00363159 21.43734288 411.52339578
v -267.72177124 414.49299389 25.25669812
v -303.32843018 389.90135 28.61595908
v -268.90393066 414.49299704 1.82690175
v -25.12447166 -468.71381005 148.38723053
v -48.31105804 -454.04963094 185.33518351
v -37.96097565 -468.71380968 145.63256143
v -31.97314072 -454.04963141 188.84060026
v -253.15257263 299.18174187 305.89572065
v -225.52966309 299.18173906 326.79504244
v 316.36914062 64.14835697 -382.27292752
v 281.84854126 64.1483681 -408.39133482
v 311.53543091 106.37159845 -376.43219328
v 323.70529175 -299.18178259 -229.94981565
v 364.11767578 -264.0611195 -213.53182749
v 342.51461792 -299.1817865 -200.86250586
v 344.1211853 -264.06111534 -244.45292323
v 21.8242569 -490.99159078 -0.62375411
v 65.32862854 -487.25553746 -0.44357765
v 21.8332653 -490.99159084 -0.14829151
v 21.80624008 -490.99159071 -1.10021771
v 431.2260437 -147.78474222 -204.6581702
v 433.42416382 -188.07361083 -161.09378501
v 417.7338562 -188.07360584 -198.25595415
v 447.42178345 -147.78474738 -166.29684339
v -276.9987793 -389.90130628 -126.88456953
v -293.96533203 -362.34218927 -167.06965356
v -264.88598633 -389.9013031 -150.54258874
v -307.40744019 -362.3421928 -140.8131237
v 6.87970114 -490.99158808 -20.71930736
v 16.48205376 -487.25552903 -63.2136482
v 5.9698143 -490.99158804 -20.99957888
v 5.50936604 -490.99158802 -21.12470094
v 6.42625952 -490.99158806 -20.86444705
v 123.87065125 468.71274103 85.48631951
v 83.45729065 479.80991082 69.0673381
v 115.94893646 468.7127091 95.95650348
v 89.15984344 479.80991183 61.531011
v -460.8899231 188.07366799 -37.16910951
v -470.61938477 147.78484146 -79.69049103
v -475.77441406 147.78482065 -38.37028675
v -455.89605713 188.07368863 -77.19705461
v 455.90408325 -188.07368863 77.19905351
v 429.5854187 -226.93047298 111.98488999
v 437.71032715 -226.93046789 74.11904656
v 447.44082642 -188.07369393 116.64042789
v -260.48773193 362.34230172 -215.57863351
v -284.27288818 332.02516673 -235.26279524
v -324.72827148 188.07357299 329.17332333
v -338.12634277 226.93035825 287.66093983
v -352.18203735 188.07357696 299.61854529
v -311.76867676 226.93035443 316.03654921
v 437.71032715 226.93041745 74.11918384
v 408.45986938 264.06113388 106.47868479
v 429.5854187 226.93041237 111.98602672
v 416.18637085 264.06116924 70.47365062
v 318.51422119 -362.342288 113.48530662
v 287.00753784 -389.9013981 102.25938167
v -327.18667603 -362.34223078 -85.29209136
v -318.51022339 -362.34219647 -113.48452661
v -20.99745178 -490.99159006 -5.96595236
v -20.86232185 -490.99159 -6.42239613
v -154.66464233 -226.93032573 -416.12492469
v -122.7035141 -188.07354206 -445.81281519
v -117.80674744 -226.93030887 -428.02150021
v -161.09190369 -188.07354373 -433.42176336
v -128.5552063 -332.02597366 -345.88064801
v -105.36763 -299.18173154 -382.82757226
v -97.92037201 -332.02597233 -355.76825143
v -138.33274841 -299.18173297 -372.18722228
v -20.10858727 -490.991592 8.49111511
v -20.2897625 -490.99159194 8.05068544
v -372.1835022 299.1817949 138.33467597
v -406.96939087 264.06113314 112.01606863
v -382.82388306 299.18179933 105.37061154
v -428.01791382 -226.93047376 117.81055813
v -415.18341064 -264.06118893 76.11997992
v -406.96841431 -264.06122427 112.01590612
v -436.65731812 -226.93046869 80.0578281
v 326.0055542 -362.34223018 -89.72941573
v 362.95251465 -332.02607222 -66.54184379
v 332.58493042 -362.34223404 -60.97443472
v 355.77154541 -332.02603749 -97.92136694
v 49.75946808 -487.25553183 -42.33033288
v 88.31402588 -479.81091875 -62.73317847
v 53.25987625 -487.25553244 -37.83195428
v 82.51036835 -479.81091775 -70.1914378
v -53.25587082 487.25452536 37.83495644
v -49.75646591 487.25452475 42.33233178
v -101.53489685 -479.81093225 37.74057297
v -62.98134232 -487.25553985 17.33672212
v -61.23064041 -487.25554058 22.75999883
v -104.43772888 -479.81093104 28.74682557
v -6.13297367 487.25453918 -65.03913214
v -0.73271364 479.80996517 -108.32424976
v -10.17090702 479.80996511 -107.84779409
v -0.440429 487.25453922 -65.32741643
v 166.29997253 147.78466383 447.41837002
v 129.67030334 106.37135488 471.1043988
v 170.23681641 106.37135664 458.01067977
v 126.67138672 147.78466211 460.20981245
v -132.86741638 -414.49305922 233.7933323
v 77.56755066 435.92951872 -217.69466664
v 58.29878616 435.92951952 -223.62743622
v 93.69025421 -414.49306167 252.06412941
v 61.33073807 -435.93052649 222.81365451
v 80.51642609 -435.93052566 216.62063104
v 71.36450958 -414.49306264 259.27013807
v -344.11416626 -264.06124207 244.45375254
v -342.50759888 -299.18190151 200.86233391
v -364.10964966 -264.06123791 213.53067315
v 398.86547852 -188.07360105 -233.90963946
v 248.38793945 -389.90129962 -176.44679317
v 262.82098389 -389.90130262 -154.12707653
v 28.75100327 479.80987555 104.44375596
v 27.14344025 468.7127021 148.03516838
v 39.94190598 468.7127025 145.10632022
v 19.53702927 479.80987527 106.55281045
v -90.16582489 -21.43731875 -491.81550729
v -46.60139084 -64.14809427 -494.01363307
v -89.47915649 -64.1481027 -488.07186081
v -46.95874023 -21.43731603 -497.80131641
v -152.73977661 -414.49305754 221.32320944
v -147.33850098 -435.93052047 178.03709049
v -131.260849 -435.93052211 190.20092369
v -171.44699097 -414.49305564 207.16743295
v -27.17747116 362.34213592 337.03104301
v -50.86454391 389.90125244 300.40241637
v -56.44898224 362.34213641 333.3804694
v -24.48985481 389.901252 303.69260791
v -82.50436401 -479.81093661 70.19215573
v -53.25387192 -487.2555426 37.83366584
v -49.75345993 -487.25554321 42.33004173
v -88.30801392 -479.81093561 62.73489585
v 203.49220276 -106.37136612 -444.23626618
v 235.85272217 -147.78468345 -414.98581498
v 198.78562927 -147.78466564 -433.96225476
v 241.43516541 -106.37136873 -424.81036352
v 21.82726097 490.99159094 -0.62345945
v 21.83626938 490.99159088 -0.14699581
v 402.00558472 188.07360178 228.47134618
v 365.37689209 226.93036302 252.15740101
v 380.56365967 188.07358193 262.6385966
v 385.96392822 226.93038268 219.35347757
v -244.45210266 264.06128598 -344.11775059
v -224.57373047 226.93055516 -382.94554356
v -257.09542847 226.93055233 -361.91505722
v -213.52998352 264.06128866 -364.11420987
v -88.11182404 -106.3713536 -480.61465238
v -45.88869476 -106.37135281 -486.46536019
v 158.21611023 332.02496826 333.3604458
v 138.33773804 299.18173297 372.18722228
v 170.24882507 299.18173478 358.71511581
v 128.56022644 332.02496658 345.88064801
v -433.96170044 -147.78474301 -198.78346032
v -402.0015564 -188.07360178 -228.47035436
v -420.38449097 -188.07360661 -192.56341895
v -414.98519897 -147.78472277 -235.84850727
v 417.7338562 188.07372015 -198.25584258
v 431.2260437 147.78487351 -204.65806945
v -130.84443665 468.7127625 -74.36220865
v -89.15383911 479.80992837 -61.52871913
v -123.86565399 468.712764 -85.48403444
v -94.17772675 479.80992729 -53.52493141
v -184.65885925 454.04956869 50.82859244
v -227.30841064 435.92945336 41.67567818
v -222.81202698 435.92945072 61.32879945
v -291.66708374 -362.34229574 171.04730874
v -275.24810791 -389.90140191 130.63499868
v -262.81497192 -389.90140507 154.12785677
v -305.46450806 -362.34229223 144.97594428
v -353.24407959 64.1483448 -348.48005147
v -321.52816772 64.14835638 -377.94071331
v -95.95246124 468.71270642 115.94595134
v -122.11093903 454.04952518 147.55469768
v -85.48226166 468.71270535 123.86865767
v 85.29608154 362.34234723 -327.1912243
v 123.84963226 332.02521234 -347.59409022
v 93.08366394 332.02521361 -357.06628838
v 113.48854065 362.34234607 -318.51178123
v -43.42529678 188.0738164 -460.34685228
v -3.0119338 226.93057861 -443.92784128
v -3.13805652 188.07381667 -462.3798112
v -41.69160843 226.93057835 -441.97697465
v 2.07301903 -389.90145581 304.6713239
v -21.61405373 -414.49306382 268.04165266
v 1.82978225 -414.49306393 268.90551372
v -24.48885345 -389.90145568 303.69134347
v 488.61590576 106.37148728 -3.31819667
v 487.04638672 106.37147393 39.28025205
v -257.28659058 -299.18174234 -302.42834406
v -244.45210266 -264.06107144 -344.11888967
v -229.94897461 -299.18173948 -323.70205549
v -273.51342773 -264.06107447 -321.50286261
v 416.12731934 226.93049397 -154.66541527
v 406.97640991 264.06122427 -112.01490667
v 428.02493286 226.93047376 -117.80955105
v 395.66540527 264.06122898 -147.06000282
v 209.50706482 106.37136649 441.43154825
v 247.1837616 106.37136917 421.49212633
v 204.66235352 147.78466601 431.22260031
v -100.15755463 -299.18195667 384.22272497
v -123.84362793 -332.02615838 347.59409022
v -93.07765961 -332.02615966 357.06531182
v -133.26379395 -299.1819553 374.03083079
v 353.24807739 64.14813671 348.48006871
v 323.99758911 21.43735082 380.83952842
v 355.95770264 21.43736053 351.15166322
v 321.53216553 64.14813275 377.94173763
v -58.29277802 435.92939839 223.62770595
v -48.31105804 454.0495201 185.33745701
v 311.53543091 -106.37138285 -376.4322829
v 343.15826416 -106.37139432 -347.84848261
v -239.10089111 -332.02598237 -281.05255574
v -195.81573486 -362.34217468 -275.65232196
v -219.09440613 -362.34217712 -257.53669148
v -213.69514465 -332.02597971 -300.82178114
v -21.76019478 490.9915911 -1.75455977
v -64.40973663 487.25453191 -10.90646549
v -65.11542511 487.25453115 -5.24996201
v -21.71715164 490.99159116 -2.22802066
v -21.52496529 490.99159135 -3.64439864
v -445.80923462 -188.07369474 122.70633802
v -454.80596924 -188.07368946 83.38407374
v 262.69085693 332.02500875 259.14322422
v 284.2769165 332.02501196 235.26300653
v 240.71244812 362.34217981 237.46215298
v -407.62405396 21.43737834 289.57073271
v -428.02789307 64.14816507 251.01524356
v -431.31112671 21.43738899 252.9410953
v -404.52200317 64.14815255 287.36559937
v 467.42529297 64.14818405 166.5420714
v 471.01077271 21.43741568 167.8192873
v -348.47640991 64.14813607 353.24471699
v -372.1625061 106.37139852 316.6170994
v -377.93710327 64.14814033 321.52883672
v -343.15222168 106.37139432 347.84848261
v -262.63479614 -188.07379042 380.56121048
v -283.03869629 -226.93054966 342.00770927
v -252.15361023 -226.9305528 365.3744382
v -294.8031311 -188.07378715 356.22252723
v -382.94198608 -226.93050336 224.57543179
v -398.85852051 -188.07372494 233.90952788
v -32.2754364 -487.25554515 56.79611331
v -37.10213852 -487.25554475 53.76717131
v 358.71740723 -299.18179062 -170.24673847
v -150.00912476 -468.71375797 -12.09791145
v -107.97116089 -479.81092601 -8.70661381
v -148.38352966 -468.71375622 -25.12658799
v 320.81149292 -332.02610566 182.32528179
v 335.48077393 -332.02610181 153.67141314
v -31.9160881 299.1817298 395.77917094
v -33.92904663 264.06106114 420.74144564
v 1.57853758 -490.99159379 21.77403836
v 1.10307443 -490.99159379 21.80306439
v -245.17480469 -64.1483712 431.40171001
v -277.53533936 -106.37160953 402.15222414
v -241.42915344 -106.37161258 424.8102739
v -281.84152222 -64.1483681 408.39032774
v -53.76536942 487.25453543 -37.10595514
v -56.79532242 487.25453478 -32.27926082
v -42.32923126 487.25453713 -49.75826794
v -15.20180702 490.99159297 -15.66809679
v -14.85647011 490.99159301 -15.99641729
v -14.50512886 490.99159305 -16.31672882
v -14.1457777 490.99159309 -16.62903045
v 462.38336182 -188.07366257 -3.13911045
v 460.34939575 -188.07365716 -43.42730802
v -469.49429321 -147.78484232 86.07770547
v -324.72827148 -188.07378352 329.17321175
v -363.55511475 -147.78490283 309.29388435
v -17.96750069 490.99159253 -12.39991797
v -18.97948647 490.99159231 -10.78734917
v -18.73925209 490.99159236 -11.19874899
v -18.49101067 490.99159242 -11.60514489
v -18.23376083 490.99159247 -12.0055336
v -461.88388062 -147.7847688 -120.40518999
v -435.56924438 -188.07361163 -155.19205182
v -447.43380737 -188.07363207 -116.63854056
v -449.63494873 -147.7847482 -160.20391757
v 1.75771201 -490.99158794 -21.76032104
v 2.23217416 -490.99158794 -21.71627654
v 260.49172974 -362.34230172 215.57863351
v 216.90127563 -389.90141311 213.97206248
v 234.72363281 -389.90141046 194.25288591
v 240.7114563 -362.34230466 237.46092646
v -21.27772522 -490.99159151 4.87059131
v -21.37882423 -490.99159145 4.40513865
v 300.82501221 332.02516383 -213.69680171
v -10.36809921 490.99158828 19.21384095
v -9.94668865 490.99158825 19.43605659
v -351.14801025 21.43735989 355.95534348
v -380.83493042 -21.43755996 323.99525581
v -351.14801025 -21.43756807 355.95533772
v -380.83493042 21.437368 323.99526157
v 184.66387939 -454.04956869 -50.82559027
v 227.31340027 -435.93046044 -41.67367546
v 188.39050293 -454.04957088 -34.5377414
v 222.81602478 -435.9304578 -61.32780382
v 376.43566895 -106.3715821 311.53204902
v 367.72915649 -147.78490216 304.32705713
v 402.1546936 -106.3715699 277.53900819
v 21.47892189 490.99159139 -3.93568223
v 64.26059723 487.25453202 -11.77931493
v 21.05450821 490.99159164 -5.79348909
v 21.17462349 490.99159158 -5.33204044
v 21.28673363 490.99159151 -4.86959043
v 21.38783264 490.99159145 -4.40413777
v 21.00345802 -490.99159166 5.96665775
v 20.86732483 -490.99159172 6.42410287
v -27.13843346 468.71280292 -148.03389802
v -14.13276577 468.71280316 -149.83664759
v -451.71496582 -21.43752616 214.38757828
v -431.31112671 -21.43753897 252.94108954
v -451.71496582 21.4374018 214.38758404
v -93.07765961 332.02496507 357.06552311
v -133.26379395 299.18173272 374.03200982
v -100.15755463 299.18173135 384.22292744
v -123.84362793 332.02496635 347.59527807
v 365.37689209 -226.93052233 252.15727899
v 325.19076538 -264.06124538 269.12379564
v 342.01013184 -226.93052648 283.04134166
v 22.76317024 487.25452221 61.23672719
v 37.74376297 479.80987594 101.54193874
v 17.33988953 487.25452198 62.98743285
v 264.50765991 414.4930038 -48.49305712
v 303.33447266 389.90135769 -28.61472325
v 299.68688965 389.90136122 -54.94233999
v 267.72775269 414.49300068 -25.25544805
v -234.72062683 389.90141046 -194.25288591
v -191.43545532 414.49305318 -188.85461314
v -216.89726257 389.90141311 -213.97206248
v -207.16677856 414.49305084 -171.45068307
v -212.75323486 -64.14810804 -448.28118224
v -170.23181152 -106.37135664 -458.01165633
v -172.87338257 -64.14810578 -465.11754641
v 122.11594391 -454.04952518 -147.5516917
v 105.69695282 -468.71371468 -107.13938731
v 95.95646667 -468.7137135 -115.94294536
v 134.51101685 -454.04952669 -136.34780414
v 15.20581055 -490.99159297 15.66809679
v 14.50813103 -490.99159305 16.31572746
v 42.33323288 -487.25554421 49.75726468
v 14.14878178 -490.99159309 16.628031
v 14.86047459 -490.99159301 15.99541593
v 76.12214661 264.06106189 415.18804007
v 41.69661331 226.93030699 441.97608958
v 80.05997467 226.93030771 436.66090422
v 1.82878125 414.49293064 268.90675425
v -18.57409286 435.92939749 230.35326114
v -21.61505318 414.49293076 268.04292371
v 1.5725317 435.92939739 231.09598267
v 469.50131226 147.78484232 -86.07670602
v 460.34939575 188.07366883 -43.42719645
v 475.21688843 147.78482152 -44.82957227
v 454.81298828 188.07368946 -83.38307429
v -417.72787476 -188.07372015 198.2568344
v -401.05764771 -226.93049876 190.34613914
v 175.79122925 -264.06106611 -383.762443
v 219.35566711 -226.93032978 -385.96058857
v 208.56915283 -264.06106836 -366.98012546
v 184.88308716 -226.93032741 -403.60975789
v 364.11767578 264.06123791 -213.53067315
v 401.06463623 226.93049876 -190.34412498
v 382.94900513 226.93050336 -224.57543179
v 381.34243774 264.06123354 -180.98300581
v 253.15957642 299.18194614 -305.89454162
v 269.12612915 264.06128343 -325.18830788
v -460.20526123 -147.78484778 126.66919578
v 200.92170715 435.9294131 114.1892255
v 157.63754272 454.04953039 108.78998953
v 190.20526123 435.9294108 131.26584692
v 166.51919556 454.04953229 94.63721139
v 64.5328598 468.71270373 135.96642795
v 52.4360733 468.71270304 141.07339189
v 46.45024109 479.80987643 97.86635598
v -6.42025328 -490.99159366 20.86515243
v -6.8736949 -490.99159364 20.72001274
v -303.6947937 -332.02602249 -209.5910256
v -260.48773193 -362.34218275 -215.57885295
v -278.2850647 -362.34218591 -192.05396667
v -284.2718811 -332.02601904 -235.26300653
v -89.47915649 64.14838644 -488.07184357
v -90.16582489 21.43760731 -491.81550153
v 86.07984924 147.78466086 469.49783704
v 88.11782837 106.3713536 480.6136453
v -59.39184952 487.2545341 -27.20532453
v -19.84833145 490.99159208 -9.09169912
v -19.64413452 490.99159214 -9.52311848
v -19.43292809 490.9915922 -9.94853255
v -19.21071243 490.99159225 -10.3709435
v 233.79571533 414.49294892 132.87341845
v 264.89102173 389.9013031 150.54458764
v 431.4052124 -64.14831566 245.17852608
v 411.52682495 -21.43754696 284.00734213
v 408.39379883 -64.14832821 281.8452271
v 434.71340942 -21.43753628 247.05937587
v -294.82116699 -389.90134352 -76.85488527
v 126.13285828 -21.43732172 -483.84175268
v 166.54521179 -64.14810547 -467.42379023
v 125.17292786 -64.14810376 -480.15920239
v 167.82145691 -21.43732536 -471.00724994
v -112.01410675 -264.06106299 -406.97301349
v -80.05497742 -226.93030771 -436.66090422
v -498.38943481 -21.4374519 -40.19411619
v -489.23651123 -64.14821055 -82.84361845
v -494.59576416 -64.14822395 -39.88782845
v -492.98919678 -21.43743846 -83.47822573
v 65.12142944 487.25452974 5.25225635
v 106.81003571 479.80991767 18.08674331
v 107.9801712 479.80991893 8.70961789
v 64.41574097 487.25452898 10.90875936
v 214.38983154 21.43732985 451.7185238
v 172.87838745 64.14810578 465.11656985
v 174.20367432 21.43732567 468.68403835
v 212.75723267 64.14810804 448.28118224
v -363.55511475 147.78471291 309.2939851
v -376.95513916 188.07358124 267.78260888
v -389.1289978 147.78471732 276.43101015
v 268.90991211 414.49299753 -1.82565204
v 304.67477417 389.90135412 -2.06889605
v -411.74105835 -147.78489372 241.46388484
v -441.427948 -106.3715455 209.50480031
v -431.21902466 -147.78487351 204.65907653
v -421.48754883 -106.37155057 247.18047346
v -408.39077759 64.14832821 -281.8452271
v -376.43164062 106.3715821 -311.53204902
v -382.27236938 64.14834048 -316.36680184
v -402.15170288 106.3715699 -277.53900819
v -212.75323486 64.14838109 -448.281165
v 253.31672668 -414.49300941 90.25568615
v 217.69703674 -435.93047646 77.56434612
v 244.48614502 -414.49304285 111.98983916
v 415.19042969 264.06118893 -76.11898047
v 441.97949219 226.93044827 -41.69449476
v 436.66433716 226.93046869 -80.05582157
v 420.24533081 264.06118403 -39.64349496
v 94.18173218 -479.81093437 53.52493141
v 123.86864471 -468.71377108 85.48403444
v 89.15783691 -479.81093545 61.52971858
v 130.84745789 -468.71376958 74.3632081
v -21.62406158 490.99159046 2.9980641
v -21.68412209 490.99159052 2.52560433
v 123.26005554 106.37162666 -472.82299809
v 160.20704651 147.7849522 -449.63543228
v 163.9997406 106.37162497 -460.28179979
v 120.40927887 147.78495385 -461.88836155
v 428.02493286 -226.93041158 -117.80968832
v 415.19042969 -264.06116848 -76.11914298
v 406.97540283 -264.06113314 -112.01606863
v 436.66433716 -226.93041666 -80.05595884
v -98.48492432 479.80992616 -45.11274985
v -282.66531372 299.18191199 -278.85322174
v -305.89395142 299.18190854 -253.1562164
v 7.60941172 490.99158811 20.46706242
v 7.16097498 490.99158809 20.62821811
v -1.5725317 490.99159379 -21.77603917
v -2.04799485 490.99159378 -21.73600011
v 77.20220184 188.0738158 -455.90050234
v 120.40927887 147.78495385 -461.88836155
v 79.69562531 147.78495502 -470.62383488
v 116.64261627 188.07381467 -447.43828339
v -21.43688011 -490.99159031 -4.11314919
v -21.34178734 -490.99159024 -4.5796032
v 40.19715118 -21.43731595 -498.39393724
v 83.48231506 21.43760747 -492.99366311
v 83.48231506 -21.43731859 -492.99366887
v 40.19715118 21.4376101 -498.39393148
v 304.67373657 -389.90135356 -2.06913005
v 268.04507446 -414.49300019 21.61790927
v 268.90890503 -414.49299704 -1.82590075
v 303.6947937 -389.90135713 24.4927122
v 141.77209473 -468.71376638 50.51300826
v 136.83027649 -468.71376801 62.67584201
v 180.42173767 -454.04958416 64.28239987
v 101.54190826 -479.81092211 -37.73986267
v 104.44473267 -479.81092332 -28.74611336
v -186.66381836 332.0252084 -318.30158024
v -170.24481201 299.18195324 -358.71390626
v -200.8616333 299.18195106 -342.51215511
v -158.21110535 332.02521043 -333.36023451
v -27.20349693 487.25452246 59.39593364
v -10.78550529 490.99158831 18.98261689
v -32.27743912 487.25452281 56.79840718
v -9.08985424 490.99158819 19.85146185
v -9.52127361 490.99158822 19.64826438
v -492.98919678 21.43748759 -83.47821997
v -483.83728027 -21.43742701 -126.12771463
v -483.83728027 21.43750095 -126.12770887
v -19.91839981 -490.99159206 8.92853976
v -20.22269821 -490.99158976 -8.21614063
v -20.03851891 -490.9915897 -8.65556895
v -0.44142997 -487.25552874 -65.32470923
v 8.71048355 -479.81085164 -107.97519657
v 5.25411797 -487.25552877 -65.11449653
v -0.73271364 -479.81085159 -108.32253238
v 3.1430614 188.07353984 462.37992277
v -35.68375778 226.93030692 442.50157174
v -37.167202 188.07354004 460.89447971
v 3.01793957 226.93030673 443.92900089
v -85.29007721 362.34213724 327.19043665
v -76.8528595 389.90125319 294.82597003
v 21.74017525 490.99159114 -2.04984737
v 21.69012642 490.9915912 -2.52330803
v 90.17182922 21.43731875 491.81352364
v 46.60539627 64.14809427 494.0126565
v 46.96474457 21.43731603 497.80131641
v 89.48516083 64.1481027 488.07088425
v -289.56802368 -21.43734341 -407.62859
v -289.56802368 21.43758264 -407.62858424
v 105.69795227 468.71279742 -107.14110767
v 114.63465881 468.71279613 -97.52073905
v 76.08110809 479.80993046 -77.11689151
v 39.64661789 -264.0612962 420.24180194
v 2.69962955 -299.18195839 397.05420647
v 37.29432297 -299.18195816 395.30854002
v 2.86979508 -264.06129645 422.09763684
v -287.00354004 -389.90130958 -102.25960852
v -244.48213196 -414.49295172 -111.98908079
v -253.3117218 -414.49298516 -90.25493541
v -20.62108612 -490.99159182 7.15781695
v -20.77223206 -490.99159176 6.70637759
v 117.80374146 -362.34234586 316.94024808
v 97.92537689 -332.02615948 355.76904722
v 89.73239899 -362.34234707 326.00109983
v 128.55921936 -332.02615815 345.88043671
v 470.62741089 -147.78484146 79.69248993
v 461.89089966 -147.78484693 120.40610395
v 356.22497559 188.07357761 294.80686943
v 316.03982544 226.93035501 311.7723892
v 329.17562866 188.07357359 324.73200878
v 342.01013184 226.93035887 283.04146367
v -16.19277191 -490.99158889 -14.63838925
v -15.86945629 -490.99158885 -14.98873008
v 135.96844482 468.71276118 -64.52864423
v 97.86832428 479.80992634 -46.44604753
v 244.45611572 -264.06128598 344.11775059
v 200.86564636 -299.18195106 342.51114803
v 229.95297241 -299.18194853 323.70084594
v 213.5349884 -264.06128866 364.11320279
v -45.87568283 -487.25554377 46.50610512
v -15.664258 -490.9915929 15.20364597
v -15.32893085 -490.99159295 15.54197432
v -16.62519264 -490.99159276 14.14661724
v 471.01077271 -21.43751228 167.81928154
v 454.59277344 21.43740262 208.23160891
v 454.59277344 -21.43752534 208.23160315
v 54.94551849 389.90125254 299.68470399
v 25.25860405 414.4929308 267.72462538
v 28.61787415 389.90125205 303.33222584
v 48.49623489 414.49293123 264.50547877
v -50.8235054 454.04963085 -184.66254559
v -34.53664017 454.04963135 -188.39016082
v -39.93690109 468.71280253 -145.1050346
v 300.49768066 264.06107784 296.44149262
v 257.29058838 -299.18194568 302.42814159
v 273.51739502 -264.06128294 321.50273062
v -13.54719543 490.99158856 17.12080627
v -13.17082882 490.99158852 17.41209082
v -384.21923828 299.18188798 -100.15936494
v 156.14509583 454.04962094 -110.91978078
v 199.35316467 435.92950518 -116.90661467
v 188.40551758 435.92950746 -133.83608797
v 165.21893311 454.04961906 -96.88813453
v 283.04571533 226.93054966 -342.00670219
v 316.94470215 -362.34219589 -117.79971964
v 345.88290405 -332.02603337 -128.55619255
v 21.44488716 490.99159031 4.11515095
v 21.52997017 490.99159037 3.6456943
v 133.83836365 -435.93052187 188.40017302
v 136.0375061 -414.49305897 231.96655014
v 116.90887451 -435.93052334 199.34781974
v 155.73669434 -414.49305726 219.22717069
v 63.21957397 487.25452823 16.48018079
v 20.57003593 490.99158988 7.32927838
v 61.54294205 487.25452749 21.92747866
v 21.1305809 490.99159012 5.50850723
v 21.00445938 490.99159006 5.96795412
v 20.8703289 490.99159 6.42539925
v 20.7251873 490.99158994 6.87783902
v 69.0692749 479.80993131 -83.45405713
v 45.88269043 487.25453669 -46.50610512
v 41.6555748 487.2545372 -50.32882456
v -39.64160919 264.0612962 -420.24180194
v -2.69362354 299.18195839 -397.05420647
v -2.8647902 264.06129645 -422.09763684
v -37.29032135 299.18195816 -395.30951658
v -259.26855469 414.4929877 71.36356338
v -299.67990112 389.90134646 54.94457718
v -293.75109863 389.90134298 80.85477832
v -264.50161743 414.49299077 48.4943091
v 148.03718567 468.71275616 -27.1392641
v 188.39349365 454.04958016 -34.53846625
v -191.52053833 -454.0495757 1.3021308
v -190.90493774 -454.04957345 -15.3961157
v 38.58658218 435.92952009 -227.85656205
v 67.83707428 414.49306277 -260.21606089
v 44.89873123 414.49306343 -265.13784417
v 58.29878616 435.92951952 -223.62743622
v -415.18341064 264.06116848 76.12014243
v -395.30404663 299.181839 37.29237062
v -420.23834229 264.06117338 39.6446493
v -390.55041504 299.18183439 71.60375174
v -113.48153687 362.34213841 318.51200067
v -126.88157654 389.90128611 277.00062274
v -140.81015015 362.3421399 307.40921785
v -102.25659943 389.90125424 287.00535262
v 367.72915649 147.78471357 304.32715788
v 392.85464478 147.78471804 271.11982259
v 282.66931152 299.18177602 278.85342421
v 445.81622314 -188.07363125 -122.70544252
v 469.50131226 -147.78477342 -86.07579206
v 454.81298828 -188.07363653 -83.38318587
v 460.21325684 -147.78476796 -126.66828182
v -21.12457657 490.9915916 -5.50620997
v -21.00045586 490.99159166 -5.96665775
v -145.87808228 454.04952833 124.10688354
v -156.13908386 454.0495301 110.92105483
v 361.91851807 -226.93036235 -257.0962131
v 382.94900513 -226.93038198 -224.57555381
v 239.76052856 264.06128642 -347.40595849
v 225.53567505 299.18194895 -326.79483997
v 471.10787964 -106.37145416 -129.66817697
v 458.01409912 -106.37144108 -170.23365104
v 467.42529297 -64.14829746 166.54202364
v 483.84527588 -21.43750095 126.12972303
v 407.63104248 21.43754962 -289.56975039
v 428.03491211 64.14831644 -251.0151958
v 431.31811523 21.43753897 -252.94011297
v 404.52902222 64.14832896 -287.36558213
v -157.63253784 454.04962066 -108.78870785
v -178.03640747 435.92950927 -147.34222154
v -190.20126343 435.92950711 -131.26458537
v -147.55171204 454.04962245 -122.11267438
v -252.93936157 21.43758964 -431.3146491
v -252.93936157 -21.43733641 -431.31465487
v 207.17077637 414.49294373 171.45094704
v 221.32658386 414.49294625 152.74374858
v 178.04141235 435.92940864 147.34349835
v -278.84960938 -299.18194302 282.6669118
v -321.50015259 -264.06124597 273.51506136
v -296.43771362 -264.06128012 300.49528505
v 395.78149414 -299.1818483 31.91996642
v 416.18637085 -264.06118817 70.47348811
v 391.49331665 -299.18185291 66.29241511
v 420.74481201 -264.06118326 33.93293913
v 98.4879303 -479.81093324 45.1137493
v -153.66767883 332.02496797 335.47751115
v -250.75723267 -389.90130007 -173.05748055
v -234.71963501 -389.90129722 -194.25311275
v 37.83685303 487.25452329 53.2599666
v 54.80237961 479.80990755 93.44506096
v 62.7381134 479.80990823 88.31407206
v 33.05119324 487.25452287 56.35497534
v 173.032547 -454.04956449 -82.12003042
v 141.07441711 -468.71375255 -52.43215576
v 135.96743774 -468.71375092 -64.52792332
v 179.53187561 -454.04956656 -66.72605665
v -481.76223755 -106.37146062 -81.57739645
v -480.1546936 -64.14819723 -125.16779761
v -472.81851196 -106.37145502 -123.25495392
v -117.79873657 -362.34213862 -316.94046752
v -80.85175323 -389.90125334 -293.75391806
v -106.14538574 -389.90125444 -285.58900135
v -89.72639465 -362.3421374 -326.00229583
v 352.1890564 -188.07357696 -299.61756872
v 376.9621582 -188.07358124 -267.78260888
v 363.56210327 -147.78471291 -309.29297802
v -171.44798279 414.49293893 207.16868874
v -152.73977661 414.49293703 221.32448049
v -147.33950806 435.92940452 178.03935912
v -11.19690609 490.99158834 18.74338389
v -230.0750885 435.92945604 21.70624984
v -231.09208679 435.92945874 1.57065879
v 13.41106319 490.99158854 17.23191505
v 13.03269482 490.99158851 17.52119498
v -36.35440826 -479.81097141 102.04214548
v -27.20249557 -487.2555455 59.39264032
v -21.92235374 -487.25554579 61.53772845
v -45.10993576 -479.81097093 98.484681
v -176.44586182 389.90141773 -248.38555923
v -171.04560852 362.34234246 -291.6696801
v -195.81573486 362.34230979 -275.65210253
v -154.12611389 389.90141967 -262.81857265
v -13.91755581 490.9915886 16.82151467
v -45.8766861 487.25452419 46.50839899
v -41.64956665 487.25452368 50.33011517
v -14.28091049 490.99158864 16.51421412
v -14.63725758 490.99158868 16.19890842
v -14.98859882 490.99158873 15.87559376
v -15.33093262 490.99158877 15.5442711
v 147.34552002 -435.9304116 -178.03635314
v 162.30108643 -435.93041341 -164.51720382
v -65.32263184 -487.25553758 0.44328519
v -21.82625961 -490.99159082 -0.32746581
v -21.82726097 -490.99159088 0.14899775
v -21.79022408 -490.99159069 -1.27939201
v -65.11241913 -487.25553682 -5.251255
v -21.75819397 -490.99159062 -1.75385367
v -21.81324768 -490.99159075 -0.80392935
v -97.92037201 332.02521344 -355.76904722
v -60.97238922 362.34234796 -332.58145238
v -66.54081726 332.0252144 -362.95001621
v -89.7273941 362.34234707 -326.00207639
v 408.45986938 -264.06122353 106.47852228
v 418.19030762 -226.93049321 148.99990337
v 397.62527466 -264.06122826 141.67175838
v -441.97351074 -226.93044827 41.69449476
v -420.23730469 -264.06118403 39.64449441
v -41.69160843 -226.93030699 -441.97709666
v 323.70529175 299.18190542 -229.9496437
v -12.09578133 -468.71381026 150.01281031
v -15.39299297 -454.04963169 190.90860861
v 17.99152374 454.04951939 190.68366349
v 21.70814323 435.92939752 230.07999149
v 1.30326939 454.04951927 191.52648267
v 148.39054871 -468.71376297 25.127307
v 104.82510376 -479.81093085 27.32544272
v 106.80802917 -479.81092961 18.0854528
v 145.63485718 -468.71376469 37.96479855
v -233.79072571 -414.49294892 -132.87141955
v -200.91569519 -435.93042018 -114.1872266
v 250.76223755 -389.90140761 173.0572537
v 278.29006958 -362.34229856 192.05576139
v -209.50306702 106.37161481 -441.43145864
v -166.29397583 147.78495191 -447.41927635
v -204.65733337 147.78494973 -431.22249956
v 242.94363403 414.4930433 -115.29905078
v 252.06852722 414.49304039 -93.68702912
v 496.19830322 64.14824502 -3.36925873
v 498.39645386 21.4374519 40.19511564
v 500.0039978 21.43746348 -3.39529691
v 494.60375977 64.14822395 39.88983117
v -2.521456 490.99159377 -21.68595128
v 6.13797855 -487.25554626 65.03913214
v 0.73871952 -479.81097225 108.32325031
v 0.44643483 -487.2555463 65.3254099
v 10.17691231 -479.81097219 107.84678701
v -428.01791382 226.93041158 117.8106954
v -436.65731812 226.93041666 80.05796537
v -18.23075676 -490.99158925 -12.0038259
v -17.96449661 -490.99158919 -12.40021203
v 194.25721741 389.9014159 -234.72126831
v 188.85694885 414.49305353 -191.4361255
v 171.45399475 414.49305564 -207.16842477
v -215.57496643 -362.34230775 260.48932228
v -235.25914001 -332.02614988 284.27347471
v -471.00775146 21.43751228 -167.81928154
v -454.58779907 -21.43740262 -208.23160891
v -471.00775146 -21.43741568 -167.8192873
v -454.58779907 21.43752534 -208.23160315
v 488.07339478 64.14827185 -89.48204398
v 486.46783447 106.37150063 -45.89061677
v 494.01620483 64.14825846 -46.60232285
v 480.61712646 106.37151394 -88.11469827
v -347.40539551 264.06124144 -239.75720424
v -325.18774414 264.06124538 -269.12379564
v -326.79431152 299.18190483 -225.53234649
v -287.36489868 -64.14812155 -404.52657558
v -321.52816772 -64.14813275 -377.94073055
v 20.29576874 -490.99158978 -8.0499791
v 20.1145916 -490.99158972 -8.49040782
v -16.92949104 -490.99159271 13.78026136
v -449.63494873 147.78486754 -160.20381682
v -420.38449097 188.07371939 -192.56330737
v -433.96170044 147.78487272 -198.78335957
v -435.56924438 188.07371437 -155.19194024
v -165.35507202 -299.18195355 360.99311151
v -153.66767883 -332.02615676 335.47729986
v -196.18908691 -299.18195142 345.20679613
v -398.85852051 188.07360105 233.90963946
v -411.74105835 147.78472202 241.46398559
v 28.75000191 -479.81097173 104.44247499
v 27.14243889 -468.71381 148.03289094
v 19.53702927 -479.81097201 106.54952295
v 39.94090652 -468.7138096 145.10404278
v -269.12011719 -264.06128343 325.18830788
v -253.15257263 -299.18194614 305.89454162
v 204.66134644 -147.78494973 431.22149248
v 198.2591095 -188.07379542 417.73137523
v 241.46618652 -147.78493185 411.74355736
v 219.09941101 362.34217712 257.53669148
v 239.10490417 332.02497529 281.05255574
v -3.13805652 -188.07353984 -462.37992277
v 35.69076538 -226.93030692 -442.50260934
v -3.0119338 -226.93030673 -443.92796329
v 37.17321014 -188.07354004 -460.89447971
v 87.1608963 -468.71380659 122.69423824
v 96.89137268 -454.04962824 165.21460924
v 110.92203522 -454.04962702 156.14078753
v -18.33085442 490.99158927 11.85668254
v -18.58510208 490.99158932 11.45429207
v -3.39330506 21.43761031 -500.0004988
v -3.39330506 -21.43731574 -500.00050456
v 39.28126144 -106.37135273 -487.04290534
v 82.8476944 -64.14810254 -489.24202678
v 81.58045959 -106.37135344 -481.76577539
v 39.89185333 -64.14809419 -494.60021142
v -37.73775864 -479.8108525 -101.53893276
v -22.75716591 -487.25552929 -61.23272176
v -44.82766342 147.78495564 -475.21431935
v -3.31623006 106.37162878 -488.61334179
v -45.88869476 106.37162849 -486.46527057
v -3.23915505 147.78495592 -477.31334882
v 126.8875885 389.90142158 -277.0003959
v 150.54663086 389.90141995 -264.88760334
v 11.85855007 490.9915884 18.33498622
v 12.25593758 490.99158843 18.07273152
v 64.28561401 -454.04952076 -180.41867971
v 79.76569366 -454.04952161 -174.12856457
v -93.68524933 -414.4929329 -252.06439338
v -71.3595047 -414.49293193 -259.27037152
v 215.58097839 362.34230775 -260.48834572
v -17.69223213 490.99159258 -12.7892965
v -17.40895653 490.99159263 -13.17266879
v -17.11767197 490.99159268 -13.5490354
v 64.28561401 454.04963028 -180.41939693
v 96.2457428 435.9295177 -210.106288
v 79.76670074 454.04962944 -174.13028887
v 56.45499039 -362.34213641 -333.37946232
v 76.85886383 -389.90125319 -294.82496295
v 50.87054825 -389.90125245 -300.40137877
v 85.29608154 -362.34213724 -327.19043665
v 45.89369965 -106.37162849 486.46426349
v 3.24415994 -147.78495592 477.31237225
v 44.8326683 -147.78495564 475.21331227
v 3.32223582 -106.37162878 488.61236522
v -320.80749512 -332.02602615 -182.32549308
v -335.47677612 -332.02603 -153.67061735
v 287.36889648 -64.14836759 404.52558178
v 247.1837616 -106.37161213 421.49203671
v 282.9786377 -106.37160902 398.34451553
v 251.01849365 -64.14837074 428.03144035
v 291.67410278 362.34229574 -171.04631692
v 318.30505371 332.0251602 -186.66449978
v -200.8616333 -299.18173695 -342.51235758
v -158.21110535 -332.02597534 -333.3604458
v -186.66381836 -332.02597736 -318.30179153
v -170.24481201 -299.18173478 -358.71511581
v 209.59414673 332.02520644 -303.69635613
v 235.26515198 332.02520383 -284.27347471
v 192.05807495 362.34231014 -278.28665444
v 482.08755493 -21.43742613 -132.68910051
v 491.81704712 21.4374904 -90.16772627
v 5.25411797 487.25453919 -65.11720373
v 8.71148491 479.80996513 -107.97592213
v -15.39399433 454.04951935 190.91088211
v -25.12347031 468.71270206 148.38952323
v -31.97414398 454.04951963 188.84287376
v -12.09578133 468.71270184 150.01508775
v 433.42416382 188.07371516 -161.09367344
v 48.31705856 454.04963094 -185.33619059
v -145.62983704 -468.71375449 -37.96307437
v -108.78495789 -454.04962722 157.63323438
v 190.91294861 454.04957345 15.39811746
v 227.86094666 435.92945377 38.58467487
v 230.35636902 435.92945646 18.57820582
v 188.84494019 454.04957123 31.97825129
v -10.78450394 -490.99159341 18.98031821
v -11.19590473 -490.99159338 18.74108711
v -311.76867676 -226.93053091 316.0364272
v 106.55478668 479.80992272 -19.53486223
v 149.83894348 468.71275441 -14.13461157
v 107.85205078 479.80992147 -10.17275432
v -19.5110054 -490.99159218 9.78837631
v -18.97748566 -490.99158941 -10.78664187
v -18.73725128 -490.99158936 -11.19804265
v -281.04876709 332.02501144 239.10274334
v -498.38943481 21.43747606 -40.1941028
v 65.04335785 487.25453127 -6.13482297
v -443.92437744 226.93044227 3.01700341
v -462.37637329 188.07366257 3.14111246
v -442.49902344 226.93044747 -35.68564868
v -213.96841431 -389.9014135 216.89892701
v -204.8164978 -414.49305122 174.24841247
v -188.85095215 -414.49305353 191.4361255
v -3.93383169 -490.99158798 -21.47304001
v -3.46437454 -490.99158796 -21.55311813
v -110.91703796 -454.04952403 -156.14106213
v -76.13015747 -468.71371163 -129.82244623
v -87.15589142 -468.71371259 -122.69251788
v -96.8863678 -454.04952281 -165.21387676
v 145.63685608 468.71274741 37.96507709
v 148.39154053 468.71274914 25.12758935
v 104.82810974 479.80991643 27.32673322
v -37.83184814 487.2545376 -53.25767273
v -54.79737473 479.80993266 -93.44377999
v -62.73310089 479.80993197 -88.31178401
v -33.04618835 487.25453801 -56.35268148
v 77.12011719 479.80990988 76.07815635
v 97.5249939 468.71270659 114.63266556
v 107.14335632 468.71270779 105.69598221
v 70.19737244 479.80990901 82.51041473
v 93.08366394 -332.02597215 -357.06649967
v 61.60900879 -332.02597125 -363.81909344
v -190.19926453 -435.93041788 -131.2648551
v -207.16677856 -414.49294373 -171.44995522
v -178.03541565 -435.93041572 -147.34149945
v -221.3205719 -414.49294625 -152.74174968
v -37.96097565 468.71270243 145.63483887
v -36.35541153 479.80987587 102.0444259
v -50.5102005 468.71270295 141.77207656
v -27.32261276 479.8098755 104.82512649
v -300.49368286 264.06127957 -296.44136062
v -213.69613647 332.02520606 -300.82156985
v -2.29423475 362.3423487 -338.11785966
v -2.50343847 332.02521521 -368.99090956
v 281.84854126 -64.14812103 -408.39135206
v 318.79550171 -21.43735024 -385.20479316
v 316.36914062 -64.14813217 -382.27294475
v 284.00964355 -21.43734288 -411.52339578
v -48.49123001 414.49306334 -264.50423823
v -28.61286926 389.90145563 -303.33102244
v -54.94051361 389.90145514 -299.68347007
v -25.25359726 414.49306378 -267.72439193
v -475.20986938 147.78480947 44.83066102
v -488.60891724 106.37148639 3.31926142
v -486.46084595 106.37147304 45.89168295
v -477.30892944 147.78481506 3.24319978
v 382.27532959 -64.14834048 316.36680184
v 356.22497559 -188.07374838 294.80675785
v 339.80599976 -147.78492157 335.21908488
v 329.17562866 -188.0737524 324.73189721
v 347.85180664 106.37139496 343.15591685
v 309.29626465 147.78469036 363.55875375
v 316.61938477 106.37138343 372.16714633
v 339.80599976 147.78469416 335.21918563
v -309.29324341 -147.78469036 -363.55979135
v -267.78182983 -188.07356657 -376.95780656
v -299.61682129 -188.0735699 -352.1847056
v -276.43023682 -147.78468692 -389.13266645
v 185.33952332 454.04956903 48.31514572
v 217.69804382 435.92944853 77.56560004
v 223.63082886 435.92945112 58.29585202
v 180.42375183 454.04956689 64.28368155
v -342.00610352 -226.93035887 -283.04146367
v -329.17163086 -188.07357359 -324.73200878
v -316.03482056 -226.93035501 -311.7723892
v -356.22097778 -188.07357761 -294.80686943
v -174.24671936 414.49305532 -204.82015825
v -197.42329407 389.90141554 -232.06167673
v -155.73268127 414.49305726 -219.22816251
v 12.64731884 490.99158847 17.80046705
v -208.56314087 -264.06128905 366.98100054
v -239.75352478 -264.06128642 347.40595849
v -219.34965515 -226.93055556 385.96144312
v -19.71920776 -490.99159212 9.36096143
v -20.91337013 -490.9915917 6.25193558
v -21.04449844 -490.99159164 5.79348909
v -20.45992851 -490.99159188 7.6062532
v -66.53981018 -332.02597136 -362.9502275
v -60.97238922 -362.34213652 -332.58167182
v -59.3898468 -487.25553387 -27.20461433
v -19.64213181 -490.99158958 -9.52141078
v -19.84533119 -490.99158964 -9.09099183
v -19.20770836 -490.99158947 -10.37023621
v -56.79231644 -487.25553318 -32.27754926
v -19.42992401 -490.99158952 -9.94782526
v 20.4048748 490.99158982 7.77571287
v -382.82388306 -299.18188868 105.37043959
v -390.55041504 -299.18185363 71.60357979
v -126.66737366 147.78495363 -460.21071879
v 15.67026329 -490.99158882 -15.20293868
v 15.99758244 -490.99158886 -14.85660137
v -162.29507446 -435.93051866 164.51794117
v 20.04452324 -490.99159202 8.65727665
v 61.5399437 -487.25554047 21.9251867
v 20.40287399 -490.9915919 7.77441649
v 20.56803322 -490.99159184 7.32698113
v 20.22870255 -490.99159196 8.21784833
v 141.77409363 468.71274572 50.51428625
v 98.4899292 479.80991404 45.11403845
v 136.83229065 468.71274409 62.67712
v 102.0473938 479.80991522 36.35952215
v 38.3743782 -147.78466002 -475.77997183
v 230.08210754 435.92946187 -21.70398694
v 191.52854919 454.0495757 -1.30012892
v 231.09809875 435.92945917 -1.56939616
v 190.68673706 454.04957794 -17.98736514
v -133.83334351 -435.9304102 -188.40044275
v -117.79873657 362.34234586 -316.94125516
v -144.97421265 362.34234431 -305.46811103
v -441.97351074 226.93043707 41.69463203
v -422.09414673 264.06117832 2.86786947
v 355.95770264 -21.43756743 351.15165746
v 323.99758911 -21.43757714 380.83952266
v 3.17809558 490.99159376 -21.60086827
v 2.70563555 490.99159377 -21.66493039
v 14.13777065 -468.71381024 149.83464869
v 1.02499843 -468.71381033 150.49628502
v 460.28433228 -106.37153939 163.99753869
v 449.63894653 -147.78486754 160.2048239
v 154.13113403 -389.90141967 262.81759609
v 144.97822571 -362.34234431 305.46811103
v 130.63725281 -389.90142134 275.25170821
v 171.04960632 -362.34234246 291.6696801
v 77.11911774 -479.8109374 76.07687537
v 70.19537354 -479.81093827 82.50813431
v 42.33423615 487.25452376 49.75955855
v -385.20422363 21.43755736 -318.79316858
v -385.20422363 -21.4373706 -318.79317434
v -398.34100342 106.37141067 282.97635348
v -52.43106842 468.71280198 -141.07212153
v -66.7259903 454.04963016 -179.53052672
v 338.12033081 362.34224254 -2.29512441
v 303.6947937 389.90135055 24.49294667
v 337.03430176 362.34223858 27.18155486
v -395.65737915 -264.06122898 147.06000282
v -381.33444214 -264.06123354 180.98501997
v -416.12130737 -226.93049397 154.66642235
v -46.60039139 64.14839487 -494.01263927
v -3.36727977 64.14839516 -496.1947681
v -227.85194397 -435.93046085 -38.58267215
v -123.86364746 -468.71374811 -85.48431298
v -83.45028687 -479.8109179 -69.06433975
v -89.15283966 -479.81091891 -61.52800883
v -115.94192505 -468.71371618 -95.9534975
v -13.9165554 -490.99159312 16.81921599
v -14.27890778 -490.99159308 16.51091789
v -38.58057785 -435.93052717 227.85555497
v -58.29277802 -435.9305266 223.62543731
v 122.69750977 468.71276422 -87.15865596
v 93.44702148 479.80992746 -54.79916996
v 129.82745361 468.71276274 -76.13293002
v 12.00969696 490.99159331 -18.23559396
v 11.60930824 490.99159334 -18.49284378
v 212.75723267 -64.14838109 448.281165
v 170.23681641 -106.37162467 458.01059015
v 209.50706482 -106.37161481 441.43145864
v 172.87838745 -64.14838336 465.11655261
v 223.6288147 -435.93047387 58.29558992
v 185.33752441 -454.04958201 48.31386785
v 18.236763 -490.99159247 12.0055336
v 53.76937103 -487.25554251 37.10595514
v 18.49401283 -490.99159242 11.60514489
v -468.68048096 -21.43751504 174.20148347
v -468.68048096 21.43741292 174.20148923
v -88.11282349 106.37162771 -480.61355568
v 122.11694336 454.04962587 -147.55243944
v 147.34651184 435.92951339 -178.03808231
v -15.20080566 -490.99158876 -15.66639005
v -14.8554697 -490.99158871 -15.99470863
v -465.11300659 64.1481832 172.87523158
v -482.07955933 21.43742613 132.69010759
v -478.41098022 64.14819636 131.68013412
v 219.35566711 226.93055556 -385.96046655
v 252.15960693 226.9305528 -365.37343112
v 208.56915283 264.06128905 -366.98100054
v 8.05384445 490.99158813 20.29589505
v -227.85394287 435.92946414 -38.58241005
v -185.33251953 454.04958201 -48.3128684
v -223.62380981 435.92946679 -58.2935872
v -188.83894348 454.04957982 -31.97597779
v -190.90596008 454.04957759 -15.39584301
v -148.38653564 468.71275589 -25.12530428
v -150.01211548 468.71275414 -12.09763101
v -37.10413742 487.25452322 53.7684581
v -11.603302 490.99158838 18.49414111
v -12.00369167 490.99158841 18.23689129
v -12.39807606 490.99158845 17.97063115
v -480.61013794 -106.37151394 88.11570535
v -486.46084595 -106.37150063 45.89161622
v 147.06323242 264.06106451 395.66103268
v 117.81275177 226.93030887 428.02150021
v 154.66864014 226.93032573 416.12492469
v 112.01911163 264.06106299 406.97301349
v 374.03433228 -299.18189243 133.26757914
v 384.22625732 -299.18188798 100.16137147
v -347.84683228 106.37158635 -343.15582723
v -213.52998352 -264.06106875 -364.11434186
v -275.24810791 389.90130577 130.63621735
v -316.93768311 362.34219589 117.80172617
v -305.46450806 362.34219224 144.97616372
v -285.5871582 389.90130906 106.14939415
v 190.6847229 -454.04957311 -17.98763592
v 230.08110046 -435.93046312 -21.70424904
v -198.25511169 188.07379542 -417.73137523
v -161.09190369 188.07381278 -433.42165179
v -113.48153687 -362.34234607 318.51178123
v -85.29007721 -362.34234723 327.19021722
v 262.82199097 389.90140507 -154.12684969
v 131.68225098 -64.14838514 478.41446475
v 88.11782837 -106.37162771 480.61355568
v 129.67030334 -106.37162643 471.10430918
v 89.48516083 -64.14838644 488.07086701
v -361.9125061 226.93036235 257.09718966
v -382.94198608 226.93038198 224.57555381
v 481.76925659 106.37146062 81.57940298
v 154.66864014 -226.93055962 416.12480268
v 190.34840393 -226.93055759 401.06117404
v 161.09692383 -188.07381278 433.42064471
v 15.87746429 490.99158885 14.9917332
v 15.54514217 490.9915888 15.33506739
v -107.97316742 479.80992127 -8.70732793
v -106.80403137 479.80992253 -18.08445144
v 111.99208069 -414.49293392 -244.48300326
v 114.19122314 -435.93040852 -200.9186308
v 96.24474335 -435.93040729 -210.10556591
v 132.87442017 -414.49293536 -233.79260445
v -299.61682129 188.07378661 -352.18459402
v -276.43023682 147.78492882 -389.1325657
v -309.29324341 147.78492538 -363.5596906
v -267.78182983 188.07378994 -376.95769498
v 2.05400062 -490.99159378 21.73499875
v -160.20103455 147.78466353 449.63553303
v -155.19015503 188.07354344 435.5688275
v -391.48632812 -299.1818351 -66.29058053
v 147.55473328 -454.04962245 122.11267438
v 164.52024841 -435.93051836 162.298764
v 136.34980774 -454.04962411 134.50773163
v 178.04040527 -435.93051635 147.34222154
v -355.76452637 332.02503041 97.92337347
v -362.94552612 332.02506514 66.54384269
v 191.52755737 -454.04957535 -1.30040138
v 230.35437012 -435.93046853 18.57794372
v 190.91094971 -454.04957759 15.39684437
v 231.09710693 -435.93046583 -1.56865703
v 451.13241577 64.14817866 206.64709627
v 219.23052979 414.49304873 -155.73338319
v 231.96995544 414.49304608 -136.03422615
v -467.42227173 -64.14818405 -166.54106432
v -444.23669434 -106.37143661 -203.489021
v -460.28033447 -106.37144191 -163.99759779
v -451.12942505 -64.14817866 -206.64607393
v -318.78848267 -21.43757772 385.20579448
v -316.36212158 -64.14835697 382.27195095
v -284.00363159 -21.43758317 411.52339002
v -353.24407959 -64.14813671 -348.48006871
v 327.19268799 -362.3422537 85.292879
v 347.59759521 -332.0260978 123.84740141
v 357.06777954 -332.02609367 93.08146465
v -392.84963989 147.7848977 -271.11972184
v -356.22097778 188.07374838 -294.80675785
v -367.72619629 147.78490216 -304.32705713
v -380.55966187 188.07374406 -262.63848503
v 10.79051018 490.99159341 -18.98131957
v 10.3741045 490.99159344 -19.21254553
v -365.37289429 -226.93036302 -252.15740101
v -325.18673706 -264.06111203 -269.12392763
v -347.40539551 -264.06111597 -239.75634441
v -259.1394043 -332.02611646 262.68747692
v 216.90226746 389.90129458 213.97228933
v 191.44047546 414.4929414 188.85487711
v -18.58309937 -490.9915924 11.45299665
v -56.34788513 -487.25554196 33.04801003
v -18.82833862 -490.99159234 11.04359859
v -18.06559563 -490.99159251 12.25177325
v -17.7943325 -490.99159256 12.6431545
v -18.3288517 -490.99159245 11.85438671
v -97.51898956 468.71279843 -114.63038812
v -110.91803741 454.04962702 -156.14177935
v -124.10488129 454.04962564 -145.87980155
v -87.15689087 468.71279951 -122.69423824
v -471.1008606 106.37145416 129.66817697
v -469.49429321 147.78477342 86.07779096
v -480.61013794 106.37145974 88.11576445
v -460.20626831 147.78476796 126.66928127
v -316.93768311 -362.34228858 117.80150673
v -355.76452637 -332.02609432 97.92217799
v -325.99853516 -362.34225429 89.73019574
v -345.87588501 -332.02609844 128.55697308
v -188.39750671 -435.93051454 133.83608797
v -176.01644897 -435.93051667 149.74656411
v -219.223526 -414.49304873 155.73439027
v -242.93661499 -414.4930433 115.30005786
v -231.9629364 -414.49304608 136.03521797
v -97.51799011 -468.71371367 -114.62966721
v -124.10388184 -454.04952541 -145.87908433
v 196.19509888 299.18195142 -345.20679613
v 165.36206055 299.18195355 -360.99411859
v -407.62405396 -21.43754962 289.57072695
v -227.30740356 -435.93047164 41.67541608
v -267.72076416 -414.49300068 25.25644941
v -230.07409668 -435.93046895 21.70498829
v -264.50064087 -414.4930038 48.49406039
v -136.82727051 468.71276093 -62.67684146
v -166.51419067 454.04961876 -94.63593734
v -174.12960815 454.04958624 -79.76247136
v -15.66625977 490.99158882 15.2059418
v -15.99457836 490.99158886 14.86060585
v 445.81622314 188.07369474 -122.70533094
v -282.66531372 -299.18177602 -278.85342421
v -262.68588257 -332.02601583 -259.14322422
v 122.69650269 -468.71374788 -87.15793505
v 114.63265228 -468.71371597 -97.51901868
v -130.63223267 -389.90128634 -275.25089746
v -154.12512207 -389.90128801 -262.81782293
v 307.41241455 362.3421928 140.81411552
v -97.86031342 -479.81093342 46.44604753
v -59.01348114 -487.25554128 28.01010737
v -93.43901062 -479.81093454 54.79916996
v 300.49768066 -264.06127957 296.44136062
v 282.66931152 -299.18191199 278.85322174
v 107.85004425 -479.81092581 -10.17304157
v 150.49958801 -468.71375945 -1.02113402
v 108.3265152 -479.81092708 -0.73485882
v 149.83694458 -468.71375769 -14.13489201
v -12.6413126 490.99159325 -17.79817027
v -13.77942181 490.99159314 -16.93332693
v -13.40605736 490.99159318 -17.23061772
v -13.02668858 490.99159321 -17.5188982
v 115.94692993 -468.713803 95.95422604
v 83.4562912 -479.81093646 69.06505768
v 1.5725317 -435.9305276 231.09369878
v 1.30427039 -454.04963177 191.52321735
v -18.57509422 -435.9305275 230.35199958
v -358.71038818 299.18179062 170.24773029
v -28.74399757 -479.81085211 -104.44175706
v -17.33288383 -487.25552906 -62.98342742
v 321.50616455 -264.06111144 -273.51415576
v 302.43154907 -299.18177892 -257.28744594
v 37.17321014 188.07381647 -460.89436813
v 35.69076538 226.93057842 -442.50248732
v -277.53533936 106.37137177 402.15231376
v -382.27236938 -64.14814103 -316.36681908
v -6.24908638 -490.99158805 -20.91649859
v -5.79064035 -490.99158803 -21.04762689
v 3.93983769 -490.99159375 21.47274404
v 3.47038031 -490.99159376 21.55382161
v -80.05497742 226.93057764 -436.6607822
v -83.38221741 188.07381566 -454.810445
v -18.83134079 490.99158938 11.04689481
v -136.82627869 -468.71375117 -62.6751211
v -141.76707458 -468.7137528 -50.51228354
v 360.99661255 299.18179127 165.35997411
v 366.98345947 264.06112017 208.56600734
v 383.76580811 264.06112457 175.78910722
v 345.2102356 299.18178713 196.19298087
v 19.72721481 490.99159212 -9.36096143
v 59.02249146 487.2545342 -28.01010737
v 19.92741013 490.99159206 -8.92853976
v 20.11759567 490.991592 -8.49111511
v 20.29776955 490.99159194 -8.05068544
v 20.46793556 490.99159188 -7.6062532
v 138.33773804 -299.18195505 372.18701982
v 112.01811218 -264.06129442 406.9728815
v 105.37263489 -299.18195648 382.82736979
v 147.06323242 -264.0612929 395.66090069
v 13.78442669 490.99158858 16.93562562
v 420.38848877 -188.07371939 192.56429919
v 385.96392822 -226.93050266 219.35335556
v 403.61312866 -226.93049803 184.87882366
v 148.03619385 -468.71375594 -27.13954645
v 176.4508667 389.90128995 248.38677789
v 31.98014832 454.04963141 -188.84159208
v 15.39899921 454.04963169 -190.91060751
v 145.10632324 -468.71375423 -39.93799648
v -176.44487 -389.90128995 -248.38477899
v -171.04560852 -362.34214201 -291.66989954
v 431.31811523 -21.43738899 -252.94011873
v 407.63104248 -21.43737834 -289.56975615
v 2.05400062 490.99158794 21.73829879
v 2.52646065 490.99158795 21.68824996
v -487.03936768 -106.37147393 -39.27824934
v 76.85886383 389.90145449 -294.82473611
v -38.36837006 147.78466002 475.77896475
v -77.19519043 188.07354071 455.90061391
v -79.68862152 147.78466071 470.62393563
v 174.13360596 454.04956481 79.76374541
v 130.84945679 468.71274252 74.36448609
v -125.16591644 -64.14838538 480.15918515
v -167.81546021 -21.4376007 471.00724418
v -166.53820801 -64.14838367 467.42175883
v -126.12584686 -21.43760433 483.84174692
v -287.36489868 64.14836759 -404.52655835
v -247.17875671 106.37161213 -421.49203671
v -251.01449585 64.14837074 -428.03244743
v -282.97363281 106.37160902 -398.34555313
v 227.8589325 -435.93047122 38.5834095
v 188.84294128 -454.04957982 31.97697724
v 93.08366394 -332.02597215 -357.06649967
v 113.48753357 -362.34213841 -318.51102411
v 85.29608154 -362.34213724 -327.19043665
v 123.84963226 -332.02597343 -347.59430151
v -336.62689209 362.34223797 31.75800887
v -367.36383057 332.02506943 34.6578193
v -332.57894897 362.34223404 60.97543417
v 6.25409174 -490.99159367 20.91720207
v 5.79564476 -490.99159369 21.04833228
v -3.64254785 490.99158797 21.52809372
v -16.47604752 487.25452195 63.21765364
v -10.90462112 487.25452179 64.41382059
v -4.11100388 490.99158798 21.44301072
v -4.57745886 490.99158799 21.3489193
v -5.04291201 490.99158801 21.24381677
v -5.50436163 490.99158802 21.12870447
v 29.66589546 -332.02597071 -367.80395658
v 27.1834774 -362.34213592 -337.03104301
v 444.23867798 106.37143661 203.49001282
v 414.98822021 147.78472277 235.84952961
v 424.81378174 106.37142388 241.43294365
v 433.96569824 147.78474301 198.78346032
v -31.75392914 362.3423485 -336.63144004
v -2.06601214 389.90145581 -304.6713239
v -467.42227173 64.14829746 -166.54101656
v -480.1546936 64.14828428 -125.16776511
v -271.11605835 147.78468642 392.85126373
v 46.51029968 487.25452428 45.88078594
v -70.1913681 479.80993119 -82.50813431
v 338.1343689 -226.93035825 -287.66093983
v -363.81536865 -332.02607289 -61.60603768
v -367.80026245 -332.02607718 -29.66296169
v -34.65275192 -332.02597077 -367.36752471
v -347.59356689 332.02515176 -123.84640196
v -374.03131104 299.18189243 -133.26657206
v -357.0617981 332.02508659 -93.07946575
v -21.2366848 -490.99159018 -5.04405498
v -21.12257385 -490.99159012 -5.50650499
v -21.52196121 -490.99159037 -3.64469318
v -421.48754883 106.37142311 247.18053256
v -431.21902466 147.78474222 204.65917728
v -441.427948 106.3714358 209.50485942
v 500.0039978 -21.43746257 -3.39530983
v 498.39645386 -21.43747606 40.19510225
v 124.10888672 454.0495254 145.88207506
v 136.35180664 454.04952693 134.51000513
v -71.60174561 299.18195752 -390.55390151
v -105.36862946 299.18195648 -382.82736979
v -16.81537819 -490.99158899 -13.91868942
v -16.50908089 -490.99158894 -14.28204218
v 200.86564636 299.18173695 342.5113505
v 180.98628235 264.06106643 381.33910324
v 213.5349884 264.06106875 364.11434186
v 497.80487061 21.43747697 -46.96068124
v -21.16661644 -490.99159158 5.33304132
v -9.51927185 -490.9915935 19.64496624
v -9.94568729 -490.99159347 19.43276036
v 38.37337875 147.78495572 -475.77987109
v 39.28126144 106.37162857 -487.04281572
v 81.58045959 106.37162786 -481.76568577
v -434.7104187 21.43753628 -247.05937587
v -411.52282715 -21.437381 -284.0073479
v -434.7104187 -21.43739169 -247.05938163
v -411.52282715 21.43754696 -284.00734213
v 480.61712646 -106.37145974 -88.11475737
v -230.34936523 435.92946145 -18.57694236
v -3.31623006 -106.37135252 -488.61343141
v -3.36727977 -64.14809398 -496.19478534
v 61.53193283 -479.8109152 -89.15488472
v 69.06726837 -479.81091597 -83.45233212
v 85.48626709 -468.71371243 -123.86465987
v 21.8312645 -490.9915909 0.32817209
v -147.54971313 -454.0495286 -122.11294898
v -157.63154602 -454.04953039 -108.787983
v 289.57305908 -21.43758264 407.62858424
v 252.94335938 -21.43758964 431.3146491
v -499.9960022 -21.43746348 3.39729892
v -496.19030762 -64.14824502 3.37126073
v -106.47470856 264.06106279 408.45647291
v -148.99613953 226.93032545 418.18693634
v -111.98207092 226.93030866 429.58201652
v -141.66899109 264.06106425 397.62291616
v 0.62761134 -490.99159379 21.82208447
v 0.15114722 -490.99159379 21.83109288
v 82.12398529 454.04952176 173.03148819
v 66.73099518 454.04952088 179.53080132
v 100.16355896 -299.18173135 -384.22393452
v 141.67498779 -264.06106425 -397.62291616
v 133.26980591 -299.18173272 -374.03200982
v 106.48071289 -264.06106279 -408.45647291
v -165.35507202 299.18173447 360.99331397
v -208.56314087 264.06106836 366.98113254
v -175.78521729 264.06106611 383.762443
v -196.18908691 299.18173659 345.20797516
v 228.47354126 188.0737933 -402.00310428
v -478.41098022 -64.14828515 131.68008636
v -465.11300659 -64.14829831 172.87518383
v -482.07955933 -21.43750184 132.69010183
v -39.88685226 -64.14839495 494.59921762
v -83.4763031 -21.43760747 492.99366311
v -82.84169006 -64.1483866 489.23999539
v -40.19215012 -21.4376101 498.39289388
v 207.16978455 -414.49305084 171.45068307
v 191.43946838 -414.49305318 188.85461314
v 285.59317017 -389.90130906 -106.14739525
v 275.25408936 -389.90130577 -130.63421845
v 56.35689163 487.25453488 -33.04801003
v -61.32573318 435.92951941 -222.81466159
v -71.36050415 414.49306264 -259.27114515
v -80.51242065 435.92951858 -216.62162286
v 321.53216553 -64.14835638 377.94172039
v 316.61938477 -106.37159788 372.16705671
v -8.70547962 479.80987507 107.97820256
v 0.73871952 479.80987503 108.32653781
v 76.13716125 468.71270455 129.82444513
v 192.05807495 -362.34217433 -278.28687388
v 194.25721741 -389.90129179 -234.72149516
v 173.05957031 -389.90128963 -250.75808519
v -9.3581152 490.99159351 -19.72404301
v -9.7865324 490.99159348 -19.51483929
v 59.39785385 487.25452679 27.20761649
v 18.98449135 490.99158941 10.78964499
v 56.80032349 487.2545261 32.28055142
v 19.85333824 490.99158964 9.09399495
v 19.65014076 490.99158958 9.52441295
v 19.43693161 490.99158952 9.95082838
v 19.21571732 490.99158947 10.37223892
v -1.56752682 -435.93040447 -231.09497559
v 21.62005806 -414.49293076 -268.04188612
v 18.5800972 -435.93040457 -230.35126223
v -1.82377648 -414.49293064 -268.90574717
v 167.82145691 21.4376007 -471.00724418
v 126.13285828 21.43760433 -483.84174692
v -397.05072021 299.18184365 2.69771438
v -367.80026245 332.02507807 -29.66176048
v -368.98641968 332.02507375 2.50753921
v -129.82044983 468.71274228 76.13521509
v -93.4420166 479.80991274 54.80146182
v -362.94552612 -332.02609011 66.5426472
v 116.90987396 435.92940165 199.35008837
v 360.99563599 -299.18189674 165.35879508
v 17.41296005 -490.99159263 13.17266879
v 17.12067604 -490.99159268 13.5490354
v 65.33062744 487.2545305 -0.44228422
v 21.76519966 490.99159062 1.75685655
v 21.83426666 490.99159082 0.32846681
v 21.82125473 490.99159075 0.80493035
v 21.79823303 490.99159069 1.28139401
v -0.14614235 490.99159379 -21.83209233
v 0.33032176 490.99159379 -21.83009152
v 0.80678588 490.99159379 -21.81807904
v 1.28324986 490.99159379 -21.7960587
v 1.75771201 490.99159378 -21.76202397
v -345.87689209 332.02502629 128.55718438
v -325.99853516 362.34223018 89.73041518
v -81.57545471 106.37135344 481.76577539
v -39.27625275 106.37135273 487.04290534
v 152.74577332 414.49305754 -221.32320944
v 132.87542725 414.49305922 -233.79234048
v -132.86943054 414.49293536 233.79359627
v -111.98607635 414.49293392 244.48500216
v -408.45285034 -264.06113388 -106.47667826
v -397.62231445 -264.06112915 -141.67192089
v -305.89395142 -299.18177948 -253.15638834
v 206.64929199 64.14838148 -451.12891271
v 166.54521179 64.14838367 -467.42377299
v 105.37263489 299.18173154 382.82757226
v 66.54582214 332.02496428 362.94925094
v 71.60675049 299.1817305 390.55511106
v 97.92537689 332.02496525 355.76925851
v -282.97363281 -106.37137228 -398.34564275
v -316.61437988 -106.37138343 -372.16613925
v 21.71915436 -490.99159116 2.23002267
v 21.66610336 -490.99159122 2.70248244
v 111.99208069 414.49306065 -244.48374637
v 31.75993729 362.34213597 336.63062188
v 34.65975952 332.02496369 367.36752471
v 60.9773941 362.34213652 332.58270942
v 421.49453735 106.37155057 -247.17946638
v 398.34802246 106.37157063 -282.9752873
v -460.34237671 188.07365716 43.42831129
v -454.80596924 188.07363653 83.38418532
v 31.75993729 -362.3423485 336.63040244
v 2.50944424 -332.02616126 368.98990248
v 2.29923964 -362.3423487 338.11685258
v 34.65876007 -332.02616104 367.36731342
v -46.95874023 21.43761002 -497.80131065
v -339.80200195 147.78492157 -335.21908488
v -316.61437988 106.37159788 -372.16604963
v -131.67825317 -64.148104 -478.41548907
v -129.66529846 -106.37135488 -471.10540588
v 192.56756592 -188.07356074 -420.38608876
v 228.47354126 -188.07356321 -402.00321586
v -198.78062439 -147.7849501 433.96117745
v -228.46754456 -188.0737933 402.00206668
v -192.56054688 -188.07379577 420.38497011
v -235.84571838 -147.78493229 414.98470715
v -147.05723572 264.0612929 -395.66187725
v -112.01410675 264.06129442 -406.9739191
v -138.33274841 299.18195505 -372.1880269
v 60.97839737 -362.34234796 332.58145238
v 66.54482269 -332.02616045 362.94903965
v 420.24533081 -264.06117338 -39.64364984
v 443.93139648 -226.93044227 -3.0150014
v 422.10113525 -264.06117832 -2.86586747
v 441.97949219 -226.93043707 -41.69463203
v 18.08861923 479.80996497 -106.80577905
v 37.96697998 468.7128026 -145.63456034
v 25.12947655 468.71280297 -148.38924469
v 27.328619 479.8099647 -104.82384552
v 39.89185333 64.14839495 -494.60019418
v 82.8476944 64.1483866 -489.24200955
v -13.02568722 -490.99158851 -17.51719145
v -12.64031219 -490.99158847 -17.79646352
v -222.81001282 -435.93047428 61.32754172
v -188.38548279 -454.04958016 34.53946952
v -184.65786743 -454.04958235 50.82731839
v 108.79096985 -454.04952383 -157.63350898
v -18.08261299 -479.81097205 106.80577905
v -27.32261276 -479.81097178 104.82284607
v -12.78745556 490.99158848 17.69636587
v -360.99359131 -299.18179127 -165.35797521
v -345.20623779 -299.18178713 -196.19195853
v 367.37084961 332.02507874 -34.65562055
v 395.31204224 299.18184902 -37.29119159
v 368.9934082 332.02507442 -2.50533808
v -2.29423475 -362.34213577 -338.1180791
v 24.49485779 -389.901252 -303.69157031
v -2.06701326 -389.90125187 -304.67054367
v 190.34840393 226.93032775 401.06129606
v 161.09692383 188.07354373 433.42075628
v 198.2591095 188.07356109 417.7314868
v -6.13297367 -487.25552878 -65.03743202
v -37.167202 -188.07381647 460.89436813
v -74.1151886 -226.93057778 437.70780975
v -35.68375778 -226.93057842 442.50144973
v -77.19519043 -188.0738158 455.90050234
v 382.8309021 -299.18179933 -105.36961209
v 390.55743408 -299.18183439 -71.60275229
v -402.15170288 -106.3714114 -277.53909781
v -392.84963989 -147.78471804 -271.11982259
v 449.63894653 147.7847482 160.20492465
v 460.28433228 106.37144191 163.99759779
v 3.64755297 490.99159375 -21.52679639
v 5.797647 490.99158803 21.05263178
v 6.25509262 490.99158805 20.92050211
v 343.15826416 106.37158698 -347.84839299
v 372.16952515 106.37158278 -316.6160027
v 335.22250366 147.78492219 -339.8035879
v 38.58558273 -435.9304049 -227.8558247
v 44.8997345 -414.49293115 -265.13707054
v 221.32557678 -414.49304833 152.74247753
v -156.13807678 -454.04962094 110.91978078
v -199.34516907 -435.93051226 116.90661467
v -165.21092224 -454.04961906 96.88913398
v 180.98628235 -264.06129098 381.33897124
v 4.40629196 -490.99159373 21.3816567
v 11.78347778 -487.25554615 64.25637154
v 17.33888817 -487.25554598 62.98513517
v 5.33619738 -490.9915937 21.17045027
v 4.87274599 -490.99159372 21.28155714
v -21.82826042 490.9915909 -0.32717109
v 472.82553101 106.37145502 123.25695282
v -9.78553104 -490.99158824 -19.51313445
v -9.35711479 -490.99158821 -19.72133681
v 333.36270142 332.02515638 -158.21282534
v -235.25914001 332.02497485 284.273686
v -278.84960938 299.18174499 282.66711426
v -259.1394043 332.02500827 262.68768821
v 372.19052124 299.18189311 -138.3335122
v 358.71740723 299.1818974 -170.24656652
v -86.07484436 147.78495487 -469.49874337
v 326.0055542 362.34225429 -89.72919629
v 293.75811768 389.90136471 -80.85255257
v 380.84194946 21.43755996 -323.99421821
v 377.94412231 64.14834118 -321.52881949
v 10.91062737 487.2545391 -64.4115229
v 5.51036692 490.9915937 -21.12640578
v 16.48205376 487.25453893 -63.21535595
v 4.11701012 490.99159374 -21.44171529
v 4.58346462 490.99159373 -21.34662062
v 5.04791689 490.99159371 -21.24251944
v 9.79053688 -490.99159348 19.51383793
v 9.36312008 -490.99159351 19.72304165
v 117.80374146 362.34213862 316.9414746
v 89.73139954 362.3421374 326.00229583
v 10.17691231 479.80987509 107.85007451
v 6.13897943 487.2545217 65.04143745
v -215.57496643 362.34217672 260.48954172
v -237.45828247 362.34217938 240.70931474
v -108.32151031 479.80992 0.73686076
v -150.49458313 468.71275237 1.02313602
v -107.84604645 479.80991873 10.17504333
v 232.06404114 -389.9012968 -197.42318711
v -216.89526367 -389.90129458 -213.97228933
v -191.4344635 -414.4929414 -188.85387003
v 461.89089966 147.7847688 120.40618944
v -21.92435646 487.25452217 61.54102177
v -5.96380901 490.99158804 21.00258104
v -6.42125463 490.99158806 20.86845248
v -6.87569714 490.99158808 20.72330897
v -7.32513475 490.9915881 20.56815952
v -82.11798859 -454.04952176 -173.02948929
v -64.52584839 -468.71371081 -135.96342197
v -31.9160881 -299.18195822 395.77896847
v -33.92904663 -264.06129627 420.74131365
v -271.11605835 -147.78492932 392.85018642
v -12.00168991 -490.99159331 18.2345926
v -12.3970747 -490.99159327 17.96733301
v -11.60130024 -490.99159334 18.49184433
v 367.37084961 -332.02607651 -34.65581659
v 395.31106567 -299.181839 -37.29137117
v 383.76480103 -264.06123284 175.78795289
v -44.89372635 414.49293115 265.13911522
v -38.58057785 435.92939782 227.8578236
v -213.96841431 389.90129418 216.89915385
v -194.25120544 389.90129179 234.72248698
v -489.23651123 64.14827096 -82.84358596
v -472.81851196 106.37152629 -123.25489482
v -481.76223755 106.37151306 -81.57733735
v 3.24516082 147.78465981 477.312473
v -302.42459106 299.18177892 257.28744594
v -321.50015259 264.06111144 273.51519335
v 126.67138672 -147.78495363 460.20971171
v 166.29997253 -147.78495191 447.41826927
v 245.18180847 -64.14811794 -431.40172725
v 277.5413208 -106.37137177 -402.15231376
v 110.9230423 454.04952403 156.14306103
v 15.39999962 -454.04951936 -190.90888321
v -1.2982645 -454.04951927 -191.52349195
v 102.26161194 -389.90125425 -287.00437606
v 76.85886383 -389.90125319 -294.82496295
v 94.18373108 479.80991291 53.52622383
v -380.55966187 -188.07358193 -262.6385966
v 43.43030548 -188.0738164 460.34685228
v 3.01793957 -226.93057861 443.92887888
v 41.69761658 -226.93057835 441.97596757
v 3.1430614 -188.07381667 462.3798112
v 21.79723167 -490.99159103 1.28009823
v 65.11842346 -487.25553823 5.25196425
v 21.76319695 -490.9915911 1.75556077
v 21.81925201 -490.99159097 0.80463569
v -358.71038818 -299.1818974 170.24755835
v 21.34779358 -490.99159148 4.58131043
v 21.24268913 -490.99159154 5.04576172
v 377.94412231 -64.14814033 -321.52883672
v 380.84194946 -21.437368 -323.99422397
v -77.11411285 -479.81091696 -76.07515799
v -107.13735199 -468.71371487 -105.69297623
v -175.78521729 -264.0612913 383.762311
v 214.38983154 -21.4375962 451.71851803
v 252.94335938 21.43733641 431.31465487
v 176.02345276 435.92950959 -149.74755593
v 204.82449341 414.49305122 -174.24841247
v 162.30209351 435.92951158 -164.51794117
v -147.05723572 -264.06106451 -395.66200924
v 293.75714111 -389.90134298 -80.85277942
v 86.07984924 -147.78495487 469.49773629
v 83.38722229 -188.07381566 454.80946844
v -395.30404663 -299.18184902 37.29219104
v -40.19215012 21.43731595 498.39289964
v -83.4763031 21.43731859 492.99366887
v -59.01648331 487.25452668 28.01239933
v -20.46293068 490.99158984 7.6075491
v -61.23364639 487.25452738 22.76129134
v -19.72220993 490.9915896 9.3622559
v -19.92140388 490.99158966 8.92983518
v -20.11158943 490.99158972 8.49340999
v -20.29176521 490.99158978 8.05298222
v 397.05773926 -299.18184365 -2.6967135
v 157.63554382 -454.04962066 108.78870785
v 289.57305908 21.43734341 407.62859
v 94.63817596 -454.04952263 -166.51514625
v -241.46218872 147.78493185 -411.74355736
v -5.50336027 -490.9915937 21.12540633
v -5.96380901 -490.99159368 21.00028426
v -122.10894012 -454.04962587 147.55243944
v -129.81944275 -468.71376982 76.13392947
v -122.69050598 -468.7137713 87.15865596
v -81.57545471 -106.37162786 481.76568577
v -39.27625275 -106.37162857 487.04281572
v 333.38272095 -362.34224982 56.45181553
v -190.34239197 -226.93032775 -401.06227262
v -180.98228455 -264.06106643 -381.33910324
v -224.57373047 -226.93033018 -382.94566558
v 434.71340942 21.43739169 247.05938163
v 204.82249451 -414.49294336 -174.24867644
v 219.23052979 -414.49294585 -155.73364716
v -3.23915505 -147.78465981 -477.31344956
v 96.89137268 454.04952281 165.21589092
v 99.09051514 435.92940039 208.78027909
v 20.23070526 490.99158976 8.21914375
v 20.04652596 490.9915897 8.65857111
v 50.51620483 468.71280208 -141.7708062
v 45.11594391 479.80996385 -98.48568045
v 62.68005371 468.71280141 -136.82898813
v 36.36141586 479.80996433 -102.04314493
v 355.77154541 332.02514828 -97.92217799
v 390.55743408 299.18185363 -71.60258034
v 382.8309021 299.18188868 -105.36944014
v 362.95251465 332.02508302 -66.54164775
v 48.31705856 -454.0495201 -185.33446628
v 77.56755066 -435.93040627 -217.69394455
v 58.2977829 -435.93040547 -223.62570704
v 107.9781723 -479.81092835 8.70832929
v 150.0151062 -468.71376122 12.09963182
v 17.52006531 -490.99158911 -13.02782221
v 17.80033684 -490.99158916 -12.6424472
v 16.93449402 -490.99158901 -13.77955406
v 16.63119888 -490.99158896 -14.14490954
v 17.23178482 -490.99158906 -13.40619058
v 368.9934082 -332.02608083 -2.50553745
v 367.80725098 -332.02608515 29.66376129
v -225.52966309 -299.18194895 326.79483997
v -82.84169006 64.14810254 489.24001262
v -39.88685226 64.14809419 494.60021142
v -300.49368286 -264.06107784 -296.44149262
v -287.66018677 -226.93033621 -338.13103088
v 107.14335632 -468.71380431 105.69469659
v 233.79571533 -414.49304566 132.87115558
v -126.66737366 -147.78466211 -460.21081953
v -166.29397583 -147.78466383 -447.4193771
v -12.24893093 -490.99158843 -18.06872799
v 18.08761787 -479.81085179 -106.80506112
v 10.90962601 -487.25552887 -64.4088157
v -21.16962051 490.99159014 5.33433722
v -21.04850197 490.99159008 5.79578635
v -488.06637573 64.14820966 89.48207648
v -491.81005859 21.43743565 90.16973093
v -304.66775513 -389.90135412 2.06989693
v 9.52527809 -490.99158822 -19.64426085
v 10.3731041 -490.99158828 -19.21084069
v 10.78950882 -490.99158831 -18.97961282
v 9.95169258 -490.99158825 -19.43205497
v 175.79122925 264.0612913 -383.762311
v -487.03839111 106.37149974 -39.27818261
v -494.59576416 64.14825756 -39.88778833
v -105.69194794 468.7127076 107.14138621
v -134.50601196 454.04952669 136.34980304
v 41.65357208 -487.25553076 -50.32610973
v 76.07910156 -479.81091682 -77.11617358
v 45.88169098 -487.25553127 -46.50539301
v -188.85095215 414.49294105 191.43738129
v -162.29608154 435.92940633 164.5202098
v -62.6730423 -468.71380849 136.82798105
v -50.50919724 -468.71380916 141.76979911
v 106.47971344 264.06129462 -408.457348
v 70.47564697 264.06129566 -416.18287264
v 100.16355896 299.18195667 -384.22373205
v -296.43771362 264.0610773 300.49541704
v 6.87970114 490.99159364 -20.72201355
v 7.33114052 490.99159362 -20.56586274
v 244.45611572 264.06107144 344.11888967
v 229.95297241 299.18173948 323.70205549
v 12.00769615 -490.99158841 -18.23288776
v 12.40207958 -490.99158845 -17.96662953
v 431.4052124 64.14816585 245.17857384
v -451.12942505 64.14830285 -206.64602618
v -424.80978394 106.37154979 -241.43288455
v -431.40219116 64.14831566 -245.17852608
v -444.23669434 106.3715447 -203.4889619
v -83.45328522 479.80992938 -69.06505768
v -90.2529068 414.49293273 253.31561404
v 287.66418457 226.93033621 338.13103088
v 273.51843262 264.06107447 321.50390021
v 102.04439545 -479.81093207 36.35822973
v -448.27664185 64.14817021 212.75502148
v -458.0071106 106.37144108 170.23365104
v -335.21551514 147.78469355 339.80265105
v 424.81378174 -106.37154979 241.43288455
v -7.60340595 490.99159361 -20.46476373
v -22.75716591 487.25453867 -61.23543277
v -7.15496922 490.99159363 -20.62591942
v -56.3508873 487.254526 33.04830118
v 12.64631748 -490.99159325 17.79817027
v 12.25393486 -490.99159329 18.06943338
v -115.9429245 468.71279592 -95.95422604
v 420.38848877 188.07360661 192.56441077
v 257.29058838 299.18174234 302.42834406
v 213.70014954 332.02497263 300.82178114
v -41.67259216 -435.93040498 -227.31129957
v -25.2525959 -414.4929308 -267.72358779
v -21.7021389 -435.93040461 -230.07799259
v -48.49023056 -414.49293123 -264.50346461
v -133.83436584 435.92951479 -188.40116484
v -96.8863678 454.04962824 -165.21460924
v -116.90486908 435.92951626 -199.34882682
v 90.25791931 -414.49293273 -253.31358462
v 67.8360672 -414.49293181 -260.21528726
v -116.63660431 188.07354184 447.43738788
v -120.40328217 147.78466189 461.88745522
v 268.04507446 414.49299438 21.61815798
v 100.16355896 -299.18173135 -384.22393452
v 66.29557037 -299.18173037 -391.49099359
v 402.1546936 106.3714114 277.53909781
v 115.30230713 -414.49306045 242.94024361
v -348.47640991 -64.14835307 353.24469975
v -101.53790283 479.80991503 37.74186539
v -145.10232544 468.71274715 39.9399992
v -141.06939697 468.71274547 52.43415466
v -104.44073486 479.80991624 28.74911553
v -372.18252563 -299.18189311 138.33450402
v -180.41873169 454.04958416 -64.28340695
v 83.38722229 188.07354085 454.80958001
v 44.8326683 147.7846601 475.21341301
v 43.43030548 188.07354011 460.34696386
v 25.12947655 -468.71370914 -148.38750907
v 27.328619 -479.81085206 -104.82212814
v 37.96697998 -468.71370951 -145.63283997
v 210.11065674 435.92941551 96.24276158
v -8.04783821 -490.99158813 -20.29189152
v -7.60240459 -490.99158811 -20.46205563
v -76.11714172 264.06129552 -415.18690099
v -15.53813457 -490.9915888 -15.33106387
v -403.60913086 -226.93038731 -184.87993749
v -366.98046875 -264.06112017 -208.56699917
v -383.7618103 -264.06112457 -175.7881154
v -385.95993042 -226.93038268 -219.35347757
v -69.06326294 479.80990889 83.4553381
v -76.07510376 479.80990974 77.11817248
v -145.10133362 -468.71376496 39.93872121
v -287.00457764 389.9013981 -102.25938167
v -244.48312378 414.49304285 -111.98883208
v -276.99981689 389.90140141 -126.88434268
v -253.3137207 414.49300941 -90.2546867
v -95.95146179 -468.71380569 115.94467335
v -134.50500488 -454.04962436 136.34752954
v -105.69094086 -468.7138045 107.14010822
v -20.77523613 490.99158996 6.70767349
v -20.91637421 490.99159002 6.25323148
v -17.11567116 -490.99158904 -13.54832906
v -46.44424057 479.80996377 -97.86407556
v -28.00828171 487.25453837 -59.01927684
v -150.49258423 -468.71375973 1.02285462
v -429.57843018 -226.93041237 -111.98402019
v -418.18630981 -226.93039214 -148.99903357
v -497.79785156 -21.43747697 46.96168451
v -494.00817871 -64.14825846 46.60432176
v -77.1151123 479.80993032 -76.07687537
v 27.328619 -479.81085206 -104.82212814
v -3.17208958 490.99158796 21.60316696
v 45.89369965 106.37135281 486.46435311
v 164.52224731 435.92940663 162.30004081
v 147.55671692 454.0495286 122.11494788
v 0.62761134 490.99158793 21.8253826
v 3.37228465 -64.14839516 496.19376102
v 332.58493042 362.34225043 -60.97521473
v 336.63388062 362.3422465 -31.75579053
v -123.25405121 106.37135465 472.82308771
v -125.16591644 64.14810376 480.15920239
v 460.89794922 -188.07366799 37.17111222
v 475.78143311 -147.78482065 38.37129002
v 11.45515728 -490.99159336 18.58593574
v 11.0457592 -490.99159339 18.83217444
v 252.15960693 -226.93033255 -365.37355314
v 262.64083862 -188.07356609 -380.5603455
v 357.06881714 332.02506158 93.08166069
v 374.03433228 299.18179558 133.26775109
v 384.22625732 299.18180003 100.16154342
v 347.59759521 332.02502693 123.84759744
v -342.00610352 226.93052648 -283.04134166
v -316.03482056 226.93053034 -311.77226719
v 441.43496704 -106.3714358 -209.50386759
v 465.12103271 -64.1481832 -172.87523158
v 448.28366089 -64.14817021 -212.75502148
v 106.55278778 -479.81092456 -19.53415003
v 170.24983215 -299.18195324 358.71390626
v 145.88308716 -454.04952833 -124.10488464
v -433.41714478 -188.07371516 161.09468052
v -64.27960968 -454.04963028 180.41939693
v -77.56054688 -435.9305258 217.69367482
v 448.28366089 64.1483113 -212.75497372
v 16.48205376 487.25453893 -63.21535595
v 21.92835808 487.25453871 -61.5387279
v 5.51036692 490.9915937 -21.12640578
v 5.9698143 490.99159368 -21.00228507
v 6.4272604 490.99159366 -20.86615379
v 53.7703743 487.25452546 37.10824901
v 37.83585358 -487.25554468 53.25767273
v 62.73710632 -479.81093905 88.31078456
v 11.78347778 487.25452181 64.25866922
v 3.93983769 490.99158797 21.47704354
v 3.47038031 490.99158796 21.55812302
v 2.99992204 490.99158795 21.62819137
v -8.65342903 -490.99159355 20.04135142
v -9.08885288 -490.99159353 19.84816371
v -7.77156973 -490.9915936 20.40070161
v -7.32513475 -490.99159362 20.56486138
v -8.2140007 -490.99159358 20.22653208
v -66.28856659 299.18173037 391.49099359
v -61.60300064 332.02496417 363.82007
v -188.39851379 435.92941046 133.83734952
v -231.96394348 414.49294849 136.03648902
v -219.22554016 414.49294585 155.73564606
v -199.34616089 435.92941273 116.9078686
v -437.70333862 226.93046789 -74.11704766
v -262.63479614 188.07356609 380.5603455
v -70.46963501 264.06106175 416.18300463
v 171.0506134 362.34214201 291.6708761
v 186.66882324 332.02497028 318.30279861
v 195.82073975 362.34217468 275.65232196
v 347.85180664 -106.37158635 343.15582723
v 353.24807739 -64.1483448 348.48005147
v 93.08366394 332.02521361 -357.06628838
v 85.29608154 362.34234723 -327.1912243
v 4.40829372 490.99158799 21.3859562
v -233.90882874 -188.07356363 -398.86310976
v 442.5039978 -226.93044747 35.68765139
v 95.95846558 468.71279861 -115.94467335
v 134.51200867 454.04962436 -136.34752954
v -180.98228455 264.06129098 -381.33897124
v 37.10814285 -487.2555303 -53.76545974
v 460.21325684 147.78484778 -126.66819633
v -176.01644897 435.92940832 149.74883274
v -204.8184967 414.49294336 174.24966826
v -2.50343847 -332.02597055 -368.99011377
v -252.06152344 414.49295418 93.68927673
v -242.93762207 414.49295128 115.30130602
v 335.48077393 332.02502292 153.67162443
v -316.36315918 64.14813217 382.27196819
v -318.78848267 21.43735024 385.20580024
v 435.57226562 -188.07371437 155.19194024
v -12.78545284 -490.99159324 17.69306583
v -13.16982746 -490.9915932 17.40979214
v -135.96243286 468.71274384 64.53092167
v -97.86231995 479.80991386 46.44833558
v 338.12033081 -362.34224193 -2.29534194
v 337.03326416 -362.34224589 27.18133924
v -3.1710887 -490.99159376 21.59986692
v -10.90362072 -487.25554618 64.41051582
v -3.64254785 -490.99159375 21.52479558
v -5.24911261 -487.25554627 65.11520483
v -2.22616839 -490.99159378 21.71698193
v -1.75170624 -490.99159378 21.76102452
v -2.69962955 -490.99159377 21.66392903
v 27.20950317 487.25453842 -59.39363978
v 7.77757549 490.9915936 -20.40170297
v 8.2210083 490.99159358 -20.22753153
v 8.66043568 490.99159355 -20.04335414
v 9.09585953 490.99159353 -19.84916507
v 144.97822571 362.34214016 305.46833046
v 442.5039978 226.93043788 35.68778867
v 443.93139648 226.93044308 -3.01486508
v -136.34480286 -454.04952693 -134.50800623
v 188.85694885 -414.49294105 -191.43638947
v 171.45300293 -414.49293893 -207.16769692
v 213.97441101 -389.90129418 -216.89814677
v -209.58813477 332.02497225 303.69656742
v 2.07301903 389.90125187 304.67155075
v 2.29923964 362.34213577 338.1180791
v 363.82235718 332.02506581 61.60703713
v 391.49432373 299.1818351 66.29258706
v 367.80725098 332.0250701 29.66396114
v 33.05019379 -487.25554509 56.35168202
v 11.85754967 -490.99159332 18.33268945
v 5.04791689 -490.99158801 -21.23981324
v 16.48205376 -487.25552903 -63.2136482
v 5.50936604 -490.99158802 -21.12470094
v 4.11600924 -490.99158798 -21.44000855
v 3.64755297 -490.99158797 -21.5240902
v 4.58246326 -490.99158799 -21.34491578
v 492.99719238 -21.43748759 83.48021887
v -17.98551941 -454.04951939 -190.68166459
v -34.53664017 -454.04951969 -188.38843652
v -217.69404602 435.92946938 -77.56333904
v 124.10888672 -454.04962564 145.88080863
v 149.74984741 -435.9305202 176.02013804
v -94.17573547 -479.81091999 -53.52321785
v -53.7633667 -487.25553254 -37.10524684
v -460.28033447 106.37153939 -163.99753869
v -126.12584686 21.43732172 483.84175268
v 126.13285828 21.43760433 -483.84174692
v 126.13285828 -21.43732172 -483.84175268
v 264.50662231 -414.49299077 -48.49330583
v 267.72677612 -414.49299389 -25.25569676
v -447.43380737 188.07369393 -116.63842899
v -67.83207703 414.49293181 260.21727091
v -76.07209778 -479.81093754 77.11689151
v -494.00817871 64.14822305 46.60436188
v 63.21757507 -487.25553974 16.47888828
v -21.596035 -490.99159043 -3.17323452
v -21.71315002 -490.99159056 -2.2283152
v -21.66009903 -490.9915905 -2.70177586
v 173.05957031 389.90141805 -250.75888068
v -250.75823975 389.90140761 -173.0572537
v 401.06463623 -226.93038658 -190.344247
v 3.37228465 64.14809398 496.19377826
v 3.39830995 21.43731574 499.99946697
v 14.9926033 -490.99158873 -15.87158928
v 15.33393574 -490.99158877 -15.54026662
v -8.92669487 490.99159354 -19.92323695
v -8.4892683 490.99159356 -20.11342059
v 316.03982544 -226.93053034 311.77226719
v -8.65442944 490.99158817 20.04464956
v -145.87709045 -454.04962272 124.10660894
v -114.62664795 -468.71380321 97.52073905
v 411.52682495 21.437381 284.0073479
v -80.85074615 389.90145435 -293.7546983
v -470.61938477 -147.78477427 -79.69057652
v -497.79785156 21.43744909 46.9616979
v -499.9960022 21.43746257 3.39731183
v -43.42529678 -188.07354011 -460.34794042
v -403.60913086 226.93049803 -184.87981548
v -366.98046875 264.06123725 -208.56584483
v -385.95993042 226.93050266 -219.35335556
v -383.7618103 264.06123284 -175.78795289
v -44.82766342 -147.7846601 -475.21442009
v 14.64326286 490.99159304 -16.19660973
v 320.81149292 332.02501907 182.32549308
v 303.6998291 332.02501541 209.59203268
v 293.97033691 362.34218927 167.07066064
v 21.12757874 -490.9915916 5.50721085
v -149.74485779 -435.93041187 -176.02040777
v -155.73168945 -414.49293731 -219.22743466
v -174.24572754 -414.49293925 -204.82042222
v -294.8031311 188.07356936 356.22263881
v -304.32339478 147.7846898 367.72681391
v 231.96893311 -414.49294849 -136.03348304
v 31.92209244 -299.1817298 -395.77819438
v -70.18936157 -479.81091609 -82.5064093
v -83.38221741 -188.07354085 -454.81055658
v -3.46537542 490.99159376 -21.55582433
v -303.32745361 -389.90135769 28.6157246
v -311.52844238 106.37138285 376.4322829
v 21.24569321 490.99159018 5.0470581
v -365.37289429 226.93052233 -252.15628717
v -12.25093269 490.99159329 -18.07043474
v -11.85354614 490.99159332 -18.3336908
v -11.45015335 490.99159336 -18.5869371
v -11.04275608 490.99159339 -18.8331758
v -190.34239197 226.93055759 -401.06215061
v -123.25405121 -106.37162666 472.82299809
v -173.05355835 -389.90141805 250.75888068
v -194.25019836 -389.9014159 234.72126831
v -80.5114212 -435.93040641 -216.62090077
v 21.60204124 -490.99159129 3.17494198
v 64.41274261 -487.25553899 10.90746685
v 21.526968 -490.99159135 3.64539976
v 348.48245239 64.14835307 -353.24469975
v -66.72499084 -454.04952088 -179.52880242
v -39.93690109 -468.71370958 -145.10331423
v -52.43106842 -468.71371012 -141.07040116
v -50.82450485 -454.04952019 -184.66080603
v -10.20894432 -490.99158827 -19.29492233
v -150.5406189 389.90128773 264.88883727
v 299.62084961 188.0735699 352.1847056
v 15.20781326 490.99158875 15.66939221
v 14.86247635 490.99158871 15.99871311
v 494.60375977 -64.14825756 39.88979104
v 496.19830322 -64.14824412 -3.36929742
v -86.07484436 -147.78466086 -469.49884412
v 50.33202362 487.25452484 41.65367427
v 17.97250557 490.99158919 12.40221379
v 17.69823837 490.99158914 12.79159233
v -458.0071106 -106.37154023 170.23359194
v -447.41378784 -147.78486836 166.29674264
v -471.1008606 -106.37152715 129.66811787
v -488.06637573 -64.14827185 89.48304343
v 245.18180847 64.1483712 -431.40171001
v -445.80923462 188.07363125 122.7064496
v -240.7074585 -362.34217981 -237.4611459
v 1.57853758 490.99158793 21.77733649
v 1.10307443 490.99158793 21.80736579
v 208.23382568 -21.43732947 -454.58931227
v 206.64929199 -64.14810766 -451.12892994
v 247.06164551 -21.43733595 -434.70997946
v 209.59414673 -332.02597933 -303.69559086
v -182.32159424 332.02496995 320.80823065
v -431.40219116 -64.14816585 -245.17857384
v -424.80978394 -106.37142388 -241.43294365
v -408.39077759 -64.1481533 -281.84524433
v -165.21191406 454.04953199 96.88940858
v 435.57226562 188.07361163 155.19205182
v 447.44082642 188.07363207 116.64053947
v 418.19030762 226.93039213 149.00002539
v 219.10041809 -362.34230736 257.53647204
v 213.70014954 -332.0261521 300.82156985
v 195.81973267 -362.34230979 275.65210253
v 239.10490417 -332.02614944 281.05234445
v -332.57794189 -362.34225043 60.97521473
v -293.75109863 -389.90136471 80.85455147
v -259.26751709 -414.49300688 71.36230759
v -299.67990112 -389.90136122 54.94333944
v 33.93505478 -264.06106114 -420.74144564
v -61.52692795 479.80990812 89.15788307
v -28.61286926 -389.90125205 -303.33124928
v -54.94051361 -389.90125254 -299.68268983
v -31.75492859 -362.34213597 -336.63062188
v -191.52255249 454.04957535 1.30140226
v 276.43325806 -147.78492882 389.1325657
v 309.29626465 -147.78492538 363.5596906
v 259.27453613 414.49300688 -71.36130814
v 227.31440735 435.92946456 -41.67441663
v 222.81802368 435.9294672 -61.32653845
v 117.81275177 -226.93057647 428.0213782
v 132.6932373 -21.43760409 482.08405655
v 90.17182922 -21.43760731 491.81351788
v 132.6932373 21.43732196 482.08406231
v 158.21611023 -332.02615647 333.35922743
v 108.3285141 479.8099202 -0.73457086
v -287.66018677 226.93054914 -338.13090886
v -185.33151245 -454.04956903 -48.313143
v 282.9786377 106.37137228 398.34460515
v -128.5552063 332.02521211 -345.88043671
v -21.80323601 490.99159071 1.10121871
v -21.77420807 490.99159065 1.57668125
v 224.57875061 226.93033018 382.94566558
v 257.09942627 226.93033301 361.91618632
v -417.72787476 188.07360584 198.25694597
v 17.80233955 490.99159256 -12.6431545
v 18.07460594 490.99159251 -12.25177325
v 18.33686066 490.99159245 -11.85538807
v 18.59110832 490.9915924 -11.45199529
v 18.83734894 490.99159234 -11.04459899
v -203.48620605 -106.37161519 444.23519999
v -140.81015015 -362.34234457 307.40899841
v -150.5406189 -389.90141995 264.88760334
v 21.77921295 490.99159107 -1.57438459
v 21.80924225 490.99159101 -1.09892193
v 37.11014557 487.25453767 -53.76717131
v 32.28344345 487.25453807 -56.79711658
v 11.20191097 490.99159338 -18.74108711
v 12.4040823 490.99159327 -17.96933573
v -11.85254478 -490.9915884 -18.3309827
v -11.44915199 -490.99158836 -18.58523036
v 208.78335571 435.92950279 -99.0862799
v 216.625 435.92946977 -80.51320619
v 173.0345459 454.04958656 -82.1207629
v 361.91851807 226.93052299 -257.09609108
v 344.1211853 264.06124207 -244.45276072
v 397.62631226 264.06112915 141.67292797
v 3.17709446 -490.99158796 -21.59816208
v 2.70563555 -490.99158795 -21.66222419
v -21.34478951 490.99159148 -4.57930819
v -21.43988228 490.99159141 -4.11285417
v 150.01712036 468.71275089 12.09891186
v 18.74525833 490.99158936 11.20004346
v 18.49601555 490.9915893 11.60744072
v 18.23876572 490.99158925 12.00783037
v 48.31705856 454.04963094 -185.33619059
v -61.32472992 -435.93040558 -222.81392424
v -1.09806955 -490.99158793 -21.80236091
v -0.62160546 -490.99158793 -21.82137908
v -41.67259216 435.92952001 -227.31203692
v -21.70313835 435.92952039 -230.07972176
v -21.81925201 -490.99159094 0.62446039
v -21.77020454 -490.99159107 1.57638647
v -21.80023384 -490.99159101 1.10092393
v 99.09051514 -435.9305246 208.77898702
v -8.21600246 490.99158814 20.22882886
v 9.5262785 490.9915935 -19.64596569
v 9.95269394 490.99159347 -19.43376172
v -38.36837006 -147.78495572 475.77886401
v -79.68862152 -147.78495502 470.62383488
v 345.88290405 332.02515239 -128.55598126
v -18.08261299 479.80987523 106.80805947
v -17.22577858 -490.99159266 13.40789828
v -17.51506042 -490.99159261 13.02852951
v -8.04883957 490.99159359 -20.29359636
v 197.42730713 389.90129214 232.06190357
v -2.99391603 490.99159377 -21.62589269
v -273.51342773 264.06128294 -321.50273062
v -13.40505695 -490.99158855 -17.22790962
v -20.56402969 490.99159184 -7.32698113
v -61.53694153 487.25453339 -21.92618805
v -20.39986992 490.9915919 -7.77441649
v -20.22570038 490.99159196 -8.21784833
v -20.04152107 490.99159202 -8.65627529
v -135.96043396 -468.71376826 64.52964368
v -19.51300621 490.99158954 9.79067309
v 37.96697998 -468.71370951 -145.63283997
v -166.53820801 64.14810547 467.42177607
v -167.81546021 21.43732536 471.00724994
v 372.16952515 -106.37139852 -316.61609232
v 348.48245239 -64.14813607 -353.24471699
v -66.28856659 -299.18195764 391.49079113
v -70.47063446 -264.06129566 416.18186556
v 125.17292786 64.14838538 -480.15918515
v -14.98659801 -490.99159299 15.87229562
v -41.64756393 -487.25554428 50.3278213
v -14.63625622 -490.99159304 16.19560837
v 458.01409912 106.37154023 -170.23260012
v 471.10787964 106.37152715 -129.66712605
v 25.25860405 -414.49306378 267.72335433
v 28.61787415 -389.90145563 303.33102244
v 197.42730713 -389.90141554 232.06167673
v 174.25071716 -414.49305532 204.82015825
v 176.44985962 -389.90141773 248.38455215
v 74.36643219 -468.71371149 -130.84443411
v 283.04571533 -226.93033569 -342.0068242
v 296.4437561 -264.0610773 -300.49541704
v 269.12612915 -264.06107398 -325.18746331
v 311.77670288 -226.93035443 -316.03654921
v 116.64261627 -188.07354184 -447.43839496
v 149.00312805 -226.93032545 -418.18794342
v 111.98807526 -226.93030866 -429.58201652
v 155.19517517 -188.07354344 -435.5698651
v 455.90408325 188.07363736 77.19916508
v 470.62741089 147.78477427 79.69257542
v 87.16189575 468.71270551 122.69551623
v -21.3818264 490.99159027 4.40643455
v -21.28172874 490.99159021 4.87188768
v -251.01449585 -64.14811839 -428.03246467
v -2.04799485 -490.99158794 -21.73429336
v -1.5725317 -490.99158793 -21.77433433
v -1.09806955 490.99159379 -21.8050671
v 48.49623489 -414.49306334 264.50423823
v 41.67759323 -435.93052709 227.31102984
v -144.97320557 -362.34214016 -305.46732338
v 3.32223582 106.37135252 488.61245484
v -329.17163086 188.0737524 -324.73189721
v -14.50212574 -490.99158867 -16.31402072
v -42.328228 -487.25553084 -49.75655638
v -14.14277554 -490.99158863 -16.62732561
v -46.50229263 -487.25553136 -45.87777996
v 15.67126465 490.9915929 -15.20364597
v 15.3359375 490.99159295 -15.54297568
v -496.19030762 64.14824412 3.37129943
v -460.8899231 -188.073658 -37.16922108
v -455.89605713 -188.07363737 -77.19716618
v -475.77441406 -147.78481034 -38.37037224
v -65.03735352 487.25452962 6.13711684
v -65.32462311 487.25453038 0.44457865
v 287.66418457 -226.93054914 338.13090886
v 299.62084961 -188.07378661 352.18459402
v 150.50059509 468.71275265 -1.02185362
v -141.06739807 -468.71376664 52.43387612
v -17.98651886 454.04963166 -190.68238181
v 408.39379883 64.1481533 281.84524433
v -64.52685547 468.7128013 -135.96415051
v -76.13215637 468.71280047 -129.82416659
v -363.81536865 332.02508236 -61.6048422
v -333.3767395 362.34224982 -56.45081608
v -155.19015503 -188.07381307 435.56871593
v -116.63660431 -188.07381467 447.43727631
v 1.02499843 468.71270177 150.49856246
v -10.36809921 -490.99159344 19.21154417
v 186.66783142 -332.02615445 318.30158024
v -448.27664185 -64.1483113 212.75497372
v -8.92469311 -490.99158818 -19.92153021
v -163.99473572 106.37135633 460.28088233
v -264.88702393 389.90140459 -150.54336897
v -233.79272461 414.49304566 -132.87115558
v -233.90882874 188.07379288 -398.86299819
v -1.2982645 454.04963177 -191.52521625
v 260.2194519 414.49298817 67.83412167
v 13.17483234 -490.99158852 -17.40908675
v 13.55119896 -490.99158856 -17.1178022
v 106.47971344 264.06129462 -408.457348
v 133.26980591 299.1819553 -374.03180735
v 141.67498779 264.06129317 -397.62278416
v 100.16355896 299.18195667 -384.22373205
v 97.522995 -468.71380551 114.63038812
v 53.52813721 479.80996327 -94.17949774
v 13.55320072 490.99159316 -17.11950895
v 33.93505478 264.06129627 -420.74131365
v -307.40841675 362.34229167 -140.81290426
v 120.40927887 -147.78466189 -461.8884623
v 163.9997406 -106.37135633 -460.28188941
v 160.20704651 -147.78466353 -449.63553303
v 123.26005554 -106.37135465 -472.82308771
v -82.11898804 454.04962929 -173.03020651
v -99.08551788 435.92951752 -208.78000936
v -61.53493881 -487.25553458 -21.9244784
v -20.39686775 -490.99158982 -7.77371063
v -20.56202698 -490.99158988 -7.32627574
v 433.96569824 -147.78487272 198.78335957
v -433.41714478 188.07361083 161.09479209
v -447.41479492 147.78474738 166.29785047
v 271.12307739 -147.78468642 -392.85126373
v 239.76052856 -264.06107099 -347.40609048
v 225.53567505 -299.18173906 -326.79406588
v 122.70851898 -188.07381445 445.81169653
v -136.34680176 454.04962411 -134.50873871
v -164.51725769 435.92951128 -162.298764
v -61.60400391 -332.02616056 363.81888215
v -29.65988922 -332.0261611 367.80374529
v 253.15957642 -299.18174187 -305.89474408
v 278.8565979 -299.18174499 -282.6661377
v 376.43566895 106.3713992 311.53213864
v 382.27532959 64.14814103 316.36681908
v 106.15039062 -389.90145325 285.58877451
v 262.68988037 -332.02611598 259.14301293
v -333.35568237 332.02502231 158.21404371
v -210.10565186 435.9295024 -96.2425071
v -107.13935852 468.71279723 -105.69469659
v -0.14514136 -490.99158793 -21.82938804
v 342.51461792 299.18190151 -200.86233391
v 385.20718384 -21.43755736 318.79316858
v 385.20718384 21.4373706 318.79317434
v 28.01428604 487.25452251 59.02057126
v 303.33447266 -389.90135 -28.61395827
v 18.07160187 -490.99158921 -12.25106691
v 18.58910751 -490.99158932 -11.451288
v 18.33485794 -490.99158927 -11.85368037
v 76.12214661 -264.06129553 415.18790807
v 71.60574341 -299.18195752 390.55490859
v 11.45615864 490.99158836 18.58923579
v 11.04776096 490.99158833 18.83547449
v 324.73431396 188.07378352 -329.17220467
v -37.82984543 -487.25553037 -53.25696062
v -11.04075336 -490.99158833 -18.83146906
v -414.98519897 147.78489296 -235.84840652
v -402.0015564 188.07372421 -228.47024279
v -18.48900986 -490.9915893 -11.6044376
v 2.52646065 -490.99159377 21.68595128
v 2.99992204 -490.99159377 21.62489133
v 11.20191097 -490.99158834 -18.73938036
v 11.60730553 -490.99158838 -18.49013759
v 284.00964355 21.43758317 -411.52339002
v 247.06164551 21.4375901 -434.7099737
v 131.68225098 64.148104 478.41448199
v 67.8360672 -414.49293181 -260.21528726
v -136.0335083 414.49305897 -231.96755722
v -1.01899242 468.71280325 -150.4972921
v 12.10178757 468.71280318 -150.01480921
v 13.78242397 -490.99159314 16.93332693
v 13.03169346 -490.99159321 17.51789684
v 13.41006184 -490.99159318 17.22961636
v 487.04638672 -106.37149974 39.28018532
v 122.70851898 188.07354206 445.81180811
v -262.81600952 389.90130262 154.12808361
v 17.99052429 -454.04963166 190.68238181
v 21.70714378 -435.93052747 230.07772286
v -37.73775864 479.80996426 -101.54065777
v -488.60891724 -106.37148728 3.31919755
v 19.07357788 490.99159229 -10.63019604
v -16.31489182 490.99158891 14.5072619
v -16.626194 490.99158896 14.14891306
v -252.0605011 -414.49304039 93.6880362
v -285.58514404 -389.90139862 106.14816786
v -260.21246338 -414.49298817 -67.83212277
v 54.94651794 -389.90145514 299.68347007
v 27.328619 479.8099647 -104.82384552
v 37.96697998 468.7128026 -145.63456034
v 156.14408875 -454.0495301 -110.91905593
v -20.72018242 490.99159178 -6.8765436
v 251.01849365 64.1481184 428.03145759
v -5.33019161 -490.99158802 -21.16974489
v 287.36889648 64.14812155 404.52559902
v 34.5426445 454.04951969 188.39043542
v 14.13777065 468.71270186 149.83692613
v 16.63220024 490.99159276 -14.14661724
v 16.00058556 490.99159286 -14.85831003
v 16.32089615 490.99159281 -14.50696784
v 174.20367432 -21.43760039 468.68403259
v -443.92437744 -226.93044308 3.0158662
v -163.99473572 -106.37162497 460.28079271
v -206.64328003 -64.14838148 451.12891271
v -491.81005859 -21.4374904 90.16972517
v -257.09542847 -226.93033301 -361.91517924
v -173.02653503 -454.04958656 82.1207629
v -389.1289978 -147.78489842 276.4309094
v 199.35217285 -435.93041981 -116.90586969
v 188.4045105 -435.93041754 -133.83535062
v -19.06757164 490.99158943 10.63249187
v -19.29579544 490.99158949 10.21408539
v -6.70352936 -490.99158807 -20.77436106
v 192.56756592 188.07379577 -420.38497011
v -117.80674744 226.93057647 -428.0213782
v -122.7035141 188.07381445 -445.81270361
v -2.69362354 -299.18172962 -397.05440893
v -2.86378932 -264.06106096 -422.09776883
v 3.39830995 -21.43761031 499.99946121
v -130.84243774 -468.7137496 -74.36248719
v -166.51319885 -454.04953229 -94.63420541
v -219.34965515 226.93032978 385.96156513
v 58.2977829 -435.93040547 -223.62570704
v -7.15496922 -490.99158809 -20.62421459
v 208.23382568 21.43759658 -454.58930651
v -74.1151886 226.93030757 437.70793177
v 333.38272095 362.34223465 56.45203497
v 300.40560913 389.90134701 50.86860762
v -190.6787262 -454.04957794 17.98836649
v -21.73416901 490.99159058 2.05214367
v 10.21595097 490.99158827 19.29892395
v 9.79253769 490.99158824 19.51713798
v 93.44602203 -479.81091982 -54.79845966
v 129.82545471 -468.71374936 -76.13320856
v -50.32402039 -487.25553193 -41.65066829
v -223.62281799 -435.9304582 -58.29484875
v 441.43496704 106.3715455 -209.50380849
v 80.05997467 -226.93057764 436.65980564
v 299.68591309 -389.90134646 -54.94357391
v -4.86674023 -490.991588 -21.2798523
v 165.2169342 -454.04953199 -96.88840913
v 190.20425415 -435.93051419 131.26458537
v -120.40328217 -147.78495385 461.88735447
v -98.48292542 -479.81092112 -45.11203573
v -102.03939056 -479.8109223 -36.35651616
v -173.05355835 389.90128963 250.76008409
v -21.82225609 490.99159078 0.62575599
v -21.83026314 490.99159084 0.14929247
v -197.42228699 -389.90129214 -232.06190357
v -216.61698914 -435.93047685 80.51420564
v -179.52487183 -454.04958449 66.72778095
v -208.77536011 -435.93050987 99.08727935
v -461.88388062 147.78484693 -120.40410505
v -106.5477829 479.80991748 19.53615274
v -221.32156372 414.49304833 -152.74247753
v 20.63009262 490.99159182 -7.15681607
v 20.78024101 490.99159176 -6.70537671
v 259.27355957 -414.4929877 -71.36155685
v 46.96474457 -21.43761002 497.80131065
v 265.14224243 414.49299125 44.89780882
v -184.8770752 226.93032741 403.60975789
v -108.31950378 -479.81092728 0.7365728
v -11.77747154 -487.25552889 -64.25567087
v 12.79346085 490.99159324 -17.69406718
v 13.17683411 490.9915932 -17.40979214
v 97.86631775 -479.81092094 -46.44633668
v -164.51623535 -435.93041371 -162.29903373
v 16.31789398 -490.99158891 -14.50425878
v 12.79145908 -490.99158848 -17.69135908
v 13.92155933 -490.9915886 -16.8185106
v 145.88409424 454.04962272 -124.10660894
v -149.74584961 435.92951312 -176.02013804
v 19.51901245 490.99159218 -9.78837631
v 318.79550171 21.43757772 -385.2047874
v 351.1550293 21.43756807 -355.95430012
v -326.79431152 -299.18178319 -225.53251844
v -198.25511169 -188.07356109 -417.73249388
v -154.66464233 226.93055962 -416.12480268
v 363.82235718 -332.02608944 61.6068411
v -237.45828247 -362.3423051 240.7090953
v -2.99391603 -490.99158795 -21.62418594
v -5.04191113 -490.99159371 21.24051863
v -16.47604752 -487.25554601 63.21535595
v -4.11000347 -490.99159374 21.44071394
v -4.57745886 -490.99159373 21.34561926
v -1.01899242 -468.71370885 -150.49557174
v 12.10078621 -468.71370892 -150.01308885
v 2.50944424 332.02496347 368.99112085
v 46.60539627 -64.14839487 494.01263927
v -62.73110199 -479.81091531 -88.31106608
v 7.1599741 -490.99159363 20.62391862
v 6.70953512 -490.99159365 20.77606781
v 447.42178345 147.78486836 -166.29674264
v -167.06672668 362.3421417 293.96711016
v -192.05206299 362.34217433 278.28788096
v 395.66540527 -264.06112843 -147.06016533
v 416.12731934 -226.93039137 -154.66553728
v -345.20724487 299.18190089 -196.19178658
v -21.47291565 490.99159033 3.93797878
v -64.25559235 487.25452886 11.7816088
v -21.55399323 490.99159039 3.46852188
v 50.82950592 454.04952019 184.66381201
v -335.47677612 332.02515577 -153.67040606
v -360.99359131 299.18189674 -165.35780326
v 451.13241577 -64.14830285 206.64704852
v 14.28491402 -490.99158864 -16.5102125
v 14.64226151 -490.99158868 -16.19490298
v 21.66910744 490.9915905 2.70377786
v 21.72215843 490.99159056 2.2303172
v 21.38482857 -490.99159027 -4.40443279
v 8.05284405 -490.99159359 20.29359636
v 22.76317024 -487.25554575 61.23443332
v 7.60841084 -490.99159361 20.46376237
v 28.01328468 -487.25554545 59.01727413
v 8.93069935 -490.99159354 19.9222356
v 8.49427319 -490.99159356 20.11242114
v 351.1550293 -21.43735989 -355.95430588
v 372.18951416 -299.1817949 -138.33368414
v 381.34143066 -264.06112387 -180.98416014
v 50.82950592 -454.04963085 184.66152325
v 34.54164505 -454.04963135 188.38816192
v 41.6785965 435.9293979 227.31230665
v 478.41799927 -64.14819636 -131.6791423
v -56.44798279 -362.34234806 333.37826632
v 444.23867798 -106.3715447 203.48995372
v -200.91769409 435.92950482 -114.18797158
v 2.23217416 490.99159378 -21.71898274
v 20.92237854 490.9915917 -6.25093422
v 20.72218513 -490.99159178 6.877544
v 176.02244568 -435.9304154 -149.74582676
v 80.85675812 -389.90145435 293.7546983
v 61.5329361 479.80993208 -89.15560265
v 9.36412144 490.99158821 19.72533843
v -184.8770752 -226.93055794 403.60963587
v -318.29803467 -332.02610624 186.66550686
v -333.35568237 -332.02610242 158.21383242
v -160.20103455 -147.7849522 449.63543228
v -20.71717834 -490.99158994 -6.87583726
v 31.97914886 -454.04951963 -188.83986777
v 403.61312866 226.93038731 184.87993749
v 19.29979897 490.99159223 -10.21278997
v 37.7427597 -479.81097134 101.53865123
v -2.70063043 490.99158795 21.66722908
v 336.63287354 -362.34223797 -31.75600615
v -8.70447826 -479.81097221 107.97491505
v -2.52045512 -490.99158795 -21.68424644
v 16.20078087 490.99158889 14.64139237
v -318.51123047 362.342288 -113.48430717
v -13.54519272 -490.99159316 17.11850759
v -0.62160546 490.99159379 -21.82408528
v 184.88308716 226.93055794 -403.60862879
v 21.44288635 -490.99159141 4.11385553
v 1.28224897 -490.99158793 -21.79335059
v -63.21357346 487.25453266 -16.47788693
v -20.86532211 490.99159172 -6.42310247
v -20.62408829 490.9915899 7.15911285
v 21.56000137 490.99159133 -3.46622534
v 21.63006973 490.99159126 -2.99576756
v -29.65988922 332.02496363 367.80496366
v -27.17747116 -362.34234855 337.03082357
v -2.22616839 490.99158794 21.72028007
v -7.77156973 490.99158812 20.4030003
v 74.12120056 226.93057778 -437.70683319
v 152.74478149 -414.49293703 -221.32145925
v -17.69023132 -490.99158914 -12.78859016
v -17.40695381 -490.99158909 -13.17196341
v -21.23968887 490.99159154 -5.04476132
v 125.17292786 64.14838538 -480.15918515
v 123.26005554 106.37162666 -472.82299809
v -17.79633331 490.99158916 12.64545032
v -17.51706123 490.99158911 13.03082533
v -257.28659058 299.18194568 -302.42814159
v -229.94897461 299.18194853 -323.70185302
v -428.02789307 -64.14831644 251.0151958
v 131.2668457 -435.93040996 -190.20119342
v 16.93749809 490.99159271 -13.78126081
v 17.23378563 490.99159266 -13.40789828
v 17.52306747 490.99159261 -13.02852951
v -327.18771362 362.3422537 -85.29187192
v -34.65375137 332.025215 -367.36835102
v 10.63435841 490.9915883 19.07170342
v -18.0685997 490.99158921 12.25406907
v 21.60504341 490.99159043 3.1762374
v 10.63335705 -490.99159342 19.06840529
v -69.06227112 -479.81093839 83.45405713
v 48.31705856 -454.0495201 -185.33446628
v -16.93148994 490.99158901 13.78255623
v 21.35079765 490.99159024 4.58160544
v -10.62735176 -490.9915883 -19.0676999
v 111.98807526 226.93057668 -429.5818945
v -62.98334885 487.25452811 17.33801463
v 14.99360466 490.99159299 -15.87329698
v 21.17262268 -490.99159014 -5.33233546
v 21.28373146 -490.99159021 -4.86888456
v -188.83694458 -454.04957123 -31.97524531
v -0.80077994 -490.99159379 21.81707768
v -1.27724409 -490.99159379 21.79405598
v -8.4882679 -490.99158816 -20.11171575
v 8.49527454 490.99158816 20.11571927
v 8.93169975 490.99158818 19.92553373
v 125.17292786 -64.14810376 -480.15920239
v 6.70953512 490.99158807 20.77836268
v 10.21494961 -490.99159345 19.29662526
v -17.22878075 490.99158906 13.4101941
v -4.40128708 -490.99158799 -21.38195267
v 123.26005554 -106.37135465 -472.82308771
v -13.77741909 -490.99158859 -16.93262154
v -0.32531688 -490.99159379 21.82909207
vn 0.5894 -0.59746 -0.54366
vn 0.67315 -0.57268 -0.46785
vn 0.62069 -0.62917 -0.46785
vn 0.63924 -0.54384 -0.54366
vn 0.92154 -0.00626 -0.3882
vn 0.94916 0.07654 -0.30531
vn 0.95221 -0.00644 -0.30531
vn 0.91858 0.07407 -0.3882
vn 0.14011 -0.82751 0.54366
vn 0.18543 -0.86428 0.46748
vn 0.17612 -0.82083 0.54329
vn 0.14756 -0.87139 0.46785
vn 0.41206 -0.19556 0.88989
vn 0.49794 -0.18506 0.84719
vn 0.42753 -0.15888 0.88989
vn 0.4799 -0.22776 0.84719
vn 0.58754 -0.70995 0.38816
vn 0.66872 -0.67788 0.30534
vn 0.64718 -0.65606 0.3882
vn 0.6071 -0.73357 0.30534
vn 0.04843 -0.6006 -0.79806
vn 0.11179 -0.66018 -0.74273
vn 0.0538 -0.66741 -0.74273
vn 0.10059 -0.5941 -0.79806
vn 0.26008 -0.84484 -0.46748
vn 0.30931 -0.8681 -0.38816
vn 0.27119 -0.88089 -0.38786
vn 0.29664 -0.83251 -0.46785
vn 0.03909 0.0369 0.99854
vn 0.0921 0.09085 0.99158
vn 0.03827 0.03772 0.99854
vn 0.09967 0.08249 0.99158
vn 0.04062 0.03519 0.99854
vn 0.04141 0.03424 0.99854
vn 0.03989 0.0361 0.99854
vn 0.30482 0.51979 -0.79806
vn 0.22776 0.4799 -0.84719
vn 0.25837 0.54436 -0.79803
vn 0.26872 0.45824 -0.84719
vn 0.05152 -0.01535 0.99854
vn 0.12473 -0.03433 0.99158
vn 0.05179 -0.01431 0.99854
vn 0.12128 -0.04508 0.99158
vn 0.05078 -0.01764 0.99854
vn 0.05036 -0.01871 0.99854
vn 0.05118 -0.01645 0.99854
vn 0 0 1
vn 0.00073 -0.05377 0.99854
vn 0.00195 -0.05374 0.99854
vn -0.37162 0.06812 -0.92587
vn -0.29554 0.02786 -0.95489
vn -0.37614 0.03546 -0.92587
vn -0.29197 0.05353 -0.95489
vn 0.04154 0.0343 -0.99854
vn 0 0 -1
vn 0.04065 0.03522 -0.99854
vn -0.02615 -0.04697 -0.99854
vn -0.02512 -0.04761 -0.99854
vn -0.08905 0.19443 -0.97684
vn -0.14667 0.2581 -0.95489
vn -0.1236 0.26988 -0.95489
vn -0.10566 0.18592 -0.97684
vn -0.59651 0.42372 -0.6816
vn -0.57759 0.33869 -0.74273
vn -0.63115 0.37013 -0.6816
vn -0.54585 0.38777 -0.74273
vn 0.04675 0.02661 0.99854
vn 0.04608 0.02753 0.99854
vn -0.83654 -0.06745 -0.54369
vn -0.77737 -0.13163 -0.6151
vn -0.82751 -0.14011 -0.54366
vn -0.78588 -0.06336 -0.6151
vn 0.3047 -0.66521 -0.6816
vn 0.33082 -0.58211 -0.74273
vn 0.36152 -0.63613 -0.6816
vn 0.27885 -0.60875 -0.74273
vn -0.68419 0.48604 -0.54366
vn -0.6801 0.39882 -0.6151
vn -0.72396 0.42457 -0.54366
vn -0.64275 0.45659 -0.6151
vn 0.98263 -0.18015 0.04434
vn 0.98675 -0.09308 0.13269
vn 0.97488 -0.17872 0.13269
vn 0.9946 -0.09381 0.04434
vn 0.83926 -0.00568 -0.54366
vn 0.78588 0.06336 -0.6151
vn 0.83657 0.06745 -0.54366
vn 0.78842 -0.00534 -0.6151
vn -0.4767 0.69076 -0.54366
vn -0.56349 0.68087 -0.46785
vn -0.502 0.72738 -0.46785
vn -0.53508 0.64657 -0.54366
vn -0.4561 0.00308 0.88989
vn -0.5295 -0.0427 0.84719
vn -0.45463 -0.03665 0.88989
vn -0.53121 0.0036 0.84719
vn -0.66659 0.06287 0.74273
vn -0.73168 0.00494 0.6816
vn -0.66955 0.00455 0.74273
vn -0.72845 0.0687 0.6816
vn -0.14667 0.2581 0.95489
vn -0.12146 0.176 0.97684
vn -0.10566 0.18592 0.97684
vn -0.16861 0.24433 0.95489
vn 0.04343 -0.12189 0.99158
vn 0.01917 -0.05026 0.99854
vn 0.01798 -0.0506 0.99854
vn 0.02127 -0.04935 0.99854
vn 0.05387 -0.11762 0.99158
vn 0.02237 -0.04889 0.99854
vn 0.02026 -0.04981 0.99854
vn -0.42967 -0.15305 0.88989
vn -0.34349 -0.15732 0.92587
vn -0.35588 -0.12677 0.92587
vn -0.41469 -0.18995 0.88989
vn -0.20695 -0.05393 -0.97684
vn -0.27964 -0.09961 -0.95489
vn -0.28724 -0.07486 -0.95489
vn -0.20145 -0.07175 -0.97684
vn 0.10816 0.18448 0.97684
vn 0.12726 0.2682 0.95489
vn 0.09168 0.19321 0.97684
vn 0.15015 0.25608 0.95489
vn 0.97119 -0.09159 0.21995
vn 0.95221 -0.00644 0.30531
vn 0.94803 -0.08942 0.30534
vn 0.97546 -0.00662 0.21995
vn -0.73357 -0.6071 0.30534
vn -0.69445 -0.68508 0.21992
vn -0.67788 -0.66872 0.30534
vn -0.75152 -0.62194 0.21992
vn 0.05881 -0.72933 -0.6816
vn 0.13163 -0.77737 -0.6151
vn 0.06336 -0.78588 -0.6151
vn 0.12214 -0.72143 -0.6816
vn -0.22535 0.39656 -0.88989
vn -0.21458 0.31095 -0.92587
vn -0.25907 0.37541 -0.88989
vn -0.18668 0.32847 -0.92587
vn -0.01535 -0.05148 -0.99854
vn -0.0166 -0.05121 -0.99854
vn 0.5537 -0.56127 -0.6151
vn 0.5573 -0.47411 -0.6816
vn 0.60051 -0.51088 -0.6151
vn 0.51387 -0.52089 -0.6816
vn 0.35414 -0.1316 -0.92587
vn 0.2862 -0.07877 -0.95489
vn 0.36427 -0.10025 -0.92587
vn 0.27827 -0.10343 -0.95489
vn -0.05338 0.00626 0.99854
vn -0.12882 0.01215 0.99158
vn -0.05353 0.00501 0.99854
vn -0.12726 0.02332 0.99158
vn -0.05304 0.00848 0.99854
vn -0.05289 0.00964 0.99854
vn -0.05329 0.00745 0.99854
vn 0.50041 0.17826 -0.84719
vn 0.54781 0.25092 -0.79806
vn 0.56761 0.20222 -0.79806
vn 0.48296 0.22123 -0.84719
vn -0.41603 0.90826 -0.04434
vn -0.49361 0.86853 0.04434
vn -0.41603 0.90826 0.04434
vn -0.49361 0.86853 -0.04434
vn 0.09961 -0.27964 0.95489
vn 0.08905 -0.19443 0.97684
vn 0.07175 -0.20145 0.97684
vn 0.12363 -0.26988 0.95489
vn -0.34803 -0.9364 -0.04434
vn -0.26511 -0.96316 0.04434
vn -0.34803 -0.9364 0.04434
vn -0.26511 -0.96316 -0.04434
vn -0.70193 0.59716 0.3882
vn -0.72051 0.51183 0.46785
vn -0.67315 0.57268 0.46785
vn -0.7513 0.53368 0.38816
vn -0.40623 0.88687 -0.21992
vn -0.48973 0.86169 -0.13269
vn -0.41276 0.90109 -0.13269
vn -0.48198 0.84811 -0.21992
vn -0.42833 -0.90252 -0.04434
vn -0.42833 -0.90252 0.04434
vn 0.05353 -0.00504 0.99854
vn 0.05359 -0.00391 0.99854
vn 0.03522 -0.04077 -0.99854
vn 0.03436 -0.04151 -0.99854
vn 0.9364 -0.34803 -0.04434
vn 0.9556 -0.26301 -0.13269
vn 0.96319 -0.26508 -0.04434
vn 0.92904 -0.34529 -0.13269
vn 0.50996 -0.43385 0.74273
vn 0.59648 -0.42372 0.6816
vn 0.54585 -0.38777 0.74273
vn 0.5573 -0.47411 0.6816
vn -0.10059 0.5941 0.79806
vn -0.13401 0.51405 0.84719
vn -0.08869 0.52376 0.84719
vn -0.15198 0.58306 0.79806
vn -0.33082 0.58211 0.74273
vn -0.4156 0.60219 0.6816
vn -0.38029 0.55107 0.74273
vn -0.36152 0.63613 0.6816
vn -0.18995 0.41469 -0.88989
vn -0.15732 0.34349 -0.92587
vn -0.15732 0.34349 0.92587
vn -0.22538 0.39653 0.88989
vn -0.18668 0.32847 0.92587
vn -0.18995 0.41469 0.88989
vn 0.48198 -0.84811 -0.21992
vn 0.54085 -0.78372 -0.30531
vn 0.55406 -0.80285 -0.21992
vn 0.4705 -0.82788 -0.30531
vn -0.1268 0.35588 -0.92587
vn -0.15308 0.42964 -0.88989
vn 0.04422 0.03058 0.99854
vn 0.04355 0.03143 0.99854
vn -0.05319 -0.00772 -0.99854
vn -0.05341 -0.00656 -0.99854
vn 0.49593 0.34223 -0.79806
vn 0.51582 0.42689 -0.74273
vn 0.55107 0.38032 -0.74273
vn 0.46422 0.38417 -0.79806
vn -0.22294 0.85522 0.46785
vn -0.28166 0.79058 0.54366
vn -0.21168 0.81213 0.54366
vn -0.29661 0.83251 0.46785
vn 0.07404 0.78494 -0.6151
vn 0.00568 0.83926 -0.54366
vn 0.0788 0.83557 -0.54366
vn 0.00534 0.78842 -0.6151
vn 0.03568 0.04016 -0.99854
vn 0.03485 0.04093 -0.99854
vn 0.39656 -0.86572 -0.30534
vn 0.40626 -0.88687 -0.21992
vn -0.52089 -0.51384 -0.6816
vn -0.43385 -0.50996 -0.74273
vn -0.47411 -0.5573 -0.6816
vn -0.47664 -0.47023 -0.74273
vn -0.21085 -0.03568 0.97684
vn -0.12519 -0.03262 0.99158
vn -0.12757 -0.02158 0.99158
vn -0.20695 -0.05393 0.97684
vn -0.03854 -0.21033 0.97684
vn -0.02786 -0.29554 0.95489
vn -0.02005 -0.2129 0.97684
vn -0.05353 -0.292 0.95489
vn 0.12726 -0.02332 0.99158
vn 0.05301 -0.00864 0.99854
vn 0.05283 -0.00955 0.99854
vn 0.05338 -0.00613 0.99854
vn 0.12882 -0.01215 0.99158
vn 0.05332 -0.00739 0.99854
vn -0.0394 0.03653 0.99854
vn -0.04013 0.03568 0.99854
vn 0.51183 0.72048 0.46785
vn 0.46617 0.79495 0.38816
vn 0.44707 0.76235 0.46785
vn 0.53371 0.75127 0.38816
vn -0.05673 -0.20618 -0.97684
vn -0.02332 -0.12726 -0.99158
vn -0.03854 -0.21033 -0.97684
vn -0.03433 -0.12473 -0.99158
vn -0.14219 -0.77551 0.6151
vn -0.0788 -0.83557 0.54366
vn -0.07404 -0.78494 0.6151
vn -0.15134 -0.82553 0.54366
vn 0.04807 -0.0242 0.99854
vn 0.11689 -0.05548 0.99158
vn 0.04855 -0.02295 0.99854
vn 0.11161 -0.06543 0.99158
vn 0.047 -0.02603 0.99854
vn 0.04636 -0.02722 0.99854
vn 0.04749 -0.02512 0.99854
vn 0.15638 -0.50804 -0.84698
vn 0.20222 -0.56761 -0.79806
vn 0.17737 -0.57625 -0.79778
vn 0.17829 -0.50041 -0.84722
vn -0.20222 0.56761 0.79806
vn -0.22123 0.48296 0.84719
vn -0.17829 0.50041 0.84719
vn -0.25092 0.54781 0.79806
vn -0.04694 0.02622 0.99854
vn -0.04755 0.02506 0.99854
vn 0.8012 0.45534 0.38816
vn 0.78372 0.54085 0.30534
vn 0.75848 0.52345 0.3882
vn 0.82788 0.4705 0.30534
vn 0.60491 -0.28709 -0.74273
vn 0.56481 -0.20991 -0.79806
vn 0.62761 -0.23325 -0.74273
vn 0.54436 -0.25834 -0.79806
vn -0.292 0.0535 0.95489
vn -0.2129 0.02008 0.97684
vn -0.21033 0.03858 0.97684
vn -0.29554 0.02786 0.95489
vn 0.22535 -0.39656 -0.88989
vn 0.21458 -0.31092 -0.92587
vn 0.25907 -0.37541 -0.88989
vn 0.18668 -0.32847 -0.92587
vn -0.4817 -0.82141 0.30531
vn -0.41826 -0.88128 0.21992
vn -0.40828 -0.86026 0.30531
vn -0.49345 -0.84149 0.21992
vn -0.5573 0.47411 0.6816
vn -0.64275 0.45659 0.6151
vn -0.59648 0.42372 0.6816
vn -0.60051 0.51088 0.6151
vn -0.00974 -0.05301 -0.99854
vn -0.01422 -0.05182 -0.99854
vn -0.01312 -0.0521 -0.99854
vn -0.01196 -0.05249 -0.99854
vn -0.01077 -0.0528 -0.99854
vn -0.16288 0.13855 -0.97684
vn -0.24201 0.17191 -0.95489
vn -0.22608 0.19236 -0.95489
vn -0.17432 0.12384 -0.97684
vn 0.12128 -0.04505 -0.99158
vn 0.20618 -0.05673 -0.97684
vn 0.20045 -0.0745 -0.97684
vn 0.12473 -0.03433 -0.99158
vn -0.25834 -0.54436 -0.79806
vn -0.18506 -0.49794 -0.84722
vn -0.20991 -0.56481 -0.79806
vn -0.22776 -0.4799 -0.84722
vn 0.32835 -0.71679 0.6151
vn 0.36152 -0.63613 0.6816
vn 0.3047 -0.66521 0.6816
vn 0.38957 -0.68545 0.6151
vn 0.01306 0.0521 -0.99854
vn 0.01202 0.05246 -0.99854
vn -0.0036 -0.53121 -0.84722
vn 0.03665 -0.45463 -0.88989
vn 0.0427 -0.5295 -0.84722
vn -0.00308 -0.4561 -0.88989
vn 0.11765 0.05387 0.99158
vn 0.04837 0.02332 0.99854
vn 0.04883 0.0224 0.99854
vn 0.04727 0.02561 0.99854
vn 0.11249 0.06391 0.99158
vn 0.04791 0.02448 0.99854
vn 0.42317 -0.42897 -0.79806
vn 0.50996 -0.43385 -0.74273
vn 0.4702 -0.47667 -0.74273
vn 0.45894 -0.39045 -0.79806
vn 0.15897 -0.93887 0.30531
vn 0.19333 -0.90118 0.38786
vn 0.15384 -0.90863 0.3882
vn 0.19977 -0.93112 0.30506
vn 0.53371 0.75127 -0.38816
vn 0.4817 0.82141 -0.30531
vn 0.55147 0.7763 -0.30531
vn 0.46617 0.79495 -0.38816
vn 0.06394 -0.11249 0.99158
vn 0.10566 -0.18592 0.97684
vn 0.18506 0.49794 -0.84722
vn 0.15989 0.58095 -0.79803
vn 0.20991 0.56481 -0.79806
vn 0.14096 0.51216 -0.84722
vn -0.34529 -0.92904 -0.13269
vn -0.25886 -0.94052 -0.21992
vn -0.26301 -0.9556 -0.13269
vn -0.33985 -0.9144 -0.21992
vn -0.38377 0.83786 -0.38816
vn -0.47047 0.82788 -0.30534
vn -0.39656 0.86572 -0.30534
vn -0.45534 0.8012 -0.38816
vn -0.45894 0.39042 0.79806
vn -0.54585 0.38777 0.74273
vn -0.49123 0.34895 0.79806
vn -0.50996 0.43385 0.74273
vn -0.70803 -0.18451 0.6816
vn -0.7427 -0.26456 0.6151
vn -0.68926 -0.24552 0.6816
vn -0.76293 -0.19883 0.6151
vn 0.34349 0.15732 0.92587
vn 0.39656 0.22535 0.88989
vn 0.32844 0.18668 0.92587
vn 0.41469 0.18995 0.88989
vn -0.60256 0.00409 -0.79806
vn -0.66741 -0.0538 -0.74273
vn -0.66955 0.00455 -0.74273
vn -0.6006 -0.04843 -0.79806
vn -0.5295 -0.0427 -0.84722
vn -0.5941 -0.10059 -0.79806
vn -0.52376 -0.08869 -0.84719
vn 0.68548 0.38957 0.6151
vn 0.69076 0.4767 0.54366
vn 0.64888 0.44783 0.6151
vn 0.72967 0.41469 0.54366
vn -0.743 0.6321 0.21992
vn -0.80801 0.57399 0.13269
vn -0.79525 0.56493 0.21992
vn -0.75491 0.64223 0.13269
vn 0.58309 0.15198 -0.79806
vn 0.63073 0.22471 -0.74273
vn 0.64791 0.16889 -0.74273
vn -0.26872 -0.45824 0.84719
vn -0.19556 -0.41206 0.88989
vn -0.23072 -0.39344 0.88989
vn -0.22776 -0.47993 0.84719
vn -0.10816 -0.18448 0.97684
vn -0.05545 -0.11689 0.99158
vn -0.06543 -0.11161 0.99158
vn -0.09168 -0.19318 0.97684
vn -0.78842 0.00534 0.6151
vn -0.83654 -0.06745 0.54369
vn -0.78588 -0.06336 0.6151
vn -0.83926 0.00568 0.54366
vn 0.04904 -0.02197 0.99854
vn 0.13163 0.35414 0.92587
vn 0.10343 0.27827 0.95489
vn 0.16196 0.34132 0.92587
vn -0.34129 0.16199 -0.92587
vn -0.42753 0.15891 -0.88989
vn -0.41206 0.19556 -0.88989
vn -0.35414 0.13163 -0.92587
vn 0.14667 -0.25806 -0.95489
vn 0.16861 -0.2443 -0.95489
vn 0.90252 -0.42833 0.04434
vn 0.9364 -0.34803 0.04434
vn 0.90252 -0.42833 -0.04434
vn 0.27882 -0.60872 0.74273
vn 0.29771 -0.52385 0.79806
vn 0.25092 -0.54781 0.79806
vn 0.33082 -0.58211 0.74273
vn 0.29554 0.34739 -0.88989
vn 0.30763 0.43306 -0.84722
vn 0.34422 0.40461 -0.84719
vn 0.26414 0.37184 -0.88989
vn -0.88092 -0.07105 0.46785
vn -0.82748 -0.14011 0.54369
vn -0.87139 -0.14756 0.46782
vn -0.0538 -0.00314 -0.99854
vn -0.05377 -0.00201 -0.99854
vn 0.7513 -0.53368 -0.3882
vn 0.82141 -0.4817 -0.30531
vn 0.7763 -0.55147 -0.30531
vn 0.79495 -0.46617 -0.38816
vn -0.71117 -0.70159 -0.04434
vn -0.64733 -0.76089 0.04434
vn -0.71117 -0.70159 0.04434
vn -0.64733 -0.76089 -0.04434
vn -0.7582 0.35984 -0.54366
vn -0.82842 0.3079 -0.46782
vn -0.79843 0.37895 -0.46785
vn -0.78671 0.2924 -0.54366
vn -0.6006 -0.04843 0.79806
vn -0.66015 -0.11179 0.74273
vn -0.5941 -0.10059 0.79806
vn -0.66741 -0.0538 0.74273
vn -0.04151 -0.0343 -0.99854
vn -0.0921 -0.09085 -0.99158
vn -0.09967 -0.08246 -0.99158
vn -0.04077 -0.03522 -0.99854
vn -0.03992 -0.03607 -0.99854
vn -0.03912 -0.03684 -0.99854
vn -0.0383 -0.03784 -0.99854
vn 0.72527 -0.61702 -0.30531
vn 0.70193 -0.59716 -0.38816
vn -0.58309 -0.15195 -0.79806
vn -0.51405 -0.13395 -0.84722
vn -0.45894 0.39045 -0.79806
vn -0.50996 0.43385 -0.74273
vn -0.49123 0.34895 -0.79806
vn 0.58754 -0.70995 -0.3882
vn 0.6071 -0.73357 -0.30534
vn 0.52345 -0.75845 -0.3882
vn 0.54781 0.25092 0.79806
vn 0.58211 0.33082 0.74273
vn 0.52385 0.29771 0.79806
vn 0.60872 0.27882 0.74273
vn 0.04224 0.03348 -0.99854
vn 0.04288 0.0325 -0.99854
vn 0.79525 -0.56493 0.21992
vn 0.85498 -0.50139 0.13269
vn 0.84149 -0.49348 0.21992
vn 0.80801 -0.57399 0.13269
vn -0.58211 -0.33082 -0.74273
vn -0.60219 -0.4156 -0.6816
vn -0.63613 -0.36152 -0.6816
vn -0.55107 -0.38032 -0.74273
vn 0.00089 0.12937 -0.99158
vn -0.0043 0.05374 -0.99854
vn -0.01038 0.12897 -0.99158
vn 0.00037 0.05377 -0.99854
vn -0.00085 0.05377 -0.99854
vn -0.00204 0.05377 -0.99854
vn -0.00317 0.05377 -0.99854
vn -0.81216 -0.21165 -0.54366
vn -0.83254 -0.29658 -0.46785
vn -0.85522 -0.22288 -0.46785
vn -0.79061 -0.28162 -0.54366
vn 0.57756 -0.33869 0.74273
vn 0.66103 -0.3137 0.6816
vn 0.60488 -0.28709 0.74273
vn 0.63115 -0.37013 0.6816
vn 0.52376 0.08869 0.84719
vn 0.58309 0.15198 0.79806
vn 0.51405 0.13398 0.84719
vn 0.5941 0.10059 0.79806
vn 0.69076 0.4767 -0.54366
vn 0.60738 0.50267 -0.6151
vn 0.64657 0.53511 -0.54366
vn 0.64888 0.44783 -0.6151
vn -0.94803 0.08942 0.30534
vn -0.92154 0.00626 0.38816
vn -0.91748 0.08655 0.38816
vn -0.95221 0.00644 0.30531
vn 0.12104 0.43977 -0.88989
vn 0.15891 0.42753 -0.88989
vn 0.49123 -0.34895 -0.79806
vn 0.54585 -0.38777 -0.74273
vn 0.42689 -0.51582 0.74273
vn 0.51384 -0.52089 0.6816
vn 0.4702 -0.47664 0.74273
vn 0.46648 -0.56368 0.6816
vn -0.52376 -0.08869 0.84719
vn 0.16288 -0.13855 -0.97684
vn 0.10547 -0.07492 -0.99158
vn 0.17435 -0.12384 -0.97684
vn 0.09854 -0.08383 -0.99158
vn 0.97723 0.16547 -0.13269
vn 0.9667 0.25199 -0.04434
vn 0.98498 0.16678 -0.04434
vn 0.95907 0.25001 -0.13269
vn 0.96179 0.16285 0.21992
vn 0.95907 0.25001 0.13269
vn 0.94394 0.24607 0.21995
vn 0.97723 0.16547 0.13269
vn 0.60219 0.4156 0.6816
vn 0.60738 0.50267 0.6151
vn 0.56368 0.46651 0.6816
vn 0.82141 -0.4817 0.30531
vn 0.7763 -0.55147 0.30531
vn -0.6071 0.7336 0.30531
vn -0.68508 0.69445 0.21992
vn -0.66872 0.67788 0.30534
vn -0.62194 0.75152 0.21992
vn -0.56297 0.81573 -0.13269
vn -0.56743 0.8222 -0.04437
vn -0.52886 0.04987 -0.84722
vn -0.5999 0.05658 -0.79803
vn -0.53121 0.0036 -0.84719
vn -0.04956 0.2927 0.95489
vn -0.09528 0.36558 0.92587
vn -0.07486 0.28727 0.95489
vn -0.06305 0.37251 0.92587
vn -0.50267 0.60738 -0.6151
vn -0.44783 0.64888 -0.6151
vn 0.63192 -0.76357 -0.13269
vn 0.56297 -0.81573 -0.13269
vn 0.62194 -0.75152 -0.21992
vn 0.64275 -0.45659 0.6151
vn 0.72396 -0.42454 0.54366
vn 0.6801 -0.39882 0.6151
vn 0.68419 -0.48604 0.54366
vn 0.05371 -0.00146 0.99854
vn 0.12937 -0.00085 0.99158
vn 0.05374 -0.0004 0.99854
vn 0.05374 -0.00272 0.99854
vn 0.86026 -0.40828 0.30534
vn 0.86383 -0.32105 0.3882
vn 0.83254 -0.39512 0.3882
vn 0.89257 -0.33174 0.30531
vn -0.54781 -0.25092 0.79806
vn -0.58211 -0.33082 0.74273
vn -0.52385 -0.29771 0.79806
vn -0.60872 -0.27882 0.74273
vn 0.01694 -0.05103 0.99854
vn 0.03809 -0.12378 0.99155
vn 0.01468 -0.0517 0.99854
vn 0.01407 -0.05182 0.99854
vn 0.01581 -0.05139 0.99854
vn 0.24433 0.16861 -0.95489
vn 0.16474 0.13636 -0.97684
vn 0.22868 0.18928 -0.95489
vn 0.176 0.12146 -0.97684
vn -0.91858 -0.07407 -0.38816
vn -0.93887 -0.15897 -0.30534
vn -0.94916 -0.07654 -0.30531
vn -0.90863 -0.15384 -0.38816
vn 0.90863 0.15384 0.3882
vn 0.85522 0.22294 0.46785
vn 0.87139 0.14753 0.46785
vn 0.89175 0.23246 0.38816
vn -0.51582 -0.42689 -0.74273
vn -0.56368 -0.46651 -0.6816
vn -0.64721 0.65606 -0.3882
vn -0.67315 0.57268 -0.46785
vn -0.70193 0.59713 -0.3882
vn -0.62069 0.62914 -0.46785
vn 0.87139 0.14753 -0.46785
vn 0.81213 0.21171 -0.54366
vn 0.85522 0.22294 -0.46785
vn 0.82751 0.14011 -0.54366
vn 0.63073 0.22471 0.74273
vn 0.56761 0.20222 0.79806
vn -0.64791 -0.16886 0.74273
vn -0.63073 -0.22468 0.74273
vn -0.0517 -0.01471 0.99854
vn -0.05139 -0.01584 0.99854
vn -0.3079 -0.82842 0.46785
vn -0.24454 -0.88852 0.3882
vn -0.23453 -0.85211 0.46785
vn -0.32105 -0.86383 0.3882
vn -0.25489 -0.68584 0.6816
vn -0.2092 -0.76016 0.6151
vn -0.19416 -0.70547 0.6816
vn -0.27467 -0.73904 0.6151
vn -0.0495 0.02091 0.99854
vn -0.04999 0.01981 0.99854
vn -0.73904 0.27467 -0.6151
vn -0.8092 0.22269 -0.54366
vn -0.76016 0.2092 -0.6151
vn -0.85211 0.23453 0.46785
vn -0.82553 0.15134 0.54369
vn -0.80917 0.22272 0.54366
vn -0.86929 0.15937 0.46785
vn 0.64556 -0.17768 0.74273
vn 0.71969 -0.13193 0.6816
vn 0.65859 -0.12073 0.74273
vn 0.70547 -0.19416 0.6816
vn 0.09854 -0.08383 0.99158
vn 0.17432 -0.12384 0.97684
vn 0.10547 -0.07492 0.99158
vn 0.16288 -0.13855 0.97684
vn -0.10547 0.07492 -0.99158
vn -0.09854 0.08383 -0.99158
vn -0.20045 0.0745 0.97684
vn -0.12473 0.03433 0.99158
vn -0.12128 0.04508 0.99158
vn -0.20618 0.05673 0.97684
vn -0.01215 -0.12879 -0.99158
vn -0.00143 -0.21384 -0.97684
vn -0.02005 -0.2129 -0.97684
vn -0.00089 -0.12937 -0.99158
vn 0.33174 0.89257 -0.30534
vn 0.25886 0.94052 -0.21992
vn 0.33985 0.9144 -0.21992
vn 0.25269 0.91809 -0.30531
vn -0.26246 0.46184 0.84719
vn 0.15308 -0.42967 -0.88989
vn 0.13431 -0.43626 -0.88971
vn 0.18506 0.49794 0.84719
vn 0.12104 0.43977 0.88989
vn 0.15891 0.42753 0.88989
vn 0.14096 0.51216 0.84719
vn -0.68422 0.48604 0.54366
vn -0.6801 0.39885 0.6151
vn -0.72396 0.42454 0.54366
vn 0.79495 -0.46617 0.3882
vn 0.49123 -0.34895 0.79806
vn 0.51976 -0.30482 0.79806
vn 0.05673 0.20618 -0.97684
vn 0.05353 0.292 -0.95489
vn 0.07877 0.2862 -0.95489
vn 0.03858 0.21033 -0.97684
vn -0.18015 -0.98263 0.04434
vn -0.09308 -0.98675 0.13269
vn -0.17872 -0.97488 0.13269
vn -0.09381 -0.9946 0.04434
vn -0.30174 0.43721 0.84719
vn -0.29081 0.35139 0.88989
vn -0.25907 0.37538 0.88989
vn -0.33869 0.40922 0.84719
vn -0.0538 0.66741 -0.74273
vn -0.10059 0.5941 -0.79806
vn -0.11179 0.66018 -0.74273
vn -0.04843 0.6006 -0.79806
vn -0.16288 0.13855 0.97684
vn -0.10547 0.07492 0.99158
vn -0.09854 0.08383 0.99158
vn -0.17432 0.12384 0.97684
vn 0.40626 -0.88687 0.21992
vn 0.4705 -0.82788 0.30531
vn 0.39656 -0.86572 0.30531
vn 0.48198 -0.84811 0.21992
vn 0.05371 -0.00153 -0.99854
vn 0.05377 -0.00046 -0.99854
vn 0.8012 0.45534 -0.38816
vn 0.72738 0.502 -0.46785
vn 0.75848 0.52345 -0.3882
vn 0.76836 0.43669 -0.46785
vn -0.48604 -0.68419 -0.54366
vn -0.44707 -0.76235 -0.46785
vn -0.51183 -0.72051 -0.46785
vn -0.42454 -0.72396 -0.54366
vn -0.17591 -0.9595 0.21992
vn -0.09159 -0.97119 0.21995
vn 0.3137 0.66103 -0.6816
vn 0.27467 0.73904 -0.6151
vn 0.33805 0.71227 -0.6151
vn 0.25489 0.68584 -0.6816
vn -0.86572 -0.39656 0.30534
vn -0.8012 -0.45534 0.38816
vn -0.83782 -0.3838 0.3882
vn -0.82788 -0.4705 0.30534
vn 0.83254 -0.39512 -0.3882
vn 0.86026 -0.40828 -0.30534
vn -0.25806 -0.14667 -0.95489
vn -0.176 -0.12146 -0.97684
vn -0.2443 -0.16861 -0.95489
vn -0.18592 -0.10569 -0.97684
vn -0.36427 0.10025 -0.92587
vn -0.44865 0.08222 -0.88989
vn -0.43977 0.12101 -0.88989
vn -0.57756 0.33869 0.74273
vn -0.54436 0.25834 0.79806
vn -0.51976 0.30482 0.79806
vn -0.60488 0.28709 0.74273
vn -0.70559 -0.69607 -0.13269
vn -0.64223 -0.75491 -0.13269
vn -0.18928 0.22868 -0.95489
vn -0.24088 0.29106 -0.92587
vn -0.16861 0.24433 -0.95489
vn 0.19712 -0.64025 -0.74242
vn 0.24558 -0.68926 -0.6816
vn 0.2154 -0.69961 -0.68126
vn 0.22471 -0.63073 -0.74273
vn -0.08652 -0.91748 -0.3882
vn -0.00598 -0.88379 -0.46785
vn -0.00626 -0.92154 -0.3882
vn -0.08298 -0.87988 -0.46785
vn 0.00409 0.60256 0.79806
vn -0.0427 0.5295 0.84719
vn 0.0036 0.53121 0.84719
vn -0.04843 0.6006 0.79806
vn 0.97546 -0.00662 -0.21995
vn 0.97235 0.0784 -0.21995
vn -0.51088 -0.60051 0.6151
vn -0.48604 -0.68419 0.54366
vn -0.45659 -0.64275 0.6151
vn -0.54384 -0.63924 0.54366
vn 0.82842 -0.3079 -0.46782
vn 0.8092 -0.22269 -0.54366
vn 0.85211 -0.23453 -0.46785
vn 0.78671 -0.2924 -0.54366
vn 0.41826 0.88128 -0.21992
vn 0.49348 0.84149 -0.21992
vn 0.40828 0.86026 -0.30534
vn -0.19889 0.76293 0.6151
vn -0.24555 0.68926 0.6816
vn -0.18455 0.70803 0.6816
vn -0.2646 0.7427 0.6151
vn 0.70559 0.69607 -0.13269
vn 0.64733 0.76089 -0.04434
vn 0.71117 0.70159 -0.04434
vn 0.64223 0.75491 -0.13269
vn -0.11505 0.44136 -0.88989
vn -0.09531 0.36558 -0.92587
vn 0.62194 -0.75152 0.21992
vn 0.68508 -0.69445 0.21992
vn -0.47411 -0.5573 0.6816
vn -0.38774 -0.54585 0.74273
vn -0.43385 -0.50996 0.74273
vn -0.42372 -0.59648 0.6816
vn -0.05374 -0.00433 -0.99854
vn -0.12757 -0.02161 -0.99158
vn -0.12897 -0.01038 -0.99158
vn -0.05362 -0.00558 -0.99854
vn -0.05301 -0.00894 -0.99854
vn -0.88852 0.24454 0.38816
vn -0.90646 0.16617 0.38816
vn 0.52089 0.51387 -0.6816
vn 0.56368 0.46651 -0.6816
vn 0.47664 0.47023 -0.74273
vn -0.81442 0.57854 -0.04434
vn -0.85498 0.50139 -0.13269
vn -0.86175 0.50536 -0.04434
vn -0.80801 0.57399 -0.13269
vn 0.93365 0.33265 -0.13269
vn 0.94104 0.33528 -0.04434
vn -0.69607 0.70559 -0.13269
vn -0.743 0.6321 -0.21992
vn -0.75491 0.64223 -0.13269
vn -0.68508 0.69445 -0.21992
vn -0.52345 0.75848 0.38816
vn -0.56346 0.68087 0.46785
vn -0.502 0.72738 0.46785
vn -0.58757 0.70995 0.38816
vn -0.76235 0.44707 0.46785
vn -0.79495 0.46617 0.3882
vn -0.06391 0.11249 0.99158
vn -0.07349 0.10648 0.99158
vn 0.71227 -0.33802 0.6151
vn -0.29591 -0.02387 0.95489
vn -0.21317 -0.01718 0.97684
vn -0.2927 -0.04953 0.95489
vn 0.63613 0.36152 0.6816
vn 0.66521 0.3047 0.6816
vn -0.06339 0.78588 -0.6151
vn -0.06745 0.83657 -0.54366
vn 0.00381 0.05362 0.99854
vn 0.00269 0.05368 0.99854
vn -0.48973 0.86169 0.13269
vn -0.55409 0.80285 0.21992
vn -0.48198 0.84811 0.21995
vn -0.56297 0.81573 0.13269
vn -0.10648 -0.07349 -0.99158
vn -0.11249 -0.06391 -0.99158
vn -0.08383 -0.09854 -0.99158
vn -0.03751 -0.03864 -0.99854
vn -0.03668 -0.0394 -0.99854
vn -0.03577 -0.04019 -0.99854
vn -0.03479 -0.04099 -0.99854
vn 0.92154 -0.00626 0.38816
vn 0.91748 -0.08655 0.38816
vn -0.93661 0.1717 0.30534
vn -0.64721 0.65606 0.38816
vn -0.72527 0.61702 0.30531
vn -0.04431 -0.03061 -0.99854
vn -0.04682 -0.02658 -0.99854
vn -0.04614 -0.02756 -0.99854
vn -0.04559 -0.02853 -0.99854
vn -0.04498 -0.02969 -0.99854
vn -0.92145 -0.24015 0.30531
vn -0.86813 -0.30927 0.38816
vn -0.89178 -0.2324 0.38816
vn -0.897 -0.31956 0.30531
vn 0.00433 -0.05356 0.99854
vn 0.00552 -0.05347 0.99854
vn 0.51582 0.42689 0.74273
vn 0.42897 0.42317 0.79806
vn 0.46419 0.38417 0.79806
vn 0.47667 0.47023 0.74273
vn -0.05243 0.01196 0.99854
vn -0.05261 0.01086 0.99854
vn 0.59651 -0.42375 -0.6816
vn -0.02564 0.04733 -0.99854
vn -0.02457 0.04785 -0.99854
vn -0.70159 0.71117 -0.04434
vn -0.76089 0.64733 0.04434
vn -0.70159 0.71117 0.04434
vn -0.76089 0.64733 -0.04434
vn 0.36427 -0.10025 0.92587
vn 0.44862 -0.08225 0.88989
vn 0.37159 -0.06812 0.92587
vn 0.43977 -0.12104 0.88989
vn 0.75152 0.62194 0.21992
vn 0.73357 0.6071 0.30534
vn 0.80285 0.55409 0.21992
vn 0.05292 -0.0097 -0.99854
vn 0.12726 -0.02332 -0.99158
vn 0.05188 -0.01425 -0.99854
vn 0.0521 -0.01312 -0.99854
vn 0.05246 -0.01202 -0.99854
vn 0.0528 -0.01077 -0.99854
vn 0.05173 0.01468 0.99854
vn 0.05136 0.01593 0.99854
vn -0.05353 -0.29197 -0.95489
vn -0.02786 -0.29554 -0.95489
vn -0.90252 0.42833 0.04434
vn -0.86175 0.50536 0.04434
vn -0.90252 0.42833 -0.04434
vn -0.18455 0.70803 -0.6816
vn -0.2646 0.7427 -0.6151
vn -0.19886 0.76293 -0.6151
vn -0.24555 0.68926 -0.6816
vn 0.72738 0.502 0.46785
vn 0.64657 0.53508 0.54366
vn 0.68087 0.56346 0.46785
vn 0.04505 0.12128 -0.99158
vn 0.0745 0.20045 -0.97684
vn 0.03433 0.12473 -0.99158
vn 0.52251 -0.0958 -0.84722
vn 0.5999 -0.05658 -0.79806
vn 0.5927 -0.10865 -0.79806
vn 0.52889 -0.04987 -0.84719
vn -0.46422 -0.38417 -0.79806
vn -0.37815 -0.37306 -0.84722
vn -0.42897 -0.42317 -0.79806
vn -0.40925 -0.33869 -0.84722
vn -0.42494 -0.89541 0.13269
vn -0.33985 -0.91437 0.21992
vn -0.34529 -0.92904 0.13269
vn 0.24088 -0.29106 0.92587
vn 0.20847 -0.21134 0.95489
vn 0.18925 -0.22871 0.95489
vn 0.26533 -0.26896 0.92587
vn 0.03745 0.03858 0.99854
vn 0.03571 0.04019 0.99854
vn 0.08383 0.09854 0.99158
vn 0.03482 0.04093 0.99854
vn 0.03656 0.03937 0.99854
vn 0.15134 0.82553 -0.54366
vn 0.08298 0.87988 -0.46782
vn 0.15937 0.86932 -0.46782
vn 0.0036 0.53121 -0.84719
vn -0.03665 0.45463 -0.88989
vn -0.0427 0.5295 -0.84719
vn 0.00308 0.4561 -0.88989
vn 0.93661 -0.1717 -0.30534
vn 0.91748 -0.08655 -0.38816
vn 0.94803 -0.08942 -0.30534
vn 0.90646 -0.16617 -0.38816
vn -0.83254 0.39512 0.3882
vn -0.79843 0.37892 0.46785
vn 0.34953 -0.76302 0.54366
vn 0.43669 -0.76836 0.46785
vn 0.41469 -0.72967 0.54366
vn 0.36805 -0.80349 0.46785
vn 0.72396 -0.42454 -0.54366
vn 0.79843 -0.37892 -0.46782
vn 0.76235 -0.44707 -0.46782
vn 0.75823 -0.35984 -0.54366
vn 0.50267 -0.60738 -0.6151
vn 0.53511 -0.64657 -0.54366
vn -0.91809 0.25269 0.30531
vn 0.39656 0.22538 -0.88989
vn 0.31095 0.21458 -0.92587
vn 0.37541 0.25907 -0.88989
vn 0.32847 0.18665 -0.92587
vn 0.12726 0.26817 -0.95489
vn 0.1034 0.27827 -0.95489
vn 0.09168 0.19318 -0.97684
vn -0.01581 0.05139 0.99854
vn -0.01691 0.05103 0.99854
vn -0.60219 -0.4156 0.6816
vn -0.51582 -0.42689 0.74273
vn -0.55107 -0.38029 0.74273
vn -0.56368 -0.46651 0.6816
vn -0.17872 -0.97488 -0.13269
vn -0.18015 -0.98263 -0.04434
vn 0.1717 0.93661 -0.30534
vn 0.17591 0.9595 -0.21995
vn -0.11762 -0.05387 -0.99158
vn -0.04889 -0.02234 -0.99854
vn -0.04834 -0.02344 -0.99854
vn -0.04791 -0.02457 -0.99854
vn -0.0474 -0.02567 -0.99854
vn 0.46184 0.26249 -0.84719
vn 0.52385 0.29771 -0.79806
vn 0.86169 0.48973 0.13269
vn 0.8222 0.56743 0.04434
vn 0.81573 0.56297 0.13269
vn 0.86853 0.49361 0.04434
vn -0.58309 -0.15195 0.79806
vn 0.29392 -0.95477 0.04428
vn 0.33265 -0.93365 0.13269
vn 0.29157 -0.94729 0.13257
vn 0.33528 -0.94104 0.04434
vn -0.22269 -0.8092 0.54366
vn -0.15937 -0.86929 0.46785
vn -0.99576 -0.08029 0.04434
vn -0.97723 -0.16547 0.13269
vn -0.98795 -0.07965 0.13269
vn -0.98498 -0.16678 0.04434
vn 0.12897 0.01038 -0.99158
vn 0.21085 0.03568 -0.97684
vn 0.21317 0.01718 -0.97684
vn 0.12757 0.02161 -0.99158
vn 0.42833 0.90252 -0.04434
vn 0.34529 0.92904 -0.13269
vn 0.34803 0.9364 -0.04434
vn 0.42494 0.89541 -0.13269
vn -0.72527 0.61702 -0.30531
vn -0.7513 0.53368 -0.38816
vn -0.7763 0.55147 -0.30534
vn 0.53121 -0.00357 -0.84722
vn 0.60256 -0.00406 -0.79806
vn -0.82141 0.4817 0.30531
vn -0.88128 0.41826 0.21992
vn -0.86026 0.40825 0.30534
vn -0.84146 0.49348 0.21992
vn -0.81573 -0.56297 -0.13269
vn -0.75152 -0.62194 -0.21995
vn -0.76357 -0.63192 -0.13269
vn -0.80285 -0.55406 -0.21995
vn -0.42494 -0.89541 -0.13269
vn 0.50041 0.17829 0.84719
vn 0.42967 0.15308 0.88989
vn 0.48296 0.22123 0.84719
vn 0.82553 -0.15134 -0.54366
vn 0.87988 -0.08298 -0.46782
vn 0.86932 -0.15937 -0.46782
vn 0.83557 -0.0788 -0.54366
vn 0.18592 0.10566 0.97684
vn 0.24433 0.16861 0.95489
vn 0.176 0.12146 0.97684
vn 0.2581 0.14667 0.95489
vn -0.05329 0.00732 -0.99854
vn -0.05341 0.00613 -0.99854
vn 0.28703 -0.93237 -0.21973
vn 0.31959 -0.897 -0.30534
vn 0.3274 -0.91891 -0.21995
vn 0.28022 -0.91015 -0.30506
vn 0.85211 -0.23453 0.46785
vn 0.82553 -0.15134 0.54366
vn 0.8092 -0.22269 0.54366
vn 0.86929 -0.15937 0.46785
vn -0.19443 -0.08905 -0.97684
vn -0.56127 -0.5537 -0.6151
vn -0.60738 -0.50267 -0.6151
vn 0.01874 0.05039 -0.99854
vn 0.01758 0.05087 -0.99854
vn -0.00388 -0.05365 -0.99854
vn -0.00507 -0.0535 -0.99854
vn 0.15384 -0.90863 -0.3882
vn 0.19977 -0.93112 -0.30506
vn 0.15897 -0.93887 -0.30531
vn 0.19333 -0.90118 -0.38786
vn -0.05277 -0.01022 0.99854
vn -0.05255 -0.01132 0.99854
vn 0.08029 -0.99576 0.04434
vn 0.16678 -0.98498 -0.04434
vn 0.16678 -0.98498 0.04434
vn 0.08029 -0.99576 -0.04434
vn 0.60256 -0.00409 0.79806
vn 0.5295 0.0427 0.84719
vn 0.53121 -0.0036 0.84719
vn 0.6006 0.04843 0.79806
vn 0.27964 0.09961 0.95489
vn 0.26991 0.1236 0.95489
vn 0.35588 0.12677 0.92587
vn 0.20045 -0.0745 0.97684
vn 0.20618 -0.05673 0.97684
vn -0.37013 -0.63115 -0.6816
vn -0.33802 -0.71227 -0.6151
vn -0.39882 -0.6801 -0.6151
vn -0.31373 -0.66103 -0.6816
vn -0.05387 0.11762 -0.99158
vn -0.02661 0.04688 -0.99854
vn -0.06394 0.11246 -0.99158
vn -0.02234 0.04898 -0.99854
vn -0.02347 0.0484 -0.99854
vn -0.98498 -0.16678 -0.04434
vn -0.9667 -0.25193 0.04434
vn -0.9667 -0.25193 -0.04434
vn -0.04907 0.02194 0.99854
vn -0.04981 -0.0202 0.99854
vn -0.04935 -0.02121 0.99854
vn -0.00085 -0.12937 0.99158
vn 0.01718 -0.21317 0.97684
vn 0.01041 -0.12897 0.99158
vn -0.00143 -0.21384 0.97684
vn 0.00626 0.92154 -0.38816
vn -0.07105 0.88092 -0.46785
vn -0.07407 0.91858 -0.3882
vn 0.00598 0.88379 -0.46785
vn -0.16889 0.64791 -0.74273
vn -0.15198 0.58309 -0.79803
vn 0.05368 -0.00504 -0.99854
vn 0.05353 -0.00629 -0.99854
vn 0.18015 0.98263 -0.04434
vn 0.09305 0.98675 -0.13269
vn 0.09381 0.9946 -0.04434
vn 0.17872 0.97488 -0.13269
vn -0.57854 -0.81442 0.04434
vn -0.57854 -0.81442 -0.04434
vn 0.20847 -0.21134 -0.95489
vn 0.22611 -0.19236 -0.95489
vn 0.15018 -0.15223 -0.97684
vn 0.0788 0.83557 0.54366
vn 0.00534 0.78842 0.6151
vn 0.07404 0.78494 0.6151
vn 0.00568 0.83926 0.54369
vn -0.56761 -0.20219 0.79806
vn -0.48296 -0.22123 0.84719
vn -0.50041 -0.17826 0.84719
vn -0.05078 0.01761 0.99854
vn -0.05118 0.01642 0.99854
vn 0.23325 0.62761 0.74273
vn 0.19416 0.70547 0.6816
vn 0.17768 0.64556 0.74273
vn 0.25492 0.68584 0.6816
vn 0.93887 0.15897 0.30531
vn 0.92145 0.24018 0.30531
vn 0.70995 0.58754 -0.38816
vn 0.62917 0.62065 -0.46785
vn 0.65606 0.64721 -0.3882
vn 0.68087 0.56346 -0.46785
vn -0.03986 -0.0361 0.99854
vn -0.03909 -0.0369 0.99854
vn 0.26817 -0.12726 -0.95489
vn 0.19318 -0.09168 -0.97684
vn 0.48604 0.68419 0.54366
vn 0.39885 0.6801 0.6151
vn 0.45659 0.64275 0.6151
vn 0.42454 0.72396 0.54366
vn -0.09085 0.0921 0.99158
vn -0.03861 0.03739 0.99854
vn -0.03775 0.0383 0.99854
vn -0.04093 0.03482 0.99854
vn 0.94104 0.33528 0.04434
vn 0.90826 0.41603 -0.04434
vn 0.90826 0.41603 0.04434
vn 0.10865 0.5927 -0.79806
vn 0.04987 0.52889 -0.84719
vn 0.05658 0.5999 -0.79806
vn 0.09577 0.52251 -0.84722
vn -0.10025 -0.36427 -0.92587
vn -0.06812 -0.37162 -0.92587
vn -0.07877 -0.2862 -0.95489
vn 0.59746 0.5894 -0.54366
vn 0.51088 0.60051 0.6151
vn 0.54381 0.63924 0.54366
vn -0.03345 0.04224 -0.99854
vn -0.0325 0.04291 -0.99854
vn -0.76293 -0.19883 -0.6151
vn 0.30799 -0.21879 -0.92587
vn 0.39344 -0.23072 -0.88989
vn 0.37184 -0.26414 -0.88989
vn 0.32588 -0.19111 -0.92587
vn 0.56346 -0.68087 -0.46782
vn 0.62761 -0.23325 0.74273
vn 0.68584 -0.25489 0.6816
vn 0.05292 0.0101 -0.99854
vn 0.05304 0.00903 -0.99854
vn 0.26414 0.37184 0.88989
vn 0.26872 0.45824 0.84719
vn 0.23075 0.39344 0.88989
vn 0.30763 0.43306 0.84719
vn 0.12519 0.03262 -0.99158
vn 0.05078 0.01807 -0.99854
vn 0.12186 0.0434 -0.99158
vn 0.052 0.01364 -0.99854
vn 0.05167 0.01465 -0.99854
vn 0.05145 0.01584 -0.99854
vn 0.05112 0.017 -0.99854
vn 0.13633 -0.16474 -0.97684
vn 0.09085 -0.0921 -0.99158
vn 0.08249 -0.09967 -0.99158
vn -0.0788 -0.83557 -0.54366
vn -0.00534 -0.78842 -0.6151
vn -0.00568 -0.83926 -0.54366
vn -0.07404 -0.78494 -0.6151
vn -0.51216 0.14096 -0.84719
vn -0.5927 0.10865 -0.79803
vn -0.58095 0.15989 -0.79803
vn -0.52251 0.0958 -0.84722
vn 0.29197 -0.05353 -0.95489
vn 0.37162 -0.06812 -0.92587
vn -0.37779 0.00253 0.92587
vn -0.37657 -0.03037 0.92587
vn 0.07614 -0.44972 -0.88989
vn 0.11151 -0.51976 -0.84698
vn 0.08869 -0.52376 -0.84722
vn 0.09574 -0.4463 -0.88971
vn -0.82553 0.15134 -0.54369
vn -0.78494 0.07404 -0.6151
vn -0.83557 0.0788 -0.54369
vn -0.77551 0.14216 -0.6151
vn -0.22471 0.63073 -0.74273
vn -0.25092 0.54784 -0.79803
vn -0.27882 0.60875 -0.74273
vn -0.20225 0.56761 -0.79803
vn 0.73357 0.6071 -0.30534
vn 0.78372 0.54085 -0.30534
vn 0.56127 0.5537 -0.6151
vn 0.88852 -0.24454 0.38816
vn 0.93661 -0.1717 0.30534
vn 0.90646 -0.16617 0.38816
vn 0.91809 -0.25269 0.30531
vn -0.0521 -0.01334 -0.99854
vn -0.05176 -0.01459 -0.99854
vn -0.28776 0.24479 -0.92587
vn -0.30799 0.21879 -0.92587
vn 0.72048 -0.51183 0.46785
vn 0.76238 -0.44707 0.46782
vn 0.4767 -0.69076 -0.54366
vn 0.4478 -0.64888 -0.6151
vn 0.94052 -0.25886 0.21992
vn 0.9144 -0.33985 0.21992
vn 0.93365 0.33265 0.13269
vn 0.9667 0.25199 0.04434
vn 0.81442 -0.57854 -0.04434
vn 0.85498 -0.50139 -0.13269
vn 0.86175 -0.50536 -0.04434
vn 0.80801 -0.57399 -0.13269
vn -0.31092 -0.21458 -0.92587
vn -0.35139 -0.29081 -0.88989
vn -0.37538 -0.25907 -0.88989
vn -0.29106 -0.24088 -0.92587
vn -0.50536 -0.86175 -0.04434
vn -0.50536 -0.86175 0.04434
vn 0.40925 0.33869 -0.84719
vn 0.43721 0.30174 -0.84719
vn 0.35139 0.29081 -0.88989
vn -0.5537 0.56127 0.6151
vn -0.63924 0.54384 0.54366
vn -0.5894 0.59746 0.54366
vn 0.78588 0.06339 0.6151
vn 0.82751 0.14011 0.54366
vn 0.77737 0.13163 0.6151
vn 0.83657 0.06745 0.54366
vn 0.19443 0.08905 0.97684
vn -0.3047 0.66521 -0.6816
vn -0.49593 -0.34223 0.79806
vn -0.46419 -0.38417 0.79806
vn 0.07492 0.10547 -0.99158
vn 0.10819 0.18445 -0.97684
vn 0.12381 0.17435 -0.97684
vn 0.06543 0.11161 -0.99158
vn 0.34132 -0.16199 0.92587
vn 0.27827 -0.1034 0.95489
vn 0.2682 -0.12729 0.95489
vn 0.35414 -0.1316 0.92587
vn -0.96179 -0.16285 0.21992
vn -0.95911 -0.24995 0.13269
vn -0.94397 -0.24601 0.21992
vn -0.23325 -0.62761 0.74273
vn -0.15989 -0.58095 0.79806
vn -0.20994 -0.56481 0.79806
vn -0.17768 -0.64556 0.74273
vn 0.70193 -0.59716 0.38816
vn 0.7513 -0.53368 0.3882
vn 0.72527 -0.61702 0.30531
vn -0.33869 0.40922 -0.84719
vn -0.30174 0.43721 -0.84719
vn -0.29081 0.35139 -0.88989
vn -0.02762 0.04627 -0.99854
vn -0.45408 0.04282 -0.88989
vn -0.4561 0.00308 -0.88989
vn 0.03302 0.04242 -0.99854
vn 0.03217 0.04331 -0.99854
vn -0.07178 0.20145 0.97684
vn -0.05387 0.11762 0.99158
vn -0.04343 0.12186 0.99158
vn -0.08905 0.19443 0.97684
vn -0.34895 -0.49123 -0.79806
vn -0.33869 -0.57756 -0.74273
vn -0.38777 -0.54585 -0.74273
vn -0.30482 -0.51979 -0.79803
vn -0.03436 0.04154 -0.99854
vn -0.09085 0.0921 -0.99158
vn -0.08249 0.09967 -0.99158
vn -0.03525 0.0408 -0.99854
vn -0.03601 0.04001 -0.99854
vn -0.03693 0.03916 -0.99854
vn -0.03778 0.03818 -0.99854
vn 0.29081 -0.35139 0.88989
vn 0.32032 -0.32469 0.88989
vn -0.12937 0.00085 0.99158
vn -0.05377 -0.00076 0.99854
vn -0.05371 0.00031 0.99854
vn -0.05365 -0.00311 0.99854
vn -0.12897 -0.01038 0.99158
vn -0.05362 -0.0043 0.99854
vn -0.05371 -0.00198 0.99854
vn -0.19416 -0.70547 -0.6816
vn -0.12073 -0.65859 -0.74273
vn -0.13193 -0.71969 -0.6816
vn -0.17768 -0.64556 -0.74273
vn 0.81213 0.21171 0.54366
vn 0.83251 0.29661 0.46785
vn 0.79058 0.28169 0.54366
vn -0.87988 0.08298 0.46785
vn -0.83557 0.0788 0.54369
vn -0.08298 -0.87988 0.46785
vn 0.64275 -0.45659 -0.6151
vn -0.02383 0.29591 0.95489
vn -0.03034 0.37657 0.92587
vn 0.03546 0.37614 -0.92587
vn 0.04282 0.45412 -0.88989
vn 0.00256 0.37779 -0.92587
vn 0.2927 0.04956 0.95489
vn 0.20695 0.05393 0.97684
vn 0.21085 0.03571 0.97684
vn 0.28724 0.07489 0.95489
vn -0.46184 -0.26249 0.84719
vn -0.39653 -0.22538 0.88989
vn 0.49593 0.34227 0.79806
vn 0.55107 0.38029 0.74273
vn -0.41826 -0.88128 -0.21992
vn -0.33174 -0.89257 -0.30534
vn -0.40828 -0.86026 -0.30534
vn 0.4799 -0.22776 -0.84722
vn 0.49794 -0.18506 -0.84719
vn 0.99112 -0.00671 -0.13269
vn 0.99576 0.08029 -0.04434
vn 0.99896 -0.00678 -0.04434
vn 0.98795 0.07965 -0.13269
vn -0.00623 -0.05341 -0.99854
vn 0.01215 0.12882 0.99158
vn 0.00143 0.21384 0.97684
vn 0.00085 0.12937 0.99158
vn 0.02008 0.2129 0.97684
vn -0.85211 0.23453 -0.46785
vn -0.86929 0.15937 -0.46782
vn -0.04483 -0.02957 0.99854
vn -0.04425 -0.03052 0.99854
vn 0.38417 -0.46422 -0.79803
vn 0.37306 -0.37815 -0.84719
vn 0.33869 -0.40925 -0.84719
vn -0.42689 0.51582 0.74273
vn -0.46651 0.56368 0.6816
vn -0.94107 -0.33525 -0.04437
vn -0.90823 -0.41603 0.04434
vn -0.94107 -0.33525 0.04434
vn -0.90826 -0.41603 -0.04434
vn 0.97488 -0.17872 -0.13269
vn 0.97119 -0.09159 -0.21992
vn 0.98675 -0.09308 -0.13269
vn 0.9595 -0.17591 -0.21992
vn -0.69076 -0.4767 -0.54366
vn -0.64657 -0.53511 -0.54366
vn -0.64888 -0.44783 -0.6151
vn -0.57399 -0.80801 0.13269
vn -0.64223 -0.75491 0.13269
vn 0.04999 -0.01978 0.99854
vn 0.0495 -0.02094 0.99854
vn -0.04172 0.03391 0.99854
vn -0.897 -0.31956 -0.30534
vn -0.83786 -0.38377 -0.3882
vn -0.86572 -0.39656 -0.30534
vn -0.86813 -0.30927 -0.38816
vn -0.32832 0.71679 0.6151
vn -0.3047 0.66521 0.6816
vn -0.38957 0.68545 0.6151
vn -0.79495 0.46617 -0.3882
vn -0.82141 0.4817 -0.30531
vn 0.05673 0.20618 0.97684
vn 0.05353 0.292 0.95489
vn 0.03854 0.21033 0.97684
vn 0.07877 0.2862 0.95489
vn -0.53508 0.64657 0.54366
vn -0.50267 0.60738 0.6151
vn 0.40828 0.86026 0.30534
vn 0.39512 0.83254 0.38816
vn 0.48167 0.82141 0.30531
vn 0.43385 0.50999 -0.74273
vn 0.47411 0.5573 -0.6816
vn -0.00623 -0.92154 0.3882
vn 0.07105 -0.88092 0.46785
vn -0.00598 -0.88379 0.46785
vn 0.07407 -0.91858 0.3882
vn 0.17191 0.24201 0.95489
vn 0.19111 0.32591 0.92587
vn 0.21879 0.30799 0.92587
vn -0.04517 0.0293 -0.99854
vn -0.04572 0.02823 -0.99854
vn -0.00678 -0.99896 -0.04434
vn -0.00678 -0.99896 0.04434
vn 0.0784 -0.97235 0.21992
vn 0.16547 -0.97723 0.13269
vn 0.16285 -0.96179 0.21995
vn 0.07965 -0.98795 0.13269
vn -0.0745 -0.20045 0.97684
vn -0.04505 -0.12128 0.99158
vn -0.08942 -0.94803 -0.30534
vn -0.00659 -0.97546 -0.21992
vn -0.09162 -0.97119 -0.21992
vn -0.00644 -0.95221 -0.30534
vn 0.25092 -0.54781 -0.79806
vn 0.29774 -0.52385 -0.79806
vn 0.02918 0.04517 -0.99854
vn 0.03027 0.04459 -0.99854
vn 0.1268 -0.35588 0.92587
vn 0.15732 -0.34349 0.92587
vn -0.18506 -0.49794 0.84719
vn -0.14096 -0.51219 0.84719
vn 0.42689 -0.51582 -0.74273
vn -0.04355 -0.03143 -0.99854
vn -0.04291 -0.03247 -0.99854
vn -0.04224 -0.03348 -0.99854
vn 0.1268 -0.35588 -0.92587
vn 0.18995 -0.41469 -0.88989
vn 0.15732 -0.34349 -0.92587
vn 0.11176 -0.66015 0.74273
vn 0.12647 -0.5895 0.79778
vn 0.10059 -0.5941 0.79806
vn 0.14054 -0.65499 0.74242
vn 0.09159 0.97119 0.21995
vn 0.00647 0.95221 0.30531
vn 0.08942 0.94803 0.30531
vn 0.00662 0.97546 0.21992
vn -0.63613 -0.36152 0.6816
vn -0.66521 -0.3047 0.6816
vn 0.57399 0.80801 0.13269
vn 0.49345 0.84146 0.21992
vn 0.56493 0.79525 0.21992
vn 0.50139 0.85498 0.13269
vn 0.57756 -0.33869 -0.74273
vn 0.63115 -0.37013 -0.6816
vn -0.39885 -0.6801 0.6151
vn -0.3137 -0.661 0.6816
vn -0.37013 -0.63115 0.6816
vn -0.33802 -0.71227 0.6151
vn 0.4156 -0.60219 -0.6816
vn 0.46651 -0.56368 -0.6816
vn 0.38032 -0.55107 -0.74273
vn 0.96319 -0.26508 0.04434
vn 0.98263 -0.18015 -0.04434
vn 0.01038 -0.12894 -0.99158
vn 0.01718 -0.21317 -0.97684
vn -0.03037 0.37657 -0.92587
vn -0.04956 0.29267 -0.95489
vn -0.06305 0.37251 -0.92587
vn -0.02387 0.29588 -0.95489
vn 0.86383 -0.32109 -0.3882
vn 0.11127 -0.36137 -0.92575
vn -0.28727 -0.07486 0.95489
vn -0.21458 0.31095 0.92587
vn 0.37657 0.03037 -0.92587
vn 0.44972 0.07614 -0.88989
vn 0.45463 0.03665 -0.88989
vn 0.37251 0.06305 -0.92587
vn -0.02652 0.04672 0.99854
vn -0.02762 0.04614 0.99854
vn -0.62069 0.62914 0.46785
vn 0.21033 -0.03854 -0.97684
vn 0.29554 -0.02786 -0.95489
vn 0.2129 -0.02008 -0.97684
vn -0.04807 0.02408 0.99854
vn -0.04672 -0.02655 0.99854
vn -0.04611 -0.02756 0.99854
vn -0.5573 0.47411 -0.6816
vn -0.99576 -0.08029 -0.04434
vn 0.12879 -0.01215 -0.99158
vn -0.88379 0.00598 -0.46782
vn -0.92154 0.00626 -0.3882
vn -0.88095 -0.07105 -0.46782
vn -0.42317 0.42894 0.79806
vn -0.40461 0.34422 0.84719
vn -0.37306 0.37815 0.84719
vn -0.00964 -0.05289 0.99854
vn -0.00851 -0.05304 0.99854
vn -0.21879 -0.30799 0.92587
vn -0.15015 -0.25608 0.95489
vn -0.17191 -0.24201 0.95489
vn -0.19111 -0.32588 0.92587
vn 0.28724 0.07486 -0.95489
vn 0.29267 0.04956 -0.95489
vn 0.20695 0.05393 -0.97684
vn -0.07492 -0.10547 -0.99158
vn -0.10816 -0.18445 -0.97684
vn -0.12384 -0.17432 -0.97684
vn -0.06543 -0.11161 -0.99158
vn 0.15226 0.15018 -0.97684
vn 0.19236 0.22611 -0.95489
vn 0.21131 0.20847 -0.95489
vn 0.13858 0.16288 -0.97684
vn 0.15354 -0.71572 0.68126
vn 0.12214 -0.72143 0.6816
vn -0.37541 -0.25907 0.88989
vn -0.40925 -0.33869 0.84719
vn -0.35139 -0.29078 0.88989
vn -0.43721 -0.30174 0.84719
vn -0.07486 0.28724 -0.95489
vn -0.07175 0.20145 -0.97684
vn -0.09961 0.27964 -0.95489
vn -0.05393 0.20695 -0.97684
vn -0.59746 -0.58943 -0.54366
vn -0.42372 -0.59651 -0.6816
vn -0.00455 -0.66955 -0.74273
vn -0.00494 -0.73168 -0.6816
vn 0.56297 -0.81573 0.13269
vn 0.63692 -0.76962 0.04434
vn 0.63192 -0.76357 0.13269
vn 0.56743 -0.8222 0.04434
vn -0.0958 -0.52251 -0.84719
vn -0.05658 -0.5999 -0.79806
vn -0.10865 -0.5927 -0.79806
vn -0.04987 -0.52889 -0.84719
vn -0.94803 0.08942 -0.30534
vn -0.97546 0.00659 -0.21992
vn -0.97119 0.09159 -0.21992
vn -0.95221 0.00644 -0.30531
vn 0.76357 0.63192 0.13269
vn 0.70995 0.58754 0.38816
vn 0.67788 0.66872 0.30534
vn 0.65606 0.64721 0.3882
vn 0.69445 0.68508 -0.21992
vn 0.61702 0.72527 -0.30534
vn 0.63207 0.743 -0.21995
vn 0.67788 0.66872 -0.30534
vn -0.61702 -0.72527 0.30531
vn -0.53371 -0.75127 0.3882
vn -0.59713 -0.70193 0.3882
vn -0.55144 -0.7763 0.30534
vn 0.36558 0.09528 -0.92587
vn 0.42967 0.15308 -0.88989
vn 0.44136 0.11505 -0.88989
vn 0.35588 0.1268 -0.92587
vn -0.68087 -0.56346 0.46785
vn -0.65606 -0.64721 0.3882
vn -0.62917 -0.62065 0.46785
vn -0.70995 -0.58754 0.3882
vn -0.34422 -0.40461 -0.84722
vn -0.39042 -0.45894 -0.79806
vn -0.30766 -0.43306 -0.84722
vn 0.03119 0.04395 -0.99854
vn -0.41469 0.72967 0.54369
vn -0.4767 0.69076 0.54366
vn -0.43669 0.76836 0.46782
vn -0.04855 0.02298 0.99854
vn -0.05152 0.01535 0.99854
vn -0.05179 0.01431 0.99854
vn -0.05036 0.01871 0.99854
vn -0.13193 -0.71969 0.6816
vn -0.12073 -0.65856 0.74273
vn -0.11762 -0.05387 0.99158
vn -0.04834 -0.02344 0.99854
vn -0.04886 -0.02237 0.99854
vn -0.0473 -0.02548 0.99854
vn -0.11249 -0.06391 0.99158
vn -0.04788 -0.02441 0.99854
vn 0.05036 0.0191 -0.99854
vn -0.76016 0.20923 0.6151
vn -0.77551 0.14216 0.6151
vn -0.25269 -0.91809 -0.30531
vn 0.03861 -0.03751 0.99854
vn 0.0394 -0.03653 0.99854
vn -0.32032 0.32472 0.88989
vn 0.04935 0.02133 0.99854
vn 0.12186 0.0434 0.99158
vn 0.05023 0.0191 0.99854
vn 0.05063 0.01798 0.99854
vn 0.04984 0.0202 0.99854
vn 0.27964 0.09961 -0.95489
vn 0.19443 0.08905 -0.97684
vn 0.26988 0.1236 -0.95489
vn 0.20145 0.07178 -0.97684
vn 0.07654 -0.94916 0.30531
vn 0.45412 -0.04282 -0.88989
vn 0.37779 -0.00253 -0.92587
vn 0.4561 -0.00308 -0.88989
vn 0.37614 -0.03546 -0.92587
vn -0.26414 -0.37184 0.88989
vn -0.23325 -0.62761 -0.74273
vn -0.28709 -0.60488 -0.74273
vn -0.87988 0.08298 -0.46782
vn -0.83926 0.00568 -0.54366
vn 0.71117 0.70159 0.04434
vn 0.64733 0.76089 0.04434
vn 0.00778 -0.05319 -0.99854
vn 0.00662 -0.05338 -0.99854
vn 0.02786 0.29554 0.95489
vn 0.00201 0.29685 0.95489
vn 0.91891 0.3274 0.21992
vn 0.897 0.31959 0.30534
vn 0.30482 0.51976 0.79806
vn 0.28709 0.60488 0.74273
vn 0.25834 0.54436 0.79806
vn 0.33869 0.57756 0.74273
vn 0.15223 0.15018 0.97684
vn 0.13855 0.16288 0.97684
vn 0.08383 0.09854 -0.99158
vn -0.76962 -0.63692 -0.04434
vn -0.76962 -0.63692 0.04434
vn -0.79525 0.56493 -0.21992
vn -0.10343 -0.27824 -0.95489
vn -0.13163 -0.35414 -0.92587
vn 0.66955 -0.00452 -0.74273
vn 0.6006 0.04843 -0.79806
vn 0.66741 0.0538 -0.74273
vn -0.78671 0.2924 0.54366
vn -0.7582 0.35984 0.54366
vn -0.82842 0.3079 0.46785
vn -0.09308 -0.98675 -0.13269
vn -0.00671 -0.99112 -0.13269
vn -0.44972 -0.07614 0.88989
vn -0.24433 -0.16861 0.95489
vn -0.16474 -0.13633 0.97684
vn -0.176 -0.12146 0.97684
vn -0.22868 -0.18928 0.95489
vn -0.0343 0.04141 0.99854
vn -0.03519 0.04056 0.99854
vn -0.07614 0.44972 0.88989
vn -0.11505 0.44136 0.88989
vn 0.24201 -0.17191 -0.95489
vn 0.18445 -0.10819 -0.97684
vn 0.25605 -0.15015 -0.95489
vn 0.02957 -0.04489 -0.99854
vn 0.02853 -0.04566 -0.99854
vn 0.42494 0.89541 0.13269
vn 0.33985 0.9144 0.21992
vn 0.41826 0.88128 0.21995
vn 0.34529 0.92904 0.13269
vn 0.44136 0.11505 0.88989
vn 0.36558 0.09528 0.92587
vn 0.04489 0.0296 0.99854
vn 0.10648 0.07349 0.99158
vn 0.04556 0.0285 0.99854
vn -0.9364 0.34803 0.04434
vn -0.9364 0.34803 -0.04434
vn -0.17591 -0.9595 -0.21992
vn 0.24088 -0.29106 -0.92587
vn 0.29081 -0.35139 -0.88989
vn -0.03745 -0.03854 0.99854
vn -0.03656 -0.03946 0.99854
vn -0.92904 0.34529 -0.13269
vn -0.96319 0.26511 -0.04434
vn -0.9556 0.26301 -0.13269
vn 0.43669 -0.76836 -0.46785
vn 0.502 -0.72738 -0.46782
vn 0.41469 -0.72967 -0.54366
vn 0.01981 0.04996 -0.99854
vn -0.44972 -0.07614 -0.88989
vn -0.36558 -0.09528 -0.92587
vn -0.44136 -0.11502 -0.88989
vn -0.37251 -0.06305 -0.92587
vn -0.37657 -0.03037 -0.92587
vn -0.29267 -0.04956 -0.95489
vn -0.29591 -0.02383 -0.95489
vn -0.07349 0.10648 -0.99158
vn -0.0286 0.04556 -0.99854
vn -0.02957 0.04495 -0.99854
vn -0.03049 0.04419 -0.99854
vn -0.9595 0.17591 0.21992
vn -0.97119 0.09159 0.21992
vn 0.2924 0.78671 -0.54366
vn 0.23453 0.85211 -0.46782
vn 0.3079 0.82842 -0.46785
vn 0.22272 0.80917 -0.54366
vn 0.7427 0.26463 0.6151
vn 0.76293 0.19886 0.6151
vn -0.69445 -0.68508 -0.21992
vn -0.42454 -0.72399 0.54366
vn -0.54436 0.25834 -0.79803
vn -0.62761 0.23325 -0.74273
vn -0.60491 0.28709 -0.74273
vn -0.56481 0.20994 -0.79806
vn 0.37614 -0.03549 0.92587
vn 0.45408 -0.04282 0.88989
vn -0.39512 -0.83254 -0.38816
vn -0.32105 -0.86383 -0.3882
vn -0.22471 0.63073 0.74273
vn -0.16889 0.64791 0.74273
vn 0.51976 -0.30482 -0.79806
vn 0.26301 0.9556 0.13269
vn 0.17591 0.9595 0.21992
vn 0.25886 0.94052 0.21992
vn 0.17872 0.97488 0.13269
vn -0.72048 0.51183 -0.46785
vn -0.76238 0.44707 -0.46782
vn 0.96179 0.16285 -0.21992
vn 0.3079 0.82842 0.46785
vn 0.37892 0.79843 0.46785
vn 0.32105 0.86383 0.38816
vn 0.03916 0.03705 -0.99854
vn 0.03833 0.0379 -0.99854
vn -0.21317 -0.01718 -0.97684
vn -0.21085 -0.03568 -0.97684
vn 0.22123 -0.48296 0.84719
vn 0.22538 -0.39656 0.88989
vn 0.18995 -0.41469 0.88989
vn 0.26249 -0.46184 0.84719
vn -0.59716 -0.70193 -0.3882
vn -0.55144 -0.7763 -0.30534
vn -0.61702 -0.72527 -0.30531
vn -0.53371 -0.75127 -0.3882
vn 0.00494 0.0535 0.99854
vn -0.31959 0.897 -0.30534
vn -0.30931 0.8681 -0.38816
vn -0.77737 -0.13163 0.6151
vn 0.29106 0.24088 0.92587
vn 0.32469 0.32032 0.88989
vn 0.26896 0.2653 0.92587
vn 0.35139 0.29081 0.88989
vn -0.70547 0.19416 -0.6816
vn -0.71969 0.13193 -0.6816
vn 0.37779 -0.00253 0.92587
vn 0.45463 0.03665 0.88989
vn 0.37657 0.03037 0.92587
vn 0.4561 -0.00308 0.88989
vn 0.90109 0.41276 -0.13269
vn 0.43306 -0.30763 -0.84719
vn 0.45824 -0.26872 -0.84719
vn -0.93365 -0.33259 0.13269
vn -0.88687 -0.40623 0.21995
vn -0.91894 -0.32734 0.21992
vn -0.90109 -0.41273 0.13269
vn -0.63692 0.76962 0.04437
vn -0.63192 0.76357 0.13269
vn -0.56743 0.8222 0.04434
vn -0.70559 -0.69607 0.13269
vn 0.64791 0.16889 0.74273
vn 0.68926 0.24555 0.6816
vn 0.70803 0.18455 0.6816
vn -0.78372 -0.54085 -0.30534
vn -0.70995 -0.58754 -0.3882
vn -0.7336 -0.6071 -0.30534
vn -0.75848 -0.52342 -0.3882
vn 0.02667 -0.04685 -0.99854
vn 0.02564 -0.0474 -0.99854
vn -0.72738 -0.502 0.46785
vn -0.64657 -0.53508 0.54366
vn -0.69076 -0.4767 0.54366
vn -0.51384 0.52089 0.6816
vn 0.42894 0.42317 -0.79806
vn 0.37819 0.37306 -0.84719
vn -0.04578 0.02817 0.99854
vn -0.11161 0.06543 0.99158
vn -0.0463 0.02722 0.99854
vn -0.0445 0.03009 0.99854
vn -0.04382 0.03113 0.99854
vn -0.04511 0.02915 0.99854
vn -0.19236 -0.22611 -0.95489
vn -0.21879 -0.30799 -0.92587
vn -0.24479 -0.28776 -0.92587
vn -0.17191 -0.24201 -0.95489
vn -0.94052 0.25886 -0.21992
vn -0.93661 0.1717 -0.30534
vn -0.9595 0.17591 -0.21992
vn -0.91809 0.25269 -0.30531
vn -0.62761 0.23325 0.74273
vn -0.70547 0.19416 0.6816
vn -0.64556 0.17768 0.74273
vn -0.68584 0.25489 0.6816
vn -0.37184 0.26414 0.88989
vn -0.34739 0.29554 0.88989
vn -0.43306 0.30766 0.84719
vn -0.4799 0.22776 0.84719
vn -0.45824 0.26872 0.84719
vn -0.19236 -0.22611 0.95489
vn -0.24479 -0.28776 0.92587
vn 0.38957 -0.68545 -0.6151
vn 0.32835 -0.71679 -0.6151
vn -0.81442 0.57854 0.04434
vn -0.44862 0.08225 0.88989
vn -0.52889 0.04987 0.84719
vn -0.45408 0.04282 0.88989
vn -0.52251 0.0958 0.84719
vn -0.26988 -0.1236 -0.95489
vn -0.32844 -0.18668 -0.92587
vn -0.34349 -0.15732 -0.92587
vn -0.03858 0.03745 -0.99854
vn -0.03946 0.03665 -0.99854
vn 0.88852 -0.24454 -0.38816
vn -0.56127 -0.5537 0.6151
vn -0.52089 -0.51384 0.6816
vn 0.24201 -0.17191 0.95489
vn 0.22611 -0.19236 0.95489
vn -0.25834 -0.54436 0.79806
vn -0.30482 -0.51976 0.79806
vn 0.60875 0.27882 -0.74273
vn -0.19318 0.09168 0.97684
vn -0.11689 0.05548 0.99158
vn -0.18445 0.10816 0.97684
vn 0.59746 0.5894 0.54366
vn 0.56127 0.5537 0.6151
vn 0.2129 -0.02008 0.97684
vn 0.29685 -0.00201 0.95489
vn 0.21384 -0.00143 0.97684
vn 0.29554 -0.02786 0.95489
vn -0.03122 -0.04395 -0.99854
vn -0.03391 -0.04169 -0.99854
vn -0.03302 -0.04242 -0.99854
vn -0.03211 -0.04331 -0.99854
vn 0.22871 0.18925 0.95489
vn 0.16474 0.13633 0.97684
vn 0.00308 0.4561 0.88989
vn 0.00253 0.37779 0.92587
vn -0.03665 0.45463 0.88989
vn -0.71227 0.33802 -0.6151
vn -0.05673 -0.20618 0.97684
vn -0.03433 -0.12473 0.99158
vn 0.63924 -0.54381 0.54366
vn 0.60051 -0.51088 0.6151
vn 0.07407 -0.91858 -0.3882
vn 0.07105 -0.88092 -0.46785
vn -0.55406 0.80285 -0.21992
vn -0.76357 -0.63192 0.13269
vn -0.01541 -0.05148 0.99854
vn -0.01425 -0.05179 0.99854
vn 0.0097 0.05286 0.99854
vn 0.00858 0.05304 0.99854
vn -0.15937 -0.86929 -0.46785
vn -0.16617 -0.90646 -0.3882
vn -0.04639 0.02722 -0.99854
vn -0.26991 -0.12363 0.95489
vn -0.27964 -0.09961 0.95489
vn 0.71679 0.32835 -0.6151
vn 0.72967 0.41469 -0.54366
vn 0.76302 0.34953 -0.54366
vn 0.68545 0.38957 -0.6151
vn 0.04868 -0.02322 -0.99854
vn 0.11689 -0.05545 -0.99158
vn 0.04917 -0.02216 -0.99854
vn 0.04956 -0.02091 -0.99854
vn 0.04999 -0.01978 -0.99854
vn 0.05045 -0.01874 -0.99854
vn 0.27467 0.73904 0.6151
vn 0.22272 0.80917 0.54366
vn 0.20923 0.76016 0.6151
vn 0.2924 0.78671 0.54366
vn 0.03394 0.04172 -0.99854
vn 0.83786 0.38377 0.3882
vn 0.76836 0.43669 0.46785
vn 0.80349 0.36805 0.46785
vn 0.292 -0.05353 0.95489
vn 0.34895 0.49123 -0.79803
vn 0.06308 -0.37251 -0.92587
vn 0.03037 -0.3766 -0.92587
vn 0.2862 -0.07877 0.95489
vn -0.34895 -0.49123 0.79806
vn -0.33869 -0.57756 0.74273
vn 0.86175 -0.50536 0.04434
vn 0.81442 -0.57854 0.04434
vn 0.00504 0.05371 -0.99854
vn 0.0062 0.05353 -0.99854
vn -0.97235 -0.0784 0.21995
vn 0.1265 -0.5895 -0.79778
vn -0.07654 0.94916 -0.30531
vn -0.15384 0.90863 -0.38816
vn -0.15897 0.93887 -0.30531
vn 0.34349 0.15732 -0.92587
vn 0.2581 0.14667 -0.95489
vn -0.25001 0.95907 0.13269
vn -0.33528 0.94104 0.04434
vn -0.33265 0.93365 0.13269
vn -0.25199 0.9667 0.04434
vn -0.57399 -0.80801 -0.13269
vn -0.49345 -0.84149 -0.21995
vn -0.50139 -0.85498 -0.13269
vn -0.56493 -0.79525 -0.21992
vn 0.44972 0.07614 0.88989
vn 0.37251 0.06305 0.92587
vn 0.21537 -0.69961 0.68126
vn 0.22471 -0.63073 0.74273
vn 0.19709 -0.64025 0.74242
vn 0.24558 -0.68923 0.6816
vn -0.66662 0.06287 -0.74273
vn -0.72848 0.0687 -0.6816
vn -0.65859 0.12073 -0.74273
vn 0.01535 0.05152 0.99854
vn 0.01428 0.05179 0.99854
vn -0.00909 0.05304 -0.99854
vn -0.03262 0.12519 -0.99158
vn -0.02161 0.12757 -0.99158
vn -0.0101 0.05289 -0.99854
vn -0.01123 0.05264 -0.99854
vn -0.01242 0.05231 -0.99854
vn -0.01367 0.05206 -0.99854
vn 0.05881 -0.72933 0.6816
vn 0.0538 -0.66738 0.74273
vn 0.88687 0.40623 -0.21992
vn 0.82788 0.4705 -0.30534
vn 0.84811 0.48198 -0.21992
vn 0.86572 0.39656 -0.30534
vn -0.06287 -0.66659 -0.74273
vn -0.00409 -0.60256 -0.79806
vn -0.93365 -0.33259 -0.13269
vn -0.95911 -0.24995 -0.13269
vn -0.54085 0.78372 -0.30534
vn 0.0921 0.09085 -0.99158
vn -0.13855 -0.16288 -0.97684
vn 0.67315 -0.57265 0.46785
vn -0.72143 -0.12214 0.6816
vn -0.72933 -0.05881 0.6816
vn -0.0687 -0.72845 0.6816
vn -0.68926 -0.24552 -0.6816
vn -0.7427 -0.26456 -0.6151
vn -0.70803 -0.18451 -0.6816
vn -0.05228 -0.01239 0.99854
vn -0.05203 -0.01346 0.99854
vn -0.05301 -0.00894 0.99854
vn -0.84149 0.49348 -0.21992
vn -0.86026 0.40828 -0.30531
vn -0.88128 0.41826 -0.21992
vn 0.99896 -0.00678 0.04434
vn 0.99576 0.08029 0.04434
vn 0.24479 0.28776 -0.92587
vn 0.26893 0.26533 -0.92587
vn -0.14219 -0.77551 -0.6151
vn -0.2092 -0.76016 -0.6151
vn -0.04138 -0.03424 0.99854
vn -0.04068 -0.03525 0.99854
vn 0.39885 0.6801 -0.6151
vn 0.35984 0.75823 -0.54366
vn 0.42454 0.72396 -0.54366
vn 0.9946 -0.09381 -0.04434
vn -0.05213 0.01309 0.99854
vn -0.02344 0.04837 0.99854
vn -0.02445 0.04785 0.99854
vn 0.07654 -0.94916 -0.30531
vn 0.0784 -0.97235 -0.21992
vn 0.16285 -0.96179 -0.21995
vn -0.86853 -0.49361 -0.04434
vn -0.8222 -0.56743 0.04434
vn -0.86853 -0.49361 0.04434
vn -0.8222 -0.56743 -0.04434
vn 0.9595 -0.17591 0.21992
vn -0.45463 -0.03665 -0.88989
vn -0.00659 -0.97546 0.21992
vn -0.00671 -0.99112 0.13269
vn 0.12146 -0.176 0.97684
vn 0.13633 -0.16474 0.97684
vn 0.16861 -0.2443 0.95489
vn 0.05374 0.00076 0.99854
vn -0.29106 -0.24088 0.92587
vn -0.31095 -0.21458 0.92587
vn 0.57854 0.81442 0.04434
vn 0.50536 0.86175 0.04434
vn -0.99896 0.00678 0.04434
vn -0.99112 0.00671 0.13269
vn -0.21171 0.81213 -0.54366
vn -0.29661 0.83251 -0.46782
vn -0.22294 0.85522 -0.46785
vn -0.28166 0.79061 -0.54366
vn 0.00159 0.05371 0.99854
vn 0.00037 0.05374 0.99854
vn 0.16199 0.34132 -0.92587
vn 0.13163 0.35414 -0.92587
vn 0.23203 -0.75381 0.61473
vn 0.28166 -0.79058 0.54366
vn 0.26463 -0.7427 0.6151
vn 0.24699 -0.80236 0.54329
vn -0.32832 0.71679 -0.6151
vn -0.41469 0.72967 -0.54366
vn -0.3495 0.76302 -0.54366
vn -0.38957 0.68545 -0.6151
vn 0.45534 -0.8012 -0.3882
vn -0.9556 0.26301 0.13269
vn -0.92904 0.34529 0.13269
vn -0.96319 0.26511 0.04434
vn -0.07965 0.98795 0.13269
vn -0.16678 0.98498 0.04434
vn -0.16547 0.97723 0.13269
vn -0.08029 0.99576 0.04434
vn 0.40925 0.33869 0.84719
vn 0.37819 0.37306 0.84719
vn 0.56481 -0.20991 0.79806
vn 0.54436 -0.25834 0.79806
vn 0.11161 -0.06543 -0.99158
vn -0.12104 -0.43977 -0.88989
vn -0.14096 -0.51216 -0.84719
vn -0.15891 -0.42753 -0.88989
vn 0.64223 0.75491 0.13269
vn 0.63207 0.743 0.21995
vn -0.01718 0.21317 -0.97684
vn 0.00143 0.21384 -0.97684
vn 0.15015 0.25608 -0.95489
vn 0.38029 -0.55107 0.74273
vn 0.38417 -0.46422 0.79806
vn 0.34223 -0.49593 0.79806
vn -0.02313 -0.04865 -0.99854
vn -0.02408 -0.04819 -0.99854
vn 0.11762 0.05387 -0.99158
vn 0.04682 0.02652 -0.99854
vn 0.11246 0.06391 -0.99158
vn 0.04889 0.02237 -0.99854
vn 0.04837 0.0235 -0.99854
vn 0.04785 0.02457 -0.99854
vn 0.04743 0.02564 -0.99854
vn -0.00308 -0.4561 0.88989
vn 0.0427 -0.5295 0.84719
vn 0.03665 -0.45463 0.88989
vn -0.0036 -0.53121 0.84719
vn 0.33528 -0.94104 -0.04434
vn 0.29392 -0.95477 -0.04431
vn -0.78842 0.00534 -0.6151
vn -0.72933 -0.05881 -0.6816
vn -0.73168 0.00494 -0.6816
vn -0.25608 0.15015 -0.95489
vn -0.18445 0.10819 -0.97684
vn -0.71969 0.13193 0.6816
vn 0.23072 0.39344 -0.88989
vn 0.71682 0.32835 0.6151
vn 0.04291 0.03247 0.99854
vn 0.04212 0.03333 0.99854
vn 0.12937 -0.00085 -0.99158
vn 0.05374 0.00433 -0.99854
vn 0.05377 0.00079 -0.99854
vn 0.05377 0.00198 -0.99854
vn 0.05377 0.00314 -0.99854
vn -0.00034 -0.0539 -0.99854
vn 0.00076 -0.05387 -0.99854
vn 0.00189 -0.05377 -0.99854
vn 0.00314 -0.05371 -0.99854
vn 0.00439 -0.05362 -0.99854
vn -0.68584 0.25492 -0.6816
vn -0.64556 0.17768 -0.74273
vn -0.16285 0.96182 -0.21992
vn -0.0784 0.97235 -0.21992
vn 0.30174 -0.43721 -0.84719
vn 0.26246 -0.46184 -0.84722
vn -0.26246 0.46184 -0.84722
vn -0.22123 0.48296 -0.84719
vn -0.81213 -0.21165 0.54369
vn -0.79061 -0.28162 0.54366
vn -0.60738 -0.50267 0.6151
vn 0.41276 -0.90109 -0.13269
vn 0.33265 -0.93365 -0.13269
vn 0.20923 0.76016 -0.6151
vn 0.13193 0.71969 -0.6816
vn 0.14216 0.77551 -0.6151
vn 0.19416 0.70547 -0.6816
vn -0.56493 -0.79525 0.21992
vn -0.6321 -0.743 0.21992
vn 0.05344 0.00546 0.99854
vn 0.05338 0.00668 0.99854
vn 0.22123 -0.48296 -0.84722
vn 0.06287 0.66662 -0.74273
vn 0.06873 0.72845 -0.6816
vn 0.12073 0.65859 -0.74273
vn 0.84149 -0.49345 -0.21992
vn 0.79525 -0.56493 -0.21992
vn -0.91748 0.08655 -0.38816
vn -0.90646 0.16617 -0.38816
vn 0.06287 0.66662 0.74273
vn 0.00494 0.73168 0.6816
vn 0.00455 0.66955 0.74273
vn 0.0687 0.72845 0.6816
vn -0.09381 -0.9946 -0.04434
vn -0.67788 -0.66872 -0.30531
vn -0.6321 -0.743 -0.21992
vn -0.26301 -0.9556 0.13269
vn -0.25886 -0.94052 0.21992
vn 0.38377 -0.83786 0.38816
vn 0.45534 -0.8012 0.3882
vn -0.39656 0.86572 0.30534
vn -0.45534 0.8012 0.38816
vn -0.3838 0.83786 0.38816
vn -0.4705 0.82788 0.30534
vn -0.2924 -0.78671 -0.54366
vn -0.22269 -0.8092 -0.54366
vn -0.27467 -0.73904 -0.6151
vn 0.12073 0.65859 0.74273
vn 0.13193 0.71969 0.6816
vn 0.83557 -0.0788 0.54366
vn 0.88379 -0.00598 0.46785
vn 0.83926 -0.00568 0.54366
vn 0.87988 -0.08298 0.46782
vn 0.03568 -0.21085 -0.97684
vn 0.06232 -0.29051 -0.95483
vn 0.04956 -0.29267 -0.95489
vn 0.04489 -0.2093 -0.97681
vn 0.07965 -0.98795 -0.13269
vn 0.16547 -0.97723 -0.13269
vn -0.03207 -0.04318 0.99854
vn -0.0311 -0.04382 0.99854
vn -0.43977 0.12104 0.88989
vn -0.37159 0.06812 0.92587
vn -0.36427 0.10025 0.92587
vn 0.21458 -0.31092 0.92587
vn -0.03568 0.21085 0.97684
vn -0.05393 0.20695 0.97684
vn -0.03153 0.04355 -0.99854
vn -0.71679 -0.32835 0.6151
vn -0.68545 -0.38957 0.6151
vn 0.72845 -0.0687 -0.6816
vn 0.78494 -0.07404 -0.6151
vn 0.73168 -0.00494 -0.6816
vn -0.00452 -0.66955 0.74273
vn 0.04843 -0.6006 0.79806
vn -0.00406 -0.60253 0.79806
vn 0.37892 0.79843 -0.46785
vn 0.32105 0.86383 -0.3882
vn 0.39512 0.83254 -0.3882
vn -0.01215 -0.12882 0.99158
vn -0.07407 0.91858 0.38816
vn -0.14756 0.87139 0.46785
vn -0.07105 0.88092 0.46785
vn -0.15384 0.90863 0.38816
vn 0.76016 -0.20923 0.6151
vn 0.77551 -0.14216 0.6151
vn -0.80285 -0.55406 0.21995
vn -0.78372 -0.54085 0.30534
vn 0.897 0.31959 -0.30534
vn 0.91891 0.3274 -0.21992
vn 0.00897 -0.05301 -0.99854
vn 0.01431 0.05194 -0.99854
vn 0.01547 0.05161 -0.99854
vn 0.68508 -0.69445 -0.21992
vn 0.743 -0.6321 -0.21995
vn 0.66875 -0.67788 -0.30534
vn 0.07614 -0.44972 0.88989
vn 0.08869 -0.52376 0.84719
vn 0.43721 0.30174 0.84719
vn -0.30799 0.21879 0.92587
vn -0.39344 0.23072 0.88989
vn -0.32591 0.19111 0.92587
vn 0.35984 0.7582 0.54366
vn 0.01077 0.05261 0.99854
vn 0.02332 0.12726 0.99158
vn 0.03433 0.12473 0.99158
vn 0.01315 0.05216 0.99854
vn 0.0119 0.05243 0.99854
vn -0.05374 -0.00076 -0.99854
vn 0.94394 0.24607 -0.21992
vn -0.02408 -0.0481 0.99854
vn -0.02301 -0.04852 0.99854
vn 0.66103 -0.3137 -0.6816
vn -0.46651 0.56368 -0.6816
vn -0.5537 0.56127 -0.6151
vn -0.51384 0.52089 -0.6816
vn 0.73904 -0.27467 -0.6151
vn 0.71227 -0.33802 -0.6151
vn -0.1717 -0.93661 -0.30531
vn 0.64556 -0.17768 -0.74273
vn 0.58095 -0.15989 -0.79806
vn 0.76089 -0.64733 -0.04434
vn 0.75491 -0.64223 -0.13269
vn 0.02161 -0.12757 -0.99158
vn 0.013 -0.05231 -0.99854
vn 0.02716 -0.12662 -0.99158
vn 0.01016 -0.0528 -0.99854
vn 0.01126 -0.05258 -0.99854
vn 0.01248 -0.05246 -0.99854
vn 0.02405 0.04801 0.99854
vn 0.02304 0.04855 0.99854
vn 0.23325 0.62761 -0.74273
vn 0.17768 0.64556 -0.74273
vn 0.02008 0.2129 -0.97684
vn 0.01215 0.12879 -0.99158
vn -0.42689 0.51582 -0.74273
vn -0.47023 0.47667 -0.74273
vn -0.21384 0.00143 -0.97684
vn -0.29685 0.00201 -0.95489
vn -0.2129 0.02008 -0.97684
vn 0.45894 -0.39042 0.79806
vn -0.42897 -0.42317 0.79806
vn -0.37815 -0.37309 0.84719
vn 0.92145 0.24018 -0.30531
vn -0.0434 0.12186 -0.99158
vn -0.01468 0.05182 -0.99854
vn -0.01575 0.05148 -0.99854
vn -0.01694 0.05103 -0.99854
vn -0.0181 0.0506 -0.99854
vn -0.16199 -0.34129 0.92587
vn -0.12726 -0.2682 0.95489
vn -0.06336 0.78588 0.6151
vn -0.06745 0.83657 0.54366
vn -0.54085 0.78372 0.30534
vn -0.02957 0.04486 0.99854
vn -0.03052 0.04419 0.99854
vn -0.0286 0.04547 0.99854
vn 0.72845 -0.0687 0.6816
vn 0.78494 -0.07404 0.6151
vn 0.76302 0.3495 0.54366
vn -0.08869 0.52376 -0.84719
vn -0.07614 0.44972 -0.88989
vn -0.42317 0.42894 -0.79806
vn -0.38417 0.46422 -0.79806
vn -0.97723 -0.16547 -0.13269
vn -0.94397 -0.24601 -0.21992
vn -0.96179 -0.16285 -0.21992
vn 0.00647 0.95221 -0.30531
vn -0.60051 0.51088 -0.6151
vn -0.63924 0.54384 -0.54366
vn 0.25269 0.91809 0.30534
vn 0.33174 0.89257 0.30534
vn 0.48973 -0.86169 0.13269
vn 0.55406 -0.80285 0.21992
vn 0.21879 0.30799 -0.92587
vn 0.03037 -0.37657 0.92587
vn -0.00256 -0.37779 0.92587
vn 0.20222 -0.56761 0.79806
vn 0.17737 -0.57622 0.79778
vn 0.18592 0.10566 -0.97684
vn -0.75848 -0.52345 0.38816
vn 0.08655 0.91748 0.38816
vn 0.00598 0.88379 0.46785
vn 0.08301 0.87988 0.46785
vn 0.00626 0.92154 0.38816
vn 0.05368 0.00317 0.99854
vn 0.12897 0.01038 0.99158
vn 0.05356 0.00433 0.99854
vn 0.05374 0.00195 0.99854
vn -0.71227 0.33802 0.6151
vn 0.05258 0.01135 0.99854
vn 0.05231 0.01242 0.99854
vn 0.75491 -0.64223 0.13269
vn 0.76089 -0.64733 0.04434
vn -0.15223 -0.15018 0.97684
vn -0.21134 -0.20847 0.95489
vn -0.3495 0.76302 0.54366
vn 0.42833 0.90252 0.04434
vn 0.50536 0.86175 -0.04434
vn 0.34739 -0.29554 -0.88989
vn 0.40461 -0.34422 -0.84719
vn 0.32032 -0.32469 -0.88989
vn -0.2924 -0.78671 0.54366
vn 0.58095 -0.15989 0.79806
vn 0.1717 0.93661 0.30534
vn 0.16617 0.90646 0.38816
vn -0.78494 0.07404 0.6151
vn -0.08029 0.99576 -0.04434
vn -0.16678 0.98498 -0.04437
vn -0.11689 0.05548 -0.99158
vn -0.05054 0.0188 -0.99854
vn -0.12128 0.04505 -0.99158
vn -0.04862 0.0231 -0.99854
vn -0.04904 0.02194 -0.99854
vn -0.04959 0.02091 -0.99854
vn -0.05011 0.01978 -0.99854
vn 0.78842 -0.00534 0.6151
vn 0.31092 0.21458 0.92587
vn 0.57854 0.81442 -0.04434
vn 0.18665 -0.32847 0.92587
vn -0.4817 -0.82141 -0.30531
vn -0.01355 0.05197 0.99854
vn -0.01468 0.0517 0.99854
vn -0.24088 0.29106 0.92587
vn -0.25608 0.15015 0.95489
vn -0.24201 0.17191 0.95489
vn -0.16285 0.96182 0.21992
vn -0.0784 0.97235 0.21992
vn 0.66018 0.11179 0.74273
vn -0.37892 -0.79843 0.46785
vn -0.35984 -0.75823 0.54366
vn -0.44707 -0.76235 0.46785
vn 0.86853 0.49361 -0.04434
vn 0.40461 -0.34422 0.84719
vn 0.43309 -0.30763 0.84719
vn -0.00644 -0.95221 0.30534
vn 0.19111 0.32591 -0.92587
vn 0.19556 0.41206 -0.88989
vn 0.04987 0.02017 -0.99854
vn 0.04935 0.02124 -0.99854
vn 0.09961 -0.27964 -0.95489
vn 0.08905 -0.19443 -0.97684
vn 0.1236 -0.26988 -0.95489
vn 0.07178 -0.20145 -0.97684
vn 0.70547 -0.19416 -0.6816
vn 0.77551 -0.14216 -0.6151
vn 0.76016 -0.2092 -0.6151
vn 0.71969 -0.13193 -0.6816
vn 0.11124 -0.36137 0.92575
vn 0.15308 -0.42967 0.88989
vn 0.13428 -0.43626 0.88971
vn 0.21317 0.01718 0.97684
vn 0.29591 0.02387 0.95489
vn 0.04312 -0.03211 0.99854
vn 0.04382 -0.0311 0.99854
vn 0.04169 -0.03391 0.99854
vn 0.04096 -0.03485 0.99854
vn 0.04242 -0.03302 0.99854
vn 0.73168 -0.00494 0.6816
vn 0.72933 0.05881 0.6816
vn -0.44783 0.64888 0.6151
vn -0.16547 0.97723 -0.13269
vn -0.07968 0.98795 -0.13269
vn -0.59746 -0.5894 0.54366
vn -0.57268 -0.67315 0.46785
vn 0.21134 0.20847 0.95489
vn 0.46184 0.26246 0.84719
vn -0.25269 -0.91809 0.30531
vn -0.33174 -0.89257 0.30531
vn -0.03018 -0.0445 0.99854
vn 0.03571 -0.21085 0.97684
vn 0.02158 -0.12757 0.99158
vn -0.0521 0.01321 -0.99854
vn -0.05185 0.01428 -0.99854
vn -0.97488 0.17872 -0.13269
vn -0.9826 0.18015 -0.04434
vn -0.60256 0.00409 0.79806
vn 0.02344 -0.04837 0.99854
vn 0.02554 -0.04733 0.99854
vn 0.02655 -0.04669 0.99854
vn 0.02448 -0.04785 0.99854
vn 0.34953 -0.76302 -0.54366
vn -0.97235 -0.0784 -0.21992
vn -0.98795 -0.07968 -0.13269
vn -0.20847 0.21131 -0.95489
vn -0.26533 0.26893 -0.92587
vn 0.08249 -0.09967 0.99158
vn 0.15018 -0.15226 0.97684
vn 0.09085 -0.0921 0.99158
vn -0.37306 0.37819 -0.84719
vn -0.32032 0.32472 -0.88989
vn -0.1236 0.26991 0.95489
vn -0.09961 0.27964 0.95489
vn 0.17612 -0.82083 -0.54329
vn 0.14011 -0.82751 -0.54366
vn 0.16544 -0.77114 -0.61473
vn -0.5894 0.59746 -0.54366
vn 0.01703 -0.05115 -0.99854
vn 0.0181 -0.05075 -0.99854
vn 0.48604 0.68419 -0.54366
vn 0.45659 0.64275 -0.6151
vn 0.02957 -0.04489 0.99854
vn 0.03055 -0.04422 0.99854
vn 0.86169 0.48973 -0.13269
vn -0.90112 -0.41273 -0.13269
vn -0.84808 -0.48201 -0.21995
vn -0.86169 -0.48973 -0.13269
vn -0.88687 -0.40623 -0.21995
vn -0.16477 -0.13633 -0.97684
vn -0.17829 0.50041 -0.84719
vn 0.57268 0.67315 -0.46782
vn 0.54384 0.63924 -0.54366
vn 0.20145 0.07175 0.97684
vn -0.89541 0.42494 -0.13269
vn -0.9144 0.33985 -0.21992
vn -0.66872 0.67788 -0.30531
vn 0.84811 0.48198 0.21992
vn -0.01877 -0.05054 -0.99854
vn -0.04505 -0.12128 -0.99158
vn -0.01773 -0.05087 -0.99854
vn -0.11161 0.06543 -0.99158
vn 0.0311 0.04389 0.99854
vn 0.03012 0.04447 0.99854
vn -0.22868 -0.18925 -0.95489
vn 0.83786 0.38377 -0.38816
vn 0.51088 0.60051 -0.6151
vn 0.42375 0.59648 -0.6816
vn -0.08225 -0.44862 0.88989
vn -0.04987 -0.52889 0.84719
vn -0.04282 -0.45408 0.88989
vn -0.0958 -0.52251 0.84719
vn -0.26414 -0.37184 -0.88989
vn -0.19111 -0.32591 -0.92587
vn -0.23072 -0.39344 -0.88989
vn 0.17829 -0.50041 0.84719
vn 0.15638 -0.50807 0.84698
vn -0.23246 0.89175 -0.38816
vn -0.24018 0.92145 -0.30534
vn 0.5295 0.0427 -0.84719
vn 0.16547 -0.77117 0.61473
vn 0.1316 -0.77737 0.6151
vn 0.80285 0.55409 -0.21992
vn 0.22776 0.47993 0.84719
vn -0.69607 0.70559 0.13269
vn -0.20045 0.0745 -0.97684
vn -0.2862 0.07877 -0.95489
vn -0.27827 0.1034 -0.95489
vn -0.20618 0.05673 -0.97684
vn -0.73904 0.27467 0.6151
vn -0.35591 -0.12677 -0.92587
vn 0.16617 0.90646 -0.38816
vn 0.08942 0.94803 -0.30531
vn 0.08655 0.91748 -0.38816
vn 0.04956 -0.2927 0.95489
vn 0.04489 -0.20927 0.97681
vn 0.06232 -0.29051 0.95483
vn 0.41469 0.18995 -0.88989
vn -0.01978 -0.04999 0.99854
vn -0.01871 -0.05033 0.99854
vn -0.15134 -0.82553 -0.54366
vn -0.03824 -0.03769 0.99854
vn -0.80352 -0.36805 0.46782
vn -0.72967 -0.41469 0.54366
vn -0.76302 -0.3495 0.54366
vn -0.76836 -0.43669 0.46782
vn -0.13633 0.16474 -0.97684
vn -0.15018 0.15223 -0.97684
vn -0.2862 0.07877 0.95489
vn -0.56761 -0.20219 -0.79806
vn -0.48296 -0.22123 -0.84722
vn -0.54781 -0.25092 -0.79806
vn -0.50041 -0.17826 -0.84722
vn -0.18928 0.22871 0.95489
vn -0.26533 0.26896 0.92587
vn -0.20847 0.21131 0.95489
vn -0.05121 0.01648 -0.99854
vn -0.05148 0.01535 -0.99854
vn -0.04215 -0.03333 0.99854
vn -0.09168 -0.19318 -0.97684
vn -0.05545 -0.11689 -0.99158
vn -0.29685 0.00201 0.95489
vn -0.85522 -0.22288 0.46785
vn -0.83254 -0.29658 0.46785
vn -0.9946 0.09381 0.04434
vn -0.98675 0.09308 0.13269
vn -0.15223 -0.15018 -0.97684
vn 0.06296 -0.20457 0.97681
vn -0.00784 0.05319 -0.99854
vn 0.09159 0.97119 -0.21995
vn 0.32472 0.32032 -0.88989
vn 0.29106 0.24088 -0.92587
vn 0.00153 0.05371 -0.99854
vn 0.00671 0.99112 0.13269
vn 0.65859 -0.12073 -0.74273
vn 0.66662 -0.06287 -0.74273
vn -0.24607 0.94394 -0.21992
vn -0.25001 0.95907 -0.13269
vn 0.91858 0.07407 0.3882
vn 0.94916 0.07654 0.30531
vn 0.02817 0.04578 0.99854
vn 0.02719 0.04633 0.99854
vn 0.50197 -0.72738 0.46785
vn 0.52345 -0.75848 0.3882
vn 0.70803 0.18455 -0.6816
vn 0.7427 0.2646 -0.6151
vn 0.76293 0.19889 -0.6151
vn 0.68926 0.24558 -0.6816
vn -0.68087 -0.56346 -0.46782
vn -0.62917 -0.62069 -0.46785
vn 0.88128 -0.41826 0.21992
vn 0.92904 -0.34529 0.13269
vn 0.89541 -0.42497 0.13269
vn 0.21033 -0.03854 0.97684
vn 0.33805 0.71227 0.6151
vn 0.28776 -0.24479 0.92587
vn -0.86383 0.32105 0.38816
vn -0.12677 0.35588 0.92587
vn -0.15308 0.42967 0.88989
vn 0.89541 -0.42497 -0.13269
vn 0.03809 -0.12375 -0.99158
vn 0.0434 -0.12186 -0.99158
vn 0.01401 -0.05185 -0.99854
vn 0.01468 -0.05173 -0.99854
vn 0.01584 -0.05139 -0.99854
vn 0.10648 0.07349 -0.99158
vn 0.07492 0.10547 0.99158
vn 0.12384 0.17432 0.97684
vn 0.02332 0.12726 -0.99158
vn 0.00977 0.05295 -0.99854
vn 0.00851 0.0531 -0.99854
vn 0.00732 0.05329 -0.99854
vn -0.0213 0.04932 0.99854
vn -0.02237 0.04889 0.99854
vn -0.01914 0.05026 0.99854
vn -0.01801 0.05063 0.99854
vn -0.02029 0.04984 0.99854
vn -0.13163 0.77737 -0.6151
vn -0.12217 0.72143 -0.6816
vn -0.37184 0.26414 -0.88989
vn -0.45824 0.26872 -0.84722
vn -0.43306 0.30763 -0.84722
vn -0.39344 0.23072 -0.88989
vn -0.87139 -0.14756 -0.46782
vn -0.52342 0.75848 -0.38816
vn -0.14011 0.82751 -0.54366
vn 0.33869 0.57756 -0.74273
vn 0.37013 0.63115 -0.6816
vn 0.38777 0.54585 -0.74273
vn 0.69445 0.68508 0.21992
vn 0.70559 0.69607 0.13269
vn 0.15357 -0.71572 -0.68126
vn 0.14054 -0.65502 -0.74242
vn 0.01083 0.0528 -0.99854
vn -0.4662 -0.79495 0.3882
vn 0.88092 0.07105 0.46785
vn 0.18925 -0.22868 -0.95489
vn 0.26533 -0.26896 -0.92587
vn -0.35984 -0.7582 -0.54366
vn 0.07349 -0.10648 0.99158
vn 0.91809 -0.25269 -0.30531
vn -0.34739 0.29554 -0.88989
vn -0.40458 0.34422 -0.84719
vn -0.00494 -0.73168 0.6816
vn -0.49794 0.18506 -0.84719
vn -0.4799 0.22776 -0.84719
vn 0.66521 0.3047 -0.6816
vn -0.63192 0.76357 -0.13269
vn -0.63692 0.76962 -0.04437
vn 0.8681 0.30931 0.3882
vn -0.03143 0.04358 0.99854
vn -0.03244 0.04291 0.99854
vn -0.2682 0.12726 -0.95489
vn -0.19321 0.09168 -0.97684
vn 0.66955 -0.00452 0.74273
vn 0.66738 0.0538 0.74273
vn -0.00781 0.05319 0.99854
vn -0.02158 0.12757 0.99158
vn -0.00897 0.05298 0.99854
vn -0.01038 0.12897 0.99158
vn -0.00546 0.05344 0.99854
vn -0.00433 0.05356 0.99854
vn -0.00659 0.05338 0.99854
vn 0.05387 -0.11762 -0.99158
vn 0.0191 -0.05039 -0.99854
vn 0.0202 -0.0499 -0.99854
vn 0.02133 -0.04935 -0.99854
vn 0.0224 -0.0488 -0.99854
vn 0.28706 0.60491 -0.74273
vn 0.88092 0.07105 -0.46785
vn 0.88379 -0.00598 -0.46782
vn -0.26893 -0.26533 0.92587
vn 0.37306 -0.37815 0.84719
vn 0.33866 -0.40925 0.84719
vn 0.42317 -0.42894 0.79806
vn -0.4156 0.60219 -0.6816
vn 0.00409 0.60256 -0.79806
vn 0.00455 0.66955 -0.74273
vn 0.72143 0.12214 -0.6816
vn 0.77737 0.13163 -0.6151
vn 0.72933 0.05881 -0.6816
vn 0.06543 0.11161 0.99158
vn 0.02921 0.04517 0.99854
vn 0.01239 -0.05231 0.99854
vn 0.02716 -0.12662 0.99155
vn 0.013 -0.05213 0.99854
vn 0.01013 -0.0528 0.99854
vn 0.00891 -0.05298 0.99854
vn 0.01129 -0.05258 0.99854
vn 0.98498 0.16678 0.04434
vn -0.03546 -0.37614 0.92587
vn -0.06812 -0.37159 0.92587
vn -0.42967 -0.15305 -0.88989
vn 0.24482 0.28776 0.92587
vn 0.29554 0.34739 0.88989
vn -0.18592 -0.10566 0.97684
vn -0.10648 -0.07349 0.99158
vn -0.91894 -0.32734 -0.21995
vn -0.25199 0.9667 -0.04434
vn 0.20957 -0.97678 -0.04431
vn 0.20957 -0.97678 0.04431
vn 0.52251 -0.0958 0.84719
vn 0.52889 -0.04987 0.84719
vn -0.89178 -0.2324 -0.38816
vn -0.13398 0.51405 -0.84719
vn -0.15018 0.15223 0.97684
vn -0.98675 0.09308 -0.13269
vn 0.12519 0.03262 0.99158
vn -0.05316 -0.00775 0.99854
vn -0.05341 -0.00552 0.99854
vn -0.05338 -0.00668 0.99854
vn 0.34227 -0.49593 -0.79806
vn -0.49593 -0.34227 -0.79806
vn 0.79843 -0.37892 0.46782
vn 0.00671 0.99112 -0.13269
vn 0.00678 0.99896 -0.04434
vn 0.03696 -0.03906 0.99854
vn 0.03769 -0.03821 0.99854
vn -0.02197 -0.04907 -0.99854
vn -0.02087 -0.04956 -0.99854
vn 0.62917 0.62065 0.46785
vn -0.02136 0.04944 -0.99854
vn -0.28776 0.24482 0.92587
vn -0.22611 0.19236 0.95489
vn 0.8222 0.56743 -0.04437
vn -0.15989 -0.58095 -0.79806
vn -0.93887 -0.15897 0.30534
vn -0.9946 0.09381 -0.04437
vn -0.99896 0.00678 -0.04434
vn -0.08652 -0.91748 0.3882
vn -0.80352 -0.36805 -0.46782
vn -0.72967 -0.41469 -0.54366
vn -0.76836 -0.43669 -0.46782
vn -0.76302 -0.3495 -0.54366
vn -0.08942 -0.94803 0.30531
vn 0.03604 -0.03992 -0.99854
vn 0.63613 0.36152 -0.6816
vn 0.60219 0.4156 -0.6816
vn 0.58211 0.33082 -0.74273
vn 0.05197 0.0134 0.99854
vn -0.29554 -0.34742 0.88989
vn -0.30763 -0.43306 0.84719
vn -0.34422 -0.40461 0.84719
vn -0.58754 0.70995 -0.38816
vn -0.6071 0.73357 -0.30531
vn 0.45824 -0.26872 0.84719
vn 0.06336 -0.78588 0.6151
vn -0.13855 -0.16288 0.97684
vn -0.16617 -0.90646 0.3882
vn -0.00858 -0.05322 -0.99854
vn -0.5999 0.05658 0.79806
vn -0.62194 0.75152 -0.21992
vn 0.05231 0.01242 -0.99854
vn -0.72738 -0.502 -0.46785
vn -0.03034 -0.04459 -0.99854
vn -0.02921 -0.04523 -0.99854
vn -0.02817 -0.04572 -0.99854
vn -0.02725 -0.04633 -0.99854
vn -0.37892 -0.79843 -0.46785
vn -0.24607 0.94394 0.21992
vn -0.34227 0.49593 0.79806
vn -0.38417 0.46422 0.79806
vn -0.15888 -0.42753 0.88989
vn 0.05319 0.00781 0.99854
vn 0.12757 0.02158 0.99158
vn 0.05295 0.00891 0.99854
vn 0.69607 -0.70559 -0.13269
vn -0.13163 -0.35414 0.92587
vn -0.07877 -0.2862 0.95489
vn -0.10343 -0.27827 0.95489
vn -0.10025 -0.36424 0.92587
vn -0.02515 -0.04755 0.99854
vn -0.29771 0.52388 -0.79806
vn 0.59716 0.70193 -0.38816
vn 0.03757 0.03861 -0.99854
vn 0.03665 0.03943 -0.99854
vn 0.98795 0.07965 0.13269
vn 0.99112 -0.00671 0.13269
vn -0.1717 -0.93661 0.30534
vn 0.09967 0.08249 -0.99158
vn 0.04434 0.03043 -0.99854
vn 0.04358 0.03143 -0.99854
vn -0.9144 0.33985 0.21992
vn -0.89257 0.33174 0.30531
vn -0.94052 0.25886 0.21995
vn -0.97488 0.17872 0.13269
vn 0.48973 -0.86169 -0.13269
vn -0.88852 0.24454 -0.38816
vn -0.47664 -0.47023 0.74273
vn 0.00391 0.05371 -0.99854
vn 0.00272 0.05377 -0.99854
vn 0.41603 -0.90823 0.04434
vn 0.41276 -0.90109 0.13269
vn 0.49361 -0.86853 0.04434
vn 0.4156 -0.60219 0.6816
vn -0.36152 0.63613 -0.6816
vn -0.86169 -0.48973 0.13269
vn -0.84808 -0.48198 0.21995
vn -0.81573 -0.56297 0.13269
vn -0.32591 0.19111 -0.92587
vn 0.8681 0.30931 -0.38816
vn 0.89175 0.23246 -0.38816
vn 0.83251 0.29661 -0.46782
vn 0.43385 0.50996 0.74273
vn 0.42372 0.59651 0.6816
vn 0.38774 0.54585 0.74273
vn 0.47411 0.5573 0.6816
vn -0.65859 0.12073 0.74273
vn -0.58095 0.15989 0.79806
vn -0.51216 0.14096 0.84719
vn -0.5927 0.10865 0.79806
vn 0.06745 -0.83654 0.54369
vn -0.12146 0.176 -0.97684
vn -0.05658 -0.5999 0.79806
vn -0.10865 -0.59267 0.79806
vn -0.06287 -0.66659 0.74273
vn -0.37779 0.00253 -0.92587
vn 0.55144 0.7763 0.30531
vn 0.61702 0.72527 0.30534
vn 0.51216 -0.14096 -0.84722
vn 0.44865 -0.08225 -0.88989
vn 0.43977 -0.12104 -0.88989
vn 0.23453 0.85211 0.46782
vn 0.26511 0.96316 0.04434
vn 0.18015 0.98263 0.04434
vn 0.26511 0.96319 -0.04434
vn 0.31373 0.66103 0.6816
vn 0.21384 -0.00143 -0.97684
vn -0.57268 -0.67315 -0.46785
vn -0.36558 -0.09528 0.92587
vn 0.56493 0.79525 -0.21992
vn -0.25492 -0.68584 -0.6816
vn -0.05374 0.00259 -0.99854
vn -0.05377 0.00388 -0.99854
vn 0.44707 0.76238 -0.46785
vn 0.51183 0.72051 -0.46785
vn -0.83254 0.39512 -0.38816
vn 0.04395 -0.03119 -0.99854
vn 0.04459 -0.0303 -0.99854
vn 0.0452 -0.02927 -0.99854
vn 0.04572 -0.02823 -0.99854
vn 0.04639 -0.02716 -0.99854
vn -0.40623 0.88687 0.21995
vn -0.27882 0.60872 0.74273
vn -0.29771 0.52385 0.79806
vn 0.05371 -0.00388 -0.99854
vn 0.05377 -0.00275 -0.99854
vn 0.07349 -0.10648 -0.99158
vn 0.06391 -0.11249 -0.99158
vn 0.02756 -0.04627 -0.99854
vn 0.03055 -0.04419 -0.99854
vn -0.02918 -0.04517 0.99854
vn -0.0282 -0.04572 0.99854
vn 0.41206 -0.19556 -0.88989
vn 0.42753 -0.15891 -0.88989
vn 0.34132 -0.16196 -0.92587
vn 0.72051 -0.51183 -0.46785
vn 0.68419 -0.48604 -0.54366
vn 0.79058 0.28166 -0.54366
vn 0.00778 -0.05316 0.99854
vn 0.00665 -0.05335 0.99854
vn -0.05261 -0.01135 -0.99854
vn -0.0528 -0.01013 -0.99854
vn 0.29588 0.02387 -0.95489
vn 0.04614 0.02765 -0.99854
vn 0.04556 0.02866 -0.99854
vn 0.04498 0.02966 -0.99854
vn 0.07932 -0.3697 -0.92575
vn -0.12104 -0.43977 0.88989
vn -0.00266 -0.05368 0.99854
vn -0.00153 -0.05374 0.99854
vn -0.08225 -0.44865 -0.88989
vn -0.04282 -0.45408 -0.88989
vn -0.05374 0.00146 0.99854
vn -0.05356 0.00381 0.99854
vn -0.05371 0.00272 0.99854
vn 0.19556 0.41206 0.88989
vn -0.02026 0.04987 -0.99854
vn 0.02344 -0.04837 -0.99854
vn 0.02451 -0.04791 -0.99854
vn -0.07654 0.94916 0.30531
vn -0.15897 0.93887 0.30534
vn 0.68584 -0.25492 -0.6816
vn -0.03571 0.21085 -0.97684
vn -0.04242 0.03305 0.99854
vn -0.04315 0.03214 0.99854
vn -0.01984 -0.05008 -0.99854
vn 0.39045 0.45894 -0.79803
vn -0.00735 -0.05329 -0.99854
vn -0.54384 -0.63924 -0.54366
vn -0.03299 -0.04242 0.99854
vn -0.05075 -0.0181 -0.99854
vn -0.12186 -0.0434 -0.99158
vn -0.05042 -0.0191 -0.99854
vn -0.04987 -0.02029 -0.99854
vn -0.04935 -0.02127 -0.99854
vn -0.2682 0.12726 0.95489
vn -0.04819 0.02411 -0.99854
vn 0.08741 -0.28397 0.95483
vn -0.33265 0.93365 -0.13269
vn -0.33528 0.94104 -0.04434
vn 0.743 -0.6321 0.21992
vn 0.69607 -0.70559 0.13269
vn -0.13163 0.77737 0.6151
vn -0.14011 0.82748 0.54366
vn 0.2916 -0.94729 -0.13257
vn -0.0369 0.03912 0.99854
vn -0.08249 0.09967 0.99158
vn -0.03601 0.03989 0.99854
vn 0.9144 -0.33985 -0.21992
vn 0.94052 -0.25886 -0.21992
vn 0.04987 0.52889 0.84719
vn 0.05658 0.5999 0.79806
vn 0.39042 0.45894 0.79806
vn 0.34422 0.40461 0.84719
vn 0.34895 0.49123 0.79806
vn 0.14667 -0.2581 0.95489
vn 0.56346 -0.68087 0.46785
vn 0.5894 -0.59746 0.54366
vn 0.53508 -0.64657 0.54366
vn 0.62069 -0.62917 0.46785
vn 0.27116 -0.88089 0.38786
vn 0.29661 -0.83251 0.46785
vn 0.26005 -0.84484 0.46751
vn 0.30931 -0.8681 0.38816
vn 0.90863 0.15384 -0.3882
vn 0.93887 0.15897 -0.30531
vn 0.17191 0.24201 -0.95489
vn -0.0528 0.01074 -0.99854
vn -0.05252 0.01202 -0.99854
vn -0.50139 -0.85498 0.13269
vn -0.00507 -0.0535 0.99854
vn -0.00381 -0.05365 0.99854
vn -0.00269 -0.05374 -0.99854
vn 0.0958 0.52251 0.84719
vn 0.08225 0.44862 0.88989
vn -0.28706 -0.60488 0.74273
vn 0.00662 0.97546 -0.21992
vn -0.65606 -0.64721 -0.3882
vn -0.03565 -0.04019 0.99854
vn -0.08383 -0.09854 0.99158
vn -0.03488 -0.04086 0.99854
vn -0.0921 -0.09085 0.99158
vn 0.03854 -0.03739 -0.99854
vn 0.03778 -0.03824 -0.99854
vn -0.99112 0.00671 -0.13269
vn -0.91858 -0.07407 0.38816
vn -0.90863 -0.15384 0.38816
vn -0.94916 -0.07654 0.30534
vn -0.12882 0.01215 -0.99158
vn -0.12937 0.00089 -0.99158
vn 0.57268 0.67315 0.46785
vn 0.59716 0.70193 0.3882
vn 0.29685 -0.00201 -0.95489
vn -0.27827 0.10343 0.95489
vn -0.03546 -0.37614 -0.92587
vn 0.81573 0.56297 -0.13269
vn -0.12726 -0.26817 -0.95489
vn -0.15015 -0.25608 -0.95489
vn -0.72143 -0.12214 -0.6816
vn -0.66018 -0.11179 -0.74273
vn -0.30931 0.8681 0.38816
vn -0.23246 0.89175 0.38816
vn 0.00201 0.29685 -0.95489
vn -0.02551 0.04733 0.99854
vn 0.37013 0.63115 0.6816
vn -0.89541 0.42494 0.13269
vn -0.022 -0.04904 0.99854
vn -0.3274 0.91891 -0.21992
vn -0.52388 -0.29771 -0.79806
vn -0.46184 -0.26246 -0.84722
vn -0.4662 -0.79495 -0.38816
vn -0.00256 -0.37779 -0.92587
vn 0.51405 0.13401 -0.84719
vn 0.03241 -0.04294 0.99854
vn 0.03333 -0.04215 0.99854
vn 0.24699 -0.80236 -0.54329
vn 0.2646 -0.7427 -0.6151
vn 0.28169 -0.79058 -0.54366
vn 0.23206 -0.75381 -0.61473
vn 0.19236 0.22611 0.95489
vn 0.10566 -0.18592 -0.97684
vn 0.03345 -0.04227 -0.99854
vn 0.06745 -0.83657 -0.54366
vn -0.60875 -0.27885 -0.74273
vn 0.28019 -0.91015 0.30506
vn 0.3274 -0.91891 0.21995
vn 0.31959 -0.897 0.30534
vn 0.287 -0.93237 0.21973
vn -0.16199 -0.34129 -0.92587
vn -0.19556 -0.41206 -0.88989
vn -0.12186 -0.0434 0.99158
vn -0.0502 -0.01917 0.99854
vn -0.0506 -0.01807 0.99854
vn 0.86572 0.39656 0.30534
vn -0.86383 0.32105 -0.3882
vn -0.89257 0.33174 -0.30531
vn 0.54085 -0.78372 0.30534
vn 0.4767 -0.69076 0.54366
vn 0.44783 -0.64888 0.6151
vn 0.24454 0.88852 0.38816
vn -0.26896 -0.26533 -0.92587
vn -0.32472 -0.32032 -0.88989
vn -0.12214 0.72143 0.6816
vn -0.05881 0.72933 0.6816
vn 0.50267 -0.60741 0.6151
vn 0.5537 -0.56127 0.6151
vn 0.75152 0.62194 -0.21992
vn 0.76357 0.63192 -0.13269
vn 0.20994 0.56481 0.79806
vn 0.52089 0.51384 0.6816
vn -0.66103 0.31373 -0.6816
vn -0.41469 -0.18995 -0.88989
vn -0.21131 -0.20847 -0.95489
vn -0.00037 -0.05371 0.99854
vn 0.6801 -0.39882 -0.6151
vn 0.76962 0.63692 0.04434
vn 0.76962 0.63692 -0.04434
vn 0.05545 0.11689 -0.99158
vn 0.5999 -0.05658 0.79806
vn 0.0445 -0.03012 0.99854
vn 0.04572 -0.0282 0.99854
vn 0.04514 -0.02918 0.99854
vn 0.15134 0.82553 0.54366
vn 0.14216 0.77551 0.6151
vn 0.02823 0.04572 -0.99854
vn 0.02722 0.04636 -0.99854
vn 0.64721 -0.65606 -0.38816
vn -0.07492 -0.10547 0.99158
vn -0.02719 -0.04636 0.99854
vn -0.82785 -0.4705 -0.30534
vn -0.8012 -0.45534 -0.38816
vn -0.04556 -0.02863 0.99854
vn 0.00623 0.05344 0.99854
vn 0.00745 0.05322 0.99854
vn 0.02762 -0.04611 0.99854
vn 0.0286 -0.0455 0.99854
vn 0.56743 -0.8222 -0.04434
vn 0.49361 -0.86853 -0.04434
vn 0.26301 0.9556 -0.13269
vn 0.11151 -0.51976 0.84698
vn -0.26872 -0.45824 -0.84722
vn -0.00201 -0.29685 -0.95489
vn 0.02383 -0.29588 -0.95489
vn 0.03394 0.04172 0.99854
vn 0.03211 0.04309 0.99854
vn 0.03302 0.04236 0.99854
vn 0.97235 0.0784 0.21995
vn 0.24454 0.88852 -0.38816
vn -0.51979 0.30482 -0.79803
vn 0.03546 0.37614 0.92587
vn 0.04282 0.45412 0.88989
vn -0.0745 -0.20045 -0.97684
vn -0.97546 0.00662 0.21995
vn 0.047 -0.02612 -0.99854
vn -0.04031 0.03577 -0.99854
vn -0.04096 0.03491 -0.99854
vn -0.49794 0.18506 0.84719
vn -0.56481 0.20994 0.79806
vn -0.51405 -0.13398 0.84719
vn 0.10865 0.59267 0.79806
vn 0.06296 -0.20457 -0.97681
vn 0.08741 -0.28394 -0.95483
vn 0.30799 -0.21879 0.92587
vn -0.05115 -0.01703 -0.99854
vn 0.50139 0.85498 -0.13269
vn -0.01309 -0.05219 0.99854
vn 0.57399 0.80801 -0.13269
vn 0.06812 0.37162 -0.92587
vn 0.02786 0.29554 -0.95489
vn 0.04096 -0.03485 -0.99854
vn 0.03937 -0.03665 -0.99854
vn 0.04038 -0.03577 -0.99854
vn 0.34803 0.9364 0.04434
vn -0.88375 0.00598 0.46785
vn -0.3274 0.91891 0.21992
vn -0.41276 0.90109 0.13269
vn -0.98263 0.18015 0.04434
vn -0.51183 -0.72051 0.46782
vn -0.34132 0.16196 0.92587
vn -0.7763 0.55147 0.30531
vn 0.39344 -0.23072 0.88989
vn 0.37184 -0.26414 0.88989
vn -0.04694 0.02622 -0.99854
vn -0.04761 0.02515 -0.99854
vn -0.01648 -0.05115 0.99854
vn 0.38377 -0.83786 -0.3882
vn -0.23453 -0.85211 -0.46785
vn -0.24454 -0.88852 -0.3882
vn -0.00531 -0.78842 0.6151
vn -0.00568 -0.83926 0.54366
vn 0.00678 0.99896 0.04434
vn -0.2581 -0.14667 0.95489
vn -0.32847 -0.18668 0.92587
vn -0.43669 0.76836 -0.46782
vn 0.09577 -0.4463 0.88971
vn -0.01764 -0.05081 0.99854
vn 0.41603 -0.90826 -0.04434
vn -0.14753 0.87139 -0.46785
vn 0.66018 0.11179 -0.74273
vn 0.5941 0.10059 -0.79806
vn -0.37614 0.03546 0.92587
vn -0.05359 0.00497 -0.99854
vn 0.02515 0.04758 -0.99854
vn 0.02411 0.04822 -0.99854
vn 0.18445 -0.10819 0.97684
vn 0.25608 -0.15015 0.95489
vn -0.09967 -0.08249 0.99158
vn -0.44136 -0.11502 0.88989
vn 0.88128 -0.41826 -0.21992
vn 0.15937 0.86932 0.46782
vn 0.59267 -0.10865 0.79806
vn -0.01196 -0.05237 0.99854
vn 0.32591 -0.19111 0.92587
vn 0.37538 0.25907 0.88989
vn -0.24018 0.92145 0.30534
vn -0.19443 -0.08905 0.97684
vn -0.20145 -0.07175 0.97684
vn -0.34227 0.49593 -0.79806
vn -0.05374 0.00153 -0.99854
vn -0.05374 0.00043 -0.99854
vn -0.39042 -0.45894 0.79806
vn -0.42753 0.15891 0.88989
vn -0.35414 0.13163 0.92587
vn -0.41206 0.19556 0.88989
vn -0.92145 -0.24015 -0.30531
vn -0.21033 0.03854 -0.97684
vn -0.43721 -0.30174 -0.84722
vn 0.05094 -0.01767 -0.99854
vn 0.05118 -0.01651 -0.99854
vn 0.51216 -0.14096 0.84719
vn 0.09381 0.9946 0.04434
vn 0.52376 0.08869 -0.84719
vn -0.36805 0.80352 -0.46782
vn -0.21384 0.00143 0.97684
vn -0.02332 -0.12726 0.99158
vn 0.03153 -0.04358 -0.99854
vn 0.03244 -0.04291 -0.99854
vn 0.19318 -0.09168 0.97684
vn -0.32472 -0.32032 0.88989
vn 0.04013 -0.03574 0.99854
vn 0.03143 -0.04361 0.99854
vn 0.03427 -0.04138 0.99854
vn 0.28776 -0.24482 -0.92587
vn -0.29554 -0.34742 -0.88989
vn 0.04819 -0.02417 -0.99854
vn 0.63692 -0.76962 -0.04434
vn 0.70159 -0.71117 -0.04434
vn -0.64888 -0.44783 0.6151
vn -0.39512 -0.83254 0.3882
vn -0.3079 -0.82842 -0.46785
vn 0.72143 0.12217 0.6816
vn -0.47023 0.47664 0.74273
vn -0.00739 -0.05325 0.99854
vn -0.01242 0.05231 0.99854
vn -0.03262 0.12519 0.99158
vn -0.0101 0.0528 0.99854
vn -0.01129 0.05258 0.99854
vn -0.00201 -0.29685 0.95489
vn 0.02383 -0.29591 0.95489
vn 0.00497 0.73168 -0.6816
vn 0.09305 0.98675 0.13269
vn -0.12384 -0.17432 0.97684
vn 0.01761 0.05075 0.99854
vn 0.01657 0.05118 0.99854
vn 0.89257 -0.33174 -0.30531
vn -0.33082 0.58214 -0.74273
vn -0.38032 0.55107 -0.74273
vn 0.78671 -0.2924 0.54366
vn 0.82842 -0.3079 0.46782
vn -0.68545 -0.38957 -0.6151
vn -0.05304 0.0097 -0.99854
vn -0.12726 0.02332 -0.99158
vn -0.05322 0.00861 -0.99854
vn 0.10025 0.36427 -0.92587
vn -0.66521 -0.3047 -0.6816
vn -0.71679 -0.32832 -0.6151
vn 0.90109 0.41276 0.13269
vn 0.03516 -0.04062 0.99854
vn 0.03601 -0.03992 0.99854
vn 0.05341 0.00656 -0.99854
vn 0.05362 0.0054 -0.99854
vn 0.05267 -0.01077 0.99854
vn 0.01984 0.04999 0.99854
vn 0.04508 0.12128 0.99158
vn 0.01865 0.05039 0.99854
vn 0.05548 0.11689 0.99158
vn 0.02197 0.04904 0.99854
vn 0.02094 0.0495 0.99854
vn 0.70159 -0.71117 0.04434
vn 0.73904 -0.27467 0.6151
vn 0.7582 -0.35984 0.54366
vn 0.10025 0.36424 0.92587
vn 0.06812 0.37159 0.92587
vn 0.08225 0.44865 -0.88989
vn 0.9556 -0.26301 0.13269
vn -0.11179 0.66018 0.74273
vn 0.88687 0.40623 0.21992
vn -0.39656 -0.22538 -0.88989
vn 0.00546 -0.05365 -0.99854
vn 0.05148 -0.01553 -0.99854
vn 0.05103 0.01691 0.99854
vn 0.34739 -0.29554 0.88989
vn 0.15992 0.58095 0.79806
vn 0.12146 -0.176 -0.97684
vn 0.0231 0.04868 -0.99854
vn -0.36805 0.80352 0.46782
vn -0.63115 0.37013 0.6816
vn -0.66103 0.3137 0.6816
vn -0.31959 0.897 0.30534
vn -0.05103 -0.01688 0.99854
vn 0.06308 -0.37251 0.92587
vn 0.80352 0.36805 -0.46782
vn 0.04755 -0.02512 -0.99854
vn 0.0745 0.20045 0.97684
vn -0.00659 0.05344 -0.99854
vn 0.66659 -0.06287 0.74273
vn -0.01718 0.21314 0.97684
vn -0.0062 -0.05338 0.99854
vn 0.03989 0.0361 -0.99854
vn -0.63073 -0.22468 -0.74273
vn -0.0333 0.04212 0.99854
vn -0.0015 -0.0539 -0.99854
vn 0.36805 -0.80349 -0.46782
vn 0.0528 0.01007 0.99854
vn 0.00314 -0.05365 0.99854
vn -0.12519 -0.03262 -0.99158
vn -0.05142 -0.01578 -0.99854
vn -0.0509 0.01779 -0.99854
vn 0.0531 -0.00845 -0.99854
vn 0.05332 -0.00735 -0.99854
vn -0.05881 0.72933 -0.6816
vn -0.0538 0.66738 0.74273
vn -0.0054 0.05362 -0.99854
vn -0.01914 0.0502 -0.99854
vn 0.14756 -0.87139 -0.46785
vn 0.30174 -0.43721 0.84719
vn -0.04355 -0.03146 0.99854
vn -0.04288 -0.03238 0.99854
vn -0.05243 -0.01251 -0.99854
vn 0.20795 -0.96908 -0.13257
vn 0.20463 -0.95383 -0.21973
vn -0.04395 0.03119 -0.99854
vn -0.04331 0.03204 -0.99854
vn -0.51088 -0.60051 -0.6151
vn -0.45659 -0.64275 -0.6151
vn -0.85498 0.50139 0.13269
vn 0.25907 -0.37538 0.88989
vn 0.04172 -0.03394 -0.99854
vn 0.04245 -0.03299 -0.99854
vn 0.04328 -0.03211 -0.99854
vn -0.64791 -0.16886 -0.74273
vn -0.0687 -0.72845 -0.6816
vn 0.02615 0.04697 -0.99854
vn -0.04462 0.0303 -0.99854
vn 0.05319 0.00778 -0.99854
vn 0.02622 0.04691 0.99854
vn -0.13636 0.16474 0.97684
vn 0.07932 -0.3697 0.92575
vn -0.04166 0.034 -0.99854
vn 0.05264 0.0112 -0.99854
vn -0.02615 -0.047 0.99854
vn 0.18543 -0.86431 -0.46748
vn -0.12473 0.03433 -0.99158
vn 0.0369 -0.03912 -0.99854
vn 0.05216 -0.01309 0.99854
vn 0.0524 -0.01196 0.99854
vn -0.37251 -0.06305 0.92587
vn -0.00195 0.05374 0.99854
vn -0.00314 0.05365 0.99854
vn -0.02091 -0.04953 0.99854
vn 0.02094 0.04956 -0.99854
vn 0.0221 0.04917 -0.99854
vn 0.20795 -0.96908 0.13257
vn 0.01648 0.05118 -0.99854
vn 0.02515 0.04758 0.99854
vn -0.04248 0.03305 -0.99854
vn -0.0109 -0.05264 0.99854
vn 0.20466 -0.95383 0.21973
vn -0.03394 -0.04169 0.99854
vn -0.00079 0.05374 0.99854
vt 0.9167 0.7687
vt 0.9028 0.7309
vt 0.9167 0.7309
vt 0.9028 0.7687
vt 0.7917 0.6914
vt 0.7778 0.6504
vt 0.7917 0.6504
vt 0.7778 0.6914
vt 0.0139 0.2313
vt 0 0.2691
vt 0 0.2313
vt 0.0139 0.2691
vt 0.8611 0.0565
vt 0.8472 0.0783
vt 0.8472 0.0565
vt 0.8611 0.0783
vt 0.9305 0.3087
vt 0.9167 0.3497
vt 0.9167 0.3087
vt 0.9305 0.3497
vt 0.0278 0.8968
vt 0.0139 0.8687
vt 0.0278 0.8687
vt 0.0139 0.8968
vt 1 0.7309
vt 0.9861 0.6914
vt 1 0.6914
vt 0.9861 0.7309
vt 0.6702 0.0004
vt 0.6667 0.0042
vt 0.6667 0.0004
vt 0.6806 0.0042
vt 0.6771 0.0004
vt 0.6806 0.0004
vt 0.6736 0.0004
vt 0.625 0.8968
vt 0.6111 0.9218
vt 0.6111 0.8968
vt 0.625 0.9218
vt 0.8368 0.0004
vt 0.8333 0.0042
vt 0.8333 0.0004
vt 0.8472 0.0042
vt 0.8437 0.0004
vt 0.8472 0.0004
vt 0.8403 0.0004
vt 0.7485 0
vt 0.0382 0.0004
vt 0.0347 0.0004
vt 0.3195 0.962
vt 0.3056 0.977
vt 0.3056 0.962
vt 0.3195 0.977
vt 0.6806 0.9996
vt 0.5719 1.0001
vt 0.6771 0.9996
vt 0.1215 0.9996
vt 0.1181 0.9996
vt 0.4722 0.9882
vt 0.4584 0.977
vt 0.4722 0.977
vt 0.4584 0.9882
vt 0.3889 0.8379
vt 0.375 0.8687
vt 0.375 0.8379
vt 0.3889 0.8687
vt 0.7083 0.0004
vt 0.7049 0.0004
vt 0.2778 0.7687
vt 0.2639 0.8045
vt 0.2639 0.7687
vt 0.2778 0.8045
vt 0.9722 0.8379
vt 0.9583 0.8687
vt 0.9583 0.8379
vt 0.9722 0.8687
vt 0.3889 0.7687
vt 0.375 0.8045
vt 0.375 0.7687
vt 0.3889 0.8045
vt 0.8194 0.4782
vt 0.8056 0.4348
vt 0.8194 0.4348
vt 0.8056 0.4782
vt 0.7917 0.7687
vt 0.7778 0.8045
vt 0.7778 0.7687
vt 0.7917 0.8045
vt 0.4445 0.7687
vt 0.4306 0.7309
vt 0.4445 0.7309
vt 0.4306 0.7687
vt 0.2917 0.0565
vt 0.2778 0.0783
vt 0.2778 0.0565
vt 0.2917 0.0783
vt 0.3056 0.1313
vt 0.2917 0.1622
vt 0.2917 0.1313
vt 0.3056 0.1622
vt 0.4584 0.0231
vt 0.4445 0.0118
vt 0.4584 0.0118
vt 0.4445 0.0231
vt 0.9861 0.0042
vt 0.9826 0.0004
vt 0.9861 0.0004
vt 0.9757 0.0004
vt 0.9722 0.0042
vt 0.9722 0.0004
vt 0.9791 0.0004
vt 0.2361 0.0565
vt 0.2223 0.038
vt 0.2361 0.038
vt 0.2223 0.0565
vt 0.25 0.9882
vt 0.2361 0.977
vt 0.25 0.977
vt 0.2361 0.9882
vt 0.625 0.0118
vt 0.6111 0.0231
vt 0.6111 0.0118
vt 0.625 0.0231
vt 0.8056 0.3918
vt 0.7917 0.3497
vt 0.8056 0.3497
vt 0.7917 0.3918
vt 0.1806 0.3497
vt 0.1667 0.3918
vt 0.1667 0.3497
vt 0.1806 0.3918
vt 0.0278 0.8379
vt 0.0139 0.8045
vt 0.0278 0.8045
vt 0.0139 0.8379
vt 0.4584 0.9436
vt 0.4445 0.962
vt 0.4445 0.9436
vt 0.4584 0.962
vt 0.0868 0.9996
vt 0.0903 0.9996
vt 0.9167 0.8045
vt 0.9028 0.8379
vt 0.9028 0.8045
vt 0.9167 0.8379
vt 0.8472 0.962
vt 0.8333 0.977
vt 0.8333 0.962
vt 0.8472 0.977
vt 0.3091 0.0004
vt 0.3056 0.0042
vt 0.3056 0.0004
vt 0.3195 0.0042
vt 0.316 0.0004
vt 0.3195 0.0004
vt 0.3125 0.0004
vt 0.7361 0.9218
vt 0.7222 0.8968
vt 0.7361 0.8968
vt 0.7222 0.9218
vt 0.4722 0.5218
vt 0.4584 0.4782
vt 0.4722 0.4782
vt 0.4584 0.5218
vt 0.9861 0.0231
vt 0.9722 0.0118
vt 0.9861 0.0118
vt 0.9722 0.0231
vt 0.0973 0.5218
vt 0.0834 0.4782
vt 0.0973 0.4782
vt 0.0834 0.5218
vt 0.4028 0.3087
vt 0.3889 0.2691
vt 0.4028 0.2691
vt 0.3889 0.3087
vt 0.4722 0.6083
vt 0.4584 0.5653
vt 0.4722 0.5653
vt 0.4584 0.6083
vt 0.1111 0.5218
vt 0.1111 0.4782
vt 0.8055 0.0004
vt 0.8021 0.0004
vt 0.9271 0.9996
vt 0.9305 0.9996
vt 0.8472 0.5218
vt 0.8333 0.5653
vt 0.8333 0.5218
vt 0.8472 0.5653
vt 0.9028 0.1313
vt 0.8889 0.1622
vt 0.8889 0.1313
vt 0.9028 0.1622
vt 0.5139 0.1033
vt 0.5 0.0783
vt 0.5139 0.0783
vt 0.5 0.1033
vt 0.4584 0.1313
vt 0.4445 0.1622
vt 0.4445 0.1313
vt 0.4584 0.1622
vt 0.4722 0.9436
vt 0.4722 0.962
vt 0.4722 0.038
vt 0.4584 0.0565
vt 0.4584 0.038
vt 0.4722 0.0565
vt 0.9583 0.6083
vt 0.9444 0.6504
vt 0.9444 0.6083
vt 0.9583 0.6504
vt 0.4861 0.962
vt 0.4861 0.9436
vt 0.6945 0.0004
vt 0.691 0.0004
vt 0.2674 0.9996
vt 0.2709 0.9996
vt 0.6944 0.8968
vt 0.6806 0.8687
vt 0.6944 0.8687
vt 0.6806 0.8968
vt 0.5 0.2691
vt 0.4861 0.2313
vt 0.5 0.2313
vt 0.4861 0.2691
vt 0.5556 0.8045
vt 0.5417 0.7687
vt 0.5556 0.7687
vt 0.5417 0.8045
vt 0.6563 0.9996
vt 0.6528 0.9996
vt 0.9722 0.6504
vt 0.9722 0.6083
vt 0.1667 0.8379
vt 0.1528 0.8687
vt 0.1528 0.8379
vt 0.1667 0.8687
vt 0.2639 0.0118
vt 0.25 0.0042
vt 0.2639 0.0042
vt 0.25 0.0118
vt 0.0695 0.0118
vt 0.0556 0.0231
vt 0.0556 0.0118
vt 0.0695 0.0231
vt 0.8194 0.0042
vt 0.816 0.0004
vt 0.8194 0.0004
vt 0.809 0.0004
vt 0.8056 0.0042
vt 0.8125 0.0004
vt 0.4098 0.0004
vt 0.4063 0.0004
vt 0.6389 0.2691
vt 0.625 0.3087
vt 0.625 0.2691
vt 0.6389 0.3087
vt 0.0834 0.9882
vt 0.0695 0.9958
vt 0.0695 0.9882
vt 0.0834 0.9958
vt 0.0695 0.1956
vt 0.0556 0.2313
vt 0.0556 0.1956
vt 0.0695 0.2313
vt 0.8646 0.0004
vt 0.8611 0.0042
vt 0.8611 0.0004
vt 0.875 0.0042
vt 0.8715 0.0004
vt 0.875 0.0004
vt 0.868 0.0004
vt 1 0.9218
vt 0.9861 0.8968
vt 1 0.8968
vt 0.9861 0.9218
vt 0.4861 0.1033
vt 0.4722 0.0783
vt 0.4861 0.0783
vt 0.4722 0.1033
vt 0.3716 0.0004
vt 0.3681 0.0004
vt 0.7083 0.3087
vt 0.6944 0.3497
vt 0.6944 0.3087
vt 0.7083 0.3497
vt 0.8611 0.8687
vt 0.8472 0.8968
vt 0.8472 0.8687
vt 0.8611 0.8968
vt 0.3195 0.0231
vt 0.3056 0.0118
vt 0.3195 0.0118
vt 0.3056 0.0231
vt 0.9583 0.9436
vt 0.9444 0.962
vt 0.9444 0.9436
vt 0.9583 0.962
vt 0.125 0.3497
vt 0.1111 0.3918
vt 0.1111 0.3497
vt 0.125 0.3918
vt 0.4028 0.1622
vt 0.3889 0.1956
vt 0.3889 0.1622
vt 0.4028 0.1956
vt 0.0695 0.9996
vt 0.0834 0.9996
vt 0.0799 0.9996
vt 0.0764 0.9996
vt 0.0729 0.9996
vt 0.4028 0.9882
vt 0.3889 0.977
vt 0.4028 0.977
vt 0.3889 0.9882
vt 0.8472 0.9958
vt 0.8333 0.9882
vt 0.8472 0.9882
vt 0.8333 0.9958
vt 0.1111 0.8968
vt 0.0973 0.9218
vt 0.0973 0.8968
vt 0.1111 0.9218
vt 0.9722 0.1956
vt 0.9583 0.1622
vt 0.9722 0.1622
vt 0.9583 0.1956
vt 0.5799 0.9996
vt 0.5764 0.9996
vt 0.0417 0.9218
vt 0.0278 0.9436
vt 0.0278 0.9218
vt 0.0417 0.9436
vt 0.7222 0.0042
vt 0.7188 0.0004
vt 0.7222 0.0004
vt 0.7118 0.0004
vt 0.7083 0.0042
vt 0.7153 0.0004
vt 0.9167 0.8968
vt 0.9028 0.8687
vt 0.9167 0.8687
vt 0.9028 0.8968
vt 0.0139 0.3497
vt 0 0.3087
vt 0.0139 0.3087
vt 0 0.3497
vt 0.6389 0.6914
vt 0.625 0.6504
vt 0.6389 0.6504
vt 0.625 0.6914
vt 0.9583 0.0042
vt 0.9583 0.0118
vt 0.5972 0.9218
vt 0.5833 0.8968
vt 0.5972 0.8968
vt 0.5833 0.9218
vt 0.0973 0.5653
vt 0.0834 0.6083
vt 0.0834 0.5653
vt 0.0973 0.6083
vt 0.4722 0.6914
vt 0.4584 0.6504
vt 0.4722 0.6504
vt 0.4584 0.6914
vt 0.4028 0.1033
vt 0.3889 0.1313
vt 0.3889 0.1033
vt 0.4028 0.1313
vt 0.25 0.1622
vt 0.2361 0.1956
vt 0.2361 0.1622
vt 0.25 0.1956
vt 0.7222 0.038
vt 0.7083 0.0565
vt 0.7083 0.038
vt 0.7222 0.0565
vt 0.2917 0.8968
vt 0.2778 0.8687
vt 0.2917 0.8687
vt 0.2778 0.8968
vt 0.2778 0.9218
vt 0.2639 0.8968
vt 0.2639 0.9218
vt 0.7083 0.1956
vt 0.6944 0.2313
vt 0.6944 0.1956
vt 0.7083 0.2313
vt 0.4028 0.3918
vt 0.3889 0.4348
vt 0.3889 0.3918
vt 0.4028 0.4348
vt 0.75 0.8968
vt 0.7361 0.8687
vt 0.75 0.8687
vt 0.125 0.0783
vt 0.1111 0.0565
vt 0.125 0.0565
vt 0.1111 0.0783
vt 0.125 0.0118
vt 0.1111 0.0042
vt 0.125 0.0042
vt 0.1111 0.0118
vt 0.2917 0.1956
vt 0.2778 0.2313
vt 0.2778 0.1956
vt 0.2917 0.2313
vt 0.8576 0.0004
vt 0.5972 0.038
vt 0.5972 0.0231
vt 0.6111 0.038
vt 0.3611 0.962
vt 0.3472 0.9436
vt 0.3611 0.9436
vt 0.3472 0.962
vt 0.9583 0.977
vt 0.9444 0.977
vt 0.8611 0.4782
vt 0.8472 0.4782
vt 0.8611 0.5218
vt 0.9722 0.1313
vt 0.9583 0.1033
vt 0.9722 0.1033
vt 0.9583 0.1313
vt 0.6528 0.9436
vt 0.6389 0.9218
vt 0.6528 0.9218
vt 0.6389 0.9436
vt 0.2778 0.2691
vt 0.2639 0.2313
vt 0.2639 0.2691
vt 0.2813 0.9996
vt 0.2848 0.9996
vt 0.8889 0.6914
vt 0.875 0.6504
vt 0.8889 0.6504
vt 0.875 0.6914
vt 0.1667 0.5218
vt 0.1528 0.4782
vt 0.1667 0.4782
vt 0.1528 0.5218
vt 0.3611 0.7687
vt 0.3472 0.7309
vt 0.3611 0.7309
vt 0.3472 0.7687
vt 0.2778 0.1033
vt 0.2639 0.1313
vt 0.2639 0.1033
vt 0.2778 0.1313
vt 0.1806 0.9996
vt 0.1667 0.9958
vt 0.1806 0.9958
vt 0.1771 0.9996
vt 0.1736 0.9996
vt 0.1702 0.9996
vt 0.1667 0.9996
vt 0.9028 0.6504
vt 0.9028 0.6914
vt 0.25 0.8968
vt 0.25 0.9218
vt 0.4028 0.8968
vt 0.4028 0.8687
vt 0.3889 0.8968
vt 0.9305 0.6914
vt 0.9305 0.6504
vt 0.9444 0.6914
vt 0.7222 0.1033
vt 0.7083 0.1313
vt 0.7083 0.1033
vt 0.7222 0.1313
vt 0.684 0.9996
vt 0.6875 0.9996
vt 0.8889 0.3918
vt 0.875 0.4348
vt 0.875 0.3918
vt 0.8889 0.4348
vt 0.2084 0.8687
vt 0.1945 0.8379
vt 0.2084 0.8379
vt 0.1945 0.8687
vt 0.5417 0.9958
vt 0.5278 0.9996
vt 0.5278 0.9958
vt 0.5417 0.9996
vt 0.5382 0.9996
vt 0.5348 0.9996
vt 0.5313 0.9996
vt 0.25 0.7687
vt 0.2361 0.7309
vt 0.25 0.7309
vt 0.2361 0.7687
vt 0.875 0.1313
vt 0.8611 0.1622
vt 0.8611 0.1313
vt 0.875 0.1622
vt 0.7639 0.0783
vt 0.75 0.1033
vt 0.75 0.0783
vt 0.7639 0.1033
vt 0.6944 0.7687
vt 0.6806 0.8045
vt 0.6806 0.7687
vt 0.6944 0.8045
vt 0.3056 0.3497
vt 0.2917 0.3087
vt 0.3056 0.3087
vt 0.2917 0.3497
vt 0.5833 0.9436
vt 0.5972 0.9436
vt 0.8889 0.8968
vt 0.8889 0.8687
vt 0.9305 0.1313
vt 0.9167 0.1622
vt 0.9167 0.1313
vt 0.9305 0.1622
vt 0.2639 0.0783
vt 0.9028 0.9882
vt 0.8889 0.9958
vt 0.8889 0.9882
vt 0.9028 0.9958
vt 0.7639 0.5653
vt 0.75 0.5218
vt 0.7639 0.5218
vt 0.75 0.5653
vt 0.7639 0.3918
vt 0.75 0.4348
vt 0.75 0.3918
vt 0.7639 0.4348
vt 0.6944 0.1622
vt 0.6806 0.1956
vt 0.6806 0.1622
vt 0.875 0.3497
vt 0.8889 0.3497
vt 0.4306 0.3497
vt 0.4167 0.3918
vt 0.4167 0.3497
vt 0.4306 0.3918
vt 0.4445 0.5653
vt 0.4445 0.5218
vt 0.3056 0.9218
vt 0.3056 0.8968
vt 0.2917 0.9218
vt 0.5139 0.0231
vt 0.5 0.038
vt 0.5 0.0231
vt 0.5139 0.038
vt 0.4306 0.8045
vt 0.4445 0.8045
vt 0.9305 0.5653
vt 0.9444 0.5653
vt 0.9305 0.6083
vt 0.8889 0.1956
vt 0.875 0.2313
vt 0.875 0.1956
vt 0.8889 0.2313
vt 0.7951 0.0004
vt 0.7917 0.0042
vt 0.7917 0.0004
vt 0.7986 0.0004
vt 0.8611 0.3497
vt 0.8472 0.3087
vt 0.8611 0.3087
vt 0.8472 0.3497
vt 0.2223 0.1033
vt 0.2084 0.1313
vt 0.2084 0.1033
vt 0.2223 0.1313
vt 0.9896 0.0004
vt 1 0.0042
vt 0.9965 0.0004
vt 1 0.0004
vt 0.993 0.0004
vt 0.6944 0.977
vt 0.6806 0.9882
vt 0.6806 0.977
vt 0.6944 0.9882
vt 0.2778 0.6914
vt 0.2639 0.6504
vt 0.2778 0.6504
vt 0.2639 0.6914
vt 0.7639 0.3087
vt 0.75 0.2691
vt 0.7639 0.2691
vt 0.75 0.3087
vt 0.1806 0.8687
vt 0.1806 0.8379
vt 0.4167 0.6914
vt 0.4028 0.7309
vt 0.4028 0.6914
vt 0.4167 0.7309
vt 0.7639 0.7309
vt 0.75 0.7687
vt 0.75 0.7309
vt 0.7639 0.7687
vt 0.7361 0.1313
vt 0.7361 0.1033
vt 0.25 0.1313
vt 0.2361 0.1313
vt 0.2466 0.0004
vt 0.2431 0.0004
vt 0.0973 0.2691
vt 0.0834 0.3087
vt 0.0834 0.2691
vt 0.0973 0.3087
vt 0.0973 0.1622
vt 0.0834 0.1956
vt 0.0834 0.1622
vt 0.0973 0.1956
vt 0.3542 0.0004
vt 0.3507 0.0004
vt 0.3472 0.8045
vt 0.3334 0.7687
vt 0.3334 0.8045
vt 0.3334 0.2691
vt 0.3195 0.2313
vt 0.3334 0.2313
vt 0.3195 0.2691
vt 0.8333 0.1313
vt 0.8194 0.1622
vt 0.8194 0.1313
vt 0.8333 0.1622
vt 0.9028 0.0042
vt 0.8889 0.0118
vt 0.8889 0.0042
vt 0.9028 0.0118
vt 0.3889 0.9958
vt 0.4028 0.9958
vt 0.3472 0.0118
vt 0.3334 0.0042
vt 0.3473 0.0042
vt 0.3334 0.0118
vt 0.0556 0.9958
vt 0.0417 0.9882
vt 0.0556 0.9882
vt 0.0417 0.9958
vt 0.5972 0.6504
vt 0.5833 0.6083
vt 0.5972 0.6083
vt 0.5833 0.6504
vt 0.4584 0.0783
vt 0.9861 0.9436
vt 1 0.9436
vt 0.5972 0.0783
vt 0.5833 0.0565
vt 0.5972 0.0565
vt 0.5833 0.0783
vt 0.3889 0.2313
vt 0.375 0.1956
vt 0.375 0.2313
vt 0.875 0.3087
vt 0.8889 0.1033
vt 0.875 0.1033
vt 0.5833 0.9882
vt 0.5695 0.977
vt 0.5833 0.977
vt 0.5695 0.9882
vt 0.0695 0.4782
vt 0.0556 0.4348
vt 0.0695 0.4348
vt 0.0556 0.4782
vt 0.4445 0.0783
vt 0.4306 0.0565
vt 0.4445 0.0565
vt 0.4306 0.0783
vt 0.5278 0.8687
vt 0.5139 0.8968
vt 0.5139 0.8687
vt 0.5278 0.8968
vt 0.4028 0.0118
vt 0.3889 0.0042
vt 0.4028 0.0042
vt 0.3889 0.0118
vt 0.9722 0.3918
vt 0.9583 0.3497
vt 0.9722 0.3497
vt 0.9583 0.3918
vt 0.7951 0.9996
vt 0.7917 0.9996
vt 0.7083 0.6914
vt 0.6944 0.7309
vt 0.6944 0.6914
vt 0.7083 0.7309
vt 0.1389 0.7687
vt 0.125 0.7309
vt 0.1389 0.7309
vt 0.125 0.7687
vt 0.0695 0.3918
vt 0.0556 0.3918
vt 0.6111 0.8379
vt 0.5972 0.8045
vt 0.6111 0.8045
vt 0.5972 0.8379
vt 0.2223 0.3497
vt 0.2084 0.3087
vt 0.2223 0.3087
vt 0.2084 0.3497
vt 0.8611 0.6914
vt 0.8611 0.6504
vt 0.2084 0.977
vt 0.1945 0.9882
vt 0.1945 0.977
vt 0.2084 0.9882
vt 0.3334 0.962
vt 0.3195 0.9436
vt 0.3334 0.9436
vt 0.375 0.1313
vt 0.3611 0.1033
vt 0.375 0.1033
vt 0.3611 0.1313
vt 0.1667 0.5653
vt 0.1528 0.5653
vt 0.4306 0.977
vt 0.4306 0.962
vt 0.4445 0.977
vt 1 0.8687
vt 0.9861 0.8379
vt 1 0.8379
vt 0.9861 0.8687
vt 0.0556 0.6914
vt 0.0417 0.7309
vt 0.0417 0.6914
vt 0.0556 0.7309
vt 0.5417 0.1033
vt 0.5278 0.0783
vt 0.5417 0.0783
vt 0.5278 0.1033
vt 0.7917 0.6083
vt 0.7778 0.6083
vt 0.1528 0.1956
vt 0.1389 0.2313
vt 0.1389 0.1956
vt 0.1528 0.2313
vt 0.8472 0.7309
vt 0.8333 0.7687
vt 0.8333 0.7309
vt 0.8472 0.7687
vt 0.6111 0.6083
vt 0.625 0.6083
vt 0.6111 0.6504
vt 0.5 0.1956
vt 0.4861 0.1622
vt 0.5 0.1622
vt 0.4861 0.1956
vt 0.6667 0.5653
vt 0.6528 0.5218
vt 0.6667 0.5218
vt 0.6528 0.5653
vt 0.5 0.9436
vt 0.5 0.962
vt 0.9305 0.3918
vt 0.9167 0.3918
vt 0.1528 0.1622
vt 0.1389 0.1313
vt 0.1528 0.1313
vt 0.1389 0.1622
vt 0.2778 0.9996
vt 0.2639 0.9958
vt 0.2778 0.9958
vt 0.2743 0.9996
vt 0.2639 0.9996
vt 0.3334 0.3087
vt 0.3195 0.3087
vt 0.6667 0.8379
vt 0.6806 0.8379
vt 0.6667 0.8687
vt 0.3889 0.5218
vt 0.375 0.5653
vt 0.375 0.5218
vt 0.3889 0.5653
vt 0.7361 0.5653
vt 0.7361 0.5218
vt 0.4167 0.5653
vt 0.4028 0.6083
vt 0.4028 0.5653
vt 0.4167 0.6083
vt 0.4445 0.3087
vt 0.4306 0.2691
vt 0.4445 0.2691
vt 0.4306 0.3087
vt 0.375 0.2691
vt 0.375 0.3087
vt 0.4584 0.0042
vt 0.4445 0.0042
vt 0.8611 0.1956
vt 0.2778 0.0231
vt 0.2778 0.0118
vt 0.2639 0.0231
vt 0.7083 0.1622
vt 0.7222 0.1622
vt 0.5278 0.8045
vt 0.5278 0.7687
vt 0.5521 0.0004
vt 0.5486 0.0004
vt 0.4584 0.4348
vt 0.4445 0.3918
vt 0.4584 0.3918
vt 0.4445 0.4348
vt 0.1945 0.9958
vt 0.2084 0.9958
vt 0.1528 0.9958
vt 0.1632 0.9996
vt 0.1597 0.9996
vt 0.1563 0.9996
vt 0.1528 0.9996
vt 0.7917 0.3087
vt 0.8056 0.3087
vt 0.3195 0.3497
vt 0.4167 0.3087
vt 0.4028 0.3497
vt 0.1945 0.9996
vt 0.2084 0.9996
vt 0.2049 0.9996
vt 0.2014 0.9996
vt 0.1979 0.9996
vt 0.25 0.3497
vt 0.2361 0.3087
vt 0.25 0.3087
vt 0.2361 0.3497
vt 0.0278 0.0004
vt 0.0243 0.0004
vt 0.6806 0.1313
vt 0.6667 0.1033
vt 0.6806 0.1033
vt 0.6667 0.1313
vt 0.3264 0.0004
vt 0.323 0.0004
vt 0.8889 0.8379
vt 0.4618 0.9996
vt 0.4653 0.9996
vt 0.4167 0.5218
vt 0.4028 0.4782
vt 0.4167 0.4782
vt 0.4028 0.5218
vt 0.8333 0.038
vt 0.8194 0.0565
vt 0.8194 0.038
vt 0.8333 0.0565
vt 0.6806 0.3918
vt 0.6806 0.3497
vt 0.6944 0.3918
vt 0.8194 0.9996
vt 0.8194 0.9958
vt 0.8333 0.9996
vt 0.8298 0.9996
vt 0.8264 0.9996
vt 0.8229 0.9996
vt 0.7465 0.0004
vt 0.7431 0.0004
vt 0.0695 0.977
vt 0.0556 0.977
vt 0.3611 0.4782
vt 0.375 0.4782
vt 0.3611 0.5218
vt 0.5 0.8379
vt 0.4861 0.8045
vt 0.5 0.8045
vt 0.4861 0.8379
vt 0.6944 0.2691
vt 0.6806 0.2313
vt 0.6806 0.2691
vt 0.5972 0.9958
vt 0.5972 0.9882
vt 0.5834 0.9958
vt 0.8194 0.9218
vt 0.8056 0.8968
vt 0.8194 0.8968
vt 0.8056 0.9218
vt 0.1806 0.8968
vt 0.1667 0.9218
vt 0.1667 0.8968
vt 0.1806 0.9218
vt 0.1111 0.4348
vt 0.0973 0.3918
vt 0.0973 0.4348
vt 0.9305 0.038
vt 0.9167 0.0231
vt 0.9305 0.0231
vt 0.9167 0.038
vt 0.6632 0.0004
vt 0.6563 0.0004
vt 0.6528 0.0042
vt 0.6528 0.0004
vt 0.6597 0.0004
vt 0.5695 0.7687
vt 0.5556 0.7309
vt 0.5695 0.7309
vt 0.5417 0.9218
vt 0.5278 0.9436
vt 0.5278 0.9218
vt 0.5417 0.9436
vt 0.8194 0.6504
vt 0.8056 0.6914
vt 0.8056 0.6504
vt 0.8194 0.6914
vt 0.3611 0.3087
vt 0.3611 0.2691
vt 0.9722 0.2313
vt 0.9583 0.2691
vt 0.9583 0.2313
vt 0.9722 0.2691
vt 0.875 0.7687
vt 0.8611 0.7309
vt 0.875 0.7309
vt 0.8611 0.7687
vt 0.9305 0.8045
vt 0.9305 0.7687
vt 0.3334 0.3497
vt 0.7083 0.9436
vt 0.6944 0.962
vt 0.6944 0.9436
vt 0.7083 0.962
vt 0.6111 0.977
vt 0.5972 0.977
vt 0.6111 0.9882
vt 0.4931 0.0004
vt 0.4896 0.0004
vt 0.1945 0.1622
vt 0.1806 0.1313
vt 0.1945 0.1313
vt 0.1806 0.1622
vt 0.0695 0.5653
vt 0.0695 0.5218
vt 0.5695 0.6504
vt 0.5695 0.6083
vt 0.2223 0.9958
vt 0.2223 0.9996
vt 0.2188 0.9996
vt 0.2153 0.9996
vt 0.2118 0.9996
vt 0.7083 0.9218
vt 0.7083 0.8968
vt 0.7083 0.4348
vt 0.6944 0.4782
vt 0.6944 0.4348
vt 0.7083 0.4782
vt 0.25 0.1033
vt 1 0.4782
vt 0.9861 0.4348
vt 1 0.4348
vt 0.9861 0.4782
vt 0.0834 0.2313
vt 0.0695 0.2691
vt 0.2778 0.4782
vt 0.2639 0.4348
vt 0.2778 0.4348
vt 0.2639 0.4782
vt 0.7778 0.9958
vt 0.7639 0.9882
vt 0.7778 0.9882
vt 0.7639 0.9958
vt 0.6111 0.5218
vt 0.5972 0.5653
vt 0.5972 0.5218
vt 0.6111 0.5653
vt 0.4028 0.6504
vt 0.3889 0.6914
vt 0.3889 0.6504
vt 0.7917 0.9218
vt 0.7917 0.8968
vt 0.375 0.3497
vt 0.3611 0.3918
vt 0.3611 0.3497
vt 0.375 0.3918
vt 0.1945 0.5653
vt 0.1806 0.6083
vt 0.1806 0.5653
vt 0.1945 0.6083
vt 0.1111 0.5653
vt 0.7361 0.0783
vt 0.7361 0.0565
vt 0.7222 0.0783
vt 0.8194 0.7687
vt 0.8056 0.7309
vt 0.8194 0.7309
vt 0.8056 0.7687
vt 0.7083 0.0118
vt 0.6944 0.0231
vt 0.6945 0.0118
vt 0.7083 0.0231
vt 0.3125 0.9996
vt 0.3091 0.9996
vt 1 0.6083
vt 0.9861 0.6504
vt 0.9861 0.6083
vt 1 0.6504
vt 0.8333 0.2691
vt 0.8194 0.2313
vt 0.8333 0.2313
vt 0.8194 0.2691
vt 0.2223 0.9882
vt 0.1667 0.8045
vt 0.1806 0.8045
vt 0.5972 0.9996
vt 0.5938 0.9996
vt 0.0521 0.9996
vt 0.0556 0.9996
vt 0.0139 0.6914
vt 0 0.6504
vt 0.0139 0.6504
vt 0 0.6914
vt 0.2604 0.0004
vt 0.257 0.0004
vt 0.0278 0.4782
vt 0.0139 0.5218
vt 0.0139 0.4782
vt 0.0278 0.5218
vt 0.7917 0.1033
vt 0.7778 0.0783
vt 0.7917 0.0783
vt 0.7778 0.1033
vt 0.7361 0.0231
vt 0.7222 0.0231
vt 0.7361 0.038
vt 0.8472 0.0118
vt 0.8333 0.0118
vt 0.125 0.8379
vt 0.1111 0.8045
vt 0.125 0.8045
vt 0.1111 0.8379
vt 0.4722 0.9958
vt 0.4584 0.9996
vt 0.4584 0.9958
vt 0.4723 0.9996
vt 0.4688 0.9996
vt 0.2639 0.5218
vt 0.25 0.4782
vt 0.25 0.5218
vt 0.3577 0.0004
vt 0.2292 0.0004
vt 0.2257 0.0004
vt 0.0417 0.0042
vt 0.0278 0.0118
vt 0.0278 0.0042
vt 0.0417 0.0118
vt 0.5417 0.6914
vt 0.5278 0.7309
vt 0.5278 0.6914
vt 0.5417 0.7309
vt 0.5 0.8687
vt 0.5 0.8968
vt 0.8055 0.9996
vt 0.809 0.9996
vt 0.5695 0.5218
vt 0.5556 0.5653
vt 0.5556 0.5218
vt 0.5695 0.5653
vt 0.1389 0.4782
vt 0.1389 0.5218
vt 0.9167 0.977
vt 0.9028 0.977
vt 0.9167 0.9882
vt 0.5556 0.2313
vt 0.5417 0.1956
vt 0.5556 0.1956
vt 0.5417 0.2313
vt 0.2361 0.1033
vt 0.2223 0.0783
vt 0.2361 0.0783
vt 0.3438 0.0004
vt 0.3403 0.0004
vt 0.5972 0.1313
vt 0.5833 0.1622
vt 0.5833 0.1313
vt 0.5972 0.1622
vt 0.7639 0.3497
vt 0.75 0.3497
vt 0.6806 0.6914
vt 0.6667 0.7309
vt 0.6667 0.6914
vt 0.6806 0.7309
vt 0.1736 0.0004
vt 0.1702 0.0004
vt 0.8611 0.977
vt 0.8611 0.9882
vt 0.6389 0.2313
vt 0.625 0.1956
vt 0.6389 0.1956
vt 0.625 0.2313
vt 0.4167 0.0042
vt 0.4132 0.0004
vt 0.4167 0.0004
vt 0.4028 0.0004
vt 0.7361 0.4782
vt 0.7222 0.5218
vt 0.7222 0.4782
vt 0.5695 0.8968
vt 0.5556 0.9218
vt 0.5556 0.8968
vt 0.5695 0.9218
vt 0.0834 0.962
vt 0.0695 0.962
vt 0.0834 0.977
vt 0.6667 0.7687
vt 0.6528 0.1956
vt 0.6528 0.2313
vt 0.4341 0.9996
vt 0.4375 0.9996
vt 0.25 0.8045
vt 0.8889 0.962
vt 0.875 0.9436
vt 0.8889 0.9436
vt 0.875 0.962
vt 0.9305 0.7309
vt 0.8472 0.1313
vt 0.8472 0.1622
vt 0.7604 0.9996
vt 0.7639 0.9996
vt 0.6389 0.0565
vt 0.625 0.0783
vt 0.625 0.0565
vt 0.6389 0.0783
vt 0.75 0.9958
vt 0.7361 0.9996
vt 0.7361 0.9958
vt 0.75 0.9996
vt 0.7465 0.9996
vt 0.7431 0.9996
vt 0.7396 0.9996
vt 0.9305 0.9882
vt 0.9167 0.9958
vt 0.9305 0.9958
vt 0.0556 0.7687
vt 0.0417 0.8045
vt 0.0417 0.7687
vt 0.0556 0.8045
vt 0.3334 0.9218
vt 0.3195 0.8968
vt 0.3334 0.8968
vt 0.3195 0.9218
vt 0.8194 0.977
vt 0.8194 0.962
vt 0.2917 0.038
vt 0.2778 0.038
vt 0.0139 0.9436
vt 0 0.9218
vt 0.0139 0.9218
vt 0 0.9436
vt 0.3195 0.7687
vt 0.3056 0.8045
vt 0.3056 0.7687
vt 0.3195 0.8045
vt 0.4861 0.8687
vt 0.4722 0.8968
vt 0.4722 0.8687
vt 0.4861 0.8968
vt 0.6806 0.6504
vt 0.6944 0.6504
vt 0.6667 0.8045
vt 0.8333 0.3087
vt 0.8194 0.3497
vt 0.8194 0.3087
vt 0.8333 0.3497
vt 0.25 0.9996
vt 0.2466 0.9996
vt 0.4028 0.962
vt 0.3889 0.962
vt 0.8889 0.2691
vt 0.875 0.2691
vt 0.9444 0.7687
vt 0.9444 0.8045
vt 0.8333 0.3918
vt 0.8472 0.3918
vt 0.7361 0.4348
vt 0.75 0.4782
vt 0.8889 0.5218
vt 0.875 0.5653
vt 0.875 0.5218
vt 0.8889 0.5653
vt 0.1945 0.962
vt 0.1806 0.9436
vt 0.1945 0.9436
vt 0.1806 0.962
vt 0.125 0.5218
vt 0.125 0.4782
vt 0.6806 0.9218
vt 0.6944 0.9218
vt 0.6806 0.9436
vt 0.4167 0.1956
vt 0.4028 0.2313
vt 0.4167 0.2313
vt 0.7778 0.1956
vt 0.7639 0.2313
vt 0.7639 0.1956
vt 0.7778 0.2313
vt 0.7222 0.0118
vt 0.4722 0.8379
vt 0.1945 0.1033
vt 0.1806 0.1033
vt 0.6389 0.9958
vt 0.625 0.9882
vt 0.6389 0.9882
vt 0.625 0.9958
vt 0.8611 0.038
vt 0.8472 0.0231
vt 0.8611 0.0231
vt 0.8472 0.038
vt 0.2639 0.3918
vt 0.25 0.4348
vt 0.25 0.3918
vt 0.0973 0.1313
vt 0.0834 0.1033
vt 0.0973 0.1033
vt 0.0834 0.1313
vt 0.9028 0.3087
vt 0.8889 0.3087
vt 0.9028 0.3497
vt 0.4306 0.9218
vt 0.4445 0.9218
vt 0.4306 0.9436
vt 0.4549 0.9996
vt 0.3056 0.9436
vt 0.2917 0.9436
vt 0.6459 0.9996
vt 0.6424 0.9996
vt 0.4861 0.0118
vt 0.4722 0.0042
vt 0.4861 0.0042
vt 0.4722 0.0118
vt 0.1389 0.8968
vt 0.125 0.8687
vt 0.1389 0.8687
vt 0.125 0.8968
vt 0.4306 0.9996
vt 0.4167 0.9958
vt 0.4306 0.9958
vt 0.4271 0.9996
vt 0.4237 0.9996
vt 0.4202 0.9996
vt 0.4167 0.9996
vt 0.9305 0.0565
vt 0.9167 0.0565
vt 0.2917 0.0042
vt 0.2882 0.0004
vt 0.2917 0.0004
vt 0.2813 0.0004
vt 0.2778 0.0042
vt 0.2778 0.0004
vt 0.2848 0.0004
vt 0.0834 0.8379
vt 0.0695 0.8687
vt 0.0695 0.8379
vt 0.0834 0.8687
vt 0.75 0.2313
vt 0.7361 0.2691
vt 0.7361 0.2313
vt 0.3056 0.2691
vt 0.3056 0.2313
vt 0.0556 0.2691
vt 0.8889 0.8045
vt 0.5278 0.0231
vt 0.5278 0.038
vt 0.5556 0.962
vt 0.5556 0.9436
vt 0.5417 0.962
vt 0.7639 0.0231
vt 0.75 0.0118
vt 0.7639 0.0118
vt 0.75 0.0231
vt 0.2084 0.0783
vt 0.2084 0.0565
vt 0.6944 0.1033
vt 0.6944 0.1313
vt 0.1111 0.6083
vt 0.0973 0.6504
vt 0.1111 0.6504
vt 0.8611 0.9218
vt 0.8472 0.9218
vt 0.7917 0.5653
vt 0.7778 0.5218
vt 0.7917 0.5218
vt 0.7778 0.5653
vt 0.059 0.9996
vt 0.5556 0.0042
vt 0.5417 0.0118
vt 0.5417 0.0042
vt 0.5556 0.0118
vt 0.3334 0.7309
vt 0.3195 0.7309
vt 0.1979 0.0004
vt 0.1945 0.0004
vt 0.9305 0.8968
vt 0.9167 0.9218
vt 0.9305 0.9218
vt 0.4306 0.1313
vt 0.4306 0.1622
vt 0.2361 0.5218
vt 0.2223 0.4782
vt 0.2361 0.4782
vt 0.2223 0.5218
vt 0.8194 0.5653
vt 0.8056 0.6083
vt 0.8056 0.5653
vt 0.8194 0.6083
vt 0.1945 0.7687
vt 0.1806 0.7687
vt 0.1945 0.8045
vt 0.1389 0.4348
vt 0.1528 0.4348
vt 0.8507 0.0004
vt 0.8541 0.0004
vt 0.3993 0.0004
vt 0.2361 0.6504
vt 0.2223 0.6914
vt 0.2223 0.6504
vt 0.2361 0.6914
vt 0.4722 0.1956
vt 0.4722 0.1622
vt 0.4584 0.1956
vt 0.375 0.6914
vt 0.375 0.6504
vt 0.5833 0.0118
vt 0.5695 0.0231
vt 0.5695 0.0118
vt 0.5833 0.0231
vt 0.4306 0.2313
vt 0.4306 0.1956
vt 0.6111 0.3497
vt 0.6111 0.3087
vt 0.625 0.3497
vt 0.6528 0.8687
vt 0.6528 0.8379
vt 0.0417 0.3087
vt 0.0278 0.2691
vt 0.0417 0.2691
vt 0.0278 0.3087
vt 0.6389 0.0231
vt 0.625 0.038
vt 0.6389 0.038
vt 0.382 0.9996
vt 0.3785 0.9996
vt 0.0417 0.5218
vt 0.0417 0.4782
vt 0.0278 0.3918
vt 0.0139 0.4348
vt 0.0139 0.3918
vt 0.0278 0.4348
vt 0.0973 0.0118
vt 0.0973 0.0042
vt 0.0556 0.6504
vt 0.0417 0.6083
vt 0.0556 0.6083
vt 0.0417 0.6504
vt 0.9722 0.8968
vt 0.9583 0.8968
vt 0.632 0.9996
vt 0.6354 0.9996
vt 0.9861 0.038
vt 0.9722 0.038
vt 0.0973 0.0783
vt 0.0834 0.0783
vt 0.9305 0.8687
vt 0.191 0.9996
vt 0.1875 0.9996
vt 0.1841 0.9996
vt 0.9861 0.962
vt 0.9722 0.9436
vt 0.9722 0.962
vt 0.0139 0.1313
vt 0 0.1033
vt 0.0139 0.1033
vt 0 0.1313
vt 0.5556 0.3918
vt 0.5417 0.3497
vt 0.5556 0.3497
vt 0.5417 0.3918
vt 0.2084 0.1622
vt 0.2223 0.1622
vt 0.6389 0.4348
vt 0.625 0.3918
vt 0.6389 0.3918
vt 0.625 0.4348
vt 0.875 0.8687
vt 0.875 0.8379
vt 0.125 0.1956
vt 0.1111 0.1622
vt 0.125 0.1622
vt 0.1111 0.1956
vt 0.9444 0.8379
vt 0.9305 0.8379
vt 0.9444 0.8687
vt 0.8333 0.4782
vt 0.8194 0.5218
vt 0.0278 0.9958
vt 0.0278 0.9882
vt 0.5278 0.962
vt 0.5139 0.977
vt 0.5139 0.962
vt 0.5278 0.977
vt 0.8472 0.6914
vt 1 0.962
vt 0.25 0.0231
vt 0.4445 0.038
vt 0.7778 0.962
vt 0.7639 0.9436
vt 0.7778 0.9436
vt 0.7639 0.962
vt 0.4584 0.0004
vt 0.4549 0.0004
vt 0.4167 0.2691
vt 0.8194 0.9882
vt 0.8056 0.977
vt 0.8056 0.9882
vt 0.3646 0.0004
vt 0.2084 0.0004
vt 0.2049 0.0004
vt 0.4028 0.8379
vt 0.2778 0.5218
vt 0.8056 0.9958
vt 0.2917 0.7309
vt 0.2917 0.6914
vt 0.2778 0.7309
vt 0.4167 0.1033
vt 0.4028 0.0783
vt 0.4167 0.0783
vt 0.0695 0.0004
vt 0.066 0.0004
vt 0.1389 0.038
vt 0.125 0.0231
vt 0.1389 0.0231
vt 0.125 0.038
vt 0.75 0.977
vt 0.7639 0.977
vt 0.75 0.9882
vt 0.1389 0.9958
vt 0.125 0.9882
vt 0.1389 0.9882
vt 0.125 0.9958
vt 0.6667 0.9882
vt 0.6528 0.977
vt 0.6667 0.977
vt 0.6528 0.9882
vt 0 0.1622
vt 0.0139 0.1622
vt 0.1945 0.0565
vt 0.1806 0.0783
vt 0.1806 0.0565
vt 0.1945 0.0783
vt 0.5 0.977
vt 0.4861 0.9882
vt 0.4861 0.977
vt 0.5 0.9882
vt 0.1667 0.7687
vt 0.1389 0.8379
vt 0.0417 0.8687
vt 0.0417 0.8379
vt 0.9444 0.4348
vt 0.9305 0.4782
vt 0.9305 0.4348
vt 0.9444 0.4782
vt 0.0695 0.9218
vt 0.0556 0.8968
vt 0.0695 0.8968
vt 0.0556 0.9218
vt 0.3056 0.6504
vt 0.2917 0.6083
vt 0.3056 0.6083
vt 0.2917 0.6504
vt 0.6806 0.4348
vt 0.6806 0.3087
vt 0.6667 0.3497
vt 0.6667 0.3087
vt 0.6667 0.6083
vt 0.6528 0.6504
vt 0.6528 0.6083
vt 0.6667 0.6504
vt 0.1528 0.3497
vt 0.1389 0.3087
vt 0.1528 0.3087
vt 0.1389 0.3497
vt 0.75 0.962
vt 0.7361 0.9436
vt 0.75 0.9436
vt 0.7361 0.962
vt 0.1806 0.2691
vt 0.1667 0.3087
vt 0.1667 0.2691
vt 0.1806 0.3087
vt 0.1528 0.9218
vt 0.1528 0.8968
vt 0.1389 0.9218
vt 0.6389 0.9996
vt 0.4584 0.2313
vt 0.4445 0.2313
vt 0.4584 0.2691
vt 0.3611 0.0004
vt 0.3368 0.0004
vt 0.3334 0.0004
vt 0.3473 0.0004
vt 0.0695 0.1622
vt 0.0695 0.1313
vt 0.2223 0.0042
vt 0.2188 0.0004
vt 0.2222 0.0004
vt 0.2118 0.0004
vt 0.2084 0.0042
vt 0.2153 0.0004
vt 0.7326 0.9996
vt 0.3334 0.1956
vt 0.3195 0.1956
vt 0.0834 0.6504
vt 0.9132 0.0004
vt 0.9097 0.0004
vt 0.4167 0.0565
vt 0.7257 0.0004
vt 0.7361 0.0042
vt 0.7326 0.0004
vt 0.7361 0.0004
vt 0.7292 0.0004
vt 0.7361 0.977
vt 0.7222 0.9882
vt 0.7222 0.977
vt 0.7361 0.9882
vt 0.0278 0.3497
vt 0.8056 0.9436
vt 0.7917 0.962
vt 0.7917 0.9436
vt 0.8056 0.962
vt 0.1389 0.0565
vt 0.0973 0.8687
vt 0.1111 0.8687
vt 0.3056 0.7309
vt 0.2917 0.7687
vt 0.6667 0.4782
vt 0.6528 0.4782
vt 0.0174 0.9996
vt 0.0209 0.9996
vt 0.5556 0.0231
vt 0.5417 0.0231
vt 0.7361 0.3918
vt 0.7361 0.3497
vt 0.625 0.1033
vt 0.6111 0.1313
vt 0.6111 0.1033
vt 0.625 0.1313
vt 0.6667 0.0118
vt 0.6528 0.0118
vt 0.6528 0.9958
vt 0.1806 0.5218
vt 0.1806 0.4782
vt 0.3889 0.6083
vt 0.0973 0.977
vt 0.0973 0.962
vt 0.7917 0.8687
vt 0.7778 0.8968
vt 0.7778 0.8687
vt 0.3472 0.2313
vt 0.3611 0.2313
vt 0.3472 0.2691
vt 0.0556 0.5653
vt 0.0417 0.5653
vt 0.2639 0.0565
vt 0.1945 0.0231
vt 0.1806 0.0118
vt 0.1945 0.0118
vt 0.1806 0.0231
vt 0.4306 0.0004
vt 0.4271 0.0004
vt 0.5139 0.0565
vt 0.5 0.0565
vt 0.8889 0.977
vt 0.875 0.9882
vt 0.875 0.977
vt 0.9479 0.9996
vt 0.9514 0.9996
vt 0.6111 0.4348
vt 0.5972 0.3918
vt 0.6111 0.3918
vt 0.5972 0.4348
vt 0.75 0.0565
vt 0.75 0.038
vt 0.6979 0.0004
vt 0.6945 0.0042
vt 0.7014 0.0004
vt 0.3472 0.4782
vt 0.3472 0.5218
vt 0.0695 0.6083
vt 0.9305 0.962
vt 0.9305 0.9436
vt 0.1632 0.0004
vt 0.1597 0.0004
vt 0.3472 0.5653
vt 0.3334 0.5218
vt 0.3334 0.5653
vt 0.9583 0.7309
vt 0.9444 0.7309
vt 0.9583 0.7687
vt 0.6007 0.9996
vt 0.2639 0.9436
vt 0.25 0.962
vt 0.25 0.9436
vt 0.2639 0.962
vt 0.2778 0.962
vt 0.2639 0.977
vt 0.2778 0.977
vt 0.4445 0.9958
vt 0.4514 0.9996
vt 0.448 0.9996
vt 0.4445 0.9996
vt 0.3195 0.3918
vt 0.3056 0.3918
vt 0.5972 0.7687
vt 0.5833 0.7309
vt 0.5972 0.7309
vt 0.5833 0.7687
vt 0.7361 0.1956
vt 0.75 0.1956
vt 0.1667 0.6083
vt 0.125 0.2313
vt 0.3611 0.8968
vt 0.3472 0.8687
vt 0.3611 0.8687
vt 0.3472 0.8968
vt 0.8056 0.038
vt 0.8056 0.0565
vt 0.1111 0.6914
vt 0.0973 0.6914
vt 0.4861 0.1313
vt 0.5 0.1313
vt 0.875 0.8968
vt 0.5833 0.4348
vt 0.5695 0.3918
vt 0.5833 0.3918
vt 0.5695 0.4348
vt 0.3889 0.7309
vt 0.375 0.7309
vt 0.7639 0.6083
vt 0.5972 0.2691
vt 0.6111 0.2691
vt 0.5972 0.3087
vt 0.6702 0.9996
vt 0.6667 0.9996
vt 0.2778 0.9882
vt 0.2639 0.9882
vt 0.9722 0.0783
vt 0.9583 0.0565
vt 0.9722 0.0565
vt 0.9583 0.0783
vt 0.1528 0.6914
vt 0.1389 0.6504
vt 0.1528 0.6504
vt 0.1389 0.6914
vt 0.5556 0.0004
vt 0.4861 0.6504
vt 0.4861 0.6914
vt 0.2639 0.1956
vt 0.6806 0.038
vt 0.6667 0.0565
vt 0.6667 0.038
vt 0.6806 0.0565
vt 0.3334 0.8379
vt 0.3195 0.8379
vt 0.7917 0.038
vt 0.7778 0.0565
vt 0.7778 0.038
vt 0.7917 0.0565
vt 0.7222 0.5653
vt 0.8889 0.9218
vt 0.875 0.9218
vt 0.2361 0.4348
vt 0.2223 0.3918
vt 0.2361 0.3918
vt 0.2223 0.4348
vt 0.4306 0.4782
vt 0.4306 0.4348
vt 0.4445 0.4782
vt 0.1667 0.4348
vt 0.75 0.1313
vt 0.7361 0.1622
vt 0.75 0.1622
vt 0.1945 0.6504
vt 0.1806 0.6914
vt 0.1806 0.6504
vt 0.1945 0.6914
vt 0.9583 0.9996
vt 0.9618 0.9996
vt 0.1945 0.2691
vt 0.1806 0.2313
vt 0.1945 0.2313
vt 0.4167 0.1622
vt 0.6667 0.8968
vt 0.6667 0.9218
vt 0.3785 0.0004
vt 0.375 0.0042
vt 0.375 0.0004
vt 0.3855 0.0004
vt 0.3889 0.0004
vt 0.382 0.0004
vt 0.1528 0.977
vt 0.1389 0.962
vt 0.1528 0.962
vt 0.1389 0.977
vt 0.3334 0.6083
vt 0.3195 0.6504
vt 0.3195 0.6083
vt 0.3334 0.6504
vt 0.3472 0.1313
vt 0.3334 0.1622
vt 0.3334 0.1313
vt 0.3472 0.1622
vt 0.3889 0.0565
vt 0.4028 0.0565
vt 0.3889 0.0783
vt 0.3611 0.0783
vt 0.375 0.0783
vt 0.1528 0.0231
vt 0.1528 0.038
vt 0.9583 0.8045
vt 0.9722 0.8045
vt 0.3889 0.4782
vt 0.3195 0.0565
vt 0.3056 0.0783
vt 0.3056 0.0565
vt 0.3195 0.0783
vt 0.2223 0.977
vt 0.2084 0.962
vt 0.2223 0.962
vt 0.4132 0.9996
vt 0.4098 0.9996
vt 0.8333 0.6914
vt 0.1667 0.1956
vt 0.1667 0.1622
vt 0.8889 0.0231
vt 0.9028 0.0231
vt 0.1111 0.1033
vt 0.125 0.1033
vt 0.7222 0.8687
vt 0.3611 0.0118
vt 0.3611 0.0042
vt 0.375 0.0118
vt 0.6667 0.2313
vt 0.6667 0.1956
vt 0.8056 0.0118
vt 0.7917 0.0231
vt 0.7917 0.0118
vt 0.8056 0.0231
vt 0.1389 0.9996
vt 0.1493 0.9996
vt 0.1459 0.9996
vt 0.1424 0.9996
vt 0.6806 0.0231
vt 0.6806 0.0118
vt 0.5417 0.0565
vt 0.5417 0.038
vt 0.5278 0.0565
vt 0.3611 0.8045
vt 0.0834 0.0118
vt 0.0834 0.0042
vt 0.9028 0.2313
vt 0.9028 0.1956
vt 0.0278 0.6914
vt 0.0278 0.7309
vt 0.4445 0.6083
vt 0.1806 0.4348
vt 0.0868 0.0004
vt 0.0834 0.0004
vt 0.5695 0.0004
vt 0.566 0.0004
vt 0.0695 0.7309
vt 0.0695 0.6914
vt 0.375 0.9996
vt 0.2223 0.0231
vt 0.2361 0.0231
vt 0.7222 0.8045
vt 0.7083 0.7687
vt 0.7222 0.7687
vt 0.7083 0.8045
vt 0.8611 0.9996
vt 0.8611 0.9958
vt 0.8576 0.9996
vt 0.8541 0.9996
vt 0.8507 0.9996
vt 0.8472 0.9996
vt 0.5972 0.1956
vt 0.5833 0.2313
vt 0.5833 0.1956
vt 0.5972 0.2313
vt 0.6493 0.9996
vt 0.7222 0.3087
vt 0.7083 0.2691
vt 0.7222 0.2691
vt 0.8194 0.0231
vt 0.6389 0.8968
vt 0.0139 0.962
vt 0.0278 0.962
vt 0.8333 0.0231
vt 0.1389 0.1033
vt 0.125 0.1313
vt 0.875 0.4782
vt 0.8889 0.4782
vt 0.5556 0.9996
vt 0.5591 0.9996
vt 0.2778 0.3918
vt 0 0.8968
vt 0.5278 0.6504
vt 0.5139 0.6914
vt 0.5139 0.6504
vt 0.7222 0.962
vt 0.7083 0.977
vt 0.5 0.4348
vt 0.4861 0.4782
vt 0.4861 0.4348
vt 0.5 0.4782
vt 0.1389 0.5653
vt 0.125 0.6083
vt 0.125 0.5653
vt 0.1389 0.6083
vt 0.7639 0.0565
vt 0.7639 0.038
vt 1 0.1622
vt 0.9861 0.1313
vt 1 0.1313
vt 0.9861 0.1622
vt 0.3056 0.8687
vt 0.3056 0.8379
vt 0.3195 0.8687
vt 0.5868 0.0004
vt 0.5834 0.0004
vt 0.5139 0.9996
vt 0.5 0.9958
vt 0.5139 0.9958
vt 0.5105 0.9996
vt 0.507 0.9996
vt 0.5035 0.9996
vt 0.5 0.9996
vt 0.0278 0.1622
vt 0.0278 0.1313
vt 0.7222 0.6083
vt 0.7083 0.6504
vt 0.7083 0.6083
vt 0.7222 0.6504
vt 0.0556 0.8687
vt 0.0417 0.8968
vt 0.2361 0.5653
vt 0.25 0.5653
vt 0.4445 0.6504
vt 0.6667 0.9958
vt 0.1528 0.9882
vt 0.9028 0.2691
vt 0.2639 0.1622
vt 0.2778 0.1622
vt 0.0556 0.1622
vt 0.2361 0.8379
vt 0.2361 0.8045
vt 0.25 0.8379
vt 0.2535 0.0004
vt 0.25 0.0004
vt 0.2639 0.0004
vt 0.375 0.6083
vt 0.3611 0.6504
vt 0.3611 0.6083
vt 0.7917 0.4782
vt 0.7778 0.4782
vt 0.6528 0.962
vt 0.6667 0.962
vt 0.0695 0.8045
vt 0.0834 0.8045
vt 0.1806 0.0004
vt 0.1771 0.0004
vt 0.625 0.8045
vt 0.6111 0.7687
vt 0.625 0.7687
vt 0.8056 0.5218
vt 0.3299 0.0004
vt 0.4688 0.0004
vt 0.4653 0.0004
vt 0.0278 0.6504
vt 0.0278 0.6083
vt 0.0139 0.6083
vt 0.2084 0.5218
vt 0.1945 0.4782
vt 0.2084 0.4782
vt 0.1945 0.5218
vt 0.8194 0.3918
vt 0.2778 0.9436
vt 0.0417 0.3918
vt 0.0417 0.4348
vt 0.9444 0.0118
vt 0.9305 0.0118
vt 0.9444 0.0231
vt 0.7882 0.0004
vt 0.1806 0.038
vt 0.1945 0.038
vt 0.6389 0.4782
vt 0.625 0.4782
vt 0.2917 0.4782
vt 0.2917 0.4348
vt 0.5 0.7687
vt 0.4861 0.7309
vt 0.5 0.7309
vt 0.4861 0.7687
vt 0.5452 0.0004
vt 0.5417 0.0004
vt 0.6111 0.962
vt 0.5972 0.962
vt 1 0.1956
vt 0.9861 0.2313
vt 0.9861 0.1956
vt 1 0.2313
vt 0.4722 0.8045
vt 0.4584 0.7687
vt 0.4722 0.7687
vt 0.4584 0.8045
vt 0.9583 0.6914
vt 0.3334 0.4348
vt 0.3472 0.4348
vt 0.3334 0.4782
vt 0.5278 0.4348
vt 0.5139 0.4782
vt 0.5139 0.4348
vt 0.5278 0.4782
vt 0.6806 0.0783
vt 0.6667 0.0783
vt 0.8472 0.1033
vt 0.8611 0.1033
vt 0.875 0.9958
vt 0.0834 0.9436
vt 0.0834 0.9218
vt 0.0973 0.9436
vt 0.6528 0.4348
vt 0.6528 0.3918
vt 0.5278 0.9882
vt 0.5417 0.9882
vt 0.625 0.977
vt 0.9444 0.1313
vt 0.9305 0.1033
vt 0.9444 0.1033
vt 0.1111 0.9996
vt 0.1146 0.9996
vt 0.7222 0.9958
vt 0.7083 0.9996
vt 0.7083 0.9958
vt 0.7222 0.9996
vt 0.7188 0.9996
vt 0.7153 0.9996
vt 0.7118 0.9996
vt 0.0417 0.0565
vt 0.0278 0.0783
vt 0.0278 0.0565
vt 0.0417 0.0783
vt 0.9861 0.5218
vt 1 0.5218
vt 0.2917 0.8045
vt 0.2778 0.8379
vt 0.2917 0.8379
vt 0.375 0.977
vt 0.375 0.9882
vt 0.3195 0.1622
vt 0.625 0.9436
vt 0.7222 0.1956
vt 0.6875 0.0004
vt 0.684 0.0004
vt 0.7917 0.9958
vt 0.7778 0.9996
vt 0.7882 0.9996
vt 0.7847 0.9996
vt 0.7812 0.9996
vt 0.0417 0.9996
vt 0.0382 0.9996
vt 0.0347 0.9996
vt 0.0313 0.9996
vt 0.0278 0.9996
vt 0.3472 0.8379
vt 0.3334 0.8687
vt 0.5139 0.6083
vt 0.5278 0.6083
vt 0.9444 0.9218
vt 0.9583 0.9218
vt 0.4584 0.9218
vt 0.4722 0.9218
vt 0.25 0.2313
vt 0.2361 0.2313
vt 0.1806 0.1956
vt 0.9722 0.5653
vt 0.9861 0.5653
vt 0.5833 0.8045
vt 0.5695 0.8379
vt 0.5695 0.8045
vt 0.5833 0.8379
vt 0.1389 0.3918
vt 0.1528 0.3918
vt 0.7743 0.0004
vt 0.7708 0.0004
vt 0.9722 0.9218
vt 0.5556 0.8687
vt 0.5556 0.8379
vt 0.5695 0.8687
vt 0.875 0.6083
vt 0.8889 0.6083
vt 0.3056 0.6914
vt 0.3195 0.6914
vt 0.5556 0.1313
vt 0.5417 0.1622
vt 0.5417 0.1313
vt 0.5556 0.1622
vt 0.0556 0.5218
vt 0.1667 0.6504
vt 0.1528 0.6083
vt 0.0834 0.4348
vt 0.0834 0.3918
vt 0.9722 0.3087
vt 0.9583 0.3087
vt 0.4722 0.3497
vt 0.4584 0.3087
vt 0.4722 0.3087
vt 0.4584 0.3497
vt 0.0973 0.7687
vt 0.0834 0.7687
vt 0.0973 0.8045
vt 0.5695 0.1313
vt 0.5695 0.1622
vt 0.8056 0.2313
vt 0.7917 0.2691
vt 0.7917 0.2313
vt 0.8056 0.2691
vt 0.0139 0.9882
vt 0 0.977
vt 0.0139 0.977
vt 0 0.9882
vt 0.0278 0.5653
vt 0.0139 0.5653
vt 0.1424 0.0004
vt 0.1389 0.0004
vt 0.3334 0.0565
vt 0.3195 0.038
vt 0.3334 0.038
vt 0.9444 0.038
vt 0.5139 0.0118
vt 0.5 0.0118
vt 0.441 0.9996
vt 0.2223 0.1956
vt 0.2084 0.1956
vt 0.8056 0.8379
vt 0.8056 0.8045
vt 0.7917 0.8379
vt 0.0417 0.1313
vt 0.0278 0.1033
vt 0.0417 0.1033
vt 0.6111 0.7309
vt 0.5972 0.6914
vt 0.6111 0.6914
vt 0.0556 0.0042
vt 0.5278 0.3087
vt 0.5139 0.2691
vt 0.5278 0.2691
vt 0.5139 0.3087
vt 0.8333 0.1956
vt 0.8194 0.1956
vt 0.1945 0.3918
vt 0.1945 0.3497
vt 0.7361 0.6504
vt 0.7361 0.6083
vt 0.0139 0.9996
vt 0.5834 0.9996
vt 0.5868 0.9996
vt 0.9167 0.6083
vt 0.9028 0.6083
vt 0.9167 0.6504
vt 0.0139 0.0565
vt 0.0139 0.0783
vt 0.6944 0.0783
vt 0.3889 0.038
vt 0.375 0.0565
vt 0.375 0.038
vt 0.6111 0.2313
vt 0.5729 0.0004
vt 0.5695 0.0042
vt 0.5834 0.0042
vt 0.5799 0.0004
vt 0.5764 0.0004
vt 0.2882 0.9996
vt 0.75 0.6083
vt 0.1146 0.0004
vt 0.1111 0.0004
vt 0.8611 0.8379
vt 0.4306 0.8379
vt 0.4167 0.8045
vt 0.4167 0.8379
vt 0.8472 0.8045
vt 0.8611 0.8045
vt 0.0695 0.6504
vt 0.8333 0.8687
vt 0.8333 0.8968
vt 0.9028 0.5218
vt 0.9028 0.5653
vt 0.0139 0.9958
vt 0 0.9996
vt 0 0.9958
vt 0.0104 0.9996
vt 0.007 0.9996
vt 0.0035 0.9996
vt 0.6146 0.0004
vt 0.6111 0.0004
vt 0.5972 0.8687
vt 0.5833 0.8687
vt 0.5556 0.9882
vt 0.5556 0.9958
vt 0.4306 0.8687
vt 0.4167 0.8687
vt 0.2917 0.9882
vt 0.2917 0.977
vt 0.3056 0.9882
vt 0.9028 0.1033
vt 0.1667 0.1033
vt 0.1667 0.0783
vt 0.75 0.6504
vt 0.4861 0.9958
vt 0.4966 0.9996
vt 0.4931 0.9996
vt 0.4896 0.9996
vt 0.4861 0.9996
vt 0.1111 0.038
vt 0.1111 0.0231
vt 0.5278 0.1956
vt 0.5278 0.2313
vt 0.4445 0.3497
vt 0.448 0.0004
vt 0.4445 0.0004
vt 0.4514 0.0004
vt 0.8056 0.1622
vt 0.8056 0.1956
vt 0.7222 0.2313
vt 0.5139 0.9218
vt 0.5139 0.9436
vt 0.4167 0.8968
vt 0.4306 0.8968
vt 0.2639 0.5653
vt 0.25 0.6083
vt 0.2639 0.6083
vt 0.5417 0.6504
vt 0.4028 0.8045
vt 0.4028 0.7687
vt 0.5833 0.3497
vt 0.5972 0.3497
vt 0.9583 0.4348
vt 0.9444 0.3918
vt 0.6389 0.962
vt 0.0278 0.038
vt 0.0417 0.038
vt 0.9861 0.1033
vt 1 0.1033
vt 0.7083 0.9882
vt 0.1945 0.3087
vt 0.5556 0.3087
vt 0.5417 0.2691
vt 0.5556 0.2691
vt 0.5417 0.3087
vt 0.7812 0.0004
vt 0.7778 0.0042
vt 0.7778 0.0004
vt 0.7847 0.0004
vt 0.3611 0.1956
vt 0.7569 0.0004
vt 0.7535 0.0004
vt 0.9028 0.4348
vt 0.9028 0.4782
vt 0.1667 0.0118
vt 0.1667 0.0231
vt 0.4722 0.2313
vt 0.6111 0.4782
vt 0.625 0.5218
vt 0.9028 0.9436
vt 0.9028 0.9218
vt 0.9167 0.9436
vt 0.0973 0.2313
vt 0.8333 0.1033
vt 0.5695 0.3497
vt 0.5695 0.3087
vt 0.3056 0.1956
vt 0.5278 0.5218
vt 0.5139 0.5218
vt 0.3611 0.9958
vt 0.3473 0.9996
vt 0.3472 0.9958
vt 0.3611 0.9996
vt 0.3577 0.9996
vt 0.3542 0.9996
vt 0.3507 0.9996
vt 0.7917 0.1956
vt 0.6944 0.038
vt 0.6389 0.5218
vt 0.9583 0.038
vt 0.125 0.6504
vt 0.5 0.0004
vt 0.4966 0.0004
vt 0.4306 0.038
vt 0.375 0.0231
vt 0.3889 0.0231
vt 0.5139 0.3918
vt 0.5278 0.3918
vt 0.7639 0.1313
vt 0.1111 0.2691
vt 0.1111 0.2313
vt 0.125 0.2691
vt 0.7083 0.5218
vt 0.9028 0.0783
vt 0.8889 0.0783
vt 0.0417 0.3497
vt 0.625 0.962
vt 0.6111 0.9436
vt 0.7292 0.9996
vt 0.7257 0.9996
vt 0.9861 0.977
vt 0.9722 0.9882
vt 0.9722 0.977
vt 0.9861 0.9882
vt 0.8333 0.8379
vt 0.8194 0.8045
vt 0.8333 0.8045
vt 0.8194 0.8379
vt 1 0.038
vt 0.9861 0.0565
vt 1 0.0565
vt 0.7778 0.0118
vt 0.7778 0.0231
vt 0.8923 0.0004
vt 0.8889 0.0004
vt 0.8993 0.0004
vt 0.9028 0.0004
vt 0.8958 0.0004
vt 0.7917 0.1622
vt 0.7778 0.1622
vt 0.4445 0.1956
vt 0.5139 0.5653
vt 0.5278 0.5653
vt 0.1667 0.2313
vt 0.1528 0.2691
vt 0.6667 0.0231
vt 0.7083 0.0783
vt 0.0834 0.3497
vt 0.0973 0.3497
vt 0.1354 0.0004
vt 0.0139 0.0118
vt 0.0139 0.0042
vt 0.3299 0.9996
vt 0.3334 0.9996
vt 0.3195 0.5653
vt 0.3195 0.5218
vt 0.2917 0.1033
vt 0.9687 0.0004
vt 0.9618 0.0004
vt 0.9583 0.0004
vt 0.9652 0.0004
vt 0.9722 0.7687
vt 0.2778 0.6083
vt 0.2778 0.5653
vt 0.4167 0.977
vt 0.4167 0.962
vt 0.9305 0.0042
vt 0.9167 0.0118
vt 0.9167 0.0042
vt 0.4167 0.9218
vt 0.4167 0.9436
vt 0.4722 0.0231
vt 0.4861 0.0231
vt 0 0.7687
vt 0.0139 0.7687
vt 0 0.8045
vt 0.4167 0.7687
vt 0.9896 0.9996
vt 0.9861 0.9996
vt 0.6389 0.7687
vt 0.6389 0.8045
vt 0.9479 0.0004
vt 0.9444 0.0004
vt 0.7083 0.5653
vt 0.2223 0.5653
vt 0.2084 0.6083
vt 0.2084 0.5653
vt 0.2223 0.6083
vt 0.1806 0.9882
vt 0.4861 0.9218
vt 0.6528 0.7309
vt 0.6528 0.7687
vt 0.7361 0.0118
vt 0.3611 0.5653
vt 0.3472 0.6083
vt 0.4167 0.6504
vt 0.7083 0.3918
vt 0.0972 0.9996
vt 0.0973 0.9958
vt 0.0938 0.9996
vt 0.375 0.9958
vt 0.6389 0.0004
vt 0.6354 0.0004
vt 0.1806 0.977
vt 0.7222 0.6914
vt 0.6528 0.8045
vt 0.6389 0.8379
vt 0.0695 0.0565
vt 0.0556 0.0783
vt 0.0556 0.0565
vt 0.0695 0.0783
vt 0.1389 0.9436
vt 0.125 0.962
vt 0.125 0.9436
vt 0.9861 0.0783
vt 1 0.0783
vt 0.5 0.6914
vt 0.5 0.6504
vt 0.7778 0.9218
vt 0 0.1956
vt 0.0139 0.1956
vt 0.6944 0.6083
vt 0.6111 0.0783
vt 0.4167 0.4348
vt 0.3472 0.9882
vt 0.3334 0.977
vt 0.3472 0.977
vt 0.3334 0.9882
vt 0.3472 0.1956
vt 0.2361 0.962
vt 0.5695 0.6914
vt 0.5556 0.6504
vt 0.5556 0.6914
vt 0.0139 0.0231
vt 0 0.0118
vt 0 0.0231
vt 0.7222 0.9436
vt 0.1007 0.0004
vt 0.0972 0.0004
vt 0.0695 0.7687
vt 0.1667 0.0004
vt 0.2223 0.2691
vt 0.2084 0.2313
vt 0.2223 0.2313
vt 0.2084 0.2691
vt 0.4306 0.9882
vt 0.4167 0.9882
vt 0.3334 0.0231
vt 0.2361 0.8968
vt 0.2223 0.9218
vt 0.2223 0.8968
vt 0.2361 0.9218
vt 0.4306 0.0231
vt 0.4167 0.038
vt 0.4167 0.0231
vt 0.3403 0.9996
vt 0.3368 0.9996
vt 0.1841 0.0004
vt 0.1111 0.9882
vt 0.1111 0.9958
vt 0.2917 0.0231
vt 0.25 0.2691
vt 0.2361 0.2691
vt 0.3056 0.4782
vt 0.3056 0.4348
vt 0.1667 0.9882
vt 1 0.0118
vt 0.5174 0.9996
vt 0.5556 0.6083
vt 0.6667 0.9436
vt 0.6806 0.962
vt 0.5452 0.9996
vt 0.5417 0.4348
vt 0.8194 0.8687
vt 0.8056 0.8687
vt 0.5 0.6083
vt 0.5 0.5653
vt 0.7778 0.3087
vt 0.7778 0.3497
vt 0.6285 0.0004
vt 0.625 0.0004
vt 0.9444 0.2691
vt 0.9444 0.3087
vt 0.75 0.8379
vt 0.7361 0.8045
vt 0.75 0.8045
vt 0.7361 0.8379
vt 0.1806 0.7309
vt 0.1667 0.7309
vt 0.8611 0.3918
vt 0.8472 0.4348
vt 0.8611 0.4348
vt 0.8194 0.0118
vt 0.6111 0.1956
vt 0.9028 0.038
vt 0.3472 0.3087
vt 0.4861 0.038
vt 0.4861 0.0565
vt 0.8611 0.5653
vt 1 0.9958
vt 0.9861 0.9958
vt 1 0.9996
vt 0.9965 0.9996
vt 0.993 0.9996
vt 0.6945 0.9958
vt 0.6389 0.0042
vt 0.6389 0.0118
vt 0.5695 0.9958
vt 0.5695 0.9996
vt 0.566 0.9996
vt 0.5625 0.9996
vt 0.4757 0.0004
vt 0.4723 0.0004
vt 0.4827 0.0004
vt 0.4861 0.0004
vt 0.4792 0.0004
vt 0.5139 0.8045
vt 0.5139 0.8379
vt 0.3889 0.9436
vt 0.375 0.9218
vt 0.3889 0.9218
vt 0.375 0.9436
vt 0.2639 0.7309
vt 0.4445 0.6914
vt 0.5139 0.7687
vt 0.625 0.8687
vt 0.625 0.8379
vt 0.6389 0.8687
vt 0.6667 0.3918
vt 0.6667 0.4348
vt 0 0.8379
vt 0 0.8687
vt 0.5729 0.9996
vt 0.125 0.3087
vt 0.7778 0.2691
vt 0.9305 0.977
vt 0.9167 0.962
vt 0.1111 0.7687
vt 0.9444 0.0042
vt 0.8333 0.6504
vt 0.4028 0.9436
vt 0.4028 0.9218
vt 0.0417 0.1622
vt 0.3472 0.9218
vt 0.3611 0.9218
vt 0.7222 0.8379
vt 0.4306 0.5653
vt 0.4306 0.5218
vt 0.7361 0.3087
vt 0.441 0.0004
vt 0.4375 0.0004
vt 0.3611 0.977
vt 0.3611 0.9882
vt 0.7917 0.1313
vt 0.7778 0.1313
vt 0.5174 0.0004
vt 0.5139 0.0042
vt 0.5139 0.0004
vt 0.5278 0.0042
vt 0.5243 0.0004
vt 0.5278 0.0004
vt 0.5209 0.0004
vt 0.9722 0.9958
vt 0.9826 0.9996
vt 0.9791 0.9996
vt 0.9757 0.9996
vt 0.9722 0.9996
vt 0.6111 0.8687
vt 0.7778 0.7309
vt 0.7917 0.7309
vt 0.1667 0.038
vt 0.9167 0.0783
vt 0.9305 0.0783
vt 0.9167 0.1033
vt 0.4445 0.8379
vt 0.5417 0.8968
vt 0.5417 0.8687
vt 0.7639 0.8379
vt 0.7639 0.8045
vt 0.7778 0.8379
vt 0.625 0.0042
vt 0.632 0.0004
vt 0.0035 0.0004
vt 0 0.0042
vt 0 0.0004
vt 0.0104 0.0004
vt 0.0139 0.0004
vt 0.007 0.0004
vt 0.7639 0.4782
vt 0.0556 0.038
vt 0.0695 0.038
vt 0.2361 0.9436
vt 0.6528 0.038
vt 0.6528 0.0565
vt 0.2084 0.0118
vt 0.1945 0.0042
vt 0.2361 0.6083
vt 0.5 0.5218
vt 0 0.5218
vt 0 0.4782
vt 0.8194 0.0783
vt 0.8056 0.0783
vt 0.25 0.6914
vt 0.5 0.9218
vt 0.4167 0.0118
vt 0.3056 0.5653
vt 0.75 0.0042
vt 0.2674 0.0004
vt 0.2743 0.0004
vt 0.2709 0.0004
vt 0.9444 0.8968
vt 0.1945 0.8968
vt 0.8611 0.2691
vt 0.5417 0.5653
vt 0.5417 0.5218
vt 0.9201 0.0004
vt 0.9166 0.0004
vt 0.1077 0.9996
vt 0.1042 0.9996
vt 0.6667 0.2691
vt 0.4757 0.9996
vt 0.4028 0.038
vt 0.4028 0.0231
vt 0.6944 0.5218
vt 0.0834 0.8968
vt 0.2639 0.3497
vt 0.3056 0.5218
vt 0.2917 0.5218
vt 0.0556 0.3087
vt 0.2223 0.7309
vt 0.2084 0.7687
vt 0.2084 0.7309
vt 0.2223 0.7687
vt 0.0556 0.3497
vt 0.9236 0.9996
vt 0.7083 0.8379
vt 0.6944 0.8379
vt 0.7083 0.8687
vt 0.75 0.0004
vt 0.1528 0.0565
vt 0.1389 0.0783
vt 0.1528 0.0783
vt 0.4306 0.6914
vt 0.4306 0.6504
vt 0.875 0.0783
vt 0.0278 0.1956
vt 0.1528 0.0118
vt 0.0695 0.3087
vt 0.066 0.9996
vt 0.3056 0.1033
vt 0.4306 0.6083
vt 0.7535 0.9996
vt 0.1945 0.7309
vt 0.1354 0.9996
vt 0.132 0.9996
vt 0.1285 0.9996
vt 0.125 0.9996
vt 0.1111 0.7309
vt 0.5 0.3918
vt 0.4445 0.1033
vt 0.4306 0.1033
vt 0.0973 0.0565
vt 0.7674 0.0004
vt 0.7639 0.0042
vt 0.7639 0.0004
vt 0.9167 0.5653
vt 0.0973 0.038
vt 0.0834 0.0231
vt 0.0973 0.0231
vt 0.0834 0.038
vt 0.1181 0.0004
vt 0.4584 0.8968
vt 0.6528 0.6914
vt 0.6632 0.9996
vt 0.6597 0.9996
vt 0.7778 0.4348
vt 0.7917 0.4348
vt 0.0695 0.3497
vt 0.6806 0.9958
vt 0.6945 0.9996
vt 0.691 0.9996
vt 0.3472 0.3918
vt 0.3472 0.3497
vt 0.3334 0.3918
vt 0.3195 0.4348
vt 0.9583 0.5653
vt 0.3334 0.6914
vt 0.1667 0.1313
vt 0.5521 0.9996
vt 0.5486 0.9996
vt 0.9722 0.4782
vt 0.9722 0.4348
vt 0.9583 0.4782
vt 0.9444 0.1622
vt 0.4584 0.8379
vt 0.2084 0.4348
vt 0.2084 0.3918
vt 0.1945 0.4348
vt 0.375 0.962
vt 0.7361 0.6914
vt 0.75 0.6914
vt 0.7361 0.7309
vt 0.6528 0.1313
vt 0.6389 0.1622
vt 0.6389 0.1313
vt 0.6528 0.1622
vt 0.3195 0.1313
vt 0.3334 0.1033
vt 0.3334 0.0783
vt 0.3195 0.1033
vt 0.0278 0.2313
vt 0.4445 0.9882
vt 0.0556 0.1033
vt 0.0695 0.1033
vt 0.0556 0.1313
vt 0.2917 0.962
vt 0.6389 0.3497
vt 0.6528 0.3497
vt 0.8333 0.9218
vt 0.8194 0.9436
vt 0.8333 0.9436
vt 0.5833 0.2691
vt 0.5833 0.4782
vt 0.5695 0.4782
vt 0.5833 0.5218
vt 0.6111 0.1622
vt 0.7917 0.9882
vt 0.1528 0.7309
vt 0.25 0.038
vt 0.6389 0.6083
vt 0.0973 0.8379
vt 0.2986 0.9996
vt 0.3021 0.9996
vt 0.625 0.7309
vt 0.6389 0.7309
vt 0.3611 0.6914
vt 0.8889 0.9996
vt 0.8854 0.9996
vt 0.8819 0.9996
vt 0.8785 0.9996
vt 0.875 0.9996
vt 0.4722 0.3918
vt 0.4722 0.1313
vt 0.4584 0.1033
vt 0.8021 0.9996
vt 0.7986 0.9996
vt 0.9444 0.9958
vt 0.9583 0.9958
vt 0.9548 0.9996
vt 0.9444 0.9996
vt 0.132 0.0004
vt 0.1285 0.0004
vt 0.8611 0.9436
vt 0.8472 0.9436
vt 0.8611 0.962
vt 0.8889 0.7309
vt 0.8889 0.7687
vt 0.7361 0.7687
vt 0.0174 0.0004
vt 0.0209 0.0004
vt 0.257 0.9996
vt 0.2604 0.9996
vt 0.7778 0.977
vt 0.7049 0.9996
vt 0.7014 0.9996
vt 0.6979 0.9996
vt 0 0.962
vt 0.0834 0.0565
vt 0.0486 0.0004
vt 0.0452 0.0004
vt 0.0695 0.9436
vt 0.0556 0.9436
vt 0.2952 0.0004
vt 0.3021 0.0004
vt 0.2986 0.0004
vt 0.6111 0.0565
vt 0.4792 0.9996
vt 0.9687 0.9996
vt 0.9652 0.9996
vt 0.5278 0.3497
vt 0.5139 0.3497
vt 0.8472 0.8379
vt 0.5139 0.9882
vt 0.3959 0.0004
vt 0.3924 0.0004
vt 0.1007 0.9996
vt 0.6528 0.8968
vt 0.0625 0.9996
vt 0.1528 0.7687
vt 0.1459 0.0004
vt 0.2361 0.9996
vt 0.2361 0.9958
vt 0.2327 0.9996
vt 0.2292 0.9996
vt 0.2257 0.9996
vt 0.3611 0.0231
vt 0.3646 0.9996
vt 1 0.0231
vt 0.4861 0.5653
vt 0.4861 0.5218
vt 0.9028 0.3918
vt 0.9167 0.4348
vt 0.5139 0.1956
vt 0.5139 0.2313
vt 1 0.5653
vt 0.4202 0.0004
vt 0.4306 0.0042
vt 0.4236 0.0004
vt 0.8472 0.6083
vt 0.8333 0.6083
vt 0.5556 0.0783
vt 0.5556 0.1033
vt 0.6528 0.1033
vt 0.6528 0.0783
vt 0.6389 0.1033
vt 0.9583 0.0231
vt 0.9305 0.2691
vt 0.9167 0.2313
vt 0.9305 0.2313
vt 0.9167 0.2691
vt 1 0.3087
vt 0.9861 0.2691
vt 1 0.2691
vt 0.9861 0.3087
vt 0.7639 0.6914
vt 0.7639 0.6504
vt 0.6389 0.977
vt 0.323 0.9996
vt 0.3264 0.9996
vt 0.125 0.4348
vt 0.0556 0.0004
vt 0.0521 0.0004
vt 0.0486 0.9996
vt 0.5695 0.0783
vt 0.5695 0.0565
vt 0.1111 0.1313
vt 0.5417 0.6083
vt 0.1667 0.6914
vt 0.1563 0.0004
vt 0.1528 0.0042
vt 0.1528 0.0004
vt 0.1667 0.0042
vt 0.9132 0.9996
vt 0.9166 0.9996
vt 0.2917 0.5653
vt 0.2778 0.3087
vt 0.2639 0.3087
vt 0.2778 0.3497
vt 0.3056 0.9958
vt 0.2917 0.9958
vt 0.6528 0.2691
vt 0.6528 0.3087
vt 0.7917 0.977
vt 0.3472 0.0231
vt 0.0556 0.962
vt 0.6944 0.5653
vt 0.1111 0.977
vt 0.125 0.977
vt 0.2639 0.8379
vt 0.2639 0.8687
vt 0.4861 0.3087
vt 0.5 0.3087
vt 0.5417 0.977
vt 0.4618 0.0004
vt 0.625 0.1622
vt 0.3611 0.4348
vt 0.1077 0.0004
vt 0.4861 0.6083
vt 0.2084 0.8968
vt 0.2084 0.9218
vt 0.125 0.6914
vt 0.0417 0.962
vt 0.75 0.9218
vt 0.9375 0.0004
vt 0.934 0.0004
vt 1 0.7687
vt 0.9861 0.8045
vt 0.9861 0.7687
vt 1 0.8045
vt 0.6528 0.0231
vt 0.9583 0.9882
vt 0.934 0.9996
vt 0.0278 0.7687
vt 0.2223 0.8687
vt 1 0.3497
vt 0.9861 0.3918
vt 0.9861 0.3497
vt 1 0.3918
vt 0.1111 0.962
vt 0.1111 0.9436
vt 0.2361 0.0042
vt 0.2327 0.0004
vt 0.2361 0.0004
vt 0.7222 0.3497
vt 0.3472 0.6914
vt 0.3472 0.6504
vt 0.9444 0.3497
vt 0.9444 0.2313
vt 0.9444 0.1956
vt 0.5833 0.3087
vt 0.1667 0.962
vt 0.1667 0.9436
vt 0.5139 0.1622
vt 0.5278 0.1622
vt 0.9305 0.1956
vt 0.9167 0.1956
vt 0.6806 0.6083
vt 0.6806 0.5653
vt 0.5972 0.1033
vt 0.6667 0.1622
vt 0.3611 0.8379
vt 0.2223 0.9436
vt 0.1667 0.977
vt 0.0417 0.0004
vt 0.875 0.8045
vt 0.6806 0.4782
vt 0.6806 0.5218
vt 0.6111 0.9958
vt 0.8056 0.1033
vt 0.8854 0.0004
vt 0.8785 0.0004
vt 0.8819 0.0004
vt 0.5695 0.2313
vt 0.5695 0.1956
vt 0.6285 0.9996
vt 0.625 0.9996
vt 0.9167 0.6914
vt 0.1389 0.0042
vt 0.125 0.0004
vt 0.2084 0.6504
vt 0.2084 0.6914
vt 0.2014 0.0004
vt 0.5591 0.0004
vt 0.5625 0.0004
vt 0.9548 0.0004
vt 0.9514 0.0004
vt 0.9444 0.5218
vt 0.9583 0.5218
vt 0.5833 0.5653
vt 0 0.0783
vt 0.125 0.9218
vt 0.0417 0.977
vt 0.0278 0.977
vt 0.6493 0.0004
vt 0.6424 0.0004
vt 0.6459 0.0004
vt 0.7778 0.3918
vt 0.5833 0.6914
vt 0.375 0.8968
vt 0.5556 0.038
vt 0.5556 0.0565
vt 0.0973 0.9882
vt 0.2917 0.3918
vt 0.8715 0.9996
vt 0.4063 0.9996
vt 0.4028 0.9996
vt 0.3472 0.0783
vt 0.3472 0.1033
vt 0.25 0.0783
vt 0.5695 0.1033
vt 1 0.9882
vt 1 0.977
vt 0.8889 0.038
vt 0.2396 0.9996
vt 0.625 0.5653
vt 0.0799 0.0004
vt 0.6389 0.5653
vt 0.5695 0.962
vt 0.5556 0.977
vt 0.9028 0.9996
vt 0.9097 0.9996
vt 0.9062 0.9996
vt 0.5972 0.4782
vt 0.2917 0.2691
vt 0.4861 0.3918
vt 0.4722 0.4348
vt 0.3195 0.4782
vt 0.1389 0.2691
vt 0.3611 0.038
vt 0.3889 0.3497
vt 0.875 0.0565
vt 0.8889 0.0565
vt 0.3716 0.9996
vt 0.3681 0.9996
vt 0.0903 0.0004
vt 0.9722 0.6914
vt 0.0834 0.7309
vt 0.0834 0.6914
vt 0.0417 0.1956
vt 0.0417 0.2313
vt 0.5417 0.4782
vt 0.2084 0.0231
vt 0.2084 0.038
vt 0.4584 0.7309
vt 0 0.0565
vt 0.0938 0.0004
vt 0.9722 0.5218
vt 0.5139 0.7309
vt 0.7639 0.8687
vt 0.7639 0.8968
vt 0.3056 0.038
vt 0.3056 0.9996
vt 0.6181 0.9996
vt 0.6146 0.9996
vt 0.875 0.0118
vt 0.875 0.0231
vt 0.1806 0.0042
vt 0.25 0.0565
vt 0.8611 0.6083
vt 0.5695 0.2691
vt 0.8194 0.1033
vt 0.0764 0.0004
vt 0.875 0.038
vt 0.6944 0.0565
vt 0.5 0.3497
vt 0.2223 0.0118
vt 0.2361 0.0118
vt 0.4445 0.8968
vt 0.2952 0.9996
vt 0.2917 0.9996
vt 0.1528 0.1033
vt 0.3472 0.0565
vt 0.3472 0.038
vt 0.3611 0.0565
vt 0.25 0.6504
vt 0.3195 0.9882
vt 0.1945 0.9218
vt 0.8437 0.9996
vt 0.8403 0.9996
vt 0.8333 0.0783
vt 0.5556 0.4782
vt 0.7639 0.9218
vt 0.4722 0.7309
vt 0.2917 0.0118
vt 0.0695 0.0042
vt 0.9409 0.9996
vt 0.9375 0.9996
vt 0.8611 0.0118
vt 0.1667 0.0565
vt 0.9062 0.0004
vt 0.9409 0.0004
vt 0.9305 0.0004
vt 0.9028 0.962
vt 0.1528 0.9436
vt 0.8646 0.9996
vt 0.9305 0.5218
vt 0.9167 0.5218
vt 0.1945 0.1956
vt 0.1111 0.3087
vt 0.0973 0.7309
vt 0.7639 0.1622
vt 0.4167 0.1313
vt 0.0625 0.0004
vt 0.5035 0.0004
vt 0.5 0.0042
vt 0.5105 0.0004
vt 0.507 0.0004
vt 0.0417 0.0231
vt 0.0278 0.0231
vt 0.5417 0.8379
vt 0.5556 0.4348
vt 0.1389 0.0118
vt 0.5938 0.0004
vt 0.5903 0.0004
vt 0.8472 0.6504
vt 0.4584 0.8687
vt 0.4445 0.8687
vt 0.8472 0.2313
vt 0.8472 0.2691
vt 0.2084 0.8045
vt 0.3195 0.9996
vt 0.3195 0.9958
vt 0.316 0.9996
vt 0.5833 0.962
vt 0.2223 0.8379
vt 0.2223 0.8045
vt 0.7222 0.4348
vt 0.9271 0.0004
vt 0.9236 0.0004
vt 0.7708 0.9996
vt 0.7743 0.9996
vt 0.8229 0.0004
vt 0.6007 0.0004
vt 0.5972 0.0042
vt 0.5972 0.0004
vt 0.6111 0.0042
vt 0.6077 0.0004
vt 0.6042 0.0004
vt 0.9167 0.4782
vt 0.8472 0.1956
vt 0.8611 0.2313
vt 0.5833 0.038
vt 0.5695 0.038
vt 0.5695 0.9436
vt 0.8333 0.4348
vt 0.5139 0.1313
vt 0.7222 0.3918
vt 0.2084 0.9436
vt 0.0243 0.9996
vt 0.8368 0.9996
vt 0.7396 0.0004
vt 0.9028 0.0565
vt 0.5833 0.1033
vt 0.9444 0.9882
vt 0.6111 0.9996
vt 0.4722 0.2691
vt 0.375 0.1622
vt 0.3611 0.1622
vt 0.4861 0.3497
vt 0.2396 0.0004
vt 0.0139 0.038
vt 0.7222 0.7309
vt 0.868 0.9996
vt 0.5972 0.0118
vt 0.5209 0.9996
vt 0.8056 0.1313
vt 0.5278 0.0118
vt 0.059 0.0004
vt 0.6736 0.9996
vt 0.2361 0.8687
vt 0.4341 0.0004
vt 0.0452 0.9996
vt 0.9722 0.7309
vt 0.7604 0.0004
vt 0.0313 0.0004
vt 0.25 0.9958
vt 0.2431 0.9996
vt 0.3438 0.9996
vt 0.816 0.9996
vt 0.8125 0.9996
vt 0.5278 0.8379
vt 0.5278 0.1313
vt 0.5243 0.9996
vt 0.4827 0.9996
vt 0.0139 0.7309
vt 0.9444 0.0783
vt 0.191 0.0004
vt 0.1875 0.0004
vt 0.2535 0.9996
vt 0 0.5653
vt 0 0.6083
vt 0.3889 0.9996
vt 0.3924 0.9996
vt 0.1528 0.8045
vt 0.1389 0.8045
vt 0.375 0.4348
vt 0.9444 0.0565
vt 0.8993 0.9996
vt 0.8958 0.9996
vt 0.8923 0.9996
vt 0.25 0.8687
vt 0.0556 0.8379
vt 0.6216 0.9996
vt 0.3855 0.9996
vt 0.7674 0.9996
vt 0.6216 0.0004
vt 0.4306 0.0118
vt 0 0.038
vt 0.3993 0.9996
vt 0.7569 0.9996
vt 0.1215 0.0004
vt 0 0.7309
vt 0.3334 0.9958
vt 0.9201 0.9996
vt 0.8298 0.0004
vt 0.8264 0.0004
vt 0.2639 0.038
vt 0.5348 0.0004
vt 0.5313 0.0004
vt 0.1042 0.0004
vt 0.6042 0.9996
vt 0.6077 0.9996
vt 0 0.4348
vt 0.5903 0.9996
vt 0.6181 0.0004
vt 0.3959 0.9996
vt 0.0729 0.0004
vt 0 0.3918
vt 0.1493 0.0004
vt 0.5382 0.0004
usemtl mat0
f 1/1/1 2/2/2 3/3/3
f 1/1/1 4/4/4 2/2/2
f 5/5/5 6/6/6 7/7/7
f 5/5/5 8/8/8 6/6/6
f 9/9/9 10/10/10 11/11/11
f 12/12/12 10/10/10 9/9/9
f 13/13/13 14/14/14 15/15/15
f 16/16/16 14/14/14 13/13/13
f 17/17/17 18/18/18 19/19/19
f 20/20/20 18/18/18 17/17/17
f 21/21/21 22/22/22 23/23/23
f 21/21/21 24/24/24 22/22/22
f 25/25/25 26/26/26 27/27/27
f 25/25/25 28/28/28 26/26/26
f 29/29/29 30/30/30 31/31/31
f 32/32/32 33/33/33 34/34/34
f 32/32/32 35/35/35 33/33/33
f 35/35/35 30/30/30 29/29/29
f 32/32/32 30/30/30 35/35/35
f 36/36/36 37/37/37 38/38/38
f 39/39/39 37/37/37 36/36/36
f 40/40/40 41/41/41 42/42/42
f 43/43/43 44/44/44 45/45/45
f 46/46/46 41/41/41 40/40/40
f 43/43/43 46/46/46 44/44/44
f 43/43/43 41/41/41 46/46/46
f 47/47/47 48/48/48 49/49/49
f 50/50/50 51/51/51 52/52/52
f 53/53/53 51/51/51 50/50/50
f 54/54/54 55/55/55 56/56/56
f 57/57/57 55/55/55 58/58/58
f 59/59/59 60/60/60 61/61/61
f 59/59/59 62/62/62 60/60/60
f 63/63/63 64/64/64 65/65/65
f 66/66/66 64/64/64 63/63/63
f 47/47/47 67/67/67 68/68/68
f 69/69/69 70/70/70 71/71/71
f 72/72/72 70/70/70 69/69/69
f 73/73/73 74/74/74 75/75/75
f 76/76/76 74/74/74 73/73/73
f 77/77/77 78/78/78 79/79/79
f 80/80/80 78/78/78 77/77/77
f 81/81/81 82/82/82 83/83/83
f 81/81/81 84/84/84 82/82/82
f 85/85/85 86/86/86 87/87/87
f 88/88/88 86/86/86 85/85/85
f 89/89/89 90/90/90 91/91/91
f 89/89/89 92/92/92 90/90/90
f 93/93/93 94/94/94 95/95/95
f 96/96/96 94/94/94 93/93/93
f 97/97/97 98/98/98 99/99/99
f 100/100/100 98/98/98 97/97/97
f 101/101/101 102/102/102 103/103/103
f 101/101/101 104/104/104 102/102/102
f 105/105/105 106/106/106 107/107/107
f 108/108/108 109/109/109 110/110/110
f 111/111/111 109/109/109 108/108/108
f 105/105/105 111/111/111 106/106/106
f 105/105/105 109/109/109 111/111/111
f 112/112/112 113/113/113 114/114/114
f 112/112/112 115/115/115 113/113/113
f 116/116/116 117/117/117 118/118/118
f 116/116/116 119/119/119 117/117/117
f 120/120/120 121/121/121 122/122/122
f 123/123/123 121/121/121 120/120/120
f 124/124/124 125/125/125 126/126/126
f 124/124/124 127/127/127 125/125/125
f 128/128/128 129/129/129 130/130/130
f 131/131/131 129/129/129 128/128/128
f 132/132/132 133/133/133 134/134/134
f 132/132/132 135/135/135 133/133/133
f 136/136/136 137/137/137 138/138/138
f 139/139/139 137/137/137 136/136/136
f 55/55/55 140/140/140 141/141/141
f 142/142/142 143/143/143 144/144/144
f 145/145/145 143/143/143 142/142/142
f 146/146/146 147/147/147 148/148/148
f 149/149/149 147/147/147 146/146/146
f 150/150/150 151/151/151 152/152/152
f 153/153/153 154/154/154 155/155/155
f 153/153/153 156/156/156 154/154/154
f 156/156/156 151/151/151 150/150/150
f 153/153/153 151/151/151 156/156/156
f 157/157/157 158/158/158 159/159/159
f 157/157/157 160/160/160 158/158/158
f 161/161/161 162/162/162 163/163/163
f 161/161/161 164/164/164 162/162/162
f 165/165/165 166/166/166 167/167/167
f 165/165/165 168/168/168 166/166/166
f 169/169/169 170/170/170 171/171/171
f 169/169/169 172/172/172 170/170/170
f 173/173/173 174/174/174 175/175/175
f 173/173/173 176/176/176 174/174/174
f 177/177/177 178/178/178 179/179/179
f 177/177/177 180/180/180 178/178/178
f 181/181/181 171/171/171 182/182/182
f 181/181/181 169/169/169 171/171/171
f 47/47/47 183/183/183 184/184/184
f 55/55/55 185/185/185 186/186/186
f 187/187/187 188/188/188 189/189/189
f 190/190/190 188/188/188 187/187/187
f 191/191/191 192/192/192 193/193/193
f 194/194/194 192/192/192 191/191/191
f 195/195/195 196/196/196 197/197/197
f 195/195/195 198/198/198 196/196/196
f 47/47/47 155/155/155 154/154/154
f 199/199/199 200/200/200 201/201/201
f 202/202/202 200/200/200 199/199/199
f 203/203/203 139/139/139 136/136/136
f 204/204/204 139/139/139 203/203/203
f 205/205/205 206/206/206 207/207/207
f 208/208/208 206/206/206 205/205/205
f 209/209/209 210/210/210 211/211/211
f 212/212/212 210/210/210 209/209/209
f 213/213/213 203/203/203 214/214/214
f 213/213/213 204/204/204 203/203/203
f 47/47/47 215/215/215 216/216/216
f 55/55/55 217/217/217 218/218/218
f 219/219/219 220/220/220 221/221/221
f 219/219/219 222/222/222 220/220/220
f 223/223/223 224/224/224 225/225/225
f 223/223/223 226/226/226 224/224/224
f 227/227/227 228/228/228 229/229/229
f 227/227/227 230/230/230 228/228/228
f 231/231/231 55/55/55 232/232/232
f 233/233/233 209/209/209 234/234/234
f 233/233/233 212/212/212 209/209/209
f 235/235/235 236/236/236 237/237/237
f 238/238/238 236/236/236 235/235/235
f 239/239/239 240/240/240 241/241/241
f 239/239/239 242/242/242 240/240/240
f 243/243/243 244/244/244 245/245/245
f 246/246/246 244/244/244 243/243/243
f 247/247/247 248/248/248 249/249/249
f 250/250/250 251/251/251 183/183/183
f 247/247/247 252/252/252 248/248/248
f 252/252/252 251/251/251 250/250/250
f 247/247/247 251/251/251 252/252/252
f 47/47/47 253/253/253 254/254/254
f 255/255/255 256/256/256 257/257/257
f 258/258/258 256/256/256 255/255/255
f 259/259/259 260/260/260 261/261/261
f 262/262/262 260/260/260 259/259/259
f 263/263/263 264/264/264 265/265/265
f 266/266/266 264/264/264 263/263/263
f 267/267/267 268/268/268 269/269/269
f 270/270/270 271/271/271 272/272/272
f 270/270/270 273/273/273 271/271/271
f 273/273/273 268/268/268 267/267/267
f 270/270/270 268/268/268 273/273/273
f 274/274/274 275/275/275 276/276/276
f 274/274/274 277/277/277 275/275/275
f 278/278/278 279/279/279 280/280/280
f 278/278/278 281/281/281 279/279/279
f 47/47/47 282/282/282 283/283/283
f 284/284/284 285/285/285 286/286/286
f 287/287/287 285/285/285 284/284/284
f 288/288/288 289/289/289 290/290/290
f 291/291/291 289/289/289 288/288/288
f 292/292/292 293/293/293 294/294/294
f 292/292/292 295/295/295 293/293/293
f 296/296/296 297/297/297 298/298/298
f 299/299/299 297/297/297 296/296/296
f 300/300/300 301/301/301 302/302/302
f 303/303/303 301/301/301 300/300/300
f 304/304/304 305/305/305 306/306/306
f 307/307/307 305/305/305 304/304/304
f 262/262/262 308/308/308 260/260/260
f 309/309/309 310/310/310 262/262/262
f 310/310/310 311/311/311 262/262/262
f 311/311/311 312/312/312 262/262/262
f 312/312/312 308/308/308 262/262/262
f 313/313/313 314/314/314 315/315/315
f 313/313/313 316/316/316 314/314/314
f 317/317/317 318/318/318 319/319/319
f 317/317/317 320/320/320 318/318/318
f 321/321/321 322/322/322 323/323/323
f 324/324/324 322/322/322 321/321/321
f 325/325/325 326/326/326 327/327/327
f 325/325/325 328/328/328 326/326/326
f 329/329/329 55/55/55 330/330/330
f 331/331/331 332/332/332 333/333/333
f 334/334/334 332/332/332 331/331/331
f 335/335/335 336/336/336 337/337/337
f 338/338/338 339/339/339 67/67/67
f 335/335/335 340/340/340 336/336/336
f 340/340/340 339/339/339 338/338/338
f 335/335/335 339/339/339 340/340/340
f 341/341/341 342/342/342 343/343/343
f 341/341/341 344/344/344 342/342/342
f 345/345/345 346/346/346 347/347/347
f 345/345/345 348/348/348 346/346/346
f 349/349/349 350/350/350 351/351/351
f 349/349/349 352/352/352 350/350/350
f 166/166/166 353/353/353 109/109/109
f 166/166/166 354/354/354 353/353/353
f 355/355/355 356/356/356 357/357/357
f 355/355/355 358/358/358 356/356/356
f 359/359/359 360/360/360 361/361/361
f 362/362/362 360/360/360 359/359/359
f 363/363/363 364/364/364 365/365/365
f 363/363/363 366/366/366 364/364/364
f 367/367/367 368/368/368 369/369/369
f 370/370/370 368/368/368 367/367/367
f 371/371/371 372/372/372 373/373/373
f 374/374/374 372/372/372 371/371/371
f 375/375/375 376/376/376 377/377/377
f 378/378/378 376/376/376 375/375/375
f 379/379/379 380/380/380 381/381/381
f 379/379/379 382/382/382 380/380/380
f 383/383/383 384/384/384 382/382/382
f 383/383/383 385/385/385 384/384/384
f 386/386/386 387/387/387 388/388/388
f 389/389/389 387/387/387 386/386/386
f 390/390/390 391/391/391 392/392/392
f 393/393/393 391/391/391 390/390/390
f 394/394/394 395/395/395 396/396/396
f 394/394/394 159/159/159 395/395/395
f 397/397/397 398/398/398 399/399/399
f 397/397/397 400/400/400 398/398/398
f 401/401/401 402/402/402 403/403/403
f 401/401/401 404/404/404 402/402/402
f 405/405/405 406/406/406 407/407/407
f 408/408/408 406/406/406 405/405/405
f 47/47/47 269/269/269 409/409/409
f 121/121/121 410/410/410 411/411/411
f 412/412/412 410/410/410 121/121/121
f 413/413/413 414/414/414 415/415/415
f 413/413/413 416/416/416 414/414/414
f 417/417/417 297/297/297 299/299/299
f 417/417/417 418/418/418 297/297/297
f 419/419/419 187/187/187 420/420/420
f 421/421/421 187/187/187 419/419/419
f 422/422/422 423/423/423 424/424/424
f 422/422/422 425/425/425 423/423/423
f 426/426/426 427/427/427 428/428/428
f 426/426/426 429/429/429 427/427/427
f 430/430/430 431/431/431 406/406/406
f 430/430/430 432/432/432 431/431/431
f 55/55/55 433/433/433 434/434/434
f 435/435/435 436/436/436 437/437/437
f 435/435/435 438/438/438 436/436/436
f 439/439/439 440/440/440 441/441/441
f 439/439/439 442/442/442 440/440/440
f 443/443/443 444/444/444 445/445/445
f 443/443/443 446/446/446 444/444/444
f 447/447/447 448/448/448 449/449/449
f 450/450/450 448/448/448 447/447/447
f 451/451/451 452/452/452 453/453/453
f 451/451/451 454/454/454 452/452/452
f 454/454/454 455/455/455 452/452/452
f 455/455/455 456/456/456 452/452/452
f 456/456/456 457/457/457 452/452/452
f 458/458/458 435/435/435 437/437/437
f 459/459/459 435/435/435 458/458/458
f 385/385/385 460/460/460 384/384/384
f 385/385/385 461/461/461 460/460/460
f 462/462/462 66/66/66 463/463/463
f 462/462/462 464/464/464 66/66/66
f 210/210/210 465/465/465 466/466/466
f 467/467/467 465/465/465 210/210/210
f 468/468/468 469/469/469 470/470/470
f 471/471/471 469/469/469 468/468/468
f 55/55/55 472/472/472 473/473/473
f 474/474/474 475/475/475 476/476/476
f 477/477/477 475/475/475 474/474/474
f 478/478/478 479/479/479 480/480/480
f 478/478/478 481/481/481 479/479/479
f 482/482/482 483/483/483 484/484/484
f 485/485/485 486/486/486 482/482/482
f 486/486/486 487/487/487 482/482/482
f 487/487/487 488/488/488 482/482/482
f 488/488/488 483/483/483 482/482/482
f 489/489/489 490/490/490 491/491/491
f 489/489/489 492/492/492 490/490/490
f 493/493/493 494/494/494 495/495/495
f 496/496/496 494/494/494 493/493/493
f 497/497/497 498/498/498 499/499/499
f 500/500/500 498/498/498 497/497/497
f 501/501/501 502/502/502 503/503/503
f 504/504/504 502/502/502 501/501/501
f 505/505/505 506/506/506 507/507/507
f 505/505/505 508/508/508 506/506/506
f 355/355/355 509/509/509 358/358/358
f 510/510/510 509/509/509 355/355/355
f 342/342/342 511/511/511 512/512/512
f 344/344/344 511/511/511 342/342/342
f 513/513/513 514/514/514 515/515/515
f 516/516/516 514/514/514 513/513/513
f 447/447/447 517/517/517 94/94/94
f 447/447/447 449/449/449 517/517/517
f 518/518/518 519/519/519 520/520/520
f 521/521/521 519/519/519 518/518/518
f 522/522/522 523/523/523 524/524/524
f 522/522/522 525/525/525 523/523/523
f 526/526/526 527/527/527 528/528/528
f 529/529/529 527/527/527 526/526/526
f 530/530/530 531/531/531 532/532/532
f 388/388/388 531/531/531 530/530/530
f 474/474/474 533/533/533 534/534/534
f 474/474/474 476/476/476 533/533/533
f 535/535/535 536/536/536 537/537/537
f 538/538/538 536/536/536 535/535/535
f 164/164/164 539/539/539 540/540/540
f 178/178/178 539/539/539 164/164/164
f 541/541/541 379/379/379 542/542/542
f 541/541/541 543/543/543 379/379/379
f 544/544/544 545/545/545 546/546/546
f 547/547/547 545/545/545 544/544/544
f 89/89/89 548/548/548 92/92/92
f 549/549/549 548/548/548 89/89/89
f 211/211/211 550/550/550 551/551/551
f 211/211/211 552/552/552 550/550/550
f 553/553/553 554/554/554 555/555/555
f 556/556/556 554/554/554 553/553/553
f 251/251/251 184/184/184 183/183/183
f 557/557/557 558/558/558 559/559/559
f 251/251/251 560/560/560 184/184/184
f 560/560/560 558/558/558 557/557/557
f 251/251/251 558/558/558 560/560/560
f 561/561/561 562/562/562 563/563/563
f 561/561/561 564/564/564 562/562/562
f 565/565/565 566/566/566 567/567/567
f 568/568/568 566/566/566 565/565/565
f 569/569/569 105/105/105 107/107/107
f 570/570/570 571/571/571 572/572/572
f 573/573/573 105/105/105 569/569/569
f 570/570/570 573/573/573 571/571/571
f 570/570/570 105/105/105 573/573/573
f 574/574/574 575/575/575 576/576/576
f 577/577/577 575/575/575 574/574/574
f 578/578/578 579/579/579 580/580/580
f 578/578/578 581/581/581 579/579/579
f 582/582/582 583/583/583 584/584/584
f 582/582/582 585/585/585 583/583/583
f 479/479/479 586/586/586 587/587/587
f 481/481/481 586/586/586 479/479/479
f 588/588/588 589/589/589 590/590/590
f 591/591/591 589/589/589 588/588/588
f 592/592/592 593/593/593 594/594/594
f 595/595/595 593/593/593 592/592/592
f 596/596/596 468/468/468 597/597/597
f 596/596/596 471/471/471 468/468/468
f 598/598/598 373/373/373 599/599/599
f 371/371/371 373/373/373 598/598/598
f 47/47/47 600/600/600 601/601/601
f 602/602/602 603/603/603 604/604/604
f 605/605/605 603/603/603 602/602/602
f 606/606/606 607/607/607 608/608/608
f 609/609/609 607/607/607 606/606/606
f 47/47/47 610/610/610 611/611/611
f 612/612/612 613/613/613 446/446/446
f 612/612/612 614/614/614 613/613/613
f 615/615/615 616/616/616 617/617/617
f 615/615/615 618/618/618 616/616/616
f 619/619/619 620/620/620 621/621/621
f 622/622/622 620/620/620 619/619/619
f 623/623/623 624/624/624 625/625/625
f 626/626/626 624/624/624 623/623/623
f 313/313/313 627/627/627 316/316/316
f 628/628/628 627/627/627 313/313/313
f 629/629/629 630/630/630 631/631/631
f 629/629/629 632/632/632 630/630/630
f 633/633/633 634/634/634 635/635/635
f 633/633/633 636/636/636 634/634/634
f 637/637/637 638/638/638 639/639/639
f 637/637/637 640/640/640 638/638/638
f 208/208/208 641/641/641 206/206/206
f 279/279/279 641/641/641 208/208/208
f 274/274/274 642/642/642 277/277/277
f 643/643/643 642/642/642 274/274/274
f 644/644/644 645/645/645 646/646/646
f 644/644/644 647/647/647 645/645/645
f 648/648/648 649/649/649 305/305/305
f 648/648/648 650/650/650 649/649/649
f 651/651/651 561/561/561 563/563/563
f 533/533/533 561/561/561 651/651/651
f 652/652/652 493/493/493 653/653/653
f 193/193/193 493/493/493 652/652/652
f 654/654/654 655/655/655 656/656/656
f 654/654/654 657/657/657 655/655/655
f 658/658/658 659/659/659 660/660/660
f 658/658/658 661/661/661 659/659/659
f 662/662/662 663/663/663 664/664/664
f 662/662/662 665/665/665 663/663/663
f 666/666/666 667/667/667 668/668/668
f 669/669/669 667/667/667 666/666/666
f 670/670/670 671/671/671 672/672/672
f 670/670/670 673/673/673 671/671/671
f 674/674/674 675/675/675 676/676/676
f 674/674/674 677/677/677 675/675/675
f 678/678/678 55/55/55 679/679/679
f 680/680/680 681/681/681 682/682/682
f 683/683/683 681/681/681 680/680/680
f 684/684/684 685/685/685 686/686/686
f 684/684/684 687/687/687 685/685/685
f 688/688/688 659/659/659 689/689/689
f 660/660/660 659/659/659 688/688/688
f 690/690/690 691/691/691 692/692/692
f 690/690/690 693/693/693 691/691/691
f 694/694/694 695/695/695 696/696/696
f 694/694/694 697/697/697 695/695/695
f 436/436/436 698/698/698 699/699/699
f 438/438/438 698/698/698 436/436/436
f 700/700/700 701/701/701 702/702/702
f 703/703/703 701/701/701 700/700/700
f 704/704/704 705/705/705 706/706/706
f 704/704/704 50/50/50 705/705/705
f 707/707/707 708/708/708 709/709/709
f 707/707/707 710/710/710 708/708/708
f 711/711/711 442/442/442 439/439/439
f 711/711/711 712/712/712 442/442/442
f 47/47/47 252/252/252 250/250/250
f 137/137/137 713/713/713 714/714/714
f 715/715/715 713/713/713 137/137/137
f 716/716/716 717/717/717 718/718/718
f 716/716/716 719/719/719 717/717/717
f 720/720/720 721/721/721 722/722/722
f 723/723/723 721/721/721 720/720/720
f 724/724/724 725/725/725 726/726/726
f 724/724/724 727/727/727 725/725/725
f 728/728/728 6/6/6 729/729/729
f 7/7/7 6/6/6 728/728/728
f 730/730/730 731/731/731 732/732/732
f 733/733/733 731/731/731 730/730/730
f 734/734/734 735/735/735 736/736/736
f 737/737/737 735/735/735 734/734/734
f 350/350/350 738/738/738 739/739/739
f 350/350/350 740/740/740 738/738/738
f 741/741/741 742/742/742 743/743/743
f 741/741/741 744/744/744 742/742/742
f 745/745/745 746/746/746 747/747/747
f 745/745/745 748/748/748 746/746/746
f 749/749/749 213/213/213 214/214/214
f 750/750/750 213/213/213 749/749/749
f 751/751/751 18/18/18 20/20/20
f 751/751/751 752/752/752 18/18/18
f 753/753/753 754/754/754 755/755/755
f 753/753/753 756/756/756 754/754/754
f 757/757/757 758/758/758 759/759/759
f 757/757/757 760/760/760 758/758/758
f 760/760/760 218/218/218 758/758/758
f 218/218/218 217/217/217 758/758/758
f 217/217/217 761/761/761 758/758/758
f 762/762/762 618/618/618 615/615/615
f 762/762/762 763/763/763 618/618/618
f 220/220/220 764/764/764 765/765/765
f 220/220/220 766/766/766 764/764/764
f 767/767/767 768/768/768 769/769/769
f 770/770/770 768/768/768 767/767/767
f 523/523/523 771/771/771 772/772/772
f 525/525/525 771/771/771 523/523/523
f 773/773/773 774/774/774 775/775/775
f 776/776/776 774/774/774 773/773/773
f 777/777/777 778/778/778 779/779/779
f 777/777/777 780/780/780 778/778/778
f 176/176/176 781/781/781 174/174/174
f 176/176/176 782/782/782 781/781/781
f 783/783/783 102/102/102 784/784/784
f 103/103/103 102/102/102 783/783/783
f 555/555/555 494/494/494 496/496/496
f 555/555/555 785/785/785 494/494/494
f 786/786/786 239/239/239 787/787/787
f 786/786/786 788/788/788 239/239/239
f 471/471/471 789/789/789 469/469/469
f 790/790/790 789/789/789 471/471/471
f 228/228/228 791/791/791 792/792/792
f 230/230/230 791/791/791 228/228/228
f 47/47/47 793/793/793 794/794/794
f 795/795/795 796/796/796 797/797/797
f 795/795/795 798/798/798 796/796/796
f 703/703/703 799/799/799 701/701/701
f 800/800/800 799/799/799 703/703/703
f 457/457/457 801/801/801 452/452/452
f 457/457/457 802/802/802 801/801/801
f 802/802/802 803/803/803 801/801/801
f 803/803/803 804/804/804 801/801/801
f 804/804/804 805/805/805 801/801/801
f 126/126/126 806/806/806 807/807/807
f 126/126/126 125/125/125 806/806/806
f 763/763/763 505/505/505 507/507/507
f 808/808/808 505/505/505 763/763/763
f 537/537/537 173/173/173 809/809/809
f 537/537/537 810/810/810 173/173/173
f 800/800/800 811/811/811 799/799/799
f 812/812/812 813/813/813 800/800/800
f 813/813/813 814/814/814 800/800/800
f 814/814/814 815/815/815 800/800/800
f 815/815/815 811/811/811 800/800/800
f 816/816/816 817/817/817 818/818/818
f 816/816/816 819/819/819 817/817/817
f 47/47/47 820/820/820 821/821/821
f 822/822/822 823/823/823 824/824/824
f 822/822/822 825/825/825 823/823/823
f 47/47/47 826/826/826 827/827/827
f 342/342/342 828/828/828 143/143/143
f 342/342/342 512/512/512 828/828/828
f 55/55/55 829/829/829 830/830/830
f 831/831/831 832/832/832 833/833/833
f 831/831/831 834/834/834 832/832/832
f 835/835/835 836/836/836 837/837/837
f 838/838/838 836/836/836 835/835/835
f 285/285/285 839/839/839 840/840/840
f 841/841/841 839/839/839 285/285/285
f 320/320/320 842/842/842 843/843/843
f 844/844/844 845/845/845 320/320/320
f 845/845/845 846/846/846 320/320/320
f 846/846/846 847/847/847 320/320/320
f 847/847/847 842/842/842 320/320/320
f 47/47/47 848/848/848 849/849/849
f 850/850/850 635/635/635 851/851/851
f 261/261/261 635/635/635 850/850/850
f 769/769/769 852/852/852 853/853/853
f 769/769/769 854/854/854 852/852/852
f 855/855/855 856/856/856 857/857/857
f 855/855/855 858/858/858 856/856/856
f 859/859/859 860/860/860 387/387/387
f 859/859/859 861/861/861 860/860/860
f 725/725/725 195/195/195 197/197/197
f 727/727/727 195/195/195 725/725/725
f 862/862/862 654/654/654 863/863/863
f 862/862/862 864/864/864 654/654/654
f 865/865/865 866/866/866 867/867/867
f 865/865/865 868/868/868 866/866/866
f 869/869/869 870/870/870 871/871/871
f 872/872/872 870/870/870 869/869/869
f 873/873/873 874/874/874 301/301/301
f 873/873/873 875/875/875 874/874/874
f 876/876/876 877/877/877 878/878/878
f 876/876/876 879/879/879 877/877/877
f 30/30/30 880/880/880 31/31/31
f 881/881/881 882/882/882 883/883/883
f 884/884/884 882/882/882 881/881/881
f 30/30/30 884/884/884 880/880/880
f 30/30/30 882/882/882 884/884/884
f 885/885/885 886/886/886 887/887/887
f 885/885/885 229/229/229 886/886/886
f 888/888/888 889/889/889 890/890/890
f 891/891/891 889/889/889 888/888/888
f 892/892/892 893/893/893 894/894/894
f 895/895/895 893/893/893 892/892/892
f 781/781/781 896/896/896 897/897/897
f 782/782/782 896/896/896 781/781/781
f 898/898/898 899/899/899 900/900/900
f 901/901/901 899/899/899 898/898/898
f 902/902/902 903/903/903 904/904/904
f 902/902/902 905/905/905 903/903/903
f 906/906/906 1/1/1 907/907/907
f 906/906/906 142/142/142 1/1/1
f 762/762/762 808/808/808 763/763/763
f 908/908/908 808/808/808 762/762/762
f 909/909/909 910/910/910 911/911/911
f 912/912/912 910/910/910 909/909/909
f 913/913/913 863/863/863 914/914/914
f 915/915/915 863/863/863 913/913/913
f 47/47/47 916/916/916 917/917/917
f 47/47/47 273/273/273 267/267/267
f 918/918/918 919/919/919 920/920/920
f 918/918/918 921/921/921 919/919/919
f 172/172/172 922/922/922 923/923/923
f 361/361/361 922/922/922 172/172/172
f 638/638/638 924/924/924 925/925/925
f 640/640/640 924/924/924 638/638/638
f 926/926/926 812/812/812 800/800/800
f 927/927/927 928/928/928 926/926/926
f 928/928/928 929/929/929 926/926/926
f 929/929/929 930/930/930 926/926/926
f 930/930/930 812/812/812 926/926/926
f 158/158/158 931/931/931 932/932/932
f 160/160/160 931/931/931 158/158/158
f 933/933/933 934/934/934 935/935/935
f 936/936/936 934/934/934 933/933/933
f 448/448/448 937/937/937 449/449/449
f 448/448/448 598/598/598 937/937/937
f 938/938/938 939/939/939 940/940/940
f 938/938/938 941/941/941 939/939/939
f 942/942/942 943/943/943 266/266/266
f 604/604/604 943/943/943 942/942/942
f 944/944/944 945/945/945 946/946/946
f 944/944/944 947/947/947 945/945/945
f 948/948/948 949/949/949 950/950/950
f 948/948/948 951/951/951 949/949/949
f 952/952/952 953/953/953 954/954/954
f 955/955/955 953/953/953 952/952/952
f 956/956/956 957/957/957 958/958/958
f 590/590/590 957/957/957 956/956/956
f 866/866/866 959/959/959 960/960/960
f 868/868/868 959/959/959 866/866/866
f 961/961/961 962/962/962 963/963/963
f 964/964/964 962/962/962 961/961/961
f 965/965/965 966/966/966 967/967/967
f 968/968/968 966/966/966 965/965/965
f 181/181/181 359/359/359 169/169/169
f 969/969/969 359/359/359 181/181/181
f 970/970/970 378/378/378 971/971/971
f 970/970/970 972/972/972 378/378/378
f 973/973/973 974/974/974 975/975/975
f 973/973/973 976/976/976 974/974/974
f 977/977/977 978/978/978 979/979/979
f 980/980/980 978/978/978 977/977/977
f 981/981/981 55/55/55 982/982/982
f 983/983/983 984/984/984 985/985/985
f 986/986/986 984/984/984 983/983/983
f 987/987/987 988/988/988 989/989/989
f 987/987/987 990/990/990 988/988/988
f 926/926/926 703/703/703 991/991/991
f 926/926/926 800/800/800 703/703/703
f 587/587/587 992/992/992 993/993/993
f 587/587/587 235/235/235 992/992/992
f 105/105/105 166/166/166 109/109/109
f 167/167/167 166/166/166 105/105/105
f 994/994/994 55/55/55 995/995/995
f 55/55/55 996/996/996 997/997/997
f 998/998/998 999/999/999 1000/1000/1000
f 998/998/998 1001/1001/1001 999/999/999
f 47/47/47 1002/1002/1002 1003/1003/1003
f 1004/1004/1004 1005/1005/1005 1006/1006/1006
f 1007/1007/1007 1005/1005/1005 1004/1004/1004
f 1008/1008/1008 1009/1009/1009 1010/1010/1010
f 1008/1008/1008 1011/1011/1011 1009/1009/1009
f 1012/1012/1012 375/375/375 1013/1013/1013
f 1014/1014/1014 375/375/375 1012/1012/1012
f 1015/1015/1015 41/41/41 43/43/43
f 1015/1015/1015 1016/1016/1016 41/41/41
f 1017/1017/1017 1018/1018/1018 1019/1019/1019
f 1017/1017/1017 1020/1020/1020 1018/1018/1018
f 1021/1021/1021 1022/1022/1022 1023/1023/1023
f 1024/1024/1024 1025/1025/1025 1021/1021/1021
f 1025/1025/1025 830/830/830 1021/1021/1021
f 830/830/830 829/829/829 1021/1021/1021
f 829/829/829 1022/1022/1022 1021/1021/1021
f 375/375/375 980/980/980 1013/1013/1013
f 375/375/375 377/377/377 980/980/980
f 1026/1026/1026 1027/1027/1027 947/947/947
f 1026/1026/1026 1028/1028/1028 1027/1027/1027
f 47/47/47 1029/1029/1029 610/610/610
f 47/47/47 1030/1030/1030 1031/1031/1031
f 1032/1032/1032 1033/1033/1033 1034/1034/1034
f 1035/1035/1035 1033/1033/1033 1032/1032/1032
f 1036/1036/1036 1037/1037/1037 1038/1038/1038
f 1039/1039/1039 1037/1037/1037 1036/1036/1036
f 667/667/667 1040/1040/1040 668/668/668
f 667/667/667 1041/1041/1041 1040/1040/1040
f 55/55/55 1042/1042/1042 1043/1043/1043
f 1044/1044/1044 1045/1045/1045 1046/1046/1046
f 1047/1047/1047 1045/1045/1045 1044/1044/1044
f 442/442/442 1048/1048/1048 440/440/440
f 442/442/442 1049/1049/1049 1048/1048/1048
f 1050/1050/1050 518/518/518 1051/1051/1051
f 1052/1052/1052 518/518/518 1050/1050/1050
f 1053/1053/1053 1054/1054/1054 1055/1055/1055
f 1053/1053/1053 1056/1056/1056 1054/1054/1054
f 1057/1057/1057 1058/1058/1058 1059/1059/1059
f 1057/1057/1057 565/565/565 1058/1058/1058
f 47/47/47 1060/1060/1060 1061/1061/1061
f 1062/1062/1062 1063/1063/1063 1064/1064/1064
f 1065/1065/1065 1063/1063/1063 1062/1062/1062
f 1066/1066/1066 585/585/585 582/582/582
f 1066/1066/1066 1067/1067/1067 585/585/585
f 1068/1068/1068 1069/1069/1069 1070/1070/1070
f 1071/1071/1071 1069/1069/1069 1068/1068/1068
f 47/47/47 1072/1072/1072 1073/1073/1073
f 1074/1074/1074 319/319/319 149/149/149
f 1075/1075/1075 319/319/319 1074/1074/1074
f 1076/1076/1076 1077/1077/1077 1078/1078/1078
f 1076/1076/1076 1079/1079/1079 1077/1077/1077
f 1080/1080/1080 1081/1081/1081 1082/1082/1082
f 254/254/254 672/672/672 1083/1083/1083
f 253/253/253 672/672/672 254/254/254
f 1080/1080/1080 253/253/253 1081/1081/1081
f 1080/1080/1080 672/672/672 253/253/253
f 1084/1084/1084 1085/1085/1085 1086/1086/1086
f 772/772/772 1085/1085/1085 1084/1084/1084
f 1087/1087/1087 1088/1088/1088 1089/1089/1089
f 1090/1090/1090 1088/1088/1088 1087/1087/1087
f 1091/1091/1091 850/850/850 1092/1092/1092
f 1093/1093/1093 850/850/850 1091/1091/1091
f 1071/1071/1071 1094/1094/1094 1069/1069/1069
f 503/503/503 1094/1094/1094 1071/1071/1071
f 1095/1095/1095 1076/1076/1076 1078/1078/1078
f 1096/1096/1096 1076/1076/1076 1095/1095/1095
f 55/55/55 1097/1097/1097 1098/1098/1098
f 47/47/47 111/111/111 108/108/108
f 70/70/70 489/489/489 71/71/71
f 70/70/70 1099/1099/1099 489/489/489
f 1100/1100/1100 1101/1101/1101 1102/1102/1102
f 1100/1100/1100 1103/1103/1103 1101/1101/1101
f 1104/1104/1104 1/1/1 3/3/3
f 907/907/907 1/1/1 1104/1104/1104
f 494/494/494 1105/1105/1105 495/495/495
f 494/494/494 1106/1106/1106 1105/1105/1105
f 55/55/55 1107/1107/1107 1108/1108/1108
f 1109/1109/1109 1110/1110/1110 1111/1111/1111
f 1112/1112/1112 1110/1110/1110 1109/1109/1109
f 1113/1113/1113 1114/1114/1114 1115/1115/1115
f 1116/1116/1116 1117/1117/1117 1113/1113/1113
f 1117/1117/1117 1118/1118/1118 1113/1113/1113
f 1118/1118/1118 1119/1119/1119 1113/1113/1113
f 1119/1119/1119 1114/1114/1114 1113/1113/1113
f 1120/1120/1120 1121/1121/1121 1052/1052/1052
f 1122/1122/1122 1121/1121/1121 1120/1120/1120
f 1123/1123/1123 1124/1124/1124 1125/1125/1125
f 1126/1126/1126 1124/1124/1124 1123/1123/1123
f 1127/1127/1127 1128/1128/1128 1129/1129/1129
f 1127/1127/1127 1130/1130/1130 1128/1128/1128
f 984/984/984 234/234/234 985/985/985
f 984/984/984 233/233/233 234/234/234
f 148/148/148 1131/1131/1131 1132/1132/1132
f 147/147/147 1131/1131/1131 148/148/148
f 1133/1133/1133 95/95/95 1134/1134/1134
f 93/93/93 95/95/95 1133/1133/1133
f 1135/1135/1135 1136/1136/1136 1137/1137/1137
f 1135/1135/1135 1138/1138/1138 1136/1136/1136
f 1139/1139/1139 1140/1140/1140 1141/1141/1141
f 1142/1142/1142 1140/1140/1140 1139/1139/1139
f 1143/1143/1143 1144/1144/1144 1145/1145/1145
f 1146/1146/1146 1144/1144/1144 1143/1143/1143
f 682/682/682 1147/1147/1147 1148/1148/1148
f 682/682/682 1068/1068/1068 1147/1147/1147
f 503/503/503 1149/1149/1149 1094/1094/1094
f 502/502/502 1149/1149/1149 503/503/503
f 1150/1150/1150 1151/1151/1151 1152/1152/1152
f 1153/1153/1153 1151/1151/1151 1150/1150/1150
f 1154/1154/1154 55/55/55 1155/1155/1155
f 1156/1156/1156 314/314/314 1157/1157/1157
f 315/315/315 314/314/314 1156/1156/1156
f 1158/1158/1158 554/554/554 556/556/556
f 1158/1158/1158 1159/1159/1159 554/554/554
f 1160/1160/1160 906/906/906 907/907/907
f 1161/1161/1161 906/906/906 1160/1160/1160
f 564/564/564 1162/1162/1162 1153/1153/1153
f 1163/1163/1163 1162/1162/1162 564/564/564
f 527/527/527 1084/1084/1084 1164/1164/1164
f 1165/1165/1165 1084/1084/1084 527/527/527
f 1166/1166/1166 1167/1167/1167 1168/1168/1168
f 1169/1169/1169 1167/1167/1167 1166/1166/1166
f 1170/1170/1170 1171/1171/1171 1172/1172/1172
f 1170/1170/1170 1173/1173/1173 1171/1171/1171
f 1174/1174/1174 182/182/182 1175/1175/1175
f 1174/1174/1174 181/181/181 182/182/182
f 911/911/911 1176/1176/1176 1177/1177/1177
f 911/911/911 1178/1178/1178 1176/1176/1176
f 1179/1179/1179 1180/1180/1180 307/307/307
f 1181/1181/1181 1180/1180/1180 1179/1179/1179
f 1182/1182/1182 1183/1183/1183 1184/1184/1184
f 1185/1185/1185 1183/1183/1183 1182/1182/1182
f 335/335/335 977/977/977 339/339/339
f 1186/1186/1186 977/977/977 335/335/335
f 1143/1143/1143 1187/1187/1187 858/858/858
f 1143/1143/1143 1145/1145/1145 1187/1187/1187
f 1188/1188/1188 919/919/919 1189/1189/1189
f 920/920/920 919/919/919 1188/1188/1188
f 1190/1190/1190 1191/1191/1191 1192/1192/1192
f 1190/1190/1190 1193/1193/1193 1191/1191/1191
f 1194/1194/1194 1195/1195/1195 1196/1196/1196
f 1194/1194/1194 1197/1197/1197 1195/1195/1195
f 1198/1198/1198 1199/1199/1199 1200/1200/1200
f 945/945/945 1199/1199/1199 1198/1198/1198
f 1201/1201/1201 1202/1202/1202 1203/1203/1203
f 1201/1201/1201 1204/1204/1204 1202/1202/1202
f 1205/1205/1205 534/534/534 1206/1206/1206
f 1207/1207/1207 534/534/534 1205/1205/1205
f 138/138/138 1208/1208/1208 1209/1209/1209
f 138/138/138 1210/1210/1210 1208/1208/1208
f 55/55/55 1211/1211/1211 1022/1022/1022
f 1212/1212/1212 543/543/543 541/541/541
f 1212/1212/1212 1213/1213/1213 543/543/543
f 1214/1214/1214 55/55/55 1215/1215/1215
f 1216/1216/1216 1217/1217/1217 1218/1218/1218
f 1216/1216/1216 1219/1219/1219 1217/1217/1217
f 1220/1220/1220 1221/1221/1221 1222/1222/1222
f 1220/1220/1220 1223/1223/1223 1221/1221/1221
f 1224/1224/1224 1225/1225/1225 1226/1226/1226
f 1224/1224/1224 1227/1227/1227 1225/1225/1225
f 1227/1227/1227 1228/1228/1228 1225/1225/1225
f 1228/1228/1228 1229/1229/1229 1225/1225/1225
f 1229/1229/1229 1230/1230/1230 1225/1225/1225
f 1231/1231/1231 879/879/879 876/876/876
f 1231/1231/1231 1232/1232/1232 879/879/879
f 1233/1233/1233 1234/1234/1234 1235/1235/1235
f 1236/1236/1236 1237/1237/1237 1238/1238/1238
f 1239/1239/1239 1237/1237/1237 1236/1236/1236
f 1233/1233/1233 1239/1239/1239 1234/1234/1234
f 1233/1233/1233 1237/1237/1237 1239/1239/1239
f 1240/1240/1240 1241/1241/1241 1242/1242/1242
f 1243/1243/1243 1241/1241/1241 1240/1240/1240
f 1244/1244/1244 1245/1245/1245 1246/1246/1246
f 583/583/583 1245/1245/1245 1244/1244/1244
f 1121/1121/1121 518/518/518 1052/1052/1052
f 1121/1121/1121 521/521/521 518/518/518
f 616/616/616 1247/1247/1247 1248/1248/1248
f 618/618/618 1247/1247/1247 616/616/616
f 943/943/943 264/264/264 266/266/266
f 943/943/943 1249/1249/1249 264/264/264
f 143/143/143 1250/1250/1250 144/144/144
f 143/143/143 828/828/828 1250/1250/1250
f 1251/1251/1251 547/547/547 544/544/544
f 1252/1252/1252 547/547/547 1251/1251/1251
f 1253/1253/1253 891/891/891 1254/1254/1254
f 1253/1253/1253 1255/1255/1255 891/891/891
f 1256/1256/1256 1257/1257/1257 1258/1258/1258
f 1256/1256/1256 1259/1259/1259 1257/1257/1257
f 115/115/115 1260/1260/1260 1261/1261/1261
f 1058/1058/1058 1260/1260/1260 115/115/115
f 1262/1262/1262 822/822/822 824/824/824
f 1263/1263/1263 822/822/822 1262/1262/1262
f 1264/1264/1264 1265/1265/1265 362/362/362
f 1266/1266/1266 1265/1265/1265 1264/1264/1264
f 1267/1267/1267 289/289/289 291/291/291
f 1267/1267/1267 1268/1268/1268 289/289/289
f 1269/1269/1269 1270/1270/1270 1271/1271/1271
f 1269/1269/1269 1272/1272/1272 1270/1270/1270
f 1273/1273/1273 55/55/55 997/997/997
f 1274/1274/1274 1275/1275/1275 1276/1276/1276
f 1277/1277/1277 1275/1275/1275 1274/1274/1274
f 1278/1278/1278 1139/1139/1139 1279/1279/1279
f 613/613/613 1139/1139/1139 1278/1278/1278
f 47/47/47 1280/1280/1280 1281/1281/1281
f 1282/1282/1282 1283/1283/1283 341/341/341
f 1284/1284/1284 1283/1283/1283 1282/1282/1282
f 47/47/47 272/272/272 271/271/271
f 200/200/200 1285/1285/1285 201/201/201
f 200/200/200 1286/1286/1286 1285/1285/1285
f 1287/1287/1287 1288/1288/1288 1289/1289/1289
f 1287/1287/1287 1290/1290/1290 1288/1288/1288
f 1291/1291/1291 1292/1292/1292 1293/1293/1293
f 1294/1294/1294 1292/1292/1292 1291/1291/1291
f 1295/1295/1295 993/993/993 1296/1296/1296
f 1297/1297/1297 993/993/993 1295/1295/1295
f 440/440/440 1298/1298/1298 1299/1299/1299
f 440/440/440 1048/1048/1048 1298/1298/1298
f 1300/1300/1300 43/43/43 45/45/45
f 268/268/268 409/409/409 269/269/269
f 268/268/268 1301/1301/1301 409/409/409
f 1301/1301/1301 43/43/43 1300/1300/1300
f 268/268/268 43/43/43 1301/1301/1301
f 47/47/47 1083/1083/1083 1302/1302/1302
f 1303/1303/1303 1304/1304/1304 1305/1305/1305
f 1306/1306/1306 1304/1304/1304 1303/1303/1303
f 1307/1307/1307 202/202/202 1308/1308/1308
f 1307/1307/1307 1309/1309/1309 202/202/202
f 1150/1150/1150 990/990/990 987/987/987
f 1150/1150/1150 1152/1152/1152 990/990/990
f 958/958/958 1310/1310/1310 1311/1311/1311
f 957/957/957 1310/1310/1310 958/958/958
f 1312/1312/1312 1313/1313/1313 1314/1314/1314
f 1315/1315/1315 1313/1313/1313 1312/1312/1312
f 1165/1165/1165 772/772/772 1084/1084/1084
f 523/523/523 772/772/772 1165/1165/1165
f 1316/1316/1316 1179/1179/1179 1317/1317/1317
f 1316/1316/1316 1181/1181/1181 1179/1179/1179
f 256/256/256 1318/1318/1318 1319/1319/1319
f 1320/1320/1320 1318/1318/1318 256/256/256
f 764/764/764 1321/1321/1321 1322/1322/1322
f 766/766/766 1321/1321/1321 764/764/764
f 1323/1323/1323 1324/1324/1324 1325/1325/1325
f 1323/1323/1323 1326/1326/1326 1324/1324/1324
f 1327/1327/1327 1328/1328/1328 123/123/123
f 1329/1329/1329 1328/1328/1328 1327/1327/1327
f 1330/1330/1330 55/55/55 1331/1331/1331
f 1332/1332/1332 1004/1004/1004 1333/1333/1333
f 1332/1332/1332 1007/1007/1007 1004/1004/1004
f 1334/1334/1334 1335/1335/1335 1336/1336/1336
f 1337/1337/1337 1335/1335/1335 1334/1334/1334
f 402/402/402 1338/1338/1338 1339/1339/1339
f 404/404/404 1338/1338/1338 402/402/402
f 1340/1340/1340 1341/1341/1341 1342/1342/1342
f 1340/1340/1340 1343/1343/1343 1341/1341/1341
f 1344/1344/1344 74/74/74 76/76/76
f 1344/1344/1344 1345/1345/1345 74/74/74
f 55/55/55 1346/1346/1346 1347/1347/1347
f 1348/1348/1348 168/168/168 165/165/165
f 1348/1348/1348 1349/1349/1349 168/168/168
f 1350/1350/1350 1202/1202/1202 1351/1351/1351
f 1203/1203/1203 1202/1202/1202 1350/1350/1350
f 1352/1352/1352 341/341/341 343/343/343
f 1282/1282/1282 341/341/341 1352/1352/1352
f 799/799/799 451/451/451 453/453/453
f 811/811/811 1353/1353/1353 799/799/799
f 1353/1353/1353 1354/1354/1354 799/799/799
f 1354/1354/1354 1355/1355/1355 799/799/799
f 1355/1355/1355 451/451/451 799/799/799
f 1356/1356/1356 1357/1357/1357 642/642/642
f 1356/1356/1356 1358/1358/1358 1357/1357/1357
f 1359/1359/1359 1360/1360/1360 1361/1361/1361
f 1359/1359/1359 1362/1362/1362 1360/1360/1360
f 1183/1183/1183 583/583/583 1244/1244/1244
f 584/584/584 583/583/583 1183/1183/1183
f 1363/1363/1363 1364/1364/1364 1365/1365/1365
f 1363/1363/1363 1366/1366/1366 1364/1364/1364
f 568/568/568 1367/1367/1367 566/566/566
f 1368/1368/1368 1367/1367/1367 568/568/568
f 1369/1369/1369 1370/1370/1370 1371/1371/1371
f 1369/1369/1369 1372/1372/1372 1370/1370/1370
f 828/828/828 1373/1373/1373 1374/1374/1374
f 512/512/512 1373/1373/1373 828/828/828
f 1375/1375/1375 1376/1376/1376 1377/1377/1377
f 1375/1375/1375 1378/1378/1378 1376/1376/1376
f 1379/1379/1379 1352/1352/1352 1380/1380/1380
f 1381/1381/1381 1352/1352/1352 1379/1379/1379
f 1382/1382/1382 1383/1383/1383 81/81/81
f 189/189/189 1383/1383/1383 1382/1382/1382
f 634/634/634 1384/1384/1384 1385/1385/1385
f 636/636/636 1384/1384/1384 634/634/634
f 1386/1386/1386 1387/1387/1387 1388/1388/1388
f 1389/1389/1389 1387/1387/1387 1386/1386/1386
f 698/698/698 734/734/734 1390/1390/1390
f 903/903/903 734/734/734 698/698/698
f 228/228/228 1037/1037/1037 1039/1039/1039
f 228/228/228 792/792/792 1037/1037/1037
f 643/643/643 1356/1356/1356 642/642/642
f 1391/1391/1391 1356/1356/1356 643/643/643
f 239/239/239 1392/1392/1392 242/242/242
f 788/788/788 1392/1392/1392 239/239/239
f 206/206/206 1393/1393/1393 207/207/207
f 206/206/206 664/664/664 1393/1393/1393
f 1394/1394/1394 1395/1395/1395 1396/1396/1396
f 1394/1394/1394 1397/1397/1397 1395/1395/1395
f 47/47/47 1398/1398/1398 1399/1399/1399
f 778/778/778 809/809/809 1400/1400/1400
f 780/780/780 809/809/809 778/778/778
f 1401/1401/1401 1402/1402/1402 1131/1131/1131
f 1401/1401/1401 1403/1403/1403 1402/1402/1402
f 47/47/47 283/283/283 1404/1404/1404
f 47/47/47 1405/1405/1405 1406/1406/1406
f 463/463/463 63/63/63 1407/1407/1407
f 463/463/463 66/66/66 63/63/63
f 1004/1004/1004 1335/1335/1335 1337/1337/1337
f 1004/1004/1004 1006/1006/1006 1335/1335/1335
f 1408/1408/1408 947/947/947 944/944/944
f 1408/1408/1408 1026/1026/1026 947/947/947
f 843/843/843 1403/1403/1403 1401/1401/1401
f 843/843/843 1409/1409/1409 1403/1403/1403
f 1410/1410/1410 578/578/578 1411/1411/1411
f 1410/1410/1410 1412/1412/1412 578/578/578
f 1413/1413/1413 1414/1414/1414 1415/1415/1415
f 1413/1413/1413 367/367/367 1414/1414/1414
f 47/47/47 1416/1416/1416 1417/1417/1417
f 1418/1418/1418 1419/1419/1419 1420/1420/1420
f 1418/1418/1418 1421/1421/1421 1419/1419/1419
f 949/949/949 1422/1422/1422 1423/1423/1423
f 949/949/949 1424/1424/1424 1422/1422/1422
f 1425/1425/1425 1426/1426/1426 1427/1427/1427
f 1425/1425/1425 1428/1428/1428 1426/1426/1426
f 1429/1429/1429 1430/1430/1430 1431/1431/1431
f 1429/1429/1429 1432/1432/1432 1430/1430/1430
f 1359/1359/1359 1433/1433/1433 1362/1362/1362
f 1434/1434/1434 1433/1433/1433 1359/1359/1359
f 1435/1435/1435 1436/1436/1436 1437/1437/1437
f 1438/1438/1438 1436/1436/1436 1435/1435/1435
f 1439/1439/1439 1440/1440/1440 1441/1441/1441
f 1442/1442/1442 1440/1440/1440 1439/1439/1439
f 993/993/993 1443/1443/1443 1296/1296/1296
f 993/993/993 992/992/992 1443/1443/1443
f 236/236/236 1444/1444/1444 237/237/237
f 236/236/236 1222/1222/1222 1444/1444/1444
f 1445/1445/1445 132/132/132 1446/1446/1446
f 1445/1445/1445 23/23/23 132/132/132
f 1447/1447/1447 1448/1448/1448 1449/1449/1449
f 1450/1450/1450 1448/1448/1448 1447/1447/1447
f 1451/1451/1451 1452/1452/1452 1453/1453/1453
f 1451/1451/1451 1454/1454/1454 1452/1452/1452
f 1455/1455/1455 1456/1456/1456 1457/1457/1457
f 1455/1455/1455 1458/1458/1458 1456/1456/1456
f 841/841/841 1459/1459/1459 839/839/839
f 935/935/935 1459/1459/1459 841/841/841
f 1460/1460/1460 1461/1461/1461 1462/1462/1462
f 840/840/840 1461/1461/1461 1460/1460/1460
f 1463/1463/1463 1464/1464/1464 1465/1465/1465
f 1466/1466/1466 1464/1464/1464 1463/1463/1463
f 536/536/536 810/810/810 537/537/537
f 536/536/536 390/390/390 810/810/810
f 1467/1467/1467 1468/1468/1468 1469/1469/1469
f 1467/1467/1467 1470/1470/1470 1468/1468/1468
f 1293/1293/1293 728/728/728 1269/1269/1269
f 1292/1292/1292 728/728/728 1293/1293/1293
f 1471/1471/1471 1472/1472/1472 1473/1473/1473
f 1471/1471/1471 1474/1474/1474 1472/1472/1472
f 1475/1475/1475 1476/1476/1476 1477/1477/1477
f 1478/1478/1478 1476/1476/1476 1475/1475/1475
f 1479/1479/1479 1220/1220/1220 1480/1480/1480
f 1479/1479/1479 1481/1481/1481 1220/1220/1220
f 1215/1215/1215 55/55/55 1482/1482/1482
f 1483/1483/1483 779/779/779 1484/1484/1484
f 1485/1485/1485 779/779/779 1483/1483/1483
f 1127/1127/1127 705/705/705 1130/1130/1130
f 706/706/706 705/705/705 1127/1127/1127
f 47/47/47 1486/1486/1486 1029/1029/1029
f 1487/1487/1487 630/630/630 1488/1488/1488
f 631/631/631 1060/1060/1060 1489/1489/1489
f 1061/1061/1061 630/630/630 1487/1487/1487
f 631/631/631 1061/1061/1061 1060/1060/1060
f 631/631/631 630/630/630 1061/1061/1061
f 47/47/47 569/569/569 107/107/107
f 1204/1204/1204 1490/1490/1490 1491/1491/1491
f 608/608/608 1490/1490/1490 1204/1204/1204
f 1492/1492/1492 1493/1493/1493 1494/1494/1494
f 1495/1495/1495 1496/1496/1496 1405/1405/1405
f 1492/1492/1492 1497/1497/1497 1493/1493/1493
f 1497/1497/1497 1496/1496/1496 1495/1495/1495
f 1492/1492/1492 1496/1496/1496 1497/1497/1497
f 192/192/192 493/493/493 193/193/193
f 192/192/192 496/496/496 493/493/493
f 55/55/55 1498/1498/1498 1114/1114/1114
f 1499/1499/1499 616/616/616 1500/1500/1500
f 617/617/617 616/616/616 1499/1499/1499
f 211/211/211 466/466/466 552/552/552
f 210/210/210 466/466/466 211/211/211
f 1265/1265/1265 360/360/360 362/362/362
f 1265/1265/1265 1501/1501/1501 360/360/360
f 47/47/47 1502/1502/1502 1503/1503/1503
f 665/665/665 1504/1504/1504 663/663/663
f 665/665/665 1415/1415/1415 1504/1504/1504
f 1505/1505/1505 335/335/335 337/337/337
f 1506/1506/1506 1507/1507/1507 1508/1508/1508
f 1506/1506/1506 1509/1509/1509 1507/1507/1507
f 1509/1509/1509 335/335/335 1505/1505/1505
f 1506/1506/1506 335/335/335 1509/1509/1509
f 1510/1510/1510 1511/1511/1511 1512/1512/1512
f 1513/1513/1513 1511/1511/1511 1510/1510/1510
f 971/971/971 375/375/375 1014/1014/1014
f 971/971/971 378/378/378 375/375/375
f 1514/1514/1514 347/347/347 1326/1326/1326
f 1514/1514/1514 345/345/345 347/347/347
f 1515/1515/1515 1516/1516/1516 1517/1517/1517
f 1518/1518/1518 1516/1516/1516 1515/1515/1515
f 1418/1418/1418 399/399/399 1421/1421/1421
f 1519/1519/1519 399/399/399 1418/1418/1418
f 321/321/321 1520/1520/1520 1521/1521/1521
f 321/321/321 323/323/323 1520/1520/1520
f 814/814/814 55/55/55 815/815/815
f 1141/1141/1141 1410/1410/1410 1522/1522/1522
f 1141/1141/1141 1523/1523/1523 1410/1410/1410
f 1524/1524/1524 746/746/746 1525/1525/1525
f 747/747/747 746/746/746 1524/1524/1524
f 55/55/55 1526/1526/1526 1527/1527/1527
f 1528/1528/1528 1275/1275/1275 1277/1277/1277
f 1528/1528/1528 1529/1529/1529 1275/1275/1275
f 1067/1067/1067 1530/1530/1530 1531/1531/1531
f 528/528/528 1530/1530/1530 1067/1067/1067
f 1532/1532/1532 1533/1533/1533 1534/1534/1534
f 1535/1535/1535 1533/1533/1533 1532/1532/1532
f 1536/1536/1536 882/882/882 30/30/30
f 1536/1536/1536 1537/1537/1537 882/882/882
f 304/304/304 368/368/368 370/370/370
f 304/304/304 306/306/306 368/368/368
f 1538/1538/1538 1192/1192/1192 1432/1432/1432
f 1538/1538/1538 1190/1190/1190 1192/1192/1192
f 1539/1539/1539 441/441/441 1540/1540/1540
f 1539/1539/1539 439/439/439 441/441/441
f 956/956/956 1541/1541/1541 774/774/774
f 956/956/956 958/958/958 1541/1541/1541
f 1542/1542/1542 1091/1091/1091 1543/1543/1543
f 1542/1542/1542 1093/1093/1093 1091/1091/1091
f 1544/1544/1544 1545/1545/1545 1546/1546/1546
f 960/960/960 1545/1545/1545 1544/1544/1544
f 897/897/897 1547/1547/1547 1548/1548/1548
f 897/897/897 1549/1549/1549 1547/1547/1547
f 719/719/719 73/73/73 717/717/717
f 719/719/719 76/76/76 73/73/73
f 1550/1550/1550 1341/1341/1341 1551/1551/1551
f 1342/1342/1342 1341/1341/1341 1550/1550/1550
f 94/94/94 1552/1552/1552 95/95/95
f 94/94/94 517/517/517 1552/1552/1552
f 1553/1553/1553 1554/1554/1554 1555/1555/1555
f 1553/1553/1553 1556/1556/1556 1554/1554/1554
f 47/47/47 1557/1557/1557 1558/1558/1558
f 1559/1559/1559 545/545/545 547/547/547
f 1559/1559/1559 1560/1560/1560 545/545/545
f 648/648/648 781/781/781 650/650/650
f 174/174/174 781/781/781 648/648/648
f 1561/1561/1561 1562/1562/1562 1563/1563/1563
f 520/520/520 1562/1562/1562 1561/1561/1561
f 55/55/55 1564/1564/1564 1565/1565/1565
f 1566/1566/1566 1567/1567/1567 1568/1568/1568
f 1566/1566/1566 1569/1569/1569 1567/1567/1567
f 1570/1570/1570 1014/1014/1014 1571/1571/1571
f 1570/1570/1570 971/971/971 1014/1014/1014
f 1572/1572/1572 1573/1573/1573 215/215/215
f 339/339/339 68/68/68 67/67/67
f 339/339/339 1574/1574/1574 68/68/68
f 1574/1574/1574 1573/1573/1573 1572/1572/1572
f 339/339/339 1573/1573/1573 1574/1574/1574
f 854/854/854 1575/1575/1575 852/852/852
f 854/854/854 1576/1576/1576 1575/1575/1575
f 361/361/361 1577/1577/1577 922/922/922
f 360/360/360 1577/1577/1577 361/361/361
f 298/298/298 1578/1578/1578 1579/1579/1579
f 297/297/297 1578/1578/1578 298/298/298
f 47/47/47 1580/1580/1580 1581/1581/1581
f 1582/1582/1582 1583/1583/1583 1576/1576/1576
f 1582/1582/1582 1584/1584/1584 1583/1583/1583
f 1585/1585/1585 1160/1160/1160 1586/1586/1586
f 1587/1587/1587 1160/1160/1160 1585/1585/1585
f 1588/1588/1588 55/55/55 994/994/994
f 1589/1589/1589 1590/1590/1590 1591/1591/1591
f 1592/1592/1592 1590/1590/1590 1589/1589/1589
f 1147/1147/1147 1070/1070/1070 1466/1466/1466
f 1068/1068/1068 1070/1070/1070 1147/1147/1147
f 1593/1593/1593 1594/1594/1594 1592/1592/1592
f 1595/1595/1595 1594/1594/1594 1593/1593/1593
f 1022/1022/1022 1596/1596/1596 1023/1023/1023
f 1022/1022/1022 1211/1211/1211 1596/1596/1596
f 1211/1211/1211 1597/1597/1597 1596/1596/1596
f 1597/1597/1597 1598/1598/1598 1596/1596/1596
f 1598/1598/1598 1599/1599/1599 1596/1596/1596
f 1600/1600/1600 505/505/505 808/808/808
f 1600/1600/1600 1601/1601/1601 505/505/505
f 47/47/47 1495/1495/1495 1405/1405/1405
f 1602/1602/1602 1603/1603/1603 1604/1604/1604
f 1602/1602/1602 1605/1605/1605 1603/1603/1603
f 21/21/21 1137/1137/1137 24/24/24
f 333/333/333 1137/1137/1137 21/21/21
f 1244/1244/1244 1606/1606/1606 1607/1607/1607
f 1244/1244/1244 1246/1246/1246 1606/1606/1606
f 966/966/966 711/711/711 967/967/967
f 966/966/966 1608/1608/1608 711/711/711
f 731/731/731 1375/1375/1375 732/732/732
f 731/731/731 1609/1609/1609 1375/1375/1375
f 1610/1610/1610 1611/1611/1611 1612/1612/1612
f 1610/1610/1610 1613/1613/1613 1611/1611/1611
f 836/836/836 1614/1614/1614 837/837/837
f 836/836/836 1615/1615/1615 1614/1614/1614
f 369/369/369 707/707/707 709/709/709
f 368/368/368 707/707/707 369/369/369
f 1616/1616/1616 1265/1265/1265 1266/1266/1266
f 1616/1616/1616 1617/1617/1617 1265/1265/1265
f 743/743/743 1618/1618/1618 1619/1619/1619
f 743/743/743 742/742/742 1618/1618/1618
f 511/511/511 1373/1373/1373 512/512/512
f 511/511/511 1620/1620/1620 1373/1373/1373
f 1621/1621/1621 1622/1622/1622 1623/1623/1623
f 1621/1621/1621 1624/1624/1624 1622/1622/1622
f 1625/1625/1625 1310/1310/1310 957/957/957
f 1625/1625/1625 1626/1626/1626 1310/1310/1310
f 729/729/729 522/522/522 1272/1272/1272
f 729/729/729 1627/1627/1627 522/522/522
f 1319/1319/1319 1628/1628/1628 1629/1629/1629
f 1319/1319/1319 1630/1630/1630 1628/1628/1628
f 1631/1631/1631 55/55/55 1632/1632/1632
f 1633/1633/1633 758/758/758 1634/1634/1634
f 759/759/759 758/758/758 1633/1633/1633
f 1635/1635/1635 1636/1636/1636 1637/1637/1637
f 1635/1635/1635 1638/1638/1638 1636/1636/1636
f 1639/1639/1639 1640/1640/1640 1641/1641/1641
f 1639/1639/1639 1642/1642/1642 1640/1640/1640
f 47/47/47 1643/1643/1643 793/793/793
f 47/47/47 1572/1572/1572 215/215/215
f 1644/1644/1644 363/363/363 365/365/365
f 1645/1645/1645 363/363/363 1644/1644/1644
f 407/407/407 431/431/431 1646/1646/1646
f 406/406/406 431/431/431 407/407/407
f 1647/1647/1647 1648/1648/1648 1649/1649/1649
f 1650/1650/1650 1648/1648/1648 1647/1647/1647
f 1651/1651/1651 1142/1142/1142 614/614/614
f 1651/1651/1651 1652/1652/1652 1142/1142/1142
f 1653/1653/1653 1654/1654/1654 1655/1655/1655
f 1656/1656/1656 1654/1654/1654 1653/1653/1653
f 771/771/771 1085/1085/1085 772/772/772
f 771/771/771 1657/1657/1657 1085/1085/1085
f 1658/1658/1658 1101/1101/1101 1659/1659/1659
f 1102/1102/1102 1101/1101/1101 1658/1658/1658
f 1660/1660/1660 1661/1661/1661 1662/1662/1662
f 1660/1660/1660 1663/1663/1663 1661/1661/1661
f 798/798/798 1664/1664/1664 1665/1665/1665
f 1666/1666/1666 1664/1664/1664 798/798/798
f 441/441/441 1299/1299/1299 1667/1667/1667
f 441/441/441 440/440/440 1299/1299/1299
f 1668/1668/1668 1669/1669/1669 596/596/596
f 1670/1670/1670 1669/1669/1669 1668/1668/1668
f 1607/1607/1607 1669/1669/1669 1670/1670/1670
f 1607/1607/1607 1606/1606/1606 1669/1669/1669
f 1671/1671/1671 1672/1672/1672 1673/1673/1673
f 1674/1674/1674 1672/1672/1672 1671/1671/1671
f 55/55/55 1675/1675/1675 1676/1676/1676
f 1677/1677/1677 1678/1678/1678 1679/1679/1679
f 1677/1677/1677 1475/1475/1475 1678/1678/1678
f 1286/1286/1286 1179/1179/1179 1680/1680/1680
f 1317/1317/1317 1179/1179/1179 1286/1286/1286
f 1176/1176/1176 1681/1681/1681 222/222/222
f 1176/1176/1176 1682/1682/1682 1681/1681/1681
f 1683/1683/1683 1684/1684/1684 1685/1685/1685
f 671/671/671 1686/1686/1686 1687/1687/1687
f 671/671/671 1688/1688/1688 1686/1686/1686
f 1688/1688/1688 1684/1684/1684 1683/1683/1683
f 671/671/671 1684/1684/1684 1688/1688/1688
f 1689/1689/1689 1690/1690/1690 1691/1691/1691
f 1689/1689/1689 1692/1692/1692 1690/1690/1690
f 1693/1693/1693 1694/1694/1694 1695/1695/1695
f 1696/1696/1696 1694/1694/1694 1693/1693/1693
f 444/444/444 613/613/613 1278/1278/1278
f 446/446/446 613/613/613 444/444/444
f 1697/1697/1697 1698/1698/1698 1699/1699/1699
f 1700/1700/1700 1698/1698/1698 1697/1697/1697
f 774/774/774 770/770/770 775/775/775
f 774/774/774 1541/1541/1541 770/770/770
f 1414/1414/1414 1701/1701/1701 1702/1702/1702
f 1414/1414/1414 1703/1703/1703 1701/1701/1701
f 709/709/709 1704/1704/1704 1705/1705/1705
f 709/709/709 708/708/708 1704/1704/1704
f 1706/1706/1706 1418/1418/1418 1420/1420/1420
f 1707/1707/1707 1418/1418/1418 1706/1706/1706
f 73/73/73 1708/1708/1708 1709/1709/1709
f 73/73/73 75/75/75 1708/1708/1708
f 767/767/767 853/853/853 1710/1710/1710
f 767/767/767 769/769/769 853/853/853
f 1711/1711/1711 1712/1712/1712 1713/1713/1713
f 1714/1714/1714 1712/1712/1712 1711/1711/1711
f 1715/1715/1715 1716/1716/1716 1717/1717/1717
f 1715/1715/1715 700/700/700 1716/1716/1716
f 1718/1718/1718 55/55/55 1719/1719/1719
f 736/736/736 895/895/895 1720/1720/1720
f 736/736/736 975/975/975 895/895/895
f 1721/1721/1721 753/753/753 1722/1722/1722
f 1721/1721/1721 730/730/730 753/753/753
f 626/626/626 1723/1723/1723 624/624/624
f 1724/1724/1724 1723/1723/1723 626/626/626
f 397/397/397 1725/1725/1725 400/400/400
f 1726/1726/1726 1725/1725/1725 397/397/397
f 395/395/395 158/158/158 1727/1727/1727
f 159/159/159 158/158/158 395/395/395
f 1684/1684/1684 1728/1728/1728 1729/1729/1729
f 1730/1730/1730 1728/1728/1728 1684/1684/1684
f 765/765/765 1149/1149/1149 502/502/502
f 765/765/765 764/764/764 1149/1149/1149
f 1731/1731/1731 1095/1095/1095 1732/1732/1732
f 1731/1731/1731 1096/1096/1096 1095/1095/1095
f 1733/1733/1733 1734/1734/1734 1735/1735/1735
f 1736/1736/1736 1734/1734/1734 1733/1733/1733
f 801/801/801 1737/1737/1737 1425/1425/1425
f 805/805/805 1738/1738/1738 801/801/801
f 1738/1738/1738 1739/1739/1739 801/801/801
f 1739/1739/1739 1740/1740/1740 801/801/801
f 1740/1740/1740 1737/1737/1737 801/801/801
f 979/979/979 1741/1741/1741 1742/1742/1742
f 978/978/978 1741/1741/1741 979/979/979
f 1743/1743/1743 1252/1252/1252 1744/1744/1744
f 1743/1743/1743 1745/1745/1745 1252/1252/1252
f 443/443/443 612/612/612 446/446/446
f 1746/1746/1746 612/612/612 443/443/443
f 1339/1339/1339 1747/1747/1747 1748/1748/1748
f 1338/1338/1338 1747/1747/1747 1339/1339/1339
f 1749/1749/1749 553/553/553 1750/1750/1750
f 1749/1749/1749 556/556/556 553/553/553
f 721/721/721 1751/1751/1751 722/722/722
f 721/721/721 1752/1752/1752 1751/1751/1751
f 630/630/630 294/294/294 153/153/153
f 632/632/632 294/294/294 630/630/630
f 180/180/180 539/539/539 178/178/178
f 180/180/180 1753/1753/1753 539/539/539
f 1754/1754/1754 129/129/129 131/131/131
f 1754/1754/1754 1667/1667/1667 129/129/129
f 47/47/47 1755/1755/1755 1756/1756/1756
f 47/47/47 1757/1757/1757 1758/1758/1758
f 1759/1759/1759 720/720/720 1760/1760/1760
f 1759/1759/1759 723/723/723 720/720/720
f 55/55/55 1761/1761/1761 1331/1331/1331
f 114/114/114 1762/1762/1762 1763/1763/1763
f 114/114/114 113/113/113 1762/1762/1762
f 414/414/414 704/704/704 706/706/706
f 416/416/416 704/704/704 414/414/414
f 1764/1764/1764 1765/1765/1765 1766/1766/1766
f 1764/1764/1764 1767/1767/1767 1765/1765/1765
f 1768/1768/1768 317/317/317 1769/1769/1769
f 1768/1768/1768 1770/1770/1770 317/317/317
f 1770/1770/1770 1771/1771/1771 317/317/317
f 1771/1771/1771 1772/1772/1772 317/317/317
f 1772/1772/1772 1773/1773/1773 317/317/317
f 1774/1774/1774 1775/1775/1775 1776/1776/1776
f 1777/1777/1777 1775/1775/1775 1774/1774/1774
f 1538/1538/1538 1482/1482/1482 1190/1190/1190
f 232/232/232 1778/1778/1778 1538/1538/1538
f 1778/1778/1778 1214/1214/1214 1538/1538/1538
f 1214/1214/1214 1215/1215/1215 1538/1538/1538
f 1215/1215/1215 1482/1482/1482 1538/1538/1538
f 1779/1779/1779 1780/1780/1780 1781/1781/1781
f 1779/1779/1779 284/284/284 1780/1780/1780
f 1782/1782/1782 1614/1614/1614 1736/1736/1736
f 837/837/837 1614/1614/1614 1782/1782/1782
f 427/427/427 36/36/36 1783/1783/1783
f 427/427/427 39/39/39 36/36/36
f 332/332/332 1784/1784/1784 1135/1135/1135
f 1785/1785/1785 1784/1784/1784 332/332/332
f 835/835/835 1782/1782/1782 1786/1786/1786
f 835/835/835 837/837/837 1782/1782/1782
f 754/754/754 1726/1726/1726 1787/1787/1787
f 754/754/754 1788/1788/1788 1726/1726/1726
f 477/477/477 1789/1789/1789 475/475/475
f 1790/1790/1790 1789/1789/1789 477/477/477
f 55/55/55 1791/1791/1791 1792/1792/1792
f 946/946/946 1198/1198/1198 1793/1793/1793
f 946/946/946 945/945/945 1198/1198/1198
f 1137/1137/1137 1794/1794/1794 24/24/24
f 1137/1137/1137 1136/1136/1136 1794/1794/1794
f 1795/1795/1795 1796/1796/1796 1797/1797/1797
f 1038/1038/1038 1796/1796/1796 1795/1795/1795
f 1512/1512/1512 912/912/912 1798/1798/1798
f 1512/1512/1512 1799/1799/1799 912/912/912
f 1800/1800/1800 1801/1801/1801 1802/1802/1802
f 1803/1803/1803 1801/1801/1801 1800/1800/1800
f 1804/1804/1804 1805/1805/1805 1806/1806/1806
f 1807/1807/1807 1805/1805/1805 1804/1804/1804
f 1808/1808/1808 1571/1571/1571 1809/1809/1809
f 1808/1808/1808 1570/1570/1570 1571/1571/1571
f 1199/1199/1199 1662/1662/1662 1200/1200/1200
f 1199/1199/1199 1660/1660/1660 1662/1662/1662
f 1810/1810/1810 1811/1811/1811 1812/1812/1812
f 1810/1810/1810 1813/1813/1813 1811/1811/1811
f 1652/1652/1652 1814/1814/1814 1815/1815/1815
f 1816/1816/1816 1814/1814/1814 1652/1652/1652
f 47/47/47 1817/1817/1817 1818/1818/1818
f 1819/1819/1819 1820/1820/1820 1821/1821/1821
f 1819/1819/1819 1822/1822/1822 1820/1820/1820
f 1822/1822/1822 1823/1823/1823 1820/1820/1820
f 1823/1823/1823 1824/1824/1824 1820/1820/1820
f 1824/1824/1824 1825/1825/1825 1820/1820/1820
f 1826/1826/1826 1359/1359/1359 1827/1827/1827
f 1826/1826/1826 1434/1434/1434 1359/1359/1359
f 1828/1828/1828 1829/1829/1829 1830/1830/1830
f 1831/1831/1831 1829/1829/1829 1828/1828/1828
f 1452/1452/1452 1445/1445/1445 1832/1832/1832
f 1452/1452/1452 1833/1833/1833 1445/1445/1445
f 1028/1028/1028 1834/1834/1834 1287/1287/1287
f 1835/1835/1835 1834/1834/1834 1028/1028/1028
f 527/527/527 1530/1530/1530 528/528/528
f 527/527/527 1164/1164/1164 1530/1530/1530
f 438/438/438 903/903/903 698/698/698
f 904/904/904 903/903/903 438/438/438
f 364/364/364 1753/1753/1753 180/180/180
f 364/364/364 1836/1836/1836 1753/1753/1753
f 1429/1429/1429 1538/1538/1538 1432/1432/1432
f 1837/1837/1837 1538/1538/1538 1429/1429/1429
f 1689/1689/1689 1427/1427/1427 1692/1692/1692
f 1838/1838/1838 1427/1427/1427 1689/1689/1689
f 1839/1839/1839 556/556/556 1749/1749/1749
f 1839/1839/1839 1158/1158/1158 556/556/556
f 407/407/407 1840/1840/1840 1841/1841/1841
f 407/407/407 1646/1646/1646 1840/1840/1840
f 1490/1490/1490 265/265/265 1842/1842/1842
f 263/263/263 265/265/265 1490/1490/1490
f 1099/1099/1099 1843/1843/1843 1844/1844/1844
f 1845/1845/1845 1843/1843/1843 1099/1099/1099
f 1846/1846/1846 240/240/240 1847/1847/1847
f 241/241/241 1002/1002/1002 1848/1848/1848
f 1003/1003/1003 240/240/240 1846/1846/1846
f 241/241/241 1003/1003/1003 1002/1002/1002
f 241/241/241 240/240/240 1003/1003/1003
f 1849/1849/1849 1850/1850/1850 1851/1851/1851
f 1311/1311/1311 1850/1850/1850 1849/1849/1849
f 1852/1852/1852 1270/1270/1270 1853/1853/1853
f 1271/1271/1271 1270/1270/1270 1852/1852/1852
f 1431/1431/1431 1854/1854/1854 1855/1855/1855
f 1431/1431/1431 1430/1430/1430 1854/1854/1854
f 1240/1240/1240 1856/1856/1856 1857/1857/1857
f 1240/1240/1240 1242/1242/1242 1856/1856/1856
f 47/47/47 46/46/46 40/40/40
f 47/47/47 1858/1858/1858 1859/1859/1859
f 1860/1860/1860 1861/1861/1861 1862/1862/1862
f 1860/1860/1860 692/692/692 1861/1861/1861
f 928/928/928 55/55/55 929/929/929
f 1863/1863/1863 1269/1269/1269 1271/1271/1271
f 1293/1293/1293 1269/1269/1269 1863/1863/1863
f 630/630/630 1864/1864/1864 1488/1488/1488
f 827/827/827 153/153/153 155/155/155
f 826/826/826 153/153/153 827/827/827
f 630/630/630 826/826/826 1864/1864/1864
f 630/630/630 153/153/153 826/826/826
f 47/47/47 1865/1865/1865 1866/1866/1866
f 1751/1751/1751 1000/1000/1000 1867/1867/1867
f 1751/1751/1751 998/998/998 1000/1000/1000
f 1410/1410/1410 69/69/69 1412/1412/1412
f 1523/1523/1523 69/69/69 1410/1410/1410
f 1868/1868/1868 1000/1000/1000 1869/1869/1869
f 1867/1867/1867 1000/1000/1000 1868/1868/1868
f 606/606/606 1204/1204/1204 1201/1201/1201
f 606/606/606 608/608/608 1204/1204/1204
f 1870/1870/1870 1871/1871/1871 1872/1872/1872
f 1870/1870/1870 1873/1873/1873 1871/1871/1871
f 1153/1153/1153 1874/1874/1874 1151/1151/1151
f 1162/1162/1162 1874/1874/1874 1153/1153/1153
f 543/543/543 1875/1875/1875 383/383/383
f 1213/1213/1213 1875/1875/1875 543/543/543
f 659/659/659 1876/1876/1876 689/689/689
f 659/659/659 1877/1877/1877 1876/1876/1876
f 1878/1878/1878 878/878/878 1879/1879/1879
f 1880/1880/1880 878/878/878 1878/1878/1878
f 47/47/47 559/559/559 1881/1881/1881
f 1553/1553/1553 1882/1882/1882 1556/1556/1556
f 1883/1883/1883 1882/1882/1882 1553/1553/1553
f 1884/1884/1884 1372/1372/1372 1369/1369/1369
f 1884/1884/1884 1885/1885/1885 1372/1372/1372
f 1886/1886/1886 946/946/946 1887/1887/1887
f 1886/1886/1886 944/944/944 946/946/946
f 1888/1888/1888 1889/1889/1889 1890/1890/1890
f 1888/1888/1888 1891/1891/1891 1889/1889/1889
f 47/47/47 1892/1892/1892 1893/1893/1893
f 1708/1708/1708 1379/1379/1379 1161/1161/1161
f 75/75/75 1379/1379/1379 1708/1708/1708
f 1894/1894/1894 914/914/914 1895/1895/1895
f 913/913/913 914/914/914 1894/1894/1894
f 1725/1725/1725 1350/1350/1350 400/400/400
f 1725/1725/1725 1203/1203/1203 1350/1350/1350
f 1896/1896/1896 1897/1897/1897 1898/1898/1898
f 1899/1899/1899 1897/1897/1897 1896/1896/1896
f 1900/1900/1900 1901/1901/1901 1902/1902/1902
f 1900/1900/1900 1903/1903/1903 1901/1901/1901
f 212/212/212 467/467/467 210/210/210
f 1904/1904/1904 467/467/467 212/212/212
f 1575/1575/1575 1905/1905/1905 1906/1906/1906
f 1575/1575/1575 1907/1907/1907 1905/1905/1905
f 1908/1908/1908 1909/1909/1909 1910/1910/1910
f 1911/1911/1911 1909/1909/1909 1908/1908/1908
f 1912/1912/1912 823/823/823 1913/1913/1913
f 824/824/824 823/823/823 1912/1912/1912
f 495/495/495 1914/1914/1914 1915/1915/1915
f 495/495/495 1105/1105/1105 1914/1914/1914
f 1562/1562/1562 1769/1769/1769 1075/1075/1075
f 1916/1916/1916 1769/1769/1769 1562/1562/1562
f 322/322/322 1917/1917/1917 1918/1918/1918
f 1919/1919/1919 1917/1917/1917 322/322/322
f 1920/1920/1920 1371/1371/1371 1921/1921/1921
f 1920/1920/1920 1369/1369/1369 1371/1371/1371
f 482/482/482 1922/1922/1922 1923/1923/1923
f 482/482/482 484/484/484 1922/1922/1922
f 1191/1191/1191 913/913/913 1924/1924/1924
f 1191/1191/1191 915/915/915 913/913/913
f 1925/1925/1925 1926/1926/1926 1927/1927/1927
f 1925/1925/1925 513/513/513 1926/1926/1926
f 55/55/55 1928/1928/1928 1929/1929/1929
f 1930/1930/1930 1931/1931/1931 1932/1932/1932
f 1933/1933/1933 1934/1934/1934 1930/1930/1930
f 1934/1934/1934 1935/1935/1935 1930/1930/1930
f 1935/1935/1935 1936/1936/1936 1930/1930/1930
f 1936/1936/1936 1931/1931/1931 1930/1930/1930
f 1937/1937/1937 1938/1938/1938 1939/1939/1939
f 1940/1940/1940 1938/1938/1938 1937/1937/1937
f 938/938/938 1941/1941/1941 941/941/941
f 1942/1942/1942 1941/1941/1941 938/938/938
f 98/98/98 407/407/407 1841/1841/1841
f 405/405/405 407/407/407 98/98/98
f 1943/1943/1943 1944/1944/1944 72/72/72
f 1945/1945/1945 1944/1944/1944 1943/1943/1943
f 316/316/316 1946/1946/1946 314/314/314
f 316/316/316 1947/1947/1947 1946/1946/1946
f 1499/1499/1499 1948/1948/1948 1698/1698/1698
f 1499/1499/1499 1500/1500/1500 1948/1948/1948
f 427/427/427 1949/1949/1949 39/39/39
f 429/429/429 1949/1949/1949 427/427/427
f 1324/1324/1324 347/347/347 12/12/12
f 1326/1326/1326 347/347/347 1324/1324/1324
f 1950/1950/1950 789/789/789 790/790/790
f 1950/1950/1950 386/386/386 789/789/789
f 47/47/47 1951/1951/1951 1952/1952/1952
f 456/456/456 55/55/55 457/457/457
f 1953/1953/1953 1954/1954/1954 948/948/948
f 679/679/679 1955/1955/1955 1953/1953/1953
f 1955/1955/1955 1956/1956/1956 1953/1953/1953
f 1956/1956/1956 1957/1957/1957 1953/1953/1953
f 1957/1957/1957 1954/1954/1954 1953/1953/1953
f 1958/1958/1958 1384/1384/1384 636/636/636
f 1958/1958/1958 1959/1959/1959 1384/1384/1384
f 1959/1959/1959 1960/1960/1960 1384/1384/1384
f 1960/1960/1960 1961/1961/1961 1384/1384/1384
f 1961/1961/1961 1962/1962/1962 1384/1384/1384
f 1611/1611/1611 1651/1651/1651 1963/1963/1963
f 1611/1611/1611 1964/1964/1964 1651/1651/1651
f 1291/1291/1291 1863/1863/1863 1383/1383/1383
f 1291/1291/1291 1293/1293/1293 1863/1863/1863
f 1795/1795/1795 1965/1965/1965 1966/1966/1966
f 1795/1795/1795 1797/1797/1797 1965/1965/1965
f 296/296/296 1967/1967/1967 1968/1968/1968
f 296/296/296 298/298/298 1967/1967/1967
f 203/203/203 1969/1969/1969 1970/1970/1970
f 203/203/203 136/136/136 1969/1969/1969
f 1971/1971/1971 372/372/372 374/374/374
f 1971/1971/1971 1972/1972/1972 372/372/372
f 1973/1973/1973 1722/1722/1722 921/921/921
f 1973/1973/1973 1721/1721/1721 1722/1722/1722
f 985/985/985 1974/1974/1974 1975/1975/1975
f 985/985/985 234/234/234 1974/1974/1974
f 1976/1976/1976 1977/1977/1977 1978/1978/1978
f 1979/1979/1979 1977/1977/1977 1976/1976/1976
f 1299/1299/1299 1980/1980/1980 1981/1981/1981
f 1299/1299/1299 1298/1298/1298 1980/1980/1980
f 385/385/385 1591/1591/1591 461/461/461
f 1589/1589/1589 1591/1591/1591 385/385/385
f 47/47/47 1982/1982/1982 1983/1983/1983
f 1984/1984/1984 1345/1345/1345 1344/1344/1344
f 1984/1984/1984 1968/1968/1968 1345/1345/1345
f 871/871/871 1479/1479/1479 1480/1480/1480
f 870/870/870 1479/1479/1479 871/871/871
f 1977/1977/1977 1985/1985/1985 1986/1986/1986
f 1987/1987/1987 1985/1985/1985 1977/1977/1977
f 1169/1169/1169 1988/1988/1988 1167/1167/1167
f 1989/1989/1989 1988/1988/1988 1169/1169/1169
f 1279/1279/1279 1990/1990/1990 1991/1991/1991
f 1279/1279/1279 1522/1522/1522 1990/1990/1990
f 1992/1992/1992 1993/1993/1993 1994/1994/1994
f 1995/1995/1995 1993/1993/1993 1992/1992/1992
f 923/923/923 661/661/661 658/658/658
f 923/923/923 1996/1996/1996 661/661/661
f 55/55/55 1959/1959/1959 1958/1958/1958
f 1997/1997/1997 1998/1998/1998 1608/1608/1608
f 1997/1997/1997 1641/1641/1641 1998/1998/1998
f 1999/1999/1999 688/688/688 2000/2000/2000
f 1999/1999/1999 660/660/660 688/688/688
f 2001/2001/2001 675/675/675 2002/2002/2002
f 676/676/676 675/675/675 2001/2001/2001
f 1313/1313/1313 1277/1277/1277 1314/1314/1314
f 1313/1313/1313 1528/1528/1528 1277/1277/1277
f 2003/2003/2003 2004/2004/2004 2005/2005/2005
f 2003/2003/2003 2006/2006/2006 2004/2004/2004
f 2007/2007/2007 1857/1857/1857 2008/2008/2008
f 2009/2009/2009 1857/1857/1857 2007/2007/2007
f 1573/1573/1573 216/216/216 215/215/215
f 1952/1952/1952 32/32/32 34/34/34
f 1573/1573/1573 1951/1951/1951 216/216/216
f 1951/1951/1951 32/32/32 1952/1952/1952
f 1573/1573/1573 32/32/32 1951/1951/1951
f 1063/1063/1063 2010/2010/2010 1064/1064/1064
f 1063/1063/1063 2011/2011/2011 2010/2010/2010
f 2012/2012/2012 2013/2013/2013 2014/2014/2014
f 2015/2015/2015 2013/2013/2013 2012/2012/2012
f 2016/2016/2016 2017/2017/2017 2018/2018/2018
f 2016/2016/2016 2019/2019/2019 2017/2017/2017
f 2020/2020/2020 1005/1005/1005 1007/1007/1007
f 2020/2020/2020 2021/2021/2021 1005/1005/1005
f 47/47/47 2022/2022/2022 2023/2023/2023
f 2024/2024/2024 2025/2025/2025 2026/2026/2026
f 2024/2024/2024 1711/1711/1711 2025/2025/2025
f 1805/1805/1805 969/969/969 1806/1806/1806
f 1805/1805/1805 1264/1264/1264 969/969/969
f 2027/2027/2027 878/878/878 1880/1880/1880
f 2027/2027/2027 876/876/876 878/878/878
f 2028/2028/2028 546/546/546 2029/2029/2029
f 544/544/544 546/546/546 2028/2028/2028
f 1596/1596/1596 1224/1224/1224 1226/1226/1226
f 1599/1599/1599 2030/2030/2030 1596/1596/1596
f 2030/2030/2030 1098/1098/1098 1596/1596/1596
f 1098/1098/1098 1097/1097/1097 1596/1596/1596
f 1097/1097/1097 1224/1224/1224 1596/1596/1596
f 2031/2031/2031 1367/1367/1367 1368/1368/1368
f 2031/2031/2031 2032/2032/2032 1367/1367/1367
f 2033/2033/2033 88/88/88 2034/2034/2034
f 2033/2033/2033 2035/2035/2035 88/88/88
f 2036/2036/2036 2037/2037/2037 2038/2038/2038
f 2036/2036/2036 1827/1827/1827 2037/2037/2037
f 1614/1614/1614 1734/1734/1734 1736/1736/1736
f 1614/1614/1614 1653/1653/1653 1734/1734/1734
f 2039/2039/2039 2040/2040/2040 2041/2041/2041
f 2039/2039/2039 1604/1604/1604 2040/2040/2040
f 2042/2042/2042 1035/1035/1035 1032/1032/1032
f 245/245/245 1035/1035/1035 2042/2042/2042
f 1839/1839/1839 1206/1206/1206 1158/1158/1158
f 1205/1205/1205 1206/1206/1206 1839/1839/1839
f 2043/2043/2043 2044/2044/2044 2045/2045/2045
f 2043/2043/2043 2046/2046/2046 2044/2044/2044
f 2047/2047/2047 620/620/620 622/622/622
f 2047/2047/2047 2048/2048/2048 620/620/620
f 217/217/217 55/55/55 761/761/761
f 2049/2049/2049 128/128/128 2050/2050/2050
f 2049/2049/2049 131/131/131 128/128/128
f 1861/1861/1861 691/691/691 1602/1602/1602
f 692/692/692 691/691/691 1861/1861/1861
f 2051/2051/2051 1828/1828/1828 2052/2052/2052
f 2051/2051/2051 1831/1831/1831 1828/1828/1828
f 1526/1526/1526 55/55/55 2053/2053/2053
f 55/55/55 2054/2054/2054 2055/2055/2055
f 2056/2056/2056 458/458/458 2057/2057/2057
f 2058/2058/2058 458/458/458 2056/2056/2056
f 1938/1938/1938 2059/2059/2059 1939/1939/1939
f 1938/1938/1938 2060/2060/2060 2059/2059/2059
f 1996/1996/1996 1551/1551/1551 1332/1332/1332
f 1550/1550/1550 1551/1551/1551 1996/1996/1996
f 1990/1990/1990 1458/1458/1458 1455/1455/1455
f 1990/1990/1990 1411/1411/1411 1458/1458/1458
f 1262/1262/1262 1912/1912/1912 2061/2061/2061
f 1262/1262/1262 824/824/824 1912/1912/1912
f 2062/2062/2062 2063/2063/2063 2064/2064/2064
f 1701/1701/1701 2063/2063/2063 2062/2062/2062
f 331/331/331 21/21/21 1833/1833/1833
f 331/331/331 333/333/333 21/21/21
f 257/257/257 2065/2065/2065 1079/1079/1079
f 257/257/257 1629/1629/1629 2065/2065/2065
f 2066/2066/2066 2067/2067/2067 1757/1757/1757
f 2068/2068/2068 2069/2069/2069 1818/1818/1818
f 2070/2070/2070 2067/2067/2067 2066/2066/2066
f 2068/2068/2068 2070/2070/2070 2069/2069/2069
f 2068/2068/2068 2067/2067/2067 2070/2070/2070
f 2071/2071/2071 55/55/55 434/434/434
f 522/522/522 2072/2072/2072 525/525/525
f 1627/1627/1627 2072/2072/2072 522/522/522
f 1980/1980/1980 300/300/300 1470/1470/1470
f 1980/1980/1980 303/303/303 300/300/300
f 47/47/47 2073/2073/2073 2074/2074/2074
f 1374/1374/1374 288/288/288 2075/2075/2075
f 1373/1373/1373 288/288/288 1374/1374/1374
f 2076/2076/2076 2077/2077/2077 548/548/548
f 2076/2076/2076 2078/2078/2078 2077/2077/2077
f 905/905/905 2079/2079/2079 737/737/737
f 2080/2080/2080 2079/2079/2079 905/905/905
f 360/360/360 2081/2081/2081 1577/1577/1577
f 1501/1501/1501 2081/2081/2081 360/360/360
f 289/289/289 2082/2082/2082 290/290/290
f 289/289/289 2083/2083/2083 2082/2082/2082
f 789/789/789 388/388/388 530/530/530
f 386/386/386 388/388/388 789/789/789
f 2084/2084/2084 1169/1169/1169 1166/1166/1166
f 2085/2085/2085 1169/1169/1169 2084/2084/2084
f 2086/2086/2086 2087/2087/2087 2088/2088/2088
f 2053/2053/2053 2089/2089/2089 2086/2086/2086
f 2089/2089/2089 2090/2090/2090 2086/2086/2086
f 2090/2090/2090 2091/2091/2091 2086/2086/2086
f 2091/2091/2091 2087/2087/2087 2086/2086/2086
f 47/47/47 2092/2092/2092 2093/2093/2093
f 2094/2094/2094 356/356/356 2095/2095/2095
f 357/357/357 356/356/356 2094/2094/2094
f 171/171/171 1999/1999/1999 875/875/875
f 171/171/171 170/170/170 1999/1999/1999
f 2096/2096/2096 482/482/482 1923/1923/1923
f 2097/2097/2097 482/482/482 2096/2096/2096
f 2098/2098/2098 2078/2078/2078 2076/2076/2076
f 2098/2098/2098 2099/2099/2099 2078/2078/2078
f 51/51/51 2100/2100/2100 2101/2101/2101
f 2102/2102/2102 2100/2100/2100 51/51/51
f 191/191/191 652/652/652 2103/2103/2103
f 191/191/191 193/193/193 652/652/652
f 1436/1436/1436 2104/2104/2104 2105/2105/2105
f 1189/1189/1189 2104/2104/2104 1436/1436/1436
f 2072/2072/2072 2051/2051/2051 2052/2052/2052
f 2106/2106/2106 2051/2051/2051 2072/2072/2072
f 1825/1825/1825 2107/2107/2107 1820/1820/1820
f 1825/1825/1825 2108/2108/2108 2107/2107/2107
f 2108/2108/2108 2109/2109/2109 2107/2107/2107
f 2109/2109/2109 2110/2110/2110 2107/2107/2107
f 2110/2110/2110 2111/2111/2111 2107/2107/2107
f 1419/1419/1419 2112/2112/2112 2113/2113/2113
f 1421/1421/1421 2112/2112/2112 1419/1419/1419
f 1056/1056/1056 2114/2114/2114 1054/1054/1054
f 1056/1056/1056 2115/2115/2115 2114/2114/2114
f 796/796/796 535/535/535 2116/2116/2116
f 796/796/796 538/538/538 535/535/535
f 2117/2117/2117 784/784/784 2118/2118/2118
f 783/783/783 1399/1399/1399 1398/1398/1398
f 2119/2119/2119 784/784/784 2117/2117/2117
f 783/783/783 2119/2119/2119 1399/1399/1399
f 783/783/783 784/784/784 2119/2119/2119
f 47/47/47 337/337/337 336/336/336
f 2048/2048/2048 2120/2120/2120 620/620/620
f 2048/2048/2048 2121/2121/2121 2120/2120/2120
f 1898/1898/1898 898/898/898 325/325/325
f 1897/1897/1897 898/898/898 1898/1898/1898
f 2122/2122/2122 1780/1780/1780 389/389/389
f 1781/1781/1781 1780/1780/1780 2122/2122/2122
f 889/889/889 2123/2123/2123 890/890/890
f 889/889/889 2124/2124/2124 2123/2123/2123
f 2098/2098/2098 2125/2125/2125 2099/2099/2099
f 2126/2126/2126 2125/2125/2125 2098/2098/2098
f 2127/2127/2127 2128/2128/2128 1835/1835/1835
f 2129/2129/2129 2128/2128/2128 2127/2127/2127
f 1876/1876/1876 1337/1337/1337 1334/1334/1334
f 1877/1877/1877 1337/1337/1337 1876/1876/1876
f 1036/1036/1036 1795/1795/1795 2130/2130/2130
f 1036/1036/1036 1038/1038/1038 1795/1795/1795
f 2131/2131/2131 77/77/77 2132/2132/2132
f 2131/2131/2131 80/80/80 77/77/77
f 1567/1567/1567 2133/2133/2133 2134/2134/2134
f 1567/1567/1567 1623/1623/1623 2133/2133/2133
f 2135/2135/2135 2136/2136/2136 677/677/677
f 2135/2135/2135 1447/1447/1447 2136/2136/2136
f 426/426/426 2137/2137/2137 429/429/429
f 1854/1854/1854 2137/2137/2137 426/426/426
f 1937/1937/1937 2138/2138/2138 2139/2139/2139
f 1937/1937/1937 1939/1939/1939 2138/2138/2138
f 1812/1812/1812 2140/2140/2140 2141/2141/2141
f 1812/1812/1812 1811/1811/1811 2140/2140/2140
f 1646/1646/1646 371/371/371 1840/1840/1840
f 1646/1646/1646 374/374/374 371/371/371
f 1511/1511/1511 1932/1932/1932 2142/2142/2142
f 1930/1930/1930 1932/1932/1932 1511/1511/1511
f 697/697/697 2143/2143/2143 695/695/695
f 697/697/697 2050/2050/2050 2143/2143/2143
f 2144/2144/2144 2145/2145/2145 2146/2146/2146
f 2144/2144/2144 2147/2147/2147 2145/2145/2145
f 970/970/970 468/468/468 972/972/972
f 597/597/597 468/468/468 970/970/970
f 558/558/558 1881/1881/1881 559/559/559
f 2148/2148/2148 2149/2149/2149 2150/2150/2150
f 558/558/558 2151/2151/2151 1881/1881/1881
f 2151/2151/2151 2149/2149/2149 2148/2148/2148
f 558/558/558 2149/2149/2149 2151/2151/2151
f 649/649/649 1548/1548/1548 2152/2152/2152
f 650/650/650 1548/1548/1548 649/649/649
f 47/47/47 2153/2153/2153 2154/2154/2154
f 2155/2155/2155 1790/1790/1790 477/477/477
f 2156/2156/2156 1790/1790/1790 2155/2155/2155
f 1556/1556/1556 2157/2157/2157 1554/1554/1554
f 1556/1556/1556 2158/2158/2158 2157/2157/2157
f 224/224/224 1307/1307/1307 744/744/744
f 224/224/224 2159/2159/2159 1307/1307/1307
f 1885/1885/1885 952/952/952 2160/2160/2160
f 2161/2161/2161 952/952/952 1885/1885/1885
f 1283/1283/1283 2162/2162/2162 2163/2163/2163
f 2164/2164/2164 2162/2162/2162 1283/1283/1283
f 602/602/602 942/942/942 2165/2165/2165
f 602/602/602 604/604/604 942/942/942
f 1914/1914/1914 619/619/619 2166/2166/2166
f 1105/1105/1105 619/619/619 1914/1914/1914
f 2167/2167/2167 2144/2144/2144 2168/2168/2168
f 2167/2167/2167 1365/1365/1365 2144/2144/2144
f 2057/2057/2057 1169/1169/1169 2085/2085/2085
f 2057/2057/2057 1989/1989/1989 1169/1169/1169
f 319/319/319 147/147/147 149/149/149
f 319/319/319 318/318/318 147/147/147
f 1248/1248/1248 405/405/405 2169/2169/2169
f 1248/1248/1248 408/408/408 405/405/405
f 2170/2170/2170 1909/1909/1909 1911/1911/1911
f 2170/2170/2170 2171/2171/2171 1909/1909/1909
f 2172/2172/2172 2173/2173/2173 2174/2174/2174
f 2175/2175/2175 2176/2176/2176 2172/2172/2172
f 2176/2176/2176 2177/2177/2177 2172/2172/2172
f 2177/2177/2177 2178/2178/2178 2172/2172/2172
f 2178/2178/2178 2173/2173/2173 2172/2172/2172
f 1312/1312/1312 2067/2067/2067 2068/2068/2068
f 1312/1312/1312 1314/1314/1314 2067/2067/2067
f 2179/2179/2179 1185/1185/1185 1182/1182/1182
f 2014/2014/2014 1185/1185/1185 2179/2179/2179
f 978/978/978 1647/1647/1647 1741/1741/1741
f 2180/2180/2180 1647/1647/1647 978/978/978
f 1884/1884/1884 2161/2161/2161 1885/1885/1885
f 2181/2181/2181 2161/2161/2161 1884/1884/1884
f 1349/1349/1349 1636/1636/1636 2182/2182/2182
f 1637/1637/1637 1636/1636/1636 1349/1349/1349
f 1807/1807/1807 2183/2183/2183 1805/1805/1805
f 1640/1640/1640 2183/2183/2183 1807/1807/1807
f 47/47/47 2184/2184/2184 2185/2185/2185
f 1260/1260/1260 1188/1188/1188 1438/1438/1438
f 567/567/567 1188/1188/1188 1260/1260/1260
f 1358/1358/1358 296/296/296 1357/1357/1357
f 1358/1358/1358 299/299/299 296/296/296
f 1393/1393/1393 663/663/663 2186/2186/2186
f 664/664/664 663/663/663 1393/1393/1393
f 1123/1123/1123 721/721/721 723/723/723
f 1123/1123/1123 1125/1125/1125 721/721/721
f 673/673/673 2187/2187/2187 1730/1730/1730
f 2188/2188/2188 2187/2187/2187 673/673/673
f 1908/1908/1908 2189/2189/2189 2190/2190/2190
f 1908/1908/1908 1910/1910/1910 2189/2189/2189
f 27/27/27 984/984/984 986/986/986
f 27/27/27 26/26/26 984/984/984
f 2191/2191/2191 498/498/498 500/500/500
f 2191/2191/2191 1668/1668/1668 498/498/498
f 1139/1139/1139 1522/1522/1522 1279/1279/1279
f 1139/1139/1139 1141/1141/1141 1522/1522/1522
f 1609/1609/1609 2192/2192/2192 2193/2193/2193
f 2194/2194/2194 2192/2192/2192 1609/1609/1609
f 1086/1086/1086 2195/2195/2195 936/936/936
f 1085/1085/1085 2195/2195/2195 1086/1086/1086
f 2196/2196/2196 652/652/652 2197/2197/2197
f 2103/2103/2103 652/652/652 2196/2196/2196
f 2198/2198/2198 1326/1326/1326 1323/1323/1323
f 2198/2198/2198 1514/1514/1514 1326/1326/1326
f 2199/2199/2199 2200/2200/2200 1949/1949/1949
f 2199/2199/2199 1894/1894/1894 2200/2200/2200
f 1114/1114/1114 1930/1930/1930 1115/1115/1115
f 1114/1114/1114 1498/1498/1498 1930/1930/1930
f 1498/1498/1498 2201/2201/2201 1930/1930/1930
f 2201/2201/2201 2202/2202/2202 1930/1930/1930
f 2202/2202/2202 1933/1933/1933 1930/1930/1930
f 2203/2203/2203 2204/2204/2204 2205/2205/2205
f 2206/2206/2206 2204/2204/2204 2203/2203/2203
f 153/153/153 293/293/293 151/151/151
f 294/294/294 293/293/293 153/153/153
f 2207/2207/2207 2208/2208/2208 2209/2209/2209
f 2207/2207/2207 2210/2210/2210 2208/2208/2208
f 2211/2211/2211 2212/2212/2212 1348/1348/1348
f 2213/2213/2213 2212/2212/2212 2211/2211/2211
f 2214/2214/2214 1256/1256/1256 1258/1258/1258
f 2215/2215/2215 1256/1256/1256 2214/2214/2214
f 2216/2216/2216 625/625/625 2217/2217/2217
f 623/623/623 2218/2218/2218 2219/2219/2219
f 623/623/623 2220/2220/2220 2218/2218/2218
f 2220/2220/2220 625/625/625 2216/2216/2216
f 623/623/623 625/625/625 2220/2220/2220
f 2221/2221/2221 1182/1182/1182 2222/2222/2222
f 2179/2179/2179 1182/1182/1182 2221/2221/2221
f 2223/2223/2223 1316/1316/1316 1317/1317/1317
f 1484/1484/1484 1316/1316/1316 2223/2223/2223
f 1966/1966/1966 2224/2224/2224 2225/2225/2225
f 1966/1966/1966 1965/1965/1965 2224/2224/2224
f 2226/2226/2226 2227/2227/2227 733/733/733
f 1477/1477/1477 2227/2227/2227 2226/2226/2226
f 1647/1647/1647 2228/2228/2228 1741/1741/1741
f 1647/1647/1647 1649/1649/1649 2228/2228/2228
f 468/468/468 2229/2229/2229 972/972/972
f 468/468/468 470/470/470 2229/2229/2229
f 874/874/874 2230/2230/2230 2231/2231/2231
f 874/874/874 2000/2000/2000 2230/2230/2230
f 47/47/47 2023/2023/2023 2232/2232/2232
f 1034/1034/1034 2233/2233/2233 2234/2234/2234
f 1033/1033/1033 2233/2233/2233 1034/1034/1034
f 1009/1009/1009 500/500/500 497/497/497
f 1011/1011/1011 500/500/500 1009/1009/1009
f 2170/2170/2170 2224/2224/2224 2171/2171/2171
f 2225/2225/2225 2224/2224/2224 2170/2170/2170
f 1662/1662/1662 694/694/694 819/819/819
f 1662/1662/1662 1661/1661/1661 694/694/694
f 55/55/55 2235/2235/2235 2236/2236/2236
f 401/401/401 2113/2113/2113 404/404/404
f 1419/1419/1419 2113/2113/2113 401/401/401
f 32/32/32 1536/1536/1536 30/30/30
f 1742/1742/1742 1536/1536/1536 32/32/32
f 1583/1583/1583 2237/2237/2237 2238/2238/2238
f 1584/1584/1584 2237/2237/2237 1583/1583/1583
f 1654/1654/1654 1809/1809/1809 1655/1655/1655
f 1654/1654/1654 1808/1808/1808 1809/1809/1809
f 2016/2016/2016 2088/2088/2088 2019/2019/2019
f 2086/2086/2086 2088/2088/2088 2016/2016/2016
f 2239/2239/2239 94/94/94 96/96/96
f 2239/2239/2239 447/447/447 94/94/94
f 109/109/109 2240/2240/2240 110/110/110
f 2241/2241/2241 353/353/353 2242/2242/2242
f 109/109/109 2243/2243/2243 2240/2240/2240
f 2243/2243/2243 353/353/353 2241/2241/2241
f 109/109/109 353/353/353 2243/2243/2243
f 2244/2244/2244 1708/1708/1708 1587/1587/1587
f 1709/1709/1709 1708/1708/1708 2244/2244/2244
f 433/433/433 55/55/55 757/757/757
f 2245/2245/2245 2127/2127/2127 2246/2246/2246
f 2245/2245/2245 2129/2129/2129 2127/2127/2127
f 2247/2247/2247 1156/1156/1156 2248/2248/2248
f 2247/2247/2247 315/315/315 1156/1156/1156
f 59/59/59 1023/1023/1023 62/62/62
f 1021/1021/1021 1023/1023/1023 59/59/59
f 2249/2249/2249 2250/2250/2250 2251/2251/2251
f 1879/1879/1879 2250/2250/2250 2249/2249/2249
f 318/318/318 843/843/843 1401/1401/1401
f 320/320/320 843/843/843 318/318/318
f 1210/1210/1210 2252/2252/2252 1208/1208/1208
f 1210/1210/1210 2253/2253/2253 2252/2252/2252
f 1216/1216/1216 2254/2254/2254 1219/1219/1219
f 2255/2255/2255 2254/2254/2254 1216/1216/1216
f 133/133/133 2256/2256/2256 2257/2257/2257
f 133/133/133 2258/2258/2258 2256/2256/2256
f 1561/1561/1561 1103/1103/1103 1100/1100/1100
f 1561/1561/1561 1563/1563/1563 1103/1103/1103
f 92/92/92 591/591/591 90/90/90
f 92/92/92 2259/2259/2259 591/591/591
f 2260/2260/2260 55/55/55 2261/2261/2261
f 2262/2262/2262 1860/1860/1860 1862/1862/1862
f 2263/2263/2263 1860/1860/1860 2262/2262/2262
f 1384/1384/1384 2016/2016/2016 1385/1385/1385
f 1384/1384/1384 2086/2086/2086 2016/2016/2016
f 47/47/47 2264/2264/2264 2265/2265/2265
f 1657/1657/1657 2195/2195/2195 1085/1085/1085
f 1657/1657/1657 2266/2266/2266 2195/2195/2195
f 431/431/431 374/374/374 1646/1646/1646
f 431/431/431 1971/1971/1971 374/374/374
f 2267/2267/2267 2268/2268/2268 2269/2269/2269
f 2270/2270/2270 2268/2268/2268 2267/2267/2267
f 701/701/701 453/453/453 2271/2271/2271
f 799/799/799 453/453/453 701/701/701
f 1146/1146/1146 1970/1970/1970 1144/1144/1144
f 2272/2272/2272 1970/1970/1970 1146/1146/1146
f 1094/1094/1094 2273/2273/2273 1069/1069/1069
f 1094/1094/1094 2274/2274/2274 2273/2273/2273
f 1012/1012/1012 1186/1186/1186 2275/2275/2275
f 1012/1012/1012 1013/1013/1013 1186/1186/1186
f 55/55/55 1119/1119/1119 1118/1118/1118
f 1370/1370/1370 1566/1566/1566 1568/1568/1568
f 1372/1372/1372 1566/1566/1566 1370/1370/1370
f 2276/2276/2276 2277/2277/2277 1582/1582/1582
f 1851/1851/1851 2277/2277/2277 2276/2276/2276
f 588/588/588 956/956/956 2278/2278/2278
f 588/588/588 590/590/590 956/956/956
f 1422/1422/1422 1474/1474/1474 1471/1471/1471
f 1422/1422/1422 1510/1510/1510 1474/1474/1474
f 933/933/933 841/841/841 2279/2279/2279
f 933/933/933 935/935/935 841/841/841
f 2280/2280/2280 262/262/262 2281/2281/2281
f 2280/2280/2280 2282/2282/2282 262/262/262
f 2282/2282/2282 141/141/141 262/262/262
f 141/141/141 140/140/140 262/262/262
f 140/140/140 309/309/309 262/262/262
f 316/316/316 2283/2283/2283 1947/1947/1947
f 627/627/627 2283/2283/2283 316/316/316
f 47/47/47 2284/2284/2284 2285/2285/2285
f 132/132/132 22/22/22 135/135/135
f 23/23/23 22/22/22 132/132/132
f 1170/1170/1170 2286/2286/2286 1173/1173/1173
f 702/702/702 2286/2286/2286 1170/1170/1170
f 2287/2287/2287 1829/1829/1829 1831/1831/1831
f 2287/2287/2287 680/680/680 1829/1829/1829
f 2288/2288/2288 2289/2289/2289 2263/2263/2263
f 1322/1322/1322 2289/2289/2289 2288/2288/2288
f 2290/2290/2290 2291/2291/2291 2292/2292/2292
f 2293/2293/2293 2291/2291/2291 2290/2290/2290
f 2294/2294/2294 2295/2295/2295 2296/2296/2296
f 1690/1690/1690 2295/2295/2295 2294/2294/2294
f 2213/2213/2213 2297/2297/2297 2212/2212/2212
f 2298/2298/2298 2297/2297/2297 2213/2213/2213
f 2299/2299/2299 1644/1644/1644 2300/2300/2300
f 2299/2299/2299 1645/1645/1645 1644/1644/1644
f 55/55/55 1117/1117/1117 1116/1116/1116
f 47/47/47 1497/1497/1497 1495/1495/1495
f 47/47/47 2066/2066/2066 1757/1757/1757
f 2079/2079/2079 735/735/735 737/737/737
f 2079/2079/2079 2209/2209/2209 735/735/735
f 959/959/959 1545/1545/1545 960/960/960
f 959/959/959 2301/2301/2301 1545/1545/1545
f 9/9/9 2302/2302/2302 2303/2303/2303
f 9/9/9 11/11/11 2302/2302/2302
f 1829/1829/1829 2304/2304/2304 1830/1830/1830
f 1829/1829/1829 1148/1148/1148 2304/2304/2304
f 1110/1110/1110 1534/1534/1534 2305/2305/2305
f 1532/1532/1532 1534/1534/1534 1110/1110/1110
f 536/536/536 393/393/393 390/390/390
f 2306/2306/2306 393/393/393 536/536/536
f 2307/2307/2307 2308/2308/2308 2309/2309/2309
f 2307/2307/2307 2310/2310/2310 2308/2308/2308
f 1547/1547/1547 1499/1499/1499 2311/2311/2311
f 1547/1547/1547 617/617/617 1499/1499/1499
f 117/117/117 1717/1717/1717 2312/2312/2312
f 117/117/117 1715/1715/1715 1717/1717/1717
f 2313/2313/2313 2314/2314/2314 924/924/924
f 2313/2313/2313 2315/2315/2315 2314/2314/2314
f 2316/2316/2316 2317/2317/2317 2233/2233/2233
f 2316/2316/2316 2318/2318/2318 2317/2317/2317
f 1472/1472/1472 160/160/160 157/157/157
f 1472/1472/1472 2319/2319/2319 160/160/160
f 763/763/763 1247/1247/1247 618/618/618
f 763/763/763 507/507/507 1247/1247/1247
f 47/47/47 2320/2320/2320 2321/2321/2321
f 2322/2322/2322 723/723/723 1759/1759/1759
f 2322/2322/2322 1123/1123/1123 723/723/723
f 47/47/47 2323/2323/2323 1580/1580/1580
f 1611/1611/1611 1129/1129/1129 1964/1964/1964
f 1613/1613/1613 1129/1129/1129 1611/1611/1611
f 2324/2324/2324 2325/2325/2325 2326/2326/2326
f 2324/2324/2324 2327/2327/2327 2325/2325/2325
f 2328/2328/2328 1225/1225/1225 2329/2329/2329
f 1226/1226/1226 1225/1225/1225 2328/2328/2328
f 2330/2330/2330 2025/2025/2025 292/292/292
f 2026/2026/2026 2025/2025/2025 2330/2330/2330
f 2331/2331/2331 2332/2332/2332 2333/2333/2333
f 2334/2334/2334 2332/2332/2332 2331/2331/2331
f 2335/2335/2335 2336/2336/2336 2337/2337/2337
f 2186/2186/2186 2336/2336/2336 2335/2335/2335
f 2338/2338/2338 55/55/55 2339/2339/2339
f 47/47/47 2340/2340/2340 1858/1858/1858
f 1428/1428/1428 2341/2341/2341 1426/1426/1426
f 1428/1428/1428 2342/2342/2342 2341/2341/2341
f 1133/1133/1133 786/786/786 2343/2343/2343
f 1133/1133/1133 1134/1134/1134 786/786/786
f 55/55/55 814/814/814 813/813/813
f 2344/2344/2344 817/817/817 2345/2345/2345
f 818/818/818 817/817/817 2344/2344/2344
f 2346/2346/2346 1887/1887/1887 2347/2347/2347
f 2346/2346/2346 1886/1886/1886 1887/1887/1887
f 2348/2348/2348 801/801/801 1838/1838/1838
f 452/452/452 801/801/801 2348/2348/2348
f 2349/2349/2349 105/105/105 570/570/570
f 2349/2349/2349 167/167/167 105/105/105
f 1440/1440/1440 61/61/61 1441/1441/1441
f 1440/1440/1440 59/59/59 61/61/61
f 55/55/55 1819/1819/1819 2350/2350/2350
f 1047/1047/1047 2351/2351/2351 1045/1045/1045
f 925/925/925 2351/2351/2351 1047/1047/1047
f 2006/2006/2006 796/796/796 2116/2116/2116
f 797/797/797 796/796/796 2006/2006/2006
f 1400/1400/1400 1180/1180/1180 1181/1181/1181
f 1400/1400/1400 175/175/175 1180/1180/1180
f 1178/1178/1178 1855/1855/1855 2352/2352/2352
f 2353/2353/2353 1855/1855/1855 1178/1178/1178
f 55/55/55 485/485/485 2354/2354/2354
f 2355/2355/2355 2190/2190/2190 1366/1366/1366
f 2355/2355/2355 1908/1908/1908 2190/2190/2190
f 2356/2356/2356 866/866/866 2357/2357/2357
f 867/867/867 866/866/866 2356/2356/2356
f 2224/2224/2224 2358/2358/2358 2359/2359/2359
f 1965/1965/1965 2358/2358/2358 2224/2224/2224
f 2360/2360/2360 1066/1066/1066 582/582/582
f 2361/2361/2361 1066/1066/1066 2360/2360/2360
f 47/47/47 2362/2362/2362 2363/2363/2363
f 2002/2002/2002 2364/2364/2364 899/899/899
f 2002/2002/2002 2365/2365/2365 2364/2364/2364
f 2366/2366/2366 2367/2367/2367 2368/2368/2368
f 2366/2366/2366 2369/2369/2369 2367/2367/2367
f 701/701/701 2286/2286/2286 702/702/702
f 701/701/701 2271/2271/2271 2286/2286/2286
f 2370/2370/2370 1443/1443/1443 2371/2371/2371
f 1296/1296/1296 1443/1443/1443 2370/2370/2370
f 2372/2372/2372 2373/2373/2373 1163/1163/1163
f 2374/2374/2374 2373/2373/2373 2372/2372/2372
f 2250/2250/2250 1724/1724/1724 626/626/626
f 877/877/877 1724/1724/1724 2250/2250/2250
f 1782/1782/1782 1733/1733/1733 2375/2375/2375
f 1782/1782/1782 1736/1736/1736 1733/1733/1733
f 2065/2065/2065 1774/1774/1774 2376/2376/2376
f 2065/2065/2065 1777/1777/1777 1774/1774/1774
f 877/877/877 2377/2377/2377 1724/1724/1724
f 879/879/879 2377/2377/2377 877/877/877
f 896/896/896 1549/1549/1549 897/897/897
f 896/896/896 2378/2378/2378 1549/1549/1549
f 2379/2379/2379 208/208/208 205/205/205
f 2380/2380/2380 208/208/208 2379/2379/2379
f 886/886/886 228/228/228 1039/1039/1039
f 229/229/229 228/228/228 886/886/886
f 1168/1168/1168 2381/2381/2381 421/421/421
f 1167/1167/1167 2381/2381/2381 1168/1168/1168
f 2382/2382/2382 2261/2261/2261 2383/2383/2383
f 2384/2384/2384 2385/2385/2385 2382/2382/2382
f 2385/2385/2385 2386/2386/2386 2382/2382/2382
f 2386/2386/2386 2260/2260/2260 2382/2382/2382
f 2260/2260/2260 2261/2261/2261 2382/2382/2382
f 771/771/771 1828/1828/1828 1657/1657/1657
f 2052/2052/2052 1828/1828/1828 771/771/771
f 2142/2142/2142 2387/2387/2387 577/577/577
f 1932/1932/1932 2387/2387/2387 2142/2142/2142
f 1537/1537/1537 2388/2388/2388 882/882/882
f 1537/1537/1537 2389/2389/2389 2388/2388/2388
f 1179/1179/1179 304/304/304 1680/1680/1680
f 1179/1179/1179 307/307/307 304/304/304
f 2131/2131/2131 63/63/63 80/80/80
f 1407/1407/1407 63/63/63 2131/2131/2131
f 2390/2390/2390 1791/1791/1791 2097/2097/2097
f 2391/2391/2391 2392/2392/2392 2390/2390/2390
f 2392/2392/2392 2393/2393/2393 2390/2390/2390
f 2393/2393/2393 1792/1792/1792 2390/2390/2390
f 1792/1792/1792 1791/1791/1791 2390/2390/2390
f 949/949/949 1113/1113/1113 1424/1424/1424
f 951/951/951 1113/1113/1113 949/949/949
f 2394/2394/2394 1217/1217/1217 2395/2395/2395
f 1218/1218/1218 2396/2396/2396 2397/2397/2397
f 2398/2398/2398 1217/1217/1217 2394/2394/2394
f 1218/1218/1218 2398/2398/2398 2396/2396/2396
f 1218/1218/1218 1217/1217/1217 2398/2398/2398
f 1620/1620/1620 1267/1267/1267 291/291/291
f 1659/1659/1659 1267/1267/1267 1620/1620/1620
f 2399/2399/2399 855/855/855 857/857/857
f 2400/2400/2400 855/855/855 2399/2399/2399
f 2401/2401/2401 2402/2402/2402 2403/2403/2403
f 2401/2401/2401 2404/2404/2404 2402/2402/2402
f 2405/2405/2405 489/489/489 491/491/491
f 71/71/71 489/489/489 2405/2405/2405
f 364/364/364 2406/2406/2406 1836/1836/1836
f 366/366/366 2406/2406/2406 364/364/364
f 792/792/792 2399/2399/2399 2407/2407/2407
f 791/791/791 2399/2399/2399 792/792/792
f 2289/2289/2289 2408/2408/2408 2409/2409/2409
f 2410/2410/2410 2408/2408/2408 2289/2289/2289
f 2411/2411/2411 1920/1920/1920 1921/1921/1921
f 2412/2412/2412 1920/1920/1920 2411/2411/2411
f 811/811/811 55/55/55 1353/1353/1353
f 816/816/816 1662/1662/1662 819/819/819
f 1200/1200/1200 1662/1662/1662 816/816/816
f 22/22/22 2413/2413/2413 135/135/135
f 22/22/22 2414/2414/2414 2413/2413/2413
f 55/55/55 2415/2415/2415 330/330/330
f 1470/1470/1470 2416/2416/2416 1468/1468/1468
f 1470/1470/1470 300/300/300 2416/2416/2416
f 2360/2360/2360 584/584/584 2417/2417/2417
f 2360/2360/2360 582/582/582 584/584/584
f 1227/1227/1227 55/55/55 1228/1228/1228
f 1808/1808/1808 499/499/499 1570/1570/1570
f 497/497/497 499/499/499 1808/1808/1808
f 1040/1040/1040 1146/1146/1146 1143/1143/1143
f 1041/1041/1041 1146/1146/1146 1040/1040/1040
f 2418/2418/2418 2419/2419/2419 1578/1578/1578
f 2418/2418/2418 1050/1050/1050 2419/2419/2419
f 687/687/687 1018/1018/1018 2420/2420/2420
f 1019/1019/1019 1018/1018/1018 687/687/687
f 47/47/47 2241/2241/2241 2242/2242/2242
f 47/47/47 880/880/880 884/884/884
f 1878/1878/1878 2249/2249/2249 2421/2421/2421
f 1878/1878/1878 1879/1879/1879 2249/2249/2249
f 2422/2422/2422 895/895/895 892/892/892
f 1720/1720/1720 895/895/895 2422/2422/2422
f 47/47/47 1507/1507/1507 1509/1509/1509
f 2423/2423/2423 2403/2403/2403 2424/2424/2424
f 2423/2423/2423 2401/2401/2401 2403/2403/2403
f 2036/2036/2036 1826/1826/1826 1827/1827/1827
f 2425/2425/2425 1826/1826/1826 2036/2036/2036
f 1610/1610/1610 2426/2426/2426 1613/1613/1613
f 2427/2427/2427 2426/2426/2426 1610/1610/1610
f 2029/2029/2029 2255/2255/2255 1216/1216/1216
f 546/546/546 2255/2255/2255 2029/2029/2029
f 47/47/47 248/248/248 252/252/252
f 395/395/395 2428/2428/2428 2369/2369/2369
f 395/395/395 1727/1727/1727 2428/2428/2428
f 2429/2429/2429 831/831/831 2430/2430/2430
f 2429/2429/2429 773/773/773 831/831/831
f 585/585/585 1245/1245/1245 583/583/583
f 585/585/585 2431/2431/2431 1245/1245/1245
f 47/47/47 2432/2432/2432 2433/2433/2433
f 2434/2434/2434 2307/2307/2307 2309/2309/2309
f 2435/2435/2435 2307/2307/2307 2434/2434/2434
f 2436/2436/2436 2222/2222/2222 2437/2437/2437
f 2221/2221/2221 2222/2222/2222 2436/2436/2436
f 1664/1664/1664 2306/2306/2306 1665/1665/1665
f 1664/1664/1664 833/833/833 2306/2306/2306
f 2438/2438/2438 2439/2439/2439 2440/2440/2440
f 2441/2441/2441 2442/2442/2442 2443/2443/2443
f 2441/2441/2441 2444/2444/2444 2442/2442/2442
f 2444/2444/2444 2439/2439/2439 2438/2438/2438
f 2441/2441/2441 2439/2439/2439 2444/2444/2444
f 679/679/679 55/55/55 1955/1955/1955
f 2261/2261/2261 2445/2445/2445 2383/2383/2383
f 2261/2261/2261 2446/2446/2446 2445/2445/2445
f 2446/2446/2446 2447/2447/2447 2445/2445/2445
f 2447/2447/2447 2448/2448/2448 2445/2445/2445
f 2448/2448/2448 2449/2449/2449 2445/2445/2445
f 38/38/38 2094/2094/2094 2450/2450/2450
f 38/38/38 357/357/357 2094/2094/2094
f 5/5/5 2451/2451/2451 8/8/8
f 2452/2452/2452 2451/2451/2451 5/5/5
f 1556/1556/1556 2453/2453/2453 2158/2158/2158
f 1882/1882/1882 2453/2453/2453 1556/1556/1556
f 1926/1926/1926 2454/2454/2454 2455/2455/2455
f 1926/1926/1926 2456/2456/2456 2454/2454/2454
f 549/549/549 2076/2076/2076 548/548/548
f 2457/2457/2457 2076/2076/2076 549/549/549
f 2458/2458/2458 666/666/666 2459/2459/2459
f 2458/2458/2458 669/669/669 666/666/666
f 86/86/86 2460/2460/2460 2461/2461/2461
f 2462/2462/2462 2460/2460/2460 86/86/86
f 2362/2362/2362 2463/2463/2463 2363/2363/2363
f 2388/2388/2388 2285/2285/2285 2284/2284/2284
f 2388/2388/2388 2464/2464/2464 2285/2285/2285
f 2464/2464/2464 2463/2463/2463 2362/2362/2362
f 2388/2388/2388 2463/2463/2463 2464/2464/2464
f 2465/2465/2465 2466/2466/2466 2467/2467/2467
f 2234/2234/2234 2468/2468/2468 2469/2469/2469
f 2470/2470/2470 2466/2466/2466 2465/2465/2465
f 2234/2234/2234 2470/2470/2470 2468/2468/2468
f 2234/2234/2234 2466/2466/2466 2470/2470/2470
f 1853/1853/1853 524/524/524 2471/2471/2471
f 1270/1270/1270 524/524/524 1853/1853/1853
f 2290/2290/2290 2472/2472/2472 2473/2473/2473
f 2290/2290/2290 2292/2292/2292 2472/2472/2472
f 461/461/461 2474/2474/2474 2334/2334/2334
f 1591/1591/1591 2474/2474/2474 461/461/461
f 2475/2475/2475 1109/1109/1109 1329/1329/1329
f 2476/2476/2476 1109/1109/1109 2475/2475/2475
f 2477/2477/2477 2478/2478/2478 1496/1496/1496
f 2477/2477/2477 1555/1555/1555 2478/2478/2478
f 2479/2479/2479 2267/2267/2267 1834/1834/1834
f 2479/2479/2479 2270/2270/2270 2267/2267/2267
f 2171/2171/2171 1803/1803/1803 1909/1909/1909
f 2171/2171/2171 2480/2480/2480 1803/1803/1803
f 1834/1834/1834 1290/1290/1290 1287/1287/1287
f 1834/1834/1834 2267/2267/2267 1290/1290/1290
f 1006/1006/1006 2481/2481/2481 2482/2482/2482
f 1005/1005/1005 2481/2481/2481 1006/1006/1006
f 2483/2483/2483 1615/1615/1615 836/836/836
f 2483/2483/2483 2484/2484/2484 1615/1615/1615
f 259/259/259 850/850/850 1093/1093/1093
f 259/259/259 261/261/261 850/850/850
f 47/47/47 2243/2243/2243 2241/2241/2241
f 581/581/581 491/491/491 2485/2485/2485
f 2405/2405/2405 491/491/491 581/581/581
f 2486/2486/2486 214/214/214 2272/2272/2272
f 749/749/749 214/214/214 2486/2486/2486
f 1080/1080/1080 670/670/670 672/672/672
f 2487/2487/2487 670/670/670 1080/1080/1080
f 2237/2237/2237 1457/1457/1457 2488/2488/2488
f 1695/1695/1695 1457/1457/1457 2237/2237/2237
f 2489/2489/2489 2275/2275/2275 1506/1506/1506
f 1257/1257/1257 2275/2275/2275 2489/2489/2489
f 2490/2490/2490 241/241/241 1848/1848/1848
f 1237/1237/1237 2491/2491/2491 1238/1238/1238
f 1237/1237/1237 2492/2492/2492 2491/2491/2491
f 2492/2492/2492 241/241/241 2490/2490/2490
f 1237/1237/1237 241/241/241 2492/2492/2492
f 2493/2493/2493 1352/1352/1352 1381/1381/1381
f 2493/2493/2493 1282/1282/1282 1352/1352/1352
f 481/481/481 869/869/869 586/586/586
f 2494/2494/2494 869/869/869 481/481/481
f 1684/1684/1684 282/282/282 1685/1685/1685
f 1404/1404/1404 1729/1729/1729 1486/1486/1486
f 283/283/283 1729/1729/1729 1404/1404/1404
f 1684/1684/1684 283/283/283 282/282/282
f 1684/1684/1684 1729/1729/1729 283/283/283
f 651/651/651 2495/2495/2495 1159/1159/1159
f 651/651/651 563/563/563 2495/2495/2495
f 1046/1046/1046 2496/2496/2496 2497/2497/2497
f 1045/1045/1045 2496/2496/2496 1046/1046/1046
f 47/47/47 2498/2498/2498 2499/2499/2499
f 2033/2033/2033 1544/1544/1544 2035/2035/2035
f 2357/2357/2357 1544/1544/1544 2033/2033/2033
f 2500/2500/2500 55/55/55 2501/2501/2501
f 860/860/860 2502/2502/2502 1731/1731/1731
f 861/861/861 2502/2502/2502 860/860/860
f 2503/2503/2503 55/55/55 1024/1024/1024
f 2388/2388/2388 120/120/120 2463/2463/2463
f 2389/2389/2389 120/120/120 2388/2388/2388
f 1472/1472/1472 1798/1798/1798 2319/2319/2319
f 1474/1474/1474 1798/1798/1798 1472/1472/1472
f 2337/2337/2337 2504/2504/2504 2505/2505/2505
f 2336/2336/2336 2504/2504/2504 2337/2337/2337
f 936/936/936 2506/2506/2506 934/934/934
f 2195/2195/2195 2506/2506/2506 936/936/936
f 2507/2507/2507 1241/1241/1241 1243/1243/1243
f 2507/2507/2507 1453/1453/1453 1241/1241/1241
f 1198/1198/1198 816/816/816 2508/2508/2508
f 1198/1198/1198 1200/1200/1200 816/816/816
f 2509/2509/2509 1886/1886/1886 2346/2346/2346
f 2509/2509/2509 2510/2510/2510 1886/1886/1886
f 2511/2511/2511 1325/1325/1325 1249/1249/1249
f 2511/2511/2511 1323/1323/1323 1325/1325/1325
f 419/419/419 2373/2373/2373 2374/2374/2374
f 419/419/419 420/420/420 2373/2373/2373
f 2512/2512/2512 2513/2513/2513 2514/2514/2514
f 2515/2515/2515 2513/2513/2513 2512/2512/2512
f 689/689/689 2198/2198/2198 2516/2516/2516
f 689/689/689 1876/1876/1876 2198/2198/2198
f 55/55/55 2517/2517/2517 185/185/185
f 2518/2518/2518 221/221/221 2519/2519/2519
f 2520/2520/2520 221/221/221 2518/2518/2518
f 344/344/344 1658/1658/1658 511/511/511
f 2163/2163/2163 1658/1658/1658 344/344/344
f 47/47/47 2154/2154/2154 2521/2521/2521
f 2522/2522/2522 2523/2523/2523 1519/1519/1519
f 2524/2524/2524 2523/2523/2523 2522/2522/2522
f 890/890/890 667/667/667 669/669/669
f 890/890/890 2123/2123/2123 667/667/667
f 2525/2525/2525 2278/2278/2278 2526/2526/2526
f 2525/2525/2525 588/588/588 2278/2278/2278
f 1517/1517/1517 1394/1394/1394 1396/1396/1396
f 1516/1516/1516 1394/1394/1394 1517/1517/1517
f 2390/2390/2390 2096/2096/2096 657/657/657
f 2390/2390/2390 2097/2097/2097 2096/2096/2096
f 47/47/47 2285/2285/2285 2464/2464/2464
f 901/901/901 2002/2002/2002 899/899/899
f 2001/2001/2001 2002/2002/2002 901/901/901
f 653/653/653 16/16/16 2527/2527/2527
f 653/653/653 1915/1915/1915 16/16/16
f 1826/1826/1826 2303/2303/2303 1434/1434/1434
f 2528/2528/2528 2303/2303/2303 1826/1826/1826
f 2157/2157/2157 1706/1706/1706 2529/2529/2529
f 2158/2158/2158 1706/1706/1706 2157/2157/2157
f 943/943/943 2511/2511/2511 1249/1249/1249
f 2530/2530/2530 2511/2511/2511 943/943/943
f 236/236/236 1220/1220/1220 1222/1222/1222
f 1480/1480/1480 1220/1220/1220 236/236/236
f 55/55/55 2531/2531/2531 308/308/308
f 2486/2486/2486 1146/1146/1146 1041/1041/1041
f 2486/2486/2486 2272/2272/2272 1146/1146/1146
f 1712/1712/1712 2239/2239/2239 96/96/96
f 2532/2532/2532 2239/2239/2239 1712/1712/1712
f 1836/1836/1836 2533/2533/2533 1753/1753/1753
f 1836/1836/1836 2526/2526/2526 2533/2533/2533
f 2534/2534/2534 55/55/55 1116/1116/1116
f 1295/1295/1295 2370/2370/2370 2535/2535/2535
f 1295/1295/1295 1296/1296/1296 2370/2370/2370
f 1737/1737/1737 1428/1428/1428 1425/1425/1425
f 1737/1737/1737 2536/2536/2536 1428/1428/1428
f 2536/2536/2536 2537/2537/2537 1428/1428/1428
f 2537/2537/2537 2538/2538/2538 1428/1428/1428
f 2538/2538/2538 2539/2539/2539 1428/1428/1428
f 2324/2324/2324 695/695/695 2327/2327/2327
f 696/696/696 695/695/695 2324/2324/2324
f 685/685/685 2420/2420/2420 2540/2540/2540
f 687/687/687 2420/2420/2420 685/685/685
f 2189/2189/2189 1800/1800/1800 2541/2541/2541
f 1910/1910/1910 1800/1800/1800 2189/2189/2189
f 1245/1245/1245 2122/2122/2122 1246/1246/1246
f 1245/1245/1245 1781/1781/1781 2122/2122/2122
f 2542/2542/2542 1285/1285/1285 2543/2543/2543
f 201/201/201 1285/1285/1285 2542/2542/2542
f 398/398/398 1350/1350/1350 2544/2544/2544
f 400/400/400 1350/1350/1350 398/398/398
f 2545/2545/2545 2546/2546/2546 2547/2547/2547
f 2149/2149/2149 1982/1982/1982 2150/2150/2150
f 2149/2149/2149 1983/1983/1983 1982/1982/1982
f 1983/1983/1983 2546/2546/2546 2545/2545/2545
f 2149/2149/2149 2546/2546/2546 1983/1983/1983
f 356/356/356 1090/1090/1090 1087/1087/1087
f 358/358/358 1090/1090/1090 356/356/356
f 2548/2548/2548 2057/2057/2057 2085/2085/2085
f 2056/2056/2056 2057/2057/2057 2548/2548/2548
f 1870/1870/1870 965/965/965 1873/1873/1873
f 2269/2269/2269 965/965/965 1870/1870/1870
f 1985/1985/1985 2458/2458/2458 2459/2459/2459
f 1089/1089/1089 2458/2458/2458 1985/1985/1985
f 1586/1586/1586 907/907/907 1104/1104/1104
f 1160/1160/1160 907/907/907 1586/1586/1586
f 1571/1571/1571 1012/1012/1012 1259/1259/1259
f 1571/1571/1571 1014/1014/1014 1012/1012/1012
f 613/613/613 1142/1142/1142 1139/1139/1139
f 614/614/614 1142/1142/1142 613/613/613
f 2549/2549/2549 2550/2550/2550 2551/2551/2551
f 2549/2549/2549 2552/2552/2552 2550/2550/2550
f 47/47/47 2553/2553/2553 2073/2073/2073
f 1144/1144/1144 1969/1969/1969 2554/2554/2554
f 1970/1970/1970 1969/1969/1969 1144/1144/1144
f 1070/1070/1070 1464/1464/1464 1466/1466/1466
f 1070/1070/1070 2555/2555/2555 1464/1464/1464
f 1938/1938/1938 1361/1361/1361 2060/2060/2060
f 2037/2037/2037 1361/1361/1361 1938/1938/1938
f 1573/1573/1573 1742/1742/1742 32/32/32
f 979/979/979 1742/1742/1742 1573/1573/1573
f 1632/1632/1632 1538/1538/1538 1837/1837/1837
f 1632/1632/1632 2556/2556/2556 1538/1538/1538
f 2556/2556/2556 2557/2557/2557 1538/1538/1538
f 2557/2557/2557 231/231/231 1538/1538/1538
f 231/231/231 232/232/232 1538/1538/1538
f 1852/1852/1852 2558/2558/2558 2559/2559/2559
f 1852/1852/1852 1853/1853/1853 2558/2558/2558
f 2560/2560/2560 2511/2511/2511 2530/2530/2530
f 2560/2560/2560 2516/2516/2516 2511/2511/2511
f 2387/2387/2387 54/54/54 2561/2561/2561
f 2562/2562/2562 2563/2563/2563 2387/2387/2387
f 2563/2563/2563 473/473/473 2387/2387/2387
f 473/473/473 472/472/472 2387/2387/2387
f 472/472/472 54/54/54 2387/2387/2387
f 55/55/55 760/760/760 757/757/757
f 47/47/47 1234/1234/1234 1239/1239/1239
f 2140/2140/2140 422/422/422 424/424/424
f 1811/1811/1811 422/422/422 2140/2140/2140
f 2564/2564/2564 908/908/908 2565/2565/2565
f 2564/2564/2564 2566/2566/2566 908/908/908
f 1905/1905/1905 1600/1600/1600 2566/2566/2566
f 1905/1905/1905 2567/2567/2567 1600/1600/1600
f 1974/1974/1974 209/209/209 2568/2568/2568
f 234/234/234 209/209/209 1974/1974/1974
f 160/160/160 909/909/909 931/931/931
f 2319/2319/2319 909/909/909 160/160/160
f 1278/1278/1278 1991/1991/1991 2569/2569/2569
f 1278/1278/1278 1279/1279/1279 1991/1991/1991
f 2570/2570/2570 753/753/753 755/755/755
f 1722/1722/1722 753/753/753 2570/2570/2570
f 1109/1109/1109 1328/1328/1328 1329/1329/1329
f 1109/1109/1109 1111/1111/1111 1328/1328/1328
f 845/845/845 55/55/55 846/846/846
f 1791/1791/1791 482/482/482 2097/2097/2097
f 1791/1791/1791 2571/2571/2571 482/482/482
f 2571/2571/2571 2572/2572/2572 482/482/482
f 2572/2572/2572 2354/2354/2354 482/482/482
f 2354/2354/2354 485/485/485 482/482/482
f 2353/2353/2353 1431/1431/1431 1855/1855/1855
f 576/576/576 1431/1431/1431 2353/2353/2353
f 2573/2573/2573 2135/2135/2135 2574/2574/2574
f 2573/2573/2573 2575/2575/2575 2135/2135/2135
f 1482/1482/1482 55/55/55 1347/1347/1347
f 2522/2522/2522 1418/1418/1418 1707/1707/1707
f 2522/2522/2522 1519/1519/1519 1418/1418/1418
f 1567/1567/1567 1621/1621/1621 1623/1623/1623
f 1569/1569/1569 1621/1621/1621 1567/1567/1567
f 607/607/607 1490/1490/1490 608/608/608
f 607/607/607 263/263/263 1490/1490/1490
f 1925/1925/1925 516/516/516 513/513/513
f 2576/2576/2576 516/516/516 1925/1925/1925
f 55/55/55 1825/1825/1825 1824/1824/1824
f 1903/1903/1903 2457/2457/2457 549/549/549
f 2577/2577/2577 2457/2457/2457 1903/1903/1903
f 2578/2578/2578 2049/2049/2049 2579/2579/2579
f 2578/2578/2578 2580/2580/2580 2049/2049/2049
f 1946/1946/1946 413/413/413 2581/2581/2581
f 1946/1946/1946 2434/2434/2434 413/413/413
f 1656/1656/1656 1009/1009/1009 1654/1654/1654
f 1010/1010/1010 1009/1009/1009 1656/1656/1656
f 47/47/47 2150/2150/2150 1982/1982/1982
f 2200/2200/2200 355/355/355 37/37/37
f 2200/2200/2200 510/510/510 355/355/355
f 47/47/47 1687/1687/1687 1686/1686/1686
f 594/594/594 2582/2582/2582 2583/2583/2583
f 594/594/594 2584/2584/2584 2582/2582/2582
f 47/47/47 108/108/108 110/110/110
f 1245/1245/1245 1779/1779/1779 1781/1781/1781
f 2431/2431/2431 1779/1779/1779 1245/1245/1245
f 2585/2585/2585 2586/2586/2586 2587/2587/2587
f 2588/2588/2588 2586/2586/2586 2585/2585/2585
f 1699/1699/1699 1948/1948/1948 2589/2589/2589
f 1698/1698/1698 1948/1948/1948 1699/1699/1699
f 2590/2590/2590 1714/1714/1714 2591/2591/2591
f 2590/2590/2590 2592/2592/2592 1714/1714/1714
f 47/47/47 1848/1848/1848 1002/1002/1002
f 1324/1324/1324 9/9/9 2593/2593/2593
f 1324/1324/1324 12/12/12 9/9/9
f 62/62/62 1596/1596/1596 2594/2594/2594
f 1023/1023/1023 1596/1596/1596 62/62/62
f 1256/1256/1256 1571/1571/1571 1259/1259/1259
f 1809/1809/1809 1571/1571/1571 1256/1256/1256
f 1549/1549/1549 762/762/762 615/615/615
f 2378/2378/2378 762/762/762 1549/1549/1549
f 1544/1544/1544 2462/2462/2462 2035/2035/2035
f 1544/1544/1544 1546/1546/1546 2462/2462/2462
f 1960/1960/1960 55/55/55 1961/1961/1961
f 466/466/466 2056/2056/2056 552/552/552
f 466/466/466 2058/2058/2058 2056/2056/2056
f 1491/1491/1491 2595/2595/2595 2596/2596/2596
f 1491/1491/1491 2597/2597/2597 2595/2595/2595
f 52/52/52 2101/2101/2101 2598/2598/2598
f 51/51/51 2101/2101/2101 52/52/52
f 1921/1921/1921 2599/2599/2599 2600/2600/2600
f 1921/1921/1921 1371/1371/1371 2599/2599/2599
f 2406/2406/2406 2526/2526/2526 1836/1836/1836
f 2406/2406/2406 2525/2525/2525 2526/2526/2526
f 47/47/47 1505/1505/1505 337/337/337
f 1490/1490/1490 2597/2597/2597 1491/1491/1491
f 1490/1490/1490 1842/1842/1842 2597/2597/2597
f 2601/2601/2601 2602/2602/2602 865/865/865
f 2603/2603/2603 2602/2602/2602 2601/2601/2601
f 1777/1777/1777 2604/2604/2604 1775/1775/1775
f 1628/1628/1628 2604/2604/2604 1777/1777/1777
f 2020/2020/2020 1869/1869/1869 2021/2021/2021
f 1868/1868/1868 1869/1869/1869 2020/2020/2020
f 2188/2188/2188 2064/2064/2064 2187/2187/2187
f 2062/2062/2062 2064/2064/2064 2188/2188/2188
f 2605/2605/2605 1044/1044/1044 2606/2606/2606
f 2607/2607/2607 1044/1044/1044 2605/2605/2605
f 1533/1533/1533 1065/1065/1065 1062/1062/1062
f 2608/2608/2608 1065/1065/1065 1533/1533/1533
f 1953/1953/1953 950/950/950 2609/2609/2609
f 1953/1953/1953 948/948/948 950/950/950
f 1639/1639/1639 686/686/686 1642/1642/1642
f 2610/2610/2610 686/686/686 1639/1639/1639
f 13/13/13 1197/1197/1197 1194/1194/1194
f 13/13/13 15/15/15 1197/1197/1197
f 1392/1392/1392 114/114/114 1763/1763/1763
f 2611/2611/2611 114/114/114 1392/1392/1392
f 1069/1069/1069 2555/2555/2555 1070/1070/1070
f 1069/1069/1069 2273/2273/2273 2555/2555/2555
f 2612/2612/2612 350/350/350 739/739/739
f 351/351/351 350/350/350 2612/2612/2612
f 2053/2053/2053 55/55/55 2089/2089/2089
f 1221/1221/1221 321/321/321 1521/1521/1521
f 1223/1223/1223 321/321/321 1221/1221/1221
f 1018/1018/1018 2613/2613/2613 2009/2009/2009
f 1020/1020/1020 2613/2613/2613 1018/1018/1018
f 55/55/55 2614/2614/2614 2615/2615/2615
f 63/63/63 78/78/78 80/80/80
f 63/63/63 65/65/65 78/78/78
f 1593/1593/1593 1589/1589/1589 1875/1875/1875
f 1593/1593/1593 1592/1592/1592 1589/1589/1589
f 88/88/88 2462/2462/2462 86/86/86
f 2035/2035/2035 2462/2462/2462 88/88/88
f 349/349/349 2616/2616/2616 352/352/352
f 2617/2617/2617 2616/2616/2616 349/349/349
f 1310/1310/1310 1850/1850/1850 1311/1311/1311
f 1310/1310/1310 2618/2618/2618 1850/1850/1850
f 2619/2619/2619 1916/1916/1916 519/519/519
f 2619/2619/2619 2620/2620/2620 1916/1916/1916
f 2620/2620/2620 2621/2621/2621 1916/1916/1916
f 2621/2621/2621 2622/2622/2622 1916/1916/1916
f 2622/2622/2622 2623/2623/2623 1916/1916/1916
f 2003/2003/2003 797/797/797 2006/2006/2006
f 2624/2624/2624 797/797/797 2003/2003/2003
f 47/47/47 573/573/573 569/569/569
f 2625/2625/2625 2626/2626/2626 281/281/281
f 2625/2625/2625 199/199/199 2626/2626/2626
f 1042/1042/1042 1953/1953/1953 1409/1409/1409
f 1042/1042/1042 2627/2627/2627 1953/1953/1953
f 2627/2627/2627 2628/2628/2628 1953/1953/1953
f 2628/2628/2628 678/678/678 1953/1953/1953
f 678/678/678 679/679/679 1953/1953/1953
f 2533/2533/2533 773/773/773 2429/2429/2429
f 2533/2533/2533 776/776/776 773/773/773
f 871/871/871 236/236/236 238/238/238
f 871/871/871 1480/1480/1480 236/236/236
f 1675/1675/1675 2629/2629/2629 2630/2630/2630
f 1675/1675/1675 2631/2631/2631 2629/2629/2629
f 2631/2631/2631 1565/1565/1565 2629/2629/2629
f 1565/1565/1565 1564/1564/1564 2629/2629/2629
f 1564/1564/1564 2632/2632/2632 2629/2629/2629
f 2430/2430/2430 833/833/833 1664/1664/1664
f 2430/2430/2430 831/831/831 833/833/833
f 2309/2309/2309 704/704/704 416/416/416
f 2309/2309/2309 2308/2308/2308 704/704/704
f 47/47/47 2633/2633/2633 2634/2634/2634
f 2635/2635/2635 146/146/146 2636/2636/2636
f 2637/2637/2637 146/146/146 2635/2635/2635
f 2638/2638/2638 902/902/902 904/904/904
f 2639/2639/2639 902/902/902 2638/2638/2638
f 2367/2367/2367 1766/1766/1766 2640/2640/2640
f 2367/2367/2367 1764/1764/1764 1766/1766/1766
f 1053/1053/1053 2145/2145/2145 1056/1056/1056
f 2146/2146/2146 2145/2145/2145 1053/1053/1053
f 990/990/990 2012/2012/2012 988/988/988
f 990/990/990 2015/2015/2015 2012/2012/2012
f 2626/2626/2626 662/662/662 641/641/641
f 2626/2626/2626 2542/2542/2542 662/662/662
f 1464/1464/1464 349/349/349 351/351/351
f 2555/2555/2555 349/349/349 1464/1464/1464
f 2641/2641/2641 2234/2234/2234 2469/2469/2469
f 1034/1034/1034 821/821/821 820/820/820
f 2642/2642/2642 2234/2234/2234 2641/2641/2641
f 1034/1034/1034 2642/2642/2642 821/821/821
f 1034/1034/1034 2234/2234/2234 2642/2642/2642
f 55/55/55 1098/1098/1098 2030/2030/2030
f 387/387/387 531/531/531 388/388/388
f 387/387/387 860/860/860 531/531/531
f 55/55/55 2643/2643/2643 2644/2644/2644
f 2262/2262/2262 2616/2616/2616 2617/2617/2617
f 2262/2262/2262 1862/1862/1862 2616/2616/2616
f 1394/1394/1394 1423/1423/1423 1397/1397/1397
f 2645/2645/2645 1423/1423/1423 1394/1394/1394
f 1932/1932/1932 2562/2562/2562 2387/2387/2387
f 1931/1931/1931 2646/2646/2646 1932/1932/1932
f 2646/2646/2646 2647/2647/2647 1932/1932/1932
f 2647/2647/2647 2648/2648/2648 1932/1932/1932
f 2648/2648/2648 2562/2562/2562 1932/1932/1932
f 1135/1135/1135 2649/2649/2649 1138/1138/1138
f 1784/1784/1784 2649/2649/2649 1135/1135/1135
f 2650/2650/2650 2473/2473/2473 2552/2552/2552
f 2650/2650/2650 2290/2290/2290 2473/2473/2473
f 1663/1663/1663 1872/1872/1872 2578/2578/2578
f 1288/1288/1288 1872/1872/1872 1663/1663/1663
f 47/47/47 2651/2651/2651 2652/2652/2652
f 2259/2259/2259 2131/2131/2131 2132/2132/2132
f 2077/2077/2077 2131/2131/2131 2259/2259/2259
f 2252/2252/2252 2423/2423/2423 2424/2424/2424
f 2253/2253/2253 2423/2423/2423 2252/2252/2252
f 2653/2653/2653 1454/1454/1454 1451/1451/1451
f 2653/2653/2653 2654/2654/2654 1454/1454/1454
f 2595/2595/2595 2036/2036/2036 2038/2038/2038
f 2597/2597/2597 2036/2036/2036 2595/2595/2595
f 2655/2655/2655 1233/1233/1233 1235/1235/1235
f 151/151/151 2656/2656/2656 152/152/152
f 151/151/151 2657/2657/2657 2656/2656/2656
f 2657/2657/2657 1233/1233/1233 2655/2655/2655
f 151/151/151 1233/1233/1233 2657/2657/2657
f 55/55/55 1822/1822/1822 1819/1819/1819
f 833/833/833 393/393/393 2306/2306/2306
f 833/833/833 832/832/832 393/393/393
f 893/893/893 7/7/7 894/894/894
f 893/893/893 5/5/5 7/7/7
f 1693/1693/1693 2237/2237/2237 1584/1584/1584
f 1693/1693/1693 1695/1695/1695 2237/2237/2237
f 2305/2305/2305 646/646/646 2658/2658/2658
f 2305/2305/2305 644/644/644 646/646/646
f 55/55/55 2503/2503/2503 2659/2659/2659
f 754/754/754 1377/1377/1377 1788/1788/1788
f 756/756/756 1377/1377/1377 754/754/754
f 1415/1415/1415 1702/1702/1702 1504/1504/1504
f 1415/1415/1415 1414/1414/1414 1702/1702/1702
f 2445/2445/2445 1675/1675/1675 2630/2630/2630
f 2449/2449/2449 2660/2660/2660 2445/2445/2445
f 2660/2660/2660 2661/2661/2661 2445/2445/2445
f 2661/2661/2661 1676/1676/1676 2445/2445/2445
f 1676/1676/1676 1675/1675/1675 2445/2445/2445
f 2662/2662/2662 2189/2189/2189 2663/2663/2663
f 2190/2190/2190 2189/2189/2189 2662/2662/2662
f 2664/2664/2664 2082/2082/2082 2207/2207/2207
f 290/290/290 2082/2082/2082 2664/2664/2664
f 688/688/688 2516/2516/2516 2560/2560/2560
f 688/688/688 689/689/689 2516/2516/2516
f 2625/2625/2625 202/202/202 199/199/199
f 1308/1308/1308 202/202/202 2625/2625/2625
f 219/219/219 1176/1176/1176 222/222/222
f 1177/1177/1177 1176/1176/1176 219/219/219
f 539/539/539 2430/2430/2430 540/540/540
f 539/539/539 2429/2429/2429 2430/2430/2430
f 1387/1387/1387 1442/1442/1442 1439/1439/1439
f 2665/2665/2665 1442/1442/1442 1387/1387/1387
f 47/47/47 2666/2666/2666 2667/2667/2667
f 2342/2342/2342 2280/2280/2280 2281/2281/2281
f 1928/1928/1928 2500/2500/2500 2342/2342/2342
f 2500/2500/2500 2501/2501/2501 2342/2342/2342
f 2501/2501/2501 2668/2668/2668 2342/2342/2342
f 2668/2668/2668 2280/2280/2280 2342/2342/2342
f 47/47/47 267/267/267 269/269/269
f 1464/1464/1464 2612/2612/2612 1465/1465/1465
f 1464/1464/1464 351/351/351 2612/2612/2612
f 1682/1682/1682 2669/2669/2669 1681/1681/1681
f 1682/1682/1682 428/428/428 2669/2669/2669
f 1459/1459/1459 2411/2411/2411 839/839/839
f 1459/1459/1459 2412/2412/2412 2411/2411/2411
f 1378/1378/1378 2165/2165/2165 609/609/609
f 2193/2193/2193 2165/2165/2165 1378/1378/1378
f 308/308/308 633/633/633 260/260/260
f 308/308/308 2531/2531/2531 633/633/633
f 2531/2531/2531 2670/2670/2670 633/633/633
f 2670/2670/2670 1273/1273/1273 633/633/633
f 1273/1273/1273 997/997/997 633/633/633
f 1525/1525/1525 2181/2181/2181 1884/1884/1884
f 746/746/746 2181/2181/2181 1525/1525/1525
f 1653/1653/1653 2215/2215/2215 1734/1734/1734
f 1653/1653/1653 1655/1655/1655 2215/2215/2215
f 2671/2671/2671 686/686/686 2610/2610/2610
f 2671/2671/2671 684/684/684 686/686/686
f 47/47/47 2672/2672/2672 2022/2022/2022
f 1319/1319/1319 2134/2134/2134 1630/1630/1630
f 1318/1318/1318 2134/2134/2134 1319/1319/1319
f 2291/2291/2291 1937/1937/1937 2292/2292/2292
f 2291/2291/2291 1940/1940/1940 1937/1937/1937
f 2673/2673/2673 926/926/926 2674/2674/2674
f 2673/2673/2673 2675/2675/2675 926/926/926
f 2675/2675/2675 2676/2676/2676 926/926/926
f 2676/2676/2676 2677/2677/2677 926/926/926
f 2677/2677/2677 927/927/927 926/926/926
f 2187/2187/2187 1728/1728/1728 1730/1730/1730
f 2187/2187/2187 2678/2678/2678 1728/1728/1728
f 2679/2679/2679 55/55/55 2175/2175/2175
f 2211/2211/2211 165/165/165 2680/2680/2680
f 2211/2211/2211 1348/1348/1348 165/165/165
f 1633/1633/1633 1594/1594/1594 1595/1595/1595
f 1633/1633/1633 1634/1634/1634 1594/1594/1594
f 2480/2480/2480 2681/2681/2681 2682/2682/2682
f 2359/2359/2359 2681/2681/2681 2480/2480/2480
f 194/194/194 553/553/553 192/192/192
f 1750/1750/1750 553/553/553 194/194/194
f 18/18/18 1205/1205/1205 19/19/19
f 18/18/18 1207/1207/1207 1205/1205/1205
f 654/654/654 2390/2390/2390 657/657/657
f 864/864/864 2390/2390/2390 654/654/654
f 752/752/752 2155/2155/2155 2683/2683/2683
f 2684/2684/2684 2155/2155/2155 752/752/752
f 2685/2685/2685 225/225/225 741/741/741
f 2686/2686/2686 225/225/225 2685/2685/2685
f 2259/2259/2259 589/589/589 591/591/591
f 2259/2259/2259 2132/2132/2132 589/589/589
f 2687/2687/2687 985/985/985 1975/1975/1975
f 983/983/983 985/985/985 2687/2687/2687
f 553/553/553 496/496/496 192/192/192
f 553/553/553 555/555/555 496/496/496
f 2688/2688/2688 1080/1080/1080 1082/1082/1082
f 2689/2689/2689 1558/1558/1558 1557/1557/1557
f 2689/2689/2689 2690/2690/2690 1558/1558/1558
f 2690/2690/2690 1080/1080/1080 2688/2688/2688
f 2689/2689/2689 1080/1080/1080 2690/2690/2690
f 2691/2691/2691 188/188/188 190/190/190
f 2691/2691/2691 2692/2692/2692 188/188/188
f 2693/2693/2693 724/724/724 726/726/726
f 2694/2694/2694 724/724/724 2693/2693/2693
f 2695/2695/2695 1112/1112/1112 2696/2696/2696
f 2695/2695/2695 2697/2697/2697 1112/1112/1112
f 1681/1681/1681 1321/1321/1321 766/766/766
f 1681/1681/1681 2669/2669/2669 1321/1321/1321
f 168/168/168 2182/2182/2182 2698/2698/2698
f 1349/1349/1349 2182/2182/2182 168/168/168
f 98/98/98 450/450/450 99/99/99
f 98/98/98 1841/1841/1841 450/450/450
f 2699/2699/2699 2700/2700/2700 2701/2701/2701
f 2699/2699/2699 2702/2702/2702 2700/2700/2700
f 778/778/778 1181/1181/1181 1316/1316/1316
f 778/778/778 1400/1400/1400 1181/1181/1181
f 2703/2703/2703 2704/2704/2704 2705/2705/2705
f 2703/2703/2703 2706/2706/2706 2704/2704/2704
f 6/6/6 2707/2707/2707 2708/2708/2708
f 8/8/8 2707/2707/2707 6/6/6
f 2709/2709/2709 1191/1191/1191 1924/1924/1924
f 1192/1192/1192 1191/1191/1191 2709/2709/2709
f 373/373/373 568/568/568 599/599/599
f 373/373/373 1368/1368/1368 568/568/568
f 55/55/55 2710/2710/2710 2711/2711/2711
f 1560/1560/1560 280/280/280 2380/2380/2380
f 196/196/196 280/280/280 1560/1560/1560
f 1298/1298/1298 1175/1175/1175 2712/2712/2712
f 1048/1048/1048 1175/1175/1175 1298/1298/1298
f 47/47/47 2713/2713/2713 2714/2714/2714
f 55/55/55 2715/2715/2715 996/996/996
f 2065/2065/2065 1628/1628/1628 1777/1777/1777
f 1629/1629/1629 1628/1628/1628 2065/2065/2065
f 645/645/645 2716/2716/2716 2717/2717/2717
f 647/647/647 2716/2716/2716 645/645/645
f 2592/2592/2592 97/97/97 2532/2532/2532
f 2589/2589/2589 97/97/97 2592/2592/2592
f 1725/1725/1725 1201/1201/1201 1203/1203/1203
f 2718/2718/2718 1201/1201/1201 1725/1725/1725
f 924/924/924 2351/2351/2351 925/925/925
f 924/924/924 2314/2314/2314 2351/2351/2351
f 2314/2314/2314 2719/2719/2719 2351/2351/2351
f 2314/2314/2314 2130/2130/2130 2719/2719/2719
f 1997/1997/1997 1639/1639/1639 1641/1641/1641
f 2720/2720/2720 1639/1639/1639 1997/1997/1997
f 2721/2721/2721 2722/2722/2722 2723/2723/2723
f 2724/2724/2724 1580/1580/1580 2323/2323/2323
f 1581/1581/1581 2722/2722/2722 2721/2721/2721
f 2724/2724/2724 1581/1581/1581 1580/1580/1580
f 2724/2724/2724 2722/2722/2722 1581/1581/1581
f 55/55/55 2725/2725/2725 2726/2726/2726
f 662/662/662 2543/2543/2543 665/665/665
f 2542/2542/2542 2543/2543/2543 662/662/662
f 2488/2488/2488 2510/2510/2510 2509/2509/2509
f 2488/2488/2488 2727/2727/2727 2510/2510/2510
f 2728/2728/2728 2508/2508/2508 2729/2729/2729
f 2730/2730/2730 2508/2508/2508 2728/2728/2728
f 55/55/55 2173/2173/2173 2178/2178/2178
f 2731/2731/2731 2100/2100/2100 2102/2102/2102
f 2731/2731/2731 2732/2732/2732 2100/2100/2100
f 2733/2733/2733 258/258/258 255/255/255
f 2734/2734/2734 258/258/258 2733/2733/2733
f 1402/1402/1402 1516/1516/1516 1518/1518/1518
f 1402/1402/1402 2735/2735/2735 1516/1516/1516
f 1099/1099/1099 492/492/492 489/489/489
f 1099/1099/1099 1844/1844/1844 492/492/492
f 55/55/55 2648/2648/2648 2647/2647/2647
f 1854/1854/1854 2709/2709/2709 2137/2137/2137
f 1430/1430/1430 2709/2709/2709 1854/1854/1854
f 1728/1728/1728 2736/2736/2736 629/629/629
f 2678/2678/2678 2736/2736/2736 1728/1728/1728
f 1708/1708/1708 1160/1160/1160 1587/1587/1587
f 1708/1708/1708 1161/1161/1161 1160/1160/1160
f 850/850/850 2737/2737/2737 1092/1092/1092
f 850/850/850 851/851/851 2737/2737/2737
f 2325/2325/2325 1677/1677/1677 1679/1679/1679
f 2327/2327/2327 1677/1677/1677 2325/2325/2325
f 1830/1830/1830 2738/2738/2738 2266/2266/2266
f 1830/1830/1830 2304/2304/2304 2738/2738/2738
f 1426/1426/1426 2739/2739/2739 2740/2740/2740
f 1426/1426/1426 2341/2341/2341 2739/2739/2739
f 60/60/60 2594/2594/2594 715/715/715
f 62/62/62 2594/2594/2594 60/60/60
f 380/380/380 2741/2741/2741 1944/1944/1944
f 380/380/380 2742/2742/2742 2741/2741/2741
f 55/55/55 1230/1230/1230 1229/1229/1229
f 223/223/223 2743/2743/2743 226/226/226
f 2744/2744/2744 2743/2743/2743 223/223/223
f 2745/2745/2745 1386/1386/1386 1255/1255/1255
f 2745/2745/2745 1389/1389/1389 1386/1386/1386
f 2043/2043/2043 2663/2663/2663 2046/2046/2046
f 2662/2662/2662 2663/2663/2663 2043/2043/2043
f 47/47/47 1866/1866/1866 2746/2746/2746
f 2747/2747/2747 1533/1533/1533 1535/1535/1535
f 2747/2747/2747 2608/2608/2608 1533/1533/1533
f 962/962/962 1906/1906/1906 2564/2564/2564
f 2748/2748/2748 1906/1906/1906 962/962/962
f 55/55/55 1931/1931/1931 1936/1936/1936
f 1049/1049/1049 1175/1175/1175 1048/1048/1048
f 1049/1049/1049 1174/1174/1174 1175/1175/1175
f 1849/1849/1849 2276/2276/2276 768/768/768
f 1849/1849/1849 1851/1851/1851 2276/2276/2276
f 2145/2145/2145 2043/2043/2043 2045/2045/2045
f 2147/2147/2147 2043/2043/2043 2145/2145/2145
f 47/47/47 2074/2074/2074 2749/2749/2749
f 2669/2669/2669 2410/2410/2410 1321/1321/1321
f 2669/2669/2669 1783/1783/1783 2410/2410/2410
f 1120/1120/1120 1050/1050/1050 2418/2418/2418
f 1120/1120/1120 1052/1052/1052 1050/1050/1050
f 1644/1644/1644 177/177/177 2750/2750/2750
f 1644/1644/1644 365/365/365 177/177/177
f 2332/2332/2332 2751/2751/2751 2333/2333/2333
f 2332/2332/2332 2752/2752/2752 2751/2751/2751
f 1924/1924/1924 1894/1894/1894 2199/2199/2199
f 1924/1924/1924 913/913/913 1894/1894/1894
f 2183/2183/2183 1616/1616/1616 1266/1266/1266
f 2753/2753/2753 1616/1616/1616 2183/2183/2183
f 1928/1928/1928 55/55/55 2500/2500/2500
f 314/314/314 2581/2581/2581 1157/1157/1157
f 314/314/314 1946/1946/1946 2581/2581/2581
f 888/888/888 669/669/669 2458/2458/2458
f 888/888/888 890/890/890 669/669/669
f 2754/2754/2754 332/332/332 334/334/334
f 2754/2754/2754 1785/1785/1785 332/332/332
f 1972/1972/1972 2031/2031/2031 372/372/372
f 1972/1972/1972 2326/2326/2326 2031/2031/2031
f 2376/2376/2376 1065/1065/1065 2608/2608/2608
f 2376/2376/2376 1774/1774/1774 1065/1065/1065
f 2755/2755/2755 159/159/159 394/394/394
f 2755/2755/2755 157/157/157 159/159/159
f 1996/1996/1996 1333/1333/1333 661/661/661
f 1996/1996/1996 1332/1332/1332 1333/1333/1333
f 47/47/47 2232/2232/2232 2633/2633/2633
f 47/47/47 2756/2756/2756 2757/2757/2757
f 779/779/779 1316/1316/1316 1484/1484/1484
f 779/779/779 778/778/778 1316/1316/1316
f 2758/2758/2758 2759/2759/2759 2760/2760/2760
f 2761/2761/2761 2759/2759/2759 2758/2758/2758
f 2228/2228/2228 2475/2475/2475 2762/2762/2762
f 1649/1649/1649 2475/2475/2475 2228/2228/2228
f 715/715/715 2328/2328/2328 713/713/713
f 2594/2594/2594 2328/2328/2328 715/715/715
f 2476/2476/2476 1112/1112/1112 1109/1109/1109
f 2696/2696/2696 1112/1112/1112 2476/2476/2476
f 55/55/55 231/231/231 2557/2557/2557
f 2204/2204/2204 417/417/417 2205/2205/2205
f 2204/2204/2204 2763/2763/2763 417/417/417
f 55/55/55 186/186/186 2764/2764/2764
f 721/721/721 2765/2765/2765 1752/1752/1752
f 1125/1125/1125 2765/2765/2765 721/721/721
f 2333/2333/2333 478/478/478 2766/2766/2766
f 2333/2333/2333 2751/2751/2751 478/478/478
f 2767/2767/2767 2768/2768/2768 2769/2769/2769
f 2770/2770/2770 2768/2768/2768 2767/2767/2767
f 1701/1701/1701 1705/1705/1705 2063/2063/2063
f 1703/1703/1703 1705/1705/1705 1701/1701/1701
f 1590/1590/1590 2474/2474/2474 1591/1591/1591
f 1590/1590/1590 2312/2312/2312 2474/2474/2474
f 205/205/205 101/101/101 2254/2254/2254
f 205/205/205 207/207/207 101/101/101
f 2493/2493/2493 1284/1284/1284 1282/1282/1282
f 1967/1967/1967 1284/1284/1284 2493/2493/2493
f 540/540/540 1664/1664/1664 1666/1666/1666
f 540/540/540 2430/2430/2430 1664/1664/1664
f 1918/1918/1918 1453/1453/1453 2507/2507/2507
f 1918/1918/1918 1451/1451/1451 1453/1453/1453
f 2330/2330/2330 294/294/294 632/632/632
f 2330/2330/2330 292/292/292 294/294/294
f 1898/1898/1898 327/327/327 1813/1813/1813
f 1898/1898/1898 325/325/325 327/327/327
f 2128/2128/2128 1834/1834/1834 1835/1835/1835
f 2128/2128/2128 2479/2479/2479 1834/1834/1834
f 2296/2296/2296 2771/2771/2771 2772/2772/2772
f 2295/2295/2295 2771/2771/2771 2296/2296/2296
f 2773/2773/2773 2774/2774/2774 2775/2775/2775
f 1031/1031/1031 1492/1492/1492 1494/1494/1494
f 1030/1030/1030 1492/1492/1492 1031/1031/1031
f 2773/2773/2773 1030/1030/1030 2774/2774/2774
f 2773/2773/2773 1492/1492/1492 1030/1030/1030
f 55/55/55 1740/1740/1740 1739/1739/1739
f 2776/2776/2776 284/284/284 1779/1779/1779
f 2776/2776/2776 287/287/287 284/284/284
f 742/742/742 1307/1307/1307 1308/1308/1308
f 744/744/744 1307/1307/1307 742/742/742
f 1267/1267/1267 2636/2636/2636 1268/1268/1268
f 2635/2635/2635 2636/2636/2636 1267/1267/1267
f 1850/1850/1850 2777/2777/2777 2778/2778/2778
f 2618/2618/2618 2777/2777/2777 1850/1850/1850
f 2365/2365/2365 20/20/20 17/17/17
f 2779/2779/2779 20/20/20 2365/2365/2365
f 328/328/328 2780/2780/2780 2781/2781/2781
f 900/900/900 2780/2780/2780 328/328/328
f 1630/1630/1630 2133/2133/2133 2782/2782/2782
f 2134/2134/2134 2133/2133/2133 1630/1630/1630
f 693/693/693 2095/2095/2095 1979/1979/1979
f 2094/2094/2094 2095/2095/2095 693/693/693
f 1171/1171/1171 2783/2783/2783 2784/2784/2784
f 1173/1173/1173 2783/2783/2783 1171/1171/1171
f 2114/2114/2114 2785/2785/2785 2786/2786/2786
f 2114/2114/2114 2685/2685/2685 2785/2785/2785
f 2393/2393/2393 55/55/55 1792/1792/1792
f 2787/2787/2787 2700/2700/2700 2788/2788/2788
f 2701/2701/2701 2700/2700/2700 2787/2787/2787
f 2738/2738/2738 2789/2789/2789 2790/2790/2790
f 2304/2304/2304 2789/2789/2789 2738/2738/2738
f 1534/1534/1534 1062/1062/1062 2791/2791/2791
f 1533/1533/1533 1062/1062/1062 1534/1534/1534
f 822/822/822 2792/2792/2792 825/825/825
f 532/532/532 2792/2792/2792 822/822/822
f 2793/2793/2793 612/612/612 1746/1746/1746
f 2793/2793/2793 1963/1963/1963 612/612/612
f 2474/2474/2474 1717/1717/1717 2794/2794/2794
f 2312/2312/2312 1717/1717/1717 2474/2474/2474
f 1140/1140/1140 1523/1523/1523 1141/1141/1141
f 1140/1140/1140 1943/1943/1943 1523/1523/1523
f 2505/2505/2505 673/673/673 670/670/670
f 2505/2505/2505 2188/2188/2188 673/673/673
f 2286/2286/2286 2783/2783/2783 1173/1173/1173
f 2286/2286/2286 2795/2795/2795 2783/2783/2783
f 2652/2652/2652 1032/1032/1032 2796/2796/2796
f 2042/2042/2042 2714/2714/2714 2713/2713/2713
f 2651/2651/2651 1032/1032/1032 2652/2652/2652
f 2042/2042/2042 2651/2651/2651 2714/2714/2714
f 2042/2042/2042 1032/1032/1032 2651/2651/2651
f 1856/1856/1856 1123/1123/1123 2322/2322/2322
f 1856/1856/1856 1126/1126/1126 1123/1123/1123
f 2081/2081/2081 720/720/720 1340/1340/1340
f 1760/1760/1760 720/720/720 2081/2081/2081
f 2072/2072/2072 771/771/771 525/525/525
f 2072/2072/2072 2052/2052/2052 771/771/771
f 2639/2639/2639 2797/2797/2797 902/902/902
f 1250/1250/1250 2797/2797/2797 2639/2639/2639
f 2798/2798/2798 747/747/747 1524/1524/1524
f 2799/2799/2799 747/747/747 2798/2798/2798
f 2697/2697/2697 1110/1110/1110 1112/1112/1112
f 2697/2697/2697 1532/1532/1532 1110/1110/1110
f 431/431/431 2344/2344/2344 1971/1971/1971
f 432/432/432 2344/2344/2344 431/431/431
f 60/60/60 137/137/137 139/139/139
f 60/60/60 715/715/715 137/137/137
f 1191/1191/1191 2800/2800/2800 915/915/915
f 1193/1193/1193 2800/2800/2800 1191/1191/1191
f 2801/2801/2801 1010/1010/1010 2484/2484/2484
f 2801/2801/2801 1008/1008/1008 1010/1010/1010
f 825/825/825 2588/2588/2588 2585/2585/2585
f 2792/2792/2792 2588/2588/2588 825/825/825
f 526/526/526 1067/1067/1067 1066/1066/1066
f 526/526/526 528/528/528 1067/1067/1067
f 2636/2636/2636 2601/2601/2601 1268/1268/1268
f 2636/2636/2636 2603/2603/2603 2601/2601/2601
f 625/625/625 2802/2802/2802 2217/2217/2217
f 2803/2803/2803 270/270/270 272/272/272
f 625/625/625 2804/2804/2804 2802/2802/2802
f 2804/2804/2804 270/270/270 2803/2803/2803
f 625/625/625 270/270/270 2804/2804/2804
f 2223/2223/2223 1286/1286/1286 200/200/200
f 2223/2223/2223 1317/1317/1317 1286/1286/1286
f 1219/1219/1219 101/101/101 103/103/103
f 2254/2254/2254 101/101/101 1219/1219/1219
f 1776/1776/1776 2805/2805/2805 2806/2806/2806
f 1775/1775/1775 2805/2805/2805 1776/1776/1776
f 478/478/478 2494/2494/2494 481/481/481
f 2751/2751/2751 2494/2494/2494 478/478/478
f 2681/2681/2681 161/161/161 2682/2682/2682
f 2681/2681/2681 179/179/179 161/161/161
f 1602/1602/1602 1976/1976/1976 1605/1605/1605
f 691/691/691 1976/1976/1976 1602/1602/1602
f 2239/2239/2239 450/450/450 447/447/447
f 99/99/99 450/450/450 2239/2239/2239
f 1977/1977/1977 227/227/227 1978/1978/1978
f 1977/1977/1977 1986/1986/1986 227/227/227
f 1482/1482/1482 1193/1193/1193 1190/1190/1190
f 1482/1482/1482 1347/1347/1347 1193/1193/1193
f 1347/1347/1347 1346/1346/1346 1193/1193/1193
f 1346/1346/1346 2807/2807/2807 1193/1193/1193
f 2807/2807/2807 2808/2808/2808 1193/1193/1193
f 1458/1458/1458 578/578/578 580/580/580
f 1411/1411/1411 578/578/578 1458/1458/1458
f 380/380/380 384/384/384 2742/2742/2742
f 382/382/382 384/384/384 380/380/380
f 1348/1348/1348 1637/1637/1637 1349/1349/1349
f 2212/2212/2212 1637/1637/1637 1348/1348/1348
f 2226/2226/2226 730/730/730 1721/1721/1721
f 2226/2226/2226 733/733/733 730/730/730
f 47/47/47 2119/2119/2119 2117/2117/2117
f 1161/1161/1161 1380/1380/1380 906/906/906
f 1379/1379/1379 1380/1380/1380 1161/1161/1161
f 869/869/869 238/238/238 586/586/586
f 869/869/869 871/871/871 238/238/238
f 2809/2809/2809 458/458/458 2058/2058/2058
f 2809/2809/2809 459/459/459 458/458/458
f 47/47/47 2796/2796/2796 48/48/48
f 2426/2426/2426 706/706/706 1127/1127/1127
f 414/414/414 706/706/706 2426/2426/2426
f 659/659/659 1333/1333/1333 1877/1877/1877
f 661/661/661 1333/1333/1333 659/659/659
f 1738/1738/1738 55/55/55 1739/1739/1739
f 2810/2810/2810 2232/2232/2232 2023/2023/2023
f 2634/2634/2634 403/403/403 2811/2811/2811
f 2633/2633/2633 403/403/403 2634/2634/2634
f 2810/2810/2810 2633/2633/2633 2232/2232/2232
f 2810/2810/2810 403/403/403 2633/2633/2633
f 1304/1304/1304 2812/2812/2812 1305/1305/1305
f 1304/1304/1304 2813/2813/2813 2812/2812/2812
f 1280/1280/1280 2478/2478/2478 1281/1281/1281
f 1496/1496/1496 1406/1406/1406 1405/1405/1405
f 2814/2814/2814 2478/2478/2478 1280/1280/1280
f 1496/1496/1496 2814/2814/2814 1406/1406/1406
f 1496/1496/1496 2478/2478/2478 2814/2814/2814
f 1784/1784/1784 2017/2017/2017 2649/2649/2649
f 2018/2018/2018 2017/2017/2017 1784/1784/1784
f 2067/2067/2067 1758/1758/1758 1757/1757/1757
f 2815/2815/2815 1274/1274/1274 1643/1643/1643
f 2067/2067/2067 2816/2816/2816 1758/1758/1758
f 2816/2816/2816 1274/1274/1274 2815/2815/2815
f 2067/2067/2067 1274/1274/1274 2816/2816/2816
f 2264/2264/2264 2421/2421/2421 2265/2265/2265
f 353/353/353 2817/2817/2817 2242/2242/2242
f 2818/2818/2818 2421/2421/2421 2264/2264/2264
f 353/353/353 2818/2818/2818 2817/2817/2817
f 353/353/353 2421/2421/2421 2818/2818/2818
f 1959/1959/1959 55/55/55 1960/1960/1960
f 2619/2619/2619 55/55/55 2620/2620/2620
f 1648/1648/1648 2475/2475/2475 1649/1649/1649
f 1648/1648/1648 2476/2476/2476 2475/2475/2475
f 2276/2276/2276 1576/1576/1576 854/854/854
f 2276/2276/2276 1582/1582/1582 1576/1576/1576
f 2356/2356/2356 2033/2033/2033 2210/2210/2210
f 2356/2356/2356 2357/2357/2357 2033/2033/2033
f 1435/1435/1435 1882/1882/1882 1883/1883/1883
f 1435/1435/1435 1437/1437/1437 1882/1882/1882
f 756/756/756 1375/1375/1375 1377/1377/1377
f 732/732/732 1375/1375/1375 756/756/756
f 2041/2041/2041 637/637/637 740/740/740
f 2041/2041/2041 2040/2040/2040 637/637/637
f 2778/2778/2778 1693/1693/1693 2277/2277/2277
f 2778/2778/2778 1696/1696/1696 1693/1693/1693
f 2575/2575/2575 2819/2819/2819 1450/1450/1450
f 2820/2820/2820 2819/2819/2819 2575/2575/2575
f 638/638/638 1047/1047/1047 2821/2821/2821
f 638/638/638 925/925/925 1047/1047/1047
f 2060/2060/2060 1360/1360/1360 2822/2822/2822
f 1361/1361/1361 1360/1360/1360 2060/2060/2060
f 1338/1338/1338 2550/2550/2550 1747/1747/1747
f 2551/2551/2551 2550/2550/2550 1338/1338/1338
f 47/47/47 2069/2069/2069 2070/2070/2070
f 381/381/381 1944/1944/1944 1945/1945/1945
f 381/381/381 380/380/380 1944/1944/1944
f 1481/1481/1481 1223/1223/1223 1220/1220/1220
f 1481/1481/1481 2823/2823/2823 1223/1223/1223
f 2426/2426/2426 1129/1129/1129 1613/1613/1613
f 2426/2426/2426 1127/1127/1127 1129/1129/1129
f 2824/2824/2824 1385/1385/1385 2825/2825/2825
f 634/634/634 1385/1385/1385 2824/2824/2824
f 882/882/882 2826/2826/2826 883/883/883
f 2827/2827/2827 2388/2388/2388 2284/2284/2284
f 882/882/882 2828/2828/2828 2826/2826/2826
f 2828/2828/2828 2388/2388/2388 2827/2827/2827
f 882/882/882 2388/2388/2388 2828/2828/2828
f 125/125/125 2829/2829/2829 2361/2361/2361
f 127/127/127 2829/2829/2829 125/125/125
f 1903/1903/1903 89/89/89 1901/1901/1901
f 1903/1903/1903 549/549/549 89/89/89
f 1483/1483/1483 2223/2223/2223 1309/1309/1309
f 1483/1483/1483 1484/1484/1484 2223/2223/2223
f 637/637/637 2830/2830/2830 640/640/640
f 2040/2040/2040 2830/2830/2830 637/637/637
f 1606/1606/1606 790/790/790 1669/1669/1669
f 1606/1606/1606 1950/1950/1950 790/790/790
f 2286/2286/2286 2348/2348/2348 2795/2795/2795
f 2271/2271/2271 2348/2348/2348 2286/2286/2286
f 2704/2704/2704 2001/2001/2001 901/901/901
f 2706/2706/2706 2001/2001/2001 2704/2704/2704
f 2228/2228/2228 1537/1537/1537 1536/1536/1536
f 2228/2228/2228 2762/2762/2762 1537/1537/1537
f 323/323/323 1918/1918/1918 2507/2507/2507
f 322/322/322 1918/1918/1918 323/323/323
f 874/874/874 1999/1999/1999 2000/2000/2000
f 875/875/875 1999/1999/1999 874/874/874
f 1270/1270/1270 522/522/522 524/524/524
f 1272/1272/1272 522/522/522 1270/1270/1270
f 206/206/206 662/662/662 664/664/664
f 641/641/641 662/662/662 206/206/206
f 1149/1149/1149 1322/1322/1322 2288/2288/2288
f 764/764/764 1322/1322/1322 1149/1149/1149
f 1999/1999/1999 658/658/658 660/660/660
f 170/170/170 658/658/658 1999/1999/1999
f 2385/2385/2385 55/55/55 2386/2386/2386
f 1042/1042/1042 55/55/55 2627/2627/2627
f 464/464/464 64/64/64 66/66/66
f 464/464/464 2831/2831/2831 64/64/64
f 2304/2304/2304 1147/1147/1147 2789/2789/2789
f 1148/1148/1148 1147/1147/1147 2304/2304/2304
f 1087/1087/1087 1985/1985/1985 1987/1987/1987
f 1087/1087/1087 1089/1089/1089 1985/1985/1985
f 2123/2123/2123 749/749/749 2486/2486/2486
f 2124/2124/2124 749/749/749 2123/2123/2123
f 1799/1799/1799 910/910/910 912/912/912
f 1799/1799/1799 574/574/574 910/910/910
f 455/455/455 55/55/55 456/456/456
f 280/280/280 208/208/208 2380/2380/2380
f 280/280/280 279/279/279 208/208/208
f 2832/2832/2832 1743/1743/1743 1744/1744/1744
f 2833/2833/2833 1743/1743/1743 2832/2832/2832
f 129/129/129 1299/1299/1299 1981/1981/1981
f 1667/1667/1667 1299/1299/1299 129/129/129
f 2834/2834/2834 1093/1093/1093 1542/1542/1542
f 2834/2834/2834 259/259/259 1093/1093/1093
f 2013/2013/2013 2360/2360/2360 2417/2417/2417
f 806/806/806 2360/2360/2360 2013/2013/2013
f 1887/1887/1887 1793/1793/1793 2835/2835/2835
f 1887/1887/1887 946/946/946 1793/1793/1793
f 1537/1537/1537 1327/1327/1327 2389/2389/2389
f 2762/2762/2762 1327/1327/1327 1537/1537/1537
f 2623/2623/2623 55/55/55 2836/2836/2836
f 593/593/593 2367/2367/2367 2640/2640/2640
f 2368/2368/2368 2367/2367/2367 593/593/593
f 4/4/4 2638/2638/2638 2/2/2
f 4/4/4 2639/2639/2639 2638/2638/2638
f 285/285/285 1460/1460/1460 286/286/286
f 285/285/285 840/840/840 1460/1460/1460
f 2837/2837/2837 55/55/55 2838/2838/2838
f 708/708/708 2839/2839/2839 1704/1704/1704
f 708/708/708 2840/2840/2840 2839/2839/2839
f 927/927/927 55/55/55 928/928/928
f 1393/1393/1393 2335/2335/2335 104/104/104
f 1393/1393/1393 2186/2186/2186 2335/2335/2335
f 2485/2485/2485 490/490/490 1306/1306/1306
f 491/491/491 490/490/490 2485/2485/2485
f 2738/2738/2738 2799/2799/2799 2506/2506/2506
f 2738/2738/2738 2790/2790/2790 2799/2799/2799
f 2841/2841/2841 1057/1057/1057 1059/1059/1059
f 937/937/937 1057/1057/1057 2841/2841/2841
f 1559/1559/1559 196/196/196 1560/1560/1560
f 197/197/197 196/196/196 1559/1559/1559
f 2716/2716/2716 2694/2694/2694 2693/2693/2693
f 2842/2842/2842 2694/2694/2694 2716/2716/2716
f 2797/2797/2797 905/905/905 902/902/902
f 2797/2797/2797 2080/2080/2080 905/905/905
f 2843/2843/2843 2203/2203/2203 2844/2844/2844
f 2843/2843/2843 2206/2206/2206 2203/2203/2203
f 1208/1208/1208 2125/2125/2125 2126/2126/2126
f 1208/1208/1208 2252/2252/2252 2125/2125/2125
f 2377/2377/2377 1723/1723/1723 1724/1724/1724
f 2377/2377/2377 2845/2845/2845 1723/1723/1723
f 1578/1578/1578 2164/2164/2164 1579/1579/1579
f 1578/1578/1578 2419/2419/2419 2164/2164/2164
f 1842/1842/1842 2036/2036/2036 2597/2597/2597
f 1842/1842/1842 2425/2425/2425 2036/2036/2036
f 977/977/977 1573/1573/1573 339/339/339
f 977/977/977 979/979/979 1573/1573/1573
f 1475/1475/1475 2226/2226/2226 1678/1678/1678
f 1475/1475/1475 1477/1477/1477 2226/2226/2226
f 55/55/55 2673/2673/2673 2846/2846/2846
f 177/177/177 364/364/364 180/180/180
f 365/365/365 364/364/364 177/177/177
f 1790/1790/1790 1168/1168/1168 1789/1789/1789
f 1166/1166/1166 1168/1168/1168 1790/1790/1790
f 1697/1697/1697 2590/2590/2590 2840/2840/2840
f 1697/1697/1697 1699/1699/1699 2590/2590/2590
f 1510/1510/1510 1798/1798/1798 1474/1474/1474
f 1510/1510/1510 1512/1512/1512 1798/1798/1798
f 251/251/251 1735/1735/1735 558/558/558
f 1733/1733/1733 1735/1735/1735 251/251/251
f 1850/1850/1850 2277/2277/2277 1851/1851/1851
f 1850/1850/1850 2778/2778/2778 2277/2277/2277
f 2847/2847/2847 952/952/952 2161/2161/2161
f 2847/2847/2847 955/955/955 952/952/952
f 2539/2539/2539 55/55/55 57/57/57
f 47/47/47 1508/1508/1508 1507/1507/1507
f 1237/1237/1237 239/239/239 241/241/241
f 787/787/787 239/239/239 1237/1237/1237
f 47/47/47 1756/1756/1756 2848/2848/2848
f 2612/2612/2612 2847/2847/2847 2849/2849/2849
f 2612/2612/2612 739/739/739 2847/2847/2847
f 1828/1828/1828 2266/2266/2266 1657/1657/1657
f 1828/1828/1828 1830/1830/1830 2266/2266/2266
f 2850/2850/2850 2851/2851/2851 1253/1253/1253
f 655/655/655 2851/2851/2851 2850/2850/2850
f 1121/1121/1121 2852/2852/2852 521/521/521
f 2726/2726/2726 2725/2725/2725 1121/1121/1121
f 2725/2725/2725 2853/2853/2853 1121/1121/1121
f 2853/2853/2853 2854/2854/2854 1121/1121/1121
f 2854/2854/2854 2852/2852/2852 1121/1121/1121
f 1327/1327/1327 120/120/120 2389/2389/2389
f 1327/1327/1327 123/123/123 120/120/120
f 2183/2183/2183 1264/1264/1264 1805/1805/1805
f 2183/2183/2183 1266/1266/1266 1264/1264/1264
f 1566/1566/1566 2855/2855/2855 1569/1569/1569
f 2160/2160/2160 2855/2855/2855 1566/1566/1566
f 674/674/674 2135/2135/2135 677/677/677
f 2574/2574/2574 2135/2135/2135 674/674/674
f 2504/2504/2504 1701/1701/1701 2062/2062/2062
f 1702/1702/1702 1701/1701/1701 2504/2504/2504
f 1247/1247/1247 408/408/408 1248/1248/1248
f 1247/1247/1247 2856/2856/2856 408/408/408
f 1176/1176/1176 2352/2352/2352 1682/1682/1682
f 1178/1178/1178 2352/2352/2352 1176/1176/1176
f 2857/2857/2857 2858/2858/2858 2624/2624/2624
f 1802/1802/1802 2858/2858/2858 2857/2857/2857
f 1403/1403/1403 2735/2735/2735 1402/1402/1402
f 1403/1403/1403 2609/2609/2609 2735/2735/2735
f 2770/2770/2770 939/939/939 2768/2768/2768
f 940/940/940 939/939/939 2770/2770/2770
f 47/47/47 2690/2690/2690 2688/2688/2688
f 2006/2006/2006 777/777/777 2004/2004/2004
f 2006/2006/2006 2116/2116/2116 777/777/777
f 2567/2567/2567 2346/2346/2346 2347/2347/2347
f 2859/2859/2859 2346/2346/2346 2567/2567/2567
f 1920/1920/1920 1884/1884/1884 1369/1369/1369
f 1525/1525/1525 1884/1884/1884 1920/1920/1920
f 2768/2768/2768 676/676/676 2769/2769/2769
f 2768/2768/2768 674/674/674 676/676/676
f 1765/1765/1765 681/681/681 683/683/683
f 1765/1765/1765 501/501/501 681/681/681
f 1195/1195/1195 1016/1016/1016 1015/1015/1015
f 1195/1195/1195 1786/1786/1786 1016/1016/1016
f 2860/2860/2860 2416/2416/2416 2194/2194/2194
f 1468/1468/1468 2416/2416/2416 2860/2860/2860
f 2399/2399/2399 1888/1888/1888 2407/2407/2407
f 2399/2399/2399 857/857/857 1888/1888/1888
f 55/55/55 454/454/454 451/451/451
f 886/886/886 1036/1036/1036 2315/2315/2315
f 886/886/886 1039/1039/1039 1036/1036/1036
f 2187/2187/2187 2861/2861/2861 2678/2678/2678
f 2064/2064/2064 2861/2861/2861 2187/2187/2187
f 592/592/592 2583/2583/2583 2707/2707/2707
f 592/592/592 594/594/594 2583/2583/2583
f 1620/1620/1620 288/288/288 1373/1373/1373
f 1620/1620/1620 291/291/291 288/288/288
f 392/392/392 961/961/961 2862/2862/2862
f 392/392/392 964/964/964 961/961/961
f 2450/2450/2450 693/693/693 690/690/690
f 2450/2450/2450 2094/2094/2094 693/693/693
f 55/55/55 1778/1778/1778 232/232/232
f 1364/1364/1364 2190/2190/2190 2662/2662/2662
f 1366/1366/1366 2190/2190/2190 1364/1364/1364
f 2197/2197/2197 2863/2863/2863 2864/2864/2864
f 2197/2197/2197 2527/2527/2527 2863/2863/2863
f 129/129/129 1467/1467/1467 130/130/130
f 129/129/129 1981/1981/1981 1467/1467/1467
f 629/629/629 2330/2330/2330 632/632/632
f 2736/2736/2736 2330/2330/2330 629/629/629
f 2283/2283/2283 2175/2175/2175 2172/2172/2172
f 1761/1761/1761 2865/2865/2865 2283/2283/2283
f 2865/2865/2865 2866/2866/2866 2283/2283/2283
f 2866/2866/2866 2679/2679/2679 2283/2283/2283
f 2679/2679/2679 2175/2175/2175 2283/2283/2283
f 47/47/47 2867/2867/2867 1755/1755/1755
f 578/578/578 2405/2405/2405 581/581/581
f 1412/1412/1412 2405/2405/2405 578/578/578
f 984/984/984 2868/2868/2868 233/233/233
f 26/26/26 2868/2868/2868 984/984/984
f 700/700/700 1170/1170/1170 1716/1716/1716
f 700/700/700 702/702/702 1170/1170/1170
f 1798/1798/1798 909/909/909 2319/2319/2319
f 1798/1798/1798 912/912/912 909/909/909
f 2869/2869/2869 1760/1760/1760 2870/2870/2870
f 2869/2869/2869 1759/1759/1759 1760/1760/1760
f 2871/2871/2871 2593/2593/2593 2528/2528/2528
f 2872/2872/2872 2593/2593/2593 2871/2871/2871
f 2355/2355/2355 1911/1911/1911 1908/1908/1908
f 2873/2873/2873 1911/1911/1911 2355/2355/2355
f 746/746/746 2849/2849/2849 2181/2181/2181
f 748/748/748 2849/2849/2849 746/746/746
f 113/113/113 2874/2874/2874 1762/1762/1762
f 113/113/113 2875/2875/2875 2874/2874/2874
f 2876/2876/2876 89/89/89 91/91/91
f 1901/1901/1901 89/89/89 2876/2876/2876
f 2475/2475/2475 1327/1327/1327 2762/2762/2762
f 2475/2475/2475 1329/1329/1329 1327/1327/1327
f 2059/2059/2059 2822/2822/2822 2877/2877/2877
f 2060/2060/2060 2822/2822/2822 2059/2059/2059
f 47/47/47 2321/2321/2321 2878/2878/2878
f 2152/2152/2152 1547/1547/1547 2311/2311/2311
f 1548/1548/1548 1547/1547/1547 2152/2152/2152
f 1941/1941/1941 1974/1974/1974 2879/2879/2879
f 1975/1975/1975 1974/1974/1974 1941/1941/1941
f 1403/1403/1403 1953/1953/1953 2609/2609/2609
f 1409/1409/1409 1953/1953/1953 1403/1403/1403
f 953/953/953 638/638/638 2821/2821/2821
f 639/639/639 638/638/638 953/953/953
f 1180/1180/1180 174/174/174 648/648/648
f 175/175/175 174/174/174 1180/1180/1180
f 2268/2268/2268 965/965/965 2269/2269/2269
f 2268/2268/2268 968/968/968 965/965/965
f 47/47/47 1983/1983/1983 2545/2545/2545
f 1590/1590/1590 117/117/117 2312/2312/2312
f 118/118/118 117/117/117 1590/1590/1590
f 373/373/373 2031/2031/2031 1368/1368/1368
f 372/372/372 2031/2031/2031 373/373/373
f 1919/1919/1919 1091/1091/1091 1917/1917/1917
f 1543/1543/1543 1091/1091/1091 1919/1919/1919
f 1037/1037/1037 1796/1796/1796 1038/1038/1038
f 1037/1037/1037 2880/2880/2880 1796/1796/1796
f 38/38/38 355/355/355 357/357/357
f 37/37/37 355/355/355 38/38/38
f 1992/1992/1992 724/724/724 2694/2694/2694
f 1992/1992/1992 1994/1994/1994 724/724/724
f 47/47/47 2818/2818/2818 2264/2264/2264
f 1545/1545/1545 2881/2881/2881 1546/1546/1546
f 1545/1545/1545 2882/2882/2882 2881/2881/2881
f 2314/2314/2314 1036/1036/1036 2130/2130/2130
f 2315/2315/2315 1036/1036/1036 2314/2314/2314
f 2875/2875/2875 1553/1553/1553 2874/2874/2874
f 2875/2875/2875 1883/1883/1883 1553/1553/1553
f 47/47/47 1818/1818/1818 2069/2069/2069
f 1711/1711/1711 2883/2883/2883 2025/2025/2025
f 1711/1711/1711 1713/1713/1713 2883/2883/2883
f 275/275/275 1984/1984/1984 1344/1344/1344
f 277/277/277 1984/1984/1984 275/275/275
f 2687/2687/2687 1941/1941/1941 1942/1942/1942
f 2687/2687/2687 1975/1975/1975 1941/1941/1941
f 1652/1652/1652 1140/1140/1140 1142/1142/1142
f 1652/1652/1652 1815/1815/1815 1140/1140/1140
f 982/982/982 55/55/55 2884/2884/2884
f 2885/2885/2885 55/55/55 2886/2886/2886
f 728/728/728 1272/1272/1272 1269/1269/1269
f 728/728/728 729/729/729 1272/1272/1272
f 1723/1723/1723 2887/2887/2887 624/624/624
f 1723/1723/1723 2888/2888/2888 2887/2887/2887
f 1073/1073/1073 2724/2724/2724 2323/2323/2323
f 2889/2889/2889 1859/1859/1859 1858/1858/1858
f 1072/1072/1072 2724/2724/2724 1073/1073/1073
f 2889/2889/2889 1072/1072/1072 1859/1859/1859
f 2889/2889/2889 2724/2724/2724 1072/1072/1072
f 2135/2135/2135 1450/1450/1450 1447/1447/1447
f 2575/2575/2575 1450/1450/1450 2135/2135/2135
f 2732/2732/2732 1633/1633/1633 2100/2100/2100
f 2732/2732/2732 759/759/759 1633/1633/1633
f 2051/2051/2051 2287/2287/2287 1831/1831/1831
f 2582/2582/2582 2287/2287/2287 2051/2051/2051
f 2839/2839/2839 2590/2590/2590 2591/2591/2591
f 2840/2840/2840 2590/2590/2590 2839/2839/2839
f 517/517/517 2890/2890/2890 1552/1552/1552
f 517/517/517 2841/2841/2841 2890/2890/2890
f 2381/2381/2381 2691/2691/2691 190/190/190
f 2891/2891/2891 2691/2691/2691 2381/2381/2381
f 2805/2805/2805 2146/2146/2146 1053/1053/1053
f 2892/2892/2892 2146/2146/2146 2805/2805/2805
f 552/552/552 2548/2548/2548 550/550/550
f 552/552/552 2056/2056/2056 2548/2548/2548
f 619/619/619 2893/2893/2893 2166/2166/2166
f 619/619/619 621/621/621 2893/2893/2893
f 429/429/429 2199/2199/2199 1949/1949/1949
f 2137/2137/2137 2199/2199/2199 429/429/429
f 466/466/466 2809/2809/2809 2058/2058/2058
f 465/465/465 2809/2809/2809 466/466/466
f 47/47/47 340/340/340 338/338/338
f 47/47/47 2848/2848/2848 2894/2894/2894
f 2845/2845/2845 2863/2863/2863 2895/2895/2895
f 2864/2864/2864 2863/2863/2863 2845/2845/2845
f 2061/2061/2061 1650/1650/1650 2896/2896/2896
f 2061/2061/2061 1912/1912/1912 1650/1650/1650
f 1260/1260/1260 1435/1435/1435 1261/1261/1261
f 1260/1260/1260 1438/1438/1438 1435/1435/1435
f 2663/2663/2663 2541/2541/2541 2897/2897/2897
f 2189/2189/2189 2541/2541/2541 2663/2663/2663
f 899/899/899 2780/2780/2780 900/900/900
f 899/899/899 2364/2364/2364 2780/2780/2780
f 2510/2510/2510 944/944/944 1886/1886/1886
f 2510/2510/2510 1408/1408/1408 944/944/944
f 2773/2773/2773 2898/2898/2898 1492/1492/1492
f 2899/2899/2899 2898/2898/2898 2773/2773/2773
f 2115/2115/2115 2685/2685/2685 2114/2114/2114
f 2115/2115/2115 2686/2686/2686 2685/2685/2685
f 2297/2297/2297 424/424/424 1635/1635/1635
f 2140/2140/2140 424/424/424 2297/2297/2297
f 947/947/947 1199/1199/1199 945/945/945
f 947/947/947 1027/1027/1027 1199/1199/1199
f 47/47/47 2746/2746/2746 1398/1398/1398
f 2248/2248/2248 2423/2423/2423 2253/2253/2253
f 2248/2248/2248 1156/1156/1156 2423/2423/2423
f 2371/2371/2371 2671/2671/2671 2610/2610/2610
f 1443/1443/1443 2671/2671/2671 2371/2371/2371
f 1103/1103/1103 2635/2635/2635 1101/1101/1101
f 1103/1103/1103 2637/2637/2637 2635/2635/2635
f 1905/1905/1905 2859/2859/2859 2567/2567/2567
f 1907/1907/1907 2859/2859/2859 1905/1905/1905
f 1969/1969/1969 2900/2900/2900 2554/2554/2554
f 1969/1969/1969 1209/1209/1209 2900/2900/2900
f 2884/2884/2884 2732/2732/2732 2731/2731/2731
f 2884/2884/2884 2615/2615/2615 2732/2732/2732
f 2615/2615/2615 2614/2614/2614 2732/2732/2732
f 2614/2614/2614 2901/2901/2901 2732/2732/2732
f 2901/2901/2901 2902/2902/2902 2732/2732/2732
f 642/642/642 1984/1984/1984 277/277/277
f 642/642/642 1357/1357/1357 1984/1984/1984
f 100/100/100 405/405/405 98/98/98
f 2169/2169/2169 405/405/405 100/100/100
f 2872/2872/2872 1324/1324/1324 2593/2593/2593
f 1325/1325/1325 1324/1324/1324 2872/2872/2872
f 2162/2162/2162 1658/1658/1658 2163/2163/2163
f 2162/2162/2162 1102/1102/1102 1658/1658/1658
f 1562/1562/1562 1074/1074/1074 1563/1563/1563
f 1562/1562/1562 1075/1075/1075 1074/1074/1074
f 2600/2600/2600 258/258/258 2734/2734/2734
f 2600/2600/2600 2599/2599/2599 258/258/258
f 2105/2105/2105 2903/2903/2903 2524/2524/2524
f 2104/2104/2104 2903/2903/2903 2105/2105/2105
f 2861/2861/2861 2904/2904/2904 2905/2905/2905
f 2906/2906/2906 2904/2904/2904 2861/2861/2861
f 1871/1871/1871 1754/1754/1754 2580/2580/2580
f 1871/1871/1871 1540/1540/1540 1754/1754/1754
f 1422/1422/1422 1513/1513/1513 1510/1510/1510
f 1424/1424/1424 1513/1513/1513 1422/1422/1422
f 47/47/47 1239/1239/1239 1236/1236/1236
f 47/47/47 2667/2667/2667 1687/1687/1687
f 908/908/908 1600/1600/1600 808/808/808
f 2566/2566/2566 1600/1600/1600 908/908/908
f 564/564/564 1150/1150/1150 562/562/562
f 564/564/564 1153/1153/1153 1150/1150/1150
f 581/581/581 2907/2907/2907 579/579/579
f 581/581/581 2485/2485/2485 2907/2907/2907
f 1569/1569/1569 2605/2605/2605 1621/1621/1621
f 2855/2855/2855 2605/2605/2605 1569/1569/1569
f 2908/2908/2908 51/51/51 53/53/53
f 2908/2908/2908 2102/2102/2102 51/51/51
f 64/64/64 1610/1610/1610 1612/1612/1612
f 2831/2831/2831 1610/1610/1610 64/64/64
f 2909/2909/2909 869/869/869 2494/2494/2494
f 2909/2909/2909 872/872/872 869/869/869
f 589/589/589 957/957/957 590/590/590
f 589/589/589 1625/1625/1625 957/957/957
f 1780/1780/1780 286/286/286 859/859/859
f 284/284/284 286/286/286 1780/1780/1780
f 704/704/704 53/53/53 50/50/50
f 2308/2308/2308 53/53/53 704/704/704
f 1672/1672/1672 1997/1997/1997 1673/1673/1673
f 1672/1672/1672 2720/2720/2720 1997/1997/1997
f 1727/1727/1727 2518/2518/2518 2428/2428/2428
f 1727/1727/1727 2520/2520/2520 2518/2518/2518
f 2910/2910/2910 55/55/55 2911/2911/2911
f 2166/2166/2166 2483/2483/2483 2912/2912/2912
f 2166/2166/2166 2893/2893/2893 2483/2483/2483
f 1254/1254/1254 888/888/888 1088/1088/1088
f 1254/1254/1254 891/891/891 888/888/888
f 179/179/179 164/164/164 161/161/161
f 179/179/179 178/178/178 164/164/164
f 1447/1447/1447 751/751/751 2136/2136/2136
f 1447/1447/1447 1449/1449/1449 751/751/751
f 1046/1046/1046 2873/2873/2873 2913/2913/2913
f 1046/1046/1046 2497/2497/2497 2873/2873/2873
f 681/681/681 1068/1068/1068 682/682/682
f 681/681/681 1071/1071/1071 1068/1068/1068
f 2898/2898/2898 2874/2874/2874 2477/2477/2477
f 1762/1762/1762 2874/2874/2874 2898/2898/2898
f 2301/2301/2301 1395/1395/1395 2914/2914/2914
f 1396/1396/1396 1395/1395/1395 2301/2301/2301
f 173/173/173 2862/2862/2862 176/176/176
f 810/810/810 2862/2862/2862 173/173/173
f 47/47/47 1003/1003/1003 1846/1846/1846
f 2208/2208/2208 2033/2033/2033 2034/2034/2034
f 2210/2210/2210 2033/2033/2033 2208/2208/2208
f 2261/2261/2261 55/55/55 2446/2446/2446
f 16/16/16 1914/1914/1914 14/14/14
f 1915/1915/1915 1914/1914/1914 16/16/16
f 1891/1891/1891 1900/1900/1900 1902/1902/1902
f 856/856/856 1900/1900/1900 1891/1891/1891
f 872/872/872 2784/2784/2784 870/870/870
f 1171/1171/1171 2784/2784/2784 872/872/872
f 873/873/873 171/171/171 875/875/875
f 182/182/182 171/171/171 873/873/873
f 1258/1258/1258 2489/2489/2489 2546/2546/2546
f 1258/1258/1258 1257/1257/1257 2489/2489/2489
f 910/910/910 1178/1178/1178 911/911/911
f 910/910/910 2353/2353/2353 1178/1178/1178
f 1077/1077/1077 2608/2608/2608 2747/2747/2747
f 1077/1077/1077 2376/2376/2376 2608/2608/2608
f 47/47/47 2117/2117/2117 2118/2118/2118
f 2128/2128/2128 1303/1303/1303 2479/2479/2479
f 2907/2907/2907 1303/1303/1303 2128/2128/2128
f 1712/1712/1712 93/93/93 1713/1713/1713
f 1712/1712/1712 96/96/96 93/93/93
f 2295/2295/2295 2739/2739/2739 2771/2771/2771
f 2740/2740/2740 2739/2739/2739 2295/2295/2295
f 2525/2525/2525 591/591/591 588/588/588
f 90/90/90 591/591/591 2525/2525/2525
f 545/545/545 2255/2255/2255 546/546/546
f 545/545/545 2379/2379/2379 2255/2255/2255
f 47/47/47 2652/2652/2652 2796/2796/2796
f 2915/2915/2915 366/366/366 363/363/363
f 2915/2915/2915 2876/2876/2876 366/366/366
f 1696/1696/1696 1991/1991/1991 1694/1694/1694
f 2569/2569/2569 1991/1991/1991 1696/1696/1696
f 47/47/47 44/44/44 46/46/46
f 1692/1692/1692 2295/2295/2295 1690/1690/1690
f 1692/1692/1692 2740/2740/2740 2295/2295/2295
f 2485/2485/2485 1303/1303/1303 2907/2907/2907
f 2485/2485/2485 1306/1306/1306 1303/1303/1303
f 47/47/47 2240/2240/2240 2243/2243/2243
f 2606/2606/2606 1046/1046/1046 2913/2913/2913
f 1044/1044/1044 1046/1046/1046 2606/2606/2606
f 366/366/366 91/91/91 2406/2406/2406
f 2876/2876/2876 91/91/91 366/366/366
f 1028/1028/1028 1289/1289/1289 1027/1027/1027
f 1028/1028/1028 1287/1287/1287 1289/1289/1289
f 1801/1801/1801 2858/2858/2858 1802/1802/1802
f 1801/1801/1801 163/163/163 2858/2858/2858
f 293/293/293 2343/2343/2343 2916/2916/2916
f 295/295/295 2343/2343/2343 293/293/293
f 657/657/657 2851/2851/2851 655/655/655
f 657/657/657 2096/2096/2096 2851/2851/2851
f 243/243/243 2042/2042/2042 2917/2917/2917
f 243/243/243 245/245/245 2042/2042/2042
f 1547/1547/1547 615/615/615 617/617/617
f 1549/1549/1549 615/615/615 1547/1547/1547
f 1534/1534/1534 644/644/644 2305/2305/2305
f 1534/1534/1534 2791/2791/2791 644/644/644
f 2629/2629/2629 186/186/186 1122/1122/1122
f 2632/2632/2632 2918/2918/2918 2629/2629/2629
f 2918/2918/2918 2919/2919/2919 2629/2629/2629
f 2919/2919/2919 2764/2764/2764 2629/2629/2629
f 2764/2764/2764 186/186/186 2629/2629/2629
f 2920/2920/2920 43/43/43 268/268/268
f 2920/2920/2920 1015/1015/1015 43/43/43
f 1715/1715/1715 703/703/703 700/700/700
f 991/991/991 703/703/703 1715/1715/1715
f 1436/1436/1436 2921/2921/2921 1437/1437/1437
f 1436/1436/1436 2105/2105/2105 2921/2921/2921
f 2550/2550/2550 2473/2473/2473 246/246/246
f 2552/2552/2552 2473/2473/2473 2550/2550/2550
f 240/240/240 2899/2899/2899 2773/2773/2773
f 242/242/242 2899/2899/2899 240/240/240
f 1888/1888/1888 856/856/856 1891/1891/1891
f 857/857/857 856/856/856 1888/1888/1888
f 55/55/55 2091/2091/2091 2090/2090/2090
f 2682/2682/2682 163/163/163 1801/1801/1801
f 2682/2682/2682 161/161/161 163/163/163
f 41/41/41 2375/2375/2375 247/247/247
f 1016/1016/1016 2375/2375/2375 41/41/41
f 2165/2165/2165 607/607/607 609/609/609
f 2165/2165/2165 942/942/942 607/607/607
f 2806/2806/2806 1053/1053/1053 1055/1055/1055
f 2805/2805/2805 1053/1053/1053 2806/2806/2806
f 1873/1873/1873 1540/1540/1540 1871/1871/1871
f 1873/1873/1873 1539/1539/1539 1540/1540/1540
f 1340/1340/1340 722/722/722 1343/1343/1343
f 720/720/720 722/722/722 1340/1340/1340
f 1767/1767/1767 2519/2519/2519 504/504/504
f 2518/2518/2518 2519/2519/2519 1767/1767/1767
f 128/128/128 1476/1476/1476 1478/1478/1478
f 128/128/128 130/130/130 1476/1476/1476
f 1615/1615/1615 1653/1653/1653 1614/1614/1614
f 1615/1615/1615 1656/1656/1656 1653/1653/1653
f 1462/1462/1462 2733/2733/2733 2502/2502/2502
f 1462/1462/1462 2734/2734/2734 2733/2733/2733
f 1128/1128/1128 1814/1814/1814 1816/1816/1816
f 1128/1128/1128 542/542/542 1814/1814/1814
f 2707/2707/2707 2106/2106/2106 2708/2708/2708
f 2707/2707/2707 2583/2583/2583 2106/2106/2106
f 2511/2511/2511 2198/2198/2198 1323/1323/1323
f 2516/2516/2516 2198/2198/2198 2511/2511/2511
f 1626/1626/1626 443/443/443 445/445/445
f 79/79/79 443/443/443 1626/1626/1626
f 2141/2141/2141 2297/2297/2297 2298/2298/2298
f 2141/2141/2141 2140/2140/2140 2297/2297/2297
f 379/379/379 383/383/383 382/382/382
f 543/543/543 383/383/383 379/379/379
f 2821/2821/2821 1044/1044/1044 2607/2607/2607
f 2821/2821/2821 1047/1047/1047 1044/1044/1044
f 1570/1570/1570 970/970/970 971/971/971
f 499/499/499 970/970/970 1570/1570/1570
f 1731/1731/1731 2733/2733/2733 1096/1096/1096
f 2502/2502/2502 2733/2733/2733 1731/1731/1731
f 1380/1380/1380 142/142/142 906/906/906
f 1380/1380/1380 145/145/145 142/142/142
f 47/47/47 2922/2922/2922 2219/2219/2219
f 1231/1231/1231 2454/2454/2454 1232/1232/1232
f 2455/2455/2455 2454/2454/2454 1231/1231/1231
f 1057/1057/1057 568/568/568 565/565/565
f 599/599/599 568/568/568 1057/1057/1057
f 1110/1110/1110 2658/2658/2658 1111/1111/1111
f 1110/1110/1110 2305/2305/2305 2658/2658/2658
f 1428/1428/1428 1928/1928/1928 2342/2342/2342
f 2539/2539/2539 57/57/57 1428/1428/1428
f 57/57/57 58/58/58 1428/1428/1428
f 58/58/58 1929/1929/1929 1428/1428/1428
f 1929/1929/1929 1928/1928/1928 1428/1428/1428
f 47/47/47 1404/1404/1404 1486/1486/1486
f 2421/2421/2421 2923/2923/2923 2265/2265/2265
f 2757/2757/2757 2249/2249/2249 2924/2924/2924
f 2421/2421/2421 2756/2756/2756 2923/2923/2923
f 2756/2756/2756 2249/2249/2249 2757/2757/2757
f 2421/2421/2421 2249/2249/2249 2756/2756/2756
f 2099/2099/2099 462/462/462 463/463/463
f 2125/2125/2125 462/462/462 2099/2099/2099
f 2162/2162/2162 1100/1100/1100 1102/1102/1102
f 2925/2925/2925 1100/1100/1100 2162/2162/2162
f 1691/1691/1691 2294/2294/2294 2926/2926/2926
f 1691/1691/1691 1690/1690/1690 2294/2294/2294
f 1130/1130/1130 1212/1212/1212 541/541/541
f 705/705/705 1212/1212/1212 1130/1130/1130
f 2283/2283/2283 2435/2435/2435 1947/1947/1947
f 2283/2283/2283 2172/2172/2172 2435/2435/2435
f 2601/2601/2601 867/867/867 2083/2083/2083
f 2601/2601/2601 865/865/865 867/867/867
f 2927/2927/2927 55/55/55 1768/1768/1768
f 47/47/47 2656/2656/2656 2657/2657/2657
f 2861/2861/2861 2736/2736/2736 2678/2678/2678
f 2861/2861/2861 2905/2905/2905 2736/2736/2736
f 2704/2704/2704 898/898/898 1897/1897/1897
f 2704/2704/2704 901/901/901 898/898/898
f 2928/2928/2928 2548/2548/2548 2929/2929/2929
f 550/550/550 2548/2548/2548 2928/2928/2928
f 47/47/47 2217/2217/2217 2802/2802/2802
f 2789/2789/2789 1466/1466/1466 1463/1463/1463
f 1147/1147/1147 1466/1466/1466 2789/2789/2789
f 1367/1367/1367 2930/2930/2930 918/918/918
f 2032/2032/2032 2930/2930/2930 1367/1367/1367
f 1263/1263/1263 532/532/532 822/822/822
f 530/530/530 532/532/532 1263/1263/1263
f 1964/1964/1964 1128/1128/1128 1816/1816/1816
f 1129/1129/1129 1128/1128/1128 1964/1964/1964
f 2931/2931/2931 602/602/602 2192/2192/2192
f 2931/2931/2931 605/605/605 602/602/602
f 462/462/462 2403/2403/2403 464/464/464
f 2424/2424/2424 2403/2403/2403 462/462/462
f 2007/2007/2007 2869/2869/2869 2932/2932/2932
f 2007/2007/2007 2008/2008/2008 2869/2869/2869
f 2191/2191/2191 1670/1670/1670 1668/1668/1668
f 2933/2933/2933 1670/1670/1670 2191/2191/2191
f 2038/2038/2038 1938/1938/1938 1940/1940/1940
f 2038/2038/2038 2037/2037/2037 1938/1938/1938
f 1993/1993/1993 2114/2114/2114 2786/2786/2786
f 1054/1054/1054 2114/2114/2114 1993/1993/1993
f 1285/1285/1285 1413/1413/1413 2543/2543/2543
f 1285/1285/1285 2934/2934/2934 1413/1413/1413
f 2012/2012/2012 2179/2179/2179 2121/2121/2121
f 2012/2012/2012 2014/2014/2014 2179/2179/2179
f 464/464/464 2402/2402/2402 2831/2831/2831
f 2403/2403/2403 2402/2402/2402 464/464/464
f 2344/2344/2344 1972/1972/1972 1971/1971/1971
f 2344/2344/2344 2345/2345/2345 1972/1972/1972
f 47/47/47 1686/1686/1686 1688/1688/1688
f 265/265/265 2425/2425/2425 1842/1842/1842
f 265/265/265 2871/2871/2871 2425/2425/2425
f 74/74/74 2493/2493/2493 1381/1381/1381
f 1345/1345/1345 2493/2493/2493 74/74/74
f 675/675/675 2136/2136/2136 2779/2779/2779
f 677/677/677 2136/2136/2136 675/675/675
f 866/866/866 1544/1544/1544 2357/2357/2357
f 866/866/866 960/960/960 1544/1544/1544
f 47/47/47 2774/2774/2774 1030/1030/1030
f 1747/1747/1747 2917/2917/2917 1748/1748/1748
f 1747/1747/1747 243/243/243 2917/2917/2917
f 2063/2063/2063 1704/1704/1704 2906/2906/2906
f 1705/1705/1705 1704/1704/1704 2063/2063/2063
f 1128/1128/1128 541/541/541 542/542/542
f 1130/1130/1130 541/541/541 1128/1128/1128
f 2881/2881/2881 394/394/394 396/396/396
f 2882/2882/2882 394/394/394 2881/2881/2881
f 47/47/47 1417/1417/1417 2935/2935/2935
f 47/47/47 1503/1503/1503 2922/2922/2922
f 1855/1855/1855 426/426/426 2352/2352/2352
f 1855/1855/1855 1854/1854/1854 426/426/426
f 115/115/115 2875/2875/2875 113/113/113
f 115/115/115 1261/1261/1261 2875/2875/2875
f 596/596/596 790/790/790 471/471/471
f 1669/1669/1669 790/790/790 596/596/596
f 2268/2268/2268 1671/1671/1671 968/968/968
f 2812/2812/2812 1671/1671/1671 2268/2268/2268
f 2700/2700/2700 1839/1839/1839 1749/1749/1749
f 2702/2702/2702 1839/1839/1839 2700/2700/2700
f 2936/2936/2936 2937/2937/2937 2184/2184/2184
f 2439/2439/2439 2938/2938/2938 2440/2440/2440
f 2939/2939/2939 2937/2937/2937 2936/2936/2936
f 2439/2439/2439 2939/2939/2939 2938/2938/2938
f 2439/2439/2439 2937/2937/2937 2939/2939/2939
f 1976/1976/1976 885/885/885 1605/1605/1605
f 1976/1976/1976 1978/1978/1978 885/885/885
f 1253/1253/1253 2745/2745/2745 1255/1255/1255
f 2851/2851/2851 2745/2745/2745 1253/1253/1253
f 47/47/47 1859/1859/1859 1072/1072/1072
f 1364/1364/1364 2043/2043/2043 2147/2147/2147
f 1364/1364/1364 2662/2662/2662 2043/2043/2043
f 1386/1386/1386 2124/2124/2124 889/889/889
f 1386/1386/1386 1388/1388/1388 2124/2124/2124
f 2496/2496/2496 1966/1966/1966 2225/2225/2225
f 2719/2719/2719 1966/1966/1966 2496/2496/2496
f 2940/2940/2940 1033/1033/1033 1035/1035/1035
f 2940/2940/2940 2941/2941/2941 1033/1033/1033
f 611/611/611 631/631/631 1489/1489/1489
f 1729/1729/1729 1029/1029/1029 1486/1486/1486
f 1729/1729/1729 610/610/610 1029/1029/1029
f 610/610/610 631/631/631 611/611/611
f 1729/1729/1729 631/631/631 610/610/610
f 1986/1986/1986 2459/2459/2459 2942/2942/2942
f 1985/1985/1985 2459/2459/2459 1986/1986/1986
f 47/47/47 1581/1581/1581 2721/2721/2721
f 47/47/47 2216/2216/2216 2217/2217/2217
f 2870/2870/2870 2081/2081/2081 1501/1501/1501
f 2870/2870/2870 1760/1760/1760 2081/2081/2081
f 1612/1612/1612 1963/1963/1963 2793/2793/2793
f 1612/1612/1612 1611/1611/1611 1963/1963/1963
f 2549/2549/2549 2650/2650/2650 2552/2552/2552
f 2544/2544/2544 2650/2650/2650 2549/2549/2549
f 47/47/47 2642/2642/2642 2641/2641/2641
f 2943/2943/2943 1366/1366/1366 1363/1363/1363
f 2943/2943/2943 2355/2355/2355 1366/1366/1366
f 795/795/795 1666/1666/1666 798/798/798
f 162/162/162 1666/1666/1666 795/795/795
f 2909/2909/2909 1171/1171/1171 872/872/872
f 1172/1172/1172 1171/1171/1171 2909/2909/2909
f 244/244/244 1035/1035/1035 245/245/245
f 244/244/244 2940/2940/2940 1035/1035/1035
f 1706/1706/1706 2944/2944/2944 2529/2529/2529
f 1706/1706/1706 1420/1420/1420 2944/2944/2944
f 2605/2605/2605 1624/1624/1624 1621/1621/1621
f 2605/2605/2605 2606/2606/2606 1624/1624/1624
f 2664/2664/2664 2209/2209/2209 2079/2079/2079
f 2664/2664/2664 2207/2207/2207 2209/2209/2209
f 2214/2214/2214 2546/2546/2546 2149/2149/2149
f 2214/2214/2214 1258/1258/1258 2546/2546/2546
f 47/47/47 2945/2945/2945 2946/2946/2946
f 698/698/698 2947/2947/2947 699/699/699
f 698/698/698 1390/1390/1390 2947/2947/2947
f 2948/2948/2948 2457/2457/2457 2577/2577/2577
f 2948/2948/2948 2949/2949/2949 2457/2457/2457
f 2950/2950/2950 987/987/987 989/989/989
f 2951/2951/2951 987/987/987 2950/2950/2950
f 1665/1665/1665 536/536/536 538/538/538
f 1665/1665/1665 2306/2306/2306 536/536/536
f 2952/2952/2952 479/479/479 1297/1297/1297
f 480/480/480 479/479/479 2952/2952/2952
f 47/47/47 1846/1846/1846 1847/1847/1847
f 2145/2145/2145 2115/2115/2115 1056/1056/1056
f 2145/2145/2145 2045/2045/2045 2115/2115/2115
f 2759/2759/2759 73/73/73 1709/1709/1709
f 717/717/717 73/73/73 2759/2759/2759
f 2648/2648/2648 55/55/55 2562/2562/2562
f 1018/1018/1018 2007/2007/2007 2420/2420/2420
f 1018/1018/1018 2009/2009/2009 2007/2007/2007
f 393/393/393 1710/1710/1710 391/391/391
f 832/832/832 1710/1710/1710 393/393/393
f 2933/2933/2933 1607/1607/1607 1670/1670/1670
f 1184/1184/1184 1607/1607/1607 2933/2933/2933
f 213/213/213 61/61/61 204/204/204
f 1441/1441/1441 61/61/61 213/213/213
f 1838/1838/1838 1425/1425/1425 1427/1427/1427
f 801/801/801 1425/1425/1425 1838/1838/1838
f 2251/2251/2251 1502/1502/1502 2499/2499/2499
f 2922/2922/2922 623/623/623 2219/2219/2219
f 1503/1503/1503 623/623/623 2922/2922/2922
f 2251/2251/2251 1503/1503/1503 1502/1502/1502
f 2251/2251/2251 623/623/623 1503/1503/1503
f 2732/2732/2732 757/757/757 759/759/759
f 2902/2902/2902 2071/2071/2071 2732/2732/2732
f 2071/2071/2071 434/434/434 2732/2732/2732
f 434/434/434 433/433/433 2732/2732/2732
f 433/433/433 757/757/757 2732/2732/2732
f 1529/1529/1529 1252/1252/1252 1251/1251/1251
f 1744/1744/1744 1252/1252/1252 1529/1529/1529
f 1011/1011/1011 2191/2191/2191 500/500/500
f 2437/2437/2437 2191/2191/2191 1011/1011/1011
f 264/264/264 1325/1325/1325 2872/2872/2872
f 1249/1249/1249 1325/1325/1325 264/264/264
f 1980/1980/1980 2712/2712/2712 303/303/303
f 1298/1298/1298 2712/2712/2712 1980/1980/1980
f 2888/2888/2888 2920/2920/2920 2887/2887/2887
f 2888/2888/2888 1196/1196/1196 2920/2920/2920
f 1289/1289/1289 1663/1663/1663 1660/1660/1660
f 1289/1289/1289 1288/1288/1288 1663/1663/1663
f 1199/1199/1199 1289/1289/1289 1660/1660/1660
f 1027/1027/1027 1289/1289/1289 1199/1199/1199
f 2303/2303/2303 1433/1433/1433 1434/1434/1434
f 2303/2303/2303 2302/2302/2302 1433/1433/1433
f 47/47/47 917/917/917 2397/2397/2397
f 498/498/498 970/970/970 499/499/499
f 498/498/498 597/597/597 970/970/970
f 2953/2953/2953 2731/2731/2731 2954/2954/2954
f 2953/2953/2953 2955/2955/2955 2731/2731/2731
f 2955/2955/2955 981/981/981 2731/2731/2731
f 981/981/981 982/982/982 2731/2731/2731
f 982/982/982 2884/2884/2884 2731/2731/2731
f 1328/1328/1328 2658/2658/2658 412/412/412
f 1111/1111/1111 2658/2658/2658 1328/1328/1328
f 2813/2813/2813 2535/2535/2535 1674/1674/1674
f 2514/2514/2514 2535/2535/2535 2813/2813/2813
f 2293/2293/2293 2595/2595/2595 2291/2291/2291
f 2596/2596/2596 2595/2595/2595 2293/2293/2293
f 47/47/47 154/154/154 156/156/156
f 1264/1264/1264 359/359/359 969/969/969
f 1264/1264/1264 362/362/362 359/359/359
f 1350/1350/1350 2650/2650/2650 2544/2544/2544
f 1350/1350/1350 1351/1351/1351 2650/2650/2650
f 1594/1594/1594 116/116/116 118/118/118
f 1634/1634/1634 116/116/116 1594/1594/1594
f 805/805/805 55/55/55 1738/1738/1738
f 2737/2737/2737 334/334/334 2654/2654/2654
f 2737/2737/2737 2754/2754/2754 334/334/334
f 55/55/55 487/487/487 486/486/486
f 1788/1788/1788 1376/1376/1376 2718/2718/2718
f 1377/1377/1377 1376/1376/1376 1788/1788/1788
f 1568/1568/1568 2134/2134/2134 1318/1318/1318
f 1568/1568/1568 1567/1567/1567 2134/2134/2134
f 2028/2028/2028 2937/2937/2937 2439/2439/2439
f 2028/2028/2028 2029/2029/2029 2937/2937/2937
f 2387/2387/2387 575/575/575 577/577/577
f 2387/2387/2387 2561/2561/2561 575/575/575
f 55/55/55 310/310/310 309/309/309
f 914/914/914 2956/2956/2956 1895/1895/1895
f 914/914/914 656/656/656 2956/2956/2956
f 2513/2513/2513 2535/2535/2535 2514/2514/2514
f 2513/2513/2513 1295/1295/1295 2535/2535/2535
f 2227/2227/2227 731/731/731 733/733/733
f 2227/2227/2227 2860/2860/2860 731/731/731
f 1844/1844/1844 2957/2957/2957 2958/2958/2958
f 1843/1843/1843 2957/2957/2957 1844/1844/1844
f 2101/2101/2101 1633/1633/1633 1595/1595/1595
f 2100/2100/2100 1633/1633/1633 2101/2101/2101
f 1895/1895/1895 509/509/509 510/510/510
f 1895/1895/1895 2956/2956/2956 509/509/509
f 2755/2755/2755 1472/1472/1472 157/157/157
f 1473/1473/1473 1472/1472/1472 2755/2755/2755
f 420/420/420 189/189/189 1382/1382/1382
f 187/187/187 189/189/189 420/420/420
f 533/533/533 2372/2372/2372 561/561/561
f 476/476/476 2372/2372/2372 533/533/533
f 1096/1096/1096 255/255/255 1076/1076/1076
f 2733/2733/2733 255/255/255 1096/1096/1096
f 1732/1732/1732 2588/2588/2588 2792/2792/2792
f 1732/1732/1732 1095/1095/1095 2588/2588/2588
f 47/47/47 794/794/794 1892/1892/1892
f 2488/2488/2488 1456/1456/1456 2727/2727/2727
f 1457/1457/1457 1456/1456/1456 2488/2488/2488
f 1084/1084/1084 2959/2959/2959 1164/1164/1164
f 1084/1084/1084 1086/1086/1086 2959/2959/2959
f 2402/2402/2402 1610/1610/1610 2831/2831/2831
f 2402/2402/2402 2427/2427/2427 1610/1610/1610
f 914/914/914 654/654/654 656/656/656
f 863/863/863 654/654/654 914/914/914
f 2194/2194/2194 2931/2931/2931 2192/2192/2192
f 2416/2416/2416 2931/2931/2931 2194/2194/2194
f 1622/1622/1622 2943/2943/2943 1363/1363/1363
f 1624/1624/1624 2943/2943/2943 1622/1622/1622
f 2498/2498/2498 2251/2251/2251 2499/2499/2499
f 2249/2249/2249 2960/2960/2960 2924/2924/2924
f 2249/2249/2249 2961/2961/2961 2960/2960/2960
f 2961/2961/2961 2251/2251/2251 2498/2498/2498
f 2249/2249/2249 2251/2251/2251 2961/2961/2961
f 55/55/55 2962/2962/2962 2963/2963/2963
f 47/47/47 2964/2964/2964 249/249/249
f 55/55/55 483/483/483 488/488/488
f 133/133/133 2413/2413/2413 2258/2258/2258
f 135/135/135 2413/2413/2413 133/133/133
f 2965/2965/2965 2966/2966/2966 2967/2967/2967
f 2968/2968/2968 2969/2969/2969 2093/2093/2093
f 2968/2968/2968 2970/2970/2970 2969/2969/2969
f 2970/2970/2970 2966/2966/2966 2965/2965/2965
f 2968/2968/2968 2966/2966/2966 2970/2970/2970
f 1449/1449/1449 2971/2971/2971 2684/2684/2684
f 1448/1448/1448 2971/2971/2971 1449/1449/1449
f 146/146/146 2603/2603/2603 2636/2636/2636
f 146/146/146 148/148/148 2603/2603/2603
f 514/514/514 191/191/191 515/515/515
f 514/514/514 194/194/194 191/191/191
f 2692/2692/2692 1291/1291/1291 188/188/188
f 2692/2692/2692 1294/1294/1294 1291/1291/1291
f 2520/2520/2520 219/219/219 221/221/221
f 932/932/932 219/219/219 2520/2520/2520
f 1655/1655/1655 1256/1256/1256 2215/2215/2215
f 1655/1655/1655 1809/1809/1809 1256/1256/1256
f 1586/1586/1586 465/465/465 467/467/467
f 1586/1586/1586 1104/1104/1104 465/465/465
f 137/137/137 1210/1210/1210 138/138/138
f 137/137/137 714/714/714 1210/1210/1210
f 2712/2712/2712 301/301/301 303/303/303
f 2712/2712/2712 873/873/873 301/301/301
f 2950/2950/2950 2047/2047/2047 2972/2972/2972
f 2950/2950/2950 989/989/989 2047/2047/2047
f 492/492/492 2958/2958/2958 2515/2515/2515
f 1844/1844/1844 2958/2958/2958 492/492/492
f 47/47/47 1493/1493/1493 1497/1497/1497
f 1115/1115/1115 1511/1511/1511 1513/1513/1513
f 1115/1115/1115 1930/1930/1930 1511/1511/1511
f 1829/1829/1829 682/682/682 1148/1148/1148
f 680/680/680 682/682/682 1829/1829/1829
f 2495/2495/2495 2950/2950/2950 2973/2973/2973
f 2495/2495/2495 2951/2951/2951 2950/2950/2950
f 1875/1875/1875 385/385/385 383/383/383
f 1875/1875/1875 1589/1589/1589 385/385/385
f 2461/2461/2461 593/593/593 595/595/595
f 2461/2461/2461 2368/2368/2368 593/593/593
f 2645/2645/2645 949/949/949 1423/1423/1423
f 950/950/950 949/949/949 2645/2645/2645
f 1265/1265/1265 2870/2870/2870 1501/1501/1501
f 1617/1617/1617 2870/2870/2870 1265/1265/1265
f 745/745/745 1465/1465/1465 748/748/748
f 1463/1463/1463 1465/1465/1465 745/745/745
f 2974/2974/2974 1313/1313/1313 1315/1315/1315
f 2974/2974/2974 2975/2975/2975 1313/1313/1313
f 2976/2976/2976 1253/1253/1253 1254/1254/1254
f 2850/2850/2850 1253/1253/1253 2976/2976/2976
f 198/198/198 1618/1618/1618 278/278/278
f 1619/1619/1619 1618/1618/1618 198/198/198
f 2971/2971/2971 2084/2084/2084 2156/2156/2156
f 2929/2929/2929 2084/2084/2084 2971/2971/2971
f 47/47/47 2826/2826/2826 2828/2828/2828
f 1241/1241/1241 1452/1452/1452 1832/1832/1832
f 1453/1453/1453 1452/1452/1452 1241/1241/1241
f 47/47/47 1509/1509/1509 1505/1505/1505
f 1450/1450/1450 2928/2928/2928 1448/1448/1448
f 2819/2819/2819 2928/2928/2928 1450/1450/1450
f 1820/1820/1820 1440/1440/1440 1442/1442/1442
f 1820/1820/1820 2107/2107/2107 1440/1440/1440
f 1395/1395/1395 2755/2755/2755 2914/2914/2914
f 1395/1395/1395 1473/1473/1473 2755/2755/2755
f 1390/1390/1390 2422/2422/2422 2947/2947/2947
f 1390/1390/1390 1720/1720/1720 2422/2422/2422
f 2977/2977/2977 81/81/81 83/83/83
f 1382/1382/1382 81/81/81 2977/2977/2977
f 2695/2695/2695 2587/2587/2587 2697/2697/2697
f 2585/2585/2585 2587/2587/2587 2695/2695/2695
f 432/432/432 818/818/818 2344/2344/2344
f 2729/2729/2729 818/818/818 432/432/432
f 195/195/195 1619/1619/1619 198/198/198
f 2978/2978/2978 1619/1619/1619 195/195/195
f 2653/2653/2653 2737/2737/2737 2654/2654/2654
f 1092/1092/1092 2737/2737/2737 2653/2653/2653
f 1515/1515/1515 959/959/959 868/868/868
f 1515/1515/1515 1517/1517/1517 959/959/959
f 1560/1560/1560 2379/2379/2379 545/545/545
f 1560/1560/1560 2380/2380/2380 2379/2379/2379
f 1530/1530/1530 2776/2776/2776 1531/1531/1531
f 1530/1530/1530 2979/2979/2979 2776/2776/2776
f 501/501/501 1071/1071/1071 681/681/681
f 501/501/501 503/503/503 1071/1071/1071
f 2794/2794/2794 1716/1716/1716 2980/2980/2980
f 1717/1717/1717 1716/1716/1716 2794/2794/2794
f 1481/1481/1481 2296/2296/2296 2823/2823/2823
f 2294/2294/2294 2296/2296/2296 1481/1481/1481
f 509/509/509 2850/2850/2850 2976/2976/2976
f 2956/2956/2956 2850/2850/2850 509/509/509
f 2083/2083/2083 2356/2356/2356 2082/2082/2082
f 2083/2083/2083 867/867/867 2356/2356/2356
f 1877/1877/1877 1004/1004/1004 1337/1337/1337
f 1333/1333/1333 1004/1004/1004 1877/1877/1877
f 1962/1962/1962 55/55/55 2981/2981/2981
f 974/974/974 85/85/85 2452/2452/2452
f 976/976/976 85/85/85 974/974/974
f 856/856/856 1187/1187/1187 1900/1900/1900
f 858/858/858 1187/1187/1187 856/856/856
f 1787/1787/1787 397/397/397 2523/2523/2523
f 1787/1787/1787 1726/1726/1726 397/397/397
f 55/55/55 844/844/844 2982/2982/2982
f 2436/2436/2436 1011/1011/1011 1008/1008/1008
f 2436/2436/2436 2437/2437/2437 1011/1011/1011
f 47/47/47 2983/2983/2983 1508/1508/1508
f 101/101/101 1393/1393/1393 104/104/104
f 207/207/207 1393/1393/1393 101/101/101
f 1761/1761/1761 55/55/55 2865/2865/2865
f 2558/2558/2558 526/526/526 2829/2829/2829
f 2558/2558/2558 529/529/529 526/526/526
f 2977/2977/2977 1874/1874/1874 1162/1162/1162
f 2977/2977/2977 83/83/83 1874/1874/1874
f 2825/2825/2825 2016/2016/2016 2018/2018/2018
f 1385/1385/1385 2016/2016/2016 2825/2825/2825
f 2445/2445/2445 2763/2763/2763 2204/2204/2204
f 2445/2445/2445 2630/2630/2630 2763/2763/2763
f 2222/2222/2222 2191/2191/2191 2437/2437/2437
f 2222/2222/2222 2933/2933/2933 2191/2191/2191
f 1989/1989/1989 436/436/436 1988/1988/1988
f 437/437/437 436/436/436 1989/1989/1989
f 2377/2377/2377 2864/2864/2864 2845/2845/2845
f 2984/2984/2984 2864/2864/2864 2377/2377/2377
f 1594/1594/1594 1590/1590/1590 1592/1592/1592
f 1594/1594/1594 118/118/118 1590/1590/1590
f 55/55/55 2030/2030/2030 1599/1599/1599
f 55/55/55 802/802/802 457/457/457
f 2716/2716/2716 2833/2833/2833 2717/2717/2717
f 2716/2716/2716 2693/2693/2693 2833/2833/2833
f 47/47/47 2470/2470/2470 2465/2465/2465
f 789/789/789 1263/1263/1263 469/469/469
f 789/789/789 530/530/530 1263/1263/1263
f 2573/2573/2573 2820/2820/2820 2575/2575/2575
f 2879/2879/2879 2820/2820/2820 2573/2573/2573
f 2472/2472/2472 1937/1937/1937 2139/2139/2139
f 2292/2292/2292 1937/1937/1937 2472/2472/2472
f 2078/2078/2078 2131/2131/2131 2077/2077/2077
f 2078/2078/2078 1407/1407/1407 2131/2131/2131
f 1421/1421/1421 398/398/398 2112/2112/2112
f 399/399/399 398/398/398 1421/1421/1421
f 1290/1290/1290 1872/1872/1872 1288/1288/1288
f 1290/1290/1290 1870/1870/1870 1872/1872/1872
f 1788/1788/1788 1725/1725/1725 1726/1726/1726
f 1788/1788/1788 2718/2718/2718 1725/1725/1725
f 1882/1882/1882 2921/2921/2921 2453/2453/2453
f 1437/1437/1437 2921/2921/2921 1882/1882/1882
f 2462/2462/2462 2881/2881/2881 2460/2460/2460
f 1546/1546/1546 2881/2881/2881 2462/2462/2462
f 47/47/47 2828/2828/2828 2827/2827/2827
f 1062/1062/1062 2985/2985/2985 2791/2791/2791
f 1062/1062/1062 1064/1064/1064 2985/2985/2985
f 2186/2186/2186 1504/1504/1504 2336/2336/2336
f 663/663/663 1504/1504/1504 2186/2186/2186
f 2763/2763/2763 2629/2629/2629 2986/2986/2986
f 2630/2630/2630 2629/2629/2629 2763/2763/2763
f 376/376/376 2180/2180/2180 377/377/377
f 376/376/376 2896/2896/2896 2180/2180/2180
f 2761/2761/2761 717/717/717 2759/2759/2759
f 718/718/718 717/717/717 2761/2761/2761
f 1119/1119/1119 55/55/55 1114/1114/1114
f 2886/2886/2886 55/55/55 2987/2987/2987
f 958/958/958 1849/1849/1849 1541/1541/1541
f 958/958/958 1311/1311/1311 1849/1849/1849
f 768/768/768 854/854/854 769/769/769
f 768/768/768 2276/2276/2276 854/854/854
f 2044/2044/2044 2744/2744/2744 223/223/223
f 2046/2046/2046 2744/2744/2744 2044/2044/2044
f 1988/1988/1988 2381/2381/2381 1167/1167/1167
f 1988/1988/1988 2891/2891/2891 2381/2381/2381
f 1785/1785/1785 2018/2018/2018 1784/1784/1784
f 2825/2825/2825 2018/2018/2018 1785/1785/1785
f 2743/2743/2743 2988/2988/2988 226/226/226
f 2743/2743/2743 2005/2005/2005 2988/2988/2988
f 2849/2849/2849 2161/2161/2161 2181/2181/2181
f 2849/2849/2849 2847/2847/2847 2161/2161/2161
f 2717/2717/2717 2832/2832/2832 2975/2975/2975
f 2717/2717/2717 2833/2833/2833 2832/2832/2832
f 2989/2989/2989 2152/2152/2152 2990/2990/2990
f 649/649/649 2152/2152/2152 2989/2989/2989
f 861/861/861 1462/1462/1462 2502/2502/2502
f 1460/1460/1460 1462/1462/1462 861/861/861
f 2106/2106/2106 2582/2582/2582 2051/2051/2051
f 2583/2583/2583 2582/2582/2582 2106/2106/2106
f 2508/2508/2508 818/818/818 2729/2729/2729
f 2508/2508/2508 816/816/816 818/818/818
f 575/575/575 1837/1837/1837 1429/1429/1429
f 2561/2561/2561 1837/1837/1837 575/575/575
f 2857/2857/2857 2003/2003/2003 2991/2991/2991
f 2857/2857/2857 2624/2624/2624 2003/2003/2003
f 2830/2830/2830 924/924/924 640/640/640
f 2830/2830/2830 2313/2313/2313 924/924/924
f 47/47/47 1488/1488/1488 1864/1864/1864
f 2593/2593/2593 2303/2303/2303 2528/2528/2528
f 2593/2593/2593 9/9/9 2303/2303/2303
f 265/265/265 2872/2872/2872 2871/2871/2871
f 264/264/264 2872/2872/2872 265/265/265
f 47/47/47 106/106/106 111/111/111
f 2992/2992/2992 2773/2773/2773 2775/2775/2775
f 240/240/240 600/600/600 1847/1847/1847
f 601/601/601 2773/2773/2773 2992/2992/2992
f 240/240/240 601/601/601 600/600/600
f 240/240/240 2773/2773/2773 601/601/601
f 738/738/738 637/637/637 639/639/639
f 740/740/740 637/637/637 738/738/738
f 531/531/531 1731/1731/1731 1732/1732/1732
f 860/860/860 1731/1731/1731 531/531/531
f 55/55/55 2622/2622/2622 2621/2621/2621
f 47/47/47 572/572/572 571/571/571
f 2138/2138/2138 2316/2316/2316 2941/2941/2941
f 2138/2138/2138 2993/2993/2993 2316/2316/2316
f 963/963/963 2378/2378/2378 896/896/896
f 963/963/963 2565/2565/2565 2378/2378/2378
f 301/301/301 2231/2231/2231 302/302/302
f 301/301/301 874/874/874 2231/2231/2231
f 2419/2419/2419 1051/1051/1051 2925/2925/2925
f 1050/1050/1050 1051/1051/1051 2419/2419/2419
f 1889/1889/1889 363/363/363 1645/1645/1645
f 1889/1889/1889 2915/2915/2915 363/363/363
f 2692/2692/2692 892/892/892 1294/1294/1294
f 2422/2422/2422 892/892/892 2692/2692/2692
f 1397/1397/1397 1422/1422/1422 1471/1471/1471
f 1423/1423/1423 1422/1422/1422 1397/1397/1397
f 972/972/972 376/376/376 378/378/378
f 972/972/972 2229/2229/2229 376/376/376
f 47/47/47 2817/2817/2817 2818/2818/2818
f 2287/2287/2287 683/683/683 680/680/680
f 2994/2994/2994 683/683/683 2287/2287/2287
f 1916/1916/1916 1768/1768/1768 1769/1769/1769
f 2623/2623/2623 2836/2836/2836 1916/1916/1916
f 2836/2836/2836 2995/2995/2995 1916/1916/1916
f 2995/2995/2995 2927/2927/2927 1916/1916/1916
f 2927/2927/2927 1768/1768/1768 1916/1916/1916
f 2819/2819/2819 550/550/550 2928/2928/2928
f 551/551/551 550/550/550 2819/2819/2819
f 411/411/411 1312/1312/1312 2996/2996/2996
f 411/411/411 1315/1315/1315 1312/1312/1312
f 1789/1789/1789 2374/2374/2374 475/475/475
f 1789/1789/1789 419/419/419 2374/2374/2374
f 1476/1476/1476 1467/1467/1467 1469/1469/1469
f 130/130/130 1467/1467/1467 1476/1476/1476
f 2699/2699/2699 19/19/19 2702/2702/2702
f 17/17/17 19/19/19 2699/2699/2699
f 55/55/55 2350/2350/2350 2997/2997/2997
f 1576/1576/1576 1907/1907/1907 1575/1575/1575
f 1576/1576/1576 1583/1583/1583 1907/1907/1907
f 1222/1222/1222 1017/1017/1017 1444/1444/1444
f 1222/1222/1222 1221/1221/1221 1017/1017/1017
f 1796/1796/1796 2300/2300/2300 1797/1797/1797
f 1796/1796/1796 2299/2299/2299 2300/2300/2300
f 47/47/47 821/821/821 2642/2642/2642
f 47/47/47 1847/1847/1847 600/600/600
f 270/270/270 2920/2920/2920 268/268/268
f 2887/2887/2887 2920/2920/2920 270/270/270
f 621/621/621 2120/2120/2120 2998/2998/2998
f 620/620/620 2120/2120/2120 621/621/621
f 2937/2937/2937 2185/2185/2185 2184/2184/2184
f 917/917/917 1218/1218/1218 2397/2397/2397
f 916/916/916 1218/1218/1218 917/917/917
f 2937/2937/2937 916/916/916 2185/2185/2185
f 2937/2937/2937 1218/1218/1218 916/916/916
f 1523/1523/1523 72/72/72 69/69/69
f 1943/1943/1943 72/72/72 1523/1523/1523
f 55/55/55 1770/1770/1770 1768/1768/1768
f 598/598/598 1057/1057/1057 937/937/937
f 598/598/598 599/599/599 1057/1057/1057
f 47/47/47 2490/2490/2490 1848/1848/1848
f 1251/1251/1251 2028/2028/2028 2999/2999/2999
f 1251/1251/1251 544/544/544 2028/2028/2028
f 2591/2591/2591 1711/1711/1711 2024/2024/2024
f 2591/2591/2591 1714/1714/1714 1711/1711/1711
f 1511/1511/1511 1799/1799/1799 1512/1512/1512
f 1511/1511/1511 2142/2142/2142 1799/1799/1799
f 565/565/565 1260/1260/1260 1058/1058/1058
f 565/565/565 567/567/567 1260/1260/1260
f 990/990/990 807/807/807 2015/2015/2015
f 1152/1152/1152 807/807/807 990/990/990
f 931/931/931 911/911/911 1177/1177/1177
f 909/909/909 911/911/911 931/931/931
f 47/47/47 2935/2935/2935 3000/3000/3000
f 2806/2806/2806 1995/1995/1995 2011/2011/2011
f 2806/2806/2806 1055/1055/1055 1995/1995/1995
f 3001/3001/3001 55/55/55 1631/1631/1631
f 1086/1086/1086 933/933/933 2959/2959/2959
f 1086/1086/1086 936/936/936 933/933/933
f 879/879/879 2984/2984/2984 2377/2377/2377
f 1232/1232/1232 2984/2984/2984 879/879/879
f 2112/2112/2112 2551/2551/2551 2113/2113/2113
f 2112/2112/2112 2549/2549/2549 2551/2551/2551
f 278/278/278 2625/2625/2625 281/281/281
f 1618/1618/1618 2625/2625/2625 278/278/278
f 55/55/55 455/455/455 454/454/454
f 6/6/6 1627/1627/1627 729/729/729
f 6/6/6 2708/2708/2708 1627/1627/1627
f 1972/1972/1972 2324/2324/2324 2326/2326/2326
f 2345/2345/2345 2324/2324/2324 1972/1972/1972
f 1813/1813/1813 422/422/422 1811/1811/1811
f 1813/1813/1813 327/327/327 422/422/422
f 377/377/377 978/978/978 980/980/980
f 377/377/377 2180/2180/2180 978/978/978
f 2425/2425/2425 2528/2528/2528 1826/1826/1826
f 2871/2871/2871 2528/2528/2528 2425/2425/2425
f 1682/1682/1682 426/426/426 428/428/428
f 2352/2352/2352 426/426/426 1682/1682/1682
f 224/224/224 2988/2988/2988 2159/2159/2159
f 226/226/226 2988/2988/2988 224/224/224
f 2105/2105/2105 2522/2522/2522 2921/2921/2921
f 2105/2105/2105 2524/2524/2524 2522/2522/2522
f 1332/1332/1332 2020/2020/2020 1007/1007/1007
f 1551/1551/1551 2020/2020/2020 1332/1332/1332
f 2011/2011/2011 1992/1992/1992 2010/2010/2010
f 2011/2011/2011 1995/1995/1995 1992/1992/1992
f 55/55/55 1934/1934/1934 1933/1933/1933
f 891/891/891 1386/1386/1386 889/889/889
f 1255/1255/1255 1386/1386/1386 891/891/891
f 2661/2661/2661 55/55/55 1676/1676/1676
f 3002/3002/3002 2957/2957/2957 1843/1843/1843
f 3002/3002/3002 2766/2766/2766 2957/2957/2957
f 2576/2576/2576 2787/2787/2787 516/516/516
f 2781/2781/2781 2787/2787/2787 2576/2576/2576
f 2152/2152/2152 1700/1700/1700 2990/2990/2990
f 2152/2152/2152 2311/2311/2311 1700/1700/1700
f 2843/2843/2843 2383/2383/2383 2206/2206/2206
f 2382/2382/2382 2383/2383/2383 2843/2843/2843
f 176/176/176 961/961/961 782/782/782
f 2862/2862/2862 961/961/961 176/176/176
f 1909/1909/1909 1800/1800/1800 1910/1910/1910
f 1909/1909/1909 1803/1803/1803 1800/1800/1800
f 2487/2487/2487 2505/2505/2505 670/670/670
f 2337/2337/2337 2505/2505/2505 2487/2487/2487
f 47/47/47 2655/2655/2655 1235/1235/1235
f 2959/2959/2959 2279/2279/2279 2979/2979/2979
f 2959/2959/2959 933/933/933 2279/2279/2279
f 1380/1380/1380 343/343/343 145/145/145
f 1352/1352/1352 343/343/343 1380/1380/1380
f 1659/1659/1659 2635/2635/2635 1267/1267/1267
f 1101/1101/1101 2635/2635/2635 1659/1659/1659
f 47/47/47 3003/3003/3003 1557/1557/1557
f 707/707/707 2990/2990/2990 710/710/710
f 2989/2989/2989 2990/2990/2990 707/707/707
f 1692/1692/1692 1426/1426/1426 2740/2740/2740
f 1427/1427/1427 1426/1426/1426 1692/1692/1692
f 55/55/55 2910/2910/2910 1773/1773/1773
f 1964/1964/1964 1652/1652/1652 1651/1651/1651
f 1964/1964/1964 1816/1816/1816 1652/1652/1652
f 85/85/85 2451/2451/2451 2452/2452/2452
f 85/85/85 87/87/87 2451/2451/2451
f 1814/1814/1814 379/379/379 381/381/381
f 542/542/542 379/379/379 1814/1814/1814
f 2460/2460/2460 2368/2368/2368 2461/2461/2461
f 2460/2460/2460 2366/2366/2366 2368/2368/2368
f 55/55/55 2679/2679/2679 2866/2866/2866
f 817/817/817 694/694/694 696/696/696
f 819/819/819 694/694/694 817/817/817
f 55/55/55 3004/3004/3004 2715/2715/2715
f 298/298/298 1284/1284/1284 1967/1967/1967
f 298/298/298 1579/1579/1579 1284/1284/1284
f 506/506/506 430/430/430 2856/2856/2856
f 506/506/506 2728/2728/2728 430/430/430
f 1704/1704/1704 2904/2904/2904 2906/2906/2906
f 1704/1704/1704 2839/2839/2839 2904/2904/2904
f 1583/1583/1583 2859/2859/2859 1907/1907/1907
f 1583/1583/1583 2238/2238/2238 2859/2859/2859
f 2702/2702/2702 1205/1205/1205 1839/1839/1839
f 19/19/19 1205/1205/1205 2702/2702/2702
f 2908/2908/2908 2731/2731/2731 2102/2102/2102
f 2954/2954/2954 2731/2731/2731 2908/2908/2908
f 2586/2586/2586 1077/1077/1077 2747/2747/2747
f 1078/1078/1078 1077/1077/1077 2586/2586/2586
f 332/332/332 1137/1137/1137 333/333/333
f 332/332/332 1135/1135/1135 1137/1137/1137
f 47/47/47 2775/2775/2775 2774/2774/2774
f 518/518/518 1561/1561/1561 1051/1051/1051
f 518/518/518 520/520/520 1561/1561/1561
f 1530/1530/1530 2959/2959/2959 2979/2979/2979
f 1164/1164/1164 2959/2959/2959 1530/1530/1530
f 47/47/47 2218/2218/2218 2220/2220/2220
f 1642/1642/1642 2183/2183/2183 1640/1640/1640
f 1642/1642/1642 2753/2753/2753 2183/2183/2183
f 2139/2139/2139 2941/2941/2941 2940/2940/2940
f 2139/2139/2139 2138/2138/2138 2941/2941/2941
f 498/498/498 596/596/596 597/597/597
f 1668/1668/1668 596/596/596 498/498/498
f 26/26/26 3005/3005/3005 2868/2868/2868
f 28/28/28 3005/3005/3005 26/26/26
f 2176/2176/2176 55/55/55 2177/2177/2177
f 2546/2546/2546 3006/3006/3006 2547/2547/2547
f 2154/2154/2154 2489/2489/2489 2521/2521/2521
f 2153/2153/2153 2489/2489/2489 2154/2154/2154
f 2546/2546/2546 2153/2153/2153 3006/3006/3006
f 2546/2546/2546 2489/2489/2489 2153/2153/2153
f 2820/2820/2820 551/551/551 2819/2819/2819
f 2568/2568/2568 551/551/551 2820/2820/2820
f 2172/2172/2172 2307/2307/2307 2435/2435/2435
f 2172/2172/2172 2174/2174/2174 2307/2307/2307
f 2673/2673/2673 55/55/55 2675/2675/2675
f 1585/1585/1585 467/467/467 1904/1904/1904
f 1585/1585/1585 1586/1586/1586 467/467/467
f 1032/1032/1032 48/48/48 2796/2796/2796
f 3007/3007/3007 1034/1034/1034 820/820/820
f 49/49/49 1034/1034/1034 3007/3007/3007
f 1032/1032/1032 49/49/49 48/48/48
f 1032/1032/1032 1034/1034/1034 49/49/49
f 3008/3008/3008 2673/2673/2673 2674/2674/2674
f 1154/1154/1154 1155/1155/1155 3008/3008/3008
f 1155/1155/1155 3009/3009/3009 3008/3008/3008
f 3009/3009/3009 2846/2846/2846 3008/3008/3008
f 2846/2846/2846 2673/2673/2673 3008/3008/3008
f 55/55/55 1025/1025/1025 1024/1024/1024
f 2349/2349/2349 165/165/165 167/167/167
f 2680/2680/2680 165/165/165 2349/2349/2349
f 2409/2409/2409 2450/2450/2450 690/690/690
f 2408/2408/2408 2450/2450/2450 2409/2409/2409
f 55/55/55 2338/2338/2338 3010/3010/3010
f 55/55/55 2660/2660/2660 2449/2449/2449
f 2824/2824/2824 1785/1785/1785 2754/2754/2754
f 2824/2824/2824 2825/2825/2825 1785/1785/1785
f 2759/2759/2759 2244/2244/2244 2760/2760/2760
f 2759/2759/2759 1709/1709/1709 2244/2244/2244
f 2777/2777/2777 1696/1696/1696 2778/2778/2778
f 2777/2777/2777 2569/2569/2569 1696/1696/1696
f 1077/1077/1077 2065/2065/2065 2376/2376/2376
f 1079/1079/1079 2065/2065/2065 1077/1077/1077
f 961/961/961 896/896/896 782/782/782
f 961/961/961 963/963/963 896/896/896
f 1303/1303/1303 2270/2270/2270 2479/2479/2479
f 1303/1303/1303 1305/1305/1305 2270/2270/2270
f 1182/1182/1182 2933/2933/2933 2222/2222/2222
f 1182/1182/1182 1184/1184/1184 2933/2933/2933
f 1968/1968/1968 2493/2493/2493 1345/1345/1345
f 1968/1968/1968 1967/1967/1967 2493/2493/2493
f 2348/2348/2348 1689/1689/1689 2795/2795/2795
f 2348/2348/2348 1838/1838/1838 1689/1689/1689
f 1582/1582/1582 1693/1693/1693 1584/1584/1584
f 2277/2277/2277 1693/1693/1693 1582/1582/1582
f 843/843/843 1042/1042/1042 1409/1409/1409
f 842/842/842 3011/3011/3011 843/843/843
f 3011/3011/3011 3012/3012/3012 843/843/843
f 3012/3012/3012 1043/1043/1043 843/843/843
f 1043/1043/1043 1042/1042/1042 843/843/843
f 1876/1876/1876 1514/1514/1514 2198/2198/2198
f 1876/1876/1876 1334/1334/1334 1514/1514/1514
f 47/47/47 3000/3000/3000 2713/2713/2713
f 311/311/311 55/55/55 312/312/312
f 47/47/47 338/338/338 67/67/67
f 666/666/666 2400/2400/2400 3013/3013/3013
f 666/666/666 668/668/668 2400/2400/2400
f 1539/1539/1539 711/711/711 439/439/439
f 967/967/967 711/711/711 1539/1539/1539
f 47/47/47 1061/1061/1061 1487/1487/1487
f 1993/1993/1993 3014/3014/3014 1994/1994/1994
f 1993/1993/1993 2786/2786/2786 3014/3014/3014
f 483/483/483 1821/1821/1821 484/484/484
f 483/483/483 3015/3015/3015 1821/1821/1821
f 3015/3015/3015 2997/2997/2997 1821/1821/1821
f 2997/2997/2997 2350/2350/2350 1821/1821/1821
f 2350/2350/2350 1819/1819/1819 1821/1821/1821
f 2789/2789/2789 745/745/745 2790/2790/2790
f 2789/2789/2789 1463/1463/1463 745/745/745
f 2776/2776/2776 2279/2279/2279 287/287/287
f 2979/2979/2979 2279/2279/2279 2776/2776/2776
f 963/963/963 2564/2564/2564 2565/2565/2565
f 962/962/962 2564/2564/2564 963/963/963
f 1885/1885/1885 1566/1566/1566 1372/1372/1372
f 1885/1885/1885 2160/2160/2160 1566/1566/1566
f 2358/2358/2358 2681/2681/2681 2359/2359/2359
f 2358/2358/2358 2750/2750/2750 2681/2681/2681
f 47/47/47 3007/3007/3007 820/820/820
f 2107/2107/2107 1024/1024/1024 1021/1021/1021
f 2111/2111/2111 3016/3016/3016 2107/2107/2107
f 3016/3016/3016 2659/2659/2659 2107/2107/2107
f 2659/2659/2659 2503/2503/2503 2107/2107/2107
f 2503/2503/2503 1024/1024/1024 2107/2107/2107
f 2489/2489/2489 848/848/848 2521/2521/2521
f 2983/2983/2983 1506/1506/1506 1508/1508/1508
f 849/849/849 1506/1506/1506 2983/2983/2983
f 2489/2489/2489 849/849/849 848/848/848
f 2489/2489/2489 1506/1506/1506 849/849/849
f 1400/1400/1400 173/173/173 175/175/175
f 809/809/809 173/173/173 1400/1400/1400
f 2765/2765/2765 133/133/133 2257/2257/2257
f 134/134/134 133/133/133 2765/2765/2765
f 2842/2842/2842 1992/1992/1992 2694/2694/2694
f 2010/2010/2010 1992/1992/1992 2842/2842/2842
f 2869/2869/2869 2322/2322/2322 1759/1759/1759
f 2008/2008/2008 2322/2322/2322 2869/2869/2869
f 585/585/585 1531/1531/1531 2431/2431/2431
f 1067/1067/1067 1531/1531/1531 585/585/585
f 47/47/47 2440/2440/2440 2938/2938/2938
f 2784/2784/2784 1691/1691/1691 2926/2926/2926
f 2783/2783/2783 1691/1691/1691 2784/2784/2784
f 286/286/286 861/861/861 859/859/859
f 286/286/286 1460/1460/1460 861/861/861
f 2765/2765/2765 3017/3017/3017 1752/1752/1752
f 2765/2765/2765 2257/2257/2257 3017/3017/3017
f 2197/2197/2197 653/653/653 2527/2527/2527
f 652/652/652 653/653/653 2197/2197/2197
f 741/741/741 224/224/224 744/744/744
f 225/225/225 224/224/224 741/741/741
f 2496/2496/2496 2170/2170/2170 2497/2497/2497
f 2496/2496/2496 2225/2225/2225 2170/2170/2170
f 1448/1448/1448 2929/2929/2929 2971/2971/2971
f 2928/2928/2928 2929/2929/2929 1448/1448/1448
f 796/796/796 1665/1665/1665 538/538/538
f 798/798/798 1665/1665/1665 796/796/796
f 1860/1860/1860 690/690/690 692/692/692
f 2409/2409/2409 690/690/690 1860/1860/1860
f 2313/2313/2313 886/886/886 2315/2315/2315
f 887/887/887 886/886/886 2313/2313/2313
f 3018/3018/3018 1926/1926/1926 2455/2455/2455
f 1927/1927/1927 1926/1926/1926 3018/3018/3018
f 2809/2809/2809 2/2/2 459/459/459
f 3/3/3 2/2/2 2809/2809/2809
f 55/55/55 2621/2621/2621 2620/2620/2620
f 2160/2160/2160 954/954/954 2855/2855/2855
f 952/952/952 954/954/954 2160/2160/2160
f 2127/2127/2127 1028/1028/1028 1026/1026/1026
f 2127/2127/2127 1835/1835/1835 1028/1028/1028
f 2564/2564/2564 1905/1905/1905 2566/2566/2566
f 1906/1906/1906 1905/1905/1905 2564/2564/2564
f 2708/2708/2708 2072/2072/2072 1627/1627/1627
f 2708/2708/2708 2106/2106/2106 2072/2072/2072
f 1217/1217/1217 1865/1865/1865 2395/2395/2395
f 2746/2746/2746 783/783/783 1398/1398/1398
f 1217/1217/1217 1866/1866/1866 1865/1865/1865
f 1866/1866/1866 783/783/783 2746/2746/2746
f 1217/1217/1217 783/783/783 1866/1866/1866
f 2698/2698/2698 1878/1878/1878 354/354/354
f 2698/2698/2698 1880/1880/1880 1878/1878/1878
f 735/735/735 2208/2208/2208 973/973/973
f 2209/2209/2209 2208/2208/2208 735/735/735
f 885/885/885 227/227/227 229/229/229
f 1978/1978/1978 227/227/227 885/885/885
f 1577/1577/1577 1550/1550/1550 922/922/922
f 1577/1577/1577 1342/1342/1342 1550/1550/1550
f 1152/1152/1152 126/126/126 807/807/807
f 1151/1151/1151 126/126/126 1152/1152/1152
f 1389/1389/1389 2665/2665/2665 1387/1387/1387
f 1922/1922/1922 2665/2665/2665 1389/1389/1389
f 415/415/415 2426/2426/2426 2427/2427/2427
f 415/415/415 414/414/414 2426/2426/2426
f 2882/2882/2882 2755/2755/2755 394/394/394
f 2914/2914/2914 2755/2755/2755 2882/2882/2882
f 2602/2602/2602 1518/1518/1518 1515/1515/1515
f 1132/1132/1132 1518/1518/1518 2602/2602/2602
f 47/47/47 156/156/156 150/150/150
f 47/47/47 3019/3019/3019 3020/3020/3020
f 699/699/699 2691/2691/2691 2891/2891/2891
f 699/699/699 2947/2947/2947 2691/2691/2691
f 1307/1307/1307 1483/1483/1483 1309/1309/1309
f 2159/2159/2159 1483/1483/1483 1307/1307/1307
f 2675/2675/2675 55/55/55 2676/2676/2676
f 47/47/47 2443/2443/2443 2442/2442/2442
f 2404/2404/2404 2427/2427/2427 2402/2402/2402
f 2404/2404/2404 415/415/415 2427/2427/2427
f 2308/2308/2308 2908/2908/2908 53/53/53
f 2310/2310/2310 2908/2908/2908 2308/2308/2308
f 55/55/55 3021/3021/3021 2643/2643/2643
f 47/47/47 2634/2634/2634 2811/2811/2811
f 1774/1774/1774 1063/1063/1063 1065/1065/1065
f 1774/1774/1774 1776/1776/1776 1063/1063/1063
f 78/78/78 443/443/443 79/79/79
f 78/78/78 1746/1746/1746 443/443/443
f 47/47/47 152/152/152 2656/2656/2656
f 708/708/708 1697/1697/1697 2840/2840/2840
f 710/710/710 1697/1697/1697 708/708/708
f 1577/1577/1577 1340/1340/1340 1342/1342/1342
f 2081/2081/2081 1340/1340/1340 1577/1577/1577
f 276/276/276 719/719/719 716/716/716
f 276/276/276 275/275/275 719/719/719
f 2783/2783/2783 1689/1689/1689 1691/1691/1691
f 2795/2795/2795 1689/1689/1689 2783/2783/2783
f 2937/2937/2937 1216/1216/1216 1218/1218/1218
f 2029/2029/2029 1216/1216/1216 2937/2937/2937
f 2245/2245/2245 579/579/579 2129/2129/2129
f 580/580/580 579/579/579 2245/2245/2245
f 554/554/554 2495/2495/2495 2973/2973/2973
f 1159/1159/1159 2495/2495/2495 554/554/554
f 244/244/244 2139/2139/2139 2940/2940/2940
f 2472/2472/2472 2139/2139/2139 244/244/244
f 163/163/163 795/795/795 2858/2858/2858
f 163/163/163 162/162/162 795/795/795
f 1948/1948/1948 97/97/97 2589/2589/2589
f 1948/1948/1948 100/100/100 97/97/97
f 376/376/376 2061/2061/2061 2896/2896/2896
f 2229/2229/2229 2061/2061/2061 376/376/376
f 2015/2015/2015 806/806/806 2013/2013/2013
f 807/807/807 806/806/806 2015/2015/2015
f 47/47/47 2961/2961/2961 2498/2498/2498
f 2288/2288/2288 2262/2262/2262 2274/2274/2274
f 2288/2288/2288 2263/2263/2263 2262/2262/2262
f 892/892/892 1292/1292/1292 1294/1294/1294
f 892/892/892 894/894/894 1292/1292/1292
f 1074/1074/1074 146/146/146 2637/2637/2637
f 1074/1074/1074 149/149/149 146/146/146
f 2031/2031/2031 2325/2325/2325 2032/2032/2032
f 2326/2326/2326 2325/2325/2325 2031/2031/2031
f 905/905/905 734/734/734 903/903/903
f 905/905/905 737/737/737 734/734/734
f 2373/2373/2373 1162/1162/1162 1163/1163/1163
f 2373/2373/2373 2977/2977/2977 1162/1162/1162
f 2771/2771/2771 1919/1919/1919 2772/2772/2772
f 2771/2771/2771 1543/1543/1543 1919/1919/1919
f 412/412/412 646/646/646 410/410/410
f 2658/2658/2658 646/646/646 412/412/412
f 2698/2698/2698 2027/2027/2027 1880/1880/1880
f 2182/2182/2182 2027/2027/2027 2698/2698/2698
f 2706/2706/2706 676/676/676 2001/2001/2001
f 2769/2769/2769 676/676/676 2706/2706/2706
f 1604/1604/1604 2830/2830/2830 2040/2040/2040
f 1604/1604/1604 1603/1603/1603 2830/2830/2830
f 47/47/47 1238/1238/1238 2491/2491/2491
f 1728/1728/1728 631/631/631 1729/1729/1729
f 1728/1728/1728 629/629/629 631/631/631
f 3021/3021/3021 55/55/55 1154/1154/1154
f 965/965/965 1539/1539/1539 1873/1873/1873
f 965/965/965 967/967/967 1539/1539/1539
f 1094/1094/1094 2288/2288/2288 2274/2274/2274
f 1149/1149/1149 2288/2288/2288 1094/1094/1094
f 1195/1195/1195 835/835/835 1786/1786/1786
f 1197/1197/1197 835/835/835 1195/1195/1195
f 47/47/47 45/45/45 44/44/44
f 318/318/318 1131/1131/1131 147/147/147
f 318/318/318 1401/1401/1401 1131/1131/1131
f 1869/1869/1869 3022/3022/3022 2021/2021/2021
f 1869/1869/1869 3023/3023/3023 3022/3022/3022
f 1694/1694/1694 1457/1457/1457 1695/1695/1695
f 1694/1694/1694 1455/1455/1455 1457/1457/1457
f 1113/1113/1113 1513/1513/1513 1424/1424/1424
f 1113/1113/1113 1115/1115/1115 1513/1513/1513
f 2474/2474/2474 2332/2332/2332 2334/2334/2334
f 2474/2474/2474 2794/2794/2794 2332/2332/2332
f 2279/2279/2279 285/285/285 287/287/287
f 2279/2279/2279 841/841/841 285/285/285
f 2735/2735/2735 950/950/950 2645/2645/2645
f 2609/2609/2609 950/950/950 2735/2735/2735
f 2156/2156/2156 1166/1166/1166 1790/1790/1790
f 2084/2084/2084 1166/1166/1166 2156/2156/2156
f 2428/2428/2428 1767/1767/1767 1764/1764/1764
f 2428/2428/2428 2518/2518/2518 1767/1767/1767
f 2136/2136/2136 20/20/20 2779/2779/2779
f 2136/2136/2136 751/751/751 20/20/20
f 1202/1202/1202 1491/1491/1491 2596/2596/2596
f 1204/1204/1204 1491/1491/1491 1202/1202/1202
f 1814/1814/1814 1945/1945/1945 1815/1815/1815
f 1814/1814/1814 381/381/381 1945/1945/1945
f 2272/2272/2272 203/203/203 1970/1970/1970
f 214/214/214 203/203/203 2272/2272/2272
f 47/47/47 2878/2878/2878 2867/2867/2867
f 47/47/47 2545/2545/2545 2547/2547/2547
f 1476/1476/1476 2227/2227/2227 1477/1477/1477
f 1476/1476/1476 1469/1469/1469 2227/2227/2227
f 2784/2784/2784 1479/1479/1479 870/870/870
f 2784/2784/2784 2926/2926/2926 1479/1479/1479
f 430/430/430 2729/2729/2729 432/432/432
f 2728/2728/2728 2729/2729/2729 430/430/430
f 47/47/47 2118/2118/2118 2432/2432/2432
f 47/47/47 1487/1487/1487 1488/1488/1488
f 326/326/326 2781/2781/2781 2576/2576/2576
f 328/328/328 2781/2781/2781 326/326/326
f 2177/2177/2177 55/55/55 2178/2178/2178
f 1180/1180/1180 305/305/305 307/307/307
f 1180/1180/1180 648/648/648 305/305/305
f 2880/2880/2880 1888/1888/1888 1890/1890/1890
f 2407/2407/2407 1888/1888/1888 2880/2880/2880
f 2904/2904/2904 2026/2026/2026 2905/2905/2905
f 2904/2904/2904 2024/2024/2024 2026/2026/2026
f 2535/2535/2535 1672/1672/1672 1674/1674/1674
f 2535/2535/2535 2370/2370/2370 1672/1672/1672
f 47/47/47 1281/1281/1281 3019/3019/3019
f 2460/2460/2460 396/396/396 2366/2366/2366
f 2881/2881/2881 396/396/396 2460/2460/2460
f 86/86/86 595/595/595 87/87/87
f 86/86/86 2461/2461/2461 595/595/595
f 55/55/55 2808/2808/2808 2807/2807/2807
f 55/55/55 3024/3024/3024 3025/3025/3025
f 2123/2123/2123 1041/1041/1041 667/667/667
f 2123/2123/2123 2486/2486/2486 1041/1041/1041
f 14/14/14 838/838/838 15/15/15
f 14/14/14 2912/2912/2912 838/838/838
f 2224/2224/2224 2480/2480/2480 2171/2171/2171
f 2224/2224/2224 2359/2359/2359 2480/2480/2480
f 47/47/47 2242/2242/2242 2817/2817/2817
f 55/55/55 2538/2538/2538 2537/2537/2537
f 445/445/445 2777/2777/2777 2618/2618/2618
f 445/445/445 444/444/444 2777/2777/2777
f 490/490/490 1304/1304/1304 1306/1306/1306
f 490/490/490 2512/2512/2512 1304/1304/1304
f 2855/2855/2855 2607/2607/2607 2605/2605/2605
f 954/954/954 2607/2607/2607 2855/2855/2855
f 47/47/47 2070/2070/2070 2066/2066/2066
f 3026/3026/3026 684/684/684 2671/2671/2671
f 3026/3026/3026 3027/3027/3027 684/684/684
f 1984/1984/1984 296/296/296 1968/1968/1968
f 1357/1357/1357 296/296/296 1984/1984/1984
f 2120/2120/2120 2436/2436/2436 2998/2998/2998
f 2120/2120/2120 2221/2221/2221 2436/2436/2436
f 391/391/391 964/964/964 392/392/392
f 391/391/391 3028/3028/3028 964/964/964
f 12/12/12 346/346/346 10/10/10
f 347/347/347 346/346/346 12/12/12
f 2920/2920/2920 1195/1195/1195 1015/1015/1015
f 1196/1196/1196 1195/1195/1195 2920/2920/2920
f 472/472/472 55/55/55 54/54/54
f 1974/1974/1974 2820/2820/2820 2879/2879/2879
f 1974/1974/1974 2568/2568/2568 2820/2820/2820
f 1250/1250/1250 1374/1374/1374 2797/2797/2797
f 828/828/828 1374/1374/1374 1250/1250/1250
f 855/855/855 1143/1143/1143 858/858/858
f 1040/1040/1040 1143/1143/1143 855/855/855
f 458/458/458 1989/1989/1989 2057/2057/2057
f 458/458/458 437/437/437 1989/1989/1989
f 2379/2379/2379 2254/2254/2254 2255/2255/2255
f 2379/2379/2379 205/205/205 2254/2254/2254
f 2002/2002/2002 2779/2779/2779 2365/2365/2365
f 675/675/675 2779/2779/2779 2002/2002/2002
f 122/122/122 2966/2966/2966 2968/2968/2968
f 122/122/122 2996/2996/2996 2966/2966/2966
f 3029/3029/3029 2455/2455/2455 1231/1231/1231
f 3018/3018/3018 2455/2455/2455 3029/3029/3029
f 91/91/91 2525/2525/2525 2406/2406/2406
f 91/91/91 90/90/90 2525/2525/2525
f 47/47/47 1300/1300/1300 45/45/45
f 1140/1140/1140 1945/1945/1945 1943/1943/1943
f 1815/1815/1815 1945/1945/1945 1140/1140/1140
f 2541/2541/2541 2991/2991/2991 2897/2897/2897
f 2541/2541/2541 2857/2857/2857 2991/2991/2991
f 2898/2898/2898 1496/1496/1496 1492/1492/1492
f 2898/2898/2898 2477/2477/2477 1496/1496/1496
f 753/753/753 732/732/732 756/756/756
f 730/730/730 732/732/732 753/753/753
f 521/521/521 2619/2619/2619 519/519/519
f 2852/2852/2852 3030/3030/3030 521/521/521
f 3030/3030/3030 3031/3031/3031 521/521/521
f 3031/3031/3031 3032/3032/3032 521/521/521
f 3032/3032/3032 2619/2619/2619 521/521/521
f 47/47/47 2960/2960/2960 2961/2961/2961
f 202/202/202 2223/2223/2223 200/200/200
f 1309/1309/1309 2223/2223/2223 202/202/202
f 384/384/384 3033/3033/3033 2742/2742/2742
f 384/384/384 460/460/460 3033/3033/3033
f 2895/2895/2895 1196/1196/1196 2888/2888/2888
f 2895/2895/2895 1194/1194/1194 1196/1196/1196
f 1009/1009/1009 1808/1808/1808 1654/1654/1654
f 1009/1009/1009 497/497/497 1808/1808/1808
f 2371/2371/2371 1639/1639/1639 2720/2720/2720
f 2371/2371/2371 2610/2610/2610 1639/1639/1639
f 665/665/665 1413/1413/1413 1415/1415/1415
f 2543/2543/2543 1413/1413/1413 665/665/665
f 3034/3034/3034 1445/1445/1445 1446/1446/1446
f 1832/1832/1832 1445/1445/1445 3034/3034/3034
f 2985/2985/2985 2716/2716/2716 647/647/647
f 2985/2985/2985 2842/2842/2842 2716/2716/2716
f 2555/2555/2555 2617/2617/2617 349/349/349
f 2273/2273/2273 2617/2617/2617 2555/2555/2555
f 2741/2741/2741 3033/3033/3033 1845/1845/1845
f 2742/2742/2742 3033/3033/3033 2741/2741/2741
f 2550/2550/2550 243/243/243 1747/1747/1747
f 2550/2550/2550 246/246/246 243/243/243
f 47/47/47 250/250/250 183/183/183
f 1310/1310/1310 445/445/445 2618/2618/2618
f 1626/1626/1626 445/445/445 1310/1310/1310
f 55/55/55 2901/2901/2901 2614/2614/2614
f 593/593/593 2584/2584/2584 594/594/594
f 593/593/593 2640/2640/2640 2584/2584/2584
f 25/25/25 2760/2760/2760 28/28/28
f 2758/2758/2758 2760/2760/2760 25/25/25
f 1825/1825/1825 55/55/55 2108/2108/2108
f 2332/2332/2332 2980/2980/2980 2752/2752/2752
f 2794/2794/2794 2980/2980/2980 2332/2332/2332
f 1874/1874/1874 82/82/82 124/124/124
f 83/83/83 82/82/82 1874/1874/1874
f 2155/2155/2155 474/474/474 2683/2683/2683
f 2155/2155/2155 477/477/477 474/474/474
f 919/919/919 2104/2104/2104 1189/1189/1189
f 919/919/919 2570/2570/2570 2104/2104/2104
f 2994/2994/2994 1765/1765/1765 683/683/683
f 1766/1766/1766 1765/1765/1765 2994/2994/2994
f 2325/2325/2325 2930/2930/2930 2032/2032/2032
f 2325/2325/2325 1679/1679/1679 2930/2930/2930
f 2456/2456/2456 2196/2196/2196 2454/2454/2454
f 2456/2456/2456 2103/2103/2103 2196/2196/2196
f 2595/2595/2595 1940/1940/1940 2291/2291/2291
f 2595/2595/2595 2038/2038/2038 1940/1940/1940
f 2798/2798/2798 2412/2412/2412 1459/1459/1459
f 2798/2798/2798 1524/1524/1524 2412/2412/2412
f 1514/1514/1514 1336/1336/1336 345/345/345
f 1334/1334/1334 1336/1336/1336 1514/1514/1514
f 2604/2604/2604 2168/2168/2168 2892/2892/2892
f 2782/2782/2782 2168/2168/2168 2604/2604/2604
f 2883/2883/2883 93/93/93 1133/1133/1133
f 1713/1713/1713 93/93/93 2883/2883/2883
f 369/369/369 1705/1705/1705 1703/1703/1703
f 369/369/369 709/709/709 1705/1705/1705
f 1672/1672/1672 2371/2371/2371 2720/2720/2720
f 2370/2370/2370 2371/2371/2371 1672/1672/1672
f 2801/2801/2801 2436/2436/2436 1008/1008/1008
f 2998/2998/2998 2436/2436/2436 2801/2801/2801
f 2683/2683/2683 534/534/534 1207/1207/1207
f 2683/2683/2683 474/474/474 534/534/534
f 166/166/166 2698/2698/2698 354/354/354
f 168/168/168 2698/2698/2698 166/166/166
f 3035/3035/3035 55/55/55 2885/2885/2885
f 1206/1206/1206 533/533/533 651/651/651
f 534/534/534 533/533/533 1206/1206/1206
f 3024/3024/3024 2283/2283/2283 627/627/627
f 3024/3024/3024 3036/3036/3036 2283/2283/2283
f 3036/3036/3036 1330/1330/1330 2283/2283/2283
f 1330/1330/1330 1331/1331/1331 2283/2283/2283
f 1331/1331/1331 1761/1761/1761 2283/2283/2283
f 773/773/773 834/834/834 831/831/831
f 773/773/773 775/775/775 834/834/834
f 2727/2727/2727 1408/1408/1408 2510/2510/2510
f 2727/2727/2727 2246/2246/2246 1408/1408/1408
f 2760/2760/2760 3005/3005/3005 28/28/28
f 2760/2760/2760 2244/2244/2244 3005/3005/3005
f 2034/2034/2034 85/85/85 976/976/976
f 2034/2034/2034 88/88/88 85/85/85
f 47/47/47 2814/2814/2814 1280/1280/1280
f 1741/1741/1741 1536/1536/1536 1742/1742/1742
f 1741/1741/1741 2228/2228/2228 1536/1536/1536
f 2431/2431/2431 2776/2776/2776 1779/1779/1779
f 1531/1531/1531 2776/2776/2776 2431/2431/2431
f 47/47/47 3006/3006/3006 2153/2153/2153
f 2966/2966/2966 1312/1312/1312 2068/2068/2068
f 2996/2996/2996 1312/1312/1312 2966/2966/2966
f 1969/1969/1969 138/138/138 1209/1209/1209
f 136/136/136 138/138/138 1969/1969/1969
f 761/761/761 55/55/55 2644/2644/2644
f 1699/1699/1699 2592/2592/2592 2590/2590/2590
f 1699/1699/1699 2589/2589/2589 2592/2592/2592
f 2548/2548/2548 2084/2084/2084 2929/2929/2929
f 2548/2548/2548 2085/2085/2085 2084/2084/2084
f 2586/2586/2586 1535/1535/1535 2587/2587/2587
f 2586/2586/2586 2747/2747/2747 1535/1535/1535
f 422/422/422 326/326/326 425/425/425
f 327/327/327 326/326/326 422/422/422
f 1124/1124/1124 132/132/132 134/134/134
f 1446/1446/1446 132/132/132 1124/1124/1124
f 671/671/671 1730/1730/1730 1684/1684/1684
f 673/673/673 1730/1730/1730 671/671/671
f 47/47/47 2499/2499/2499 1502/1502/1502
f 2565/2565/2565 762/762/762 2378/2378/2378
f 2565/2565/2565 908/908/908 762/762/762
f 55/55/55 1933/1933/1933 2202/2202/2202
f 2858/2858/2858 797/797/797 2624/2624/2624
f 2858/2858/2858 795/795/795 797/797/797
f 353/353/353 1878/1878/1878 2421/2421/2421
f 354/354/354 1878/1878/1878 353/353/353
f 2047/2047/2047 988/988/988 2048/2048/2048
f 989/989/989 988/988/988 2047/2047/2047
f 3034/3034/3034 1124/1124/1124 1126/1126/1126
f 3034/3034/3034 1446/1446/1446 1124/1124/1124
f 724/724/724 3014/3014/3014 727/727/727
f 1994/1994/1994 3014/3014/3014 724/724/724
f 2120/2120/2120 2179/2179/2179 2221/2221/2221
f 2121/2121/2121 2179/2179/2179 2120/2120/2120
f 2727/2727/2727 2245/2245/2245 2246/2246/2246
f 1456/1456/1456 2245/2245/2245 2727/2727/2727
f 2561/2561/2561 1632/1632/1632 1837/1837/1837
f 54/54/54 56/56/56 2561/2561/2561
f 56/56/56 3001/3001/3001 2561/2561/2561
f 3001/3001/3001 1631/1631/1631 2561/2561/2561
f 1631/1631/1631 1632/1632/1632 2561/2561/2561
f 2301/2301/2301 2882/2882/2882 1545/1545/1545
f 2301/2301/2301 2914/2914/2914 2882/2882/2882
f 479/479/479 993/993/993 1297/1297/1297
f 479/479/479 587/587/587 993/993/993
f 172/172/172 658/658/658 170/170/170
f 172/172/172 923/923/923 658/658/658
f 1225/1225/1225 2838/2838/2838 628/628/628
f 1230/1230/1230 1718/1718/1718 1225/1225/1225
f 1718/1718/1718 1719/1719/1719 1225/1225/1225
f 1719/1719/1719 2837/2837/2837 1225/1225/1225
f 2837/2837/2837 2838/2838/2838 1225/1225/1225
f 1954/1954/1954 951/951/951 948/948/948
f 1954/1954/1954 2963/2963/2963 951/951/951
f 2963/2963/2963 2962/2962/2962 951/951/951
f 2962/2962/2962 3037/3037/3037 951/951/951
f 3037/3037/3037 1108/1108/1108 951/951/951
f 1286/1286/1286 2934/2934/2934 1285/1285/1285
f 1286/1286/1286 1680/1680/1680 2934/2934/2934
f 1356/1356/1356 2205/2205/2205 1358/1358/1358
f 2203/2203/2203 2205/2205/2205 1356/1356/1356
f 1445/1445/1445 21/21/21 23/23/23
f 1833/1833/1833 21/21/21 1445/1445/1445
f 2957/2957/2957 478/478/478 480/480/480
f 2766/2766/2766 478/478/478 2957/2957/2957
f 2897/2897/2897 2743/2743/2743 2744/2744/2744
f 2897/2897/2897 2991/2991/2991 2743/2743/2743
f 1414/1414/1414 369/369/369 1703/1703/1703
f 367/367/367 369/369/369 1414/1414/1414
f 1420/1420/1420 401/401/401 2944/2944/2944
f 1420/1420/1420 1419/1419/1419 401/401/401
f 2918/2918/2918 55/55/55 2919/2919/2919
f 391/391/391 853/853/853 3028/3028/3028
f 1710/1710/1710 853/853/853 391/391/391
f 934/934/934 1459/1459/1459 935/935/935
f 934/934/934 2798/2798/2798 1459/1459/1459
f 47/47/47 2148/2148/2148 2150/2150/2150
f 2681/2681/2681 177/177/177 179/179/179
f 2750/2750/2750 177/177/177 2681/2681/2681
f 1913/1913/1913 2476/2476/2476 1648/1648/1648
f 1913/1913/1913 2696/2696/2696 2476/2476/2476
f 2985/2985/2985 2010/2010/2010 2842/2842/2842
f 1064/1064/1064 2010/2010/2010 2985/2985/2985
f 293/293/293 1233/1233/1233 151/151/151
f 293/293/293 2916/2916/2916 1233/1233/1233
f 2904/2904/2904 2591/2591/2591 2024/2024/2024
f 2839/2839/2839 2591/2591/2591 2904/2904/2904
f 1763/1763/1763 2898/2898/2898 2899/2899/2899
f 1763/1763/1763 1762/1762/1762 2898/2898/2898
f 2584/2584/2584 2287/2287/2287 2582/2582/2582
f 2584/2584/2584 2994/2994/2994 2287/2287/2287
f 55/55/55 218/218/218 760/760/760
f 55/55/55 3012/3012/3012 3011/3011/3011
f 125/125/125 2360/2360/2360 806/806/806
f 125/125/125 2361/2361/2361 2360/2360/2360
f 2810/2810/2810 401/401/401 403/403/403
f 2944/2944/2944 401/401/401 2810/2810/2810
f 2207/2207/2207 2356/2356/2356 2210/2210/2210
f 2082/2082/2082 2356/2356/2356 2207/2207/2207
f 1313/1313/1313 2832/2832/2832 1528/1528/1528
f 2975/2975/2975 2832/2832/2832 1313/1313/1313
f 1462/1462/1462 2600/2600/2600 2734/2734/2734
f 1461/1461/1461 2600/2600/2600 1462/1462/1462
f 1305/1305/1305 2268/2268/2268 2270/2270/2270
f 1305/1305/1305 2812/2812/2812 2268/2268/2268
f 70/70/70 1845/1845/1845 1099/1099/1099
f 2741/2741/2741 1845/1845/1845 70/70/70
f 2480/2480/2480 1801/1801/1801 1803/1803/1803
f 2480/2480/2480 2682/2682/2682 1801/1801/1801
f 1351/1351/1351 2290/2290/2290 2650/2650/2650
f 1351/1351/1351 2293/2293/2293 2290/2290/2290
f 459/459/459 2638/2638/2638 435/435/435
f 2/2/2 2638/2638/2638 459/459/459
f 288/288/288 2664/2664/2664 2075/2075/2075
f 288/288/288 290/290/290 2664/2664/2664
f 2519/2519/2519 502/502/502 504/504/504
f 2519/2519/2519 765/765/765 502/502/502
f 517/517/517 937/937/937 2841/2841/2841
f 449/449/449 937/937/937 517/517/517
f 47/47/47 2363/2363/2363 3038/3038/3038
f 2787/2787/2787 514/514/514 516/516/516
f 2787/2787/2787 2788/2788/2788 514/514/514
f 2874/2874/2874 1555/1555/1555 2477/2477/2477
f 2874/2874/2874 1553/1553/1553 1555/1555/1555
f 942/942/942 263/263/263 607/607/607
f 942/942/942 266/266/266 263/263/263
f 55/55/55 2536/2536/2536 1737/1737/1737
f 2622/2622/2622 55/55/55 2623/2623/2623
f 1454/1454/1454 334/334/334 331/331/331
f 2654/2654/2654 334/334/334 1454/1454/1454
f 1771/1771/1771 55/55/55 1772/1772/1772
f 1998/1998/1998 1804/1804/1804 712/712/712
f 1998/1998/1998 1807/1807/1807 1804/1804/1804
f 2629/2629/2629 1120/1120/1120 2986/2986/2986
f 2629/2629/2629 1122/1122/1122 1120/1120/1120
f 815/815/815 55/55/55 811/811/811
f 1392/1392/1392 2899/2899/2899 242/242/242
f 1392/1392/1392 1763/1763/1763 2899/2899/2899
f 2611/2611/2611 112/112/112 114/114/114
f 2890/2890/2890 112/112/112 2611/2611/2611
f 2133/2133/2133 2168/2168/2168 2782/2782/2782
f 2133/2133/2133 2167/2167/2167 2168/2168/2168
f 2457/2457/2457 2098/2098/2098 2076/2076/2076
f 2949/2949/2949 2098/2098/2098 2457/2457/2457
f 55/55/55 1935/1935/1935 1934/1934/1934
f 1636/1636/1636 2027/2027/2027 2182/2182/2182
f 1636/1636/1636 3029/3029/3029 2027/2027/2027
f 448/448/448 371/371/371 598/598/598
f 1840/1840/1840 371/371/371 448/448/448
f 2247/2247/2247 313/313/313 315/315/315
f 2329/2329/2329 313/313/313 2247/2247/2247
f 785/785/785 1106/1106/1106 494/494/494
f 785/785/785 2972/2972/2972 1106/1106/1106
f 2889/2889/2889 2157/2157/2157 2724/2724/2724
f 1554/1554/1554 2157/2157/2157 2889/2889/2889
f 3039/3039/3039 1080/1080/1080 2689/2689/2689
f 3039/3039/3039 2487/2487/2487 1080/1080/1080
f 1600/1600/1600 2347/2347/2347 1601/1601/1601
f 2567/2567/2567 2347/2347/2347 1600/1600/1600
f 3027/3027/3027 1017/1017/1017 1019/1019/1019
f 1444/1444/1444 1017/1017/1017 3027/3027/3027
f 2373/2373/2373 1382/1382/1382 2977/2977/2977
f 420/420/420 1382/1382/1382 2373/2373/2373
f 1500/1500/1500 1248/1248/1248 2169/2169/2169
f 616/616/616 1248/1248/1248 1500/1500/1500
f 2316/2316/2316 3040/3040/3040 2318/2318/2318
f 2993/2993/2993 3040/3040/3040 2316/2316/2316
f 2196/2196/2196 2864/2864/2864 2984/2984/2984
f 2196/2196/2196 2197/2197/2197 2864/2864/2864
f 2471/2471/2471 527/527/527 529/529/529
f 2471/2471/2471 1165/1165/1165 527/527/527
f 2180/2180/2180 1650/1650/1650 1647/1647/1647
f 2896/2896/2896 1650/1650/1650 2180/2180/2180
f 1789/1789/1789 421/421/421 419/419/419
f 1168/1168/1168 421/421/421 1789/1789/1789
f 2495/2495/2495 562/562/562 2951/2951/2951
f 563/563/563 562/562/562 2495/2495/2495
f 55/55/55 1224/1224/1224 1097/1097/1097
f 1033/1033/1033 2316/2316/2316 2233/2233/2233
f 2941/2941/2941 2316/2316/2316 1033/1033/1033
f 47/47/47 2469/2469/2469 2468/2468/2468
f 587/587/587 238/238/238 235/235/235
f 586/586/586 238/238/238 587/587/587
f 2410/2410/2410 36/36/36 2408/2408/2408
f 1783/1783/1783 36/36/36 2410/2410/2410
f 2587/2587/2587 1532/1532/1532 2697/2697/2697
f 2587/2587/2587 1535/1535/1535 1532/1532/1532
f 1225/1225/1225 313/313/313 2329/2329/2329
f 1225/1225/1225 628/628/628 313/313/313
f 2785/2785/2785 1619/1619/1619 2978/2978/2978
f 2785/2785/2785 743/743/743 1619/1619/1619
f 1376/1376/1376 1201/1201/1201 2718/2718/2718
f 1376/1376/1376 606/606/606 1201/1201/1201
f 55/55/55 930/930/930 929/929/929
f 519/519/519 1562/1562/1562 520/520/520
f 519/519/519 1916/1916/1916 1562/1562/1562
f 55/55/55 3041/3041/3041 2838/2838/2838
f 770/770/770 1849/1849/1849 768/768/768
f 1541/1541/1541 1849/1849/1849 770/770/770
f 55/55/55 1214/1214/1214 1778/1778/1778
f 1108/1108/1108 1113/1113/1113 951/951/951
f 1108/1108/1108 1107/1107/1107 1113/1113/1113
f 1107/1107/1107 3042/3042/3042 1113/1113/1113
f 3042/3042/3042 2534/2534/2534 1113/1113/1113
f 2534/2534/2534 1116/1116/1116 1113/1113/1113
f 2790/2790/2790 747/747/747 2799/2799/2799
f 2790/2790/2790 745/745/745 747/747/747
f 3027/3027/3027 687/687/687 684/684/684
f 3027/3027/3027 1019/1019/1019 687/687/687
f 731/731/731 2194/2194/2194 1609/1609/1609
f 2860/2860/2860 2194/2194/2194 731/731/731
f 1223/1223/1223 324/324/324 321/321/321
f 2823/2823/2823 324/324/324 1223/1223/1223
f 1233/1233/1233 787/787/787 1237/1237/1237
f 2916/2916/2916 787/787/787 1233/1233/1233
f 343/343/343 143/143/143 145/145/145
f 343/343/343 342/342/342 143/143/143
f 2930/2930/2930 1678/1678/1678 1973/1973/1973
f 1679/1679/1679 1678/1678/1678 2930/2930/2930
f 2073/2073/2073 402/402/402 2074/2074/2074
f 403/403/403 3043/3043/3043 2811/2811/2811
f 403/403/403 2553/2553/2553 3043/3043/3043
f 2553/2553/2553 402/402/402 2073/2073/2073
f 403/403/403 402/402/402 2553/2553/2553
f 55/55/55 1597/1597/1597 1211/1211/1211
f 453/453/453 2348/2348/2348 2271/2271/2271
f 453/453/453 452/452/452 2348/2348/2348
f 817/817/817 2324/2324/2324 2345/2345/2345
f 817/817/817 696/696/696 2324/2324/2324
f 1650/1650/1650 1913/1913/1913 1648/1648/1648
f 1912/1912/1912 1913/1913/1913 1650/1650/1650
f 1185/1185/1185 584/584/584 1183/1183/1183
f 2417/2417/2417 584/584/584 1185/1185/1185
f 1917/1917/1917 1451/1451/1451 1918/1918/1918
f 1917/1917/1917 2653/2653/2653 1451/1451/1451
f 2663/2663/2663 2744/2744/2744 2046/2046/2046
f 2663/2663/2663 2897/2897/2897 2744/2744/2744
f 1551/1551/1551 1868/1868/1868 2020/2020/2020
f 1341/1341/1341 1868/1868/1868 1551/1551/1551
f 998/998/998 3044/3044/3044 1001/1001/1001
f 3017/3017/3017 3044/3044/3044 998/998/998
f 2751/2751/2751 2909/2909/2909 2494/2494/2494
f 2752/2752/2752 2909/2909/2909 2751/2751/2751
f 417/417/417 2986/2986/2986 418/418/418
f 2763/2763/2763 2986/2986/2986 417/417/417
f 1793/1793/1793 2508/2508/2508 2730/2730/2730
f 1793/1793/1793 1198/1198/1198 2508/2508/2508
f 2059/2059/2059 3040/3040/3040 2993/2993/2993
f 2059/2059/2059 2877/2877/2877 3040/3040/3040
f 2971/2971/2971 2155/2155/2155 2684/2684/2684
f 2971/2971/2971 2156/2156/2156 2155/2155/2155
f 931/931/931 219/219/219 932/932/932
f 931/931/931 1177/1177/1177 219/219/219
f 55/55/55 2677/2677/2677 2676/2676/2676
f 864/864/864 2391/2391/2391 2390/2390/2390
f 2054/2054/2054 329/329/329 864/864/864
f 329/329/329 330/330/330 864/864/864
f 330/330/330 2415/2415/2415 864/864/864
f 2415/2415/2415 2391/2391/2391 864/864/864
f 1206/1206/1206 1159/1159/1159 1158/1158/1158
f 1206/1206/1206 651/651/651 1159/1159/1159
f 2903/2903/2903 754/754/754 1787/1787/1787
f 755/755/755 754/754/754 2903/2903/2903
f 2892/2892/2892 2144/2144/2144 2146/2146/2146
f 2168/2168/2168 2144/2144/2144 2892/2892/2892
f 124/124/124 2559/2559/2559 127/127/127
f 82/82/82 2559/2559/2559 124/124/124
f 2101/2101/2101 1593/1593/1593 2598/2598/2598
f 2101/2101/2101 1595/1595/1595 1593/1593/1593
f 3024/3024/3024 55/55/55 3036/3036/3036
f 2367/2367/2367 2428/2428/2428 1764/1764/1764
f 2369/2369/2369 2428/2428/2428 2367/2367/2367
f 84/84/84 1271/1271/1271 1852/1852/1852
f 1863/1863/1863 1271/1271/1271 84/84/84
f 2722/2722/2722 2944/2944/2944 2810/2810/2810
f 2529/2529/2529 2944/2944/2944 2722/2722/2722
f 1275/1275/1275 2441/2441/2441 1276/1276/1276
f 1275/1275/1275 2999/2999/2999 2441/2441/2441
f 359/359/359 172/172/172 169/169/169
f 359/359/359 361/361/361 172/172/172
f 2095/2095/2095 1977/1977/1977 1979/1979/1979
f 2095/2095/2095 1987/1987/1987 1977/1977/1977
f 55/55/55 678/678/678 2628/2628/2628
f 1973/1973/1973 2226/2226/2226 1721/1721/1721
f 1678/1678/1678 2226/2226/2226 1973/1973/1973
f 2365/2365/2365 2699/2699/2699 2364/2364/2364
f 2365/2365/2365 17/17/17 2699/2699/2699
f 1946/1946/1946 2435/2435/2435 2434/2434/2434
f 1947/1947/1947 2435/2435/2435 1946/1946/1946
f 1144/1144/1144 2948/2948/2948 1145/1145/1145
f 1144/1144/1144 2554/2554/2554 2948/2948/2948
f 2063/2063/2063 2861/2861/2861 2064/2064/2064
f 2063/2063/2063 2906/2906/2906 2861/2861/2861
f 55/55/55 845/845/845 844/844/844
f 2157/2157/2157 2722/2722/2722 2724/2724/2724
f 2157/2157/2157 2529/2529/2529 2722/2722/2722
f 55/55/55 1565/1565/1565 2631/2631/2631
f 465/465/465 3/3/3 2809/2809/2809
f 1104/1104/1104 3/3/3 465/465/465
f 1465/1465/1465 2849/2849/2849 748/748/748
f 1465/1465/1465 2612/2612/2612 2849/2849/2849
f 2942/2942/2942 666/666/666 3013/3013/3013
f 2459/2459/2459 666/666/666 2942/2942/2942
f 2903/2903/2903 2523/2523/2523 2524/2524/2524
f 2903/2903/2903 1787/1787/1787 2523/2523/2523
f 2777/2777/2777 1278/1278/1278 2569/2569/2569
f 444/444/444 1278/1278/1278 2777/2777/2777
f 493/493/493 1915/1915/1915 653/653/653
f 493/493/493 495/495/495 1915/1915/1915
f 1304/1304/1304 2514/2514/2514 2813/2813/2813
f 2512/2512/2512 2514/2514/2514 1304/1304/1304
f 509/509/509 1090/1090/1090 358/358/358
f 509/509/509 2976/2976/2976 1090/1090/1090
f 2328/2328/2328 2247/2247/2247 713/713/713
f 2328/2328/2328 2329/2329/2329 2247/2247/2247
f 47/47/47 2936/2936/2936 2184/2184/2184
f 2883/2883/2883 2343/2343/2343 295/295/295
f 2883/2883/2883 1133/1133/1133 2343/2343/2343
f 1661/1661/1661 697/697/697 694/694/694
f 1661/1661/1661 2579/2579/2579 697/697/697
f 2999/2999/2999 2439/2439/2439 2441/2441/2441
f 2999/2999/2999 2028/2028/2028 2439/2439/2439
f 1408/1408/1408 2127/2127/2127 1026/1026/1026
f 2246/2246/2246 2127/2127/2127 1408/1408/1408
f 2143/2143/2143 1475/1475/1475 1677/1677/1677
f 2143/2143/2143 1478/1478/1478 1475/1475/1475
f 2578/2578/2578 1871/1871/1871 2580/2580/2580
f 1872/1872/1872 1871/1871/1871 2578/2578/2578
f 1827/1827/1827 1361/1361/1361 2037/2037/2037
f 1827/1827/1827 1359/1359/1359 1361/1361/1361
f 47/47/47 2803/2803/2803 272/272/272
f 1767/1767/1767 501/501/501 1765/1765/1765
f 1767/1767/1767 504/504/504 501/501/501
f 3045/3045/3045 2953/2953/2953 2954/2954/2954
f 2236/2236/2236 2235/2235/2235 3045/3045/3045
f 2235/2235/2235 2711/2711/2711 3045/3045/3045
f 2711/2711/2711 2710/2710/2710 3045/3045/3045
f 2710/2710/2710 2953/2953/2953 3045/3045/3045
f 1841/1841/1841 448/448/448 450/450/450
f 1841/1841/1841 1840/1840/1840 448/448/448
f 3026/3026/3026 1444/1444/1444 3027/3027/3027
f 237/237/237 1444/1444/1444 3026/3026/3026
f 47/47/47 1082/1082/1082 1081/1081/1081
f 2252/2252/2252 462/462/462 2125/2125/2125
f 2252/2252/2252 2424/2424/2424 462/462/462
f 2227/2227/2227 1468/1468/1468 2860/2860/2860
f 1469/1469/1469 1468/1468/1468 2227/2227/2227
f 1521/1521/1521 2613/2613/2613 1020/1020/1020
f 1521/1521/1521 1520/1520/1520 2613/2613/2613
f 55/55/55 2631/2631/2631 1675/1675/1675
f 1555/1555/1555 2889/2889/2889 2478/2478/2478
f 1555/1555/1555 1554/1554/1554 2889/2889/2889
f 123/123/123 412/412/412 121/121/121
f 1328/1328/1328 412/412/412 123/123/123
f 1723/1723/1723 2895/2895/2895 2888/2888/2888
f 2845/2845/2845 2895/2895/2895 1723/1723/1723
f 47/47/47 2492/2492/2492 2490/2490/2490
f 554/554/554 785/785/785 555/555/555
f 554/554/554 2973/2973/2973 785/785/785
f 2952/2952/2952 1295/1295/1295 2513/2513/2513
f 2952/2952/2952 1297/1297/1297 1295/1295/1295
f 18/18/18 2683/2683/2683 1207/1207/1207
f 752/752/752 2683/2683/2683 18/18/18
f 47/47/47 2970/2970/2970 2965/2965/2965
f 196/196/196 278/278/278 280/280/280
f 198/198/198 278/278/278 196/196/196
f 2570/2570/2570 2903/2903/2903 2104/2104/2104
f 2570/2570/2570 755/755/755 2903/2903/2903
f 2931/2931/2931 2231/2231/2231 605/605/605
f 302/302/302 2231/2231/2231 2931/2931/2931
f 312/312/312 55/55/55 308/308/308
f 410/410/410 1315/1315/1315 411/411/411
f 410/410/410 2974/2974/2974 1315/1315/1315
f 2297/2297/2297 1637/1637/1637 2212/2212/2212
f 2297/2297/2297 1635/1635/1635 1637/1637/1637
f 47/47/47 184/184/184 560/560/560
f 2478/2478/2478 3019/3019/3019 1281/1281/1281
f 2340/2340/2340 2889/2889/2889 1858/1858/1858
f 2478/2478/2478 3020/3020/3020 3019/3019/3019
f 3020/3020/3020 2889/2889/2889 2340/2340/2340
f 2478/2478/2478 2889/2889/2889 3020/3020/3020
f 1106/1106/1106 2047/2047/2047 622/622/622
f 2972/2972/2972 2047/2047/2047 1106/1106/1106
f 120/120/120 2968/2968/2968 2463/2463/2463
f 120/120/120 122/122/122 2968/2968/2968
f 2934/2934/2934 367/367/367 1413/1413/1413
f 2934/2934/2934 370/370/370 367/367/367
f 2976/2976/2976 1088/1088/1088 1090/1090/1090
f 2976/2976/2976 1254/1254/1254 1088/1088/1088
f 55/55/55 2995/2995/2995 2836/2836/2836
f 235/235/235 3026/3026/3026 992/992/992
f 235/235/235 237/237/237 3026/3026/3026
f 973/973/973 2034/2034/2034 976/976/976
f 2208/2208/2208 2034/2034/2034 973/973/973
f 2919/2919/2919 55/55/55 2764/2764/2764
f 575/575/575 1431/1431/1431 576/576/576
f 575/575/575 1429/1429/1429 1431/1431/1431
f 47/47/47 249/249/249 248/248/248
f 719/719/719 1344/1344/1344 76/76/76
f 275/275/275 1344/1344/1344 719/719/719
f 47/47/47 2924/2924/2924 2960/2960/2960
f 144/144/144 2639/2639/2639 4/4/4
f 144/144/144 1250/1250/1250 2639/2639/2639
f 3046/3046/3046 55/55/55 2726/2726/2726
f 2327/2327/2327 2143/2143/2143 1677/1677/1677
f 695/695/695 2143/2143/2143 2327/2327/2327
f 2964/2964/2964 247/247/247 249/249/249
f 41/41/41 3047/3047/3047 42/42/42
f 3048/3048/3048 247/247/247 2964/2964/2964
f 41/41/41 3048/3048/3048 3047/3047/3047
f 41/41/41 247/247/247 3048/3048/3048
f 55/55/55 1956/1956/1956 1955/1955/1955
f 469/469/469 1262/1262/1262 470/470/470
f 469/469/469 1263/1263/1263 1262/1262/1262
f 1105/1105/1105 622/622/622 619/619/619
f 1106/1106/1106 622/622/622 1105/1105/1105
f 1449/1449/1449 752/752/752 751/751/751
f 1449/1449/1449 2684/2684/2684 752/752/752
f 230/230/230 3013/3013/3013 791/791/791
f 2942/2942/2942 3013/3013/3013 230/230/230
f 1603/1603/1603 2313/2313/2313 2830/2830/2830
f 1603/1603/1603 887/887/887 2313/2313/2313
f 418/418/418 1578/1578/1578 297/297/297
f 418/418/418 2418/2418/2418 1578/1578/1578
f 1700/1700/1700 1499/1499/1499 1698/1698/1698
f 2311/2311/2311 1499/1499/1499 1700/1700/1700
f 55/55/55 2628/2628/2628 2627/2627/2627
f 2451/2451/2451 2707/2707/2707 8/8/8
f 2451/2451/2451 592/592/592 2707/2707/2707
f 55/55/55 3037/3037/3037 2962/2962/2962
f 81/81/81 1863/1863/1863 84/84/84
f 1383/1383/1383 1863/1863/1863 81/81/81
f 786/786/786 3049/3049/3049 788/788/788
f 1134/1134/1134 3049/3049/3049 786/786/786
f 846/846/846 55/55/55 847/847/847
f 2599/2599/2599 256/256/256 258/258/258
f 2599/2599/2599 1320/1320/1320 256/256/256
f 722/722/722 1867/1867/1867 1343/1343/1343
f 722/722/722 1751/1751/1751 1867/1867/1867
f 2974/2974/2974 2717/2717/2717 2975/2975/2975
f 645/645/645 2717/2717/2717 2974/2974/2974
f 2078/2078/2078 463/463/463 1407/1407/1407
f 2099/2099/2099 463/463/463 2078/2078/2078
f 1616/1616/1616 2932/2932/2932 1617/1617/1617
f 2540/2540/2540 2932/2932/2932 1616/1616/1616
f 47/47/47 2547/2547/2547 3006/3006/3006
f 1998/1998/1998 1640/1640/1640 1807/1807/1807
f 1641/1641/1641 1640/1640/1640 1998/1998/1998
f 47/47/47 40/40/40 42/42/42
f 1810/1810/1810 1898/1898/1898 1813/1813/1813
f 1896/1896/1896 1898/1898/1898 1810/1810/1810
f 2229/2229/2229 1262/1262/1262 2061/2061/2061
f 470/470/470 1262/1262/1262 2229/2229/2229
f 1430/1430/1430 1192/1192/1192 2709/2709/2709
f 1432/1432/1432 1192/1192/1192 1430/1430/1430
f 47/47/47 557/557/557 559/559/559
f 3037/3037/3037 55/55/55 1108/1108/1108
f 2533/2533/2533 2278/2278/2278 776/776/776
f 2526/2526/2526 2278/2278/2278 2533/2533/2533
f 408/408/408 430/430/430 406/406/406
f 2856/2856/2856 430/430/430 408/408/408
f 910/910/910 576/576/576 2353/2353/2353
f 574/574/574 576/576/576 910/910/910
f 47/47/47 1236/1236/1236 1238/1238/1238
f 2375/2375/2375 251/251/251 247/247/247
f 2375/2375/2375 1733/1733/1733 251/251/251
f 1617/1617/1617 2869/2869/2869 2870/2870/2870
f 2932/2932/2932 2869/2869/2869 1617/1617/1617
f 255/255/255 1079/1079/1079 1076/1076/1076
f 255/255/255 257/257/257 1079/1079/1079
f 1075/1075/1075 317/317/317 319/319/319
f 1769/1769/1769 317/317/317 1075/1075/1075
f 47/47/47 3050/3050/3050 3051/3051/3051
f 939/939/939 2573/2573/2573 2574/2574/2574
f 941/941/941 2573/2573/2573 939/939/939
f 2947/2947/2947 2692/2692/2692 2691/2691/2691
f 2947/2947/2947 2422/2422/2422 2692/2692/2692
f 939/939/939 674/674/674 2768/2768/2768
f 939/939/939 2574/2574/2574 674/674/674
f 2604/2604/2604 2805/2805/2805 1775/1775/1775
f 2604/2604/2604 2892/2892/2892 2805/2805/2805
f 1962/1962/1962 2086/2086/2086 1384/1384/1384
f 1962/1962/1962 2981/2981/2981 2086/2086/2086
f 2981/2981/2981 1527/1527/1527 2086/2086/2086
f 1527/1527/1527 1526/1526/1526 2086/2086/2086
f 1526/1526/1526 2053/2053/2053 2086/2086/2086
f 2847/2847/2847 738/738/738 955/955/955
f 739/739/739 738/738/738 2847/2847/2847
f 1754/1754/1754 441/441/441 1667/1667/1667
f 1540/1540/1540 441/441/441 1754/1754/1754
f 47/47/47 2688/2688/2688 1082/1082/1082
f 605/605/605 2230/2230/2230 603/603/603
f 2231/2231/2231 2230/2230/2230 605/605/605
f 47/47/47 2641/2641/2641 2469/2469/2469
f 919/919/919 1722/1722/1722 2570/2570/2570
f 921/921/921 1722/1722/1722 919/919/919
f 898/898/898 328/328/328 325/325/325
f 898/898/898 900/900/900 328/328/328
f 2957/2957/2957 2952/2952/2952 2958/2958/2958
f 2957/2957/2957 480/480/480 2952/2952/2952
f 47/47/47 883/883/883 2826/2826/2826
f 2372/2372/2372 564/564/564 561/561/561
f 2372/2372/2372 1163/1163/1163 564/564/564
f 55/55/55 3011/3011/3011 842/842/842
f 2632/2632/2632 55/55/55 2918/2918/2918
f 1800/1800/1800 2857/2857/2857 2541/2541/2541
f 1800/1800/1800 1802/1802/1802 2857/2857/2857
f 1221/1221/1221 1020/1020/1020 1017/1017/1017
f 1221/1221/1221 1521/1521/1521 1020/1020/1020
f 1638/1638/1638 1927/1927/1927 3018/3018/3018
f 423/423/423 1927/1927/1927 1638/1638/1638
f 1965/1965/1965 2300/2300/2300 2358/2358/2358
f 1797/1797/1797 2300/2300/2300 1965/1965/1965
f 188/188/188 1383/1383/1383 189/189/189
f 188/188/188 1291/1291/1291 1383/1383/1383
f 55/55/55 2087/2087/2087 2091/2091/2091
f 1088/1088/1088 2458/2458/2458 1089/1089/1089
f 1088/1088/1088 888/888/888 2458/2458/2458
f 55/55/55 2448/2448/2448 2447/2447/2447
f 47/47/47 3052/3052/3052 2320/2320/2320
f 1780/1780/1780 387/387/387 389/389/389
f 1780/1780/1780 859/859/859 387/387/387
f 55/55/55 2393/2393/2393 2392/2392/2392
f 47/47/47 150/150/150 152/152/152
f 2916/2916/2916 786/786/786 787/787/787
f 2343/2343/2343 786/786/786 2916/2916/2916
f 2980/2980/2980 1170/1170/1170 1172/1172/1172
f 1716/1716/1716 1170/1170/1170 2980/2980/2980
f 164/164/164 1666/1666/1666 162/162/162
f 164/164/164 540/540/540 1666/1666/1666
f 2471/2471/2471 523/523/523 1165/1165/1165
f 524/524/524 523/523/523 2471/2471/2471
f 1857/1857/1857 2322/2322/2322 2008/2008/2008
f 1857/1857/1857 1856/1856/1856 2322/2322/2322
f 2834/2834/2834 262/262/262 259/259/259
f 2281/2281/2281 262/262/262 2834/2834/2834
f 2144/2144/2144 1364/1364/1364 2147/2147/2147
f 1365/1365/1365 1364/1364/1364 2144/2144/2144
f 697/697/697 2049/2049/2049 2050/2050/2050
f 2579/2579/2579 2049/2049/2049 697/697/697
f 47/47/47 2151/2151/2151 2148/2148/2148
f 1658/1658/1658 1620/1620/1620 511/511/511
f 1658/1658/1658 1659/1659/1659 1620/1620/1620
f 148/148/148 2602/2602/2602 2603/2603/2603
f 148/148/148 1132/1132/1132 2602/2602/2602
f 2192/2192/2192 2165/2165/2165 2193/2193/2193
f 2192/2192/2192 602/602/602 2165/2165/2165
f 1055/1055/1055 1993/1993/1993 1995/1995/1995
f 1055/1055/1055 1054/1054/1054 1993/1993/1993
f 47/47/47 1081/1081/1081 253/253/253
f 300/300/300 2931/2931/2931 2416/2416/2416
f 300/300/300 302/302/302 2931/2931/2931
f 2616/2616/2616 2041/2041/2041 352/352/352
f 2616/2616/2616 2039/2039/2039 2041/2041/2041
f 2411/2411/2411 2600/2600/2600 1461/1461/1461
f 2411/2411/2411 1921/1921/1921 2600/2600/2600
f 1388/1388/1388 1439/1439/1439 750/750/750
f 1387/1387/1387 1439/1439/1439 1388/1388/1388
f 47/47/47 216/216/216 1951/1951/1951
f 2013/2013/2013 1185/1185/1185 2014/2014/2014
f 2013/2013/2013 2417/2417/2417 1185/1185/1185
f 55/55/55 1737/1737/1737 1740/1740/1740
f 55/55/55 141/141/141 2282/2282/2282
f 47/47/47 33/33/33 35/35/35
f 2685/2685/2685 743/743/743 2785/2785/2785
f 2685/2685/2685 741/741/741 743/743/743
f 558/558/558 2214/2214/2214 2149/2149/2149
f 1735/1735/1735 2214/2214/2214 558/558/558
f 55/55/55 1957/1957/1957 1956/1956/1956
f 55/55/55 1588/1588/1588 3053/3053/3053
f 1931/1931/1931 55/55/55 2646/2646/2646
f 2173/2173/2173 3045/3045/3045 2174/2174/2174
f 2173/2173/2173 3010/3010/3010 3045/3045/3045
f 3010/3010/3010 2338/2338/2338 3045/3045/3045
f 2338/2338/2338 2339/2339/2339 3045/3045/3045
f 2339/2339/2339 2236/2236/2236 3045/3045/3045
f 2296/2296/2296 324/324/324 2823/2823/2823
f 2296/2296/2296 2772/2772/2772 324/324/324
f 47/47/47 2757/2757/2757 2924/2924/2924
f 2743/2743/2743 2003/2003/2003 2005/2005/2005
f 2991/2991/2991 2003/2003/2003 2743/2743/2743
f 2934/2934/2934 304/304/304 370/370/370
f 1680/1680/1680 304/304/304 2934/2934/2934
f 2987/2987/2987 862/862/862 2800/2800/2800
f 2987/2987/2987 3054/3054/3054 862/862/862
f 3054/3054/3054 3053/3053/3053 862/862/862
f 3053/3053/3053 1588/1588/1588 862/862/862
f 1588/1588/1588 994/994/994 862/862/862
f 1375/1375/1375 2193/2193/2193 1378/1378/1378
f 1609/1609/1609 2193/2193/2193 1375/1375/1375
f 1524/1524/1524 1920/1920/1920 2412/2412/2412
f 1524/1524/1524 1525/1525/1525 1920/1920/1920
f 47/47/47 2468/2468/2468 2470/2470/2470
f 47/47/47 2923/2923/2923 2756/2756/2756
f 119/119/119 926/926/926 991/991/991
f 2674/2674/2674 926/926/926 119/119/119
f 566/566/566 1188/1188/1188 567/567/567
f 566/566/566 920/920/920 1188/1188/1188
f 3039/3039/3039 2337/2337/2337 2487/2487/2487
f 2335/2335/2335 2337/2337/2337 3039/3039/3039
f 531/531/531 2792/2792/2792 532/532/532
f 531/531/531 1732/1732/1732 2792/2792/2792
f 1439/1439/1439 213/213/213 750/750/750
f 1439/1439/1439 1441/1441/1441 213/213/213
f 726/726/726 1745/1745/1745 1743/1743/1743
f 726/726/726 725/725/725 1745/1745/1745
f 2501/2501/2501 55/55/55 2668/2668/2668
f 47/47/47 601/601/601 2992/2992/2992
f 1845/1845/1845 3002/3002/3002 1843/1843/1843
f 3033/3033/3033 3002/3002/3002 1845/1845/1845
f 475/475/475 2372/2372/2372 476/476/476
f 475/475/475 2374/2374/2374 2372/2372/2372
f 3000/3000/3000 2042/2042/2042 2713/2713/2713
f 2917/2917/2917 1417/1417/1417 1416/1416/1416
f 2917/2917/2917 2935/2935/2935 1417/1417/1417
f 2935/2935/2935 2042/2042/2042 3000/3000/3000
f 2917/2917/2917 2042/2042/2042 2935/2935/2935
f 158/158/158 2520/2520/2520 1727/1727/1727
f 158/158/158 932/932/932 2520/2520/2520
f 2693/2693/2693 1743/1743/1743 2833/2833/2833
f 2693/2693/2693 726/726/726 1743/1743/1743
f 2709/2709/2709 2199/2199/2199 2137/2137/2137
f 2709/2709/2709 1924/1924/1924 2199/2199/2199
f 55/55/55 2447/2447/2447 2446/2446/2446
f 47/47/47 1864/1864/1864 826/826/826
f 2616/2616/2616 1861/1861/1861 2039/2039/2039
f 1862/1862/1862 1861/1861/1861 2616/2616/2616
f 2735/2735/2735 1394/1394/1394 1516/1516/1516
f 2735/2735/2735 2645/2645/2645 1394/1394/1394
f 1734/1734/1734 2214/2214/2214 1735/1735/1735
f 1734/1734/1734 2215/2215/2215 2214/2214/2214
f 2054/2054/2054 55/55/55 329/329/329
f 603/603/603 943/943/943 604/604/604
f 603/603/603 2530/2530/2530 943/943/943
f 1016/1016/1016 1782/1782/1782 2375/2375/2375
f 1786/1786/1786 1782/1782/1782 1016/1016/1016
f 1861/1861/1861 1604/1604/1604 2039/2039/2039
f 1861/1861/1861 1602/1602/1602 1604/1604/1604
f 2558/2558/2558 2471/2471/2471 529/529/529
f 1853/1853/1853 2471/2471/2471 2558/2558/2558
f 930/930/930 55/55/55 812/812/812
f 712/712/712 1049/1049/1049 442/442/442
f 712/712/712 1804/1804/1804 1049/1049/1049
f 784/784/784 3039/3039/3039 2689/2689/2689
f 102/102/102 3039/3039/3039 784/784/784
f 2404/2404/2404 413/413/413 415/415/415
f 2581/2581/2581 413/413/413 2404/2404/2404
f 878/878/878 2250/2250/2250 1879/1879/1879
f 878/878/878 877/877/877 2250/2250/2250
f 396/396/396 2369/2369/2369 2366/2366/2366
f 396/396/396 395/395/395 2369/2369/2369
f 3028/3028/3028 962/962/962 964/964/964
f 3028/3028/3028 2748/2748/2748 962/962/962
f 934/934/934 2799/2799/2799 2798/2798/2798
f 2506/2506/2506 2799/2799/2799 934/934/934
f 1630/1630/1630 2604/2604/2604 1628/1628/1628
f 1630/1630/1630 2782/2782/2782 2604/2604/2604
f 95/95/95 3049/3049/3049 1134/1134/1134
f 95/95/95 1552/1552/1552 3049/3049/3049
f 2159/2159/2159 1485/1485/1485 1483/1483/1483
f 2988/2988/2988 1485/1485/1485 2159/2159/2159
f 823/823/823 2585/2585/2585 2695/2695/2695
f 825/825/825 2585/2585/2585 823/823/823
f 398/398/398 2549/2549/2549 2112/2112/2112
f 398/398/398 2544/2544/2544 2549/2549/2549
f 2670/2670/2670 55/55/55 1273/1273/1273
f 2275/2275/2275 335/335/335 1506/1506/1506
f 2275/2275/2275 1186/1186/1186 335/335/335
f 1661/1661/1661 2578/2578/2578 2579/2579/2579
f 1663/1663/1663 2578/2578/2578 1661/1661/1661
f 1091/1091/1091 2653/2653/2653 1917/1917/1917
f 1091/1091/1091 1092/1092/1092 2653/2653/2653
f 2745/2745/2745 1922/1922/1922 1389/1389/1389
f 1923/1923/1923 1922/1922/1922 2745/2745/2745
f 2841/2841/2841 112/112/112 2890/2890/2890
f 2841/2841/2841 1059/1059/1059 112/112/112
f 1894/1894/1894 510/510/510 2200/2200/2200
f 1894/1894/1894 1895/1895/1895 510/510/510
f 1519/1519/1519 397/397/397 399/399/399
f 2523/2523/2523 397/397/397 1519/1519/1519
f 656/656/656 2850/2850/2850 2956/2956/2956
f 656/656/656 655/655/655 2850/2850/2850
f 1957/1957/1957 55/55/55 1954/1954/1954
f 1817/1817/1817 2068/2068/2068 1818/1818/1818
f 2966/2966/2966 2945/2945/2945 2967/2967/2967
f 2966/2966/2966 2946/2946/2946 2945/2945/2945
f 2946/2946/2946 2068/2068/2068 1817/1817/1817
f 2966/2966/2966 2068/2068/2068 2946/2946/2946
f 3017/3017/3017 2256/2256/2256 3044/3044/3044
f 2257/2257/2257 2256/2256/2256 3017/3017/3017
f 55/55/55 2449/2449/2449 2448/2448/2448
f 1926/1926/1926 515/515/515 2456/2456/2456
f 513/513/513 515/515/515 1926/1926/1926
f 2080/2080/2080 2664/2664/2664 2079/2079/2079
f 2075/2075/2075 2664/2664/2664 2080/2080/2080
f 1745/1745/1745 197/197/197 1559/1559/1559
f 725/725/725 197/197/197 1745/1745/1745
f 2497/2497/2497 1911/1911/1911 2873/2873/2873
f 2497/2497/2497 2170/2170/2170 1911/1911/1911
f 2419/2419/2419 2162/2162/2162 2164/2164/2164
f 2419/2419/2419 2925/2925/2925 2162/2162/2162
f 589/589/589 77/77/77 1625/1625/1625
f 2132/2132/2132 77/77/77 589/589/589
f 1193/1193/1193 2987/2987/2987 2800/2800/2800
f 2808/2808/2808 3035/3035/3035 1193/1193/1193
f 3035/3035/3035 2885/2885/2885 1193/1193/1193
f 2885/2885/2885 2886/2886/2886 1193/1193/1193
f 2886/2886/2886 2987/2987/2987 1193/1193/1193
f 612/612/612 1651/1651/1651 614/614/614
f 1963/1963/1963 1651/1651/1651 612/612/612
f 894/894/894 728/728/728 1292/1292/1292
f 894/894/894 7/7/7 728/728/728
f 2250/2250/2250 623/623/623 2251/2251/2251
f 2250/2250/2250 626/626/626 623/623/623
f 55/55/55 927/927/927 2677/2677/2677
f 1346/1346/1346 55/55/55 2807/2807/2807
f 306/306/306 707/707/707 368/368/368
f 306/306/306 2989/2989/2989 707/707/707
f 1174/1174/1174 969/969/969 181/181/181
f 1806/1806/1806 969/969/969 1174/1174/1174
f 2383/2383/2383 2204/2204/2204 2206/2206/2206
f 2383/2383/2383 2445/2445/2445 2204/2204/2204
f 47/47/47 1031/1031/1031 1494/1494/1494
f 1479/1479/1479 2294/2294/2294 1481/1481/1481
f 2926/2926/2926 2294/2294/2294 1479/1479/1479
f 55/55/55 473/473/473 2563/2563/2563
f 1358/1358/1358 417/417/417 299/299/299
f 2205/2205/2205 417/417/417 1358/1358/1358
f 2299/2299/2299 1889/1889/1889 1645/1645/1645
f 1890/1890/1890 1889/1889/1889 2299/2299/2299
f 55/55/55 2902/2902/2902 2901/2901/2901
f 1290/1290/1290 2269/2269/2269 1870/1870/1870
f 2267/2267/2267 2269/2269/2269 1290/1290/1290
f 261/261/261 633/633/633 635/635/635
f 260/260/260 633/633/633 261/261/261
f 47/47/47 1494/1494/1494 1493/1493/1493
f 834/834/834 1710/1710/1710 832/832/832
f 834/834/834 767/767/767 1710/1710/1710
f 47/47/47 3020/3020/3020 2340/2340/2340
f 2925/2925/2925 1561/1561/1561 1100/1100/1100
f 1051/1051/1051 1561/1561/1561 2925/2925/2925
f 55/55/55 1823/1823/1823 1822/1822/1822
f 1335/1335/1335 2482/2482/2482 3055/3055/3055
f 1006/1006/1006 2482/2482/2482 1335/1335/1335
f 1440/1440/1440 1021/1021/1021 59/59/59
f 2107/2107/2107 1021/1021/1021 1440/1440/1440
f 1751/1751/1751 3017/3017/3017 998/998/998
f 1752/1752/1752 3017/3017/3017 1751/1751/1751
f 646/646/646 2974/2974/2974 410/410/410
f 646/646/646 645/645/645 2974/2974/2974
f 714/714/714 2247/2247/2247 2248/2248/2248
f 713/713/713 2247/2247/2247 714/714/714
f 2884/2884/2884 55/55/55 2615/2615/2615
f 1988/1988/1988 699/699/699 2891/2891/2891
f 436/436/436 699/699/699 1988/1988/1988
f 1241/1241/1241 3034/3034/3034 1242/1242/1242
f 1241/1241/1241 1832/1832/1832 3034/3034/3034
f 39/39/39 2200/2200/2200 37/37/37
f 1949/1949/1949 2200/2200/2200 39/39/39
f 2829/2829/2829 1066/1066/1066 2361/2361/2361
f 2829/2829/2829 526/526/526 1066/1066/1066
f 47/47/47 827/827/827 155/155/155
f 55/55/55 3010/3010/3010 2173/2173/2173
f 633/633/633 1958/1958/1958 636/636/636
f 997/997/997 996/996/996 633/633/633
f 996/996/996 2715/2715/2715 633/633/633
f 2715/2715/2715 3004/3004/3004 633/633/633
f 3004/3004/3004 1958/1958/1958 633/633/633
f 2453/2453/2453 1706/1706/1706 2158/2158/2158
f 2453/2453/2453 1707/1707/1707 1706/1706/1706
f 1990/1990/1990 1410/1410/1410 1411/1411/1411
f 1522/1522/1522 1410/1410/1410 1990/1990/1990
f 915/915/915 862/862/862 863/863/863
f 2800/2800/2800 862/862/862 915/915/915
f 736/736/736 973/973/973 975/975/975
f 735/735/735 973/973/973 736/736/736
f 1914/1914/1914 2912/2912/2912 14/14/14
f 1914/1914/1914 2166/2166/2166 2912/2912/2912
f 1343/1343/1343 1868/1868/1868 1341/1341/1341
f 1343/1343/1343 1867/1867/1867 1868/1868/1868
f 186/186/186 1121/1121/1121 1122/1122/1122
f 186/186/186 185/185/185 1121/1121/1121
f 185/185/185 2517/2517/2517 1121/1121/1121
f 2517/2517/2517 3046/3046/3046 1121/1121/1121
f 3046/3046/3046 2726/2726/2726 1121/1121/1121
f 992/992/992 2671/2671/2671 1443/1443/1443
f 992/992/992 3026/3026/3026 2671/2671/2671
f 2705/2705/2705 1897/1897/1897 1899/1899/1899
f 2705/2705/2705 2704/2704/2704 1897/1897/1897
f 97/97/97 2239/2239/2239 2532/2532/2532
f 97/97/97 99/99/99 2239/2239/2239
f 47/47/47 1302/1302/1302 2666/2666/2666
f 635/635/635 2824/2824/2824 851/851/851
f 635/635/635 634/634/634 2824/2824/2824
f 1944/1944/1944 70/70/70 72/72/72
f 1944/1944/1944 2741/2741/2741 70/70/70
f 3002/3002/3002 2333/2333/2333 2766/2766/2766
f 2331/2331/2331 2333/2333/2333 3002/3002/3002
f 2238/2238/2238 2488/2488/2488 2509/2509/2509
f 2237/2237/2237 2488/2488/2488 2238/2238/2238
f 47/47/47 611/611/611 1489/1489/1489
f 2278/2278/2278 774/774/774 776/776/776
f 2278/2278/2278 956/956/956 774/774/774
f 2725/2725/2725 55/55/55 2853/2853/2853
f 2381/2381/2381 187/187/187 421/421/421
f 2381/2381/2381 190/190/190 187/187/187
f 50/50/50 1212/1212/1212 705/705/705
f 50/50/50 52/52/52 1212/1212/1212
f 47/47/47 49/49/49 3007/3007/3007
f 2986/2986/2986 2418/2418/2418 418/418/418
f 2986/2986/2986 1120/1120/1120 2418/2418/2418
f 505/505/505 2835/2835/2835 508/508/508
f 1601/1601/1601 2835/2835/2835 505/505/505
f 2893/2893/2893 2484/2484/2484 2483/2483/2483
f 2893/2893/2893 2801/2801/2801 2484/2484/2484
f 1597/1597/1597 55/55/55 1598/1598/1598
f 289/289/289 2601/2601/2601 2083/2083/2083
f 1268/1268/1268 2601/2601/2601 289/289/289
f 2235/2235/2235 55/55/55 2711/2711/2711
f 55/55/55 2572/2572/2572 2571/2571/2571
f 55/55/55 2563/2563/2563 2562/2562/2562
f 2905/2905/2905 2330/2330/2330 2736/2736/2736
f 2905/2905/2905 2026/2026/2026 2330/2330/2330
f 862/862/862 2054/2054/2054 864/864/864
f 994/994/994 995/995/995 862/862/862
f 995/995/995 3056/3056/3056 862/862/862
f 3056/3056/3056 2055/2055/2055 862/862/862
f 2055/2055/2055 2054/2054/2054 862/862/862
f 485/485/485 55/55/55 486/486/486
f 47/47/47 35/35/35 29/29/29
f 55/55/55 3016/3016/3016 2111/2111/2111
f 780/780/780 537/537/537 809/809/809
f 535/535/535 537/537/537 780/780/780
f 2613/2613/2613 1857/1857/1857 2009/2009/2009
f 2613/2613/2613 1240/1240/1240 1857/1857/1857
f 350/350/350 2041/2041/2041 740/740/740
f 352/352/352 2041/2041/2041 350/350/350
f 2844/2844/2844 1356/1356/1356 1391/1391/1391
f 2844/2844/2844 2203/2203/2203 1356/1356/1356
f 995/995/995 55/55/55 3056/3056/3056
f 2420/2420/2420 2932/2932/2932 2540/2540/2540
f 2420/2420/2420 2007/2007/2007 2932/2932/2932
f 954/954/954 2821/2821/2821 2607/2607/2607
f 953/953/953 2821/2821/2821 954/954/954
f 47/47/47 849/849/849 2983/2983/2983
f 55/55/55 1771/1771/1771 1770/1770/1770
f 506/506/506 2730/2730/2730 2728/2728/2728
f 508/508/508 2730/2730/2730 506/506/506
f 2767/2767/2767 2706/2706/2706 2703/2703/2703
f 2767/2767/2767 2769/2769/2769 2706/2706/2706
f 2948/2948/2948 2900/2900/2900 2949/2949/2949
f 2554/2554/2554 2900/2900/2900 2948/2948/2948
f 1212/1212/1212 2598/2598/2598 1213/1213/1213
f 52/52/52 2598/2598/2598 1212/1212/1212
f 1321/1321/1321 2289/2289/2289 1322/1322/1322
f 1321/1321/1321 2410/2410/2410 2289/2289/2289
f 3014/3014/3014 2785/2785/2785 2978/2978/2978
f 2786/2786/2786 2785/2785/2785 3014/3014/3014
f 1991/1991/1991 1455/1455/1455 1694/1694/1694
f 1991/1991/1991 1990/1990/1990 1455/1455/1455
f 3056/3056/3056 55/55/55 2055/2055/2055
f 55/55/55 2852/2852/2852 2854/2854/2854
f 119/119/119 1715/1715/1715 117/117/117
f 119/119/119 991/991/991 1715/1715/1715
f 2669/2669/2669 427/427/427 1783/1783/1783
f 428/428/428 427/427/427 2669/2669/2669
f 2307/2307/2307 3045/3045/3045 2310/2310/2310
f 2174/2174/2174 3045/3045/3045 2307/2307/2307
f 47/47/47 571/571/571 573/573/573
f 785/785/785 2950/2950/2950 2972/2972/2972
f 2973/2973/2973 2950/2950/2950 785/785/785
f 1622/1622/1622 1365/1365/1365 2167/2167/2167
f 1622/1622/1622 1363/1363/1363 1365/1365/1365
f 1596/1596/1596 2328/2328/2328 2594/2594/2594
f 1596/1596/1596 1226/1226/1226 2328/2328/2328
f 2115/2115/2115 2044/2044/2044 2686/2686/2686
f 2045/2045/2045 2044/2044/2044 2115/2115/2115
f 784/784/784 2432/2432/2432 2118/2118/2118
f 3003/3003/3003 2689/2689/2689 1557/1557/1557
f 784/784/784 2433/2433/2433 2432/2432/2432
f 2433/2433/2433 2689/2689/2689 3003/3003/3003
f 784/784/784 2689/2689/2689 2433/2433/2433
f 2739/2739/2739 2834/2834/2834 1542/1542/1542
f 2341/2341/2341 2834/2834/2834 2739/2739/2739
f 1773/1773/1773 320/320/320 317/317/317
f 1773/1773/1773 2910/2910/2910 320/320/320
f 2910/2910/2910 2911/2911/2911 320/320/320
f 2911/2911/2911 2982/2982/2982 320/320/320
f 2982/2982/2982 844/844/844 320/320/320
f 2638/2638/2638 438/438/438 435/435/435
f 2638/2638/2638 904/904/904 438/438/438
f 840/840/840 2411/2411/2411 1461/1461/1461
f 839/839/839 2411/2411/2411 840/840/840
f 1632/1632/1632 55/55/55 2556/2556/2556
f 55/55/55 1958/1958/1958 3004/3004/3004
f 2538/2538/2538 55/55/55 2539/2539/2539
f 508/508/508 1793/1793/1793 2730/2730/2730
f 2835/2835/2835 1793/1793/1793 508/508/508
f 204/204/204 60/60/60 139/139/139
f 61/61/61 60/60/60 204/204/204
f 55/55/55 3031/3031/3031 3030/3030/3030
f 621/621/621 2801/2801/2801 2893/2893/2893
f 621/621/621 2998/2998/2998 2801/2801/2801
f 55/55/55 2109/2109/2109 2108/2108/2108
f 2739/2739/2739 1543/1543/1543 2771/2771/2771
f 2739/2739/2739 1542/1542/1542 1543/1543/1543
f 1132/1132/1132 1402/1402/1402 1518/1518/1518
f 1131/1131/1131 1402/1402/1402 1132/1132/1132
f 47/47/47 2749/2749/2749 3052/3052/3052
f 893/893/893 2452/2452/2452 5/5/5
f 974/974/974 2452/2452/2452 893/893/893
f 2027/2027/2027 1231/1231/1231 876/876/876
f 3029/3029/3029 1231/1231/1231 2027/2027/2027
f 55/55/55 1355/1355/1355 1354/1354/1354
f 2737/2737/2737 2824/2824/2824 2754/2754/2754
f 851/851/851 2824/2824/2824 2737/2737/2737
f 711/711/711 1998/1998/1998 712/712/712
f 1608/1608/1608 1998/1998/1998 711/711/711
f 2451/2451/2451 595/595/595 592/592/592
f 87/87/87 595/595/595 2451/2451/2451
f 2646/2646/2646 55/55/55 2647/2647/2647
f 838/838/838 2483/2483/2483 836/836/836
f 2912/2912/2912 2483/2483/2483 838/838/838
f 1889/1889/1889 1902/1902/1902 2915/2915/2915
f 1891/1891/1891 1902/1902/1902 1889/1889/1889
f 941/941/941 2879/2879/2879 2573/2573/2573
f 1941/1941/1941 2879/2879/2879 941/941/941
f 279/279/279 2626/2626/2626 641/641/641
f 281/281/281 2626/2626/2626 279/279/279
f 413/413/413 2309/2309/2309 416/416/416
f 2434/2434/2434 2309/2309/2309 413/413/413
f 2868/2868/2868 1585/1585/1585 1904/1904/1904
f 3005/3005/3005 1585/1585/1585 2868/2868/2868
f 77/77/77 1626/1626/1626 1625/1625/1625
f 77/77/77 79/79/79 1626/1626/1626
f 55/55/55 2955/2955/2955 2953/2953/2953
f 55/55/55 2571/2571/2571 1791/1791/1791
f 1624/1624/1624 2913/2913/2913 2943/2943/2943
f 2606/2606/2606 2913/2913/2913 1624/1624/1624
f 1636/1636/1636 3018/3018/3018 3029/3029/3029
f 1638/1638/1638 3018/3018/3018 1636/1636/1636
f 55/55/55 3015/3015/3015 483/483/483
f 781/781/781 1548/1548/1548 650/650/650
f 781/781/781 897/897/897 1548/1548/1548
f 3008/3008/3008 119/119/119 116/116/116
f 3008/3008/3008 2674/2674/2674 119/119/119
f 1314/1314/1314 1274/1274/1274 2067/2067/2067
f 1314/1314/1314 1277/1277/1277 1274/1274/1274
f 3014/3014/3014 195/195/195 727/727/727
f 3014/3014/3014 2978/2978/2978 195/195/195
f 2096/2096/2096 2745/2745/2745 2851/2851/2851
f 2096/2096/2096 1923/1923/1923 2745/2745/2745
f 2092/2092/2092 2968/2968/2968 2093/2093/2093
f 2463/2463/2463 3038/3038/3038 2363/2363/2363
f 3057/3057/3057 2968/2968/2968 2092/2092/2092
f 2463/2463/2463 3057/3057/3057 3038/3038/3038
f 2463/2463/2463 2968/2968/2968 3057/3057/3057
f 1745/1745/1745 547/547/547 1252/1252/1252
f 1745/1745/1745 1559/1559/1559 547/547/547
f 47/47/47 2398/2398/2398 2394/2394/2394
f 47/47/47 2811/2811/2811 3043/3043/3043
f 1452/1452/1452 331/331/331 1833/1833/1833
f 1454/1454/1454 331/331/331 1452/1452/1452
f 2868/2868/2868 212/212/212 233/233/233
f 2868/2868/2868 1904/1904/1904 212/212/212
f 47/47/47 42/42/42 3047/3047/3047
f 47/47/47 2946/2946/2946 1817/1817/1817
f 1772/1772/1772 55/55/55 1773/1773/1773
f 2049/2049/2049 1754/1754/1754 131/131/131
f 2580/2580/2580 1754/1754/1754 2049/2049/2049
f 47/47/47 2396/2396/2396 2398/2398/2398
f 55/55/55 2982/2982/2982 2911/2911/2911
f 102/102/102 2335/2335/2335 3039/3039/3039
f 104/104/104 2335/2335/2335 102/102/102
f 2592/2592/2592 1712/1712/1712 1714/1714/1714
f 2592/2592/2592 2532/2532/2532 1712/1712/1712
f 2504/2504/2504 2188/2188/2188 2505/2505/2505
f 2504/2504/2504 2062/2062/2062 2188/2188/2188
f 734/734/734 1720/1720/1720 1390/1390/1390
f 734/734/734 736/736/736 1720/1720/1720
f 2484/2484/2484 1656/1656/1656 1615/1615/1615
f 2484/2484/2484 1010/1010/1010 1656/1656/1656
f 1374/1374/1374 2080/2080/2080 2797/2797/2797
f 1374/1374/1374 2075/2075/2075 2080/2080/2080
f 2556/2556/2556 55/55/55 2557/2557/2557
f 1796/1796/1796 1890/1890/1890 2299/2299/2299
f 2880/2880/2880 1890/1890/1890 1796/1796/1796
f 1257/1257/1257 1012/1012/1012 2275/2275/2275
f 1259/1259/1259 1012/1012/1012 1257/1257/1257
f 1467/1467/1467 1980/1980/1980 1470/1470/1470
f 1981/1981/1981 1980/1980/1980 1467/1467/1467
f 1642/1642/1642 685/685/685 2753/2753/2753
f 686/686/686 685/685/685 1642/1642/1642
f 1874/1874/1874 126/126/126 1151/1151/1151
f 1874/1874/1874 124/124/124 126/126/126
f 514/514/514 1750/1750/1750 194/194/194
f 2788/2788/2788 1750/1750/1750 514/514/514
f 2122/2122/2122 386/386/386 1950/1950/1950
f 2122/2122/2122 389/389/389 386/386/386
f 47/47/47 254/254/254 1083/1083/1083
f 2813/2813/2813 1671/1671/1671 2812/2812/2812
f 2813/2813/2813 1674/1674/1674 1671/1671/1671
f 47/47/47 2969/2969/2969 2970/2970/2970
f 47/47/47 1301/1301/1301 1300/1300/1300
f 2044/2044/2044 225/225/225 2686/2686/2686
f 2044/2044/2044 223/223/223 225/225/225
f 562/562/562 987/987/987 2951/2951/2951
f 562/562/562 1150/1150/1150 987/987/987
f 644/644/644 2985/2985/2985 647/647/647
f 2791/2791/2791 2985/2985/2985 644/644/644
f 2143/2143/2143 128/128/128 1478/1478/1478
f 2050/2050/2050 128/128/128 2143/2143/2143
f 423/423/423 1925/1925/1925 1927/1927/1927
f 425/425/425 1925/1925/1925 423/423/423
f 1000/1000/1000 3023/3023/3023 1869/1869/1869
f 1000/1000/1000 999/999/999 3023/3023/3023
f 628/628/628 3024/3024/3024 627/627/627
f 2838/2838/2838 3041/3041/3041 628/628/628
f 3041/3041/3041 3058/3058/3058 628/628/628
f 3058/3058/3058 3025/3025/3025 628/628/628
f 3025/3025/3025 3024/3024/3024 628/628/628
f 47/47/47 2465/2465/2465 2467/2467/2467
f 1517/1517/1517 2301/2301/2301 959/959/959
f 1517/1517/1517 1396/1396/1396 2301/2301/2301
f 2113/2113/2113 1338/1338/1338 404/404/404
f 2113/2113/2113 2551/2551/2551 1338/1338/1338
f 1187/1187/1187 2948/2948/2948 2577/2577/2577
f 1145/1145/1145 2948/2948/2948 1187/1187/1187
f 812/812/812 55/55/55 813/813/813
f 3013/3013/3013 2399/2399/2399 791/791/791
f 3013/3013/3013 2400/2400/2400 2399/2399/2399
f 1397/1397/1397 1473/1473/1473 1395/1395/1395
f 1397/1397/1397 1471/1471/1471 1473/1473/1473
f 1320/1320/1320 1568/1568/1568 1318/1318/1318
f 1370/1370/1370 1568/1568/1568 1320/1320/1320
f 625/625/625 2887/2887/2887 270/270/270
f 624/624/624 2887/2887/2887 625/625/625
f 47/47/47 1952/1952/1952 34/34/34
f 2400/2400/2400 1040/1040/1040 855/855/855
f 668/668/668 1040/1040/1040 2400/2400/2400
f 1388/1388/1388 749/749/749 2124/2124/2124
f 1388/1388/1388 750/750/750 749/749/749
f 55/55/55 1118/1118/1118 1117/1117/1117
f 1261/1261/1261 1883/1883/1883 2875/2875/2875
f 1261/1261/1261 1435/1435/1435 1883/1883/1883
f 47/47/47 107/107/107 106/106/106
f 1124/1124/1124 2765/2765/2765 1125/1125/1125
f 1124/1124/1124 134/134/134 2765/2765/2765
f 326/326/326 1925/1925/1925 425/425/425
f 326/326/326 2576/2576/2576 1925/1925/1925
f 47/47/47 2938/2938/2938 2939/2939/2939
f 55/55/55 2670/2670/2670 2531/2531/2531
f 402/402/402 2749/2749/2749 2074/2074/2074
f 2320/2320/2320 1339/1339/1339 2321/2321/2321
f 402/402/402 3052/3052/3052 2749/2749/2749
f 3052/3052/3052 1339/1339/1339 2320/2320/2320
f 402/402/402 1339/1339/1339 3052/3052/3052
f 47/47/47 3051/3051/3051 2443/2443/2443
f 55/55/55 2661/2661/2661 2660/2660/2660
f 1005/1005/1005 3022/3022/3022 2481/2481/2481
f 2021/2021/2021 3022/3022/3022 1005/1005/1005
f 2613/2613/2613 1243/1243/1243 1240/1240/1240
f 1520/1520/1520 1243/1243/1243 2613/2613/2613
f 47/47/47 1758/1758/1758 2816/2816/2816
f 1856/1856/1856 3034/3034/3034 1126/1126/1126
f 1242/1242/1242 3034/3034/3034 1856/1856/1856
f 3005/3005/3005 1587/1587/1587 1585/1585/1585
f 2244/2244/2244 1587/1587/1587 3005/3005/3005
f 2900/2900/2900 2098/2098/2098 2949/2949/2949
f 2900/2900/2900 2126/2126/2126 2098/2098/2098
f 305/305/305 2989/2989/2989 306/306/306
f 305/305/305 649/649/649 2989/2989/2989
f 2559/2559/2559 2829/2829/2829 127/127/127
f 2559/2559/2559 2558/2558/2558 2829/2829/2829
f 1188/1188/1188 1436/1436/1436 1438/1438/1438
f 1188/1188/1188 1189/1189/1189 1436/1436/1436
f 2832/2832/2832 1529/1529/1529 1528/1528/1528
f 2832/2832/2832 1744/1744/1744 1529/1529/1529
f 47/47/47 2802/2802/2802 2804/2804/2804
f 55/55/55 3025/3025/3025 3058/3058/3058
f 36/36/36 2450/2450/2450 2408/2408/2408
f 36/36/36 38/38/38 2450/2450/2450
f 693/693/693 1976/1976/1976 691/691/691
f 693/693/693 1979/1979/1979 1976/1976/1976
f 82/82/82 1852/1852/1852 2559/2559/2559
f 84/84/84 1852/1852/1852 82/82/82
f 47/47/47 336/336/336 340/340/340
f 2391/2391/2391 55/55/55 2392/2392/2392
f 2665/2665/2665 1820/1820/1820 1442/1442/1442
f 1821/1821/1821 1820/1820/1820 2665/2665/2665
f 55/55/55 2260/2260/2260 2386/2386/2386
f 2280/2280/2280 55/55/55 2282/2282/2282
f 2095/2095/2095 1087/1087/1087 1987/1987/1987
f 356/356/356 1087/1087/1087 2095/2095/2095
f 758/758/758 1154/1154/1154 3008/3008/3008
f 761/761/761 2644/2644/2644 758/758/758
f 2644/2644/2644 2643/2643/2643 758/758/758
f 2643/2643/2643 3021/3021/3021 758/758/758
f 3021/3021/3021 1154/1154/1154 758/758/758
f 47/47/47 31/31/31 880/880/880
f 199/199/199 2542/2542/2542 2626/2626/2626
f 199/199/199 201/201/201 2542/2542/2542
f 47/47/47 271/271/271 273/273/273
f 579/579/579 2128/2128/2128 2129/2129/2129
f 579/579/579 2907/2907/2907 2128/2128/2128
f 742/742/742 2625/2625/2625 1618/1618/1618
f 742/742/742 1308/1308/1308 2625/2625/2625
f 292/292/292 2883/2883/2883 295/295/295
f 2025/2025/2025 2883/2883/2883 292/292/292
f 2300/2300/2300 2750/2750/2750 2358/2358/2358
f 2300/2300/2300 1644/1644/1644 2750/2750/2750
f 47/47/47 2894/2894/2894 3059/3059/3059
f 1275/1275/1275 1251/1251/1251 2999/2999/2999
f 1529/1529/1529 1251/1251/1251 1275/1275/1275
f 2772/2772/2772 322/322/322 324/324/324
f 2772/2772/2772 1919/1919/1919 322/322/322
f 47/47/47 34/34/34 33/33/33
f 47/47/47 2438/2438/2438 2440/2440/2440
f 2668/2668/2668 55/55/55 2280/2280/2280
f 2536/2536/2536 55/55/55 2537/2537/2537
f 1274/1274/1274 793/793/793 1643/1643/1643
f 1892/1892/1892 1276/1276/1276 1893/1893/1893
f 1274/1274/1274 794/794/794 793/793/793
f 794/794/794 1276/1276/1276 1892/1892/1892
f 1274/1274/1274 1276/1276/1276 794/794/794
f 539/539/539 2533/2533/2533 2429/2429/2429
f 1753/1753/1753 2533/2533/2533 539/539/539
f 47/47/47 2185/2185/2185 916/916/916
f 47/47/47 68/68/68 1574/1574/1574
f 47/47/47 2265/2265/2265 2923/2923/2923
f 1456/1456/1456 580/580/580 2245/2245/2245
f 1458/1458/1458 580/580/580 1456/1456/1456
f 2456/2456/2456 191/191/191 2103/2103/2103
f 515/515/515 191/191/191 2456/2456/2456
f 55/55/55 830/830/830 1025/1025/1025
f 47/47/47 2093/2093/2093 2969/2969/2969
f 1/1/1 144/144/144 4/4/4
f 142/142/142 144/144/144 1/1/1
f 2341/2341/2341 2281/2281/2281 2834/2834/2834
f 2342/2342/2342 2281/2281/2281 2341/2341/2341
f 2423/2423/2423 1157/1157/1157 2401/2401/2401
f 1156/1156/1156 1157/1157/1157 2423/2423/2423
f 65/65/65 1612/1612/1612 2793/2793/2793
f 64/64/64 1612/1612/1612 65/65/65
f 3031/3031/3031 55/55/55 3032/3032/3032
f 2955/2955/2955 55/55/55 981/981/981
f 2415/2415/2415 55/55/55 2391/2391/2391
f 74/74/74 1379/1379/1379 75/75/75
f 74/74/74 1381/1381/1381 1379/1379/1379
f 2195/2195/2195 2738/2738/2738 2506/2506/2506
f 2266/2266/2266 2738/2738/2738 2195/2195/2195
f 895/895/895 974/974/974 893/893/893
f 975/975/975 974/974/974 895/895/895
f 2005/2005/2005 1485/1485/1485 2988/2988/2988
f 2005/2005/2005 2004/2004/2004 1485/1485/1485
f 47/47/47 1489/1489/1489 1060/1060/1060
f 2401/2401/2401 2581/2581/2581 2404/2404/2404
f 1157/1157/1157 2581/2581/2581 2401/2401/2401
f 2780/2780/2780 2699/2699/2699 2701/2701/2701
f 2364/2364/2364 2699/2699/2699 2780/2780/2780
f 2133/2133/2133 1622/1622/1622 2167/2167/2167
f 1623/1623/1623 1622/1622/1622 2133/2133/2133
f 1037/1037/1037 2407/2407/2407 2880/2880/2880
f 792/792/792 2407/2407/2407 1037/1037/1037
f 1059/1059/1059 115/115/115 112/112/112
f 1059/1059/1059 1058/1058/1058 115/115/115
f 1335/1335/1335 3060/3060/3060 1336/1336/1336
f 1335/1335/1335 3055/3055/3055 3060/3060/3060
f 2233/2233/2233 2466/2466/2466 2234/2234/2234
f 2233/2233/2233 2317/2317/2317 2466/2466/2466
f 492/492/492 2512/2512/2512 490/490/490
f 492/492/492 2515/2515/2515 2512/2512/2512
f 1186/1186/1186 980/980/980 977/977/977
f 1013/1013/1013 980/980/980 1186/1186/1186
f 47/47/47 2394/2394/2394 2395/2395/2395
f 55/55/55 1824/1824/1824 1823/1823/1823
f 55/55/55 2385/2385/2385 2384/2384/2384
f 65/65/65 1746/1746/1746 78/78/78
f 65/65/65 2793/2793/2793 1746/1746/1746
f 1986/1986/1986 230/230/230 227/227/227
f 1986/1986/1986 2942/2942/2942 230/230/230
f 2175/2175/2175 55/55/55 2176/2176/2176
f 461/461/461 2331/2331/2331 460/460/460
f 461/461/461 2334/2334/2334 2331/2331/2331
f 47/47/47 560/560/560 557/557/557
f 2980/2980/2980 2909/2909/2909 2752/2752/2752
f 2980/2980/2980 1172/1172/1172 2909/2909/2909
f 1155/1155/1155 55/55/55 3009/3009/3009
f 47/47/47 2723/2723/2723 3061/3061/3061
f 2943/2943/2943 2873/2873/2873 2355/2355/2355
f 2913/2913/2913 2873/2873/2873 2943/2943/2943
f 47/47/47 1073/1073/1073 2323/2323/2323
f 3054/3054/3054 55/55/55 3053/3053/3053
f 2722/2722/2722 3061/3061/3061 2723/2723/2723
f 2022/2022/2022 2810/2810/2810 2023/2023/2023
f 2672/2672/2672 2810/2810/2810 2022/2022/2022
f 2722/2722/2722 2672/2672/2672 3061/3061/3061
f 2722/2722/2722 2810/2810/2810 2672/2672/2672
f 1367/1367/1367 920/920/920 566/566/566
f 1367/1367/1367 918/918/918 920/920/920
f 222/222/222 766/766/766 220/220/220
f 222/222/222 1681/1681/1681 766/766/766
f 55/55/55 1354/1354/1354 1353/1353/1353
f 1228/1228/1228 55/55/55 1229/1229/1229
f 1748/1748/1748 2848/2848/2848 1756/1756/1756
f 3059/3059/3059 2917/2917/2917 1416/1416/1416
f 2894/2894/2894 2917/2917/2917 3059/3059/3059
f 1748/1748/1748 2894/2894/2894 2848/2848/2848
f 1748/1748/1748 2917/2917/2917 2894/2894/2894
f 221/221/221 765/765/765 2519/2519/2519
f 221/221/221 220/220/220 765/765/765
f 2602/2602/2602 868/868/868 865/865/865
f 2602/2602/2602 1515/1515/1515 868/868/868
f 2990/2990/2990 1697/1697/1697 710/710/710
f 2990/2990/2990 1700/1700/1700 1697/1697/1697
f 47/47/47 2815/2815/2815 1643/1643/1643
f 55/55/55 3001/3001/3001 56/56/56
f 2048/2048/2048 2012/2012/2012 2121/2121/2121
f 988/988/988 2012/2012/2012 2048/2048/2048
f 1049/1049/1049 1806/1806/1806 1174/1174/1174
f 1804/1804/1804 1806/1806/1806 1049/1049/1049
f 55/55/55 2953/2953/2953 2710/2710/2710
f 1500/1500/1500 100/100/100 1948/1948/1948
f 1500/1500/1500 2169/2169/2169 100/100/100
f 1961/1961/1961 55/55/55 1962/1962/1962
f 1213/1213/1213 1593/1593/1593 1875/1875/1875
f 2598/2598/2598 1593/1593/1593 1213/1213/1213
f 3051/3051/3051 2441/2441/2441 2443/2443/2443
f 1276/1276/1276 3062/3062/3062 1893/1893/1893
f 3050/3050/3050 2441/2441/2441 3051/3051/3051
f 1276/1276/1276 3050/3050/3050 3062/3062/3062
f 1276/1276/1276 2441/2441/2441 3050/3050/3050
f 92/92/92 2077/2077/2077 2259/2259/2259
f 548/548/548 2077/2077/2077 92/92/92
f 47/47/47 2967/2967/2967 2945/2945/2945
f 2238/2238/2238 2346/2346/2346 2859/2859/2859
f 2238/2238/2238 2509/2509/2509 2346/2346/2346
f 47/47/47 3043/3043/3043 2553/2553/2553
f 2712/2712/2712 182/182/182 873/873/873
f 1175/1175/1175 182/182/182 2712/2712/2712
f 1799/1799/1799 577/577/577 574/574/574
f 2142/2142/2142 577/577/577 1799/1799/1799
f 966/966/966 1997/1997/1997 1608/1608/1608
f 1673/1673/1673 1997/1997/1997 966/966/966
f 47/47/47 1558/1558/1558 2690/2690/2690
f 852/852/852 1906/1906/1906 2748/2748/2748
f 852/852/852 1575/1575/1575 1906/1906/1906
f 47/47/47 3059/3059/3059 1416/1416/1416
f 1605/1605/1605 887/887/887 1603/1603/1603
f 1605/1605/1605 885/885/885 887/887/887
f 2454/2454/2454 2984/2984/2984 1232/1232/1232
f 2454/2454/2454 2196/2196/2196 2984/2984/2984
f 2138/2138/2138 2059/2059/2059 2993/2993/2993
f 1939/1939/1939 2059/2059/2059 2138/2138/2138
f 55/55/55 2090/2090/2090 2089/2089/2089
f 47/47/47 110/110/110 2240/2240/2240
f 256/256/256 1629/1629/1629 257/257/257
f 256/256/256 1319/1319/1319 1629/1629/1629
f 3015/3015/3015 55/55/55 2997/2997/2997
f 922/922/922 1996/1996/1996 923/923/923
f 922/922/922 1550/1550/1550 1996/1996/1996
f 2915/2915/2915 1901/1901/1901 2876/2876/2876
f 1902/1902/1902 1901/1901/1901 2915/2915/2915
f 121/121/121 2996/2996/2996 122/122/122
f 121/121/121 411/411/411 2996/2996/2996
f 2719/2719/2719 1795/1795/1795 1966/1966/1966
f 2130/2130/2130 1795/1795/1795 2719/2719/2719
f 2667/2667/2667 671/671/671 1687/1687/1687
f 672/672/672 1302/1302/1302 1083/1083/1083
f 672/672/672 2666/2666/2666 1302/1302/1302
f 2666/2666/2666 671/671/671 2667/2667/2667
f 672/672/672 671/671/671 2666/2666/2666
f 55/55/55 3035/3035/3035 2808/2808/2808
f 55/55/55 2854/2854/2854 2853/2853/2853
f 1210/1210/1210 2248/2248/2248 2253/2253/2253
f 714/714/714 2248/2248/2248 1210/1210/1210
f 47/47/47 2395/2395/2395 1865/1865/1865
f 1103/1103/1103 1074/1074/1074 2637/2637/2637
f 1563/1563/1563 1074/1074/1074 1103/1103/1103
f 2568/2568/2568 211/211/211 551/551/551
f 209/209/209 211/211/211 2568/2568/2568
f 47/47/47 2992/2992/2992 2775/2775/2775
f 2473/2473/2473 244/244/244 246/246/246
f 2473/2473/2473 2472/2472/2472 244/244/244
f 1598/1598/1598 55/55/55 1599/1599/1599
f 424/424/424 1638/1638/1638 1635/1635/1635
f 424/424/424 423/423/423 1638/1638/1638
f 2515/2515/2515 2952/2952/2952 2513/2513/2513
f 2958/2958/2958 2952/2952/2952 2515/2515/2515
f 55/55/55 3054/3054/3054 2987/2987/2987
f 47/47/47 3062/3062/3062 3050/3050/3050
f 1219/1219/1219 783/783/783 1217/1217/1217
f 1219/1219/1219 103/103/103 783/783/783
f 390/390/390 2862/2862/2862 810/810/810
f 390/390/390 392/392/392 2862/2862/2862
f 55/55/55 2110/2110/2110 2109/2109/2109
f 1913/1913/1913 2695/2695/2695 2696/2696/2696
f 823/823/823 2695/2695/2695 1913/1913/1913
f 2902/2902/2902 55/55/55 2071/2071/2071
f 55/55/55 2927/2927/2927 2995/2995/2995
f 738/738/738 953/953/953 955/955/955
f 738/738/738 639/639/639 953/953/953
f 2230/2230/2230 688/688/688 2560/2560/2560
f 2000/2000/2000 688/688/688 2230/2230/2230
f 1719/1719/1719 55/55/55 2837/2837/2837
f 47/47/47 1235/1235/1235 1234/1234/1234
f 2780/2780/2780 2787/2787/2787 2781/2781/2781
f 2780/2780/2780 2701/2701/2701 2787/2787/2787
f 55/55/55 2619/2619/2619 3032/3032/3032
f 2201/2201/2201 55/55/55 2202/2202/2202
f 55/55/55 3042/3042/3042 1107/1107/1107
f 55/55/55 2866/2866/2866 2865/2865/2865
f 55/55/55 1929/1929/1929 58/58/58
f 834/834/834 770/770/770 767/767/767
f 775/775/775 770/770/770 834/834/834
f 47/47/47 2721/2721/2721 2723/2723/2723
f 2640/2640/2640 2994/2994/2994 2584/2584/2584
f 2640/2640/2640 1766/1766/1766 2994/2994/2994
f 47/47/47 1399/1399/1399 2119/2119/2119
f 460/460/460 3002/3002/3002 3033/3033/3033
f 460/460/460 2331/2331/2331 3002/3002/3002
f 1634/1634/1634 3008/3008/3008 116/116/116
f 758/758/758 3008/3008/3008 1634/1634/1634
f 2700/2700/2700 1750/1750/1750 2788/2788/2788
f 2700/2700/2700 1749/1749/1749 1750/1750/1750
f 47/47/47 29/29/29 31/31/31
f 47/47/47 884/884/884 881/881/881
f 3049/3049/3049 1392/1392/1392 788/788/788
f 3049/3049/3049 2611/2611/2611 1392/1392/1392
f 1284/1284/1284 2164/2164/2164 1283/1283/1283
f 1579/1579/1579 2164/2164/2164 1284/1284/1284
f 47/47/47 2521/2521/2521 848/848/848
f 2981/2981/2981 55/55/55 1527/1527/1527
f 853/853/853 2748/2748/2748 3028/3028/3028
f 853/853/853 852/852/852 2748/2748/2748
f 47/47/47 2433/2433/2433 3003/3003/3003
f 2230/2230/2230 2530/2530/2530 603/603/603
f 2230/2230/2230 2560/2560/2560 2530/2530/2530
f 47/47/47 2442/2442/2442 2444/2444/2444
f 47/47/47 2491/2491/2491 2492/2492/2492
f 47/47/47 2827/2827/2827 2284/2284/2284
f 2921/2921/2921 1707/1707/1707 2453/2453/2453
f 2921/2921/2921 2522/2522/2522 1707/1707/1707
f 47/47/47 3038/3038/3038 3057/3057/3057
f 3012/3012/3012 55/55/55 1043/1043/1043
f 47/47/47 2219/2219/2219 2218/2218/2218
f 2351/2351/2351 2496/2496/2496 1045/1045/1045
f 2351/2351/2351 2719/2719/2719 2496/2496/2496
f 1601/1601/1601 1887/1887/1887 2835/2835/2835
f 2347/2347/2347 1887/1887/1887 1601/1601/1601
f 2110/2110/2110 55/55/55 2111/2111/2111
f 47/47/47 2965/2965/2965 2967/2967/2967
f 487/487/487 55/55/55 488/488/488
f 1671/1671/1671 966/966/966 968/968/968
f 1671/1671/1671 1673/1673/1673 966/966/966
f 1339/1339/1339 2878/2878/2878 2321/2321/2321
f 1755/1755/1755 1748/1748/1748 1756/1756/1756
f 2867/2867/2867 1748/1748/1748 1755/1755/1755
f 1339/1339/1339 2867/2867/2867 2878/2878/2878
f 1339/1339/1339 1748/1748/1748 2867/2867/2867
f 47/47/47 1574/1574/1574 1572/1572/1572
f 685/685/685 1616/1616/1616 2753/2753/2753
f 685/685/685 2540/2540/2540 1616/1616/1616
f 484/484/484 2665/2665/2665 1922/1922/1922
f 484/484/484 1821/1821/1821 2665/2665/2665
f 47/47/47 2464/2464/2464 2362/2362/2362
f 804/804/804 55/55/55 805/805/805
f 1247/1247/1247 506/506/506 2856/2856/2856
f 507/507/507 506/506/506 1247/1247/1247
f 2900/2900/2900 1208/1208/1208 2126/2126/2126
f 1209/1209/1209 1208/1208/1208 2900/2900/2900
f 2895/2895/2895 13/13/13 1194/1194/1194
f 2863/2863/2863 13/13/13 2895/2895/2895
f 3036/3036/3036 55/55/55 1330/1330/1330
f 3049/3049/3049 2890/2890/2890 2611/2611/2611
f 1552/1552/1552 2890/2890/2890 3049/3049/3049
f 47/47/47 2804/2804/2804 2803/2803/2803
f 2863/2863/2863 16/16/16 13/13/13
f 2527/2527/2527 16/16/16 2863/2863/2863
f 47/47/47 409/409/409 1301/1301/1301
f 2273/2273/2273 2262/2262/2262 2617/2617/2617
f 2274/2274/2274 2262/2262/2262 2273/2273/2273
f 2930/2930/2930 921/921/921 918/918/918
f 2930/2930/2930 1973/1973/1973 921/921/921
f 22/22/22 1794/1794/1794 2414/2414/2414
f 24/24/24 1794/1794/1794 22/22/22
f 1378/1378/1378 606/606/606 1376/1376/1376
f 1378/1378/1378 609/609/609 606/606/606
f 47/47/47 1688/1688/1688 1683/1683/1683
f 47/47/47 881/881/881 883/883/883
f 1954/1954/1954 55/55/55 2963/2963/2963
f 47/47/47 1406/1406/1406 2814/2814/2814
f 1095/1095/1095 2586/2586/2586 2588/2588/2588
f 1095/1095/1095 1078/1078/1078 2586/2586/2586
f 47/47/47 2714/2714/2714 2651/2651/2651
f 47/47/47 3061/3061/3061 2672/2672/2672
f 2572/2572/2572 55/55/55 2354/2354/2354
f 1498/1498/1498 55/55/55 2201/2201/2201
f 55/55/55 2236/2236/2236 2339/2339/2339
f 3045/3045/3045 2908/2908/2908 2310/2310/2310
f 3045/3045/3045 2954/2954/2954 2908/2908/2908
f 2852/2852/2852 55/55/55 3030/3030/3030
f 47/47/47 1893/1893/1893 3062/3062/3062
f 1606/1606/1606 2122/2122/2122 1950/1950/1950
f 1246/1246/1246 2122/2122/2122 1606/1606/1606
f 2289/2289/2289 1860/1860/1860 2263/2263/2263
f 2289/2289/2289 2409/2409/2409 1860/1860/1860
f 140/140/140 55/55/55 309/309/309
f 1283/1283/1283 344/344/344 341/341/341
f 1283/1283/1283 2163/2163/2163 344/344/344
f 2599/2599/2599 1370/1370/1370 1320/1320/1320
f 1371/1371/1371 1370/1370/1370 2599/2599/2599
f 47/47/47 2397/2397/2397 2396/2396/2396
f 69/69/69 2405/2405/2405 1412/1412/1412
f 69/69/69 71/71/71 2405/2405/2405
f 55/55/55 2659/2659/2659 3016/3016/3016
f 47/47/47 3057/3057/3057 2092/2092/2092
f 345/345/345 3060/3060/3060 348/348/348
f 1336/1336/1336 3060/3060/3060 345/345/345
f 1202/1202/1202 2293/2293/2293 1351/1351/1351
f 1202/1202/1202 2596/2596/2596 2293/2293/2293
f 1485/1485/1485 777/777/777 779/779/779
f 2004/2004/2004 777/777/777 1485/1485/1485
f 1564/1564/1564 55/55/55 2632/2632/2632
f 3009/3009/3009 55/55/55 2846/2846/2846
f 47/47/47 2816/2816/2816 2815/2815/2815
f 47/47/47 1685/1685/1685 282/282/282
f 1504/1504/1504 2504/2504/2504 2336/2336/2336
f 1504/1504/1504 1702/1702/1702 2504/2504/2504
f 47/47/47 1881/1881/1881 2151/2151/2151
f 55/55/55 804/804/804 803/803/803
f 777/777/777 535/535/535 780/780/780
f 2116/2116/2116 535/535/535 777/777/777
f 47/47/47 2939/2939/2939 2936/2936/2936
f 323/323/323 1243/1243/1243 1520/1520/1520
f 323/323/323 2507/2507/2507 1243/1243/1243
f 47/47/47 2220/2220/2220 2216/2216/2216
f 1900/1900/1900 2577/2577/2577 1903/1903/1903
f 1187/1187/1187 2577/2577/2577 1900/1900/1900
f 55/55/55 1022/1022/1022 829/829/829
f 47/47/47 2657/2657/2657 2655/2655/2655
f 1183/1183/1183 1607/1607/1607 1184/1184/1184
f 1183/1183/1183 1244/1244/1244 1607/1607/1607
f 55/55/55 803/803/803 802/802/802
f 1063/1063/1063 2806/2806/2806 2011/2011/2011
f 1776/1776/1776 2806/2806/2806 1063/1063/1063
f 47/47/47 2444/2444/2444 2438/2438/2438
f 55/55/55 1936/1936/1936 1935/1935/1935
f 3042/3042/3042 55/55/55 2534/2534/2534
f 47/47/47 3048/3048/3048 2964/2964/2964
f 47/47/47 1683/1683/1683 1685/1685/1685
f 1224/1224/1224 55/55/55 1227/1227/1227
f 47/47/47 3047/3047/3047 3048/3048/3048
f 310/310/310 55/55/55 311/311/311
f 55/55/55 842/842/842 847/847/847
f 3041/3041/3041 55/55/55 3058/3058/3058
f 55/55/55 1718/1718/1718 1230/1230/1230
f 55/55/55 3046/3046/3046 2517/2517/2517
f 55/55/55 451/451/451 1355/1355/1355
f 1197/1197/1197 838/838/838 835/835/835
f 15/15/15 838/838/838 1197/1197/1197
# Vertices: 3062, normals: 3062, texture coordinates: 3062, faces: 6048

