# File generated by ImageToStl.com - Free Image and 3D model conversion tools

mtllib venus_1_12103.mtl

o obj1
v 296.44372559 268.65005493 -300.49438477
v 338.13430786 230.87405396 -287.66085815
v 311.77667236 230.87405396 -316.03646851
v 321.50613403 268.65002441 -273.5151062
v 462.3833313 191.34199524 -3.13902307
v 475.78140259 150.35299683 38.37136078
v 477.31588745 150.35299683 -3.24112916
v 460.89788818 191.34199524 37.1711998
v 70.47564697 -268.64993286 -416.1829834
v 111.98806763 -230.87393188 -429.58200073
v 106.48070526 -268.64993286 -408.45645142
v 74.12119293 -230.87393188 -437.70690918
v 208.78234863 -443.50598145 -99.08648682
v 252.06750488 -421.69598389 -93.68622589
v 216.62298584 -443.50601196 -80.51341248
v 242.94261169 -421.69598389 -115.29824829
v 294.80911255 -191.3419342 -356.22161865
v 335.22247314 -150.35293579 -339.80368042
v 324.73428345 -191.3419342 -329.17230225
v 304.3314209 -150.35293579 -367.7258606
v 24.49585724 396.67703247 -303.69244385
v 56.45498657 368.63903809 -333.37930298
v 27.18447495 368.63903809 -337.03182983
v 50.8715477 396.67703247 -300.4022522
v 111.98806763 230.87406921 -429.5819397
v 155.19515991 191.34207153 -435.5697937
v 116.64260864 191.34207153 -447.43832397
v 149.00212097 230.87406921 -418.18786621
v 15.87446022 -499.52398682 14.98950386
v 46.50829697 -495.72302246 45.87855911
v 15.54413986 -499.52398682 15.33183765
v 50.33001709 -495.72302246 41.6514473
v 16.5130806 -499.52398682 14.28281593
v 16.82138443 -499.52398682 13.9194622
v 16.19777679 -499.52398682 14.63916206
v 154.13011169 396.67697144 262.81878662
v 115.30329895 421.69598389 242.94145203
v 130.63824463 396.67694092 275.25186157
v 136.03849792 421.69598389 231.96777344
v 20.91937256 -499.52398682 -6.2501626
v 62.98735046 -495.72302246 -17.33594704
v 21.05050087 -499.52398682 -5.79271793
v 61.23664093 -495.72302246 -22.75922585
v 20.62709045 -499.52398682 -7.15704489
v 20.46593285 -499.52398682 -7.60448027
v 20.77823639 -499.52398682 -6.70560598
v 0.00300292 -500 0.00091951
v 0.33032173 -499.52398682 -21.82831955
v 0.80678576 -499.52398682 -21.81630898
v -188.38648987 461.94000244 34.54068375
v -149.83293152 476.85800171 14.13583088
v -190.67971802 461.94000244 17.98957825
v -148.03117371 476.85800171 27.14148712
v 16.82338524 499.52398682 13.92162609
v 0 500 0.00208341
v 16.51608658 499.52398682 14.28498077
v -10.62935257 499.52398682 -19.06947327
v -10.20994377 499.52398682 -19.29769516
v -45.11093903 488.14797974 98.48791504
v -74.36042023 476.85797119 130.84739685
v -62.67404556 476.85797119 136.83021545
v -53.52312851 488.14797974 94.18171692
v -300.81799316 337.79495239 213.69699097
v -291.66708374 368.63897705 171.04750061
v -318.29800415 337.79495239 186.66567993
v -275.64944458 368.63897705 195.81858826
v 18.98348808 -499.52398682 10.7874155
v 18.74225426 -499.52398682 11.1988163
v -420.73776245 268.6499939 -33.93096924
v -391.48629761 304.38101196 -66.29044342
v -416.17932129 268.6499939 -70.4715271
v -395.77444458 304.38101196 -31.9180088
v 153.67366028 337.79504395 -335.47735596
v 167.07270813 368.63903809 -293.9659729
v 182.32759094 337.79504395 -320.80807495
v 140.81715393 368.63903809 -307.40905762
v -344.11416626 268.64996338 244.45388794
v -342.50756836 304.38098145 200.86349487
v -364.11062622 268.64996338 213.5328064
v -323.69827271 304.38098145 229.95079041
v 491.8170166 -21.80998611 -90.16773224
v 494.01617432 -65.26299286 -46.60235596
v 488.07336426 -65.26298523 -89.48207855
v 497.80480957 -21.80999374 -46.96069336
v 422.10107422 268.6499939 -2.86574459
v 395.78146362 304.38101196 31.92010498
v 420.74478149 268.6499939 33.93306351
v 397.05770874 304.38101196 -2.69657421
v -239.75349426 268.64993286 347.40606689
v -283.03866577 230.87394714 342.0078125
v -252.15357971 230.87394714 365.37454224
v -269.12008667 268.64993286 325.18841553
v -231.09007263 -443.50601196 1.57045579
v -268.0390625 -421.6960144 -21.61610031
v -230.34735107 -443.50601196 -18.57714653
v -268.90289307 -421.6960144 1.82670879
v -336.62686157 -368.63897705 31.75784302
v -368.98638916 -337.79598999 2.50638366
v -338.11331177 -368.63897705 2.29717517
v -367.36380005 -337.79598999 34.6566658
v -74.36042023 -476.85903931 130.8452301
v -61.52592087 -488.14898682 89.15567017
v -53.52112579 -488.14901733 94.17855072
v -85.4802475 -476.85903931 123.86644745
v 21.92835617 -495.72302246 -61.5369606
v 7.77757502 -499.52398682 -20.39992905
v 7.3291378 -499.52398682 -20.56409073
v 8.65943432 -499.52398682 -20.04058266
v 27.20849991 -495.72302246 -59.39186859
v 9.09485722 -499.52398682 -19.84739304
v 8.22000599 -499.52398682 -20.22476196
v -217.69300842 -443.50601196 -77.5635376
v -174.12759399 -461.94000244 -79.76268005
v -180.41671753 -461.94000244 -64.28162384
v -210.10462952 -443.50598145 -96.24272156
v -104.82108307 488.14801025 -27.32450676
v -141.76908875 476.85800171 -50.5120697
v -145.6318512 476.85800171 -37.96285629
v -102.04138947 488.14801025 -36.3572998
v 54.80137253 -488.14901733 93.44384003
v 64.53185272 -476.85903931 135.96421814
v 46.44823456 -488.14901733 97.86313629
v 76.13615417 -476.85903931 129.82324219
v 486.46780396 -108.21999359 -45.89067078
v 477.31588745 -150.35299683 -3.24117804
v 475.21682739 -150.35299683 -44.82964325
v 488.61587524 -108.22000122 -3.31824636
v -367.72613525 -150.35295105 -304.32714844
v -347.84680176 -108.21994019 -343.15588379
v -339.80197144 -150.35293579 -335.21917725
v -376.43161011 -108.21994781 -311.53213501
v 29.66489029 337.79504395 -367.80480957
v 66.29556274 304.381073 -391.49084473
v 31.92209053 304.381073 -395.77902222
v 61.60900497 337.79504395 -363.81991577
v -114.18520355 443.50497437 200.91957092
v -108.78595734 461.93997192 157.63545227
v -131.26184082 443.50497437 190.20314026
v -94.63417053 461.93997192 166.51708984
v -6.2490859 499.52398682 -20.91927338
v -6.70452976 499.52398682 -20.7781353
v 278.85656738 304.381073 -282.66598511
v 281.05474854 337.79501343 -239.10157776
v 302.43154907 304.38104248 -257.28729248
v 259.1473999 337.79501343 -262.68753052
v 179.53285217 461.94000244 -66.72684479
v 145.10832214 476.85800171 -39.93777847
v 184.66586304 461.94000244 -50.82637787
v 141.07540894 476.85800171 -52.43393707
v -21.68211746 -499.52398682 2.52437496
v -65.03533936 -495.72302246 6.13589001
v -21.73216438 -499.52398682 2.05091405
v -64.25257874 -495.72302246 11.78138256
v -21.55099106 -499.52398682 3.46829319
v -21.47091103 -499.52398682 3.93674898
v -21.62206078 -499.52398682 2.99683452
v 253.31771851 421.6960144 90.25688171
v 277.0027771 396.67697144 126.88552094
v 287.0085144 396.67697144 102.25955963
v 244.4881134 421.69598389 111.99003601
v -208.22779846 21.80992699 454.58932495
v -247.05561829 -21.81007195 434.70996094
v -208.22779846 -21.81007576 454.58932495
v -247.05561829 21.8099308 434.70996094
v 50.51620102 -476.85897827 -141.77001953
v 45.11594009 -488.1489563 -98.48490143
v 36.3604126 -488.1489563 -102.04137421
v 62.67904663 -476.85897827 -136.82820129
v -174.19967651 21.81007767 -468.68502808
v -132.68722534 -21.80992317 -482.08407593
v -174.19967651 -21.80992508 -468.68502808
v -132.68722534 21.81007957 -482.08407593
v -352.18200684 -191.34204102 299.61846924
v -361.91244507 -230.87405396 257.09713745
v -338.12631226 -230.87405396 287.66085815
v -376.95510864 -191.34204102 267.78253174
v -203.4861908 108.21993256 444.23526001
v -245.17478943 65.26293945 431.4017334
v -206.64324951 65.26293182 451.12896729
v -241.42913818 108.21994019 424.81036377
v -214.38479614 21.81007576 -451.71951294
v -214.38479614 -21.80992699 -451.71951294
v 21.73717117 -499.52398682 -2.05007625
v 21.77620888 -499.52398682 -1.57461333
v 14.28691483 499.52398682 -16.51198387
v 13.9235611 499.52398682 -16.81928253
v 468.68746948 21.81002808 -174.20050049
v 478.41796875 65.26302338 -131.67910767
v 482.08752441 21.81002235 -132.68910217
v 465.1210022 65.26303101 -172.87519836
v 257.53979492 -368.63897705 -219.09622192
v 300.82397461 -337.79595947 -213.69598389
v 275.65447998 -368.63897705 -195.81658936
v 281.05474854 -337.79595947 -239.10169983
v -50.8645401 -396.67703247 300.4022522
v -67.83106232 -421.69604492 260.21615601
v -44.89372253 -421.69604492 265.13790894
v -76.85285187 -396.67703247 294.82479858
v -167.06672668 -368.63903809 293.96694946
v -209.58811951 -337.79605103 303.69641113
v -192.05204773 -368.63903809 278.28570557
v -182.32157898 -337.79605103 320.80807495
v -96.23973846 443.50497437 210.10650635
v -79.76068115 461.93997192 174.13150024
v -79.7596817 -461.94003296 174.13035583
v -114.18520355 -443.50604248 200.91740417
v -94.632164 -461.94003296 166.51495361
v -96.23872375 -443.50604248 210.10635376
v 241.43513489 108.22006989 -424.81030273
v 271.12304688 150.35305786 -392.85119629
v 277.5413208 108.22006989 -402.15127563
v 235.85270691 150.35307312 -414.98577881
v -64.27960968 461.93997192 180.42062378
v -77.5615387 443.50497437 217.69589233
v 17.97050095 -499.52398682 12.39998436
v 17.6952343 -499.52398682 12.78936291
v -21.59903717 499.52398682 -3.1740067
v -21.66309738 499.52398682 -2.70254827
v 250.76222229 396.67697144 173.05743408
v 260.4927063 368.63897705 215.5788269
v 278.29006958 368.63897705 192.05593872
v 234.72460938 396.67697144 194.25506592
v -111.98206329 -230.87406921 429.5819397
v -141.66899109 -268.65005493 397.62286377
v -106.47470093 -268.65005493 408.45639038
v -148.99610901 -230.87406921 418.18685913
v 37.29532623 304.38095093 395.30871582
v 2.86979508 268.64993286 422.0977478
v 39.64761734 268.64993286 420.24191284
v 2.69962931 304.38095093 397.0553894
v 14.50913143 499.52398682 16.31796074
v 14.15078163 499.52398682 16.63026237
v 198.78561401 150.35307312 -433.96218872
v 203.49217224 108.22007751 -444.23620605
v -262.68685913 337.79501343 -259.14309692
v -219.09538269 368.63900757 -257.53652954
v -239.10087585 337.79504395 -281.05239868
v -240.70744324 368.63900757 -237.46098328
v -106.80201721 -488.14898682 -18.08467674
v -63.21156693 -495.72302246 -16.47811317
v -64.40672302 -495.72302246 -10.9056921
v -104.8190918 -488.14898682 -27.32466698
v -19.53202248 -488.1489563 -106.54975128
v -14.13176346 -476.85897827 -149.83486938
v -10.17090607 -488.1489563 -107.84601593
v -27.13743019 -476.85897827 -148.03211975
v 64.25858307 -495.72302246 -11.77954292
v 21.55599403 -499.52398682 -3.46645427
v 21.47491646 -499.52398682 -3.93591118
v 21.68712234 -499.52398682 -2.52353668
v 65.04135132 -495.72302246 -6.13504982
v 21.62806511 -499.52398682 -2.99599648
v -15.99157619 -499.52398682 14.8583765
v -16.31188583 -499.52398682 14.5060339
v 257.09939575 -230.87405396 361.9161377
v 233.91282654 -191.34205627 398.86303711
v 224.57873535 -230.87405396 382.94555664
v 267.78579712 -191.34205627 376.95877075
v -28.74499512 488.14804077 -104.44354248
v -11.77847195 495.72198486 -64.25744629
v -19.53302383 488.14804077 -106.5515976
v -17.33388329 495.72198486 -62.98620987
v -71.60173798 -304.38095093 -390.55407715
v -39.64160919 -268.64993286 -420.24291992
v -37.29031754 -304.38095093 -395.30969238
v -76.11713409 -268.64993286 -415.18701172
v 19.51700783 -499.52398682 -9.78760433
v 59.01948166 -495.72302246 -28.00933266
v 19.72521019 -499.52398682 -9.35918713
v 56.35388565 -495.72302246 -33.04623413
v 19.07157326 -499.52398682 -10.62942314
v 18.83534622 -499.52398682 -11.0428257
v 19.29779434 -499.52398682 -10.2110157
v 76.8588562 396.67703247 -294.82479858
v 90.25791168 421.69604492 -253.31440735
v 102.26160431 396.67703247 -287.00518799
v 67.83707428 421.69604492 -260.21615601
v -102.2565918 -396.67703247 287.00421143
v -111.98606873 -421.69604492 244.48381042
v -90.25289917 -421.69604492 253.31338501
v -126.88156891 -396.67703247 276.9994812
v -19.06556892 -499.52398682 10.63126373
v -19.29279137 -499.52398682 10.21285629
v 402.0055542 -191.34202576 228.4712677
v 392.85464478 -150.3530426 271.11978149
v 380.56365967 -191.34204102 262.6385498
v 414.9881897 -150.3530426 235.84945679
v 305.47149658 368.63900757 -144.97499084
v 285.59313965 396.67700195 -106.1472168
v 316.94470215 368.63900757 -117.80056
v 275.25509644 396.67700195 -130.63404846
v -148.02915955 -476.85900879 27.14032936
v -107.84403229 -488.14898682 10.1748209
v -106.54576874 -488.14898682 19.53492928
v -149.83091736 -476.85900879 14.13567638
v 114.19121552 443.50500488 -200.91842651
v 108.79195404 461.94003296 -157.63430786
v 131.26885986 443.50500488 -190.20199585
v 94.64017487 461.94003296 -166.51594543
v -241.46217346 -150.35292053 -411.74465942
v -209.5030365 -108.21993256 -441.43154907
v -204.65731812 -150.35292053 -431.22262573
v -247.17874146 -108.21994019 -421.49212646
v -281.04873657 -337.79602051 239.10157776
v -323.69827271 -304.38104248 229.95069885
v -300.81799316 -337.79602051 213.6968689
v -302.42456055 -304.38104248 257.28729248
v -3.93483233 499.52398682 -21.47481346
v -5.79164028 499.52398682 -21.05039978
v -5.33019114 499.52398682 -21.17151833
v -4.86774111 499.52398682 -21.28362656
v -4.40228796 499.52398682 -21.38372231
v -82.50634766 488.14801025 70.19438171
v -122.69149017 476.85800171 87.15988159
v -114.62863922 476.85797119 97.52196503
v -88.31001282 488.14801025 62.73612213
v 61.23864365 495.72198486 -22.75906563
v 104.44672394 488.14801025 -28.74588966
v 101.54389954 488.14801025 -37.7396431
v 62.98934555 495.72198486 -17.33578682
v -130.63322449 396.67703247 -275.2517395
v -93.68524933 421.69604492 -252.06518555
v -106.14638519 396.67703247 -285.58981323
v -115.29829407 421.69604492 -242.94129944
v 165.36204529 -304.38095093 -360.99328613
v 182.32759094 -337.79592896 -320.80819702
v 153.67366028 -337.79592896 -335.47747803
v 196.19508362 -304.38095093 -345.20791626
v 5.3361969 499.52398682 21.17268372
v 4.87274551 499.52398682 21.28479195
v -1.82377625 421.69604492 -268.90655518
v 18.58009529 443.50500488 -230.35206604
v 21.62005806 421.69604492 -268.04275513
v -1.56652582 443.50500488 -231.09477234
v 59.39585114 -495.72302246 27.20639038
v 19.64713478 -499.52398682 9.52318478
v 19.85033226 -499.52398682 9.09276676
v 19.2137146 -499.52398682 10.37000847
v 56.79831696 -495.72302246 32.27932739
v 19.43592834 -499.52398682 9.94960022
v 213.97438049 396.67700195 -216.89797974
v 257.54083252 368.63900757 -219.09611511
v 237.46427917 368.63900757 -240.70913696
v 232.0650177 396.67700195 -197.42402649
v 79.69561768 -150.35292053 -470.62393188
v 116.64260864 -191.34191895 -447.43838501
v 77.20219421 -191.34191895 -455.90060425
v 120.40927124 -150.35292053 -461.88845825
v 267.78579712 191.3419342 376.95883179
v 241.46617126 150.35292053 411.74465942
v 276.43423462 150.35293579 389.13265991
v 233.91282654 191.3419342 398.86309814
v 32.28144073 -495.72302246 -56.79434204
v 53.52713013 -488.1489563 -94.17771912
v 93.69124603 421.69598389 252.06530762
v 80.85675812 396.67694092 293.75491333
v 106.15139008 396.67694092 285.59094238
v 71.36550903 421.69598389 259.27233887
v -172.87336731 65.26307678 -465.11755371
v -129.6652832 108.22007751 -471.1053772
v -131.67825317 65.26307678 -478.41549683
v -170.23179626 108.22007751 -458.01159668
v -192.56053162 191.34191895 420.3850708
v -235.84570312 150.35292053 414.98483276
v -198.78059387 150.35292053 433.96127319
v -228.4675293 191.3419342 402.00219727
v -232.05799866 -396.67700195 197.42402649
v -275.6484375 -368.63900757 195.81747437
v -248.38191223 -396.67700195 176.44761658
v -257.5328064 -368.63900757 219.09611511
v -357.06176758 -337.79595947 -93.07962036
v -374.03128052 -304.38098145 -133.26672363
v -347.59350586 -337.79595947 -123.84654999
v -384.21820068 -304.38098145 -100.15950012
v 174.13258362 -461.94000244 79.76354218
v 200.92169189 -443.50604248 114.18803406
v 166.5171814 -461.94003296 94.63600922
v 210.10864258 -443.50604248 96.24256897
v -304.66775513 396.67700195 2.07107973
v -337.02822876 368.63897705 -27.17938614
v -338.11431885 368.63897705 2.29729533
v -303.68978882 396.67700195 -24.49176407
v -268.04006958 421.6960144 -21.61696434
v -300.39855957 396.67700195 -50.86643219
v -265.13522339 421.6960144 -44.89561462
v 345.2102356 -304.38104248 196.19285583
v 347.40933228 -268.65002441 239.75723267
v 326.79727173 -304.38104248 225.53237915
v 366.98339844 -268.65002441 208.56588745
v -372.16247559 -108.22005463 316.61703491
v -404.52197266 -65.26304626 287.36560059
v -398.3409729 -108.220047 282.97531128
v -377.93707275 -65.26305389 321.52880859
v 294.82815552 396.67700195 76.85684967
v 318.51519775 368.63897705 113.48548126
v 327.19366455 368.63897705 85.29405212
v -136.03248596 -421.69598389 -231.96678162
v -99.08551025 -443.50598145 -208.77922058
v -116.90385437 -443.50598145 -199.34805298
v -115.29729462 -421.69598389 -242.93945312
v -54.79636765 -488.1489563 -93.44300079
v -28.00627518 -495.72302246 -59.01750565
v -33.04418182 -495.72302246 -56.35091019
v -46.44423294 -488.1489563 -97.86230469
v -397.05072021 -304.38101196 2.69657421
v -420.73678589 -268.6499939 -33.93105698
v -395.77444458 -304.38101196 -31.91810417
v -422.09307861 -268.6499939 2.86674547
v 19.92440605 -499.52398682 -8.92676735
v 66.72999573 -461.94003296 179.52861023
v 52.43606949 -476.85903931 141.07019043
v 82.12297821 -461.94003296 173.03027344
v -173.0275116 461.94000244 82.12198639
v -216.61897278 443.50497437 80.51541138
v -208.77734375 443.50497437 99.08848572
v -179.52784729 461.94000244 66.72900391
v 74.36642456 476.85803223 -130.84625244
v 85.48825836 476.85803223 -123.86644745
v 451.72192383 -21.80996513 -214.38659668
v 468.68746948 -21.80997276 -174.20050049
v 451.72192383 21.81003571 -214.38659668
v 140.81515503 -368.63894653 -307.40917969
v 150.54663086 -396.67697144 -264.8868103
v 126.88657379 -396.67694092 -276.99960327
v 167.07270813 -368.63894653 -293.96609497
v 149.75085449 443.50497437 176.02033997
v 155.73768616 421.69598389 219.22839355
v 174.25170898 421.69598389 204.82136536
v 133.83935547 443.50497437 188.40238953
v -442.49899292 -230.87400818 -35.6857605
v -416.17932129 -268.6499939 -70.47161102
v -437.70327759 -230.87399292 -74.11715698
v -21.79322433 499.52398682 -1.27916324
v -21.81624794 499.52398682 -0.80269969
v 376.96212769 191.34204102 -267.78253174
v 411.74700928 150.3530426 -241.46292114
v 389.13598633 150.3530426 -276.43093872
v 398.865448 191.34204102 -233.90956116
v -355.95370483 21.81005859 -351.15267944
v -323.99353027 -21.80993843 -380.83956909
v -355.95370483 -21.80994225 -351.15267944
v -323.99353027 21.81006241 -380.83956909
v -381.3354187 268.64996338 180.98414612
v -416.12127686 230.87397766 154.66653442
v -401.05761719 230.87397766 190.34625244
v -395.65835571 268.64996338 147.06114197
v -303.68878174 -396.67700195 -24.49089432
v -333.3757019 -368.63897705 -56.45098495
v -300.39758301 -396.67700195 -50.86655807
v -337.0272522 -368.63897705 -27.1795063
v -16.817379 499.52398682 -13.9194622
v -46.50529099 495.72198486 -45.87955856
v -50.32701874 495.72198486 -41.6514473
v -16.51008034 499.52398682 -14.28281593
v -16.19477272 499.52398682 -14.63916206
v -15.87145805 499.52398682 -14.98950386
v -15.54113579 499.52398682 -15.33283806
v 363.56207275 150.3530426 -309.29290771
v 352.18902588 191.34204102 -299.61749268
v -260.21343994 421.6960144 -67.83293915
v -294.82214355 396.67700195 -76.85471344
v -232.05799866 396.67697144 197.42515564
v -257.53381348 368.63897705 219.09823608
v -248.38290405 396.67697144 176.44773865
v 294.80911255 191.34205627 -356.22155762
v 304.3314209 150.35305786 -367.72579956
v 262.64080811 191.34205627 -380.56027222
v 277.00378418 -396.67700195 126.88439941
v 293.96929932 -368.63900757 167.06948853
v 264.88998413 -396.67700195 150.54342651
v 307.41140747 -368.63900757 140.81295776
v 17.12267685 499.52398682 13.55126572
v 17.4139595 499.52398682 13.17490005
v 398.34796143 -108.21995544 -282.97537231
v 428.03488159 -65.26296234 -251.01521301
v 421.49447632 -108.21996307 -247.17951965
v 404.52896118 -65.26295471 -287.36560059
v -293.96530151 368.63900757 -167.06948853
v -303.69580078 337.79501343 -209.59088135
v -320.8074646 337.79501343 -182.32434082
v -278.28503418 368.63900757 -192.05581665
v 0.4464348 495.72198486 65.3286438
v -1.75270689 499.52398682 21.76325607
v -5.24911261 495.72198486 65.1194458
v 0.1511472 499.52398682 21.8343277
v -0.32531685 499.52398682 21.83232498
v -0.80178088 499.52398682 21.81931305
v -1.27724409 499.52398682 21.79628944
v -408.45281982 268.65002441 -106.47655487
v -418.1862793 230.8740387 -148.99893188
v -429.57839966 230.87402344 -111.98391724
v -397.62225342 268.65002441 -141.67080688
v 291.67306519 -368.63897705 -171.04750061
v 333.3626709 -337.79595947 -158.21299744
v 305.47052002 -368.63897705 -144.97610474
v 318.30502319 -337.79595947 -186.66468811
v 265.14022827 -421.6960144 44.89661789
v 294.82815552 -396.67700195 76.85671997
v 260.21844482 -421.6960144 67.8339386
v 300.40457153 -396.67700195 50.86843109
v 347.40933228 268.64996338 239.75732422
v 305.8979187 304.38098145 253.15635681
v 325.19073486 268.64996338 269.12387085
v 326.79827881 304.38098145 225.53349304
v -475.20983887 -150.35299683 44.83059311
v -462.37634277 -191.34199524 3.14102483
v -460.34234619 -191.34199524 43.42822647
v -477.30786133 -150.35299683 3.24213004
v 61.33073044 443.50497437 222.81488037
v 80.51741791 443.50497437 216.62184143
v 248.38891602 396.67700195 -176.4466095
v 275.65646362 368.63900757 -195.81747437
v 215.58094788 -368.63897705 -260.48852539
v 259.1473999 -337.79595947 -262.68765259
v 237.46427917 -368.63897705 -240.70826721
v 235.26513672 -337.79592896 -284.27264404
v -265.13424683 -421.6960144 -44.89574814
v 82.51236725 488.14801025 -70.19321442
v 53.26187515 495.72198486 -37.8337326
v 88.31601715 488.14801025 -62.73496246
v 49.76246643 495.72198486 -42.33110428
v 489.24450684 65.26298523 82.84461212
v 483.84524536 21.80998039 126.12973022
v 492.99713135 21.80998802 83.48022461
v 480.16265869 65.2629776 125.1697998
v 481.76919556 -108.22001648 81.57936859
v 480.16265869 -65.26302338 125.16976929
v 472.82550049 -108.22002411 123.2569046
v 489.24450684 -65.26301575 82.84459686
v 303.6987915 -337.79602051 209.59088135
v 305.8979187 -304.38104248 253.15625
v 284.27584839 -337.79602051 235.26286316
v 411.74801636 -150.35295105 -241.46298218
v 389.13598633 -150.35295105 -276.42999268
v -304.32336426 -150.35305786 367.72579956
v -343.15219116 -108.22006226 347.84844971
v -335.21548462 -150.35305786 339.80258179
v -311.52841187 -108.22006226 376.43225098
v -281.84152222 65.26293945 408.39035034
v -284.00357056 21.80993462 411.52340698
v -303.32843018 396.67700195 28.61590958
v -268.90390015 421.6960144 1.82684612
v -267.72174072 421.6960144 25.2566433
v -25.12446976 -476.85903931 148.38729858
v -48.31105042 -461.94003296 185.33526611
v -37.96097183 -476.85903931 145.63262939
v -31.97313881 -461.94003296 188.84066772
v -253.15254211 304.38095093 305.89569092
v -225.52966309 304.38095093 326.79501343
v 316.36911011 65.26306152 -382.27294922
v 281.84851074 65.26306915 -408.39135742
v 311.53543091 108.22006226 -376.43225098
v 323.70529175 -304.38098145 -229.94978333
v 364.11761475 -268.64996338 -213.53181458
v 342.5145874 -304.38098145 -200.86248779
v 344.12115479 -268.64996338 -244.45289612
v 21.82425499 -499.52398682 -0.62368816
v 65.32862854 -495.72302246 -0.44351223
v 21.8332634 -499.52398682 -0.14822553
v 21.80623817 -499.52398682 -1.10015166
v 431.22601318 -150.35296631 -204.65815735
v 433.42410278 -191.34196472 -161.09376526
v 417.7338562 -191.34196472 -198.25592041
v 447.42175293 -150.35296631 -166.29684448
v -276.99874878 -396.67697144 -126.88452148
v -293.96530151 -368.63897705 -167.0696106
v -264.88598633 -396.67697144 -150.5425415
v -307.40740967 -368.63897705 -140.81307983
v 6.87970018 -499.52398682 -20.7192421
v 16.48205185 -495.72302246 -63.2135849
v 5.96981382 -499.52398682 -20.99951363
v 5.50936604 -499.52398682 -21.1246376
v 6.42625904 -499.52398682 -20.86438179
v 123.87064362 476.85800171 85.48625183
v 83.45728302 488.14801025 69.06728363
v 115.94892883 476.85797119 95.95643616
v 89.15983582 488.14801025 61.53094864
v -460.88986206 191.34199524 -37.16913605
v -470.61935425 150.35301208 -79.69051361
v -475.77438354 150.35299683 -38.37030792
v -455.89602661 191.3420105 -77.19708252
v 455.90402222 -191.3420105 77.19908905
v 429.58538818 -230.87402344 111.98492432
v 437.71029663 -230.87402344 74.11907959
v 447.44076538 -191.3420105 116.64045715
v -260.48770142 368.63900757 -215.57870483
v -284.27285767 337.79501343 -235.26286316
v -324.72824097 191.3419342 329.17333984
v -338.12631226 230.8739624 287.66091919
v -352.18200684 191.34194946 299.61853027
v -311.76864624 230.8739624 316.03652954
v 437.71029663 230.87399292 74.11914825
v 408.45983887 268.64996338 106.47864532
v 429.58538818 230.87399292 111.98600006
v 416.18634033 268.6499939 70.47360992
v 318.51419067 -368.63900757 113.48535919
v 287.00750732 -396.67700195 102.25942993
v -327.18667603 -368.63897705 -85.29204559
v -318.51019287 -368.63897705 -113.48448181
v -20.99744987 -499.52398682 -5.96588612
v -20.86231995 -499.52398682 -6.42233038
v -154.66464233 -230.87393188 -416.12490845
v -122.70350647 -191.34191895 -445.81280518
v -117.80673981 -230.87393188 -428.02148438
v -161.09188843 -191.34191895 -433.42172241
v -128.55519104 -337.79592896 -345.88058472
v -105.36762238 -304.38095093 -382.82754517
v -97.92036438 -337.79592896 -355.76818848
v -138.3327179 -304.38095093 -372.18719482
v -20.10858345 -499.52398682 8.49118042
v -20.28976059 -499.52398682 8.05075169
v -372.18347168 304.38098145 138.3346405
v -406.96936035 268.64996338 112.01602936
v -382.82385254 304.38098145 105.37058258
v -428.0178833 -230.87402344 117.81059265
v -415.18338013 -268.6499939 76.12001801
v -406.96838379 -268.65002441 112.01593781
v -436.6572876 -230.87402344 80.05786133
v 326.00552368 -368.63897705 -89.72937012
v 362.95248413 -337.79598999 -66.54180145
v 332.58493042 -368.63897705 -60.97438812
v 355.77151489 -337.79595947 -97.92132568
v 82.51036072 -488.14898682 -70.19137573
v 53.25987244 -495.72302246 -37.83189011
v 49.75946426 -495.72302246 -42.33026886
v 88.31401062 -488.14898682 -62.73311234
v -53.255867 495.72198486 37.83489227
v -49.75645828 495.72198486 42.33227158
v -101.53488922 -488.14898682 37.74063873
v -62.9813385 -495.72302246 17.33678818
v -61.23063278 -495.72302246 22.76006508
v -104.43771362 -488.14898682 28.74689102
v -6.13297272 495.72198486 -65.03919983
v -0.73271364 488.14804077 -108.3243103
v -10.17090607 488.14804077 -107.84785461
v -0.44042897 495.72198486 -65.32748413
v 166.29995728 150.35292053 447.41836548
v 129.67028809 108.21993256 471.10440063
v 170.23681641 108.21993256 458.01068115
v 126.67137146 150.35292053 460.20980835
v -132.86740112 -421.69604492 233.79341125
v 77.56755066 443.50500488 -217.69474792
v 58.29878235 443.50500488 -223.62750244
v 93.69024658 -421.69604492 252.06419373
v 61.33073044 -443.50604248 222.8137207
v 80.51641846 -443.50604248 216.62069702
v 71.36450958 -421.69604492 259.27023315
v -344.11416626 -268.65002441 244.45379639
v -342.50756836 -304.38104248 200.86239624
v -364.10961914 -268.65002441 213.53071594
v 398.865448 -191.34194946 -233.90962219
v 248.38792419 -396.67697144 -176.44673157
v 262.82095337 -396.67697144 -154.12702942
v 28.75100136 488.14797974 104.44371033
v 27.14343834 476.85797119 148.03511047
v 39.94189835 476.85797119 145.10626221
v 19.53702736 488.14797974 106.55275726
v -90.16582489 -21.80992126 -491.81555176
v -46.60138702 -65.26292419 -494.01367188
v -89.47914886 -65.26292419 -488.07189941
v -46.95873642 -21.80991936 -497.80133057
v -152.73976135 -421.69604492 221.32328796
v -147.33850098 -443.50604248 178.03715515
v -131.260849 -443.50604248 190.20098877
v -171.44697571 -421.69604492 207.16749573
v -27.17746925 368.63894653 337.03097534
v -50.8645401 396.67694092 300.40237427
v -56.44897842 368.63894653 333.38043213
v -24.489851 396.67694092 303.6925354
v -82.50435638 -488.14898682 70.19221497
v -53.2538681 -495.72302246 37.8337326
v -49.75345612 -495.72302246 42.33010483
v -88.30800629 -488.14898682 62.73496246
v 203.49217224 -108.21993256 -444.23626709
v 235.85270691 -150.35292053 -414.98583984
v 198.78561401 -150.35292053 -433.96224976
v 241.43513489 -108.21994019 -424.81036377
v 21.82725906 499.52398682 -0.62352544
v 21.83626747 499.52398682 -0.14706178
v 402.0055542 191.34196472 228.47132874
v 365.37686157 230.8739624 252.15736389
v 380.56365967 191.34194946 262.63861084
v 385.96389771 230.87397766 219.35346985
v -244.45207214 268.65005493 -344.11779785
v -224.57371521 230.87405396 -382.94555664
v -257.09539795 230.87405396 -361.9151001
v -213.529953 268.65005493 -364.11425781
v -88.11181641 -108.21992493 -480.61465454
v -45.88869095 -108.21992493 -486.46536255
v 158.21609497 337.79492188 333.36044312
v 138.33773804 304.38095093 372.18719482
v 170.24882507 304.38095093 358.71508789
v 128.56021118 337.79492188 345.88058472
v -433.96166992 -150.35296631 -198.78344727
v -402.00149536 -191.34196472 -228.47032166
v -420.38442993 -191.34196472 -192.56340027
v -414.98516846 -150.35295105 -235.84849548
v 417.7338562 191.34202576 -198.25585938
v 431.22601318 150.35302734 -204.65809631
v -130.84443665 476.85800171 -74.36227417
v -89.15382385 488.14801025 -61.52878571
v -123.86563873 476.85800171 -85.48410034
v -94.17771912 488.14801025 -53.52500153
v -184.65884399 461.94000244 50.82853317
v -227.30839539 443.50497437 41.67562103
v -222.81201172 443.50497437 61.32874298
v -291.66708374 -368.63900757 171.04737854
v -275.24807739 -396.67700195 130.63505554
v -262.81497192 -396.67700195 154.12791443
v -305.46450806 -368.63900757 144.97598267
v -353.24404907 65.26306152 -348.48007202
v -321.52816772 65.26306152 -377.94073486
v -95.95245361 476.85797119 115.94589233
v -122.11092377 461.93997192 147.55465698
v -85.48225403 476.85797119 123.86859131
v 85.29607391 368.63903809 -327.19128418
v 123.84962463 337.79504395 -347.59414673
v 93.08365631 337.79504395 -357.06637573
v 113.48853302 368.63903809 -318.51184082
v -43.42529297 191.34207153 -460.34686279
v -3.01193357 230.87406921 -443.92788696
v -3.13805628 191.34207153 -462.37988281
v -41.69160461 230.87406921 -441.97702026
v 2.07301903 -396.67703247 304.67138672
v -21.61405182 -421.69604492 268.04171753
v 1.82978201 -421.69604492 268.90557861
v -24.48885155 -396.67703247 303.69140625
v 488.61587524 108.22000122 -3.31821108
v 487.0463562 108.21999359 39.28023529
v -257.28659058 -304.38095093 -302.42834473
v -244.45207214 -268.64993286 -344.11886597
v -229.94897461 -304.38095093 -323.70199585
v -273.5133667 -268.64993286 -321.50283813
v 416.12728882 230.8740387 -154.66543579
v 406.97637939 268.65002441 -112.01493835
v 428.02490234 230.87402344 -117.80958557
v 395.66534424 268.65002441 -147.06004333
v 209.50704956 108.21993256 441.43154907
v 247.18374634 108.21994019 421.49212646
v 204.66233826 150.35292053 431.22262573
v -100.15755463 -304.381073 384.22277832
v -123.8436203 -337.79605103 347.59414673
v -93.07765198 -337.79605103 357.06536865
v -133.26377869 -304.381073 374.03085327
v 353.24801636 65.26294708 348.48007202
v 323.99755859 21.80993843 380.83956909
v 355.95767212 21.80994225 351.15164185
v 321.53216553 65.26294708 377.94174194
v -58.2927742 443.50497437 223.62765503
v -48.31105042 461.93997192 185.33740234
v 311.53543091 -108.21994019 -376.43231201
v 343.15820312 -108.21994019 -347.84851074
v -239.10087585 -337.79592896 -281.05252075
v -195.8157196 -368.63894653 -275.65228271
v -219.09437561 -368.63897705 -257.53665161
v -213.69512939 -337.79592896 -300.82174683
v -21.76019287 499.52398682 -1.75462592
v -64.409729 495.72198486 -10.90653133
v -65.11542511 495.72198486 -5.25002766
v -21.71715164 499.52398682 -2.22808623
v -21.52496338 499.52398682 -3.64446449
v -445.80917358 -191.3420105 122.70636749
v -454.80593872 -191.3420105 83.38409424
v 262.69085693 337.79495239 259.14318848
v 284.27688599 337.79495239 235.26296997
v 240.71243286 368.63897705 237.46209717
v -407.62399292 21.80995369 289.57073975
v -428.02786255 65.26296234 251.01521301
v -431.31106567 21.80995941 252.94110107
v -404.52197266 65.26295471 287.36560059
v 467.42526245 65.26296997 166.54206848
v 471.01074219 21.80997276 167.81929016
v -348.47637939 65.26294708 353.24472046
v -372.16247559 108.21994781 316.61709595
v -377.93707275 65.26295471 321.52880859
v -343.15219116 108.21994019 347.84851074
v -262.63479614 -191.34205627 380.56124878
v -283.03866577 -230.87405396 342.00775146
v -252.15357971 -230.87405396 365.3744812
v -294.80310059 -191.34205627 356.2225647
v -382.94195557 -230.8740387 224.57545471
v -398.85848999 -191.34204102 233.90956116
v -32.2754364 -495.72302246 56.79617691
v -37.10213852 -495.72302246 53.7672348
v 358.71737671 -304.38098145 -170.24668884
v -150.0091095 -476.85900879 -12.09784889
v -107.97115326 -488.14898682 -8.70654964
v -148.3835144 -476.85900879 -25.12652588
v 320.8114624 -337.79602051 182.32533264
v 335.48074341 -337.79602051 153.67146301
v -31.9160862 304.38095093 395.77914429
v -33.92904282 268.64993286 420.74139404
v 1.57853734 -499.52398682 21.77410316
v 1.10307431 -499.52398682 21.8031311
v -245.17478943 -65.26306915 431.4017334
v -277.53530884 -108.22006989 402.15228271
v -241.42913818 -108.22006989 424.81030273
v -281.84152222 -65.26306915 408.39035034
v -53.7653656 495.72198486 -37.10602188
v -56.7953186 495.72198486 -32.27932739
v -42.32923126 495.72198486 -49.75833511
v -15.20180607 499.52398682 -15.6681633
v -14.85646915 499.52398682 -15.9964819
v -14.50512791 499.52398682 -16.31679344
v -14.14577675 499.52398682 -16.62909889
v 462.3833313 -191.34199524 -3.13908529
v 460.34936523 -191.34199524 -43.42728424
v -469.4942627 -150.35301208 86.07772827
v -324.72824097 -191.34205627 329.17327881
v -363.55508423 -150.3530426 309.29391479
v -17.96750069 499.52398682 -12.39998436
v -18.97948456 499.52398682 -10.7874155
v -18.73925018 499.52398682 -11.1988163
v -18.49100876 499.52398682 -11.60521126
v -18.23375893 499.52398682 -12.00559998
v -461.8838501 -150.35298157 -120.40517426
v -435.56918335 -191.34196472 -155.1920166
v -447.43377686 -191.34197998 -116.63851929
v -449.63491821 -150.35296631 -160.2039032
v 1.75771189 -499.52398682 -21.76025581
v 2.23217392 -499.52398682 -21.71621132
v 260.49169922 -368.63900757 215.57870483
v 216.90126038 -396.67700195 213.97213745
v 234.72361755 -396.67700195 194.25296021
v 240.71144104 -368.63900757 237.46098328
v -21.27772331 -499.52398682 4.87065744
v -21.37882233 -499.52398682 4.40520525
v 300.82501221 337.79501343 -213.6968689
v -10.36809826 499.52398682 19.21377754
v -9.9466877 499.52398682 19.43599319
v -351.14801025 21.80994225 355.95532227
v -380.8348999 -21.81005287 323.99526978
v -351.14801025 -21.81005859 355.95532227
v -380.8348999 21.80994797 323.99526978
v 184.66386414 -461.94000244 -50.82552719
v 227.31338501 -443.50601196 -41.67361832
v 188.39047241 -461.94000244 -34.53768158
v 222.81600952 -443.50601196 -61.32774353
v 376.43563843 -108.22005463 311.53207397
v 367.72912598 -150.3530426 304.3270874
v 402.15466309 -108.220047 277.53900146
v 21.47891998 499.52398682 -3.93574834
v 64.2605896 495.72198486 -11.7793808
v 21.0545063 499.52398682 -5.79355574
v 21.17462349 499.52398682 -5.33210659
v 21.28673172 499.52398682 -4.86965656
v 21.38783073 499.52398682 -4.40420389
v 21.00345421 -499.52398682 5.9667244
v 20.86732292 -499.52398682 6.42416906
v -27.13843155 476.85803223 -148.03396606
v -14.13276482 476.85803223 -149.8367157
v -451.7149353 -21.81003571 214.3875885
v -431.31106567 -21.81004143 252.94110107
v -451.7149353 21.80996513 214.3875885
v -93.07765198 337.79492188 357.06549072
v -133.26377869 304.38095093 374.0319519
v -100.15755463 304.38095093 384.22290039
v -123.8436203 337.79492188 347.59524536
v 365.37686157 -230.87405396 252.15730286
v 325.19073486 -268.65002441 269.12380981
v 342.01010132 -230.87405396 283.04138184
v 22.76316833 495.72198486 61.23666382
v 37.74376297 488.14797974 101.54188538
v 17.33988953 495.72198486 62.98737335
v 264.50762939 421.6960144 -48.49311829
v 303.33444214 396.67700195 -28.61477852
v 299.68688965 396.67700195 -54.94239426
v 267.72772217 421.6960144 -25.25550461
v -234.72059631 396.67700195 -194.25296021
v -191.43544006 421.69604492 -188.85467529
v -216.89723206 396.67700195 -213.97213745
v -207.16676331 421.69604492 -171.45074463
v -212.7532196 -65.26293182 -448.28118896
v -170.23179626 -108.21993256 -458.01165771
v -172.87336731 -65.26293182 -465.11755371
v 122.11592865 -461.93997192 -147.55163574
v 105.69694519 -476.85897827 -107.139328
v 95.95645142 -476.85897827 -115.94287872
v 134.51100159 -461.93997192 -136.3477478
v 15.20580959 -499.52398682 15.6681633
v 14.50813007 -499.52398682 16.31579399
v 42.33322906 -495.72302246 49.75733185
v 14.14877987 -499.52398682 16.62809753
v 14.86047363 -499.52398682 15.99548244
v 76.12213898 268.64993286 415.1880188
v 41.6966095 230.87393188 441.97607422
v 80.05996704 230.87393188 436.66088867
v 1.82878113 421.69598389 268.90667725
v -18.57409096 443.50497437 230.35321045
v -21.61505127 421.69598389 268.0428772
v 1.57253158 443.50497437 231.09594727
v 469.50125122 150.35301208 -86.07672882
v 460.34936523 191.34199524 -43.42722702
v 475.21682739 150.35299683 -44.82959366
v 454.81295776 191.3420105 -83.38309479
v -417.72781372 -191.34202576 198.25686646
v -401.05761719 -230.8740387 190.34616089
v 175.79121399 -268.64993286 -383.76242065
v 219.3556366 -230.87394714 -385.96057129
v 208.56913757 -268.64993286 -366.98010254
v 184.8830719 -230.87394714 -403.60971069
v 364.11761475 268.65002441 -213.53071594
v 401.06460571 230.8740387 -190.34416199
v 382.94897461 230.8740387 -224.57545471
v 381.34240723 268.65002441 -180.98304749
v 253.1595459 304.381073 -305.89459229
v 269.12612915 268.65005493 -325.18835449
v -460.20523071 -150.35301208 126.66921234
v 200.92169189 443.50497437 114.18917847
v 157.63752747 461.93997192 108.78992462
v 190.20524597 443.50497437 131.26579285
v 166.5191803 461.93997192 94.63715363
v 46.45023727 488.14797974 97.86630249
v 52.43606949 476.85797119 141.073349
v 64.53285217 476.85797119 135.96635437
v -6.4202528 -499.52398682 20.86521912
v -6.8736949 -499.52398682 20.72007942
v -303.6947937 -337.79595947 -209.59100342
v -260.48770142 -368.63897705 -215.5788269
v -278.28503418 -368.63897705 -192.0539093
v -284.2718811 -337.79595947 -235.26296997
v -89.47914886 65.26308441 -488.07189941
v -90.16582489 21.81008148 -491.81555176
v 86.07983398 150.35292053 469.49783325
v 88.11782074 108.21992493 480.61364746
v -59.39184189 495.72198486 -27.20539093
v -19.84832954 499.52398682 -9.0917654
v -19.64413452 499.52398682 -9.52318478
v -19.43292618 499.52398682 -9.94859886
v -19.21071053 499.52398682 -10.37100983
v 233.79570007 421.69598389 132.87335205
v 264.89099121 396.67697144 150.54454041
v 431.40515137 -65.26303864 245.17854309
v 411.52679443 -21.81004715 284.00735474
v 408.39373779 -65.26304626 281.84524536
v 434.71337891 -21.81004143 247.05938721
v -294.82113647 -396.67700195 -76.85485077
v 126.13284302 -21.80992317 -483.84176636
v 166.54519653 -65.26293182 -467.42382812
v 125.1729126 -65.26293182 -480.15917969
v 167.82145691 -21.80992508 -471.0072937
v -112.01409912 -268.64993286 -406.97299194
v -80.05496979 -230.87393188 -436.66088867
v -498.3894043 -21.80999374 -40.19411469
v -489.23648071 -65.26298523 -82.8436203
v -494.59570312 -65.26299286 -39.8878212
v -492.98916626 -21.80998802 -83.47822571
v 65.12142944 495.72198486 5.25219107
v 106.81002808 488.14801025 18.08667946
v 107.98016357 488.14801025 8.70955372
v 64.41573334 495.72198486 10.90869522
v 214.38981628 21.80992699 451.71853638
v 172.87837219 65.26293182 465.11654663
v 174.20365906 21.80992508 468.68405151
v 212.75721741 65.26293182 448.28118896
v -363.55508423 150.35295105 309.29397583
v -376.95510864 191.34194946 267.78259277
v -389.1289978 150.35295105 276.43099976
v 268.90991211 421.6960144 -1.82570779
v 304.67474365 396.67700195 -2.06894827
v -411.74102783 -150.3530426 241.46391296
v -441.42791748 -108.22003937 209.50482178
v -431.21899414 -150.35302734 204.65910339
v -421.48751831 -108.22003937 247.18049622
v -408.39071655 65.26304626 -281.84524536
v -376.43161011 108.22005463 -311.53207397
v -382.27233887 65.26305389 -316.36682129
v -402.15167236 108.220047 -277.53900146
v -212.7532196 65.26307678 -448.28118896
v 253.31669617 -421.6960144 90.25575256
v 217.69702148 -443.50601196 77.56439972
v 244.48612976 -421.69604492 111.98989868
v 415.19036865 268.6499939 -76.11901855
v 441.97946167 230.87400818 -41.69453049
v 436.66427612 230.87402344 -80.0558548
v 420.24533081 268.6499939 -39.64352417
v 94.18172455 -488.14898682 53.52500153
v 123.86863708 -476.85900879 85.48410034
v 89.15783691 -488.14898682 61.52978897
v 130.84744263 -476.85900879 74.36327362
v -21.62405968 499.52398682 2.99799848
v -21.68412018 499.52398682 2.52553868
v 123.26004791 108.22007751 -472.82302856
v 160.20703125 150.35307312 -449.63546753
v 163.99972534 108.22007751 -460.28182983
v 120.40927124 150.35307312 -461.88839722
v 428.02490234 -230.87399292 -117.80966187
v 415.19036865 -268.6499939 -76.11911011
v 406.97537231 -268.64996338 -112.01602936
v 436.66427612 -230.87399292 -80.05593109
v -98.48491669 488.14801025 -45.11281967
v -282.66531372 304.381073 -278.85327148
v -305.8939209 304.38104248 -253.15625
v 7.60941124 499.52398682 20.46699715
v 7.16097403 499.52398682 20.62815475
v -1.57253158 499.52398682 -21.77610588
v -2.04799461 499.52398682 -21.73606682
v 77.20219421 191.34207153 -455.90054321
v 120.40927124 150.35307312 -461.88839722
v 79.69561768 150.35307312 -470.62387085
v 116.64260864 191.34207153 -447.43832397
v -21.4368782 -499.52398682 -4.11308336
v -21.34178543 -499.52398682 -4.57953739
v 40.19714737 -21.80991936 -498.39395142
v 83.48230743 21.81008148 -492.99368286
v 83.48230743 -21.80992126 -492.99368286
v 40.19714737 21.81008339 -498.39395142
v 304.67373657 -396.67700195 -2.06907773
v 268.04507446 -421.6960144 21.6179657
v 268.90887451 -421.6960144 -1.82584524
v 303.6947937 -396.67700195 24.49276543
v 141.77207947 -476.85900879 50.51306915
v 136.83026123 -476.85900879 62.67590714
v 180.42170715 -461.94000244 64.2824707
v 101.54190063 -488.14898682 -37.7397995
v 104.44471741 -488.14898682 -28.74604988
v -186.66378784 337.79504395 -318.30163574
v -170.24479675 304.381073 -358.71395874
v -200.86161804 304.381073 -342.51217651
v -158.21109009 337.79504395 -333.36032104
v -27.20349503 495.72198486 59.39587021
v -10.78550434 499.52398682 18.98255157
v -32.27743912 495.72198486 56.79834747
v -9.08985329 499.52398682 19.85139847
v -9.52127266 499.52398682 19.64819908
v -492.98916626 21.81001472 -83.47822571
v -483.83724976 -21.80998039 -126.12771606
v -483.83724976 21.81002045 -126.12771606
v -19.91839981 -499.52398682 8.92860603
v -20.2226963 -499.52398682 -8.2160759
v -20.038517 -499.52398682 -8.65550327
v -0.44142994 -495.72302246 -65.32463837
v 8.71048355 -488.1489563 -107.97514343
v 5.25411749 -495.72302246 -65.11443329
v -0.73271364 -488.1489563 -108.32247925
v 3.14306116 191.34191895 462.37994385
v -35.68375397 230.87393188 442.50158691
v -37.16719818 191.34191895 460.89447021
v 3.01793909 230.87393188 443.92895508
v -85.29006958 368.63894653 327.19039917
v -76.85285187 396.67694092 294.82592773
v 21.74017334 499.52398682 -2.04991317
v 21.69012451 499.52398682 -2.52337384
v 90.17182159 21.80992126 491.8135376
v 46.60539246 65.26292419 494.01269531
v 46.96474075 21.80991936 497.80133057
v 89.4851532 65.26292419 488.07089233
v -289.56799316 -21.80993462 -407.62860107
v -289.56799316 21.81006813 -407.62860107
v 105.69794464 476.85803223 -107.14117432
v 114.63465118 476.85803223 -97.52081299
v 76.08110046 488.14801025 -77.11695099
v 37.29431915 -304.381073 395.30859375
v 2.86979508 -268.65005493 422.09768677
v 2.69962931 -304.381073 397.05426025
v 39.64661407 -268.65005493 420.24185181
v -287.00350952 -396.67697144 -102.25955963
v -244.48210144 -421.69598389 -111.98902893
v -253.31169128 -421.6960144 -90.25489044
v -20.62108421 -499.52398682 7.15788317
v -20.77223015 -499.52398682 6.70644379
v 117.80373383 -368.63903809 316.94033813
v 97.92536926 -337.79605103 355.769104
v 89.73239136 -368.63903809 326.00112915
v 128.55921936 -337.79605103 345.88049316
v 470.62738037 -150.35301208 79.69251251
v 461.89086914 -150.35301208 120.40612793
v 356.22491455 191.34194946 294.80685425
v 316.03979492 230.8739624 311.77236938
v 329.17562866 191.3419342 324.73199463
v 342.01010132 230.8739624 283.04144287
v -16.19277191 -499.52398682 -14.63832378
v -15.86945534 -499.52398682 -14.98866463
v 135.96842957 476.85800171 -64.52870941
v 97.86831665 488.14801025 -46.44611359
v 244.45610046 -268.65005493 344.11779785
v 200.86564636 -304.381073 342.51116943
v 229.95295715 -304.381073 323.70089722
v 213.5349884 -268.65005493 364.11328125
v -45.87567902 -495.72302246 46.50616837
v -15.66425705 -499.52398682 15.20371246
v -15.32892895 -499.52398682 15.54204178
v -16.62519264 -499.52398682 14.14668369
v 471.01074219 -21.81002808 167.81929016
v 454.59274292 21.80996704 208.23161316
v 454.59274292 -21.8100338 208.23161316
v 54.94551468 396.67694092 299.68463135
v 25.25860023 421.69598389 267.72457886
v 28.61787224 396.67694092 303.33218384
v 48.49623108 421.69598389 264.50543213
v -50.82349777 461.94003296 -184.66261292
v -34.53663635 461.94003296 -188.39022827
v -39.93689728 476.85803223 -145.10510254
v 300.49765015 268.64993286 296.44146729
v 257.29055786 -304.381073 302.42822266
v 273.51739502 -268.65005493 321.5027771
v -13.54719448 499.52398682 17.12073898
v -13.17082787 499.52398682 17.41202354
v -384.21920776 304.38104248 -100.15940094
v 156.14508057 461.94003296 -110.91984558
v 199.35316467 443.50500488 -116.90666962
v 188.40550232 443.50500488 -133.83615112
v 165.21891785 461.94003296 -96.88819885
v 283.04568481 230.87405396 -342.00674438
v 316.94470215 -368.63897705 -117.79967499
v 345.88290405 -337.79595947 -128.55615234
v 21.44488525 499.52398682 4.11508512
v 21.52996826 499.52398682 3.64562869
v 133.83834839 -443.50604248 188.40023804
v 136.03749084 -421.69604492 231.96662903
v 116.90886688 -443.50604248 199.34790039
v 155.73667908 -421.69604492 219.22723389
v 63.21957016 495.72198486 16.48011589
v 20.57003403 499.52398682 7.32921267
v 61.54293823 495.72198486 21.92741394
v 21.1305809 499.52398682 5.50844145
v 21.00445747 499.52398682 5.96788836
v 20.870327 499.52398682 6.42533302
v 20.72518539 499.52398682 6.87777328
v 69.0692749 488.14801025 -83.45412445
v 45.88268661 495.72198486 -46.50616837
v 41.65557098 495.72198486 -50.32888794
v -39.64160919 268.65005493 -420.24185181
v -2.69362354 304.381073 -397.05426025
v -2.8647902 268.65005493 -422.09768677
v -37.29031754 304.381073 -395.30957031
v -259.26852417 421.6960144 71.36351013
v -299.67987061 396.67700195 54.94452667
v -293.75109863 396.67700195 80.85473633
v -264.50158691 421.6960144 48.49425507
v 148.03718567 476.85800171 -27.139328
v 188.39347839 461.94000244 -34.53852844
v -190.90493774 -461.94000244 -15.39605618
v -191.52052307 -461.94000244 1.30219185
v 38.58657837 443.50500488 -227.85662842
v 67.83707428 421.69604492 -260.21615601
v 44.89872742 421.69604492 -265.13790894
v 58.29878235 443.50500488 -223.62750244
v -415.18338013 268.6499939 76.12010956
v -395.30401611 304.38101196 37.2923317
v -420.23828125 268.6499939 39.6446228
v -390.55038452 304.38101196 71.60372162
v -113.48152161 368.63894653 318.51196289
v -126.88156891 396.67694092 277.00061035
v -140.81013489 368.63894653 307.40917969
v -102.2565918 396.67694092 287.00531006
v 367.72912598 150.35295105 304.32714844
v 392.85464478 150.35295105 271.11984253
v 282.66931152 304.38095093 278.85339355
v 445.81619263 -191.34197998 -122.70541382
v 469.50125122 -150.35298157 -86.07577515
v 454.81295776 -191.34197998 -83.38315582
v 460.21322632 -150.35298157 -126.66827393
v -21.12457466 499.52398682 -5.50627613
v -21.00045395 499.52398682 -5.9667244
v -145.87808228 461.93997192 124.10682678
v -156.13905334 461.93997192 110.92099762
v 361.91851807 -230.8739624 -257.09619141
v 382.94897461 -230.87397766 -224.57554626
v 239.76051331 268.65005493 -347.40600586
v 225.53565979 304.381073 -326.79489136
v 458.0140686 -108.2199707 -170.23365784
v 471.10784912 -108.21997833 -129.66818237
v 467.42526245 -65.26303101 166.54203796
v 483.84524536 -21.81002045 126.12973022
v 407.63101196 21.81004715 -289.56976318
v 428.03488159 65.26303864 -251.01521301
v 431.31811523 21.81004143 -252.94012451
v 404.52896118 65.26304626 -287.36560059
v -157.63252258 461.94003296 -108.78877258
v -178.03640747 443.50500488 -147.34230042
v -190.20124817 443.50500488 -131.26464844
v -147.55169678 461.94003296 -122.11274719
v -252.93934631 21.81007195 -431.31466675
v -252.93934631 -21.8099308 -431.31466675
v 207.17077637 421.69598389 171.45089722
v 221.32655334 421.69598389 152.74369812
v 178.04139709 443.50497437 147.34344482
v -278.84960938 -304.381073 282.66699219
v -321.50012207 -268.65002441 273.5151062
v -296.43771362 -268.65005493 300.49536133
v 395.78146362 -304.38101196 31.92000771
v 416.18634033 -268.6499939 70.47351837
v 391.49328613 -304.38101196 66.29244995
v 420.74478149 -268.6499939 33.93297195
v 98.48792267 -488.14898682 45.11381531
v -153.66767883 337.79492188 335.47747803
v -250.75721741 -396.67697144 -173.05743408
v -234.71960449 -396.67697144 -194.25306702
v 37.83684921 495.72198486 53.25990677
v 54.80237579 488.14797974 93.44499969
v 62.73810577 488.14801025 88.31401062
v 33.05118942 495.72198486 56.35491562
v 173.03251648 -461.94000244 -82.11997223
v 141.07440186 -476.85900879 -52.43209457
v 135.96743774 -476.85900879 -64.52786255
v 179.53186035 -461.94000244 -66.72599792
v -481.76220703 -108.21998596 -81.57738495
v -480.15466309 -65.2629776 -125.1678009
v -472.81848145 -108.21997833 -123.25493622
v -117.79872894 -368.63894653 -316.94046021
v -80.85174561 -396.67694092 -293.75390625
v -106.14537811 -396.67694092 -285.58895874
v -89.72638702 -368.63894653 -326.00222778
v 352.18902588 -191.34194946 -299.61755371
v 376.96212769 -191.34194946 -267.78259277
v 363.56207275 -150.35295105 -309.29296875
v -171.44798279 421.69598389 207.16864014
v -152.73976135 421.69598389 221.32443237
v -147.3394928 443.50497437 178.03929138
v -11.19690514 499.52398682 18.74331856
v -230.07507324 443.50497437 21.70619392
v -231.09207153 443.50497437 1.57060027
v 13.41106224 499.52398682 17.23184776
v 13.03269386 499.52398682 17.5211277
v -36.35440826 -488.14901733 102.04220581
v -27.20249367 -495.72302246 59.39270782
v -21.92235184 -495.72302246 61.53779602
v -45.10993576 -488.14901733 98.48474121
v -176.44586182 396.67700195 -248.38562012
v -171.04560852 368.63903809 -291.66973877
v -195.8157196 368.63903809 -275.65216064
v -154.12611389 396.67700195 -262.81866455
v -13.9175539 499.52398682 16.82144928
v -45.87668228 495.72198486 46.50833511
v -41.64956665 495.72198486 50.33005142
v -14.28090858 499.52398682 16.51414871
v -14.63725567 499.52398682 16.198843
v -14.98859882 499.52398682 15.87552929
v -15.33093166 499.52398682 15.54420567
v 147.34552002 -443.50598145 -178.03630066
v 162.30107117 -443.50598145 -164.51715088
v -65.32262421 -495.72302246 0.4433507
v -21.82625771 -499.52398682 -0.32739985
v -21.82725906 -499.52398682 0.14906372
v -21.79022408 -499.52398682 -1.27932608
v -65.11241913 -495.72302246 -5.25118971
v -21.75819206 -499.52398682 -1.75378764
v -21.81324577 -499.52398682 -0.80386347
v -97.92036438 337.79504395 -355.769104
v -60.97238541 368.63903809 -332.58151245
v -66.54080963 337.79504395 -362.95007324
v -89.72738647 368.63903809 -326.00213623
v 408.45983887 -268.65002441 106.47855377
v 418.19030762 -230.8740387 148.99992371
v 397.62524414 -268.65002441 141.67181396
v -441.97348022 -230.87400818 41.69453049
v -420.23727417 -268.6499939 39.64453125
v -41.69160461 -230.87393188 -441.9770813
v 323.70529175 304.38104248 -229.94969177
v -12.09578037 -476.85903931 150.01287842
v -15.39299202 -461.94003296 190.90869141
v 17.99152184 461.93997192 190.68360901
v 21.70814133 443.50497437 230.0799408
v 1.30326927 461.93997192 191.52642822
v 148.39053345 -476.85900879 25.12737083
v 104.82509613 -488.14898682 27.32550812
v 106.80802155 -488.14898682 18.08551788
v 145.63484192 -476.85900879 37.96486282
v -233.79071045 -421.69598389 -132.87135315
v -200.91567993 -443.50598145 -114.18717957
v 250.76222229 -396.67700195 173.05731201
v 278.29006958 -368.63900757 192.05581665
v -204.65731812 150.35307312 -431.2225647
v -209.5030365 108.22007751 -441.43148804
v -166.29396057 150.35307312 -447.41928101
v 242.94361877 421.69604492 -115.29911041
v 252.06851196 421.69604492 -93.68708801
v 496.19827271 65.26300049 -3.36926746
v 498.39642334 21.80999374 40.19511032
v 500.0039978 21.81000137 -3.39530015
v 494.60372925 65.26299286 39.88982391
v -2.52145576 499.52398682 -21.68601799
v 6.13797808 -495.72302246 65.03919983
v 0.7387194 -488.14901733 108.32331085
v 0.4464348 -495.72302246 65.3254776
v 10.17691231 -488.14901733 107.84684753
v -428.0178833 230.87399292 117.81066895
v -436.6572876 230.87399292 80.05793762
v -18.23075676 -499.52398682 -12.00376034
v -17.96449471 -499.52398682 -12.40014648
v 194.25720215 396.67700195 -234.72131348
v 188.85694885 421.69604492 -191.43618774
v 171.45397949 421.69604492 -207.16848755
v -215.57495117 -368.63900757 260.4894104
v -235.25912476 -337.79605103 284.27352905
v -471.00772095 21.81002808 -167.81929016
v -454.58776855 -21.80996704 -208.23161316
v -471.00772095 -21.80997276 -167.81929016
v -454.58776855 21.8100338 -208.23161316
v 488.07336426 65.26301575 -89.48206329
v 486.46780396 108.22000885 -45.89063263
v 494.01617432 65.26300812 -46.60233307
v 480.61709595 108.22001648 -88.11471558
v -347.40533447 268.65002441 -239.75723267
v -325.18771362 268.65002441 -269.12380981
v -326.79431152 304.38104248 -225.53237915
v -287.36486816 -65.26293945 -404.52658081
v -321.52816772 -65.26294708 -377.94073486
v 20.29576683 -499.52398682 -8.04991341
v 20.1145916 -499.52398682 -8.49034214
v -16.92948914 -499.52398682 13.7803278
v -449.63491821 150.35302734 -160.20384216
v -420.38442993 191.34202576 -192.56333923
v -433.96166992 150.35302734 -198.78338623
v -435.56918335 191.34202576 -155.19195557
v -165.35505676 -304.381073 360.99316406
v -153.66767883 -337.79605103 335.47735596
v -196.18907166 -304.381073 345.20681763
v -398.85848999 191.34194946 233.90962219
v -411.74102783 150.35295105 241.463974
v 28.75 -488.14901733 104.4425354
v 27.14243507 -476.85903931 148.03295898
v 19.53702736 -488.14901733 106.54959106
v 39.94090271 -476.85903931 145.10411072
v -269.12008667 -268.65005493 325.18835449
v -253.15254211 -304.381073 305.89459229
v 204.66134644 -150.35307312 431.22155762
v 198.25907898 -191.34207153 417.73141479
v 241.46617126 -150.35307312 411.74362183
v 219.09938049 368.63897705 257.53665161
v 239.10488892 337.79492188 281.05252075
v -3.13805628 -191.34191895 -462.37994385
v 35.69076157 -230.87393188 -442.50259399
v -3.01193357 -230.87393188 -443.927948
v 37.17320633 -191.34191895 -460.89447021
v 87.1608963 -476.85903931 122.69430542
v 96.89136505 -461.94003296 165.2146759
v 110.92202759 -461.94003296 156.14085388
v -18.33085251 499.52398682 11.85661697
v -18.58510017 499.52398682 11.45422649
v -3.39330482 21.81008339 -500.00054932
v -3.39330482 -21.80991936 -500.00054932
v 39.28126144 -108.21992493 -487.04290771
v 82.8476944 -65.26292419 -489.24203491
v 81.58045197 -108.21992493 -481.76577759
v 39.89184952 -65.26292419 -494.60025024
v -37.73775482 -488.1489563 -101.53887177
v -22.757164 -495.72302246 -61.23265839
v -44.82765961 150.35307312 -475.21435547
v -3.31622982 108.22008514 -488.6133728
v -45.88869095 108.22008514 -486.46530151
v -3.23915482 150.35307312 -477.31335449
v 126.88757324 396.67703247 -277.00048828
v 150.54663086 396.67700195 -264.88766479
v 11.85854912 499.52398682 18.33492088
v 12.25593662 499.52398682 18.07266617
v 64.28560638 -461.93997192 -180.41862488
v 79.76568604 -461.93997192 -174.12850952
v -93.68524933 -421.69598389 -252.0643158
v -71.35949707 -421.69598389 -259.27035522
v 215.58094788 368.63900757 -260.48840332
v -17.69223022 499.52398682 -12.78936291
v -17.40895653 499.52398682 -13.17273521
v -17.11767197 499.52398682 -13.54910183
v 64.28560638 461.94003296 -180.41947937
v 96.24573517 443.50500488 -210.10635376
v 79.76669312 461.94003296 -174.13035583
v 56.45498657 -368.63894653 -333.37942505
v 76.8588562 -396.67694092 -294.82492065
v 50.87054443 -396.67694092 -300.40136719
v 85.29607391 -368.63894653 -327.19039917
v 45.89369583 -108.22008514 486.46429443
v 3.2441597 -150.35307312 477.31237793
v 44.83266449 -150.35307312 475.21334839
v 3.32223558 -108.22008514 488.61239624
v -320.8074646 -337.79595947 -182.32545471
v -335.47671509 -337.79595947 -153.670578
v 287.36886597 -65.26306915 404.52560425
v 247.18374634 -108.22006989 421.49206543
v 282.9786377 -108.22006989 398.34454346
v 251.01846313 -65.26306915 428.03143311
v 291.67407227 368.63900757 -171.04637146
v 318.30502319 337.79501343 -186.66456604
v -200.86161804 -304.38095093 -342.51229858
v -158.21109009 -337.79592896 -333.36044312
v -186.66378784 -337.79592896 -318.30175781
v -170.24479675 -304.38095093 -358.71508789
v 209.59413147 337.79504395 -303.69641113
v 235.26513672 337.79504395 -284.27352905
v 192.05805969 368.63903809 -278.28671265
v 482.08752441 -21.80997849 -132.68910217
v 491.8170166 21.81001472 -90.16773224
v 5.25411749 495.72198486 -65.11727905
v 8.71148396 488.14804077 -107.97598267
v -15.39399242 461.93997192 190.91082764
v -25.12347031 476.85797119 148.38946533
v -31.97414017 461.93997192 188.84281921
v -12.09578037 476.85797119 150.01502991
v 433.42410278 191.34202576 -161.09371948
v 48.31705475 461.94003296 -185.33625793
v -145.62982178 -476.85900879 -37.9630127
v -108.78494263 -461.94003296 157.63330078
v 190.91293335 461.94000244 15.39805698
v 227.8609314 443.50497437 38.58461761
v 230.35635376 443.50497437 18.5781498
v 188.84492493 461.94000244 31.97818947
v -10.78450298 -499.52398682 18.98038483
v -11.19590378 -499.52398682 18.74115372
v -311.76864624 -230.87405396 316.03646851
v 106.55477905 488.14801025 -19.53492928
v 149.83894348 476.85800171 -14.13467503
v 107.85204315 488.14801025 -10.17281914
v -19.51100349 -499.52398682 9.78844261
v -18.97748375 -499.52398682 -10.78657627
v -18.73724937 -499.52398682 -11.19797707
v -281.04873657 337.79495239 239.10270691
v -498.3894043 21.810009 -40.19410706
v 65.04335022 495.72198486 -6.13488865
v -443.92437744 230.87400818 3.01697326
v -462.37634277 191.34199524 3.14108729
v -442.49899292 230.87400818 -35.6856842
v -213.96839905 -396.67700195 216.89898682
v -204.81648254 -421.69604492 174.24847412
v -188.85092163 -421.69604492 191.43618774
v -3.93383169 -499.52398682 -21.47297478
v -3.4643743 -499.52398682 -21.5530529
v -110.91702271 -461.93997192 -156.14099121
v -76.13014984 -476.85897827 -129.8223877
v -87.15588379 -476.85897827 -122.69245911
v -96.88636017 -461.93997192 -165.21382141
v 145.63684082 476.85800171 37.96501923
v 148.39152527 476.85800171 25.12752914
v 104.82809448 488.14801025 27.32666969
v -37.83184814 495.72198486 -53.25773621
v -54.79737091 488.14804077 -93.44384003
v -62.73309708 488.14801025 -88.31184387
v -33.04618454 495.72198486 -56.35274887
v 77.12010956 488.14801025 76.07810211
v 97.52498627 476.85797119 114.63260651
v 107.14334869 476.85797119 105.69591522
v 70.19736481 488.14801025 82.51036072
v 93.08365631 -337.79592896 -357.06646729
v 61.60900497 -337.79592896 -363.81906128
v -190.19923401 -443.50598145 -131.26478577
v -207.16676331 -421.69598389 -171.4499054
v -178.03540039 -443.50598145 -147.34144592
v -221.32055664 -421.69598389 -152.74168396
v -37.96097183 476.85797119 145.63476562
v -36.35541153 488.14797974 102.04436493
v -50.51019287 476.85797119 141.77201843
v -27.32261086 488.14797974 104.82507324
v -300.49365234 268.65005493 -296.44140625
v -213.69612122 337.79504395 -300.82162476
v -2.29423451 368.63903809 -338.11791992
v -2.50343823 337.79504395 -368.9909668
v 281.84851074 -65.26293945 -408.39135742
v 318.79547119 -21.80993652 -385.20480347
v 316.36911011 -65.26294708 -382.27294922
v 284.00961304 -21.80993462 -411.52340698
v -48.49123001 421.69604492 -264.50430298
v -28.61286736 396.67703247 -303.33108521
v -54.9405098 396.67703247 -299.68353271
v -25.25359535 421.69604492 -267.72445679
v -475.20983887 150.35299683 44.83064651
v -488.60888672 108.22000122 3.31924748
v -486.46081543 108.21999359 45.89167023
v -477.30889893 150.35299683 3.24318004
v 382.27529907 -65.26305389 316.36682129
v 356.22491455 -191.34204102 294.80679321
v 339.80596924 -150.35305786 335.21911621
v 329.17562866 -191.34205627 324.73193359
v 347.85177612 108.21994019 343.15588379
v 309.29626465 150.35293579 363.55877686
v 316.61935425 108.21994019 372.16717529
v 339.80596924 150.35293579 335.21917725
v -309.29324341 -150.35293579 -363.55978394
v -267.78179932 -191.3419342 -376.95779419
v -299.61682129 -191.3419342 -352.18469238
v -276.4302063 -150.35293579 -389.13265991
v 185.33950806 461.94000244 48.31508636
v 217.69802856 443.50497437 77.56554413
v 223.6308136 443.50497437 58.29579544
v 180.42373657 461.94000244 64.28362274
v -342.006073 -230.8739624 -283.04144287
v -329.17160034 -191.3419342 -324.73199463
v -316.03479004 -230.8739624 -311.77236938
v -356.22091675 -191.34194946 -294.80685425
v -174.24671936 421.69604492 -204.82022095
v -197.42327881 396.67700195 -232.06173706
v -155.73268127 421.69604492 -219.22824097
v 12.64731789 499.52398682 17.80039978
v -208.56314087 -268.65005493 366.98101807
v -239.75349426 -268.65005493 347.40600586
v -219.34963989 -230.87405396 385.96151733
v -19.71920586 -499.52398682 9.36102772
v -20.91336823 -499.52398682 6.25200176
v -21.04449654 -499.52398682 5.79355574
v -20.45992661 -499.52398682 7.60631895
v -66.53980255 -337.79592896 -362.95019531
v -60.97238541 -368.63894653 -332.58163452
v -59.38983917 -495.72302246 -27.2045517
v -19.64213181 -499.52398682 -9.52134514
v -19.84532928 -499.52398682 -9.09092617
v -19.20770645 -499.52398682 -10.37017059
v -56.79231262 -495.72302246 -32.27748871
v -19.42992401 -499.52398682 -9.94775963
v 20.40487289 499.52398682 7.77564716
v -382.82385254 -304.38104248 105.37047577
v -390.55038452 -304.38101196 71.60361481
v -126.66736603 150.35307312 -460.21075439
v 15.67026234 -499.52398682 -15.20287323
v 15.99758148 -499.52398682 -14.85653591
v -162.29507446 -443.50604248 164.51800537
v 20.04452324 -499.52398682 8.65734291
v 61.53993607 -495.72302246 21.92525101
v 20.40287018 -499.52398682 7.77448273
v 20.56803131 -499.52398682 7.32704782
v 20.22870064 -499.52398682 8.21791458
v 141.77407837 476.85800171 50.51422882
v 98.48992157 488.14801025 45.11397171
v 136.83226013 476.85800171 62.67705536
v 102.0473938 488.14801025 36.35945892
v 38.37437439 -150.35292053 -475.77993774
v 230.08207703 443.50497437 -21.70404625
v 191.52853394 461.94000244 -1.30018997
v 231.0980835 443.50497437 -1.56945479
v 190.6867218 461.94000244 -17.98742676
v -133.83332825 -443.50598145 -188.40039062
v -117.79872894 368.63903809 -316.9413147
v -144.97419739 368.63903809 -305.46817017
v -441.97348022 230.87400818 41.69460297
v -422.09411621 268.6499939 2.86783385
v 355.95767212 -21.81005859 351.15164185
v 323.99755859 -21.81006241 380.83956909
v 3.1780951 499.52398682 -21.60093498
v 2.70563531 499.52398682 -21.6649971
v 14.1377697 -476.85903931 149.8347168
v 1.02499831 -476.85903931 150.49636841
v 460.28430176 -108.22003174 163.99754333
v 449.63891602 -150.35302734 160.2048645
v 154.13111877 -396.67700195 262.81768799
v 144.97821045 -368.63903809 305.46817017
v 130.63722229 -396.67703247 275.2517395
v 171.04959106 -368.63903809 291.66973877
v 77.11911011 -488.14898682 76.07694244
v 70.19536591 -488.14898682 82.5082016
v 42.33423233 495.72198486 49.75949478
v -385.20419312 21.81005287 -318.79318237
v -385.20419312 -21.80994797 -318.79318237
v -398.3409729 108.21995544 282.97634888
v -52.43106461 476.85803223 -141.07220459
v -66.72598267 461.94003296 -179.53060913
v 338.12030029 368.63897705 -2.29517317
v 303.6947937 396.67700195 24.49289513
v 337.03424072 368.63897705 27.18150711
v -395.65731812 -268.65002441 147.06004333
v -381.3343811 -268.65002441 180.98506165
v -416.12127686 -230.8740387 154.66644287
v -46.60038757 65.26308441 -494.01269531
v -3.36727977 65.26308441 -496.19482422
v -227.85191345 -443.50601196 -38.58261108
v -123.86363983 -476.85900879 -85.48425293
v -83.45027924 -488.14898682 -69.06428528
v -89.1528244 -488.14898682 -61.52794647
v -115.94191742 -476.85897827 -95.95343781
v -13.9165535 -499.52398682 16.81928253
v -14.27890682 -499.52398682 16.51098442
v -38.58057785 -443.50604248 227.85562134
v -58.2927742 -443.50604248 223.62550354
v 122.69750214 476.85800171 -87.15872192
v 93.44700623 488.14801025 -54.79924011
v 129.82745361 476.85800171 -76.13299561
v 12.00969601 499.52398682 -18.23566055
v 11.60930729 499.52398682 -18.49291039
v 212.75721741 -65.26307678 448.28118896
v 170.23681641 -108.22007751 458.01062012
v 209.50704956 -108.22007751 441.43148804
v 172.87837219 -65.26307678 465.11654663
v 223.62878418 -443.50601196 58.29565048
v 185.33750916 -461.94000244 48.31393433
v 18.23676109 -499.52398682 12.00559998
v 53.76936722 -495.72302246 37.10602188
v 18.49401093 -499.52398682 11.60521126
v -468.68048096 -21.81002808 174.20150757
v -468.68048096 21.80997276 174.20150757
v -88.11281586 108.22008514 -480.61358643
v 122.1169281 461.94003296 -147.55250549
v 147.34651184 443.50500488 -178.03814697
v -15.20080376 -499.52398682 -15.66632652
v -14.8554678 -499.52398682 -15.99464417
v -465.11297607 65.26296997 172.87522888
v -482.07949829 21.80997849 132.69010925
v -478.41094971 65.2629776 131.68013
v 219.3556366 230.87405396 -385.96051025
v 252.15959167 230.87405396 -365.37350464
v 208.56913757 268.65005493 -366.98101807
v 8.0538435 499.52398682 20.29582977
v -227.85392761 443.50497437 -38.58246994
v -185.33248901 461.94000244 -48.31293488
v -223.62379456 443.50497437 -58.29364777
v -188.83892822 461.94000244 -31.97603989
v -190.90594482 461.94000244 -15.39590454
v -148.38652039 476.85800171 -25.12537003
v -150.01210022 476.85800171 -12.0976944
v -37.10413742 495.72198486 53.76839828
v -11.60330009 499.52398682 18.49407768
v -12.00369072 499.52398682 18.23682594
v -12.39807415 499.52398682 17.9705658
v -480.6100769 -108.22001648 88.11572266
v -486.46081543 -108.22000885 45.89163208
v 147.06323242 268.64993286 395.66104126
v 117.81274414 230.87393188 428.02148438
v 154.66862488 230.87393188 416.12490845
v 112.01909637 268.64993286 406.97299194
v 374.03427124 -304.38104248 133.2676239
v 384.22622681 -304.38104248 100.16139984
v -347.84680176 108.22006226 -343.15582275
v -213.529953 -268.64993286 -364.11431885
v -275.24807739 396.67697144 130.63616943
v -316.93768311 368.63897705 117.80168152
v -305.46450806 368.63897705 144.97610474
v -285.58712769 396.67697144 106.1493454
v 190.68470764 -461.94000244 -17.98757553
v 230.08108521 -443.50601196 -21.70419121
v -198.25509644 191.34207153 -417.73141479
v -161.09188843 191.34207153 -433.42166138
v -113.48152161 -368.63903809 318.51184082
v -85.29006958 -368.63903809 327.1902771
v 262.82196045 396.67700195 -154.12690735
v 131.68225098 -65.26307678 478.41448975
v 88.11782074 -108.22008514 480.61358643
v 129.67028809 -108.22007751 471.1043396
v 89.4851532 -65.26308441 488.07089233
v -382.94195557 230.87397766 224.57554626
v -361.91244507 230.8739624 257.09719849
v 481.76919556 108.21998596 81.57939148
v 154.66862488 -230.87406921 416.12484741
v 190.34838867 -230.87405396 401.06121826
v 161.09689331 -191.34207153 433.42068481
v 15.87746334 499.52398682 14.99166679
v 15.54514122 499.52398682 15.33500195
v -107.97315979 488.14801025 -8.70739269
v -106.80402374 488.14801025 -18.08451653
v 111.99207306 -421.69598389 -244.48295593
v 114.19121552 -443.50598145 -200.91856384
v 96.24473572 -443.50598145 -210.10551453
v 132.87442017 -421.69598389 -233.79255676
v -299.61682129 191.34205627 -352.18463135
v -276.4302063 150.35305786 -389.13259888
v -309.29324341 150.35305786 -363.5597229
v -267.78179932 191.34205627 -376.95773315
v 2.05400062 -499.52398682 21.73506737
v -160.20103455 150.35292053 449.63552856
v -155.19013977 191.34191895 435.56884766
v -391.48629761 -304.38101196 -66.29055023
v 147.55471802 -461.94003296 122.11274719
v 164.52023315 -443.50604248 162.29884338
v 136.34979248 -461.94003296 134.5078125
v 178.04040527 -443.50604248 147.34230042
v -355.76446533 337.79495239 97.92333221
v -362.94549561 337.79498291 66.54379272
v 191.52752686 -461.94000244 -1.30034041
v 230.35435486 -443.50601196 18.57800484
v 190.91093445 -461.94000244 15.3969059
v 231.09709167 -443.50601196 -1.56859851
v 451.13238525 65.26296234 206.64707947
v 219.23051453 421.69604492 -155.73344421
v 231.96994019 421.69604492 -136.03430176
v -460.28030396 -108.2199707 -163.99757385
v -451.12936401 -65.26296234 -206.64607239
v -444.23666382 -108.2199707 -203.48899841
v -467.42221069 -65.26296997 -166.54107666
v -318.78848267 -21.81006432 385.20581055
v -316.36212158 -65.26306152 382.27194214
v -284.00357056 -21.81006813 411.52340698
v -353.24404907 -65.26294708 -348.48007202
v 327.19265747 -368.63897705 85.29293823
v 347.5975647 -337.79602051 123.84745789
v 357.06774902 -337.79602051 93.08152008
v -392.84960938 150.3530426 -271.11978149
v -356.22091675 191.34204102 -294.80679321
v -367.72613525 150.3530426 -304.3270874
v -380.55966187 191.34204102 -262.6385498
v 10.79050922 499.52398682 -18.98138618
v 10.37410355 499.52398682 -19.21261024
v -365.37283325 -230.8739624 -252.15736389
v -325.18670654 -268.64996338 -269.12387085
v -347.40533447 -268.64996338 -239.75631714
v -259.13937378 -337.79602051 262.68753052
v 216.9022522 396.67697144 213.97225952
v 191.44046021 421.69598389 188.85482788
v -18.58309937 -499.52398682 11.45306301
v -56.34788132 -495.72302246 33.04807281
v -18.82833862 -499.52398682 11.04366493
v -18.06559372 -499.52398682 12.25183964
v -17.7943306 -499.52398682 12.6432209
v -18.3288517 -499.52398682 11.85445309
v -97.51898193 476.85803223 -114.63046265
v -110.91802216 461.94003296 -156.14186096
v -124.10487366 461.94003296 -145.87986755
v -87.15688324 476.85803223 -122.69430542
v -471.10083008 108.21997833 129.66818237
v -469.4942627 150.35298157 86.07777405
v -480.6100769 108.21998596 88.11575317
v -460.20623779 150.35298157 126.66927338
v -316.93768311 -368.63900757 117.80155945
v -355.76446533 -337.79602051 97.92222595
v -325.99850464 -368.63897705 89.7302475
v -345.87585449 -337.79602051 128.55702209
v -188.39749146 -443.50604248 133.83615112
v -176.01641846 -443.50604248 149.74662781
v -219.22351074 -421.69604492 155.73445129
v -242.93659973 -421.69604492 115.30011749
v -231.96292114 -421.69604492 136.03529358
v -97.51798248 -476.85897827 -114.62960815
v -124.10387421 -461.93997192 -145.87901306
v 196.19508362 304.381073 -345.20681763
v 165.36204529 304.381073 -360.99420166
v -407.62399292 -21.81004715 289.57073975
v -227.30737305 -443.50601196 41.67547989
v -267.72073364 -421.6960144 25.25650597
v -230.07408142 -443.50601196 21.7050457
v -264.50061035 -421.6960144 48.49411774
v -136.82725525 476.85800171 -62.67690659
v -166.51417542 461.94003296 -94.63600922
v -174.1295929 461.94000244 -79.7625351
v -15.66625977 499.52398682 15.20587635
v -15.99457645 499.52398682 14.86053944
v 445.81619263 191.3420105 -122.70535278
v -282.66531372 -304.38095093 -278.85339355
v -262.68585205 -337.79595947 -259.14318848
v 122.69649506 -476.85900879 -87.15787506
v 114.63264465 -476.85897827 -97.51895905
v -130.63221741 -396.67694092 -275.25085449
v -154.12510681 -396.67697144 -262.81781006
v 307.41238403 368.63897705 140.81408691
v -97.86030579 -488.14898682 46.44611359
v -59.01347733 -495.72302246 28.0101738
v -93.43899536 -488.14898682 54.79924011
v 300.49765015 -268.65005493 296.44140625
v 282.66931152 -304.381073 278.85327148
v 107.85003662 -488.14898682 -10.17297745
v 150.49958801 -476.85900879 -1.02107096
v 108.32650757 -488.14898682 -0.73479438
v 149.83692932 -476.85900879 -14.13482952
v -12.64131165 499.52398682 -17.79823494
v -13.77942085 499.52398682 -16.93339539
v -13.40605736 499.52398682 -17.23068428
v -13.02668762 499.52398682 -17.51896286
v 115.94692993 -476.85903931 95.9542923
v 83.45627594 -488.14898682 69.06511688
v 1.57253158 -443.50604248 231.09378052
v 1.30427039 -461.94003296 191.52328491
v -18.57509232 -443.50604248 230.35206604
v -358.71038818 304.38098145 170.24771118
v -28.74399567 -488.1489563 -104.4417038
v -17.33288193 -495.72302246 -62.98336411
v 321.50613403 -268.64996338 -273.51416016
v 302.43154907 -304.38098145 -257.28741455
v 37.17320633 191.34207153 -460.89440918
v 35.69076157 230.87406921 -442.50253296
v -277.53530884 108.21994019 402.15234375
v -382.27233887 -65.26295471 -316.36682129
v -6.2490859 -499.52398682 -20.91643333
v -5.79063988 -499.52398682 -21.04756165
v 3.93983722 -499.52398682 21.47281265
v 3.47038007 -499.52398682 21.55388832
v -80.05496979 230.87406921 -436.66082764
v -83.38220978 191.34207153 -454.81048584
v -18.83134079 499.52398682 11.04682922
v -136.82626343 -476.85900879 -62.67506027
v -141.76707458 -476.85900879 -50.5122261
v 360.99658203 304.38098145 165.35992432
v 366.98339844 268.64996338 208.565979
v 383.76577759 268.64996338 175.78907776
v 345.2102356 304.38098145 196.19294739
v 19.72721291 499.52398682 -9.36102772
v 59.02248764 495.72198486 -28.0101738
v 19.92740822 499.52398682 -8.92860603
v 20.11759377 499.52398682 -8.49118042
v 20.29776764 499.52398682 -8.05075169
v 20.46793365 499.52398682 -7.60631895
v 138.33773804 -304.381073 372.18707275
v 112.01810455 -268.65005493 406.97293091
v 105.37261963 -304.381073 382.8274231
v 147.06323242 -268.65005493 395.66098022
v 13.78442574 499.52398682 16.93556023
v 420.38842773 -191.34202576 192.56433105
v 385.96389771 -230.8740387 219.3533783
v 403.61309814 -230.8740387 184.87884521
v 148.03617859 -476.85900879 -27.13948441
v 176.45085144 396.67697144 248.38673401
v 31.98014641 461.94003296 -188.8416748
v 15.39899826 461.94003296 -190.91067505
v 145.10632324 -476.85900879 -39.93793488
v -176.44483948 -396.67697144 -248.38475037
v -171.04560852 -368.63894653 -291.66986084
v 431.31811523 -21.80995941 -252.94012451
v 407.63101196 -21.80995369 -289.56976318
v 2.05400062 499.52398682 21.73823357
v 2.52646041 499.52398682 21.68818283
v -487.03936768 -108.21999359 -39.27823639
v 76.8588562 396.67703247 -294.82479858
v -38.36836624 150.35292053 475.77893066
v -77.1951828 191.34191895 455.90060425
v -79.68861389 150.35292053 470.62393188
v 174.1335907 461.94000244 79.76368713
v 130.84944153 476.85800171 74.36442566
v -125.16590881 -65.26307678 480.15917969
v -167.81542969 -21.81007767 471.0072937
v -166.53819275 -65.26307678 467.42178345
v -126.12583923 -21.81007957 483.84176636
v -287.36486816 65.26306915 -404.52658081
v -247.17874146 108.22006989 -421.49206543
v -251.01446533 65.26306915 -428.0324707
v -282.97360229 108.22006989 -398.34555054
v 227.85891724 -443.50601196 38.58346939
v 188.84292603 -461.94000244 31.97703934
v 93.08365631 -337.79592896 -357.06646729
v 113.48752594 -368.63894653 -318.51098633
v 85.29607391 -368.63894653 -327.19039917
v 123.84962463 -337.79592896 -347.5942688
v -336.62686157 368.63897705 31.75796127
v -367.36380005 337.79498291 34.65777588
v -332.57891846 368.63897705 60.97538757
v 6.25409126 -499.52398682 20.91727066
v 5.79564476 -499.52398682 21.04839897
v -3.64254761 499.52398682 21.5280304
v -16.47604561 495.72198486 63.21759415
v -10.90462017 495.72198486 64.41375732
v -4.1110034 499.52398682 21.44294548
v -4.57745838 499.52398682 21.34885406
v -5.04291153 499.52398682 21.24375153
v -5.50436115 499.52398682 21.12863922
v 29.66589355 -337.79592896 -367.80392456
v 27.18347549 -368.63894653 -337.03097534
v 444.23864746 108.2199707 203.49000549
v 414.9881897 150.35295105 235.84951782
v 424.81375122 108.21996307 241.43293762
v 433.96566772 150.35296631 198.78344727
v -31.75392723 368.63903809 -336.63146973
v -2.06601191 396.67703247 -304.67138672
v -467.42221069 65.26303101 -166.54104614
v -480.15466309 65.26302338 -125.16777039
v -271.11605835 150.35293579 392.85125732
v 46.51029968 495.72198486 45.88072205
v -70.19136047 488.14801025 -82.5082016
v 338.13430786 -230.8739624 -287.66091919
v -363.81533813 -337.79598999 -61.60600281
v -367.80023193 -337.79598999 -29.66291809
v -34.65275192 -337.79592896 -367.36749268
v -347.59350586 337.79501343 -123.84645081
v -374.03128052 304.38104248 -133.26663208
v -357.06176758 337.79501343 -93.07951355
v -21.23668289 -499.52398682 -5.04398918
v -21.12257385 -499.52398682 -5.50643921
v -21.5219593 -499.52398682 -3.64462757
v -421.48751831 108.21996307 247.18052673
v -431.21899414 150.35296631 204.65916443
v -441.42791748 108.21996307 209.50485229
v 500.0039978 -21.81000137 -3.39530706
v 498.39642334 -21.810009 40.19510269
v 124.10887909 461.93997192 145.88201904
v 136.35179138 461.93997192 134.50994873
v -71.60173798 304.381073 -390.55395508
v -105.36862183 304.381073 -382.8274231
v -16.81537628 -499.52398682 -13.91862297
v -16.50907898 -499.52398682 -14.2819767
v 200.86564636 304.38095093 342.5112915
v 180.98626709 268.64993286 381.33908081
v 213.5349884 268.64993286 364.11431885
v 497.80480957 21.810009 -46.96068573
v -21.16661453 -499.52398682 5.33310795
v -9.51927185 -499.52398682 19.64503288
v -9.94568729 -499.52398682 19.43282509
v 38.37337494 150.35307312 -475.77987671
v 39.28126144 108.22008514 -487.04284668
v 81.58045197 108.22008514 -481.76571655
v -434.71038818 21.81004143 -247.05938721
v -411.52279663 -21.80995369 -284.00735474
v -434.71038818 -21.80995941 -247.05938721
v -411.52279663 21.81004715 -284.00735474
v 480.61709595 -108.21998596 -88.11474609
v -230.34934998 443.50497437 -18.57700157
v -3.31622982 -108.21992493 -488.61343384
v -3.36727977 -65.26292419 -496.19482422
v 61.53192902 -488.14898682 -89.15483093
v 69.06726837 -488.14898682 -83.45227814
v 85.48625946 -476.85897827 -123.86460114
v 21.83126259 -499.52398682 0.32823807
v -147.54969788 -461.93997192 -122.11289215
v -157.63153076 -461.93997192 -108.78792572
v 289.57302856 -21.81006813 407.62860107
v 252.94334412 -21.81007195 431.31466675
v -499.99597168 -21.81000137 3.39730191
v -496.1902771 -65.26300049 3.37126946
v -106.47470093 268.64993286 408.45645142
v -148.99610901 230.87393188 418.18692017
v -111.98206329 230.87393188 429.58200073
v -141.66899109 268.64993286 397.6229248
v 0.62761122 -499.52398682 21.82215118
v 0.1511472 -499.52398682 21.83115959
v 82.12397766 461.93997192 173.03143311
v 66.73098755 461.93997192 179.53076172
v 100.16355133 -304.38095093 -384.22390747
v 141.67498779 -268.64993286 -397.6229248
v 133.26980591 -304.38095093 -374.0319519
v 106.48070526 -268.64993286 -408.45645142
v -165.35505676 304.38095093 360.99328613
v -208.56314087 268.64993286 366.9810791
v -175.78520203 268.64993286 383.76242065
v -196.18907166 304.38095093 345.20791626
v 228.47351074 191.34205627 -402.00314331
v -478.41094971 -65.26302338 131.68009949
v -465.11297607 -65.26303101 172.87519836
v -482.07949829 -21.81002235 132.69010925
v -39.88684845 -65.26308441 494.59924316
v -83.47629547 -21.81008148 492.99368286
v -82.84168243 -65.26308441 489.24002075
v -40.1921463 -21.81008339 498.39294434
v 207.16976929 -421.69604492 171.45074463
v 191.43946838 -421.69604492 188.85467529
v 285.59313965 -396.67697144 -106.1473465
v 275.25405884 -396.67697144 -130.63417053
v 56.35688782 495.72198486 -33.04807281
v -61.32572937 443.50500488 -222.81472778
v -71.36049652 421.69604492 -259.27120972
v -80.51242065 443.50500488 -216.6217041
v 321.53216553 -65.26306152 377.94174194
v 316.61935425 -108.22006226 372.16711426
v -8.70547867 488.14797974 107.97814178
v 0.7387194 488.14797974 108.32648468
v 76.13715363 476.85797119 129.8243866
v 192.05805969 -368.63894653 -278.28683472
v 194.25720215 -396.67697144 -234.72143555
v 173.05955505 -396.67697144 -250.75805664
v -9.35811329 499.52398682 -19.72410774
v -9.78653145 499.52398682 -19.51490593
v 59.39785004 495.72198486 27.20755196
v 18.98449135 499.52398682 10.78957844
v 56.80031967 495.72198486 32.28049088
v 19.85333633 499.52398682 9.09392929
v 19.65013885 499.52398682 9.52434731
v 19.4369297 499.52398682 9.95076275
v 19.21571541 499.52398682 10.37217331
v -1.5675267 -443.50598145 -231.09492493
v 21.62005806 -421.69598389 -268.0418396
v 18.58009529 -443.50598145 -230.35121155
v -1.82377625 -421.69598389 -268.90570068
v 167.82145691 21.81007767 -471.0072937
v 126.13284302 21.81007957 -483.84176636
v -397.05072021 304.38101196 2.69767427
v -367.80023193 337.79498291 -29.66180611
v -368.98638916 337.79498291 2.50749469
v -129.82043457 476.85800171 76.13516235
v -93.44200897 488.14801025 54.80139542
v -362.94549561 -337.79598999 66.54269409
v 116.90986633 443.50497437 199.35003662
v 360.99560547 -304.38104248 165.35884094
v 17.41295815 -499.52398682 13.17273521
v 17.12067413 -499.52398682 13.54910183
v 65.33062744 495.72198486 -0.4423497
v 21.76519775 499.52398682 1.75679052
v 21.83426476 499.52398682 0.32840082
v 21.82125282 499.52398682 0.80486447
v 21.79823112 499.52398682 1.28132808
v 1.75771189 499.52398682 -21.76209259
v -0.14614233 499.52398682 -21.83216095
v 0.33032173 499.52398682 -21.83015823
v 0.80678576 499.52398682 -21.81814575
v 1.28324986 499.52398682 -21.79612541
v -345.87683105 337.79495239 128.55714417
v -325.99850464 368.63897705 89.73036957
v -81.57545471 108.21992493 481.76577759
v -39.27624893 108.21992493 487.04290771
v 152.74577332 421.69604492 -221.32328796
v 132.87541199 421.69604492 -233.79240417
v -132.86940002 421.69598389 233.79356384
v -111.98606873 421.69598389 244.48495483
v -408.45281982 -268.64996338 -106.47663879
v -397.62225342 -268.64996338 -141.67189026
v -305.8939209 -304.38098145 -253.15635681
v 206.64927673 65.26307678 -451.12896729
v 166.54519653 65.26307678 -467.42382812
v 105.37261963 304.38095093 382.82754517
v 66.54581451 337.79492188 362.94921875
v 71.60674286 304.38095093 390.55508423
v 97.92536926 337.79492188 355.76922607
v -282.97360229 -108.21994019 -398.34561157
v -316.61434937 -108.21994019 -372.16616821
v 21.71915436 -499.52398682 2.23008847
v 21.66610146 -499.52398682 2.70254827
v 111.99207306 421.69604492 -244.48381042
v 31.75993347 368.63894653 336.63058472
v 34.65975571 337.79492188 367.36749268
v 60.97738647 368.63894653 332.5826416
v 421.49447632 108.22003937 -247.17948914
v 398.34796143 108.220047 -282.97531128
v -460.34234619 191.34199524 43.42828751
v -454.80593872 191.34197998 83.38415527
v 31.75993347 -368.63903809 336.63046265
v 2.509444 -337.79605103 368.98995972
v 2.2992394 -368.63903809 338.11691284
v 34.65875626 -337.79605103 367.36740112
v -46.95873642 21.81008339 -497.80133057
v -339.80197144 150.35305786 -335.21911621
v -316.61434937 108.22006226 -372.16610718
v -131.67825317 -65.26293182 -478.41549683
v -129.6652832 -108.21993256 -471.10543823
v 192.5675354 -191.34191895 -420.38607788
v 228.47351074 -191.3419342 -402.00320435
v -198.78059387 -150.35307312 433.96121216
v -228.4675293 -191.34205627 402.00213623
v -192.56053162 -191.34207153 420.38500977
v -235.84570312 -150.35307312 414.98477173
v -147.05723572 268.65005493 -395.66195679
v -112.01409912 268.65005493 -406.97396851
v -138.3327179 304.381073 -372.18804932
v 60.97838974 -368.63903809 332.58151245
v 66.54481506 -337.79605103 362.94909668
v 420.24533081 -268.6499939 -39.64361572
v 443.93136597 -230.87400818 -3.01497102
v 422.10107422 -268.6499939 -2.86583209
v 441.97946167 -230.87400818 -41.69460297
v 18.08861732 488.14804077 -106.80583954
v 37.96697617 476.85803223 -145.6346283
v 25.12947464 476.85803223 -148.38931274
v 27.3286171 488.14804077 -104.82390594
v 39.89184952 65.26308441 -494.60025024
v 82.8476944 65.26308441 -489.24203491
v -13.02568626 -499.52398682 -17.51712608
v -12.64031124 -499.52398682 -17.79639816
v -222.80999756 -443.50601196 61.32760239
v -188.38546753 -461.94000244 34.53953171
v -184.65783691 -461.94000244 50.82738113
v 108.79095459 -461.93997192 -157.63345337
v -18.08261108 -488.14901733 106.80583954
v -27.32261086 -488.14901733 104.82291412
v -12.78745461 499.52398682 17.69630051
v -360.99356079 -304.38098145 -165.35792542
v -345.20620728 -304.38098145 -196.19194031
v 367.37081909 337.79498291 -34.65566254
v 395.31201172 304.38101196 -37.29123688
v 368.99337769 337.79498291 -2.50538278
v -2.29423451 -368.63894653 -338.11804199
v 24.49485588 -396.67694092 -303.69152832
v -2.06701303 -396.67694092 -304.67050171
v 190.34838867 230.87394714 401.0612793
v 161.09689331 191.34191895 433.42074585
v 198.25907898 191.34191895 417.73147583
v -6.13297272 -495.72302246 -65.03736115
v -37.16719818 -191.34207153 460.89440918
v -74.11518097 -230.87406921 437.70785522
v -35.68375397 -230.87406921 442.50152588
v -77.1951828 -191.34207153 455.90054321
v 382.83087158 -304.38098145 -105.36958313
v 390.55737305 -304.38101196 -71.60272217
v -402.15167236 -108.21995544 -277.5390625
v -392.84960938 -150.35295105 -271.11984253
v 449.63891602 150.35296631 160.20491028
v 460.28430176 108.2199707 163.99757385
v 3.64755249 499.52398682 -21.5268631
v 5.79764652 499.52398682 21.05256462
v 6.25509214 499.52398682 20.92043686
v 343.15820312 108.22006226 -347.84844971
v 372.16949463 108.22005463 -316.61602783
v 335.22247314 150.35305786 -339.80361938
v 38.58558273 -443.50598145 -227.85577393
v 44.89973068 -421.69598389 -265.13702393
v 221.32556152 -421.69604492 152.74255371
v -156.13806152 -461.94003296 110.91984558
v -199.34513855 -443.50604248 116.90666962
v -165.21090698 -461.94003296 96.8891983
v 180.98626709 -268.65005493 381.33901978
v 17.33888626 -495.72302246 62.98519516
v 5.3361969 -499.52398682 21.17051697
v 4.40629148 -499.52398682 21.3817234
v 11.78347683 -495.72302246 64.25643921
v 4.87274551 -499.52398682 21.28162384
v -21.82826042 499.52398682 -0.3272371
v 472.82550049 108.21997833 123.25693512
v -9.78553009 -499.52398682 -19.51306915
v -9.35711384 -499.52398682 -19.72127151
v 333.3626709 337.79501343 -158.21289062
v -235.25912476 337.79492188 284.27365112
v -278.84960938 304.38095093 282.66711426
v -259.13937378 337.79495239 262.68765259
v 372.19049072 304.38104248 -138.33355713
v 358.71737671 304.38104248 -170.24659729
v -86.07483673 150.35307312 -469.4987793
v 326.00552368 368.63897705 -89.72924805
v 293.75808716 396.67700195 -80.85260773
v 380.84191895 21.81005287 -323.9942627
v 377.9440918 65.26305389 -321.52880859
v 16.48205185 495.72198486 -63.21541977
v 10.91062641 495.72198486 -64.41159821
v 4.11700964 499.52398682 -21.441782
v 4.58346415 499.52398682 -21.34668732
v 5.04791641 499.52398682 -21.24258614
v 5.51036644 499.52398682 -21.12647247
v 9.79053593 -499.52398682 19.51390457
v 9.36311913 -499.52398682 19.72310829
v 117.80373383 368.63894653 316.94143677
v 89.73139191 368.63894653 326.00222778
v 10.17691231 488.14797974 107.85001373
v 6.13897896 495.72198486 65.04137421
v -215.57495117 368.63897705 260.48953247
v -237.45825195 368.63897705 240.70925903
v -108.32150269 488.14801025 0.73679638
v -150.49456787 476.85800171 1.02307296
v -107.84603882 488.14801025 10.17497921
v 232.06402588 -396.67697144 -197.42314148
v -216.89523315 -396.67697144 -213.97225952
v -191.43444824 -421.69598389 -188.8538208
v 461.89086914 150.35298157 120.40617371
v -7.32513428 499.52398682 20.56809235
v -21.92435455 495.72198486 61.54096222
v -5.96380854 499.52398682 21.00251579
v -6.42125416 499.52398682 20.86838722
v -6.87569666 499.52398682 20.72324371
v -82.11798096 -461.93997192 -173.02941895
v -64.52584076 -476.85897827 -135.96336365
v -31.9160862 -304.381073 395.77902222
v -33.92904282 -268.65005493 420.74136353
v -271.11605835 -150.35305786 392.85021973
v -12.00168896 -499.52398682 18.23465919
v -12.39707279 -499.52398682 17.9674015
v -11.60129929 -499.52398682 18.49191093
v 367.37081909 -337.79598999 -34.65577698
v 395.31103516 -304.38101196 -37.29133224
v 383.76473999 -268.65002441 175.78797913
v -44.89372253 421.69598389 265.13903809
v -38.58057785 443.50497437 227.85777283
v -213.96839905 396.67697144 216.89910889
v -194.25117493 396.67697144 234.72245789
v -489.23648071 65.26301575 -82.84360504
v -472.81848145 108.22002411 -123.25491333
v -481.76220703 108.22001648 -81.57735443
v 3.24516058 150.35292053 477.31243896
v -302.42456055 304.38098145 257.28741455
v -321.50012207 268.64996338 273.51516724
v 126.67137146 -150.35307312 460.20974731
v 166.29995728 -150.35307312 447.41830444
v 245.18177795 -65.26293945 -431.4017334
v 277.5413208 -108.21994019 -402.15234375
v 110.92303467 461.93997192 156.14300537
v 15.39999866 -461.93997192 -190.90882874
v -1.29826438 -461.93997192 -191.5234375
v 102.26160431 -396.67694092 -287.0043335
v 76.8588562 -396.67694092 -294.82492065
v 94.18373108 488.14801025 53.52616119
v -380.55966187 -191.34194946 -262.63861084
v 43.43029785 -191.34207153 460.34686279
v 3.01793909 -230.87406921 443.92889404
v 41.69760895 -230.87406921 441.97601318
v 3.14306116 -191.34207153 462.37988281
v 21.79722786 -499.52398682 1.28016424
v 65.11841583 -495.72302246 5.2520299
v 21.76319695 -499.52398682 1.75562692
v 21.81925011 -499.52398682 0.80470169
v -358.71038818 -304.38104248 170.24761963
v 21.34779167 -499.52398682 4.58137655
v 21.24268723 -499.52398682 5.04582787
v 377.9440918 -65.26295471 -321.52880859
v 380.84191895 -21.80994797 -323.9942627
v -77.11410522 -488.14898682 -76.07510376
v -107.13734436 -476.85897827 -105.69291687
v -175.78520203 -268.65005493 383.76235962
v 214.38981628 -21.81007576 451.71853638
v 252.94334412 21.8099308 431.31466675
v 176.0234375 443.50500488 -149.74761963
v 204.82447815 421.69604492 -174.24847412
v 162.30207825 443.50500488 -164.51800537
v -147.05723572 -268.64993286 -395.66201782
v 293.7571106 -396.67700195 -80.85273743
v 86.07983398 -150.35307312 469.49777222
v 83.38721466 -191.34207153 454.80950928
v -395.30401611 -304.38101196 37.29223633
v -40.1921463 21.80991936 498.39294434
v -83.47629547 21.80992126 492.99368286
v -59.01647568 495.72198486 28.01233482
v -20.46293068 499.52398682 7.60748386
v -61.23363876 495.72198486 22.76122665
v -19.72220802 499.52398682 9.36219025
v -19.92140388 499.52398682 8.92976952
v -20.11158752 499.52398682 8.49334431
v -20.29176331 499.52398682 8.05291653
v 397.05770874 -304.38101196 -2.69667339
v 157.63552856 -461.94003296 108.78877258
v 289.57302856 21.80993462 407.62860107
v 94.63816833 -461.93997192 -166.51509094
v -241.46217346 150.35307312 -411.74362183
v -5.50335979 -499.52398682 21.12547302
v -5.96380854 -499.52398682 21.00035095
v -122.1089325 -461.94003296 147.55250549
v -129.81944275 -476.85900879 76.13400269
v -122.69049072 -476.85900879 87.15872192
v -81.57545471 -108.22008514 481.76571655
v -39.27624893 -108.22008514 487.04284668
v 333.38269043 -368.63897705 56.45186615
v -190.34237671 -230.87394714 -401.06225586
v -180.98226929 -268.64993286 -381.33908081
v -224.57371521 -230.87394714 -382.94561768
v 434.71337891 21.80995941 247.05938721
v 204.82247925 -421.69598389 -174.24862671
v 219.23051453 -421.69598389 -155.7335968
v -3.23915482 -150.35292053 -477.31341553
v 96.89136505 461.93997192 165.21583557
v 99.09050751 443.50497437 208.78022766
v 20.23070335 499.52398682 8.21907806
v 20.04652405 499.52398682 8.65850639
v 50.51620102 476.85803223 -141.77087402
v 45.11594009 488.14804077 -98.48574829
v 62.6800499 476.85803223 -136.82905579
v 36.36141205 488.14804077 -102.04320526
v 355.77151489 337.79501343 -97.92222595
v 390.55737305 304.38101196 -71.60262299
v 382.83087158 304.38104248 -105.36947632
v 362.95248413 337.79498291 -66.54169464
v 48.31705475 -461.93997192 -185.33441162
v 77.56755066 -443.50598145 -217.69389343
v 58.29777527 -443.50598145 -223.62565613
v 107.97816467 -488.14898682 8.70839405
v 150.0151062 -476.85900879 12.09969521
v 17.52006531 -499.52398682 -13.02775764
v 17.80033493 -499.52398682 -12.64238167
v 16.93449402 -499.52398682 -13.77948856
v 16.63119698 -499.52398682 -14.14484406
v 17.23178291 -499.52398682 -13.40612507
v 368.99337769 -337.79598999 -2.50549269
v 367.80722046 -337.79598999 29.66380692
v -225.52966309 -304.381073 326.79489136
v -82.84168243 65.26292419 489.24002075
v -39.88684845 65.26292419 494.60025024
v -300.49365234 -268.64993286 -296.44146729
v -287.66018677 -230.87394714 -338.13101196
v 107.14334869 -476.85903931 105.69476318
v 233.79570007 -421.69604492 132.87121582
v -126.66736603 -150.35292053 -460.21081543
v -166.29396057 -150.35292053 -447.41934204
v -12.24892998 -499.52398682 -18.06866455
v 18.08761597 -488.1489563 -106.80500793
v 10.90962505 -495.72302246 -64.40875244
v -21.16961861 499.52398682 5.33427143
v -21.04850197 499.52398682 5.79572058
v -488.06634521 65.26298523 89.48207855
v -491.80999756 21.80998611 90.16973877
v -304.66775513 -396.67700195 2.06994939
v 10.37310314 -499.52398682 -19.21077538
v 10.78950787 -499.52398682 -18.9795475
v 9.52527714 -499.52398682 -19.64419746
v 9.95169163 -499.52398682 -19.43198967
v 175.79121399 268.65005493 -383.76235962
v -487.03833008 108.22000885 -39.27819824
v -494.59570312 65.26300812 -39.88779831
v -105.69194031 476.85797119 107.1413269
v -134.5059967 461.93997192 136.34973145
v 45.88168335 -495.72302246 -46.50533295
v 41.65356827 -495.72302246 -50.32604599
v 76.07909393 -488.14898682 -77.11611938
v -188.85092163 421.69598389 191.43733215
v -162.29606628 443.50497437 164.52015686
v -62.67303848 -476.85903931 136.82804871
v -50.50919342 -476.85903931 141.76986694
v 106.47970581 268.65005493 -408.45739746
v 70.47564697 268.65005493 -416.18292236
v 100.16355133 304.381073 -384.2237854
v -296.43771362 268.64993286 300.49542236
v 6.87970018 499.52398682 -20.72208214
v 7.33114004 499.52398682 -20.56592941
v 244.45610046 268.64993286 344.11886597
v 229.95295715 304.38095093 323.70199585
v 12.00769424 -499.52398682 -18.23282242
v 12.40207863 -499.52398682 -17.96656227
v 431.40515137 65.26296234 245.17855835
v -451.12936401 65.26303864 -206.64604187
v -424.80975342 108.22003937 -241.4329071
v -431.40216064 65.26303864 -245.17854309
v -444.23666382 108.22003174 -203.48898315
v -83.45327759 488.14801025 -69.06511688
v -90.25289917 421.69598389 253.3155365
v 287.66418457 230.87394714 338.13101196
v 273.5184021 268.64993286 321.50387573
v 102.04438019 -488.14898682 36.35829544
v -448.27661133 65.26296234 212.75502014
v -458.00708008 108.2199707 170.23365784
v -335.21548462 150.35293579 339.80264282
v 424.81375122 -108.22003937 241.4329071
v -7.60340548 499.52398682 -20.4648304
v -22.757164 495.72198486 -61.23550034
v -7.15496874 499.52398682 -20.6259861
v -56.35087967 495.72198486 33.04823685
v 12.64631653 -499.52398682 17.79823494
v 12.25393486 -499.52398682 18.06949997
v -115.94291687 476.85803223 -95.9542923
v 420.38842773 191.34196472 192.56439209
v 257.29055786 304.38095093 302.42834473
v 213.70014954 337.79492188 300.82174683
v -41.67258835 -443.50598145 -227.31124878
v -25.25259399 -421.69598389 -267.72357178
v -21.70213699 -443.50598145 -230.07794189
v -48.49022675 -421.69598389 -264.50341797
v -133.83435059 443.50500488 -188.40122986
v -96.88636017 461.94003296 -165.2146759
v -116.90486145 443.50500488 -199.34889221
v 90.25791168 -421.69598389 -253.31350708
v 67.8360672 -421.69598389 -260.21524048
v -116.63659668 191.34191895 447.43737793
v -120.40326691 150.35292053 461.88745117
v 268.04507446 421.6960144 21.61810303
v 100.16355133 -304.38095093 -384.22390747
v 66.29556274 -304.38095093 -391.4909668
v 402.15466309 108.21995544 277.5390625
v 115.30229187 -421.69604492 242.94030762
v -348.47637939 -65.26306152 353.24472046
v -101.53788757 488.14801025 37.74180222
v -145.10232544 476.85800171 39.93994141
v -141.06938171 476.85800171 52.43409348
v -104.44072723 488.14801025 28.74905205
v -372.18249512 -304.38104248 138.33456421
v -180.41871643 461.94000244 -64.28347778
v 83.38721466 191.34191895 454.80957031
v 44.83266449 150.35292053 475.21340942
v 43.43029785 191.34191895 460.34692383
v 25.12947464 -476.85897827 -148.38745117
v 27.3286171 -488.1489563 -104.82206726
v 37.96697617 -476.85897827 -145.63276672
v 210.11064148 443.50497437 96.24272156
v -8.04783821 -499.52398682 -20.29182625
v -7.60240412 -499.52398682 -20.46199226
v -76.11713409 268.65005493 -415.18695068
v -15.53813267 -499.52398682 -15.33099842
v -403.60910034 -230.87397766 -184.87992859
v -366.98043823 -268.64996338 -208.56698608
v -383.76174927 -268.64996338 -175.78807068
v -385.9598999 -230.87397766 -219.35346985
v -69.06326294 488.14801025 83.45528412
v -76.07509613 488.14801025 77.11811066
v -145.10131836 -476.85900879 39.93878174
v -287.0045166 396.67700195 -102.25942993
v -244.48309326 421.69604492 -111.9888916
v -276.99978638 396.67700195 -126.88439941
v -253.31369019 421.6960144 -90.25475311
v -95.95145416 -476.85903931 115.9447403
v -134.50498962 -461.94003296 136.34759521
v -105.69093323 -476.85903931 107.14017487
v -20.77523422 499.52398682 6.70760775
v -20.9163723 499.52398682 6.25316572
v -17.11566925 -499.52398682 -13.54826355
v -46.44423294 488.14804077 -97.86413574
v -28.00827789 495.72198486 -59.01934052
v -150.49256897 -476.85900879 1.02291763
v -429.57839966 -230.87399292 -111.98399353
v -418.1862793 -230.87397766 -148.99902344
v -497.79782104 -21.810009 46.96169281
v -494.00811768 -65.26300812 46.60433197
v -77.1151123 488.14801025 -76.07694244
v 27.3286171 -488.1489563 -104.82206726
v -3.17208934 499.52398682 21.60310173
v 45.89369583 108.21992493 486.46435547
v 164.52223206 443.50497437 162.29998779
v 147.55670166 461.93997192 122.11489105
v 0.62761122 499.52398682 21.82531738
v 3.37228441 -65.26308441 496.19378662
v 332.58493042 368.63897705 -60.97526932
v 336.6338501 368.63897705 -31.75583839
v -123.25404358 108.21993256 472.8230896
v -125.16590881 65.26293182 480.15917969
v 460.89788818 -191.34199524 37.17113876
v 475.78140259 -150.35299683 38.37131119
v 11.45515633 -499.52398682 18.58600235
v 11.04575729 -499.52398682 18.83224106
v 252.15959167 -230.87394714 -365.37356567
v 262.64080811 -191.3419342 -380.56033325
v 357.06878662 337.79495239 93.08162689
v 374.03427124 304.38098145 133.26771545
v 384.22622681 304.38098145 100.16150665
v 347.5975647 337.79495239 123.84755707
v -342.006073 230.87405396 -283.04138184
v -316.03479004 230.87405396 -311.77230835
v 441.43490601 -108.21996307 -209.50386047
v 465.1210022 -65.26296997 -172.87522888
v 448.28359985 -65.26296234 -212.75502014
v 106.55278015 -488.14898682 -19.53408623
v 170.24981689 -304.381073 358.71395874
v 145.88308716 -461.93997192 -124.10482788
v -433.41711426 -191.34202576 161.0947113
v -64.27960968 -461.94003296 180.41947937
v -77.56054688 -443.50604248 217.69374084
v 448.28359985 65.26303864 -212.75498962
v 16.48205185 495.72198486 -63.21541977
v 21.92835617 495.72198486 -61.53879166
v 5.51036644 499.52398682 -21.12647247
v 5.96981382 499.52398682 -21.00235176
v 6.42725992 499.52398682 -20.86622047
v 53.77037048 495.72198486 37.10818481
v 37.83584976 -495.72302246 53.25773621
v 62.73709869 -488.14898682 88.31084442
v 11.78347683 495.72198486 64.25860596
v 3.93983722 499.52398682 21.4769783
v 3.47038007 499.52398682 21.55805779
v 2.9999218 499.52398682 21.62812614
v -7.77156878 -499.52398682 20.40076828
v -7.32513428 -499.52398682 20.56492805
v -8.65342712 -499.52398682 20.04141808
v -9.08885288 -499.52398682 19.84822845
v -8.21399975 -499.52398682 20.22659874
v -66.28855896 304.38095093 391.4909668
v -61.60299683 337.79492188 363.82003784
v -188.39849854 443.50497437 133.83729553
v -231.96391296 421.69598389 136.03643799
v -219.2255249 421.69598389 155.7355957
v -199.34614563 443.50497437 116.90782166
v -437.70327759 230.87402344 -74.11708069
v -262.63479614 191.3419342 380.56033325
v -70.46963501 268.64993286 416.1829834
v 195.82072449 368.63894653 275.65228271
v 186.66880798 337.79492188 318.30276489
v 171.05059814 368.63894653 291.67086792
v 347.85177612 -108.22006226 343.15582275
v 353.24801636 -65.26306152 348.48007202
v 93.08365631 337.79504395 -357.06637573
v 85.29607391 368.63903809 -327.19128418
v 4.40829325 499.52398682 21.38588905
v -233.90879822 -191.3419342 -398.86309814
v 442.50396729 -230.87400818 35.68768311
v 95.95845795 476.85803223 -115.9447403
v 134.51200867 461.94003296 -136.34759521
v -180.98226929 268.65005493 -381.33901978
v 37.10814285 -495.72302246 -53.76539612
v 460.21322632 150.35301208 -126.66821289
v -176.01641846 443.50497437 149.7487793
v -204.81848145 421.69598389 174.24961853
v -2.50343823 -337.79592896 -368.99008179
v -252.06149292 421.69598389 93.68922424
v -242.93759155 421.69598389 115.3012619
v 335.48074341 337.79495239 153.67158508
v -316.36312866 65.26294708 382.27194214
v -318.78848267 21.80993652 385.20581055
v 435.57223511 -191.34202576 155.19195557
v -12.78545284 -499.52398682 17.6931324
v -13.16982651 -499.52398682 17.4098568
v -135.96243286 476.85800171 64.53085327
v -97.86231995 488.14801025 46.44827271
v 338.12030029 -368.63897705 -2.29529333
v 337.03323364 -368.63897705 27.18138885
v -3.17108846 -499.52398682 21.59993362
v -10.90361977 -495.72302246 64.41059113
v -3.64254761 -499.52398682 21.52486229
v -5.24911261 -495.72302246 65.11528015
v -2.22616816 -499.52398682 21.71704674
v -1.75170612 -499.52398682 21.76109123
v -2.69962931 -499.52398682 21.66399765
v 27.20949936 495.72198486 -59.39370728
v 7.77757502 499.52398682 -20.40176773
v 8.22100735 499.52398682 -20.22759819
v 8.66043472 499.52398682 -20.04341888
v 9.09585857 499.52398682 -19.84923172
v 144.97821045 368.63894653 305.46829224
v 442.50396729 230.87400818 35.6877594
v 443.93136597 230.87400818 -3.01489568
v -136.34480286 -461.93997192 -134.50794983
v 188.85694885 -421.69598389 -191.43634033
v 171.45298767 -421.69598389 -207.16763306
v 213.97438049 -396.67697144 -216.89810181
v -209.58811951 337.79492188 303.6965332
v 2.07301903 396.67694092 304.67150879
v 2.2992394 368.63894653 338.11804199
v 363.82232666 337.79498291 61.60699844
v 391.49429321 304.38101196 66.29255676
v 367.80722046 337.79498291 29.66391945
v 33.05018997 -495.72302246 56.35174561
v 11.85754871 -499.52398682 18.33275795
v 5.04791641 -499.52398682 -21.239748
v 16.48205185 -495.72302246 -63.2135849
v 5.50936604 -499.52398682 -21.1246376
v 4.11600876 -499.52398682 -21.43994331
v 3.64755249 -499.52398682 -21.52402306
v 4.58246279 -499.52398682 -21.34485054
v 492.99713135 -21.81001472 83.48022461
v -17.9855175 -461.93997192 -190.68161011
v -34.53663635 -461.93997192 -188.38838196
v -217.69403076 443.50497437 -77.56339264
v 124.10887909 -461.94003296 145.88087463
v 149.74984741 -443.50604248 176.02018738
v -94.17572784 -488.14898682 -53.5231514
v -53.76336288 -495.72302246 -37.10518265
v -460.28030396 108.22003174 -163.99754333
v -126.12583923 21.80992317 483.84176636
v 126.13284302 21.81007957 -483.84176636
v 126.13284302 -21.80992317 -483.84176636
v 264.50662231 -421.6960144 -48.4932518
v 267.72674561 -421.6960144 -25.25564194
v -447.43377686 191.3420105 -116.63845825
v -67.8320694 421.69598389 260.21725464
v -76.07209015 -488.14898682 77.11695099
v -494.00811768 65.26299286 46.60435486
v 63.21757126 -495.72302246 16.47895432
v -21.5960331 -499.52398682 -3.17316866
v -21.71314621 -499.52398682 -2.22824931
v -21.66009712 -499.52398682 -2.70171022
v 173.05955505 396.67700195 -250.75894165
v -250.75822449 396.67700195 -173.05731201
v 401.06460571 -230.87397766 -190.34423828
v 3.37228441 65.26292419 496.19378662
v 3.39830971 21.80991936 499.9994812
v 14.99260235 -499.52398682 -15.87152481
v 15.33393478 -499.52398682 -15.54020119
v -8.92669392 499.52398682 -19.9233036
v -8.4892683 499.52398682 -20.11348915
v 316.03979492 -230.87405396 311.77230835
v -8.65442848 499.52398682 20.04458618
v -145.8770752 -461.94003296 124.10667419
v -114.62664032 -476.85903931 97.52081299
v 411.52679443 21.80995369 284.00735474
v -80.85074615 396.67703247 -293.75479126
v -470.61935425 -150.35298157 -79.69055939
v -497.79782104 21.80999374 46.96170044
v -499.99597168 21.81000137 3.39730906
v -43.42529297 -191.34191895 -460.34796143
v -403.60910034 230.8740387 -184.87983704
v -366.98043823 268.65002441 -208.56588745
v -385.9598999 230.8740387 -219.3533783
v -383.76174927 268.65002441 -175.78797913
v -44.82765961 -150.35292053 -475.2144165
v 14.64326096 499.52398682 -16.19667816
v 320.8114624 337.79495239 182.32545471
v 303.69979858 337.79495239 209.59199524
v 293.9703064 368.63897705 167.07061768
v 21.12757683 -499.52398682 5.50727749
v -149.74484253 -443.50598145 -176.02033997
v -155.73167419 -421.69598389 -219.22738647
v -174.24571228 -421.69598389 -204.82035828
v -294.80310059 191.3419342 356.22262573
v -304.32336426 150.35293579 367.72683716
v 231.96891785 -421.69598389 -136.03343201
v 31.92209053 -304.38095093 -395.77813721
v -70.18935394 -488.14898682 -82.50635529
v -83.38220978 -191.34191895 -454.81054688
v -3.46537519 499.52398682 -21.55589104
v -303.32745361 -396.67700195 28.61577797
v -311.52841187 108.21994019 376.43231201
v 21.2456913 499.52398682 5.0469923
v -365.37283325 230.87405396 -252.15631104
v -12.25093174 499.52398682 -18.07050133
v -11.85354519 499.52398682 -18.3337574
v -11.45015144 499.52398682 -18.5870018
v -11.04275513 499.52398682 -18.83324242
v -190.34237671 230.87405396 -401.06219482
v -123.25404358 -108.22007751 472.82302856
v -173.05354309 -396.67700195 250.75894165
v -194.25018311 -396.67700195 234.72131348
v -80.51141357 -443.50598145 -216.62084961
v 21.60203743 -499.52398682 3.17500782
v 64.41273499 -495.72302246 10.90753269
v 21.52696609 -499.52398682 3.64546561
v 348.48239136 65.26306152 -353.24472046
v -66.72498322 -461.93997192 -179.52876282
v -39.93689728 -476.85897827 -145.10325623
v -52.43106461 -476.85897827 -141.07034302
v -50.82450104 -461.93997192 -184.66075134
v -10.20894337 -499.52398682 -19.29485703
v -150.54060364 396.67697144 264.88879395
v 299.62084961 191.3419342 352.18469238
v 15.20781231 499.52398682 15.66932678
v 14.86247635 499.52398682 15.99864864
v 494.60372925 -65.26300812 39.88980103
v 496.19827271 -65.26300049 -3.36928892
v -86.07483673 -150.35292053 -469.49884033
v 17.97250557 499.52398682 12.40214825
v 50.33201981 495.72198486 41.65361023
v 17.69823837 499.52398682 12.79152775
v -458.00708008 -108.22003174 170.23362732
v -447.41375732 -150.35302734 166.29678345
v -471.10083008 -108.22002411 129.66815186
v -488.06634521 -65.26301575 89.48306274
v 245.18177795 65.26306915 -431.4017334
v -445.80917358 191.34197998 122.70642853
v -240.70744324 -368.63897705 -237.46110535
v 1.57853734 499.52398682 21.77727127
v 1.10307431 499.52398682 21.80730057
v 208.23381042 -21.80992699 -454.58932495
v 206.64927673 -65.26293182 -451.12896729
v 247.06163025 -21.8099308 -434.70996094
v 209.59413147 -337.79592896 -303.69555664
v -182.32157898 337.79492188 320.80819702
v -431.40216064 -65.26296234 -245.17855835
v -424.80975342 -108.21996307 -241.43293762
v -408.39071655 -65.26295471 -281.84524536
v -165.2118988 461.93997192 96.88934326
v 435.57223511 191.34196472 155.1920166
v 447.44076538 191.34197998 116.64051819
v 418.19030762 230.87397766 149.00001526
v 219.10038757 -368.63900757 257.53652954
v 213.70014954 -337.79605103 300.82162476
v 195.81971741 -368.63903809 275.65216064
v 239.10488892 -337.79605103 281.05239868
v -332.57791138 -368.63897705 60.97526932
v -293.75109863 -396.67700195 80.854599
v -259.26751709 -421.6960144 71.36235809
v -299.67987061 -396.67700195 54.94339371
v 33.93505096 -268.64993286 -420.74139404
v -61.52692413 488.14801025 89.15782928
v -28.61286736 -396.67694092 -303.33120728
v -54.9405098 -396.67694092 -299.68264771
v -31.75492668 -368.63894653 -336.63058472
v -191.52253723 461.94000244 1.3013413
v 276.43322754 -150.35305786 389.13259888
v 309.29626465 -150.35305786 363.5597229
v 259.27450562 421.6960144 -71.36136627
v 227.31437683 443.50497437 -41.67448044
v 222.81800842 443.50497437 -61.32659912
v 117.81274414 -230.87406921 428.02142334
v 132.6932373 -21.81007957 482.08407593
v 90.17182159 -21.81008148 491.8135376
v 132.6932373 21.80992317 482.08407593
v 158.21609497 -337.79605103 333.35931396
v 108.32850647 488.14801025 -0.73463535
v -287.66018677 230.87405396 -338.13095093
v -185.33149719 -461.94000244 -48.31308365
v 282.9786377 108.21994019 398.34460449
v -128.55519104 337.79504395 -345.88049316
v -21.80323601 499.52398682 1.10115278
v -21.77420616 499.52398682 1.57661533
v 224.57873535 230.87394714 382.94561768
v 257.09939575 230.87394714 361.91619873
v -417.72781372 191.34196472 198.25692749
v 17.80233955 499.52398682 -12.6432209
v 18.07460403 499.52398682 -12.25183964
v 18.33685875 499.52398682 -11.85545444
v 18.59110641 499.52398682 -11.45206165
v 18.83734703 499.52398682 -11.04466534
v -203.4861908 -108.22007751 444.23519897
v -140.81013489 -368.63903809 307.40905762
v -150.54060364 -396.67700195 264.88766479
v 21.77921104 499.52398682 -1.57445061
v 21.80924034 499.52398682 -1.09898794
v 37.11014175 495.72198486 -53.7672348
v 32.28343964 495.72198486 -56.79718399
v 11.20191097 499.52398682 -18.74115372
v 12.40408134 499.52398682 -17.96940422
v -11.85254383 -499.52398682 -18.33091927
v -11.44915104 -499.52398682 -18.58516502
v 208.78334045 443.50500488 -99.08633423
v 216.62498474 443.50497437 -80.51325989
v 173.03453064 461.94000244 -82.12082672
v 361.91851807 230.87405396 -257.09613037
v 344.12115479 268.65002441 -244.45280457
v 397.62625122 268.64996338 141.67289734
v 3.17709422 -499.52398682 -21.59809685
v 2.70563531 -499.52398682 -21.66215897
v -21.3447876 499.52398682 -4.57937479
v -21.43988228 499.52398682 -4.11292028
v 150.0171051 476.85800171 12.09884834
v 18.74525833 499.52398682 11.19997787
v 18.49601364 499.52398682 11.60737514
v 18.23876381 499.52398682 12.00776482
v 48.31705475 461.94003296 -185.33625793
v -61.3247261 -443.50598145 -222.81387329
v -1.09806943 -499.52398682 -21.80229568
v -0.62160546 -499.52398682 -21.82131386
v -41.67258835 443.50500488 -227.31210327
v -21.70313644 443.50500488 -230.07978821
v -21.81925011 -499.52398682 0.62452632
v -21.77020073 -499.52398682 1.57645261
v -21.80023384 -499.52398682 1.10098994
v 99.09050751 -443.50604248 208.77906799
v -8.21600246 499.52398682 20.22876358
v 9.52627754 499.52398682 -19.64603424
v 9.95269299 499.52398682 -19.43382835
v -79.68861389 -150.35307312 470.62387085
v -38.36836624 -150.35307312 475.77886963
v 345.88290405 337.79501343 -128.55603027
v -18.08261108 488.14797974 106.80799866
v -17.22577858 -499.52398682 13.40796566
v -17.51505852 -499.52398682 13.02859688
v -8.04883862 499.52398682 -20.29366493
v 197.42729187 396.67697144 232.06185913
v -2.99391603 499.52398682 -21.6259594
v -273.5133667 268.65005493 -321.5027771
v -13.40505695 -499.52398682 -17.22784424
v -20.56402969 499.52398682 -7.32704782
v -61.5369339 495.72198486 -21.92625427
v -20.39986801 499.52398682 -7.77448273
v -20.22570038 499.52398682 -8.21791458
v -20.04151726 499.52398682 -8.65634155
v -135.9604187 -476.85900879 64.52970886
v -19.51300621 499.52398682 9.79060745
v 37.96697617 -476.85897827 -145.63276672
v -166.53819275 65.26293182 467.42178345
v -167.81542969 21.80992508 471.0072937
v 372.16949463 -108.21994781 -316.61608887
v 348.48239136 -65.26294708 -353.24472046
v -66.28855896 -304.381073 391.49084473
v -70.47063446 -268.65005493 416.18191528
v 125.1729126 65.26307678 -480.15917969
v -14.98659611 -499.52398682 15.87236118
v -41.64756012 -495.72302246 50.32788467
v -14.63625526 -499.52398682 16.1956749
v 458.0140686 108.22003174 -170.23262024
v 471.10784912 108.22002411 -129.66714478
v 25.25860023 -421.69604492 267.72344971
v 28.61787224 -396.67703247 303.33108521
v 197.42729187 -396.67700195 232.06173706
v 174.2507019 -421.69604492 204.82022095
v 176.44984436 -396.67700195 248.3846283
v 74.36642456 -476.85897827 -130.84439087
v 283.04568481 -230.87394714 -342.00680542
v 296.44372559 -268.64993286 -300.49542236
v 269.12612915 -268.64993286 -325.18743896
v 311.77667236 -230.8739624 -316.03652954
v 116.64260864 -191.34191895 -447.43838501
v 149.00311279 -230.87393188 -418.18792725
v 111.98806763 -230.87393188 -429.58200073
v 155.19515991 -191.34191895 -435.56985474
v 455.90402222 191.34197998 77.19914246
v 470.62738037 150.35298157 79.69255829
v 87.16188812 476.85797119 122.69544983
v -21.38182449 499.52398682 4.40636873
v -21.28172684 499.52398682 4.8718214
v -251.01446533 -65.26293945 -428.0324707
v -2.04799461 -499.52398682 -21.73422813
v -1.57253158 -499.52398682 -21.7742672
v -1.09806943 499.52398682 -21.80513382
v 48.49623108 -421.69604492 264.50430298
v 41.67758942 -443.50604248 227.31111145
v -144.97319031 -368.63894653 -305.46728516
v 3.32223558 108.21992493 488.61245728
v -329.17160034 191.34205627 -324.73193359
v -14.50212479 -499.52398682 -16.31395531
v -42.32822418 -495.72302246 -49.75649643
v -14.14277363 -499.52398682 -16.62726212
v -46.50229263 -495.72302246 -45.87771988
v 15.67126274 499.52398682 -15.20371246
v 15.33593655 499.52398682 -15.54304314
v -496.1902771 65.26300049 3.37129092
v -475.77438354 -150.35299683 -38.37036133
v -455.89602661 -191.34197998 -77.19714355
v -460.88986206 -191.34199524 -37.16919708
v -65.03734589 495.72198486 6.13705158
v -65.32462311 495.72198486 0.4445132
v 287.66418457 -230.87405396 338.13095093
v 299.62084961 -191.34205627 352.18463135
v 150.50057983 476.85800171 -1.02191675
v -141.06738281 -476.85900879 52.43393707
v -17.98651695 461.94003296 -190.68244934
v 408.39373779 65.26295471 281.84524536
v -64.52684784 476.85803223 -135.96421814
v -76.13214874 476.85803223 -129.82423401
v -363.81533813 337.79498291 -61.6048851
v -333.37670898 368.63897705 -56.4508667
v -155.19013977 -191.34207153 435.56878662
v -116.63659668 -191.34207153 447.43731689
v 1.02499831 476.85797119 150.49850464
v -10.36809826 -499.52398682 19.21161079
v 186.66781616 -337.79605103 318.30163574
v -448.27661133 -65.26303864 212.75498962
v -8.92469215 -499.52398682 -19.92146492
v -163.99473572 108.21993256 460.28085327
v -264.88699341 396.67700195 -150.54342651
v -233.79270935 421.69604492 -132.87121582
v -233.90879822 191.34205627 -398.86303711
v -1.29826438 461.94003296 -191.52528381
v 260.21942139 421.6960144 67.8340683
v 13.17483139 -499.52398682 -17.40902138
v 13.55119801 -499.52398682 -17.11773682
v 106.47970581 268.65005493 -408.45739746
v 133.26980591 304.381073 -374.03182983
v 141.67498779 268.65005493 -397.62286377
v 100.16355133 304.381073 -384.2237854
v 97.52297974 -476.85903931 114.63046265
v 53.52812958 488.14804077 -94.1795578
v 13.55319977 499.52398682 -17.1195755
v 33.93505096 268.65005493 -420.74136353
v -307.40838623 368.63900757 -140.81295776
v 120.40927124 -150.35292053 -461.88845825
v 163.99972534 -108.21993256 -460.28189087
v 160.20703125 -150.35292053 -449.63552856
v 123.26004791 -108.21993256 -472.8230896
v -82.11898041 461.94003296 -173.03027344
v -99.08551025 443.50500488 -208.78007507
v -61.534935 -495.72302246 -21.92441368
v -20.39686584 -499.52398682 -7.7736454
v -20.56202698 -499.52398682 -7.32621002
v 433.96566772 -150.35302734 198.78338623
v -447.4147644 150.35296631 166.2978363
v -433.41711426 191.34196472 161.09477234
v 271.12304688 -150.35293579 -392.85125732
v 239.76051331 -268.64993286 -347.40606689
v 225.53565979 -304.38095093 -326.79403687
v 122.70851135 -191.34207153 445.81173706
v -136.34680176 461.94003296 -134.50880432
v -164.51724243 443.50500488 -162.29884338
v -61.60400009 -337.79605103 363.81893921
v -29.65988731 -337.79605103 367.80380249
v 253.1595459 -304.38095093 -305.89471436
v 278.85656738 -304.38095093 -282.66610718
v 376.43563843 108.21994781 311.53213501
v 382.27529907 65.26295471 316.36682129
v 106.150383 -396.67703247 285.58883667
v 262.68984985 -337.79602051 259.14309692
v -333.35565186 337.79495239 158.21400452
v -210.1056366 443.50500488 -96.24256897
v -107.13935089 476.85803223 -105.69476318
v -0.14514135 -499.52398682 -21.82932281
v 342.5145874 304.38104248 -200.86239624
v 385.20718384 -21.81005287 318.79318237
v 385.20718384 21.80994797 318.79318237
v 28.01428413 495.72198486 59.02050781
v 303.33444214 -396.67700195 -28.61390686
v 18.07159996 -499.52398682 -12.2510004
v 18.58910561 -499.52398682 -11.45122242
v 18.33485603 -499.52398682 -11.85361481
v 76.12213898 -268.65005493 415.18795776
v 71.60573578 -304.381073 390.55496216
v 11.45615673 499.52398682 18.58916855
v 11.04776001 499.52398682 18.83540916
v 324.73428345 191.34205627 -329.17224121
v -37.82984161 -495.72302246 -53.25690079
v -11.04075241 -499.52398682 -18.83140373
v -414.98516846 150.3530426 -235.84843445
v -402.00149536 191.34202576 -228.47026062
v -18.48900795 -499.52398682 -11.60437107
v 2.52646041 -499.52398682 21.68601799
v 2.9999218 -499.52398682 21.62495804
v 11.20191097 -499.52398682 -18.73931503
v 11.60730553 -499.52398682 -18.49007225
v 284.00961304 21.81006813 -411.52340698
v 247.06163025 21.81007195 -434.70996094
v 131.68225098 65.26293182 478.41448975
v 67.8360672 -421.69598389 -260.21524048
v -136.03349304 421.69604492 -231.96762085
v -1.01899242 476.85803223 -150.49736023
v 12.10178757 476.85803223 -150.01487732
v 13.78242302 -499.52398682 16.93339539
v 13.0316925 -499.52398682 17.51796341
v 13.41006088 -499.52398682 17.22968102
v 487.0463562 -108.22000885 39.28019714
v 122.70851135 191.34191895 445.8117981
v -262.815979 396.67697144 154.1280365
v 17.99052238 -461.94003296 190.68244934
v 21.70714188 -443.50604248 230.07778931
v -37.73775482 488.14804077 -101.54071808
v -488.60888672 -108.22000122 3.31921196
v 19.07357597 499.52398682 -10.63026237
v -16.31488991 499.52398682 14.50719547
v -16.626194 499.52398682 14.14884853
v -252.06047058 -421.69604492 93.68809509
v -285.58514404 -396.67700195 106.14821625
v -260.21246338 -421.6960144 -67.8320694
v 54.94651031 -396.67703247 299.68353271
v 27.3286171 488.14804077 -104.82390594
v 37.96697617 476.85803223 -145.6346283
v 156.14408875 -461.93997192 -110.91899872
v -20.72018051 499.52398682 -6.8766098
v 251.01846313 65.26293945 428.03143311
v -5.33019114 -499.52398682 -21.16967964
v 287.36886597 65.26293945 404.52560425
v 34.54264069 461.93997192 188.39038086
v 14.1377697 476.85797119 149.83686829
v 16.63219833 499.52398682 -14.14668369
v 16.00058365 499.52398682 -14.8583765
v 16.32089615 499.52398682 -14.5070343
v 174.20365906 -21.81007767 468.68405151
v -443.92437744 -230.87400818 3.01589656
v -163.99473572 -108.22007751 460.28079224
v -206.64324951 -65.26307678 451.12896729
v -491.80999756 -21.81001472 90.16973877
v -257.09539795 -230.87394714 -361.91516113
v -173.02651978 -461.94000244 82.12082672
v -389.1289978 -150.3530426 276.43093872
v 199.35215759 -443.50598145 -116.90582275
v 188.40447998 -443.50598145 -133.83529663
v -19.06756973 499.52398682 10.63242626
v -19.29579353 499.52398682 10.21401978
v -6.70352888 -499.52398682 -20.77429581
v 192.5675354 191.34207153 -420.38500977
v -117.80673981 230.87406921 -428.02142334
v -122.70350647 191.34207153 -445.81274414
v -2.69362354 -304.38095093 -397.05438232
v -2.86378908 -268.64993286 -422.0977478
v 3.39830971 -21.81008339 499.9994812
v -130.84243774 -476.85900879 -74.36242676
v -166.51316833 -461.93997192 -94.63415527
v -219.34963989 230.87394714 385.96154785
v 58.29777527 -443.50598145 -223.62565613
v -7.15496874 -499.52398682 -20.62414742
v 208.23381042 21.81007576 -454.58932495
v -74.11518097 230.87393188 437.70788574
v 333.38269043 368.63897705 56.45198441
v 300.4055481 396.67700195 50.86855698
v -190.67871094 -461.94000244 17.98842812
v -21.7341671 499.52398682 2.05207801
v 10.21594906 499.52398682 19.29885864
v 9.79253769 499.52398682 19.51707077
v 93.44600677 -488.14898682 -54.79839706
v 129.82543945 -476.85900879 -76.13314819
v -50.32401657 -495.72302246 -41.65060806
v -223.62280273 -443.50601196 -58.29479218
v 441.43490601 108.22003937 -209.50382996
v 80.05996704 -230.87406921 436.65985107
v 299.68588257 -396.67700195 -54.94351959
v -4.86673975 -499.52398682 -21.27978706
v 165.21691895 -461.93997192 -96.88835144
v 190.20425415 -443.50604248 131.26464844
v -120.40326691 -150.35307312 461.88739014
v -98.48292542 -488.14898682 -45.11197281
v -102.03938293 -488.14898682 -36.35645294
v -173.05354309 396.67697144 250.76005554
v -21.82225418 499.52398682 0.6256901
v -21.83026314 499.52398682 0.1492265
v -197.42228699 -396.67697144 -232.06185913
v -216.61697388 -443.50601196 80.51426697
v -179.52485657 -461.94000244 66.72784424
v -208.77534485 -443.50604248 99.08733368
v -461.8838501 150.35301208 -120.40412903
v -106.54777527 488.14801025 19.53608894
v -221.32154846 421.69604492 -152.74255371
v 20.63009071 499.52398682 -7.15688181
v 20.78023911 499.52398682 -6.70544291
v 259.27352905 -421.6960144 -71.36149597
v 46.96474075 -21.81008339 497.80133057
v 265.14224243 421.6960144 44.89775467
v -184.8770752 230.87394714 403.60971069
v -108.31949615 -488.14898682 0.73663735
v -11.77746964 -495.72302246 -64.25559998
v 12.79345989 499.52398682 -17.69413376
v 13.17683315 499.52398682 -17.4098568
v 97.86631012 -488.14898682 -46.44626999
v -164.51622009 -443.50598145 -162.29899597
v 16.31789207 -499.52398682 -14.50419331
v 12.79145813 -499.52398682 -17.69129372
v 13.92155838 -499.52398682 -16.81844521
v 145.88407898 461.94003296 -124.10667419
v -149.74583435 443.50500488 -176.02018738
v 19.51901054 499.52398682 -9.78844261
v 318.79547119 21.81006432 -385.20480347
v 351.15499878 21.81005859 -355.95431519
v -326.79431152 -304.38098145 -225.5324707
v -198.25509644 -191.34191895 -417.73248291
v -154.66464233 230.87406921 -416.12484741
v 363.82232666 -337.79598999 61.60688782
v -237.45825195 -368.63900757 240.70913696
v -2.99391603 -499.52398682 -21.62412262
v -5.04191017 -499.52398682 21.24058723
v -16.47604561 -495.72302246 63.21541977
v -4.11000299 -499.52398682 21.44078064
v -4.57745838 -499.52398682 21.34568596
v 12.10078621 -476.85897827 -150.01303101
v -1.01899242 -476.85897827 -150.49551392
v 2.509444 337.79492188 368.99108887
v 46.60539246 -65.26308441 494.01269531
v -62.73109436 -488.14898682 -88.31101227
v 7.15997362 -499.52398682 20.62398338
v 6.70953465 -499.52398682 20.77613449
v 447.42175293 150.35302734 -166.29678345
v -167.06672668 368.63894653 293.96707153
v -192.05204773 368.63894653 278.28787231
v 395.66534424 -268.64996338 -147.06011963
v 416.12728882 -230.87397766 -154.66552734
v -345.20721436 304.38104248 -196.19184875
v -21.47291374 499.52398682 3.93791318
v -64.25558472 495.72198486 11.78154469
v -21.55399132 499.52398682 3.46845627
v 50.82950211 461.93997192 184.66375732
v -335.47671509 337.79501343 -153.67045593
v -360.99356079 304.38104248 -165.35784912
v 451.13238525 -65.26303864 206.64704895
v 14.28491306 -499.52398682 -16.51014519
v 14.6422596 -499.52398682 -16.19483948
v 21.66910553 499.52398682 2.70371199
v 21.72215652 499.52398682 2.23025155
v 21.38482857 -499.52398682 -4.40436697
v 8.05284309 -499.52398682 20.29366493
v 22.76316833 -495.72302246 61.23450089
v 7.60840988 -499.52398682 20.46382904
v 28.01328278 -495.72302246 59.01734161
v 8.93069839 -499.52398682 19.92230225
v 8.49427319 -499.52398682 20.11248589
v 351.15499878 -21.80994225 -355.95431519
v 372.18948364 -304.38098145 -138.33364868
v 381.34140015 -268.64996338 -180.98414612
v 50.82950211 -461.94003296 184.66159058
v 34.54164505 -461.94003296 188.38822937
v 41.67859268 443.50497437 227.31225586
v 478.41796875 -65.2629776 -131.67913818
v -56.44797897 -368.63903809 333.37832642
v 444.23864746 -108.22003174 203.48997498
v -200.91767883 443.50500488 -114.18803406
v 2.23217392 499.52398682 -21.71904945
v 20.92237854 499.52398682 -6.25100088
v 20.72218323 -499.52398682 6.87761068
v 176.02244568 -443.50598145 -149.74577332
v 80.85675812 -396.67703247 293.75479126
v 61.53292847 488.14801025 -89.15567017
v 9.36412048 499.52398682 19.72527504
v -184.8770752 -230.87405396 403.60964966
v -318.29800415 -337.79602051 186.66555786
v -333.35565186 -337.79602051 158.21388245
v -160.20103455 -150.35307312 449.63546753
v -20.71717834 -499.52398682 -6.87577152
v 31.97914696 -461.93997192 -188.83982849
v 403.61309814 230.87397766 184.87992859
v 19.29979706 499.52398682 -10.21285629
v 37.7427597 -488.14901733 101.53871155
v -2.70063043 499.52398682 21.66716385
v 336.63284302 -368.63897705 -31.75595856
v -8.70447826 -488.14901733 107.97497559
v -2.52045488 -499.52398682 -21.68418121
v 16.20077896 499.52398682 14.6413269
v -318.51123047 368.63900757 -113.48435974
v -13.54519176 -499.52398682 17.11857224
v -0.62160546 499.52398682 -21.82415199
v 184.8830719 230.87405396 -403.6086731
v 21.44288445 -499.52398682 4.11392164
v 1.28224874 -499.52398682 -21.79328537
v -63.21356583 495.72198486 -16.47795296
v -20.86532211 499.52398682 -6.42316818
v -20.62408638 499.52398682 7.15904713
v 21.55999756 499.52398682 -3.46629143
v 21.63006783 499.52398682 -2.99583364
v -29.65988731 337.79492188 367.80490112
v -27.17746925 -368.63903809 337.03085327
v -2.22616816 499.52398682 21.72021484
v -7.77156878 499.52398682 20.40293503
v 74.12119293 230.87406921 -437.70684814
v 152.74475098 -421.69598389 -221.32141113
v -17.69022942 -499.52398682 -12.78852463
v -17.40695381 -499.52398682 -13.17189693
v -21.23968697 499.52398682 -5.04482746
v 125.1729126 65.26307678 -480.15917969
v 123.26004791 108.22007751 -472.82302856
v -17.79633141 499.52398682 12.64538383
v -17.51705933 499.52398682 13.03075981
v -257.28659058 304.381073 -302.42822266
v -229.94897461 304.381073 -323.70187378
v -428.02786255 -65.26303864 251.01521301
v 131.2668457 -443.50598145 -190.2011261
v 16.93749619 499.52398682 -13.7813282
v 17.23378372 499.52398682 -13.40796566
v 17.52306747 499.52398682 -13.02859688
v -327.18768311 368.63897705 -85.29193115
v -34.65374756 337.79504395 -367.3684082
v 10.63435745 499.52398682 19.0716362
v -18.06859779 499.52398682 12.25400352
v 21.60504341 499.52398682 3.17617178
v 10.63335609 -499.52398682 19.06847191
v -69.06226349 -488.14898682 83.45412445
v 48.31705475 -461.93997192 -185.33441162
v -16.93148994 499.52398682 13.78249073
v 21.35079575 499.52398682 4.58153963
v -10.62735081 -499.52398682 -19.06763458
v 111.98806763 230.87406921 -429.5819397
v -62.98334122 495.72198486 17.33794975
v 14.99360371 499.52398682 -15.87336349
v 21.17262268 -499.52398682 -5.33226967
v 21.28372955 -499.52398682 -4.86881828
v -188.83691406 -461.94000244 -31.97518349
v -0.80077988 -499.52398682 21.8171463
v -1.27724409 -499.52398682 21.7941227
v -8.4882679 -499.52398682 -20.11165047
v 8.49527359 499.52398682 20.11565399
v 8.93169785 499.52398682 19.92546844
v 125.1729126 -65.26293182 -480.15917969
v 6.70953465 499.52398682 20.77829742
v 10.2149477 -499.52398682 19.29669189
v -17.22878075 499.52398682 13.41012859
v -4.4012866 -499.52398682 -21.38188744
v 123.26004791 -108.21993256 -472.8230896
v -13.77741814 -499.52398682 -16.93255615
v -0.32531685 -499.52398682 21.82915878
vn 0.59236 0.53713 -0.60048
vn 0.67565 0.46159 -0.57479
vn 0.62297 0.46159 -0.63149
vn 0.64245 0.5371 -0.54656
vn 0.92389 0.38255 -0.00626
vn 0.95065 0.30061 0.07666
vn 0.9537 0.30061 -0.00647
vn 0.92093 0.38255 0.07425
vn 0.14081 -0.5371 -0.83166
vn 0.22373 -0.46159 -0.85839
vn 0.21274 -0.5371 -0.81622
vn 0.14811 -0.46159 -0.87463
vn 0.41768 -0.88668 -0.19822
vn 0.50407 -0.84307 -0.18735
vn 0.43336 -0.88668 -0.16108
vn 0.48582 -0.84307 -0.23057
vn 0.58904 -0.38255 -0.71178
vn 0.66979 -0.30061 -0.67895
vn 0.64885 -0.38255 -0.65773
vn 0.60805 -0.30061 -0.73473
vn 0.04895 0.79305 -0.60717
vn 0.11283 0.73699 -0.6664
vn 0.05432 0.73699 -0.6737
vn 0.10169 0.79305 -0.60057
vn 0.22373 0.46159 -0.85839
vn 0.3101 0.38255 -0.87033
vn 0.23304 0.38255 -0.89404
vn 0.29774 0.46159 -0.8356
vn 0.04025 -0.9985 0.03671
vn 0.09366 -0.9913 0.09238
vn 0.03891 -0.99847 0.03839
vn 0.10135 -0.9913 0.0839
vn 0.04056 -0.9985 0.03638
vn 0.04215 -0.99847 0.03488
vn 0.04041 -0.9985 0.03653
vn 0.30815 0.79302 0.52544
vn 0.23057 0.84307 0.48582
vn 0.26118 0.79302 0.55031
vn 0.27204 0.84307 0.46388
vn 0.05194 -0.9985 -0.01648
vn 0.12687 -0.9913 -0.03491
vn 0.05271 -0.99847 -0.0145
vn 0.12333 -0.9913 -0.04584
vn 0.05179 -0.9985 -0.01697
vn 0.05121 -0.9985 -0.01901
vn 0.05185 -0.9985 -0.01672
vn 0 -0.99997 -0
vn 0.00174 -0.9985 -0.05445
vn 0.00198 -0.9985 -0.05445
vn -0.37712 0.92355 0.06912
vn -0.30018 0.95343 0.02829
vn -0.3817 0.92355 0.03598
vn -0.29658 0.95343 0.05435
vn 0.04215 0.99847 0.03485
vn 0 1 -0
vn 0.04059 0.9985 0.03638
vn -0.02573 0.9985 -0.04807
vn -0.02551 0.9985 -0.04816
vn -0.09052 0.97607 0.19764
vn -0.14896 0.95343 0.26215
vn -0.12555 0.95343 0.27415
vn -0.10739 0.97607 0.189
vn -0.60125 0.67531 0.42711
vn -0.58303 0.73696 0.3419
vn -0.63616 0.67531 0.37306
vn -0.55101 0.73699 0.3914
vn 0.04758 -0.99847 0.02704
vn 0.0463 -0.9985 0.02878
vn -0.84075 0.53713 -0.06778
vn -0.78237 0.60854 -0.13245
vn -0.83166 0.53713 -0.14081
vn -0.79092 0.60854 -0.06378
vn 0.30711 0.67531 -0.67049
vn 0.33396 0.73699 -0.5876
vn 0.36439 0.67531 -0.64116
vn 0.28147 0.73699 -0.61449
vn -0.68764 0.5371 0.48848
vn -0.68447 0.60854 0.40141
vn -0.72759 0.5371 0.42668
vn -0.6469 0.60854 0.45952
vn 0.98267 -0.04361 -0.18015
vn 0.98706 -0.13047 -0.09311
vn 0.97519 -0.13047 -0.17878
vn 0.99463 -0.04361 -0.09381
vn 0.84347 0.5371 -0.00571
vn 0.79092 0.60854 0.06378
vn 0.84075 0.5371 0.06778
vn 0.79348 0.60854 -0.00537
vn -0.47911 0.5371 0.6942
vn -0.56557 0.46159 0.6834
vn -0.50386 0.46159 0.73009
vn -0.53777 0.5371 0.6498
vn -0.46232 -0.88668 0.00311
vn -0.53603 -0.84307 -0.04321
vn -0.46083 -0.88668 -0.03714
vn -0.53777 -0.84307 0.00363
vn -0.67287 -0.73699 0.06348
vn -0.73748 -0.67531 0.00501
vn -0.67586 -0.73699 0.00458
vn -0.73424 -0.67531 0.06925
vn -0.14899 -0.95343 0.26215
vn -0.12345 -0.97607 0.1789
vn -0.10739 -0.97607 0.189
vn -0.17127 -0.95343 0.24818
vn 0.04413 -0.9913 -0.12394
vn 0.02029 -0.9985 -0.05057
vn 0.01834 -0.9985 -0.05148
vn 0.02066 -0.9985 -0.05039
vn 0.05478 -0.9913 -0.1196
vn 0.02277 -0.99847 -0.04971
vn 0.02048 -0.9985 -0.05048
vn -0.43553 -0.88668 -0.15513
vn -0.34855 -0.92358 -0.15964
vn -0.36116 -0.92358 -0.12864
vn -0.42033 -0.88668 -0.19254
vn -0.21036 0.97607 -0.05481
vn -0.28404 0.95343 -0.10117
vn -0.29179 0.95343 -0.07605
vn -0.20478 0.97607 -0.07294
vn 0.10996 -0.97607 0.18751
vn 0.12928 -0.95343 0.27241
vn 0.09317 -0.97607 0.19639
vn 0.15253 -0.95343 0.26011
vn 0.97198 -0.21638 -0.09168
vn 0.9537 -0.30061 -0.00647
vn 0.94952 -0.30061 -0.08957
vn 0.97626 -0.21638 -0.00662
vn -0.73473 -0.30061 -0.60805
vn -0.695 -0.21638 -0.68563
vn -0.67895 -0.30061 -0.66979
vn -0.75213 -0.21638 -0.62246
vn 0.05927 0.67531 -0.7351
vn 0.13245 0.60854 -0.78237
vn 0.06378 0.60854 -0.79095
vn 0.12311 0.67531 -0.72713
vn -0.22843 0.88668 0.40196
vn -0.21775 0.92355 0.31553
vn -0.26261 0.88668 0.3805
vn -0.18943 0.92355 0.33332
vn -0.01648 0.9985 -0.05194
vn -0.01672 0.9985 -0.05185
vn 0.55727 0.60854 -0.5649
vn 0.56172 0.67531 -0.47786
vn 0.60436 0.60854 -0.51418
vn 0.51793 0.67531 -0.52501
vn 0.35936 0.92358 -0.13355
vn 0.29072 0.95343 -0.08002
vn 0.36964 0.92355 -0.10172
vn 0.28263 0.95343 -0.10504
vn -0.05402 -0.9985 0.00723
vn -0.13099 -0.9913 0.01233
vn -0.05448 -0.99847 0.0051
vn -0.1294 -0.9913 0.02371
vn -0.05393 -0.9985 0.00769
vn -0.0538 -0.99847 0.00986
vn -0.05399 -0.9985 0.00748
vn 0.50658 0.84307 0.18049
vn 0.55379 0.79302 0.25367
vn 0.57381 0.79302 0.20444
vn 0.48891 0.84307 0.22394
vn -0.41603 0.04361 0.90829
vn -0.49364 -0.04361 0.86856
vn -0.41603 -0.04361 0.90829
vn -0.49364 0.04361 0.86856
vn 0.1012 -0.95343 -0.28404
vn 0.09052 -0.97607 -0.19764
vn 0.07294 -0.97607 -0.20478
vn 0.12558 -0.95343 -0.27415
vn -0.34803 0.04361 -0.93643
vn -0.26511 -0.04358 -0.96323
vn -0.34803 -0.04361 -0.93643
vn -0.26511 0.04358 -0.96323
vn -0.7037 -0.38255 0.59868
vn -0.72317 -0.46159 0.51372
vn -0.67565 -0.46159 0.57479
vn -0.7532 -0.38255 0.53505
vn -0.40657 0.21638 0.8876
vn -0.48988 0.13047 0.86196
vn -0.41288 0.13047 0.90136
vn -0.48238 0.21638 0.84878
vn -0.42833 0.04361 -0.90255
vn -0.42833 -0.04361 -0.90255
vn 0.05445 -0.99847 -0.00513
vn 0.05441 -0.9985 -0.00296
vn 0.03635 0.9985 -0.04059
vn 0.03485 0.99847 -0.04212
vn 0.93643 0.04358 -0.34806
vn 0.9559 0.13047 -0.2631
vn 0.96323 0.04361 -0.26511
vn 0.92932 0.13047 -0.34541
vn 0.51479 -0.73699 -0.43794
vn 0.60121 -0.67534 -0.42711
vn 0.55098 -0.73699 -0.3914
vn 0.56172 -0.67534 -0.47786
vn -0.10169 -0.79302 0.6006
vn -0.13565 -0.84307 0.52037
vn -0.08979 -0.84307 0.53023
vn -0.15366 -0.79302 0.58943
vn -0.33393 -0.73699 0.5876
vn -0.4189 -0.67531 0.60698
vn -0.38389 -0.73699 0.55626
vn -0.36439 -0.67531 0.64116
vn -0.19254 0.88668 0.42033
vn -0.15964 0.92355 0.34855
vn -0.15964 -0.92358 0.34855
vn -0.22843 -0.88668 0.40193
vn -0.18943 -0.92358 0.33332
vn -0.19254 -0.88668 0.42033
vn 0.48238 0.21638 -0.84878
vn 0.5417 0.30061 -0.78494
vn 0.55452 0.21638 -0.80352
vn 0.47124 0.30061 -0.82916
vn -0.12867 0.92355 0.36116
vn -0.15516 0.88668 0.4355
vn 0.04501 -0.99847 0.03107
vn 0.04361 -0.9985 0.03269
vn -0.05405 0.9985 -0.00696
vn -0.05408 0.9985 -0.00674
vn 0.50133 0.79305 0.34599
vn 0.52068 0.73699 0.43092
vn 0.55626 0.73699 0.38389
vn 0.46928 0.79305 0.38835
vn -0.22376 -0.46159 0.85839
vn -0.28309 -0.5371 0.79455
vn -0.21274 -0.5371 0.81622
vn -0.29771 -0.46159 0.83563
vn 0.07453 0.60854 0.79
vn 0.00571 0.5371 0.84347
vn 0.0792 0.5371 0.83978
vn 0.00537 0.60854 0.79348
vn 0.03693 0.9985 0.0401
vn 0.03543 0.99847 0.04163
vn 0.39717 0.30061 -0.86709
vn 0.40657 0.21638 -0.8876
vn -0.52501 0.67531 -0.51793
vn -0.43794 0.73699 -0.51479
vn -0.47786 0.67534 -0.56172
vn -0.48115 0.73699 -0.47465
vn -0.21433 -0.97607 -0.03629
vn -0.12732 -0.9913 -0.03317
vn -0.12973 -0.9913 -0.02194
vn -0.21033 -0.97607 -0.05481
vn -0.03919 -0.97607 -0.21381
vn -0.02829 -0.95343 -0.30021
vn -0.02039 -0.97607 -0.21641
vn -0.05435 -0.95343 -0.29658
vn 0.1294 -0.9913 -0.02371
vn 0.05393 -0.9985 -0.00772
vn 0.05374 -0.9985 -0.00983
vn 0.05402 -0.9985 -0.00723
vn 0.13099 -0.9913 -0.01236
vn 0.05396 -0.9985 -0.00748
vn -0.03992 -0.9985 0.03708
vn -0.04007 -0.9985 0.0369
vn 0.51372 -0.46159 0.72317
vn 0.46736 -0.38255 0.79699
vn 0.44874 -0.46159 0.76519
vn 0.53505 -0.38255 0.7532
vn -0.05768 0.97607 -0.20957
vn -0.02371 0.9913 -0.12943
vn -0.03919 0.97607 -0.21381
vn -0.03491 0.9913 -0.12687
vn -0.1431 -0.60854 -0.78048
vn -0.0792 -0.5371 -0.83975
vn -0.0745 -0.60854 -0.79
vn -0.1521 -0.5371 -0.82965
vn 0.04825 -0.9985 -0.02527
vn 0.11887 -0.9913 -0.0564
vn 0.04941 -0.99847 -0.02341
vn 0.1135 -0.9913 -0.06656
vn 0.04807 -0.9985 -0.02567
vn 0.04718 -0.99847 -0.02765
vn 0.04816 -0.9985 -0.02548
vn 0.15363 0.79305 -0.58943
vn 0.18049 0.84307 -0.50658
vn 0.20444 0.79305 -0.57381
vn 0.13565 0.84307 -0.52037
vn -0.20444 -0.79305 0.57381
vn -0.22394 -0.84307 0.48894
vn -0.18049 -0.84307 0.50658
vn -0.25367 -0.79305 0.55379
vn -0.04804 -0.9985 0.0257
vn -0.04816 -0.9985 0.02548
vn 0.80325 -0.38255 0.4565
vn 0.78494 -0.30061 0.5417
vn 0.7604 -0.38255 0.52477
vn 0.82916 -0.30061 0.47124
vn 0.61061 0.73699 -0.28977
vn 0.57097 0.79302 -0.21223
vn 0.63353 0.73699 -0.23548
vn 0.55031 0.79305 -0.26118
vn -0.29658 -0.95343 0.05435
vn -0.21641 -0.97607 0.02042
vn -0.21381 -0.97607 0.03919
vn -0.30021 -0.95343 0.02829
vn 0.22843 0.88668 -0.40196
vn 0.21775 0.92358 -0.31553
vn 0.26258 0.88668 -0.3805
vn 0.18943 0.92355 -0.33332
vn -0.48247 -0.30061 -0.82269
vn -0.41859 -0.21638 -0.88198
vn -0.40892 -0.30061 -0.86163
vn -0.49388 -0.21638 -0.84216
vn -0.56172 -0.67534 0.47786
vn -0.6469 -0.60854 0.45952
vn -0.60121 -0.67534 0.42711
vn -0.60439 -0.60854 0.51418
vn -0.00989 0.99847 -0.05377
vn -0.0145 0.99847 -0.05274
vn -0.01236 0.9985 -0.05307
vn -0.01215 0.9985 -0.05313
vn -0.01196 0.9985 -0.05319
vn -0.16556 0.97607 0.14084
vn -0.24583 0.95343 0.17463
vn -0.22965 0.95343 0.19538
vn -0.17722 0.97607 0.12589
vn 0.12333 0.9913 -0.04584
vn 0.20957 0.97607 -0.05768
vn 0.20377 0.97607 -0.07572
vn 0.12687 0.9913 -0.03491
vn -0.26118 0.79302 -0.55031
vn -0.18735 0.84307 -0.50407
vn -0.2122 0.79302 -0.57097
vn -0.23057 0.84307 -0.48582
vn 0.33045 -0.60854 -0.72143
vn 0.36439 -0.67531 -0.64116
vn 0.30711 -0.67534 -0.67049
vn 0.39207 -0.60854 -0.68987
vn 0.01239 0.9985 0.05307
vn 0.01212 0.9985 0.05313
vn -0.00363 0.84307 -0.53777
vn 0.03714 0.88668 -0.46083
vn 0.04321 0.84307 -0.53603
vn -0.00311 0.88668 -0.46232
vn 0.11963 -0.9913 0.05478
vn 0.04862 -0.9985 0.0246
vn 0.04971 -0.99847 0.02277
vn 0.04837 -0.9985 0.02503
vn 0.11438 -0.9913 0.065
vn 0.04849 -0.9985 0.02481
vn 0.42778 0.79302 -0.43364
vn 0.51479 0.73699 -0.43794
vn 0.47465 0.73699 -0.48115
vn 0.46394 0.79305 -0.3947
vn 0.15922 -0.30061 -0.94034
vn 0.23304 -0.38255 -0.89404
vn 0.15424 -0.38255 -0.91095
vn 0.24058 -0.30061 -0.92288
vn 0.53505 0.38255 0.7532
vn 0.48247 0.30061 0.82269
vn 0.55232 0.30061 0.77752
vn 0.46736 0.38255 0.79696
vn 0.065 -0.9913 -0.11438
vn 0.10739 -0.97607 -0.18897
vn 0.18735 0.84307 0.50407
vn 0.16163 0.79302 0.5873
vn 0.21223 0.79302 0.57097
vn 0.1427 0.84307 0.51848
vn -0.34541 0.13047 -0.92932
vn -0.25907 0.21638 -0.94128
vn -0.2631 0.13047 -0.95587
vn -0.34013 0.21638 -0.91513
vn -0.38475 0.38255 0.83999
vn -0.47124 0.30061 0.82919
vn -0.39717 0.30061 0.86709
vn -0.4565 0.38255 0.80325
vn -0.46394 -0.79302 0.3947
vn -0.55098 -0.73699 0.39143
vn -0.4966 -0.79302 0.35276
vn -0.51479 -0.73699 0.43794
vn -0.71364 -0.67531 -0.18598
vn -0.74749 -0.60854 -0.26627
vn -0.69472 -0.67534 -0.24747
vn -0.76785 -0.60854 -0.20011
vn 0.34855 -0.92358 0.15964
vn 0.40196 -0.88668 0.22843
vn 0.33332 -0.92358 0.18943
vn 0.42033 -0.88668 0.19254
vn -0.60912 0.79302 0.00412
vn -0.6737 0.73696 -0.05432
vn -0.67586 0.73699 0.00458
vn -0.60717 0.79302 -0.04895
vn -0.53603 0.84307 -0.04321
vn -0.60057 0.79302 -0.10169
vn -0.53023 0.84307 -0.08979
vn 0.68987 -0.60854 0.39207
vn 0.6942 -0.5371 0.47908
vn 0.65307 -0.60854 0.4507
vn 0.73333 -0.5371 0.41676
vn -0.74361 -0.21638 0.63262
vn -0.80825 -0.13047 0.57414
vn -0.79592 -0.21635 0.56539
vn -0.75515 -0.13047 0.64241
vn 0.58943 0.79302 0.15366
vn 0.63668 0.73699 0.22684
vn 0.65401 0.73699 0.17048
vn -0.27204 -0.84307 -0.46388
vn -0.19822 -0.88668 -0.41768
vn -0.23386 -0.88668 -0.39882
vn -0.23057 -0.84307 -0.48582
vn -0.10996 -0.97607 -0.18751
vn -0.0564 -0.9913 -0.11887
vn -0.06656 -0.9913 -0.1135
vn -0.0932 -0.97607 -0.19639
vn -0.79348 -0.60854 0.00537
vn -0.84075 -0.53713 -0.06778
vn -0.79095 -0.60854 -0.06378
vn -0.84347 -0.53713 0.00571
vn 0.05011 -0.9985 -0.02139
vn 0.13355 -0.92358 0.35936
vn 0.10504 -0.95343 0.28263
vn 0.16437 -0.92358 0.34635
vn -0.34635 0.92358 0.16437
vn -0.43336 0.88668 0.16108
vn -0.41768 0.88668 0.19822
vn -0.35936 0.92355 0.13355
vn 0.14899 0.95343 -0.26215
vn 0.17127 0.95343 -0.24815
vn 0.90255 -0.04361 -0.42833
vn 0.93643 -0.04358 -0.34806
vn 0.90255 0.04361 -0.42833
vn 0.28144 -0.73699 -0.61446
vn 0.30097 -0.79305 -0.52959
vn 0.25367 -0.79305 -0.55379
vn 0.33393 -0.73699 -0.5876
vn 0.29957 0.88668 0.35215
vn 0.31144 0.84307 0.4384
vn 0.34846 0.84307 0.40959
vn 0.26774 0.88668 0.3769
vn -0.88421 -0.46159 -0.07129
vn -0.83166 -0.53713 -0.14081
vn -0.87463 -0.46159 -0.14811
vn -0.05445 0.9985 -0.00223
vn -0.05448 0.9985 -0.00198
vn 0.7532 0.38255 -0.53505
vn 0.82269 0.30061 -0.48244
vn 0.77752 0.30061 -0.55232
vn 0.79699 0.38255 -0.46736
vn -0.7112 0.04361 -0.70162
vn -0.64733 -0.04358 -0.76092
vn -0.7112 -0.04361 -0.70162
vn -0.64733 0.04358 -0.76092
vn -0.76202 0.5371 0.36164
vn -0.83151 0.46159 0.30903
vn -0.80139 0.46159 0.38035
vn -0.79064 0.5371 0.29386
vn -0.60717 -0.79302 -0.04895
vn -0.6664 -0.73699 -0.11283
vn -0.60057 -0.79305 -0.10169
vn -0.6737 -0.73699 -0.05432
vn -0.04212 0.99847 -0.03485
vn -0.09366 0.9913 -0.09241
vn -0.10138 0.9913 -0.0839
vn -0.04059 0.9985 -0.03635
vn -0.04044 0.9985 -0.03653
vn -0.04028 0.9985 -0.03671
vn -0.03894 0.99847 -0.03842
vn 0.7264 0.30061 -0.618
vn 0.7037 0.38255 -0.59868
vn -0.52037 0.84307 -0.13562
vn -0.58943 0.79302 -0.1536
vn -0.46394 0.79302 0.3947
vn -0.51479 0.73699 0.43797
vn -0.4966 0.79302 0.35276
vn 0.58904 0.38255 -0.71178
vn 0.60805 0.30061 -0.73473
vn 0.52477 0.38255 -0.7604
vn 0.55379 -0.79302 0.25367
vn 0.5876 -0.73699 0.33393
vn 0.52959 -0.79305 0.30097
vn 0.61446 -0.73699 0.28147
vn 0.04331 0.9985 0.03305
vn 0.04346 0.9985 0.03287
vn 0.79592 -0.21638 -0.56539
vn 0.85522 -0.1305 -0.50154
vn 0.84216 -0.21635 -0.49388
vn 0.80825 -0.13047 -0.57414
vn -0.5876 0.73699 -0.33396
vn -0.60698 0.67534 -0.4189
vn -0.64116 0.67534 -0.36439
vn -0.55626 0.73699 -0.38389
vn 0.00089 0.9913 0.13157
vn -0.00439 0.99847 0.05451
vn -0.01056 0.9913 0.13117
vn 0.0004 0.99847 0.05469
vn -0.00174 0.9985 0.05448
vn -0.00201 0.9985 0.05448
vn -0.00226 0.9985 0.05445
vn -0.81622 0.5371 -0.21271
vn -0.83563 0.46159 -0.29768
vn -0.85839 0.46159 -0.2237
vn -0.79458 0.5371 -0.28306
vn 0.583 -0.73699 -0.3419
vn 0.66625 -0.67531 -0.3162
vn 0.61058 -0.73699 -0.28977
vn 0.63616 -0.67534 -0.37306
vn 0.53023 -0.84307 0.08979
vn 0.58943 -0.79302 0.15366
vn 0.52037 -0.84307 0.13565
vn 0.60057 -0.79305 0.10169
vn 0.6942 0.5371 0.47911
vn 0.61129 0.60854 0.50591
vn 0.6498 0.5371 0.5378
vn 0.65307 0.60854 0.4507
vn -0.94952 -0.30061 0.08954
vn -0.92389 -0.38255 0.00626
vn -0.91983 -0.38255 0.08676
vn -0.9537 -0.30061 0.00647
vn 0.12268 0.88668 0.44575
vn 0.16108 0.88668 0.43336
vn 0.4966 0.79305 -0.35276
vn 0.55101 0.73699 -0.3914
vn 0.43092 -0.73699 -0.52068
vn 0.51793 -0.67531 -0.52501
vn 0.47465 -0.73699 -0.48115
vn 0.4702 -0.67531 -0.56816
vn -0.53023 -0.84307 -0.08979
vn 0.16556 0.97607 -0.14084
vn 0.10727 0.9913 -0.0762
vn 0.17722 0.97607 -0.12589
vn 0.10022 0.9913 -0.08527
vn 0.97751 0.1305 0.1655
vn 0.96673 0.04361 0.25199
vn 0.98502 0.04361 0.16678
vn 0.95938 0.1305 0.2501
vn 0.96258 -0.21638 0.163
vn 0.95938 -0.1305 0.2501
vn 0.94473 -0.21638 0.24625
vn 0.97751 -0.1305 0.1655
vn 0.60698 -0.67531 0.4189
vn 0.61132 -0.60854 0.50591
vn 0.56816 -0.67531 0.4702
vn 0.82269 -0.30061 -0.48247
vn 0.77752 -0.30061 -0.55232
vn -0.60805 -0.30061 0.73473
vn -0.68563 -0.21638 0.69503
vn -0.66979 -0.30061 0.67895
vn -0.62246 -0.21638 0.75213
vn -0.56313 0.13047 0.81597
vn -0.56743 0.04361 0.82223
vn -0.60646 0.79302 0.05719
vn -0.53777 0.84307 0.00363
vn -0.53539 0.84307 0.05051
vn -0.05033 -0.95343 0.29731
vn -0.09671 -0.92358 0.37098
vn -0.07605 -0.95343 0.29179
vn -0.064 -0.92358 0.378
vn -0.50591 0.60854 0.61129
vn -0.4507 0.60854 0.65307
vn 0.6321 0.13047 -0.76379
vn 0.56313 0.13047 -0.81597
vn 0.62246 0.21638 -0.75213
vn 0.6469 -0.60854 -0.45955
vn 0.72759 -0.5371 -0.42668
vn 0.68447 -0.60854 -0.40141
vn 0.68764 -0.5371 -0.48848
vn 0.05441 -0.9985 -0.0025
vn 0.13157 -0.9913 -0.00089
vn 0.05469 -0.99847 -0.00037
vn 0.05441 -0.9985 -0.00275
vn 0.8616 -0.30061 -0.40892
vn 0.86602 -0.38255 -0.32188
vn 0.83468 -0.38255 -0.39613
vn 0.89398 -0.30061 -0.33226
vn -0.55379 -0.79305 -0.25367
vn -0.5876 -0.73699 -0.33393
vn -0.52959 -0.79305 -0.30097
vn -0.61446 -0.73699 -0.28144
vn 0.01627 -0.9985 -0.052
vn 0.03317 -0.9913 -0.12732
vn 0.01578 -0.9985 -0.05216
vn 0.01379 -0.99847 -0.05289
vn 0.01599 -0.9985 -0.05206
vn 0.24818 0.95343 0.17127
vn 0.16746 0.97607 0.13858
vn 0.23228 0.95343 0.19224
vn 0.1789 0.97607 0.12348
vn -0.92093 0.38255 -0.07428
vn -0.94034 0.30061 -0.15922
vn -0.95065 0.30061 -0.07666
vn -0.91095 0.38255 -0.15424
vn 0.91095 -0.38255 0.15424
vn 0.85839 -0.46159 0.22376
vn 0.87463 -0.46159 0.14808
vn 0.89404 -0.38255 0.23304
vn -0.52068 0.73699 -0.43092
vn -0.56816 0.67531 -0.4702
vn -0.64885 0.38255 0.6577
vn -0.67565 0.46159 0.57479
vn -0.7037 0.38255 0.59868
vn -0.62297 0.46159 0.63149
vn 0.87463 0.46159 0.14808
vn 0.81622 0.5371 0.21278
vn 0.85839 0.46159 0.22376
vn 0.83166 0.5371 0.14081
vn 0.63668 -0.73699 0.22681
vn 0.57381 -0.79302 0.20444
vn -0.65401 -0.73699 -0.17045
vn -0.63668 -0.73699 -0.22681
vn -0.05216 -0.9985 -0.01581
vn -0.05206 -0.9985 -0.01602
vn -0.30903 -0.46159 -0.83151
vn -0.24516 -0.38255 -0.89077
vn -0.23539 -0.46159 -0.85525
vn -0.32188 -0.38255 -0.86602
vn -0.2569 -0.67534 -0.69127
vn -0.21055 -0.60854 -0.76507
vn -0.19572 -0.67531 -0.71105
vn -0.27644 -0.60854 -0.7438
vn -0.05017 -0.9985 0.02118
vn -0.05029 -0.9985 0.02097
vn -0.7438 0.60854 0.27644
vn -0.81326 0.5371 0.22382
vn -0.76504 0.60854 0.21055
vn -0.85525 -0.46159 0.23539
vn -0.82965 -0.53713 0.1521
vn -0.81323 -0.53713 0.22382
vn -0.87252 -0.46159 0.15995
vn 0.65163 -0.73699 -0.17936
vn 0.72539 -0.67531 -0.13297
vn 0.66478 -0.73699 -0.12186
vn 0.71105 -0.67531 -0.19572
vn 0.16556 -0.97607 -0.14084
vn 0.10727 -0.9913 -0.07617
vn 0.10022 -0.9913 -0.08524
vn 0.17722 -0.97607 -0.12589
vn -0.10727 0.9913 0.0762
vn -0.10022 0.9913 0.08527
vn -0.20377 -0.97607 0.07572
vn -0.12687 -0.9913 0.03491
vn -0.12333 -0.9913 0.04584
vn -0.20957 -0.97607 0.05768
vn -0.01236 0.9913 -0.13099
vn -0.00146 0.97607 -0.21738
vn -0.02039 0.97607 -0.21641
vn -0.00089 0.9913 -0.1316
vn 0.33226 0.30061 0.89398
vn 0.25907 0.21638 0.94128
vn 0.34013 0.21635 0.91513
vn 0.25309 0.30061 0.91952
vn -0.26569 -0.84307 0.46754
vn 0.15516 0.88668 -0.4355
vn 0.11661 0.88668 -0.44737
vn 0.18735 -0.84307 0.50407
vn 0.12268 -0.88668 0.44575
vn 0.16108 -0.88668 0.43336
vn 0.1427 -0.84307 0.51848
vn -0.68764 -0.5371 0.48848
vn -0.6845 -0.60854 0.40141
vn -0.72759 -0.5371 0.42668
vn 0.79696 -0.38255 -0.46736
vn 0.4966 -0.79305 -0.35276
vn 0.52544 -0.79305 -0.30815
vn 0.05768 0.97607 0.20957
vn 0.05435 0.95343 0.29658
vn 0.08002 0.95343 0.29072
vn 0.03919 0.97607 0.21381
vn -0.18015 -0.04358 -0.98267
vn -0.09308 -0.13047 -0.98706
vn -0.17878 -0.13047 -0.97519
vn -0.09381 -0.04358 -0.99463
vn -0.30546 -0.84307 0.44261
vn -0.29475 -0.88668 0.35618
vn -0.26258 -0.88668 0.3805
vn -0.34288 -0.84307 0.41429
vn -0.05432 0.73699 0.6737
vn -0.10169 0.79302 0.60057
vn -0.11283 0.73699 0.6664
vn -0.04895 0.79302 0.60717
vn -0.16556 -0.97607 0.14084
vn -0.10727 -0.9913 0.0762
vn -0.10019 -0.9913 0.08524
vn -0.17722 -0.97607 0.12589
vn 0.40657 -0.21638 -0.8876
vn 0.47124 -0.30061 -0.82916
vn 0.39717 -0.30061 -0.86709
vn 0.48238 -0.21638 -0.84878
vn 0.05445 0.9985 -0.0025
vn 0.05469 0.99847 -0.00037
vn 0.80325 0.38255 0.4565
vn 0.73009 0.46159 0.50386
vn 0.7604 0.38255 0.52477
vn 0.7712 0.46159 0.43831
vn -0.48848 0.5371 -0.68764
vn -0.44874 0.46159 -0.76519
vn -0.51372 0.46159 -0.72317
vn -0.42668 0.5371 -0.72759
vn -0.17603 -0.21638 -0.9603
vn -0.09168 -0.21638 -0.97198
vn 0.3162 0.67531 0.66625
vn 0.27644 0.60854 0.7438
vn 0.34022 0.60854 0.71688
vn 0.25694 0.67531 0.69127
vn -0.86709 -0.30061 -0.39717
vn -0.80325 -0.38255 -0.4565
vn -0.83999 -0.38255 -0.38475
vn -0.82916 -0.30061 -0.47124
vn 0.83468 0.38255 -0.39613
vn 0.8616 0.30061 -0.40892
vn -0.26215 0.95343 -0.14899
vn -0.1789 0.97607 -0.12345
vn -0.24815 0.95343 -0.17127
vn -0.18897 0.97607 -0.10739
vn -0.36964 0.92358 0.10172
vn -0.45476 0.88668 0.08335
vn -0.44575 0.88668 0.12268
vn -0.58303 -0.73699 0.3419
vn -0.55031 -0.79305 0.26115
vn -0.52544 -0.79305 0.30815
vn -0.61058 -0.73699 0.28977
vn -0.70577 0.1305 -0.69628
vn -0.64241 0.13047 -0.75512
vn -0.19224 0.95343 0.23228
vn -0.24442 0.92355 0.29536
vn -0.17127 0.95343 0.24815
vn 0.17048 0.73699 -0.65401
vn 0.24751 0.67531 -0.69469
vn 0.18601 0.67531 -0.71364
vn 0.22684 0.73699 -0.63668
vn -0.08676 0.38255 -0.91983
vn -0.00601 0.46159 -0.88705
vn -0.00626 0.38255 -0.92389
vn -0.08329 0.46159 -0.88314
vn 0.00412 -0.79305 0.60912
vn -0.04321 -0.84307 0.53603
vn 0.00363 -0.84307 0.53777
vn -0.04895 -0.79305 0.60717
vn 0.97626 0.21638 -0.00662
vn 0.97314 0.21638 0.07846
vn -0.51418 -0.60854 -0.60439
vn -0.48848 -0.5371 -0.68764
vn -0.45955 -0.60854 -0.6469
vn -0.54656 -0.5371 -0.64245
vn 0.83148 0.46159 -0.30906
vn 0.81326 0.5371 -0.22382
vn 0.85525 0.46159 -0.23539
vn 0.79064 0.5371 -0.29386
vn 0.41859 0.21635 0.88202
vn 0.49388 0.21635 0.84216
vn 0.40892 0.30061 0.86163
vn -0.20014 -0.60854 0.76785
vn -0.24751 -0.67531 0.69472
vn -0.18601 -0.67531 0.71364
vn -0.2663 -0.60854 0.74746
vn 0.7058 0.13047 0.69628
vn 0.64736 0.04358 0.76092
vn 0.7112 0.04358 0.70159
vn 0.64241 0.13047 0.75515
vn -0.11661 0.88668 0.44737
vn -0.09671 0.92355 0.37098
vn 0.62246 -0.21635 -0.75213
vn 0.68563 -0.21635 -0.695
vn -0.47786 -0.67534 -0.56172
vn -0.3914 -0.73699 -0.55098
vn -0.43794 -0.73699 -0.51479
vn -0.42708 -0.67534 -0.60121
vn -0.05451 0.99847 -0.00436
vn -0.12973 0.9913 -0.02197
vn -0.13117 0.9913 -0.01056
vn -0.05411 0.9985 -0.0065
vn -0.05393 0.99847 -0.00913
vn -0.89077 -0.38255 0.24519
vn -0.90878 -0.38255 0.1666
vn 0.52501 0.67531 0.51793
vn 0.56816 0.67531 0.4702
vn 0.48115 0.73699 0.47465
vn -0.81445 0.04361 0.57857
vn -0.85522 0.13047 0.50154
vn -0.86178 0.04361 0.50539
vn -0.80825 0.13047 0.57414
vn 0.93393 0.1305 0.33274
vn 0.94107 0.04361 0.33531
vn -0.69628 0.13047 0.7058
vn -0.74361 0.21638 0.63262
vn -0.75515 0.13047 0.64241
vn -0.68563 0.21638 0.69503
vn -0.52477 -0.38255 0.7604
vn -0.56557 -0.46159 0.68337
vn -0.50386 -0.46159 0.73009
vn -0.58907 -0.38255 0.71178
vn -0.76519 -0.46159 0.44874
vn -0.79696 -0.38255 0.46736
vn -0.065 -0.9913 0.11438
vn -0.07474 -0.9913 0.10828
vn 0.71688 -0.60854 -0.34022
vn -0.30055 -0.95343 -0.02423
vn -0.21668 -0.97607 -0.01746
vn -0.29731 -0.95343 -0.05033
vn 0.64116 -0.67531 0.36439
vn 0.67049 -0.67531 0.30711
vn -0.06378 0.60854 0.79095
vn -0.06778 0.5371 0.84075
vn 0.00296 -0.9985 0.05441
vn 0.00269 -0.9985 0.05441
vn -0.48988 -0.13047 0.86196
vn -0.55452 -0.21638 0.80352
vn -0.48238 -0.21638 0.84878
vn -0.56313 -0.13047 0.81597
vn -0.10828 0.9913 -0.07474
vn -0.11438 0.9913 -0.065
vn -0.08524 0.9913 -0.10022
vn -0.03726 0.9985 -0.03977
vn -0.03708 0.9985 -0.03992
vn -0.0369 0.9985 -0.04007
vn -0.0354 0.99847 -0.04166
vn 0.92389 -0.38255 -0.00626
vn 0.91983 -0.38255 -0.08676
vn -0.93808 -0.30061 0.17197
vn -0.64885 -0.38255 0.65773
vn -0.7264 -0.30061 0.618
vn -0.04498 0.99847 -0.03107
vn -0.04755 0.99847 -0.02701
vn -0.0463 0.9985 -0.02875
vn -0.04614 0.9985 -0.02896
vn -0.04605 0.9985 -0.02918
vn -0.92291 -0.30061 -0.24052
vn -0.87033 -0.38255 -0.31004
vn -0.89404 -0.38255 -0.23301
vn -0.89843 -0.30061 -0.32005
vn 0.00439 -0.99847 -0.05451
vn 0.00653 -0.9985 -0.05411
vn 0.52068 -0.73699 0.43092
vn 0.43364 -0.79305 0.42778
vn 0.46925 -0.79305 0.38838
vn 0.48115 -0.73699 0.47465
vn -0.0531 -0.9985 0.01215
vn -0.05316 -0.9985 0.01193
vn 0.60121 0.67531 -0.42711
vn -0.02506 0.9985 0.0484
vn -0.02484 0.9985 0.04849
vn -0.70162 0.04361 0.7112
vn -0.76092 -0.04361 0.64733
vn -0.70162 -0.04361 0.7112
vn -0.76092 0.04361 0.64733
vn 0.36964 -0.92358 -0.10172
vn 0.45476 -0.88668 -0.08338
vn 0.37709 -0.92358 -0.06912
vn 0.44575 -0.88668 -0.12268
vn 0.75213 -0.21638 0.62246
vn 0.73473 -0.30061 0.60805
vn 0.80352 -0.21638 0.55452
vn 0.05377 0.99847 -0.00986
vn 0.12943 0.9913 -0.02371
vn 0.05277 0.99847 -0.0145
vn 0.05307 0.9985 -0.01236
vn 0.0531 0.9985 -0.01215
vn 0.05316 0.9985 -0.0119
vn 0.05216 -0.9985 0.01578
vn 0.05206 -0.9985 0.01602
vn -0.05435 0.95343 -0.29658
vn -0.02829 0.95343 -0.30018
vn -0.90255 -0.04361 0.42833
vn -0.86178 -0.04361 0.50539
vn -0.90255 0.04361 0.42833
vn -0.18601 0.67531 0.71364
vn -0.2663 0.60854 0.74746
vn -0.20014 0.60854 0.76785
vn -0.24751 0.67531 0.69472
vn 0.73009 -0.46159 0.50386
vn 0.6498 -0.5371 0.53777
vn 0.6834 -0.46159 0.56557
vn 0.04584 0.9913 0.12333
vn 0.07572 0.97607 0.20377
vn 0.03491 0.9913 0.12687
vn 0.52895 0.84307 -0.09696
vn 0.60643 0.79302 -0.05719
vn 0.59914 0.79302 -0.10984
vn 0.53539 0.84307 -0.05048
vn -0.46928 0.79302 -0.38838
vn -0.38282 0.84307 -0.37767
vn -0.43364 0.79302 -0.42778
vn -0.41429 0.84307 -0.34288
vn -0.42509 -0.13047 -0.89569
vn -0.34013 -0.21638 -0.91513
vn -0.34541 -0.13047 -0.92932
vn 0.24442 -0.92358 -0.29536
vn 0.21177 -0.95343 -0.21467
vn 0.19224 -0.95343 -0.23231
vn 0.26923 -0.92358 -0.27293
vn 0.03726 -0.9985 0.03977
vn 0.0369 -0.9985 0.04007
vn 0.08527 -0.9913 0.10019
vn 0.03543 -0.99847 0.04163
vn 0.03708 -0.9985 0.03992
vn 0.1521 0.5371 0.82968
vn 0.08329 0.46159 0.88314
vn 0.15995 0.46159 0.87252
vn 0.00363 0.84307 0.53777
vn -0.03714 0.88668 0.46083
vn -0.04321 0.84307 0.53603
vn 0.00311 0.88668 0.46232
vn 0.93808 0.30061 -0.17197
vn 0.91983 0.38255 -0.08676
vn 0.94952 0.30061 -0.08957
vn 0.90878 0.38255 -0.1666
vn -0.83468 -0.38255 0.39613
vn -0.80139 -0.46159 0.38035
vn 0.35127 -0.5371 -0.76687
vn 0.43831 -0.46159 -0.7712
vn 0.41676 -0.5371 -0.73333
vn 0.36943 -0.46159 -0.80648
vn 0.72759 0.5371 -0.42668
vn 0.80139 0.46159 -0.38032
vn 0.76519 0.46159 -0.44874
vn 0.76202 0.5371 -0.36164
vn 0.50591 0.60854 -0.61129
vn 0.53777 0.5371 -0.6498
vn -0.91952 -0.30061 0.25309
vn 0.40196 0.88668 0.22843
vn 0.31553 0.92355 0.21775
vn 0.3805 0.88668 0.26261
vn 0.33332 0.92355 0.18943
vn 0.0932 0.97607 0.19639
vn 0.10504 0.95343 0.28263
vn 0.12928 0.95343 0.27241
vn -0.01605 -0.9985 0.05206
vn -0.01621 -0.9985 0.052
vn -0.60695 -0.67534 -0.4189
vn -0.52068 -0.73699 -0.43092
vn -0.55626 -0.73699 -0.38389
vn -0.56816 -0.67534 -0.4702
vn -0.17878 0.1305 -0.97519
vn -0.18015 0.04361 -0.98267
vn 0.17197 0.30061 0.93808
vn 0.17606 0.21638 0.9603
vn -0.11963 0.9913 -0.05478
vn -0.04975 0.99847 -0.02277
vn -0.04862 0.9985 -0.02463
vn -0.04852 0.9985 -0.02481
vn -0.0484 0.9985 -0.02506
vn 0.46754 0.84307 0.26572
vn 0.52959 0.79302 0.30097
vn 0.86193 -0.13047 0.48988
vn 0.82223 -0.04361 0.56746
vn 0.81597 -0.13047 0.56313
vn 0.86856 -0.04361 0.49364
vn -0.58943 -0.79305 -0.15363
vn 0.25199 -0.04358 -0.96673
vn 0.33274 -0.13047 -0.93393
vn 0.25007 -0.13047 -0.95938
vn 0.33531 -0.04358 -0.94107
vn -0.22382 -0.5371 -0.81326
vn -0.15998 -0.46159 -0.87252
vn -0.99579 -0.04361 -0.08029
vn -0.97751 -0.13047 -0.16553
vn -0.98822 -0.13047 -0.07968
vn -0.98502 -0.04361 -0.16678
vn 0.13117 0.9913 0.01056
vn 0.21433 0.97607 0.03629
vn 0.21668 0.97607 0.01746
vn 0.12973 0.9913 0.02194
vn 0.42833 0.04361 0.90255
vn 0.34541 0.13047 0.92932
vn 0.34806 0.04361 0.93643
vn 0.42506 0.13047 0.89569
vn -0.7264 0.30061 0.618
vn -0.7532 0.38255 0.53505
vn -0.77752 0.30061 0.55232
vn 0.53777 0.84307 -0.00363
vn 0.60912 0.79302 -0.00412
vn -0.82269 -0.30061 0.48247
vn -0.88202 -0.21635 0.41859
vn -0.86163 -0.30061 0.40892
vn -0.84216 -0.21635 0.49388
vn -0.81597 0.13047 -0.56313
vn -0.75213 0.21638 -0.62246
vn -0.76379 0.13047 -0.6321
vn -0.80352 0.21638 -0.55452
vn -0.42509 0.13047 -0.89569
vn 0.50658 -0.84307 0.18049
vn 0.4355 -0.88668 0.15516
vn 0.48891 -0.84307 0.22394
vn 0.82965 0.5371 -0.1521
vn 0.88314 0.46159 -0.08329
vn 0.87252 0.46159 -0.15995
vn 0.83975 0.5371 -0.0792
vn 0.189 -0.97607 0.10739
vn 0.24818 -0.95343 0.17127
vn 0.1789 -0.97607 0.12348
vn 0.26215 -0.95343 0.14899
vn -0.05399 0.9985 0.00745
vn -0.05402 0.9985 0.00723
vn 0.24625 0.21638 -0.94473
vn 0.32011 0.30061 -0.8984
vn 0.32768 0.21638 -0.91964
vn 0.24058 0.30061 -0.92288
vn 0.85525 -0.46159 -0.23539
vn 0.82965 -0.53713 -0.1521
vn 0.81326 -0.5371 -0.22382
vn 0.87252 -0.46159 -0.15995
vn -0.19764 0.97607 -0.09052
vn -0.56487 0.60854 -0.55727
vn -0.61129 0.60854 -0.50591
vn 0.0191 0.99847 0.05127
vn 0.01697 0.9985 0.05179
vn -0.00296 0.9985 -0.05441
vn -0.0051 0.99847 -0.05445
vn 0.15424 0.38255 -0.91095
vn 0.15922 0.30061 -0.94034
vn -0.05332 -0.9985 -0.0112
vn -0.05329 -0.9985 -0.01141
vn 0.08029 -0.04361 -0.99579
vn 0.16678 0.04358 -0.98502
vn 0.16678 -0.04358 -0.98502
vn 0.08029 0.04361 -0.99579
vn 0.60912 -0.79302 -0.00412
vn 0.53603 -0.84307 0.04321
vn 0.53777 -0.84307 -0.00363
vn 0.60717 -0.79305 0.04895
vn 0.28404 -0.95343 0.1012
vn 0.27415 -0.95343 0.12555
vn 0.36116 -0.92358 0.12867
vn 0.20377 -0.97607 -0.07572
vn 0.20957 -0.97607 -0.05768
vn -0.37306 0.67534 -0.63616
vn -0.34022 0.60854 -0.71685
vn -0.40141 0.60854 -0.68447
vn -0.3162 0.67531 -0.66625
vn -0.05478 0.9913 0.11963
vn -0.02698 0.99847 0.04755
vn -0.065 0.9913 0.11438
vn -0.02277 0.99847 0.04971
vn -0.0246 0.9985 0.04862
vn -0.98502 0.04361 -0.16678
vn -0.96673 -0.04361 -0.25196
vn -0.96673 0.04361 -0.25196
vn -0.05011 -0.9985 0.02139
vn -0.05048 -0.9985 -0.02051
vn -0.05039 -0.9985 -0.02072
vn -0.00089 -0.9913 -0.13157
vn 0.01746 -0.97607 -0.21668
vn 0.01056 -0.9913 -0.13114
vn -0.00146 -0.97607 -0.21738
vn 0.00626 0.38255 0.92389
vn -0.07129 0.46159 0.88421
vn -0.07425 0.38255 0.92093
vn 0.00601 0.46159 0.88705
vn -0.17048 0.73699 0.65401
vn -0.15366 0.79302 0.58943
vn 0.05445 0.99847 -0.00513
vn 0.05402 0.9985 -0.00723
vn 0.18015 0.04361 0.98267
vn 0.09308 0.13047 0.98706
vn 0.09381 0.04358 0.99463
vn 0.17878 0.13047 0.97519
vn -0.57857 -0.04358 -0.81445
vn -0.57857 0.04358 -0.81445
vn 0.21174 0.95343 -0.21467
vn 0.22965 0.95343 -0.19538
vn 0.15265 0.97607 -0.15476
vn 0.0745 -0.60854 0.79
vn 0.00571 -0.5371 0.84347
vn 0.00537 -0.60854 0.79348
vn 0.0792 -0.5371 0.83975
vn -0.57381 -0.79305 -0.20441
vn -0.48891 -0.84307 -0.22394
vn -0.50658 -0.84307 -0.18046
vn -0.05179 -0.9985 0.01694
vn -0.05185 -0.9985 0.01672
vn 0.23545 -0.73699 0.63353
vn 0.19568 -0.67534 0.71105
vn 0.17936 -0.73699 0.65163
vn 0.25694 -0.67534 0.69127
vn 0.94034 -0.30061 0.15922
vn 0.92288 -0.30061 0.24058
vn 0.71178 0.38255 0.58907
vn 0.63149 0.46159 0.62297
vn 0.65773 0.38255 0.64885
vn 0.6834 0.46159 0.56557
vn -0.04038 -0.9985 -0.03653
vn -0.04025 -0.9985 -0.03671
vn 0.27241 0.95343 -0.12928
vn 0.19639 0.97607 -0.0932
vn 0.48848 -0.53713 0.68764
vn 0.40141 -0.60854 0.68447
vn 0.45955 -0.60854 0.6469
vn 0.42668 -0.5371 0.72759
vn -0.09241 -0.9913 0.09366
vn -0.03977 -0.9985 0.03723
vn -0.03839 -0.99847 0.03891
vn -0.04166 -0.99847 0.03543
vn 0.94107 -0.04361 0.33531
vn 0.90829 0.04361 0.41603
vn 0.90829 -0.04361 0.41603
vn 0.10984 0.79302 0.59917
vn 0.05048 0.84307 0.53539
vn 0.05719 0.79302 0.60643
vn 0.09696 0.84307 0.52895
vn -0.10172 0.92358 -0.36964
vn -0.06912 0.92358 -0.37709
vn -0.08002 0.95343 -0.29072
vn 0.60048 0.5371 0.59236
vn 0.51418 -0.60854 0.60439
vn 0.54656 -0.5371 0.64245
vn -0.03311 0.9985 0.04331
vn -0.03287 0.9985 0.04346
vn -0.76785 0.60854 -0.20011
vn 0.31254 0.92358 -0.22202
vn 0.39882 0.88668 -0.23386
vn 0.3769 0.88668 -0.26774
vn 0.3307 0.92358 -0.19395
vn 0.56557 0.46159 -0.6834
vn 0.63353 -0.73699 -0.23545
vn 0.69127 -0.67531 -0.25694
vn 0.05332 0.9985 0.0112
vn 0.0539 0.99847 0.00913
vn 0.26774 -0.88668 0.3769
vn 0.27204 -0.84307 0.46388
vn 0.23389 -0.88668 0.39882
vn 0.31144 -0.84307 0.4384
vn 0.12732 0.9913 0.03317
vn 0.05152 0.99847 0.01834
vn 0.12394 0.9913 0.04416
vn 0.05295 0.99847 0.01379
vn 0.05216 0.9985 0.01578
vn 0.0521 0.9985 0.01602
vn 0.052 0.9985 0.01627
vn 0.13858 0.97607 -0.16746
vn 0.09241 0.9913 -0.09366
vn 0.0839 0.9913 -0.10138
vn -0.0792 0.5371 -0.83975
vn -0.00537 0.60854 -0.79348
vn -0.00571 0.5371 -0.84347
vn -0.07453 0.60854 -0.79
vn -0.51848 0.84307 0.1427
vn -0.59914 0.79302 0.10984
vn -0.5873 0.79302 0.16163
vn -0.52895 0.84307 0.09696
vn 0.29658 0.95343 -0.05435
vn 0.37712 0.92355 -0.06912
vn -0.38215 -0.92358 -0.03079
vn -0.38337 -0.92358 0.00259
vn 0.07718 0.88668 -0.45585
vn 0.08979 0.84307 -0.53023
vn -0.82965 0.53713 0.1521
vn -0.79 0.60854 0.07453
vn -0.83975 0.53713 0.0792
vn -0.78048 0.60854 0.14307
vn -0.22684 0.73699 0.63668
vn -0.25367 0.79302 0.55382
vn -0.28147 0.73699 0.61449
vn -0.20444 0.79302 0.57381
vn 0.73473 0.30061 0.60805
vn 0.78494 0.30061 0.5417
vn 0.5649 0.60854 0.55727
vn 0.89077 -0.38255 -0.24516
vn 0.93808 -0.30061 -0.17197
vn 0.90878 -0.38255 -0.1666
vn 0.91952 -0.30061 -0.25309
vn -0.05289 0.99847 -0.01376
vn -0.05216 0.9985 -0.01578
vn -0.292 0.92355 0.24842
vn -0.31254 0.92355 0.22202
vn 0.72317 -0.46159 -0.51372
vn 0.76519 -0.46159 -0.44874
vn 0.47908 0.5371 -0.6942
vn 0.4507 0.60854 -0.65307
vn 0.91513 -0.21638 -0.34013
vn 0.94128 -0.21638 -0.25907
vn 0.93393 -0.1305 0.33274
vn 0.96673 -0.04361 0.25199
vn 0.81445 0.04358 -0.57857
vn 0.85522 0.1305 -0.50154
vn 0.86178 0.04361 -0.50539
vn 0.80825 0.13047 -0.57414
vn -0.31553 0.92358 -0.21775
vn -0.35618 0.88668 -0.29478
vn -0.3805 0.88668 -0.26261
vn -0.29536 0.92358 -0.24442
vn -0.50539 0.04358 -0.86178
vn -0.50539 -0.04358 -0.86178
vn 0.41429 0.84307 0.34288
vn 0.44258 0.84307 0.30546
vn 0.35618 0.88668 0.29478
vn -0.55727 -0.60854 0.5649
vn -0.64245 -0.5371 0.54656
vn -0.59236 -0.5371 0.60048
vn 0.79092 -0.60854 0.06378
vn 0.83166 -0.5371 0.14081
vn 0.78237 -0.60854 0.13248
vn 0.84075 -0.5371 0.06778
vn 0.19764 -0.97607 0.09052
vn -0.30711 0.67531 0.67049
vn -0.50133 -0.79305 -0.34599
vn -0.46925 -0.79305 -0.38835
vn 0.0762 0.9913 0.10727
vn 0.10996 0.97607 0.18751
vn 0.12589 0.97607 0.17722
vn 0.06656 0.9913 0.1135
vn 0.34635 -0.92358 -0.16437
vn 0.28263 -0.95343 -0.10504
vn 0.27241 -0.95343 -0.12928
vn 0.35936 -0.92358 -0.13355
vn -0.96258 -0.21638 -0.163
vn -0.95938 -0.13047 -0.25004
vn -0.94473 -0.21638 -0.24622
vn -0.23545 -0.73699 -0.63353
vn -0.16163 -0.79305 -0.5873
vn -0.21223 -0.79305 -0.57097
vn -0.17936 -0.73699 -0.65163
vn 0.7037 -0.38255 -0.59868
vn 0.7532 -0.38255 -0.53505
vn 0.7264 -0.30061 -0.618
vn -0.34288 0.84307 0.41429
vn -0.30546 0.84307 0.44261
vn -0.29478 0.88668 0.35618
vn -0.02875 0.9985 0.0463
vn -0.46028 0.88668 0.0434
vn -0.46232 0.88668 0.00311
vn 0.03348 0.9985 0.043
vn 0.0333 0.9985 0.04315
vn -0.07294 -0.97607 0.20478
vn -0.05478 -0.9913 0.1196
vn -0.04416 -0.9913 0.12394
vn -0.09052 -0.97607 0.19764
vn -0.35276 0.79302 -0.4966
vn -0.3419 0.73699 -0.58303
vn -0.3914 0.73699 -0.55101
vn -0.30815 0.79302 -0.52544
vn -0.03488 0.99847 0.04215
vn -0.09241 0.9913 0.09366
vn -0.0839 0.9913 0.10138
vn -0.03632 0.9985 0.04059
vn -0.03653 0.9985 0.04044
vn -0.03674 0.9985 0.04025
vn -0.03839 0.99847 0.03891
vn 0.29478 -0.88668 -0.35618
vn 0.32469 -0.88668 -0.32911
vn -0.13157 -0.9913 0.00089
vn -0.05445 -0.9985 -0.00174
vn -0.05463 -0.9985 0.00037
vn -0.05445 -0.9985 -0.00223
vn -0.13114 -0.9913 -0.01056
vn -0.05457 -0.99847 -0.00439
vn -0.05445 -0.9985 -0.00198
vn -0.19568 0.67531 -0.71105
vn -0.12186 0.73699 -0.66478
vn -0.133 0.67531 -0.72539
vn -0.17936 0.73699 -0.65163
vn 0.81622 -0.5371 0.21278
vn 0.8356 -0.46159 0.29771
vn 0.79455 -0.5371 0.28309
vn -0.88314 -0.46159 0.08329
vn -0.83975 -0.53713 0.0792
vn -0.08329 -0.46159 -0.88314
vn 0.6469 0.60854 -0.45952
vn -0.02423 -0.95343 0.30055
vn -0.03079 -0.92358 0.38215
vn 0.03598 0.92358 0.3817
vn 0.0434 0.88668 0.46028
vn 0.00259 0.92355 0.38337
vn 0.29731 -0.95343 0.05033
vn 0.21033 -0.97607 0.05484
vn 0.21433 -0.97607 0.03629
vn 0.29179 -0.95343 0.07605
vn -0.46754 -0.84307 -0.26572
vn -0.40193 -0.88668 -0.22843
vn 0.50133 -0.79305 0.34599
vn 0.55626 -0.73699 0.38389
vn -0.40892 0.30061 -0.8616
vn -0.41859 0.21638 -0.88198
vn -0.33226 0.30061 -0.89398
vn 0.48582 0.84307 -0.23057
vn 0.50407 0.84307 -0.18735
vn 0.99142 0.1305 -0.00671
vn 0.99579 0.04358 0.08029
vn 0.99902 0.04358 -0.00678
vn 0.98822 0.13047 0.07968
vn -0.00723 0.9985 -0.05402
vn 0.01236 -0.9913 0.13099
vn 0.00146 -0.97607 0.21738
vn 0.00089 -0.9913 0.13157
vn 0.02042 -0.97607 0.21641
vn -0.85525 0.46159 0.23539
vn -0.87252 0.46159 0.15995
vn -0.04602 -0.9985 -0.02915
vn -0.04505 -0.99847 -0.03104
vn 0.38838 0.79302 -0.46928
vn 0.37767 0.84307 -0.38282
vn 0.34288 0.84307 -0.41429
vn -0.43092 -0.73699 0.52068
vn -0.4702 -0.67531 0.56816
vn -0.9411 0.04361 -0.33525
vn -0.90829 -0.04358 -0.41603
vn -0.9411 -0.04361 -0.33525
vn -0.90829 0.04358 -0.41603
vn 0.97519 0.13047 -0.17878
vn 0.97198 0.21638 -0.09168
vn 0.98706 0.13047 -0.09311
vn 0.9603 0.21638 -0.17606
vn -0.6942 0.5371 -0.47911
vn -0.6498 0.5371 -0.5378
vn -0.65307 0.60854 -0.4507
vn -0.57418 -0.13047 -0.80825
vn -0.64241 -0.13047 -0.75512
vn 0.05029 -0.9985 -0.02097
vn 0.05017 -0.9985 -0.02121
vn -0.04288 -0.9985 0.03363
vn -0.89843 0.30061 -0.32005
vn -0.83999 0.38255 -0.38475
vn -0.86709 0.30061 -0.39717
vn -0.87033 0.38255 -0.31004
vn -0.33045 -0.60854 0.72143
vn -0.30711 -0.67531 0.67049
vn -0.39207 -0.60854 0.68987
vn -0.79696 0.38255 0.46736
vn -0.82269 0.30061 0.48247
vn 0.05768 -0.97607 0.2096
vn 0.05435 -0.95343 0.29658
vn 0.03919 -0.97607 0.21381
vn 0.08002 -0.95343 0.29072
vn -0.53777 -0.5371 0.6498
vn -0.50591 -0.60854 0.61132
vn 0.40892 -0.30061 0.8616
vn 0.39613 -0.38255 0.83468
vn 0.48244 -0.30061 0.82269
vn 0.43794 0.73699 0.51479
vn 0.47786 0.67531 0.56172
vn -0.00626 -0.38255 -0.92389
vn 0.07129 -0.46159 -0.88421
vn -0.00601 -0.46159 -0.88705
vn 0.07425 -0.38255 -0.92093
vn 0.17463 -0.95343 0.24583
vn 0.19395 -0.92355 0.3307
vn 0.22202 -0.92355 0.31254
vn -0.04578 0.9985 0.02957
vn -0.04587 0.9985 0.02939
vn -0.00678 0.04361 -0.99902
vn -0.00678 -0.04361 -0.99902
vn 0.07846 -0.21638 -0.97314
vn 0.1655 -0.1305 -0.97751
vn 0.16297 -0.21638 -0.96258
vn 0.07968 -0.1305 -0.98822
vn -0.07572 -0.97607 -0.20377
vn -0.04581 -0.9913 -0.12333
vn -0.08957 0.30061 -0.94952
vn -0.00662 0.21638 -0.97629
vn -0.09168 0.21638 -0.97198
vn -0.00647 0.30061 -0.9537
vn 0.25367 0.79305 -0.55379
vn 0.30097 0.79302 -0.52959
vn 0.02957 0.9985 0.04578
vn 0.02979 0.9985 0.04563
vn 0.12867 -0.92355 -0.36116
vn 0.15964 -0.92358 -0.34855
vn -0.18735 -0.84307 -0.50407
vn -0.1427 -0.84307 -0.51851
vn 0.43092 0.73699 -0.52068
vn -0.04361 0.9985 -0.03269
vn -0.04349 0.9985 -0.03287
vn -0.04331 0.9985 -0.03308
vn 0.12867 0.92358 -0.36116
vn 0.19254 0.88668 -0.42033
vn 0.15964 0.92355 -0.34855
vn 0.11283 -0.73699 -0.66637
vn 0.15366 -0.79305 -0.58943
vn 0.10169 -0.79305 -0.60057
vn 0.17048 -0.73699 -0.65401
vn 0.09168 -0.21638 0.97198
vn 0.00647 -0.30061 0.9537
vn 0.08957 -0.30061 0.94952
vn 0.00662 -0.21638 0.97626
vn -0.64116 -0.67534 -0.36439
vn -0.67049 -0.67534 -0.30711
vn 0.57414 -0.13047 0.80825
vn 0.49388 -0.21638 0.84216
vn 0.56539 -0.21638 0.79592
vn 0.50154 -0.13047 0.85522
vn 0.58303 0.73699 -0.3419
vn 0.63616 0.67531 -0.37306
vn -0.40141 -0.60854 -0.68447
vn -0.3162 -0.67534 -0.66625
vn -0.37306 -0.67534 -0.63616
vn -0.34022 -0.60854 -0.71688
vn 0.4189 0.67531 -0.60698
vn 0.4702 0.67531 -0.56816
vn 0.38389 0.73699 -0.55626
vn 0.96323 -0.04361 -0.26511
vn 0.98267 0.04361 -0.18015
vn 0.01056 0.9913 -0.13117
vn 0.01746 0.97607 -0.21668
vn -0.03079 0.92358 0.38215
vn -0.05033 0.95343 0.29728
vn -0.064 0.92358 0.378
vn -0.02423 0.95343 0.30055
vn 0.86602 0.38255 -0.32188
vn 0.09671 0.92355 -0.37098
vn -0.29179 -0.95343 -0.07605
vn -0.21775 -0.92355 0.31553
vn 0.38215 0.92358 0.03079
vn 0.45585 0.88668 0.07718
vn 0.46083 0.88668 0.03714
vn 0.378 0.92358 0.064
vn -0.02698 -0.9985 0.04752
vn -0.02878 -0.9985 0.04627
vn -0.62297 -0.46159 0.63149
vn 0.21381 0.97607 -0.03919
vn 0.30018 0.95343 -0.02829
vn 0.21641 0.97607 -0.02042
vn -0.04825 -0.9985 0.02527
vn -0.04755 -0.99847 -0.02701
vn -0.0463 -0.9985 -0.02875
vn -0.56172 0.67531 0.47789
vn -0.99579 0.04361 -0.08029
vn 0.13099 0.9913 -0.01236
vn -0.88705 0.46159 0.00601
vn -0.92389 0.38255 0.00626
vn -0.88421 0.46159 -0.07129
vn -0.42778 -0.79305 0.43364
vn -0.40959 -0.84307 0.34846
vn -0.37767 -0.84307 0.38282
vn -0.00986 -0.99847 -0.0538
vn -0.00772 -0.9985 -0.05393
vn -0.22202 -0.92358 -0.31254
vn -0.15253 -0.95343 -0.26011
vn -0.17463 -0.95343 -0.24583
vn -0.19395 -0.92358 -0.3307
vn 0.29179 0.95343 0.07605
vn 0.29728 0.95343 0.05033
vn 0.21036 0.97607 0.05481
vn -0.0762 0.9913 -0.10727
vn -0.10996 0.97607 -0.18751
vn -0.12589 0.97607 -0.17722
vn -0.06656 0.9913 -0.1135
vn 0.15476 0.97607 0.15265
vn 0.19538 0.95343 0.22965
vn 0.21464 0.95343 0.21174
vn 0.14084 0.97607 0.16556
vn 0.18601 -0.67534 -0.71364
vn 0.12311 -0.67531 -0.72713
vn -0.3805 -0.88668 -0.26258
vn -0.41429 -0.84307 -0.34288
vn -0.35618 -0.88668 -0.29475
vn -0.44261 -0.84307 -0.30546
vn -0.07605 0.95343 0.29176
vn -0.07294 0.97607 0.20478
vn -0.1012 0.95343 0.28404
vn -0.05481 0.97607 0.21036
vn -0.60045 0.5371 -0.59236
vn -0.42708 0.67534 -0.60121
vn -0.00458 0.73699 -0.67586
vn -0.00497 0.67531 -0.73748
vn 0.56313 -0.13047 -0.81597
vn 0.63695 -0.04361 -0.76965
vn 0.6321 -0.13047 -0.76379
vn 0.56743 -0.04358 -0.82223
vn -0.09696 0.84307 -0.52895
vn -0.05719 0.79305 -0.60643
vn -0.10984 0.79302 -0.59914
vn -0.05048 0.84307 -0.53539
vn -0.94952 0.30061 0.08957
vn -0.97626 0.21638 0.00662
vn -0.97198 0.21638 0.09168
vn -0.9537 0.30061 0.00647
vn 0.76379 -0.13047 0.6321
vn 0.71178 -0.38255 0.58907
vn 0.67895 -0.30061 0.66979
vn 0.65773 -0.38255 0.64885
vn 0.69503 0.21638 0.68563
vn 0.618 0.30061 0.7264
vn 0.63262 0.21638 0.74361
vn 0.67895 0.30061 0.66979
vn -0.618 -0.30061 -0.7264
vn -0.53505 -0.38255 -0.7532
vn -0.59865 -0.38255 -0.7037
vn -0.55232 -0.30061 -0.77752
vn 0.37098 0.92358 0.09671
vn 0.4355 0.88668 0.15516
vn 0.44737 0.88668 0.11661
vn 0.36116 0.92358 0.12867
vn -0.68337 -0.46159 -0.56557
vn -0.6577 -0.38255 -0.64885
vn -0.63149 -0.46159 -0.62297
vn -0.71178 -0.38255 -0.58907
vn -0.34846 0.84307 -0.40959
vn -0.3947 0.79302 -0.46394
vn -0.31144 0.84307 -0.4384
vn 0.03168 0.99847 0.04456
vn -0.41676 -0.53713 0.73333
vn -0.47908 -0.5371 0.6942
vn -0.43831 -0.46159 0.77123
vn -0.04941 -0.99847 0.02344
vn -0.05194 -0.9985 0.01648
vn -0.05267 -0.9985 0.0145
vn -0.05124 -0.99847 0.01904
vn -0.13297 -0.67531 -0.72539
vn -0.12186 -0.73699 -0.66478
vn -0.11963 -0.9913 -0.05478
vn -0.04862 -0.9985 -0.0246
vn -0.04971 -0.99847 -0.02277
vn -0.0484 -0.9985 -0.02503
vn -0.11438 -0.9913 -0.065
vn -0.04852 -0.9985 -0.02481
vn 0.05057 0.9985 0.02029
vn -0.76507 -0.60854 0.21058
vn -0.78051 -0.60854 0.14307
vn -0.25309 0.30061 -0.91952
vn 0.03977 -0.9985 -0.03726
vn 0.03995 -0.9985 -0.03708
vn -0.32469 -0.88668 0.32914
vn 0.05039 -0.9985 0.02072
vn 0.12394 -0.9913 0.04413
vn 0.05057 -0.9985 0.02026
vn 0.05152 -0.99847 0.01834
vn 0.05048 -0.9985 0.02048
vn 0.28404 0.95343 0.1012
vn 0.19764 0.97607 0.09052
vn 0.27415 0.95343 0.12555
vn 0.20478 0.97607 0.07294
vn 0.07666 -0.30061 -0.95065
vn 0.46028 0.88668 -0.0434
vn 0.38337 0.92358 -0.00259
vn 0.46232 0.88668 -0.00311
vn 0.3817 0.92355 -0.03598
vn -0.26774 -0.88668 -0.3769
vn -0.23545 0.73699 -0.63353
vn -0.28977 0.73699 -0.61058
vn -0.88314 0.46159 0.08329
vn -0.84347 0.53713 0.00571
vn 0.7112 -0.04358 0.70159
vn 0.64736 -0.04358 0.76092
vn 0.00696 0.9985 -0.05405
vn 0.00678 0.9985 -0.05408
vn 0.02829 -0.95343 0.30021
vn 0.00204 -0.95343 0.30152
vn 0.91968 -0.21638 0.32768
vn 0.8984 -0.30061 0.32008
vn 0.30815 -0.79302 0.52544
vn 0.28977 -0.73699 0.61058
vn 0.26115 -0.79302 0.55031
vn 0.3419 -0.73699 0.58303
vn 0.15476 -0.97607 0.15265
vn 0.14084 -0.97607 0.16556
vn 0.08527 0.9913 0.10022
vn -0.76965 0.04361 -0.63695
vn -0.76965 -0.04361 -0.63695
vn -0.79592 0.21635 0.56539
vn -0.10504 0.95343 -0.28263
vn -0.13358 0.92358 -0.35936
vn 0.67586 0.73699 -0.00458
vn 0.60717 0.79302 0.04895
vn 0.6737 0.73699 0.05432
vn -0.79064 -0.53713 0.29386
vn -0.76202 -0.5371 0.36164
vn -0.83148 -0.46159 0.30903
vn -0.09308 0.13047 -0.98706
vn -0.00671 0.13047 -0.99142
vn -0.45585 -0.88668 -0.07718
vn -0.24818 -0.95343 -0.17127
vn -0.16746 -0.97607 -0.13858
vn -0.1789 -0.97607 -0.12345
vn -0.23228 -0.95343 -0.19224
vn -0.03485 -0.99847 0.04215
vn -0.03635 -0.9985 0.04056
vn -0.07718 -0.88668 0.45585
vn -0.11661 -0.88668 0.44737
vn 0.24583 0.95343 -0.1746
vn 0.18751 0.97607 -0.10996
vn 0.26011 0.95343 -0.15253
vn 0.02921 0.9985 -0.04602
vn 0.02893 0.9985 -0.04617
vn 0.42506 -0.13047 0.89569
vn 0.34013 -0.21638 0.91513
vn 0.41859 -0.21638 0.88198
vn 0.34541 -0.13047 0.92932
vn 0.44737 -0.88668 0.11661
vn 0.37098 -0.92358 0.09671
vn 0.04602 -0.9985 0.02918
vn 0.10828 -0.9913 0.07474
vn 0.04614 -0.9985 0.02896
vn -0.93643 -0.04361 0.34803
vn -0.93643 0.04361 0.34803
vn -0.17603 0.21638 -0.9603
vn 0.24442 0.92358 -0.29536
vn 0.29478 0.88668 -0.35618
vn -0.03726 -0.9985 -0.03974
vn -0.03708 -0.9985 -0.03992
vn -0.92932 0.13047 0.34541
vn -0.96323 0.04361 0.26511
vn -0.9559 0.13047 0.2631
vn 0.43831 0.46159 -0.77123
vn 0.50386 0.46159 -0.73009
vn 0.41676 0.5371 -0.73333
vn 0.02097 0.9985 0.05029
vn -0.45585 0.88668 -0.07718
vn -0.37098 0.92355 -0.09668
vn -0.4474 0.88668 -0.11658
vn -0.378 0.92355 -0.064
vn -0.38215 0.92355 -0.03079
vn -0.29728 0.95343 -0.05033
vn -0.30055 0.95343 -0.02423
vn -0.07474 0.9913 0.10828
vn -0.02899 0.9985 0.04614
vn -0.02924 0.9985 0.04602
vn -0.03104 0.99847 0.04498
vn -0.9603 -0.21638 0.17606
vn -0.97198 -0.21638 0.09168
vn 0.29386 0.5371 0.79064
vn 0.23539 0.46159 0.85525
vn 0.30903 0.46159 0.83151
vn 0.22382 0.5371 0.81326
vn 0.74749 -0.60854 0.2663
vn 0.76785 -0.60854 0.20014
vn -0.695 0.21638 -0.68563
vn -0.42668 -0.5371 -0.72759
vn -0.55031 0.79302 0.26118
vn -0.63353 0.73699 0.23548
vn -0.61061 0.73699 0.28977
vn -0.57097 0.79302 0.21223
vn 0.3817 -0.92358 -0.03601
vn 0.46028 -0.88668 -0.04343
vn -0.39613 0.38255 -0.83468
vn -0.32188 0.38255 -0.86602
vn -0.22684 -0.73699 0.63668
vn -0.17048 -0.73699 0.65401
vn 0.52544 0.79305 -0.30815
vn 0.2631 -0.1305 0.95587
vn 0.17606 -0.21638 0.9603
vn 0.25907 -0.21638 0.94128
vn 0.17878 -0.13047 0.97519
vn -0.76519 0.46159 0.44874
vn -0.72317 0.46159 0.51372
vn 0.96258 0.21638 0.163
vn 0.30903 -0.46159 0.83151
vn 0.38032 -0.46159 0.80139
vn 0.32188 -0.38255 0.86602
vn 0.04022 0.9985 0.03671
vn 0.03888 0.99847 0.03839
vn -0.21668 0.97607 -0.01746
vn -0.21433 0.97607 -0.03629
vn 0.22394 -0.84307 -0.48894
vn 0.22843 -0.88668 -0.40196
vn 0.19254 -0.88668 -0.42033
vn 0.26572 -0.84307 -0.46754
vn -0.59865 0.38255 -0.7037
vn -0.55232 0.30061 -0.77752
vn -0.618 0.30061 -0.7264
vn -0.53505 0.38255 -0.7532
vn 0.00516 -0.99847 0.05445
vn -0.32011 0.30061 0.8984
vn -0.3101 0.38255 0.87033
vn -0.78237 -0.60854 -0.13248
vn 0.29536 -0.92358 0.24442
vn 0.32914 -0.88668 0.32469
vn 0.27293 -0.92358 0.26923
vn 0.35618 -0.88668 0.29478
vn -0.71105 0.67531 0.19572
vn -0.72539 0.67531 0.13297
vn 0.38337 -0.92358 -0.00259
vn 0.46083 -0.88668 0.03714
vn 0.38215 -0.92358 0.03082
vn 0.46232 -0.88668 -0.00311
vn 0.90136 0.1305 0.41288
vn 0.4384 0.84307 -0.31144
vn 0.46388 0.84307 -0.27204
vn -0.91968 -0.21638 -0.32762
vn -0.90136 -0.13047 -0.41288
vn -0.8876 -0.21638 -0.40657
vn -0.93393 -0.13047 -0.33268
vn -0.63695 -0.04361 0.76965
vn -0.6321 -0.13047 0.76379
vn -0.56743 -0.04361 0.82223
vn -0.70577 -0.1305 -0.69628
vn 0.65401 -0.73699 0.17048
vn 0.69472 -0.67534 0.24751
vn 0.71364 -0.67534 0.18601
vn -0.78494 0.30061 -0.5417
vn -0.71178 0.38255 -0.58904
vn -0.73473 0.30061 -0.60805
vn -0.7604 0.38255 -0.52477
vn 0.02704 0.99847 -0.04755
vn 0.02503 0.9985 -0.0484
vn -0.73006 -0.46159 -0.50386
vn -0.6498 -0.5371 -0.5378
vn -0.6942 -0.5371 -0.47911
vn -0.51793 -0.67531 0.52501
vn 0.43364 0.79302 0.42778
vn 0.38282 0.84307 0.37767
vn -0.0459 -0.9985 0.02939
vn -0.1135 -0.9913 0.06653
vn -0.04712 -0.9985 0.02762
vn -0.04559 -0.9985 0.02979
vn -0.04459 -0.99847 0.03165
vn -0.04575 -0.9985 0.02957
vn -0.19538 0.95343 -0.22965
vn -0.22202 0.92355 -0.31254
vn -0.24842 0.92358 -0.292
vn -0.17463 0.95343 -0.2458
vn -0.94128 0.21635 0.25907
vn -0.93808 0.30061 0.17197
vn -0.9603 0.21635 0.17603
vn -0.91952 0.30061 0.25309
vn -0.63353 -0.73699 0.23545
vn -0.71105 -0.67531 0.19572
vn -0.65163 -0.73699 0.17936
vn -0.69127 -0.67531 0.25694
vn -0.3769 -0.88668 0.26774
vn -0.35212 -0.88668 0.29957
vn -0.4384 -0.84307 0.31144
vn -0.48582 -0.84307 0.23057
vn -0.46388 -0.84307 0.27204
vn -0.19538 -0.95343 -0.22965
vn -0.24842 -0.92358 -0.292
vn 0.39207 0.60854 -0.68987
vn 0.33045 0.60854 -0.7214
vn -0.81445 -0.04361 0.57857
vn -0.45476 -0.88668 0.08335
vn -0.53539 -0.84307 0.05048
vn -0.46028 -0.88668 0.0434
vn -0.52895 -0.84307 0.09696
vn -0.27412 0.95343 -0.12555
vn -0.33332 0.92358 -0.18943
vn -0.34855 0.92358 -0.15964
vn -0.03977 0.9985 0.03726
vn -0.03995 0.9985 0.03708
vn 0.89077 0.38255 -0.24516
vn -0.5649 -0.60854 -0.55727
vn -0.52501 -0.67534 -0.51793
vn 0.24583 -0.95343 -0.17463
vn 0.22965 -0.95343 -0.19538
vn -0.26118 -0.79302 -0.55031
vn -0.30815 -0.79305 -0.52544
vn 0.61449 0.73699 0.28147
vn -0.19639 -0.97607 0.0932
vn -0.11887 -0.9913 0.0564
vn -0.18751 -0.97607 0.10996
vn 0.60045 -0.5371 0.59236
vn 0.5649 -0.60854 0.55727
vn 0.21641 -0.97607 -0.02042
vn 0.30152 -0.95343 -0.00204
vn 0.21738 -0.97607 -0.00146
vn 0.30021 -0.95343 -0.02832
vn -0.03165 0.9985 -0.04456
vn -0.03366 0.9985 -0.04288
vn -0.03345 0.9985 -0.043
vn -0.03323 0.9985 -0.04315
vn 0.23231 -0.95343 0.19224
vn 0.16746 -0.97607 0.13858
vn 0.00311 -0.88668 0.46232
vn 0.00259 -0.92358 0.38337
vn -0.03714 -0.88668 0.46083
vn -0.71685 0.60854 0.34022
vn -0.05768 -0.97607 -0.20957
vn -0.03491 -0.9913 -0.12683
vn 0.64245 -0.5371 -0.54656
vn 0.60439 -0.60854 -0.51418
vn 0.07425 0.38255 -0.92093
vn 0.07129 0.46159 -0.88421
vn -0.55452 0.21635 0.80352
vn -0.76379 -0.13047 -0.6321
vn -0.01648 -0.9985 -0.05191
vn -0.01447 -0.9985 -0.05267
vn 0.00983 -0.99847 0.05377
vn 0.00775 -0.9985 0.05393
vn -0.15995 0.46159 -0.87252
vn -0.1666 0.38255 -0.90875
vn -0.04718 0.99847 0.02768
vn -0.27415 -0.95343 -0.12555
vn -0.28404 -0.95343 -0.10117
vn 0.7214 0.60854 0.33045
vn 0.73333 0.5371 0.41676
vn 0.76687 0.5371 0.35127
vn 0.68987 0.60854 0.39207
vn 0.04941 0.99847 -0.02344
vn 0.11887 0.9913 -0.0564
vn 0.05008 0.9985 -0.02139
vn 0.0502 0.9985 -0.02118
vn 0.05033 0.9985 -0.02097
vn 0.05124 0.99847 -0.01904
vn 0.27644 -0.60854 0.7438
vn 0.22382 -0.5371 0.81326
vn 0.21058 -0.60854 0.76507
vn 0.29386 -0.5371 0.79064
vn 0.03363 0.9985 0.04285
vn 0.83999 -0.38255 0.38475
vn 0.77123 -0.46159 0.43831
vn 0.80648 -0.46159 0.36943
vn 0.29661 -0.95343 -0.05435
vn 0.35276 0.79302 0.4966
vn 0.064 0.92355 -0.378
vn 0.03079 0.92355 -0.38215
vn 0.29072 -0.95343 -0.08002
vn -0.35276 -0.79305 -0.4966
vn -0.3419 -0.73699 -0.58303
vn 0.86178 -0.04361 -0.50539
vn 0.81445 -0.04358 -0.57857
vn 0.0051 0.99847 0.05448
vn 0.0072 0.9985 0.05402
vn -0.97314 -0.21638 -0.07846
vn -0.07666 0.30061 0.95065
vn -0.15424 0.38255 0.91095
vn -0.15922 0.30061 0.94034
vn 0.34855 0.92358 0.15964
vn 0.26215 0.95343 0.14896
vn -0.25007 -0.13047 0.95938
vn -0.33531 -0.04361 0.94107
vn -0.33274 -0.13047 0.93393
vn -0.25199 -0.04361 0.96673
vn -0.57418 0.13047 -0.80825
vn -0.49385 0.21638 -0.84216
vn -0.50154 0.13047 -0.85522
vn -0.56539 0.21638 -0.79592
vn 0.45585 -0.88668 0.07718
vn 0.378 -0.92358 0.064
vn 0.22684 -0.73699 -0.63668
vn 0.24751 -0.67534 -0.69469
vn -0.6729 0.73699 0.06348
vn -0.73424 0.67531 0.06925
vn -0.66482 0.73699 0.12186
vn 0.01648 -0.9985 0.05194
vn 0.01453 -0.9985 0.05267
vn -0.00913 0.99847 0.0539
vn -0.03317 0.9913 0.12732
vn -0.02197 0.9913 0.12973
vn -0.0112 0.9985 0.05335
vn -0.01141 0.9985 0.05329
vn -0.01163 0.9985 0.05322
vn -0.01379 0.99847 0.05292
vn 0.05927 -0.67531 -0.7351
vn 0.05432 -0.73699 -0.6737
vn 0.8876 0.21638 0.40657
vn 0.82916 0.30061 0.47124
vn 0.84878 0.21638 0.48238
vn 0.86709 0.30061 0.39717
vn -0.06348 0.73699 -0.67287
vn -0.00412 0.79305 -0.60912
vn -0.93393 0.13047 -0.33268
vn -0.95938 0.13047 -0.25004
vn -0.5417 0.30061 0.78494
vn 0.09366 0.9913 0.09241
vn -0.14084 0.97607 -0.16556
vn 0.67565 -0.46159 -0.57479
vn -0.72713 -0.67531 -0.12311
vn -0.7351 -0.67531 -0.05927
vn -0.06925 -0.67531 -0.73421
vn -0.69472 0.67531 -0.24747
vn -0.74749 0.60854 -0.26627
vn -0.71364 0.67531 -0.18598
vn -0.05322 -0.9985 -0.01163
vn -0.05292 -0.99847 -0.01376
vn -0.05393 -0.99847 -0.00913
vn -0.84216 0.21635 0.49388
vn -0.8616 0.30061 0.40892
vn -0.88202 0.21635 0.41859
vn 0.99902 -0.04358 -0.00678
vn 0.99579 -0.04358 0.08029
vn 0.24842 0.92355 0.292
vn 0.27293 0.92355 0.26923
vn -0.14307 0.60854 -0.78048
vn -0.21055 0.60854 -0.76504
vn -0.04212 -0.9985 -0.03482
vn -0.04059 -0.9985 -0.03635
vn 0.40141 0.60854 0.68447
vn 0.36164 0.5371 0.76202
vn 0.42668 0.5371 0.72759
vn 0.99463 0.04361 -0.09381
vn -0.05304 -0.9985 0.01239
vn -0.0246 -0.9985 0.04862
vn -0.02478 -0.9985 0.04849
vn 0.07666 0.30061 -0.95065
vn 0.07846 0.21638 -0.97314
vn 0.16297 0.21638 -0.96258
vn -0.86856 0.04358 -0.49361
vn -0.82223 -0.04361 -0.56746
vn -0.86856 -0.04358 -0.49361
vn -0.82223 0.04361 -0.56746
vn 0.9603 -0.21638 -0.17606
vn -0.46083 0.88668 -0.03714
vn -0.00662 -0.21638 -0.97626
vn -0.00671 -0.13047 -0.99142
vn 0.12348 -0.97607 -0.1789
vn 0.13858 -0.97607 -0.16746
vn 0.17127 -0.95343 -0.24815
vn 0.05445 -0.9985 0.00174
vn -0.29536 -0.92358 -0.24442
vn -0.31553 -0.92358 -0.21775
vn 0.57857 -0.04361 0.81445
vn 0.50536 -0.04361 0.86178
vn -0.99902 -0.04361 0.00678
vn -0.99142 -0.13047 0.00671
vn -0.21278 0.5371 0.81622
vn -0.29771 0.46159 0.83563
vn -0.22376 0.46159 0.85839
vn -0.28309 0.5371 0.79458
vn 0.00253 -0.9985 0.05441
vn 0.0004 -0.99847 0.05469
vn 0.16437 0.92355 0.34635
vn 0.13358 0.92355 0.35936
vn 0.20014 -0.60854 -0.76785
vn 0.28309 -0.5371 -0.79455
vn 0.2663 -0.60854 -0.74746
vn -0.33045 0.60854 0.72143
vn -0.41676 0.5371 0.73333
vn -0.35127 0.5371 0.76687
vn -0.39207 0.60854 0.68987
vn 0.4565 0.38255 -0.80325
vn -0.95587 -0.13047 0.2631
vn -0.92932 -0.13047 0.34541
vn -0.96323 -0.04361 0.26511
vn -0.07968 -0.13047 0.98822
vn -0.16678 -0.04361 0.98502
vn -0.1655 -0.13047 0.97751
vn -0.08029 -0.04361 0.99579
vn 0.41429 -0.84307 0.34288
vn 0.38282 -0.84307 0.37767
vn 0.57097 -0.79305 -0.21223
vn 0.55028 -0.79305 -0.26118
vn 0.1135 0.9913 -0.06656
vn -0.12268 0.88668 -0.44575
vn -0.1427 0.84307 -0.51848
vn -0.16108 0.88668 -0.43336
vn 0.64241 -0.13047 0.75515
vn 0.63259 -0.21638 0.74361
vn -0.01746 0.97607 0.21668
vn 0.00146 0.97607 0.21738
vn 0.15253 0.95343 0.26011
vn 0.38389 -0.73699 -0.55626
vn 0.38835 -0.79305 -0.46928
vn 0.34599 -0.79305 -0.50133
vn -0.02344 0.99847 -0.04941
vn -0.02524 0.9985 -0.04828
vn 0.11963 0.9913 0.05478
vn 0.04752 0.99847 0.02701
vn 0.11438 0.9913 0.065
vn 0.04971 0.99847 0.02277
vn 0.04862 0.9985 0.02463
vn 0.04852 0.9985 0.02484
vn 0.0484 0.9985 0.02503
vn -0.00311 -0.88668 -0.46232
vn 0.04321 -0.84307 -0.53603
vn 0.03717 -0.88668 -0.46083
vn -0.00363 -0.84307 -0.53777
vn 0.33531 0.04358 -0.94107
vn 0.25199 0.04358 -0.96673
vn -0.79348 0.60854 0.00537
vn -0.7351 0.67531 -0.05927
vn -0.73748 0.67531 0.00501
vn -0.26011 0.95343 0.15253
vn -0.18751 0.97607 0.10996
vn -0.72539 -0.67531 0.13297
vn 0.23386 0.88668 0.39882
vn 0.72143 -0.60854 0.33045
vn 0.04346 -0.9985 0.03287
vn 0.04331 -0.9985 0.03305
vn 0.13157 0.9913 -0.00089
vn 0.05451 0.99847 0.00436
vn 0.05448 0.9985 0.00177
vn 0.05445 0.9985 0.00201
vn 0.05445 0.9985 0.00223
vn 0.00439 0.9985 -0.05448
vn -0.00031 0.99847 -0.05469
vn 0.00171 0.9985 -0.05448
vn 0.00192 0.9985 -0.05448
vn 0.00226 0.9985 -0.05445
vn -0.69127 0.67531 0.25694
vn -0.65166 0.73699 0.17936
vn -0.163 0.21638 0.96258
vn -0.07846 0.21638 0.97314
vn 0.30543 0.84307 -0.44261
vn 0.26569 0.84307 -0.46754
vn -0.26569 0.84307 0.46754
vn -0.22394 0.84307 0.48891
vn -0.81622 -0.53713 -0.21271
vn -0.79458 -0.5371 -0.28306
vn -0.61132 -0.60854 -0.50591
vn 0.41288 0.13047 -0.90136
vn 0.33274 0.13047 -0.93393
vn 0.21058 0.60854 0.76504
vn 0.13297 0.67531 0.72539
vn 0.14307 0.60854 0.78048
vn 0.19568 0.67531 0.71105
vn -0.56539 -0.21638 -0.79592
vn -0.63262 -0.21638 -0.74361
vn 0.05411 -0.9985 0.0065
vn 0.05408 -0.9985 0.00671
vn 0.22394 0.84307 -0.48891
vn 0.06348 0.73699 0.6729
vn 0.06925 0.67531 0.73421
vn 0.12186 0.73699 0.66482
vn 0.84216 0.21638 -0.49388
vn 0.79592 0.21638 -0.56539
vn -0.91983 0.38255 0.08676
vn -0.90878 0.38255 0.1666
vn 0.06345 -0.73699 0.67287
vn 0.00501 -0.67531 0.73748
vn 0.00458 -0.73699 0.67586
vn 0.06925 -0.67531 0.73421
vn -0.09381 0.04361 -0.99463
vn -0.67895 0.30061 -0.66979
vn -0.63262 0.21638 -0.74361
vn -0.2631 -0.13047 -0.95587
vn -0.25907 -0.21638 -0.94128
vn 0.38475 -0.38255 -0.83999
vn 0.4565 -0.38255 -0.80325
vn -0.39717 -0.30061 0.86709
vn -0.4565 -0.38255 0.80325
vn -0.38475 -0.38255 0.83999
vn -0.47124 -0.30061 0.82916
vn -0.29386 0.5371 -0.79064
vn -0.22382 0.5371 -0.81326
vn -0.27644 0.60854 -0.7438
vn 0.12186 -0.73699 0.66478
vn 0.13297 -0.67534 0.72539
vn 0.83975 -0.53713 -0.0792
vn 0.88705 -0.46159 -0.00601
vn 0.84347 -0.5371 -0.00571
vn 0.88314 -0.46159 -0.08329
vn 0.03629 0.97607 -0.21433
vn 0.07605 0.95343 -0.29176
vn 0.05033 0.95343 -0.29728
vn 0.05481 0.97607 -0.21033
vn 0.07968 0.1305 -0.98822
vn 0.1655 0.1305 -0.97751
vn -0.03327 -0.9985 -0.04315
vn -0.03162 -0.9985 -0.04456
vn -0.44575 -0.88668 0.12268
vn -0.37709 -0.92358 0.06912
vn -0.36964 -0.92355 0.10175
vn 0.21775 -0.92358 -0.31553
vn -0.03629 -0.97607 0.21433
vn -0.05484 -0.97607 0.21033
vn -0.03265 0.9985 0.04361
vn -0.72143 -0.60854 -0.33045
vn -0.68987 -0.60854 -0.39207
vn 0.73424 0.67531 -0.06925
vn 0.79 0.60854 -0.07453
vn 0.73748 0.67531 -0.00497
vn -0.00458 -0.73699 -0.67586
vn 0.04895 -0.79305 -0.60717
vn -0.00412 -0.79305 -0.60912
vn 0.38032 0.46159 0.80139
vn 0.32188 0.38255 0.86602
vn 0.39613 0.38255 0.83468
vn -0.01233 -0.9913 -0.13099
vn -0.07425 -0.38255 0.92093
vn -0.14808 -0.46159 0.87463
vn -0.07129 -0.46159 0.88421
vn -0.15424 -0.38255 0.91095
vn 0.76504 -0.60854 -0.21058
vn 0.78051 -0.60854 -0.14307
vn -0.80352 -0.21638 -0.55452
vn -0.78494 -0.30061 -0.5417
vn 0.8984 0.30061 0.32008
vn 0.91968 0.21638 0.32768
vn 0.00909 0.99847 -0.05393
vn 0.01453 0.99847 0.05277
vn 0.01654 0.9985 0.05194
vn 0.68563 0.21635 -0.695
vn 0.74361 0.21638 -0.63262
vn 0.66979 0.30061 -0.67895
vn 0.07718 -0.88668 -0.45585
vn 0.08979 -0.84307 -0.53023
vn 0.44261 -0.84307 0.30546
vn -0.31254 -0.92358 0.22202
vn -0.39882 -0.88668 0.23386
vn -0.3307 -0.92358 0.19395
vn 0.36164 -0.5371 0.76202
vn 0.03491 -0.9913 0.12687
vn 0.01236 -0.9985 0.05307
vn 0.0119 -0.9985 0.05316
vn 0.02371 -0.9913 0.1294
vn 0.01212 -0.9985 0.05313
vn -0.05448 0.9985 -0.00174
vn 0.94473 0.21638 0.24625
vn -0.02524 -0.9985 -0.04828
vn -0.02341 -0.9985 -0.04938
vn 0.66625 0.67531 -0.3162
vn -0.4702 0.67531 0.56816
vn -0.55727 0.60854 0.56487
vn -0.51793 0.67531 0.52501
vn 0.74377 0.60854 -0.27644
vn 0.71685 0.60854 -0.34022
vn -0.17197 0.30061 -0.93811
vn 0.65166 0.73699 -0.17936
vn 0.5873 0.79302 -0.16163
vn 0.76092 0.04358 -0.64736
vn 0.75512 0.13047 -0.64241
vn 0.03317 0.9913 -0.12732
vn 0.02194 0.9913 -0.12973
vn 0.0112 0.9985 -0.05332
vn 0.01144 0.9985 -0.05329
vn 0.01163 0.9985 -0.05322
vn 0.01379 0.9985 -0.05289
vn 0.02527 -0.9985 0.04828
vn 0.02344 -0.99847 0.04941
vn 0.23545 0.73699 0.63353
vn 0.17936 0.73699 0.65166
vn 0.02042 0.97607 0.21641
vn 0.01236 0.9913 0.13099
vn -0.43092 0.73699 0.52068
vn -0.47465 0.73699 0.48115
vn -0.21738 0.97607 0.00146
vn -0.30152 0.95343 0.00204
vn -0.21641 0.97607 0.02039
vn 0.46394 -0.79305 -0.3947
vn -0.43364 -0.79305 -0.42778
vn -0.38282 -0.84307 -0.37767
vn 0.92288 0.30061 0.24058
vn -0.01834 0.99847 0.05152
vn -0.04416 0.9913 0.12397
vn -0.01581 0.9985 0.05216
vn -0.01599 0.9985 0.0521
vn -0.01621 0.9985 0.052
vn -0.16437 -0.92358 -0.34635
vn -0.12928 -0.95343 -0.27241
vn -0.06378 -0.60854 0.79095
vn -0.06781 -0.5371 0.84075
vn -0.5417 -0.30061 0.78494
vn -0.02918 -0.9985 0.04602
vn -0.03107 -0.99847 0.04498
vn -0.02899 -0.9985 0.04614
vn 0.73424 -0.67531 -0.06925
vn 0.79 -0.60854 -0.07453
vn 0.76687 -0.5371 0.35127
vn -0.08975 0.84307 0.53023
vn -0.07718 0.88668 0.45585
vn -0.42778 0.79302 0.43364
vn -0.38838 0.79302 0.46928
vn -0.97751 0.13047 -0.16553
vn -0.94473 0.21638 -0.24622
vn -0.96258 0.21638 -0.163
vn 0.00647 0.30061 0.9537
vn -0.60436 0.60854 0.51418
vn -0.64245 0.5371 0.54656
vn 0.25309 -0.30061 0.91952
vn 0.33226 -0.30061 0.89398
vn 0.48985 -0.13047 -0.86196
vn 0.55452 -0.21638 -0.80352
vn 0.22202 0.92355 0.31254
vn 0.03079 -0.92358 -0.38215
vn -0.00259 -0.92358 -0.38337
vn 0.20444 -0.79305 -0.57381
vn 0.189 0.97607 0.10739
vn -0.7604 -0.38255 -0.52477
vn 0.08676 -0.38255 0.91983
vn 0.00601 -0.46159 0.88705
vn 0.08332 -0.46159 0.88314
vn 0.00626 -0.38255 0.92389
vn 0.05445 -0.9985 0.00223
vn 0.13114 -0.9913 0.01056
vn 0.05448 -0.99847 0.00439
vn 0.05445 -0.9985 0.00198
vn -0.71688 -0.60854 0.34022
vn 0.05329 -0.9985 0.01141
vn 0.05322 -0.9985 0.01166
vn 0.75512 -0.13047 -0.64241
vn 0.76092 -0.04358 -0.64736
vn -0.15476 -0.97607 -0.15265
vn -0.21467 -0.95343 -0.21177
vn -0.35127 -0.5371 0.76687
vn 0.42833 -0.04361 0.90255
vn 0.50536 0.04361 0.86178
vn 0.35212 0.88668 -0.29957
vn 0.40959 0.84307 -0.34846
vn 0.32469 0.88668 -0.32914
vn -0.29386 -0.5371 -0.79064
vn 0.5873 -0.79305 -0.16163
vn 0.17197 -0.30061 0.93808
vn 0.1666 -0.38255 0.90875
vn -0.79 -0.60854 0.0745
vn -0.08029 0.04361 0.99579
vn -0.16678 0.04361 0.98502
vn -0.11887 0.9913 0.0564
vn -0.05124 0.99847 0.01904
vn -0.12333 0.9913 0.04584
vn -0.04941 0.99847 0.02344
vn -0.05011 0.9985 0.02139
vn -0.05023 0.9985 0.02118
vn -0.05029 0.9985 0.02097
vn 0.79348 -0.60854 -0.00537
vn 0.31553 -0.92358 0.21775
vn 0.57857 0.04361 0.81445
vn 0.18943 -0.92358 -0.33332
vn -0.48247 0.30061 -0.82269
vn -0.01376 -0.99847 0.05289
vn -0.01581 -0.9985 0.05216
vn -0.24442 -0.92355 0.29536
vn -0.26011 -0.95343 0.15253
vn -0.24583 -0.95343 0.17463
vn -0.16297 -0.21635 0.96258
vn -0.07846 -0.21635 0.97314
vn 0.6664 -0.73699 0.11283
vn -0.38032 -0.46159 -0.80139
vn -0.36164 -0.5371 -0.76202
vn -0.44874 -0.46159 -0.76519
vn 0.86856 0.04361 0.49364
vn 0.40959 -0.84307 -0.34846
vn 0.4384 -0.84307 -0.31144
vn -0.00647 -0.30061 -0.9537
vn 0.19395 0.92355 0.3307
vn 0.19822 0.88668 0.41768
vn 0.05048 0.9985 0.02051
vn 0.05039 0.9985 0.02072
vn 0.1012 0.95343 -0.28404
vn 0.09052 0.97607 -0.19764
vn 0.12555 0.95343 -0.27412
vn 0.07294 0.97607 -0.20478
vn 0.71105 0.67531 -0.19572
vn 0.78048 0.60854 -0.14307
vn 0.76504 0.60854 -0.21055
vn 0.72539 0.67531 -0.13297
vn 0.09668 -0.92358 -0.37098
vn 0.15516 -0.88668 -0.4355
vn 0.11661 -0.88668 -0.44737
vn 0.21668 -0.97607 0.01746
vn 0.30055 -0.95343 0.02423
vn 0.04315 -0.9985 -0.03327
vn 0.04459 -0.99847 -0.03165
vn 0.04288 -0.9985 -0.03363
vn 0.04166 -0.99847 -0.03543
vn 0.043 -0.9985 -0.03345
vn 0.73748 -0.67531 -0.00501
vn 0.7351 -0.67531 0.05927
vn -0.4507 -0.60854 0.65307
vn -0.1655 0.13047 0.97751
vn -0.07968 0.13047 0.98822
vn -0.60048 -0.5371 -0.59236
vn -0.57479 -0.46159 -0.67565
vn 0.21467 -0.95343 0.21177
vn 0.46754 -0.84307 0.26572
vn -0.25309 -0.30061 -0.91952
vn -0.33226 -0.30061 -0.89398
vn -0.02982 -0.9985 -0.04563
vn 0.03629 -0.97607 -0.21433
vn 0.02194 -0.9913 -0.12973
vn -0.05307 0.9985 0.01239
vn -0.05277 0.99847 0.01453
vn -0.97519 0.13047 0.17878
vn -0.98267 0.04361 0.18015
vn -0.60912 -0.79302 0.00412
vn 0.02503 -0.9985 -0.0484
vn 0.02698 -0.9985 -0.04752
vn 0.02463 -0.9985 -0.04862
vn 0.02484 -0.9985 -0.04849
vn 0.35127 0.5371 -0.76687
vn -0.97314 0.21638 -0.07846
vn -0.98822 0.1305 -0.07968
vn -0.21174 0.95343 0.21464
vn -0.26923 0.92358 0.27293
vn 0.09238 -0.9913 -0.09366
vn 0.08386 -0.9913 -0.10135
vn 0.15265 -0.97607 -0.15476
vn -0.37767 0.84307 0.38282
vn -0.32469 0.88668 0.32914
vn -0.12555 -0.95343 0.27415
vn -0.1012 -0.95343 0.28404
vn 0.21274 0.5371 -0.81622
vn 0.14081 0.5371 -0.83166
vn 0.20014 0.60854 -0.76785
vn -0.59236 0.5371 0.60048
vn 0.01627 0.9985 -0.052
vn 0.01834 0.99847 -0.05148
vn 0.48848 0.5371 0.68764
vn 0.45952 0.60854 0.6469
vn 0.02915 -0.9985 -0.04602
vn 0.03107 -0.99847 -0.04498
vn 0.86193 0.13047 0.48988
vn -0.90136 0.13047 -0.41288
vn -0.84878 0.21638 -0.48238
vn -0.86196 0.13047 -0.48988
vn -0.8876 0.21638 -0.40657
vn -0.16746 0.97607 -0.13858
vn -0.18049 0.84307 0.50658
vn 0.57479 0.46159 0.67565
vn 0.54656 0.5371 0.64245
vn 0.20478 -0.97607 0.07294
vn -0.89569 0.13047 0.42509
vn -0.91513 0.21635 0.34013
vn -0.66979 0.30061 0.67895
vn 0.84878 -0.21638 0.48238
vn -0.01907 0.99847 -0.05127
vn -0.04584 0.9913 -0.12333
vn -0.017 0.9985 -0.05179
vn -0.1135 0.9913 0.06656
vn 0.03171 -0.99847 0.04459
vn 0.02979 -0.9985 0.04563
vn -0.23228 0.95343 -0.19224
vn 0.83999 0.38255 0.38475
vn 0.51418 0.60854 0.60436
vn 0.42711 0.67531 0.60121
vn -0.08335 -0.88668 -0.45476
vn -0.05051 -0.84307 -0.53539
vn -0.0434 -0.88668 -0.46028
vn -0.09696 -0.84307 -0.52895
vn -0.26774 0.88668 -0.3769
vn -0.19395 0.92358 -0.3307
vn -0.23386 0.88668 -0.39882
vn 0.18049 -0.84307 -0.50658
vn 0.13565 -0.84307 -0.52037
vn -0.23304 0.38255 0.89404
vn -0.24058 0.30061 0.92288
vn 0.53603 0.84307 0.04321
vn 0.13245 -0.60854 -0.78237
vn 0.80352 0.21638 0.55452
vn 0.23057 -0.84307 0.48582
vn -0.69628 -0.13047 0.7058
vn -0.20377 0.97607 0.07572
vn -0.29072 0.95343 0.07999
vn -0.28263 0.95343 0.10504
vn -0.2096 0.97607 0.05768
vn -0.7438 -0.60854 0.27644
vn -0.36116 0.92358 -0.12864
vn 0.1666 0.38255 0.90878
vn 0.08957 0.30061 0.94952
vn 0.08676 0.38255 0.91983
vn 0.05033 -0.95343 -0.29731
vn 0.05481 -0.97607 -0.21033
vn 0.07605 -0.95343 -0.29179
vn 0.42033 0.88668 0.19254
vn -0.02097 -0.9985 -0.05029
vn -0.01901 -0.9985 -0.05121
vn -0.1521 0.5371 -0.82965
vn -0.03891 -0.99847 -0.03836
vn -0.80648 -0.46159 -0.36943
vn -0.73333 -0.5371 -0.41676
vn -0.76687 -0.5371 -0.35127
vn -0.77123 -0.46159 -0.43831
vn -0.13858 0.97607 0.16746
vn -0.15265 0.97607 0.15476
vn -0.29072 -0.95343 0.08002
vn -0.57381 0.79302 -0.20441
vn -0.48891 0.84307 -0.22394
vn -0.55379 0.79302 -0.25367
vn -0.50658 0.84307 -0.18046
vn -0.19224 -0.95343 0.23231
vn -0.26923 -0.92355 0.27293
vn -0.21177 -0.95343 0.21467
vn -0.05188 0.9985 0.01672
vn -0.05194 0.9985 0.01651
vn -0.04328 -0.9985 -0.03305
vn -0.0932 0.97607 -0.19639
vn -0.0564 0.9913 -0.11887
vn -0.30152 -0.95343 0.00201
vn -0.85839 -0.46159 -0.2237
vn -0.83563 -0.46159 -0.29768
vn -0.99463 -0.04361 0.09381
vn -0.98706 -0.13047 0.09311
vn -0.15476 0.97607 -0.15265
vn -0.00696 0.9985 0.05405
vn 0.09168 0.21638 0.97198
vn 0.32914 0.88668 0.32469
vn 0.29536 0.92355 0.24442
vn 0.00247 0.9985 0.05445
vn 0.00671 -0.13047 0.99142
vn 0.66482 0.73699 -0.12186
vn 0.6729 0.73699 -0.06345
vn -0.24625 0.21638 0.94473
vn -0.25007 0.13047 0.95938
vn 0.92093 -0.38255 0.07425
vn 0.95065 -0.30061 0.07666
vn 0.02933 -0.9985 0.0459
vn 0.02765 -0.99847 0.04715
vn 0.50386 -0.46159 -0.73009
vn 0.52477 -0.38255 -0.7604
vn 0.71364 0.67531 0.18601
vn 0.74746 0.60854 0.2663
vn 0.76785 0.60854 0.20014
vn 0.69472 0.67531 0.24751
vn -0.6834 0.46159 -0.56557
vn -0.63149 0.46159 -0.62297
vn 0.88198 -0.21638 -0.41859
vn 0.92932 -0.13047 -0.34541
vn 0.89569 -0.13047 -0.42509
vn 0.21381 -0.97607 -0.03919
vn 0.34022 -0.60854 0.71685
vn 0.292 -0.92358 -0.24842
vn -0.86602 -0.38255 0.32188
vn -0.12867 -0.92358 0.36116
vn -0.15516 -0.88668 0.43553
vn 0.89569 0.13047 -0.42509
vn 0.04416 0.9913 -0.12394
vn 0.01581 0.9985 -0.05216
vn 0.01599 0.9985 -0.0521
vn 0.10828 0.9913 0.07474
vn 0.0762 -0.9913 0.10727
vn 0.12589 -0.97607 0.17722
vn 0.02371 0.9913 0.12943
vn 0.00989 0.99847 0.05377
vn 0.00772 0.9985 0.05396
vn 0.00745 0.9985 0.05399
vn -0.02033 -0.9985 0.05057
vn -0.01831 -0.99847 0.05148
vn -0.02072 -0.9985 0.05039
vn -0.02277 -0.99847 0.04971
vn -0.02054 -0.9985 0.05048
vn -0.13248 0.60854 0.78237
vn -0.12311 0.67531 0.72713
vn -0.3769 0.88668 0.26774
vn -0.46388 0.84307 0.27204
vn -0.4384 0.84307 0.31144
vn -0.39882 0.88668 0.23386
vn -0.87463 0.46159 -0.14811
vn -0.52477 0.38255 0.7604
vn -0.14081 0.5371 0.83166
vn 0.39143 0.73699 0.55101
vn 0.37306 0.67531 0.63616
vn 0.3419 0.73699 0.58303
vn 0.69503 -0.21638 0.68563
vn 0.7058 -0.13047 0.69628
vn 0.01193 0.9985 0.05316
vn -0.46739 -0.38255 -0.79696
vn 0.88421 -0.46159 0.07129
vn 0.19224 0.95343 -0.23228
vn 0.26923 0.92355 -0.27293
vn -0.36164 0.5371 -0.76202
vn 0.07474 -0.9913 -0.10828
vn 0.91952 0.30061 -0.25309
vn -0.35212 0.88668 0.29957
vn -0.40959 0.84307 0.34846
vn -0.00497 -0.67531 -0.73748
vn -0.50407 0.84307 0.18735
vn -0.48582 0.84307 0.23057
vn 0.67049 0.67531 0.30711
vn -0.6321 0.13047 0.76379
vn -0.63695 0.04361 0.76965
vn 0.87033 -0.38255 0.3101
vn -0.03269 -0.9985 0.04361
vn -0.03287 -0.9985 0.04346
vn -0.27241 0.95343 0.12928
vn -0.19639 0.97607 0.0932
vn 0.67586 -0.73699 -0.00458
vn 0.6737 -0.73699 0.05432
vn -0.00696 -0.9985 0.05405
vn -0.02194 -0.9913 0.12973
vn -0.00909 -0.9985 0.0539
vn -0.01056 -0.9913 0.13114
vn -0.00653 -0.9985 0.05411
vn -0.00439 -0.99847 0.05451
vn -0.00674 -0.9985 0.05408
vn 0.05478 0.9913 -0.11963
vn 0.02026 0.9985 -0.05057
vn 0.02054 0.9985 -0.05048
vn 0.02069 0.9985 -0.05039
vn 0.02277 0.99847 -0.04971
vn 0.28977 0.73699 0.61061
vn 0.88421 0.46159 0.07129
vn 0.88705 0.46159 -0.00601
vn -0.27293 -0.92358 -0.26923
vn 0.37767 -0.84307 -0.38282
vn 0.34284 -0.84307 -0.41429
vn 0.42778 -0.79305 -0.43364
vn -0.4189 0.67531 0.60698
vn 0.00412 0.79302 0.60912
vn 0.00458 0.73699 0.67586
vn 0.72713 0.67531 0.12311
vn 0.78237 0.60854 0.13248
vn 0.7351 0.67531 0.05927
vn 0.06656 -0.9913 0.1135
vn 0.02957 -0.9985 0.04575
vn 0.01169 -0.9985 -0.05322
vn 0.01114 -0.9985 -0.05332
vn 0.00909 -0.99847 -0.0539
vn 0.01141 -0.9985 -0.05329
vn 0.98502 -0.04361 0.16678
vn -0.03598 -0.92358 -0.3817
vn -0.06912 -0.92358 -0.37709
vn -0.43553 0.88668 -0.15513
vn 0.24842 -0.92355 0.292
vn 0.29957 -0.88668 0.35215
vn -0.18897 -0.97607 -0.10739
vn -0.10828 -0.9913 -0.07474
vn -0.91968 0.21638 -0.32762
vn -0.25199 0.04361 0.96673
vn 0.52895 -0.84307 -0.09696
vn 0.53539 -0.84307 -0.05051
vn -0.89404 0.38255 -0.23301
vn -0.13565 0.84307 0.52037
vn -0.15265 -0.97607 0.15473
vn -0.98706 0.13047 0.09311
vn 0.12732 -0.9913 0.03317
vn -0.05405 -0.9985 -0.00696
vn -0.05411 -0.9985 -0.0065
vn -0.05408 -0.9985 -0.00671
vn 0.34599 0.79302 -0.50133
vn -0.50133 0.79302 -0.34599
vn 0.80139 -0.46159 -0.38032
vn 0.00671 0.13047 0.99142
vn 0.00678 0.04358 0.99902
vn 0.03671 -0.9985 -0.04025
vn 0.03833 -0.9985 -0.03888
vn -0.02139 0.9985 -0.05011
vn -0.02115 0.9985 -0.0502
vn 0.63149 -0.46159 0.62297
vn -0.02072 0.9985 0.05039
vn -0.292 -0.92355 0.24842
vn -0.22965 -0.95343 0.19538
vn 0.82223 0.04361 0.56746
vn -0.16163 0.79302 -0.5873
vn -0.94034 -0.30061 -0.15922
vn -0.99463 0.04361 0.09381
vn -0.99902 0.04361 0.00678
vn -0.08676 -0.38255 -0.91983
vn -0.80648 0.46159 -0.36943
vn -0.73333 0.5371 -0.41676
vn -0.77123 0.46159 -0.43831
vn -0.76687 0.5371 -0.35127
vn -0.08957 -0.30061 -0.94952
vn 0.0365 0.9985 -0.04044
vn 0.64116 0.67531 0.36439
vn 0.60698 0.67531 0.4189
vn 0.5876 0.73699 0.33393
vn 0.05289 -0.9985 0.01376
vn -0.29957 -0.88668 -0.35215
vn -0.31144 -0.84307 -0.4384
vn -0.34846 -0.84307 -0.40959
vn -0.58907 0.38255 0.71178
vn -0.60805 0.30061 0.73473
vn 0.46388 -0.84307 -0.27204
vn 0.06378 -0.60854 -0.79095
vn -0.14084 -0.97607 -0.16556
vn -0.1666 -0.38255 -0.90875
vn -0.00766 0.9985 -0.05396
vn -0.60643 -0.79302 0.05719
vn -0.62246 0.21635 0.75213
vn 0.05322 0.9985 0.01166
vn -0.73009 0.46159 -0.50386
vn -0.02979 0.9985 -0.04563
vn -0.0296 0.9985 -0.04578
vn -0.02942 0.9985 -0.0459
vn -0.02771 0.99847 -0.04718
vn -0.38032 0.46159 -0.80139
vn -0.24625 -0.21638 0.94473
vn -0.34599 -0.79302 0.50133
vn -0.38835 -0.79305 0.46928
vn -0.16108 -0.88668 -0.43336
vn 0.05405 -0.9985 0.00699
vn 0.12973 -0.9913 0.02194
vn 0.0539 -0.9985 0.00913
vn 0.69628 0.13047 -0.7058
vn -0.13355 -0.92358 -0.35936
vn -0.08002 -0.95343 -0.29072
vn -0.10504 -0.95343 -0.28263
vn -0.10172 -0.92358 -0.36964
vn -0.02548 -0.9985 -0.04816
vn -0.30097 0.79302 0.52959
vn 0.59868 0.38255 0.7037
vn 0.03726 0.9985 0.03977
vn 0.03711 0.9985 0.03992
vn 0.98822 -0.13047 0.07968
vn 0.99142 -0.1305 -0.00671
vn -0.17197 -0.30061 -0.93808
vn 0.04501 0.99847 0.03104
vn 0.10135 0.9913 0.0839
vn 0.04361 0.9985 0.03269
vn -0.91513 -0.21638 0.34013
vn -0.89398 -0.30061 0.33226
vn -0.94128 -0.21638 0.25907
vn -0.97519 -0.13047 0.17878
vn 0.48985 0.13047 -0.86196
vn -0.89077 0.38255 0.24516
vn -0.48115 -0.73699 -0.47465
vn 0.00296 0.9985 0.05441
vn 0.00275 0.9985 0.05445
vn 0.41606 -0.04358 -0.90826
vn 0.41288 -0.13047 -0.90136
vn 0.49364 -0.04358 -0.86856
vn 0.4189 -0.67531 -0.60695
vn -0.36439 0.67531 0.64116
vn -0.86196 -0.13047 -0.48988
vn -0.84878 -0.21638 -0.48238
vn -0.81597 -0.13047 -0.56313
vn -0.3307 0.92358 0.19395
vn 0.87033 0.38255 0.3101
vn 0.89404 0.38255 0.23304
vn 0.83563 0.46159 0.29771
vn 0.43794 -0.73699 0.51479
vn 0.42708 -0.67531 0.60121
vn 0.3914 -0.73699 0.55101
vn 0.47786 -0.67531 0.56172
vn -0.66478 -0.73699 0.12186
vn -0.5873 -0.79302 0.16166
vn -0.51848 -0.84307 0.1427
vn -0.59914 -0.79302 0.10984
vn 0.06778 -0.5371 -0.84075
vn -0.12348 0.97607 0.1789
vn -0.05719 -0.79305 -0.60643
vn -0.10984 -0.79305 -0.59914
vn -0.06348 -0.73699 -0.67287
vn -0.38337 0.92355 0.00259
vn 0.55232 -0.30061 0.77752
vn 0.61797 -0.30061 0.7264
vn 0.51848 0.84307 -0.1427
vn 0.45476 0.88668 -0.08338
vn 0.44575 0.88668 -0.12268
vn 0.23539 -0.46159 0.85528
vn 0.26511 -0.04361 0.96323
vn 0.18015 -0.04361 0.98267
vn 0.26511 0.04361 0.96323
vn 0.3162 -0.67531 0.66625
vn 0.21738 0.97607 -0.00146
vn -0.57479 0.46159 -0.67565
vn -0.37098 -0.92358 -0.09668
vn 0.56539 0.21638 0.79592
vn -0.25694 0.67531 -0.69127
vn -0.05445 0.9985 0.00275
vn -0.05441 0.9985 0.00296
vn 0.44874 0.46159 0.76519
vn 0.51372 0.46159 0.72317
vn -0.83468 0.38255 0.39613
vn 0.04453 0.9985 -0.03165
vn 0.04563 0.9985 -0.02979
vn 0.04578 0.9985 -0.02957
vn 0.04587 0.9985 -0.02939
vn 0.04718 0.99847 -0.02768
vn -0.40657 -0.21638 0.8876
vn -0.28144 -0.73699 0.61449
vn -0.30097 -0.79302 0.52959
vn 0.05441 0.9985 -0.00296
vn 0.05441 0.9985 -0.00275
vn 0.07474 0.9913 -0.10828
vn 0.065 0.9913 -0.11441
vn 0.02878 0.9985 -0.0463
vn 0.0311 0.99847 -0.04498
vn -0.02957 -0.9985 -0.04575
vn -0.02939 -0.9985 -0.04587
vn 0.41768 0.88668 -0.19822
vn 0.43336 0.88668 -0.16108
vn 0.34635 0.92355 -0.16437
vn 0.72317 0.46159 -0.51372
vn 0.68764 0.5371 -0.48848
vn 0.79455 0.5371 0.28309
vn 0.00699 -0.9985 -0.05405
vn 0.00674 -0.9985 -0.05408
vn -0.05329 0.9985 -0.01144
vn -0.05335 0.9985 -0.0112
vn 0.30055 0.95343 0.02423
vn 0.0463 0.9985 0.02875
vn 0.04614 0.9985 0.02896
vn 0.04602 0.9985 0.02918
vn -0.12268 -0.88668 -0.44575
vn -0.00275 -0.9985 -0.05441
vn -0.0025 -0.9985 -0.05441
vn -0.08338 0.88668 -0.45476
vn -0.0434 0.88668 -0.46028
vn -0.05445 -0.9985 0.00247
vn -0.05441 -0.9985 0.00296
vn -0.05441 -0.9985 0.00275
vn 0.19822 -0.88668 0.41768
vn -0.02048 0.9985 0.05048
vn 0.0246 0.9985 -0.04862
vn 0.02478 0.9985 -0.04852
vn -0.15922 -0.30061 0.94034
vn -0.07666 -0.30061 0.95065
vn 0.69127 0.67531 -0.25694
vn -0.03629 0.97607 0.21433
vn -0.043 -0.9985 0.03348
vn -0.04315 -0.9985 0.03327
vn -0.02097 0.9985 -0.05029
vn 0.3947 0.79302 0.46394
vn -0.00742 0.9985 -0.05399
vn -0.54656 0.5371 -0.64245
vn -0.03348 -0.9985 -0.043
vn -0.05148 0.9985 -0.01834
vn -0.12397 0.9913 -0.04413
vn -0.0506 0.9985 -0.02026
vn -0.05051 0.9985 -0.02051
vn -0.05039 0.9985 -0.02072
vn -0.27241 -0.95343 0.12928
vn -0.04828 0.9985 0.02527
vn -0.33274 0.13047 0.93393
vn -0.33531 0.04361 0.94107
vn 0.74361 -0.21638 -0.63262
vn 0.69628 -0.13047 -0.7058
vn -0.13248 -0.60854 0.78237
vn -0.14081 -0.5371 0.83166
vn 0.25007 0.13047 -0.95938
vn -0.03671 -0.9985 0.04025
vn -0.08386 -0.9913 0.10135
vn -0.03656 -0.9985 0.04044
vn 0.91513 0.21638 -0.34013
vn 0.94128 0.21638 -0.25907
vn 0.05048 -0.84307 0.53539
vn 0.05719 -0.79305 0.60643
vn 0.3947 -0.79305 0.46394
vn 0.34846 -0.84307 0.40959
vn 0.35276 -0.79305 0.4966
vn 0.14899 -0.95343 -0.26215
vn 0.56557 -0.46159 -0.6834
vn 0.59236 -0.5371 -0.60048
vn 0.53777 -0.5371 -0.6498
vn 0.62297 -0.46159 -0.63149
vn 0.29771 -0.46159 -0.83563
vn 0.3101 -0.38255 -0.87033
vn 0.91095 0.38255 0.15424
vn 0.94034 0.30061 0.15922
vn 0.1746 0.95343 0.24583
vn -0.05319 0.9985 0.0119
vn -0.05313 0.9985 0.01215
vn -0.50154 -0.13047 -0.85522
vn -0.00513 -0.99847 -0.05441
vn -0.00296 -0.9985 -0.05441
vn -0.00275 0.9985 -0.05441
vn 0.09696 -0.84307 0.52895
vn 0.08335 -0.88668 0.45476
vn -0.28977 -0.73699 -0.61058
vn 0.00662 0.21638 0.97626
vn -0.6577 0.38255 -0.64885
vn -0.0369 -0.9985 -0.04007
vn -0.08527 -0.9913 -0.10019
vn -0.03543 -0.99847 -0.04163
vn -0.09366 -0.9913 -0.09238
vn 0.03977 0.9985 -0.03726
vn 0.03842 0.99847 -0.03894
vn -0.99142 0.1305 0.00671
vn -0.95065 -0.30061 -0.07666
vn -0.91095 -0.38255 -0.15424
vn -0.92093 -0.38255 -0.07425
vn -0.13099 0.9913 0.01233
vn -0.13157 0.9913 0.00089
vn 0.57479 -0.46159 0.67565
vn 0.59868 -0.38255 0.7037
vn 0.30152 0.95343 -0.00204
vn -0.28263 -0.95343 0.10504
vn -0.03598 0.92358 -0.3817
vn 0.81597 0.13047 0.56313
vn -0.12928 0.95343 -0.27241
vn -0.15253 0.95343 -0.26011
vn -0.72713 0.67531 -0.12311
vn -0.6664 0.73696 -0.11283
vn -0.3101 -0.38255 0.87033
vn -0.23304 -0.38255 0.89404
vn 0.00204 0.95343 0.30152
vn -0.02503 -0.9985 0.0484
vn 0.37306 -0.67531 0.63616
vn -0.89569 -0.13047 0.42509
vn -0.02142 -0.9985 -0.05011
vn -0.32768 0.21638 0.91964
vn -0.52959 0.79302 -0.30097
vn -0.46754 0.84307 -0.26569
vn -0.46736 0.38255 -0.79696
vn -0.00259 0.92355 -0.38337
vn 0.52037 0.84307 0.13565
vn 0.03284 -0.9985 -0.04346
vn 0.03311 -0.9985 -0.04331
vn 0.2663 0.60854 -0.74746
vn 0.28309 0.5371 -0.79455
vn 0.19538 -0.95343 0.22965
vn 0.10739 0.97607 -0.189
vn 0.03302 0.9985 -0.04331
vn 0.06778 0.5371 -0.84075
vn -0.61449 0.73699 -0.28147
vn 0.32768 -0.21638 -0.91964
vn 0.32011 -0.30061 -0.8984
vn 0.24625 -0.21638 -0.94473
vn -0.16437 0.92358 -0.34635
vn -0.19822 0.88668 -0.41768
vn -0.12394 -0.9913 -0.04413
vn -0.05057 -0.9985 -0.02026
vn -0.05148 -0.99847 -0.01834
vn 0.86709 -0.30061 0.39717
vn -0.89398 0.30061 0.33226
vn -0.86602 0.38255 0.32188
vn 0.5417 -0.30061 -0.78494
vn 0.47911 -0.5371 -0.6942
vn 0.4507 -0.60854 -0.65307
vn 0.24516 -0.38255 0.89077
vn -0.27293 0.92358 -0.26923
vn -0.32911 0.88668 -0.32469
vn -0.12311 -0.67534 0.72713
vn -0.05927 -0.67534 0.7351
vn 0.50591 -0.60854 -0.61132
vn 0.55727 -0.60854 -0.5649
vn 0.75213 0.21638 0.62246
vn 0.76379 0.13047 0.6321
vn 0.2122 -0.79305 0.57097
vn 0.52501 -0.67531 0.51793
vn -0.66625 0.67531 0.3162
vn -0.42033 0.88668 -0.19254
vn -0.21464 0.95343 -0.21177
vn -0.00037 -0.9985 -0.05463
vn 0.68447 0.60854 -0.40141
vn 0.76965 -0.04361 0.63695
vn 0.76965 0.04361 0.63695
vn 0.0564 0.9913 0.11887
vn 0.60643 -0.79302 -0.05719
vn 0.04559 -0.9985 -0.02979
vn 0.04587 -0.9985 -0.02939
vn 0.04575 -0.9985 -0.02957
vn 0.1521 -0.5371 0.82968
vn 0.14307 -0.60854 0.78048
vn 0.02939 0.9985 0.04587
vn 0.02768 0.99847 0.04718
vn 0.64885 0.38255 -0.65773
vn -0.0762 -0.9913 -0.10727
vn -0.02768 -0.99847 -0.04718
vn -0.82916 0.30061 -0.47124
vn -0.80325 0.38255 -0.4565
vn -0.04614 -0.9985 -0.02896
vn 0.00723 -0.9985 0.05399
vn 0.00748 -0.9985 0.05396
vn 0.02878 -0.9985 -0.04627
vn 0.02899 -0.9985 -0.04614
vn 0.56743 0.04358 -0.82223
vn 0.49364 0.04358 -0.86856
vn 0.2631 0.13047 0.95587
vn -0.27204 0.84307 -0.46388
vn -0.00204 0.95343 -0.30152
vn 0.02423 0.95343 -0.30055
vn 0.03366 -0.9985 0.04285
vn 0.0333 -0.9985 0.04312
vn 0.03345 -0.9985 0.043
vn 0.97314 -0.21638 0.07846
vn 0.24516 0.38255 0.89077
vn -0.52547 0.79302 0.30815
vn 0.03598 -0.92358 0.3817
vn 0.0434 -0.88668 0.46028
vn -0.07572 0.97607 -0.20377
vn -0.97626 -0.21638 0.00662
vn 0.04804 0.9985 -0.02567
vn -0.0401 0.9985 0.0369
vn -0.04163 0.99847 0.03543
vn -0.50407 -0.84307 0.18735
vn -0.57097 -0.79305 0.21223
vn -0.5204 -0.84307 -0.13562
vn 0.10984 -0.79302 0.59914
vn 0.31254 -0.92358 -0.22202
vn -0.05203 0.9985 -0.01627
vn 0.50154 0.13047 0.85522
vn -0.01239 -0.9985 -0.05307
vn 0.57414 0.13047 0.80825
vn 0.06912 0.92355 0.37712
vn 0.02829 0.95343 0.30018
vn 0.04163 0.9985 -0.0354
vn 0.03989 0.9985 -0.03711
vn 0.0401 0.9985 -0.0369
vn 0.34806 -0.04361 0.93643
vn -0.88705 -0.46159 0.00601
vn -0.32768 -0.21638 0.91964
vn -0.41288 -0.13047 0.90136
vn -0.98267 -0.04361 0.18015
vn -0.51372 -0.46159 -0.72317
vn -0.34635 -0.92358 0.16437
vn -0.77752 -0.30061 0.55232
vn 0.39882 -0.88668 -0.23386
vn 0.3769 -0.88668 -0.26774
vn -0.04804 0.9985 0.0257
vn -0.04816 0.9985 0.02548
vn -0.01675 -0.9985 -0.05185
vn 0.38475 0.38255 -0.83999
vn -0.23539 0.46159 -0.85525
vn -0.24516 0.38255 -0.89077
vn -0.00537 -0.60854 -0.79348
vn -0.00571 -0.5371 -0.84347
vn 0.00678 -0.04361 0.99902
vn -0.26215 -0.95343 -0.14899
vn -0.33332 -0.92358 -0.18943
vn -0.43831 0.46159 0.77123
vn -0.01694 -0.9985 -0.05179
vn 0.41606 0.04358 -0.90826
vn -0.14808 0.46159 0.87463
vn 0.6664 0.73699 0.11283
vn 0.60057 0.79302 0.10169
vn -0.3817 -0.92358 0.03598
vn -0.05445 0.99847 0.00513
vn 0.02551 0.9985 0.04816
vn 0.0253 0.9985 0.04828
vn 0.18751 -0.97607 -0.10996
vn 0.26011 -0.95343 -0.15253
vn -0.10135 -0.9913 -0.0839
vn -0.4474 -0.88668 -0.11658
vn 0.88198 0.21638 -0.41859
vn 0.15995 -0.46159 0.87252
vn 0.59914 -0.79305 -0.10984
vn -0.01218 -0.9985 -0.0531
vn 0.3307 -0.92358 -0.19395
vn 0.3805 -0.88668 0.26261
vn -0.24058 -0.30061 0.92288
vn -0.19764 -0.97607 -0.09052
vn -0.20478 -0.97607 -0.07294
vn -0.34599 0.79302 0.50133
vn -0.05445 0.9985 0.0025
vn -0.05469 0.99847 0.00037
vn -0.3947 -0.79305 -0.46394
vn -0.43336 -0.88668 0.16108
vn -0.35936 -0.92358 0.13355
vn -0.41768 -0.88668 0.19822
vn -0.92291 0.30061 -0.24052
vn -0.21381 0.97607 0.03919
vn -0.44258 0.84307 -0.30546
vn 0.05179 0.9985 -0.01697
vn 0.05185 0.9985 -0.01672
vn 0.51848 -0.84307 -0.1427
vn 0.09381 -0.04358 0.99463
vn 0.53023 0.84307 0.08979
vn -0.36943 0.46159 0.80648
vn -0.21738 -0.97607 0.00146
vn -0.02371 -0.9913 -0.12943
vn 0.03272 0.9985 -0.04358
vn 0.03287 0.9985 -0.04346
vn 0.19639 -0.97607 -0.0932
vn -0.32911 -0.88668 -0.32469
vn 0.04007 -0.9985 -0.0369
vn 0.03269 -0.9985 -0.04361
vn 0.03488 -0.99847 -0.04215
vn 0.292 0.92355 -0.24842
vn -0.29957 0.88668 -0.35215
vn 0.04828 0.9985 -0.02527
vn 0.63695 0.04361 -0.76965
vn 0.70162 0.04358 -0.7112
vn -0.65307 -0.60854 -0.4507
vn -0.39613 -0.38255 -0.83468
vn -0.30903 0.46159 -0.83151
vn 0.72713 -0.67531 0.12311
vn -0.47465 -0.73699 0.48115
vn -0.00745 -0.9985 -0.05399
vn -0.01163 -0.9985 0.05322
vn -0.03317 -0.9913 0.12732
vn -0.0112 -0.9985 0.05332
vn -0.01144 -0.9985 0.05329
vn 0.02423 -0.95343 -0.30055
vn -0.00204 -0.95343 -0.30152
vn 0.00501 0.67531 0.73748
vn 0.09308 -0.13047 0.98706
vn -0.12589 -0.97607 -0.17722
vn 0.01694 -0.9985 0.05179
vn 0.01669 -0.9985 0.05185
vn 0.89398 0.30061 -0.33226
vn -0.33393 0.73699 0.5876
vn -0.38389 0.73699 0.55626
vn 0.79064 -0.5371 -0.29386
vn 0.83148 -0.46159 -0.30906
vn -0.68987 0.60854 -0.39207
vn -0.05377 0.99847 0.00986
vn -0.12943 0.9913 0.02371
vn -0.05396 0.9985 0.00769
vn 0.10172 0.92355 0.36964
vn -0.67049 0.67534 -0.30711
vn -0.72143 0.60854 -0.33045
vn 0.90136 -0.1305 0.41288
vn 0.03632 -0.9985 -0.04056
vn 0.03653 -0.9985 -0.04044
vn 0.05408 0.9985 0.00671
vn 0.05411 0.9985 0.00647
vn 0.05316 -0.9985 -0.0119
vn 0.02097 -0.9985 0.05029
vn 0.04584 -0.9913 0.12333
vn 0.01904 -0.99847 0.05127
vn 0.0564 -0.9913 0.11887
vn 0.02142 -0.9985 0.05011
vn 0.02118 -0.9985 0.0502
vn 0.70162 -0.04358 -0.7112
vn 0.7438 -0.60854 -0.27644
vn 0.76202 -0.5371 -0.36164
vn 0.10172 -0.92358 0.36964
vn 0.06912 -0.92358 0.37709
vn 0.08338 0.88668 0.45476
vn 0.9559 -0.13047 -0.2631
vn -0.11283 -0.73699 0.6664
vn 0.8876 -0.21638 0.40657
vn -0.40196 0.88668 -0.22843
vn 0.0065 0.9985 -0.05411
vn 0.05191 0.9985 -0.01654
vn 0.052 -0.9985 0.01624
vn 0.35212 -0.88668 -0.29957
vn 0.16166 -0.79302 0.5873
vn 0.12348 0.97607 -0.1789
vn 0.02341 0.9985 0.04938
vn -0.36943 -0.46159 0.80648
vn -0.63616 -0.67531 0.37306
vn -0.66625 -0.67531 0.3162
vn -0.32011 -0.30061 0.8984
vn -0.052 -0.9985 -0.01627
vn 0.064 -0.92358 -0.378
vn 0.80648 0.46159 0.36943
vn 0.04816 0.9985 -0.02548
vn 0.07572 -0.97607 0.20374
vn -0.00671 0.9985 0.05408
vn 0.67287 -0.73699 -0.06345
vn -0.01746 -0.97607 0.21668
vn -0.00723 -0.9985 -0.05402
vn 0.04041 0.9985 0.03653
vn -0.63668 0.73699 -0.22681
vn -0.03305 -0.9985 0.04331
vn -0.0025 0.9985 -0.05445
vn 0.36943 0.46159 -0.80648
vn 0.05332 -0.9985 0.01117
vn 0.00226 -0.9985 -0.05445
vn -0.12732 0.9913 -0.03317
vn -0.0521 0.9985 -0.01602
vn -0.05179 0.9985 0.01697
vn 0.05396 0.9985 -0.00769
vn 0.05399 0.9985 -0.00748
vn -0.05927 0.67531 0.7351
vn -0.05432 -0.73699 0.6737
vn -0.0065 0.9985 0.05411
vn -0.02029 0.9985 0.05057
vn 0.14811 0.46159 -0.87463
vn 0.30546 -0.84307 -0.44261
vn -0.04358 -0.9985 -0.03269
vn -0.04346 -0.9985 -0.03287
vn -0.05322 0.9985 -0.01166
vn -0.04456 0.99847 0.03165
vn -0.04315 0.9985 0.03327
vn -0.51418 0.60854 -0.60439
vn -0.45955 0.60854 -0.6469
vn -0.85522 -0.1305 0.50154
vn 0.26261 -0.88668 -0.3805
vn 0.04285 0.9985 -0.03366
vn 0.043 0.9985 -0.03345
vn 0.04315 0.9985 -0.03327
vn -0.65404 0.73699 -0.17045
vn -0.06925 0.67531 -0.73424
vn 0.0257 0.9985 0.04807
vn -0.04563 0.9985 0.02979
vn 0.05405 0.9985 0.00699
vn 0.02573 -0.9985 0.04804
vn -0.13858 -0.97607 0.16746
vn -0.04285 0.9985 0.03366
vn 0.05329 0.9985 0.01141
vn -0.02567 -0.9985 -0.04804
vn -0.12687 0.9913 0.03491
vn 0.03668 0.9985 -0.04025
vn 0.05307 -0.9985 -0.01236
vn 0.0531 -0.9985 -0.01215
vn -0.378 -0.92358 -0.064
vn -0.00198 -0.9985 0.05445
vn -0.0022 -0.9985 0.05445
vn -0.02121 -0.9985 -0.0502
vn 0.02115 0.9985 0.0502
vn 0.02139 0.9985 0.05011
vn 0.01672 0.9985 0.05185
vn 0.02548 -0.9985 0.04816
vn -0.043 0.9985 0.03348
vn -0.01193 -0.9985 -0.05316
vn -0.03366 -0.9985 -0.04285
vn -0.00177 -0.9985 0.05445
vt 0.9167 0.7687
vt 0.9028 0.7309
vt 0.9167 0.7309
vt 0.9028 0.7687
vt 0.7917 0.6914
vt 0.7778 0.6504
vt 0.7917 0.6504
vt 0.7778 0.6914
vt 0.0139 0.2313
vt 0 0.2691
vt 0 0.2313
vt 0.0139 0.2691
vt 0.8611 0.0565
vt 0.8472 0.0783
vt 0.8472 0.0565
vt 0.8611 0.0783
vt 0.9305 0.3087
vt 0.9167 0.3497
vt 0.9167 0.3087
vt 0.9305 0.3497
vt 0.0278 0.8968
vt 0.0139 0.8687
vt 0.0278 0.8687
vt 0.0139 0.8968
vt 1 0.7309
vt 0.9861 0.6914
vt 1 0.6914
vt 0.9861 0.7309
vt 0.6702 0.0004
vt 0.6667 0.0042
vt 0.6667 0.0004
vt 0.6806 0.0042
vt 0.6771 0.0004
vt 0.6806 0.0004
vt 0.6736 0.0004
vt 0.625 0.8968
vt 0.6111 0.9218
vt 0.6111 0.8968
vt 0.625 0.9218
vt 0.8368 0.0004
vt 0.8333 0.0042
vt 0.8333 0.0004
vt 0.8472 0.0042
vt 0.8437 0.0004
vt 0.8472 0.0004
vt 0.8403 0.0004
vt 0.7485 0
vt 0.0382 0.0004
vt 0.0347 0.0004
vt 0.3195 0.962
vt 0.3056 0.977
vt 0.3056 0.962
vt 0.3195 0.977
vt 0.6806 0.9996
vt 0.5719 1.0001
vt 0.6771 0.9996
vt 0.1215 0.9996
vt 0.1181 0.9996
vt 0.4722 0.9882
vt 0.4584 0.977
vt 0.4722 0.977
vt 0.4584 0.9882
vt 0.3889 0.8379
vt 0.375 0.8687
vt 0.375 0.8379
vt 0.3889 0.8687
vt 0.7083 0.0004
vt 0.7049 0.0004
vt 0.2778 0.7687
vt 0.2639 0.8045
vt 0.2639 0.7687
vt 0.2778 0.8045
vt 0.9722 0.8379
vt 0.9583 0.8687
vt 0.9583 0.8379
vt 0.9722 0.8687
vt 0.3889 0.7687
vt 0.375 0.8045
vt 0.375 0.7687
vt 0.3889 0.8045
vt 0.8194 0.4782
vt 0.8056 0.4348
vt 0.8194 0.4348
vt 0.8056 0.4782
vt 0.7917 0.7687
vt 0.7778 0.8045
vt 0.7778 0.7687
vt 0.7917 0.8045
vt 0.4445 0.7687
vt 0.4306 0.7309
vt 0.4445 0.7309
vt 0.4306 0.7687
vt 0.2917 0.0565
vt 0.2778 0.0783
vt 0.2778 0.0565
vt 0.2917 0.0783
vt 0.3056 0.1313
vt 0.2917 0.1622
vt 0.2917 0.1313
vt 0.3056 0.1622
vt 0.4584 0.0231
vt 0.4445 0.0118
vt 0.4584 0.0118
vt 0.4445 0.0231
vt 0.9861 0.0042
vt 0.9826 0.0004
vt 0.9861 0.0004
vt 0.9757 0.0004
vt 0.9722 0.0042
vt 0.9722 0.0004
vt 0.9791 0.0004
vt 0.2361 0.0565
vt 0.2223 0.038
vt 0.2361 0.038
vt 0.2223 0.0565
vt 0.25 0.9882
vt 0.2361 0.977
vt 0.25 0.977
vt 0.2361 0.9882
vt 0.625 0.0118
vt 0.6111 0.0231
vt 0.6111 0.0118
vt 0.625 0.0231
vt 0.8056 0.3918
vt 0.7917 0.3497
vt 0.8056 0.3497
vt 0.7917 0.3918
vt 0.1806 0.3497
vt 0.1667 0.3918
vt 0.1667 0.3497
vt 0.1806 0.3918
vt 0.0278 0.8379
vt 0.0139 0.8045
vt 0.0278 0.8045
vt 0.0139 0.8379
vt 0.4584 0.9436
vt 0.4445 0.962
vt 0.4445 0.9436
vt 0.4584 0.962
vt 0.0868 0.9996
vt 0.0903 0.9996
vt 0.9167 0.8045
vt 0.9028 0.8379
vt 0.9028 0.8045
vt 0.9167 0.8379
vt 0.8472 0.962
vt 0.8333 0.977
vt 0.8333 0.962
vt 0.8472 0.977
vt 0.3091 0.0004
vt 0.3056 0.0042
vt 0.3056 0.0004
vt 0.3195 0.0042
vt 0.316 0.0004
vt 0.3195 0.0004
vt 0.3125 0.0004
vt 0.7361 0.9218
vt 0.7222 0.8968
vt 0.7361 0.8968
vt 0.7222 0.9218
vt 0.4722 0.5218
vt 0.4584 0.4782
vt 0.4722 0.4782
vt 0.4584 0.5218
vt 0.9861 0.0231
vt 0.9722 0.0118
vt 0.9861 0.0118
vt 0.9722 0.0231
vt 0.0973 0.5218
vt 0.0834 0.4782
vt 0.0973 0.4782
vt 0.0834 0.5218
vt 0.4028 0.3087
vt 0.3889 0.2691
vt 0.4028 0.2691
vt 0.3889 0.3087
vt 0.4722 0.6083
vt 0.4584 0.5653
vt 0.4722 0.5653
vt 0.4584 0.6083
vt 0.1111 0.5218
vt 0.1111 0.4782
vt 0.8055 0.0004
vt 0.8021 0.0004
vt 0.9271 0.9996
vt 0.9305 0.9996
vt 0.8472 0.5218
vt 0.8333 0.5653
vt 0.8333 0.5218
vt 0.8472 0.5653
vt 0.9028 0.1313
vt 0.8889 0.1622
vt 0.8889 0.1313
vt 0.9028 0.1622
vt 0.5139 0.1033
vt 0.5 0.0783
vt 0.5139 0.0783
vt 0.5 0.1033
vt 0.4584 0.1313
vt 0.4445 0.1622
vt 0.4445 0.1313
vt 0.4584 0.1622
vt 0.4722 0.9436
vt 0.4722 0.962
vt 0.4722 0.038
vt 0.4584 0.0565
vt 0.4584 0.038
vt 0.4722 0.0565
vt 0.9583 0.6083
vt 0.9444 0.6504
vt 0.9444 0.6083
vt 0.9583 0.6504
vt 0.4861 0.962
vt 0.4861 0.9436
vt 0.6945 0.0004
vt 0.691 0.0004
vt 0.2674 0.9996
vt 0.2709 0.9996
vt 0.6944 0.8968
vt 0.6806 0.8687
vt 0.6944 0.8687
vt 0.6806 0.8968
vt 0.5 0.2691
vt 0.4861 0.2313
vt 0.5 0.2313
vt 0.4861 0.2691
vt 0.5556 0.8045
vt 0.5417 0.7687
vt 0.5556 0.7687
vt 0.5417 0.8045
vt 0.6563 0.9996
vt 0.6528 0.9996
vt 0.9722 0.6504
vt 0.9722 0.6083
vt 0.1667 0.8379
vt 0.1528 0.8687
vt 0.1528 0.8379
vt 0.1667 0.8687
vt 0.2639 0.0118
vt 0.25 0.0042
vt 0.2639 0.0042
vt 0.25 0.0118
vt 0.0695 0.0118
vt 0.0556 0.0231
vt 0.0556 0.0118
vt 0.0695 0.0231
vt 0.8194 0.0042
vt 0.816 0.0004
vt 0.8194 0.0004
vt 0.809 0.0004
vt 0.8056 0.0042
vt 0.8125 0.0004
vt 0.4098 0.0004
vt 0.4063 0.0004
vt 0.6389 0.2691
vt 0.625 0.3087
vt 0.625 0.2691
vt 0.6389 0.3087
vt 0.0834 0.9882
vt 0.0695 0.9958
vt 0.0695 0.9882
vt 0.0834 0.9958
vt 0.0695 0.1956
vt 0.0556 0.2313
vt 0.0556 0.1956
vt 0.0695 0.2313
vt 0.8646 0.0004
vt 0.8611 0.0042
vt 0.8611 0.0004
vt 0.875 0.0042
vt 0.8715 0.0004
vt 0.875 0.0004
vt 0.868 0.0004
vt 1 0.8968
vt 0.9861 0.9218
vt 0.9861 0.8968
vt 1 0.9218
vt 0.4861 0.1033
vt 0.4722 0.0783
vt 0.4861 0.0783
vt 0.4722 0.1033
vt 0.3716 0.0004
vt 0.3681 0.0004
vt 0.7083 0.3087
vt 0.6944 0.3497
vt 0.6944 0.3087
vt 0.7083 0.3497
vt 0.8611 0.8687
vt 0.8472 0.8968
vt 0.8472 0.8687
vt 0.8611 0.8968
vt 0.3195 0.0231
vt 0.3056 0.0118
vt 0.3195 0.0118
vt 0.3056 0.0231
vt 0.9583 0.9436
vt 0.9444 0.962
vt 0.9444 0.9436
vt 0.9583 0.962
vt 0.125 0.3497
vt 0.1111 0.3918
vt 0.1111 0.3497
vt 0.125 0.3918
vt 0.4028 0.1622
vt 0.3889 0.1956
vt 0.3889 0.1622
vt 0.4028 0.1956
vt 0.0695 0.9996
vt 0.0834 0.9996
vt 0.0799 0.9996
vt 0.0764 0.9996
vt 0.0729 0.9996
vt 0.4028 0.9882
vt 0.3889 0.977
vt 0.4028 0.977
vt 0.3889 0.9882
vt 0.8472 0.9958
vt 0.8333 0.9882
vt 0.8472 0.9882
vt 0.8333 0.9958
vt 0.1111 0.8968
vt 0.0973 0.9218
vt 0.0973 0.8968
vt 0.1111 0.9218
vt 0.9722 0.1956
vt 0.9583 0.1622
vt 0.9722 0.1622
vt 0.9583 0.1956
vt 0.5799 0.9996
vt 0.5764 0.9996
vt 0.0417 0.9218
vt 0.0278 0.9436
vt 0.0278 0.9218
vt 0.0417 0.9436
vt 0.7222 0.0042
vt 0.7188 0.0004
vt 0.7222 0.0004
vt 0.7118 0.0004
vt 0.7083 0.0042
vt 0.7153 0.0004
vt 0.9167 0.8968
vt 0.9028 0.8687
vt 0.9167 0.8687
vt 0.9028 0.8968
vt 0.0139 0.3497
vt 0 0.3087
vt 0.0139 0.3087
vt 0 0.3497
vt 0.6389 0.6914
vt 0.625 0.6504
vt 0.6389 0.6504
vt 0.625 0.6914
vt 0.9583 0.0042
vt 0.9583 0.0118
vt 0.5972 0.9218
vt 0.5833 0.8968
vt 0.5972 0.8968
vt 0.5833 0.9218
vt 0.0973 0.5653
vt 0.0834 0.6083
vt 0.0834 0.5653
vt 0.0973 0.6083
vt 0.4722 0.6914
vt 0.4584 0.6504
vt 0.4722 0.6504
vt 0.4584 0.6914
vt 0.4028 0.1033
vt 0.3889 0.1313
vt 0.3889 0.1033
vt 0.4028 0.1313
vt 0.25 0.1622
vt 0.2361 0.1956
vt 0.2361 0.1622
vt 0.25 0.1956
vt 0.7222 0.038
vt 0.7083 0.0565
vt 0.7083 0.038
vt 0.7222 0.0565
vt 0.2917 0.8968
vt 0.2778 0.8687
vt 0.2917 0.8687
vt 0.2778 0.8968
vt 0.2778 0.9218
vt 0.2639 0.8968
vt 0.2639 0.9218
vt 0.7083 0.1956
vt 0.6944 0.2313
vt 0.6944 0.1956
vt 0.7083 0.2313
vt 0.4028 0.3918
vt 0.3889 0.4348
vt 0.3889 0.3918
vt 0.4028 0.4348
vt 0.75 0.8968
vt 0.7361 0.8687
vt 0.75 0.8687
vt 0.125 0.0783
vt 0.1111 0.0565
vt 0.125 0.0565
vt 0.1111 0.0783
vt 0.125 0.0118
vt 0.1111 0.0042
vt 0.125 0.0042
vt 0.1111 0.0118
vt 0.2917 0.1956
vt 0.2778 0.2313
vt 0.2778 0.1956
vt 0.2917 0.2313
vt 0.8576 0.0004
vt 0.5972 0.038
vt 0.5972 0.0231
vt 0.6111 0.038
vt 0.3611 0.962
vt 0.3472 0.9436
vt 0.3611 0.9436
vt 0.3472 0.962
vt 0.9583 0.977
vt 0.9444 0.977
vt 0.8611 0.4782
vt 0.8472 0.4782
vt 0.8611 0.5218
vt 0.9722 0.1313
vt 0.9583 0.1033
vt 0.9722 0.1033
vt 0.9583 0.1313
vt 0.6528 0.9436
vt 0.6389 0.9218
vt 0.6528 0.9218
vt 0.6389 0.9436
vt 0.2778 0.2691
vt 0.2639 0.2313
vt 0.2639 0.2691
vt 0.2813 0.9996
vt 0.2848 0.9996
vt 0.8889 0.6914
vt 0.875 0.6504
vt 0.8889 0.6504
vt 0.875 0.6914
vt 0.1667 0.5218
vt 0.1528 0.4782
vt 0.1667 0.4782
vt 0.1528 0.5218
vt 0.3611 0.7687
vt 0.3472 0.7309
vt 0.3611 0.7309
vt 0.3472 0.7687
vt 0.2778 0.1033
vt 0.2639 0.1313
vt 0.2639 0.1033
vt 0.2778 0.1313
vt 0.1806 0.9996
vt 0.1667 0.9958
vt 0.1806 0.9958
vt 0.1771 0.9996
vt 0.1736 0.9996
vt 0.1702 0.9996
vt 0.1667 0.9996
vt 0.9028 0.6504
vt 0.9028 0.6914
vt 0.25 0.9218
vt 0.25 0.8968
vt 0.4028 0.8968
vt 0.4028 0.8687
vt 0.3889 0.8968
vt 0.9305 0.6914
vt 0.9305 0.6504
vt 0.9444 0.6914
vt 0.7222 0.1033
vt 0.7083 0.1313
vt 0.7083 0.1033
vt 0.7222 0.1313
vt 0.684 0.9996
vt 0.6875 0.9996
vt 0.8889 0.3918
vt 0.875 0.4348
vt 0.875 0.3918
vt 0.8889 0.4348
vt 0.2084 0.8687
vt 0.1945 0.8379
vt 0.2084 0.8379
vt 0.1945 0.8687
vt 0.5417 0.9958
vt 0.5278 0.9996
vt 0.5278 0.9958
vt 0.5417 0.9996
vt 0.5382 0.9996
vt 0.5348 0.9996
vt 0.5313 0.9996
vt 0.25 0.7687
vt 0.2361 0.7309
vt 0.25 0.7309
vt 0.2361 0.7687
vt 0.875 0.1313
vt 0.8611 0.1622
vt 0.8611 0.1313
vt 0.875 0.1622
vt 0.7639 0.0783
vt 0.75 0.1033
vt 0.75 0.0783
vt 0.7639 0.1033
vt 0.6944 0.7687
vt 0.6806 0.8045
vt 0.6806 0.7687
vt 0.6944 0.8045
vt 0.3056 0.3497
vt 0.2917 0.3087
vt 0.3056 0.3087
vt 0.2917 0.3497
vt 0.5833 0.9436
vt 0.5972 0.9436
vt 0.8889 0.8968
vt 0.8889 0.8687
vt 0.9305 0.1313
vt 0.9167 0.1622
vt 0.9167 0.1313
vt 0.9305 0.1622
vt 0.2639 0.0783
vt 0.9028 0.9882
vt 0.8889 0.9958
vt 0.8889 0.9882
vt 0.9028 0.9958
vt 0.7639 0.5653
vt 0.75 0.5218
vt 0.7639 0.5218
vt 0.75 0.5653
vt 0.7639 0.3918
vt 0.75 0.4348
vt 0.75 0.3918
vt 0.7639 0.4348
vt 0.6944 0.1622
vt 0.6806 0.1956
vt 0.6806 0.1622
vt 0.875 0.3497
vt 0.8889 0.3497
vt 0.4306 0.3497
vt 0.4167 0.3918
vt 0.4167 0.3497
vt 0.4306 0.3918
vt 0.4445 0.5653
vt 0.4445 0.5218
vt 0.3056 0.8968
vt 0.2917 0.9218
vt 0.3056 0.9218
vt 0.5139 0.0231
vt 0.5 0.038
vt 0.5 0.0231
vt 0.5139 0.038
vt 0.4306 0.8045
vt 0.4445 0.8045
vt 0.9305 0.5653
vt 0.9444 0.5653
vt 0.9305 0.6083
vt 0.8889 0.1956
vt 0.875 0.2313
vt 0.875 0.1956
vt 0.8889 0.2313
vt 0.7951 0.0004
vt 0.7917 0.0042
vt 0.7917 0.0004
vt 0.7986 0.0004
vt 0.8611 0.3497
vt 0.8472 0.3087
vt 0.8611 0.3087
vt 0.8472 0.3497
vt 0.2223 0.1033
vt 0.2084 0.1313
vt 0.2084 0.1033
vt 0.2223 0.1313
vt 0.9896 0.0004
vt 1 0.0042
vt 0.9965 0.0004
vt 1 0.0004
vt 0.993 0.0004
vt 0.6944 0.977
vt 0.6806 0.9882
vt 0.6806 0.977
vt 0.6944 0.9882
vt 0.2778 0.6914
vt 0.2639 0.6504
vt 0.2778 0.6504
vt 0.2639 0.6914
vt 0.7639 0.3087
vt 0.75 0.2691
vt 0.7639 0.2691
vt 0.75 0.3087
vt 0.1806 0.8687
vt 0.1806 0.8379
vt 0.4167 0.6914
vt 0.4028 0.7309
vt 0.4028 0.6914
vt 0.4167 0.7309
vt 0.7639 0.7309
vt 0.75 0.7687
vt 0.75 0.7309
vt 0.7639 0.7687
vt 0.7361 0.1313
vt 0.7361 0.1033
vt 0.25 0.1313
vt 0.2361 0.1313
vt 0.2466 0.0004
vt 0.2431 0.0004
vt 0.0973 0.2691
vt 0.0834 0.3087
vt 0.0834 0.2691
vt 0.0973 0.3087
vt 0.0973 0.1622
vt 0.0834 0.1956
vt 0.0834 0.1622
vt 0.0973 0.1956
vt 0.3542 0.0004
vt 0.3507 0.0004
vt 0.3472 0.8045
vt 0.3334 0.7687
vt 0.3334 0.8045
vt 0.3334 0.2691
vt 0.3195 0.2313
vt 0.3334 0.2313
vt 0.3195 0.2691
vt 0.8333 0.1313
vt 0.8194 0.1622
vt 0.8194 0.1313
vt 0.8333 0.1622
vt 0.9028 0.0118
vt 0.8889 0.0042
vt 0.9028 0.0042
vt 0.8889 0.0118
vt 0.3889 0.9958
vt 0.4028 0.9958
vt 0.3472 0.0118
vt 0.3334 0.0042
vt 0.3473 0.0042
vt 0.3334 0.0118
vt 0.0556 0.9958
vt 0.0417 0.9882
vt 0.0556 0.9882
vt 0.0417 0.9958
vt 0.5972 0.6504
vt 0.5833 0.6083
vt 0.5972 0.6083
vt 0.5833 0.6504
vt 0.4584 0.0783
vt 0.9861 0.9436
vt 1 0.9436
vt 0.5972 0.0783
vt 0.5833 0.0565
vt 0.5972 0.0565
vt 0.5833 0.0783
vt 0.3889 0.2313
vt 0.375 0.1956
vt 0.375 0.2313
vt 0.875 0.3087
vt 0.8889 0.1033
vt 0.875 0.1033
vt 0.5833 0.9882
vt 0.5695 0.977
vt 0.5833 0.977
vt 0.5695 0.9882
vt 0.0695 0.4782
vt 0.0556 0.4348
vt 0.0695 0.4348
vt 0.0556 0.4782
vt 0.4445 0.0783
vt 0.4306 0.0565
vt 0.4445 0.0565
vt 0.4306 0.0783
vt 0.5278 0.8687
vt 0.5139 0.8968
vt 0.5139 0.8687
vt 0.5278 0.8968
vt 0.4028 0.0118
vt 0.3889 0.0042
vt 0.4028 0.0042
vt 0.3889 0.0118
vt 0.9722 0.3918
vt 0.9583 0.3497
vt 0.9722 0.3497
vt 0.9583 0.3918
vt 0.7951 0.9996
vt 0.7917 0.9996
vt 0.7083 0.6914
vt 0.6944 0.7309
vt 0.6944 0.6914
vt 0.7083 0.7309
vt 0.1389 0.7687
vt 0.125 0.7309
vt 0.1389 0.7309
vt 0.125 0.7687
vt 0.0695 0.3918
vt 0.0556 0.3918
vt 0.6111 0.8379
vt 0.5972 0.8045
vt 0.6111 0.8045
vt 0.5972 0.8379
vt 0.2223 0.3497
vt 0.2084 0.3087
vt 0.2223 0.3087
vt 0.2084 0.3497
vt 0.8611 0.6914
vt 0.8611 0.6504
vt 0.2084 0.977
vt 0.1945 0.9882
vt 0.1945 0.977
vt 0.2084 0.9882
vt 0.3334 0.962
vt 0.3195 0.9436
vt 0.3334 0.9436
vt 0.375 0.1313
vt 0.3611 0.1033
vt 0.375 0.1033
vt 0.3611 0.1313
vt 0.1667 0.5653
vt 0.1528 0.5653
vt 0.4306 0.977
vt 0.4306 0.962
vt 0.4445 0.977
vt 1 0.8687
vt 0.9861 0.8379
vt 1 0.8379
vt 0.9861 0.8687
vt 0.0556 0.6914
vt 0.0417 0.7309
vt 0.0417 0.6914
vt 0.0556 0.7309
vt 0.5417 0.1033
vt 0.5278 0.0783
vt 0.5417 0.0783
vt 0.5278 0.1033
vt 0.7917 0.6083
vt 0.7778 0.6083
vt 0.1528 0.1956
vt 0.1389 0.2313
vt 0.1389 0.1956
vt 0.1528 0.2313
vt 0.8472 0.7309
vt 0.8333 0.7687
vt 0.8333 0.7309
vt 0.8472 0.7687
vt 0.6111 0.6083
vt 0.625 0.6083
vt 0.6111 0.6504
vt 0.5 0.1956
vt 0.4861 0.1622
vt 0.5 0.1622
vt 0.4861 0.1956
vt 0.6667 0.5653
vt 0.6528 0.5218
vt 0.6667 0.5218
vt 0.6528 0.5653
vt 0.5 0.9436
vt 0.5 0.962
vt 0.9305 0.3918
vt 0.9167 0.3918
vt 0.1528 0.1622
vt 0.1389 0.1313
vt 0.1528 0.1313
vt 0.1389 0.1622
vt 0.2778 0.9996
vt 0.2639 0.9958
vt 0.2778 0.9958
vt 0.2743 0.9996
vt 0.2639 0.9996
vt 0.3334 0.3087
vt 0.3195 0.3087
vt 0.6667 0.8379
vt 0.6806 0.8379
vt 0.6667 0.8687
vt 0.3889 0.5218
vt 0.375 0.5653
vt 0.375 0.5218
vt 0.3889 0.5653
vt 0.7361 0.5653
vt 0.7361 0.5218
vt 0.4167 0.5653
vt 0.4028 0.6083
vt 0.4028 0.5653
vt 0.4167 0.6083
vt 0.4445 0.3087
vt 0.4306 0.2691
vt 0.4445 0.2691
vt 0.4306 0.3087
vt 0.375 0.2691
vt 0.375 0.3087
vt 0.4584 0.0042
vt 0.4445 0.0042
vt 0.8611 0.1956
vt 0.2778 0.0231
vt 0.2778 0.0118
vt 0.2639 0.0231
vt 0.7083 0.1622
vt 0.7222 0.1622
vt 0.5278 0.8045
vt 0.5278 0.7687
vt 0.5521 0.0004
vt 0.5486 0.0004
vt 0.4584 0.4348
vt 0.4445 0.3918
vt 0.4584 0.3918
vt 0.4445 0.4348
vt 0.1945 0.9958
vt 0.2084 0.9958
vt 0.1528 0.9958
vt 0.1632 0.9996
vt 0.1597 0.9996
vt 0.1563 0.9996
vt 0.1528 0.9996
vt 0.7917 0.3087
vt 0.8056 0.3087
vt 0.3195 0.3497
vt 0.4167 0.3087
vt 0.4028 0.3497
vt 0.1945 0.9996
vt 0.2084 0.9996
vt 0.2049 0.9996
vt 0.2014 0.9996
vt 0.1979 0.9996
vt 0.25 0.3497
vt 0.2361 0.3087
vt 0.25 0.3087
vt 0.2361 0.3497
vt 0.0278 0.0004
vt 0.0243 0.0004
vt 0.6806 0.1313
vt 0.6667 0.1033
vt 0.6806 0.1033
vt 0.6667 0.1313
vt 0.3264 0.0004
vt 0.323 0.0004
vt 0.8889 0.8379
vt 0.4618 0.9996
vt 0.4653 0.9996
vt 0.4167 0.5218
vt 0.4028 0.4782
vt 0.4167 0.4782
vt 0.4028 0.5218
vt 0.8333 0.038
vt 0.8194 0.0565
vt 0.8194 0.038
vt 0.8333 0.0565
vt 0.6806 0.3918
vt 0.6806 0.3497
vt 0.6944 0.3918
vt 0.8194 0.9996
vt 0.8194 0.9958
vt 0.8333 0.9996
vt 0.8298 0.9996
vt 0.8264 0.9996
vt 0.8229 0.9996
vt 0.7465 0.0004
vt 0.7431 0.0004
vt 0.0695 0.977
vt 0.0556 0.977
vt 0.3611 0.4782
vt 0.375 0.4782
vt 0.3611 0.5218
vt 0.5 0.8379
vt 0.4861 0.8045
vt 0.5 0.8045
vt 0.4861 0.8379
vt 0.6944 0.2691
vt 0.6806 0.2313
vt 0.6806 0.2691
vt 0.5972 0.9958
vt 0.5972 0.9882
vt 0.5834 0.9958
vt 0.8194 0.9218
vt 0.8056 0.8968
vt 0.8194 0.8968
vt 0.8056 0.9218
vt 0.1806 0.8968
vt 0.1667 0.9218
vt 0.1667 0.8968
vt 0.1806 0.9218
vt 0.1111 0.4348
vt 0.0973 0.3918
vt 0.0973 0.4348
vt 0.9305 0.038
vt 0.9167 0.0231
vt 0.9305 0.0231
vt 0.9167 0.038
vt 0.6632 0.0004
vt 0.6563 0.0004
vt 0.6528 0.0042
vt 0.6528 0.0004
vt 0.6597 0.0004
vt 0.5695 0.7687
vt 0.5556 0.7309
vt 0.5695 0.7309
vt 0.5417 0.9218
vt 0.5278 0.9436
vt 0.5278 0.9218
vt 0.5417 0.9436
vt 0.8194 0.6504
vt 0.8056 0.6914
vt 0.8056 0.6504
vt 0.8194 0.6914
vt 0.3611 0.3087
vt 0.3611 0.2691
vt 0.9722 0.2313
vt 0.9583 0.2691
vt 0.9583 0.2313
vt 0.9722 0.2691
vt 0.875 0.7687
vt 0.8611 0.7309
vt 0.875 0.7309
vt 0.8611 0.7687
vt 0.9305 0.8045
vt 0.9305 0.7687
vt 0.3334 0.3497
vt 0.7083 0.9436
vt 0.6944 0.962
vt 0.6944 0.9436
vt 0.7083 0.962
vt 0.6111 0.9882
vt 0.5972 0.977
vt 0.6111 0.977
vt 0.4931 0.0004
vt 0.4896 0.0004
vt 0.1945 0.1622
vt 0.1806 0.1313
vt 0.1945 0.1313
vt 0.1806 0.1622
vt 0.0695 0.5653
vt 0.0695 0.5218
vt 0.5695 0.6504
vt 0.5695 0.6083
vt 0.2223 0.9958
vt 0.2223 0.9996
vt 0.2188 0.9996
vt 0.2153 0.9996
vt 0.2118 0.9996
vt 0.7083 0.9218
vt 0.7083 0.8968
vt 0.7083 0.4348
vt 0.6944 0.4782
vt 0.6944 0.4348
vt 0.7083 0.4782
vt 0.25 0.1033
vt 1 0.4782
vt 0.9861 0.4348
vt 1 0.4348
vt 0.9861 0.4782
vt 0.0834 0.2313
vt 0.0695 0.2691
vt 0.2778 0.4782
vt 0.2639 0.4348
vt 0.2778 0.4348
vt 0.2639 0.4782
vt 0.7778 0.9958
vt 0.7639 0.9882
vt 0.7778 0.9882
vt 0.7639 0.9958
vt 0.6111 0.5218
vt 0.5972 0.5653
vt 0.5972 0.5218
vt 0.6111 0.5653
vt 0.4028 0.6504
vt 0.3889 0.6914
vt 0.3889 0.6504
vt 0.7917 0.9218
vt 0.7917 0.8968
vt 0.375 0.3497
vt 0.3611 0.3918
vt 0.3611 0.3497
vt 0.375 0.3918
vt 0.1945 0.5653
vt 0.1806 0.6083
vt 0.1806 0.5653
vt 0.1945 0.6083
vt 0.1111 0.5653
vt 0.7361 0.0783
vt 0.7361 0.0565
vt 0.7222 0.0783
vt 0.8194 0.7687
vt 0.8056 0.7309
vt 0.8194 0.7309
vt 0.8056 0.7687
vt 0.7083 0.0118
vt 0.6944 0.0231
vt 0.6945 0.0118
vt 0.7083 0.0231
vt 0.3125 0.9996
vt 0.3091 0.9996
vt 1 0.6083
vt 0.9861 0.6504
vt 0.9861 0.6083
vt 1 0.6504
vt 0.8333 0.2691
vt 0.8194 0.2313
vt 0.8333 0.2313
vt 0.8194 0.2691
vt 0.2223 0.9882
vt 0.1667 0.8045
vt 0.1806 0.8045
vt 0.5972 0.9996
vt 0.5938 0.9996
vt 0.0521 0.9996
vt 0.0556 0.9996
vt 0.0139 0.6914
vt 0 0.6504
vt 0.0139 0.6504
vt 0 0.6914
vt 0.2604 0.0004
vt 0.257 0.0004
vt 0.0278 0.4782
vt 0.0139 0.5218
vt 0.0139 0.4782
vt 0.0278 0.5218
vt 0.7917 0.1033
vt 0.7778 0.0783
vt 0.7917 0.0783
vt 0.7778 0.1033
vt 0.7361 0.0231
vt 0.7222 0.0231
vt 0.7361 0.038
vt 0.8472 0.0118
vt 0.8333 0.0118
vt 0.125 0.8379
vt 0.1111 0.8045
vt 0.125 0.8045
vt 0.1111 0.8379
vt 0.4722 0.9958
vt 0.4584 0.9996
vt 0.4584 0.9958
vt 0.4723 0.9996
vt 0.4688 0.9996
vt 0.2639 0.5218
vt 0.25 0.4782
vt 0.25 0.5218
vt 0.3577 0.0004
vt 0.2292 0.0004
vt 0.2257 0.0004
vt 0.0417 0.0042
vt 0.0278 0.0118
vt 0.0278 0.0042
vt 0.0417 0.0118
vt 0.5417 0.6914
vt 0.5278 0.7309
vt 0.5278 0.6914
vt 0.5417 0.7309
vt 0.5 0.8687
vt 0.5 0.8968
vt 0.8055 0.9996
vt 0.809 0.9996
vt 0.5695 0.5218
vt 0.5556 0.5653
vt 0.5556 0.5218
vt 0.5695 0.5653
vt 0.1389 0.4782
vt 0.1389 0.5218
vt 0.9167 0.977
vt 0.9028 0.977
vt 0.9167 0.9882
vt 0.5556 0.1956
vt 0.5417 0.2313
vt 0.5417 0.1956
vt 0.5556 0.2313
vt 0.2361 0.1033
vt 0.2223 0.0783
vt 0.2361 0.0783
vt 0.3438 0.0004
vt 0.3403 0.0004
vt 0.5972 0.1313
vt 0.5833 0.1622
vt 0.5833 0.1313
vt 0.5972 0.1622
vt 0.7639 0.3497
vt 0.75 0.3497
vt 0.6806 0.6914
vt 0.6667 0.7309
vt 0.6667 0.6914
vt 0.6806 0.7309
vt 0.1736 0.0004
vt 0.1702 0.0004
vt 0.8611 0.977
vt 0.8611 0.9882
vt 0.6389 0.2313
vt 0.625 0.1956
vt 0.6389 0.1956
vt 0.625 0.2313
vt 0.4167 0.0042
vt 0.4132 0.0004
vt 0.4167 0.0004
vt 0.4028 0.0004
vt 0.7361 0.4782
vt 0.7222 0.5218
vt 0.7222 0.4782
vt 0.5695 0.8968
vt 0.5556 0.9218
vt 0.5556 0.8968
vt 0.5695 0.9218
vt 0.0834 0.962
vt 0.0695 0.962
vt 0.0834 0.977
vt 0.6667 0.7687
vt 0.6528 0.1956
vt 0.6528 0.2313
vt 0.4341 0.9996
vt 0.4375 0.9996
vt 0.25 0.8045
vt 0.8889 0.962
vt 0.875 0.9436
vt 0.8889 0.9436
vt 0.875 0.962
vt 0.9305 0.7309
vt 0.8472 0.1313
vt 0.8472 0.1622
vt 0.7604 0.9996
vt 0.7639 0.9996
vt 0.6389 0.0565
vt 0.625 0.0783
vt 0.625 0.0565
vt 0.6389 0.0783
vt 0.75 0.9958
vt 0.7361 0.9996
vt 0.7361 0.9958
vt 0.75 0.9996
vt 0.7465 0.9996
vt 0.7431 0.9996
vt 0.7396 0.9996
vt 0.9305 0.9882
vt 0.9167 0.9958
vt 0.9305 0.9958
vt 0.0556 0.7687
vt 0.0417 0.8045
vt 0.0417 0.7687
vt 0.0556 0.8045
vt 0.3334 0.9218
vt 0.3195 0.8968
vt 0.3334 0.8968
vt 0.3195 0.9218
vt 0.8194 0.977
vt 0.8194 0.962
vt 0.2778 0.038
vt 0.2917 0.038
vt 0.0139 0.9436
vt 0 0.9218
vt 0.0139 0.9218
vt 0 0.9436
vt 0.3195 0.7687
vt 0.3056 0.8045
vt 0.3056 0.7687
vt 0.3195 0.8045
vt 0.4861 0.8687
vt 0.4722 0.8968
vt 0.4722 0.8687
vt 0.4861 0.8968
vt 0.6806 0.6504
vt 0.6944 0.6504
vt 0.6667 0.8045
vt 0.8333 0.3087
vt 0.8194 0.3497
vt 0.8194 0.3087
vt 0.8333 0.3497
vt 0.25 0.9996
vt 0.2466 0.9996
vt 0.4028 0.962
vt 0.3889 0.962
vt 0.8889 0.2691
vt 0.875 0.2691
vt 0.9444 0.7687
vt 0.9444 0.8045
vt 0.8472 0.3918
vt 0.8333 0.3918
vt 0.7361 0.4348
vt 0.75 0.4782
vt 0.8889 0.5218
vt 0.875 0.5653
vt 0.875 0.5218
vt 0.8889 0.5653
vt 0.1945 0.962
vt 0.1806 0.9436
vt 0.1945 0.9436
vt 0.1806 0.962
vt 0.125 0.5218
vt 0.125 0.4782
vt 0.6806 0.9218
vt 0.6944 0.9218
vt 0.6806 0.9436
vt 0.4167 0.1956
vt 0.4028 0.2313
vt 0.4167 0.2313
vt 0.7778 0.1956
vt 0.7639 0.2313
vt 0.7639 0.1956
vt 0.7778 0.2313
vt 0.7222 0.0118
vt 0.4722 0.8379
vt 0.1945 0.1033
vt 0.1806 0.1033
vt 0.6389 0.9958
vt 0.625 0.9882
vt 0.6389 0.9882
vt 0.625 0.9958
vt 0.8611 0.038
vt 0.8472 0.0231
vt 0.8611 0.0231
vt 0.8472 0.038
vt 0.2639 0.3918
vt 0.25 0.4348
vt 0.25 0.3918
vt 0.0973 0.1313
vt 0.0834 0.1033
vt 0.0973 0.1033
vt 0.0834 0.1313
vt 0.9028 0.3087
vt 0.8889 0.3087
vt 0.9028 0.3497
vt 0.4306 0.9218
vt 0.4445 0.9218
vt 0.4306 0.9436
vt 0.4549 0.9996
vt 0.3056 0.9436
vt 0.2917 0.9436
vt 0.6459 0.9996
vt 0.6424 0.9996
vt 0.4861 0.0118
vt 0.4722 0.0042
vt 0.4861 0.0042
vt 0.4722 0.0118
vt 0.1389 0.8968
vt 0.125 0.8687
vt 0.1389 0.8687
vt 0.125 0.8968
vt 0.4306 0.9996
vt 0.4167 0.9958
vt 0.4306 0.9958
vt 0.4271 0.9996
vt 0.4237 0.9996
vt 0.4202 0.9996
vt 0.4167 0.9996
vt 0.9305 0.0565
vt 0.9167 0.0565
vt 0.2917 0.0042
vt 0.2882 0.0004
vt 0.2917 0.0004
vt 0.2813 0.0004
vt 0.2778 0.0042
vt 0.2778 0.0004
vt 0.2848 0.0004
vt 0.0834 0.8379
vt 0.0695 0.8687
vt 0.0695 0.8379
vt 0.0834 0.8687
vt 0.75 0.2313
vt 0.7361 0.2691
vt 0.7361 0.2313
vt 0.3056 0.2691
vt 0.3056 0.2313
vt 0.0556 0.2691
vt 0.8889 0.8045
vt 0.5278 0.0231
vt 0.5278 0.038
vt 0.5556 0.962
vt 0.5556 0.9436
vt 0.5417 0.962
vt 0.7639 0.0231
vt 0.75 0.0118
vt 0.7639 0.0118
vt 0.75 0.0231
vt 0.2084 0.0783
vt 0.2084 0.0565
vt 0.6944 0.1033
vt 0.6944 0.1313
vt 0.1111 0.6504
vt 0.1111 0.6083
vt 0.0973 0.6504
vt 0.8611 0.9218
vt 0.8472 0.9218
vt 0.7917 0.5653
vt 0.7778 0.5218
vt 0.7917 0.5218
vt 0.7778 0.5653
vt 0.059 0.9996
vt 0.5556 0.0042
vt 0.5417 0.0118
vt 0.5417 0.0042
vt 0.5556 0.0118
vt 0.3334 0.7309
vt 0.3195 0.7309
vt 0.1979 0.0004
vt 0.1945 0.0004
vt 0.9305 0.8968
vt 0.9167 0.9218
vt 0.9305 0.9218
vt 0.4306 0.1313
vt 0.4306 0.1622
vt 0.2361 0.5218
vt 0.2223 0.4782
vt 0.2361 0.4782
vt 0.2223 0.5218
vt 0.8194 0.5653
vt 0.8056 0.6083
vt 0.8056 0.5653
vt 0.8194 0.6083
vt 0.1945 0.7687
vt 0.1806 0.7687
vt 0.1945 0.8045
vt 0.1389 0.4348
vt 0.1528 0.4348
vt 0.8507 0.0004
vt 0.8541 0.0004
vt 0.3993 0.0004
vt 0.2361 0.6504
vt 0.2223 0.6914
vt 0.2223 0.6504
vt 0.2361 0.6914
vt 0.4722 0.1956
vt 0.4722 0.1622
vt 0.4584 0.1956
vt 0.375 0.6914
vt 0.375 0.6504
vt 0.5833 0.0118
vt 0.5695 0.0231
vt 0.5695 0.0118
vt 0.5833 0.0231
vt 0.4306 0.2313
vt 0.4306 0.1956
vt 0.6111 0.3497
vt 0.6111 0.3087
vt 0.625 0.3497
vt 0.6528 0.8687
vt 0.6528 0.8379
vt 0.0417 0.3087
vt 0.0278 0.2691
vt 0.0417 0.2691
vt 0.0278 0.3087
vt 0.6389 0.0231
vt 0.625 0.038
vt 0.6389 0.038
vt 0.382 0.9996
vt 0.3785 0.9996
vt 0.0417 0.5218
vt 0.0417 0.4782
vt 0.0278 0.3918
vt 0.0139 0.4348
vt 0.0139 0.3918
vt 0.0278 0.4348
vt 0.0973 0.0118
vt 0.0973 0.0042
vt 0.0556 0.6504
vt 0.0417 0.6083
vt 0.0556 0.6083
vt 0.0417 0.6504
vt 0.9722 0.8968
vt 0.9583 0.8968
vt 0.632 0.9996
vt 0.6354 0.9996
vt 0.9861 0.038
vt 0.9722 0.038
vt 0.0973 0.0783
vt 0.0834 0.0783
vt 0.9305 0.8687
vt 0.191 0.9996
vt 0.1875 0.9996
vt 0.1841 0.9996
vt 0.9861 0.962
vt 0.9722 0.9436
vt 0.9722 0.962
vt 0.0139 0.1313
vt 0 0.1033
vt 0.0139 0.1033
vt 0 0.1313
vt 0.5556 0.3918
vt 0.5417 0.3497
vt 0.5556 0.3497
vt 0.5417 0.3918
vt 0.2084 0.1622
vt 0.2223 0.1622
vt 0.6389 0.4348
vt 0.625 0.3918
vt 0.6389 0.3918
vt 0.625 0.4348
vt 0.875 0.8687
vt 0.875 0.8379
vt 0.125 0.1956
vt 0.1111 0.1622
vt 0.125 0.1622
vt 0.1111 0.1956
vt 0.9444 0.8379
vt 0.9305 0.8379
vt 0.9444 0.8687
vt 0.8333 0.4782
vt 0.8194 0.5218
vt 0.0278 0.9958
vt 0.0278 0.9882
vt 0.5278 0.962
vt 0.5139 0.977
vt 0.5139 0.962
vt 0.5278 0.977
vt 0.8472 0.6914
vt 1 0.962
vt 0.25 0.0231
vt 0.4445 0.038
vt 0.7778 0.962
vt 0.7639 0.9436
vt 0.7778 0.9436
vt 0.7639 0.962
vt 0.4584 0.0004
vt 0.4549 0.0004
vt 0.4167 0.2691
vt 0.8194 0.9882
vt 0.8056 0.977
vt 0.8056 0.9882
vt 0.3646 0.0004
vt 0.2084 0.0004
vt 0.2049 0.0004
vt 0.4028 0.8379
vt 0.2778 0.5218
vt 0.8056 0.9958
vt 0.2917 0.7309
vt 0.2917 0.6914
vt 0.2778 0.7309
vt 0.4167 0.1033
vt 0.4028 0.0783
vt 0.4167 0.0783
vt 0.0695 0.0004
vt 0.066 0.0004
vt 0.1389 0.038
vt 0.125 0.0231
vt 0.1389 0.0231
vt 0.125 0.038
vt 0.75 0.977
vt 0.7639 0.977
vt 0.75 0.9882
vt 0.1389 0.9958
vt 0.125 0.9882
vt 0.1389 0.9882
vt 0.125 0.9958
vt 0.6667 0.9882
vt 0.6528 0.977
vt 0.6667 0.977
vt 0.6528 0.9882
vt 0 0.1622
vt 0.0139 0.1622
vt 0.1945 0.0565
vt 0.1806 0.0783
vt 0.1806 0.0565
vt 0.1945 0.0783
vt 0.5 0.977
vt 0.4861 0.9882
vt 0.4861 0.977
vt 0.5 0.9882
vt 0.1667 0.7687
vt 0.1389 0.8379
vt 0.0417 0.8687
vt 0.0417 0.8379
vt 0.9444 0.4348
vt 0.9305 0.4782
vt 0.9305 0.4348
vt 0.9444 0.4782
vt 0.0695 0.9218
vt 0.0556 0.8968
vt 0.0695 0.8968
vt 0.0556 0.9218
vt 0.3056 0.6504
vt 0.2917 0.6083
vt 0.3056 0.6083
vt 0.2917 0.6504
vt 0.6806 0.4348
vt 0.6806 0.3087
vt 0.6667 0.3497
vt 0.6667 0.3087
vt 0.6667 0.6083
vt 0.6528 0.6504
vt 0.6528 0.6083
vt 0.6667 0.6504
vt 0.1528 0.3497
vt 0.1389 0.3087
vt 0.1528 0.3087
vt 0.1389 0.3497
vt 0.75 0.962
vt 0.7361 0.9436
vt 0.75 0.9436
vt 0.7361 0.962
vt 0.1806 0.2691
vt 0.1667 0.3087
vt 0.1667 0.2691
vt 0.1806 0.3087
vt 0.1528 0.9218
vt 0.1528 0.8968
vt 0.1389 0.9218
vt 0.6389 0.9996
vt 0.4584 0.2313
vt 0.4445 0.2313
vt 0.4584 0.2691
vt 0.3611 0.0004
vt 0.3368 0.0004
vt 0.3334 0.0004
vt 0.3473 0.0004
vt 0.0695 0.1622
vt 0.0695 0.1313
vt 0.2223 0.0042
vt 0.2188 0.0004
vt 0.2222 0.0004
vt 0.2118 0.0004
vt 0.2084 0.0042
vt 0.2153 0.0004
vt 0.7326 0.9996
vt 0.3334 0.1956
vt 0.3195 0.1956
vt 0.0834 0.6504
vt 0.9132 0.0004
vt 0.9097 0.0004
vt 0.4167 0.0565
vt 0.7257 0.0004
vt 0.7361 0.0042
vt 0.7326 0.0004
vt 0.7361 0.0004
vt 0.7292 0.0004
vt 0.7361 0.977
vt 0.7222 0.9882
vt 0.7222 0.977
vt 0.7361 0.9882
vt 0.0278 0.3497
vt 0.8056 0.9436
vt 0.7917 0.962
vt 0.7917 0.9436
vt 0.8056 0.962
vt 0.1389 0.0565
vt 0.0973 0.8687
vt 0.1111 0.8687
vt 0.3056 0.7309
vt 0.2917 0.7687
vt 0.6667 0.4782
vt 0.6528 0.4782
vt 0.0174 0.9996
vt 0.0209 0.9996
vt 0.5556 0.0231
vt 0.5417 0.0231
vt 0.7361 0.3918
vt 0.7361 0.3497
vt 0.625 0.1033
vt 0.6111 0.1313
vt 0.6111 0.1033
vt 0.625 0.1313
vt 0.6667 0.0118
vt 0.6528 0.0118
vt 0.6528 0.9958
vt 0.1806 0.5218
vt 0.1806 0.4782
vt 0.3889 0.6083
vt 0.0973 0.977
vt 0.0973 0.962
vt 0.7917 0.8687
vt 0.7778 0.8968
vt 0.7778 0.8687
vt 0.3472 0.2313
vt 0.3611 0.2313
vt 0.3472 0.2691
vt 0.0556 0.5653
vt 0.0417 0.5653
vt 0.2639 0.0565
vt 0.1945 0.0231
vt 0.1806 0.0118
vt 0.1945 0.0118
vt 0.1806 0.0231
vt 0.4306 0.0004
vt 0.4271 0.0004
vt 0.5139 0.0565
vt 0.5 0.0565
vt 0.8889 0.977
vt 0.875 0.9882
vt 0.875 0.977
vt 0.9479 0.9996
vt 0.9514 0.9996
vt 0.6111 0.4348
vt 0.5972 0.3918
vt 0.6111 0.3918
vt 0.5972 0.4348
vt 0.75 0.0565
vt 0.75 0.038
vt 0.6979 0.0004
vt 0.6945 0.0042
vt 0.7014 0.0004
vt 0.3472 0.4782
vt 0.3472 0.5218
vt 0.0695 0.6083
vt 0.9305 0.962
vt 0.9305 0.9436
vt 0.1632 0.0004
vt 0.1597 0.0004
vt 0.3472 0.5653
vt 0.3334 0.5218
vt 0.3334 0.5653
vt 0.9583 0.7309
vt 0.9444 0.7309
vt 0.9583 0.7687
vt 0.6007 0.9996
vt 0.2639 0.9436
vt 0.25 0.962
vt 0.25 0.9436
vt 0.2639 0.962
vt 0.2778 0.962
vt 0.2639 0.977
vt 0.2778 0.977
vt 0.4445 0.9958
vt 0.4514 0.9996
vt 0.448 0.9996
vt 0.4445 0.9996
vt 0.3195 0.3918
vt 0.3056 0.3918
vt 0.5972 0.7687
vt 0.5833 0.7309
vt 0.5972 0.7309
vt 0.5833 0.7687
vt 0.7361 0.1956
vt 0.75 0.1956
vt 0.1667 0.6083
vt 0.125 0.2313
vt 0.3611 0.8968
vt 0.3472 0.8687
vt 0.3611 0.8687
vt 0.3472 0.8968
vt 0.8056 0.038
vt 0.8056 0.0565
vt 0.1111 0.6914
vt 0.0973 0.6914
vt 0.4861 0.1313
vt 0.5 0.1313
vt 0.875 0.8968
vt 0.5833 0.4348
vt 0.5695 0.3918
vt 0.5833 0.3918
vt 0.5695 0.4348
vt 0.375 0.7309
vt 0.3889 0.7309
vt 0.7639 0.6083
vt 0.5972 0.2691
vt 0.6111 0.2691
vt 0.5972 0.3087
vt 0.6702 0.9996
vt 0.6667 0.9996
vt 0.2778 0.9882
vt 0.2639 0.9882
vt 0.9722 0.0783
vt 0.9583 0.0565
vt 0.9722 0.0565
vt 0.9583 0.0783
vt 0.1528 0.6914
vt 0.1389 0.6504
vt 0.1528 0.6504
vt 0.1389 0.6914
vt 0.5556 0.0004
vt 0.4861 0.6504
vt 0.4861 0.6914
vt 0.2639 0.1956
vt 0.6806 0.038
vt 0.6667 0.0565
vt 0.6667 0.038
vt 0.6806 0.0565
vt 0.3334 0.8379
vt 0.3195 0.8379
vt 0.7917 0.038
vt 0.7778 0.0565
vt 0.7778 0.038
vt 0.7917 0.0565
vt 0.7222 0.5653
vt 0.8889 0.9218
vt 0.875 0.9218
vt 0.2361 0.3918
vt 0.2223 0.4348
vt 0.2223 0.3918
vt 0.2361 0.4348
vt 0.4306 0.4782
vt 0.4306 0.4348
vt 0.4445 0.4782
vt 0.1667 0.4348
vt 0.75 0.1313
vt 0.7361 0.1622
vt 0.75 0.1622
vt 0.1945 0.6504
vt 0.1806 0.6914
vt 0.1806 0.6504
vt 0.1945 0.6914
vt 0.9583 0.9996
vt 0.9618 0.9996
vt 0.1945 0.2691
vt 0.1806 0.2313
vt 0.1945 0.2313
vt 0.4167 0.1622
vt 0.6667 0.8968
vt 0.6667 0.9218
vt 0.3785 0.0004
vt 0.375 0.0042
vt 0.375 0.0004
vt 0.3855 0.0004
vt 0.3889 0.0004
vt 0.382 0.0004
vt 0.1528 0.977
vt 0.1389 0.962
vt 0.1528 0.962
vt 0.1389 0.977
vt 0.3334 0.6083
vt 0.3195 0.6504
vt 0.3195 0.6083
vt 0.3334 0.6504
vt 0.3472 0.1313
vt 0.3334 0.1622
vt 0.3334 0.1313
vt 0.3472 0.1622
vt 0.3889 0.0565
vt 0.4028 0.0565
vt 0.3889 0.0783
vt 0.3611 0.0783
vt 0.375 0.0783
vt 0.1528 0.0231
vt 0.1528 0.038
vt 0.9583 0.8045
vt 0.9722 0.8045
vt 0.3889 0.4782
vt 0.3195 0.0565
vt 0.3056 0.0783
vt 0.3056 0.0565
vt 0.3195 0.0783
vt 0.2223 0.977
vt 0.2084 0.962
vt 0.2223 0.962
vt 0.4132 0.9996
vt 0.4098 0.9996
vt 0.8333 0.6914
vt 0.1667 0.1956
vt 0.1667 0.1622
vt 0.8889 0.0231
vt 0.9028 0.0231
vt 0.1111 0.1033
vt 0.125 0.1033
vt 0.7222 0.8687
vt 0.3611 0.0118
vt 0.3611 0.0042
vt 0.375 0.0118
vt 0.6667 0.2313
vt 0.6667 0.1956
vt 0.8056 0.0118
vt 0.7917 0.0231
vt 0.7917 0.0118
vt 0.8056 0.0231
vt 0.1389 0.9996
vt 0.1493 0.9996
vt 0.1459 0.9996
vt 0.1424 0.9996
vt 0.6806 0.0231
vt 0.6806 0.0118
vt 0.5417 0.0565
vt 0.5417 0.038
vt 0.5278 0.0565
vt 0.3611 0.8045
vt 0.0834 0.0118
vt 0.0834 0.0042
vt 0.9028 0.2313
vt 0.9028 0.1956
vt 0.0278 0.6914
vt 0.0278 0.7309
vt 0.4445 0.6083
vt 0.1806 0.4348
vt 0.0868 0.0004
vt 0.0834 0.0004
vt 0.5695 0.0004
vt 0.566 0.0004
vt 0.0695 0.7309
vt 0.0695 0.6914
vt 0.375 0.9996
vt 0.2223 0.0231
vt 0.2361 0.0231
vt 0.7222 0.8045
vt 0.7083 0.7687
vt 0.7222 0.7687
vt 0.7083 0.8045
vt 0.8611 0.9996
vt 0.8611 0.9958
vt 0.8576 0.9996
vt 0.8541 0.9996
vt 0.8507 0.9996
vt 0.8472 0.9996
vt 0.5972 0.1956
vt 0.5833 0.2313
vt 0.5833 0.1956
vt 0.5972 0.2313
vt 0.6493 0.9996
vt 0.7222 0.3087
vt 0.7083 0.2691
vt 0.7222 0.2691
vt 0.8194 0.0231
vt 0.6389 0.8968
vt 0.0139 0.962
vt 0.0278 0.962
vt 0.8333 0.0231
vt 0.1389 0.1033
vt 0.125 0.1313
vt 0.875 0.4782
vt 0.8889 0.4782
vt 0.5556 0.9996
vt 0.5591 0.9996
vt 0.2778 0.3918
vt 0 0.8968
vt 0.5278 0.6504
vt 0.5139 0.6914
vt 0.5139 0.6504
vt 0.7222 0.962
vt 0.7083 0.977
vt 0.5 0.4348
vt 0.4861 0.4782
vt 0.4861 0.4348
vt 0.5 0.4782
vt 0.1389 0.5653
vt 0.125 0.6083
vt 0.125 0.5653
vt 0.1389 0.6083
vt 0.7639 0.0565
vt 0.7639 0.038
vt 1 0.1622
vt 0.9861 0.1313
vt 1 0.1313
vt 0.9861 0.1622
vt 0.3056 0.8687
vt 0.3056 0.8379
vt 0.3195 0.8687
vt 0.5868 0.0004
vt 0.5834 0.0004
vt 0.5139 0.9996
vt 0.5 0.9958
vt 0.5139 0.9958
vt 0.5105 0.9996
vt 0.507 0.9996
vt 0.5035 0.9996
vt 0.5 0.9996
vt 0.0278 0.1622
vt 0.0278 0.1313
vt 0.7222 0.6083
vt 0.7083 0.6504
vt 0.7083 0.6083
vt 0.7222 0.6504
vt 0.0556 0.8687
vt 0.0417 0.8968
vt 0.2361 0.5653
vt 0.25 0.5653
vt 0.4445 0.6504
vt 0.6667 0.9958
vt 0.1528 0.9882
vt 0.9028 0.2691
vt 0.2639 0.1622
vt 0.2778 0.1622
vt 0.0556 0.1622
vt 0.2361 0.8379
vt 0.2361 0.8045
vt 0.25 0.8379
vt 0.2535 0.0004
vt 0.25 0.0004
vt 0.2639 0.0004
vt 0.375 0.6083
vt 0.3611 0.6504
vt 0.3611 0.6083
vt 0.7917 0.4782
vt 0.7778 0.4782
vt 0.6528 0.962
vt 0.6667 0.962
vt 0.0695 0.8045
vt 0.0834 0.8045
vt 0.1806 0.0004
vt 0.1771 0.0004
vt 0.625 0.8045
vt 0.6111 0.7687
vt 0.625 0.7687
vt 0.8056 0.5218
vt 0.3299 0.0004
vt 0.4688 0.0004
vt 0.4653 0.0004
vt 0.0278 0.6504
vt 0.0278 0.6083
vt 0.0139 0.6083
vt 0.2084 0.5218
vt 0.1945 0.4782
vt 0.2084 0.4782
vt 0.1945 0.5218
vt 0.8194 0.3918
vt 0.2778 0.9436
vt 0.0417 0.3918
vt 0.0417 0.4348
vt 0.9444 0.0118
vt 0.9305 0.0118
vt 0.9444 0.0231
vt 0.7882 0.0004
vt 0.1806 0.038
vt 0.1945 0.038
vt 0.6389 0.4782
vt 0.625 0.4782
vt 0.2917 0.4782
vt 0.2917 0.4348
vt 0.5 0.7687
vt 0.4861 0.7309
vt 0.5 0.7309
vt 0.4861 0.7687
vt 0.5452 0.0004
vt 0.5417 0.0004
vt 0.6111 0.962
vt 0.5972 0.962
vt 1 0.1956
vt 0.9861 0.2313
vt 0.9861 0.1956
vt 1 0.2313
vt 0.4722 0.8045
vt 0.4584 0.7687
vt 0.4722 0.7687
vt 0.4584 0.8045
vt 0.9583 0.6914
vt 0.3334 0.4348
vt 0.3472 0.4348
vt 0.3334 0.4782
vt 0.5278 0.4348
vt 0.5139 0.4782
vt 0.5139 0.4348
vt 0.5278 0.4782
vt 0.6806 0.0783
vt 0.6667 0.0783
vt 0.8472 0.1033
vt 0.8611 0.1033
vt 0.875 0.9958
vt 0.0834 0.9436
vt 0.0834 0.9218
vt 0.0973 0.9436
vt 0.6528 0.4348
vt 0.6528 0.3918
vt 0.5278 0.9882
vt 0.5417 0.9882
vt 0.625 0.977
vt 0.9444 0.1313
vt 0.9305 0.1033
vt 0.9444 0.1033
vt 0.1111 0.9996
vt 0.1146 0.9996
vt 0.7222 0.9958
vt 0.7083 0.9996
vt 0.7083 0.9958
vt 0.7222 0.9996
vt 0.7188 0.9996
vt 0.7153 0.9996
vt 0.7118 0.9996
vt 0.0417 0.0565
vt 0.0278 0.0783
vt 0.0278 0.0565
vt 0.0417 0.0783
vt 0.9861 0.5218
vt 1 0.5218
vt 0.2917 0.8045
vt 0.2778 0.8379
vt 0.2917 0.8379
vt 0.375 0.977
vt 0.375 0.9882
vt 0.3195 0.1622
vt 0.625 0.9436
vt 0.7222 0.1956
vt 0.6875 0.0004
vt 0.684 0.0004
vt 0.7917 0.9958
vt 0.7778 0.9996
vt 0.7882 0.9996
vt 0.7847 0.9996
vt 0.7812 0.9996
vt 0.0278 0.9996
vt 0.0417 0.9996
vt 0.0382 0.9996
vt 0.0347 0.9996
vt 0.0313 0.9996
vt 0.3472 0.8379
vt 0.3334 0.8687
vt 0.5139 0.6083
vt 0.5278 0.6083
vt 0.9444 0.9218
vt 0.9583 0.9218
vt 0.4584 0.9218
vt 0.4722 0.9218
vt 0.25 0.2313
vt 0.2361 0.2313
vt 0.1806 0.1956
vt 0.9722 0.5653
vt 0.9861 0.5653
vt 0.5833 0.8045
vt 0.5695 0.8379
vt 0.5695 0.8045
vt 0.5833 0.8379
vt 0.1389 0.3918
vt 0.1528 0.3918
vt 0.7743 0.0004
vt 0.7708 0.0004
vt 0.9722 0.9218
vt 0.5556 0.8687
vt 0.5556 0.8379
vt 0.5695 0.8687
vt 0.875 0.6083
vt 0.8889 0.6083
vt 0.3056 0.6914
vt 0.3195 0.6914
vt 0.5556 0.1313
vt 0.5417 0.1622
vt 0.5417 0.1313
vt 0.5556 0.1622
vt 0.0556 0.5218
vt 0.1667 0.6504
vt 0.1528 0.6083
vt 0.0834 0.4348
vt 0.0834 0.3918
vt 0.9722 0.3087
vt 0.9583 0.3087
vt 0.4722 0.3497
vt 0.4584 0.3087
vt 0.4722 0.3087
vt 0.4584 0.3497
vt 0.0973 0.7687
vt 0.0834 0.7687
vt 0.0973 0.8045
vt 0.5695 0.1313
vt 0.5695 0.1622
vt 0.8056 0.2313
vt 0.7917 0.2691
vt 0.7917 0.2313
vt 0.8056 0.2691
vt 0.0139 0.9882
vt 0 0.977
vt 0.0139 0.977
vt 0 0.9882
vt 0.0278 0.5653
vt 0.0139 0.5653
vt 0.1424 0.0004
vt 0.1389 0.0004
vt 0.3334 0.0565
vt 0.3195 0.038
vt 0.3334 0.038
vt 0.9444 0.038
vt 0.5139 0.0118
vt 0.5 0.0118
vt 0.441 0.9996
vt 0.2223 0.1956
vt 0.2084 0.1956
vt 0.8056 0.8379
vt 0.8056 0.8045
vt 0.7917 0.8379
vt 0.0417 0.1313
vt 0.0278 0.1033
vt 0.0417 0.1033
vt 0.6111 0.7309
vt 0.5972 0.6914
vt 0.6111 0.6914
vt 0.0556 0.0042
vt 0.5278 0.3087
vt 0.5139 0.2691
vt 0.5278 0.2691
vt 0.5139 0.3087
vt 0.8333 0.1956
vt 0.8194 0.1956
vt 0.1945 0.3918
vt 0.1945 0.3497
vt 0.7361 0.6504
vt 0.7361 0.6083
vt 0.0139 0.9996
vt 0.5834 0.9996
vt 0.5868 0.9996
vt 0.9167 0.6083
vt 0.9028 0.6083
vt 0.9167 0.6504
vt 0.0139 0.0565
vt 0.0139 0.0783
vt 0.6944 0.0783
vt 0.3889 0.038
vt 0.375 0.0565
vt 0.375 0.038
vt 0.6111 0.2313
vt 0.5834 0.0042
vt 0.5799 0.0004
vt 0.5729 0.0004
vt 0.5695 0.0042
vt 0.5764 0.0004
vt 0.2882 0.9996
vt 0.75 0.6083
vt 0.1146 0.0004
vt 0.1111 0.0004
vt 0.8611 0.8379
vt 0.4306 0.8379
vt 0.4167 0.8045
vt 0.4167 0.8379
vt 0.8472 0.8045
vt 0.8611 0.8045
vt 0.0695 0.6504
vt 0.8333 0.8687
vt 0.8333 0.8968
vt 0.9028 0.5218
vt 0.9028 0.5653
vt 0 0.9958
vt 0.0139 0.9958
vt 0.0104 0.9996
vt 0.007 0.9996
vt 0.0035 0.9996
vt 0 0.9996
vt 0.6146 0.0004
vt 0.6111 0.0004
vt 0.5972 0.8687
vt 0.5833 0.8687
vt 0.5556 0.9882
vt 0.5556 0.9958
vt 0.4306 0.8687
vt 0.4167 0.8687
vt 0.2917 0.9882
vt 0.2917 0.977
vt 0.3056 0.9882
vt 0.9028 0.1033
vt 0.1667 0.1033
vt 0.1667 0.0783
vt 0.75 0.6504
vt 0.4861 0.9996
vt 0.4861 0.9958
vt 0.4966 0.9996
vt 0.4931 0.9996
vt 0.4896 0.9996
vt 0.1111 0.038
vt 0.1111 0.0231
vt 0.5278 0.1956
vt 0.5278 0.2313
vt 0.4445 0.3497
vt 0.448 0.0004
vt 0.4445 0.0004
vt 0.4514 0.0004
vt 0.8056 0.1622
vt 0.8056 0.1956
vt 0.7222 0.2313
vt 0.5139 0.9218
vt 0.5139 0.9436
vt 0.4167 0.8968
vt 0.4306 0.8968
vt 0.2639 0.5653
vt 0.25 0.6083
vt 0.2639 0.6083
vt 0.5417 0.6504
vt 0.4028 0.8045
vt 0.4028 0.7687
vt 0.5833 0.3497
vt 0.5972 0.3497
vt 0.9583 0.4348
vt 0.9444 0.3918
vt 0.6389 0.962
vt 0.0278 0.038
vt 0.0417 0.038
vt 0.9861 0.1033
vt 1 0.1033
vt 0.7083 0.9882
vt 0.1945 0.3087
vt 0.5556 0.3087
vt 0.5417 0.2691
vt 0.5556 0.2691
vt 0.5417 0.3087
vt 0.7812 0.0004
vt 0.7778 0.0042
vt 0.7778 0.0004
vt 0.7847 0.0004
vt 0.3611 0.1956
vt 0.7569 0.0004
vt 0.7535 0.0004
vt 0.9028 0.4348
vt 0.9028 0.4782
vt 0.1667 0.0118
vt 0.1667 0.0231
vt 0.4722 0.2313
vt 0.6111 0.4782
vt 0.625 0.5218
vt 0.9028 0.9436
vt 0.9028 0.9218
vt 0.9167 0.9436
vt 0.0973 0.2313
vt 0.8333 0.1033
vt 0.5695 0.3497
vt 0.5695 0.3087
vt 0.3056 0.1956
vt 0.5278 0.5218
vt 0.5139 0.5218
vt 0.3611 0.9958
vt 0.3473 0.9996
vt 0.3472 0.9958
vt 0.3611 0.9996
vt 0.3577 0.9996
vt 0.3542 0.9996
vt 0.3507 0.9996
vt 0.7917 0.1956
vt 0.6944 0.038
vt 0.6389 0.5218
vt 0.9583 0.038
vt 0.125 0.6504
vt 0.5 0.0004
vt 0.4966 0.0004
vt 0.4306 0.038
vt 0.375 0.0231
vt 0.3889 0.0231
vt 0.5139 0.3918
vt 0.5278 0.3918
vt 0.7639 0.1313
vt 0.1111 0.2691
vt 0.1111 0.2313
vt 0.125 0.2691
vt 0.7083 0.5218
vt 0.9028 0.0783
vt 0.8889 0.0783
vt 0.0417 0.3497
vt 0.625 0.962
vt 0.6111 0.9436
vt 0.7292 0.9996
vt 0.7257 0.9996
vt 0.9861 0.977
vt 0.9722 0.9882
vt 0.9722 0.977
vt 0.9861 0.9882
vt 0.8333 0.8379
vt 0.8194 0.8045
vt 0.8333 0.8045
vt 0.8194 0.8379
vt 1 0.038
vt 0.9861 0.0565
vt 1 0.0565
vt 0.7778 0.0118
vt 0.7778 0.0231
vt 0.8923 0.0004
vt 0.8889 0.0004
vt 0.8993 0.0004
vt 0.9028 0.0004
vt 0.8958 0.0004
vt 0.7917 0.1622
vt 0.7778 0.1622
vt 0.4445 0.1956
vt 0.5139 0.5653
vt 0.5278 0.5653
vt 0.1667 0.2313
vt 0.1528 0.2691
vt 0.6667 0.0231
vt 0.7083 0.0783
vt 0.0834 0.3497
vt 0.0973 0.3497
vt 0.1354 0.0004
vt 0.0139 0.0118
vt 0.0139 0.0042
vt 0.3299 0.9996
vt 0.3334 0.9996
vt 0.3195 0.5653
vt 0.3195 0.5218
vt 0.2917 0.1033
vt 0.9618 0.0004
vt 0.9583 0.0004
vt 0.9687 0.0004
vt 0.9652 0.0004
vt 0.9722 0.7687
vt 0.2778 0.6083
vt 0.2778 0.5653
vt 0.4167 0.977
vt 0.4167 0.962
vt 0.9167 0.0042
vt 0.9305 0.0042
vt 0.9167 0.0118
vt 0.4167 0.9218
vt 0.4167 0.9436
vt 0.4722 0.0231
vt 0.4861 0.0231
vt 0 0.7687
vt 0.0139 0.7687
vt 0 0.8045
vt 0.4167 0.7687
vt 0.9896 0.9996
vt 0.9861 0.9996
vt 0.6389 0.7687
vt 0.6389 0.8045
vt 0.9479 0.0004
vt 0.9444 0.0004
vt 0.7083 0.5653
vt 0.2223 0.5653
vt 0.2084 0.6083
vt 0.2084 0.5653
vt 0.2223 0.6083
vt 0.1806 0.9882
vt 0.4861 0.9218
vt 0.6528 0.7309
vt 0.6528 0.7687
vt 0.7361 0.0118
vt 0.3611 0.5653
vt 0.3472 0.6083
vt 0.4167 0.6504
vt 0.7083 0.3918
vt 0.0972 0.9996
vt 0.0973 0.9958
vt 0.0938 0.9996
vt 0.375 0.9958
vt 0.6389 0.0004
vt 0.6354 0.0004
vt 0.1806 0.977
vt 0.7222 0.6914
vt 0.6528 0.8045
vt 0.6389 0.8379
vt 0.0695 0.0565
vt 0.0556 0.0783
vt 0.0556 0.0565
vt 0.0695 0.0783
vt 0.1389 0.9436
vt 0.125 0.962
vt 0.125 0.9436
vt 0.9861 0.0783
vt 1 0.0783
vt 0.5 0.6914
vt 0.5 0.6504
vt 0.7778 0.9218
vt 0 0.1956
vt 0.0139 0.1956
vt 0.6944 0.6083
vt 0.6111 0.0783
vt 0.4167 0.4348
vt 0.3472 0.9882
vt 0.3334 0.977
vt 0.3472 0.977
vt 0.3334 0.9882
vt 0.3472 0.1956
vt 0.2361 0.962
vt 0.5695 0.6914
vt 0.5556 0.6504
vt 0.5556 0.6914
vt 0.0139 0.0231
vt 0 0.0118
vt 0 0.0231
vt 0.7222 0.9436
vt 0.1007 0.0004
vt 0.0972 0.0004
vt 0.0695 0.7687
vt 0.1667 0.0004
vt 0.2223 0.2691
vt 0.2084 0.2313
vt 0.2223 0.2313
vt 0.2084 0.2691
vt 0.4306 0.9882
vt 0.4167 0.9882
vt 0.3334 0.0231
vt 0.2361 0.8968
vt 0.2223 0.9218
vt 0.2223 0.8968
vt 0.2361 0.9218
vt 0.4306 0.0231
vt 0.4167 0.038
vt 0.4167 0.0231
vt 0.3403 0.9996
vt 0.3368 0.9996
vt 0.1841 0.0004
vt 0.1111 0.9882
vt 0.1111 0.9958
vt 0.2917 0.0231
vt 0.25 0.2691
vt 0.2361 0.2691
vt 0.3056 0.4782
vt 0.3056 0.4348
vt 0.1667 0.9882
vt 1 0.0118
vt 0.5174 0.9996
vt 0.5556 0.6083
vt 0.6667 0.9436
vt 0.6806 0.962
vt 0.5452 0.9996
vt 0.5417 0.4348
vt 0.8194 0.8687
vt 0.8056 0.8687
vt 0.5 0.6083
vt 0.5 0.5653
vt 0.7778 0.3087
vt 0.7778 0.3497
vt 0.6285 0.0004
vt 0.625 0.0004
vt 0.9444 0.2691
vt 0.9444 0.3087
vt 0.75 0.8379
vt 0.7361 0.8045
vt 0.75 0.8045
vt 0.7361 0.8379
vt 0.1806 0.7309
vt 0.1667 0.7309
vt 0.8611 0.3918
vt 0.8472 0.4348
vt 0.8611 0.4348
vt 0.8194 0.0118
vt 0.6111 0.1956
vt 0.9028 0.038
vt 0.3472 0.3087
vt 0.4861 0.038
vt 0.4861 0.0565
vt 0.8611 0.5653
vt 1 0.9958
vt 0.9861 0.9958
vt 1 0.9996
vt 0.9965 0.9996
vt 0.993 0.9996
vt 0.6945 0.9958
vt 0.6389 0.0042
vt 0.6389 0.0118
vt 0.5695 0.9958
vt 0.5695 0.9996
vt 0.566 0.9996
vt 0.5625 0.9996
vt 0.4827 0.0004
vt 0.4861 0.0004
vt 0.4757 0.0004
vt 0.4723 0.0004
vt 0.4792 0.0004
vt 0.5139 0.8045
vt 0.5139 0.8379
vt 0.3889 0.9436
vt 0.375 0.9218
vt 0.3889 0.9218
vt 0.375 0.9436
vt 0.2639 0.7309
vt 0.4445 0.6914
vt 0.5139 0.7687
vt 0.6389 0.8687
vt 0.625 0.8379
vt 0.625 0.8687
vt 0.6667 0.3918
vt 0.6667 0.4348
vt 0 0.8379
vt 0 0.8687
vt 0.5729 0.9996
vt 0.125 0.3087
vt 0.7778 0.2691
vt 0.9305 0.977
vt 0.9167 0.962
vt 0.1111 0.7687
vt 0.9444 0.0042
vt 0.8333 0.6504
vt 0.4028 0.9436
vt 0.4028 0.9218
vt 0.0417 0.1622
vt 0.3472 0.9218
vt 0.3611 0.9218
vt 0.7222 0.8379
vt 0.4306 0.5653
vt 0.4306 0.5218
vt 0.7361 0.3087
vt 0.441 0.0004
vt 0.4375 0.0004
vt 0.3611 0.977
vt 0.3611 0.9882
vt 0.7917 0.1313
vt 0.7778 0.1313
vt 0.5174 0.0004
vt 0.5139 0.0042
vt 0.5139 0.0004
vt 0.5278 0.0042
vt 0.5243 0.0004
vt 0.5278 0.0004
vt 0.5209 0.0004
vt 0.9722 0.9958
vt 0.9826 0.9996
vt 0.9791 0.9996
vt 0.9757 0.9996
vt 0.9722 0.9996
vt 0.6111 0.8687
vt 0.7778 0.7309
vt 0.7917 0.7309
vt 0.1667 0.038
vt 0.9167 0.0783
vt 0.9305 0.0783
vt 0.9167 0.1033
vt 0.4445 0.8379
vt 0.5417 0.8968
vt 0.5417 0.8687
vt 0.7639 0.8379
vt 0.7639 0.8045
vt 0.7778 0.8379
vt 0.625 0.0042
vt 0.632 0.0004
vt 0.0035 0.0004
vt 0 0.0042
vt 0 0.0004
vt 0.0104 0.0004
vt 0.0139 0.0004
vt 0.007 0.0004
vt 0.7639 0.4782
vt 0.0556 0.038
vt 0.0695 0.038
vt 0.2361 0.9436
vt 0.6528 0.038
vt 0.6528 0.0565
vt 0.2084 0.0118
vt 0.1945 0.0042
vt 0.2361 0.6083
vt 0.5 0.5218
vt 0 0.5218
vt 0 0.4782
vt 0.8194 0.0783
vt 0.8056 0.0783
vt 0.25 0.6914
vt 0.5 0.9218
vt 0.4167 0.0118
vt 0.3056 0.5653
vt 0.75 0.0042
vt 0.2674 0.0004
vt 0.2743 0.0004
vt 0.2709 0.0004
vt 0.9444 0.8968
vt 0.1945 0.8968
vt 0.8611 0.2691
vt 0.5417 0.5653
vt 0.5417 0.5218
vt 0.9201 0.0004
vt 0.9166 0.0004
vt 0.1077 0.9996
vt 0.1042 0.9996
vt 0.6667 0.2691
vt 0.4757 0.9996
vt 0.4028 0.038
vt 0.4028 0.0231
vt 0.6944 0.5218
vt 0.0834 0.8968
vt 0.2639 0.3497
vt 0.3056 0.5218
vt 0.2917 0.5218
vt 0.0556 0.3087
vt 0.2223 0.7309
vt 0.2084 0.7687
vt 0.2084 0.7309
vt 0.2223 0.7687
vt 0.0556 0.3497
vt 0.9236 0.9996
vt 0.7083 0.8379
vt 0.6944 0.8379
vt 0.7083 0.8687
vt 0.75 0.0004
vt 0.1528 0.0565
vt 0.1389 0.0783
vt 0.1528 0.0783
vt 0.4306 0.6914
vt 0.4306 0.6504
vt 0.875 0.0783
vt 0.0278 0.1956
vt 0.1528 0.0118
vt 0.0695 0.3087
vt 0.066 0.9996
vt 0.3056 0.1033
vt 0.4306 0.6083
vt 0.7535 0.9996
vt 0.1945 0.7309
vt 0.1354 0.9996
vt 0.132 0.9996
vt 0.1285 0.9996
vt 0.125 0.9996
vt 0.1111 0.7309
vt 0.5 0.3918
vt 0.4445 0.1033
vt 0.4306 0.1033
vt 0.0973 0.0565
vt 0.7674 0.0004
vt 0.7639 0.0042
vt 0.7639 0.0004
vt 0.9167 0.5653
vt 0.0973 0.038
vt 0.0834 0.0231
vt 0.0973 0.0231
vt 0.0834 0.038
vt 0.1181 0.0004
vt 0.4584 0.8968
vt 0.6528 0.6914
vt 0.6632 0.9996
vt 0.6597 0.9996
vt 0.7778 0.4348
vt 0.7917 0.4348
vt 0.0695 0.3497
vt 0.6945 0.9996
vt 0.6806 0.9958
vt 0.691 0.9996
vt 0.3472 0.3918
vt 0.3472 0.3497
vt 0.3334 0.3918
vt 0.3195 0.4348
vt 0.9583 0.5653
vt 0.3334 0.6914
vt 0.1667 0.1313
vt 0.5521 0.9996
vt 0.5486 0.9996
vt 0.9722 0.4782
vt 0.9722 0.4348
vt 0.9583 0.4782
vt 0.9444 0.1622
vt 0.4584 0.8379
vt 0.2084 0.4348
vt 0.2084 0.3918
vt 0.1945 0.4348
vt 0.375 0.962
vt 0.7361 0.6914
vt 0.75 0.6914
vt 0.7361 0.7309
vt 0.6528 0.1313
vt 0.6389 0.1622
vt 0.6389 0.1313
vt 0.6528 0.1622
vt 0.3195 0.1313
vt 0.3334 0.1033
vt 0.3334 0.0783
vt 0.3195 0.1033
vt 0.0278 0.2313
vt 0.4445 0.9882
vt 0.0556 0.1033
vt 0.0695 0.1033
vt 0.0556 0.1313
vt 0.2917 0.962
vt 0.6389 0.3497
vt 0.6528 0.3497
vt 0.8333 0.9218
vt 0.8194 0.9436
vt 0.8333 0.9436
vt 0.5833 0.2691
vt 0.5833 0.4782
vt 0.5695 0.4782
vt 0.5833 0.5218
vt 0.6111 0.1622
vt 0.7917 0.9882
vt 0.1528 0.7309
vt 0.25 0.038
vt 0.6389 0.6083
vt 0.0973 0.8379
vt 0.2986 0.9996
vt 0.3021 0.9996
vt 0.625 0.7309
vt 0.6389 0.7309
vt 0.3611 0.6914
vt 0.8889 0.9996
vt 0.8854 0.9996
vt 0.8819 0.9996
vt 0.8785 0.9996
vt 0.875 0.9996
vt 0.4722 0.3918
vt 0.4722 0.1313
vt 0.4584 0.1033
vt 0.8021 0.9996
vt 0.7986 0.9996
vt 0.9444 0.9958
vt 0.9583 0.9958
vt 0.9548 0.9996
vt 0.9444 0.9996
vt 0.132 0.0004
vt 0.1285 0.0004
vt 0.8611 0.9436
vt 0.8472 0.9436
vt 0.8611 0.962
vt 0.8889 0.7309
vt 0.8889 0.7687
vt 0.7361 0.7687
vt 0.0174 0.0004
vt 0.0209 0.0004
vt 0.257 0.9996
vt 0.2604 0.9996
vt 0.7778 0.977
vt 0.7049 0.9996
vt 0.7014 0.9996
vt 0.6979 0.9996
vt 0 0.962
vt 0.0834 0.0565
vt 0.0486 0.0004
vt 0.0452 0.0004
vt 0.0695 0.9436
vt 0.0556 0.9436
vt 0.2952 0.0004
vt 0.3021 0.0004
vt 0.2986 0.0004
vt 0.6111 0.0565
vt 0.4792 0.9996
vt 0.9687 0.9996
vt 0.9652 0.9996
vt 0.5139 0.3497
vt 0.5278 0.3497
vt 0.8472 0.8379
vt 0.5139 0.9882
vt 0.3959 0.0004
vt 0.3924 0.0004
vt 0.1007 0.9996
vt 0.6528 0.8968
vt 0.0625 0.9996
vt 0.1528 0.7687
vt 0.1459 0.0004
vt 0.2361 0.9996
vt 0.2361 0.9958
vt 0.2327 0.9996
vt 0.2292 0.9996
vt 0.2257 0.9996
vt 0.3611 0.0231
vt 0.3646 0.9996
vt 1 0.0231
vt 0.4861 0.5653
vt 0.4861 0.5218
vt 0.9028 0.3918
vt 0.9167 0.4348
vt 0.5139 0.1956
vt 0.5139 0.2313
vt 1 0.5653
vt 0.4202 0.0004
vt 0.4306 0.0042
vt 0.4236 0.0004
vt 0.8472 0.6083
vt 0.8333 0.6083
vt 0.5556 0.0783
vt 0.5556 0.1033
vt 0.6528 0.1033
vt 0.6528 0.0783
vt 0.6389 0.1033
vt 0.9583 0.0231
vt 0.9305 0.2691
vt 0.9167 0.2313
vt 0.9305 0.2313
vt 0.9167 0.2691
vt 1 0.3087
vt 0.9861 0.2691
vt 1 0.2691
vt 0.9861 0.3087
vt 0.7639 0.6914
vt 0.7639 0.6504
vt 0.6389 0.977
vt 0.323 0.9996
vt 0.3264 0.9996
vt 0.125 0.4348
vt 0.0556 0.0004
vt 0.0521 0.0004
vt 0.0486 0.9996
vt 0.5695 0.0783
vt 0.5695 0.0565
vt 0.1111 0.1313
vt 0.5417 0.6083
vt 0.1667 0.6914
vt 0.1563 0.0004
vt 0.1528 0.0042
vt 0.1528 0.0004
vt 0.1667 0.0042
vt 0.9132 0.9996
vt 0.9166 0.9996
vt 0.2917 0.5653
vt 0.2778 0.3497
vt 0.2639 0.3087
vt 0.2778 0.3087
vt 0.3056 0.9958
vt 0.2917 0.9958
vt 0.6528 0.2691
vt 0.6528 0.3087
vt 0.7917 0.977
vt 0.3472 0.0231
vt 0.0556 0.962
vt 0.6944 0.5653
vt 0.1111 0.977
vt 0.125 0.977
vt 0.2639 0.8379
vt 0.2639 0.8687
vt 0.4861 0.3087
vt 0.5 0.3087
vt 0.5417 0.977
vt 0.4618 0.0004
vt 0.625 0.1622
vt 0.3611 0.4348
vt 0.1077 0.0004
vt 0.4861 0.6083
vt 0.2084 0.8968
vt 0.2084 0.9218
vt 0.125 0.6914
vt 0.0417 0.962
vt 0.75 0.9218
vt 0.9375 0.0004
vt 0.934 0.0004
vt 1 0.7687
vt 0.9861 0.8045
vt 0.9861 0.7687
vt 1 0.8045
vt 0.6528 0.0231
vt 0.9583 0.9882
vt 0.934 0.9996
vt 0.0278 0.7687
vt 0.2223 0.8687
vt 1 0.3497
vt 0.9861 0.3918
vt 0.9861 0.3497
vt 1 0.3918
vt 0.1111 0.962
vt 0.1111 0.9436
vt 0.2361 0.0042
vt 0.2327 0.0004
vt 0.2361 0.0004
vt 0.7222 0.3497
vt 0.3472 0.6504
vt 0.3472 0.6914
vt 0.9444 0.3497
vt 0.9444 0.2313
vt 0.9444 0.1956
vt 0.5833 0.3087
vt 0.1667 0.962
vt 0.1667 0.9436
vt 0.5139 0.1622
vt 0.5278 0.1622
vt 0.9305 0.1956
vt 0.9167 0.1956
vt 0.6806 0.6083
vt 0.6806 0.5653
vt 0.5972 0.1033
vt 0.6667 0.1622
vt 0.3611 0.8379
vt 0.2223 0.9436
vt 0.1667 0.977
vt 0.0417 0.0004
vt 0.875 0.8045
vt 0.6806 0.4782
vt 0.6806 0.5218
vt 0.6111 0.9958
vt 0.8056 0.1033
vt 0.8854 0.0004
vt 0.8785 0.0004
vt 0.8819 0.0004
vt 0.5695 0.2313
vt 0.5695 0.1956
vt 0.6285 0.9996
vt 0.625 0.9996
vt 0.9167 0.6914
vt 0.1389 0.0042
vt 0.125 0.0004
vt 0.2084 0.6504
vt 0.2084 0.6914
vt 0.2014 0.0004
vt 0.5591 0.0004
vt 0.5625 0.0004
vt 0.9548 0.0004
vt 0.9514 0.0004
vt 0.9444 0.5218
vt 0.9583 0.5218
vt 0.5833 0.5653
vt 0 0.0783
vt 0.125 0.9218
vt 0.0417 0.977
vt 0.0278 0.977
vt 0.6493 0.0004
vt 0.6424 0.0004
vt 0.6459 0.0004
vt 0.7778 0.3918
vt 0.5833 0.6914
vt 0.375 0.8968
vt 0.5556 0.038
vt 0.5556 0.0565
vt 0.0973 0.9882
vt 0.2917 0.3918
vt 0.8715 0.9996
vt 0.4063 0.9996
vt 0.4028 0.9996
vt 0.3472 0.0783
vt 0.3472 0.1033
vt 0.25 0.0783
vt 0.5695 0.1033
vt 1 0.9882
vt 1 0.977
vt 0.8889 0.038
vt 0.2396 0.9996
vt 0.625 0.5653
vt 0.0799 0.0004
vt 0.6389 0.5653
vt 0.5695 0.962
vt 0.5556 0.977
vt 0.9028 0.9996
vt 0.9097 0.9996
vt 0.9062 0.9996
vt 0.5972 0.4782
vt 0.2917 0.2691
vt 0.4861 0.3918
vt 0.4722 0.4348
vt 0.3195 0.4782
vt 0.1389 0.2691
vt 0.3611 0.038
vt 0.3889 0.3497
vt 0.875 0.0565
vt 0.8889 0.0565
vt 0.3716 0.9996
vt 0.3681 0.9996
vt 0.0903 0.0004
vt 0.9722 0.6914
vt 0.0834 0.7309
vt 0.0834 0.6914
vt 0.0417 0.1956
vt 0.0417 0.2313
vt 0.5417 0.4782
vt 0.2084 0.0231
vt 0.2084 0.038
vt 0.4584 0.7309
vt 0 0.0565
vt 0.0938 0.0004
vt 0.9722 0.5218
vt 0.5139 0.7309
vt 0.7639 0.8687
vt 0.7639 0.8968
vt 0.3056 0.038
vt 0.3056 0.9996
vt 0.6181 0.9996
vt 0.6146 0.9996
vt 0.875 0.0118
vt 0.875 0.0231
vt 0.1806 0.0042
vt 0.25 0.0565
vt 0.8611 0.6083
vt 0.5695 0.2691
vt 0.8194 0.1033
vt 0.0764 0.0004
vt 0.875 0.038
vt 0.6944 0.0565
vt 0.5 0.3497
vt 0.2223 0.0118
vt 0.2361 0.0118
vt 0.4445 0.8968
vt 0.2952 0.9996
vt 0.2917 0.9996
vt 0.1528 0.1033
vt 0.3472 0.0565
vt 0.3472 0.038
vt 0.3611 0.0565
vt 0.25 0.6504
vt 0.3195 0.9882
vt 0.1945 0.9218
vt 0.8437 0.9996
vt 0.8403 0.9996
vt 0.8333 0.0783
vt 0.5556 0.4782
vt 0.7639 0.9218
vt 0.4722 0.7309
vt 0.2917 0.0118
vt 0.0695 0.0042
vt 0.9409 0.9996
vt 0.9375 0.9996
vt 0.8611 0.0118
vt 0.1667 0.0565
vt 0.9062 0.0004
vt 0.9409 0.0004
vt 0.9305 0.0004
vt 0.9028 0.962
vt 0.1528 0.9436
vt 0.8646 0.9996
vt 0.9305 0.5218
vt 0.9167 0.5218
vt 0.1945 0.1956
vt 0.1111 0.3087
vt 0.0973 0.7309
vt 0.7639 0.1622
vt 0.4167 0.1313
vt 0.0625 0.0004
vt 0.5035 0.0004
vt 0.5 0.0042
vt 0.5105 0.0004
vt 0.507 0.0004
vt 0.0278 0.0231
vt 0.0417 0.0231
vt 0.5417 0.8379
vt 0.5556 0.4348
vt 0.1389 0.0118
vt 0.5938 0.0004
vt 0.5903 0.0004
vt 0.8472 0.6504
vt 0.4584 0.8687
vt 0.4445 0.8687
vt 0.8472 0.2313
vt 0.8472 0.2691
vt 0.2084 0.8045
vt 0.3195 0.9996
vt 0.3195 0.9958
vt 0.316 0.9996
vt 0.5833 0.962
vt 0.2223 0.8379
vt 0.2223 0.8045
vt 0.7222 0.4348
vt 0.9271 0.0004
vt 0.9236 0.0004
vt 0.7708 0.9996
vt 0.7743 0.9996
vt 0.8229 0.0004
vt 0.6007 0.0004
vt 0.5972 0.0042
vt 0.5972 0.0004
vt 0.6111 0.0042
vt 0.6077 0.0004
vt 0.6042 0.0004
vt 0.9167 0.4782
vt 0.8472 0.1956
vt 0.8611 0.2313
vt 0.5833 0.038
vt 0.5695 0.038
vt 0.5695 0.9436
vt 0.8333 0.4348
vt 0.5139 0.1313
vt 0.7222 0.3918
vt 0.2084 0.9436
vt 0.0243 0.9996
vt 0.8368 0.9996
vt 0.7396 0.0004
vt 0.9028 0.0565
vt 0.5833 0.1033
vt 0.9444 0.9882
vt 0.6111 0.9996
vt 0.4722 0.2691
vt 0.375 0.1622
vt 0.3611 0.1622
vt 0.4861 0.3497
vt 0.2396 0.0004
vt 0.0139 0.038
vt 0.7222 0.7309
vt 0.868 0.9996
vt 0.5972 0.0118
vt 0.5209 0.9996
vt 0.8056 0.1313
vt 0.5278 0.0118
vt 0.059 0.0004
vt 0.6736 0.9996
vt 0.2361 0.8687
vt 0.4341 0.0004
vt 0.0452 0.9996
vt 0.9722 0.7309
vt 0.7604 0.0004
vt 0.0313 0.0004
vt 0.25 0.9958
vt 0.2431 0.9996
vt 0.3438 0.9996
vt 0.816 0.9996
vt 0.8125 0.9996
vt 0.5278 0.8379
vt 0.5278 0.1313
vt 0.5243 0.9996
vt 0.4827 0.9996
vt 0.0139 0.7309
vt 0.9444 0.0783
vt 0.191 0.0004
vt 0.1875 0.0004
vt 0.2535 0.9996
vt 0 0.5653
vt 0 0.6083
vt 0.3889 0.9996
vt 0.3924 0.9996
vt 0.1528 0.8045
vt 0.1389 0.8045
vt 0.375 0.4348
vt 0.9444 0.0565
vt 0.8993 0.9996
vt 0.8958 0.9996
vt 0.8923 0.9996
vt 0.25 0.8687
vt 0.0556 0.8379
vt 0.6216 0.9996
vt 0.3855 0.9996
vt 0.7674 0.9996
vt 0.6216 0.0004
vt 0.4306 0.0118
vt 0 0.038
vt 0.3993 0.9996
vt 0.7569 0.9996
vt 0.1215 0.0004
vt 0 0.7309
vt 0.3334 0.9958
vt 0.9201 0.9996
vt 0.8298 0.0004
vt 0.8264 0.0004
vt 0.2639 0.038
vt 0.5348 0.0004
vt 0.5313 0.0004
vt 0.1042 0.0004
vt 0.6042 0.9996
vt 0.6077 0.9996
vt 0 0.4348
vt 0.5903 0.9996
vt 0.6181 0.0004
vt 0.3959 0.9996
vt 0.0729 0.0004
vt 0 0.3918
vt 0.1493 0.0004
vt 0.5382 0.0004
usemtl mat0
f 1/1/1 2/2/2 3/3/3
f 1/1/1 4/4/4 2/2/2
f 5/5/5 6/6/6 7/7/7
f 5/5/5 8/8/8 6/6/6
f 9/9/9 10/10/10 11/11/11
f 12/12/12 10/10/10 9/9/9
f 13/13/13 14/14/14 15/15/15
f 16/16/16 14/14/14 13/13/13
f 17/17/17 18/18/18 19/19/19
f 20/20/20 18/18/18 17/17/17
f 21/21/21 22/22/22 23/23/23
f 21/21/21 24/24/24 22/22/22
f 25/25/25 26/26/26 27/27/27
f 25/25/25 28/28/28 26/26/26
f 29/29/29 30/30/30 31/31/31
f 32/32/32 33/33/33 34/34/34
f 32/32/32 35/35/35 33/33/33
f 35/35/35 30/30/30 29/29/29
f 32/32/32 30/30/30 35/35/35
f 36/36/36 37/37/37 38/38/38
f 39/39/39 37/37/37 36/36/36
f 40/40/40 41/41/41 42/42/42
f 43/43/43 44/44/44 45/45/45
f 46/46/46 41/41/41 40/40/40
f 43/43/43 46/46/46 44/44/44
f 43/43/43 41/41/41 46/46/46
f 47/47/47 48/48/48 49/49/49
f 50/50/50 51/51/51 52/52/52
f 53/53/53 51/51/51 50/50/50
f 54/54/54 55/55/55 56/56/56
f 57/57/57 55/55/55 58/58/58
f 59/59/59 60/60/60 61/61/61
f 59/59/59 62/62/62 60/60/60
f 63/63/63 64/64/64 65/65/65
f 66/66/66 64/64/64 63/63/63
f 47/47/47 67/67/67 68/68/68
f 69/69/69 70/70/70 71/71/71
f 72/72/72 70/70/70 69/69/69
f 73/73/73 74/74/74 75/75/75
f 76/76/76 74/74/74 73/73/73
f 77/77/77 78/78/78 79/79/79
f 80/80/80 78/78/78 77/77/77
f 81/81/81 82/82/82 83/83/83
f 81/81/81 84/84/84 82/82/82
f 85/85/85 86/86/86 87/87/87
f 88/88/88 86/86/86 85/85/85
f 89/89/89 90/90/90 91/91/91
f 89/89/89 92/92/92 90/90/90
f 93/93/93 94/94/94 95/95/95
f 96/96/96 94/94/94 93/93/93
f 97/97/97 98/98/98 99/99/99
f 100/100/100 98/98/98 97/97/97
f 101/101/101 102/102/102 103/103/103
f 101/101/101 104/104/104 102/102/102
f 105/105/105 106/106/106 107/107/107
f 108/108/108 109/109/109 110/110/110
f 111/111/111 109/109/109 108/108/108
f 105/105/105 111/111/111 106/106/106
f 105/105/105 109/109/109 111/111/111
f 112/112/112 113/113/113 114/114/114
f 112/112/112 115/115/115 113/113/113
f 116/116/116 117/117/117 118/118/118
f 116/116/116 119/119/119 117/117/117
f 120/120/120 121/121/121 122/122/122
f 123/123/123 121/121/121 120/120/120
f 124/124/124 125/125/125 126/126/126
f 124/124/124 127/127/127 125/125/125
f 128/128/128 129/129/129 130/130/130
f 131/131/131 129/129/129 128/128/128
f 132/132/132 133/133/133 134/134/134
f 132/132/132 135/135/135 133/133/133
f 136/136/136 137/137/137 138/138/138
f 139/139/139 137/137/137 136/136/136
f 55/55/55 140/140/140 141/141/141
f 142/142/142 143/143/143 144/144/144
f 145/145/145 143/143/143 142/142/142
f 146/146/146 147/147/147 148/148/148
f 149/149/149 147/147/147 146/146/146
f 150/150/150 151/151/151 152/152/152
f 153/153/153 154/154/154 155/155/155
f 153/153/153 156/156/156 154/154/154
f 156/156/156 151/151/151 150/150/150
f 153/153/153 151/151/151 156/156/156
f 157/157/157 158/158/158 159/159/159
f 157/157/157 160/160/160 158/158/158
f 161/161/161 162/162/162 163/163/163
f 161/161/161 164/164/164 162/162/162
f 165/165/165 166/166/166 167/167/167
f 165/165/165 168/168/168 166/166/166
f 169/169/169 170/170/170 171/171/171
f 169/169/169 172/172/172 170/170/170
f 173/173/173 174/174/174 175/175/175
f 173/173/173 176/176/176 174/174/174
f 177/177/177 178/178/178 179/179/179
f 177/177/177 180/180/180 178/178/178
f 181/181/181 171/171/171 182/182/182
f 181/181/181 169/169/169 171/171/171
f 47/47/47 183/183/183 184/184/184
f 55/55/55 185/185/185 186/186/186
f 187/187/187 188/188/188 189/189/189
f 190/190/190 188/188/188 187/187/187
f 191/191/191 192/192/192 193/193/193
f 194/194/194 192/192/192 191/191/191
f 195/195/195 196/196/196 197/197/197
f 195/195/195 198/198/198 196/196/196
f 47/47/47 155/155/155 154/154/154
f 199/199/199 200/200/200 201/201/201
f 202/202/202 200/200/200 199/199/199
f 203/203/203 139/139/139 136/136/136
f 204/204/204 139/139/139 203/203/203
f 205/205/205 206/206/206 207/207/207
f 208/208/208 206/206/206 205/205/205
f 209/209/209 210/210/210 211/211/211
f 212/212/212 210/210/210 209/209/209
f 213/213/213 203/203/203 214/214/214
f 213/213/213 204/204/204 203/203/203
f 47/47/47 215/215/215 216/216/216
f 55/55/55 217/217/217 218/218/218
f 219/219/219 220/220/220 221/221/221
f 219/219/219 222/222/222 220/220/220
f 223/223/223 224/224/224 225/225/225
f 223/223/223 226/226/226 224/224/224
f 227/227/227 228/228/228 229/229/229
f 227/227/227 230/230/230 228/228/228
f 231/231/231 55/55/55 232/232/232
f 233/233/233 209/209/209 234/234/234
f 233/233/233 212/212/212 209/209/209
f 235/235/235 236/236/236 237/237/237
f 238/238/238 236/236/236 235/235/235
f 239/239/239 240/240/240 241/241/241
f 239/239/239 242/242/242 240/240/240
f 243/243/243 244/244/244 245/245/245
f 246/246/246 244/244/244 243/243/243
f 247/247/247 248/248/248 249/249/249
f 250/250/250 251/251/251 183/183/183
f 247/247/247 252/252/252 248/248/248
f 252/252/252 251/251/251 250/250/250
f 247/247/247 251/251/251 252/252/252
f 47/47/47 253/253/253 254/254/254
f 255/255/255 256/256/256 257/257/257
f 258/258/258 256/256/256 255/255/255
f 259/259/259 260/260/260 261/261/261
f 262/262/262 260/260/260 259/259/259
f 263/263/263 264/264/264 265/265/265
f 266/266/266 264/264/264 263/263/263
f 267/267/267 268/268/268 269/269/269
f 270/270/270 271/271/271 272/272/272
f 270/270/270 273/273/273 271/271/271
f 273/273/273 268/268/268 267/267/267
f 270/270/270 268/268/268 273/273/273
f 274/274/274 275/275/275 276/276/276
f 277/277/277 275/275/275 274/274/274
f 278/278/278 279/279/279 280/280/280
f 278/278/278 281/281/281 279/279/279
f 47/47/47 282/282/282 283/283/283
f 284/284/284 285/285/285 286/286/286
f 287/287/287 285/285/285 284/284/284
f 288/288/288 289/289/289 290/290/290
f 291/291/291 289/289/289 288/288/288
f 292/292/292 293/293/293 294/294/294
f 292/292/292 295/295/295 293/293/293
f 296/296/296 297/297/297 298/298/298
f 299/299/299 297/297/297 296/296/296
f 300/300/300 301/301/301 302/302/302
f 303/303/303 301/301/301 300/300/300
f 304/304/304 305/305/305 306/306/306
f 307/307/307 305/305/305 304/304/304
f 262/262/262 308/308/308 260/260/260
f 309/309/309 310/310/310 262/262/262
f 310/310/310 311/311/311 262/262/262
f 311/311/311 312/312/312 262/262/262
f 312/312/312 308/308/308 262/262/262
f 313/313/313 314/314/314 315/315/315
f 313/313/313 316/316/316 314/314/314
f 317/317/317 318/318/318 319/319/319
f 317/317/317 320/320/320 318/318/318
f 321/321/321 322/322/322 323/323/323
f 324/324/324 322/322/322 321/321/321
f 325/325/325 326/326/326 327/327/327
f 325/325/325 328/328/328 326/326/326
f 329/329/329 55/55/55 330/330/330
f 331/331/331 332/332/332 333/333/333
f 334/334/334 332/332/332 331/331/331
f 335/335/335 336/336/336 337/337/337
f 338/338/338 339/339/339 67/67/67
f 335/335/335 340/340/340 336/336/336
f 340/340/340 339/339/339 338/338/338
f 335/335/335 339/339/339 340/340/340
f 341/341/341 342/342/342 343/343/343
f 341/341/341 344/344/344 342/342/342
f 345/345/345 346/346/346 347/347/347
f 345/345/345 348/348/348 346/346/346
f 349/349/349 350/350/350 351/351/351
f 349/349/349 352/352/352 350/350/350
f 166/166/166 353/353/353 109/109/109
f 166/166/166 354/354/354 353/353/353
f 355/355/355 356/356/356 357/357/357
f 355/355/355 358/358/358 356/356/356
f 359/359/359 360/360/360 361/361/361
f 362/362/362 360/360/360 359/359/359
f 363/363/363 364/364/364 365/365/365
f 363/363/363 366/366/366 364/364/364
f 367/367/367 368/368/368 369/369/369
f 370/370/370 368/368/368 367/367/367
f 371/371/371 372/372/372 373/373/373
f 374/374/374 372/372/372 371/371/371
f 375/375/375 376/376/376 377/377/377
f 378/378/378 376/376/376 375/375/375
f 379/379/379 380/380/380 381/381/381
f 379/379/379 382/382/382 380/380/380
f 383/383/383 384/384/384 382/382/382
f 383/383/383 385/385/385 384/384/384
f 386/386/386 387/387/387 388/388/388
f 389/389/389 387/387/387 386/386/386
f 390/390/390 391/391/391 392/392/392
f 393/393/393 391/391/391 390/390/390
f 394/394/394 395/395/395 396/396/396
f 394/394/394 159/159/159 395/395/395
f 397/397/397 398/398/398 399/399/399
f 397/397/397 400/400/400 398/398/398
f 401/401/401 402/402/402 403/403/403
f 401/401/401 404/404/404 402/402/402
f 405/405/405 406/406/406 407/407/407
f 408/408/408 406/406/406 405/405/405
f 47/47/47 269/269/269 409/409/409
f 121/121/121 410/410/410 411/411/411
f 412/412/412 410/410/410 121/121/121
f 413/413/413 414/414/414 415/415/415
f 413/413/413 416/416/416 414/414/414
f 417/417/417 297/297/297 299/299/299
f 417/417/417 418/418/418 297/297/297
f 419/419/419 187/187/187 420/420/420
f 421/421/421 187/187/187 419/419/419
f 422/422/422 423/423/423 424/424/424
f 422/422/422 425/425/425 423/423/423
f 426/426/426 427/427/427 428/428/428
f 426/426/426 429/429/429 427/427/427
f 430/430/430 431/431/431 406/406/406
f 430/430/430 432/432/432 431/431/431
f 55/55/55 433/433/433 434/434/434
f 435/435/435 436/436/436 437/437/437
f 435/435/435 438/438/438 436/436/436
f 439/439/439 440/440/440 441/441/441
f 439/439/439 442/442/442 440/440/440
f 443/443/443 444/444/444 445/445/445
f 443/443/443 446/446/446 444/444/444
f 447/447/447 448/448/448 449/449/449
f 450/450/450 448/448/448 447/447/447
f 451/451/451 452/452/452 453/453/453
f 451/451/451 454/454/454 452/452/452
f 454/454/454 455/455/455 452/452/452
f 455/455/455 456/456/456 452/452/452
f 456/456/456 457/457/457 452/452/452
f 458/458/458 435/435/435 437/437/437
f 459/459/459 435/435/435 458/458/458
f 384/384/384 460/460/460 461/461/461
f 385/385/385 460/460/460 384/384/384
f 462/462/462 66/66/66 463/463/463
f 462/462/462 464/464/464 66/66/66
f 210/210/210 465/465/465 466/466/466
f 467/467/467 465/465/465 210/210/210
f 468/468/468 469/469/469 470/470/470
f 471/471/471 469/469/469 468/468/468
f 55/55/55 472/472/472 473/473/473
f 474/474/474 475/475/475 476/476/476
f 477/477/477 475/475/475 474/474/474
f 478/478/478 479/479/479 480/480/480
f 478/478/478 481/481/481 479/479/479
f 482/482/482 483/483/483 484/484/484
f 485/485/485 486/486/486 482/482/482
f 486/486/486 487/487/487 482/482/482
f 487/487/487 488/488/488 482/482/482
f 488/488/488 483/483/483 482/482/482
f 489/489/489 490/490/490 491/491/491
f 489/489/489 492/492/492 490/490/490
f 493/493/493 494/494/494 495/495/495
f 496/496/496 494/494/494 493/493/493
f 497/497/497 498/498/498 499/499/499
f 500/500/500 498/498/498 497/497/497
f 501/501/501 502/502/502 503/503/503
f 504/504/504 502/502/502 501/501/501
f 505/505/505 506/506/506 507/507/507
f 505/505/505 508/508/508 506/506/506
f 355/355/355 509/509/509 358/358/358
f 510/510/510 509/509/509 355/355/355
f 342/342/342 511/511/511 512/512/512
f 344/344/344 511/511/511 342/342/342
f 513/513/513 514/514/514 515/515/515
f 516/516/516 514/514/514 513/513/513
f 447/447/447 517/517/517 94/94/94
f 447/447/447 449/449/449 517/517/517
f 518/518/518 519/519/519 520/520/520
f 521/521/521 519/519/519 518/518/518
f 522/522/522 523/523/523 524/524/524
f 522/522/522 525/525/525 523/523/523
f 526/526/526 527/527/527 528/528/528
f 529/529/529 527/527/527 526/526/526
f 530/530/530 531/531/531 532/532/532
f 388/388/388 531/531/531 530/530/530
f 474/474/474 533/533/533 534/534/534
f 474/474/474 476/476/476 533/533/533
f 535/535/535 536/536/536 537/537/537
f 538/538/538 536/536/536 535/535/535
f 164/164/164 539/539/539 540/540/540
f 178/178/178 539/539/539 164/164/164
f 541/541/541 542/542/542 379/379/379
f 543/543/543 542/542/542 541/541/541
f 544/544/544 545/545/545 546/546/546
f 547/547/547 545/545/545 544/544/544
f 89/89/89 548/548/548 92/92/92
f 549/549/549 548/548/548 89/89/89
f 211/211/211 550/550/550 551/551/551
f 211/211/211 552/552/552 550/550/550
f 553/553/553 554/554/554 555/555/555
f 556/556/556 554/554/554 553/553/553
f 251/251/251 184/184/184 183/183/183
f 557/557/557 558/558/558 559/559/559
f 251/251/251 560/560/560 184/184/184
f 560/560/560 558/558/558 557/557/557
f 251/251/251 558/558/558 560/560/560
f 561/561/561 562/562/562 563/563/563
f 561/561/561 564/564/564 562/562/562
f 565/565/565 566/566/566 567/567/567
f 568/568/568 566/566/566 565/565/565
f 569/569/569 105/105/105 107/107/107
f 570/570/570 571/571/571 572/572/572
f 573/573/573 105/105/105 569/569/569
f 570/570/570 573/573/573 571/571/571
f 570/570/570 105/105/105 573/573/573
f 574/574/574 575/575/575 576/576/576
f 577/577/577 575/575/575 574/574/574
f 578/578/578 579/579/579 580/580/580
f 578/578/578 581/581/581 579/579/579
f 582/582/582 583/583/583 584/584/584
f 582/582/582 585/585/585 583/583/583
f 479/479/479 586/586/586 587/587/587
f 481/481/481 586/586/586 479/479/479
f 588/588/588 589/589/589 590/590/590
f 591/591/591 589/589/589 588/588/588
f 592/592/592 593/593/593 594/594/594
f 595/595/595 593/593/593 592/592/592
f 596/596/596 468/468/468 597/597/597
f 596/596/596 471/471/471 468/468/468
f 598/598/598 373/373/373 599/599/599
f 371/371/371 373/373/373 598/598/598
f 47/47/47 600/600/600 601/601/601
f 602/602/602 603/603/603 604/604/604
f 605/605/605 603/603/603 602/602/602
f 606/606/606 607/607/607 608/608/608
f 609/609/609 607/607/607 606/606/606
f 47/47/47 610/610/610 611/611/611
f 612/612/612 613/613/613 446/446/446
f 612/612/612 614/614/614 613/613/613
f 615/615/615 616/616/616 617/617/617
f 615/615/615 618/618/618 616/616/616
f 619/619/619 620/620/620 621/621/621
f 622/622/622 620/620/620 619/619/619
f 623/623/623 624/624/624 625/625/625
f 623/623/623 626/626/626 624/624/624
f 313/313/313 627/627/627 316/316/316
f 628/628/628 627/627/627 313/313/313
f 629/629/629 630/630/630 631/631/631
f 629/629/629 632/632/632 630/630/630
f 633/633/633 634/634/634 635/635/635
f 633/633/633 636/636/636 634/634/634
f 637/637/637 638/638/638 639/639/639
f 637/637/637 640/640/640 638/638/638
f 208/208/208 641/641/641 206/206/206
f 279/279/279 641/641/641 208/208/208
f 277/277/277 642/642/642 275/275/275
f 643/643/643 642/642/642 277/277/277
f 644/644/644 645/645/645 646/646/646
f 644/644/644 647/647/647 645/645/645
f 648/648/648 649/649/649 305/305/305
f 648/648/648 650/650/650 649/649/649
f 651/651/651 561/561/561 563/563/563
f 533/533/533 561/561/561 651/651/651
f 652/652/652 493/493/493 653/653/653
f 193/193/193 493/493/493 652/652/652
f 654/654/654 655/655/655 656/656/656
f 654/654/654 657/657/657 655/655/655
f 658/658/658 659/659/659 660/660/660
f 658/658/658 661/661/661 659/659/659
f 662/662/662 663/663/663 664/664/664
f 662/662/662 665/665/665 663/663/663
f 666/666/666 667/667/667 668/668/668
f 669/669/669 667/667/667 666/666/666
f 670/670/670 671/671/671 672/672/672
f 670/670/670 673/673/673 671/671/671
f 674/674/674 675/675/675 676/676/676
f 674/674/674 677/677/677 675/675/675
f 678/678/678 55/55/55 679/679/679
f 680/680/680 681/681/681 682/682/682
f 683/683/683 681/681/681 680/680/680
f 684/684/684 685/685/685 686/686/686
f 684/684/684 687/687/687 685/685/685
f 688/688/688 659/659/659 689/689/689
f 660/660/660 659/659/659 688/688/688
f 690/690/690 691/691/691 692/692/692
f 690/690/690 693/693/693 691/691/691
f 694/694/694 695/695/695 696/696/696
f 694/694/694 697/697/697 695/695/695
f 436/436/436 698/698/698 699/699/699
f 438/438/438 698/698/698 436/436/436
f 700/700/700 701/701/701 702/702/702
f 703/703/703 701/701/701 700/700/700
f 704/704/704 705/705/705 706/706/706
f 704/704/704 50/50/50 705/705/705
f 707/707/707 708/708/708 709/709/709
f 707/707/707 710/710/710 708/708/708
f 711/711/711 442/442/442 439/439/439
f 711/711/711 712/712/712 442/442/442
f 47/47/47 252/252/252 250/250/250
f 137/137/137 713/713/713 714/714/714
f 715/715/715 713/713/713 137/137/137
f 716/716/716 717/717/717 718/718/718
f 716/716/716 719/719/719 717/717/717
f 720/720/720 721/721/721 722/722/722
f 723/723/723 721/721/721 720/720/720
f 724/724/724 725/725/725 726/726/726
f 724/724/724 727/727/727 725/725/725
f 728/728/728 6/6/6 729/729/729
f 7/7/7 6/6/6 728/728/728
f 730/730/730 731/731/731 732/732/732
f 733/733/733 731/731/731 730/730/730
f 734/734/734 735/735/735 736/736/736
f 737/737/737 735/735/735 734/734/734
f 350/350/350 738/738/738 739/739/739
f 350/350/350 740/740/740 738/738/738
f 741/741/741 742/742/742 743/743/743
f 741/741/741 744/744/744 742/742/742
f 745/745/745 746/746/746 747/747/747
f 745/745/745 748/748/748 746/746/746
f 749/749/749 213/213/213 214/214/214
f 750/750/750 213/213/213 749/749/749
f 751/751/751 18/18/18 20/20/20
f 751/751/751 752/752/752 18/18/18
f 753/753/753 754/754/754 755/755/755
f 753/753/753 756/756/756 754/754/754
f 757/757/757 758/758/758 759/759/759
f 757/757/757 760/760/760 758/758/758
f 760/760/760 218/218/218 758/758/758
f 218/218/218 217/217/217 758/758/758
f 217/217/217 761/761/761 758/758/758
f 762/762/762 618/618/618 615/615/615
f 762/762/762 763/763/763 618/618/618
f 220/220/220 764/764/764 765/765/765
f 220/220/220 766/766/766 764/764/764
f 767/767/767 768/768/768 769/769/769
f 770/770/770 768/768/768 767/767/767
f 523/523/523 771/771/771 772/772/772
f 525/525/525 771/771/771 523/523/523
f 773/773/773 774/774/774 775/775/775
f 776/776/776 774/774/774 773/773/773
f 777/777/777 778/778/778 779/779/779
f 777/777/777 780/780/780 778/778/778
f 176/176/176 781/781/781 174/174/174
f 176/176/176 782/782/782 781/781/781
f 783/783/783 102/102/102 784/784/784
f 103/103/103 102/102/102 783/783/783
f 555/555/555 494/494/494 496/496/496
f 555/555/555 785/785/785 494/494/494
f 786/786/786 239/239/239 787/787/787
f 786/786/786 788/788/788 239/239/239
f 471/471/471 789/789/789 469/469/469
f 790/790/790 789/789/789 471/471/471
f 228/228/228 791/791/791 792/792/792
f 230/230/230 791/791/791 228/228/228
f 47/47/47 793/793/793 794/794/794
f 795/795/795 796/796/796 797/797/797
f 795/795/795 798/798/798 796/796/796
f 703/703/703 799/799/799 701/701/701
f 800/800/800 799/799/799 703/703/703
f 457/457/457 801/801/801 452/452/452
f 457/457/457 802/802/802 801/801/801
f 802/802/802 803/803/803 801/801/801
f 803/803/803 804/804/804 801/801/801
f 804/804/804 805/805/805 801/801/801
f 126/126/126 806/806/806 807/807/807
f 126/126/126 125/125/125 806/806/806
f 763/763/763 505/505/505 507/507/507
f 808/808/808 505/505/505 763/763/763
f 537/537/537 173/173/173 809/809/809
f 537/537/537 810/810/810 173/173/173
f 800/800/800 811/811/811 799/799/799
f 812/812/812 813/813/813 800/800/800
f 813/813/813 814/814/814 800/800/800
f 814/814/814 815/815/815 800/800/800
f 815/815/815 811/811/811 800/800/800
f 816/816/816 817/817/817 818/818/818
f 816/816/816 819/819/819 817/817/817
f 47/47/47 820/820/820 821/821/821
f 822/822/822 823/823/823 824/824/824
f 822/822/822 825/825/825 823/823/823
f 47/47/47 826/826/826 827/827/827
f 143/143/143 512/512/512 828/828/828
f 342/342/342 512/512/512 143/143/143
f 55/55/55 829/829/829 830/830/830
f 831/831/831 832/832/832 833/833/833
f 831/831/831 834/834/834 832/832/832
f 835/835/835 836/836/836 837/837/837
f 838/838/838 836/836/836 835/835/835
f 285/285/285 839/839/839 840/840/840
f 841/841/841 839/839/839 285/285/285
f 320/320/320 842/842/842 843/843/843
f 844/844/844 845/845/845 320/320/320
f 845/845/845 846/846/846 320/320/320
f 846/846/846 847/847/847 320/320/320
f 847/847/847 842/842/842 320/320/320
f 47/47/47 848/848/848 849/849/849
f 850/850/850 635/635/635 851/851/851
f 261/261/261 635/635/635 850/850/850
f 769/769/769 852/852/852 853/853/853
f 769/769/769 854/854/854 852/852/852
f 855/855/855 856/856/856 857/857/857
f 855/855/855 858/858/858 856/856/856
f 859/859/859 860/860/860 387/387/387
f 859/859/859 861/861/861 860/860/860
f 725/725/725 195/195/195 197/197/197
f 727/727/727 195/195/195 725/725/725
f 862/862/862 654/654/654 863/863/863
f 862/862/862 864/864/864 654/654/654
f 865/865/865 866/866/866 867/867/867
f 865/865/865 868/868/868 866/866/866
f 869/869/869 870/870/870 871/871/871
f 872/872/872 870/870/870 869/869/869
f 873/873/873 874/874/874 301/301/301
f 873/873/873 875/875/875 874/874/874
f 876/876/876 877/877/877 878/878/878
f 876/876/876 879/879/879 877/877/877
f 30/30/30 880/880/880 31/31/31
f 881/881/881 882/882/882 883/883/883
f 884/884/884 882/882/882 881/881/881
f 30/30/30 884/884/884 880/880/880
f 30/30/30 882/882/882 884/884/884
f 885/885/885 886/886/886 887/887/887
f 885/885/885 229/229/229 886/886/886
f 888/888/888 889/889/889 890/890/890
f 891/891/891 889/889/889 888/888/888
f 892/892/892 893/893/893 894/894/894
f 895/895/895 893/893/893 892/892/892
f 781/781/781 896/896/896 897/897/897
f 782/782/782 896/896/896 781/781/781
f 898/898/898 899/899/899 900/900/900
f 901/901/901 899/899/899 898/898/898
f 902/902/902 903/903/903 904/904/904
f 902/902/902 905/905/905 903/903/903
f 906/906/906 1/1/1 907/907/907
f 906/906/906 142/142/142 1/1/1
f 762/762/762 808/808/808 763/763/763
f 908/908/908 808/808/808 762/762/762
f 909/909/909 910/910/910 911/911/911
f 912/912/912 910/910/910 909/909/909
f 913/913/913 914/914/914 915/915/915
f 913/913/913 863/863/863 914/914/914
f 47/47/47 916/916/916 917/917/917
f 47/47/47 273/273/273 267/267/267
f 918/918/918 919/919/919 920/920/920
f 918/918/918 921/921/921 919/919/919
f 172/172/172 922/922/922 923/923/923
f 361/361/361 922/922/922 172/172/172
f 638/638/638 924/924/924 925/925/925
f 640/640/640 924/924/924 638/638/638
f 926/926/926 812/812/812 800/800/800
f 927/927/927 928/928/928 926/926/926
f 928/928/928 929/929/929 926/926/926
f 929/929/929 930/930/930 926/926/926
f 930/930/930 812/812/812 926/926/926
f 158/158/158 931/931/931 932/932/932
f 160/160/160 931/931/931 158/158/158
f 933/933/933 934/934/934 935/935/935
f 936/936/936 934/934/934 933/933/933
f 448/448/448 937/937/937 449/449/449
f 448/448/448 598/598/598 937/937/937
f 938/938/938 939/939/939 940/940/940
f 938/938/938 941/941/941 939/939/939
f 942/942/942 943/943/943 266/266/266
f 604/604/604 943/943/943 942/942/942
f 944/944/944 945/945/945 946/946/946
f 944/944/944 947/947/947 945/945/945
f 948/948/948 949/949/949 950/950/950
f 948/948/948 951/951/951 949/949/949
f 952/952/952 953/953/953 954/954/954
f 955/955/955 953/953/953 952/952/952
f 956/956/956 957/957/957 958/958/958
f 590/590/590 957/957/957 956/956/956
f 866/866/866 959/959/959 960/960/960
f 868/868/868 959/959/959 866/866/866
f 961/961/961 962/962/962 963/963/963
f 964/964/964 962/962/962 961/961/961
f 965/965/965 966/966/966 967/967/967
f 968/968/968 966/966/966 965/965/965
f 181/181/181 359/359/359 169/169/169
f 969/969/969 359/359/359 181/181/181
f 970/970/970 378/378/378 971/971/971
f 970/970/970 972/972/972 378/378/378
f 973/973/973 974/974/974 975/975/975
f 973/973/973 976/976/976 974/974/974
f 977/977/977 978/978/978 979/979/979
f 980/980/980 978/978/978 977/977/977
f 981/981/981 55/55/55 982/982/982
f 983/983/983 984/984/984 985/985/985
f 986/986/986 984/984/984 983/983/983
f 987/987/987 988/988/988 989/989/989
f 987/987/987 990/990/990 988/988/988
f 926/926/926 703/703/703 991/991/991
f 926/926/926 800/800/800 703/703/703
f 587/587/587 992/992/992 993/993/993
f 587/587/587 235/235/235 992/992/992
f 105/105/105 166/166/166 109/109/109
f 167/167/167 166/166/166 105/105/105
f 994/994/994 55/55/55 995/995/995
f 55/55/55 996/996/996 997/997/997
f 998/998/998 999/999/986 1000/1000/999
f 998/998/998 1001/1001/27 999/999/986
f 47/47/47 1002/1002/1000 1003/1003/1001
f 1004/1004/1002 1005/1005/1003 1006/1006/1004
f 1007/1007/1005 1005/1005/1003 1004/1004/1002
f 1008/1008/1006 1009/1009/1007 1010/1010/1008
f 1008/1008/1006 1011/1011/1009 1009/1009/1007
f 1012/1012/1010 375/375/375 1013/1013/1011
f 1014/1014/1012 375/375/375 1012/1012/1010
f 1015/1015/1013 41/41/41 43/43/43
f 1015/1015/1013 1016/1016/1014 41/41/41
f 1017/1017/1015 1018/1018/1016 1019/1019/1017
f 1017/1017/1015 1020/1020/1018 1018/1018/1016
f 1021/1021/1019 1022/1022/1020 1023/1023/1021
f 1024/1024/1022 1025/1025/1023 1021/1021/1019
f 1025/1025/1023 830/830/830 1021/1021/1019
f 830/830/830 829/829/829 1021/1021/1019
f 829/829/829 1022/1022/1020 1021/1021/1019
f 375/375/375 980/980/980 1013/1013/1011
f 375/375/375 377/377/377 980/980/980
f 1026/1026/1024 1027/1027/1025 947/947/947
f 1026/1026/1024 1028/1028/1026 1027/1027/1025
f 47/47/47 1029/1029/1027 610/610/610
f 47/47/47 1030/1030/1028 1031/1031/1029
f 1032/1032/1030 1033/1033/1031 1034/1034/1032
f 1035/1035/1033 1033/1033/1031 1032/1032/1030
f 1036/1036/1034 1037/1037/1035 1038/1038/1036
f 1039/1039/1037 1037/1037/1035 1036/1036/1034
f 667/667/667 1040/1040/1038 668/668/668
f 667/667/667 1041/1041/1039 1040/1040/1038
f 55/55/55 1042/1042/1040 1043/1043/1041
f 1044/1044/1042 1045/1045/1043 1046/1046/1044
f 1047/1047/1045 1045/1045/1043 1044/1044/1042
f 442/442/442 1048/1048/1046 440/440/440
f 442/442/442 1049/1049/1047 1048/1048/1046
f 1050/1050/1048 518/518/518 1051/1051/1049
f 1052/1052/1050 518/518/518 1050/1050/1048
f 1053/1053/1051 1054/1054/1052 1055/1055/1053
f 1056/1056/1054 1054/1054/1052 1053/1053/1051
f 1057/1057/1055 1058/1058/1056 1059/1059/1057
f 1057/1057/1055 565/565/565 1058/1058/1056
f 47/47/47 1060/1060/1058 1061/1061/1059
f 1062/1062/1060 1063/1063/1061 1064/1064/1062
f 1065/1065/1063 1063/1063/1061 1062/1062/1060
f 1066/1066/1064 585/585/585 582/582/582
f 1066/1066/1064 1067/1067/1065 585/585/585
f 1068/1068/1066 1069/1069/1067 1070/1070/1068
f 1071/1071/1069 1069/1069/1067 1068/1068/1066
f 47/47/47 1072/1072/1070 1073/1073/1071
f 1074/1074/1072 319/319/319 149/149/149
f 1075/1075/1073 319/319/319 1074/1074/1072
f 1076/1076/1074 1077/1077/1075 1078/1078/1076
f 1076/1076/1074 1079/1079/1077 1077/1077/1075
f 1080/1080/1078 1081/1081/1079 1082/1082/1080
f 254/254/254 672/672/672 1083/1083/1081
f 253/253/253 672/672/672 254/254/254
f 1080/1080/1078 253/253/253 1081/1081/1079
f 1080/1080/1078 672/672/672 253/253/253
f 1084/1084/1082 1085/1085/1083 1086/1086/1084
f 772/772/772 1085/1085/1083 1084/1084/1082
f 1087/1087/1085 1088/1088/1086 1089/1089/1087
f 1090/1090/1088 1088/1088/1086 1087/1087/1085
f 1091/1091/1089 850/850/850 1092/1092/1090
f 1093/1093/1091 850/850/850 1091/1091/1089
f 1071/1071/1069 1094/1094/1092 1069/1069/1067
f 503/503/503 1094/1094/1092 1071/1071/1069
f 1095/1095/1093 1076/1076/1074 1078/1078/1076
f 1096/1096/1094 1076/1076/1074 1095/1095/1093
f 55/55/55 1097/1097/1095 1098/1098/1096
f 47/47/47 111/111/111 108/108/108
f 70/70/70 489/489/489 71/71/71
f 70/70/70 1099/1099/1097 489/489/489
f 1100/1100/1098 1101/1101/1099 1102/1102/1100
f 1100/1100/1098 1103/1103/1101 1101/1101/1099
f 1104/1104/1102 1/1/1 3/3/3
f 907/907/907 1/1/1 1104/1104/1102
f 494/494/494 1105/1105/1103 495/495/495
f 494/494/494 1106/1106/1104 1105/1105/1103
f 55/55/55 1107/1107/1105 1108/1108/1106
f 1109/1109/1107 1110/1110/1108 1111/1111/1109
f 1112/1112/1110 1110/1110/1108 1109/1109/1107
f 1113/1113/1111 1114/1114/1112 1115/1115/1113
f 1116/1116/1114 1117/1117/1115 1113/1113/1111
f 1117/1117/1115 1118/1118/1116 1113/1113/1111
f 1118/1118/1116 1119/1119/1117 1113/1113/1111
f 1119/1119/1117 1114/1114/1112 1113/1113/1111
f 1120/1120/1118 1121/1121/1119 1052/1052/1050
f 1122/1122/1120 1121/1121/1119 1120/1120/1118
f 1123/1123/1121 1124/1124/1122 1125/1125/1123
f 1126/1126/1124 1124/1124/1122 1123/1123/1121
f 1127/1127/1125 1128/1128/1126 1129/1129/1127
f 1127/1127/1125 1130/1130/1128 1128/1128/1126
f 984/984/984 234/234/234 985/985/985
f 984/984/984 233/233/233 234/234/234
f 148/148/148 1131/1131/1129 1132/1132/1130
f 147/147/147 1131/1131/1129 148/148/148
f 93/93/93 1133/1133/1131 1134/1134/1132
f 93/93/93 95/95/95 1133/1133/1131
f 1135/1135/1133 1136/1136/277 1137/1137/1134
f 1135/1135/1133 1138/1138/643 1136/1136/277
f 1139/1139/1135 1140/1140/1136 1141/1141/1137
f 1142/1142/1138 1140/1140/1136 1139/1139/1135
f 1143/1143/1139 1144/1144/1140 1145/1145/1141
f 1146/1146/1142 1144/1144/1140 1143/1143/1139
f 682/682/682 1147/1147/1143 1148/1148/1144
f 682/682/682 1068/1068/1066 1147/1147/1143
f 503/503/503 1149/1149/1145 1094/1094/1092
f 502/502/502 1149/1149/1145 503/503/503
f 1150/1150/1146 1151/1151/1147 1152/1152/1148
f 1153/1153/1149 1151/1151/1147 1150/1150/1146
f 1154/1154/1150 55/55/55 1155/1155/1151
f 1156/1156/1152 314/314/314 1157/1157/1153
f 315/315/315 314/314/314 1156/1156/1152
f 1158/1158/1154 554/554/554 556/556/556
f 1158/1158/1154 1159/1159/1155 554/554/554
f 1160/1160/1156 906/906/906 907/907/907
f 1161/1161/1157 906/906/906 1160/1160/1156
f 1162/1162/1158 1153/1153/1149 564/564/564
f 1162/1162/1158 1163/1163/1159 1153/1153/1149
f 527/527/527 1084/1084/1082 1164/1164/1160
f 1165/1165/1161 1084/1084/1082 527/527/527
f 1166/1166/1162 1167/1167/1163 1168/1168/1164
f 1169/1169/1165 1167/1167/1163 1166/1166/1162
f 1170/1170/1166 1171/1171/1167 1172/1172/1168
f 1170/1170/1166 1173/1173/1169 1171/1171/1167
f 1174/1174/1170 182/182/182 1175/1175/1171
f 1174/1174/1170 181/181/181 182/182/182
f 911/911/911 1176/1176/1172 1177/1177/1173
f 911/911/911 1178/1178/1174 1176/1176/1172
f 1179/1179/1175 1180/1180/1176 307/307/307
f 1181/1181/1177 1180/1180/1176 1179/1179/1175
f 1182/1182/1178 1183/1183/1179 1184/1184/1180
f 1185/1185/1181 1183/1183/1179 1182/1182/1178
f 335/335/335 977/977/977 339/339/339
f 1186/1186/1182 977/977/977 335/335/335
f 1143/1143/1139 1187/1187/1183 858/858/858
f 1143/1143/1139 1145/1145/1141 1187/1187/1183
f 1188/1188/1184 919/919/919 1189/1189/1185
f 920/920/920 919/919/919 1188/1188/1184
f 1190/1190/1186 1191/1191/1187 1192/1192/1188
f 1190/1190/1186 1193/1193/1189 1191/1191/1187
f 1194/1194/1190 1195/1195/1191 1196/1196/1192
f 1194/1194/1190 1197/1197/1193 1195/1195/1191
f 1198/1198/1194 1199/1199/1195 1200/1200/1196
f 945/945/945 1199/1199/1195 1198/1198/1194
f 1201/1201/1197 1202/1202/1198 1203/1203/1199
f 1201/1201/1197 1204/1204/1200 1202/1202/1198
f 1205/1205/1201 534/534/534 1206/1206/1202
f 1207/1207/1203 534/534/534 1205/1205/1201
f 138/138/138 1208/1208/1204 1209/1209/1205
f 138/138/138 1210/1210/1206 1208/1208/1204
f 55/55/55 1211/1211/1207 1022/1022/1020
f 1212/1212/1208 542/542/542 543/543/543
f 1212/1212/1208 1213/1213/1209 542/542/542
f 1214/1214/1210 55/55/55 1215/1215/1211
f 1216/1216/1212 1217/1217/1213 1218/1218/1214
f 1216/1216/1212 1219/1219/1215 1217/1217/1213
f 1220/1220/1216 1221/1221/1217 1222/1222/1218
f 1220/1220/1216 1223/1223/1219 1221/1221/1217
f 1224/1224/1220 1225/1225/1221 1226/1226/1222
f 1224/1224/1220 1227/1227/1223 1225/1225/1221
f 1227/1227/1223 1228/1228/1224 1225/1225/1221
f 1228/1228/1224 1229/1229/1225 1225/1225/1221
f 1229/1229/1225 1230/1230/1226 1225/1225/1221
f 1231/1231/1227 879/879/879 876/876/876
f 1231/1231/1227 1232/1232/1228 879/879/879
f 1233/1233/1229 1234/1234/1230 1235/1235/1231
f 1236/1236/1232 1237/1237/1233 1238/1238/1234
f 1239/1239/1235 1237/1237/1233 1236/1236/1232
f 1233/1233/1229 1239/1239/1235 1234/1234/1230
f 1233/1233/1229 1237/1237/1233 1239/1239/1235
f 1240/1240/1236 1241/1241/1237 1242/1242/1238
f 1243/1243/1239 1241/1241/1237 1240/1240/1236
f 1244/1244/1240 1245/1245/1241 1246/1246/1242
f 583/583/583 1245/1245/1241 1244/1244/1240
f 1121/1121/1119 518/518/518 1052/1052/1050
f 1121/1121/1119 521/521/521 518/518/518
f 616/616/616 1247/1247/1243 1248/1248/1244
f 618/618/618 1247/1247/1243 616/616/616
f 943/943/943 264/264/264 266/266/266
f 943/943/943 1249/1249/1245 264/264/264
f 143/143/143 1250/1250/1246 144/144/144
f 143/143/143 828/828/828 1250/1250/1246
f 1251/1251/1247 547/547/547 544/544/544
f 1252/1252/1248 547/547/547 1251/1251/1247
f 1253/1253/1249 891/891/891 1254/1254/1250
f 1253/1253/1249 1255/1255/1251 891/891/891
f 1256/1256/1252 1257/1257/1253 1258/1258/1254
f 1256/1256/1252 1259/1259/1255 1257/1257/1253
f 115/115/115 1260/1260/1256 1261/1261/1257
f 1058/1058/1056 1260/1260/1256 115/115/115
f 1262/1262/1258 822/822/822 824/824/824
f 1263/1263/1259 822/822/822 1262/1262/1258
f 1264/1264/1260 362/362/362 1265/1265/1261
f 1264/1264/1260 1266/1266/1262 362/362/362
f 1267/1267/1263 289/289/289 291/291/291
f 1267/1267/1263 1268/1268/1264 289/289/289
f 1269/1269/1265 1270/1270/1266 1271/1271/1267
f 1269/1269/1265 1272/1272/1268 1270/1270/1266
f 1273/1273/1269 55/55/55 997/997/997
f 1274/1274/1270 1275/1275/1271 1276/1276/1272
f 1277/1277/1273 1275/1275/1271 1274/1274/1270
f 1278/1278/1274 1139/1139/1135 1279/1279/1275
f 613/613/613 1139/1139/1135 1278/1278/1274
f 47/47/47 1280/1280/1276 1281/1281/1277
f 1282/1282/1278 1283/1283/1279 341/341/341
f 1284/1284/1280 1283/1283/1279 1282/1282/1278
f 47/47/47 272/272/272 271/271/271
f 200/200/200 1285/1285/1281 201/201/201
f 200/200/200 1286/1286/1282 1285/1285/1281
f 1287/1287/1283 1288/1288/1284 1289/1289/1285
f 1287/1287/1283 1290/1290/1286 1288/1288/1284
f 1291/1291/1287 1292/1292/1288 1293/1293/1289
f 1294/1294/1290 1292/1292/1288 1291/1291/1287
f 1295/1295/1291 993/993/993 1296/1296/1292
f 1297/1297/1293 993/993/993 1295/1295/1291
f 440/440/440 1298/1298/1294 1299/1299/1295
f 440/440/440 1048/1048/1046 1298/1298/1294
f 1300/1300/1296 43/43/43 45/45/45
f 268/268/268 409/409/409 269/269/269
f 268/268/268 1301/1301/1297 409/409/409
f 1301/1301/1297 43/43/43 1300/1300/1296
f 268/268/268 43/43/43 1301/1301/1297
f 47/47/47 1083/1083/1081 1302/1302/1298
f 1303/1303/1299 1304/1304/1300 1305/1305/1301
f 1306/1306/1302 1304/1304/1300 1303/1303/1299
f 1307/1307/1303 202/202/202 1308/1308/1304
f 1307/1307/1303 1309/1309/1305 202/202/202
f 1150/1150/1146 990/990/990 987/987/987
f 1150/1150/1146 1152/1152/1148 990/990/990
f 958/958/958 1310/1310/1306 1311/1311/1307
f 957/957/957 1310/1310/1306 958/958/958
f 1312/1312/1308 1313/1313/1309 1314/1314/1310
f 1315/1315/1311 1313/1313/1309 1312/1312/1308
f 1165/1165/1161 772/772/772 1084/1084/1082
f 523/523/523 772/772/772 1165/1165/1161
f 1316/1316/1312 1179/1179/1175 1317/1317/1313
f 1316/1316/1312 1181/1181/1177 1179/1179/1175
f 256/256/256 1318/1318/1314 1319/1319/1315
f 1320/1320/1316 1318/1318/1314 256/256/256
f 764/764/764 1321/1321/1317 1322/1322/1318
f 766/766/766 1321/1321/1317 764/764/764
f 1323/1323/1319 1324/1324/1320 1325/1325/1321
f 1323/1323/1319 1326/1326/1322 1324/1324/1320
f 1327/1327/1323 1328/1328/1324 123/123/123
f 1329/1329/1325 1328/1328/1324 1327/1327/1323
f 1330/1330/1326 55/55/55 1331/1331/1327
f 1332/1332/1328 1004/1004/1002 1333/1333/1329
f 1332/1332/1328 1007/1007/1005 1004/1004/1002
f 1334/1334/1330 1335/1335/1331 1336/1336/1332
f 1337/1337/1333 1335/1335/1331 1334/1334/1330
f 402/402/402 1338/1338/1334 1339/1339/1335
f 404/404/404 1338/1338/1334 402/402/402
f 1340/1340/1336 1341/1341/1337 1342/1342/1338
f 1340/1340/1336 1343/1343/1339 1341/1341/1337
f 1344/1344/1340 74/74/74 76/76/76
f 1344/1344/1340 1345/1345/1341 74/74/74
f 55/55/55 1346/1346/1342 1347/1347/1343
f 1348/1348/1344 168/168/168 165/165/165
f 1348/1348/1344 1349/1349/1345 168/168/168
f 1350/1350/1346 1202/1202/1198 1351/1351/1347
f 1203/1203/1199 1202/1202/1198 1350/1350/1346
f 1352/1352/1348 341/341/341 343/343/343
f 1282/1282/1278 341/341/341 1352/1352/1348
f 799/799/799 451/451/451 453/453/453
f 811/811/811 1353/1353/1349 799/799/799
f 1353/1353/1349 1354/1354/1350 799/799/799
f 1354/1354/1350 1355/1355/1351 799/799/799
f 1355/1355/1351 451/451/451 799/799/799
f 1356/1356/1352 1357/1357/1353 642/642/642
f 1356/1356/1352 1358/1358/1354 1357/1357/1353
f 1359/1359/1355 1360/1360/1356 1361/1361/1357
f 1359/1359/1355 1362/1362/1358 1360/1360/1356
f 1183/1183/1179 583/583/583 1244/1244/1240
f 584/584/584 583/583/583 1183/1183/1179
f 1363/1363/1359 1364/1364/1360 1365/1365/1361
f 1363/1363/1359 1366/1366/1362 1364/1364/1360
f 568/568/568 1367/1367/1363 566/566/566
f 1368/1368/1364 1367/1367/1363 568/568/568
f 1369/1369/1365 1370/1370/1366 1371/1371/1367
f 1369/1369/1365 1372/1372/1368 1370/1370/1366
f 828/828/828 1373/1373/1369 1374/1374/1370
f 512/512/512 1373/1373/1369 828/828/828
f 1375/1375/1371 1376/1376/1372 1377/1377/1373
f 1375/1375/1371 1378/1378/1374 1376/1376/1372
f 1379/1379/1375 1352/1352/1348 1380/1380/1376
f 1381/1381/1377 1352/1352/1348 1379/1379/1375
f 1382/1382/1378 1383/1383/1379 81/81/81
f 189/189/189 1383/1383/1379 1382/1382/1378
f 634/634/634 1384/1384/1380 1385/1385/1381
f 636/636/636 1384/1384/1380 634/634/634
f 1386/1386/1382 1387/1387/1383 1388/1388/1384
f 1389/1389/1385 1387/1387/1383 1386/1386/1382
f 698/698/698 734/734/734 1390/1390/1386
f 903/903/903 734/734/734 698/698/698
f 228/228/228 1037/1037/1035 1039/1039/1037
f 228/228/228 792/792/792 1037/1037/1035
f 643/643/643 1356/1356/1352 642/642/642
f 1391/1391/1387 1356/1356/1352 643/643/643
f 239/239/239 1392/1392/1388 242/242/242
f 788/788/788 1392/1392/1388 239/239/239
f 206/206/206 1393/1393/1389 207/207/207
f 206/206/206 664/664/664 1393/1393/1389
f 1394/1394/1390 1395/1395/1391 1396/1396/1392
f 1394/1394/1390 1397/1397/1393 1395/1395/1391
f 47/47/47 1398/1398/1394 1399/1399/1395
f 778/778/778 809/809/809 1400/1400/1396
f 780/780/780 809/809/809 778/778/778
f 1401/1401/1397 1402/1402/1398 1131/1131/1129
f 1401/1401/1397 1403/1403/1399 1402/1402/1398
f 47/47/47 283/283/283 1404/1404/1400
f 47/47/47 1405/1405/1401 1406/1406/1402
f 463/463/463 63/63/63 1407/1407/1403
f 463/463/463 66/66/66 63/63/63
f 1004/1004/1002 1335/1335/1331 1337/1337/1333
f 1004/1004/1002 1006/1006/1004 1335/1335/1331
f 1408/1408/1404 947/947/947 944/944/944
f 1408/1408/1404 1026/1026/1024 947/947/947
f 843/843/843 1403/1403/1399 1401/1401/1397
f 843/843/843 1409/1409/1405 1403/1403/1399
f 1410/1410/1406 578/578/578 1411/1411/1407
f 1410/1410/1406 1412/1412/1408 578/578/578
f 1413/1413/1409 1414/1414/1410 1415/1415/1411
f 1413/1413/1409 367/367/367 1414/1414/1410
f 47/47/47 1416/1416/1412 1417/1417/1413
f 1418/1418/1414 1419/1419/1415 1420/1420/1416
f 1418/1418/1414 1421/1421/1417 1419/1419/1415
f 949/949/949 1422/1422/1418 1423/1423/1419
f 949/949/949 1424/1424/1420 1422/1422/1418
f 1425/1425/1421 1426/1426/1422 1427/1427/1423
f 1425/1425/1421 1428/1428/1424 1426/1426/1422
f 1429/1429/1425 1430/1430/1426 1431/1431/1427
f 1429/1429/1425 1432/1432/1428 1430/1430/1426
f 1359/1359/1355 1433/1433/1429 1362/1362/1358
f 1434/1434/1430 1433/1433/1429 1359/1359/1355
f 1435/1435/1431 1436/1436/1432 1437/1437/1433
f 1438/1438/1434 1436/1436/1432 1435/1435/1431
f 1439/1439/1435 1440/1440/1436 1441/1441/1437
f 1442/1442/1438 1440/1440/1436 1439/1439/1435
f 993/993/993 1443/1443/1439 1296/1296/1292
f 993/993/993 992/992/992 1443/1443/1439
f 236/236/236 1444/1444/1440 237/237/237
f 236/236/236 1222/1222/1218 1444/1444/1440
f 1445/1445/1441 132/132/132 1446/1446/1442
f 1445/1445/1441 23/23/23 132/132/132
f 1447/1447/1443 1448/1448/1444 1449/1449/1445
f 1450/1450/1446 1448/1448/1444 1447/1447/1443
f 1451/1451/1447 1452/1452/1448 1453/1453/1449
f 1451/1451/1447 1454/1454/1450 1452/1452/1448
f 1455/1455/1451 1456/1456/1452 1457/1457/1453
f 1455/1455/1451 1458/1458/1454 1456/1456/1452
f 841/841/841 1459/1459/1455 839/839/839
f 935/935/935 1459/1459/1455 841/841/841
f 1460/1460/1456 1461/1461/1457 1462/1462/1458
f 840/840/840 1461/1461/1457 1460/1460/1456
f 1463/1463/1459 1464/1464/1460 1465/1465/1461
f 1466/1466/1462 1464/1464/1460 1463/1463/1459
f 536/536/536 810/810/810 537/537/537
f 536/536/536 390/390/390 810/810/810
f 1467/1467/1463 1468/1468/1464 1469/1469/1465
f 1467/1467/1463 1470/1470/1466 1468/1468/1464
f 1293/1293/1289 728/728/728 1269/1269/1265
f 1292/1292/1288 728/728/728 1293/1293/1289
f 1471/1471/1467 1472/1472/1468 1473/1473/1469
f 1471/1471/1467 1474/1474/1470 1472/1472/1468
f 1475/1475/1471 1476/1476/1472 1477/1477/1473
f 1478/1478/1474 1476/1476/1472 1475/1475/1471
f 1479/1479/1475 1220/1220/1216 1480/1480/1476
f 1479/1479/1475 1481/1481/1477 1220/1220/1216
f 1215/1215/1211 55/55/55 1482/1482/1478
f 1483/1483/1479 779/779/779 1484/1484/1480
f 1485/1485/1481 779/779/779 1483/1483/1479
f 1127/1127/1125 705/705/705 1130/1130/1128
f 706/706/706 705/705/705 1127/1127/1125
f 47/47/47 1486/1486/1482 1029/1029/1027
f 1487/1487/1483 630/630/630 1488/1488/1484
f 631/631/631 1060/1060/1058 1489/1489/1485
f 1061/1061/1059 630/630/630 1487/1487/1483
f 631/631/631 1061/1061/1059 1060/1060/1058
f 631/631/631 630/630/630 1061/1061/1059
f 47/47/47 569/569/569 107/107/107
f 1204/1204/1200 1490/1490/1486 1491/1491/1487
f 608/608/608 1490/1490/1486 1204/1204/1200
f 1492/1492/1488 1493/1493/1489 1494/1494/1490
f 1495/1495/1491 1496/1496/1492 1405/1405/1401
f 1492/1492/1488 1497/1497/1493 1493/1493/1489
f 1497/1497/1493 1496/1496/1492 1495/1495/1491
f 1492/1492/1488 1496/1496/1492 1497/1497/1493
f 192/192/192 493/493/493 193/193/193
f 192/192/192 496/496/496 493/493/493
f 55/55/55 1498/1498/1494 1114/1114/1112
f 1499/1499/1495 616/616/616 1500/1500/1496
f 617/617/617 616/616/616 1499/1499/1495
f 211/211/211 466/466/466 552/552/552
f 210/210/210 466/466/466 211/211/211
f 1266/1266/1262 360/360/360 362/362/362
f 1266/1266/1262 1501/1501/1497 360/360/360
f 47/47/47 1502/1502/1498 1503/1503/1499
f 663/663/663 1415/1415/1411 1504/1504/1500
f 665/665/665 1415/1415/1411 663/663/663
f 1505/1505/1501 335/335/335 337/337/337
f 1506/1506/1502 1507/1507/1503 1508/1508/1504
f 1506/1506/1502 1509/1509/1505 1507/1507/1503
f 1509/1509/1505 335/335/335 1505/1505/1501
f 1506/1506/1502 335/335/335 1509/1509/1505
f 1510/1510/1506 1511/1511/1507 1512/1512/1508
f 1513/1513/1509 1511/1511/1507 1510/1510/1506
f 971/971/971 375/375/375 1014/1014/1012
f 971/971/971 378/378/378 375/375/375
f 1514/1514/1510 347/347/347 1326/1326/1322
f 1514/1514/1510 345/345/345 347/347/347
f 1515/1515/1511 1516/1516/1512 1517/1517/1513
f 1518/1518/1514 1516/1516/1512 1515/1515/1511
f 1418/1418/1414 399/399/399 1421/1421/1417
f 1519/1519/1515 399/399/399 1418/1418/1414
f 321/321/321 1520/1520/1516 1521/1521/1517
f 321/321/321 323/323/323 1520/1520/1516
f 814/814/814 55/55/55 815/815/815
f 1141/1141/1137 1410/1410/1406 1522/1522/1518
f 1141/1141/1137 1523/1523/1519 1410/1410/1406
f 1524/1524/1520 746/746/746 1525/1525/1521
f 747/747/747 746/746/746 1524/1524/1520
f 55/55/55 1526/1526/1522 1527/1527/1523
f 1528/1528/1524 1275/1275/1271 1277/1277/1273
f 1528/1528/1524 1529/1529/1525 1275/1275/1271
f 1067/1067/1065 1530/1530/1526 1531/1531/1527
f 528/528/528 1530/1530/1526 1067/1067/1065
f 1532/1532/1528 1533/1533/1529 1534/1534/1530
f 1535/1535/1531 1533/1533/1529 1532/1532/1528
f 1536/1536/1532 882/882/882 30/30/30
f 1536/1536/1532 1537/1537/1533 882/882/882
f 304/304/304 368/368/368 370/370/370
f 304/304/304 306/306/306 368/368/368
f 1538/1538/1534 1192/1192/1188 1432/1432/1428
f 1538/1538/1534 1190/1190/1186 1192/1192/1188
f 1539/1539/1535 441/441/441 1540/1540/1536
f 1539/1539/1535 439/439/439 441/441/441
f 956/956/956 1541/1541/1537 774/774/774
f 956/956/956 958/958/958 1541/1541/1537
f 1542/1542/1538 1091/1091/1089 1543/1543/1539
f 1542/1542/1538 1093/1093/1091 1091/1091/1089
f 1544/1544/1540 1545/1545/1541 1546/1546/1542
f 960/960/960 1545/1545/1541 1544/1544/1540
f 897/897/897 1547/1547/1543 1548/1548/1544
f 897/897/897 1549/1549/1545 1547/1547/1543
f 719/719/719 73/73/73 717/717/717
f 719/719/719 76/76/76 73/73/73
f 1550/1550/1546 1341/1341/1337 1551/1551/1547
f 1342/1342/1338 1341/1341/1337 1550/1550/1546
f 94/94/94 1552/1552/1548 95/95/95
f 94/94/94 517/517/517 1552/1552/1548
f 1553/1553/1549 1554/1554/1550 1555/1555/1551
f 1553/1553/1549 1556/1556/1552 1554/1554/1550
f 47/47/47 1557/1557/1553 1558/1558/1554
f 1559/1559/1555 545/545/545 547/547/547
f 1559/1559/1555 1560/1560/1556 545/545/545
f 648/648/648 781/781/781 650/650/650
f 174/174/174 781/781/781 648/648/648
f 1561/1561/1557 1562/1562/1558 1563/1563/1559
f 520/520/520 1562/1562/1558 1561/1561/1557
f 55/55/55 1564/1564/1560 1565/1565/1561
f 1566/1566/1562 1567/1567/1563 1568/1568/1564
f 1566/1566/1562 1569/1569/1565 1567/1567/1563
f 1570/1570/1566 1014/1014/1012 1571/1571/1567
f 1570/1570/1566 971/971/971 1014/1014/1012
f 1572/1572/1568 1573/1573/1569 215/215/215
f 339/339/339 68/68/68 67/67/67
f 339/339/339 1574/1574/1570 68/68/68
f 1574/1574/1570 1573/1573/1569 1572/1572/1568
f 339/339/339 1573/1573/1569 1574/1574/1570
f 854/854/854 1575/1575/1571 852/852/852
f 854/854/854 1576/1576/1572 1575/1575/1571
f 361/361/361 1577/1577/1573 922/922/922
f 360/360/360 1577/1577/1573 361/361/361
f 298/298/298 1578/1578/1574 1579/1579/1575
f 297/297/297 1578/1578/1574 298/298/298
f 47/47/47 1580/1580/1576 1581/1581/1577
f 1582/1582/1578 1583/1583/1579 1576/1576/1572
f 1582/1582/1578 1584/1584/1580 1583/1583/1579
f 1585/1585/1581 1160/1160/1156 1586/1586/1582
f 1587/1587/1583 1160/1160/1156 1585/1585/1581
f 1588/1588/1584 55/55/55 994/994/994
f 1589/1589/1585 1590/1590/1586 1591/1591/1587
f 1592/1592/1588 1590/1590/1586 1589/1589/1585
f 1147/1147/1143 1070/1070/1068 1466/1466/1462
f 1068/1068/1066 1070/1070/1068 1147/1147/1143
f 1593/1593/1589 1594/1594/1590 1592/1592/1588
f 1595/1595/1591 1594/1594/1590 1593/1593/1589
f 1022/1022/1020 1596/1596/1592 1023/1023/1021
f 1022/1022/1020 1211/1211/1207 1596/1596/1592
f 1211/1211/1207 1597/1597/1593 1596/1596/1592
f 1597/1597/1593 1598/1598/1594 1596/1596/1592
f 1598/1598/1594 1599/1599/1595 1596/1596/1592
f 1600/1600/1596 505/505/505 808/808/808
f 1600/1600/1596 1601/1601/1597 505/505/505
f 47/47/47 1495/1495/1491 1405/1405/1401
f 1602/1602/1598 1603/1603/1599 1604/1604/1600
f 1602/1602/1598 1605/1605/1601 1603/1603/1599
f 21/21/21 1137/1137/1134 24/24/24
f 333/333/333 1137/1137/1134 21/21/21
f 1244/1244/1240 1606/1606/1602 1607/1607/1603
f 1244/1244/1240 1246/1246/1242 1606/1606/1602
f 966/966/966 711/711/711 967/967/967
f 966/966/966 1608/1608/1604 711/711/711
f 731/731/731 1375/1375/1371 732/732/732
f 731/731/731 1609/1609/1605 1375/1375/1371
f 1610/1610/1606 1611/1611/1607 1612/1612/1608
f 1610/1610/1606 1613/1613/1609 1611/1611/1607
f 836/836/836 1614/1614/1610 837/837/837
f 836/836/836 1615/1615/1611 1614/1614/1610
f 369/369/369 707/707/707 709/709/709
f 368/368/368 707/707/707 369/369/369
f 1616/1616/1612 1266/1266/1262 1264/1264/1260
f 1616/1616/1612 1617/1617/1613 1266/1266/1262
f 743/743/743 1618/1618/1614 1619/1619/1615
f 743/743/743 742/742/742 1618/1618/1614
f 511/511/511 1373/1373/1369 512/512/512
f 511/511/511 1620/1620/1616 1373/1373/1369
f 1621/1621/1617 1622/1622/1618 1623/1623/1619
f 1621/1621/1617 1624/1624/1620 1622/1622/1618
f 957/957/957 1625/1625/1621 1310/1310/1306
f 1626/1626/1622 1625/1625/1621 957/957/957
f 729/729/729 522/522/522 1272/1272/1268
f 729/729/729 1627/1627/1623 522/522/522
f 1319/1319/1315 1628/1628/1624 1629/1629/1625
f 1319/1319/1315 1630/1630/1626 1628/1628/1624
f 1631/1631/1627 55/55/55 1632/1632/1628
f 1633/1633/1629 758/758/758 1634/1634/1630
f 759/759/759 758/758/758 1633/1633/1629
f 1635/1635/1631 1636/1636/1632 1637/1637/1633
f 1635/1635/1631 1638/1638/1634 1636/1636/1632
f 1639/1639/1635 1640/1640/1636 1641/1641/1637
f 1639/1639/1635 1642/1642/1638 1640/1640/1636
f 47/47/47 1643/1643/1639 793/793/793
f 47/47/47 1572/1572/1568 215/215/215
f 1644/1644/1640 363/363/363 365/365/365
f 1645/1645/1641 363/363/363 1644/1644/1640
f 407/407/407 431/431/431 1646/1646/1642
f 406/406/406 431/431/431 407/407/407
f 1647/1647/1643 1648/1648/1644 1649/1649/1645
f 1650/1650/1646 1648/1648/1644 1647/1647/1643
f 1651/1651/1647 1142/1142/1138 614/614/614
f 1651/1651/1647 1652/1652/1648 1142/1142/1138
f 1653/1653/1649 1654/1654/1650 1655/1655/1651
f 1656/1656/1652 1654/1654/1650 1653/1653/1649
f 771/771/771 1085/1085/1083 772/772/772
f 771/771/771 1657/1657/1653 1085/1085/1083
f 1658/1658/1654 1101/1101/1099 1659/1659/1655
f 1102/1102/1100 1101/1101/1099 1658/1658/1654
f 1660/1660/1656 1661/1661/1657 1662/1662/1658
f 1663/1663/1659 1661/1661/1657 1660/1660/1656
f 798/798/798 1664/1664/1660 1665/1665/1661
f 1666/1666/1662 1664/1664/1660 798/798/798
f 441/441/441 1299/1299/1295 1667/1667/1663
f 441/441/441 440/440/440 1299/1299/1295
f 1668/1668/1664 1669/1669/1665 596/596/596
f 1670/1670/1666 1669/1669/1665 1668/1668/1664
f 1607/1607/1603 1669/1669/1665 1670/1670/1666
f 1607/1607/1603 1606/1606/1602 1669/1669/1665
f 1671/1671/1667 1672/1672/1668 1673/1673/1669
f 1674/1674/1670 1672/1672/1668 1671/1671/1667
f 55/55/55 1675/1675/1671 1676/1676/1672
f 1677/1677/1673 1678/1678/1674 1679/1679/1675
f 1677/1677/1673 1475/1475/1471 1678/1678/1674
f 1286/1286/1282 1179/1179/1175 1680/1680/1676
f 1317/1317/1313 1179/1179/1175 1286/1286/1282
f 1176/1176/1172 1681/1681/1677 222/222/222
f 1176/1176/1172 1682/1682/1678 1681/1681/1677
f 1683/1683/1679 1684/1684/1680 1685/1685/1681
f 671/671/671 1686/1686/1682 1687/1687/1683
f 671/671/671 1688/1688/1684 1686/1686/1682
f 1688/1688/1684 1684/1684/1680 1683/1683/1679
f 671/671/671 1684/1684/1680 1688/1688/1684
f 1689/1689/1685 1690/1690/1686 1691/1691/1687
f 1689/1689/1685 1692/1692/1688 1690/1690/1686
f 1693/1693/1689 1694/1694/1690 1695/1695/1691
f 1696/1696/1692 1694/1694/1690 1693/1693/1689
f 444/444/444 613/613/613 1278/1278/1274
f 446/446/446 613/613/613 444/444/444
f 1697/1697/1693 1698/1698/1694 1699/1699/1695
f 1700/1700/1696 1698/1698/1694 1697/1697/1693
f 774/774/774 770/770/770 775/775/775
f 774/774/774 1541/1541/1537 770/770/770
f 1414/1414/1410 1701/1701/1697 1702/1702/1698
f 1414/1414/1410 1703/1703/1699 1701/1701/1697
f 709/709/709 1704/1704/1700 1705/1705/1701
f 709/709/709 708/708/708 1704/1704/1700
f 1706/1706/1702 1418/1418/1414 1420/1420/1416
f 1707/1707/1703 1418/1418/1414 1706/1706/1702
f 73/73/73 1708/1708/1704 1709/1709/1705
f 73/73/73 75/75/75 1708/1708/1704
f 767/767/767 853/853/853 1710/1710/1706
f 767/767/767 769/769/769 853/853/853
f 1711/1711/1707 1712/1712/1708 1713/1713/1709
f 1714/1714/1710 1712/1712/1708 1711/1711/1707
f 1715/1715/1711 1716/1716/1712 1717/1717/1713
f 1715/1715/1711 700/700/700 1716/1716/1712
f 1718/1718/1714 55/55/55 1719/1719/1715
f 736/736/736 895/895/895 1720/1720/1716
f 736/736/736 975/975/975 895/895/895
f 1721/1721/1717 753/753/753 1722/1722/1718
f 1721/1721/1717 730/730/730 753/753/753
f 623/623/623 1723/1723/1719 626/626/626
f 1724/1724/1720 1723/1723/1719 623/623/623
f 397/397/397 1725/1725/1721 400/400/400
f 1726/1726/1722 1725/1725/1721 397/397/397
f 395/395/395 158/158/158 1727/1727/1723
f 159/159/159 158/158/158 395/395/395
f 1684/1684/1680 1728/1728/1724 1729/1729/1725
f 1730/1730/1726 1728/1728/1724 1684/1684/1680
f 765/765/765 1149/1149/1145 502/502/502
f 765/765/765 764/764/764 1149/1149/1145
f 1731/1731/1727 1095/1095/1093 1732/1732/1728
f 1731/1731/1727 1096/1096/1094 1095/1095/1093
f 1733/1733/1729 1734/1734/1730 1735/1735/1731
f 1736/1736/1732 1734/1734/1730 1733/1733/1729
f 801/801/801 1737/1737/1733 1425/1425/1421
f 805/805/805 1738/1738/1734 801/801/801
f 1738/1738/1734 1739/1739/1735 801/801/801
f 1739/1739/1735 1740/1740/1736 801/801/801
f 1740/1740/1736 1737/1737/1733 801/801/801
f 979/979/979 1741/1741/1737 1742/1742/1738
f 978/978/978 1741/1741/1737 979/979/979
f 1743/1743/1739 1252/1252/1248 1744/1744/1740
f 1743/1743/1739 1745/1745/1741 1252/1252/1248
f 443/443/443 612/612/612 446/446/446
f 1746/1746/1742 612/612/612 443/443/443
f 1339/1339/1335 1747/1747/1743 1748/1748/1744
f 1338/1338/1334 1747/1747/1743 1339/1339/1335
f 1749/1749/1745 553/553/553 1750/1750/1746
f 1749/1749/1745 556/556/556 553/553/553
f 721/721/721 1751/1751/1747 722/722/722
f 721/721/721 1752/1752/1748 1751/1751/1747
f 630/630/630 294/294/294 153/153/153
f 632/632/632 294/294/294 630/630/630
f 180/180/180 539/539/539 178/178/178
f 180/180/180 1753/1753/1749 539/539/539
f 1754/1754/1750 129/129/129 131/131/131
f 1754/1754/1750 1667/1667/1663 129/129/129
f 47/47/47 1755/1755/1751 1756/1756/1752
f 47/47/47 1757/1757/1753 1758/1758/1754
f 1759/1759/1755 720/720/720 1760/1760/1756
f 1759/1759/1755 723/723/723 720/720/720
f 55/55/55 1761/1761/1757 1331/1331/1327
f 114/114/114 1762/1762/1758 1763/1763/1759
f 114/114/114 113/113/113 1762/1762/1758
f 414/414/414 704/704/704 706/706/706
f 416/416/416 704/704/704 414/414/414
f 1764/1764/1760 1765/1765/1761 1766/1766/1762
f 1764/1764/1760 1767/1767/1763 1765/1765/1761
f 1768/1768/1764 317/317/317 1769/1769/1765
f 1768/1768/1764 1770/1770/1766 317/317/317
f 1770/1770/1766 1771/1771/1767 317/317/317
f 1771/1771/1767 1772/1772/1768 317/317/317
f 1772/1772/1768 1773/1773/1769 317/317/317
f 1774/1774/1770 1775/1775/1771 1776/1776/1772
f 1777/1777/1773 1775/1775/1771 1774/1774/1770
f 1538/1538/1534 1482/1482/1478 1190/1190/1186
f 232/232/232 1778/1778/1774 1538/1538/1534
f 1778/1778/1774 1214/1214/1210 1538/1538/1534
f 1214/1214/1210 1215/1215/1211 1538/1538/1534
f 1215/1215/1211 1482/1482/1478 1538/1538/1534
f 1779/1779/1775 1780/1780/1776 1781/1781/1777
f 1779/1779/1775 284/284/284 1780/1780/1776
f 1782/1782/1778 1614/1614/1610 1736/1736/1732
f 837/837/837 1614/1614/1610 1782/1782/1778
f 427/427/427 36/36/36 1783/1783/1779
f 427/427/427 39/39/39 36/36/36
f 332/332/332 1784/1784/1780 1135/1135/1133
f 1785/1785/1781 1784/1784/1780 332/332/332
f 835/835/835 1782/1782/1778 1786/1786/1782
f 835/835/835 837/837/837 1782/1782/1778
f 754/754/754 1726/1726/1722 1787/1787/1783
f 754/754/754 1788/1788/1784 1726/1726/1722
f 477/477/477 1789/1789/1785 475/475/475
f 1790/1790/1786 1789/1789/1785 477/477/477
f 55/55/55 1791/1791/1787 1792/1792/1788
f 946/946/946 1198/1198/1194 1793/1793/1789
f 946/946/946 945/945/945 1198/1198/1194
f 1137/1137/1134 1794/1794/274 24/24/24
f 1137/1137/1134 1136/1136/277 1794/1794/274
f 1795/1795/1790 1796/1796/1791 1797/1797/1792
f 1038/1038/1036 1796/1796/1791 1795/1795/1790
f 1512/1512/1508 912/912/912 1798/1798/1793
f 1512/1512/1508 1799/1799/1794 912/912/912
f 1800/1800/1795 1801/1801/1796 1802/1802/1797
f 1803/1803/1798 1801/1801/1796 1800/1800/1795
f 1804/1804/1799 1805/1805/1800 1806/1806/1801
f 1807/1807/1802 1805/1805/1800 1804/1804/1799
f 1808/1808/1803 1571/1571/1567 1809/1809/1804
f 1808/1808/1803 1570/1570/1566 1571/1571/1567
f 1199/1199/1195 1660/1660/1656 1200/1200/1196
f 1199/1199/1195 1663/1663/1659 1660/1660/1656
f 1810/1810/1429 1811/1811/1805 1812/1812/1358
f 1810/1810/1429 1813/1813/1806 1811/1811/1805
f 1652/1652/1648 1814/1814/1807 1815/1815/1808
f 1816/1816/1809 1814/1814/1807 1652/1652/1648
f 47/47/47 1817/1817/1810 1818/1818/1811
f 1819/1819/1812 1820/1820/1813 1821/1821/1814
f 1819/1819/1812 1822/1822/1815 1820/1820/1813
f 1822/1822/1815 1823/1823/1816 1820/1820/1813
f 1823/1823/1816 1824/1824/1817 1820/1820/1813
f 1824/1824/1817 1825/1825/1818 1820/1820/1813
f 1826/1826/1819 1359/1359/1355 1827/1827/1820
f 1826/1826/1819 1434/1434/1430 1359/1359/1355
f 1828/1828/1821 1829/1829/1822 1830/1830/1823
f 1831/1831/1824 1829/1829/1822 1828/1828/1821
f 1452/1452/1448 1445/1445/1441 1832/1832/1825
f 1452/1452/1448 1833/1833/1826 1445/1445/1441
f 1028/1028/1026 1834/1834/1827 1287/1287/1283
f 1835/1835/1828 1834/1834/1827 1028/1028/1026
f 527/527/527 1530/1530/1526 528/528/528
f 527/527/527 1164/1164/1160 1530/1530/1526
f 904/904/904 698/698/698 438/438/438
f 904/904/904 903/903/903 698/698/698
f 180/180/180 1836/1836/1829 1753/1753/1749
f 364/364/364 1836/1836/1829 180/180/180
f 1429/1429/1425 1538/1538/1534 1432/1432/1428
f 1837/1837/1830 1538/1538/1534 1429/1429/1425
f 1689/1689/1685 1427/1427/1423 1692/1692/1688
f 1838/1838/1831 1427/1427/1423 1689/1689/1685
f 1839/1839/1832 556/556/556 1749/1749/1745
f 1839/1839/1832 1158/1158/1154 556/556/556
f 407/407/407 1840/1840/1833 1841/1841/1834
f 407/407/407 1646/1646/1642 1840/1840/1833
f 1490/1490/1486 265/265/265 1842/1842/1835
f 263/263/263 265/265/265 1490/1490/1486
f 1099/1099/1097 1843/1843/1836 1844/1844/1837
f 1845/1845/1838 1843/1843/1836 1099/1099/1097
f 1846/1846/1839 240/240/240 1847/1847/1840
f 241/241/241 1002/1002/1000 1848/1848/1841
f 1003/1003/1001 240/240/240 1846/1846/1839
f 241/241/241 1003/1003/1001 1002/1002/1000
f 241/241/241 240/240/240 1003/1003/1001
f 1849/1849/1842 1850/1850/1843 1851/1851/1844
f 1311/1311/1307 1850/1850/1843 1849/1849/1842
f 1852/1852/1845 1270/1270/1266 1853/1853/1846
f 1271/1271/1267 1270/1270/1266 1852/1852/1845
f 1431/1431/1427 1854/1854/1847 1855/1855/1848
f 1431/1431/1427 1430/1430/1426 1854/1854/1847
f 1240/1240/1236 1856/1856/1849 1857/1857/1850
f 1240/1240/1236 1242/1242/1238 1856/1856/1849
f 47/47/47 46/46/46 40/40/40
f 47/47/47 1858/1858/1851 1859/1859/1852
f 1860/1860/1853 1861/1861/1854 1862/1862/1855
f 1860/1860/1853 692/692/692 1861/1861/1854
f 928/928/928 55/55/55 929/929/929
f 1863/1863/1856 1269/1269/1265 1271/1271/1267
f 1293/1293/1289 1269/1269/1265 1863/1863/1856
f 630/630/630 1864/1864/1857 1488/1488/1484
f 827/827/827 153/153/153 155/155/155
f 826/826/826 153/153/153 827/827/827
f 630/630/630 826/826/826 1864/1864/1857
f 630/630/630 153/153/153 826/826/826
f 47/47/47 1865/1865/1858 1866/1866/1859
f 1751/1751/1747 1000/1000/999 1867/1867/1860
f 1751/1751/1747 998/998/998 1000/1000/999
f 1410/1410/1406 69/69/69 1412/1412/1408
f 1523/1523/1519 69/69/69 1410/1410/1406
f 1868/1868/1861 1000/1000/999 1869/1869/1862
f 1867/1867/1860 1000/1000/999 1868/1868/1861
f 606/606/606 1204/1204/1200 1201/1201/1197
f 606/606/606 608/608/608 1204/1204/1200
f 1870/1870/1863 1871/1871/1864 1872/1872/1865
f 1870/1870/1863 1873/1873/1866 1871/1871/1864
f 1153/1153/1149 1874/1874/1867 1151/1151/1147
f 1163/1163/1159 1874/1874/1867 1153/1153/1149
f 542/542/542 1875/1875/1868 383/383/383
f 1213/1213/1209 1875/1875/1868 542/542/542
f 659/659/659 1876/1876/1869 689/689/689
f 659/659/659 1877/1877/1870 1876/1876/1869
f 1878/1878/1871 878/878/878 1879/1879/1872
f 1880/1880/1873 878/878/878 1878/1878/1871
f 47/47/47 559/559/559 1881/1881/1874
f 1553/1553/1549 1882/1882/1875 1556/1556/1552
f 1883/1883/1876 1882/1882/1875 1553/1553/1549
f 1884/1884/1877 1372/1372/1368 1369/1369/1365
f 1884/1884/1877 1885/1885/1878 1372/1372/1368
f 1886/1886/1879 946/946/946 1887/1887/1880
f 1886/1886/1879 944/944/944 946/946/946
f 1888/1888/1881 1889/1889/1882 1890/1890/1883
f 1888/1888/1881 1891/1891/1884 1889/1889/1882
f 47/47/47 1892/1892/1885 1893/1893/1886
f 1708/1708/1704 1379/1379/1375 1161/1161/1157
f 75/75/75 1379/1379/1375 1708/1708/1704
f 1894/1894/1887 914/914/914 1895/1895/1888
f 915/915/915 914/914/914 1894/1894/1887
f 1725/1725/1721 1350/1350/1346 400/400/400
f 1725/1725/1721 1203/1203/1199 1350/1350/1346
f 1896/1896/1889 1897/1897/1890 1898/1898/1891
f 1899/1899/11 1897/1897/1890 1896/1896/1889
f 1900/1900/1892 1901/1901/1893 1902/1902/1894
f 1900/1900/1892 1903/1903/1895 1901/1901/1893
f 212/212/212 467/467/467 210/210/210
f 1904/1904/1896 467/467/467 212/212/212
f 1575/1575/1571 1905/1905/1897 1906/1906/1898
f 1575/1575/1571 1907/1907/1899 1905/1905/1897
f 1908/1908/1900 1909/1909/1901 1910/1910/1902
f 1911/1911/1903 1909/1909/1901 1908/1908/1900
f 1912/1912/1904 823/823/823 1913/1913/1905
f 824/824/824 823/823/823 1912/1912/1904
f 495/495/495 1914/1914/1906 1915/1915/1907
f 495/495/495 1105/1105/1103 1914/1914/1906
f 1562/1562/1558 1769/1769/1765 1075/1075/1073
f 1916/1916/1908 1769/1769/1765 1562/1562/1558
f 322/322/322 1917/1917/1909 1918/1918/1910
f 1919/1919/1911 1917/1917/1909 322/322/322
f 1920/1920/1912 1371/1371/1367 1921/1921/1913
f 1920/1920/1912 1369/1369/1365 1371/1371/1367
f 482/482/482 1922/1922/1914 1923/1923/1915
f 482/482/482 484/484/484 1922/1922/1914
f 1191/1191/1187 915/915/915 1924/1924/1916
f 1191/1191/1187 913/913/913 915/915/915
f 1925/1925/1917 1926/1926/1918 1927/1927/1919
f 1925/1925/1917 513/513/513 1926/1926/1918
f 55/55/55 1928/1928/1920 1929/1929/1921
f 1930/1930/1922 1931/1931/1923 1932/1932/1924
f 1933/1933/1925 1934/1934/1926 1930/1930/1922
f 1934/1934/1926 1935/1935/1927 1930/1930/1922
f 1935/1935/1927 1936/1936/1928 1930/1930/1922
f 1936/1936/1928 1931/1931/1923 1930/1930/1922
f 1937/1937/1929 1938/1938/1930 1939/1939/1931
f 1940/1940/1932 1938/1938/1930 1937/1937/1929
f 938/938/938 1941/1941/1933 941/941/941
f 1942/1942/1934 1941/1941/1933 938/938/938
f 98/98/98 407/407/407 1841/1841/1834
f 405/405/405 407/407/407 98/98/98
f 1943/1943/1935 1944/1944/1936 72/72/72
f 1945/1945/1937 1944/1944/1936 1943/1943/1935
f 316/316/316 1946/1946/1938 314/314/314
f 316/316/316 1947/1947/1939 1946/1946/1938
f 1499/1499/1495 1948/1948/1940 1698/1698/1694
f 1499/1499/1495 1500/1500/1496 1948/1948/1940
f 427/427/427 1949/1949/1941 39/39/39
f 429/429/429 1949/1949/1941 427/427/427
f 1324/1324/1320 347/347/347 12/12/12
f 1326/1326/1322 347/347/347 1324/1324/1320
f 790/790/790 386/386/386 789/789/789
f 1950/1950/1942 386/386/386 790/790/790
f 47/47/47 1951/1951/1943 1952/1952/1944
f 456/456/456 55/55/55 457/457/457
f 1953/1953/1945 1954/1954/1946 948/948/948
f 679/679/679 1955/1955/1947 1953/1953/1945
f 1955/1955/1947 1956/1956/1948 1953/1953/1945
f 1956/1956/1948 1957/1957/1949 1953/1953/1945
f 1957/1957/1949 1954/1954/1946 1953/1953/1945
f 636/636/636 1958/1958/1950 1384/1384/1380
f 1959/1959/1951 1960/1960/1952 636/636/636
f 1960/1960/1952 1961/1961/1953 636/636/636
f 1961/1961/1953 1962/1962/1954 636/636/636
f 1962/1962/1954 1958/1958/1950 636/636/636
f 1611/1611/1607 1651/1651/1647 1963/1963/1955
f 1611/1611/1607 1964/1964/1956 1651/1651/1647
f 1291/1291/1287 1863/1863/1856 1383/1383/1379
f 1291/1291/1287 1293/1293/1289 1863/1863/1856
f 1795/1795/1790 1965/1965/1957 1966/1966/1958
f 1795/1795/1790 1797/1797/1792 1965/1965/1957
f 296/296/296 1967/1967/1959 1968/1968/1960
f 296/296/296 298/298/298 1967/1967/1959
f 203/203/203 1969/1969/1961 1970/1970/1962
f 203/203/203 136/136/136 1969/1969/1961
f 1971/1971/1963 372/372/372 374/374/374
f 1971/1971/1963 1972/1972/1964 372/372/372
f 1973/1973/1965 1722/1722/1718 921/921/921
f 1973/1973/1965 1721/1721/1717 1722/1722/1718
f 985/985/985 1974/1974/1966 1975/1975/1967
f 985/985/985 234/234/234 1974/1974/1966
f 1976/1976/1968 1977/1977/1969 1978/1978/1970
f 1979/1979/1971 1977/1977/1969 1976/1976/1968
f 1299/1299/1295 1980/1980/1972 1981/1981/1973
f 1299/1299/1295 1298/1298/1294 1980/1980/1972
f 385/385/385 1591/1591/1587 460/460/460
f 1589/1589/1585 1591/1591/1587 385/385/385
f 47/47/47 1982/1982/1974 1983/1983/1975
f 1984/1984/1976 1345/1345/1341 1344/1344/1340
f 1984/1984/1976 1968/1968/1960 1345/1345/1341
f 871/871/871 1479/1479/1475 1480/1480/1476
f 870/870/870 1479/1479/1475 871/871/871
f 1977/1977/1969 1985/1985/1977 1986/1986/1978
f 1987/1987/1979 1985/1985/1977 1977/1977/1969
f 1169/1169/1165 1988/1988/1980 1167/1167/1163
f 1989/1989/1981 1988/1988/1980 1169/1169/1165
f 1279/1279/1275 1990/1990/1982 1991/1991/1983
f 1279/1279/1275 1522/1522/1518 1990/1990/1982
f 1992/1992/1984 1993/1993/1985 1994/1994/1986
f 1995/1995/1987 1993/1993/1985 1992/1992/1984
f 923/923/923 661/661/661 658/658/658
f 923/923/923 1996/1996/1988 661/661/661
f 55/55/55 1960/1960/1952 1959/1959/1951
f 1997/1997/1989 1998/1998/1990 1608/1608/1604
f 1997/1997/1989 1641/1641/1637 1998/1998/1990
f 1999/1999/1991 688/688/688 2000/2000/1992
f 1999/1999/1991 660/660/660 688/688/688
f 2001/2001/1993 675/675/675 2002/2002/1994
f 676/676/676 675/675/675 2001/2001/1993
f 1313/1313/1309 1277/1277/1273 1314/1314/1310
f 1313/1313/1309 1528/1528/1524 1277/1277/1273
f 2003/2003/1995 2004/2004/1996 2005/2005/1997
f 2003/2003/1995 2006/2006/1998 2004/2004/1996
f 2007/2007/1999 1857/1857/1850 2008/2008/2000
f 2009/2009/2001 1857/1857/1850 2007/2007/1999
f 1573/1573/1569 216/216/216 215/215/215
f 1952/1952/1944 32/32/32 34/34/34
f 1573/1573/1569 1951/1951/1943 216/216/216
f 1951/1951/1943 32/32/32 1952/1952/1944
f 1573/1573/1569 32/32/32 1951/1951/1943
f 1063/1063/1061 2010/2010/2002 1064/1064/1062
f 1063/1063/1061 2011/2011/2003 2010/2010/2002
f 2012/2012/2004 2013/2013/2005 2014/2014/2006
f 2015/2015/2007 2013/2013/2005 2012/2012/2004
f 2016/2016/2008 2017/2017/2009 2018/2018/2010
f 2016/2016/2008 2019/2019/2011 2017/2017/2009
f 2020/2020/2012 1005/1005/1003 1007/1007/1005
f 2020/2020/2012 2021/2021/2013 1005/1005/1003
f 47/47/47 2022/2022/2014 2023/2023/2015
f 2024/2024/2016 2025/2025/2017 2026/2026/2018
f 2024/2024/2016 1711/1711/1707 2025/2025/2017
f 1805/1805/1800 969/969/969 1806/1806/1801
f 1805/1805/1800 1265/1265/1261 969/969/969
f 2027/2027/2019 878/878/878 1880/1880/1873
f 2027/2027/2019 876/876/876 878/878/878
f 2028/2028/2020 546/546/546 2029/2029/2021
f 544/544/544 546/546/546 2028/2028/2020
f 1599/1599/1595 1226/1226/1222 1596/1596/1592
f 1599/1599/1595 2030/2030/2022 1226/1226/1222
f 2030/2030/2022 1098/1098/1096 1226/1226/1222
f 1098/1098/1096 1097/1097/1095 1226/1226/1222
f 1097/1097/1095 1224/1224/1220 1226/1226/1222
f 2031/2031/2023 1367/1367/1363 1368/1368/1364
f 2031/2031/2023 2032/2032/2024 1367/1367/1363
f 2033/2033/2025 88/88/88 2034/2034/2026
f 2033/2033/2025 2035/2035/2027 88/88/88
f 2036/2036/2028 2037/2037/2029 2038/2038/2030
f 2036/2036/2028 1827/1827/1820 2037/2037/2029
f 1614/1614/1610 1734/1734/1730 1736/1736/1732
f 1614/1614/1610 1653/1653/1649 1734/1734/1730
f 2039/2039/2031 2040/2040/2032 2041/2041/2033
f 2039/2039/2031 1604/1604/1600 2040/2040/2032
f 2042/2042/2034 1035/1035/1033 1032/1032/1030
f 245/245/245 1035/1035/1033 2042/2042/2034
f 1839/1839/1832 1206/1206/1202 1158/1158/1154
f 1205/1205/1201 1206/1206/1202 1839/1839/1832
f 2043/2043/2035 2044/2044/2036 2045/2045/2037
f 2043/2043/2035 2046/2046/2038 2044/2044/2036
f 2047/2047/2039 620/620/620 622/622/622
f 2047/2047/2039 2048/2048/2040 620/620/620
f 217/217/217 55/55/55 761/761/761
f 2049/2049/2041 128/128/128 2050/2050/2042
f 2049/2049/2041 131/131/131 128/128/128
f 1861/1861/1854 691/691/691 1602/1602/1598
f 692/692/692 691/691/691 1861/1861/1854
f 2051/2051/2043 1828/1828/1821 2052/2052/2044
f 2051/2051/2043 1831/1831/1824 1828/1828/1821
f 1526/1526/1522 55/55/55 2053/2053/2045
f 55/55/55 2054/2054/2046 2055/2055/2047
f 2056/2056/2048 458/458/458 2057/2057/2049
f 2058/2058/2050 458/458/458 2056/2056/2048
f 1938/1938/1930 2059/2059/2051 1939/1939/1931
f 1938/1938/1930 2060/2060/2052 2059/2059/2051
f 1996/1996/1988 1551/1551/1547 1332/1332/1328
f 1550/1550/1546 1551/1551/1547 1996/1996/1988
f 1990/1990/1982 1458/1458/1454 1455/1455/1451
f 1990/1990/1982 1411/1411/1407 1458/1458/1454
f 1262/1262/1258 1912/1912/1904 2061/2061/2053
f 1262/1262/1258 824/824/824 1912/1912/1904
f 2062/2062/2054 2063/2063/2055 2064/2064/2056
f 1701/1701/1697 2063/2063/2055 2062/2062/2054
f 331/331/331 21/21/21 1833/1833/1826
f 331/331/331 333/333/333 21/21/21
f 257/257/257 2065/2065/2057 1079/1079/1077
f 257/257/257 1629/1629/1625 2065/2065/2057
f 2066/2066/2058 2067/2067/2059 1818/1818/1811
f 2068/2068/2060 2069/2069/2061 1757/1757/1753
f 2070/2070/2062 2069/2069/2061 2068/2068/2060
f 2066/2066/2058 2070/2070/2062 2067/2067/2059
f 2066/2066/2058 2069/2069/2061 2070/2070/2062
f 2071/2071/2063 55/55/55 434/434/434
f 522/522/522 2072/2072/2064 525/525/525
f 1627/1627/1623 2072/2072/2064 522/522/522
f 1980/1980/1972 300/300/300 1470/1470/1466
f 1980/1980/1972 303/303/303 300/300/300
f 47/47/47 2073/2073/2065 2074/2074/2066
f 1374/1374/1370 288/288/288 2075/2075/2067
f 1373/1373/1369 288/288/288 1374/1374/1370
f 2076/2076/2068 2077/2077/2069 548/548/548
f 2076/2076/2068 2078/2078/2070 2077/2077/2069
f 905/905/905 2079/2079/2071 737/737/737
f 2080/2080/2072 2079/2079/2071 905/905/905
f 360/360/360 2081/2081/2073 1577/1577/1573
f 1501/1501/1497 2081/2081/2073 360/360/360
f 289/289/289 2082/2082/2074 290/290/290
f 289/289/289 2083/2083/2075 2082/2082/2074
f 789/789/789 388/388/388 530/530/530
f 386/386/386 388/388/388 789/789/789
f 2084/2084/2076 1169/1169/1165 1166/1166/1162
f 2085/2085/2077 1169/1169/1165 2084/2084/2076
f 2053/2053/2045 2086/2086/2078 2087/2087/2079
f 2053/2053/2045 2088/2088/2080 2086/2086/2078
f 2088/2088/2080 2089/2089/2081 2086/2086/2078
f 2089/2089/2081 2090/2090/2082 2086/2086/2078
f 2090/2090/2082 2091/2091/2083 2086/2086/2078
f 47/47/47 2092/2092/2084 2093/2093/2085
f 2094/2094/2086 356/356/356 2095/2095/2087
f 357/357/357 356/356/356 2094/2094/2086
f 171/171/171 1999/1999/1991 875/875/875
f 171/171/171 170/170/170 1999/1999/1991
f 2096/2096/2088 482/482/482 1923/1923/1915
f 2097/2097/2089 482/482/482 2096/2096/2088
f 2098/2098/2090 2078/2078/2070 2076/2076/2068
f 2098/2098/2090 2099/2099/2091 2078/2078/2070
f 51/51/51 2100/2100/2092 2101/2101/2093
f 2102/2102/2094 2100/2100/2092 51/51/51
f 191/191/191 652/652/652 2103/2103/2095
f 191/191/191 193/193/193 652/652/652
f 1436/1436/1432 2104/2104/2096 2105/2105/2097
f 1189/1189/1185 2104/2104/2096 1436/1436/1432
f 2072/2072/2064 2051/2051/2043 2052/2052/2044
f 2106/2106/2098 2051/2051/2043 2072/2072/2064
f 1820/1820/1813 2107/2107/2099 2108/2108/2100
f 1825/1825/1818 2109/2109/2101 1820/1820/1813
f 2109/2109/2101 2110/2110/2102 1820/1820/1813
f 2110/2110/2102 2111/2111/2103 1820/1820/1813
f 2111/2111/2103 2107/2107/2099 1820/1820/1813
f 1419/1419/1415 2112/2112/2104 2113/2113/2105
f 1421/1421/1417 2112/2112/2104 1419/1419/1415
f 1054/1054/1052 2114/2114/2106 1055/1055/1053
f 1054/1054/1052 2115/2115/2107 2114/2114/2106
f 796/796/796 535/535/535 2116/2116/2108
f 796/796/796 538/538/538 535/535/535
f 2117/2117/2109 784/784/784 2118/2118/2110
f 783/783/783 1399/1399/1395 1398/1398/1394
f 2119/2119/2111 784/784/784 2117/2117/2109
f 783/783/783 2119/2119/2111 1399/1399/1395
f 783/783/783 784/784/784 2119/2119/2111
f 47/47/47 337/337/337 336/336/336
f 2048/2048/2040 2120/2120/2112 620/620/620
f 2048/2048/2040 2121/2121/2113 2120/2120/2112
f 1898/1898/1891 898/898/898 325/325/325
f 1897/1897/1890 898/898/898 1898/1898/1891
f 2122/2122/2114 1780/1780/1776 389/389/389
f 1781/1781/1777 1780/1780/1776 2122/2122/2114
f 889/889/889 2123/2123/2115 890/890/890
f 889/889/889 2124/2124/2116 2123/2123/2115
f 2098/2098/2090 2125/2125/2117 2099/2099/2091
f 2126/2126/2118 2125/2125/2117 2098/2098/2090
f 2127/2127/2119 2128/2128/2120 1835/1835/1828
f 2129/2129/2121 2128/2128/2120 2127/2127/2119
f 1876/1876/1869 1337/1337/1333 1334/1334/1330
f 1877/1877/1870 1337/1337/1333 1876/1876/1869
f 1036/1036/1034 1795/1795/1790 2130/2130/2122
f 1036/1036/1034 1038/1038/1036 1795/1795/1790
f 2131/2131/2123 77/77/77 2132/2132/2124
f 2131/2131/2123 80/80/80 77/77/77
f 1567/1567/1563 2133/2133/2125 2134/2134/2126
f 1567/1567/1563 1623/1623/1619 2133/2133/2125
f 2135/2135/2127 2136/2136/2128 677/677/677
f 2135/2135/2127 1447/1447/1443 2136/2136/2128
f 1854/1854/1847 429/429/429 426/426/426
f 1854/1854/1847 2137/2137/2129 429/429/429
f 1937/1937/1929 2138/2138/2130 2139/2139/2131
f 1937/1937/1929 1939/1939/1931 2138/2138/2130
f 1812/1812/1358 2140/2140/2132 2141/2141/1356
f 1812/1812/1358 1811/1811/1805 2140/2140/2132
f 1646/1646/1642 371/371/371 1840/1840/1833
f 1646/1646/1642 374/374/374 371/371/371
f 1511/1511/1507 1932/1932/1924 2142/2142/2133
f 1930/1930/1922 1932/1932/1924 1511/1511/1507
f 697/697/697 2143/2143/2134 695/695/695
f 697/697/697 2050/2050/2042 2143/2143/2134
f 2144/2144/2135 2145/2145/2136 2146/2146/2137
f 2144/2144/2135 2147/2147/2138 2145/2145/2136
f 970/970/970 468/468/468 972/972/972
f 597/597/597 468/468/468 970/970/970
f 558/558/558 1881/1881/1874 559/559/559
f 2148/2148/2139 2149/2149/2140 2150/2150/2141
f 558/558/558 2151/2151/2142 1881/1881/1874
f 2151/2151/2142 2149/2149/2140 2148/2148/2139
f 558/558/558 2149/2149/2140 2151/2151/2142
f 650/650/650 2152/2152/2143 649/649/649
f 650/650/650 1548/1548/1544 2152/2152/2143
f 47/47/47 2153/2153/2144 2154/2154/2145
f 2155/2155/2146 1790/1790/1786 477/477/477
f 2156/2156/2147 1790/1790/1786 2155/2155/2146
f 1556/1556/1552 2157/2157/2148 1554/1554/1550
f 1556/1556/1552 2158/2158/2149 2157/2157/2148
f 224/224/224 1307/1307/1303 744/744/744
f 224/224/224 2159/2159/2150 1307/1307/1303
f 1885/1885/1878 952/952/952 2160/2160/2151
f 2161/2161/2152 952/952/952 1885/1885/1878
f 1283/1283/1279 2162/2162/2153 2163/2163/2154
f 2164/2164/2155 2162/2162/2153 1283/1283/1279
f 602/602/602 942/942/942 2165/2165/2156
f 602/602/602 604/604/604 942/942/942
f 1914/1914/1906 619/619/619 2166/2166/2157
f 1105/1105/1103 619/619/619 1914/1914/1906
f 2167/2167/2158 2144/2144/2135 2168/2168/2159
f 2167/2167/2158 1365/1365/1361 2144/2144/2135
f 2057/2057/2049 1169/1169/1165 2085/2085/2077
f 2057/2057/2049 1989/1989/1981 1169/1169/1165
f 319/319/319 147/147/147 149/149/149
f 319/319/319 318/318/318 147/147/147
f 1248/1248/1244 405/405/405 2169/2169/2160
f 1248/1248/1244 408/408/408 405/405/405
f 2170/2170/2161 1909/1909/1901 1911/1911/1903
f 2170/2170/2161 2171/2171/2162 1909/1909/1901
f 2172/2172/2163 2173/2173/2164 2174/2174/2165
f 2175/2175/2166 2176/2176/2167 2172/2172/2163
f 2176/2176/2167 2177/2177/2168 2172/2172/2163
f 2177/2177/2168 2178/2178/2169 2172/2172/2163
f 2178/2178/2169 2173/2173/2164 2172/2172/2163
f 1312/1312/1308 2069/2069/2061 2066/2066/2058
f 1312/1312/1308 1314/1314/1310 2069/2069/2061
f 2179/2179/2170 1185/1185/1181 1182/1182/1178
f 2014/2014/2006 1185/1185/1181 2179/2179/2170
f 978/978/978 1647/1647/1643 1741/1741/1737
f 2180/2180/2171 1647/1647/1643 978/978/978
f 1884/1884/1877 2161/2161/2152 1885/1885/1878
f 2181/2181/2172 2161/2161/2152 1884/1884/1877
f 1349/1349/1345 1636/1636/1632 2182/2182/2173
f 1637/1637/1633 1636/1636/1632 1349/1349/1345
f 1807/1807/1802 2183/2183/2174 1805/1805/1800
f 1640/1640/1636 2183/2183/2174 1807/1807/1802
f 47/47/47 2184/2184/2175 2185/2185/2176
f 1260/1260/1256 1188/1188/1184 1438/1438/1434
f 567/567/567 1188/1188/1184 1260/1260/1256
f 1358/1358/1354 296/296/296 1357/1357/1353
f 1358/1358/1354 299/299/299 296/296/296
f 1393/1393/1389 663/663/663 2186/2186/2177
f 664/664/664 663/663/663 1393/1393/1389
f 1123/1123/1121 721/721/721 723/723/723
f 1123/1123/1121 1125/1125/1123 721/721/721
f 673/673/673 2187/2187/2178 1730/1730/1726
f 2188/2188/2179 2187/2187/2178 673/673/673
f 1908/1908/1900 2189/2189/2180 2190/2190/2181
f 1908/1908/1900 1910/1910/1902 2189/2189/2180
f 27/27/27 984/984/984 986/986/986
f 27/27/27 26/26/26 984/984/984
f 2191/2191/2182 498/498/498 500/500/500
f 2191/2191/2182 1668/1668/1664 498/498/498
f 1139/1139/1135 1522/1522/1518 1279/1279/1275
f 1139/1139/1135 1141/1141/1137 1522/1522/1518
f 1609/1609/1605 2192/2192/2183 2193/2193/2184
f 2194/2194/2185 2192/2192/2183 1609/1609/1605
f 1086/1086/1084 2195/2195/2186 936/936/936
f 1085/1085/1083 2195/2195/2186 1086/1086/1084
f 2196/2196/2187 652/652/652 2197/2197/2188
f 2103/2103/2095 652/652/652 2196/2196/2187
f 2198/2198/2189 1326/1326/1322 1323/1323/1319
f 2198/2198/2189 1514/1514/1510 1326/1326/1322
f 2199/2199/2190 2200/2200/2191 1949/1949/1941
f 2199/2199/2190 1894/1894/1887 2200/2200/2191
f 1114/1114/1112 1930/1930/1922 1115/1115/1113
f 1114/1114/1112 1498/1498/1494 1930/1930/1922
f 1498/1498/1494 2201/2201/2192 1930/1930/1922
f 2201/2201/2192 2202/2202/2193 1930/1930/1922
f 2202/2202/2193 1933/1933/1925 1930/1930/1922
f 2203/2203/2194 2204/2204/2195 2205/2205/2196
f 2206/2206/2197 2204/2204/2195 2203/2203/2194
f 153/153/153 293/293/293 151/151/151
f 294/294/294 293/293/293 153/153/153
f 2207/2207/2198 2208/2208/2199 2209/2209/2200
f 2207/2207/2198 2210/2210/2201 2208/2208/2199
f 2211/2211/2202 2212/2212/2203 1348/1348/1344
f 2213/2213/2204 2212/2212/2203 2211/2211/2202
f 2214/2214/2205 1256/1256/1252 1258/1258/1254
f 2215/2215/2206 1256/1256/1252 2214/2214/2205
f 2216/2216/2207 624/624/624 2217/2217/2208
f 625/625/625 2218/2218/2209 2219/2219/2210
f 625/625/625 2220/2220/2211 2218/2218/2209
f 2220/2220/2211 624/624/624 2216/2216/2207
f 625/625/625 624/624/624 2220/2220/2211
f 2221/2221/2212 1182/1182/1178 2222/2222/2213
f 2179/2179/2170 1182/1182/1178 2221/2221/2212
f 2223/2223/2214 1316/1316/1312 1317/1317/1313
f 1484/1484/1480 1316/1316/1312 2223/2223/2214
f 1966/1966/1958 2224/2224/2215 2225/2225/2216
f 1966/1966/1958 1965/1965/1957 2224/2224/2215
f 2226/2226/2217 2227/2227/2218 733/733/733
f 1477/1477/1473 2227/2227/2218 2226/2226/2217
f 1647/1647/1643 2228/2228/2219 1741/1741/1737
f 1647/1647/1643 1649/1649/1645 2228/2228/2219
f 468/468/468 2229/2229/2220 972/972/972
f 468/468/468 470/470/470 2229/2229/2220
f 874/874/874 2230/2230/2221 2231/2231/2222
f 874/874/874 2000/2000/1992 2230/2230/2221
f 47/47/47 2023/2023/2015 2232/2232/2223
f 1034/1034/1032 2233/2233/2224 2234/2234/2225
f 1033/1033/1031 2233/2233/2224 1034/1034/1032
f 1009/1009/1007 500/500/500 497/497/497
f 1011/1011/1009 500/500/500 1009/1009/1007
f 2170/2170/2161 2224/2224/2215 2171/2171/2162
f 2225/2225/2216 2224/2224/2215 2170/2170/2161
f 819/819/819 1662/1662/1658 694/694/694
f 1660/1660/1656 1662/1662/1658 819/819/819
f 55/55/55 2235/2235/2226 2236/2236/2227
f 401/401/401 2113/2113/2105 404/404/404
f 1419/1419/1415 2113/2113/2105 401/401/401
f 32/32/32 1536/1536/1532 30/30/30
f 1742/1742/1738 1536/1536/1532 32/32/32
f 1583/1583/1579 2237/2237/2228 2238/2238/2229
f 1584/1584/1580 2237/2237/2228 1583/1583/1579
f 1654/1654/1650 1809/1809/1804 1655/1655/1651
f 1654/1654/1650 1808/1808/1803 1809/1809/1804
f 2016/2016/2008 2086/2086/2078 2019/2019/2011
f 2087/2087/2079 2086/2086/2078 2016/2016/2008
f 2239/2239/2230 94/94/94 96/96/96
f 2239/2239/2230 447/447/447 94/94/94
f 2240/2240/2231 353/353/353 2241/2241/2232
f 109/109/109 2242/2242/2233 110/110/110
f 109/109/109 2243/2243/2234 2242/2242/2233
f 2243/2243/2234 353/353/353 2240/2240/2231
f 109/109/109 353/353/353 2243/2243/2234
f 2244/2244/2235 1708/1708/1704 1587/1587/1583
f 1709/1709/1705 1708/1708/1704 2244/2244/2235
f 433/433/433 55/55/55 757/757/757
f 2245/2245/2236 2127/2127/2119 2246/2246/2237
f 2245/2245/2236 2129/2129/2121 2127/2127/2119
f 2247/2247/2238 1156/1156/1152 2248/2248/2239
f 2247/2247/2238 315/315/315 1156/1156/1152
f 1021/1021/1019 62/62/62 59/59/59
f 1021/1021/1019 1023/1023/1021 62/62/62
f 1879/1879/1872 2249/2249/2240 2250/2250/2241
f 1879/1879/1872 2251/2251/2242 2249/2249/2240
f 318/318/318 843/843/843 1401/1401/1397
f 320/320/320 843/843/843 318/318/318
f 1210/1210/1206 2252/2252/2243 1208/1208/1204
f 1210/1210/1206 2253/2253/2244 2252/2252/2243
f 1216/1216/1212 2254/2254/2245 1219/1219/1215
f 2255/2255/2246 2254/2254/2245 1216/1216/1212
f 133/133/133 2256/2256/2247 2257/2257/2248
f 133/133/133 2258/2258/2249 2256/2256/2247
f 1100/1100/1098 1563/1563/1559 1103/1103/1101
f 1561/1561/1557 1563/1563/1559 1100/1100/1098
f 92/92/92 591/591/591 90/90/90
f 92/92/92 2259/2259/2250 591/591/591
f 2260/2260/2251 55/55/55 2261/2261/2252
f 2262/2262/2253 1860/1860/1853 1862/1862/1855
f 2263/2263/2254 1860/1860/1853 2262/2262/2253
f 1384/1384/1380 2016/2016/2008 1385/1385/1381
f 1384/1384/1380 2087/2087/2079 2016/2016/2008
f 47/47/47 2264/2264/2255 2265/2265/2256
f 1657/1657/1653 2195/2195/2186 1085/1085/1083
f 1657/1657/1653 2266/2266/2257 2195/2195/2186
f 431/431/431 374/374/374 1646/1646/1642
f 431/431/431 1971/1971/1963 374/374/374
f 2267/2267/2258 2268/2268/2259 2269/2269/2260
f 2270/2270/2261 2268/2268/2259 2267/2267/2258
f 701/701/701 453/453/453 2271/2271/2262
f 799/799/799 453/453/453 701/701/701
f 1146/1146/1142 1970/1970/1962 1144/1144/1140
f 2272/2272/2263 1970/1970/1962 1146/1146/1142
f 1094/1094/1092 2273/2273/2264 1069/1069/1067
f 1094/1094/1092 2274/2274/2265 2273/2273/2264
f 1012/1012/1010 1186/1186/1182 2275/2275/2266
f 1012/1012/1010 1013/1013/1011 1186/1186/1182
f 55/55/55 1119/1119/1117 1118/1118/1116
f 1370/1370/1366 1566/1566/1562 1568/1568/1564
f 1372/1372/1368 1566/1566/1562 1370/1370/1366
f 2276/2276/2267 2277/2277/2268 1582/1582/1578
f 1851/1851/1844 2277/2277/2268 2276/2276/2267
f 588/588/588 956/956/956 2278/2278/2269
f 588/588/588 590/590/590 956/956/956
f 1422/1422/1418 1474/1474/1470 1471/1471/1467
f 1422/1422/1418 1510/1510/1506 1474/1474/1470
f 933/933/933 841/841/841 2279/2279/2270
f 933/933/933 935/935/935 841/841/841
f 2280/2280/2271 262/262/262 2281/2281/2272
f 2280/2280/2271 2282/2282/2273 262/262/262
f 2282/2282/2273 141/141/141 262/262/262
f 141/141/141 140/140/140 262/262/262
f 140/140/140 309/309/309 262/262/262
f 316/316/316 2283/2283/2274 1947/1947/1939
f 627/627/627 2283/2283/2274 316/316/316
f 47/47/47 2284/2284/2275 2285/2285/2276
f 132/132/132 22/22/22 135/135/135
f 23/23/23 22/22/22 132/132/132
f 1170/1170/1166 2286/2286/2277 1173/1173/1169
f 702/702/702 2286/2286/2277 1170/1170/1166
f 2287/2287/2278 1829/1829/1822 1831/1831/1824
f 2287/2287/2278 680/680/680 1829/1829/1822
f 2288/2288/2279 2289/2289/2280 2263/2263/2254
f 1322/1322/1318 2289/2289/2280 2288/2288/2279
f 2290/2290/2281 2291/2291/2282 2292/2292/2283
f 2293/2293/2284 2291/2291/2282 2290/2290/2281
f 2294/2294/2285 2295/2295/2286 2296/2296/2287
f 1690/1690/1686 2295/2295/2286 2294/2294/2285
f 2213/2213/2204 2297/2297/2288 2212/2212/2203
f 2298/2298/2289 2297/2297/2288 2213/2213/2204
f 2299/2299/2290 1644/1644/1640 2300/2300/2291
f 2299/2299/2290 1645/1645/1641 1644/1644/1640
f 55/55/55 1117/1117/1115 1116/1116/1114
f 47/47/47 1497/1497/1493 1495/1495/1491
f 47/47/47 2068/2068/2060 1757/1757/1753
f 2079/2079/2071 735/735/735 737/737/737
f 2079/2079/2071 2209/2209/2200 735/735/735
f 959/959/959 1545/1545/1541 960/960/960
f 959/959/959 2301/2301/2292 1545/1545/1541
f 9/9/9 2302/2302/1889 2303/2303/2293
f 9/9/9 11/11/11 2302/2302/1889
f 1829/1829/1822 2304/2304/2294 1830/1830/1823
f 1829/1829/1822 1148/1148/1144 2304/2304/2294
f 1110/1110/1108 1534/1534/1530 2305/2305/2295
f 1532/1532/1528 1534/1534/1530 1110/1110/1108
f 536/536/536 393/393/393 390/390/390
f 2306/2306/2296 393/393/393 536/536/536
f 2307/2307/2297 2308/2308/2298 2309/2309/2299
f 2307/2307/2297 2310/2310/2300 2308/2308/2298
f 1547/1547/1543 1499/1499/1495 2311/2311/2301
f 1547/1547/1543 617/617/617 1499/1499/1495
f 117/117/117 1717/1717/1713 2312/2312/2302
f 117/117/117 1715/1715/1711 1717/1717/1713
f 2313/2313/2303 2314/2314/2304 924/924/924
f 2313/2313/2303 2315/2315/2305 2314/2314/2304
f 2316/2316/2306 2317/2317/2307 2233/2233/2224
f 2316/2316/2306 2318/2318/2308 2317/2317/2307
f 1472/1472/1468 160/160/160 157/157/157
f 1472/1472/1468 2319/2319/2309 160/160/160
f 763/763/763 1247/1247/1243 618/618/618
f 763/763/763 507/507/507 1247/1247/1243
f 47/47/47 2320/2320/2310 2321/2321/2311
f 2322/2322/2312 723/723/723 1759/1759/1755
f 2322/2322/2312 1123/1123/1121 723/723/723
f 47/47/47 2323/2323/2313 1580/1580/1576
f 1611/1611/1607 1129/1129/1127 1964/1964/1956
f 1613/1613/1609 1129/1129/1127 1611/1611/1607
f 2324/2324/2314 2325/2325/2315 2326/2326/2316
f 2324/2324/2314 2327/2327/2317 2325/2325/2315
f 2328/2328/2318 1225/1225/1221 2329/2329/2319
f 1226/1226/1222 1225/1225/1221 2328/2328/2318
f 2330/2330/2320 2025/2025/2017 292/292/292
f 2026/2026/2018 2025/2025/2017 2330/2330/2320
f 2331/2331/2321 2332/2332/2322 2333/2333/2323
f 2334/2334/2324 2332/2332/2322 2331/2331/2321
f 2335/2335/2325 2336/2336/2326 2337/2337/2327
f 2186/2186/2177 2336/2336/2326 2335/2335/2325
f 2338/2338/2328 55/55/55 2339/2339/2329
f 47/47/47 2340/2340/2330 1858/1858/1851
f 1428/1428/1424 2341/2341/2331 1426/1426/1422
f 1428/1428/1424 2342/2342/2332 2341/2341/2331
f 1134/1134/1132 786/786/786 2343/2343/2333
f 1134/1134/1132 1133/1133/1131 786/786/786
f 55/55/55 814/814/814 813/813/813
f 2344/2344/2334 817/817/817 2345/2345/2335
f 818/818/818 817/817/817 2344/2344/2334
f 2346/2346/2336 1887/1887/1880 2347/2347/2337
f 2346/2346/2336 1886/1886/1879 1887/1887/1880
f 2348/2348/2338 801/801/801 1838/1838/1831
f 452/452/452 801/801/801 2348/2348/2338
f 2349/2349/2307 105/105/105 570/570/570
f 2349/2349/2307 167/167/167 105/105/105
f 1440/1440/1436 61/61/61 1441/1441/1437
f 1440/1440/1436 59/59/59 61/61/61
f 55/55/55 1819/1819/1812 2350/2350/2339
f 1047/1047/1045 2351/2351/2340 1045/1045/1043
f 925/925/925 2351/2351/2340 1047/1047/1045
f 2006/2006/1998 796/796/796 2116/2116/2108
f 797/797/797 796/796/796 2006/2006/1998
f 1400/1400/1396 1180/1180/1176 1181/1181/1177
f 1400/1400/1396 175/175/175 1180/1180/1176
f 1178/1178/1174 1855/1855/1848 2352/2352/2341
f 2353/2353/2342 1855/1855/1848 1178/1178/1174
f 55/55/55 485/485/485 2354/2354/2343
f 2355/2355/2344 2190/2190/2181 1366/1366/1362
f 2355/2355/2344 1908/1908/1900 2190/2190/2181
f 2356/2356/2345 866/866/866 2357/2357/2346
f 867/867/867 866/866/866 2356/2356/2345
f 2224/2224/2215 2358/2358/2347 2359/2359/2348
f 1965/1965/1957 2358/2358/2347 2224/2224/2215
f 2360/2360/2349 1066/1066/1064 582/582/582
f 2361/2361/2350 1066/1066/1064 2360/2360/2349
f 47/47/47 2362/2362/2351 2363/2363/2352
f 2002/2002/1994 2364/2364/2353 899/899/899
f 2002/2002/1994 2365/2365/2354 2364/2364/2353
f 2366/2366/2355 2367/2367/2356 2368/2368/2357
f 2366/2366/2355 2369/2369/2358 2367/2367/2356
f 701/701/701 2286/2286/2277 702/702/702
f 701/701/701 2271/2271/2262 2286/2286/2277
f 2370/2370/2359 1443/1443/1439 2371/2371/2360
f 1296/1296/1292 1443/1443/1439 2370/2370/2359
f 2372/2372/2361 2373/2373/2362 1162/1162/1158
f 2374/2374/2363 2373/2373/2362 2372/2372/2361
f 2251/2251/2242 1724/1724/1720 623/623/623
f 877/877/877 1724/1724/1720 2251/2251/2242
f 1782/1782/1778 1733/1733/1729 2375/2375/2364
f 1782/1782/1778 1736/1736/1732 1733/1733/1729
f 2065/2065/2057 1774/1774/1770 2376/2376/2365
f 2065/2065/2057 1777/1777/1773 1774/1774/1770
f 877/877/877 2377/2377/2366 1724/1724/1720
f 879/879/879 2377/2377/2366 877/877/877
f 896/896/896 1549/1549/1545 897/897/897
f 896/896/896 2378/2378/2367 1549/1549/1545
f 2379/2379/2368 208/208/208 205/205/205
f 2380/2380/2369 208/208/208 2379/2379/2368
f 886/886/886 228/228/228 1039/1039/1037
f 229/229/229 228/228/228 886/886/886
f 1168/1168/1164 2381/2381/2370 421/421/421
f 1167/1167/1163 2381/2381/2370 1168/1168/1164
f 2382/2382/2078 2261/2261/2252 2383/2383/2371
f 2384/2384/2083 2385/2385/2372 2382/2382/2078
f 2385/2385/2372 2386/2386/2373 2382/2382/2078
f 2386/2386/2373 2260/2260/2251 2382/2382/2078
f 2260/2260/2251 2261/2261/2252 2382/2382/2078
f 771/771/771 1828/1828/1821 1657/1657/1653
f 2052/2052/2044 1828/1828/1821 771/771/771
f 2142/2142/2133 2387/2387/2374 577/577/577
f 1932/1932/1924 2387/2387/2374 2142/2142/2133
f 1537/1537/1533 2388/2388/2375 882/882/882
f 1537/1537/1533 2389/2389/2376 2388/2388/2375
f 1179/1179/1175 304/304/304 1680/1680/1676
f 1179/1179/1175 307/307/307 304/304/304
f 2131/2131/2123 63/63/63 80/80/80
f 1407/1407/1403 63/63/63 2131/2131/2123
f 2390/2390/2377 1791/1791/1787 2097/2097/2089
f 2391/2391/2378 2392/2392/2379 2390/2390/2377
f 2392/2392/2379 2393/2393/2380 2390/2390/2377
f 2393/2393/2380 1792/1792/1788 2390/2390/2377
f 1792/1792/1788 1791/1791/1787 2390/2390/2377
f 949/949/949 1113/1113/1111 1424/1424/1420
f 951/951/951 1113/1113/1111 949/949/949
f 1218/1218/1214 2394/2394/2381 2395/2395/2382
f 2396/2396/2383 1217/1217/1213 2397/2397/2384
f 2398/2398/2385 1217/1217/1213 2396/2396/2383
f 1218/1218/1214 2398/2398/2385 2394/2394/2381
f 1218/1218/1214 1217/1217/1213 2398/2398/2385
f 1620/1620/1616 1267/1267/1263 291/291/291
f 1659/1659/1655 1267/1267/1263 1620/1620/1616
f 2399/2399/2386 855/855/855 857/857/857
f 2400/2400/2387 855/855/855 2399/2399/2386
f 2401/2401/2388 2402/2402/2389 2403/2403/2390
f 2401/2401/2388 2404/2404/2391 2402/2402/2389
f 2405/2405/2392 489/489/489 491/491/491
f 71/71/71 489/489/489 2405/2405/2392
f 364/364/364 2406/2406/2393 1836/1836/1829
f 366/366/366 2406/2406/2393 364/364/364
f 792/792/792 2399/2399/2386 2407/2407/2394
f 791/791/791 2399/2399/2386 792/792/792
f 2408/2408/2395 2409/2409/2396 2289/2289/2280
f 2408/2408/2395 2410/2410/2397 2409/2409/2396
f 2411/2411/2398 1920/1920/1912 1921/1921/1913
f 2412/2412/2399 1920/1920/1912 2411/2411/2398
f 811/811/811 55/55/55 1353/1353/1349
f 816/816/816 1660/1660/1656 819/819/819
f 1200/1200/1196 1660/1660/1656 816/816/816
f 22/22/22 2413/2413/718 135/135/135
f 22/22/22 2414/2414/716 2413/2413/718
f 55/55/55 2415/2415/2400 330/330/330
f 1470/1470/1466 2416/2416/2401 1468/1468/1464
f 1470/1470/1466 300/300/300 2416/2416/2401
f 2360/2360/2349 584/584/584 2417/2417/2402
f 2360/2360/2349 582/582/582 584/584/584
f 1227/1227/1223 55/55/55 1228/1228/1224
f 1808/1808/1803 499/499/499 1570/1570/1566
f 497/497/497 499/499/499 1808/1808/1803
f 1040/1040/1038 1146/1146/1142 1143/1143/1139
f 1041/1041/1039 1146/1146/1142 1040/1040/1038
f 2418/2418/2403 2419/2419/2404 1578/1578/1574
f 2418/2418/2403 1050/1050/1048 2419/2419/2404
f 687/687/687 1018/1018/1016 2420/2420/2405
f 1019/1019/1017 1018/1018/1016 687/687/687
f 47/47/47 2240/2240/2231 2241/2241/2232
f 47/47/47 880/880/880 884/884/884
f 1878/1878/1871 2250/2250/2241 2421/2421/2406
f 1878/1878/1871 1879/1879/1872 2250/2250/2241
f 2422/2422/2407 895/895/895 892/892/892
f 1720/1720/1716 895/895/895 2422/2422/2407
f 47/47/47 1507/1507/1503 1509/1509/1505
f 2423/2423/2408 2403/2403/2390 2424/2424/2409
f 2423/2423/2408 2401/2401/2388 2403/2403/2390
f 2036/2036/2028 1826/1826/1819 1827/1827/1820
f 2425/2425/2410 1826/1826/1819 2036/2036/2028
f 1610/1610/1606 2426/2426/2411 1613/1613/1609
f 2427/2427/2412 2426/2426/2411 1610/1610/1606
f 2029/2029/2021 2255/2255/2246 1216/1216/1212
f 546/546/546 2255/2255/2246 2029/2029/2021
f 47/47/47 248/248/248 252/252/252
f 395/395/395 2428/2428/2413 2369/2369/2358
f 395/395/395 1727/1727/1723 2428/2428/2413
f 2429/2429/2414 831/831/831 2430/2430/2415
f 2429/2429/2414 773/773/773 831/831/831
f 585/585/585 1245/1245/1241 583/583/583
f 585/585/585 2431/2431/2416 1245/1245/1241
f 47/47/47 2432/2432/2417 2433/2433/2418
f 2434/2434/2419 2307/2307/2297 2309/2309/2299
f 2435/2435/2420 2307/2307/2297 2434/2434/2419
f 2436/2436/2421 2222/2222/2213 2437/2437/2422
f 2221/2221/2212 2222/2222/2213 2436/2436/2421
f 1664/1664/1660 2306/2306/2296 1665/1665/1661
f 1664/1664/1660 833/833/833 2306/2306/2296
f 2438/2438/2423 2439/2439/2424 2440/2440/2425
f 2441/2441/2426 2442/2442/2427 2443/2443/2428
f 2441/2441/2426 2444/2444/2429 2442/2442/2427
f 2444/2444/2429 2439/2439/2424 2438/2438/2423
f 2441/2441/2426 2439/2439/2424 2444/2444/2429
f 679/679/679 55/55/55 1955/1955/1947
f 2261/2261/2252 2445/2445/2430 2383/2383/2371
f 2261/2261/2252 2446/2446/2431 2445/2445/2430
f 2446/2446/2431 2447/2447/2432 2445/2445/2430
f 2447/2447/2432 2448/2448/2433 2445/2445/2430
f 2448/2448/2433 2449/2449/2434 2445/2445/2430
f 38/38/38 2094/2094/2086 2450/2450/2435
f 38/38/38 357/357/357 2094/2094/2086
f 5/5/5 2451/2451/2436 8/8/8
f 2452/2452/2437 2451/2451/2436 5/5/5
f 1556/1556/1552 2453/2453/2438 2158/2158/2149
f 1882/1882/1875 2453/2453/2438 1556/1556/1552
f 1926/1926/1918 2454/2454/2439 2455/2455/2440
f 1926/1926/1918 2456/2456/2441 2454/2454/2439
f 549/549/549 2076/2076/2068 548/548/548
f 2457/2457/2442 2076/2076/2068 549/549/549
f 2458/2458/2443 666/666/666 2459/2459/2444
f 2458/2458/2443 669/669/669 666/666/666
f 86/86/86 2460/2460/2445 2461/2461/2446
f 2462/2462/2447 2460/2460/2445 86/86/86
f 2362/2362/2351 2463/2463/2448 2363/2363/2352
f 2388/2388/2375 2285/2285/2276 2284/2284/2275
f 2388/2388/2375 2464/2464/2449 2285/2285/2276
f 2464/2464/2449 2463/2463/2448 2362/2362/2351
f 2388/2388/2375 2463/2463/2448 2464/2464/2449
f 2465/2465/2450 2466/2466/570 2467/2467/572
f 2234/2234/2225 2468/2468/2451 2469/2469/2452
f 2470/2470/2453 2466/2466/570 2465/2465/2450
f 2234/2234/2225 2470/2470/2453 2468/2468/2451
f 2234/2234/2225 2466/2466/570 2470/2470/2453
f 1853/1853/1846 524/524/524 2471/2471/2454
f 1270/1270/1266 524/524/524 1853/1853/1846
f 2290/2290/2281 2472/2472/2455 2473/2473/2456
f 2290/2290/2281 2292/2292/2283 2472/2472/2455
f 1591/1591/1587 2334/2334/2324 460/460/460
f 1591/1591/1587 2474/2474/2457 2334/2334/2324
f 2475/2475/2458 1109/1109/1107 1329/1329/1325
f 2476/2476/2459 1109/1109/1107 2475/2475/2458
f 2477/2477/2460 2478/2478/2461 1496/1496/1492
f 2477/2477/2460 1555/1555/1551 2478/2478/2461
f 2479/2479/2462 2267/2267/2258 1834/1834/1827
f 2479/2479/2462 2270/2270/2261 2267/2267/2258
f 2171/2171/2162 1803/1803/1798 1909/1909/1901
f 2171/2171/2162 2480/2480/2463 1803/1803/1798
f 1834/1834/1827 1290/1290/1286 1287/1287/1283
f 1834/1834/1827 2267/2267/2258 1290/1290/1286
f 1006/1006/1004 2481/2481/1934 2482/2482/938
f 1005/1005/1003 2481/2481/1934 1006/1006/1004
f 2483/2483/2464 1615/1615/1611 836/836/836
f 2483/2483/2464 2484/2484/2465 1615/1615/1611
f 1093/1093/1091 261/261/261 850/850/850
f 259/259/259 261/261/261 1093/1093/1091
f 47/47/47 2243/2243/2234 2240/2240/2231
f 581/581/581 491/491/491 2485/2485/2466
f 2405/2405/2392 491/491/491 581/581/581
f 2486/2486/2467 214/214/214 2272/2272/2263
f 749/749/749 214/214/214 2486/2486/2467
f 1080/1080/1078 670/670/670 672/672/672
f 2487/2487/2468 670/670/670 1080/1080/1078
f 2237/2237/2228 1457/1457/1453 2488/2488/2469
f 1695/1695/1691 1457/1457/1453 2237/2237/2228
f 2489/2489/2470 2275/2275/2266 1506/1506/1502
f 1257/1257/1253 2275/2275/2266 2489/2489/2470
f 2490/2490/2471 241/241/241 1848/1848/1841
f 1237/1237/1233 2491/2491/2472 1238/1238/1234
f 1237/1237/1233 2492/2492/2473 2491/2491/2472
f 2492/2492/2473 241/241/241 2490/2490/2471
f 1237/1237/1233 241/241/241 2492/2492/2473
f 2493/2493/2474 1352/1352/1348 1381/1381/1377
f 2493/2493/2474 1282/1282/1278 1352/1352/1348
f 481/481/481 869/869/869 586/586/586
f 2494/2494/2475 869/869/869 481/481/481
f 1684/1684/1680 282/282/282 1685/1685/1681
f 1404/1404/1400 1729/1729/1725 1486/1486/1482
f 283/283/283 1729/1729/1725 1404/1404/1400
f 1684/1684/1680 283/283/283 282/282/282
f 1684/1684/1680 1729/1729/1725 283/283/283
f 651/651/651 2495/2495/2476 1159/1159/1155
f 651/651/651 563/563/563 2495/2495/2476
f 1046/1046/1044 2496/2496/2477 2497/2497/2478
f 1045/1045/1043 2496/2496/2477 1046/1046/1044
f 47/47/47 2498/2498/2479 2499/2499/2480
f 2033/2033/2025 1544/1544/1540 2035/2035/2027
f 2357/2357/2346 1544/1544/1540 2033/2033/2025
f 2500/2500/2481 55/55/55 2501/2501/2482
f 860/860/860 2502/2502/2483 1731/1731/1727
f 861/861/861 2502/2502/2483 860/860/860
f 2503/2503/2484 55/55/55 1024/1024/1022
f 2388/2388/2375 120/120/120 2463/2463/2448
f 2389/2389/2376 120/120/120 2388/2388/2375
f 1472/1472/1468 1798/1798/1793 2319/2319/2309
f 1474/1474/1470 1798/1798/1793 1472/1472/1468
f 2337/2337/2327 2504/2504/2485 2505/2505/2486
f 2336/2336/2326 2504/2504/2485 2337/2337/2327
f 936/936/936 2506/2506/2487 934/934/934
f 2195/2195/2186 2506/2506/2487 936/936/936
f 2507/2507/2488 1241/1241/1237 1243/1243/1239
f 2507/2507/2488 1453/1453/1449 1241/1241/1237
f 1198/1198/1194 816/816/816 2508/2508/2489
f 1198/1198/1194 1200/1200/1196 816/816/816
f 2509/2509/2490 1886/1886/1879 2346/2346/2336
f 2509/2509/2490 2510/2510/2491 1886/1886/1879
f 1249/1249/1245 1323/1323/1319 1325/1325/1321
f 2511/2511/2492 1323/1323/1319 1249/1249/1245
f 419/419/419 2373/2373/2362 2374/2374/2363
f 419/419/419 420/420/420 2373/2373/2362
f 2512/2512/2493 2513/2513/2494 2514/2514/2495
f 2515/2515/2496 2513/2513/2494 2512/2512/2493
f 689/689/689 2198/2198/2189 2516/2516/2497
f 689/689/689 1876/1876/1869 2198/2198/2189
f 55/55/55 2517/2517/2498 185/185/185
f 2518/2518/2499 221/221/221 2519/2519/2500
f 2520/2520/2501 221/221/221 2518/2518/2499
f 344/344/344 1658/1658/1654 511/511/511
f 2163/2163/2154 1658/1658/1654 344/344/344
f 47/47/47 2154/2154/2145 2521/2521/2502
f 2522/2522/2503 2523/2523/2504 1519/1519/1515
f 2524/2524/2505 2523/2523/2504 2522/2522/2503
f 890/890/890 667/667/667 669/669/669
f 890/890/890 2123/2123/2115 667/667/667
f 2525/2525/2506 2278/2278/2269 2526/2526/2507
f 2525/2525/2506 588/588/588 2278/2278/2269
f 1517/1517/1513 1394/1394/1390 1396/1396/1392
f 1516/1516/1512 1394/1394/1390 1517/1517/1513
f 2390/2390/2377 2096/2096/2088 657/657/657
f 2390/2390/2377 2097/2097/2089 2096/2096/2088
f 47/47/47 2285/2285/2276 2464/2464/2449
f 901/901/901 2002/2002/1994 899/899/899
f 2001/2001/1993 2002/2002/1994 901/901/901
f 653/653/653 16/16/16 2527/2527/2508
f 653/653/653 1915/1915/1907 16/16/16
f 1826/1826/1819 2303/2303/2293 1434/1434/1430
f 2528/2528/2509 2303/2303/2293 1826/1826/1819
f 2157/2157/2148 1706/1706/1702 2529/2529/2510
f 2158/2158/2149 1706/1706/1702 2157/2157/2148
f 943/943/943 2511/2511/2492 1249/1249/1245
f 2530/2530/2511 2511/2511/2492 943/943/943
f 236/236/236 1220/1220/1216 1222/1222/1218
f 1480/1480/1476 1220/1220/1216 236/236/236
f 55/55/55 2531/2531/2512 308/308/308
f 2486/2486/2467 1146/1146/1142 1041/1041/1039
f 2486/2486/2467 2272/2272/2263 1146/1146/1142
f 1712/1712/1708 2239/2239/2230 96/96/96
f 2532/2532/2513 2239/2239/2230 1712/1712/1708
f 1836/1836/1829 2533/2533/2514 1753/1753/1749
f 1836/1836/1829 2526/2526/2507 2533/2533/2514
f 2534/2534/2515 55/55/55 1116/1116/1114
f 1295/1295/1291 2370/2370/2359 2535/2535/2516
f 1295/1295/1291 1296/1296/1292 2370/2370/2359
f 1737/1737/1733 1428/1428/1424 1425/1425/1421
f 1737/1737/1733 2536/2536/2517 1428/1428/1424
f 2536/2536/2517 2537/2537/2518 1428/1428/1424
f 2537/2537/2518 2538/2538/2519 1428/1428/1424
f 2538/2538/2519 2539/2539/2520 1428/1428/1424
f 2324/2324/2314 695/695/695 2327/2327/2317
f 696/696/696 695/695/695 2324/2324/2314
f 685/685/685 2420/2420/2405 2540/2540/2521
f 687/687/687 2420/2420/2405 685/685/685
f 2189/2189/2180 1800/1800/1795 2541/2541/2522
f 1910/1910/1902 1800/1800/1795 2189/2189/2180
f 1245/1245/1241 2122/2122/2114 1246/1246/1242
f 1245/1245/1241 1781/1781/1777 2122/2122/2114
f 2542/2542/2523 1285/1285/1281 2543/2543/2524
f 201/201/201 1285/1285/1281 2542/2542/2523
f 398/398/398 1350/1350/1346 2544/2544/2525
f 400/400/400 1350/1350/1346 398/398/398
f 2545/2545/2526 2546/2546/2527 2547/2547/2528
f 2149/2149/2140 1982/1982/1974 2150/2150/2141
f 2149/2149/2140 1983/1983/1975 1982/1982/1974
f 1983/1983/1975 2546/2546/2527 2545/2545/2526
f 2149/2149/2140 2546/2546/2527 1983/1983/1975
f 356/356/356 1090/1090/1088 1087/1087/1085
f 358/358/358 1090/1090/1088 356/356/356
f 2548/2548/2529 2057/2057/2049 2085/2085/2077
f 2056/2056/2048 2057/2057/2049 2548/2548/2529
f 1870/1870/1863 965/965/965 1873/1873/1866
f 2269/2269/2260 965/965/965 1870/1870/1863
f 1985/1985/1977 2458/2458/2443 2459/2459/2444
f 1089/1089/1087 2458/2458/2443 1985/1985/1977
f 1586/1586/1582 907/907/907 1104/1104/1102
f 1160/1160/1156 907/907/907 1586/1586/1582
f 1571/1571/1567 1012/1012/1010 1259/1259/1255
f 1571/1571/1567 1014/1014/1012 1012/1012/1010
f 613/613/613 1142/1142/1138 1139/1139/1135
f 614/614/614 1142/1142/1138 613/613/613
f 2549/2549/2530 2550/2550/2531 2551/2551/2532
f 2549/2549/2530 2552/2552/2533 2550/2550/2531
f 47/47/47 2553/2553/2534 2073/2073/2065
f 1144/1144/1140 1969/1969/1961 2554/2554/2535
f 1970/1970/1962 1969/1969/1961 1144/1144/1140
f 1070/1070/1068 1464/1464/1460 1466/1466/1462
f 1070/1070/1068 2555/2555/2536 1464/1464/1460
f 1938/1938/1930 1361/1361/1357 2060/2060/2052
f 2037/2037/2029 1361/1361/1357 1938/1938/1930
f 1573/1573/1569 1742/1742/1738 32/32/32
f 979/979/979 1742/1742/1738 1573/1573/1569
f 1632/1632/1628 1538/1538/1534 1837/1837/1830
f 1632/1632/1628 2556/2556/2537 1538/1538/1534
f 2556/2556/2537 2557/2557/2538 1538/1538/1534
f 2557/2557/2538 231/231/231 1538/1538/1534
f 231/231/231 232/232/232 1538/1538/1534
f 1852/1852/1845 2558/2558/2539 2559/2559/2540
f 1852/1852/1845 1853/1853/1846 2558/2558/2539
f 2560/2560/2541 2511/2511/2492 2530/2530/2511
f 2560/2560/2541 2516/2516/2497 2511/2511/2492
f 2561/2561/2542 2562/2562/2543 2387/2387/2374
f 2561/2561/2542 2563/2563/2544 2562/2562/2543
f 2563/2563/2544 473/473/473 2562/2562/2543
f 473/473/473 472/472/472 2562/2562/2543
f 472/472/472 54/54/54 2562/2562/2543
f 55/55/55 760/760/760 757/757/757
f 47/47/47 1234/1234/1230 1239/1239/1235
f 2140/2140/2132 422/422/422 424/424/424
f 1811/1811/1805 422/422/422 2140/2140/2132
f 2564/2564/2545 908/908/908 2565/2565/2546
f 2564/2564/2545 2566/2566/2547 908/908/908
f 1905/1905/1897 1600/1600/1596 2566/2566/2547
f 1905/1905/1897 2567/2567/2548 1600/1600/1596
f 1974/1974/1966 209/209/209 2568/2568/2549
f 234/234/234 209/209/209 1974/1974/1966
f 160/160/160 909/909/909 931/931/931
f 2319/2319/2309 909/909/909 160/160/160
f 1278/1278/1274 1991/1991/1983 2569/2569/2550
f 1278/1278/1274 1279/1279/1275 1991/1991/1983
f 2570/2570/2551 753/753/753 755/755/755
f 1722/1722/1718 753/753/753 2570/2570/2551
f 1109/1109/1107 1328/1328/1324 1329/1329/1325
f 1109/1109/1107 1111/1111/1109 1328/1328/1324
f 845/845/845 55/55/55 846/846/846
f 1791/1791/1787 482/482/482 2097/2097/2089
f 1791/1791/1787 2571/2571/2552 482/482/482
f 2571/2571/2552 2572/2572/2553 482/482/482
f 2572/2572/2553 2354/2354/2343 482/482/482
f 2354/2354/2343 485/485/485 482/482/482
f 2353/2353/2342 1431/1431/1427 1855/1855/1848
f 576/576/576 1431/1431/1427 2353/2353/2342
f 2573/2573/2554 2135/2135/2127 2574/2574/2555
f 2573/2573/2554 2575/2575/2556 2135/2135/2127
f 1482/1482/1478 55/55/55 1347/1347/1343
f 2522/2522/2503 1418/1418/1414 1707/1707/1703
f 2522/2522/2503 1519/1519/1515 1418/1418/1414
f 1567/1567/1563 1621/1621/1617 1623/1623/1619
f 1569/1569/1565 1621/1621/1617 1567/1567/1563
f 607/607/607 1490/1490/1486 608/608/608
f 607/607/607 263/263/263 1490/1490/1486
f 1925/1925/1917 516/516/516 513/513/513
f 2576/2576/2557 516/516/516 1925/1925/1917
f 55/55/55 1825/1825/1818 1824/1824/1817
f 1903/1903/1895 2457/2457/2442 549/549/549
f 2577/2577/2558 2457/2457/2442 1903/1903/1895
f 2578/2578/2559 2049/2049/2041 2579/2579/2560
f 2578/2578/2559 2580/2580/2561 2049/2049/2041
f 1946/1946/1938 413/413/413 2581/2581/2562
f 1946/1946/1938 2434/2434/2419 413/413/413
f 1656/1656/1652 1009/1009/1007 1654/1654/1650
f 1010/1010/1008 1009/1009/1007 1656/1656/1652
f 47/47/47 2150/2150/2141 1982/1982/1974
f 2200/2200/2191 355/355/355 37/37/37
f 2200/2200/2191 510/510/510 355/355/355
f 47/47/47 1687/1687/1683 1686/1686/1682
f 594/594/594 2582/2582/2563 2583/2583/2564
f 594/594/594 2584/2584/2565 2582/2582/2563
f 47/47/47 108/108/108 110/110/110
f 1245/1245/1241 1779/1779/1775 1781/1781/1777
f 2431/2431/2416 1779/1779/1775 1245/1245/1241
f 2585/2585/2566 2586/2586/2567 2587/2587/2568
f 2588/2588/2569 2586/2586/2567 2585/2585/2566
f 1699/1699/1695 1948/1948/1940 2589/2589/2570
f 1698/1698/1694 1948/1948/1940 1699/1699/1695
f 2590/2590/2571 1714/1714/1710 2591/2591/2572
f 2590/2590/2571 2592/2592/2573 1714/1714/1710
f 47/47/47 1848/1848/1841 1002/1002/1000
f 1324/1324/1320 9/9/9 2593/2593/2574
f 1324/1324/1320 12/12/12 9/9/9
f 62/62/62 1596/1596/1592 2594/2594/2575
f 1023/1023/1021 1596/1596/1592 62/62/62
f 1256/1256/1252 1571/1571/1567 1259/1259/1255
f 1809/1809/1804 1571/1571/1567 1256/1256/1252
f 1549/1549/1545 762/762/762 615/615/615
f 2378/2378/2367 762/762/762 1549/1549/1545
f 1544/1544/1540 2462/2462/2447 2035/2035/2027
f 1544/1544/1540 1546/1546/1542 2462/2462/2447
f 1961/1961/1953 55/55/55 1962/1962/1954
f 466/466/466 2056/2056/2048 552/552/552
f 466/466/466 2058/2058/2050 2056/2056/2048
f 1491/1491/1487 2595/2595/2576 2596/2596/2577
f 1491/1491/1487 2597/2597/2578 2595/2595/2576
f 52/52/52 2101/2101/2093 2598/2598/2579
f 51/51/51 2101/2101/2093 52/52/52
f 1921/1921/1913 2599/2599/2580 2600/2600/2581
f 1921/1921/1913 1371/1371/1367 2599/2599/2580
f 2406/2406/2393 2526/2526/2507 1836/1836/1829
f 2406/2406/2393 2525/2525/2506 2526/2526/2507
f 47/47/47 1505/1505/1501 337/337/337
f 1490/1490/1486 2597/2597/2578 1491/1491/1487
f 1490/1490/1486 1842/1842/1835 2597/2597/2578
f 2601/2601/2582 2602/2602/2583 865/865/865
f 2603/2603/2584 2602/2602/2583 2601/2601/2582
f 1777/1777/1773 2604/2604/2585 1775/1775/1771
f 1628/1628/1624 2604/2604/2585 1777/1777/1773
f 2020/2020/2012 1869/1869/1862 2021/2021/2013
f 1868/1868/1861 1869/1869/1862 2020/2020/2012
f 2188/2188/2179 2064/2064/2056 2187/2187/2178
f 2062/2062/2054 2064/2064/2056 2188/2188/2179
f 2605/2605/2586 1044/1044/1042 2606/2606/2587
f 2607/2607/2588 1044/1044/1042 2605/2605/2586
f 1533/1533/1529 1065/1065/1063 1062/1062/1060
f 2608/2608/2589 1065/1065/1063 1533/1533/1529
f 1953/1953/1945 950/950/950 2609/2609/2590
f 1953/1953/1945 948/948/948 950/950/950
f 1639/1639/1635 686/686/686 1642/1642/1638
f 2610/2610/2591 686/686/686 1639/1639/1635
f 13/13/13 1197/1197/1193 1194/1194/1190
f 13/13/13 15/15/15 1197/1197/1193
f 1392/1392/1388 114/114/114 1763/1763/1759
f 2611/2611/2592 114/114/114 1392/1392/1388
f 1069/1069/1067 2555/2555/2536 1070/1070/1068
f 1069/1069/1067 2273/2273/2264 2555/2555/2536
f 2612/2612/2593 350/350/350 739/739/739
f 351/351/351 350/350/350 2612/2612/2593
f 2053/2053/2045 55/55/55 2088/2088/2080
f 1221/1221/1217 321/321/321 1521/1521/1517
f 1223/1223/1219 321/321/321 1221/1221/1217
f 1018/1018/1016 2613/2613/2594 2009/2009/2001
f 1020/1020/1018 2613/2613/2594 1018/1018/1016
f 55/55/55 2614/2614/2595 2615/2615/2596
f 63/63/63 78/78/78 80/80/80
f 63/63/63 65/65/65 78/78/78
f 1593/1593/1589 1589/1589/1585 1875/1875/1868
f 1593/1593/1589 1592/1592/1588 1589/1589/1585
f 88/88/88 2462/2462/2447 86/86/86
f 2035/2035/2027 2462/2462/2447 88/88/88
f 349/349/349 2616/2616/2597 352/352/352
f 2617/2617/2598 2616/2616/2597 349/349/349
f 1310/1310/1306 1850/1850/1843 1311/1311/1307
f 1310/1310/1306 2618/2618/2599 1850/1850/1843
f 2619/2619/2600 1916/1916/1908 519/519/519
f 2619/2619/2600 2620/2620/2601 1916/1916/1908
f 2620/2620/2601 2621/2621/2602 1916/1916/1908
f 2621/2621/2602 2622/2622/2603 1916/1916/1908
f 2622/2622/2603 2623/2623/2604 1916/1916/1908
f 2003/2003/1995 797/797/797 2006/2006/1998
f 2624/2624/2605 797/797/797 2003/2003/1995
f 47/47/47 573/573/573 569/569/569
f 2625/2625/2606 2626/2626/2607 281/281/281
f 2625/2625/2606 199/199/199 2626/2626/2607
f 1042/1042/1040 1953/1953/1945 1409/1409/1405
f 1042/1042/1040 2627/2627/2608 1953/1953/1945
f 2627/2627/2608 2628/2628/2609 1953/1953/1945
f 2628/2628/2609 678/678/678 1953/1953/1945
f 678/678/678 679/679/679 1953/1953/1945
f 2533/2533/2514 773/773/773 2429/2429/2414
f 2533/2533/2514 776/776/776 773/773/773
f 871/871/871 236/236/236 238/238/238
f 871/871/871 1480/1480/1476 236/236/236
f 1675/1675/1671 2629/2629/2610 2630/2630/2611
f 1675/1675/1671 2631/2631/2612 2629/2629/2610
f 2631/2631/2612 1565/1565/1561 2629/2629/2610
f 1565/1565/1561 1564/1564/1560 2629/2629/2610
f 1564/1564/1560 2632/2632/2613 2629/2629/2610
f 2430/2430/2415 833/833/833 1664/1664/1660
f 2430/2430/2415 831/831/831 833/833/833
f 2309/2309/2299 704/704/704 416/416/416
f 2309/2309/2299 2308/2308/2298 704/704/704
f 47/47/47 2633/2633/2614 2634/2634/2615
f 2635/2635/2616 146/146/146 2636/2636/2617
f 2637/2637/2618 146/146/146 2635/2635/2616
f 2638/2638/2619 902/902/902 904/904/904
f 2639/2639/2620 902/902/902 2638/2638/2619
f 2367/2367/2356 1766/1766/1762 2640/2640/2621
f 2367/2367/2356 1764/1764/1760 1766/1766/1762
f 1056/1056/1054 2145/2145/2136 1054/1054/1052
f 2146/2146/2137 2145/2145/2136 1056/1056/1054
f 990/990/990 2012/2012/2004 988/988/988
f 990/990/990 2015/2015/2007 2012/2012/2004
f 2626/2626/2607 662/662/662 641/641/641
f 2626/2626/2607 2542/2542/2523 662/662/662
f 1464/1464/1460 349/349/349 351/351/351
f 2555/2555/2536 349/349/349 1464/1464/1460
f 2641/2641/2622 2234/2234/2225 2469/2469/2452
f 1034/1034/1032 821/821/821 820/820/820
f 2642/2642/2623 2234/2234/2225 2641/2641/2622
f 1034/1034/1032 2642/2642/2623 821/821/821
f 1034/1034/1032 2234/2234/2225 2642/2642/2623
f 55/55/55 1098/1098/1096 2030/2030/2022
f 387/387/387 531/531/531 388/388/388
f 387/387/387 860/860/860 531/531/531
f 55/55/55 2643/2643/2624 2644/2644/2625
f 2262/2262/2253 2616/2616/2597 2617/2617/2598
f 2262/2262/2253 1862/1862/1855 2616/2616/2597
f 1394/1394/1390 1423/1423/1419 1397/1397/1393
f 2645/2645/2626 1423/1423/1419 1394/1394/1390
f 1932/1932/1924 2561/2561/2542 2387/2387/2374
f 1931/1931/1923 2646/2646/2627 1932/1932/1924
f 2646/2646/2627 2647/2647/2628 1932/1932/1924
f 2647/2647/2628 2648/2648/2629 1932/1932/1924
f 2648/2648/2629 2561/2561/2542 1932/1932/1924
f 1135/1135/1133 2649/2649/1387 1138/1138/643
f 1784/1784/1780 2649/2649/1387 1135/1135/1133
f 2650/2650/2630 2473/2473/2456 2552/2552/2533
f 2650/2650/2630 2290/2290/2281 2473/2473/2456
f 1661/1661/1657 1872/1872/1865 2578/2578/2559
f 1288/1288/1284 1872/1872/1865 1661/1661/1657
f 47/47/47 2651/2651/2631 2652/2652/2632
f 2259/2259/2250 2131/2131/2123 2132/2132/2124
f 2077/2077/2069 2131/2131/2123 2259/2259/2250
f 2252/2252/2243 2423/2423/2408 2424/2424/2409
f 2253/2253/2244 2423/2423/2408 2252/2252/2243
f 2653/2653/2633 1454/1454/1450 1451/1451/1447
f 2653/2653/2633 2654/2654/2634 1454/1454/1450
f 2595/2595/2576 2036/2036/2028 2038/2038/2030
f 2597/2597/2578 2036/2036/2028 2595/2595/2576
f 2655/2655/2635 1233/1233/1229 1235/1235/1231
f 151/151/151 2656/2656/2636 152/152/152
f 151/151/151 2657/2657/2637 2656/2656/2636
f 2657/2657/2637 1233/1233/1229 2655/2655/2635
f 151/151/151 1233/1233/1229 2657/2657/2637
f 55/55/55 1822/1822/1815 1819/1819/1812
f 833/833/833 393/393/393 2306/2306/2296
f 833/833/833 832/832/832 393/393/393
f 893/893/893 7/7/7 894/894/894
f 893/893/893 5/5/5 7/7/7
f 1693/1693/1689 2237/2237/2228 1584/1584/1580
f 1693/1693/1689 1695/1695/1691 2237/2237/2228
f 2305/2305/2295 646/646/646 2658/2658/2638
f 2305/2305/2295 644/644/644 646/646/646
f 55/55/55 2503/2503/2484 2659/2659/2639
f 754/754/754 1377/1377/1373 1788/1788/1784
f 756/756/756 1377/1377/1373 754/754/754
f 1415/1415/1411 1702/1702/1698 1504/1504/1500
f 1415/1415/1411 1414/1414/1410 1702/1702/1698
f 2445/2445/2430 1675/1675/1671 2630/2630/2611
f 2449/2449/2434 2660/2660/2640 2445/2445/2430
f 2660/2660/2640 2661/2661/2641 2445/2445/2430
f 2661/2661/2641 1676/1676/1672 2445/2445/2430
f 1676/1676/1672 1675/1675/1671 2445/2445/2430
f 2190/2190/2181 2662/2662/2642 2663/2663/2643
f 2190/2190/2181 2189/2189/2180 2662/2662/2642
f 2664/2664/2644 2082/2082/2074 2207/2207/2198
f 290/290/290 2082/2082/2074 2664/2664/2644
f 688/688/688 2516/2516/2497 2560/2560/2541
f 688/688/688 689/689/689 2516/2516/2497
f 2625/2625/2606 202/202/202 199/199/199
f 1308/1308/1304 202/202/202 2625/2625/2606
f 219/219/219 1176/1176/1172 222/222/222
f 1177/1177/1173 1176/1176/1172 219/219/219
f 539/539/539 2430/2430/2415 540/540/540
f 539/539/539 2429/2429/2414 2430/2430/2415
f 1387/1387/1383 1442/1442/1438 1439/1439/1435
f 2665/2665/2645 1442/1442/1438 1387/1387/1383
f 47/47/47 2666/2666/2646 2667/2667/2647
f 2342/2342/2332 2280/2280/2271 2281/2281/2272
f 1928/1928/1920 2500/2500/2481 2342/2342/2332
f 2500/2500/2481 2501/2501/2482 2342/2342/2332
f 2501/2501/2482 2668/2668/2648 2342/2342/2332
f 2668/2668/2648 2280/2280/2271 2342/2342/2332
f 47/47/47 267/267/267 269/269/269
f 1464/1464/1460 2612/2612/2593 1465/1465/1461
f 1464/1464/1460 351/351/351 2612/2612/2593
f 1682/1682/1678 2669/2669/2649 1681/1681/1677
f 1682/1682/1678 428/428/428 2669/2669/2649
f 1459/1459/1455 2411/2411/2398 839/839/839
f 1459/1459/1455 2412/2412/2399 2411/2411/2398
f 1378/1378/1374 2165/2165/2156 609/609/609
f 2193/2193/2184 2165/2165/2156 1378/1378/1374
f 260/260/260 997/997/997 633/633/633
f 308/308/308 2531/2531/2512 260/260/260
f 2531/2531/2512 2670/2670/2650 260/260/260
f 2670/2670/2650 1273/1273/1269 260/260/260
f 1273/1273/1269 997/997/997 260/260/260
f 1525/1525/1521 2181/2181/2172 1884/1884/1877
f 746/746/746 2181/2181/2172 1525/1525/1521
f 1653/1653/1649 2215/2215/2206 1734/1734/1730
f 1653/1653/1649 1655/1655/1651 2215/2215/2206
f 2671/2671/2651 686/686/686 2610/2610/2591
f 2671/2671/2651 684/684/684 686/686/686
f 47/47/47 2672/2672/2652 2022/2022/2014
f 1319/1319/1315 2134/2134/2126 1630/1630/1626
f 1318/1318/1314 2134/2134/2126 1319/1319/1315
f 2291/2291/2282 1937/1937/1929 2292/2292/2283
f 2291/2291/2282 1940/1940/1932 1937/1937/1929
f 2673/2673/2653 926/926/926 2674/2674/2654
f 2673/2673/2653 2675/2675/2655 926/926/926
f 2675/2675/2655 2676/2676/2656 926/926/926
f 2676/2676/2656 2677/2677/2657 926/926/926
f 2677/2677/2657 927/927/927 926/926/926
f 2187/2187/2178 1728/1728/1724 1730/1730/1726
f 2187/2187/2178 2678/2678/2658 1728/1728/1724
f 2679/2679/2659 55/55/55 2175/2175/2166
f 2211/2211/2202 165/165/165 2680/2680/2308
f 2211/2211/2202 1348/1348/1344 165/165/165
f 1633/1633/1629 1594/1594/1590 1595/1595/1591
f 1633/1633/1629 1634/1634/1630 1594/1594/1590
f 2480/2480/2463 2681/2681/2660 2682/2682/2661
f 2359/2359/2348 2681/2681/2660 2480/2480/2463
f 194/194/194 553/553/553 192/192/192
f 1750/1750/1746 553/553/553 194/194/194
f 18/18/18 1205/1205/1201 19/19/19
f 18/18/18 1207/1207/1203 1205/1205/1201
f 654/654/654 2390/2390/2377 657/657/657
f 864/864/864 2390/2390/2377 654/654/654
f 752/752/752 2155/2155/2146 2683/2683/2662
f 2684/2684/2663 2155/2155/2146 752/752/752
f 2685/2685/2664 225/225/225 741/741/741
f 2686/2686/2665 225/225/225 2685/2685/2664
f 2259/2259/2250 589/589/589 591/591/591
f 2259/2259/2250 2132/2132/2124 589/589/589
f 2687/2687/2666 985/985/985 1975/1975/1967
f 983/983/983 985/985/985 2687/2687/2666
f 553/553/553 496/496/496 192/192/192
f 553/553/553 555/555/555 496/496/496
f 2688/2688/2667 1080/1080/1078 1082/1082/1080
f 2689/2689/2668 1558/1558/1554 1557/1557/1553
f 2689/2689/2668 2690/2690/2669 1558/1558/1554
f 2690/2690/2669 1080/1080/1078 2688/2688/2667
f 2689/2689/2668 1080/1080/1078 2690/2690/2669
f 2691/2691/2670 188/188/188 190/190/190
f 2691/2691/2670 2692/2692/2671 188/188/188
f 2693/2693/2672 724/724/724 726/726/726
f 2694/2694/2673 724/724/724 2693/2693/2672
f 2695/2695/2674 1112/1112/1110 2696/2696/2675
f 2695/2695/2674 2697/2697/2676 1112/1112/1110
f 1681/1681/1677 1321/1321/1317 766/766/766
f 1681/1681/1677 2669/2669/2649 1321/1321/1317
f 168/168/168 2182/2182/2173 2698/2698/2677
f 1349/1349/1345 2182/2182/2173 168/168/168
f 98/98/98 450/450/450 99/99/99
f 98/98/98 1841/1841/1834 450/450/450
f 2699/2699/2678 2700/2700/2679 2701/2701/2680
f 2699/2699/2678 2702/2702/2681 2700/2700/2679
f 778/778/778 1181/1181/1177 1316/1316/1312
f 778/778/778 1400/1400/1396 1181/1181/1177
f 2703/2703/346 2704/2704/2682 2705/2705/10
f 2703/2703/346 2706/2706/2683 2704/2704/2682
f 6/6/6 2707/2707/2684 2708/2708/2685
f 8/8/8 2707/2707/2684 6/6/6
f 2709/2709/2686 1191/1191/1187 1924/1924/1916
f 1192/1192/1188 1191/1191/1187 2709/2709/2686
f 373/373/373 568/568/568 599/599/599
f 373/373/373 1368/1368/1364 568/568/568
f 55/55/55 2710/2710/2687 2711/2711/2688
f 196/196/196 2380/2380/2369 1560/1560/1556
f 196/196/196 280/280/280 2380/2380/2369
f 1298/1298/1294 1175/1175/1171 2712/2712/2689
f 1048/1048/1046 1175/1175/1171 1298/1298/1294
f 47/47/47 2713/2713/2690 2714/2714/2691
f 55/55/55 2715/2715/2692 996/996/996
f 1629/1629/1625 1777/1777/1773 2065/2065/2057
f 1629/1629/1625 1628/1628/1624 1777/1777/1773
f 645/645/645 2716/2716/2693 2717/2717/2694
f 647/647/647 2716/2716/2693 645/645/645
f 2592/2592/2573 97/97/97 2532/2532/2513
f 2589/2589/2570 97/97/97 2592/2592/2573
f 1725/1725/1721 1201/1201/1197 1203/1203/1199
f 2718/2718/2695 1201/1201/1197 1725/1725/1721
f 924/924/924 2351/2351/2340 925/925/925
f 924/924/924 2314/2314/2304 2351/2351/2340
f 2314/2314/2304 2719/2719/2696 2351/2351/2340
f 2314/2314/2304 2130/2130/2122 2719/2719/2696
f 1997/1997/1989 1639/1639/1635 1641/1641/1637
f 2720/2720/2697 1639/1639/1635 1997/1997/1989
f 2721/2721/2698 2722/2722/2699 2723/2723/2700
f 2724/2724/2701 1580/1580/1576 2323/2323/2313
f 1581/1581/1577 2722/2722/2699 2721/2721/2698
f 2724/2724/2701 1581/1581/1577 1580/1580/1576
f 2724/2724/2701 2722/2722/2699 1581/1581/1577
f 55/55/55 2725/2725/2702 2726/2726/2703
f 662/662/662 2543/2543/2524 665/665/665
f 2542/2542/2523 2543/2543/2524 662/662/662
f 2488/2488/2469 2510/2510/2491 2509/2509/2490
f 2488/2488/2469 2727/2727/2704 2510/2510/2491
f 2728/2728/2705 2729/2729/2706 2730/2730/2707
f 2728/2728/2705 2508/2508/2489 2729/2729/2706
f 55/55/55 2173/2173/2164 2178/2178/2169
f 2731/2731/2708 2100/2100/2092 2102/2102/2094
f 2731/2731/2708 2732/2732/2709 2100/2100/2092
f 2733/2733/2710 258/258/258 255/255/255
f 2734/2734/2711 258/258/258 2733/2733/2710
f 1402/1402/1398 1516/1516/1512 1518/1518/1514
f 1402/1402/1398 2735/2735/2712 1516/1516/1512
f 1099/1099/1097 492/492/492 489/489/489
f 1099/1099/1097 1844/1844/1837 492/492/492
f 55/55/55 2648/2648/2629 2647/2647/2628
f 1854/1854/1847 2709/2709/2686 2137/2137/2129
f 1430/1430/1426 2709/2709/2686 1854/1854/1847
f 1728/1728/1724 2736/2736/2713 629/629/629
f 2678/2678/2658 2736/2736/2713 1728/1728/1724
f 1708/1708/1704 1160/1160/1156 1587/1587/1583
f 1708/1708/1704 1161/1161/1157 1160/1160/1156
f 850/850/850 2737/2737/2714 1092/1092/1090
f 850/850/850 851/851/851 2737/2737/2714
f 2325/2325/2315 1677/1677/1673 1679/1679/1675
f 2327/2327/2317 1677/1677/1673 2325/2325/2315
f 1830/1830/1823 2738/2738/2715 2266/2266/2257
f 1830/1830/1823 2304/2304/2294 2738/2738/2715
f 1426/1426/1422 2739/2739/2716 2740/2740/2717
f 1426/1426/1422 2341/2341/2331 2739/2739/2716
f 60/60/60 2594/2594/2575 715/715/715
f 62/62/62 2594/2594/2575 60/60/60
f 380/380/380 2741/2741/2718 1944/1944/1936
f 380/380/380 2742/2742/2719 2741/2741/2718
f 55/55/55 1230/1230/1226 1229/1229/1225
f 223/223/223 2743/2743/2720 226/226/226
f 2744/2744/2721 2743/2743/2720 223/223/223
f 2745/2745/2722 1386/1386/1382 1255/1255/1251
f 2745/2745/2722 1389/1389/1385 1386/1386/1382
f 2043/2043/2035 2662/2662/2642 2046/2046/2038
f 2663/2663/2643 2662/2662/2642 2043/2043/2035
f 47/47/47 1866/1866/1859 2746/2746/2723
f 2747/2747/2724 1533/1533/1529 1535/1535/1531
f 2747/2747/2724 2608/2608/2589 1533/1533/1529
f 962/962/962 1906/1906/1898 2564/2564/2545
f 2748/2748/2725 1906/1906/1898 962/962/962
f 55/55/55 1931/1931/1923 1936/1936/1928
f 1049/1049/1047 1175/1175/1171 1048/1048/1046
f 1049/1049/1047 1174/1174/1170 1175/1175/1171
f 1849/1849/1842 2276/2276/2267 768/768/768
f 1849/1849/1842 1851/1851/1844 2276/2276/2267
f 2145/2145/2136 2043/2043/2035 2045/2045/2037
f 2147/2147/2138 2043/2043/2035 2145/2145/2136
f 47/47/47 2074/2074/2066 2749/2749/2726
f 2669/2669/2649 2408/2408/2395 1321/1321/1317
f 2669/2669/2649 1783/1783/1779 2408/2408/2395
f 1120/1120/1118 1050/1050/1048 2418/2418/2403
f 1120/1120/1118 1052/1052/1050 1050/1050/1048
f 1644/1644/1640 177/177/177 2750/2750/2727
f 1644/1644/1640 365/365/365 177/177/177
f 2332/2332/2322 2751/2751/2728 2333/2333/2323
f 2332/2332/2322 2752/2752/2729 2751/2751/2728
f 1924/1924/1916 1894/1894/1887 2199/2199/2190
f 1924/1924/1916 915/915/915 1894/1894/1887
f 2183/2183/2174 1616/1616/1612 1264/1264/1260
f 2753/2753/2730 1616/1616/1612 2183/2183/2174
f 1928/1928/1920 55/55/55 2500/2500/2481
f 314/314/314 2581/2581/2562 1157/1157/1153
f 314/314/314 1946/1946/1938 2581/2581/2562
f 888/888/888 669/669/669 2458/2458/2443
f 888/888/888 890/890/890 669/669/669
f 2754/2754/2731 332/332/332 334/334/334
f 2754/2754/2731 1785/1785/1781 332/332/332
f 1972/1972/1964 2031/2031/2023 372/372/372
f 1972/1972/1964 2326/2326/2316 2031/2031/2023
f 2376/2376/2365 1065/1065/1063 2608/2608/2589
f 2376/2376/2365 1774/1774/1770 1065/1065/1063
f 2755/2755/2732 159/159/159 394/394/394
f 2755/2755/2732 157/157/157 159/159/159
f 1996/1996/1988 1333/1333/1329 661/661/661
f 1996/1996/1988 1332/1332/1328 1333/1333/1329
f 47/47/47 2232/2232/2223 2633/2633/2614
f 47/47/47 2756/2756/2733 2757/2757/2734
f 779/779/779 1316/1316/1312 1484/1484/1480
f 779/779/779 778/778/778 1316/1316/1312
f 2758/2758/2247 2759/2759/2735 2760/2760/2736
f 2761/2761/2249 2759/2759/2735 2758/2758/2247
f 2228/2228/2219 2475/2475/2458 2762/2762/2737
f 1649/1649/1645 2475/2475/2458 2228/2228/2219
f 2594/2594/2575 713/713/713 715/715/715
f 2594/2594/2575 2328/2328/2318 713/713/713
f 2476/2476/2459 1112/1112/1110 1109/1109/1107
f 2696/2696/2675 1112/1112/1110 2476/2476/2459
f 55/55/55 231/231/231 2557/2557/2538
f 2204/2204/2195 417/417/417 2205/2205/2196
f 2204/2204/2195 2763/2763/2738 417/417/417
f 55/55/55 186/186/186 2764/2764/2739
f 721/721/721 2765/2765/2740 1752/1752/1748
f 1125/1125/1123 2765/2765/2740 721/721/721
f 2333/2333/2323 478/478/478 2766/2766/2741
f 2333/2333/2323 2751/2751/2728 478/478/478
f 2767/2767/348 2768/2768/2742 2769/2769/2743
f 2770/2770/2744 2768/2768/2742 2767/2767/348
f 1701/1701/1697 1705/1705/1701 2063/2063/2055
f 1703/1703/1699 1705/1705/1701 1701/1701/1697
f 1590/1590/1586 2474/2474/2457 1591/1591/1587
f 1590/1590/1586 2312/2312/2302 2474/2474/2457
f 205/205/205 101/101/101 2254/2254/2245
f 205/205/205 207/207/207 101/101/101
f 2493/2493/2474 1284/1284/1280 1282/1282/1278
f 1967/1967/1959 1284/1284/1280 2493/2493/2474
f 540/540/540 1664/1664/1660 1666/1666/1662
f 540/540/540 2430/2430/2415 1664/1664/1660
f 1918/1918/1910 1453/1453/1449 2507/2507/2488
f 1918/1918/1910 1451/1451/1447 1453/1453/1449
f 2330/2330/2320 294/294/294 632/632/632
f 2330/2330/2320 292/292/292 294/294/294
f 1898/1898/1891 327/327/327 1813/1813/1806
f 1898/1898/1891 325/325/325 327/327/327
f 2128/2128/2120 1834/1834/1827 1835/1835/1828
f 2128/2128/2120 2479/2479/2462 1834/1834/1827
f 2296/2296/2287 2771/2771/2745 2772/2772/2746
f 2295/2295/2286 2771/2771/2745 2296/2296/2287
f 2773/2773/2747 2774/2774/2748 2775/2775/2749
f 1031/1031/1029 1492/1492/1488 1494/1494/1490
f 1030/1030/1028 1492/1492/1488 1031/1031/1029
f 2773/2773/2747 1030/1030/1028 2774/2774/2748
f 2773/2773/2747 1492/1492/1488 1030/1030/1028
f 55/55/55 1740/1740/1736 1739/1739/1735
f 2776/2776/2750 284/284/284 1779/1779/1775
f 2776/2776/2750 287/287/287 284/284/284
f 742/742/742 1307/1307/1303 1308/1308/1304
f 744/744/744 1307/1307/1303 742/742/742
f 1267/1267/1263 2636/2636/2617 1268/1268/1264
f 2635/2635/2616 2636/2636/2617 1267/1267/1263
f 2618/2618/2599 2777/2777/2751 1850/1850/1843
f 2618/2618/2599 2778/2778/2752 2777/2777/2751
f 2365/2365/2354 20/20/20 17/17/17
f 2779/2779/2753 20/20/20 2365/2365/2354
f 328/328/328 2780/2780/2754 2781/2781/2755
f 900/900/900 2780/2780/2754 328/328/328
f 1630/1630/1626 2133/2133/2125 2782/2782/2756
f 2134/2134/2126 2133/2133/2125 1630/1630/1626
f 693/693/693 2095/2095/2087 1979/1979/1971
f 2094/2094/2086 2095/2095/2087 693/693/693
f 1171/1171/1167 2783/2783/2757 2784/2784/2758
f 1173/1173/1169 2783/2783/2757 1171/1171/1167
f 2114/2114/2106 2785/2785/2759 2786/2786/2760
f 2114/2114/2106 2685/2685/2664 2785/2785/2759
f 2393/2393/2380 55/55/55 1792/1792/1788
f 2787/2787/2761 2700/2700/2679 2788/2788/2762
f 2701/2701/2680 2700/2700/2679 2787/2787/2761
f 2738/2738/2715 2789/2789/2763 2790/2790/2764
f 2304/2304/2294 2789/2789/2763 2738/2738/2715
f 1534/1534/1530 1062/1062/1060 2791/2791/2765
f 1533/1533/1529 1062/1062/1060 1534/1534/1530
f 822/822/822 2792/2792/2766 825/825/825
f 532/532/532 2792/2792/2766 822/822/822
f 2793/2793/2767 612/612/612 1746/1746/1742
f 2793/2793/2767 1963/1963/1955 612/612/612
f 2474/2474/2457 1717/1717/1713 2794/2794/2768
f 2312/2312/2302 1717/1717/1713 2474/2474/2457
f 1140/1140/1136 1523/1523/1519 1141/1141/1137
f 1140/1140/1136 1943/1943/1935 1523/1523/1519
f 2505/2505/2486 673/673/673 670/670/670
f 2505/2505/2486 2188/2188/2179 673/673/673
f 2286/2286/2277 2783/2783/2757 1173/1173/1169
f 2286/2286/2277 2795/2795/2769 2783/2783/2757
f 2652/2652/2632 1032/1032/1030 2796/2796/2770
f 2042/2042/2034 2714/2714/2691 2713/2713/2690
f 2651/2651/2631 1032/1032/1030 2652/2652/2632
f 2042/2042/2034 2651/2651/2631 2714/2714/2691
f 2042/2042/2034 1032/1032/1030 2651/2651/2631
f 1856/1856/1849 1123/1123/1121 2322/2322/2312
f 1856/1856/1849 1126/1126/1124 1123/1123/1121
f 2081/2081/2073 720/720/720 1340/1340/1336
f 1760/1760/1756 720/720/720 2081/2081/2073
f 2072/2072/2064 771/771/771 525/525/525
f 2072/2072/2064 2052/2052/2044 771/771/771
f 2639/2639/2620 2797/2797/2771 902/902/902
f 1250/1250/1246 2797/2797/2771 2639/2639/2620
f 2798/2798/2772 747/747/747 1524/1524/1520
f 2799/2799/2773 747/747/747 2798/2798/2772
f 2697/2697/2676 1110/1110/1108 1112/1112/1110
f 2697/2697/2676 1532/1532/1528 1110/1110/1108
f 431/431/431 2344/2344/2334 1971/1971/1963
f 432/432/432 2344/2344/2334 431/431/431
f 60/60/60 137/137/137 139/139/139
f 60/60/60 715/715/715 137/137/137
f 1191/1191/1187 2800/2800/2774 913/913/913
f 1193/1193/1189 2800/2800/2774 1191/1191/1187
f 2484/2484/2465 1008/1008/1006 1010/1010/1008
f 2801/2801/2775 1008/1008/1006 2484/2484/2465
f 825/825/825 2588/2588/2569 2585/2585/2566
f 2792/2792/2766 2588/2588/2569 825/825/825
f 526/526/526 1067/1067/1065 1066/1066/1064
f 526/526/526 528/528/528 1067/1067/1065
f 2636/2636/2617 2601/2601/2582 1268/1268/1264
f 2636/2636/2617 2603/2603/2584 2601/2601/2582
f 624/624/624 2802/2802/2776 2217/2217/2208
f 2803/2803/2777 270/270/270 272/272/272
f 624/624/624 2804/2804/2778 2802/2802/2776
f 2804/2804/2778 270/270/270 2803/2803/2777
f 624/624/624 270/270/270 2804/2804/2778
f 2223/2223/2214 1286/1286/1282 200/200/200
f 2223/2223/2214 1317/1317/1313 1286/1286/1282
f 1219/1219/1215 101/101/101 103/103/103
f 2254/2254/2245 101/101/101 1219/1219/1215
f 1776/1776/1772 2805/2805/2779 2806/2806/2780
f 1775/1775/1771 2805/2805/2779 1776/1776/1772
f 478/478/478 2494/2494/2475 481/481/481
f 2751/2751/2728 2494/2494/2475 478/478/478
f 2681/2681/2660 161/161/161 2682/2682/2661
f 2681/2681/2660 179/179/179 161/161/161
f 1602/1602/1598 1976/1976/1968 1605/1605/1601
f 691/691/691 1976/1976/1968 1602/1602/1598
f 2239/2239/2230 450/450/450 447/447/447
f 99/99/99 450/450/450 2239/2239/2230
f 1977/1977/1969 227/227/227 1978/1978/1970
f 1977/1977/1969 1986/1986/1978 227/227/227
f 1482/1482/1478 1193/1193/1189 1190/1190/1186
f 1482/1482/1478 1347/1347/1343 1193/1193/1189
f 1347/1347/1343 1346/1346/1342 1193/1193/1189
f 1346/1346/1342 2807/2807/2781 1193/1193/1189
f 2807/2807/2781 2808/2808/2782 1193/1193/1189
f 1458/1458/1454 578/578/578 580/580/580
f 1411/1411/1407 578/578/578 1458/1458/1454
f 380/380/380 384/384/384 2742/2742/2719
f 382/382/382 384/384/384 380/380/380
f 1348/1348/1344 1637/1637/1633 1349/1349/1345
f 2212/2212/2203 1637/1637/1633 1348/1348/1344
f 2226/2226/2217 730/730/730 1721/1721/1717
f 2226/2226/2217 733/733/733 730/730/730
f 47/47/47 2119/2119/2111 2117/2117/2109
f 1161/1161/1157 1380/1380/1376 906/906/906
f 1379/1379/1375 1380/1380/1376 1161/1161/1157
f 869/869/869 238/238/238 586/586/586
f 869/869/869 871/871/871 238/238/238
f 2809/2809/2783 458/458/458 2058/2058/2050
f 2809/2809/2783 459/459/459 458/458/458
f 47/47/47 2796/2796/2770 48/48/48
f 2426/2426/2411 706/706/706 1127/1127/1125
f 414/414/414 706/706/706 2426/2426/2411
f 659/659/659 1333/1333/1329 1877/1877/1870
f 661/661/661 1333/1333/1329 659/659/659
f 1738/1738/1734 55/55/55 1739/1739/1735
f 2810/2810/2784 2232/2232/2223 2023/2023/2015
f 2634/2634/2615 403/403/403 2811/2811/2785
f 2633/2633/2614 403/403/403 2634/2634/2615
f 2810/2810/2784 2633/2633/2614 2232/2232/2223
f 2810/2810/2784 403/403/403 2633/2633/2614
f 1304/1304/1300 2812/2812/2786 1305/1305/1301
f 1304/1304/1300 2813/2813/2787 2812/2812/2786
f 1280/1280/1276 2478/2478/2461 1281/1281/1277
f 1496/1496/1492 1406/1406/1402 1405/1405/1401
f 2814/2814/2788 2478/2478/2461 1280/1280/1276
f 1496/1496/1492 2814/2814/2788 1406/1406/1402
f 1496/1496/1492 2478/2478/2461 2814/2814/2788
f 1784/1784/1780 2017/2017/2009 2649/2649/1387
f 2018/2018/2010 2017/2017/2009 1784/1784/1780
f 2069/2069/2061 1758/1758/1754 1757/1757/1753
f 2815/2815/2789 1274/1274/1270 1643/1643/1639
f 2069/2069/2061 2816/2816/2790 1758/1758/1754
f 2816/2816/2790 1274/1274/1270 2815/2815/2789
f 2069/2069/2061 1274/1274/1270 2816/2816/2790
f 2264/2264/2255 2421/2421/2406 2265/2265/2256
f 353/353/353 2817/2817/2791 2241/2241/2232
f 2818/2818/2792 2421/2421/2406 2264/2264/2255
f 353/353/353 2818/2818/2792 2817/2817/2791
f 353/353/353 2421/2421/2406 2818/2818/2792
f 1960/1960/1952 55/55/55 1961/1961/1953
f 2619/2619/2600 55/55/55 2620/2620/2601
f 1648/1648/1644 2475/2475/2458 1649/1649/1645
f 1648/1648/1644 2476/2476/2459 2475/2475/2458
f 2276/2276/2267 1576/1576/1572 854/854/854
f 2276/2276/2267 1582/1582/1578 1576/1576/1572
f 2356/2356/2345 2033/2033/2025 2210/2210/2201
f 2356/2356/2345 2357/2357/2346 2033/2033/2025
f 1435/1435/1431 1882/1882/1875 1883/1883/1876
f 1435/1435/1431 1437/1437/1433 1882/1882/1875
f 756/756/756 1375/1375/1371 1377/1377/1373
f 732/732/732 1375/1375/1371 756/756/756
f 2041/2041/2033 637/637/637 740/740/740
f 2041/2041/2033 2040/2040/2032 637/637/637
f 2777/2777/2751 1693/1693/1689 2277/2277/2268
f 2777/2777/2751 1696/1696/1692 1693/1693/1689
f 2575/2575/2556 2819/2819/2793 1450/1450/1446
f 2820/2820/2794 2819/2819/2793 2575/2575/2556
f 638/638/638 1047/1047/1045 2821/2821/2795
f 638/638/638 925/925/925 1047/1047/1045
f 2060/2060/2052 1360/1360/1356 2822/2822/2289
f 1361/1361/1357 1360/1360/1356 2060/2060/2052
f 1338/1338/1334 2550/2550/2531 1747/1747/1743
f 2551/2551/2532 2550/2550/2531 1338/1338/1334
f 47/47/47 2067/2067/2059 2070/2070/2062
f 381/381/381 1944/1944/1936 1945/1945/1937
f 381/381/381 380/380/380 1944/1944/1936
f 1481/1481/1477 1223/1223/1219 1220/1220/1216
f 1481/1481/1477 2823/2823/2796 1223/1223/1219
f 2426/2426/2411 1129/1129/1127 1613/1613/1609
f 2426/2426/2411 1127/1127/1125 1129/1129/1127
f 2824/2824/2797 1385/1385/1381 2825/2825/2798
f 634/634/634 1385/1385/1381 2824/2824/2797
f 882/882/882 2826/2826/2799 883/883/883
f 2827/2827/2800 2388/2388/2375 2284/2284/2275
f 2828/2828/2801 2388/2388/2375 2827/2827/2800
f 882/882/882 2828/2828/2801 2826/2826/2799
f 882/882/882 2388/2388/2375 2828/2828/2801
f 125/125/125 2829/2829/2802 2361/2361/2350
f 127/127/127 2829/2829/2802 125/125/125
f 1903/1903/1895 89/89/89 1901/1901/1893
f 1903/1903/1895 549/549/549 89/89/89
f 1483/1483/1479 2223/2223/2214 1309/1309/1305
f 1483/1483/1479 1484/1484/1480 2223/2223/2214
f 637/637/637 2830/2830/2803 640/640/640
f 2040/2040/2032 2830/2830/2803 637/637/637
f 1606/1606/1602 790/790/790 1669/1669/1665
f 1606/1606/1602 1950/1950/1942 790/790/790
f 2286/2286/2277 2348/2348/2338 2795/2795/2769
f 2271/2271/2262 2348/2348/2338 2286/2286/2277
f 2704/2704/2682 2001/2001/1993 901/901/901
f 2706/2706/2683 2001/2001/1993 2704/2704/2682
f 2228/2228/2219 1537/1537/1533 1536/1536/1532
f 2228/2228/2219 2762/2762/2737 1537/1537/1533
f 323/323/323 1918/1918/1910 2507/2507/2488
f 322/322/322 1918/1918/1910 323/323/323
f 874/874/874 1999/1999/1991 2000/2000/1992
f 875/875/875 1999/1999/1991 874/874/874
f 1270/1270/1266 522/522/522 524/524/524
f 1272/1272/1268 522/522/522 1270/1270/1266
f 206/206/206 662/662/662 664/664/664
f 641/641/641 662/662/662 206/206/206
f 1149/1149/1145 1322/1322/1318 2288/2288/2279
f 764/764/764 1322/1322/1318 1149/1149/1145
f 1999/1999/1991 658/658/658 660/660/660
f 170/170/170 658/658/658 1999/1999/1991
f 2385/2385/2372 55/55/55 2386/2386/2373
f 1042/1042/1040 55/55/55 2627/2627/2608
f 464/464/464 64/64/64 66/66/66
f 464/464/464 2831/2831/2804 64/64/64
f 2304/2304/2294 1147/1147/1143 2789/2789/2763
f 1148/1148/1144 1147/1147/1143 2304/2304/2294
f 1087/1087/1085 1985/1985/1977 1987/1987/1979
f 1087/1087/1085 1089/1089/1087 1985/1985/1977
f 2123/2123/2115 749/749/749 2486/2486/2467
f 2124/2124/2116 749/749/749 2123/2123/2115
f 1799/1799/1794 910/910/910 912/912/912
f 1799/1799/1794 574/574/574 910/910/910
f 455/455/455 55/55/55 456/456/456
f 280/280/280 208/208/208 2380/2380/2369
f 280/280/280 279/279/279 208/208/208
f 2832/2832/2805 1743/1743/1739 1744/1744/1740
f 2833/2833/2806 1743/1743/1739 2832/2832/2805
f 129/129/129 1299/1299/1295 1981/1981/1973
f 1667/1667/1663 1299/1299/1295 129/129/129
f 2834/2834/2807 1093/1093/1091 1542/1542/1538
f 2834/2834/2807 259/259/259 1093/1093/1091
f 2013/2013/2005 2360/2360/2349 2417/2417/2402
f 806/806/806 2360/2360/2349 2013/2013/2005
f 1887/1887/1880 1793/1793/1789 2835/2835/2808
f 1887/1887/1880 946/946/946 1793/1793/1789
f 1537/1537/1533 1327/1327/1323 2389/2389/2376
f 2762/2762/2737 1327/1327/1323 1537/1537/1533
f 2623/2623/2604 55/55/55 2836/2836/2809
f 593/593/593 2367/2367/2356 2640/2640/2621
f 2368/2368/2357 2367/2367/2356 593/593/593
f 2/2/2 2639/2639/2620 2638/2638/2619
f 4/4/4 2639/2639/2620 2/2/2
f 285/285/285 1460/1460/1456 286/286/286
f 285/285/285 840/840/840 1460/1460/1456
f 2837/2837/2810 55/55/55 2838/2838/2811
f 708/708/708 2839/2839/2812 1704/1704/1700
f 708/708/708 2840/2840/2813 2839/2839/2812
f 927/927/927 55/55/55 928/928/928
f 1393/1393/1389 2335/2335/2325 104/104/104
f 1393/1393/1389 2186/2186/2177 2335/2335/2325
f 2485/2485/2466 490/490/490 1306/1306/1302
f 491/491/491 490/490/490 2485/2485/2466
f 2738/2738/2715 2799/2799/2773 2506/2506/2487
f 2738/2738/2715 2790/2790/2764 2799/2799/2773
f 2841/2841/2814 1057/1057/1055 1059/1059/1057
f 937/937/937 1057/1057/1055 2841/2841/2814
f 1559/1559/1555 196/196/196 1560/1560/1556
f 197/197/197 196/196/196 1559/1559/1555
f 2716/2716/2693 2694/2694/2673 2693/2693/2672
f 2842/2842/2815 2694/2694/2673 2716/2716/2693
f 2797/2797/2771 905/905/905 902/902/902
f 2797/2797/2771 2080/2080/2072 905/905/905
f 2843/2843/2011 2203/2203/2194 2844/2844/2009
f 2843/2843/2011 2206/2206/2197 2203/2203/2194
f 1208/1208/1204 2125/2125/2117 2126/2126/2118
f 1208/1208/1204 2252/2252/2243 2125/2125/2117
f 2377/2377/2366 1723/1723/1719 1724/1724/1720
f 2377/2377/2366 2845/2845/2816 1723/1723/1719
f 1578/1578/1574 2164/2164/2155 1579/1579/1575
f 1578/1578/1574 2419/2419/2404 2164/2164/2155
f 1842/1842/1835 2036/2036/2028 2597/2597/2578
f 1842/1842/1835 2425/2425/2410 2036/2036/2028
f 977/977/977 1573/1573/1569 339/339/339
f 977/977/977 979/979/979 1573/1573/1569
f 1475/1475/1471 2226/2226/2217 1678/1678/1674
f 1475/1475/1471 1477/1477/1473 2226/2226/2217
f 55/55/55 2673/2673/2653 2846/2846/2817
f 177/177/177 364/364/364 180/180/180
f 365/365/365 364/364/364 177/177/177
f 1790/1790/1786 1168/1168/1164 1789/1789/1785
f 1166/1166/1162 1168/1168/1164 1790/1790/1786
f 1697/1697/1693 2590/2590/2571 2840/2840/2813
f 1697/1697/1693 1699/1699/1695 2590/2590/2571
f 1510/1510/1506 1798/1798/1793 1474/1474/1470
f 1510/1510/1506 1512/1512/1508 1798/1798/1793
f 251/251/251 1735/1735/1731 558/558/558
f 1733/1733/1729 1735/1735/1731 251/251/251
f 1850/1850/1843 2277/2277/2268 1851/1851/1844
f 1850/1850/1843 2777/2777/2751 2277/2277/2268
f 2847/2847/2818 952/952/952 2161/2161/2152
f 2847/2847/2818 955/955/955 952/952/952
f 2539/2539/2520 55/55/55 57/57/57
f 47/47/47 1508/1508/1504 1507/1507/1503
f 1237/1237/1233 239/239/239 241/241/241
f 787/787/787 239/239/239 1237/1237/1233
f 47/47/47 1756/1756/1752 2848/2848/2819
f 2612/2612/2593 2847/2847/2818 2849/2849/2820
f 2612/2612/2593 739/739/739 2847/2847/2818
f 1828/1828/1821 2266/2266/2257 1657/1657/1653
f 1828/1828/1821 1830/1830/1823 2266/2266/2257
f 2850/2850/2821 2851/2851/2822 1253/1253/1249
f 655/655/655 2851/2851/2822 2850/2850/2821
f 1121/1121/1119 2852/2852/2823 521/521/521
f 2726/2726/2703 2725/2725/2702 1121/1121/1119
f 2725/2725/2702 2853/2853/2824 1121/1121/1119
f 2853/2853/2824 2854/2854/2825 1121/1121/1119
f 2854/2854/2825 2852/2852/2823 1121/1121/1119
f 1327/1327/1323 120/120/120 2389/2389/2376
f 1327/1327/1323 123/123/123 120/120/120
f 2183/2183/2174 1265/1265/1261 1805/1805/1800
f 2183/2183/2174 1264/1264/1260 1265/1265/1261
f 1566/1566/1562 2855/2855/2826 1569/1569/1565
f 2160/2160/2151 2855/2855/2826 1566/1566/1562
f 674/674/674 2135/2135/2127 677/677/677
f 2574/2574/2555 2135/2135/2127 674/674/674
f 2504/2504/2485 1701/1701/1697 2062/2062/2054
f 1702/1702/1698 1701/1701/1697 2504/2504/2485
f 1247/1247/1243 408/408/408 1248/1248/1244
f 1247/1247/1243 2856/2856/2827 408/408/408
f 1176/1176/1172 2352/2352/2341 1682/1682/1678
f 1178/1178/1174 2352/2352/2341 1176/1176/1172
f 2857/2857/2828 2858/2858/2829 2624/2624/2605
f 1802/1802/1797 2858/2858/2829 2857/2857/2828
f 1403/1403/1399 2735/2735/2712 1402/1402/1398
f 1403/1403/1399 2609/2609/2590 2735/2735/2712
f 2770/2770/2744 939/939/939 2768/2768/2742
f 940/940/940 939/939/939 2770/2770/2744
f 47/47/47 2690/2690/2669 2688/2688/2667
f 2006/2006/1998 777/777/777 2004/2004/1996
f 2006/2006/1998 2116/2116/2108 777/777/777
f 2567/2567/2548 2346/2346/2336 2347/2347/2337
f 2859/2859/2830 2346/2346/2336 2567/2567/2548
f 1920/1920/1912 1884/1884/1877 1369/1369/1365
f 1525/1525/1521 1884/1884/1877 1920/1920/1912
f 2768/2768/2742 676/676/676 2769/2769/2743
f 2768/2768/2742 674/674/674 676/676/676
f 1765/1765/1761 681/681/681 683/683/683
f 1765/1765/1761 501/501/501 681/681/681
f 1195/1195/1191 1016/1016/1014 1015/1015/1013
f 1195/1195/1191 1786/1786/1782 1016/1016/1014
f 2860/2860/2831 2416/2416/2401 2194/2194/2185
f 1468/1468/1464 2416/2416/2401 2860/2860/2831
f 2399/2399/2386 1888/1888/1881 2407/2407/2394
f 2399/2399/2386 857/857/857 1888/1888/1881
f 55/55/55 454/454/454 451/451/451
f 886/886/886 1036/1036/1034 2315/2315/2305
f 886/886/886 1039/1039/1037 1036/1036/1034
f 2187/2187/2178 2861/2861/2832 2678/2678/2658
f 2064/2064/2056 2861/2861/2832 2187/2187/2178
f 592/592/592 2583/2583/2564 2707/2707/2684
f 592/592/592 594/594/594 2583/2583/2564
f 1620/1620/1616 288/288/288 1373/1373/1369
f 1620/1620/1616 291/291/291 288/288/288
f 392/392/392 961/961/961 2862/2862/2833
f 392/392/392 964/964/964 961/961/961
f 2450/2450/2435 693/693/693 690/690/690
f 2450/2450/2435 2094/2094/2086 693/693/693
f 55/55/55 1778/1778/1774 232/232/232
f 1364/1364/1360 2190/2190/2181 2663/2663/2643
f 1366/1366/1362 2190/2190/2181 1364/1364/1360
f 2197/2197/2188 2863/2863/2834 2864/2864/2835
f 2197/2197/2188 2527/2527/2508 2863/2863/2834
f 129/129/129 1467/1467/1463 130/130/130
f 129/129/129 1981/1981/1973 1467/1467/1463
f 629/629/629 2330/2330/2320 632/632/632
f 2736/2736/2713 2330/2330/2320 629/629/629
f 2283/2283/2274 2175/2175/2166 2172/2172/2163
f 1761/1761/1757 2865/2865/2836 2283/2283/2274
f 2865/2865/2836 2866/2866/2837 2283/2283/2274
f 2866/2866/2837 2679/2679/2659 2283/2283/2274
f 2679/2679/2659 2175/2175/2166 2283/2283/2274
f 47/47/47 2867/2867/2838 1755/1755/1751
f 578/578/578 2405/2405/2392 581/581/581
f 1412/1412/1408 2405/2405/2392 578/578/578
f 984/984/984 2868/2868/2839 233/233/233
f 26/26/26 2868/2868/2839 984/984/984
f 700/700/700 1170/1170/1166 1716/1716/1712
f 700/700/700 702/702/702 1170/1170/1166
f 1798/1798/1793 909/909/909 2319/2319/2309
f 1798/1798/1793 912/912/912 909/909/909
f 2869/2869/2840 1760/1760/1756 2870/2870/2841
f 2869/2869/2840 1759/1759/1755 1760/1760/1756
f 2871/2871/2842 2593/2593/2574 2528/2528/2509
f 2872/2872/2843 2593/2593/2574 2871/2871/2842
f 2355/2355/2344 1911/1911/1903 1908/1908/1900
f 2873/2873/2844 1911/1911/1903 2355/2355/2344
f 746/746/746 2849/2849/2820 2181/2181/2172
f 748/748/748 2849/2849/2820 746/746/746
f 113/113/113 2874/2874/2845 1762/1762/1758
f 113/113/113 2875/2875/2846 2874/2874/2845
f 2876/2876/2847 89/89/89 91/91/91
f 1901/1901/1893 89/89/89 2876/2876/2847
f 2475/2475/2458 1327/1327/1323 2762/2762/2737
f 2475/2475/2458 1329/1329/1325 1327/1327/1323
f 2059/2059/2051 2822/2822/2289 2877/2877/2204
f 2060/2060/2052 2822/2822/2289 2059/2059/2051
f 47/47/47 2321/2321/2311 2878/2878/2848
f 2152/2152/2143 1547/1547/1543 2311/2311/2301
f 1548/1548/1544 1547/1547/1543 2152/2152/2143
f 1941/1941/1933 1974/1974/1966 2879/2879/2849
f 1975/1975/1967 1974/1974/1966 1941/1941/1933
f 1403/1403/1399 1953/1953/1945 2609/2609/2590
f 1409/1409/1405 1953/1953/1945 1403/1403/1399
f 953/953/953 638/638/638 2821/2821/2795
f 639/639/639 638/638/638 953/953/953
f 1180/1180/1176 174/174/174 648/648/648
f 175/175/175 174/174/174 1180/1180/1176
f 2268/2268/2259 965/965/965 2269/2269/2260
f 2268/2268/2259 968/968/968 965/965/965
f 47/47/47 1983/1983/1975 2545/2545/2526
f 1590/1590/1586 117/117/117 2312/2312/2302
f 118/118/118 117/117/117 1590/1590/1586
f 373/373/373 2031/2031/2023 1368/1368/1364
f 372/372/372 2031/2031/2023 373/373/373
f 1919/1919/1911 1091/1091/1089 1917/1917/1909
f 1543/1543/1539 1091/1091/1089 1919/1919/1911
f 1037/1037/1035 1796/1796/1791 1038/1038/1036
f 1037/1037/1035 2880/2880/2850 1796/1796/1791
f 38/38/38 355/355/355 357/357/357
f 37/37/37 355/355/355 38/38/38
f 1992/1992/1984 724/724/724 2694/2694/2673
f 1992/1992/1984 1994/1994/1986 724/724/724
f 47/47/47 2818/2818/2792 2264/2264/2255
f 1545/1545/1541 2881/2881/2851 1546/1546/1542
f 1545/1545/1541 2882/2882/2852 2881/2881/2851
f 2314/2314/2304 1036/1036/1034 2130/2130/2122
f 2315/2315/2305 1036/1036/1034 2314/2314/2304
f 2875/2875/2846 1553/1553/1549 2874/2874/2845
f 2875/2875/2846 1883/1883/1876 1553/1553/1549
f 47/47/47 1818/1818/1811 2067/2067/2059
f 1711/1711/1707 2883/2883/2853 2025/2025/2017
f 1711/1711/1707 1713/1713/1709 2883/2883/2853
f 276/276/276 1984/1984/1976 1344/1344/1340
f 275/275/275 1984/1984/1976 276/276/276
f 2687/2687/2666 1941/1941/1933 1942/1942/1934
f 2687/2687/2666 1975/1975/1967 1941/1941/1933
f 1652/1652/1648 1140/1140/1136 1142/1142/1138
f 1652/1652/1648 1815/1815/1808 1140/1140/1136
f 982/982/982 55/55/55 2884/2884/2854
f 2885/2885/2855 55/55/55 2886/2886/2856
f 728/728/728 1272/1272/1268 1269/1269/1265
f 728/728/728 729/729/729 1272/1272/1268
f 1723/1723/1719 2887/2887/2857 626/626/626
f 1723/1723/1719 2888/2888/2858 2887/2887/2857
f 1073/1073/1071 2724/2724/2701 2323/2323/2313
f 2889/2889/2859 1859/1859/1852 1858/1858/1851
f 1072/1072/1070 2724/2724/2701 1073/1073/1071
f 2889/2889/2859 1072/1072/1070 1859/1859/1852
f 2889/2889/2859 2724/2724/2701 1072/1072/1070
f 2135/2135/2127 1450/1450/1446 1447/1447/1443
f 2575/2575/2556 1450/1450/1446 2135/2135/2127
f 2732/2732/2709 1633/1633/1629 2100/2100/2092
f 2732/2732/2709 759/759/759 1633/1633/1629
f 2051/2051/2043 2287/2287/2278 1831/1831/1824
f 2582/2582/2563 2287/2287/2278 2051/2051/2043
f 2839/2839/2812 2590/2590/2571 2591/2591/2572
f 2840/2840/2813 2590/2590/2571 2839/2839/2812
f 517/517/517 2890/2890/2860 1552/1552/1548
f 517/517/517 2841/2841/2814 2890/2890/2860
f 2381/2381/2370 2691/2691/2670 190/190/190
f 2891/2891/2861 2691/2691/2670 2381/2381/2370
f 2805/2805/2779 2146/2146/2137 1056/1056/1054
f 2892/2892/2862 2146/2146/2137 2805/2805/2779
f 552/552/552 2548/2548/2529 550/550/550
f 552/552/552 2056/2056/2048 2548/2548/2529
f 619/619/619 2893/2893/2863 2166/2166/2157
f 619/619/619 621/621/621 2893/2893/2863
f 429/429/429 2199/2199/2190 1949/1949/1941
f 2137/2137/2129 2199/2199/2190 429/429/429
f 466/466/466 2809/2809/2783 2058/2058/2050
f 465/465/465 2809/2809/2783 466/466/466
f 47/47/47 340/340/340 338/338/338
f 47/47/47 2848/2848/2819 2894/2894/2864
f 2845/2845/2816 2863/2863/2834 2895/2895/2865
f 2864/2864/2835 2863/2863/2834 2845/2845/2816
f 2061/2061/2053 1650/1650/1646 2896/2896/2866
f 2061/2061/2053 1912/1912/1904 1650/1650/1646
f 1260/1260/1256 1435/1435/1431 1261/1261/1257
f 1260/1260/1256 1438/1438/1434 1435/1435/1431
f 2662/2662/2642 2541/2541/2522 2897/2897/2867
f 2189/2189/2180 2541/2541/2522 2662/2662/2642
f 899/899/899 2780/2780/2754 900/900/900
f 899/899/899 2364/2364/2353 2780/2780/2754
f 2510/2510/2491 944/944/944 1886/1886/1879
f 2510/2510/2491 1408/1408/1404 944/944/944
f 2773/2773/2747 2898/2898/2868 1492/1492/1488
f 2899/2899/2869 2898/2898/2868 2773/2773/2747
f 2115/2115/2107 2685/2685/2664 2114/2114/2106
f 2115/2115/2107 2686/2686/2665 2685/2685/2664
f 2297/2297/2288 424/424/424 1635/1635/1631
f 2140/2140/2132 424/424/424 2297/2297/2288
f 947/947/947 1199/1199/1195 945/945/945
f 947/947/947 1027/1027/1025 1199/1199/1195
f 47/47/47 2746/2746/2723 1398/1398/1394
f 2248/2248/2239 2423/2423/2408 2253/2253/2244
f 2248/2248/2239 1156/1156/1152 2423/2423/2408
f 2371/2371/2360 2671/2671/2651 2610/2610/2591
f 1443/1443/1439 2671/2671/2651 2371/2371/2360
f 1103/1103/1101 2635/2635/2616 1101/1101/1099
f 1103/1103/1101 2637/2637/2618 2635/2635/2616
f 1905/1905/1897 2859/2859/2830 2567/2567/2548
f 1907/1907/1899 2859/2859/2830 1905/1905/1897
f 1969/1969/1961 2900/2900/2870 2554/2554/2535
f 1969/1969/1961 1209/1209/1205 2900/2900/2870
f 2884/2884/2854 2732/2732/2709 2731/2731/2708
f 2884/2884/2854 2615/2615/2596 2732/2732/2709
f 2615/2615/2596 2614/2614/2595 2732/2732/2709
f 2614/2614/2595 2901/2901/2871 2732/2732/2709
f 2901/2901/2871 2902/2902/2872 2732/2732/2709
f 642/642/642 1984/1984/1976 275/275/275
f 642/642/642 1357/1357/1353 1984/1984/1976
f 100/100/100 405/405/405 98/98/98
f 2169/2169/2160 405/405/405 100/100/100
f 2872/2872/2843 1324/1324/1320 2593/2593/2574
f 1325/1325/1321 1324/1324/1320 2872/2872/2843
f 2162/2162/2153 1658/1658/1654 2163/2163/2154
f 2162/2162/2153 1102/1102/1100 1658/1658/1654
f 1562/1562/1558 1074/1074/1072 1563/1563/1559
f 1562/1562/1558 1075/1075/1073 1074/1074/1072
f 2600/2600/2581 258/258/258 2734/2734/2711
f 2600/2600/2581 2599/2599/2580 258/258/258
f 2105/2105/2097 2903/2903/2873 2524/2524/2505
f 2104/2104/2096 2903/2903/2873 2105/2105/2097
f 2861/2861/2832 2904/2904/2874 2905/2905/2875
f 2906/2906/2876 2904/2904/2874 2861/2861/2832
f 1871/1871/1864 1754/1754/1750 2580/2580/2561
f 1871/1871/1864 1540/1540/1536 1754/1754/1750
f 1422/1422/1418 1513/1513/1509 1510/1510/1506
f 1424/1424/1420 1513/1513/1509 1422/1422/1418
f 47/47/47 1239/1239/1235 1236/1236/1232
f 47/47/47 2667/2667/2647 1687/1687/1683
f 908/908/908 1600/1600/1596 808/808/808
f 2566/2566/2547 1600/1600/1596 908/908/908
f 564/564/564 1150/1150/1146 562/562/562
f 564/564/564 1153/1153/1149 1150/1150/1146
f 581/581/581 2907/2907/2877 579/579/579
f 581/581/581 2485/2485/2466 2907/2907/2877
f 1569/1569/1565 2605/2605/2586 1621/1621/1617
f 2855/2855/2826 2605/2605/2586 1569/1569/1565
f 2908/2908/2878 51/51/51 53/53/53
f 2908/2908/2878 2102/2102/2094 51/51/51
f 64/64/64 1610/1610/1606 1612/1612/1608
f 2831/2831/2804 1610/1610/1606 64/64/64
f 2909/2909/2879 869/869/869 2494/2494/2475
f 2909/2909/2879 872/872/872 869/869/869
f 589/589/589 957/957/957 590/590/590
f 589/589/589 1626/1626/1622 957/957/957
f 1780/1780/1776 286/286/286 859/859/859
f 284/284/284 286/286/286 1780/1780/1776
f 704/704/704 53/53/53 50/50/50
f 2308/2308/2298 53/53/53 704/704/704
f 1672/1672/1668 1997/1997/1989 1673/1673/1669
f 1672/1672/1668 2720/2720/2697 1997/1997/1989
f 2428/2428/2413 2520/2520/2501 2518/2518/2499
f 1727/1727/1723 2520/2520/2501 2428/2428/2413
f 2910/2910/2880 55/55/55 2911/2911/2881
f 2166/2166/2157 2483/2483/2464 2912/2912/2882
f 2166/2166/2157 2893/2893/2863 2483/2483/2464
f 1254/1254/1250 888/888/888 1088/1088/1086
f 1254/1254/1250 891/891/891 888/888/888
f 179/179/179 164/164/164 161/161/161
f 179/179/179 178/178/178 164/164/164
f 1447/1447/1443 751/751/751 2136/2136/2128
f 1447/1447/1443 1449/1449/1445 751/751/751
f 1046/1046/1044 2873/2873/2844 2913/2913/2883
f 1046/1046/1044 2497/2497/2478 2873/2873/2844
f 681/681/681 1068/1068/1066 682/682/682
f 681/681/681 1071/1071/1069 1068/1068/1066
f 2898/2898/2868 2874/2874/2845 2477/2477/2460
f 1762/1762/1758 2874/2874/2845 2898/2898/2868
f 2301/2301/2292 1395/1395/1391 2914/2914/2884
f 1396/1396/1392 1395/1395/1391 2301/2301/2292
f 173/173/173 2862/2862/2833 176/176/176
f 810/810/810 2862/2862/2833 173/173/173
f 47/47/47 1003/1003/1001 1846/1846/1839
f 2208/2208/2199 2033/2033/2025 2034/2034/2026
f 2210/2210/2201 2033/2033/2025 2208/2208/2199
f 2261/2261/2252 55/55/55 2446/2446/2431
f 16/16/16 1914/1914/1906 14/14/14
f 1915/1915/1907 1914/1914/1906 16/16/16
f 1891/1891/1884 1900/1900/1892 1902/1902/1894
f 856/856/856 1900/1900/1892 1891/1891/1884
f 872/872/872 2784/2784/2758 870/870/870
f 1171/1171/1167 2784/2784/2758 872/872/872
f 873/873/873 171/171/171 875/875/875
f 182/182/182 171/171/171 873/873/873
f 1258/1258/1254 2489/2489/2470 2546/2546/2527
f 1258/1258/1254 1257/1257/1253 2489/2489/2470
f 910/910/910 1178/1178/1174 911/911/911
f 910/910/910 2353/2353/2342 1178/1178/1174
f 1077/1077/1075 2608/2608/2589 2747/2747/2724
f 1077/1077/1075 2376/2376/2365 2608/2608/2589
f 47/47/47 2117/2117/2109 2118/2118/2110
f 2128/2128/2120 1303/1303/1299 2479/2479/2462
f 2907/2907/2877 1303/1303/1299 2128/2128/2120
f 1712/1712/1708 93/93/93 1713/1713/1709
f 1712/1712/1708 96/96/96 93/93/93
f 2295/2295/2286 2739/2739/2716 2771/2771/2745
f 2740/2740/2717 2739/2739/2716 2295/2295/2286
f 2525/2525/2506 591/591/591 588/588/588
f 90/90/90 591/591/591 2525/2525/2506
f 546/546/546 2379/2379/2368 2255/2255/2246
f 545/545/545 2379/2379/2368 546/546/546
f 47/47/47 2652/2652/2632 2796/2796/2770
f 2915/2915/2885 366/366/366 363/363/363
f 2915/2915/2885 2876/2876/2847 366/366/366
f 1696/1696/1692 1991/1991/1983 1694/1694/1690
f 2569/2569/2550 1991/1991/1983 1696/1696/1692
f 47/47/47 44/44/44 46/46/46
f 1692/1692/1688 2295/2295/2286 1690/1690/1686
f 1692/1692/1688 2740/2740/2717 2295/2295/2286
f 2485/2485/2466 1303/1303/1299 2907/2907/2877
f 2485/2485/2466 1306/1306/1302 1303/1303/1299
f 47/47/47 2242/2242/2233 2243/2243/2234
f 2606/2606/2587 1046/1046/1044 2913/2913/2883
f 1044/1044/1042 1046/1046/1044 2606/2606/2587
f 366/366/366 91/91/91 2406/2406/2393
f 2876/2876/2847 91/91/91 366/366/366
f 1028/1028/1026 1289/1289/1285 1027/1027/1025
f 1028/1028/1026 1287/1287/1283 1289/1289/1285
f 1801/1801/1796 2858/2858/2829 1802/1802/1797
f 1801/1801/1796 163/163/163 2858/2858/2829
f 293/293/293 2343/2343/2333 2916/2916/2886
f 295/295/295 2343/2343/2333 293/293/293
f 657/657/657 2851/2851/2822 655/655/655
f 657/657/657 2096/2096/2088 2851/2851/2822
f 2917/2917/2887 245/245/245 2042/2042/2034
f 243/243/243 245/245/245 2917/2917/2887
f 1547/1547/1543 615/615/615 617/617/617
f 1549/1549/1545 615/615/615 1547/1547/1543
f 1534/1534/1530 644/644/644 2305/2305/2295
f 1534/1534/1530 2791/2791/2765 644/644/644
f 2632/2632/2613 1122/1122/1120 2629/2629/2610
f 2632/2632/2613 2918/2918/2888 1122/1122/1120
f 2918/2918/2888 2919/2919/2889 1122/1122/1120
f 2919/2919/2889 2764/2764/2739 1122/1122/1120
f 2764/2764/2739 186/186/186 1122/1122/1120
f 2920/2920/2890 43/43/43 268/268/268
f 2920/2920/2890 1015/1015/1013 43/43/43
f 1715/1715/1711 703/703/703 700/700/700
f 991/991/991 703/703/703 1715/1715/1711
f 1436/1436/1432 2921/2921/2891 1437/1437/1433
f 1436/1436/1432 2105/2105/2097 2921/2921/2891
f 2550/2550/2531 2473/2473/2456 246/246/246
f 2552/2552/2533 2473/2473/2456 2550/2550/2531
f 240/240/240 2899/2899/2869 2773/2773/2747
f 242/242/242 2899/2899/2869 240/240/240
f 1888/1888/1881 856/856/856 1891/1891/1884
f 857/857/857 856/856/856 1888/1888/1881
f 55/55/55 2090/2090/2082 2089/2089/2081
f 2682/2682/2661 163/163/163 1801/1801/1796
f 2682/2682/2661 161/161/161 163/163/163
f 41/41/41 2375/2375/2364 247/247/247
f 1016/1016/1014 2375/2375/2364 41/41/41
f 2165/2165/2156 607/607/607 609/609/609
f 2165/2165/2156 942/942/942 607/607/607
f 2806/2806/2780 1056/1056/1054 1053/1053/1051
f 2805/2805/2779 1056/1056/1054 2806/2806/2780
f 1873/1873/1866 1540/1540/1536 1871/1871/1864
f 1873/1873/1866 1539/1539/1535 1540/1540/1536
f 1340/1340/1336 722/722/722 1343/1343/1339
f 720/720/720 722/722/722 1340/1340/1336
f 1767/1767/1763 2519/2519/2500 504/504/504
f 2518/2518/2499 2519/2519/2500 1767/1767/1763
f 128/128/128 1476/1476/1472 1478/1478/1474
f 128/128/128 130/130/130 1476/1476/1472
f 1615/1615/1611 1653/1653/1649 1614/1614/1610
f 1615/1615/1611 1656/1656/1652 1653/1653/1649
f 1462/1462/1458 2733/2733/2710 2502/2502/2483
f 1462/1462/1458 2734/2734/2711 2733/2733/2710
f 1128/1128/1126 1814/1814/1807 1816/1816/1809
f 1128/1128/1126 541/541/541 1814/1814/1807
f 2707/2707/2684 2106/2106/2098 2708/2708/2685
f 2707/2707/2684 2583/2583/2564 2106/2106/2098
f 2511/2511/2492 2198/2198/2189 1323/1323/1319
f 2516/2516/2497 2198/2198/2189 2511/2511/2492
f 1625/1625/1621 443/443/443 445/445/445
f 79/79/79 443/443/443 1625/1625/1621
f 2141/2141/1356 2297/2297/2288 2298/2298/2289
f 2141/2141/1356 2140/2140/2132 2297/2297/2288
f 379/379/379 383/383/383 382/382/382
f 542/542/542 383/383/383 379/379/379
f 2821/2821/2795 1044/1044/1042 2607/2607/2588
f 2821/2821/2795 1047/1047/1045 1044/1044/1042
f 1570/1570/1566 970/970/970 971/971/971
f 499/499/499 970/970/970 1570/1570/1566
f 1731/1731/1727 2733/2733/2710 1096/1096/1094
f 2502/2502/2483 2733/2733/2710 1731/1731/1727
f 1380/1380/1376 142/142/142 906/906/906
f 1380/1380/1376 145/145/145 142/142/142
f 47/47/47 2922/2922/2892 2219/2219/2210
f 1231/1231/1227 2454/2454/2439 1232/1232/1228
f 2455/2455/2440 2454/2454/2439 1231/1231/1227
f 1057/1057/1055 568/568/568 565/565/565
f 599/599/599 568/568/568 1057/1057/1055
f 1110/1110/1108 2658/2658/2638 1111/1111/1109
f 1110/1110/1108 2305/2305/2295 2658/2658/2638
f 1428/1428/1424 1928/1928/1920 2342/2342/2332
f 2539/2539/2520 57/57/57 1428/1428/1424
f 57/57/57 58/58/58 1428/1428/1424
f 58/58/58 1929/1929/1921 1428/1428/1424
f 1929/1929/1921 1928/1928/1920 1428/1428/1424
f 47/47/47 1404/1404/1400 1486/1486/1482
f 2421/2421/2406 2923/2923/2893 2265/2265/2256
f 2757/2757/2734 2250/2250/2241 2924/2924/2894
f 2421/2421/2406 2756/2756/2733 2923/2923/2893
f 2756/2756/2733 2250/2250/2241 2757/2757/2734
f 2421/2421/2406 2250/2250/2241 2756/2756/2733
f 2099/2099/2091 462/462/462 463/463/463
f 2125/2125/2117 462/462/462 2099/2099/2091
f 2162/2162/2153 1100/1100/1098 1102/1102/1100
f 2925/2925/2895 1100/1100/1098 2162/2162/2153
f 1691/1691/1687 2294/2294/2285 2926/2926/2896
f 1691/1691/1687 1690/1690/1686 2294/2294/2285
f 1130/1130/1128 1212/1212/1208 543/543/543
f 705/705/705 1212/1212/1208 1130/1130/1128
f 2283/2283/2274 2435/2435/2420 1947/1947/1939
f 2283/2283/2274 2172/2172/2163 2435/2435/2420
f 2601/2601/2582 867/867/867 2083/2083/2075
f 2601/2601/2582 865/865/865 867/867/867
f 2927/2927/2897 55/55/55 1768/1768/1764
f 47/47/47 2656/2656/2636 2657/2657/2637
f 2861/2861/2832 2736/2736/2713 2678/2678/2658
f 2861/2861/2832 2905/2905/2875 2736/2736/2713
f 2704/2704/2682 898/898/898 1897/1897/1890
f 2704/2704/2682 901/901/901 898/898/898
f 2928/2928/2898 2548/2548/2529 2929/2929/2899
f 550/550/550 2548/2548/2529 2928/2928/2898
f 47/47/47 2217/2217/2208 2802/2802/2776
f 2789/2789/2763 1466/1466/1462 1463/1463/1459
f 1147/1147/1143 1466/1466/1462 2789/2789/2763
f 1367/1367/1363 2930/2930/2900 918/918/918
f 2032/2032/2024 2930/2930/2900 1367/1367/1363
f 1263/1263/1259 532/532/532 822/822/822
f 530/530/530 532/532/532 1263/1263/1259
f 1964/1964/1956 1128/1128/1126 1816/1816/1809
f 1129/1129/1127 1128/1128/1126 1964/1964/1956
f 2931/2931/2901 602/602/602 2192/2192/2183
f 2931/2931/2901 605/605/605 602/602/602
f 462/462/462 2403/2403/2390 464/464/464
f 2424/2424/2409 2403/2403/2390 462/462/462
f 2007/2007/1999 2869/2869/2840 2932/2932/2902
f 2007/2007/1999 2008/2008/2000 2869/2869/2840
f 2191/2191/2182 1670/1670/1666 1668/1668/1664
f 2933/2933/2903 1670/1670/1666 2191/2191/2182
f 2038/2038/2030 1938/1938/1930 1940/1940/1932
f 2038/2038/2030 2037/2037/2029 1938/1938/1930
f 1993/1993/1985 2114/2114/2106 2786/2786/2760
f 1055/1055/1053 2114/2114/2106 1993/1993/1985
f 1285/1285/1281 1413/1413/1409 2543/2543/2524
f 1285/1285/1281 2934/2934/2904 1413/1413/1409
f 2012/2012/2004 2179/2179/2170 2121/2121/2113
f 2012/2012/2004 2014/2014/2006 2179/2179/2170
f 464/464/464 2402/2402/2389 2831/2831/2804
f 2403/2403/2390 2402/2402/2389 464/464/464
f 2344/2344/2334 1972/1972/1964 1971/1971/1963
f 2344/2344/2334 2345/2345/2335 1972/1972/1964
f 47/47/47 1686/1686/1682 1688/1688/1684
f 265/265/265 2425/2425/2410 1842/1842/1835
f 265/265/265 2871/2871/2842 2425/2425/2410
f 74/74/74 2493/2493/2474 1381/1381/1377
f 1345/1345/1341 2493/2493/2474 74/74/74
f 675/675/675 2136/2136/2128 2779/2779/2753
f 677/677/677 2136/2136/2128 675/675/675
f 866/866/866 1544/1544/1540 2357/2357/2346
f 866/866/866 960/960/960 1544/1544/1540
f 47/47/47 2774/2774/2748 1030/1030/1028
f 1747/1747/1743 2917/2917/2887 1748/1748/1744
f 1747/1747/1743 243/243/243 2917/2917/2887
f 2063/2063/2055 1704/1704/1700 2906/2906/2876
f 1705/1705/1701 1704/1704/1700 2063/2063/2055
f 1130/1130/1128 541/541/541 1128/1128/1126
f 1130/1130/1128 543/543/543 541/541/541
f 2881/2881/2851 394/394/394 396/396/396
f 2882/2882/2852 394/394/394 2881/2881/2851
f 47/47/47 1417/1417/1413 2935/2935/2905
f 47/47/47 1503/1503/1499 2922/2922/2892
f 1855/1855/1848 426/426/426 2352/2352/2341
f 1855/1855/1848 1854/1854/1847 426/426/426
f 115/115/115 2875/2875/2846 113/113/113
f 115/115/115 1261/1261/1257 2875/2875/2846
f 596/596/596 790/790/790 471/471/471
f 1669/1669/1665 790/790/790 596/596/596
f 2268/2268/2259 1671/1671/1667 968/968/968
f 2812/2812/2786 1671/1671/1667 2268/2268/2259
f 2700/2700/2679 1839/1839/1832 1749/1749/1745
f 2702/2702/2681 1839/1839/1832 2700/2700/2679
f 2936/2936/2906 2937/2937/2907 2184/2184/2175
f 2439/2439/2424 2938/2938/2908 2440/2440/2425
f 2939/2939/2909 2937/2937/2907 2936/2936/2906
f 2439/2439/2424 2939/2939/2909 2938/2938/2908
f 2439/2439/2424 2937/2937/2907 2939/2939/2909
f 1976/1976/1968 885/885/885 1605/1605/1601
f 1976/1976/1968 1978/1978/1970 885/885/885
f 1253/1253/1249 2745/2745/2722 1255/1255/1251
f 2851/2851/2822 2745/2745/2722 1253/1253/1249
f 47/47/47 1859/1859/1852 1072/1072/1070
f 1364/1364/1360 2043/2043/2035 2147/2147/2138
f 1364/1364/1360 2663/2663/2643 2043/2043/2035
f 1386/1386/1382 2124/2124/2116 889/889/889
f 1386/1386/1382 1388/1388/1384 2124/2124/2116
f 2496/2496/2477 1966/1966/1958 2225/2225/2216
f 2719/2719/2696 1966/1966/1958 2496/2496/2477
f 1035/1035/1033 2940/2940/2910 1033/1033/1031
f 2941/2941/2911 2940/2940/2910 1035/1035/1033
f 611/611/611 631/631/631 1489/1489/1485
f 1729/1729/1725 1029/1029/1027 1486/1486/1482
f 1729/1729/1725 610/610/610 1029/1029/1027
f 610/610/610 631/631/631 611/611/611
f 1729/1729/1725 631/631/631 610/610/610
f 1986/1986/1978 2459/2459/2444 2942/2942/2912
f 1985/1985/1977 2459/2459/2444 1986/1986/1978
f 47/47/47 1581/1581/1577 2721/2721/2698
f 47/47/47 2216/2216/2207 2217/2217/2208
f 2870/2870/2841 2081/2081/2073 1501/1501/1497
f 2870/2870/2841 1760/1760/1756 2081/2081/2073
f 1612/1612/1608 1963/1963/1955 2793/2793/2767
f 1612/1612/1608 1611/1611/1607 1963/1963/1955
f 2549/2549/2530 2650/2650/2630 2552/2552/2533
f 2544/2544/2525 2650/2650/2630 2549/2549/2530
f 47/47/47 2642/2642/2623 2641/2641/2622
f 2943/2943/2913 1366/1366/1362 1363/1363/1359
f 2943/2943/2913 2355/2355/2344 1366/1366/1362
f 795/795/795 1666/1666/1662 798/798/798
f 162/162/162 1666/1666/1662 795/795/795
f 2909/2909/2879 1171/1171/1167 872/872/872
f 1172/1172/1168 1171/1171/1167 2909/2909/2879
f 244/244/244 1035/1035/1033 245/245/245
f 244/244/244 2941/2941/2911 1035/1035/1033
f 1706/1706/1702 2944/2944/2914 2529/2529/2510
f 1706/1706/1702 1420/1420/1416 2944/2944/2914
f 2605/2605/2586 1624/1624/1620 1621/1621/1617
f 2605/2605/2586 2606/2606/2587 1624/1624/1620
f 2664/2664/2644 2209/2209/2200 2079/2079/2071
f 2664/2664/2644 2207/2207/2198 2209/2209/2200
f 2214/2214/2205 2546/2546/2527 2149/2149/2140
f 2214/2214/2205 1258/1258/1254 2546/2546/2527
f 47/47/47 2945/2945/2915 2946/2946/2916
f 698/698/698 2947/2947/2917 699/699/699
f 698/698/698 1390/1390/1386 2947/2947/2917
f 2948/2948/2918 2457/2457/2442 2577/2577/2558
f 2948/2948/2918 2949/2949/2919 2457/2457/2442
f 2950/2950/2920 987/987/987 989/989/989
f 2951/2951/2921 987/987/987 2950/2950/2920
f 1665/1665/1661 536/536/536 538/538/538
f 1665/1665/1661 2306/2306/2296 536/536/536
f 2952/2952/2922 479/479/479 1297/1297/1293
f 480/480/480 479/479/479 2952/2952/2922
f 47/47/47 1846/1846/1839 1847/1847/1840
f 2145/2145/2136 2115/2115/2107 1054/1054/1052
f 2145/2145/2136 2045/2045/2037 2115/2115/2107
f 2759/2759/2735 73/73/73 1709/1709/1705
f 717/717/717 73/73/73 2759/2759/2735
f 2648/2648/2629 55/55/55 2561/2561/2542
f 1018/1018/1016 2007/2007/1999 2420/2420/2405
f 1018/1018/1016 2009/2009/2001 2007/2007/1999
f 393/393/393 1710/1710/1706 391/391/391
f 832/832/832 1710/1710/1706 393/393/393
f 2933/2933/2903 1607/1607/1603 1670/1670/1666
f 1184/1184/1180 1607/1607/1603 2933/2933/2903
f 213/213/213 61/61/61 204/204/204
f 1441/1441/1437 61/61/61 213/213/213
f 1838/1838/1831 1425/1425/1421 1427/1427/1423
f 801/801/801 1425/1425/1421 1838/1838/1831
f 2249/2249/2240 1502/1502/1498 2499/2499/2480
f 2922/2922/2892 625/625/625 2219/2219/2210
f 1503/1503/1499 625/625/625 2922/2922/2892
f 2249/2249/2240 1503/1503/1499 1502/1502/1498
f 2249/2249/2240 625/625/625 1503/1503/1499
f 2732/2732/2709 757/757/757 759/759/759
f 2902/2902/2872 2071/2071/2063 2732/2732/2709
f 2071/2071/2063 434/434/434 2732/2732/2709
f 434/434/434 433/433/433 2732/2732/2709
f 433/433/433 757/757/757 2732/2732/2709
f 1529/1529/1525 1252/1252/1248 1251/1251/1247
f 1744/1744/1740 1252/1252/1248 1529/1529/1525
f 1011/1011/1009 2191/2191/2182 500/500/500
f 2437/2437/2422 2191/2191/2182 1011/1011/1009
f 264/264/264 1325/1325/1321 2872/2872/2843
f 1249/1249/1245 1325/1325/1321 264/264/264
f 1980/1980/1972 2712/2712/2689 303/303/303
f 1298/1298/1294 2712/2712/2689 1980/1980/1972
f 2888/2888/2858 2920/2920/2890 2887/2887/2857
f 2888/2888/2858 1196/1196/1192 2920/2920/2890
f 1289/1289/1285 1661/1661/1657 1663/1663/1659
f 1289/1289/1285 1288/1288/1284 1661/1661/1657
f 1199/1199/1195 1289/1289/1285 1663/1663/1659
f 1027/1027/1025 1289/1289/1285 1199/1199/1195
f 2303/2303/2293 1433/1433/1429 1434/1434/1430
f 2303/2303/2293 2302/2302/1889 1433/1433/1429
f 47/47/47 917/917/917 2395/2395/2382
f 498/498/498 970/970/970 499/499/499
f 498/498/498 597/597/597 970/970/970
f 2953/2953/2923 2731/2731/2708 2954/2954/2924
f 2953/2953/2923 2955/2955/2925 2731/2731/2708
f 2955/2955/2925 981/981/981 2731/2731/2708
f 981/981/981 982/982/982 2731/2731/2708
f 982/982/982 2884/2884/2854 2731/2731/2708
f 1328/1328/1324 2658/2658/2638 412/412/412
f 1111/1111/1109 2658/2658/2638 1328/1328/1324
f 2813/2813/2787 2535/2535/2516 1674/1674/1670
f 2514/2514/2495 2535/2535/2516 2813/2813/2787
f 2293/2293/2284 2595/2595/2576 2291/2291/2282
f 2596/2596/2577 2595/2595/2576 2293/2293/2284
f 47/47/47 154/154/154 156/156/156
f 1265/1265/1261 359/359/359 969/969/969
f 1265/1265/1261 362/362/362 359/359/359
f 1350/1350/1346 2650/2650/2630 2544/2544/2525
f 1350/1350/1346 1351/1351/1347 2650/2650/2630
f 1594/1594/1590 116/116/116 118/118/118
f 1634/1634/1630 116/116/116 1594/1594/1590
f 805/805/805 55/55/55 1738/1738/1734
f 2737/2737/2714 334/334/334 2654/2654/2634
f 2737/2737/2714 2754/2754/2731 334/334/334
f 55/55/55 487/487/487 486/486/486
f 1788/1788/1784 1376/1376/1372 2718/2718/2695
f 1377/1377/1373 1376/1376/1372 1788/1788/1784
f 1568/1568/1564 2134/2134/2126 1318/1318/1314
f 1568/1568/1564 1567/1567/1563 2134/2134/2126
f 2028/2028/2020 2937/2937/2907 2439/2439/2424
f 2028/2028/2020 2029/2029/2021 2937/2937/2907
f 2387/2387/2374 575/575/575 577/577/577
f 2387/2387/2374 2562/2562/2543 575/575/575
f 55/55/55 310/310/310 309/309/309
f 1895/1895/1888 656/656/656 2956/2956/2926
f 914/914/914 656/656/656 1895/1895/1888
f 2513/2513/2494 2535/2535/2516 2514/2514/2495
f 2513/2513/2494 1295/1295/1291 2535/2535/2516
f 2227/2227/2218 731/731/731 733/733/733
f 2227/2227/2218 2860/2860/2831 731/731/731
f 1844/1844/1837 2957/2957/2927 2958/2958/2928
f 1843/1843/1836 2957/2957/2927 1844/1844/1837
f 2101/2101/2093 1633/1633/1629 1595/1595/1591
f 2100/2100/2092 1633/1633/1629 2101/2101/2093
f 1895/1895/1888 509/509/509 510/510/510
f 1895/1895/1888 2956/2956/2926 509/509/509
f 2755/2755/2732 1472/1472/1468 157/157/157
f 1473/1473/1469 1472/1472/1468 2755/2755/2732
f 420/420/420 189/189/189 1382/1382/1378
f 187/187/187 189/189/189 420/420/420
f 533/533/533 2372/2372/2361 561/561/561
f 476/476/476 2372/2372/2361 533/533/533
f 1096/1096/1094 255/255/255 1076/1076/1074
f 2733/2733/2710 255/255/255 1096/1096/1094
f 1732/1732/1728 2588/2588/2569 2792/2792/2766
f 1732/1732/1728 1095/1095/1093 2588/2588/2569
f 47/47/47 794/794/794 1892/1892/1885
f 2488/2488/2469 1456/1456/1452 2727/2727/2704
f 1457/1457/1453 1456/1456/1452 2488/2488/2469
f 1084/1084/1082 2959/2959/2929 1164/1164/1160
f 1084/1084/1082 1086/1086/1084 2959/2959/2929
f 2402/2402/2389 1610/1610/1606 2831/2831/2804
f 2402/2402/2389 2427/2427/2412 1610/1610/1606
f 914/914/914 654/654/654 656/656/656
f 863/863/863 654/654/654 914/914/914
f 2194/2194/2185 2931/2931/2901 2192/2192/2183
f 2416/2416/2401 2931/2931/2901 2194/2194/2185
f 1622/1622/1618 2943/2943/2913 1363/1363/1359
f 1624/1624/1620 2943/2943/2913 1622/1622/1618
f 2498/2498/2479 2249/2249/2240 2499/2499/2480
f 2250/2250/2241 2960/2960/2930 2924/2924/2894
f 2250/2250/2241 2961/2961/2931 2960/2960/2930
f 2961/2961/2931 2249/2249/2240 2498/2498/2479
f 2250/2250/2241 2249/2249/2240 2961/2961/2931
f 55/55/55 2962/2962/2932 2963/2963/2933
f 47/47/47 2964/2964/2934 249/249/249
f 55/55/55 483/483/483 488/488/488
f 133/133/133 2413/2413/718 2258/2258/2249
f 135/135/135 2413/2413/718 133/133/133
f 2965/2965/2935 2966/2966/2936 2967/2967/2937
f 2968/2968/2938 2969/2969/2939 2093/2093/2085
f 2968/2968/2938 2970/2970/2940 2969/2969/2939
f 2970/2970/2940 2966/2966/2936 2965/2965/2935
f 2968/2968/2938 2966/2966/2936 2970/2970/2940
f 1449/1449/1445 2971/2971/2941 2684/2684/2663
f 1448/1448/1444 2971/2971/2941 1449/1449/1445
f 146/146/146 2603/2603/2584 2636/2636/2617
f 146/146/146 148/148/148 2603/2603/2584
f 514/514/514 191/191/191 515/515/515
f 514/514/514 194/194/194 191/191/191
f 2692/2692/2671 1291/1291/1287 188/188/188
f 2692/2692/2671 1294/1294/1290 1291/1291/1287
f 2520/2520/2501 219/219/219 221/221/221
f 932/932/932 219/219/219 2520/2520/2501
f 1655/1655/1651 1256/1256/1252 2215/2215/2206
f 1655/1655/1651 1809/1809/1804 1256/1256/1252
f 1586/1586/1582 465/465/465 467/467/467
f 1586/1586/1582 1104/1104/1102 465/465/465
f 137/137/137 1210/1210/1206 138/138/138
f 137/137/137 714/714/714 1210/1210/1206
f 2712/2712/2689 301/301/301 303/303/303
f 2712/2712/2689 873/873/873 301/301/301
f 2950/2950/2920 2047/2047/2039 2972/2972/2942
f 2950/2950/2920 989/989/989 2047/2047/2039
f 492/492/492 2958/2958/2928 2515/2515/2496
f 1844/1844/1837 2958/2958/2928 492/492/492
f 47/47/47 1493/1493/1489 1497/1497/1493
f 1115/1115/1113 1511/1511/1507 1513/1513/1509
f 1115/1115/1113 1930/1930/1922 1511/1511/1507
f 1829/1829/1822 682/682/682 1148/1148/1144
f 680/680/680 682/682/682 1829/1829/1822
f 2495/2495/2476 2950/2950/2920 2973/2973/2943
f 2495/2495/2476 2951/2951/2921 2950/2950/2920
f 1875/1875/1868 385/385/385 383/383/383
f 1875/1875/1868 1589/1589/1585 385/385/385
f 595/595/595 2368/2368/2357 593/593/593
f 2461/2461/2446 2368/2368/2357 595/595/595
f 2645/2645/2626 949/949/949 1423/1423/1419
f 950/950/950 949/949/949 2645/2645/2626
f 1266/1266/1262 2870/2870/2841 1501/1501/1497
f 1617/1617/1613 2870/2870/2841 1266/1266/1262
f 745/745/745 1465/1465/1461 748/748/748
f 1463/1463/1459 1465/1465/1461 745/745/745
f 2974/2974/2944 1313/1313/1309 1315/1315/1311
f 2974/2974/2944 2975/2975/2945 1313/1313/1309
f 2976/2976/2946 1253/1253/1249 1254/1254/1250
f 2850/2850/2821 1253/1253/1249 2976/2976/2946
f 198/198/198 1618/1618/1614 278/278/278
f 1619/1619/1615 1618/1618/1614 198/198/198
f 2971/2971/2941 2084/2084/2076 2156/2156/2147
f 2929/2929/2899 2084/2084/2076 2971/2971/2941
f 47/47/47 2826/2826/2799 2828/2828/2801
f 1241/1241/1237 1452/1452/1448 1832/1832/1825
f 1453/1453/1449 1452/1452/1448 1241/1241/1237
f 47/47/47 1509/1509/1505 1505/1505/1501
f 1450/1450/1446 2928/2928/2898 1448/1448/1444
f 2819/2819/2793 2928/2928/2898 1450/1450/1446
f 1820/1820/1813 1440/1440/1436 1442/1442/1438
f 1820/1820/1813 2108/2108/2100 1440/1440/1436
f 1395/1395/1391 2755/2755/2732 2914/2914/2884
f 1395/1395/1391 1473/1473/1469 2755/2755/2732
f 1390/1390/1386 2422/2422/2407 2947/2947/2917
f 1390/1390/1386 1720/1720/1716 2422/2422/2407
f 2977/2977/2947 81/81/81 83/83/83
f 1382/1382/1378 81/81/81 2977/2977/2947
f 2695/2695/2674 2587/2587/2568 2697/2697/2676
f 2585/2585/2566 2587/2587/2568 2695/2695/2674
f 432/432/432 818/818/818 2344/2344/2334
f 2729/2729/2706 818/818/818 432/432/432
f 195/195/195 1619/1619/1615 198/198/198
f 2978/2978/2948 1619/1619/1615 195/195/195
f 2653/2653/2633 2737/2737/2714 2654/2654/2634
f 1092/1092/1090 2737/2737/2714 2653/2653/2633
f 1515/1515/1511 959/959/959 868/868/868
f 1515/1515/1511 1517/1517/1513 959/959/959
f 1560/1560/1556 2379/2379/2368 545/545/545
f 1560/1560/1556 2380/2380/2369 2379/2379/2368
f 1530/1530/1526 2776/2776/2750 1531/1531/1527
f 1530/1530/1526 2979/2979/2949 2776/2776/2750
f 501/501/501 1071/1071/1069 681/681/681
f 501/501/501 503/503/503 1071/1071/1069
f 2794/2794/2768 1716/1716/1712 2980/2980/2950
f 1717/1717/1713 1716/1716/1712 2794/2794/2768
f 1481/1481/1477 2296/2296/2287 2823/2823/2796
f 2294/2294/2285 2296/2296/2287 1481/1481/1477
f 509/509/509 2850/2850/2821 2976/2976/2946
f 2956/2956/2926 2850/2850/2821 509/509/509
f 2083/2083/2075 2356/2356/2345 2082/2082/2074
f 2083/2083/2075 867/867/867 2356/2356/2345
f 1877/1877/1870 1004/1004/1002 1337/1337/1333
f 1333/1333/1329 1004/1004/1002 1877/1877/1870
f 1958/1958/1950 55/55/55 2981/2981/2951
f 974/974/974 85/85/85 2452/2452/2437
f 976/976/976 85/85/85 974/974/974
f 856/856/856 1187/1187/1183 1900/1900/1892
f 858/858/858 1187/1187/1183 856/856/856
f 1787/1787/1783 397/397/397 2523/2523/2504
f 1787/1787/1783 1726/1726/1722 397/397/397
f 55/55/55 844/844/844 2982/2982/2952
f 2436/2436/2421 1011/1011/1009 1008/1008/1006
f 2436/2436/2421 2437/2437/2422 1011/1011/1009
f 47/47/47 2983/2983/2953 1508/1508/1504
f 101/101/101 1393/1393/1389 104/104/104
f 207/207/207 1393/1393/1389 101/101/101
f 1761/1761/1757 55/55/55 2865/2865/2836
f 2558/2558/2539 526/526/526 2829/2829/2802
f 2558/2558/2539 529/529/529 526/526/526
f 2977/2977/2947 1874/1874/1867 1163/1163/1159
f 2977/2977/2947 83/83/83 1874/1874/1867
f 2825/2825/2798 2016/2016/2008 2018/2018/2010
f 1385/1385/1381 2016/2016/2008 2825/2825/2798
f 2445/2445/2430 2763/2763/2738 2204/2204/2195
f 2445/2445/2430 2630/2630/2611 2763/2763/2738
f 2222/2222/2213 2191/2191/2182 2437/2437/2422
f 2222/2222/2213 2933/2933/2903 2191/2191/2182
f 1989/1989/1981 436/436/436 1988/1988/1980
f 437/437/437 436/436/436 1989/1989/1981
f 2377/2377/2366 2864/2864/2835 2845/2845/2816
f 2984/2984/2954 2864/2864/2835 2377/2377/2366
f 1594/1594/1590 1590/1590/1586 1592/1592/1588
f 1594/1594/1590 118/118/118 1590/1590/1586
f 55/55/55 2030/2030/2022 1599/1599/1595
f 55/55/55 802/802/802 457/457/457
f 2716/2716/2693 2833/2833/2806 2717/2717/2694
f 2716/2716/2693 2693/2693/2672 2833/2833/2806
f 47/47/47 2470/2470/2453 2465/2465/2450
f 789/789/789 1263/1263/1259 469/469/469
f 789/789/789 530/530/530 1263/1263/1259
f 2573/2573/2554 2820/2820/2794 2575/2575/2556
f 2879/2879/2849 2820/2820/2794 2573/2573/2554
f 2472/2472/2455 1937/1937/1929 2139/2139/2131
f 2292/2292/2283 1937/1937/1929 2472/2472/2455
f 2078/2078/2070 2131/2131/2123 2077/2077/2069
f 2078/2078/2070 1407/1407/1403 2131/2131/2123
f 1421/1421/1417 398/398/398 2112/2112/2104
f 399/399/399 398/398/398 1421/1421/1417
f 1290/1290/1286 1872/1872/1865 1288/1288/1284
f 1290/1290/1286 1870/1870/1863 1872/1872/1865
f 1788/1788/1784 1725/1725/1721 1726/1726/1722
f 1788/1788/1784 2718/2718/2695 1725/1725/1721
f 1882/1882/1875 2921/2921/2891 2453/2453/2438
f 1437/1437/1433 2921/2921/2891 1882/1882/1875
f 2462/2462/2447 2881/2881/2851 2460/2460/2445
f 1546/1546/1542 2881/2881/2851 2462/2462/2447
f 47/47/47 2828/2828/2801 2827/2827/2800
f 1062/1062/1060 2985/2985/2955 2791/2791/2765
f 1062/1062/1060 1064/1064/1062 2985/2985/2955
f 2186/2186/2177 1504/1504/1500 2336/2336/2326
f 663/663/663 1504/1504/1500 2186/2186/2177
f 2763/2763/2738 2629/2629/2610 2986/2986/2956
f 2630/2630/2611 2629/2629/2610 2763/2763/2738
f 376/376/376 2180/2180/2171 377/377/377
f 376/376/376 2896/2896/2866 2180/2180/2171
f 2761/2761/2249 717/717/717 2759/2759/2735
f 718/718/718 717/717/717 2761/2761/2249
f 1119/1119/1117 55/55/55 1114/1114/1112
f 2886/2886/2856 55/55/55 2987/2987/2957
f 958/958/958 1849/1849/1842 1541/1541/1537
f 958/958/958 1311/1311/1307 1849/1849/1842
f 768/768/768 854/854/854 769/769/769
f 768/768/768 2276/2276/2267 854/854/854
f 2044/2044/2036 2744/2744/2721 223/223/223
f 2046/2046/2038 2744/2744/2721 2044/2044/2036
f 1988/1988/1980 2381/2381/2370 1167/1167/1163
f 1988/1988/1980 2891/2891/2861 2381/2381/2370
f 1785/1785/1781 2018/2018/2010 1784/1784/1780
f 2825/2825/2798 2018/2018/2010 1785/1785/1781
f 2743/2743/2720 2988/2988/2958 226/226/226
f 2743/2743/2720 2005/2005/1997 2988/2988/2958
f 2849/2849/2820 2161/2161/2152 2181/2181/2172
f 2849/2849/2820 2847/2847/2818 2161/2161/2152
f 2717/2717/2694 2832/2832/2805 2975/2975/2945
f 2717/2717/2694 2833/2833/2806 2832/2832/2805
f 2989/2989/2959 2152/2152/2143 2990/2990/2960
f 649/649/649 2152/2152/2143 2989/2989/2959
f 861/861/861 1462/1462/1458 2502/2502/2483
f 1460/1460/1456 1462/1462/1458 861/861/861
f 2106/2106/2098 2582/2582/2563 2051/2051/2043
f 2583/2583/2564 2582/2582/2563 2106/2106/2098
f 2508/2508/2489 818/818/818 2729/2729/2706
f 2508/2508/2489 816/816/816 818/818/818
f 575/575/575 1837/1837/1830 1429/1429/1425
f 2562/2562/2543 1837/1837/1830 575/575/575
f 2857/2857/2828 2003/2003/1995 2991/2991/2961
f 2857/2857/2828 2624/2624/2605 2003/2003/1995
f 2830/2830/2803 924/924/924 640/640/640
f 2830/2830/2803 2313/2313/2303 924/924/924
f 47/47/47 1488/1488/1484 1864/1864/1857
f 2593/2593/2574 2303/2303/2293 2528/2528/2509
f 2593/2593/2574 9/9/9 2303/2303/2293
f 265/265/265 2872/2872/2843 2871/2871/2842
f 264/264/264 2872/2872/2843 265/265/265
f 47/47/47 106/106/106 111/111/111
f 2992/2992/2962 2773/2773/2747 2775/2775/2749
f 240/240/240 600/600/600 1847/1847/1840
f 601/601/601 2773/2773/2747 2992/2992/2962
f 240/240/240 601/601/601 600/600/600
f 240/240/240 2773/2773/2747 601/601/601
f 738/738/738 637/637/637 639/639/639
f 740/740/740 637/637/637 738/738/738
f 531/531/531 1731/1731/1727 1732/1732/1728
f 860/860/860 1731/1731/1727 531/531/531
f 55/55/55 2622/2622/2603 2621/2621/2602
f 47/47/47 572/572/572 571/571/571
f 2138/2138/2130 2316/2316/2306 2940/2940/2910
f 2138/2138/2130 2993/2993/2963 2316/2316/2306
f 963/963/963 2378/2378/2367 896/896/896
f 963/963/963 2565/2565/2546 2378/2378/2367
f 302/302/302 874/874/874 2231/2231/2222
f 301/301/301 874/874/874 302/302/302
f 2419/2419/2404 1051/1051/1049 2925/2925/2895
f 1050/1050/1048 1051/1051/1049 2419/2419/2404
f 1889/1889/1882 363/363/363 1645/1645/1641
f 1889/1889/1882 2915/2915/2885 363/363/363
f 2692/2692/2671 892/892/892 1294/1294/1290
f 2422/2422/2407 892/892/892 2692/2692/2671
f 1397/1397/1393 1422/1422/1418 1471/1471/1467
f 1423/1423/1419 1422/1422/1418 1397/1397/1393
f 972/972/972 376/376/376 378/378/378
f 972/972/972 2229/2229/2220 376/376/376
f 47/47/47 2817/2817/2791 2818/2818/2792
f 2287/2287/2278 683/683/683 680/680/680
f 2994/2994/2964 683/683/683 2287/2287/2278
f 1916/1916/1908 1768/1768/1764 1769/1769/1765
f 2623/2623/2604 2836/2836/2809 1916/1916/1908
f 2836/2836/2809 2995/2995/2965 1916/1916/1908
f 2995/2995/2965 2927/2927/2897 1916/1916/1908
f 2927/2927/2897 1768/1768/1764 1916/1916/1908
f 2819/2819/2793 550/550/550 2928/2928/2898
f 551/551/551 550/550/550 2819/2819/2793
f 411/411/411 1312/1312/1308 2996/2996/2966
f 411/411/411 1315/1315/1311 1312/1312/1308
f 1789/1789/1785 2374/2374/2363 475/475/475
f 1789/1789/1785 419/419/419 2374/2374/2363
f 1476/1476/1472 1467/1467/1463 1469/1469/1465
f 130/130/130 1467/1467/1463 1476/1476/1472
f 2699/2699/2678 19/19/19 2702/2702/2681
f 17/17/17 19/19/19 2699/2699/2678
f 55/55/55 2350/2350/2339 2997/2997/2967
f 1576/1576/1572 1907/1907/1899 1575/1575/1571
f 1576/1576/1572 1583/1583/1579 1907/1907/1899
f 1222/1222/1218 1017/1017/1015 1444/1444/1440
f 1222/1222/1218 1221/1221/1217 1017/1017/1015
f 1796/1796/1791 2300/2300/2291 1797/1797/1792
f 1796/1796/1791 2299/2299/2290 2300/2300/2291
f 47/47/47 821/821/821 2642/2642/2623
f 47/47/47 1847/1847/1840 600/600/600
f 270/270/270 2920/2920/2890 268/268/268
f 2887/2887/2857 2920/2920/2890 270/270/270
f 621/621/621 2120/2120/2112 2998/2998/2968
f 620/620/620 2120/2120/2112 621/621/621
f 2937/2937/2907 2185/2185/2176 2184/2184/2175
f 917/917/917 1218/1218/1214 2395/2395/2382
f 916/916/916 1218/1218/1214 917/917/917
f 2937/2937/2907 916/916/916 2185/2185/2176
f 2937/2937/2907 1218/1218/1214 916/916/916
f 1523/1523/1519 72/72/72 69/69/69
f 1943/1943/1935 72/72/72 1523/1523/1519
f 55/55/55 1770/1770/1766 1768/1768/1764
f 598/598/598 1057/1057/1055 937/937/937
f 598/598/598 599/599/599 1057/1057/1055
f 47/47/47 2490/2490/2471 1848/1848/1841
f 1251/1251/1247 2028/2028/2020 2999/2999/2969
f 1251/1251/1247 544/544/544 2028/2028/2020
f 2591/2591/2572 1711/1711/1707 2024/2024/2016
f 2591/2591/2572 1714/1714/1710 1711/1711/1707
f 1511/1511/1507 1799/1799/1794 1512/1512/1508
f 1511/1511/1507 2142/2142/2133 1799/1799/1794
f 565/565/565 1260/1260/1256 1058/1058/1056
f 565/565/565 567/567/567 1260/1260/1256
f 990/990/990 807/807/807 2015/2015/2007
f 1152/1152/1148 807/807/807 990/990/990
f 931/931/931 911/911/911 1177/1177/1173
f 909/909/909 911/911/911 931/931/931
f 47/47/47 2935/2935/2905 3000/3000/2970
f 2806/2806/2780 1995/1995/1987 2011/2011/2003
f 2806/2806/2780 1053/1053/1051 1995/1995/1987
f 3001/3001/2971 55/55/55 1631/1631/1627
f 1086/1086/1084 933/933/933 2959/2959/2929
f 1086/1086/1084 936/936/936 933/933/933
f 879/879/879 2984/2984/2954 2377/2377/2366
f 1232/1232/1228 2984/2984/2954 879/879/879
f 2112/2112/2104 2551/2551/2532 2113/2113/2105
f 2112/2112/2104 2549/2549/2530 2551/2551/2532
f 278/278/278 2625/2625/2606 281/281/281
f 1618/1618/1614 2625/2625/2606 278/278/278
f 55/55/55 455/455/455 454/454/454
f 6/6/6 1627/1627/1623 729/729/729
f 6/6/6 2708/2708/2685 1627/1627/1623
f 1972/1972/1964 2324/2324/2314 2326/2326/2316
f 2345/2345/2335 2324/2324/2314 1972/1972/1964
f 1813/1813/1806 422/422/422 1811/1811/1805
f 1813/1813/1806 327/327/327 422/422/422
f 377/377/377 978/978/978 980/980/980
f 377/377/377 2180/2180/2171 978/978/978
f 2425/2425/2410 2528/2528/2509 1826/1826/1819
f 2871/2871/2842 2528/2528/2509 2425/2425/2410
f 1682/1682/1678 426/426/426 428/428/428
f 2352/2352/2341 426/426/426 1682/1682/1678
f 224/224/224 2988/2988/2958 2159/2159/2150
f 226/226/226 2988/2988/2958 224/224/224
f 2105/2105/2097 2522/2522/2503 2921/2921/2891
f 2105/2105/2097 2524/2524/2505 2522/2522/2503
f 1332/1332/1328 2020/2020/2012 1007/1007/1005
f 1551/1551/1547 2020/2020/2012 1332/1332/1328
f 2011/2011/2003 1992/1992/1984 2010/2010/2002
f 2011/2011/2003 1995/1995/1987 1992/1992/1984
f 55/55/55 1934/1934/1926 1933/1933/1925
f 1255/1255/1251 889/889/889 891/891/891
f 1255/1255/1251 1386/1386/1382 889/889/889
f 2661/2661/2641 55/55/55 1676/1676/1672
f 3002/3002/2972 2957/2957/2927 1843/1843/1836
f 3002/3002/2972 2766/2766/2741 2957/2957/2927
f 2576/2576/2557 2787/2787/2761 516/516/516
f 2781/2781/2755 2787/2787/2761 2576/2576/2557
f 2152/2152/2143 1700/1700/1696 2990/2990/2960
f 2152/2152/2143 2311/2311/2301 1700/1700/1696
f 2382/2382/2078 2206/2206/2197 2843/2843/2011
f 2382/2382/2078 2383/2383/2371 2206/2206/2197
f 176/176/176 961/961/961 782/782/782
f 2862/2862/2833 961/961/961 176/176/176
f 1909/1909/1901 1800/1800/1795 1910/1910/1902
f 1909/1909/1901 1803/1803/1798 1800/1800/1795
f 2487/2487/2468 2505/2505/2486 670/670/670
f 2337/2337/2327 2505/2505/2486 2487/2487/2468
f 47/47/47 2655/2655/2635 1235/1235/1231
f 2959/2959/2929 2279/2279/2270 2979/2979/2949
f 2959/2959/2929 933/933/933 2279/2279/2270
f 1380/1380/1376 343/343/343 145/145/145
f 1352/1352/1348 343/343/343 1380/1380/1376
f 1659/1659/1655 2635/2635/2616 1267/1267/1263
f 1101/1101/1099 2635/2635/2616 1659/1659/1655
f 47/47/47 3003/3003/2973 1557/1557/1553
f 707/707/707 2990/2990/2960 710/710/710
f 2989/2989/2959 2990/2990/2960 707/707/707
f 1427/1427/1423 2740/2740/2717 1692/1692/1688
f 1427/1427/1423 1426/1426/1422 2740/2740/2717
f 55/55/55 2910/2910/2880 1773/1773/1769
f 1964/1964/1956 1652/1652/1648 1651/1651/1647
f 1964/1964/1956 1816/1816/1809 1652/1652/1648
f 85/85/85 2451/2451/2436 2452/2452/2437
f 85/85/85 87/87/87 2451/2451/2436
f 1814/1814/1807 379/379/379 381/381/381
f 541/541/541 379/379/379 1814/1814/1807
f 2460/2460/2445 2368/2368/2357 2461/2461/2446
f 2460/2460/2445 2366/2366/2355 2368/2368/2357
f 55/55/55 2679/2679/2659 2866/2866/2837
f 817/817/817 694/694/694 696/696/696
f 819/819/819 694/694/694 817/817/817
f 55/55/55 3004/3004/2974 2715/2715/2692
f 298/298/298 1284/1284/1280 1967/1967/1959
f 298/298/298 1579/1579/1575 1284/1284/1280
f 506/506/506 430/430/430 2856/2856/2827
f 506/506/506 2730/2730/2707 430/430/430
f 1704/1704/1700 2904/2904/2874 2906/2906/2876
f 1704/1704/1700 2839/2839/2812 2904/2904/2874
f 1583/1583/1579 2859/2859/2830 1907/1907/1899
f 1583/1583/1579 2238/2238/2229 2859/2859/2830
f 2702/2702/2681 1205/1205/1201 1839/1839/1832
f 19/19/19 1205/1205/1201 2702/2702/2681
f 2908/2908/2878 2731/2731/2708 2102/2102/2094
f 2954/2954/2924 2731/2731/2708 2908/2908/2878
f 2586/2586/2567 1077/1077/1075 2747/2747/2724
f 1078/1078/1076 1077/1077/1075 2586/2586/2567
f 332/332/332 1137/1137/1134 333/333/333
f 332/332/332 1135/1135/1133 1137/1137/1134
f 47/47/47 2775/2775/2749 2774/2774/2748
f 518/518/518 1561/1561/1557 1051/1051/1049
f 518/518/518 520/520/520 1561/1561/1557
f 1530/1530/1526 2959/2959/2929 2979/2979/2949
f 1164/1164/1160 2959/2959/2929 1530/1530/1526
f 47/47/47 2218/2218/2209 2220/2220/2211
f 1642/1642/1638 2183/2183/2174 1640/1640/1636
f 1642/1642/1638 2753/2753/2730 2183/2183/2174
f 2139/2139/2131 2940/2940/2910 2941/2941/2911
f 2139/2139/2131 2138/2138/2130 2940/2940/2910
f 498/498/498 596/596/596 597/597/597
f 1668/1668/1664 596/596/596 498/498/498
f 26/26/26 3005/3005/2975 2868/2868/2839
f 28/28/28 3005/3005/2975 26/26/26
f 2176/2176/2167 55/55/55 2177/2177/2168
f 2546/2546/2527 3006/3006/2976 2547/2547/2528
f 2154/2154/2145 2489/2489/2470 2521/2521/2502
f 2153/2153/2144 2489/2489/2470 2154/2154/2145
f 2546/2546/2527 2153/2153/2144 3006/3006/2976
f 2546/2546/2527 2489/2489/2470 2153/2153/2144
f 2820/2820/2794 551/551/551 2819/2819/2793
f 2568/2568/2549 551/551/551 2820/2820/2794
f 2172/2172/2163 2307/2307/2297 2435/2435/2420
f 2172/2172/2163 2174/2174/2165 2307/2307/2297
f 2673/2673/2653 55/55/55 2675/2675/2655
f 1585/1585/1581 467/467/467 1904/1904/1896
f 1585/1585/1581 1586/1586/1582 467/467/467
f 1032/1032/1030 48/48/48 2796/2796/2770
f 3007/3007/2977 1034/1034/1032 820/820/820
f 49/49/49 1034/1034/1032 3007/3007/2977
f 1032/1032/1030 49/49/49 48/48/48
f 1032/1032/1030 1034/1034/1032 49/49/49
f 3008/3008/2978 2673/2673/2653 2674/2674/2654
f 1154/1154/1150 1155/1155/1151 3008/3008/2978
f 1155/1155/1151 3009/3009/2979 3008/3008/2978
f 3009/3009/2979 2846/2846/2817 3008/3008/2978
f 2846/2846/2817 2673/2673/2653 3008/3008/2978
f 55/55/55 1025/1025/1023 1024/1024/1022
f 2349/2349/2307 165/165/165 167/167/167
f 2680/2680/2308 165/165/165 2349/2349/2307
f 2409/2409/2396 2450/2450/2435 690/690/690
f 2410/2410/2397 2450/2450/2435 2409/2409/2396
f 55/55/55 2338/2338/2328 3010/3010/2980
f 55/55/55 2660/2660/2640 2449/2449/2434
f 2824/2824/2797 1785/1785/1781 2754/2754/2731
f 2824/2824/2797 2825/2825/2798 1785/1785/1781
f 2759/2759/2735 2244/2244/2235 2760/2760/2736
f 2759/2759/2735 1709/1709/1705 2244/2244/2235
f 2778/2778/2752 1696/1696/1692 2777/2777/2751
f 2778/2778/2752 2569/2569/2550 1696/1696/1692
f 1079/1079/1077 2376/2376/2365 1077/1077/1075
f 1079/1079/1077 2065/2065/2057 2376/2376/2365
f 961/961/961 896/896/896 782/782/782
f 961/961/961 963/963/963 896/896/896
f 1303/1303/1299 2270/2270/2261 2479/2479/2462
f 1303/1303/1299 1305/1305/1301 2270/2270/2261
f 1182/1182/1178 2933/2933/2903 2222/2222/2213
f 1182/1182/1178 1184/1184/1180 2933/2933/2903
f 1968/1968/1960 2493/2493/2474 1345/1345/1341
f 1968/1968/1960 1967/1967/1959 2493/2493/2474
f 2348/2348/2338 1689/1689/1685 2795/2795/2769
f 2348/2348/2338 1838/1838/1831 1689/1689/1685
f 1582/1582/1578 1693/1693/1689 1584/1584/1580
f 2277/2277/2268 1693/1693/1689 1582/1582/1578
f 843/843/843 1042/1042/1040 1409/1409/1405
f 842/842/842 3011/3011/2981 843/843/843
f 3011/3011/2981 3012/3012/2982 843/843/843
f 3012/3012/2982 1043/1043/1041 843/843/843
f 1043/1043/1041 1042/1042/1040 843/843/843
f 1876/1876/1869 1514/1514/1510 2198/2198/2189
f 1876/1876/1869 1334/1334/1330 1514/1514/1510
f 47/47/47 3000/3000/2970 2713/2713/2690
f 311/311/311 55/55/55 312/312/312
f 47/47/47 338/338/338 67/67/67
f 666/666/666 2400/2400/2387 3013/3013/2983
f 666/666/666 668/668/668 2400/2400/2387
f 1539/1539/1535 711/711/711 439/439/439
f 967/967/967 711/711/711 1539/1539/1535
f 47/47/47 1061/1061/1059 1487/1487/1483
f 1993/1993/1985 3014/3014/2984 1994/1994/1986
f 1993/1993/1985 2786/2786/2760 3014/3014/2984
f 483/483/483 1821/1821/1814 484/484/484
f 483/483/483 3015/3015/2985 1821/1821/1814
f 3015/3015/2985 2997/2997/2967 1821/1821/1814
f 2997/2997/2967 2350/2350/2339 1821/1821/1814
f 2350/2350/2339 1819/1819/1812 1821/1821/1814
f 2789/2789/2763 745/745/745 2790/2790/2764
f 2789/2789/2763 1463/1463/1459 745/745/745
f 2776/2776/2750 2279/2279/2270 287/287/287
f 2979/2979/2949 2279/2279/2270 2776/2776/2750
f 963/963/963 2564/2564/2545 2565/2565/2546
f 962/962/962 2564/2564/2545 963/963/963
f 1885/1885/1878 1566/1566/1562 1372/1372/1368
f 1885/1885/1878 2160/2160/2151 1566/1566/1562
f 2358/2358/2347 2681/2681/2660 2359/2359/2348
f 2358/2358/2347 2750/2750/2727 2681/2681/2660
f 47/47/47 3007/3007/2977 820/820/820
f 2107/2107/2099 1021/1021/1019 2108/2108/2100
f 2107/2107/2099 3016/3016/2986 1021/1021/1019
f 3016/3016/2986 2659/2659/2639 1021/1021/1019
f 2659/2659/2639 2503/2503/2484 1021/1021/1019
f 2503/2503/2484 1024/1024/1022 1021/1021/1019
f 2489/2489/2470 848/848/848 2521/2521/2502
f 2983/2983/2953 1506/1506/1502 1508/1508/1504
f 849/849/849 1506/1506/1502 2983/2983/2953
f 2489/2489/2470 849/849/849 848/848/848
f 2489/2489/2470 1506/1506/1502 849/849/849
f 1400/1400/1396 173/173/173 175/175/175
f 809/809/809 173/173/173 1400/1400/1396
f 2765/2765/2740 133/133/133 2257/2257/2248
f 134/134/134 133/133/133 2765/2765/2740
f 2842/2842/2815 1992/1992/1984 2694/2694/2673
f 2010/2010/2002 1992/1992/1984 2842/2842/2815
f 2869/2869/2840 2322/2322/2312 1759/1759/1755
f 2008/2008/2000 2322/2322/2312 2869/2869/2840
f 585/585/585 1531/1531/1527 2431/2431/2416
f 1067/1067/1065 1531/1531/1527 585/585/585
f 47/47/47 2440/2440/2425 2938/2938/2908
f 2784/2784/2758 1691/1691/1687 2926/2926/2896
f 2783/2783/2757 1691/1691/1687 2784/2784/2758
f 286/286/286 861/861/861 859/859/859
f 286/286/286 1460/1460/1456 861/861/861
f 2765/2765/2740 3017/3017/2987 1752/1752/1748
f 2765/2765/2740 2257/2257/2248 3017/3017/2987
f 2197/2197/2188 653/653/653 2527/2527/2508
f 652/652/652 653/653/653 2197/2197/2188
f 741/741/741 224/224/224 744/744/744
f 225/225/225 224/224/224 741/741/741
f 2496/2496/2477 2170/2170/2161 2497/2497/2478
f 2496/2496/2477 2225/2225/2216 2170/2170/2161
f 1448/1448/1444 2929/2929/2899 2971/2971/2941
f 2928/2928/2898 2929/2929/2899 1448/1448/1444
f 796/796/796 1665/1665/1661 538/538/538
f 798/798/798 1665/1665/1661 796/796/796
f 1860/1860/1853 690/690/690 692/692/692
f 2409/2409/2396 690/690/690 1860/1860/1853
f 2313/2313/2303 886/886/886 2315/2315/2305
f 887/887/887 886/886/886 2313/2313/2303
f 3018/3018/2988 1926/1926/1918 2455/2455/2440
f 1927/1927/1919 1926/1926/1918 3018/3018/2988
f 2809/2809/2783 2/2/2 459/459/459
f 3/3/3 2/2/2 2809/2809/2783
f 55/55/55 2621/2621/2602 2620/2620/2601
f 2160/2160/2151 954/954/954 2855/2855/2826
f 952/952/952 954/954/954 2160/2160/2151
f 2127/2127/2119 1028/1028/1026 1026/1026/1024
f 2127/2127/2119 1835/1835/1828 1028/1028/1026
f 2564/2564/2545 1905/1905/1897 2566/2566/2547
f 1906/1906/1898 1905/1905/1897 2564/2564/2545
f 2708/2708/2685 2072/2072/2064 1627/1627/1623
f 2708/2708/2685 2106/2106/2098 2072/2072/2064
f 2746/2746/2723 783/783/783 1398/1398/1394
f 1217/1217/1213 1865/1865/1858 2397/2397/2384
f 1217/1217/1213 1866/1866/1859 1865/1865/1858
f 1866/1866/1859 783/783/783 2746/2746/2723
f 1217/1217/1213 783/783/783 1866/1866/1859
f 2698/2698/2677 1878/1878/1871 354/354/354
f 2698/2698/2677 1880/1880/1873 1878/1878/1871
f 735/735/735 2208/2208/2199 973/973/973
f 2209/2209/2200 2208/2208/2199 735/735/735
f 885/885/885 227/227/227 229/229/229
f 1978/1978/1970 227/227/227 885/885/885
f 1577/1577/1573 1550/1550/1546 922/922/922
f 1577/1577/1573 1342/1342/1338 1550/1550/1546
f 1152/1152/1148 126/126/126 807/807/807
f 1151/1151/1147 126/126/126 1152/1152/1148
f 1922/1922/1914 1387/1387/1383 1389/1389/1385
f 1922/1922/1914 2665/2665/2645 1387/1387/1383
f 415/415/415 2426/2426/2411 2427/2427/2412
f 415/415/415 414/414/414 2426/2426/2411
f 2882/2882/2852 2755/2755/2732 394/394/394
f 2914/2914/2884 2755/2755/2732 2882/2882/2852
f 2602/2602/2583 1518/1518/1514 1515/1515/1511
f 1132/1132/1130 1518/1518/1514 2602/2602/2583
f 47/47/47 156/156/156 150/150/150
f 47/47/47 3019/3019/2989 3020/3020/2990
f 699/699/699 2691/2691/2670 2891/2891/2861
f 699/699/699 2947/2947/2917 2691/2691/2670
f 1307/1307/1303 1483/1483/1479 1309/1309/1305
f 2159/2159/2150 1483/1483/1479 1307/1307/1303
f 2675/2675/2655 55/55/55 2676/2676/2656
f 47/47/47 2443/2443/2428 2442/2442/2427
f 2404/2404/2391 2427/2427/2412 2402/2402/2389
f 2404/2404/2391 415/415/415 2427/2427/2412
f 2308/2308/2298 2908/2908/2878 53/53/53
f 2310/2310/2300 2908/2908/2878 2308/2308/2298
f 55/55/55 3021/3021/2991 2643/2643/2624
f 47/47/47 2634/2634/2615 2811/2811/2785
f 1774/1774/1770 1063/1063/1061 1065/1065/1063
f 1774/1774/1770 1776/1776/1772 1063/1063/1061
f 78/78/78 443/443/443 79/79/79
f 78/78/78 1746/1746/1742 443/443/443
f 47/47/47 152/152/152 2656/2656/2636
f 708/708/708 1697/1697/1693 2840/2840/2813
f 710/710/710 1697/1697/1693 708/708/708
f 1577/1577/1573 1340/1340/1336 1342/1342/1338
f 2081/2081/2073 1340/1340/1336 1577/1577/1573
f 274/274/274 719/719/719 716/716/716
f 274/274/274 276/276/276 719/719/719
f 2783/2783/2757 1689/1689/1685 1691/1691/1687
f 2795/2795/2769 1689/1689/1685 2783/2783/2757
f 2937/2937/2907 1216/1216/1212 1218/1218/1214
f 2029/2029/2021 1216/1216/1212 2937/2937/2907
f 2245/2245/2236 579/579/579 2129/2129/2121
f 580/580/580 579/579/579 2245/2245/2236
f 554/554/554 2495/2495/2476 2973/2973/2943
f 1159/1159/1155 2495/2495/2476 554/554/554
f 244/244/244 2139/2139/2131 2941/2941/2911
f 2472/2472/2455 2139/2139/2131 244/244/244
f 163/163/163 795/795/795 2858/2858/2829
f 163/163/163 162/162/162 795/795/795
f 1948/1948/1940 97/97/97 2589/2589/2570
f 1948/1948/1940 100/100/100 97/97/97
f 376/376/376 2061/2061/2053 2896/2896/2866
f 2229/2229/2220 2061/2061/2053 376/376/376
f 2015/2015/2007 806/806/806 2013/2013/2005
f 807/807/807 806/806/806 2015/2015/2007
f 47/47/47 2961/2961/2931 2498/2498/2479
f 2288/2288/2279 2262/2262/2253 2274/2274/2265
f 2288/2288/2279 2263/2263/2254 2262/2262/2253
f 892/892/892 1292/1292/1288 1294/1294/1290
f 892/892/892 894/894/894 1292/1292/1288
f 1074/1074/1072 146/146/146 2637/2637/2618
f 1074/1074/1072 149/149/149 146/146/146
f 2031/2031/2023 2325/2325/2315 2032/2032/2024
f 2326/2326/2316 2325/2325/2315 2031/2031/2023
f 905/905/905 734/734/734 903/903/903
f 905/905/905 737/737/737 734/734/734
f 2373/2373/2362 1163/1163/1159 1162/1162/1158
f 2373/2373/2362 2977/2977/2947 1163/1163/1159
f 2771/2771/2745 1919/1919/1911 2772/2772/2746
f 2771/2771/2745 1543/1543/1539 1919/1919/1911
f 412/412/412 646/646/646 410/410/410
f 2658/2658/2638 646/646/646 412/412/412
f 2698/2698/2677 2027/2027/2019 1880/1880/1873
f 2182/2182/2173 2027/2027/2019 2698/2698/2677
f 2706/2706/2683 676/676/676 2001/2001/1993
f 2769/2769/2743 676/676/676 2706/2706/2683
f 1604/1604/1600 2830/2830/2803 2040/2040/2032
f 1604/1604/1600 1603/1603/1599 2830/2830/2803
f 47/47/47 1238/1238/1234 2491/2491/2472
f 1728/1728/1724 631/631/631 1729/1729/1725
f 1728/1728/1724 629/629/629 631/631/631
f 3021/3021/2991 55/55/55 1154/1154/1150
f 965/965/965 1539/1539/1535 1873/1873/1866
f 965/965/965 967/967/967 1539/1539/1535
f 1094/1094/1092 2288/2288/2279 2274/2274/2265
f 1149/1149/1145 2288/2288/2279 1094/1094/1092
f 1195/1195/1191 835/835/835 1786/1786/1782
f 1197/1197/1193 835/835/835 1195/1195/1191
f 47/47/47 45/45/45 44/44/44
f 318/318/318 1131/1131/1129 147/147/147
f 318/318/318 1401/1401/1397 1131/1131/1129
f 1869/1869/1862 3022/3022/2666 2021/2021/2013
f 1869/1869/1862 3023/3023/983 3022/3022/2666
f 1694/1694/1690 1457/1457/1453 1695/1695/1691
f 1694/1694/1690 1455/1455/1451 1457/1457/1453
f 1113/1113/1111 1513/1513/1509 1424/1424/1420
f 1113/1113/1111 1115/1115/1113 1513/1513/1509
f 2474/2474/2457 2332/2332/2322 2334/2334/2324
f 2474/2474/2457 2794/2794/2768 2332/2332/2322
f 2279/2279/2270 285/285/285 287/287/287
f 2279/2279/2270 841/841/841 285/285/285
f 2735/2735/2712 950/950/950 2645/2645/2626
f 2609/2609/2590 950/950/950 2735/2735/2712
f 2156/2156/2147 1166/1166/1162 1790/1790/1786
f 2084/2084/2076 1166/1166/1162 2156/2156/2147
f 2428/2428/2413 1767/1767/1763 1764/1764/1760
f 2428/2428/2413 2518/2518/2499 1767/1767/1763
f 2136/2136/2128 20/20/20 2779/2779/2753
f 2136/2136/2128 751/751/751 20/20/20
f 1202/1202/1198 1491/1491/1487 2596/2596/2577
f 1204/1204/1200 1491/1491/1487 1202/1202/1198
f 1814/1814/1807 1945/1945/1937 1815/1815/1808
f 1814/1814/1807 381/381/381 1945/1945/1937
f 2272/2272/2263 203/203/203 1970/1970/1962
f 214/214/214 203/203/203 2272/2272/2263
f 47/47/47 2878/2878/2848 2867/2867/2838
f 47/47/47 2545/2545/2526 2547/2547/2528
f 1476/1476/1472 2227/2227/2218 1477/1477/1473
f 1476/1476/1472 1469/1469/1465 2227/2227/2218
f 2784/2784/2758 1479/1479/1475 870/870/870
f 2784/2784/2758 2926/2926/2896 1479/1479/1475
f 430/430/430 2729/2729/2706 432/432/432
f 2730/2730/2707 2729/2729/2706 430/430/430
f 47/47/47 2118/2118/2110 2432/2432/2417
f 47/47/47 1487/1487/1483 1488/1488/1484
f 326/326/326 2781/2781/2755 2576/2576/2557
f 328/328/328 2781/2781/2755 326/326/326
f 2177/2177/2168 55/55/55 2178/2178/2169
f 1180/1180/1176 305/305/305 307/307/307
f 1180/1180/1176 648/648/648 305/305/305
f 2880/2880/2850 1888/1888/1881 1890/1890/1883
f 2407/2407/2394 1888/1888/1881 2880/2880/2850
f 2904/2904/2874 2026/2026/2018 2905/2905/2875
f 2904/2904/2874 2024/2024/2016 2026/2026/2018
f 2535/2535/2516 1672/1672/1668 1674/1674/1670
f 2535/2535/2516 2370/2370/2359 1672/1672/1668
f 47/47/47 1281/1281/1277 3019/3019/2989
f 2460/2460/2445 396/396/396 2366/2366/2355
f 2881/2881/2851 396/396/396 2460/2460/2445
f 86/86/86 595/595/595 87/87/87
f 86/86/86 2461/2461/2446 595/595/595
f 55/55/55 2808/2808/2782 2807/2807/2781
f 55/55/55 3024/3024/2992 3025/3025/2993
f 2123/2123/2115 1041/1041/1039 667/667/667
f 2123/2123/2115 2486/2486/2467 1041/1041/1039
f 14/14/14 838/838/838 15/15/15
f 14/14/14 2912/2912/2882 838/838/838
f 2224/2224/2215 2480/2480/2463 2171/2171/2162
f 2224/2224/2215 2359/2359/2348 2480/2480/2463
f 47/47/47 2241/2241/2232 2817/2817/2791
f 55/55/55 2538/2538/2519 2537/2537/2518
f 445/445/445 2778/2778/2752 2618/2618/2599
f 445/445/445 444/444/444 2778/2778/2752
f 490/490/490 1304/1304/1300 1306/1306/1302
f 490/490/490 2512/2512/2493 1304/1304/1300
f 2855/2855/2826 2607/2607/2588 2605/2605/2586
f 954/954/954 2607/2607/2588 2855/2855/2826
f 47/47/47 2070/2070/2062 2068/2068/2060
f 3026/3026/2994 684/684/684 2671/2671/2651
f 3026/3026/2994 3027/3027/2995 684/684/684
f 1984/1984/1976 296/296/296 1968/1968/1960
f 1357/1357/1353 296/296/296 1984/1984/1976
f 2120/2120/2112 2436/2436/2421 2998/2998/2968
f 2120/2120/2112 2221/2221/2212 2436/2436/2421
f 391/391/391 964/964/964 392/392/392
f 391/391/391 3028/3028/2996 964/964/964
f 12/12/12 346/346/346 10/10/10
f 347/347/347 346/346/346 12/12/12
f 2920/2920/2890 1195/1195/1191 1015/1015/1013
f 1196/1196/1192 1195/1195/1191 2920/2920/2890
f 472/472/472 55/55/55 54/54/54
f 1974/1974/1966 2820/2820/2794 2879/2879/2849
f 1974/1974/1966 2568/2568/2549 2820/2820/2794
f 1250/1250/1246 1374/1374/1370 2797/2797/2771
f 828/828/828 1374/1374/1370 1250/1250/1246
f 855/855/855 1143/1143/1139 858/858/858
f 1040/1040/1038 1143/1143/1139 855/855/855
f 458/458/458 1989/1989/1981 2057/2057/2049
f 458/458/458 437/437/437 1989/1989/1981
f 2379/2379/2368 2254/2254/2245 2255/2255/2246
f 2379/2379/2368 205/205/205 2254/2254/2245
f 2002/2002/1994 2779/2779/2753 2365/2365/2354
f 675/675/675 2779/2779/2753 2002/2002/1994
f 122/122/122 2966/2966/2936 2968/2968/2938
f 122/122/122 2996/2996/2966 2966/2966/2936
f 3029/3029/2997 2455/2455/2440 1231/1231/1227
f 3018/3018/2988 2455/2455/2440 3029/3029/2997
f 91/91/91 2525/2525/2506 2406/2406/2393
f 91/91/91 90/90/90 2525/2525/2506
f 47/47/47 1300/1300/1296 45/45/45
f 1140/1140/1136 1945/1945/1937 1943/1943/1935
f 1815/1815/1808 1945/1945/1937 1140/1140/1136
f 2541/2541/2522 2991/2991/2961 2897/2897/2867
f 2541/2541/2522 2857/2857/2828 2991/2991/2961
f 2898/2898/2868 1496/1496/1492 1492/1492/1488
f 2898/2898/2868 2477/2477/2460 1496/1496/1492
f 753/753/753 732/732/732 756/756/756
f 730/730/730 732/732/732 753/753/753
f 2852/2852/2823 519/519/519 521/521/521
f 2852/2852/2823 3030/3030/2998 519/519/519
f 3030/3030/2998 3031/3031/2999 519/519/519
f 3031/3031/2999 3032/3032/3000 519/519/519
f 3032/3032/3000 2619/2619/2600 519/519/519
f 47/47/47 2960/2960/2930 2961/2961/2931
f 202/202/202 2223/2223/2214 200/200/200
f 1309/1309/1305 2223/2223/2214 202/202/202
f 384/384/384 3033/3033/3001 2742/2742/2719
f 384/384/384 461/461/461 3033/3033/3001
f 2895/2895/2865 1196/1196/1192 2888/2888/2858
f 2895/2895/2865 1194/1194/1190 1196/1196/1192
f 1009/1009/1007 1808/1808/1803 1654/1654/1650
f 1009/1009/1007 497/497/497 1808/1808/1803
f 2371/2371/2360 1639/1639/1635 2720/2720/2697
f 2371/2371/2360 2610/2610/2591 1639/1639/1635
f 665/665/665 1413/1413/1409 1415/1415/1411
f 2543/2543/2524 1413/1413/1409 665/665/665
f 3034/3034/3002 1445/1445/1441 1446/1446/1442
f 1832/1832/1825 1445/1445/1441 3034/3034/3002
f 2985/2985/2955 2716/2716/2693 647/647/647
f 2985/2985/2955 2842/2842/2815 2716/2716/2693
f 2555/2555/2536 2617/2617/2598 349/349/349
f 2273/2273/2264 2617/2617/2598 2555/2555/2536
f 2741/2741/2718 3033/3033/3001 1845/1845/1838
f 2742/2742/2719 3033/3033/3001 2741/2741/2718
f 2550/2550/2531 243/243/243 1747/1747/1743
f 2550/2550/2531 246/246/246 243/243/243
f 47/47/47 250/250/250 183/183/183
f 1310/1310/1306 445/445/445 2618/2618/2599
f 1625/1625/1621 445/445/445 1310/1310/1306
f 55/55/55 2901/2901/2871 2614/2614/2595
f 593/593/593 2584/2584/2565 594/594/594
f 593/593/593 2640/2640/2621 2584/2584/2565
f 25/25/25 2760/2760/2736 28/28/28
f 2758/2758/2247 2760/2760/2736 25/25/25
f 1825/1825/1818 55/55/55 2109/2109/2101
f 2332/2332/2322 2980/2980/2950 2752/2752/2729
f 2794/2794/2768 2980/2980/2950 2332/2332/2322
f 1874/1874/1867 82/82/82 124/124/124
f 83/83/83 82/82/82 1874/1874/1867
f 2155/2155/2146 474/474/474 2683/2683/2662
f 2155/2155/2146 477/477/477 474/474/474
f 919/919/919 2104/2104/2096 1189/1189/1185
f 919/919/919 2570/2570/2551 2104/2104/2096
f 2994/2994/2964 1765/1765/1761 683/683/683
f 1766/1766/1762 1765/1765/1761 2994/2994/2964
f 2325/2325/2315 2930/2930/2900 2032/2032/2024
f 2325/2325/2315 1679/1679/1675 2930/2930/2900
f 2456/2456/2441 2196/2196/2187 2454/2454/2439
f 2456/2456/2441 2103/2103/2095 2196/2196/2187
f 2595/2595/2576 1940/1940/1932 2291/2291/2282
f 2595/2595/2576 2038/2038/2030 1940/1940/1932
f 2798/2798/2772 2412/2412/2399 1459/1459/1455
f 2798/2798/2772 1524/1524/1520 2412/2412/2399
f 1514/1514/1510 1336/1336/1332 345/345/345
f 1334/1334/1330 1336/1336/1332 1514/1514/1510
f 2604/2604/2585 2168/2168/2159 2892/2892/2862
f 2782/2782/2756 2168/2168/2159 2604/2604/2585
f 2883/2883/2853 93/93/93 1134/1134/1132
f 1713/1713/1709 93/93/93 2883/2883/2853
f 369/369/369 1705/1705/1701 1703/1703/1699
f 369/369/369 709/709/709 1705/1705/1701
f 1672/1672/1668 2371/2371/2360 2720/2720/2697
f 2370/2370/2359 2371/2371/2360 1672/1672/1668
f 2801/2801/2775 2436/2436/2421 1008/1008/1006
f 2998/2998/2968 2436/2436/2421 2801/2801/2775
f 2683/2683/2662 534/534/534 1207/1207/1203
f 2683/2683/2662 474/474/474 534/534/534
f 166/166/166 2698/2698/2677 354/354/354
f 168/168/168 2698/2698/2677 166/166/166
f 3035/3035/3003 55/55/55 2885/2885/2855
f 1206/1206/1202 533/533/533 651/651/651
f 534/534/534 533/533/533 1206/1206/1202
f 3024/3024/2992 2283/2283/2274 627/627/627
f 3024/3024/2992 3036/3036/3004 2283/2283/2274
f 3036/3036/3004 1330/1330/1326 2283/2283/2274
f 1330/1330/1326 1331/1331/1327 2283/2283/2274
f 1331/1331/1327 1761/1761/1757 2283/2283/2274
f 773/773/773 834/834/834 831/831/831
f 773/773/773 775/775/775 834/834/834
f 2510/2510/2491 2246/2246/2237 1408/1408/1404
f 2727/2727/2704 2246/2246/2237 2510/2510/2491
f 2760/2760/2736 3005/3005/2975 28/28/28
f 2760/2760/2736 2244/2244/2235 3005/3005/2975
f 2034/2034/2026 85/85/85 976/976/976
f 2034/2034/2026 88/88/88 85/85/85
f 47/47/47 2814/2814/2788 1280/1280/1276
f 1741/1741/1737 1536/1536/1532 1742/1742/1738
f 1741/1741/1737 2228/2228/2219 1536/1536/1532
f 2431/2431/2416 2776/2776/2750 1779/1779/1775
f 1531/1531/1527 2776/2776/2750 2431/2431/2416
f 47/47/47 3006/3006/2976 2153/2153/2144
f 2966/2966/2936 1312/1312/1308 2066/2066/2058
f 2996/2996/2966 1312/1312/1308 2966/2966/2936
f 1969/1969/1961 138/138/138 1209/1209/1205
f 136/136/136 138/138/138 1969/1969/1961
f 761/761/761 55/55/55 2644/2644/2625
f 1699/1699/1695 2592/2592/2573 2590/2590/2571
f 1699/1699/1695 2589/2589/2570 2592/2592/2573
f 2548/2548/2529 2084/2084/2076 2929/2929/2899
f 2548/2548/2529 2085/2085/2077 2084/2084/2076
f 2586/2586/2567 1535/1535/1531 2587/2587/2568
f 2586/2586/2567 2747/2747/2724 1535/1535/1531
f 422/422/422 326/326/326 425/425/425
f 327/327/327 326/326/326 422/422/422
f 1124/1124/1122 132/132/132 134/134/134
f 1446/1446/1442 132/132/132 1124/1124/1122
f 671/671/671 1730/1730/1726 1684/1684/1680
f 673/673/673 1730/1730/1726 671/671/671
f 47/47/47 2499/2499/2480 1502/1502/1498
f 2565/2565/2546 762/762/762 2378/2378/2367
f 2565/2565/2546 908/908/908 762/762/762
f 55/55/55 1933/1933/1925 2202/2202/2193
f 2858/2858/2829 797/797/797 2624/2624/2605
f 2858/2858/2829 795/795/795 797/797/797
f 353/353/353 1878/1878/1871 2421/2421/2406
f 354/354/354 1878/1878/1871 353/353/353
f 2047/2047/2039 988/988/988 2048/2048/2040
f 989/989/989 988/988/988 2047/2047/2039
f 3034/3034/3002 1124/1124/1122 1126/1126/1124
f 3034/3034/3002 1446/1446/1442 1124/1124/1122
f 724/724/724 3014/3014/2984 727/727/727
f 1994/1994/1986 3014/3014/2984 724/724/724
f 2120/2120/2112 2179/2179/2170 2221/2221/2212
f 2121/2121/2113 2179/2179/2170 2120/2120/2112
f 2727/2727/2704 2245/2245/2236 2246/2246/2237
f 1456/1456/1452 2245/2245/2236 2727/2727/2704
f 2562/2562/2543 1632/1632/1628 1837/1837/1830
f 54/54/54 56/56/56 2562/2562/2543
f 56/56/56 3001/3001/2971 2562/2562/2543
f 3001/3001/2971 1631/1631/1627 2562/2562/2543
f 1631/1631/1627 1632/1632/1628 2562/2562/2543
f 2301/2301/2292 2882/2882/2852 1545/1545/1541
f 2301/2301/2292 2914/2914/2884 2882/2882/2852
f 479/479/479 993/993/993 1297/1297/1293
f 479/479/479 587/587/587 993/993/993
f 172/172/172 658/658/658 170/170/170
f 172/172/172 923/923/923 658/658/658
f 1225/1225/1221 2838/2838/2811 628/628/628
f 1230/1230/1226 1718/1718/1714 1225/1225/1221
f 1718/1718/1714 1719/1719/1715 1225/1225/1221
f 1719/1719/1715 2837/2837/2810 1225/1225/1221
f 2837/2837/2810 2838/2838/2811 1225/1225/1221
f 1954/1954/1946 951/951/951 948/948/948
f 1954/1954/1946 2963/2963/2933 951/951/951
f 2963/2963/2933 2962/2962/2932 951/951/951
f 2962/2962/2932 3037/3037/3005 951/951/951
f 3037/3037/3005 1108/1108/1106 951/951/951
f 1286/1286/1282 2934/2934/2904 1285/1285/1281
f 1286/1286/1282 1680/1680/1676 2934/2934/2904
f 1356/1356/1352 2205/2205/2196 1358/1358/1354
f 2203/2203/2194 2205/2205/2196 1356/1356/1352
f 1445/1445/1441 21/21/21 23/23/23
f 1833/1833/1826 21/21/21 1445/1445/1441
f 2957/2957/2927 478/478/478 480/480/480
f 2766/2766/2741 478/478/478 2957/2957/2927
f 2897/2897/2867 2743/2743/2720 2744/2744/2721
f 2897/2897/2867 2991/2991/2961 2743/2743/2720
f 1414/1414/1410 369/369/369 1703/1703/1699
f 367/367/367 369/369/369 1414/1414/1410
f 1420/1420/1416 401/401/401 2944/2944/2914
f 1420/1420/1416 1419/1419/1415 401/401/401
f 2918/2918/2888 55/55/55 2919/2919/2889
f 391/391/391 853/853/853 3028/3028/2996
f 1710/1710/1706 853/853/853 391/391/391
f 934/934/934 1459/1459/1455 935/935/935
f 934/934/934 2798/2798/2772 1459/1459/1455
f 47/47/47 2148/2148/2139 2150/2150/2141
f 2681/2681/2660 177/177/177 179/179/179
f 2750/2750/2727 177/177/177 2681/2681/2660
f 1913/1913/1905 2476/2476/2459 1648/1648/1644
f 1913/1913/1905 2696/2696/2675 2476/2476/2459
f 2985/2985/2955 2010/2010/2002 2842/2842/2815
f 1064/1064/1062 2010/2010/2002 2985/2985/2955
f 293/293/293 1233/1233/1229 151/151/151
f 293/293/293 2916/2916/2886 1233/1233/1229
f 2904/2904/2874 2591/2591/2572 2024/2024/2016
f 2839/2839/2812 2591/2591/2572 2904/2904/2874
f 1763/1763/1759 2898/2898/2868 2899/2899/2869
f 1763/1763/1759 1762/1762/1758 2898/2898/2868
f 2584/2584/2565 2287/2287/2278 2582/2582/2563
f 2584/2584/2565 2994/2994/2964 2287/2287/2278
f 55/55/55 218/218/218 760/760/760
f 55/55/55 3012/3012/2982 3011/3011/2981
f 125/125/125 2360/2360/2349 806/806/806
f 125/125/125 2361/2361/2350 2360/2360/2349
f 2810/2810/2784 401/401/401 403/403/403
f 2944/2944/2914 401/401/401 2810/2810/2784
f 2207/2207/2198 2356/2356/2345 2210/2210/2201
f 2082/2082/2074 2356/2356/2345 2207/2207/2198
f 1313/1313/1309 2832/2832/2805 1528/1528/1524
f 2975/2975/2945 2832/2832/2805 1313/1313/1309
f 1462/1462/1458 2600/2600/2581 2734/2734/2711
f 1461/1461/1457 2600/2600/2581 1462/1462/1458
f 1305/1305/1301 2268/2268/2259 2270/2270/2261
f 1305/1305/1301 2812/2812/2786 2268/2268/2259
f 70/70/70 1845/1845/1838 1099/1099/1097
f 2741/2741/2718 1845/1845/1838 70/70/70
f 2480/2480/2463 1801/1801/1796 1803/1803/1798
f 2480/2480/2463 2682/2682/2661 1801/1801/1796
f 1351/1351/1347 2290/2290/2281 2650/2650/2630
f 1351/1351/1347 2293/2293/2284 2290/2290/2281
f 459/459/459 2638/2638/2619 435/435/435
f 2/2/2 2638/2638/2619 459/459/459
f 288/288/288 2664/2664/2644 2075/2075/2067
f 288/288/288 290/290/290 2664/2664/2644
f 2519/2519/2500 502/502/502 504/504/504
f 2519/2519/2500 765/765/765 502/502/502
f 517/517/517 937/937/937 2841/2841/2814
f 449/449/449 937/937/937 517/517/517
f 47/47/47 2363/2363/2352 3038/3038/3006
f 2787/2787/2761 514/514/514 516/516/516
f 2787/2787/2761 2788/2788/2762 514/514/514
f 2477/2477/2460 1553/1553/1549 1555/1555/1551
f 2874/2874/2845 1553/1553/1549 2477/2477/2460
f 942/942/942 263/263/263 607/607/607
f 942/942/942 266/266/266 263/263/263
f 55/55/55 2536/2536/2517 1737/1737/1733
f 2622/2622/2603 55/55/55 2623/2623/2604
f 1454/1454/1450 334/334/334 331/331/331
f 2654/2654/2634 334/334/334 1454/1454/1450
f 1771/1771/1767 55/55/55 1772/1772/1768
f 1998/1998/1990 1804/1804/1799 712/712/712
f 1998/1998/1990 1807/1807/1802 1804/1804/1799
f 2629/2629/2610 1120/1120/1118 2986/2986/2956
f 2629/2629/2610 1122/1122/1120 1120/1120/1118
f 815/815/815 55/55/55 811/811/811
f 1392/1392/1388 2899/2899/2869 242/242/242
f 1392/1392/1388 1763/1763/1759 2899/2899/2869
f 2611/2611/2592 112/112/112 114/114/114
f 2890/2890/2860 112/112/112 2611/2611/2592
f 2133/2133/2125 2168/2168/2159 2782/2782/2756
f 2133/2133/2125 2167/2167/2158 2168/2168/2159
f 2457/2457/2442 2098/2098/2090 2076/2076/2068
f 2949/2949/2919 2098/2098/2090 2457/2457/2442
f 55/55/55 1935/1935/1927 1934/1934/1926
f 1636/1636/1632 2027/2027/2019 2182/2182/2173
f 1636/1636/1632 3029/3029/2997 2027/2027/2019
f 448/448/448 371/371/371 598/598/598
f 1840/1840/1833 371/371/371 448/448/448
f 2247/2247/2238 313/313/313 315/315/315
f 2329/2329/2319 313/313/313 2247/2247/2238
f 785/785/785 1106/1106/1104 494/494/494
f 785/785/785 2972/2972/2942 1106/1106/1104
f 2889/2889/2859 2157/2157/2148 2724/2724/2701
f 1554/1554/1550 2157/2157/2148 2889/2889/2859
f 3039/3039/3007 1080/1080/1078 2689/2689/2668
f 3039/3039/3007 2487/2487/2468 1080/1080/1078
f 1600/1600/1596 2347/2347/2337 1601/1601/1597
f 2567/2567/2548 2347/2347/2337 1600/1600/1596
f 3027/3027/2995 1017/1017/1015 1019/1019/1017
f 1444/1444/1440 1017/1017/1015 3027/3027/2995
f 2373/2373/2362 1382/1382/1378 2977/2977/2947
f 420/420/420 1382/1382/1378 2373/2373/2362
f 1500/1500/1496 1248/1248/1244 2169/2169/2160
f 616/616/616 1248/1248/1244 1500/1500/1496
f 2316/2316/2306 3040/3040/2202 2318/2318/2308
f 2993/2993/2963 3040/3040/2202 2316/2316/2306
f 2196/2196/2187 2864/2864/2835 2984/2984/2954
f 2196/2196/2187 2197/2197/2188 2864/2864/2835
f 2471/2471/2454 527/527/527 529/529/529
f 2471/2471/2454 1165/1165/1161 527/527/527
f 2180/2180/2171 1650/1650/1646 1647/1647/1643
f 2896/2896/2866 1650/1650/1646 2180/2180/2171
f 1789/1789/1785 421/421/421 419/419/419
f 1168/1168/1164 421/421/421 1789/1789/1785
f 2495/2495/2476 562/562/562 2951/2951/2921
f 563/563/563 562/562/562 2495/2495/2476
f 55/55/55 1224/1224/1220 1097/1097/1095
f 2940/2940/2910 2233/2233/2224 1033/1033/1031
f 2940/2940/2910 2316/2316/2306 2233/2233/2224
f 47/47/47 2469/2469/2452 2468/2468/2451
f 587/587/587 238/238/238 235/235/235
f 586/586/586 238/238/238 587/587/587
f 2408/2408/2395 36/36/36 2410/2410/2397
f 1783/1783/1779 36/36/36 2408/2408/2395
f 2587/2587/2568 1532/1532/1528 2697/2697/2676
f 2587/2587/2568 1535/1535/1531 1532/1532/1528
f 1225/1225/1221 313/313/313 2329/2329/2319
f 1225/1225/1221 628/628/628 313/313/313
f 2785/2785/2759 1619/1619/1615 2978/2978/2948
f 2785/2785/2759 743/743/743 1619/1619/1615
f 1376/1376/1372 1201/1201/1197 2718/2718/2695
f 1376/1376/1372 606/606/606 1201/1201/1197
f 55/55/55 930/930/930 929/929/929
f 519/519/519 1562/1562/1558 520/520/520
f 519/519/519 1916/1916/1908 1562/1562/1558
f 55/55/55 3041/3041/3008 2838/2838/2811
f 770/770/770 1849/1849/1842 768/768/768
f 1541/1541/1537 1849/1849/1842 770/770/770
f 55/55/55 1214/1214/1210 1778/1778/1774
f 1108/1108/1106 1113/1113/1111 951/951/951
f 1108/1108/1106 1107/1107/1105 1113/1113/1111
f 1107/1107/1105 3042/3042/3009 1113/1113/1111
f 3042/3042/3009 2534/2534/2515 1113/1113/1111
f 2534/2534/2515 1116/1116/1114 1113/1113/1111
f 2790/2790/2764 747/747/747 2799/2799/2773
f 2790/2790/2764 745/745/745 747/747/747
f 3027/3027/2995 687/687/687 684/684/684
f 3027/3027/2995 1019/1019/1017 687/687/687
f 731/731/731 2194/2194/2185 1609/1609/1605
f 2860/2860/2831 2194/2194/2185 731/731/731
f 2823/2823/2796 321/321/321 1223/1223/1219
f 2823/2823/2796 324/324/324 321/321/321
f 1233/1233/1229 787/787/787 1237/1237/1233
f 2916/2916/2886 787/787/787 1233/1233/1229
f 343/343/343 143/143/143 145/145/145
f 343/343/343 342/342/342 143/143/143
f 2930/2930/2900 1678/1678/1674 1973/1973/1965
f 1679/1679/1675 1678/1678/1674 2930/2930/2900
f 2073/2073/2065 402/402/402 2074/2074/2066
f 403/403/403 3043/3043/3010 2811/2811/2785
f 403/403/403 2553/2553/2534 3043/3043/3010
f 2553/2553/2534 402/402/402 2073/2073/2065
f 403/403/403 402/402/402 2553/2553/2534
f 55/55/55 1597/1597/1593 1211/1211/1207
f 453/453/453 2348/2348/2338 2271/2271/2262
f 453/453/453 452/452/452 2348/2348/2338
f 817/817/817 2324/2324/2314 2345/2345/2335
f 817/817/817 696/696/696 2324/2324/2314
f 1650/1650/1646 1913/1913/1905 1648/1648/1644
f 1912/1912/1904 1913/1913/1905 1650/1650/1646
f 1185/1185/1181 584/584/584 1183/1183/1179
f 2417/2417/2402 584/584/584 1185/1185/1181
f 1917/1917/1909 1451/1451/1447 1918/1918/1910
f 1917/1917/1909 2653/2653/2633 1451/1451/1447
f 2662/2662/2642 2744/2744/2721 2046/2046/2038
f 2662/2662/2642 2897/2897/2867 2744/2744/2721
f 1551/1551/1547 1868/1868/1861 2020/2020/2012
f 1341/1341/1337 1868/1868/1861 1551/1551/1547
f 998/998/998 3044/3044/25 1001/1001/27
f 3017/3017/2987 3044/3044/25 998/998/998
f 2751/2751/2728 2909/2909/2879 2494/2494/2475
f 2752/2752/2729 2909/2909/2879 2751/2751/2728
f 417/417/417 2986/2986/2956 418/418/418
f 2763/2763/2738 2986/2986/2956 417/417/417
f 1793/1793/1789 2508/2508/2489 2728/2728/2705
f 1793/1793/1789 1198/1198/1194 2508/2508/2489
f 2059/2059/2051 3040/3040/2202 2993/2993/2963
f 2059/2059/2051 2877/2877/2204 3040/3040/2202
f 2971/2971/2941 2155/2155/2146 2684/2684/2663
f 2971/2971/2941 2156/2156/2147 2155/2155/2146
f 931/931/931 219/219/219 932/932/932
f 931/931/931 1177/1177/1173 219/219/219
f 55/55/55 2677/2677/2657 2676/2676/2656
f 864/864/864 2391/2391/2378 2390/2390/2377
f 2054/2054/2046 329/329/329 864/864/864
f 329/329/329 330/330/330 864/864/864
f 330/330/330 2415/2415/2400 864/864/864
f 2415/2415/2400 2391/2391/2378 864/864/864
f 1206/1206/1202 1159/1159/1155 1158/1158/1154
f 1206/1206/1202 651/651/651 1159/1159/1155
f 2903/2903/2873 754/754/754 1787/1787/1783
f 755/755/755 754/754/754 2903/2903/2873
f 2892/2892/2862 2144/2144/2135 2146/2146/2137
f 2168/2168/2159 2144/2144/2135 2892/2892/2862
f 124/124/124 2559/2559/2540 127/127/127
f 82/82/82 2559/2559/2540 124/124/124
f 2101/2101/2093 1593/1593/1589 2598/2598/2579
f 2101/2101/2093 1595/1595/1591 1593/1593/1589
f 3024/3024/2992 55/55/55 3036/3036/3004
f 2367/2367/2356 2428/2428/2413 1764/1764/1760
f 2369/2369/2358 2428/2428/2413 2367/2367/2356
f 84/84/84 1271/1271/1267 1852/1852/1845
f 1863/1863/1856 1271/1271/1267 84/84/84
f 2722/2722/2699 2944/2944/2914 2810/2810/2784
f 2529/2529/2510 2944/2944/2914 2722/2722/2699
f 1276/1276/1272 2999/2999/2969 2441/2441/2426
f 1275/1275/1271 2999/2999/2969 1276/1276/1272
f 359/359/359 172/172/172 169/169/169
f 359/359/359 361/361/361 172/172/172
f 2095/2095/2087 1977/1977/1969 1979/1979/1971
f 2095/2095/2087 1987/1987/1979 1977/1977/1969
f 55/55/55 678/678/678 2628/2628/2609
f 1973/1973/1965 2226/2226/2217 1721/1721/1717
f 1678/1678/1674 2226/2226/2217 1973/1973/1965
f 2365/2365/2354 2699/2699/2678 2364/2364/2353
f 2365/2365/2354 17/17/17 2699/2699/2678
f 1946/1946/1938 2435/2435/2420 2434/2434/2419
f 1947/1947/1939 2435/2435/2420 1946/1946/1938
f 1144/1144/1140 2948/2948/2918 1145/1145/1141
f 1144/1144/1140 2554/2554/2535 2948/2948/2918
f 2063/2063/2055 2861/2861/2832 2064/2064/2056
f 2063/2063/2055 2906/2906/2876 2861/2861/2832
f 55/55/55 845/845/845 844/844/844
f 2157/2157/2148 2722/2722/2699 2724/2724/2701
f 2157/2157/2148 2529/2529/2510 2722/2722/2699
f 55/55/55 1565/1565/1561 2631/2631/2612
f 465/465/465 3/3/3 2809/2809/2783
f 1104/1104/1102 3/3/3 465/465/465
f 1465/1465/1461 2849/2849/2820 748/748/748
f 1465/1465/1461 2612/2612/2593 2849/2849/2820
f 2942/2942/2912 666/666/666 3013/3013/2983
f 2459/2459/2444 666/666/666 2942/2942/2912
f 2903/2903/2873 2523/2523/2504 2524/2524/2505
f 2903/2903/2873 1787/1787/1783 2523/2523/2504
f 2778/2778/2752 1278/1278/1274 2569/2569/2550
f 444/444/444 1278/1278/1274 2778/2778/2752
f 493/493/493 1915/1915/1907 653/653/653
f 493/493/493 495/495/495 1915/1915/1907
f 1304/1304/1300 2514/2514/2495 2813/2813/2787
f 2512/2512/2493 2514/2514/2495 1304/1304/1300
f 509/509/509 1090/1090/1088 358/358/358
f 509/509/509 2976/2976/2946 1090/1090/1088
f 2328/2328/2318 2247/2247/2238 713/713/713
f 2328/2328/2318 2329/2329/2319 2247/2247/2238
f 47/47/47 2936/2936/2906 2184/2184/2175
f 2883/2883/2853 2343/2343/2333 295/295/295
f 2883/2883/2853 1134/1134/1132 2343/2343/2333
f 1662/1662/1658 697/697/697 694/694/694
f 1662/1662/1658 2579/2579/2560 697/697/697
f 2999/2999/2969 2439/2439/2424 2441/2441/2426
f 2999/2999/2969 2028/2028/2020 2439/2439/2424
f 2246/2246/2237 1026/1026/1024 1408/1408/1404
f 2246/2246/2237 2127/2127/2119 1026/1026/1024
f 2143/2143/2134 1475/1475/1471 1677/1677/1673
f 2143/2143/2134 1478/1478/1474 1475/1475/1471
f 2578/2578/2559 1871/1871/1864 2580/2580/2561
f 1872/1872/1865 1871/1871/1864 2578/2578/2559
f 1827/1827/1820 1361/1361/1357 2037/2037/2029
f 1827/1827/1820 1359/1359/1355 1361/1361/1357
f 47/47/47 2803/2803/2777 272/272/272
f 1767/1767/1763 501/501/501 1765/1765/1761
f 1767/1767/1763 504/504/504 501/501/501
f 3045/3045/3011 2953/2953/2923 2954/2954/2924
f 2236/2236/2227 2235/2235/2226 3045/3045/3011
f 2235/2235/2226 2711/2711/2688 3045/3045/3011
f 2711/2711/2688 2710/2710/2687 3045/3045/3011
f 2710/2710/2687 2953/2953/2923 3045/3045/3011
f 1841/1841/1834 448/448/448 450/450/450
f 1841/1841/1834 1840/1840/1833 448/448/448
f 3026/3026/2994 1444/1444/1440 3027/3027/2995
f 237/237/237 1444/1444/1440 3026/3026/2994
f 47/47/47 1082/1082/1080 1081/1081/1079
f 2252/2252/2243 462/462/462 2125/2125/2117
f 2252/2252/2243 2424/2424/2409 462/462/462
f 2227/2227/2218 1468/1468/1464 2860/2860/2831
f 1469/1469/1465 1468/1468/1464 2227/2227/2218
f 1521/1521/1517 2613/2613/2594 1020/1020/1018
f 1521/1521/1517 1520/1520/1516 2613/2613/2594
f 55/55/55 2631/2631/2612 1675/1675/1671
f 1555/1555/1551 2889/2889/2859 2478/2478/2461
f 1555/1555/1551 1554/1554/1550 2889/2889/2859
f 123/123/123 412/412/412 121/121/121
f 1328/1328/1324 412/412/412 123/123/123
f 1723/1723/1719 2895/2895/2865 2888/2888/2858
f 2845/2845/2816 2895/2895/2865 1723/1723/1719
f 47/47/47 2492/2492/2473 2490/2490/2471
f 554/554/554 785/785/785 555/555/555
f 554/554/554 2973/2973/2943 785/785/785
f 2952/2952/2922 1295/1295/1291 2513/2513/2494
f 2952/2952/2922 1297/1297/1293 1295/1295/1291
f 18/18/18 2683/2683/2662 1207/1207/1203
f 752/752/752 2683/2683/2662 18/18/18
f 47/47/47 2970/2970/2940 2965/2965/2935
f 196/196/196 278/278/278 280/280/280
f 198/198/198 278/278/278 196/196/196
f 2570/2570/2551 2903/2903/2873 2104/2104/2096
f 2570/2570/2551 755/755/755 2903/2903/2873
f 2931/2931/2901 2231/2231/2222 605/605/605
f 302/302/302 2231/2231/2222 2931/2931/2901
f 312/312/312 55/55/55 308/308/308
f 410/410/410 1315/1315/1311 411/411/411
f 410/410/410 2974/2974/2944 1315/1315/1311
f 2297/2297/2288 1637/1637/1633 2212/2212/2203
f 2297/2297/2288 1635/1635/1631 1637/1637/1633
f 47/47/47 184/184/184 560/560/560
f 2340/2340/2330 2889/2889/2859 1858/1858/1851
f 2478/2478/2461 3019/3019/2989 1281/1281/1277
f 2478/2478/2461 3020/3020/2990 3019/3019/2989
f 3020/3020/2990 2889/2889/2859 2340/2340/2330
f 2478/2478/2461 2889/2889/2859 3020/3020/2990
f 1106/1106/1104 2047/2047/2039 622/622/622
f 2972/2972/2942 2047/2047/2039 1106/1106/1104
f 120/120/120 2968/2968/2938 2463/2463/2448
f 120/120/120 122/122/122 2968/2968/2938
f 2934/2934/2904 367/367/367 1413/1413/1409
f 2934/2934/2904 370/370/370 367/367/367
f 2976/2976/2946 1088/1088/1086 1090/1090/1088
f 2976/2976/2946 1254/1254/1250 1088/1088/1086
f 55/55/55 2995/2995/2965 2836/2836/2809
f 992/992/992 237/237/237 3026/3026/2994
f 235/235/235 237/237/237 992/992/992
f 973/973/973 2034/2034/2026 976/976/976
f 2208/2208/2199 2034/2034/2026 973/973/973
f 2919/2919/2889 55/55/55 2764/2764/2739
f 575/575/575 1431/1431/1427 576/576/576
f 575/575/575 1429/1429/1425 1431/1431/1427
f 47/47/47 249/249/249 248/248/248
f 276/276/276 76/76/76 719/719/719
f 276/276/276 1344/1344/1340 76/76/76
f 47/47/47 2924/2924/2894 2960/2960/2930
f 144/144/144 2639/2639/2620 4/4/4
f 144/144/144 1250/1250/1246 2639/2639/2620
f 3046/3046/3012 55/55/55 2726/2726/2703
f 2327/2327/2317 2143/2143/2134 1677/1677/1673
f 695/695/695 2143/2143/2134 2327/2327/2317
f 2964/2964/2934 247/247/247 249/249/249
f 41/41/41 3047/3047/3013 42/42/42
f 3048/3048/3014 247/247/247 2964/2964/2934
f 41/41/41 3048/3048/3014 3047/3047/3013
f 41/41/41 247/247/247 3048/3048/3014
f 55/55/55 1956/1956/1948 1955/1955/1947
f 470/470/470 1263/1263/1259 1262/1262/1258
f 469/469/469 1263/1263/1259 470/470/470
f 1106/1106/1104 619/619/619 1105/1105/1103
f 1106/1106/1104 622/622/622 619/619/619
f 1449/1449/1445 752/752/752 751/751/751
f 1449/1449/1445 2684/2684/2663 752/752/752
f 230/230/230 3013/3013/2983 791/791/791
f 2942/2942/2912 3013/3013/2983 230/230/230
f 1603/1603/1599 2313/2313/2303 2830/2830/2803
f 1603/1603/1599 887/887/887 2313/2313/2303
f 418/418/418 1578/1578/1574 297/297/297
f 418/418/418 2418/2418/2403 1578/1578/1574
f 1700/1700/1696 1499/1499/1495 1698/1698/1694
f 2311/2311/2301 1499/1499/1495 1700/1700/1696
f 55/55/55 2628/2628/2609 2627/2627/2608
f 2451/2451/2436 2707/2707/2684 8/8/8
f 2451/2451/2436 592/592/592 2707/2707/2684
f 55/55/55 3037/3037/3005 2962/2962/2932
f 81/81/81 1863/1863/1856 84/84/84
f 1383/1383/1379 1863/1863/1856 81/81/81
f 786/786/786 3049/3049/3015 788/788/788
f 1133/1133/1131 3049/3049/3015 786/786/786
f 846/846/846 55/55/55 847/847/847
f 2599/2599/2580 256/256/256 258/258/258
f 2599/2599/2580 1320/1320/1316 256/256/256
f 722/722/722 1867/1867/1860 1343/1343/1339
f 722/722/722 1751/1751/1747 1867/1867/1860
f 2974/2974/2944 2717/2717/2694 2975/2975/2945
f 645/645/645 2717/2717/2694 2974/2974/2944
f 2078/2078/2070 463/463/463 1407/1407/1403
f 2099/2099/2091 463/463/463 2078/2078/2070
f 1616/1616/1612 2932/2932/2902 1617/1617/1613
f 2540/2540/2521 2932/2932/2902 1616/1616/1612
f 47/47/47 2547/2547/2528 3006/3006/2976
f 1998/1998/1990 1640/1640/1636 1807/1807/1802
f 1641/1641/1637 1640/1640/1636 1998/1998/1990
f 47/47/47 40/40/40 42/42/42
f 1810/1810/1429 1898/1898/1891 1813/1813/1806
f 1896/1896/1889 1898/1898/1891 1810/1810/1429
f 2229/2229/2220 1262/1262/1258 2061/2061/2053
f 470/470/470 1262/1262/1258 2229/2229/2220
f 1432/1432/1428 2709/2709/2686 1430/1430/1426
f 1432/1432/1428 1192/1192/1188 2709/2709/2686
f 47/47/47 557/557/557 559/559/559
f 3037/3037/3005 55/55/55 1108/1108/1106
f 2533/2533/2514 2278/2278/2269 776/776/776
f 2526/2526/2507 2278/2278/2269 2533/2533/2514
f 408/408/408 430/430/430 406/406/406
f 2856/2856/2827 430/430/430 408/408/408
f 910/910/910 576/576/576 2353/2353/2342
f 574/574/574 576/576/576 910/910/910
f 47/47/47 1236/1236/1232 1238/1238/1234
f 2375/2375/2364 251/251/251 247/247/247
f 2375/2375/2364 1733/1733/1729 251/251/251
f 1617/1617/1613 2869/2869/2840 2870/2870/2841
f 2932/2932/2902 2869/2869/2840 1617/1617/1613
f 255/255/255 1079/1079/1077 1076/1076/1074
f 255/255/255 257/257/257 1079/1079/1077
f 1075/1075/1073 317/317/317 319/319/319
f 1769/1769/1765 317/317/317 1075/1075/1073
f 47/47/47 3050/3050/3016 3051/3051/3017
f 939/939/939 2573/2573/2554 2574/2574/2555
f 941/941/941 2573/2573/2554 939/939/939
f 2947/2947/2917 2692/2692/2671 2691/2691/2670
f 2947/2947/2917 2422/2422/2407 2692/2692/2671
f 939/939/939 674/674/674 2768/2768/2742
f 939/939/939 2574/2574/2555 674/674/674
f 2604/2604/2585 2805/2805/2779 1775/1775/1771
f 2604/2604/2585 2892/2892/2862 2805/2805/2779
f 1958/1958/1950 2087/2087/2079 1384/1384/1380
f 1958/1958/1950 2981/2981/2951 2087/2087/2079
f 2981/2981/2951 1527/1527/1523 2087/2087/2079
f 1527/1527/1523 1526/1526/1522 2087/2087/2079
f 1526/1526/1522 2053/2053/2045 2087/2087/2079
f 2847/2847/2818 738/738/738 955/955/955
f 739/739/739 738/738/738 2847/2847/2818
f 1754/1754/1750 441/441/441 1667/1667/1663
f 1540/1540/1536 441/441/441 1754/1754/1750
f 47/47/47 2688/2688/2667 1082/1082/1080
f 605/605/605 2230/2230/2221 603/603/603
f 2231/2231/2222 2230/2230/2221 605/605/605
f 47/47/47 2641/2641/2622 2469/2469/2452
f 919/919/919 1722/1722/1718 2570/2570/2551
f 921/921/921 1722/1722/1718 919/919/919
f 898/898/898 328/328/328 325/325/325
f 898/898/898 900/900/900 328/328/328
f 2957/2957/2927 2952/2952/2922 2958/2958/2928
f 2957/2957/2927 480/480/480 2952/2952/2922
f 47/47/47 883/883/883 2826/2826/2799
f 2372/2372/2361 564/564/564 561/561/561
f 2372/2372/2361 1162/1162/1158 564/564/564
f 55/55/55 3011/3011/2981 842/842/842
f 2632/2632/2613 55/55/55 2918/2918/2888
f 1800/1800/1795 2857/2857/2828 2541/2541/2522
f 1800/1800/1795 1802/1802/1797 2857/2857/2828
f 1221/1221/1217 1020/1020/1018 1017/1017/1015
f 1221/1221/1217 1521/1521/1517 1020/1020/1018
f 1638/1638/1634 1927/1927/1919 3018/3018/2988
f 423/423/423 1927/1927/1919 1638/1638/1634
f 1965/1965/1957 2300/2300/2291 2358/2358/2347
f 1797/1797/1792 2300/2300/2291 1965/1965/1957
f 188/188/188 1383/1383/1379 189/189/189
f 188/188/188 1291/1291/1287 1383/1383/1379
f 55/55/55 2091/2091/2083 2090/2090/2082
f 1089/1089/1087 888/888/888 2458/2458/2443
f 1088/1088/1086 888/888/888 1089/1089/1087
f 55/55/55 2448/2448/2433 2447/2447/2432
f 47/47/47 3052/3052/3018 2320/2320/2310
f 1780/1780/1776 387/387/387 389/389/389
f 1780/1780/1776 859/859/859 387/387/387
f 55/55/55 2393/2393/2380 2392/2392/2379
f 47/47/47 150/150/150 152/152/152
f 2916/2916/2886 786/786/786 787/787/787
f 2343/2343/2333 786/786/786 2916/2916/2886
f 2980/2980/2950 1170/1170/1166 1172/1172/1168
f 1716/1716/1712 1170/1170/1166 2980/2980/2950
f 164/164/164 1666/1666/1662 162/162/162
f 164/164/164 540/540/540 1666/1666/1662
f 2471/2471/2454 523/523/523 1165/1165/1161
f 524/524/524 523/523/523 2471/2471/2454
f 1857/1857/1850 2322/2322/2312 2008/2008/2000
f 1857/1857/1850 1856/1856/1849 2322/2322/2312
f 2281/2281/2272 259/259/259 2834/2834/2807
f 2281/2281/2272 262/262/262 259/259/259
f 2144/2144/2135 1364/1364/1360 2147/2147/2138
f 1365/1365/1361 1364/1364/1360 2144/2144/2135
f 697/697/697 2049/2049/2041 2050/2050/2042
f 2579/2579/2560 2049/2049/2041 697/697/697
f 47/47/47 2151/2151/2142 2148/2148/2139
f 1658/1658/1654 1620/1620/1616 511/511/511
f 1658/1658/1654 1659/1659/1655 1620/1620/1616
f 148/148/148 2602/2602/2583 2603/2603/2584
f 148/148/148 1132/1132/1130 2602/2602/2583
f 2192/2192/2183 2165/2165/2156 2193/2193/2184
f 2192/2192/2183 602/602/602 2165/2165/2156
f 1053/1053/1051 1993/1993/1985 1995/1995/1987
f 1053/1053/1051 1055/1055/1053 1993/1993/1985
f 47/47/47 1081/1081/1079 253/253/253
f 300/300/300 2931/2931/2901 2416/2416/2401
f 300/300/300 302/302/302 2931/2931/2901
f 2616/2616/2597 2041/2041/2033 352/352/352
f 2616/2616/2597 2039/2039/2031 2041/2041/2033
f 2411/2411/2398 2600/2600/2581 1461/1461/1457
f 2411/2411/2398 1921/1921/1913 2600/2600/2581
f 1388/1388/1384 1439/1439/1435 750/750/750
f 1387/1387/1383 1439/1439/1435 1388/1388/1384
f 47/47/47 216/216/216 1951/1951/1943
f 2013/2013/2005 1185/1185/1181 2014/2014/2006
f 2013/2013/2005 2417/2417/2402 1185/1185/1181
f 55/55/55 1737/1737/1733 1740/1740/1736
f 55/55/55 141/141/141 2282/2282/2273
f 47/47/47 33/33/33 35/35/35
f 2685/2685/2664 743/743/743 2785/2785/2759
f 2685/2685/2664 741/741/741 743/743/743
f 558/558/558 2214/2214/2205 2149/2149/2140
f 1735/1735/1731 2214/2214/2205 558/558/558
f 55/55/55 1957/1957/1949 1956/1956/1948
f 55/55/55 1588/1588/1584 3053/3053/3019
f 1931/1931/1923 55/55/55 2646/2646/2627
f 2173/2173/2164 3045/3045/3011 2174/2174/2165
f 2173/2173/2164 3010/3010/2980 3045/3045/3011
f 3010/3010/2980 2338/2338/2328 3045/3045/3011
f 2338/2338/2328 2339/2339/2329 3045/3045/3011
f 2339/2339/2329 2236/2236/2227 3045/3045/3011
f 2296/2296/2287 324/324/324 2823/2823/2796
f 2296/2296/2287 2772/2772/2746 324/324/324
f 47/47/47 2757/2757/2734 2924/2924/2894
f 2743/2743/2720 2003/2003/1995 2005/2005/1997
f 2991/2991/2961 2003/2003/1995 2743/2743/2720
f 2934/2934/2904 304/304/304 370/370/370
f 1680/1680/1676 304/304/304 2934/2934/2904
f 2987/2987/2957 862/862/862 2800/2800/2774
f 2987/2987/2957 3054/3054/3020 862/862/862
f 3054/3054/3020 3053/3053/3019 862/862/862
f 3053/3053/3019 1588/1588/1584 862/862/862
f 1588/1588/1584 994/994/994 862/862/862
f 1375/1375/1371 2193/2193/2184 1378/1378/1374
f 1609/1609/1605 2193/2193/2184 1375/1375/1371
f 1524/1524/1520 1920/1920/1912 2412/2412/2399
f 1524/1524/1520 1525/1525/1521 1920/1920/1912
f 47/47/47 2468/2468/2451 2470/2470/2453
f 47/47/47 2923/2923/2893 2756/2756/2733
f 119/119/119 926/926/926 991/991/991
f 2674/2674/2654 926/926/926 119/119/119
f 566/566/566 1188/1188/1184 567/567/567
f 566/566/566 920/920/920 1188/1188/1184
f 3039/3039/3007 2337/2337/2327 2487/2487/2468
f 2335/2335/2325 2337/2337/2327 3039/3039/3007
f 531/531/531 2792/2792/2766 532/532/532
f 531/531/531 1732/1732/1728 2792/2792/2766
f 1439/1439/1435 213/213/213 750/750/750
f 1439/1439/1435 1441/1441/1437 213/213/213
f 726/726/726 1745/1745/1741 1743/1743/1739
f 726/726/726 725/725/725 1745/1745/1741
f 2501/2501/2482 55/55/55 2668/2668/2648
f 47/47/47 601/601/601 2992/2992/2962
f 1845/1845/1838 3002/3002/2972 1843/1843/1836
f 3033/3033/3001 3002/3002/2972 1845/1845/1838
f 475/475/475 2372/2372/2361 476/476/476
f 475/475/475 2374/2374/2363 2372/2372/2361
f 3000/3000/2970 2042/2042/2034 2713/2713/2690
f 2917/2917/2887 1417/1417/1413 1416/1416/1412
f 2917/2917/2887 2935/2935/2905 1417/1417/1413
f 2935/2935/2905 2042/2042/2034 3000/3000/2970
f 2917/2917/2887 2042/2042/2034 2935/2935/2905
f 158/158/158 2520/2520/2501 1727/1727/1723
f 158/158/158 932/932/932 2520/2520/2501
f 2693/2693/2672 1743/1743/1739 2833/2833/2806
f 2693/2693/2672 726/726/726 1743/1743/1739
f 2709/2709/2686 2199/2199/2190 2137/2137/2129
f 2709/2709/2686 1924/1924/1916 2199/2199/2190
f 55/55/55 2447/2447/2432 2446/2446/2431
f 47/47/47 1864/1864/1857 826/826/826
f 2616/2616/2597 1861/1861/1854 2039/2039/2031
f 1862/1862/1855 1861/1861/1854 2616/2616/2597
f 2735/2735/2712 1394/1394/1390 1516/1516/1512
f 2735/2735/2712 2645/2645/2626 1394/1394/1390
f 1734/1734/1730 2214/2214/2205 1735/1735/1731
f 1734/1734/1730 2215/2215/2206 2214/2214/2205
f 2054/2054/2046 55/55/55 329/329/329
f 603/603/603 943/943/943 604/604/604
f 603/603/603 2530/2530/2511 943/943/943
f 1016/1016/1014 1782/1782/1778 2375/2375/2364
f 1786/1786/1782 1782/1782/1778 1016/1016/1014
f 2039/2039/2031 1602/1602/1598 1604/1604/1600
f 1861/1861/1854 1602/1602/1598 2039/2039/2031
f 2558/2558/2539 2471/2471/2454 529/529/529
f 1853/1853/1846 2471/2471/2454 2558/2558/2539
f 930/930/930 55/55/55 812/812/812
f 712/712/712 1049/1049/1047 442/442/442
f 712/712/712 1804/1804/1799 1049/1049/1047
f 784/784/784 3039/3039/3007 2689/2689/2668
f 102/102/102 3039/3039/3007 784/784/784
f 2404/2404/2391 413/413/413 415/415/415
f 2581/2581/2562 413/413/413 2404/2404/2391
f 878/878/878 2251/2251/2242 1879/1879/1872
f 878/878/878 877/877/877 2251/2251/2242
f 396/396/396 2369/2369/2358 2366/2366/2355
f 396/396/396 395/395/395 2369/2369/2358
f 3028/3028/2996 962/962/962 964/964/964
f 3028/3028/2996 2748/2748/2725 962/962/962
f 934/934/934 2799/2799/2773 2798/2798/2772
f 2506/2506/2487 2799/2799/2773 934/934/934
f 1630/1630/1626 2604/2604/2585 1628/1628/1624
f 1630/1630/1626 2782/2782/2756 2604/2604/2585
f 95/95/95 3049/3049/3015 1133/1133/1131
f 95/95/95 1552/1552/1548 3049/3049/3015
f 2159/2159/2150 1485/1485/1481 1483/1483/1479
f 2988/2988/2958 1485/1485/1481 2159/2159/2150
f 823/823/823 2585/2585/2566 2695/2695/2674
f 825/825/825 2585/2585/2566 823/823/823
f 398/398/398 2549/2549/2530 2112/2112/2104
f 398/398/398 2544/2544/2525 2549/2549/2530
f 2670/2670/2650 55/55/55 1273/1273/1269
f 2275/2275/2266 335/335/335 1506/1506/1502
f 2275/2275/2266 1186/1186/1182 335/335/335
f 1662/1662/1658 2578/2578/2559 2579/2579/2560
f 1661/1661/1657 2578/2578/2559 1662/1662/1658
f 1091/1091/1089 2653/2653/2633 1917/1917/1909
f 1091/1091/1089 1092/1092/1090 2653/2653/2633
f 2745/2745/2722 1922/1922/1914 1389/1389/1385
f 1923/1923/1915 1922/1922/1914 2745/2745/2722
f 2841/2841/2814 112/112/112 2890/2890/2860
f 2841/2841/2814 1059/1059/1057 112/112/112
f 1894/1894/1887 510/510/510 2200/2200/2191
f 1894/1894/1887 1895/1895/1888 510/510/510
f 1519/1519/1515 397/397/397 399/399/399
f 2523/2523/2504 397/397/397 1519/1519/1515
f 656/656/656 2850/2850/2821 2956/2956/2926
f 656/656/656 655/655/655 2850/2850/2821
f 1957/1957/1949 55/55/55 1954/1954/1946
f 1817/1817/1810 2066/2066/2058 1818/1818/1811
f 2966/2966/2936 2945/2945/2915 2967/2967/2937
f 2966/2966/2936 2946/2946/2916 2945/2945/2915
f 2946/2946/2916 2066/2066/2058 1817/1817/1810
f 2966/2966/2936 2066/2066/2058 2946/2946/2916
f 3017/3017/2987 2256/2256/2247 3044/3044/25
f 2257/2257/2248 2256/2256/2247 3017/3017/2987
f 55/55/55 2449/2449/2434 2448/2448/2433
f 1926/1926/1918 515/515/515 2456/2456/2441
f 513/513/513 515/515/515 1926/1926/1918
f 2080/2080/2072 2664/2664/2644 2079/2079/2071
f 2075/2075/2067 2664/2664/2644 2080/2080/2072
f 1745/1745/1741 197/197/197 1559/1559/1555
f 725/725/725 197/197/197 1745/1745/1741
f 2497/2497/2478 1911/1911/1903 2873/2873/2844
f 2497/2497/2478 2170/2170/2161 1911/1911/1903
f 2419/2419/2404 2162/2162/2153 2164/2164/2155
f 2419/2419/2404 2925/2925/2895 2162/2162/2153
f 589/589/589 77/77/77 1626/1626/1622
f 2132/2132/2124 77/77/77 589/589/589
f 1193/1193/1189 2987/2987/2957 2800/2800/2774
f 2808/2808/2782 3035/3035/3003 1193/1193/1189
f 3035/3035/3003 2885/2885/2855 1193/1193/1189
f 2885/2885/2855 2886/2886/2856 1193/1193/1189
f 2886/2886/2856 2987/2987/2957 1193/1193/1189
f 612/612/612 1651/1651/1647 614/614/614
f 1963/1963/1955 1651/1651/1647 612/612/612
f 894/894/894 728/728/728 1292/1292/1288
f 894/894/894 7/7/7 728/728/728
f 2251/2251/2242 625/625/625 2249/2249/2240
f 2251/2251/2242 623/623/623 625/625/625
f 55/55/55 927/927/927 2677/2677/2657
f 1346/1346/1342 55/55/55 2807/2807/2781
f 306/306/306 707/707/707 368/368/368
f 306/306/306 2989/2989/2959 707/707/707
f 1174/1174/1170 969/969/969 181/181/181
f 1806/1806/1801 969/969/969 1174/1174/1170
f 2383/2383/2371 2204/2204/2195 2206/2206/2197
f 2383/2383/2371 2445/2445/2430 2204/2204/2195
f 47/47/47 1031/1031/1029 1494/1494/1490
f 1479/1479/1475 2294/2294/2285 1481/1481/1477
f 2926/2926/2896 2294/2294/2285 1479/1479/1475
f 55/55/55 473/473/473 2563/2563/2544
f 1358/1358/1354 417/417/417 299/299/299
f 2205/2205/2196 417/417/417 1358/1358/1354
f 2299/2299/2290 1889/1889/1882 1645/1645/1641
f 1890/1890/1883 1889/1889/1882 2299/2299/2290
f 55/55/55 2902/2902/2872 2901/2901/2871
f 1290/1290/1286 2269/2269/2260 1870/1870/1863
f 2267/2267/2258 2269/2269/2260 1290/1290/1286
f 260/260/260 635/635/635 261/261/261
f 260/260/260 633/633/633 635/635/635
f 47/47/47 1494/1494/1490 1493/1493/1489
f 834/834/834 1710/1710/1706 832/832/832
f 834/834/834 767/767/767 1710/1710/1706
f 47/47/47 3020/3020/2990 2340/2340/2330
f 2925/2925/2895 1561/1561/1557 1100/1100/1098
f 1051/1051/1049 1561/1561/1557 2925/2925/2895
f 55/55/55 1823/1823/1816 1822/1822/1815
f 1335/1335/1331 2482/2482/938 3055/3055/940
f 1006/1006/1004 2482/2482/938 1335/1335/1331
f 1440/1440/1436 1021/1021/1019 59/59/59
f 2108/2108/2100 1021/1021/1019 1440/1440/1436
f 1751/1751/1747 3017/3017/2987 998/998/998
f 1752/1752/1748 3017/3017/2987 1751/1751/1747
f 646/646/646 2974/2974/2944 410/410/410
f 646/646/646 645/645/645 2974/2974/2944
f 714/714/714 2247/2247/2238 2248/2248/2239
f 713/713/713 2247/2247/2238 714/714/714
f 2884/2884/2854 55/55/55 2615/2615/2596
f 1988/1988/1980 699/699/699 2891/2891/2861
f 436/436/436 699/699/699 1988/1988/1980
f 1241/1241/1237 3034/3034/3002 1242/1242/1238
f 1241/1241/1237 1832/1832/1825 3034/3034/3002
f 39/39/39 2200/2200/2191 37/37/37
f 1949/1949/1941 2200/2200/2191 39/39/39
f 2829/2829/2802 1066/1066/1064 2361/2361/2350
f 2829/2829/2802 526/526/526 1066/1066/1064
f 47/47/47 827/827/827 155/155/155
f 55/55/55 3010/3010/2980 2173/2173/2164
f 997/997/997 636/636/636 633/633/633
f 997/997/997 996/996/996 636/636/636
f 996/996/996 2715/2715/2692 636/636/636
f 2715/2715/2692 3004/3004/2974 636/636/636
f 3004/3004/2974 1959/1959/1951 636/636/636
f 2453/2453/2438 1706/1706/1702 2158/2158/2149
f 2453/2453/2438 1707/1707/1703 1706/1706/1702
f 1990/1990/1982 1410/1410/1406 1411/1411/1407
f 1522/1522/1518 1410/1410/1406 1990/1990/1982
f 913/913/913 862/862/862 863/863/863
f 2800/2800/2774 862/862/862 913/913/913
f 736/736/736 973/973/973 975/975/975
f 735/735/735 973/973/973 736/736/736
f 1914/1914/1906 2912/2912/2882 14/14/14
f 1914/1914/1906 2166/2166/2157 2912/2912/2882
f 1343/1343/1339 1868/1868/1861 1341/1341/1337
f 1343/1343/1339 1867/1867/1860 1868/1868/1861
f 186/186/186 1121/1121/1119 1122/1122/1120
f 186/186/186 185/185/185 1121/1121/1119
f 185/185/185 2517/2517/2498 1121/1121/1119
f 2517/2517/2498 3046/3046/3012 1121/1121/1119
f 3046/3046/3012 2726/2726/2703 1121/1121/1119
f 992/992/992 2671/2671/2651 1443/1443/1439
f 992/992/992 3026/3026/2994 2671/2671/2651
f 2705/2705/10 1897/1897/1890 1899/1899/11
f 2705/2705/10 2704/2704/2682 1897/1897/1890
f 97/97/97 2239/2239/2230 2532/2532/2513
f 97/97/97 99/99/99 2239/2239/2230
f 47/47/47 1302/1302/1298 2666/2666/2646
f 635/635/635 2824/2824/2797 851/851/851
f 635/635/635 634/634/634 2824/2824/2797
f 1944/1944/1936 70/70/70 72/72/72
f 1944/1944/1936 2741/2741/2718 70/70/70
f 3002/3002/2972 2333/2333/2323 2766/2766/2741
f 2331/2331/2321 2333/2333/2323 3002/3002/2972
f 2238/2238/2229 2488/2488/2469 2509/2509/2490
f 2237/2237/2228 2488/2488/2469 2238/2238/2229
f 47/47/47 611/611/611 1489/1489/1485
f 2278/2278/2269 774/774/774 776/776/776
f 2278/2278/2269 956/956/956 774/774/774
f 2725/2725/2702 55/55/55 2853/2853/2824
f 2381/2381/2370 187/187/187 421/421/421
f 2381/2381/2370 190/190/190 187/187/187
f 50/50/50 1212/1212/1208 705/705/705
f 50/50/50 52/52/52 1212/1212/1208
f 47/47/47 49/49/49 3007/3007/2977
f 2986/2986/2956 2418/2418/2403 418/418/418
f 2986/2986/2956 1120/1120/1118 2418/2418/2403
f 505/505/505 2835/2835/2808 508/508/508
f 1601/1601/1597 2835/2835/2808 505/505/505
f 2893/2893/2863 2484/2484/2465 2483/2483/2464
f 2893/2893/2863 2801/2801/2775 2484/2484/2465
f 1597/1597/1593 55/55/55 1598/1598/1594
f 289/289/289 2601/2601/2582 2083/2083/2075
f 1268/1268/1264 2601/2601/2582 289/289/289
f 2235/2235/2226 55/55/55 2711/2711/2688
f 55/55/55 2572/2572/2553 2571/2571/2552
f 55/55/55 2563/2563/2544 2561/2561/2542
f 2905/2905/2875 2330/2330/2320 2736/2736/2713
f 2905/2905/2875 2026/2026/2018 2330/2330/2320
f 994/994/994 864/864/864 862/862/862
f 994/994/994 995/995/995 864/864/864
f 995/995/995 3056/3056/3021 864/864/864
f 3056/3056/3021 2055/2055/2047 864/864/864
f 2055/2055/2047 2054/2054/2046 864/864/864
f 485/485/485 55/55/55 486/486/486
f 47/47/47 35/35/35 29/29/29
f 55/55/55 3016/3016/2986 2107/2107/2099
f 535/535/535 809/809/809 780/780/780
f 535/535/535 537/537/537 809/809/809
f 2613/2613/2594 1857/1857/1850 2009/2009/2001
f 2613/2613/2594 1240/1240/1236 1857/1857/1850
f 350/350/350 2041/2041/2033 740/740/740
f 352/352/352 2041/2041/2033 350/350/350
f 2844/2844/2009 1356/1356/1352 1391/1391/1387
f 2844/2844/2009 2203/2203/2194 1356/1356/1352
f 995/995/995 55/55/55 3056/3056/3021
f 2420/2420/2405 2932/2932/2902 2540/2540/2521
f 2420/2420/2405 2007/2007/1999 2932/2932/2902
f 954/954/954 2821/2821/2795 2607/2607/2588
f 953/953/953 2821/2821/2795 954/954/954
f 47/47/47 849/849/849 2983/2983/2953
f 55/55/55 1771/1771/1767 1770/1770/1766
f 506/506/506 2728/2728/2705 2730/2730/2707
f 508/508/508 2728/2728/2705 506/506/506
f 2767/2767/348 2706/2706/2683 2703/2703/346
f 2767/2767/348 2769/2769/2743 2706/2706/2683
f 2948/2948/2918 2900/2900/2870 2949/2949/2919
f 2554/2554/2535 2900/2900/2870 2948/2948/2918
f 1212/1212/1208 2598/2598/2579 1213/1213/1209
f 52/52/52 2598/2598/2579 1212/1212/1208
f 1321/1321/1317 2289/2289/2280 1322/1322/1318
f 1321/1321/1317 2408/2408/2395 2289/2289/2280
f 3014/3014/2984 2785/2785/2759 2978/2978/2948
f 2786/2786/2760 2785/2785/2759 3014/3014/2984
f 1694/1694/1690 1990/1990/1982 1455/1455/1451
f 1991/1991/1983 1990/1990/1982 1694/1694/1690
f 3056/3056/3021 55/55/55 2055/2055/2047
f 55/55/55 2852/2852/2823 2854/2854/2825
f 119/119/119 1715/1715/1711 117/117/117
f 119/119/119 991/991/991 1715/1715/1711
f 2669/2669/2649 427/427/427 1783/1783/1779
f 428/428/428 427/427/427 2669/2669/2649
f 2307/2307/2297 3045/3045/3011 2310/2310/2300
f 2174/2174/2165 3045/3045/3011 2307/2307/2297
f 47/47/47 571/571/571 573/573/573
f 785/785/785 2950/2950/2920 2972/2972/2942
f 2973/2973/2943 2950/2950/2920 785/785/785
f 1622/1622/1618 1365/1365/1361 2167/2167/2158
f 1622/1622/1618 1363/1363/1359 1365/1365/1361
f 1596/1596/1592 2328/2328/2318 2594/2594/2575
f 1596/1596/1592 1226/1226/1222 2328/2328/2318
f 2115/2115/2107 2044/2044/2036 2686/2686/2665
f 2045/2045/2037 2044/2044/2036 2115/2115/2107
f 784/784/784 2432/2432/2417 2118/2118/2110
f 3003/3003/2973 2689/2689/2668 1557/1557/1553
f 784/784/784 2433/2433/2418 2432/2432/2417
f 2433/2433/2418 2689/2689/2668 3003/3003/2973
f 784/784/784 2689/2689/2668 2433/2433/2418
f 2739/2739/2716 2834/2834/2807 1542/1542/1538
f 2341/2341/2331 2834/2834/2807 2739/2739/2716
f 1773/1773/1769 320/320/320 317/317/317
f 1773/1773/1769 2910/2910/2880 320/320/320
f 2910/2910/2880 2911/2911/2881 320/320/320
f 2911/2911/2881 2982/2982/2952 320/320/320
f 2982/2982/2952 844/844/844 320/320/320
f 2638/2638/2619 438/438/438 435/435/435
f 2638/2638/2619 904/904/904 438/438/438
f 840/840/840 2411/2411/2398 1461/1461/1457
f 839/839/839 2411/2411/2398 840/840/840
f 1632/1632/1628 55/55/55 2556/2556/2537
f 55/55/55 1959/1959/1951 3004/3004/2974
f 2538/2538/2519 55/55/55 2539/2539/2520
f 508/508/508 1793/1793/1789 2728/2728/2705
f 2835/2835/2808 1793/1793/1789 508/508/508
f 204/204/204 60/60/60 139/139/139
f 61/61/61 60/60/60 204/204/204
f 55/55/55 3031/3031/2999 3030/3030/2998
f 621/621/621 2801/2801/2775 2893/2893/2863
f 621/621/621 2998/2998/2968 2801/2801/2775
f 55/55/55 2110/2110/2102 2109/2109/2101
f 2771/2771/2745 1542/1542/1538 1543/1543/1539
f 2739/2739/2716 1542/1542/1538 2771/2771/2745
f 1132/1132/1130 1402/1402/1398 1518/1518/1514
f 1131/1131/1129 1402/1402/1398 1132/1132/1130
f 47/47/47 2749/2749/2726 3052/3052/3018
f 893/893/893 2452/2452/2437 5/5/5
f 974/974/974 2452/2452/2437 893/893/893
f 2027/2027/2019 1231/1231/1227 876/876/876
f 3029/3029/2997 1231/1231/1227 2027/2027/2019
f 55/55/55 1355/1355/1351 1354/1354/1350
f 2737/2737/2714 2824/2824/2797 2754/2754/2731
f 851/851/851 2824/2824/2797 2737/2737/2714
f 711/711/711 1998/1998/1990 712/712/712
f 1608/1608/1604 1998/1998/1990 711/711/711
f 2451/2451/2436 595/595/595 592/592/592
f 87/87/87 595/595/595 2451/2451/2436
f 2646/2646/2627 55/55/55 2647/2647/2628
f 838/838/838 2483/2483/2464 836/836/836
f 2912/2912/2882 2483/2483/2464 838/838/838
f 1889/1889/1882 1902/1902/1894 2915/2915/2885
f 1891/1891/1884 1902/1902/1894 1889/1889/1882
f 941/941/941 2879/2879/2849 2573/2573/2554
f 1941/1941/1933 2879/2879/2849 941/941/941
f 279/279/279 2626/2626/2607 641/641/641
f 281/281/281 2626/2626/2607 279/279/279
f 413/413/413 2309/2309/2299 416/416/416
f 2434/2434/2419 2309/2309/2299 413/413/413
f 2868/2868/2839 1585/1585/1581 1904/1904/1896
f 3005/3005/2975 1585/1585/1581 2868/2868/2839
f 77/77/77 1625/1625/1621 1626/1626/1622
f 77/77/77 79/79/79 1625/1625/1621
f 55/55/55 2955/2955/2925 2953/2953/2923
f 55/55/55 2571/2571/2552 1791/1791/1787
f 1624/1624/1620 2913/2913/2883 2943/2943/2913
f 2606/2606/2587 2913/2913/2883 1624/1624/1620
f 1636/1636/1632 3018/3018/2988 3029/3029/2997
f 1638/1638/1634 3018/3018/2988 1636/1636/1632
f 55/55/55 3015/3015/2985 483/483/483
f 781/781/781 1548/1548/1544 650/650/650
f 781/781/781 897/897/897 1548/1548/1544
f 3008/3008/2978 119/119/119 116/116/116
f 3008/3008/2978 2674/2674/2654 119/119/119
f 1314/1314/1310 1274/1274/1270 2069/2069/2061
f 1314/1314/1310 1277/1277/1273 1274/1274/1270
f 3014/3014/2984 195/195/195 727/727/727
f 3014/3014/2984 2978/2978/2948 195/195/195
f 2851/2851/2822 1923/1923/1915 2745/2745/2722
f 2096/2096/2088 1923/1923/1915 2851/2851/2822
f 2092/2092/2084 2968/2968/2938 2093/2093/2085
f 2463/2463/2448 3038/3038/3006 2363/2363/2352
f 3057/3057/3022 2968/2968/2938 2092/2092/2084
f 2463/2463/2448 3057/3057/3022 3038/3038/3006
f 2463/2463/2448 2968/2968/2938 3057/3057/3022
f 1745/1745/1741 547/547/547 1252/1252/1248
f 1745/1745/1741 1559/1559/1555 547/547/547
f 47/47/47 2398/2398/2385 2396/2396/2383
f 47/47/47 2811/2811/2785 3043/3043/3010
f 1452/1452/1448 331/331/331 1833/1833/1826
f 1454/1454/1450 331/331/331 1452/1452/1448
f 2868/2868/2839 212/212/212 233/233/233
f 2868/2868/2839 1904/1904/1896 212/212/212
f 47/47/47 42/42/42 3047/3047/3013
f 47/47/47 2946/2946/2916 1817/1817/1810
f 1772/1772/1768 55/55/55 1773/1773/1769
f 2049/2049/2041 1754/1754/1750 131/131/131
f 2580/2580/2561 1754/1754/1750 2049/2049/2041
f 47/47/47 2394/2394/2381 2398/2398/2385
f 55/55/55 2982/2982/2952 2911/2911/2881
f 102/102/102 2335/2335/2325 3039/3039/3007
f 104/104/104 2335/2335/2325 102/102/102
f 2592/2592/2573 1712/1712/1708 1714/1714/1710
f 2592/2592/2573 2532/2532/2513 1712/1712/1708
f 2504/2504/2485 2188/2188/2179 2505/2505/2486
f 2504/2504/2485 2062/2062/2054 2188/2188/2179
f 734/734/734 1720/1720/1716 1390/1390/1386
f 734/734/734 736/736/736 1720/1720/1716
f 2484/2484/2465 1656/1656/1652 1615/1615/1611
f 2484/2484/2465 1010/1010/1008 1656/1656/1652
f 1374/1374/1370 2080/2080/2072 2797/2797/2771
f 1374/1374/1370 2075/2075/2067 2080/2080/2072
f 2556/2556/2537 55/55/55 2557/2557/2538
f 1796/1796/1791 1890/1890/1883 2299/2299/2290
f 2880/2880/2850 1890/1890/1883 1796/1796/1791
f 1257/1257/1253 1012/1012/1010 2275/2275/2266
f 1259/1259/1255 1012/1012/1010 1257/1257/1253
f 1467/1467/1463 1980/1980/1972 1470/1470/1466
f 1981/1981/1973 1980/1980/1972 1467/1467/1463
f 1642/1642/1638 685/685/685 2753/2753/2730
f 686/686/686 685/685/685 1642/1642/1638
f 1874/1874/1867 126/126/126 1151/1151/1147
f 1874/1874/1867 124/124/124 126/126/126
f 514/514/514 1750/1750/1746 194/194/194
f 2788/2788/2762 1750/1750/1746 514/514/514
f 2122/2122/2114 386/386/386 1950/1950/1942
f 2122/2122/2114 389/389/389 386/386/386
f 47/47/47 254/254/254 1083/1083/1081
f 2813/2813/2787 1671/1671/1667 2812/2812/2786
f 2813/2813/2787 1674/1674/1670 1671/1671/1667
f 47/47/47 2969/2969/2939 2970/2970/2940
f 47/47/47 1301/1301/1297 1300/1300/1296
f 2044/2044/2036 225/225/225 2686/2686/2665
f 2044/2044/2036 223/223/223 225/225/225
f 562/562/562 987/987/987 2951/2951/2921
f 562/562/562 1150/1150/1146 987/987/987
f 644/644/644 2985/2985/2955 647/647/647
f 2791/2791/2765 2985/2985/2955 644/644/644
f 2143/2143/2134 128/128/128 1478/1478/1474
f 2050/2050/2042 128/128/128 2143/2143/2134
f 423/423/423 1925/1925/1917 1927/1927/1919
f 425/425/425 1925/1925/1917 423/423/423
f 1869/1869/1862 999/999/986 3023/3023/983
f 1000/1000/999 999/999/986 1869/1869/1862
f 2838/2838/2811 627/627/627 628/628/628
f 2838/2838/2811 3041/3041/3008 627/627/627
f 3041/3041/3008 3058/3058/3023 627/627/627
f 3058/3058/3023 3025/3025/2993 627/627/627
f 3025/3025/2993 3024/3024/2992 627/627/627
f 47/47/47 2465/2465/2450 2467/2467/572
f 1517/1517/1513 2301/2301/2292 959/959/959
f 1517/1517/1513 1396/1396/1392 2301/2301/2292
f 2113/2113/2105 1338/1338/1334 404/404/404
f 2113/2113/2105 2551/2551/2532 1338/1338/1334
f 1187/1187/1183 2948/2948/2918 2577/2577/2558
f 1145/1145/1141 2948/2948/2918 1187/1187/1183
f 812/812/812 55/55/55 813/813/813
f 3013/3013/2983 2399/2399/2386 791/791/791
f 3013/3013/2983 2400/2400/2387 2399/2399/2386
f 1397/1397/1393 1473/1473/1469 1395/1395/1391
f 1397/1397/1393 1471/1471/1467 1473/1473/1469
f 1320/1320/1316 1568/1568/1564 1318/1318/1314
f 1370/1370/1366 1568/1568/1564 1320/1320/1316
f 624/624/624 2887/2887/2857 270/270/270
f 626/626/626 2887/2887/2857 624/624/624
f 47/47/47 1952/1952/1944 34/34/34
f 2400/2400/2387 1040/1040/1038 855/855/855
f 668/668/668 1040/1040/1038 2400/2400/2387
f 1388/1388/1384 749/749/749 2124/2124/2116
f 1388/1388/1384 750/750/750 749/749/749
f 55/55/55 1118/1118/1116 1117/1117/1115
f 1261/1261/1257 1883/1883/1876 2875/2875/2846
f 1261/1261/1257 1435/1435/1431 1883/1883/1876
f 47/47/47 107/107/107 106/106/106
f 1124/1124/1122 2765/2765/2740 1125/1125/1123
f 1124/1124/1122 134/134/134 2765/2765/2740
f 326/326/326 1925/1925/1917 425/425/425
f 326/326/326 2576/2576/2557 1925/1925/1917
f 47/47/47 2938/2938/2908 2939/2939/2909
f 55/55/55 2670/2670/2650 2531/2531/2512
f 2320/2320/2310 1339/1339/1335 2321/2321/2311
f 402/402/402 2749/2749/2726 2074/2074/2066
f 402/402/402 3052/3052/3018 2749/2749/2726
f 3052/3052/3018 1339/1339/1335 2320/2320/2310
f 402/402/402 1339/1339/1335 3052/3052/3018
f 47/47/47 3051/3051/3017 2443/2443/2428
f 55/55/55 2661/2661/2641 2660/2660/2640
f 1005/1005/1003 3022/3022/2666 2481/2481/1934
f 2021/2021/2013 3022/3022/2666 1005/1005/1003
f 2613/2613/2594 1243/1243/1239 1240/1240/1236
f 1520/1520/1516 1243/1243/1239 2613/2613/2594
f 47/47/47 1758/1758/1754 2816/2816/2790
f 1856/1856/1849 3034/3034/3002 1126/1126/1124
f 1242/1242/1238 3034/3034/3002 1856/1856/1849
f 3005/3005/2975 1587/1587/1583 1585/1585/1581
f 2244/2244/2235 1587/1587/1583 3005/3005/2975
f 2900/2900/2870 2098/2098/2090 2949/2949/2919
f 2900/2900/2870 2126/2126/2118 2098/2098/2090
f 305/305/305 2989/2989/2959 306/306/306
f 305/305/305 649/649/649 2989/2989/2959
f 2559/2559/2540 2829/2829/2802 127/127/127
f 2559/2559/2540 2558/2558/2539 2829/2829/2802
f 1188/1188/1184 1436/1436/1432 1438/1438/1434
f 1188/1188/1184 1189/1189/1185 1436/1436/1432
f 2832/2832/2805 1529/1529/1525 1528/1528/1524
f 2832/2832/2805 1744/1744/1740 1529/1529/1525
f 47/47/47 2802/2802/2776 2804/2804/2778
f 55/55/55 3025/3025/2993 3058/3058/3023
f 36/36/36 2450/2450/2435 2410/2410/2397
f 36/36/36 38/38/38 2450/2450/2435
f 693/693/693 1976/1976/1968 691/691/691
f 693/693/693 1979/1979/1971 1976/1976/1968
f 82/82/82 1852/1852/1845 2559/2559/2540
f 84/84/84 1852/1852/1845 82/82/82
f 47/47/47 336/336/336 340/340/340
f 2391/2391/2378 55/55/55 2392/2392/2379
f 2665/2665/2645 1820/1820/1813 1442/1442/1438
f 1821/1821/1814 1820/1820/1813 2665/2665/2645
f 55/55/55 2260/2260/2251 2386/2386/2373
f 2280/2280/2271 55/55/55 2282/2282/2273
f 2095/2095/2087 1087/1087/1085 1987/1987/1979
f 356/356/356 1087/1087/1085 2095/2095/2087
f 758/758/758 1154/1154/1150 3008/3008/2978
f 761/761/761 2644/2644/2625 758/758/758
f 2644/2644/2625 2643/2643/2624 758/758/758
f 2643/2643/2624 3021/3021/2991 758/758/758
f 3021/3021/2991 1154/1154/1150 758/758/758
f 47/47/47 31/31/31 880/880/880
f 199/199/199 2542/2542/2523 2626/2626/2607
f 199/199/199 201/201/201 2542/2542/2523
f 47/47/47 271/271/271 273/273/273
f 579/579/579 2128/2128/2120 2129/2129/2121
f 579/579/579 2907/2907/2877 2128/2128/2120
f 742/742/742 2625/2625/2606 1618/1618/1614
f 742/742/742 1308/1308/1304 2625/2625/2606
f 292/292/292 2883/2883/2853 295/295/295
f 2025/2025/2017 2883/2883/2853 292/292/292
f 2300/2300/2291 2750/2750/2727 2358/2358/2347
f 2300/2300/2291 1644/1644/1640 2750/2750/2727
f 47/47/47 2894/2894/2864 3059/3059/3024
f 1275/1275/1271 1251/1251/1247 2999/2999/2969
f 1529/1529/1525 1251/1251/1247 1275/1275/1271
f 2772/2772/2746 322/322/322 324/324/324
f 2772/2772/2746 1919/1919/1911 322/322/322
f 47/47/47 34/34/34 33/33/33
f 47/47/47 2438/2438/2423 2440/2440/2425
f 2668/2668/2648 55/55/55 2280/2280/2271
f 2536/2536/2517 55/55/55 2537/2537/2518
f 1892/1892/1885 1276/1276/1272 1893/1893/1886
f 1274/1274/1270 793/793/793 1643/1643/1639
f 794/794/794 1276/1276/1272 1892/1892/1885
f 1274/1274/1270 794/794/794 793/793/793
f 1274/1274/1270 1276/1276/1272 794/794/794
f 539/539/539 2533/2533/2514 2429/2429/2414
f 1753/1753/1749 2533/2533/2514 539/539/539
f 47/47/47 2185/2185/2176 916/916/916
f 47/47/47 68/68/68 1574/1574/1570
f 47/47/47 2265/2265/2256 2923/2923/2893
f 1456/1456/1452 580/580/580 2245/2245/2236
f 1458/1458/1454 580/580/580 1456/1456/1452
f 2456/2456/2441 191/191/191 2103/2103/2095
f 515/515/515 191/191/191 2456/2456/2441
f 55/55/55 830/830/830 1025/1025/1023
f 47/47/47 2093/2093/2085 2969/2969/2939
f 1/1/1 144/144/144 4/4/4
f 142/142/142 144/144/144 1/1/1
f 2341/2341/2331 2281/2281/2272 2834/2834/2807
f 2342/2342/2332 2281/2281/2272 2341/2341/2331
f 2423/2423/2408 1157/1157/1153 2401/2401/2388
f 1156/1156/1152 1157/1157/1153 2423/2423/2408
f 65/65/65 1612/1612/1608 2793/2793/2767
f 64/64/64 1612/1612/1608 65/65/65
f 3031/3031/2999 55/55/55 3032/3032/3000
f 2955/2955/2925 55/55/55 981/981/981
f 2415/2415/2400 55/55/55 2391/2391/2378
f 74/74/74 1379/1379/1375 75/75/75
f 74/74/74 1381/1381/1377 1379/1379/1375
f 2195/2195/2186 2738/2738/2715 2506/2506/2487
f 2266/2266/2257 2738/2738/2715 2195/2195/2186
f 895/895/895 974/974/974 893/893/893
f 975/975/975 974/974/974 895/895/895
f 2005/2005/1997 1485/1485/1481 2988/2988/2958
f 2005/2005/1997 2004/2004/1996 1485/1485/1481
f 47/47/47 1489/1489/1485 1060/1060/1058
f 2401/2401/2388 2581/2581/2562 2404/2404/2391
f 1157/1157/1153 2581/2581/2562 2401/2401/2388
f 2780/2780/2754 2699/2699/2678 2701/2701/2680
f 2364/2364/2353 2699/2699/2678 2780/2780/2754
f 2133/2133/2125 1622/1622/1618 2167/2167/2158
f 1623/1623/1619 1622/1622/1618 2133/2133/2125
f 1037/1037/1035 2407/2407/2394 2880/2880/2850
f 792/792/792 2407/2407/2394 1037/1037/1035
f 1059/1059/1057 115/115/115 112/112/112
f 1059/1059/1057 1058/1058/1056 115/115/115
f 1335/1335/1331 3060/3060/2744 1336/1336/1332
f 1335/1335/1331 3055/3055/940 3060/3060/2744
f 2233/2233/2224 2466/2466/570 2234/2234/2225
f 2233/2233/2224 2317/2317/2307 2466/2466/570
f 492/492/492 2512/2512/2493 490/490/490
f 492/492/492 2515/2515/2496 2512/2512/2493
f 1186/1186/1182 980/980/980 977/977/977
f 1013/1013/1011 980/980/980 1186/1186/1182
f 47/47/47 2396/2396/2383 2397/2397/2384
f 55/55/55 1824/1824/1817 1823/1823/1816
f 55/55/55 2385/2385/2372 2384/2384/2083
f 65/65/65 1746/1746/1742 78/78/78
f 65/65/65 2793/2793/2767 1746/1746/1742
f 1986/1986/1978 230/230/230 227/227/227
f 1986/1986/1978 2942/2942/2912 230/230/230
f 2175/2175/2166 55/55/55 2176/2176/2167
f 460/460/460 2331/2331/2321 461/461/461
f 460/460/460 2334/2334/2324 2331/2331/2321
f 47/47/47 560/560/560 557/557/557
f 2980/2980/2950 2909/2909/2879 2752/2752/2729
f 2980/2980/2950 1172/1172/1168 2909/2909/2879
f 1155/1155/1151 55/55/55 3009/3009/2979
f 47/47/47 2723/2723/2700 3061/3061/3025
f 2943/2943/2913 2873/2873/2844 2355/2355/2344
f 2913/2913/2883 2873/2873/2844 2943/2943/2913
f 47/47/47 1073/1073/1071 2323/2323/2313
f 3054/3054/3020 55/55/55 3053/3053/3019
f 2022/2022/2014 2810/2810/2784 2023/2023/2015
f 2722/2722/2699 3061/3061/3025 2723/2723/2700
f 2672/2672/2652 2810/2810/2784 2022/2022/2014
f 2722/2722/2699 2672/2672/2652 3061/3061/3025
f 2722/2722/2699 2810/2810/2784 2672/2672/2652
f 1367/1367/1363 920/920/920 566/566/566
f 1367/1367/1363 918/918/918 920/920/920
f 220/220/220 1681/1681/1677 766/766/766
f 222/222/222 1681/1681/1677 220/220/220
f 55/55/55 1354/1354/1350 1353/1353/1349
f 1228/1228/1224 55/55/55 1229/1229/1225
f 1748/1748/1744 2848/2848/2819 1756/1756/1752
f 3059/3059/3024 2917/2917/2887 1416/1416/1412
f 2894/2894/2864 2917/2917/2887 3059/3059/3024
f 1748/1748/1744 2894/2894/2864 2848/2848/2819
f 1748/1748/1744 2917/2917/2887 2894/2894/2864
f 221/221/221 765/765/765 2519/2519/2500
f 221/221/221 220/220/220 765/765/765
f 2602/2602/2583 868/868/868 865/865/865
f 2602/2602/2583 1515/1515/1511 868/868/868
f 2990/2990/2960 1697/1697/1693 710/710/710
f 2990/2990/2960 1700/1700/1696 1697/1697/1693
f 47/47/47 2815/2815/2789 1643/1643/1639
f 55/55/55 3001/3001/2971 56/56/56
f 2048/2048/2040 2012/2012/2004 2121/2121/2113
f 988/988/988 2012/2012/2004 2048/2048/2040
f 1049/1049/1047 1806/1806/1801 1174/1174/1170
f 1804/1804/1799 1806/1806/1801 1049/1049/1047
f 55/55/55 2953/2953/2923 2710/2710/2687
f 1500/1500/1496 100/100/100 1948/1948/1940
f 1500/1500/1496 2169/2169/2160 100/100/100
f 1962/1962/1954 55/55/55 1958/1958/1950
f 1213/1213/1209 1593/1593/1589 1875/1875/1868
f 2598/2598/2579 1593/1593/1589 1213/1213/1209
f 1276/1276/1272 3062/3062/3026 1893/1893/1886
f 3051/3051/3017 2441/2441/2426 2443/2443/2428
f 1276/1276/1272 3050/3050/3016 3062/3062/3026
f 3050/3050/3016 2441/2441/2426 3051/3051/3017
f 1276/1276/1272 2441/2441/2426 3050/3050/3016
f 92/92/92 2077/2077/2069 2259/2259/2250
f 548/548/548 2077/2077/2069 92/92/92
f 47/47/47 2967/2967/2937 2945/2945/2915
f 2238/2238/2229 2346/2346/2336 2859/2859/2830
f 2238/2238/2229 2509/2509/2490 2346/2346/2336
f 47/47/47 3043/3043/3010 2553/2553/2534
f 2712/2712/2689 182/182/182 873/873/873
f 1175/1175/1171 182/182/182 2712/2712/2689
f 1799/1799/1794 577/577/577 574/574/574
f 2142/2142/2133 577/577/577 1799/1799/1794
f 966/966/966 1997/1997/1989 1608/1608/1604
f 1673/1673/1669 1997/1997/1989 966/966/966
f 47/47/47 1558/1558/1554 2690/2690/2669
f 852/852/852 1906/1906/1898 2748/2748/2725
f 852/852/852 1575/1575/1571 1906/1906/1898
f 47/47/47 3059/3059/3024 1416/1416/1412
f 1605/1605/1601 887/887/887 1603/1603/1599
f 1605/1605/1601 885/885/885 887/887/887
f 2454/2454/2439 2984/2984/2954 1232/1232/1228
f 2454/2454/2439 2196/2196/2187 2984/2984/2954
f 2138/2138/2130 2059/2059/2051 2993/2993/2963
f 1939/1939/1931 2059/2059/2051 2138/2138/2130
f 55/55/55 2089/2089/2081 2088/2088/2080
f 47/47/47 110/110/110 2242/2242/2233
f 256/256/256 1629/1629/1625 257/257/257
f 256/256/256 1319/1319/1315 1629/1629/1625
f 3015/3015/2985 55/55/55 2997/2997/2967
f 922/922/922 1996/1996/1988 923/923/923
f 922/922/922 1550/1550/1546 1996/1996/1988
f 2915/2915/2885 1901/1901/1893 2876/2876/2847
f 1902/1902/1894 1901/1901/1893 2915/2915/2885
f 121/121/121 2996/2996/2966 122/122/122
f 121/121/121 411/411/411 2996/2996/2966
f 2719/2719/2696 1795/1795/1790 1966/1966/1958
f 2130/2130/2122 1795/1795/1790 2719/2719/2696
f 2667/2667/2647 671/671/671 1687/1687/1683
f 672/672/672 1302/1302/1298 1083/1083/1081
f 672/672/672 2666/2666/2646 1302/1302/1298
f 2666/2666/2646 671/671/671 2667/2667/2647
f 672/672/672 671/671/671 2666/2666/2646
f 55/55/55 3035/3035/3003 2808/2808/2782
f 55/55/55 2854/2854/2825 2853/2853/2824
f 1210/1210/1206 2248/2248/2239 2253/2253/2244
f 714/714/714 2248/2248/2239 1210/1210/1206
f 47/47/47 2397/2397/2384 1865/1865/1858
f 1103/1103/1101 1074/1074/1072 2637/2637/2618
f 1563/1563/1559 1074/1074/1072 1103/1103/1101
f 2568/2568/2549 211/211/211 551/551/551
f 209/209/209 211/211/211 2568/2568/2549
f 47/47/47 2992/2992/2962 2775/2775/2749
f 2473/2473/2456 244/244/244 246/246/246
f 2473/2473/2456 2472/2472/2455 244/244/244
f 1598/1598/1594 55/55/55 1599/1599/1595
f 424/424/424 1638/1638/1634 1635/1635/1631
f 424/424/424 423/423/423 1638/1638/1634
f 2515/2515/2496 2952/2952/2922 2513/2513/2494
f 2958/2958/2928 2952/2952/2922 2515/2515/2496
f 55/55/55 3054/3054/3020 2987/2987/2957
f 47/47/47 3062/3062/3026 3050/3050/3016
f 1219/1219/1215 783/783/783 1217/1217/1213
f 1219/1219/1215 103/103/103 783/783/783
f 390/390/390 2862/2862/2833 810/810/810
f 390/390/390 392/392/392 2862/2862/2833
f 55/55/55 2111/2111/2103 2110/2110/2102
f 1913/1913/1905 2695/2695/2674 2696/2696/2675
f 823/823/823 2695/2695/2674 1913/1913/1905
f 2902/2902/2872 55/55/55 2071/2071/2063
f 55/55/55 2927/2927/2897 2995/2995/2965
f 738/738/738 953/953/953 955/955/955
f 738/738/738 639/639/639 953/953/953
f 2230/2230/2221 688/688/688 2560/2560/2541
f 2000/2000/1992 688/688/688 2230/2230/2221
f 1719/1719/1715 55/55/55 2837/2837/2810
f 47/47/47 1235/1235/1231 1234/1234/1230
f 2780/2780/2754 2787/2787/2761 2781/2781/2755
f 2780/2780/2754 2701/2701/2680 2787/2787/2761
f 55/55/55 2619/2619/2600 3032/3032/3000
f 2201/2201/2192 55/55/55 2202/2202/2193
f 55/55/55 3042/3042/3009 1107/1107/1105
f 55/55/55 2866/2866/2837 2865/2865/2836
f 55/55/55 1929/1929/1921 58/58/58
f 834/834/834 770/770/770 767/767/767
f 775/775/775 770/770/770 834/834/834
f 47/47/47 2721/2721/2698 2723/2723/2700
f 2640/2640/2621 2994/2994/2964 2584/2584/2565
f 2640/2640/2621 1766/1766/1762 2994/2994/2964
f 47/47/47 1399/1399/1395 2119/2119/2111
f 461/461/461 3002/3002/2972 3033/3033/3001
f 461/461/461 2331/2331/2321 3002/3002/2972
f 1634/1634/1630 3008/3008/2978 116/116/116
f 758/758/758 3008/3008/2978 1634/1634/1630
f 2700/2700/2679 1750/1750/1746 2788/2788/2762
f 2700/2700/2679 1749/1749/1745 1750/1750/1746
f 47/47/47 29/29/29 31/31/31
f 47/47/47 884/884/884 881/881/881
f 3049/3049/3015 1392/1392/1388 788/788/788
f 3049/3049/3015 2611/2611/2592 1392/1392/1388
f 1284/1284/1280 2164/2164/2155 1283/1283/1279
f 1579/1579/1575 2164/2164/2155 1284/1284/1280
f 47/47/47 2521/2521/2502 848/848/848
f 2981/2981/2951 55/55/55 1527/1527/1523
f 853/853/853 2748/2748/2725 3028/3028/2996
f 853/853/853 852/852/852 2748/2748/2725
f 47/47/47 2433/2433/2418 3003/3003/2973
f 2230/2230/2221 2530/2530/2511 603/603/603
f 2230/2230/2221 2560/2560/2541 2530/2530/2511
f 47/47/47 2442/2442/2427 2444/2444/2429
f 47/47/47 2491/2491/2472 2492/2492/2473
f 47/47/47 2827/2827/2800 2284/2284/2275
f 2921/2921/2891 1707/1707/1703 2453/2453/2438
f 2921/2921/2891 2522/2522/2503 1707/1707/1703
f 47/47/47 3038/3038/3006 3057/3057/3022
f 3012/3012/2982 55/55/55 1043/1043/1041
f 47/47/47 2219/2219/2210 2218/2218/2209
f 2351/2351/2340 2496/2496/2477 1045/1045/1043
f 2351/2351/2340 2719/2719/2696 2496/2496/2477
f 1601/1601/1597 1887/1887/1880 2835/2835/2808
f 2347/2347/2337 1887/1887/1880 1601/1601/1597
f 2111/2111/2103 55/55/55 2107/2107/2099
f 47/47/47 2965/2965/2935 2967/2967/2937
f 487/487/487 55/55/55 488/488/488
f 1671/1671/1667 966/966/966 968/968/968
f 1671/1671/1667 1673/1673/1669 966/966/966
f 1339/1339/1335 2878/2878/2848 2321/2321/2311
f 1755/1755/1751 1748/1748/1744 1756/1756/1752
f 2867/2867/2838 1748/1748/1744 1755/1755/1751
f 1339/1339/1335 2867/2867/2838 2878/2878/2848
f 1339/1339/1335 1748/1748/1744 2867/2867/2838
f 47/47/47 1574/1574/1570 1572/1572/1568
f 685/685/685 1616/1616/1612 2753/2753/2730
f 685/685/685 2540/2540/2521 1616/1616/1612
f 1922/1922/1914 1821/1821/1814 2665/2665/2645
f 484/484/484 1821/1821/1814 1922/1922/1914
f 47/47/47 2464/2464/2449 2362/2362/2351
f 804/804/804 55/55/55 805/805/805
f 1247/1247/1243 506/506/506 2856/2856/2827
f 507/507/507 506/506/506 1247/1247/1243
f 2900/2900/2870 1208/1208/1204 2126/2126/2118
f 1209/1209/1205 1208/1208/1204 2900/2900/2870
f 2895/2895/2865 13/13/13 1194/1194/1190
f 2863/2863/2834 13/13/13 2895/2895/2865
f 3036/3036/3004 55/55/55 1330/1330/1326
f 3049/3049/3015 2890/2890/2860 2611/2611/2592
f 1552/1552/1548 2890/2890/2860 3049/3049/3015
f 47/47/47 2804/2804/2778 2803/2803/2777
f 2863/2863/2834 16/16/16 13/13/13
f 2527/2527/2508 16/16/16 2863/2863/2834
f 47/47/47 409/409/409 1301/1301/1297
f 2273/2273/2264 2262/2262/2253 2617/2617/2598
f 2274/2274/2265 2262/2262/2253 2273/2273/2264
f 2930/2930/2900 921/921/921 918/918/918
f 2930/2930/2900 1973/1973/1965 921/921/921
f 22/22/22 1794/1794/274 2414/2414/716
f 24/24/24 1794/1794/274 22/22/22
f 1378/1378/1374 606/606/606 1376/1376/1372
f 1378/1378/1374 609/609/609 606/606/606
f 47/47/47 1688/1688/1684 1683/1683/1679
f 47/47/47 881/881/881 883/883/883
f 1954/1954/1946 55/55/55 2963/2963/2933
f 47/47/47 1406/1406/1402 2814/2814/2788
f 1095/1095/1093 2586/2586/2567 2588/2588/2569
f 1095/1095/1093 1078/1078/1076 2586/2586/2567
f 47/47/47 2714/2714/2691 2651/2651/2631
f 47/47/47 3061/3061/3025 2672/2672/2652
f 2572/2572/2553 55/55/55 2354/2354/2343
f 1498/1498/1494 55/55/55 2201/2201/2192
f 55/55/55 2236/2236/2227 2339/2339/2329
f 3045/3045/3011 2908/2908/2878 2310/2310/2300
f 3045/3045/3011 2954/2954/2924 2908/2908/2878
f 2852/2852/2823 55/55/55 3030/3030/2998
f 47/47/47 1893/1893/1886 3062/3062/3026
f 1606/1606/1602 2122/2122/2114 1950/1950/1942
f 1246/1246/1242 2122/2122/2114 1606/1606/1602
f 2289/2289/2280 1860/1860/1853 2263/2263/2254
f 2289/2289/2280 2409/2409/2396 1860/1860/1853
f 140/140/140 55/55/55 309/309/309
f 1283/1283/1279 344/344/344 341/341/341
f 1283/1283/1279 2163/2163/2154 344/344/344
f 2599/2599/2580 1370/1370/1366 1320/1320/1316
f 1371/1371/1367 1370/1370/1366 2599/2599/2580
f 47/47/47 2395/2395/2382 2394/2394/2381
f 69/69/69 2405/2405/2392 1412/1412/1408
f 69/69/69 71/71/71 2405/2405/2392
f 55/55/55 2659/2659/2639 3016/3016/2986
f 47/47/47 3057/3057/3022 2092/2092/2084
f 345/345/345 3060/3060/2744 348/348/348
f 1336/1336/1332 3060/3060/2744 345/345/345
f 1202/1202/1198 2293/2293/2284 1351/1351/1347
f 1202/1202/1198 2596/2596/2577 2293/2293/2284
f 1485/1485/1481 777/777/777 779/779/779
f 2004/2004/1996 777/777/777 1485/1485/1481
f 1564/1564/1560 55/55/55 2632/2632/2613
f 3009/3009/2979 55/55/55 2846/2846/2817
f 47/47/47 2816/2816/2790 2815/2815/2789
f 47/47/47 1685/1685/1681 282/282/282
f 1504/1504/1500 2504/2504/2485 2336/2336/2326
f 1504/1504/1500 1702/1702/1698 2504/2504/2485
f 47/47/47 1881/1881/1874 2151/2151/2142
f 55/55/55 804/804/804 803/803/803
f 777/777/777 535/535/535 780/780/780
f 2116/2116/2108 535/535/535 777/777/777
f 47/47/47 2939/2939/2909 2936/2936/2906
f 323/323/323 1243/1243/1239 1520/1520/1516
f 323/323/323 2507/2507/2488 1243/1243/1239
f 47/47/47 2220/2220/2211 2216/2216/2207
f 1900/1900/1892 2577/2577/2558 1903/1903/1895
f 1187/1187/1183 2577/2577/2558 1900/1900/1892
f 55/55/55 1022/1022/1020 829/829/829
f 47/47/47 2657/2657/2637 2655/2655/2635
f 1183/1183/1179 1607/1607/1603 1184/1184/1180
f 1183/1183/1179 1244/1244/1240 1607/1607/1603
f 55/55/55 803/803/803 802/802/802
f 1063/1063/1061 2806/2806/2780 2011/2011/2003
f 1776/1776/1772 2806/2806/2780 1063/1063/1061
f 47/47/47 2444/2444/2429 2438/2438/2423
f 55/55/55 1936/1936/1928 1935/1935/1927
f 3042/3042/3009 55/55/55 2534/2534/2515
f 47/47/47 3048/3048/3014 2964/2964/2934
f 47/47/47 1683/1683/1679 1685/1685/1681
f 1224/1224/1220 55/55/55 1227/1227/1223
f 47/47/47 3047/3047/3013 3048/3048/3014
f 310/310/310 55/55/55 311/311/311
f 55/55/55 842/842/842 847/847/847
f 3041/3041/3008 55/55/55 3058/3058/3023
f 55/55/55 1718/1718/1714 1230/1230/1226
f 55/55/55 3046/3046/3012 2517/2517/2498
f 55/55/55 451/451/451 1355/1355/1351
f 1197/1197/1193 838/838/838 835/835/835
f 15/15/15 838/838/838 1197/1197/1193
# Vertices: 3062, normals: 3026, texture coordinates: 3062, faces: 6048

