mtllib AstronautModel.mtl

o obj1
v 0.433388 0.818026 0.021553
v 0.499999 0.818439 0.015039
v 0.499999 0.742040 0.008764
v 0.433388 0.739988 0.014199
v 0.394394 0.823513 0.595184
v 0.416559 0.817740 0.449161
v 0.357445 0.812367 0.347593
v 0.376350 0.824763 0.590601
v 0.409836 0.814245 0.736428
v 0.390671 0.811582 0.720639
v 0.401388 0.786932 0.828062
v 0.438582 0.795445 0.835913
v 0.499999 0.797838 0.839192
v 0.430766 0.813558 0.742449
v 0.472945 0.812781 0.765057
v 0.499999 0.810473 0.781585
v 0.449900 0.815729 0.724965
v 0.472945 0.821916 0.766916
v 0.450822 0.824328 0.726389
v 0.449900 0.815729 0.724965
v 0.472945 0.812781 0.765057
v 0.472945 0.821916 0.766916
v 0.475264 0.823653 0.759608
v 0.455193 0.825942 0.726595
v 0.450822 0.824328 0.726389
v 0.425876 0.844257 0.631661
v 0.424578 0.836113 0.613908
v 0.439216 0.829578 0.688575
v 0.424856 0.844066 0.498670
v 0.420868 0.851897 0.518992
v 0.431557 0.855363 0.463418
v 0.414755 0.874164 0.523412
v 0.430595 0.880383 0.441716
v 0.425233 0.908115 0.428162
v 0.411968 0.899812 0.513793
v 0.414056 0.926565 0.510974
v 0.416401 0.927348 0.440622
v 0.442888 0.977375 0.330123
v 0.443400 0.928082 0.307798
v 0.441911 0.888656 0.375965
v 0.466265 0.860221 0.387476
v 0.499999 0.850251 0.359252
v 0.499999 0.850251 0.359252
v 0.422097 0.842234 0.493986
v 0.424856 0.844066 0.498670
v 0.499999 0.895882 0.333906
v 0.499999 0.927779 0.291295
v 0.499999 0.980783 0.311667
v 0.447455 0.992668 0.368792
v 0.499999 0.992780 0.357481
v 0.415028 0.976302 0.442538
v 0.454177 0.999821 0.448038
v 0.415272 0.976754 0.596014
v 0.454332 0.999352 0.674057
v 0.418534 0.974009 0.676749
v 0.454804 0.997741 0.680702
v 0.459839 0.975883 0.679416
v 0.454804 0.997741 0.680702
v 0.418534 0.974009 0.676749
v 0.438476 0.964519 0.675075
v 0.459839 0.975883 0.679416
v 0.438476 0.964519 0.675075
v 0.438846 0.952990 0.678246
v 0.456844 0.965607 0.702995
v 0.478339 0.972406 0.715316
v 0.499999 0.976415 0.723298
v 0.499999 0.984206 0.681191
v 0.499999 0.984206 0.681191
v 0.499999 0.998119 0.680630
v 0.499999 0.998119 0.680630
v 0.499999 0.999777 0.674398
v 0.499999 1.000000 0.443912
v 0.430013 0.655118 0.023934
v 0.381044 0.654225 0.027676
v 0.377966 0.733089 0.036774
v 0.430013 0.734607 0.032752
v 0.357464 0.666456 0.370031
v 0.360719 0.664777 0.452756
v 0.356638 0.699484 0.469730
v 0.353485 0.712759 0.370553
v 0.346605 0.756386 0.429793
v 0.351548 0.753419 0.373263
v 0.353652 0.804196 0.477910
v 0.358661 0.824629 0.594713
v 0.381268 0.774451 0.800907
v 0.371169 0.810023 0.714972
v 0.371577 0.713601 0.758481
v 0.371577 0.713601 0.758481
v 0.349581 0.682146 0.621730
v 0.364951 0.671398 0.618527
v 0.402356 0.672128 0.817095
v 0.377805 0.670893 0.747323
v 0.437437 0.672315 0.863444
v 0.430013 0.595802 0.023988
v 0.385013 0.595812 0.027445
v 0.364222 0.659479 0.620256
v 0.364951 0.671398 0.618527
v 0.338586 0.701939 0.493660
v 0.356638 0.699484 0.469730
v 0.350450 0.650098 0.606883
v 0.364900 0.644387 0.720201
v 0.374515 0.652845 0.735091
v 0.344608 0.645088 0.314280
v 0.345836 0.623783 0.584880
v 0.359612 0.620147 0.699817
v 0.391529 0.637895 0.841025
v 0.399783 0.647155 0.832612
v 0.440141 0.634103 0.870752
v 0.443544 0.642764 0.861332
v 0.427600 0.602129 0.889211
v 0.499999 0.596810 0.929010
v 0.499999 0.632650 0.913326
v 0.499999 0.643229 0.876875
v 0.376836 0.584006 0.356532
v 0.352466 0.569893 0.588949
v 0.356802 0.576852 0.589637
v 0.354489 0.588720 0.582703
v 0.345274 0.598218 0.306219
v 0.354118 0.599314 0.061476
v 0.353402 0.646595 0.062070
v 0.348432 0.598387 0.581652
v 0.371654 0.589281 0.731671
v 0.386151 0.610797 0.821461
v 0.419215 0.572934 0.846920
v 0.499999 0.565723 0.903990
v 0.499999 0.544027 0.018608
v 0.499999 0.491146 0.019351
v 0.394092 0.490098 0.026669
v 0.387104 0.545515 0.027118
v 0.499999 0.595789 0.018586
v 0.369153 0.561892 0.711770
v 0.376154 0.567630 0.715052
v 0.412345 0.556398 0.830678
v 0.416015 0.560056 0.824537
v 0.499999 0.551753 0.907406
v 0.499999 0.555579 0.901280
v 0.499999 0.558567 0.886523
v 0.421798 0.565355 0.828772
v 0.378560 0.578160 0.721896
v 0.408685 0.529149 0.829873
v 0.499999 0.522268 0.890787
v 0.412367 0.526225 0.817128
v 0.499999 0.518752 0.877860
v 0.499999 0.511110 0.852894
v 0.499999 0.518752 0.877860
v 0.412367 0.526225 0.817128
v 0.412953 0.517397 0.806682
v 0.383506 0.501385 0.760579
v 0.415893 0.503482 0.812689
v 0.367808 0.526236 0.691379
v 0.360668 0.500510 0.701593
v 0.458726 0.499590 0.837366
v 0.499999 0.483563 0.840043
v 0.458726 0.499590 0.837366
v 0.467959 0.480439 0.828374
v 0.461094 0.464671 0.344116
v 0.441122 0.473040 0.341326
v 0.442016 0.482677 0.330776
v 0.499999 0.478314 0.333420
v 0.350366 0.508034 0.561005
v 0.386182 0.545515 0.352662
v 0.390968 0.487107 0.356376
v 0.368008 0.485159 0.459607
v 0.349892 0.492137 0.561842
v 0.353344 0.532572 0.579826
v 0.358737 0.542437 0.579873
v 0.351421 0.546028 0.583812
v 0.386182 0.545515 0.352662
v 0.358737 0.542437 0.579873
v 0.365836 0.538727 0.698524
v 0.372905 0.535073 0.696434
v 0.372905 0.535073 0.696434
v 0.352074 0.475007 0.643661
v 0.362678 0.474137 0.711582
v 0.387161 0.475760 0.780789
v 0.383506 0.501385 0.760579
v 0.467959 0.480439 0.828374
v 0.499999 0.469572 0.817573
v 0.499999 0.456751 0.404287
v 0.495495 0.452095 0.400697
v 0.490440 0.459082 0.367593
v 0.470356 0.457269 0.359220
v 0.475527 0.335444 0.595032
v 0.475003 0.336860 0.643374
v 0.473869 0.319545 0.645385
v 0.470228 0.317760 0.545727
v 0.471105 0.334925 0.547596
v 0.449205 0.337572 0.503489
v 0.418727 0.326134 0.468621
v 0.423322 0.341206 0.469549
v 0.468745 0.304578 0.565193
v 0.415154 0.311284 0.475356
v 0.402689 0.350900 0.795491
v 0.398691 0.333605 0.803389
v 0.444320 0.327653 0.743432
v 0.425062 0.347639 0.773470
v 0.446574 0.344400 0.741809
v 0.462287 0.340180 0.693782
v 0.441039 0.316194 0.748758
v 0.473673 0.307158 0.651186
v 0.474258 0.283339 0.636176
v 0.465307 0.287809 0.561443
v 0.411613 0.293767 0.474639
v 0.354004 0.325391 0.538912
v 0.355943 0.341329 0.533158
v 0.418727 0.326134 0.468621
v 0.415154 0.311284 0.475356
v 0.360600 0.353821 0.529669
v 0.391028 0.348202 0.493269
v 0.423322 0.341206 0.469549
v 0.335679 0.343596 0.654320
v 0.340449 0.357764 0.641885
v 0.347769 0.356742 0.584507
v 0.348597 0.356882 0.696042
v 0.356011 0.338947 0.756163
v 0.360687 0.355481 0.746258
v 0.380954 0.353316 0.776032
v 0.355347 0.324866 0.762090
v 0.395488 0.319057 0.808067
v 0.435413 0.299922 0.779887
v 0.460156 0.290827 0.715842
v 0.456310 0.271580 0.720857
v 0.470537 0.266352 0.635440
v 0.450605 0.253422 0.715277
v 0.466448 0.253554 0.625785
v 0.445428 0.243619 0.716853
v 0.459247 0.237892 0.628933
v 0.428259 0.246381 0.765590
v 0.429151 0.231478 0.720186
v 0.429668 0.217961 0.723284
v 0.452146 0.217248 0.620535
v 0.430026 0.197796 0.720027
v 0.451013 0.199756 0.610883
v 0.423816 0.161057 0.730588
v 0.444568 0.151015 0.610525
v 0.415324 0.121481 0.723654
v 0.439182 0.120393 0.600014
v 0.412924 0.103048 0.720034
v 0.435583 0.102209 0.590170
v 0.415511 0.105144 0.465785
v 0.430373 0.085752 0.584261
v 0.411599 0.082173 0.464527
v 0.403517 0.075221 0.479125
v 0.418984 0.073995 0.574269
v 0.403517 0.075221 0.479125
v 0.418984 0.073995 0.574269
v 0.410814 0.057161 0.578019
v 0.395505 0.057608 0.480099
v 0.393371 0.030159 0.467618
v 0.408977 0.028049 0.552661
v 0.406520 0.010922 0.550433
v 0.390898 0.012112 0.466201
v 0.391217 0.006235 0.461959
v 0.407581 0.005503 0.546194
v 0.407283 0.000947 0.544183
v 0.390670 0.001363 0.463477
v 0.363656 0.002413 0.428920
v 0.364491 0.007705 0.425906
v 0.365084 0.013886 0.429841
v 0.337465 0.009100 0.459227
v 0.338995 0.015584 0.463147
v 0.340926 0.033676 0.463886
v 0.367307 0.031939 0.431061
v 0.323934 0.017116 0.561360
v 0.325554 0.034296 0.563146
v 0.325326 0.063452 0.570121
v 0.343086 0.061456 0.475991
v 0.369747 0.059551 0.441065
v 0.337906 0.080058 0.474364
v 0.371467 0.077659 0.432829
v 0.320055 0.081306 0.565244
v 0.337906 0.080058 0.474364
v 0.320055 0.081306 0.565244
v 0.310771 0.090597 0.574164
v 0.332177 0.087977 0.459618
v 0.372619 0.085088 0.411475
v 0.371467 0.077659 0.432829
v 0.330253 0.111256 0.460821
v 0.373697 0.108263 0.409820
v 0.374055 0.127810 0.417718
v 0.328221 0.130615 0.471118
v 0.329912 0.159917 0.474197
v 0.378699 0.151026 0.423670
v 0.303994 0.129826 0.589663
v 0.306503 0.170359 0.596471
v 0.315060 0.218946 0.610564
v 0.338777 0.214086 0.494740
v 0.429200 0.197617 0.500696
v 0.432373 0.222968 0.508906
v 0.438997 0.244273 0.525003
v 0.446768 0.260233 0.544821
v 0.458268 0.270638 0.560871
v 0.407186 0.280204 0.470190
v 0.404289 0.266884 0.472512
v 0.397190 0.247290 0.459176
v 0.351008 0.273835 0.520851
v 0.351577 0.287972 0.518235
v 0.407186 0.280204 0.470190
v 0.404289 0.266884 0.472512
v 0.352198 0.303279 0.529071
v 0.411613 0.293767 0.474639
v 0.324799 0.292288 0.624560
v 0.328333 0.308040 0.627980
v 0.333350 0.330412 0.661711
v 0.354807 0.305773 0.784981
v 0.394182 0.302290 0.816990
v 0.387785 0.236276 0.792223
v 0.388646 0.252518 0.803958
v 0.384709 0.224445 0.777503
v 0.382825 0.211993 0.773195
v 0.376084 0.170903 0.780832
v 0.369285 0.124336 0.775847
v 0.369252 0.106111 0.769710
v 0.368351 0.084430 0.749472
v 0.409057 0.081468 0.700100
v 0.401330 0.075253 0.675265
v 0.401330 0.075253 0.675265
v 0.393546 0.064532 0.682127
v 0.390500 0.057781 0.735744
v 0.405642 0.049322 0.692539
v 0.407382 0.041660 0.788249
v 0.389949 0.052075 0.810867
v 0.389445 0.044387 0.881350
v 0.405575 0.037336 0.846507
v 0.399146 0.031148 0.901081
v 0.384289 0.033472 0.939271
v 0.414295 0.021366 0.828787
v 0.406264 0.020351 0.892563
v 0.403937 0.007302 0.892005
v 0.411959 0.006834 0.823813
v 0.413369 0.004309 0.823566
v 0.405101 0.005139 0.893896
v 0.403004 0.000155 0.902117
v 0.412220 0.000000 0.829885
v 0.414574 0.000180 0.763370
v 0.415675 0.004586 0.761630
v 0.414204 0.007838 0.764094
v 0.416405 0.022779 0.772144
v 0.406399 0.025285 0.662852
v 0.404072 0.008766 0.657226
v 0.405495 0.004476 0.653650
v 0.404855 0.000038 0.649874
v 0.361805 0.002231 0.656160
v 0.363870 0.002820 0.553092
v 0.338398 0.003466 0.459136
v 0.323196 0.004690 0.551774
v 0.321679 0.010623 0.557458
v 0.310293 0.010475 0.654117
v 0.312820 0.016023 0.657613
v 0.314259 0.032602 0.663225
v 0.327107 0.053491 0.684489
v 0.340778 0.061439 0.731146
v 0.340567 0.068430 0.677232
v 0.335116 0.080125 0.669149
v 0.335116 0.080125 0.669149
v 0.329208 0.087341 0.692724
v 0.327168 0.109263 0.712082
v 0.307289 0.111573 0.580084
v 0.324934 0.127742 0.715216
v 0.327967 0.174023 0.719802
v 0.337931 0.218443 0.718219
v 0.343634 0.231746 0.726610
v 0.320835 0.236443 0.625053
v 0.343229 0.231785 0.506167
v 0.393252 0.226923 0.456636
v 0.390018 0.203833 0.445086
v 0.346162 0.253064 0.524622
v 0.397190 0.247290 0.459176
v 0.323474 0.258096 0.634531
v 0.324001 0.277810 0.620347
v 0.333208 0.276933 0.713535
v 0.334582 0.290362 0.716466
v 0.335971 0.310086 0.719317
v 0.428450 0.277119 0.790462
v 0.426334 0.263481 0.784778
v 0.390328 0.265731 0.812903
v 0.354276 0.272332 0.783473
v 0.350982 0.257784 0.768003
v 0.348223 0.242726 0.746986
v 0.367429 0.077707 0.725918
v 0.366384 0.066902 0.727512
v 0.367429 0.077707 0.725918
v 0.365359 0.061264 0.761975
v 0.364861 0.056098 0.822635
v 0.365240 0.046634 0.902135
v 0.364779 0.035591 0.954890
v 0.382398 0.018861 0.952988
v 0.380343 0.008264 0.954191
v 0.380718 0.006546 0.957278
v 0.380021 0.001318 0.960528
v 0.360831 0.002624 0.981748
v 0.358518 0.002921 0.877394
v 0.358448 0.002249 0.826620
v 0.359815 0.002420 0.759804
v 0.308442 0.004652 0.756073
v 0.311428 0.004421 0.652269
v 0.307786 0.010721 0.752627
v 0.310330 0.015255 0.754971
v 0.311591 0.030244 0.762819
v 0.324515 0.048187 0.780043
v 0.339256 0.055805 0.806176
v 0.339449 0.048155 0.877379
v 0.341292 0.037575 0.935703
v 0.340340 0.023289 0.952129
v 0.363262 0.019294 0.973737
v 0.361604 0.009895 0.975255
v 0.361432 0.008178 0.981371
v 0.337728 0.003851 0.958263
v 0.315177 0.004805 0.880459
v 0.307620 0.004456 0.823153
v 0.307307 0.010521 0.816530
v 0.309845 0.014341 0.816621
v 0.311134 0.028877 0.820827
v 0.324139 0.043889 0.839272
v 0.329526 0.037112 0.879209
v 0.318446 0.027084 0.870836
v 0.317149 0.014095 0.871568
v 0.338944 0.011982 0.954463
v 0.337893 0.009465 0.957531
v 0.314947 0.010754 0.873597
v 0.336053 0.263651 0.720121
v 0.355672 0.285283 0.788593
v 0.391776 0.281326 0.817371
v 0.393252 0.226923 0.456636
v 0.423079 0.147405 0.482045
v 0.418158 0.124512 0.476516
v 0.372619 0.085088 0.411475
v 0.373697 0.108263 0.409820
v 0.371467 0.077659 0.432829
v 0.374055 0.127810 0.417718
v 0.378699 0.151026 0.423670
v 0.419964 0.865927 0.609615
v 0.418035 0.890759 0.595046
v 0.414677 0.926243 0.594869
v 0.382107 0.956482 0.441654
v 0.382108 0.926957 0.440781
v 0.382099 0.926243 0.595887
v 0.382099 0.956513 0.595941
v 0.417009 0.941186 0.669148
v 0.417009 0.941186 0.669148
v 0.422280 0.933839 0.656004
v 0.420566 0.917808 0.626933
v 0.438846 0.952990 0.678246
v 0.422280 0.933839 0.656004
v 0.427894 0.932031 0.654504
v 0.440705 0.946543 0.678615
v 0.458220 0.958682 0.700926
v 0.456844 0.965607 0.702995
v 0.420566 0.917808 0.626933
v 0.478339 0.972406 0.715316
v 0.478393 0.965648 0.714211
v 0.499999 0.969791 0.721892
v 0.499999 0.976415 0.723298
v 0.338586 0.701939 0.493660
v 0.326844 0.754287 0.447151
v 0.346605 0.756386 0.429793
v 0.356638 0.699484 0.469730
v 0.336236 0.800166 0.489526
v 0.353652 0.804196 0.477910
v 0.358661 0.824629 0.594713
v 0.339359 0.818888 0.595630
v 0.371169 0.810023 0.714972
v 0.349107 0.802509 0.710020
v 0.362562 0.765087 0.785545
v 0.381268 0.774451 0.800907
v 0.333634 0.692294 0.562178
v 0.328644 0.703482 0.505105
v 0.338824 0.686008 0.623897
v 0.319131 0.750287 0.454103
v 0.323077 0.725985 0.474577
v 0.328644 0.703482 0.505105
v 0.341778 0.781457 0.745609
v 0.347020 0.760955 0.774673
v 0.336309 0.799912 0.707614
v 0.331748 0.809448 0.654142
v 0.327872 0.815260 0.598112
v 0.327187 0.807636 0.542194
v 0.326481 0.796042 0.490921
v 0.322459 0.774071 0.467385
v 0.349988 0.737089 0.765586
v 0.351378 0.713859 0.744170
v 0.345570 0.697825 0.686912
v 0.236073 0.771017 0.694535
v 0.222130 0.771214 0.696980
v 0.231033 0.746025 0.736493
v 0.241288 0.759515 0.717751
v 0.246176 0.746122 0.734798
v 0.244024 0.711982 0.725979
v 0.251531 0.729482 0.730385
v 0.254851 0.713135 0.718240
v 0.203200 0.746201 0.741997
v 0.213819 0.712049 0.732490
v 0.226102 0.690655 0.650211
v 0.248207 0.690737 0.643700
v 0.186544 0.708832 0.741609
v 0.205631 0.689062 0.658091
v 0.202338 0.696302 0.576616
v 0.221130 0.698139 0.576852
v 0.240166 0.701199 0.566417
v 0.258734 0.701776 0.681209
v 0.258765 0.693328 0.640479
v 0.249532 0.703663 0.566718
v 0.254646 0.697341 0.602441
v 0.243937 0.711368 0.542172
v 0.249532 0.703663 0.566718
v 0.240166 0.701199 0.566417
v 0.227328 0.715536 0.521028
v 0.238455 0.720401 0.524021
v 0.234150 0.736018 0.533042
v 0.218680 0.748823 0.543984
v 0.230429 0.752129 0.549135
v 0.229045 0.764610 0.580504
v 0.214772 0.774624 0.613249
v 0.228666 0.774746 0.615350
v 0.231983 0.774427 0.655772
v 0.194876 0.774370 0.612984
v 0.199308 0.772415 0.687637
v 0.172575 0.770602 0.683887
v 0.175658 0.744655 0.748185
v 0.152618 0.764773 0.683499
v 0.150422 0.741802 0.745681
v 0.154814 0.708168 0.743616
v 0.147485 0.739770 0.736598
v 0.152453 0.708687 0.737899
v 0.154346 0.690324 0.675108
v 0.160640 0.691475 0.672576
v 0.148899 0.707690 0.745069
v 0.157648 0.695046 0.595615
v 0.153114 0.692521 0.594347
v 0.161914 0.692699 0.593677
v 0.183512 0.689990 0.668232
v 0.178350 0.693520 0.582783
v 0.202338 0.696302 0.576616
v 0.178350 0.693520 0.582783
v 0.162442 0.705090 0.535060
v 0.188469 0.708660 0.526042
v 0.205768 0.711165 0.521662
v 0.221130 0.698139 0.576852
v 0.197232 0.744174 0.540531
v 0.180436 0.743136 0.541226
v 0.175796 0.771670 0.611484
v 0.155249 0.767132 0.611600
v 0.149079 0.762096 0.610636
v 0.147767 0.760110 0.682938
v 0.143838 0.762185 0.686485
v 0.142013 0.741352 0.748069
v 0.118125 0.758870 0.695220
v 0.119293 0.739584 0.764912
v 0.121701 0.704168 0.753224
v 0.098424 0.694044 0.675659
v 0.126600 0.689101 0.677782
v 0.097672 0.705393 0.735780
v 0.124273 0.692524 0.600217
v 0.155986 0.706888 0.541937
v 0.149788 0.704180 0.532386
v 0.147719 0.738582 0.540813
v 0.152425 0.738142 0.547233
v 0.153114 0.692521 0.594347
v 0.157648 0.695046 0.595615
v 0.161914 0.692699 0.593677
v 0.158710 0.740916 0.548875
v 0.143580 0.765462 0.610803
v 0.117222 0.762455 0.615781
v 0.091303 0.750511 0.619951
v 0.091350 0.745179 0.707947
v 0.096685 0.727073 0.751380
v 0.098950 0.700722 0.608988
v 0.097695 0.712686 0.553106
v 0.098950 0.700722 0.608988
v 0.092873 0.703674 0.624813
v 0.092909 0.714070 0.563736
v 0.125632 0.701018 0.528289
v 0.124273 0.692524 0.600217
v 0.120422 0.744642 0.529741
v 0.093992 0.739878 0.548617
v 0.089669 0.737745 0.566631
v 0.087746 0.744542 0.624139
v 0.088370 0.739657 0.699404
v 0.091805 0.726919 0.735203
v 0.094472 0.708742 0.726472
v 0.094411 0.702108 0.677989
v 0.092873 0.703674 0.624813
v 0.076847 0.736362 0.704469
v 0.071849 0.740121 0.632817
v 0.058198 0.734789 0.657547
v 0.055201 0.734190 0.699959
v 0.056962 0.731537 0.723646
v 0.042274 0.723390 0.731157
v 0.040793 0.727867 0.702100
v 0.059655 0.725130 0.742417
v 0.046783 0.719161 0.750768
v 0.051968 0.714054 0.762757
v 0.040865 0.709343 0.764347
v 0.046502 0.705470 0.775452
v 0.052457 0.700392 0.774905
v 0.058301 0.708035 0.768260
v 0.045936 0.692034 0.786719
v 0.039027 0.694952 0.786440
v 0.045090 0.691324 0.783709
v 0.039302 0.693779 0.783491
v 0.036716 0.685589 0.784314
v 0.040410 0.682290 0.785879
v 0.044164 0.681916 0.777890
v 0.049390 0.688791 0.774821
v 0.037432 0.680180 0.773803
v 0.043237 0.679629 0.767872
v 0.040890 0.681652 0.757655
v 0.035983 0.681949 0.758561
v 0.048837 0.687775 0.759670
v 0.044931 0.688448 0.747373
v 0.050410 0.687787 0.757985
v 0.045735 0.688581 0.743341
v 0.050295 0.697943 0.728570
v 0.054990 0.695371 0.746007
v 0.038793 0.691587 0.743065
v 0.045011 0.706489 0.724657
v 0.057790 0.698528 0.714585
v 0.065225 0.698826 0.735693
v 0.073308 0.699655 0.711494
v 0.064126 0.702991 0.761380
v 0.056352 0.696294 0.763717
v 0.051061 0.689004 0.776082
v 0.070851 0.719065 0.750080
v 0.082352 0.725546 0.731595
v 0.087746 0.744542 0.624139
v 0.088370 0.739657 0.699404
v 0.089669 0.737745 0.566631
v 0.064846 0.732136 0.575192
v 0.057079 0.732512 0.607354
v 0.040740 0.725162 0.603524
v 0.041764 0.728741 0.661359
v 0.030631 0.720855 0.698839
v 0.032898 0.717205 0.719045
v 0.024043 0.710658 0.717023
v 0.029478 0.703231 0.723657
v 0.034619 0.695594 0.719273
v 0.044818 0.698883 0.714197
v 0.023470 0.699326 0.728961
v 0.028771 0.692517 0.722584
v 0.030472 0.689916 0.707263
v 0.035785 0.692776 0.703984
v 0.032752 0.692395 0.683470
v 0.028166 0.690258 0.690796
v 0.045345 0.696851 0.698618
v 0.043293 0.697040 0.668931
v 0.055675 0.698598 0.659964
v 0.058056 0.698197 0.684688
v 0.054535 0.699813 0.617680
v 0.041642 0.693811 0.621741
v 0.070141 0.700902 0.653395
v 0.069845 0.703512 0.619379
v 0.083739 0.705641 0.618890
v 0.084433 0.703765 0.645841
v 0.070986 0.703175 0.585282
v 0.084251 0.709018 0.589040
v 0.092909 0.714070 0.563736
v 0.092873 0.703674 0.624813
v 0.094411 0.702108 0.677989
v 0.085238 0.702679 0.675344
v 0.086036 0.704852 0.713346
v 0.094472 0.708742 0.726472
v 0.086186 0.710963 0.735754
v 0.091805 0.726919 0.735203
v 0.074389 0.707734 0.748460
v 0.072013 0.700440 0.675855
v 0.040182 0.709593 0.742562
v 0.034322 0.695834 0.771796
v 0.035365 0.694521 0.771213
v 0.033157 0.684612 0.776579
v 0.033413 0.685394 0.764083
v 0.039112 0.690967 0.747160
v 0.034788 0.693585 0.758333
v 0.033638 0.694704 0.756387
v 0.084145 0.713075 0.554527
v 0.072909 0.726040 0.550574
v 0.069916 0.711283 0.544904
v 0.053875 0.720270 0.543907
v 0.046728 0.722893 0.561628
v 0.030867 0.717551 0.606133
v 0.030241 0.720619 0.660493
v 0.021237 0.710226 0.677152
v 0.021996 0.712855 0.699241
v 0.016247 0.706190 0.703987
v 0.018376 0.705221 0.720773
v 0.014396 0.700509 0.726947
v 0.019611 0.695388 0.733512
v 0.024243 0.689562 0.727175
v 0.015716 0.690322 0.738084
v 0.020705 0.685938 0.732591
v 0.018038 0.682013 0.735914
v 0.013416 0.686300 0.741747
v 0.007774 0.689939 0.737403
v 0.010717 0.694876 0.733258
v 0.008665 0.679583 0.744413
v 0.012381 0.684979 0.739388
v 0.007668 0.688032 0.735761
v 0.003595 0.682197 0.741261
v 0.002721 0.677861 0.740504
v 0.005809 0.674783 0.744004
v 0.000711 0.682340 0.728907
v 0.000000 0.676789 0.732378
v 0.000855 0.676595 0.721690
v 0.000959 0.680550 0.715828
v 0.003817 0.672390 0.732551
v 0.003407 0.673015 0.718556
v 0.009542 0.673591 0.738892
v 0.012901 0.676412 0.739102
v 0.009216 0.671013 0.730182
v 0.007794 0.672288 0.720052
v 0.013277 0.674576 0.725983
v 0.010525 0.674677 0.713589
v 0.013860 0.679698 0.709013
v 0.016501 0.679429 0.721570
v 0.016243 0.681387 0.734533
v 0.018357 0.679667 0.720389
v 0.021292 0.682958 0.717005
v 0.015185 0.679989 0.705368
v 0.019061 0.683316 0.701328
v 0.012168 0.688413 0.696836
v 0.009333 0.683704 0.701042
v 0.023331 0.686610 0.697596
v 0.017286 0.692567 0.692039
v 0.025004 0.686661 0.712139
v 0.023313 0.696238 0.687043
v 0.024375 0.698889 0.681836
v 0.021123 0.695892 0.683934
v 0.026899 0.690169 0.680633
v 0.028253 0.687857 0.665920
v 0.033779 0.691824 0.662736
v 0.030859 0.691892 0.642436
v 0.033427 0.690268 0.623067
v 0.052827 0.697599 0.568164
v 0.034062 0.690225 0.601333
v 0.059800 0.711089 0.541288
v 0.046846 0.703574 0.546052
v 0.041163 0.712302 0.547842
v 0.035905 0.715501 0.563120
v 0.022412 0.708909 0.612299
v 0.024181 0.706303 0.591789
v 0.020864 0.708035 0.634715
v 0.021181 0.711078 0.654823
v 0.012855 0.702074 0.660790
v 0.015063 0.701151 0.676945
v 0.010521 0.695007 0.682804
v 0.017069 0.691405 0.687992
v 0.023035 0.687053 0.683166
v 0.014103 0.687263 0.692571
v 0.019883 0.684463 0.686159
v 0.012657 0.679707 0.697814
v 0.018286 0.676906 0.690198
v 0.005963 0.682221 0.695571
v 0.007510 0.689397 0.689079
v 0.009563 0.674168 0.700176
v 0.011464 0.678170 0.695890
v 0.005857 0.680268 0.694035
v 0.003557 0.675137 0.698111
v 0.003731 0.670135 0.698136
v 0.007720 0.667902 0.701180
v 0.000435 0.674336 0.686807
v 0.001120 0.668066 0.690992
v 0.001917 0.668264 0.680354
v 0.001029 0.672614 0.674192
v 0.006069 0.664700 0.690724
v 0.005321 0.665365 0.677010
v 0.011829 0.668045 0.695325
v 0.014735 0.672362 0.694256
v 0.016182 0.675839 0.689539
v 0.015349 0.670629 0.681557
v 0.016591 0.674749 0.676373
v 0.020726 0.682640 0.670782
v 0.018775 0.675585 0.674434
v 0.024194 0.684644 0.668239
v 0.021209 0.684865 0.653174
v 0.025758 0.689097 0.649925
v 0.019986 0.694038 0.642776
v 0.023088 0.697506 0.640360
v 0.020936 0.694446 0.642545
v 0.026665 0.689022 0.639425
v 0.029029 0.686331 0.624625
v 0.023920 0.684509 0.642479
v 0.026062 0.682372 0.627647
v 0.023797 0.682141 0.612343
v 0.027696 0.687060 0.608423
v 0.022332 0.691895 0.601101
v 0.026599 0.695815 0.597898
v 0.025558 0.693277 0.600304
v 0.031383 0.687772 0.596912
v 0.034094 0.685034 0.580967
v 0.029759 0.684094 0.600159
v 0.032015 0.681774 0.583888
v 0.029819 0.681509 0.567120
v 0.033120 0.685755 0.563599
v 0.039385 0.690926 0.565649
v 0.027898 0.690598 0.555954
v 0.035978 0.697176 0.551012
v 0.030903 0.704277 0.553407
v 0.027298 0.707264 0.568841
v 0.019365 0.698830 0.575305
v 0.020321 0.698110 0.592608
v 0.016391 0.690188 0.598688
v 0.023061 0.687563 0.604930
v 0.022952 0.681956 0.608394
v 0.029418 0.681387 0.602180
v 0.016350 0.681673 0.603883
v 0.018680 0.673668 0.607894
v 0.024666 0.676372 0.611028
v 0.027662 0.670397 0.609774
v 0.025152 0.675172 0.607948
v 0.020150 0.672914 0.605350
v 0.022834 0.667506 0.607492
v 0.025715 0.665334 0.604416
v 0.029865 0.666522 0.606644
v 0.021150 0.665784 0.595166
v 0.024966 0.663107 0.595572
v 0.025519 0.663990 0.585134
v 0.022611 0.665727 0.581493
v 0.030453 0.664404 0.593963
v 0.029547 0.664638 0.580529
v 0.032766 0.669069 0.601448
v 0.032390 0.672655 0.603419
v 0.034454 0.668051 0.591601
v 0.033783 0.672455 0.589750
v 0.032504 0.667607 0.582170
v 0.032022 0.670602 0.577424
v 0.029694 0.674620 0.575729
v 0.031512 0.676301 0.588221
v 0.031351 0.679973 0.585830
v 0.032274 0.677740 0.587402
v 0.030090 0.675724 0.572450
v 0.028945 0.678701 0.570037
v 0.030536 0.678281 0.603735
v 0.030063 0.676764 0.601865
v 0.022402 0.678545 0.565512
v 0.023174 0.684190 0.560878
v 0.016501 0.687713 0.565649
v 0.022090 0.696106 0.559407
v 0.014223 0.689975 0.581924
v 0.014005 0.680525 0.588076
v 0.016587 0.671825 0.592934
v 0.018408 0.671375 0.592847
v 0.019933 0.671066 0.579185
v 0.027269 0.667847 0.575142
v 0.024766 0.672515 0.573113
v 0.024194 0.673195 0.569305
v 0.018415 0.671460 0.576591
v 0.015998 0.679240 0.571707
v 0.016619 0.697368 0.604137
v 0.014239 0.700008 0.619017
v 0.015555 0.699230 0.635302
v 0.010657 0.690142 0.641095
v 0.017302 0.687706 0.646816
v 0.015964 0.681426 0.650675
v 0.022193 0.680356 0.644899
v 0.024065 0.679336 0.629741
v 0.021800 0.678530 0.615147
v 0.013703 0.680188 0.611057
v 0.017194 0.684657 0.606593
v 0.010617 0.687936 0.610897
v 0.008434 0.689991 0.625763
v 0.006104 0.682398 0.631991
v 0.008488 0.683006 0.646548
v 0.009055 0.678262 0.651131
v 0.015870 0.677899 0.653743
v 0.006230 0.677391 0.637360
v 0.010025 0.676558 0.648975
v 0.007674 0.675829 0.637476
v 0.007214 0.668492 0.642497
v 0.009730 0.669747 0.653718
v 0.008848 0.674656 0.624712
v 0.008378 0.667218 0.629683
v 0.010727 0.663472 0.634382
v 0.010200 0.663019 0.644718
v 0.015937 0.661119 0.643374
v 0.014714 0.661646 0.630223
v 0.018701 0.663359 0.630860
v 0.021009 0.662868 0.639998
v 0.013548 0.666729 0.623259
v 0.019240 0.667102 0.624842
v 0.021987 0.668410 0.636103
v 0.018854 0.672175 0.620890
v 0.021893 0.671896 0.633610
v 0.020970 0.673230 0.646570
v 0.021059 0.669744 0.648950
v 0.022138 0.674340 0.648251
v 0.023258 0.672754 0.632697
v 0.019610 0.673065 0.617473
v 0.013529 0.674776 0.614919
v 0.007639 0.675993 0.622071
v 0.007807 0.681106 0.616872
v 0.013776 0.673633 0.618759
v 0.015663 0.670172 0.655334
v 0.015724 0.676248 0.651131
v 0.011885 0.665362 0.652261
v 0.016498 0.664239 0.654501
v 0.020065 0.665298 0.648758
v 0.014496 0.699440 0.645921
v 0.008858 0.692695 0.652718
v 0.007617 0.695166 0.667692
v 0.004224 0.689225 0.674753
v 0.002278 0.682675 0.681757
v 0.002785 0.680650 0.682496
v 0.003152 0.679565 0.669435
v 0.006220 0.670793 0.668185
v 0.010033 0.666166 0.677463
v 0.011923 0.665206 0.687195
v 0.012249 0.669819 0.670156
v 0.013560 0.675128 0.664732
v 0.015139 0.676037 0.660500
v 0.017445 0.682464 0.656395
v 0.010846 0.684602 0.652964
v 0.014743 0.688405 0.647939
v 0.005063 0.687407 0.659431
v 0.002718 0.681356 0.666112
v 0.008395 0.678552 0.658377
v 0.007910 0.677230 0.662975
v 0.017387 0.702942 0.689209
v 0.012667 0.698422 0.695807
v 0.011892 0.701294 0.710911
v 0.007790 0.695779 0.717911
v 0.004391 0.690336 0.722396
v 0.004844 0.688366 0.723211
v 0.004930 0.686473 0.710259
v 0.005327 0.677329 0.710476
v 0.008968 0.682817 0.705400
v 0.004502 0.688067 0.706890
v 0.007938 0.693476 0.702335
v 0.423532 0.832702 0.490323
v 0.422097 0.842234 0.493986
v 0.499999 0.850251 0.359252
v 0.499999 0.837412 0.359307
v 0.420081 0.835018 0.611799
v 0.424578 0.836113 0.613908
v 0.424856 0.844066 0.498670
v 0.422097 0.842234 0.493986
v 0.435181 0.827992 0.688709
v 0.439216 0.829578 0.688575
v 0.424578 0.836113 0.613908
v 0.420081 0.835018 0.611799
v 0.418936 0.825967 0.610415
v 0.435107 0.819573 0.688709
v 0.435181 0.827992 0.688709
v 0.420081 0.835018 0.611799
v 0.420081 0.835018 0.611799
v 0.422097 0.842234 0.493986
v 0.423532 0.832702 0.490323
v 0.418936 0.825967 0.610415
v 0.423532 0.832702 0.490323
v 0.418936 0.825967 0.610415
v 0.435107 0.819573 0.688709
v 0.499999 0.837412 0.359307
v 0.499999 0.813058 0.344612
v 0.499999 0.792795 0.979733
v 0.444615 0.792305 0.976066
v 0.444072 0.659913 0.998417
v 0.499999 0.660973 1.000000
v 0.341218 0.733089 0.224131
v 0.342028 0.733089 0.321218
v 0.343235 0.783187 0.305892
v 0.341794 0.783187 0.267271
v 0.341279 0.777494 0.233497
v 0.341266 0.766258 0.224131
v 0.499999 0.925158 0.275455
v 0.499999 0.928682 0.194991
v 0.430013 0.926571 0.194991
v 0.395169 0.925528 0.194991
v 0.393324 0.922081 0.266677
v 0.341029 0.645627 0.224132
v 0.344608 0.645088 0.314280
v 0.341063 0.598586 0.224132
v 0.345274 0.598218 0.306219
v 0.341099 0.545515 0.224132
v 0.341234 0.490098 0.224132
v 0.348892 0.489899 0.299701
v 0.346037 0.545515 0.305661
v 0.499999 0.360441 0.309574
v 0.391645 0.360447 0.304099
v 0.343463 0.360447 0.036408
v 0.499999 0.360439 0.029590
v 0.433388 0.929617 0.045628
v 0.499999 0.931718 0.038864
v 0.357445 0.812367 0.347593
v 0.499999 0.813058 0.344612
v 0.499999 0.916962 0.293741
v 0.383484 0.913588 0.283321
v 0.341314 0.812367 0.224131
v 0.343871 0.812367 0.296675
v 0.363730 0.901684 0.246033
v 0.363730 0.901096 0.102126
v 0.357146 0.812367 0.078301
v 0.341314 0.812367 0.125998
v 0.382960 0.812367 0.044465
v 0.354361 0.733089 0.070613
v 0.357146 0.812367 0.078301
v 0.342028 0.733089 0.321218
v 0.343871 0.812367 0.296675
v 0.343235 0.783187 0.305892
v 0.357647 0.490098 0.060505
v 0.354861 0.545515 0.060958
v 0.386182 0.545515 0.352662
v 0.390968 0.487107 0.356376
v 0.376836 0.584006 0.356532
v 0.375563 0.915008 0.128722
v 0.375563 0.914903 0.235243
v 0.396778 0.922186 0.092811
v 0.312187 0.360447 0.435862
v 0.312187 0.360447 0.075725
v 0.387270 0.912999 0.068290
v 0.363730 0.901096 0.102126
v 0.363730 0.901684 0.246033
v 0.343871 0.812367 0.296675
v 0.499999 0.479770 0.034419
v 0.396229 0.479770 0.041006
v 0.384292 0.479770 0.325660
v 0.499999 0.478314 0.333420
v 0.442016 0.482677 0.330776
v 0.403831 0.484658 0.329794
v 0.368793 0.479770 0.287941
v 0.368793 0.479770 0.224132
v 0.368793 0.479770 0.071457
v 0.396229 0.479770 0.041006
v 0.499999 0.479770 0.034419
v 0.499999 0.479770 0.007297
v 0.337049 0.479770 0.015199
v 0.308297 0.479770 0.457625
v 0.368793 0.479770 0.071457
v 0.308355 0.479770 0.051791
v 0.385899 0.367190 0.326866
v 0.499999 0.366885 0.331718
v 0.499999 0.366872 0.007297
v 0.337049 0.367169 0.015199
v 0.345638 0.479770 0.458353
v 0.308355 0.367190 0.457665
v 0.347650 0.367190 0.458353
v 0.308355 0.367169 0.051741
v 0.308355 0.479770 0.211911
v 0.308355 0.479771 0.138045
v 0.353396 0.360447 0.436144
v 0.499999 0.925158 0.275455
v 0.393324 0.922081 0.266677
v 0.499999 0.940607 0.062722
v 0.433388 0.938517 0.070555
v 0.375563 0.914903 0.235243
v 0.375563 0.915008 0.128722
v 0.375563 0.915008 0.128722
v 0.396778 0.922186 0.092811
v 0.375563 0.914903 0.235243
v 0.438582 0.795445 0.835913
v 0.437437 0.672315 0.863444
v 0.438468 0.653440 0.983001
v 0.438582 0.796082 0.966432
v 0.443544 0.642764 0.861332
v 0.499999 0.643229 0.876875
v 0.499999 0.653465 0.987819
v 0.438468 0.653440 0.983001
v 0.443544 0.642764 0.861332
v 0.438468 0.653440 0.983001
v 0.499999 0.653465 0.987819
v 0.499999 0.796567 0.970099
v 0.438582 0.796082 0.966432
v 0.398096 0.976440 0.441654
v 0.398087 0.976477 0.595923
v 0.398895 0.940344 0.592764
v 0.391888 0.940344 0.592764
v 0.386218 0.944166 0.592764
v 0.384053 0.950351 0.592764
v 0.386218 0.956534 0.592764
v 0.391888 0.960357 0.592764
v 0.398895 0.960357 0.592764
v 0.404564 0.956534 0.592764
v 0.406729 0.950351 0.592764
v 0.404564 0.944166 0.592764
v 0.404564 0.956534 0.599296
v 0.406729 0.950351 0.599296
v 0.398895 0.960357 0.599296
v 0.391888 0.960357 0.599296
v 0.386218 0.956534 0.599296
v 0.384053 0.950351 0.599296
v 0.386218 0.944166 0.599296
v 0.391888 0.940344 0.599296
v 0.398895 0.940344 0.599296
v 0.404564 0.944166 0.599296
v 0.398717 0.952593 0.599264
v 0.399502 0.950351 0.599264
v 0.396662 0.953978 0.599264
v 0.394121 0.953978 0.599264
v 0.392065 0.952593 0.599264
v 0.391280 0.950351 0.599264
v 0.392065 0.948107 0.599264
v 0.394121 0.946722 0.599264
v 0.396662 0.946722 0.599264
v 0.398717 0.948107 0.599264
v 0.398717 0.952182 0.617129
v 0.399502 0.949948 0.616603
v 0.396662 0.953562 0.617455
v 0.394121 0.953562 0.617455
v 0.392065 0.952182 0.617129
v 0.391280 0.949948 0.616603
v 0.392065 0.947714 0.616078
v 0.394121 0.946332 0.615756
v 0.396662 0.946332 0.615756
v 0.398717 0.947714 0.616078
v 0.404564 0.956110 0.618020
v 0.406729 0.949948 0.616571
v 0.398895 0.959917 0.618918
v 0.391888 0.959917 0.618918
v 0.386218 0.956110 0.618020
v 0.384053 0.949948 0.616571
v 0.386218 0.943787 0.615122
v 0.391888 0.939981 0.614227
v 0.398895 0.939981 0.614227
v 0.404564 0.943787 0.615122
v 0.404564 0.955897 0.624527
v 0.406729 0.949737 0.623078
v 0.398895 0.959705 0.625422
v 0.391888 0.959705 0.625422
v 0.386218 0.955897 0.624527
v 0.384053 0.949737 0.623078
v 0.386218 0.943576 0.621625
v 0.391888 0.939769 0.620730
v 0.398895 0.939769 0.620730
v 0.404564 0.943576 0.621625
v 0.390725 0.972968 0.761412
v 0.385148 0.960198 0.758405
v 0.407694 0.960198 0.758405
v 0.402117 0.972968 0.761412
v 0.385148 0.924805 0.750076
v 0.407694 0.924805 0.750076
v 0.390725 0.972968 0.761412
v 0.392432 0.974438 0.755507
v 0.389400 0.973168 0.755206
v 0.382654 0.960400 0.752203
v 0.385148 0.960198 0.758405
v 0.382654 0.925007 0.743870
v 0.385148 0.924805 0.750076
v 0.385148 0.922701 0.743330
v 0.407694 0.922701 0.743330
v 0.407694 0.924805 0.750076
v 0.410188 0.925007 0.743870
v 0.410188 0.960400 0.752203
v 0.407694 0.960198 0.758405
v 0.403442 0.973168 0.755206
v 0.402117 0.972968 0.761412
v 0.400410 0.974438 0.755507
v 0.392432 0.978291 0.634443
v 0.389400 0.977021 0.634146
v 0.382654 0.964253 0.631139
v 0.382654 0.928859 0.622810
v 0.385148 0.926554 0.622266
v 0.407694 0.926554 0.622266
v 0.410188 0.928859 0.622810
v 0.410188 0.964253 0.631139
v 0.403442 0.977021 0.634146
v 0.400410 0.978291 0.634443
v 0.390725 0.977223 0.627940
v 0.385148 0.964455 0.624936
v 0.385148 0.929061 0.616603
v 0.407694 0.929061 0.616603
v 0.407694 0.964455 0.624936
v 0.402117 0.977223 0.627940
v 0.499999 0.819863 0.784680
v 0.499999 0.810473 0.781585
v 0.499999 0.820971 0.774314
v 0.499999 0.819863 0.784680
v 0.450822 0.824328 0.726389
v 0.455193 0.825942 0.726595
v 0.449900 0.815729 0.724965
v 0.450822 0.824328 0.726389
v 0.341218 0.733089 0.125998
v 0.354361 0.733089 0.070613
v 0.341029 0.646213 0.125998
v 0.353402 0.646595 0.062070
v 0.354118 0.599314 0.061476
v 0.341063 0.599025 0.125998
v 0.341234 0.490098 0.125998
v 0.341099 0.545515 0.125998
v 0.354861 0.545515 0.060958
v 0.357647 0.490098 0.060505
v 0.368793 0.479770 0.071457
v 0.368793 0.479770 0.125998
v 0.368793 0.479770 0.125998
v 0.309468 0.807427 0.138059
v 0.309468 0.733089 0.138059
v 0.309468 0.733089 0.212070
v 0.309468 0.767563 0.212070
v 0.309468 0.780739 0.221436
v 0.309468 0.807427 0.212070
v 0.309468 0.646213 0.138059
v 0.309468 0.645627 0.212070
v 0.309468 0.599025 0.138059
v 0.309468 0.598586 0.212071
v 0.309468 0.545515 0.212071
v 0.309468 0.545515 0.138059
v 0.314245 0.479771 0.125998
v 0.314245 0.479771 0.224132
v 0.341314 0.812367 0.357832
v 0.314245 0.812367 0.357832
v 0.314245 0.783187 0.357832
v 0.341279 0.783187 0.357832
v 0.314245 0.733089 0.224131
v 0.314245 0.645627 0.224132
v 0.314245 0.598586 0.224132
v 0.314245 0.545515 0.224132
v 0.314245 0.812367 0.125998
v 0.314245 0.812367 0.224131
v 0.341314 0.812367 0.224131
v 0.341314 0.812367 0.125998
v 0.314245 0.733089 0.125998
v 0.341218 0.733089 0.125998
v 0.314245 0.646213 0.125998
v 0.341029 0.646213 0.125998
v 0.314245 0.599025 0.125998
v 0.341063 0.599025 0.125998
v 0.314245 0.545515 0.125998
v 0.341099 0.545515 0.125998
v 0.341234 0.490098 0.125998
v 0.309468 0.807427 0.345771
v 0.309468 0.786431 0.345771
v 0.343871 0.812367 0.296675
v 0.314245 0.766258 0.224131
v 0.309468 0.786431 0.256065
v 0.314245 0.783187 0.267271
v 0.314245 0.777494 0.233497
v 0.433388 0.938517 0.070555
v 0.433388 0.941916 0.190198
v 0.499999 0.944026 0.190198
v 0.499999 0.940607 0.062722
v 0.430013 0.812645 0.040107
v 0.499999 0.661782 0.000000
v 0.433388 0.660498 0.005380
v 0.499999 0.601171 0.000033
v 0.433388 0.601185 0.005435
v 0.430013 0.914275 0.064178
v 0.430013 0.923173 0.089108
v 0.430013 0.923173 0.089108
v 0.420020 0.892782 0.541313
v 0.420020 0.902079 0.540002
v 0.420020 0.909886 0.553642
v 0.420020 0.913222 0.577025
v 0.420020 0.910813 0.601220
v 0.420020 0.903577 0.616980
v 0.420020 0.894282 0.618292
v 0.420020 0.886475 0.604651
v 0.420020 0.883138 0.581268
v 0.420020 0.885548 0.557073
v 0.406648 0.903577 0.616980
v 0.406648 0.894282 0.618292
v 0.406648 0.910813 0.601220
v 0.406648 0.913222 0.577025
v 0.406648 0.909886 0.553642
v 0.420020 0.916277 0.489468
v 0.420020 0.907749 0.483059
v 0.406648 0.907749 0.483059
v 0.406648 0.916277 0.489468
v 0.420020 0.899174 0.477135
v 0.406648 0.899174 0.477135
v 0.406648 0.885548 0.557073
v 0.406648 0.892782 0.541313
v 0.406648 0.883138 0.581268
v 0.406648 0.886475 0.604651
v 0.405236 0.903059 0.613343
v 0.405236 0.894656 0.614527
v 0.405236 0.909597 0.599097
v 0.405236 0.911775 0.577228
v 0.405236 0.908760 0.556095
v 0.405236 0.907375 0.486823
v 0.405236 0.915151 0.491920
v 0.405236 0.899693 0.480776
v 0.405236 0.886763 0.559197
v 0.405236 0.893302 0.544951
v 0.405236 0.884585 0.581065
v 0.405236 0.887600 0.602198
v 0.405236 0.901703 0.543766
v 0.390018 0.203833 0.445086
v 0.318152 0.704984 0.515260
v 0.322627 0.692694 0.566602
v 0.310508 0.693388 0.570903
v 0.306520 0.705315 0.520546
v 0.318152 0.704984 0.515260
v 0.306520 0.705315 0.520546
v 0.302492 0.723180 0.483627
v 0.313381 0.724220 0.478928
v 0.310581 0.746865 0.462349
v 0.300025 0.744266 0.466121
v 0.300718 0.765854 0.474001
v 0.312482 0.770439 0.468563
v 0.315423 0.790861 0.495609
v 0.302099 0.784765 0.503047
v 0.301692 0.797823 0.549038
v 0.315507 0.804236 0.543712
v 0.291438 0.742196 0.470668
v 0.290839 0.761688 0.480827
v 0.293654 0.722779 0.488482
v 0.289901 0.722930 0.493294
v 0.287391 0.740917 0.476200
v 0.286519 0.759317 0.486174
v 0.290852 0.778803 0.511485
v 0.286183 0.775637 0.515974
v 0.285278 0.787390 0.558356
v 0.290147 0.791255 0.554979
v 0.315670 0.810132 0.600644
v 0.301483 0.803860 0.603401
v 0.303458 0.801709 0.657551
v 0.318433 0.806888 0.655653
v 0.289806 0.797302 0.606408
v 0.284903 0.793354 0.608227
v 0.286160 0.792309 0.660493
v 0.291232 0.796114 0.659334
v 0.294055 0.787954 0.707984
v 0.288748 0.784739 0.709143
v 0.292365 0.771130 0.748170
v 0.298080 0.773110 0.748257
v 0.311080 0.775908 0.746348
v 0.306898 0.792138 0.706774
v 0.284249 0.790676 0.608934
v 0.285435 0.789540 0.660623
v 0.284558 0.785027 0.560533
v 0.285459 0.782964 0.562888
v 0.285112 0.788219 0.609426
v 0.286243 0.787061 0.659315
v 0.287858 0.782239 0.708752
v 0.288518 0.780096 0.705701
v 0.291609 0.767925 0.741725
v 0.291139 0.769545 0.746015
v 0.294190 0.752527 0.764717
v 0.295774 0.753032 0.768524
v 0.294446 0.751599 0.759297
v 0.295956 0.732163 0.750315
v 0.296101 0.732117 0.756663
v 0.297741 0.731993 0.761170
v 0.301730 0.753924 0.770043
v 0.303628 0.732248 0.763159
v 0.316518 0.733333 0.761956
v 0.314717 0.755486 0.767622
v 0.331038 0.757446 0.765695
v 0.333078 0.735022 0.761463
v 0.327075 0.778900 0.744707
v 0.322611 0.796210 0.705636
v 0.326979 0.689528 0.625987
v 0.330658 0.697688 0.684934
v 0.315938 0.697373 0.685398
v 0.313849 0.689906 0.628063
v 0.297008 0.706130 0.525618
v 0.300575 0.694415 0.574620
v 0.296127 0.695810 0.577301
v 0.293123 0.707260 0.529611
v 0.297008 0.706130 0.525618
v 0.293123 0.707260 0.529611
v 0.286913 0.740370 0.482012
v 0.285989 0.758033 0.491395
v 0.289496 0.723460 0.498790
v 0.290702 0.724195 0.505699
v 0.288758 0.740214 0.489729
v 0.287482 0.757134 0.497855
v 0.285484 0.773767 0.519803
v 0.286507 0.772276 0.524198
v 0.285658 0.770346 0.530299
v 0.284429 0.780580 0.566515
v 0.287164 0.755678 0.506456
v 0.281197 0.752729 0.518111
v 0.279447 0.766797 0.540386
v 0.277916 0.777257 0.572515
v 0.284211 0.785611 0.610278
v 0.277707 0.782743 0.611883
v 0.279923 0.781888 0.655881
v 0.285451 0.784601 0.657446
v 0.287922 0.777828 0.701593
v 0.283461 0.775319 0.697339
v 0.287218 0.763659 0.729088
v 0.291171 0.766041 0.735888
v 0.293878 0.750408 0.752793
v 0.290145 0.748467 0.744511
v 0.291191 0.731294 0.736990
v 0.295065 0.731950 0.743348
v 0.295290 0.714582 0.715277
v 0.296588 0.713816 0.721465
v 0.291187 0.715214 0.712081
v 0.290964 0.703293 0.675347
v 0.295387 0.702277 0.676347
v 0.296794 0.700757 0.679427
v 0.297060 0.712891 0.727570
v 0.297297 0.699176 0.682959
v 0.299005 0.697976 0.685311
v 0.298680 0.712235 0.731599
v 0.304262 0.712040 0.733642
v 0.304393 0.697322 0.686217
v 0.316814 0.712834 0.733247
v 0.332790 0.714062 0.733381
v 0.303400 0.690581 0.630027
v 0.298294 0.691681 0.630987
v 0.296671 0.693209 0.631045
v 0.296314 0.695231 0.630824
v 0.294885 0.699484 0.582261
v 0.294964 0.697517 0.579620
v 0.292556 0.708734 0.533770
v 0.292888 0.710233 0.538850
v 0.292556 0.708734 0.533770
v 0.292888 0.710233 0.538850
v 0.288941 0.739565 0.499120
v 0.290395 0.724502 0.513807
v 0.285445 0.723743 0.522898
v 0.283190 0.737548 0.510634
v 0.283181 0.746662 0.737529
v 0.279698 0.761610 0.723247
v 0.268556 0.760720 0.720284
v 0.272705 0.746267 0.734171
v 0.274844 0.730190 0.730233
v 0.284422 0.730581 0.732272
v 0.294951 0.697082 0.631031
v 0.290363 0.698057 0.632400
v 0.289231 0.702038 0.588862
v 0.293702 0.701170 0.585311
v 0.291911 0.711377 0.544730
v 0.287585 0.711758 0.550454
v 0.291911 0.711377 0.544730
v 0.287585 0.711758 0.550454
v 0.280200 0.711050 0.555831
v 0.276986 0.721763 0.531100
v 0.280200 0.711050 0.555831
v 0.282152 0.701949 0.592608
v 0.273149 0.700766 0.596242
v 0.270067 0.708927 0.561653
v 0.270067 0.708927 0.561653
v 0.266150 0.718409 0.536553
v 0.273677 0.734436 0.520966
v 0.262159 0.729992 0.525347
v 0.258852 0.744445 0.532437
v 0.271216 0.748811 0.528285
v 0.269309 0.762628 0.549592
v 0.256409 0.758899 0.552711
v 0.255013 0.770480 0.581047
v 0.267563 0.773666 0.578239
v 0.275360 0.773072 0.693941
v 0.270688 0.779370 0.655066
v 0.258772 0.777493 0.655450
v 0.263535 0.771733 0.692676
v 0.267428 0.779838 0.613727
v 0.255517 0.777305 0.615828
v 0.249902 0.770777 0.692292
v 0.245447 0.775947 0.656022
v 0.255215 0.760263 0.718889
v 0.260152 0.746139 0.732461
v 0.263314 0.729899 0.729917
v 0.284483 0.715498 0.710364
v 0.275674 0.715020 0.710368
v 0.275896 0.703286 0.676481
v 0.284230 0.703672 0.675648
v 0.283316 0.698236 0.634516
v 0.275169 0.697648 0.635972
v 0.266291 0.696600 0.637726
v 0.263539 0.699045 0.599583
v 0.266704 0.702524 0.678213
v 0.259264 0.706318 0.566323
v 0.259264 0.706318 0.566323
v 0.254584 0.714628 0.539995
v 0.249981 0.725316 0.527006
v 0.245897 0.740044 0.533158
v 0.242832 0.755266 0.552980
v 0.241696 0.767521 0.581587
v 0.242516 0.775053 0.616893
v 0.265462 0.714404 0.711690
v 0.390968 0.487107 0.356376
v 0.416282 0.464291 0.353583
v 0.390968 0.487107 0.356376
v 0.416282 0.464291 0.353583
v 0.401219 0.443321 0.382444
v 0.379689 0.456991 0.416924
v 0.359377 0.459294 0.490008
v 0.368008 0.485159 0.459607
v 0.390968 0.487107 0.356376
v 0.403831 0.484658 0.329794
v 0.442016 0.482677 0.330776
v 0.423542 0.485128 0.815686
v 0.415893 0.503482 0.812689
v 0.387161 0.475760 0.780789
v 0.388540 0.458489 0.785923
v 0.420000 0.458240 0.818504
v 0.454383 0.451077 0.812429
v 0.461557 0.467418 0.815204
v 0.433119 0.450190 0.359075
v 0.458096 0.443956 0.372556
v 0.451541 0.425069 0.386777
v 0.424869 0.429079 0.375937
v 0.433119 0.450190 0.359075
v 0.424869 0.429079 0.375937
v 0.366522 0.434854 0.458064
v 0.351466 0.439009 0.517409
v 0.391033 0.422001 0.415040
v 0.380824 0.412202 0.438507
v 0.362575 0.418644 0.475541
v 0.348544 0.422996 0.531948
v 0.349809 0.475151 0.566555
v 0.346956 0.456677 0.578250
v 0.349107 0.455595 0.658203
v 0.352074 0.475007 0.643661
v 0.344237 0.439769 0.590344
v 0.342267 0.425473 0.600380
v 0.347288 0.426291 0.673485
v 0.347796 0.439432 0.667478
v 0.362662 0.439230 0.736874
v 0.363684 0.456162 0.728037
v 0.362497 0.425731 0.741232
v 0.386782 0.424076 0.793589
v 0.387907 0.438958 0.792491
v 0.362678 0.474137 0.711582
v 0.499999 0.455580 0.795107
v 0.482261 0.440108 0.771912
v 0.494203 0.428437 0.701173
v 0.499999 0.439420 0.696176
v 0.499999 0.435188 0.475150
v 0.499999 0.429225 0.536198
v 0.498703 0.421974 0.527448
v 0.495750 0.422096 0.490493
v 0.488750 0.423751 0.449423
v 0.492537 0.438454 0.429699
v 0.480922 0.441165 0.396276
v 0.474936 0.425292 0.412196
v 0.417575 0.405362 0.398508
v 0.447961 0.406095 0.401635
v 0.444619 0.392521 0.416884
v 0.418251 0.392081 0.413957
v 0.417575 0.405362 0.398508
v 0.418251 0.392081 0.413957
v 0.389860 0.394392 0.441383
v 0.388151 0.401985 0.435003
v 0.363783 0.406243 0.482867
v 0.365070 0.398601 0.488809
v 0.349509 0.403862 0.545886
v 0.348568 0.411274 0.539488
v 0.342412 0.414918 0.605514
v 0.344305 0.408224 0.609760
v 0.350585 0.409740 0.677576
v 0.348059 0.416338 0.676692
v 0.363232 0.415938 0.742211
v 0.365731 0.408993 0.739428
v 0.387126 0.406565 0.785415
v 0.386182 0.413419 0.790730
v 0.412957 0.409452 0.813034
v 0.415466 0.420984 0.818834
v 0.411775 0.402679 0.806088
v 0.436686 0.397552 0.792013
v 0.439309 0.404219 0.798690
v 0.443869 0.416116 0.805241
v 0.418653 0.436678 0.821899
v 0.449262 0.432112 0.810280
v 0.499999 0.423261 0.597246
v 0.496915 0.418675 0.628002
v 0.497101 0.413434 0.580200
v 0.497830 0.416535 0.553712
v 0.474438 0.425087 0.767351
v 0.467916 0.410137 0.763471
v 0.483531 0.403709 0.704187
v 0.488351 0.416762 0.704426
v 0.493999 0.409980 0.637074
v 0.491844 0.398452 0.638487
v 0.493987 0.395990 0.577450
v 0.495457 0.406616 0.575251
v 0.493481 0.408714 0.516115
v 0.490397 0.395118 0.522956
v 0.481510 0.394630 0.476867
v 0.484839 0.408854 0.463828
v 0.489961 0.388212 0.640342
v 0.492186 0.385957 0.582410
v 0.479584 0.392637 0.702086
v 0.476352 0.386916 0.699738
v 0.486963 0.382969 0.640827
v 0.489548 0.380914 0.585736
v 0.488786 0.385078 0.531948
v 0.486616 0.380024 0.539046
v 0.480683 0.379571 0.505341
v 0.479784 0.383922 0.490167
v 0.464798 0.382539 0.459694
v 0.466520 0.393954 0.440930
v 0.475992 0.378961 0.498660
v 0.472383 0.379938 0.500826
v 0.459350 0.381131 0.466404
v 0.439748 0.383202 0.442448
v 0.441791 0.384754 0.430996
v 0.483286 0.378708 0.541411
v 0.486454 0.379493 0.587841
v 0.483285 0.380327 0.589145
v 0.479985 0.379658 0.542734
v 0.416473 0.387009 0.427159
v 0.415768 0.385954 0.437872
v 0.416473 0.387009 0.427159
v 0.415768 0.385954 0.437872
v 0.389603 0.389190 0.461589
v 0.389246 0.389949 0.452097
v 0.470375 0.409278 0.425775
v 0.365509 0.394293 0.496537
v 0.366820 0.393332 0.504322
v 0.352986 0.398798 0.556791
v 0.351077 0.399967 0.551531
v 0.346738 0.404727 0.612934
v 0.348985 0.403332 0.615289
v 0.355702 0.404680 0.676105
v 0.353566 0.406014 0.677069
v 0.368724 0.405071 0.735283
v 0.370214 0.403826 0.731048
v 0.389598 0.401762 0.771916
v 0.388602 0.402889 0.778767
v 0.411413 0.399415 0.798310
v 0.411595 0.398576 0.790209
v 0.433949 0.394358 0.777427
v 0.435175 0.394728 0.784995
v 0.456718 0.389663 0.748138
v 0.459124 0.392021 0.753221
v 0.454344 0.389789 0.742272
v 0.470459 0.385549 0.693456
v 0.473443 0.385049 0.696934
v 0.462247 0.398228 0.757902
v 0.483897 0.381465 0.640472
v 0.480655 0.382205 0.639556
v 0.477963 0.379901 0.639128
v 0.480746 0.378042 0.590377
v 0.467950 0.383079 0.691035
v 0.466460 0.372307 0.691398
v 0.476798 0.369111 0.640259
v 0.479542 0.367261 0.592279
v 0.476689 0.377440 0.544933
v 0.474535 0.366721 0.546911
v 0.461623 0.367452 0.503612
v 0.468159 0.377701 0.504819
v 0.455877 0.379333 0.473096
v 0.446638 0.370012 0.469610
v 0.435416 0.374957 0.452133
v 0.437839 0.381917 0.449930
v 0.415536 0.384018 0.446129
v 0.418697 0.373354 0.453788
v 0.415536 0.384018 0.446129
v 0.418697 0.373354 0.453788
v 0.392584 0.375867 0.478059
v 0.390770 0.386401 0.470150
v 0.368027 0.390209 0.511753
v 0.367133 0.380327 0.518478
v 0.352395 0.384565 0.568570
v 0.353878 0.395336 0.562273
v 0.349918 0.399404 0.618531
v 0.348203 0.387616 0.624114
v 0.354383 0.388515 0.680880
v 0.356229 0.400567 0.676703
v 0.370324 0.399840 0.728867
v 0.368335 0.387831 0.731505
v 0.387456 0.386132 0.768626
v 0.389441 0.397928 0.767615
v 0.411140 0.394994 0.784473
v 0.409129 0.383507 0.784542
v 0.430743 0.380051 0.771554
v 0.432606 0.391210 0.772032
v 0.452146 0.387042 0.738026
v 0.450463 0.376178 0.737794
v 0.475577 0.353655 0.641896
v 0.464927 0.356891 0.692872
v 0.478269 0.351793 0.594083
v 0.472141 0.351483 0.548480
v 0.454672 0.352854 0.501678
v 0.428012 0.358024 0.468686
v 0.428012 0.358024 0.468686
v 0.393265 0.361596 0.485653
v 0.345424 0.372140 0.631513
v 0.351420 0.372595 0.687651
v 0.349903 0.370285 0.575910
v 0.365242 0.371741 0.736780
v 0.384381 0.370039 0.772311
v 0.406264 0.367626 0.786923
v 0.428260 0.364394 0.773021
v 0.448449 0.360742 0.739095
v 0.365167 0.366823 0.525564
v 0.038912 0.693783 0.785404
v 0.045293 0.691183 0.785759
v 0.045936 0.692034 0.786719
v 0.039027 0.694952 0.786440
v 0.049966 0.688343 0.775858
v 0.051061 0.689004 0.776082
v 0.049414 0.687219 0.759141
v 0.045040 0.687900 0.745841
v 0.045735 0.688581 0.743341
v 0.050410 0.687787 0.757985
v 0.038678 0.690663 0.745497
v 0.038793 0.691587 0.743065
v 0.034577 0.694594 0.772046
v 0.034322 0.695834 0.771796
v 0.033979 0.693484 0.757663
v 0.033638 0.694704 0.756387
v 0.039302 0.693779 0.783491
v 0.045090 0.691324 0.783709
v 0.049390 0.688791 0.774821
v 0.048837 0.687775 0.759670
v 0.044931 0.688448 0.747373
v 0.035365 0.694521 0.771213
v 0.039112 0.690967 0.747160
v 0.034788 0.693585 0.758333
v 0.012567 0.685131 0.741439
v 0.016870 0.681197 0.735910
v 0.007315 0.688448 0.737366
v 0.017217 0.678992 0.721364
v 0.014200 0.679294 0.707371
v 0.008781 0.682660 0.703350
v 0.004142 0.688813 0.723476
v 0.004288 0.686670 0.708933
v 0.007668 0.688032 0.735761
v 0.012381 0.684979 0.739388
v 0.016501 0.679429 0.721570
v 0.013860 0.679698 0.709013
v 0.016243 0.681387 0.734533
v 0.004844 0.688366 0.723211
v 0.004930 0.686473 0.710259
v 0.008968 0.682817 0.705400
v 0.011686 0.678323 0.697919
v 0.016853 0.675662 0.690796
v 0.005555 0.680661 0.695741
v 0.017313 0.674340 0.675989
v 0.002077 0.681078 0.682880
v 0.002502 0.679730 0.668105
v 0.013870 0.674756 0.663000
v 0.007690 0.677084 0.660942
v 0.005857 0.680268 0.694035
v 0.011464 0.678170 0.695890
v 0.016182 0.675839 0.689539
v 0.016591 0.674749 0.676373
v 0.002785 0.680650 0.682496
v 0.003152 0.679565 0.669435
v 0.013560 0.675128 0.664732
v 0.007910 0.677230 0.662975
v 0.009534 0.676695 0.650696
v 0.015843 0.676387 0.653222
v 0.006822 0.675886 0.637711
v 0.008164 0.674605 0.623419
v 0.022736 0.671892 0.633193
v 0.019278 0.672072 0.619046
v 0.021596 0.673323 0.648015
v 0.013611 0.673508 0.616680
v 0.007674 0.675829 0.637476
v 0.010025 0.676558 0.648975
v 0.008848 0.674656 0.624712
v 0.021893 0.671896 0.633610
v 0.018854 0.672175 0.620890
v 0.020970 0.673230 0.646570
v 0.013776 0.673633 0.618759
v 0.015724 0.676248 0.651131
v 0.019626 0.672778 0.607013
v 0.025207 0.675307 0.610057
v 0.032267 0.676665 0.587938
v 0.030185 0.674760 0.574008
v 0.030620 0.677104 0.603213
v 0.017626 0.671054 0.593058
v 0.019347 0.670734 0.577899
v 0.024711 0.672362 0.571011
v 0.020150 0.672914 0.605350
v 0.025152 0.675172 0.607948
v 0.031512 0.676301 0.588221
v 0.029694 0.674620 0.575729
v 0.030063 0.676764 0.601865
v 0.018408 0.671375 0.592847
v 0.019933 0.671066 0.579185
v 0.024766 0.672515 0.573113
v 0.566610 0.818026 0.021553
v 0.566610 0.739988 0.014199
v 0.642555 0.812367 0.347593
v 0.583441 0.817740 0.449161
v 0.605606 0.823513 0.595184
v 0.623650 0.824763 0.590601
v 0.590164 0.814245 0.736428
v 0.609328 0.811582 0.720639
v 0.561418 0.795445 0.837529
v 0.598611 0.786932 0.828062
v 0.569234 0.813558 0.742449
v 0.527055 0.812781 0.765057
v 0.550100 0.815729 0.724965
v 0.550100 0.815729 0.724965
v 0.549178 0.824328 0.726389
v 0.527055 0.821916 0.766916
v 0.527055 0.812781 0.765057
v 0.544807 0.825942 0.726595
v 0.524736 0.823653 0.759608
v 0.527055 0.821916 0.766916
v 0.549178 0.824328 0.726389
v 0.574124 0.844257 0.631661
v 0.560784 0.829578 0.688575
v 0.575422 0.836113 0.613908
v 0.575144 0.844066 0.498670
v 0.579132 0.851897 0.518992
v 0.568443 0.855363 0.463418
v 0.585245 0.874164 0.523412
v 0.569405 0.880383 0.441716
v 0.574767 0.908115 0.428162
v 0.588032 0.899812 0.513793
v 0.585944 0.926565 0.510974
v 0.583599 0.927348 0.440622
v 0.556600 0.928082 0.307798
v 0.557112 0.977375 0.330123
v 0.558089 0.888656 0.375965
v 0.533735 0.860221 0.387476
v 0.575144 0.844066 0.498670
v 0.577903 0.842234 0.493986
v 0.552545 0.992668 0.368792
v 0.584972 0.976302 0.442538
v 0.545823 0.999821 0.448038
v 0.545668 0.999352 0.674057
v 0.584728 0.976754 0.596014
v 0.581466 0.974009 0.676749
v 0.545196 0.997741 0.680702
v 0.581466 0.974009 0.676749
v 0.545196 0.997741 0.680702
v 0.540161 0.975883 0.679416
v 0.561524 0.964519 0.675075
v 0.561154 0.952990 0.678246
v 0.561524 0.964519 0.675075
v 0.540161 0.975883 0.679416
v 0.543156 0.965607 0.702995
v 0.521660 0.972406 0.715316
v 0.622034 0.733089 0.036774
v 0.618956 0.654225 0.027676
v 0.569987 0.655118 0.023934
v 0.569987 0.734607 0.032752
v 0.643362 0.699484 0.469730
v 0.639279 0.664777 0.452756
v 0.642536 0.666456 0.370031
v 0.646515 0.712759 0.370553
v 0.648452 0.753419 0.373263
v 0.653395 0.756386 0.429793
v 0.646348 0.804196 0.477910
v 0.641339 0.824629 0.594713
v 0.618732 0.774451 0.800907
v 0.628831 0.810023 0.714972
v 0.628423 0.713601 0.758481
v 0.628423 0.713601 0.758481
v 0.635414 0.669568 0.619390
v 0.650419 0.682146 0.621730
v 0.597644 0.689622 0.817095
v 0.622195 0.679505 0.747323
v 0.562563 0.701772 0.863433
v 0.614987 0.595812 0.027445
v 0.569987 0.595802 0.023988
v 0.635414 0.669568 0.619390
v 0.643362 0.699484 0.469730
v 0.661414 0.701939 0.493660
v 0.638339 0.645653 0.727646
v 0.649549 0.646104 0.606883
v 0.635414 0.669568 0.619390
v 0.655392 0.645088 0.314280
v 0.654164 0.623783 0.584880
v 0.638339 0.645653 0.727646
v 0.640388 0.620147 0.699817
v 0.559859 0.634103 0.870752
v 0.610530 0.642524 0.836819
v 0.556456 0.642764 0.861332
v 0.572400 0.602129 0.889211
v 0.623164 0.584006 0.351075
v 0.643198 0.576852 0.589637
v 0.647534 0.569893 0.588949
v 0.654726 0.598218 0.306219
v 0.645511 0.588720 0.582703
v 0.646598 0.646595 0.062070
v 0.645882 0.599314 0.061476
v 0.651568 0.598387 0.581652
v 0.628346 0.589281 0.731671
v 0.613849 0.610797 0.821461
v 0.610530 0.642524 0.836819
v 0.580785 0.572934 0.846920
v 0.605908 0.490098 0.026669
v 0.612895 0.545515 0.027118
v 0.623845 0.567630 0.715052
v 0.630847 0.561892 0.711770
v 0.587655 0.556398 0.830678
v 0.583985 0.560056 0.824537
v 0.578201 0.565355 0.828772
v 0.621440 0.578160 0.721896
v 0.591315 0.529149 0.829873
v 0.587633 0.526225 0.817128
v 0.587633 0.526225 0.817128
v 0.587047 0.517397 0.806682
v 0.616494 0.501385 0.760579
v 0.639332 0.500510 0.701593
v 0.632192 0.526236 0.691379
v 0.584107 0.503482 0.812689
v 0.541274 0.499590 0.837366
v 0.541274 0.499590 0.837366
v 0.532041 0.480439 0.828374
v 0.553642 0.482626 0.336710
v 0.558878 0.473040 0.341326
v 0.538905 0.464671 0.344116
v 0.650108 0.492137 0.561842
v 0.631992 0.485159 0.459607
v 0.609032 0.487107 0.356376
v 0.649634 0.508034 0.561005
v 0.613818 0.545515 0.346231
v 0.646656 0.532572 0.579826
v 0.641263 0.542437 0.579873
v 0.648579 0.546028 0.583812
v 0.641263 0.542437 0.579873
v 0.613818 0.545515 0.346231
v 0.634164 0.538727 0.698524
v 0.627095 0.535073 0.696434
v 0.627095 0.535073 0.696434
v 0.637322 0.474137 0.711582
v 0.647926 0.475007 0.643661
v 0.612839 0.475760 0.780789
v 0.616494 0.501385 0.760579
v 0.532041 0.480439 0.828374
v 0.509560 0.459082 0.367593
v 0.504505 0.452095 0.400697
v 0.529644 0.457269 0.359220
v 0.524473 0.335444 0.595032
v 0.528895 0.334925 0.547596
v 0.529772 0.317760 0.545727
v 0.526131 0.319545 0.645385
v 0.524997 0.336860 0.643374
v 0.550795 0.337572 0.503489
v 0.576678 0.341206 0.469549
v 0.581273 0.326134 0.468621
v 0.584846 0.311284 0.475356
v 0.531255 0.304578 0.565193
v 0.574938 0.347639 0.773470
v 0.553426 0.344400 0.741809
v 0.555680 0.327653 0.743432
v 0.601309 0.333605 0.803389
v 0.597311 0.350900 0.795491
v 0.537713 0.340180 0.693782
v 0.526325 0.307158 0.651186
v 0.558961 0.316194 0.748758
v 0.534693 0.287809 0.561443
v 0.525742 0.283339 0.636176
v 0.588386 0.293767 0.474639
v 0.581273 0.326134 0.468621
v 0.644057 0.341329 0.533158
v 0.645996 0.325391 0.538912
v 0.584846 0.311284 0.475356
v 0.608971 0.348802 0.493269
v 0.639400 0.353821 0.529669
v 0.576678 0.341206 0.469549
v 0.652231 0.357096 0.584507
v 0.659551 0.357764 0.641885
v 0.664321 0.343596 0.654320
v 0.651403 0.356882 0.696042
v 0.639313 0.355481 0.746258
v 0.643989 0.338947 0.756163
v 0.619046 0.353316 0.776032
v 0.604512 0.319057 0.808067
v 0.644653 0.324866 0.762090
v 0.539844 0.290827 0.715842
v 0.564587 0.299922 0.779887
v 0.529463 0.266352 0.635440
v 0.543690 0.271580 0.720857
v 0.533552 0.253554 0.625785
v 0.549395 0.253422 0.715277
v 0.540753 0.237892 0.628933
v 0.554572 0.243619 0.716853
v 0.571741 0.246381 0.765590
v 0.570849 0.231478 0.720186
v 0.547853 0.217248 0.620535
v 0.570332 0.217961 0.723284
v 0.548987 0.199756 0.610883
v 0.569974 0.197796 0.720027
v 0.555432 0.151015 0.610525
v 0.576182 0.161057 0.730588
v 0.560818 0.120393 0.600014
v 0.584676 0.121481 0.723654
v 0.587076 0.103048 0.720034
v 0.564417 0.102209 0.590170
v 0.569627 0.085752 0.584261
v 0.584489 0.105144 0.465785
v 0.588401 0.082173 0.464527
v 0.596483 0.075221 0.479125
v 0.581016 0.073995 0.574269
v 0.589186 0.057161 0.578019
v 0.581016 0.073995 0.574269
v 0.596483 0.075221 0.479125
v 0.604495 0.057608 0.480099
v 0.606629 0.030159 0.467618
v 0.591023 0.028049 0.552661
v 0.593480 0.010922 0.550433
v 0.609102 0.012112 0.466201
v 0.608783 0.006235 0.461959
v 0.592418 0.005503 0.546194
v 0.592717 0.000947 0.544183
v 0.609330 0.001363 0.463477
v 0.636344 0.002413 0.428920
v 0.635509 0.007705 0.425906
v 0.634916 0.013886 0.429841
v 0.662535 0.009100 0.459227
v 0.661005 0.015584 0.463147
v 0.659074 0.033676 0.463886
v 0.632693 0.031939 0.431061
v 0.676065 0.017116 0.561360
v 0.674446 0.034296 0.563146
v 0.674674 0.063452 0.570121
v 0.656914 0.061456 0.475991
v 0.630253 0.059551 0.441065
v 0.662093 0.080058 0.474364
v 0.628533 0.077659 0.432829
v 0.679944 0.081306 0.565244
v 0.689229 0.090597 0.574164
v 0.679944 0.081306 0.565244
v 0.662093 0.080058 0.474364
v 0.667823 0.087977 0.459618
v 0.627381 0.085088 0.411475
v 0.628533 0.077659 0.432829
v 0.669747 0.111256 0.460821
v 0.626303 0.108263 0.409820
v 0.625945 0.127810 0.417718
v 0.671779 0.130615 0.471118
v 0.670088 0.159917 0.474197
v 0.621301 0.151026 0.423670
v 0.693497 0.170359 0.596471
v 0.696006 0.129826 0.589663
v 0.661221 0.214086 0.494740
v 0.684939 0.218946 0.610564
v 0.567627 0.222968 0.508906
v 0.570800 0.197617 0.500696
v 0.561003 0.244273 0.525003
v 0.553232 0.260233 0.544821
v 0.541732 0.270638 0.560871
v 0.592814 0.280204 0.470190
v 0.595711 0.266884 0.472512
v 0.602808 0.247290 0.459176
v 0.592814 0.280204 0.470190
v 0.648423 0.287972 0.518235
v 0.648992 0.273835 0.520851
v 0.595711 0.266884 0.472512
v 0.588386 0.293767 0.474639
v 0.647802 0.303279 0.529071
v 0.671667 0.308040 0.627980
v 0.675201 0.292288 0.624560
v 0.666650 0.330412 0.661711
v 0.605818 0.302290 0.816990
v 0.645193 0.305773 0.784981
v 0.612215 0.236276 0.792223
v 0.611354 0.252518 0.803958
v 0.615291 0.224445 0.777503
v 0.617175 0.211993 0.773195
v 0.623916 0.170903 0.780832
v 0.630715 0.124336 0.775847
v 0.630748 0.106111 0.769710
v 0.631649 0.084430 0.749472
v 0.590943 0.081468 0.700100
v 0.598670 0.075253 0.675265
v 0.598670 0.075253 0.675265
v 0.606454 0.064532 0.682127
v 0.609500 0.057781 0.735744
v 0.594358 0.049322 0.692539
v 0.592618 0.041660 0.788249
v 0.610051 0.052075 0.810867
v 0.610555 0.044387 0.881350
v 0.594425 0.037336 0.846507
v 0.600854 0.031148 0.901081
v 0.615711 0.033472 0.939271
v 0.585705 0.021366 0.828787
v 0.593736 0.020351 0.892563
v 0.596063 0.007302 0.892005
v 0.588041 0.006834 0.823813
v 0.586631 0.004309 0.823566
v 0.594899 0.005139 0.893896
v 0.596996 0.000155 0.902117
v 0.587780 0.000000 0.829885
v 0.585426 0.000180 0.763370
v 0.584325 0.004586 0.761630
v 0.585796 0.007838 0.764094
v 0.583595 0.022779 0.772144
v 0.593601 0.025285 0.662852
v 0.595928 0.008766 0.657226
v 0.594505 0.004476 0.653650
v 0.595145 0.000038 0.649874
v 0.638195 0.002231 0.656160
v 0.636129 0.002820 0.553092
v 0.661602 0.003466 0.459136
v 0.676804 0.004690 0.551774
v 0.678321 0.010623 0.557458
v 0.689707 0.010475 0.654117
v 0.687180 0.016023 0.657613
v 0.685741 0.032602 0.663225
v 0.672893 0.053491 0.684489
v 0.659222 0.061439 0.731146
v 0.659433 0.068430 0.677232
v 0.664884 0.080125 0.669149
v 0.664884 0.080125 0.669149
v 0.670792 0.087341 0.692724
v 0.672832 0.109263 0.712082
v 0.692711 0.111573 0.580084
v 0.675066 0.127742 0.715216
v 0.672033 0.174023 0.719802
v 0.662069 0.218443 0.718219
v 0.679165 0.236443 0.625053
v 0.656366 0.231746 0.726610
v 0.656771 0.231785 0.506167
v 0.606748 0.226923 0.456636
v 0.609982 0.203833 0.445086
v 0.602808 0.247290 0.459176
v 0.653838 0.253064 0.524622
v 0.675999 0.277810 0.620347
v 0.676526 0.258096 0.634531
v 0.665418 0.290362 0.716466
v 0.666792 0.276933 0.713535
v 0.664029 0.310086 0.719317
v 0.571550 0.277119 0.790462
v 0.573666 0.263481 0.784778
v 0.609672 0.265731 0.812903
v 0.649018 0.257784 0.768003
v 0.645724 0.272332 0.783473
v 0.651777 0.242726 0.746986
v 0.632571 0.077707 0.725918
v 0.632571 0.077707 0.725918
v 0.633615 0.066902 0.727512
v 0.634641 0.061264 0.761975
v 0.635139 0.056098 0.822635
v 0.634760 0.046634 0.902135
v 0.635220 0.035591 0.954890
v 0.617602 0.018861 0.952988
v 0.619657 0.008264 0.954191
v 0.619282 0.006546 0.957278
v 0.619979 0.001318 0.960528
v 0.639169 0.002624 0.981748
v 0.641482 0.002921 0.877394
v 0.641552 0.002249 0.826620
v 0.640185 0.002420 0.759804
v 0.691558 0.004652 0.756073
v 0.688572 0.004421 0.652269
v 0.692214 0.010721 0.752627
v 0.689669 0.015255 0.754971
v 0.688409 0.030244 0.762819
v 0.675485 0.048187 0.780043
v 0.660744 0.055805 0.806176
v 0.660551 0.048155 0.877379
v 0.658708 0.037575 0.935703
v 0.659660 0.023289 0.952129
v 0.636738 0.019294 0.973737
v 0.638396 0.009895 0.975255
v 0.638568 0.008178 0.981371
v 0.684823 0.004805 0.880459
v 0.662272 0.003851 0.958263
v 0.692380 0.004456 0.823153
v 0.692693 0.010521 0.816530
v 0.690155 0.014341 0.816621
v 0.688866 0.028877 0.820827
v 0.675861 0.043889 0.839272
v 0.670474 0.037112 0.879209
v 0.681554 0.027084 0.870836
v 0.682851 0.014095 0.871568
v 0.661056 0.011982 0.954463
v 0.662107 0.009465 0.957531
v 0.685053 0.010754 0.873597
v 0.663947 0.263651 0.720121
v 0.644328 0.285283 0.788593
v 0.608224 0.281326 0.817371
v 0.606748 0.226923 0.456636
v 0.576921 0.147405 0.482045
v 0.581842 0.124512 0.476516
v 0.626303 0.108263 0.409820
v 0.627381 0.085088 0.411475
v 0.628533 0.077659 0.432829
v 0.625945 0.127810 0.417718
v 0.621301 0.151026 0.423670
v 0.631651 0.673769 0.740830
v 0.602077 0.648285 0.880302
v 0.602720 0.684400 0.877962
v 0.561857 0.698707 0.977515
v 0.561171 0.653324 0.982667
v 0.580035 0.865927 0.609615
v 0.581965 0.890759 0.595046
v 0.585323 0.926243 0.594869
v 0.617901 0.926243 0.595887
v 0.617892 0.926957 0.440781
v 0.617893 0.956482 0.441654
v 0.617901 0.956513 0.595941
v 0.582991 0.941186 0.669148
v 0.582991 0.941186 0.669148
v 0.577720 0.933839 0.656004
v 0.579434 0.917808 0.626933
v 0.572106 0.932031 0.654504
v 0.577720 0.933839 0.656004
v 0.561154 0.952990 0.678246
v 0.559295 0.946543 0.678615
v 0.541780 0.958682 0.700926
v 0.543156 0.965607 0.702995
v 0.579434 0.917808 0.626933
v 0.521607 0.965648 0.714211
v 0.521660 0.972406 0.715316
v 0.653395 0.756386 0.429793
v 0.673156 0.754287 0.447151
v 0.661414 0.701939 0.493660
v 0.643362 0.699484 0.469730
v 0.646348 0.804196 0.477910
v 0.663764 0.800166 0.489526
v 0.641339 0.824629 0.594713
v 0.660641 0.818888 0.595630
v 0.628831 0.810023 0.714972
v 0.650893 0.802509 0.710020
v 0.618732 0.774451 0.800907
v 0.637438 0.765087 0.785545
v 0.666366 0.692294 0.562178
v 0.661176 0.686008 0.623897
v 0.671356 0.703482 0.505105
v 0.676923 0.725985 0.474577
v 0.671356 0.703482 0.505105
v 0.680869 0.750287 0.454103
v 0.658222 0.781457 0.745609
v 0.663691 0.799912 0.707614
v 0.652980 0.760955 0.774673
v 0.668252 0.809448 0.654142
v 0.672128 0.815260 0.598112
v 0.672813 0.807636 0.542194
v 0.673519 0.796042 0.490921
v 0.677541 0.774071 0.467385
v 0.650012 0.737089 0.765586
v 0.648622 0.713859 0.744170
v 0.654430 0.697825 0.686912
v 0.758712 0.759515 0.717751
v 0.753824 0.746122 0.734798
v 0.768967 0.746025 0.736493
v 0.777870 0.771214 0.696980
v 0.763927 0.771017 0.694535
v 0.748469 0.729482 0.730385
v 0.745149 0.713135 0.718240
v 0.755976 0.711982 0.725979
v 0.796800 0.746201 0.741997
v 0.786181 0.712049 0.732490
v 0.773898 0.690655 0.650211
v 0.751793 0.690737 0.643700
v 0.813456 0.708832 0.741609
v 0.794369 0.689062 0.658091
v 0.797662 0.696302 0.576616
v 0.778870 0.698139 0.576852
v 0.759834 0.701199 0.566417
v 0.741266 0.701776 0.681209
v 0.741235 0.693328 0.640479
v 0.745354 0.697341 0.602441
v 0.750468 0.703663 0.566718
v 0.756063 0.711368 0.542172
v 0.761545 0.720401 0.524021
v 0.772671 0.715536 0.521028
v 0.759834 0.701199 0.566417
v 0.750468 0.703663 0.566718
v 0.765850 0.736018 0.533042
v 0.769571 0.752129 0.549135
v 0.781320 0.748823 0.543984
v 0.770954 0.764610 0.580504
v 0.771333 0.774746 0.615350
v 0.785228 0.774624 0.613249
v 0.768017 0.774427 0.655772
v 0.800692 0.772415 0.687637
v 0.805124 0.774370 0.612984
v 0.827425 0.770602 0.683887
v 0.824342 0.744655 0.748185
v 0.847382 0.764773 0.683499
v 0.849576 0.741802 0.745681
v 0.845186 0.708168 0.743616
v 0.852515 0.739770 0.736598
v 0.847547 0.708687 0.737899
v 0.845654 0.690324 0.675108
v 0.839360 0.691475 0.672576
v 0.851101 0.707690 0.745069
v 0.842352 0.695046 0.595615
v 0.846886 0.692521 0.594347
v 0.838086 0.692699 0.593677
v 0.816488 0.689990 0.668232
v 0.821650 0.693520 0.582783
v 0.837557 0.705090 0.535060
v 0.821650 0.693520 0.582783
v 0.797662 0.696302 0.576616
v 0.811531 0.708660 0.526042
v 0.778870 0.698139 0.576852
v 0.794232 0.711165 0.521662
v 0.802768 0.744174 0.540531
v 0.819564 0.743136 0.541226
v 0.824204 0.771670 0.611484
v 0.844751 0.767132 0.611600
v 0.850921 0.762096 0.610636
v 0.852232 0.760110 0.682938
v 0.856162 0.762185 0.686485
v 0.857987 0.741352 0.748069
v 0.881875 0.758870 0.695220
v 0.880707 0.739584 0.764912
v 0.878299 0.704168 0.753224
v 0.873400 0.689101 0.677782
v 0.901576 0.694044 0.675659
v 0.902328 0.705393 0.735780
v 0.875726 0.692524 0.600217
v 0.852281 0.738582 0.540813
v 0.850212 0.704180 0.532386
v 0.844014 0.706888 0.541937
v 0.847575 0.738142 0.547233
v 0.846886 0.692521 0.594347
v 0.842352 0.695046 0.595615
v 0.838086 0.692699 0.593677
v 0.841290 0.740916 0.548875
v 0.856420 0.765462 0.610803
v 0.882778 0.762455 0.615781
v 0.908697 0.750511 0.619951
v 0.908649 0.745179 0.707947
v 0.903315 0.727073 0.751380
v 0.901050 0.700722 0.608988
v 0.907127 0.703674 0.624813
v 0.901050 0.700722 0.608988
v 0.902305 0.712686 0.553106
v 0.907091 0.714070 0.563736
v 0.875726 0.692524 0.600217
v 0.874368 0.701018 0.528289
v 0.879576 0.744642 0.529741
v 0.906008 0.739878 0.548617
v 0.910331 0.737745 0.566631
v 0.912254 0.744542 0.624139
v 0.911630 0.739657 0.699404
v 0.908195 0.726919 0.735203
v 0.905528 0.708742 0.726472
v 0.905589 0.702108 0.677989
v 0.907127 0.703674 0.624813
v 0.941802 0.734789 0.657547
v 0.928150 0.740121 0.632817
v 0.923153 0.736362 0.704469
v 0.944798 0.734190 0.699959
v 0.943038 0.731537 0.723646
v 0.957726 0.723390 0.731157
v 0.959207 0.727867 0.702100
v 0.940345 0.725130 0.742417
v 0.953217 0.719161 0.750768
v 0.948032 0.714054 0.762757
v 0.959135 0.709343 0.764347
v 0.953498 0.705470 0.775452
v 0.941699 0.708035 0.768260
v 0.947543 0.700392 0.774905
v 0.954064 0.692034 0.786719
v 0.960973 0.694952 0.786440
v 0.963284 0.685589 0.784314
v 0.960698 0.693779 0.783491
v 0.954910 0.691324 0.783709
v 0.959590 0.682290 0.785879
v 0.955836 0.681916 0.777890
v 0.950610 0.688791 0.774821
v 0.962568 0.680180 0.773803
v 0.956763 0.679629 0.767872
v 0.959110 0.681652 0.757655
v 0.964016 0.681949 0.758561
v 0.951163 0.687775 0.759670
v 0.955068 0.688448 0.747373
v 0.949705 0.697943 0.728570
v 0.954265 0.688581 0.743341
v 0.949590 0.687787 0.757985
v 0.945010 0.695371 0.746007
v 0.961207 0.691587 0.743065
v 0.954989 0.706489 0.724657
v 0.934775 0.698826 0.735693
v 0.942210 0.698528 0.714585
v 0.926692 0.699655 0.711494
v 0.935874 0.702991 0.761380
v 0.943648 0.696294 0.763717
v 0.948939 0.689004 0.776082
v 0.929149 0.719065 0.750080
v 0.917648 0.725546 0.731595
v 0.912254 0.744542 0.624139
v 0.911630 0.739657 0.699404
v 0.910331 0.737745 0.566631
v 0.935154 0.732136 0.575192
v 0.942921 0.732512 0.607354
v 0.959259 0.725162 0.603524
v 0.958236 0.728741 0.661359
v 0.969368 0.720855 0.698839
v 0.967102 0.717205 0.719045
v 0.975957 0.710658 0.717023
v 0.970522 0.703231 0.723657
v 0.965381 0.695594 0.719273
v 0.955182 0.698883 0.714197
v 0.976530 0.699326 0.728961
v 0.971229 0.692517 0.722584
v 0.969528 0.689916 0.707263
v 0.964215 0.692776 0.703984
v 0.967248 0.692395 0.683470
v 0.971833 0.690258 0.690796
v 0.954653 0.696851 0.698618
v 0.956707 0.697040 0.668931
v 0.944325 0.698598 0.659964
v 0.941944 0.698197 0.684688
v 0.945465 0.699813 0.617680
v 0.958358 0.693811 0.621741
v 0.929859 0.700902 0.653395
v 0.930155 0.703512 0.619379
v 0.916261 0.705641 0.618890
v 0.915567 0.703765 0.645841
v 0.929014 0.703175 0.585282
v 0.915749 0.709018 0.589040
v 0.907091 0.714070 0.563736
v 0.907127 0.703674 0.624813
v 0.905589 0.702108 0.677989
v 0.914760 0.702679 0.675344
v 0.913964 0.704852 0.713346
v 0.905528 0.708742 0.726472
v 0.913814 0.710963 0.735754
v 0.908195 0.726919 0.735203
v 0.925611 0.707734 0.748460
v 0.927986 0.700440 0.675855
v 0.959818 0.709593 0.742562
v 0.965678 0.695834 0.771796
v 0.964635 0.694521 0.771213
v 0.966843 0.684612 0.776579
v 0.966586 0.685394 0.764083
v 0.960888 0.690967 0.747160
v 0.965212 0.693585 0.758333
v 0.966362 0.694704 0.756387
v 0.927091 0.726040 0.550574
v 0.915855 0.713075 0.554527
v 0.930083 0.711283 0.544904
v 0.946125 0.720270 0.543907
v 0.953272 0.722893 0.561628
v 0.969759 0.720619 0.660493
v 0.969133 0.717551 0.606133
v 0.978763 0.710226 0.677152
v 0.978004 0.712855 0.699241
v 0.983753 0.706190 0.703987
v 0.981624 0.705221 0.720773
v 0.985604 0.700509 0.726947
v 0.980389 0.695388 0.733512
v 0.975757 0.689562 0.727175
v 0.984284 0.690322 0.738084
v 0.979295 0.685938 0.732591
v 0.981962 0.682013 0.735914
v 0.986584 0.686300 0.741747
v 0.992226 0.689939 0.737403
v 0.989283 0.694876 0.733258
v 0.992332 0.688032 0.735761
v 0.987619 0.684979 0.739388
v 0.991335 0.679583 0.744413
v 0.996404 0.682197 0.741261
v 0.997279 0.677861 0.740504
v 0.994191 0.674783 0.744004
v 0.999289 0.682340 0.728907
v 1.000000 0.676789 0.732378
v 0.999145 0.676595 0.721690
v 0.999041 0.680550 0.715828
v 0.996183 0.672390 0.732551
v 0.996593 0.673015 0.718556
v 0.990458 0.673591 0.738892
v 0.987099 0.676412 0.739102
v 0.990784 0.671013 0.730182
v 0.992206 0.672288 0.720052
v 0.986723 0.674576 0.725983
v 0.989475 0.674677 0.713589
v 0.983499 0.679429 0.721570
v 0.986140 0.679698 0.709013
v 0.983757 0.681387 0.734533
v 0.978708 0.682958 0.717005
v 0.981643 0.679667 0.720389
v 0.980939 0.683316 0.701328
v 0.984815 0.679989 0.705368
v 0.987832 0.688413 0.696836
v 0.990667 0.683704 0.701042
v 0.976669 0.686610 0.697596
v 0.982714 0.692567 0.692039
v 0.974996 0.686661 0.712139
v 0.976687 0.696238 0.687043
v 0.975624 0.698889 0.681836
v 0.978877 0.695892 0.683934
v 0.973101 0.690169 0.680633
v 0.971747 0.687857 0.665920
v 0.966221 0.691824 0.662736
v 0.969141 0.691892 0.642436
v 0.966573 0.690268 0.623067
v 0.947173 0.697599 0.568164
v 0.965938 0.690225 0.601333
v 0.940200 0.711089 0.541288
v 0.953154 0.703574 0.546052
v 0.958837 0.712302 0.547842
v 0.964095 0.715501 0.563120
v 0.977588 0.708909 0.612299
v 0.975819 0.706303 0.591789
v 0.979136 0.708035 0.634715
v 0.978818 0.711078 0.654823
v 0.987145 0.702074 0.660790
v 0.984937 0.701151 0.676945
v 0.989479 0.695007 0.682804
v 0.982931 0.691405 0.687992
v 0.976965 0.687053 0.683166
v 0.980117 0.684463 0.686159
v 0.985897 0.687263 0.692571
v 0.981714 0.676906 0.690198
v 0.987343 0.679707 0.697814
v 0.994037 0.682221 0.695571
v 0.992490 0.689397 0.689079
v 0.994143 0.680268 0.694035
v 0.988536 0.678170 0.695890
v 0.990437 0.674168 0.700176
v 0.996443 0.675137 0.698111
v 0.996268 0.670135 0.698136
v 0.992280 0.667902 0.701180
v 0.999565 0.674336 0.686807
v 0.998880 0.668066 0.690992
v 0.998083 0.668264 0.680354
v 0.998971 0.672614 0.674192
v 0.993931 0.664700 0.690724
v 0.994677 0.665365 0.677010
v 0.988171 0.668045 0.695325
v 0.985265 0.672362 0.694256
v 0.983818 0.675839 0.689539
v 0.984651 0.670629 0.681557
v 0.983409 0.674749 0.676373
v 0.979274 0.682640 0.670782
v 0.981225 0.675585 0.674434
v 0.975806 0.684644 0.668239
v 0.978791 0.684865 0.653174
v 0.974241 0.689097 0.649925
v 0.980014 0.694038 0.642776
v 0.976912 0.697506 0.640360
v 0.979064 0.694446 0.642545
v 0.973334 0.689022 0.639425
v 0.970971 0.686331 0.624625
v 0.976080 0.684509 0.642479
v 0.973938 0.682372 0.627647
v 0.976203 0.682141 0.612343
v 0.972304 0.687060 0.608423
v 0.977668 0.691895 0.601101
v 0.973401 0.695815 0.597898
v 0.974442 0.693277 0.600304
v 0.968617 0.687772 0.596912
v 0.965906 0.685034 0.580967
v 0.970241 0.684094 0.600159
v 0.967987 0.681774 0.583888
v 0.970181 0.681509 0.567120
v 0.966880 0.685755 0.563599
v 0.960615 0.690926 0.565649
v 0.972102 0.690598 0.555954
v 0.964022 0.697176 0.551012
v 0.969097 0.704277 0.553407
v 0.972702 0.707264 0.568841
v 0.980635 0.698830 0.575305
v 0.979679 0.698110 0.592608
v 0.983609 0.690188 0.598688
v 0.976939 0.687563 0.604930
v 0.977048 0.681956 0.608394
v 0.970582 0.681387 0.602180
v 0.983650 0.681673 0.603883
v 0.981320 0.673668 0.607894
v 0.975334 0.676372 0.611028
v 0.979850 0.672914 0.605350
v 0.974848 0.675172 0.607948
v 0.972338 0.670397 0.609774
v 0.977166 0.667506 0.607492
v 0.974285 0.665334 0.604416
v 0.970135 0.666522 0.606644
v 0.978850 0.665784 0.595166
v 0.975034 0.663107 0.595572
v 0.974481 0.663990 0.585134
v 0.977389 0.665727 0.581493
v 0.969547 0.664404 0.593963
v 0.970452 0.664638 0.580529
v 0.967234 0.669069 0.601448
v 0.967610 0.672655 0.603419
v 0.965546 0.668051 0.591601
v 0.966216 0.672455 0.589750
v 0.967496 0.667607 0.582170
v 0.967977 0.670602 0.577424
v 0.970304 0.674620 0.575729
v 0.968488 0.676301 0.588221
v 0.969910 0.675724 0.572450
v 0.967726 0.677740 0.587402
v 0.968649 0.679973 0.585830
v 0.971055 0.678701 0.570037
v 0.969464 0.678281 0.603735
v 0.969937 0.676764 0.601865
v 0.977598 0.678545 0.565512
v 0.976826 0.684190 0.560878
v 0.983499 0.687713 0.565649
v 0.977910 0.696106 0.559407
v 0.985777 0.689975 0.581924
v 0.985995 0.680525 0.588076
v 0.983413 0.671825 0.592934
v 0.981592 0.671375 0.592847
v 0.980067 0.671066 0.579185
v 0.972731 0.667847 0.575142
v 0.975234 0.672515 0.573113
v 0.975806 0.673195 0.569305
v 0.981584 0.671460 0.576591
v 0.984002 0.679240 0.571707
v 0.983381 0.697368 0.604137
v 0.985761 0.700008 0.619017
v 0.984445 0.699230 0.635302
v 0.989342 0.690142 0.641095
v 0.982698 0.687706 0.646816
v 0.984036 0.681426 0.650675
v 0.977806 0.680356 0.644899
v 0.975935 0.679336 0.629741
v 0.978200 0.678530 0.615147
v 0.982806 0.684657 0.606593
v 0.986296 0.680188 0.611057
v 0.989383 0.687936 0.610897
v 0.991566 0.689991 0.625763
v 0.993896 0.682398 0.631991
v 0.991512 0.683006 0.646548
v 0.990945 0.678262 0.651131
v 0.984130 0.677899 0.653743
v 0.993770 0.677391 0.637360
v 0.992786 0.668492 0.642497
v 0.992326 0.675829 0.637476
v 0.989975 0.676558 0.648975
v 0.990270 0.669747 0.653718
v 0.991152 0.674656 0.624712
v 0.991622 0.667218 0.629683
v 0.989271 0.663472 0.634382
v 0.989800 0.663019 0.644718
v 0.984063 0.661119 0.643374
v 0.985286 0.661646 0.630223
v 0.981299 0.663359 0.630860
v 0.978993 0.662868 0.639998
v 0.986452 0.666729 0.623259
v 0.980760 0.667102 0.624842
v 0.978012 0.668410 0.636103
v 0.981146 0.672175 0.620890
v 0.978107 0.671896 0.633610
v 0.979030 0.673230 0.646570
v 0.978940 0.669744 0.648950
v 0.976742 0.672754 0.632697
v 0.977862 0.674340 0.648251
v 0.980390 0.673065 0.617473
v 0.986471 0.674776 0.614919
v 0.992361 0.675993 0.622071
v 0.992193 0.681106 0.616872
v 0.986224 0.673633 0.618759
v 0.984276 0.676248 0.651131
v 0.984337 0.670172 0.655334
v 0.988115 0.665362 0.652261
v 0.983501 0.664239 0.654501
v 0.979934 0.665298 0.648758
v 0.985504 0.699440 0.645921
v 0.991142 0.692695 0.652718
v 0.992383 0.695166 0.667692
v 0.995776 0.689225 0.674753
v 0.997722 0.682675 0.681757
v 0.997215 0.680650 0.682496
v 0.996848 0.679565 0.669435
v 0.993780 0.670793 0.668185
v 0.989966 0.666166 0.677463
v 0.988077 0.665206 0.687195
v 0.987751 0.669819 0.670156
v 0.986440 0.675128 0.664732
v 0.984861 0.676037 0.660500
v 0.982555 0.682464 0.656395
v 0.989154 0.684602 0.652964
v 0.985257 0.688405 0.647939
v 0.994937 0.687407 0.659431
v 0.997282 0.681356 0.666112
v 0.991605 0.678552 0.658377
v 0.992090 0.677230 0.662975
v 0.982613 0.702942 0.689209
v 0.987333 0.698422 0.695807
v 0.988108 0.701294 0.710911
v 0.992210 0.695779 0.717911
v 0.995609 0.690336 0.722396
v 0.995156 0.688366 0.723211
v 0.995070 0.686473 0.710259
v 0.994673 0.677329 0.710476
v 0.991032 0.682817 0.705400
v 0.995498 0.688067 0.706890
v 0.992062 0.693476 0.702335
v 0.577903 0.842234 0.493986
v 0.576468 0.832702 0.490323
v 0.575144 0.844066 0.498670
v 0.575422 0.836113 0.613908
v 0.579919 0.835018 0.611799
v 0.577903 0.842234 0.493986
v 0.575422 0.836113 0.613908
v 0.560784 0.829578 0.688575
v 0.564819 0.827992 0.688709
v 0.579919 0.835018 0.611799
v 0.564819 0.827992 0.688709
v 0.564893 0.819573 0.688709
v 0.581064 0.825967 0.610415
v 0.579919 0.835018 0.611799
v 0.576468 0.832702 0.490323
v 0.577903 0.842234 0.493986
v 0.579919 0.835018 0.611799
v 0.581064 0.825967 0.610415
v 0.576468 0.832702 0.490323
v 0.581064 0.825967 0.610415
v 0.564893 0.819573 0.688709
v 0.555890 0.659915 0.996855
v 0.555384 0.792305 0.976066
v 0.658734 0.766258 0.224131
v 0.658721 0.777494 0.233497
v 0.658206 0.783187 0.267271
v 0.658782 0.733089 0.224131
v 0.656765 0.783187 0.305892
v 0.657972 0.733089 0.321218
v 0.606676 0.922081 0.266677
v 0.604831 0.925528 0.194991
v 0.569987 0.926571 0.194991
v 0.655392 0.645088 0.314280
v 0.658971 0.645627 0.224132
v 0.654726 0.598218 0.306219
v 0.658937 0.598586 0.224132
v 0.651176 0.490098 0.299273
v 0.658766 0.490098 0.224132
v 0.658901 0.545515 0.224132
v 0.653963 0.545515 0.305661
v 0.656537 0.360447 0.036408
v 0.608353 0.360447 0.304099
v 0.566610 0.929617 0.045628
v 0.642555 0.812367 0.347593
v 0.616516 0.913588 0.283321
v 0.658686 0.812367 0.125998
v 0.642854 0.812367 0.078301
v 0.636270 0.901096 0.102126
v 0.636270 0.901684 0.246033
v 0.658686 0.812367 0.224131
v 0.656129 0.812367 0.296675
v 0.645639 0.733089 0.070613
v 0.617040 0.812367 0.044465
v 0.642854 0.812367 0.078301
v 0.657972 0.733089 0.321218
v 0.656765 0.783187 0.305892
v 0.656129 0.812367 0.296675
v 0.642353 0.490098 0.060505
v 0.645139 0.545515 0.060958
v 0.613818 0.545515 0.346231
v 0.609032 0.487107 0.356376
v 0.628319 0.494464 0.320935
v 0.623164 0.584006 0.351075
v 0.624437 0.915008 0.128722
v 0.603222 0.922186 0.092811
v 0.624437 0.914903 0.235243
v 0.687813 0.360447 0.435862
v 0.687813 0.360447 0.075725
v 0.612730 0.912999 0.068290
v 0.636270 0.901096 0.102126
v 0.636270 0.901684 0.246033
v 0.656129 0.812367 0.296675
v 0.603770 0.479770 0.041006
v 0.564825 0.482728 0.332573
v 0.553642 0.482626 0.336710
v 0.499999 0.478314 0.333420
v 0.592666 0.479770 0.324457
v 0.596169 0.484658 0.329794
v 0.631207 0.479770 0.287941
v 0.631207 0.479770 0.224132
v 0.631207 0.479770 0.071457
v 0.619360 0.484934 0.312878
v 0.596169 0.484658 0.329794
v 0.592666 0.479770 0.324457
v 0.616113 0.479770 0.326866
v 0.603770 0.479770 0.041006
v 0.662951 0.479770 0.015199
v 0.616113 0.479770 0.326866
v 0.691703 0.479770 0.457625
v 0.631207 0.479770 0.071457
v 0.691645 0.479770 0.051791
v 0.614101 0.367190 0.326866
v 0.662951 0.367169 0.015199
v 0.691645 0.367190 0.457665
v 0.654362 0.479770 0.458353
v 0.652350 0.367190 0.458353
v 0.691645 0.367169 0.051741
v 0.691645 0.479771 0.138045
v 0.691645 0.479770 0.211911
v 0.646604 0.360447 0.436144
v 0.606676 0.922081 0.266677
v 0.566610 0.938517 0.070555
v 0.624437 0.914903 0.235243
v 0.624437 0.915008 0.128722
v 0.636270 0.901096 0.102126
v 0.612730 0.912999 0.068290
v 0.624437 0.914903 0.235243
v 0.556456 0.642764 0.861332
v 0.561171 0.653324 0.982667
v 0.561171 0.653324 0.982667
v 0.561418 0.796082 0.966432
v 0.555890 0.659915 0.996855
v 0.561171 0.653324 0.982667
v 0.561857 0.698707 0.977515
v 0.601904 0.976440 0.441654
v 0.601913 0.976477 0.595923
v 0.601105 0.940344 0.592764
v 0.595436 0.944166 0.592764
v 0.593270 0.950351 0.592764
v 0.595436 0.956534 0.592764
v 0.601105 0.960357 0.592764
v 0.608112 0.960357 0.592764
v 0.613782 0.956534 0.592764
v 0.615947 0.950351 0.592764
v 0.613782 0.944166 0.592764
v 0.608112 0.940344 0.592764
v 0.593270 0.950351 0.599296
v 0.595436 0.956534 0.599296
v 0.601105 0.960357 0.599296
v 0.608112 0.960357 0.599296
v 0.613782 0.956534 0.599296
v 0.615947 0.950351 0.599296
v 0.613782 0.944166 0.599296
v 0.608112 0.940344 0.599296
v 0.601105 0.940344 0.599296
v 0.595436 0.944166 0.599296
v 0.600497 0.950351 0.599264
v 0.601283 0.952593 0.599264
v 0.603338 0.953978 0.599264
v 0.605879 0.953978 0.599264
v 0.607935 0.952593 0.599264
v 0.608720 0.950351 0.599264
v 0.607935 0.948107 0.599264
v 0.605879 0.946722 0.599264
v 0.603338 0.946722 0.599264
v 0.601283 0.948107 0.599264
v 0.600497 0.949948 0.616603
v 0.601283 0.952182 0.617129
v 0.603338 0.953562 0.617455
v 0.605879 0.953562 0.617455
v 0.607935 0.952182 0.617129
v 0.608720 0.949948 0.616603
v 0.607935 0.947714 0.616078
v 0.605879 0.946332 0.615756
v 0.603338 0.946332 0.615756
v 0.601283 0.947714 0.616078
v 0.593270 0.949948 0.616571
v 0.595436 0.956110 0.618020
v 0.601105 0.959917 0.618918
v 0.608112 0.959917 0.618918
v 0.613782 0.956110 0.618020
v 0.615947 0.949948 0.616571
v 0.613782 0.943787 0.615122
v 0.608112 0.939981 0.614227
v 0.601105 0.939981 0.614227
v 0.595436 0.943787 0.615122
v 0.593270 0.949737 0.623078
v 0.595436 0.955897 0.624527
v 0.601105 0.959705 0.625422
v 0.608112 0.959705 0.625422
v 0.613782 0.955897 0.624527
v 0.615947 0.949737 0.623078
v 0.613782 0.943576 0.621625
v 0.608112 0.939769 0.620730
v 0.601105 0.939769 0.620730
v 0.595436 0.943576 0.621625
v 0.592306 0.960198 0.758405
v 0.614852 0.960198 0.758405
v 0.609275 0.972968 0.761412
v 0.597883 0.972968 0.761412
v 0.592306 0.924805 0.750076
v 0.614852 0.924805 0.750076
v 0.609275 0.972968 0.761412
v 0.610600 0.973168 0.755206
v 0.607568 0.974438 0.755507
v 0.617346 0.960400 0.752203
v 0.614852 0.960198 0.758405
v 0.617346 0.925007 0.743870
v 0.614852 0.924805 0.750076
v 0.614852 0.922701 0.743330
v 0.592306 0.922701 0.743330
v 0.592306 0.924805 0.750076
v 0.589812 0.925007 0.743870
v 0.589812 0.960400 0.752203
v 0.592306 0.960198 0.758405
v 0.596558 0.973168 0.755206
v 0.597883 0.972968 0.761412
v 0.599590 0.974438 0.755507
v 0.610600 0.977021 0.634146
v 0.607568 0.978291 0.634443
v 0.617346 0.964253 0.631139
v 0.617346 0.928859 0.622810
v 0.614852 0.926554 0.622266
v 0.592306 0.926554 0.622266
v 0.589812 0.928859 0.622810
v 0.589812 0.964253 0.631139
v 0.596558 0.977021 0.634146
v 0.599590 0.978291 0.634443
v 0.609275 0.977223 0.627940
v 0.614852 0.964455 0.624936
v 0.614852 0.929061 0.616603
v 0.592306 0.929061 0.616603
v 0.592306 0.964455 0.624936
v 0.597883 0.977223 0.627940
v 0.544807 0.825942 0.726595
v 0.549178 0.824328 0.726389
v 0.549178 0.824328 0.726389
v 0.550100 0.815729 0.724965
v 0.658782 0.733089 0.125998
v 0.645639 0.733089 0.070613
v 0.658971 0.646213 0.125998
v 0.646598 0.646595 0.062070
v 0.658937 0.599025 0.125998
v 0.645882 0.599314 0.061476
v 0.645139 0.545515 0.060958
v 0.658901 0.545515 0.125998
v 0.658766 0.490098 0.125998
v 0.642353 0.490098 0.060505
v 0.631207 0.479770 0.125998
v 0.631207 0.479770 0.071457
v 0.631207 0.479770 0.125998
v 0.690532 0.807427 0.138059
v 0.690532 0.807427 0.212070
v 0.690532 0.780739 0.221436
v 0.690532 0.767563 0.212070
v 0.690532 0.733089 0.212070
v 0.690532 0.733089 0.138059
v 0.690532 0.645627 0.212070
v 0.690532 0.646213 0.138059
v 0.690532 0.598586 0.212071
v 0.690532 0.599025 0.138059
v 0.690532 0.545515 0.138059
v 0.690532 0.545515 0.212071
v 0.685755 0.479771 0.125998
v 0.685755 0.479771 0.224132
v 0.685755 0.783187 0.357832
v 0.685755 0.812367 0.357832
v 0.658686 0.812367 0.357832
v 0.658721 0.783187 0.357832
v 0.685755 0.645627 0.224132
v 0.685755 0.733089 0.224131
v 0.685755 0.598586 0.224132
v 0.685755 0.545515 0.224132
v 0.658686 0.812367 0.224131
v 0.685755 0.812367 0.224131
v 0.685755 0.812367 0.125998
v 0.658686 0.812367 0.125998
v 0.685755 0.733089 0.125998
v 0.658782 0.733089 0.125998
v 0.685755 0.646213 0.125998
v 0.658971 0.646213 0.125998
v 0.685755 0.599025 0.125998
v 0.658937 0.599025 0.125998
v 0.658901 0.545515 0.125998
v 0.685755 0.545515 0.125998
v 0.658766 0.490098 0.125998
v 0.690532 0.807427 0.345771
v 0.690532 0.786431 0.345771
v 0.656129 0.812367 0.296675
v 0.685755 0.766258 0.224131
v 0.690532 0.786431 0.256065
v 0.685755 0.783187 0.267271
v 0.685755 0.777494 0.233497
v 0.566610 0.941916 0.190198
v 0.566610 0.938517 0.070555
v 0.569987 0.812645 0.040107
v 0.566610 0.660498 0.005380
v 0.566611 0.601185 0.005435
v 0.569987 0.914275 0.064178
v 0.569987 0.923173 0.089108
v 0.603222 0.922186 0.092811
v 0.569987 0.923173 0.089108
v 0.569987 0.914275 0.064178
v 0.566610 0.929617 0.045628
v 0.579980 0.892782 0.541313
v 0.579980 0.885548 0.557073
v 0.579980 0.883138 0.581268
v 0.579980 0.886475 0.604651
v 0.579980 0.894282 0.618292
v 0.579980 0.903577 0.616980
v 0.579980 0.910813 0.601220
v 0.579980 0.913222 0.577025
v 0.579980 0.909886 0.553642
v 0.579980 0.902079 0.540002
v 0.593352 0.903577 0.616980
v 0.593352 0.894282 0.618292
v 0.593352 0.910813 0.601220
v 0.593352 0.913222 0.577025
v 0.593352 0.909886 0.553642
v 0.593352 0.907749 0.483059
v 0.579980 0.907749 0.483059
v 0.579980 0.916277 0.489468
v 0.593352 0.916277 0.489468
v 0.593352 0.899174 0.477135
v 0.579980 0.899174 0.477135
v 0.593352 0.885548 0.557073
v 0.593352 0.892782 0.541313
v 0.593352 0.883138 0.581268
v 0.593352 0.886475 0.604651
v 0.594764 0.903059 0.613343
v 0.594764 0.894656 0.614527
v 0.594764 0.909597 0.599097
v 0.594764 0.911775 0.577228
v 0.594764 0.908760 0.556095
v 0.594764 0.907375 0.486823
v 0.594764 0.915151 0.491920
v 0.594764 0.899693 0.480776
v 0.594764 0.886763 0.559197
v 0.594764 0.893302 0.544951
v 0.594764 0.884585 0.581065
v 0.594764 0.887600 0.602198
v 0.594764 0.901703 0.543766
v 0.609982 0.203833 0.445086
v 0.689492 0.693388 0.570903
v 0.677372 0.692694 0.566602
v 0.681848 0.704984 0.515260
v 0.693480 0.705315 0.520546
v 0.697508 0.723180 0.483627
v 0.693480 0.705315 0.520546
v 0.681848 0.704984 0.515260
v 0.686618 0.724220 0.478928
v 0.689419 0.746865 0.462349
v 0.699975 0.744266 0.466121
v 0.699282 0.765854 0.474001
v 0.687518 0.770439 0.468563
v 0.698308 0.797823 0.549038
v 0.697901 0.784765 0.503047
v 0.684577 0.790861 0.495609
v 0.684492 0.804236 0.543712
v 0.709161 0.761688 0.480827
v 0.708562 0.742196 0.470668
v 0.706346 0.722779 0.488482
v 0.710099 0.722930 0.493294
v 0.712609 0.740917 0.476200
v 0.713481 0.759317 0.486174
v 0.709148 0.778803 0.511485
v 0.713817 0.775637 0.515974
v 0.714722 0.787390 0.558356
v 0.709853 0.791255 0.554979
v 0.696542 0.801709 0.657551
v 0.698517 0.803860 0.603401
v 0.684330 0.810132 0.600644
v 0.681567 0.806888 0.655653
v 0.710194 0.797302 0.606408
v 0.715096 0.793354 0.608227
v 0.713838 0.792309 0.660493
v 0.708768 0.796114 0.659334
v 0.705945 0.787954 0.707984
v 0.711252 0.784739 0.709143
v 0.707635 0.771130 0.748170
v 0.701920 0.773110 0.748257
v 0.688920 0.775908 0.746348
v 0.693102 0.792138 0.706774
v 0.714565 0.789540 0.660623
v 0.715751 0.790676 0.608934
v 0.715442 0.785027 0.560533
v 0.714541 0.782964 0.562888
v 0.714888 0.788219 0.609426
v 0.713757 0.787061 0.659315
v 0.712142 0.782239 0.708752
v 0.711482 0.780096 0.705701
v 0.708391 0.767925 0.741725
v 0.708861 0.769545 0.746015
v 0.704226 0.753032 0.768524
v 0.705810 0.752527 0.764717
v 0.705554 0.751599 0.759297
v 0.704044 0.732163 0.750315
v 0.703899 0.732117 0.756663
v 0.702259 0.731993 0.761170
v 0.698270 0.753924 0.770043
v 0.696370 0.732248 0.763159
v 0.683482 0.733333 0.761956
v 0.685283 0.755486 0.767622
v 0.668962 0.757446 0.765695
v 0.666922 0.735022 0.761463
v 0.672925 0.778900 0.744707
v 0.677388 0.796210 0.705636
v 0.673021 0.689528 0.625987
v 0.669342 0.697688 0.684934
v 0.684062 0.697373 0.685398
v 0.686151 0.689906 0.628063
v 0.702992 0.706130 0.525618
v 0.699425 0.694415 0.574620
v 0.703873 0.695810 0.577301
v 0.706877 0.707260 0.529611
v 0.706877 0.707260 0.529611
v 0.702992 0.706130 0.525618
v 0.714011 0.758033 0.491395
v 0.713087 0.740370 0.482012
v 0.710504 0.723460 0.498790
v 0.709298 0.724195 0.505699
v 0.711242 0.740214 0.489729
v 0.712518 0.757134 0.497855
v 0.714516 0.773767 0.519803
v 0.713493 0.772276 0.524198
v 0.715571 0.780580 0.566515
v 0.714342 0.770346 0.530299
v 0.712836 0.755678 0.506456
v 0.718803 0.752729 0.518111
v 0.720553 0.766797 0.540386
v 0.722084 0.777257 0.572515
v 0.715789 0.785611 0.610278
v 0.722293 0.782743 0.611883
v 0.720077 0.781888 0.655881
v 0.714549 0.784601 0.657446
v 0.712078 0.777828 0.701593
v 0.716539 0.775319 0.697339
v 0.712782 0.763659 0.729088
v 0.708829 0.766041 0.735888
v 0.706122 0.750408 0.752793
v 0.709855 0.748467 0.744511
v 0.708809 0.731294 0.736990
v 0.704935 0.731950 0.743348
v 0.703412 0.713816 0.721465
v 0.704710 0.714582 0.715277
v 0.708813 0.715214 0.712081
v 0.709036 0.703293 0.675347
v 0.704613 0.702277 0.676347
v 0.703206 0.700757 0.679427
v 0.702940 0.712891 0.727570
v 0.702703 0.699176 0.682959
v 0.700995 0.697976 0.685311
v 0.701320 0.712235 0.731599
v 0.695738 0.712040 0.733642
v 0.695607 0.697322 0.686217
v 0.683186 0.712834 0.733247
v 0.667210 0.714062 0.733381
v 0.696600 0.690581 0.630027
v 0.701706 0.691681 0.630987
v 0.703329 0.693209 0.631045
v 0.703686 0.695231 0.630824
v 0.705115 0.699484 0.582261
v 0.705035 0.697517 0.579620
v 0.707444 0.708734 0.533770
v 0.707112 0.710233 0.538850
v 0.707112 0.710233 0.538850
v 0.707444 0.708734 0.533770
v 0.714555 0.723743 0.522898
v 0.709605 0.724502 0.513807
v 0.711059 0.739565 0.499120
v 0.716810 0.737548 0.510634
v 0.731444 0.760720 0.720284
v 0.720302 0.761610 0.723247
v 0.716819 0.746662 0.737529
v 0.727295 0.746267 0.734171
v 0.725156 0.730190 0.730233
v 0.715578 0.730581 0.732272
v 0.705047 0.697082 0.631031
v 0.709637 0.698057 0.632400
v 0.710769 0.702038 0.588862
v 0.706298 0.701170 0.585311
v 0.708089 0.711377 0.544730
v 0.712415 0.711758 0.550454
v 0.712415 0.711758 0.550454
v 0.708089 0.711377 0.544730
v 0.723014 0.721763 0.531100
v 0.719800 0.711050 0.555831
v 0.719800 0.711050 0.555831
v 0.717848 0.701949 0.592608
v 0.726851 0.700766 0.596242
v 0.729933 0.708927 0.561653
v 0.733850 0.718409 0.536553
v 0.729933 0.708927 0.561653
v 0.726323 0.734436 0.520966
v 0.737841 0.729992 0.525347
v 0.741148 0.744445 0.532437
v 0.728784 0.748811 0.528285
v 0.730691 0.762628 0.549592
v 0.743590 0.758899 0.552711
v 0.744986 0.770480 0.581047
v 0.732437 0.773666 0.578239
v 0.724639 0.773072 0.693941
v 0.729312 0.779370 0.655066
v 0.741228 0.777493 0.655450
v 0.736465 0.771733 0.692676
v 0.732572 0.779838 0.613727
v 0.744483 0.777305 0.615828
v 0.754553 0.775947 0.656022
v 0.750098 0.770777 0.692292
v 0.744785 0.760263 0.718889
v 0.739848 0.746139 0.732461
v 0.736686 0.729899 0.729917
v 0.715517 0.715498 0.710364
v 0.724326 0.715020 0.710368
v 0.724104 0.703286 0.676481
v 0.715770 0.703672 0.675648
v 0.716684 0.698236 0.634516
v 0.724831 0.697648 0.635972
v 0.736459 0.699045 0.599583
v 0.733709 0.696600 0.637726
v 0.733296 0.702524 0.678213
v 0.740736 0.706318 0.566323
v 0.740736 0.706318 0.566323
v 0.745416 0.714628 0.539995
v 0.750019 0.725316 0.527006
v 0.754101 0.740044 0.533158
v 0.757168 0.755266 0.552980
v 0.758303 0.767521 0.581587
v 0.757484 0.775053 0.616893
v 0.734538 0.714404 0.711690
v 0.609032 0.487107 0.356376
v 0.583718 0.464291 0.353583
v 0.598781 0.443321 0.382444
v 0.583718 0.464291 0.353583
v 0.609032 0.487107 0.356376
v 0.620311 0.456991 0.416924
v 0.640623 0.459294 0.490008
v 0.631992 0.485159 0.459607
v 0.609032 0.487107 0.356376
v 0.584107 0.503482 0.812689
v 0.576458 0.485128 0.815686
v 0.611459 0.458489 0.785923
v 0.612839 0.475760 0.780789
v 0.580000 0.458240 0.818504
v 0.545616 0.451077 0.812429
v 0.538443 0.467418 0.815204
v 0.566881 0.450190 0.359075
v 0.541904 0.443956 0.372556
v 0.548459 0.425069 0.386777
v 0.575131 0.429079 0.375937
v 0.575131 0.429079 0.375937
v 0.566881 0.450190 0.359075
v 0.648534 0.439009 0.517409
v 0.633478 0.434854 0.458064
v 0.608967 0.422001 0.415040
v 0.619176 0.412202 0.438507
v 0.637425 0.418644 0.475541
v 0.651456 0.422996 0.531948
v 0.650893 0.455595 0.658203
v 0.653044 0.456677 0.578250
v 0.650191 0.475151 0.566555
v 0.647926 0.475007 0.643661
v 0.655763 0.439769 0.590344
v 0.657733 0.425473 0.600380
v 0.652712 0.426291 0.673485
v 0.652204 0.439432 0.667478
v 0.636316 0.456162 0.728037
v 0.637338 0.439230 0.736874
v 0.637503 0.425731 0.741232
v 0.613218 0.424076 0.793589
v 0.612093 0.438958 0.792491
v 0.637322 0.474137 0.711582
v 0.517739 0.440108 0.771912
v 0.505797 0.428437 0.701173
v 0.501297 0.421974 0.527448
v 0.504250 0.422096 0.490493
v 0.511250 0.423751 0.449423
v 0.507463 0.438454 0.429699
v 0.519078 0.441165 0.396276
v 0.525064 0.425292 0.412196
v 0.582425 0.405362 0.398508
v 0.552039 0.406095 0.401635
v 0.555381 0.392521 0.416884
v 0.581749 0.392081 0.413957
v 0.610140 0.394392 0.441383
v 0.581749 0.392081 0.413957
v 0.582425 0.405362 0.398508
v 0.611849 0.401985 0.435003
v 0.636217 0.406243 0.482867
v 0.634930 0.398601 0.488809
v 0.650491 0.403862 0.545886
v 0.651430 0.411274 0.539488
v 0.657588 0.414918 0.605514
v 0.655695 0.408224 0.609760
v 0.649415 0.409740 0.677576
v 0.651941 0.416338 0.676692
v 0.636767 0.415938 0.742211
v 0.634268 0.408993 0.739428
v 0.612874 0.406565 0.785415
v 0.613818 0.413419 0.790730
v 0.584534 0.420984 0.818834
v 0.587043 0.409452 0.813034
v 0.588225 0.402679 0.806088
v 0.563314 0.397552 0.792013
v 0.560691 0.404219 0.798690
v 0.556131 0.416116 0.805241
v 0.581347 0.436678 0.821899
v 0.550738 0.432112 0.810280
v 0.503084 0.418675 0.628002
v 0.502899 0.413434 0.580200
v 0.502170 0.416535 0.553712
v 0.525562 0.425087 0.767351
v 0.532083 0.410137 0.763471
v 0.516469 0.403709 0.704187
v 0.511648 0.416762 0.704426
v 0.506001 0.409980 0.637074
v 0.508156 0.398452 0.638487
v 0.506013 0.395990 0.577450
v 0.504543 0.406616 0.575251
v 0.506519 0.408714 0.516115
v 0.509603 0.395118 0.522956
v 0.518490 0.394630 0.476867
v 0.515161 0.408854 0.463828
v 0.507814 0.385957 0.582410
v 0.510039 0.388212 0.640342
v 0.520416 0.392637 0.702086
v 0.523648 0.386916 0.699738
v 0.513037 0.382969 0.640827
v 0.510452 0.380914 0.585736
v 0.511214 0.385078 0.531948
v 0.513384 0.380024 0.539046
v 0.519317 0.379571 0.505341
v 0.520214 0.383922 0.490167
v 0.533479 0.393954 0.440930
v 0.535202 0.382539 0.459694
v 0.524008 0.378961 0.498660
v 0.527617 0.379938 0.500826
v 0.540650 0.381131 0.466404
v 0.560252 0.383202 0.442448
v 0.558209 0.384754 0.430996
v 0.516714 0.378708 0.541411
v 0.513546 0.379493 0.587841
v 0.516715 0.380327 0.589145
v 0.520015 0.379658 0.542734
v 0.583526 0.387009 0.427159
v 0.584230 0.385954 0.437872
v 0.610397 0.389190 0.461589
v 0.584230 0.385954 0.437872
v 0.583526 0.387009 0.427159
v 0.610754 0.389949 0.452097
v 0.529625 0.409278 0.425775
v 0.634491 0.394293 0.496537
v 0.633180 0.393332 0.504322
v 0.647014 0.398798 0.556791
v 0.648923 0.399967 0.551531
v 0.653262 0.404727 0.612934
v 0.651015 0.403332 0.615289
v 0.644298 0.404680 0.676105
v 0.646434 0.406014 0.677069
v 0.631276 0.405071 0.735283
v 0.629786 0.403826 0.731048
v 0.610402 0.401762 0.771916
v 0.611398 0.402889 0.778767
v 0.588587 0.399415 0.798310
v 0.588405 0.398576 0.790209
v 0.566051 0.394358 0.777427
v 0.564825 0.394728 0.784995
v 0.540876 0.392021 0.753221
v 0.543282 0.389663 0.748138
v 0.545656 0.389789 0.742272
v 0.529541 0.385549 0.693456
v 0.526557 0.385049 0.696934
v 0.537753 0.398228 0.757902
v 0.516102 0.381465 0.640472
v 0.519345 0.382205 0.639556
v 0.519254 0.378042 0.590377
v 0.522037 0.379901 0.639128
v 0.532050 0.383079 0.691035
v 0.533540 0.372307 0.691398
v 0.523202 0.369111 0.640259
v 0.520458 0.367261 0.592279
v 0.523311 0.377440 0.544933
v 0.525465 0.366721 0.546911
v 0.538377 0.367452 0.503612
v 0.531841 0.377701 0.504819
v 0.544122 0.379333 0.473096
v 0.553362 0.370012 0.469610
v 0.564584 0.374957 0.452133
v 0.562161 0.381917 0.449930
v 0.584464 0.384018 0.446129
v 0.581303 0.373354 0.453788
v 0.607416 0.375867 0.478059
v 0.581303 0.373354 0.453788
v 0.584464 0.384018 0.446129
v 0.609230 0.386401 0.470150
v 0.631973 0.390209 0.511753
v 0.632867 0.380327 0.518478
v 0.647605 0.384565 0.568570
v 0.646122 0.395336 0.562273
v 0.650082 0.399404 0.618531
v 0.651797 0.387616 0.624114
v 0.645617 0.388515 0.680880
v 0.643771 0.400567 0.676703
v 0.629676 0.399840 0.728867
v 0.631665 0.387831 0.731505
v 0.612544 0.386132 0.768626
v 0.610559 0.397928 0.767615
v 0.569257 0.380051 0.771554
v 0.590871 0.383507 0.784542
v 0.588860 0.394994 0.784473
v 0.567394 0.391210 0.772032
v 0.549537 0.376178 0.737794
v 0.547853 0.387042 0.738026
v 0.535073 0.356891 0.692872
v 0.524423 0.353655 0.641896
v 0.521731 0.351793 0.594083
v 0.527859 0.351483 0.548480
v 0.545328 0.352854 0.501678
v 0.571988 0.358024 0.468686
v 0.571988 0.358024 0.468686
v 0.606735 0.361596 0.485653
v 0.648580 0.372595 0.687651
v 0.654576 0.372140 0.631513
v 0.650095 0.370285 0.575910
v 0.634758 0.371741 0.736780
v 0.615619 0.370039 0.772311
v 0.593736 0.367626 0.786923
v 0.571740 0.364394 0.773021
v 0.551551 0.360742 0.739095
v 0.634833 0.366823 0.525564
v 0.954064 0.692034 0.786719
v 0.954707 0.691183 0.785759
v 0.961088 0.693783 0.785404
v 0.960973 0.694952 0.786440
v 0.948939 0.689004 0.776082
v 0.950034 0.688343 0.775858
v 0.954265 0.688581 0.743341
v 0.954960 0.687900 0.745841
v 0.950586 0.687219 0.759141
v 0.949590 0.687787 0.757985
v 0.961207 0.691587 0.743065
v 0.961322 0.690663 0.745497
v 0.965423 0.694594 0.772046
v 0.965678 0.695834 0.771796
v 0.966362 0.694704 0.756387
v 0.966021 0.693484 0.757663
v 0.954910 0.691324 0.783709
v 0.960698 0.693779 0.783491
v 0.950610 0.688791 0.774821
v 0.955068 0.688448 0.747373
v 0.951163 0.687775 0.759670
v 0.964635 0.694521 0.771213
v 0.960888 0.690967 0.747160
v 0.965212 0.693585 0.758333
v 0.983130 0.681197 0.735910
v 0.987433 0.685131 0.741439
v 0.992685 0.688448 0.737366
v 0.985800 0.679294 0.707371
v 0.982783 0.678992 0.721364
v 0.991219 0.682660 0.703350
v 0.995858 0.688813 0.723476
v 0.995712 0.686670 0.708933
v 0.987619 0.684979 0.739388
v 0.992332 0.688032 0.735761
v 0.986140 0.679698 0.709013
v 0.983499 0.679429 0.721570
v 0.983757 0.681387 0.734533
v 0.995156 0.688366 0.723211
v 0.995070 0.686473 0.710259
v 0.991032 0.682817 0.705400
v 0.983147 0.675662 0.690796
v 0.988314 0.678323 0.697919
v 0.994445 0.680661 0.695741
v 0.982687 0.674340 0.675989
v 0.997923 0.681078 0.682880
v 0.997498 0.679730 0.668105
v 0.986130 0.674756 0.663000
v 0.992310 0.677084 0.660942
v 0.988536 0.678170 0.695890
v 0.994143 0.680268 0.694035
v 0.983818 0.675839 0.689539
v 0.983409 0.674749 0.676373
v 0.997215 0.680650 0.682496
v 0.996848 0.679565 0.669435
v 0.986440 0.675128 0.664732
v 0.992090 0.677230 0.662975
v 0.984156 0.676387 0.653222
v 0.990466 0.676695 0.650696
v 0.993178 0.675886 0.637711
v 0.991836 0.674605 0.623419
v 0.980722 0.672072 0.619046
v 0.977264 0.671892 0.633193
v 0.978403 0.673323 0.648015
v 0.986388 0.673508 0.616680
v 0.989975 0.676558 0.648975
v 0.992326 0.675829 0.637476
v 0.991152 0.674656 0.624712
v 0.981146 0.672175 0.620890
v 0.978107 0.671896 0.633610
v 0.979030 0.673230 0.646570
v 0.986224 0.673633 0.618759
v 0.984276 0.676248 0.651131
v 0.974793 0.675307 0.610057
v 0.980374 0.672778 0.607013
v 0.969815 0.674760 0.574008
v 0.967733 0.676665 0.587938
v 0.969380 0.677104 0.603213
v 0.982374 0.671054 0.593058
v 0.980653 0.670734 0.577899
v 0.975289 0.672362 0.571011
v 0.974848 0.675172 0.607948
v 0.979850 0.672914 0.605350
v 0.970304 0.674620 0.575729
v 0.968488 0.676301 0.588221
v 0.969937 0.676764 0.601865
v 0.981592 0.671375 0.592847
v 0.980067 0.671066 0.579185
v 0.975234 0.672515 0.573113
v 0.562563 0.701772 0.863433
v 0.561418 0.795445 0.837529
v 0.561418 0.796082 0.966432
v 0.561857 0.698707 0.977515
v 0.561857 0.698707 0.977515
v 0.499999 0.797838 0.839192
v 0.438582 0.795445 0.835913
v 0.442477 0.798989 0.843039
v 0.499999 0.799294 0.846474
v 0.438582 0.796082 0.966432
v 0.442477 0.798989 0.955303
v 0.499999 0.796567 0.970099
v 0.499999 0.799294 0.958737
v 0.561418 0.795445 0.837529
v 0.557523 0.798989 0.843039
v 0.561418 0.796082 0.966432
v 0.557523 0.798989 0.955303
v 0.499999 0.799294 0.846662
v 0.458786 0.799076 0.844202
v 0.458786 0.799076 0.897077
v 0.458786 0.799076 0.956469
v 0.499999 0.799294 0.958929
v 0.557523 0.798989 0.955495
v 0.557523 0.798989 0.843231
v 0.442477 0.798989 0.897077
v 0.458786 0.799076 0.897077
v 0.458786 0.799076 0.844202
v 0.442477 0.798989 0.843231
v 0.458786 0.794494 0.897077
v 0.442477 0.794408 0.897077
v 0.442477 0.794408 0.955495
v 0.458786 0.794494 0.956469
v 0.458786 0.794494 0.897077
v 0.458786 0.794494 0.956469
v 0.442477 0.794408 0.955495
v 0.442477 0.798989 0.955495
v 0.442477 0.794408 0.897077
v 0.442477 0.798989 0.897077
v 0.443522 0.801759 0.956172
v 0.442170 0.801759 0.956172
v 0.442170 0.794449 0.956020
v 0.443522 0.794449 0.956020
v 0.443522 0.802680 0.953694
v 0.442170 0.802680 0.953694
v 0.443522 0.802680 0.897099
v 0.442170 0.802680 0.897099
v 0.443522 0.804707 0.897070
v 0.442170 0.804696 0.897099
v 0.443522 0.805501 0.894878
v 0.442170 0.805501 0.894928
v 0.443522 0.805443 0.846046
v 0.442170 0.805443 0.846046
v 0.443522 0.804696 0.844036
v 0.442170 0.804696 0.844036
v 0.443522 0.798824 0.844036
v 0.442170 0.798824 0.844036
v 0.443522 0.798824 0.897004
v 0.442170 0.798824 0.897004
v 0.443522 0.798824 0.894827
v 0.443522 0.794276 0.896852
v 0.442170 0.794276 0.896852
v 0.443522 0.794276 0.897041
v 0.458937 0.801759 0.956172
v 0.457583 0.801759 0.956172
v 0.457583 0.794449 0.956020
v 0.458937 0.794449 0.956020
v 0.458937 0.802680 0.953694
v 0.457583 0.802680 0.953694
v 0.458937 0.802680 0.897099
v 0.457583 0.802680 0.897099
v 0.458937 0.804696 0.897099
v 0.457583 0.804696 0.897099
v 0.458937 0.805501 0.894932
v 0.457583 0.805501 0.894932
v 0.458937 0.805443 0.846046
v 0.457583 0.805443 0.846046
v 0.458937 0.804696 0.844036
v 0.457583 0.804696 0.844036
v 0.458937 0.798824 0.844036
v 0.457583 0.798824 0.844036
v 0.458937 0.798824 0.897004
v 0.457583 0.798824 0.897004
v 0.458937 0.794276 0.896852
v 0.457583 0.794276 0.896852
v 0.448849 0.794387 0.933720
v 0.447211 0.794387 0.926637
v 0.448849 0.794387 0.919554
v 0.452125 0.794387 0.919554
v 0.453762 0.794387 0.926637
v 0.452125 0.794387 0.933720
v 0.450981 0.795510 0.924942
v 0.451476 0.795372 0.927050
v 0.449991 0.795510 0.924942
v 0.449497 0.795372 0.927050
v 0.449991 0.795234 0.929155
v 0.450981 0.795234 0.929155
v 0.451640 0.795935 0.924641
v 0.452794 0.795764 0.927235
v 0.449333 0.795935 0.924641
v 0.448179 0.795764 0.927235
v 0.449333 0.795595 0.929829
v 0.451640 0.795595 0.929829
v 0.451640 0.799018 0.926105
v 0.452794 0.798848 0.928699
v 0.449333 0.799018 0.926105
v 0.448179 0.798848 0.928699
v 0.449333 0.798677 0.931289
v 0.451640 0.798677 0.931289
v 0.451361 0.799559 0.927007
v 0.452236 0.799431 0.928974
v 0.449611 0.799559 0.927007
v 0.448738 0.799431 0.928974
v 0.449611 0.799302 0.930938
v 0.451361 0.799302 0.930938
v 0.448849 0.798861 0.878375
v 0.447211 0.798861 0.871295
v 0.448849 0.798861 0.864212
v 0.452125 0.798861 0.864212
v 0.453762 0.798861 0.871295
v 0.452125 0.798861 0.878375
v 0.450981 0.799984 0.869600
v 0.451476 0.799847 0.871705
v 0.449991 0.799984 0.869600
v 0.449497 0.799847 0.871705
v 0.449991 0.799708 0.873813
v 0.450981 0.799708 0.873813
v 0.451640 0.800410 0.869299
v 0.452794 0.800239 0.871893
v 0.449333 0.800410 0.869299
v 0.448179 0.800239 0.871893
v 0.449333 0.800069 0.874487
v 0.451640 0.800069 0.874487
v 0.451640 0.803492 0.870763
v 0.452794 0.803321 0.873353
v 0.449333 0.803492 0.870763
v 0.448179 0.803321 0.873353
v 0.449333 0.803152 0.875947
v 0.451640 0.803152 0.875947
v 0.451361 0.804034 0.871665
v 0.452236 0.803904 0.873632
v 0.449611 0.804034 0.871665
v 0.448738 0.803904 0.873632
v 0.449611 0.803776 0.875596
v 0.451361 0.803776 0.875596
v 0.476291 0.804738 0.896954
v 0.474937 0.804738 0.896954
v 0.474937 0.798863 0.896943
v 0.476291 0.798863 0.896943
v 0.476291 0.805527 0.894617
v 0.474937 0.805527 0.894617
v 0.476291 0.805449 0.850669
v 0.474937 0.805449 0.853927
v 0.458768 0.798894 0.850669
v 0.458738 0.798894 0.853927
v 0.458738 0.805449 0.853927
v 0.458768 0.805449 0.850669
v 0.474937 0.798894 0.853927
v 0.476291 0.798894 0.850669
v 0.468556 0.798861 0.879371
v 0.470195 0.798861 0.886454
v 0.468556 0.798861 0.893533
v 0.465281 0.798861 0.893533
v 0.463644 0.798861 0.886454
v 0.465281 0.798861 0.879371
v 0.466425 0.799984 0.888150
v 0.465930 0.799847 0.886041
v 0.467414 0.799984 0.888150
v 0.467909 0.799847 0.886041
v 0.467414 0.799708 0.883936
v 0.466425 0.799708 0.883936
v 0.465766 0.800410 0.888450
v 0.464611 0.800239 0.885856
v 0.468073 0.800410 0.888450
v 0.469227 0.800239 0.885856
v 0.468073 0.800069 0.883262
v 0.465766 0.800069 0.883262
v 0.465766 0.803492 0.886987
v 0.464611 0.803321 0.884393
v 0.468073 0.803492 0.886987
v 0.469227 0.803321 0.884393
v 0.468073 0.803152 0.881802
v 0.465766 0.803152 0.881802
v 0.466044 0.804034 0.886081
v 0.465169 0.803904 0.884117
v 0.467793 0.804034 0.886081
v 0.468668 0.803904 0.884117
v 0.467793 0.803776 0.882154
v 0.466044 0.803776 0.882154
v 0.454175 0.805501 0.894827
v 0.454175 0.805501 0.894932
v 0.454175 0.804716 0.897041
v 0.454175 0.794276 0.897041
v 0.454175 0.794276 0.896852
v 0.454175 0.798824 0.897004
v 0.454175 0.798824 0.894827
vn -0.1456 0.98797 0.0521
vn 0 0.99777 0.0667
vn 0 0.99937 0.0354
vn -0.13971 0.98944 0.0386
vn -0.1455 0.98799 0.0521
vn -0.0954 0.0122 0.99536
vn -0.20609 0.35239 0.91288
vn -0.26629 -0.79248 0.54869
vn -0.2662 -0.7925 0.5487
vn -0.23121 -0.0268 0.97254
vn -0.112 -0.42012 0.90053
vn -0.0955 0.0122 0.99536
vn -0.23121 -0.0269 0.97253
vn -0.2313 -0.0269 0.97251
vn -0.2772 -0.4852 0.8293
vn -0.112 -0.4202 0.90049
vn -0.43191 -0.88962 0.1484
vn -0.1272 -0.8578 0.498
vn -0.27719 -0.48528 0.82926
vn -0.43192 -0.88964 0.14831
vn -0.0011 -0.4895 0.872
vn -0.0576 -0.33481 0.94052
vn -0.0576 -0.33469 0.94057
vn -0.0705 -0.47573 0.87676
vn 0 -0.50822 0.86123
vn -0.0706 -0.47569 0.87678
vn -0.023 -0.25961 0.96544
vn -0.48023 -0.87605 -0.0437
vn -0.65549 -0.75509 0.0129
vn -0.61551 -0.78801 -0.0135
vn -0.36528 -0.92695 -0.0856
vn -0.48031 -0.87601 -0.0437
vn -0.1191 -0.44399 0.88808
vn -0.0999 -0.47869 0.87228
vn -0.26681 -0.50601 0.82022
vn -0.26689 -0.50607 0.82016
vn -0.31989 -0.54378 0.77587
vn -0.1191 -0.44411 0.88802
vn -0.97263 -0.094 -0.21251
vn -0.98279 -0.1847 -0.0044
vn -0.89892 -0.39581 -0.1878
vn -0.80224 0.44702 -0.39572
vn -0.9828 -0.1846 -0.0043
vn -0.97264 -0.0939 -0.21251
vn -0.97262 -0.0939 -0.2126
vn -0.95741 0.1268 -0.2594
vn -0.80227 0.44698 -0.39569
vn -0.6669 0.6094 -0.4288
vn -0.96878 0.1733 -0.1773
vn -0.86634 0.45362 -0.20901
vn -0.89311 0.4 -0.2058
vn -0.9688 0.1732 -0.1773
vn -0.99331 0.1133 -0.0223
vn -0.99332 0.1132 -0.0223
vn -0.66176 0.0467 -0.74826
vn -0.66181 0.0467 -0.74821
vn -0.78008 0.60709 -0.1514
vn -0.89314 0.39992 -0.20581
vn -0.65157 0.72547 0.22169
vn -0.4925 0.86621 -0.0844
vn -0.78013 0.60702 -0.15141
vn -0.89309 0.4 -0.2059
vn -0.42822 0.81223 -0.39612
vn -0.4283 0.8122 -0.3961
vn -0.86632 0.45361 -0.20911
vn -0.42818 0.81227 -0.39608
vn -0.46812 0.69603 -0.54443
vn 0 0.9072 -0.4207
vn -0.0001 0.403 0.9152
vn -0.46108 0.22499 0.85836
vn -0.41459 0.1054 0.90388
vn -0.0001 0.95083 -0.30971
vn -0.46809 0.69608 -0.54439
vn -0.49258 0.86617 -0.0844
vn 0 0.96531 -0.2611
vn 0 0.9508 -0.3098
vn -0.65159 0.72549 0.2216
vn 0 0.94024 0.34051
vn -0.23519 0.37599 0.89628
vn 0 0.36421 0.93132
vn 0 0.94021 0.3406
vn -0.59827 0.41098 0.68787
vn -0.5983 0.4109 0.6879
vn -0.28739 0.0402 0.95697
vn -0.2352 0.3759 0.89631
vn -0.63432 -0.31761 0.70482
vn -0.29021 -0.0288 0.95653
vn -0.29009 -0.0287 0.95657
vn -0.59834 0.41093 0.68784
vn -0.63427 -0.31759 0.70487
vn -0.84092 -0.1559 0.51821
vn -0.2616 -0.5596 0.7864
vn -0.0146 -0.99948 -0.0288
vn -0.0113 -0.99964 -0.0243
vn -0.0189 -0.99782 -0.0633
vn -0.0143 -0.99555 -0.09311
vn -0.33281 -0.60311 0.72491
vn -0.17689 -0.97965 0.0948
vn -0.29929 -0.94676 0.1186
vn -0.54229 -0.56119 0.62529
vn -0.33272 -0.60313 0.72494
vn -0.312 -0.5945 0.7411
vn 0 -0.47239 0.88139
vn 0 -0.44569 0.89519
vn -0.33279 -0.60317 0.72487
vn -0.31211 -0.59452 0.74103
vn 0 -0.99989 0.015
vn 0 -0.99996 -0.0084
vn -0.29009 -0.0288 0.95657
vn -0.26141 -0.55963 0.78644
vn 0 -0.56463 0.82534
vn 0 -0.5647 0.8253
vn 0 -0.0213 0.99977
vn 0 -0.0214 0.99977
vn 0 0.0623 0.99806
vn 0 0.0622 0.99806
vn -0.2873 0.0402 0.957
vn 0 0.36409 0.93137
vn -0.1445 0.9892 0.0244
vn -0.19721 0.98024 0.0154
vn -0.2011 0.97872 0.0408
vn -0.2011 0.97872 0.0407
vn -0.17051 0.98464 0.0375
vn -0.95947 -0.28119 -0.0186
vn -0.95729 -0.0697 0.2806
vn -0.94403 0.1397 -0.29881
vn -0.97751 -0.2008 -0.0645
vn -0.9595 -0.2811 -0.0186
vn -0.67739 0.73539 -0.0187
vn -0.99145 -0.12411 0.0404
vn -0.83109 0.2494 0.49709
vn -0.99146 -0.12399 0.0405
vn -0.18801 0.0294 0.98173
vn -0.2313 -0.0268 0.97251
vn -0.43291 -0.85753 0.27791
vn -0.27721 -0.48532 0.82923
vn -0.2961 -0.59611 0.74631
vn -0.43187 -0.88964 0.14839
vn -0.59118 -0.76177 -0.26499
vn -0.59122 -0.76173 -0.26501
vn -0.3809 -0.0881 -0.92041
vn -0.95087 -0.17959 -0.25219
vn -0.56259 -0.82659 -0.0156
vn -0.43199 -0.88958 0.1484
vn -0.89109 -0.4514 -0.0469
vn -0.56252 -0.82663 -0.0156
vn -0.31168 -0.95014 0.009
vn -0.31159 -0.95017 0.009
vn -0.1273 -0.85779 0.49799
vn -0.1239 0.99101 -0.0504
vn -0.2137 0.97689 -0.0052
vn -0.8489 -0.1608 0.5035
vn -0.31949 0.74477 -0.58587
vn -0.94402 0.1398 -0.29881
vn -0.944 0.1397 -0.2989
vn -0.95086 -0.17961 -0.25221
vn -0.59116 -0.76175 -0.26508
vn -0.89113 -0.45132 -0.0469
vn -0.91186 -0.14139 0.38538
vn -0.88506 -0.41678 0.20729
vn -0.84784 -0.38612 0.36342
vn -0.84781 -0.3862 0.3634
vn -0.84883 -0.16081 0.50362
vn -0.91187 -0.1413 0.38539
vn -0.95726 -0.0697 0.28069
vn -0.9918 -0.0989 0.081
vn -0.84886 -0.16079 0.50357
vn -0.99181 -0.0988 0.081
vn -0.99484 -0.0998 0.018
vn -0.92261 -0.3829 -0.0466
vn -0.88511 -0.41671 0.2072
vn -0.91189 -0.1414 0.3853
vn -0.6517 -0.73649 0.1813
vn -0.52622 -0.79233 0.30871
vn -0.88509 -0.4167 0.2073
vn -0.65168 -0.73648 0.1814
vn -0.206 -0.91928 0.33539
vn -0.2945 -0.93999 0.1723
vn -0.5262 -0.79231 0.3088
vn -0.42698 -0.89487 -0.13
vn 0 -0.99683 -0.0795
vn -0.0001 -0.92283 0.38521
vn -0.206 -0.91931 0.3353
vn 0 -0.73681 0.6761
vn -0.2059 -0.9193 0.3354
vn 0 -0.92283 0.38521
vn -0.88451 0.061 -0.46251
vn -0.99286 0.1192 0.0049
vn -0.98048 -0.057 0.1882
vn -0.7778 -0.0391 -0.6273
vn -0.94193 -0.23711 -0.23781
vn -0.88455 0.0611 -0.46243
vn -0.88451 0.0611 -0.4625
vn -0.98047 -0.0571 0.18819
vn -0.21379 0.97687 -0.0052
vn -0.7531 0.6579 -0.0042
vn -0.62251 0.78252 0.012
vn -0.62246 0.78256 0.012
vn -0.1973 0.98022 0.0154
vn -0.97975 -0.10911 -0.16791
vn -0.99485 -0.09979 0.0179
vn -0.97974 -0.1092 -0.16791
vn -0.79051 -0.51001 -0.3391
vn -0.92261 -0.3829 -0.0467
vn -0.99485 -0.0998 0.0179
vn -0.75332 -0.61631 -0.2295
vn -0.92257 -0.38299 -0.0467
vn -0.79048 -0.50999 -0.33919
vn -0.88508 -0.41679 0.20719
vn -0.92258 -0.38299 -0.0466
vn -0.75327 -0.61638 -0.22949
vn -0.4269 -0.89489 -0.1301
vn -0.42702 -0.89483 -0.13011
vn 0 -0.99683 -0.0796
vn -0.42698 -0.89485 -0.13009
vn -0.4368 -0.8008 -0.4098
vn -0.43682 -0.80083 -0.40971
vn -0.0001 -0.92429 -0.3817
vn 0 1 -0.0019
vn 0 0.99585 -0.091
vn -0.0775 0.99299 -0.0893
vn -0.0774 0.99299 -0.0893
vn -0.1162 0.99321 -0.0056
vn -0.1238 0.99103 -0.0504
vn 0 0.99578 -0.0918
vn -0.80005 -0.56804 0.19301
vn -0.80519 -0.54739 0.2281
vn -0.99286 0.1192 0.0048
vn -0.80007 -0.56798 0.19309
vn -0.4967 -0.8523 0.1639
vn -0.37708 -0.72925 0.57096
vn -0.80009 -0.56799 0.193
vn 0 -1 0.0017
vn 0 -0.65971 0.75152
vn -0.37701 -0.72932 0.57092
vn -0.49669 -0.85229 0.164
vn 0.0001 -1 0.0017
vn -0.0001 -0.94458 -0.32829
vn -0.56301 -0.76882 -0.30321
vn -0.3771 -0.7293 0.5709
vn 0 -0.94458 -0.32829
vn -0.5617 -0.76919 -0.3047
vn -0.8082 -0.4459 -0.3847
vn -0.80521 -0.54741 0.228
vn -0.77779 -0.0392 -0.6273
vn -0.80827 -0.44578 -0.38468
vn -0.80823 -0.44582 -0.38472
vn -0.56168 -0.76917 -0.30479
vn -0.43688 -0.80076 -0.40978
vn -0.4369 -0.80079 -0.4097
vn -0.79044 -0.51003 -0.33922
vn 0 -0.92429 -0.3817
vn -0.56161 -0.76921 -0.30481
vn -0.79047 -0.51008 -0.33909
vn -0.42702 -0.89485 -0.13001
vn -0.50842 -0.84253 -0.17791
vn 0 -0.90748 -0.42009
vn 0 -1 0.0018
vn -0.50839 -0.84258 -0.17779
vn -0.3496 -0.63301 -0.69071
vn 0 -0.62101 -0.78381
vn 0.0001 -0.90748 -0.42009
vn -0.50838 -0.84256 -0.17789
vn -0.34969 -0.63299 -0.69068
vn -0.0001 -0.95772 -0.28771
vn -0.48032 -0.87433 0.0696
vn 0 -0.95769 -0.2878
vn -0.6026 -0.77819 0.1769
vn -0.37891 -0.92523 -0.0194
vn -0.60258 -0.77818 0.177
vn -0.77442 -0.54471 0.32181
vn -0.77446 -0.54467 0.32178
vn -0.91383 -0.39311 0.1019
vn -0.48027 -0.87435 0.0696
vn -0.37879 -0.92528 -0.0194
vn -0.16359 -0.98506 -0.0538
vn 0 -0.95772 -0.28771
vn 0 -0.9643 -0.2648
vn -0.1635 -0.98508 -0.0538
vn -0.1635 -0.98507 -0.0539
vn -0.0836 -0.93539 -0.3436
vn 0 -0.96428 -0.26489
vn 0.0392 0.91449 -0.4027
vn -0.1335 0.9613 -0.241
vn -0.13201 0.67054 -0.73004
vn -0.132 0.67049 -0.73009
vn -0.0003 -0.99905 -0.0435
vn 0.0393 0.91453 -0.40261
vn -0.95732 0.28851 0.0174
vn -0.98866 -0.13799 -0.0593
vn -0.90539 0.3821 -0.1851
vn -0.90543 0.38201 -0.18511
vn -0.89971 0.42401 0.1036
vn -0.99414 0.0817 0.0708
vn -0.95732 0.28851 0.0175
vn -0.9685 0.0237 0.2479
vn -0.98959 0.0151 -0.1431
vn -0.9685 0.0236 0.2479
vn -0.97049 0.1524 -0.1869
vn -0.98868 -0.1379 -0.0592
vn -0.98866 -0.13799 -0.0592
vn -0.88888 -0.40509 -0.214
vn -0.98959 0.0152 -0.1431
vn -0.79452 -0.47371 -0.37991
vn -0.88892 -0.40501 -0.214
vn -0.7745 -0.5446 0.3218
vn -0.79449 -0.47369 -0.38
vn -0.91384 -0.39312 0.1018
vn -0.9494 -0.2146 0.2293
vn -0.87651 -0.46871 0.1097
vn -0.99415 0.0817 0.0707
vn -0.87652 -0.46871 0.1096
vn -0.60833 -0.78724 0.10091
vn -0.0836 -0.93534 -0.34372
vn 0 -0.85869 -0.51249
vn -0.0001 0.6498 -0.7601
vn 0.65842 0.51292 -0.55082
vn 0.33228 0.73185 -0.59496
vn 0.3323 0.73181 -0.59501
vn -0.0003 -0.99905 -0.0436
vn 0 0.6498 -0.7601
vn 0.33219 0.73188 -0.59498
vn 0.165 0.84928 -0.50149
vn 0.0393 0.91449 -0.4027
vn 0.99001 0.0892 -0.1092
vn 0.89742 -0.43571 -0.0692
vn 0.95183 -0.29871 -0.0692
vn 0.76228 0.60018 -0.24229
vn 0.81138 0.58399 -0.025
vn 0.52739 0.83819 -0.1389
vn 0.81135 0.58403 -0.0249
vn 0.7623 0.6002 -0.2422
vn 0.52732 0.83823 -0.13891
vn -0.0118 0.98662 -0.1626
vn 0.0668 0.99762 -0.0173
vn 0.69878 0.68838 -0.1945
vn -0.0297 0.99946 -0.0139
vn 0.69883 0.68833 -0.19451
vn 0.2006 -0.97671 0.0761
vn 0.0275 -0.99272 0.1173
vn 0.6348 -0.7706 -0.0567
vn 0.42419 -0.90438 -0.0464
vn 0.63479 -0.77059 -0.0568
vn 0.42419 -0.90439 -0.0463
vn 0.64573 -0.76264 -0.0376
vn 0.63491 -0.77051 -0.0567
vn 0.89738 -0.43579 -0.0692
vn 0.6349 -0.7705 -0.0568
vn 0.89738 -0.43579 -0.0693
vn 0.8008 -0.5908 -0.0984
vn 0.8008 -0.5908 -0.0983
vn 0.64579 -0.76259 -0.0376
vn 0.63563 -0.75954 0.13811
vn 0.94226 -0.32389 0.0851
vn 0.95183 -0.29871 -0.0693
vn 0.95186 -0.29862 -0.0692
vn 0.9423 -0.3238 0.085
vn 0.94229 -0.3238 0.0851
vn 0.99272 -0.0871 -0.0832
vn 0.76713 0.62963 -0.12281
vn 0.76712 0.62962 -0.1229
vn 0.6988 0.6884 -0.1944
vn 0.2241 0.97441 0.0173
vn 0.76707 0.62968 -0.1229
vn 0.2241 0.97441 0.0174
vn -0.65652 0.75183 0.0611
vn -0.71791 0.69511 0.0377
vn -0.0118 0.98664 -0.16251
vn -0.0297 0.99946 -0.014
vn -0.65652 0.75182 0.0612
vn -0.0119 0.98664 -0.16251
vn -0.53983 0.84084 0.0397
vn -0.35501 0.93394 -0.0415
vn 0.0667 0.99762 -0.0173
vn -0.0119 0.98662 -0.1626
vn -0.5399 0.84079 0.0397
vn -0.3551 0.93391 -0.0415
vn -0.98394 -0.0316 0.17571
vn -0.96852 0.133 0.21041
vn -0.90219 0.41799 0.1065
vn -0.90222 0.41791 0.1065
vn -0.85232 -0.43391 0.29201
vn -0.65348 -0.72708 0.2105
vn -0.8523 -0.4339 0.2921
vn -0.64693 -0.69173 0.32092
vn -0.3928 -0.89521 0.2105
vn -0.64683 -0.69183 0.32091
vn -0.65338 -0.72718 0.21049
vn -0.39281 -0.89523 0.21041
vn -0.65339 -0.72719 0.2104
vn 0.0275 -0.9927 0.1174
vn 0.0274 -0.99271 0.1174
vn -0.64258 -0.71148 0.28439
vn 0.0631 -0.96182 0.26631
vn 0.63558 -0.75958 0.1381
vn 0.56769 -0.81238 0.1333
vn 0.84798 -0.52989 -0.0119
vn 0.63569 -0.75949 0.1381
vn 0.84798 -0.52989 -0.012
vn 0.99271 -0.0871 -0.0833
vn 0.7676 -0.6178 -0.1706
vn 0.95818 -0.0437 -0.2828
vn 0.80521 -0.49671 -0.32391
vn 0.93714 0.089 -0.33741
vn 0.80525 -0.49663 -0.32392
vn 0.80523 -0.49662 -0.32401
vn 0.68728 -0.53469 -0.49169
vn 0.94741 0.0162 -0.3196
vn 0.93715 0.0889 -0.33742
vn 0.42047 -0.77875 -0.46557
vn 0.6067 -0.6682 -0.4306
vn 0.68723 -0.53472 -0.49172
vn 0.94741 0.0163 -0.3196
vn 0.69187 -0.70906 -0.13619
vn 0.98068 0.1074 -0.1635
vn 0.94738 0.0163 -0.31969
vn 0.69188 -0.70907 -0.1361
vn 0.68659 -0.72639 -0.0309
vn 0.99605 -0.0152 -0.0875
vn 0.68076 -0.72496 -0.10489
vn 0.99039 -0.0131 -0.1377
vn 0.68659 -0.72639 -0.0308
vn 0.6807 -0.725 -0.105
vn 0.69462 -0.69942 -0.1683
vn 0.98449 -0.0568 -0.166
vn 0.98449 -0.0567 -0.166
vn 0.99039 -0.013 -0.1377
vn 0.6808 -0.7249 -0.105
vn 0.69157 -0.67577 -0.25509
vn 0.69152 -0.67582 -0.25511
vn 0.97235 -0.0196 -0.23271
vn 0.74593 0.66432 -0.0476
vn 0.97233 -0.0195 -0.23281
vn 0.8874 -0.0134 -0.4608
vn 0.71667 0.59428 -0.36499
vn 0.74593 0.66433 -0.0475
vn 0.66508 0.54098 -0.51479
vn 0.71662 0.59432 -0.36501
vn 0.8874 -0.0133 -0.4608
vn 0.84319 -0.0237 -0.53709
vn 0.9977 0.046 -0.0498
vn 0.9977 0.0461 -0.0497
vn 0.79331 0.599 -0.1089
vn 0.774 0.6331 0.0104
vn 0.99769 0.0461 -0.0498
vn 0.98475 0.16731 -0.0477
vn 0.774 0.6331 0.0103
vn 0.98475 0.16731 -0.0478
vn 0.97645 0.17761 -0.12251
vn 0.97646 0.17759 -0.1224
vn 0.75426 0.65206 -0.0769
vn 0.7378 0.6723 0.0605
vn 0.7494 0.6291 0.2065
vn 0.95807 0.18239 0.22099
vn 0.95805 0.18239 0.22109
vn 0.97754 0.17911 0.1111
vn 0.7378 0.6723 0.0606
vn 0.97732 0.1913 -0.0908
vn 0.71562 0.68142 -0.1535
vn 0.73775 0.67235 0.0606
vn 0.71557 0.68147 -0.15349
vn 0.0017 0.98651 -0.1637
vn 0.0219 0.99939 0.0272
vn 0.7377 0.6724 0.0606
vn 0.0236 0.96418 0.26419
vn 0.74931 0.6292 0.2065
vn 0.0236 0.96421 0.2641
vn 0.0219 0.99939 0.0273
vn -0.77237 0.62257 0.12589
vn -0.74277 0.59988 0.29739
vn 0.0272 0.99949 0.0168
vn -0.78231 0.6168 0.0869
vn -0.7701 0.6286 0.1087
vn -0.77011 0.6286 0.1086
vn 0.0347 0.99555 0.0876
vn 0.0272 0.99949 0.0169
vn -0.77019 0.62849 0.1087
vn -0.94337 0.31649 0.0994
vn -0.94335 0.31658 0.0993
vn -0.94758 0.31579 0.0486
vn -0.77015 0.62854 0.10861
vn -0.98666 0.12569 0.1035
vn -0.75809 0.65209 0.009
vn 0.029 0.99957 0.003
vn 0.0289 0.99958 0.003
vn 0.0347 0.99554 0.0877
vn -0.758 0.6522 0.009
vn -0.68617 0.60307 -0.40678
vn -0.0047 0.91862 -0.39511
vn -0.75809 0.65209 0.0089
vn -0.98667 0.1256 0.1035
vn -0.89557 0.0317 -0.44379
vn -0.68621 0.60301 -0.40681
vn -0.89552 0.0316 -0.44391
vn -0.9403 0.0383 -0.3382
vn -0.7111 0.6505 -0.2668
vn -0.68612 0.60312 -0.40681
vn 0.0035 0.96443 -0.26431
vn -0.71101 0.65061 -0.2668
vn -0.7094 0.7048 0.0012
vn 0.0274 0.9982 0.0534
vn 0.0189 0.9953 0.095
vn -0.69827 0.71257 0.0683
vn -0.69832 0.71252 0.0682
vn -0.72494 0.67144 0.15371
vn 0.0446 0.99046 0.13039
vn 0.0188 0.9953 0.095
vn -1 -0.0001 0.0017
vn -0.99234 0.0378 0.1176
vn -0.72499 0.67139 0.1537
vn -1 -0.0001 0.0018
vn -0.97764 0.0203 0.20931
vn -0.55157 0.79886 0.23999
vn -0.99233 0.0378 0.1177
vn -0.97766 0.0203 0.20919
vn 0.69471 0.71911 0.0163
vn 0.70864 0.70484 -0.032
vn 0.99606 -0.0152 -0.0874
vn 0.69466 0.71916 0.0163
vn 0.70859 0.70489 -0.032
vn 0.73682 0.67572 -0.0221
vn 0.98066 0.1074 -0.16359
vn 0.68981 0.71151 -0.1338
vn 0.93712 0.0889 -0.33751
vn 0.68982 0.71152 -0.1337
vn 0.66759 0.69759 -0.26019
vn 0.95816 -0.0437 -0.28289
vn 0.99272 -0.087 -0.0833
vn 0.95819 -0.0436 -0.2828
vn 0.1358 0.99062 -0.0149
vn 0.6675 0.6977 -0.2601
vn 0.68977 0.71156 -0.13379
vn 0.1132 0.98938 0.0912
vn 0.6676 0.6976 -0.2601
vn 0.68977 0.71157 -0.1337
vn 0.73678 0.67578 -0.022
vn 0.0324 0.98799 0.1511
vn 0.0324 0.98797 0.1512
vn -0.61789 0.78289 0.0727
vn -0.5862 0.8033 0.1053
vn 0.1357 0.99064 -0.015
vn 0.13571 0.99064 -0.0149
vn 0.1131 0.9894 0.0911
vn -0.59148 0.77527 0.22159
vn -0.9722 0.2047 0.1137
vn -0.93428 0.2256 0.27609
vn -0.59159 0.77519 0.2216
vn -0.58619 0.80329 0.1054
vn -0.9586 0.0868 0.2712
vn -0.59153 0.77523 0.22161
vn -0.59151 0.77522 0.2217
vn -0.93428 0.22549 0.27619
vn 0.22401 0.97443 0.0173
vn -0.98394 -0.0315 0.17571
vn -0.64261 -0.71141 0.2845
vn -0.6535 -0.7271 0.2104
vn -0.95863 0.0868 0.27111
vn -0.64263 -0.71143 0.28441
vn -0.51828 -0.84127 0.15379
vn 0.032 -0.99558 0.0883
vn 0.0631 -0.96185 0.26621
vn -0.64257 -0.71146 0.28448
vn -0.51832 -0.84123 0.1539
vn 0.56762 -0.81243 0.1333
vn 0.0632 -0.96184 0.26621
vn 0.0321 -0.99558 0.0883
vn 0.56757 -0.81246 0.13329
vn 0.0767 -0.92172 -0.38021
vn 0.42039 -0.77878 -0.46559
vn 0.42041 -0.77882 -0.46551
vn -0.0285 -0.96004 -0.27841
vn -0.117 -0.94607 -0.30209
vn 0.69181 -0.70911 -0.1362
vn 0.0766 -0.92172 -0.38021
vn -0.017 -0.99922 0.0357
vn -0.1171 -0.94606 -0.30209
vn -0.0425 -0.99895 0.0173
vn 0.68071 -0.72501 -0.1049
vn -0.0582 -0.9957 -0.0721
vn 0.69452 -0.69952 -0.1683
vn -0.0582 -0.99569 -0.0722
vn -0.0545 -0.96996 -0.23709
vn -0.0729 -0.84336 -0.53238
vn 0.60658 -0.55638 -0.56788
vn 0.60671 -0.55631 -0.56781
vn 0.60668 -0.55628 -0.56788
vn 0.62748 -0.49988 -0.59698
vn 0.62751 -0.49981 -0.59701
vn 0.84319 -0.0238 -0.53709
vn 0.62752 -0.49991 -0.59692
vn 0.62758 -0.49988 -0.59688
vn 0.79838 -0.54908 0.24719
vn 0.5018 -0.239 0.83131
vn 0.93556 -0.105 0.33719
vn 0.83781 -0.0704 0.54141
vn 0.39871 -0.2271 0.88851
vn 0.3901 -0.3535 0.85021
vn 0.39012 -0.35342 0.85024
vn 0.78675 -0.28112 0.54954
vn 0.76183 -0.49332 0.41982
vn 0.49379 -0.66188 0.56399
vn 0.96823 -0.21391 0.1295
vn 0.78683 -0.28111 0.54942
vn 0.76191 -0.4933 0.4197
vn 0.76187 -0.49328 0.41979
vn 0.83719 -0.54109 0.0796
vn 0.96825 -0.21389 0.12939
vn 0.83719 -0.5411 0.0795
vn 0.85002 -0.50611 -0.146
vn 0.85001 -0.5061 -0.1461
vn 0.96682 -0.1919 -0.1686
vn 0.96824 -0.21391 0.12941
vn 0.97832 -0.1975 0.0623
vn 0.87587 -0.18059 0.44748
vn 0.7582 -0.4204 0.4984
vn 0.84547 -0.50798 0.1647
vn 0.97833 -0.19751 0.0622
vn 0.84707 -0.53148 -0.0017
vn 0.97069 -0.2021 -0.1301
vn 0.97069 -0.202 -0.1302
vn 0.97841 0.108 -0.1762
vn 0.99223 0.1146 0.0485
vn 0.91193 0.118 0.39301
vn 0.91189 0.118 0.3931
vn 0.96684 -0.19181 -0.16861
vn 0.98531 0.1269 -0.1143
vn 0.98532 0.1268 -0.1143
vn 0.97254 0.1022 0.20911
vn 0.96827 -0.21379 0.1294
vn 0.97252 0.1022 0.2092
vn 0.78679 -0.2811 0.54949
vn 0.99938 0.0352 0.0024
vn 0.9356 -0.105 0.3371
vn 0.97253 0.1023 0.20911
vn 0.98867 0.0934 -0.1175
vn 0.99937 0.0353 0.0024
vn 0.99373 0.0768 0.0812
vn 0.94662 0.0728 0.31401
vn 0.99222 0.1146 0.0486
vn 0.99374 0.0767 0.0812
vn 0.99375 0.0767 0.0811
vn 0.99222 0.1147 0.0485
vn 0.9784 0.1081 -0.1762
vn 0.99085 0.0833 -0.10621
vn 0.99374 0.0768 0.0811
vn 0.99085 0.0832 -0.1063
vn 0.97733 0.19121 -0.0909
vn 0.97734 0.19121 -0.0908
vn 0.97756 0.17899 0.1111
vn 0.95809 0.1823 0.221
vn 0.98868 0.0933 -0.1175
vn 0.97647 0.17749 -0.1225
vn 0.98476 0.16719 -0.0478
vn 0.98475 0.16729 -0.0478
vn 0.9977 0.046 -0.0497
vn -0.0495 0.0083 -0.99874
vn -0.0551 0.0048 -0.99847
vn -0.0487 0.0066 -0.99879
vn -0.048 0.0031 -0.99884
vn -0.0458 -0.0109 -0.99889
vn -0.0458 -0.0108 -0.99889
vn -0.0472 -0.0104 -0.99883
vn 0.0017 0.98652 -0.1636
vn -0.77012 0.62752 -0.1146
vn -0.77242 0.62251 0.1259
vn -0.77016 0.62747 -0.11459
vn -0.93824 0.32391 -0.12161
vn -0.93352 0.32771 0.1454
vn -0.93351 0.3277 0.1455
vn -0.88461 0.3077 0.3504
vn -0.88458 0.30779 0.35039
vn -0.74282 0.59981 0.29741
vn -0.97483 0.1752 0.1379
vn -0.89834 0.14691 0.41402
vn -0.98043 0.16941 0.1003
vn -0.95904 0.0932 0.26751
vn -0.95905 0.0931 0.26751
vn -0.94338 0.31649 0.0993
vn -0.95902 0.0931 0.26761
vn -0.80079 -0.1076 0.5892
vn -0.4305 -0.2167 0.87619
vn -0.7846 -0.4885 0.3818
vn -0.98668 0.1256 0.1034
vn -0.73545 -0.47253 -0.48563
vn -0.89557 0.0316 -0.44379
vn -0.73541 -0.47251 -0.48571
vn -0.70388 -0.53269 -0.46989
vn -0.7596 -0.6175 -0.2042
vn -0.9876 0.0335 -0.1534
vn -0.94033 0.0383 -0.33811
vn -0.94029 0.0384 -0.3382
vn -0.98759 0.0336 -0.1534
vn -1 -0.0002 0.0017
vn -0.75959 -0.61749 -0.2043
vn -0.753 -0.6577 -0.0205
vn -0.7218 -0.6874 0.0805
vn -1 -0.0002 0.0018
vn -0.75309 -0.65759 -0.0205
vn -0.7218 -0.6874 0.0806
vn -0.67829 -0.72149 0.1392
vn -0.70909 -0.70509 -0.0067
vn -0.98016 0.0167 0.19749
vn -0.67824 -0.72154 0.13921
vn -0.64303 0.72093 0.25841
vn -0.55162 0.79882 0.24001
vn -0.5515 0.7989 0.24
vn -0.64298 0.72098 0.25839
vn -0.042 0.98729 0.1533
vn 0.1143 0.98389 0.1375
vn -0.65754 0.72445 0.20691
vn 0.1131 0.98939 0.0912
vn 0.0323 0.98798 0.1512
vn -0.6575 0.72449 0.2069
vn -0.99278 0.1123 0.0422
vn -0.97426 0.22519 0.0106
vn -0.618 0.78281 0.0727
vn -0.6576 0.7244 0.2069
vn -0.5863 0.80321 0.1054
vn -0.92876 -0.37039 0.0146
vn -0.87591 -0.4816 0.029
vn -0.97222 0.2046 0.1137
vn -0.97428 0.2251 0.0106
vn -0.90068 -0.39219 0.187
vn -0.9343 0.2255 0.2761
vn -0.90062 -0.39231 0.187
vn -0.95861 0.0867 0.2712
vn -0.5184 -0.8412 0.1538
vn 0.50368 -0.86076 -0.0735
vn 0.76751 -0.61791 -0.1706
vn 0.56769 -0.81239 0.1332
vn 0.481 -0.84109 -0.2474
vn 0.48092 -0.84113 -0.24741
vn 0.42049 -0.77878 -0.46549
vn 0.68719 -0.53479 -0.49169
vn 0.68728 -0.53478 -0.49158
vn 0.48088 -0.84116 -0.24739
vn -0.0293 -0.98542 -0.1676
vn -0.56971 -0.81501 -0.1058
vn -0.52959 -0.81238 -0.24409
vn -0.0286 -0.96004 -0.27841
vn -0.0294 -0.98542 -0.1676
vn -0.56967 -0.81505 -0.10569
vn -0.74249 -0.63829 -0.2032
vn -0.70909 -0.70509 -0.0068
vn -0.70904 -0.70514 -0.0067
vn -0.67819 -0.72159 0.1392
vn -0.0171 -0.99922 0.0357
vn -0.7217 -0.6875 0.0806
vn -0.0425 -0.99894 0.0174
vn -0.7217 -0.6875 0.0805
vn -0.75951 -0.61761 -0.2042
vn -0.0546 -0.96995 -0.23709
vn -0.073 -0.84336 -0.53237
vn -0.70383 -0.53272 -0.46992
vn -0.073 -0.8434 -0.5323
vn -0.73537 -0.47258 -0.48568
vn -0.0665 -0.90717 -0.41548
vn 0.021 -0.77792 0.62801
vn 0.021 -0.77796 0.62797
vn -0.0666 -0.90716 -0.41548
vn 0.0209 -0.77796 0.62797
vn 0.021 -0.77801 0.62791
vn 0.79842 -0.54901 0.24721
vn 0.79844 -0.54903 0.24711
vn 0.0648 -0.294 0.95361
vn 0.50173 -0.23901 0.83135
vn 0.068 -0.25431 0.96473
vn 0.068 -0.25421 0.96475
vn 0.39862 -0.22711 0.88855
vn 0.38999 -0.35349 0.85027
vn 0.0681 -0.25431 0.96472
vn 0.0626 -0.38429 0.92109
vn 0.39002 -0.35352 0.85024
vn 0.0626 -0.38441 0.92104
vn 0.0533 -0.6972 0.7149
vn 0.0532 -0.6972 0.7149
vn 0.49371 -0.66192 0.56401
vn 0.49368 -0.66197 0.56398
vn 0.58927 -0.80236 0.09479
vn 0.76179 -0.4934 0.4198
vn 0.84998 -0.50619 -0.146
vn 0.58921 -0.80241 0.0947
vn 0.58927 -0.80236 0.0947
vn 0.61378 -0.78568 -0.0773
vn 0.75812 -0.42051 0.49842
vn 0.54269 -0.64369 0.53959
vn 0.6338 -0.718 0.2877
vn 0.84704 -0.53153 -0.0016
vn 0.8454 -0.5081 0.1647
vn 0.63382 -0.71802 0.28761
vn 0.55964 -0.82585 0.0691
vn -0.0617 -0.0007 -0.99809
vn -0.0874 0.0325 -0.99564
vn -0.0589 0.0042 -0.99826
vn -0.0578 -0.0087 -0.99829
vn -0.0482 -0.0032 -0.99883
vn -0.0448 0.0099 -0.99895
vn -0.0616 -0.0007 -0.9981
vn -0.0469 -0.0009 -0.9989
vn -0.0453 0.002 -0.99897
vn -0.0453 0.0019 -0.99897
vn -0.0467 0.0021 -0.99891
vn -0.0467 0.002 -0.99891
vn -0.0465 0.0089 -0.99888
vn -0.0467 0.0058 -0.99889
vn -0.0467 0.0059 -0.99889
vn -0.0347 -0.0213 -0.99917
vn -0.97308 0.1756 -0.1493
vn -0.97308 0.1755 -0.1494
vn -0.99192 0.0502 -0.1165
vn -0.98589 0.0454 0.1611
vn -0.97481 0.1752 0.138
vn -0.98588 0.0454 0.1612
vn -0.8905 0.0368 0.4535
vn -0.97483 0.17511 0.138
vn -0.99527 0.0447 0.0863
vn -0.9262 0.022 0.3764
vn -0.92616 0.0219 0.37649
vn -0.73733 -0.0744 0.67143
vn -0.8008 -0.1075 0.5892
vn -0.73728 -0.0744 0.67148
vn -0.73727 -0.0745 0.67148
vn -0.29029 -0.22099 0.93107
vn -0.2902 -0.221 0.9311
vn 0.0647 -0.294 0.95361
vn -0.29011 -0.22101 0.93113
vn -0.27821 -0.35342 0.89314
vn 0.0532 -0.6971 0.715
vn 0.0625 -0.38438 0.92106
vn -0.2783 -0.35341 0.89311
vn -0.47981 -0.59302 0.64662
vn -0.47989 -0.59299 0.64659
vn -0.62043 -0.73064 0.28501
vn -0.62041 -0.73062 0.28511
vn 0.0239 -0.95973 0.27991
vn 0.024 -0.9597 0.28
vn 0.5892 -0.8024 0.0948
vn -0.0029 -0.99852 0.0543
vn 0.61372 -0.78573 -0.0773
vn 0.54262 -0.64372 0.53962
vn 0.024 -0.72672 0.68652
vn 0.0241 -0.72672 0.68652
vn 0.0036 -0.97323 0.22981
vn 0.0036 -0.97321 0.2299
vn -0.0197 -0.99944 0.0271
vn 0.55959 -0.82588 0.0691
vn -0.062 -0.0119 -0.99801
vn -0.0486 -0.015 -0.99871
vn -0.047 -0.0096 -0.99885
vn -0.99097 -0.1339 0.0068
vn -0.96521 -0.1357 0.2235
vn -0.96522 -0.1356 0.22351
vn -0.84371 -0.1371 0.519
vn -0.89046 0.0368 0.45358
vn -0.99527 0.0446 0.0863
vn -0.98714 -0.14581 0.0655
vn -0.91699 -0.1812 0.35539
vn -0.9262 0.0219 0.3764
vn -0.91694 -0.18121 0.35551
vn -0.70455 -0.28422 0.65025
vn -0.73732 -0.0745 0.67142
vn -0.70449 -0.28429 0.65029
vn -0.74401 -0.44311 0.50011
vn -0.74401 -0.443 0.5002
vn -0.62049 -0.73059 0.285
vn -0.74409 -0.44299 0.50009
vn -0.80452 -0.48591 0.34151
vn -0.62048 -0.73057 0.28509
vn -0.8045 -0.4859 0.3416
vn -0.74404 -0.44303 0.50013
vn -0.70453 -0.28431 0.65023
vn -0.91697 -0.18129 0.35539
vn -0.87604 -0.47292 0.0943
vn -0.80459 -0.48589 0.34139
vn -0.98713 -0.1459 0.0655
vn -0.87607 -0.47288 0.0943
vn -0.876 -0.473 0.0943
vn -0.66943 -0.73093 0.13271
vn -0.66931 -0.73101 0.1328
vn -0.003 -0.99852 0.0543
vn 0.0239 -0.9597 0.28
vn -0.55793 -0.65303 0.51212
vn -0.67926 -0.66196 0.31688
vn -0.67923 -0.66203 0.31681
vn -0.67928 -0.66198 0.31679
vn -0.58398 -0.80977 0.0569
vn -0.0197 -0.99944 0.0272
vn -0.87102 -0.47651 0.1194
vn -0.58409 -0.80969 0.0569
vn -0.82878 -0.45539 0.32519
vn -0.87109 -0.47639 0.1194
vn -0.99096 -0.13399 0.0069
vn -0.96519 -0.1357 0.2236
vn -0.82872 -0.45541 0.32531
vn -0.74928 -0.40369 0.52499
vn -0.74931 -0.40361 0.52501
vn -0.84375 -0.13711 0.51893
vn -0.82875 -0.45537 0.32528
vn -0.55799 -0.65299 0.5121
vn -0.78463 -0.48852 0.38171
vn -0.073 -0.84333 -0.53242
vn 0.60662 -0.55642 -0.56782
vn -0.99277 0.1123 0.0423
vn -0.64309 0.72088 0.25839
vn -0.5296 -0.8124 -0.244
vn -0.86153 -0.47942 -0.16711
vn -0.74254 -0.63823 -0.20321
vn -0.99277 0.1124 0.0422
vn -0.86156 -0.47938 -0.16709
vn -0.99279 0.1122 0.0422
vn -0.87587 -0.48168 0.029
vn -0.57772 -0.81622 -0.0052
vn 0.006 -0.9996 -0.0277
vn -0.51832 -0.84124 0.15381
vn -0.57767 -0.81626 -0.0051
vn 0.006 -0.9996 -0.0278
vn 0.0061 -0.99959 -0.0278
vn 0.5036 -0.8608 -0.0735
vn 0.56763 -0.81244 0.13321
vn 0.0322 -0.99557 0.0883
vn -0.0293 -0.98544 -0.16751
vn 0.48089 -0.84118 -0.2473
vn -0.57767 -0.81626 -0.0052
vn -0.0294 -0.98543 -0.16751
vn -0.92872 -0.37051 0.0146
vn -0.56971 -0.81502 -0.1057
vn -0.86154 -0.47943 -0.16701
vn -0.92875 -0.37042 0.0146
vn -0.0419 0.98729 0.1533
vn 0.7877 0.6141 -0.0491
vn 0.69461 0.71921 0.0163
vn 0.99605 -0.0151 -0.0875
vn 0.99605 -0.0151 -0.0875
vn 0.98448 -0.0567 -0.1661
vn 0.74451 0.66701 -0.0283
vn 0.97235 -0.0195 -0.23271
vn 0.0035 0.96441 -0.2644
vn 0.0274 0.9982 0.0533
vn 0.74588 0.66438 -0.0475
vn 0.74588 0.66438 -0.0476
vn 0.66502 0.54102 -0.51482
vn 0.0034 0.96443 -0.26431
vn 0.0289 0.99958 0.0031
vn 0.79326 0.59907 -0.10889
vn 0.75422 0.65212 -0.0768
vn 0.74442 0.66712 -0.0283
vn 0.78765 0.61416 -0.0491
vn 0.0446 0.99044 0.13051
vn 0.1143 0.98387 0.1376
vn -0.84787 -0.38609 0.36339
vn -0.89109 -0.4514 -0.0468
vn -0.2945 -0.94001 0.1722
vn -0.31171 -0.95013 0.009
vn -0.52618 -0.79237 0.30869
vn -0.98577 -0.1179 -0.1198
vn -0.98579 -0.1179 -0.1197
vn -0.98779 -0.1503 -0.041
vn -0.99333 0.1131 -0.0223
vn -0.66182 0.0466 -0.74822
vn -0.98778 -0.1504 -0.041
vn -0.7203 -0.637 -0.2746
vn -0.66177 0.0466 -0.74826
vn -0.93883 0.20021 0.28021
vn -0.43152 0.63753 -0.63823
vn -0.77516 -0.19969 -0.59937
vn -0.77514 -0.19961 -0.59943
vn -0.70301 -0.68081 0.2056
vn -0.95756 -0.27909 -0.072
vn -0.0143 -0.99555 -0.0931
vn -0.0103 -0.9963 -0.0853
vn -0.29932 -0.94675 0.11861
vn -0.95757 -0.27909 -0.0719
vn -0.95759 -0.279 -0.072
vn -0.6058 -0.6336 -0.4812
vn -0.29931 -0.94674 0.11871
vn -0.72039 -0.63689 -0.2746
vn -0.9576 -0.279 -0.0719
vn -0.92948 -0.35459 -0.1016
vn -0.32879 -0.92428 -0.1939
vn -0.0618 -0.88968 -0.45239
vn -0.21519 -0.91027 -0.35369
vn -0.21529 -0.91025 -0.35368
vn -0.44872 -0.88794 -0.1011
vn -0.32891 -0.92424 -0.19391
vn -0.32888 -0.92425 -0.19389
vn -0.44868 -0.88796 -0.1011
vn -0.326 -0.93561 -0.1355
vn -0.262 -0.95671 -0.1267
vn -0.72041 -0.63691 -0.2745
vn -0.92958 -0.35439 -0.1014
vn -0.1018 -0.8296 -0.549
vn -0.0619 -0.88961 -0.45251
vn -0.15449 -0.98575 -0.0666
vn -0.17851 -0.97984 -0.0897
vn 0 -0.99755 -0.07
vn 0 -0.99691 -0.0786
vn -0.15451 -0.98574 -0.0666
vn -0.28379 0.95886 -0.0074
vn -0.67739 0.73539 -0.0188
vn -0.31951 0.74472 -0.58592
vn -0.3066 0.6912 0.6544
vn -0.83111 0.2493 0.4971
vn -0.3066 0.6911 0.6545
vn -0.30651 0.69112 0.65452
vn -0.2843 -0.111 0.95229
vn -0.29619 -0.59598 0.74638
vn -0.18801 0.0293 0.98173
vn -0.2842 -0.1111 0.95231
vn -0.28429 -0.1111 0.95228
vn -0.2424 -0.6413 0.728
vn -0.29621 -0.59603 0.74633
vn -0.2839 -0.9329 0.2216
vn -0.43298 -0.85747 0.27799
vn -0.2962 -0.59609 0.74629
vn -0.2424 -0.6414 0.7279
vn -0.211 0.32031 -0.92352
vn -0.3711 0.6114 -0.6989
vn -0.31371 -0.186 -0.93112
vn -0.2323 0.9579 -0.1687
vn -0.21411 0.88284 -0.41802
vn -0.37111 0.61151 -0.69881
vn -0.2006 -0.84619 0.49369
vn -0.2708 -0.95591 0.1136
vn -0.2279 -0.65539 0.72009
vn -0.21011 -0.37851 0.90143
vn -0.22789 -0.65529 0.72018
vn -0.20999 -0.37849 0.90147
vn -0.37022 0.0027 0.92894
vn -0.32201 0.40121 0.85752
vn -0.37022 0.0028 0.92894
vn -0.32191 0.40131 0.85751
vn -0.32199 0.40129 0.85749
vn -0.37889 0.68769 0.61929
vn -0.24769 0.91468 0.31939
vn -0.37881 0.68781 0.61921
vn -0.24779 0.91466 0.31938
vn -0.28381 0.95885 -0.0074
vn -0.28391 -0.93292 0.2215
vn -0.15949 -0.95627 -0.24519
vn -0.21321 -0.79413 -0.56912
vn -0.1595 -0.95629 -0.2451
vn -0.27071 -0.95595 0.11351
vn -0.1214 -0.55449 -0.82329
vn -0.3137 -0.1861 -0.93111
vn -0.38091 -0.088 -0.92042
vn -0.59129 -0.76168 -0.26499
vn -0.1214 -0.55461 -0.82321
vn -0.2131 -0.7941 -0.5692
vn 0.0123 -0.67213 0.74033
vn -0.0033 -0.5327 0.8463
vn 0.0512 -0.96847 0.24379
vn -0.0229 -0.86024 0.50937
vn 0.0122 -0.67213 0.74033
vn 0.0511 -0.9685 0.2437
vn -0.0229 -0.86029 0.50929
vn 0.0511 -0.96848 0.24379
vn 0.0451 -0.9962 0.0745
vn 0.0451 -0.99621 0.0744
vn 0.0962 -0.88758 -0.45049
vn 0.1089 -0.97904 -0.17211
vn 0.109 -0.97901 -0.1722
vn 0.0963 -0.88757 -0.45049
vn 0.2138 -0.7507 -0.6251
vn 0.047 -0.96403 0.26161
vn 0.12289 -0.86596 -0.48478
vn 0.0962 -0.88752 -0.45061
vn 0.12291 -0.86594 -0.48482
vn 0.0963 -0.26949 -0.95818
vn 0.1079 -0.1813 -0.97749
vn 0.0963 -0.2694 -0.9582
vn 0.123 -0.86592 -0.48481
vn 0.1067 -0.85879 -0.50109
vn 0.1066 -0.8588 -0.5011
vn 0.0524 -0.2119 -0.97589
vn 0.0499 0.37881 -0.92413
vn 0.0808 0.41989 -0.90397
vn 0.0807 0.41989 -0.90398
vn 0.0925 0.49031 -0.86662
vn 0.2137 -0.75071 -0.62511
vn 0.1948 -0.56521 -0.80162
vn 0.21369 -0.75067 -0.62517
vn 0.3398 -0.0978 -0.9354
vn 0.177 0.50749 -0.84328
vn 0.1631 0.38949 -0.90648
vn 0.3398 -0.0977 -0.93541
vn 0.20319 0.77487 -0.59858
vn 0.0925 0.49039 -0.86658
vn 0.0447 0.98868 -0.1432
vn 0.2032 0.77491 -0.59851
vn 0.0448 0.98868 -0.1432
vn 0.14291 0.98624 -0.0831
vn -0.0302 0.96148 0.2732
vn 0.0448 0.98869 -0.1431
vn -0.0531 0.87489 0.4814
vn -0.0302 0.96146 0.27329
vn -0.0229 0.85251 0.52221
vn -0.0887 0.67649 0.73109
vn -0.023 0.85251 0.52221
vn -0.0499 0.353 0.93429
vn 0.0017 0.33131 0.94352
vn -0.0563 -0.1402 0.98852
vn 0.0018 0.33119 0.94356
vn -0.05 0.353 0.93429
vn -0.0563 -0.1403 0.98851
vn -0.0032 -0.5327 0.8463
vn 0.0123 -0.67208 0.74038
vn -0.0624 0.41271 0.90872
vn -0.0657 -0.5133 0.85569
vn -0.05 0.35291 0.93432
vn -0.0032 -0.53277 0.84625
vn -0.1412 -0.45449 0.87949
vn -0.0258 -0.94957 0.31249
vn -0.0259 -0.94957 0.31249
vn -0.35809 -0.49929 0.78898
vn -0.35812 -0.49933 0.78894
vn -0.21579 -0.91087 0.35179
vn -0.0468 -0.87722 -0.47781
vn -0.0259 -0.9496 0.3124
vn -0.0467 -0.87718 -0.47789
vn -0.2157 -0.91089 0.3518
vn 0.0211 -0.90839 0.41759
vn 0.1244 -0.9067 -0.403
vn -0.0467 -0.87722 -0.47781
vn 0.1244 -0.90667 -0.40309
vn 0.0875 -0.23211 -0.96875
vn 0.0874 -0.23221 -0.96873
vn 0.0135 -0.26899 -0.96305
vn -0.0468 -0.87717 -0.47789
vn 0.0873 -0.23209 -0.96877
vn 0.1243 -0.90672 -0.40301
vn 0.2913 -0.88389 -0.3659
vn 0.011 0.31702 -0.94836
vn 0.1224 0.2816 -0.95169
vn 0.011 0.31699 -0.94837
vn -0.11569 0.21129 -0.97055
vn 0.0135 -0.26889 -0.96308
vn 0.0874 -0.23209 -0.96876
vn 0.0126 -0.21411 -0.97673
vn -0.1157 0.21119 -0.97057
vn 0.0397 0.30579 -0.95127
vn 0.0126 -0.2142 -0.97671
vn 0.0523 -0.2119 -0.97589
vn 0.047 -0.96405 0.26151
vn 0.0499 0.3789 -0.92409
vn 0.0397 0.30591 -0.95123
vn -0.13 0.91142 -0.39041
vn -0.0727 0.95155 -0.29878
vn 0.0073 0.96778 -0.25169
vn 0.0807 0.42001 -0.90392
vn 0.0447 0.9887 -0.1431
vn -0.053 0.87494 0.48132
vn -0.0492 0.8832 0.4664
vn -0.0493 0.88316 0.46648
vn -0.0531 0.87485 0.48147
vn -0.0492 0.88316 0.46648
vn -0.1264 0.89849 0.4204
vn -0.1639 0.4715 0.8665
vn -0.1412 -0.45441 0.87953
vn -0.16391 0.47142 0.86654
vn -0.28639 0.45818 0.84146
vn -0.16401 0.47142 0.86653
vn -0.2865 0.4582 0.84141
vn -0.28641 0.45822 0.84143
vn -0.0978 0.44231 0.89151
vn -0.224 -0.41379 0.88238
vn -0.35821 -0.49931 0.78891
vn -0.22401 -0.41371 0.88242
vn 0.1398 -0.42631 0.89371
vn 0.2166 -0.90409 0.36839
vn -0.2208 -0.35011 0.91031
vn -0.2209 -0.3501 0.91029
vn -0.118 -0.9001 0.4194
vn -0.1181 -0.90009 0.41939
vn 0.0011 -0.83011 -0.5576
vn 0.0011 -0.83006 -0.55767
vn -0.365 -0.1915 -0.9111
vn -0.1211 -0.1212 -0.98521
vn -0.38339 -0.69368 -0.60978
vn -0.1946 0.2195 -0.95601
vn -0.19451 0.21951 -0.95603
vn 0.0012 -0.83011 -0.5576
vn 0.14611 0.93594 -0.32041
vn 0.2123 0.9566 -0.1996
vn 0.3142 0.84841 0.426
vn 0.31419 0.84837 0.42609
vn 0.1626 0.88821 0.4297
vn 0.2123 0.95658 -0.1997
vn 0.14609 0.93595 -0.32038
vn 0.0109 0.31711 -0.94833
vn 0.1462 0.93593 -0.32041
vn 0.1461 0.93598 -0.32029
vn 0.0396 0.30591 -0.95124
vn -0.1301 0.91141 -0.3904
vn -0.2113 0.8959 0.3908
vn -0.0728 0.95154 -0.29878
vn -0.1264 0.89853 0.42031
vn 0.0072 0.96778 -0.25169
vn -0.21129 0.89586 0.39088
vn -0.164 0.47149 0.86649
vn -0.21131 0.89584 0.39092
vn -0.0978 0.44239 0.89148
vn 0.1627 0.88819 0.4297
vn 0.0471 0.316 0.94759
vn -0.0979 0.4423 0.89151
vn 0.047 0.31591 0.94762
vn -0.22091 -0.35001 0.91033
vn 0.13991 -0.42622 0.89374
vn 0.0471 0.31591 0.94762
vn -0.29802 0.25361 0.92025
vn -0.22079 -0.34999 0.91036
vn -0.5679 0.0338 0.8224
vn -0.51163 -0.44902 0.73254
vn -0.5116 -0.4491 0.73251
vn -0.44879 -0.89258 0.0435
vn -0.35219 0.26449 -0.89778
vn -0.48139 0.75479 -0.44559
vn -0.35222 0.26452 -0.89776
vn -0.5001 0.2446 -0.8307
vn -0.50009 0.2447 -0.83068
vn 0.0426 0.88281 -0.4678
vn -0.48143 0.75475 -0.44563
vn -0.18799 0.81056 -0.55467
vn -0.35218 0.26459 -0.89775
vn -0.188 0.8106 -0.5546
vn -0.18801 0.81052 -0.55471
vn -0.0871 0.91484 0.39432
vn -0.29801 0.25371 0.92023
vn -0.46231 0.66601 0.58541
vn -0.46228 0.66607 0.58537
vn -0.2981 0.2537 0.9202
vn -0.5679 0.0339 0.8224
vn -0.41349 0.63659 0.65099
vn -0.41349 0.63649 0.65109
vn -0.45519 -0.0064 0.89037
vn -0.61478 -0.40749 0.67528
vn -0.51159 -0.44899 0.73259
vn -0.4917 -0.85049 0.1868
vn -0.44883 -0.89256 0.0435
vn -0.49171 -0.85051 0.1867
vn -0.48351 -0.71582 -0.50381
vn -0.36501 -0.1914 -0.91112
vn -0.38341 -0.69362 -0.60982
vn -0.48348 -0.71586 -0.50377
vn -0.40168 -0.11079 -0.90905
vn -0.36492 -0.19141 -0.91115
vn -0.4016 -0.1108 -0.90909
vn -0.41352 0.63653 0.65103
vn -0.4623 0.6661 0.5853
vn -0.1415 -0.33891 0.93012
vn -0.30949 0.0863 0.94698
vn -0.3296 0.0149 0.944
vn -0.29611 -0.14061 0.94475
vn -0.29621 -0.1406 0.94472
vn -0.17491 -0.52422 0.83343
vn -0.60687 -0.51337 0.60677
vn -0.1749 -0.52429 0.83338
vn -0.2962 -0.1407 0.94471
vn -0.49879 -0.1839 0.84699
vn 0.0069 -0.73559 0.67739
vn -0.6069 -0.5134 0.6067
vn -0.1748 -0.5243 0.8334
vn 0.007 -0.73559 0.67739
vn -0.2561 -0.71411 0.65151
vn -0.0037 -0.857 0.5153
vn 0.0069 -0.73564 0.67734
vn -0.0038 -0.857 0.5153
vn -0.64598 -0.58668 0.48838
vn -0.64601 -0.58671 0.48831
vn -0.0964 -0.9047 0.415
vn 0.42961 -0.90301 -0.003
vn 0.271 -0.9328 0.2376
vn 0.27099 -0.93277 0.23769
vn 0.40818 -0.90647 0.1082
vn 0.42969 -0.90297 -0.003
vn -0.30761 -0.85242 0.42281
vn 0.2854 -0.95489 -0.082
vn -0.4087 -0.8997 0.1533
vn -0.4532 -0.8913 0.0143
vn 0.11661 -0.91855 -0.37772
vn 0.28549 -0.95487 -0.082
vn 0.1165 -0.91857 -0.37769
vn 0.66537 -0.48528 -0.56727
vn 0.7547 -0.474 -0.4536
vn 0.66544 -0.48523 -0.56723
vn -0.40909 -0.19429 -0.89157
vn 0.51388 0.17809 -0.83917
vn 0.6654 -0.4853 -0.5672
vn 0.1406 0.72829 -0.67069
vn -0.5186 0.6659 -0.5363
vn 0.1405 0.7283 -0.6707
vn 0.74173 0.27941 -0.60973
vn 0.51381 0.1781 -0.83921
vn 0.2111 0.79762 -0.56501
vn 0.74169 0.27939 -0.60979
vn 0.70478 0.32349 -0.63138
vn 0.20039 0.76857 -0.60757
vn 0.013 0.71747 -0.69647
vn 0.0131 0.71742 -0.69652
vn 0.55359 0.1337 -0.82199
vn 0.7048 0.3234 -0.6314
vn 0.0131 0.71747 -0.69647
vn 0.2003 0.76858 -0.60759
vn -0.57117 0.80396 -0.16559
vn -0.64939 -0.69649 -0.30529
vn -0.0053 -0.0876 -0.99614
vn 0.36138 -0.16359 -0.91795
vn 0.36142 -0.16361 -0.91794
vn 0.2706 -0.1334 -0.9534
vn 0.3613 -0.1636 -0.91799
vn 0.36141 -0.1637 -0.91792
vn 0.55983 -0.73654 -0.37962
vn 0.55981 -0.73651 -0.3797
vn 0.79359 -0.43129 -0.42919
vn 0.79932 -0.47841 -0.36361
vn 0.7418 0.2793 -0.6097
vn 0.7547 -0.4739 -0.4537
vn 0.6654 -0.4852 -0.5673
vn 0.40822 -0.90645 0.10821
vn 0.79938 -0.47839 -0.36349
vn 0.2961 -0.90501 0.3054
vn 0.007 -0.73569 0.67729
vn 0.1132 -0.86469 0.48939
vn -0.30949 0.0864 0.94697
vn -0.61472 -0.40751 0.67532
vn -0.45519 -0.0063 0.89037
vn -0.3035 0.3959 0.86669
vn -0.406 0.1598 0.89979
vn -0.32969 0.015 0.94397
vn -0.32969 0.0149 0.94397
vn -0.49758 0.19039 0.84627
vn -0.4975 0.1904 0.84631
vn -0.48629 0.0531 0.87218
vn -0.4988 -0.1838 0.847
vn -0.6069 -0.5133 0.6068
vn -0.66582 -0.15691 0.72942
vn -0.42322 -0.88424 0.19751
vn -0.64929 -0.69649 -0.30549
vn -0.64939 -0.69639 -0.3055
vn -0.3403 -0.83039 0.44119
vn 0.0485 -0.99504 0.0869
vn 0.0485 -0.99504 0.0868
vn 0.32831 -0.82002 -0.46881
vn 0.15201 -0.69994 -0.69784
vn -0.64931 -0.69651 -0.3054
vn 0.0486 -0.99503 0.0869
vn 0.17159 -0.96726 0.18699
vn 0.1715 -0.96728 0.187
vn 0.4722 -0.8035 -0.3625
vn 0.3284 -0.81999 -0.4688
vn 0.47218 -0.80347 -0.36259
vn 0.54581 -0.1453 -0.82521
vn 0.47131 -0.1477 -0.86951
vn 0.362 -0.0524 -0.9307
vn 0.47131 -0.1476 -0.86953
vn 0.54577 -0.14519 -0.82526
vn 0.5457 -0.1452 -0.8253
vn 0.0746 0.67969 -0.72969
vn 0.22779 -0.0614 -0.97177
vn 0.32711 -0.0221 -0.94473
vn 0.22779 -0.0613 -0.97178
vn 0.32699 -0.0221 -0.94477
vn 0.1305 0.0748 -0.98862
vn 0.1204 0.0299 -0.99228
vn 0.2952 -0.0071 -0.95541
vn 0.32711 -0.0222 -0.94473
vn 0.41398 -0.1037 -0.90436
vn 0.29529 -0.0072 -0.95538
vn 0.1809 0.1418 -0.97322
vn 0.29529 -0.0071 -0.95538
vn 0.21089 0.081 -0.97415
vn 0.181 0.1418 -0.97321
vn 0.1809 0.1419 -0.97321
vn 0.21079 0.081 -0.97417
vn 0.1344 0.22229 -0.96567
vn 0.0269 0.12531 -0.99175
vn 0.2108 0.0809 -0.97418
vn 0.33599 0.19779 -0.92086
vn 0.33601 0.19791 -0.92083
vn 0.36963 0.27042 -0.88896
vn 0.36959 0.27039 -0.88898
vn 0.0425 0.88281 -0.4678
vn 0.0426 0.88285 -0.46772
vn 0.1343 0.2223 -0.96569
vn 0.0269 0.12529 -0.99175
vn 0.16559 0.0081 -0.98616
vn 0.26879 -0.35629 -0.89488
vn -0.40168 -0.1107 -0.90906
vn -0.4869 -0.7109 -0.5075
vn 0.4323 -0.89111 -0.138
vn 0.1132 -0.86473 0.48932
vn 0.43222 -0.89114 -0.13801
vn -0.48358 -0.71587 -0.50368
vn 0.2962 -0.90501 0.3053
vn 0.49378 -0.66797 -0.55678
vn 0.49381 -0.66801 -0.55671
vn 0.29611 -0.90504 0.30531
vn 0.27109 -0.93277 0.23759
vn 0.1621 0.0793 -0.98358
vn 0.16571 0.0081 -0.98614
vn 0.2688 -0.3562 -0.89491
vn 0.43222 -0.89113 -0.1381
vn 0.162 0.0793 -0.9836
vn 0.1205 0.0299 -0.99226
vn -0.0053 -0.0877 -0.99613
vn 0.1519 -0.6999 -0.6979
vn 0.152 -0.69989 -0.69789
vn 0.32828 -0.82005 -0.46877
vn -0.92923 0.32801 0.17011
vn -0.92928 0.32789 0.1701
vn -0.25621 -0.71404 0.65154
vn -0.2561 -0.71401 0.65161
vn -0.0965 -0.90469 0.415
vn -0.79308 -0.41259 0.44809
vn -0.79301 -0.41271 0.44811
vn -0.3077 -0.85239 0.42279
vn -0.89437 -0.37859 0.23829
vn -0.89432 -0.37861 0.23841
vn -0.92071 -0.3778 -0.0978
vn -0.45312 -0.89134 0.0143
vn -0.92072 -0.37781 -0.0977
vn -0.409 -0.1943 -0.89161
vn 0.1166 -0.91856 -0.37769
vn -0.40908 -0.19439 -0.89155
vn -0.92068 -0.37789 -0.0977
vn -0.94004 0.31981 -0.11851
vn -0.94005 0.31978 -0.11849
vn -0.46789 0.84659 -0.2537
vn -0.92481 0.37771 0.0454
vn -0.57118 0.80397 -0.16549
vn -0.89368 0.42179 0.1531
vn -0.57121 0.80392 -0.1656
vn -0.8944 -0.3785 0.2383
vn -0.92481 0.3777 0.0455
vn -0.94008 0.31969 -0.1185
vn -0.0054 -0.0876 -0.99614
vn 0.36989 0.71398 -0.59448
vn 0.1013 0.9336 0.3437
vn 0.1012 0.93361 0.3437
vn 0.3698 0.71401 -0.59451
vn 0.27991 0.84712 -0.45171
vn -0.30349 0.39598 0.86666
vn -0.1635 0.89007 0.42549
vn -0.16359 0.89006 0.42548
vn -0.42862 0.41322 0.80345
vn -0.42869 0.41309 0.80348
vn -0.72129 0.2001 0.66309
vn -0.6923 0.0788 0.7173
vn -0.48641 0.0531 0.87212
vn -0.66577 -0.15689 0.72947
vn -0.66578 -0.1568 0.72948
vn -0.83069 -0.051 0.55439
vn -0.66583 -0.15681 0.72944
vn -0.6924 0.0788 0.7172
vn -0.72809 -0.1082 0.67689
vn -0.83069 -0.0509 0.5544
vn -0.34038 -0.83036 0.44118
vn -0.34041 -0.83033 0.44122
vn -0.72808 -0.1083 0.67688
vn -0.7968 -0.0127 0.6041
vn -0.79681 -0.0126 0.6041
vn -0.37841 -0.71132 0.59231
vn 0.17149 -0.96726 0.18709
vn -0.34032 -0.83036 0.44123
vn -0.37839 -0.71809 0.58409
vn -0.37831 -0.71812 0.58411
vn 0.21629 -0.95806 0.18799
vn 0.60462 -0.73862 -0.29811
vn 0.60458 -0.73867 -0.29809
vn 0.47228 -0.80347 -0.36248
vn 0.21629 -0.95808 0.1879
vn 0.20491 -0.95683 0.20611
vn 0.69368 -0.68038 -0.23639
vn 0.6521 -0.7001 -0.2909
vn 0.69373 -0.68033 -0.23641
vn 0.1265 -0.98327 0.1311
vn -0.4971 -0.7434 0.4475
vn 0.20481 -0.95685 0.20611
vn 0.20479 -0.95686 0.20609
vn -0.3975 -0.76201 0.51121
vn 0.13739 -0.98696 0.0839
vn 0.2161 -0.95709 0.1931
vn -0.40739 -0.74868 0.52299
vn -0.48781 -0.79612 0.35811
vn -0.48789 -0.79608 0.35809
vn -0.6358 -0.7682 -0.0751
vn -0.63574 -0.76825 -0.075
vn -0.1986 -0.8861 -0.4188
vn 0.1374 -0.98697 0.0838
vn -0.89889 -0.1636 0.40649
vn -0.93325 -0.27331 -0.23311
vn -0.6358 -0.7682 -0.075
vn -0.89296 0.32799 -0.30829
vn -0.93329 -0.2733 -0.233
vn -0.82153 0.56572 0.0711
vn -0.51941 -0.2734 -0.80961
vn -0.93326 -0.27329 -0.23309
vn -0.89299 0.3279 -0.3083
vn -0.51222 0.50552 -0.69432
vn -0.51939 -0.2735 -0.80959
vn -0.1987 -0.88608 -0.41879
vn 0.34889 -0.68489 -0.63969
vn 0.64071 -0.67191 -0.37151
vn 0.13749 -0.98695 0.0838
vn 0.34881 -0.68491 -0.63971
vn 0.2701 -0.1154 -0.95589
vn 0.34892 -0.68493 -0.63963
vn 0.0758 0.50151 -0.86182
vn 0.0759 0.50139 -0.86189
vn 0.76263 0.0603 -0.64402
vn 0.0759 0.50151 -0.86182
vn 0.31661 0.70723 -0.63213
vn 0.39339 0.76879 -0.50419
vn 0.83226 0.0968 -0.54587
vn 0.76267 0.0603 -0.64397
vn 0.3934 0.76871 -0.5043
vn 0.76267 0.0602 -0.64398
vn 0.72887 -0.64328 -0.23439
vn 0.76263 0.0602 -0.64403
vn 0.67793 0.0793 -0.73083
vn 0.76852 -0.0951 -0.63272
vn 0.76856 -0.0951 -0.63267
vn 0.67788 0.0793 -0.73088
vn 0.1873 0.79 -0.5838
vn 0.33239 0.69148 -0.64138
vn 0.3325 0.6915 -0.6413
vn 0.76853 -0.095 -0.63272
vn -0.2324 0.95281 -0.1953
vn 0.33241 0.69152 -0.64132
vn -0.25229 0.92498 -0.28419
vn -0.23241 0.95283 -0.19521
vn 0.208 0.74509 -0.6337
vn -0.182 0.96133 -0.20671
vn 0.2079 0.74511 -0.63371
vn 0.66232 -0.1462 -0.73482
vn 0.20789 0.74506 -0.63377
vn 0.0746 0.6798 -0.7296
vn -0.3306 0.8971 -0.2931
vn -0.46611 -0.86922 -0.1649
vn -0.011 -0.9883 0.1521
vn 0.36209 -0.0525 -0.93067
vn -0.46619 -0.86918 -0.1649
vn 0.2708 -0.8374 -0.4748
vn 0.362 -0.0525 -0.9307
vn 0.57261 0.0049 -0.81981
vn 0.57261 0.0048 -0.81981
vn 0.55138 0.036 -0.83347
vn 0.36209 -0.0524 -0.93067
vn 0.39169 -0.0682 -0.91757
vn 0.3916 -0.0683 -0.9176
vn 0.39168 -0.0683 -0.91756
vn 0.54082 -0.19451 -0.81834
vn 0.3969 0.2484 -0.88361
vn 0.47901 -0.0372 -0.87702
vn 0.39689 0.2485 -0.88359
vn 0.39682 0.24841 -0.88364
vn 0.21089 0.0809 -0.97416
vn 0.28001 0.84713 -0.45162
vn 0.1153 0.92132 -0.37131
vn 0.33598 0.19789 -0.92085
vn 0.28 0.8471 -0.4517
vn 0.36971 0.27041 -0.88893
vn 0.36991 0.71402 -0.59442
vn 0.36958 0.27049 -0.88896
vn 0.1154 0.92131 -0.3713
vn -0.1635 0.89011 0.42541
vn 0.1012 0.93364 0.34362
vn 0.0583 0.94999 -0.3068
vn -0.31779 0.92228 0.22
vn -0.31788 0.92226 0.21999
vn -0.63388 0.43869 0.63698
vn -0.63392 0.43872 0.63692
vn -0.42871 0.41321 0.80341
vn -0.72128 0.20019 0.66308
vn -0.49762 0.19041 0.84624
vn -0.76178 0.21339 0.61168
vn -0.72133 0.20021 0.66303
vn -0.799 0.3321 0.5013
vn -0.8064 0.1459 0.5731
vn -0.72134 0.20011 0.66304
vn -0.76179 0.2133 0.6117
vn -0.75258 0.0744 0.65428
vn -0.75259 0.0743 0.65429
vn -0.81721 0.0518 0.57401
vn -0.81729 0.0518 0.57389
vn -0.49832 -0.75313 0.42951
vn -0.49828 -0.75317 0.42948
vn -0.0111 -0.9883 0.1521
vn -0.83074 -0.051 0.55432
vn -0.0111 -0.98829 0.1522
vn -0.43879 -0.71538 0.54378
vn 0.1536 -0.95842 0.2405
vn 0.52712 -0.79742 -0.29371
vn 0.1537 -0.9584 0.2405
vn 0.1906 -0.95349 0.2335
vn 0.74253 -0.65173 -0.15461
vn 0.52707 -0.79746 -0.29369
vn 0.19059 -0.95347 0.23359
vn 0.2129 -0.96588 0.1475
vn 0.77534 -0.62433 -0.0952
vn -0.4658 -0.8168 0.3404
vn 0.2128 -0.9659 0.1475
vn 0.1905 -0.95351 0.2335
vn -0.4626 -0.7703 0.4389
vn -0.46568 -0.81687 0.34039
vn 0.175 -0.97709 0.1211
vn 0.27639 -0.92855 0.24779
vn -0.45889 -0.78258 0.42069
vn -0.49001 -0.84292 0.22221
vn 0.1749 -0.97711 0.1211
vn -0.49009 -0.84288 0.22219
vn -0.51288 -0.84606 -0.14539
vn 0.0306 -0.93364 -0.35691
vn -0.51292 -0.84603 -0.14541
vn -0.96103 -0.21191 0.17751
vn -0.96106 -0.21189 0.17739
vn -0.84911 -0.3324 -0.41051
vn -0.797 0.3563 -0.4877
vn -0.84912 -0.33251 -0.41041
vn -0.96108 -0.2118 0.1774
vn -0.81357 0.56858 -0.1217
vn -0.79692 0.35631 -0.48781
vn -0.21599 -0.31539 -0.92406
vn -0.84918 -0.33239 -0.41039
vn -0.29519 0.56528 -0.77027
vn -0.5128 -0.8461 -0.1454
vn -0.216 -0.3153 -0.92409
vn 0.0306 -0.93365 -0.35688
vn 0.57959 -0.67639 -0.45449
vn 0.72489 -0.66119 -0.1933
vn 0.80791 -0.58881 -0.0243
vn 0.27651 -0.92854 0.24771
vn 0.72484 -0.66124 -0.19331
vn 0.80791 -0.5888 -0.0244
vn 0.87703 0.13 -0.46251
vn 0.91056 0.21299 -0.35428
vn 0.86242 0.102 -0.49581
vn 0.77538 -0.62428 -0.0952
vn 0.88971 0.17 -0.4237
vn 0.86244 0.10199 -0.49577
vn 0.74259 -0.65169 -0.1545
vn 0.60762 -0.0631 -0.79172
vn 0.27071 -0.83742 -0.47481
vn 0.52719 -0.79738 -0.29369
vn 0.60762 -0.063 -0.79173
vn 0.29131 0.72612 -0.62281
vn 0.2272 0.6937 -0.6835
vn 0.57256 0.0049 -0.81985
vn 0.55138 0.0361 -0.83347
vn 0.39172 -0.0682 -0.91755
vn -0.1749 0.95219 -0.2505
vn -0.012 0.98328 -0.1817
vn 0.3916 -0.0684 -0.91759
vn -0.0487 -0.98408 0.1709
vn 0.39151 -0.85521 -0.33961
vn 0.70831 -0.1499 -0.68981
vn 0.5409 -0.1945 -0.81829
vn 0.57457 -0.81275 -0.09649
vn 0.84334 -0.103 -0.52742
vn 0.70836 -0.14989 -0.68976
vn 0.70832 -0.1498 -0.68982
vn 0.84337 -0.1029 -0.52738
vn 0.44068 0.73756 -0.51167
vn 0.4406 0.73759 -0.5117
vn 0.30441 0.65592 -0.69072
vn 0.47901 -0.0371 -0.87702
vn 0.47909 -0.0372 -0.87698
vn 0.47909 -0.0371 -0.87698
vn -0.1442 0.95748 -0.24989
vn 0.0022 0.97679 -0.2142
vn -0.0524 -0.97823 0.20081
vn 0.0022 0.97677 -0.21429
vn 0.41948 -0.84437 -0.33329
vn 0.41941 -0.84443 -0.33321
vn 0.81829 -0.1627 -0.5513
vn 0.81828 -0.1628 -0.55129
vn 0.6217 -0.78291 0.0233
vn 0.90246 -0.0927 -0.42068
vn 0.90247 -0.0926 -0.42069
vn 0.48101 0.73591 -0.47651
vn 0.5323 0.65221 -0.5397
vn 0.53233 0.65224 -0.53963
vn 0.51627 0.43817 -0.73585
vn 0.51629 0.43809 -0.73588
vn 0.5324 0.65221 -0.5396
vn -0.0472 0.97688 -0.2085
vn -0.0473 0.97686 -0.20859
vn 0.028 0.9511 -0.3076
vn 0.51619 0.43819 -0.73589
vn 0.028 0.95107 -0.30769
vn 0.0583 0.94996 -0.30689
vn 0.39681 0.24851 -0.88362
vn 0.0279 0.95111 -0.3076
vn -0.42769 0.87757 0.21669
vn -0.42772 0.87755 0.21671
vn -0.42771 0.87753 0.21681
vn -0.7264 0.3973 0.5608
vn -0.63391 0.43861 0.63701
vn -0.72639 0.39719 0.56089
vn -0.79903 0.33201 0.50132
vn -0.72643 0.39722 0.56082
vn -0.83419 0.2565 0.48819
vn -0.65582 -0.64252 0.39631
vn -0.79908 0.33209 0.50119
vn -0.6558 -0.6425 0.3964
vn -0.79904 0.33212 0.50123
vn -0.68319 -0.64929 0.33419
vn 0.0756 -0.9676 0.2409
vn -0.0523 -0.97823 0.20081
vn 0.0757 -0.96762 0.2408
vn 0.6217 -0.7829 0.0234
vn -0.0199 -0.97953 0.20031
vn 0.73898 -0.63108 0.23589
vn 0.62159 -0.78299 0.0233
vn -0.0199 -0.97951 0.2004
vn -0.67759 -0.73259 0.0647
vn -0.67759 -0.73259 0.0646
vn -0.68116 -0.72206 -0.12099
vn 0.0803 -0.99344 0.0814
vn 0.1436 -0.98947 0.0182
vn 0.0663 -0.98285 0.17209
vn -0.60942 -0.77502 -0.1672
vn -0.46229 -0.81379 -0.35219
vn -0.4622 -0.81379 -0.3523
vn -0.0773 -0.69003 -0.71964
vn -0.0773 -0.68999 -0.71968
vn 0.4271 -0.731 -0.5322
vn -0.80869 -0.125 -0.5748
vn -0.80868 -0.1251 -0.57479
vn -0.1457 -0.1859 -0.97171
vn -0.0773 -0.69009 -0.71959
vn -0.17 0.38001 -0.90923
vn -0.5548 0.5868 -0.5898
vn 0.50418 -0.15059 -0.85037
vn 0.34389 0.52759 -0.77678
vn -0.0772 -0.69004 -0.71964
vn -0.1458 -0.1859 -0.97169
vn 0.50417 -0.15069 -0.85035
vn 0.50422 -0.15061 -0.85034
vn 0.42702 -0.73103 -0.53222
vn 0.14369 -0.98945 0.0182
vn 0.42707 -0.73096 -0.53227
vn 0.80497 -0.55888 -0.19919
vn 0.80492 -0.55891 -0.1993
vn 0.74217 -0.62977 0.22929
vn 0.805 -0.5588 -0.1993
vn 0.93541 -0.0399 -0.3513
vn 0.95147 0.0951 0.29269
vn 0.80495 -0.55887 -0.19929
vn 0.76149 0.5156 -0.3928
vn 0.76152 0.51562 -0.39271
vn 0.67008 0.74228 -0.0044
vn 0.95149 0.0951 0.2926
vn 0.5667 0.8046 0.1774
vn 0.56669 0.80459 0.1775
vn 0.87731 0.1327 0.46121
vn 0.99797 0.0419 0.048
vn 0.97873 0.037 0.20181
vn 0.6341 0.771 -0.059
vn 0.67718 0.70468 -0.21179
vn 0.739 -0.6311 0.2358
vn 0.99797 0.0418 0.048
vn 0.73903 -0.63102 0.23591
vn 0.65641 -0.70561 0.2669
vn 0.97873 0.0369 0.20181
vn 0.65636 -0.70566 0.26689
vn -0.0198 -0.97951 0.2004
vn 0.0804 -0.99343 0.0814
vn 0.64619 -0.63059 0.42989
vn 0.0664 -0.98284 0.17211
vn 0.14369 -0.98945 0.0183
vn 0.64623 -0.63053 0.42992
vn 0.95148 0.095 0.29269
vn 0.87739 0.1326 0.46109
vn -0.1409 0.94978 -0.27939
vn -0.0825 0.96486 -0.24949
vn -0.0472 0.97686 -0.20859
vn -0.0473 0.97688 -0.2085
vn -0.0826 0.96487 -0.24939
vn -0.69747 0.71607 0.0279
vn -0.69742 0.71612 0.0278
vn -0.53308 0.82098 0.20449
vn -0.53301 0.82102 0.20451
vn -0.53307 0.82096 0.20459
vn -0.83417 0.25659 0.48818
vn -0.69742 0.71612 0.0279
vn -0.9671 0.058 0.2477
vn -0.68321 -0.64931 0.3341
vn -0.99303 -0.0381 -0.1115
vn -0.68121 -0.72202 -0.121
vn -0.99302 -0.0382 -0.1116
vn -0.93448 -0.0699 -0.34909
vn -0.91155 -0.0949 -0.40008
vn -0.60941 -0.77501 -0.1673
vn -0.91155 -0.0948 -0.40012
vn -0.68351 0.60091 -0.4144
vn -0.68356 0.60086 -0.41438
vn -0.55483 0.58683 -0.58973
vn 0.0055 0.94434 -0.32892
vn 0.0055 0.94435 -0.32888
vn -0.1701 0.38 -0.90921
vn 0.0055 0.94439 -0.32879
vn 0.67008 0.74228 -0.0043
vn 0.56662 0.80463 0.17751
vn -0.0643 0.97964 -0.19021
vn 0.0194 0.9442 -0.3288
vn -0.141 0.94977 -0.27939
vn 0.0193 0.9442 -0.3288
vn -0.71711 0.57331 -0.39631
vn -0.73891 0.63021 -0.2384
vn -0.14099 0.94974 -0.27948
vn 0.0054 0.94434 -0.32892
vn 0.0054 0.94435 -0.32888
vn -0.99302 -0.0381 -0.1116
vn -0.99303 -0.038 -0.1116
vn -0.71709 0.57329 -0.39639
vn -0.93445 -0.0698 -0.34918
vn -0.79911 0.332 0.5012
vn 0.0021 0.97679 -0.2142
vn -0.14429 0.95746 -0.24989
vn -0.59669 0.79609 0.101
vn -0.59669 0.79608 0.1011
vn -0.85048 0.1673 0.49869
vn -0.85041 0.1673 0.49881
vn -0.6007 -0.687 0.4089
vn -0.60063 -0.68704 0.40892
vn -0.80644 0.14591 0.57303
vn -0.59151 -0.68961 0.4178
vn 0.0541 -0.97674 0.20751
vn -0.0486 -0.98409 0.1709
vn 0.0542 -0.97673 0.20751
vn 0.5745 -0.8128 -0.0965
vn 0.0882 -0.96565 0.24441
vn 0.72269 -0.69059 0.0282
vn 0.96221 0.0304 -0.2706
vn 0.51839 0.76478 -0.38259
vn -0.1371 0.95629 -0.2583
vn -0.0771 0.9646 -0.2522
vn 0.30439 0.65598 -0.69068
vn -0.0771 0.96462 -0.25211
vn -0.65528 0.74797 0.1056
vn -0.59662 0.79613 0.1011
vn -0.1443 0.95749 -0.2498
vn -0.65527 0.74796 0.1057
vn -0.9237 0.0709 0.3765
vn -0.92366 0.0709 0.37659
vn -0.59148 -0.68958 0.41789
vn -0.98453 -0.0181 0.1743
vn -0.55313 -0.77254 0.31182
vn -0.5532 -0.7725 0.3118
vn 0.0881 -0.96564 0.24451
vn -0.6233 -0.76971 0.138
vn -0.6233 -0.7697 0.1381
vn 0.1057 -0.98457 0.1395
vn -0.98452 -0.0182 0.1743
vn -0.99014 -0.1067 -0.0907
vn -0.5687 -0.7898 0.2298
vn -0.99122 -0.1024 0.0837
vn -0.9773 -0.1682 -0.1288
vn -0.97732 -0.1681 -0.1288
vn -0.52179 -0.85298 0.0126
vn -0.99123 -0.1023 0.0837
vn -0.78873 0.60542 -0.1066
vn -0.77181 0.56041 -0.30041
vn -0.63513 0.33301 -0.69693
vn -0.63511 0.3331 -0.69691
vn -0.64829 -0.3035 -0.69829
vn 0.0343 -0.27069 -0.96206
vn -0.635 0.3331 -0.697
vn -0.11389 0.57447 -0.81056
vn 0.0343 -0.27059 -0.96208
vn -0.114 0.5744 -0.8106
vn 0.50448 0.60838 -0.61268
vn 0.79647 -0.0246 -0.60418
vn 0.50451 0.60842 -0.61262
vn -0.1947 0.91641 -0.3497
vn 0.54188 0.77167 -0.33299
vn 0.50451 0.60832 -0.61272
vn 0.54191 0.77161 -0.3331
vn 0.97587 0.16749 -0.1401
vn 0.47388 0.85596 -0.20679
vn 0.9797 0.1985 -0.0281
vn 0.97588 0.1674 -0.1401
vn 0.97972 0.1984 -0.0281
vn 0.73517 -0.65377 0.17919
vn 0.77079 -0.63689 -0.0162
vn 0.76749 -0.6394 0.0461
vn 0.96664 0.14761 -0.20931
vn 0.7675 -0.6394 0.046
vn 0.96663 0.1477 -0.20931
vn 0.55571 0.76951 -0.3147
vn 0.55561 0.76962 -0.31461
vn 0.96221 0.0305 -0.2706
vn -0.1371 0.95631 -0.2582
vn 0.5556 0.7696 -0.3147
vn 0.55567 0.76955 -0.31468
vn -0.20311 0.92994 -0.30651
vn -0.1372 0.9563 -0.2582
vn -0.20321 0.92992 -0.30651
vn -0.7568 0.6087 -0.2382
vn -0.75685 0.60864 -0.23821
vn -0.74774 0.66154 -0.057
vn -0.1372 0.95627 -0.25829
vn -0.78868 0.60549 -0.1066
vn -0.2058 0.95252 -0.2244
vn -0.1948 0.91642 -0.34961
vn -0.19471 0.91644 -0.34961
vn -0.63506 0.33308 -0.69696
vn -0.1948 0.91639 -0.3497
vn -0.20571 0.95254 -0.22441
vn 0.47389 0.85598 -0.2067
vn -0.74774 0.66153 -0.0571
vn -0.74769 0.66159 -0.057
vn -0.98453 -0.018 0.1743
vn -0.98454 -0.0181 0.17421
vn -0.74779 0.66149 -0.057
vn -0.75689 0.60859 -0.2382
vn 0.0882 -0.96563 0.24451
vn 0.1058 -0.98456 0.13949
vn 0.1422 -0.9843 0.1046
vn 0.16411 -0.95574 0.24421
vn 0.1423 -0.98428 0.1046
vn -0.40978 -0.81016 -0.41918
vn 0.1489 -0.8893 -0.4324
vn -0.40982 -0.81013 -0.41922
vn -0.4097 -0.8102 -0.4192
vn 0.14889 -0.88926 -0.43248
vn 0.7056 -0.6399 -0.3044
vn 0.1642 -0.95572 0.24421
vn 0.77083 -0.63683 -0.0162
vn 0.79647 -0.0245 -0.60418
vn 0.70569 -0.6398 -0.3044
vn 0.1488 -0.88928 -0.43249
vn -0.0121 0.98328 -0.1817
vn -0.80631 0.1459 0.57321
vn -0.629 0.7678 0.1218
vn -0.80638 0.146 0.57309
vn -0.62889 0.76789 0.1218
vn -0.62889 0.76788 0.1219
vn -0.66567 0.72397 0.18099
vn -0.66561 0.72401 0.181
vn -0.84733 -0.0071 0.53102
vn -0.81724 0.0518 0.57396
vn -0.84733 -0.0072 0.53102
vn -0.43887 -0.71535 0.54376
vn -0.81725 0.0517 0.57396
vn -0.43882 -0.71533 0.54382
vn -0.90227 -0.1222 0.41349
vn -0.90228 -0.1221 0.41349
vn -0.46258 -0.77027 0.43898
vn 0.1905 -0.95349 0.2336
vn 0.1537 -0.95838 0.24059
vn -0.46572 -0.81684 0.34042
vn -0.90232 -0.1221 0.41341
vn -0.93512 -0.2013 0.29161
vn -0.45897 -0.78255 0.42067
vn -0.90356 -0.21979 0.36778
vn -0.96105 -0.21191 0.17741
vn -0.4901 -0.8429 0.2221
vn -0.45899 -0.78258 0.42059
vn -0.96104 -0.21189 0.17749
vn -0.79503 0.60252 0.07
vn -0.2572 0.90141 -0.3483
vn -0.29521 0.56521 -0.77032
vn -0.79697 0.35639 -0.48768
vn -0.29528 0.56526 -0.77025
vn 0.31489 0.55189 -0.77218
vn 0.3148 0.5519 -0.77221
vn 0.58673 -0.0808 -0.80574
vn 0.31481 0.55202 -0.77212
vn -0.2571 0.9014 -0.3484
vn -0.25711 0.90143 -0.34831
vn 0.41851 0.73112 -0.53881
vn 0.41849 0.73108 -0.53888
vn 0.87699 0.13 -0.46259
vn 0.58668 -0.0808 -0.80578
vn 0.38329 0.83448 -0.39589
vn 0.38331 0.83451 -0.39581
vn 0.91054 0.21301 -0.35432
vn 0.88969 0.1701 -0.4237
vn 0.44691 0.78942 -0.42081
vn 0.4314 0.7471 -0.5057
vn 0.43148 0.74707 -0.50568
vn -0.2318 0.9413 -0.2454
vn -0.23189 0.94128 -0.24539
vn -0.1538 0.95701 -0.2459
vn -0.1748 0.95218 -0.2506
vn -0.15381 0.95704 -0.24581
vn -0.23199 0.94126 -0.24539
vn -0.76309 0.63799 0.1033
vn -0.66568 0.72398 0.18089
vn -0.76308 0.63798 0.1034
vn -0.84736 -0.0071 0.53097
vn -0.80531 0.59271 0.0132
vn -0.93515 -0.20119 0.29158
vn -0.2678 0.9215 -0.2813
vn -0.26941 0.93835 -0.21661
vn -0.81354 0.56863 -0.12171
vn -0.2693 0.93838 -0.2166
vn -0.2677 0.92149 -0.2814
vn 0.44688 0.78946 -0.42078
vn 0.5868 -0.0808 -0.80569
vn 0.5797 -0.6763 -0.4545
vn 0.57966 -0.67635 -0.45447
vn -0.46612 -0.86924 -0.16481
vn -0.3307 0.8971 -0.293
vn -0.33069 0.89707 -0.29309
vn -0.67521 0.73731 0.0217
vn -0.72814 -0.10821 0.67684
vn -0.6361 0.7388 0.2226
vn -0.63617 0.73877 0.22249
vn -0.79811 -0.0019 0.60251
vn -0.79811 -0.002 0.60251
vn -0.3784 -0.718 0.5842
vn -0.37849 -0.71129 0.59229
vn -0.37842 -0.71804 0.58413
vn -0.82253 -0.0851 0.56232
vn -0.82254 -0.085 0.56232
vn 0.20481 -0.95683 0.20621
vn -0.39759 -0.76198 0.51119
vn -0.82256 -0.0851 0.56227
vn -0.82257 -0.085 0.56228
vn -0.88745 -0.13699 0.44008
vn -0.81622 -0.1261 0.56381
vn -0.89887 -0.1637 0.40649
vn -0.48791 -0.79601 0.35821
vn -0.40747 -0.74865 0.52296
vn -0.81625 -0.12609 0.56377
vn -0.74228 0.62239 0.24829
vn -0.7423 0.6224 0.2482
vn -0.82148 0.56579 0.0711
vn -0.29231 0.90802 -0.30011
vn -0.51229 0.50549 -0.69429
vn -0.29221 0.90804 -0.30011
vn 0.31659 0.70728 -0.63208
vn -0.2144 0.95669 -0.1969
vn 0.39329 0.76878 -0.50429
vn -0.25239 0.92498 -0.28409
vn -0.77679 0.60249 0.1833
vn -0.72215 0.63424 0.27612
vn -0.2325 0.95281 -0.1952
vn -0.7222 0.6342 0.2761
vn -0.63611 0.73882 0.22251
vn -0.18201 0.96135 -0.20661
vn -0.33061 0.89713 -0.29301
vn -0.67521 0.73731 0.0218
vn -0.72213 0.63422 0.27621
vn -0.63622 0.73872 0.22251
vn -0.77678 0.60248 0.18339
vn -0.8875 -0.1369 0.44
vn -0.21449 0.95667 -0.19689
vn 0.66231 -0.1463 -0.73481
vn 0.69371 -0.68031 -0.2365
vn 0.13749 -0.98694 0.0839
vn 0.72889 -0.64329 -0.2343
vn 0.21619 -0.95707 0.19309
vn 0.64077 -0.67187 -0.37148
vn 0.16261 0.88825 0.42962
vn 0.021 -0.90839 0.4176
vn 0.2165 -0.90411 0.3684
vn 0.29121 -0.88392 -0.36591
vn 0.1243 -0.90668 -0.40309
vn -0.75924 0.65074 0.0094
vn -0.78282 0.62191 -0.0206
vn 0 0.99982 0.0189
vn 0 0.99982 0.0188
vn 0 1 -0.0016
vn -0.4044 -0.205 0.89131
vn -0.30931 -0.28601 0.90693
vn -0.4146 0.1053 0.90389
vn -0.41468 0.10529 0.90386
vn -0.46109 0.2249 0.85838
vn -0.40449 -0.20499 0.89127
vn -0.3283 -0.408 0.85191
vn -0.3396 -0.46429 0.81799
vn -0.3093 -0.2861 0.90691
vn -0.4044 -0.2051 0.89129
vn -0.96688 -0.2427 0.079
vn -0.79209 -0.61029 0.0119
vn -0.8519 -0.5225 0.0356
vn -0.99752 -0.0686 0.0155
vn -0.99753 -0.0685 0.0155
vn -0.78286 0.62187 -0.0205
vn -0.9669 -0.2426 0.079
vn -0.44737 0.32998 0.83125
vn -0.20611 0.35251 0.91283
vn -0.1528 -0.19479 0.96887
vn -0.44729 0.32999 0.83128
vn -0.1281 -0.27691 0.95232
vn -0.023 -0.25959 0.96545
vn -0.0955 0.0121 0.99536
vn 0 0.84793 0.53012
vn 0 -0.81419 0.58059
vn -0.2062 0.3525 0.91281
vn 0 0.84795 0.53007
vn 0.0001 -0.81411 0.58071
vn 0.0027 -0.99746 0.0712
vn -0.0798 -0.99109 0.1066
vn -0.1008 -0.99415 0.0389
vn 0.0053 -0.9998 -0.0194
vn 0.0028 -0.99746 0.0712
vn -0.7778 -0.039 -0.6273
vn -0.5085 -0.8425 -0.1778
vn -0.49677 -0.85225 0.16399
vn -0.79453 -0.47362 -0.38001
vn -0.77448 -0.54469 0.32169
vn -0.48039 -0.87429 0.0696
vn -0.99953 -0.0299 0.0061
vn -0.97653 -0.21501 -0.0126
vn -0.97539 -0.2174 0.0368
vn -0.97537 -0.21749 0.0368
vn -0.99791 -0.0638 -0.0106
vn -0.9979 -0.0639 -0.0106
vn -0.99897 -0.0437 -0.0125
vn -0.99949 -0.0318 -0.0012
vn 0 -0.3245 0.94589
vn 0 -0.51161 0.85922
vn -0.1301 -0.33631 0.93272
vn -0.13741 -0.05 0.98925
vn 0 -0.32441 0.94592
vn -0.22311 -0.26451 0.93822
vn -0.99702 -0.0761 -0.0125
vn -0.97651 -0.2151 -0.0126
vn -0.99701 -0.0762 -0.0125
vn -0.9919 -0.127 -0.0007
vn -0.94195 -0.23711 -0.23771
vn -0.98571 -0.1675 -0.0179
vn -0.85818 -0.19 -0.47689
vn -0.71677 -0.66908 -0.19639
vn -0.7518 -0.6583 -0.038
vn -0.94193 -0.23721 -0.23771
vn -0.9919 -0.127 -0.0006
vn 0 -0.0251 -0.99968
vn 0.0272 -0.0793 -0.99648
vn -0.0052 0.0336 -0.99942
vn -0.0052 0.0335 -0.99943
vn 0 0.1105 -0.99388
vn -0.157 0.9771 0.1436
vn 0 0.98965 0.14351
vn -0.26622 -0.79255 0.54863
vn 0 -0.81411 0.58071
vn 0 -0.97415 0.22589
vn 0 -0.97415 0.22591
vn -0.16081 -0.92943 0.33211
vn -0.26619 -0.79258 0.54859
vn -0.97402 -0.0365 0.2235
vn -0.85421 -0.4522 0.2566
vn -0.934 -0.1928 0.3008
vn -0.8963 0.3309 0.2952
vn -0.64238 0.76258 0.0763
vn -0.95877 0.21639 0.18419
vn -0.93397 -0.19279 0.30089
vn -0.97402 -0.0364 0.22351
vn -0.2033 0.97708 0.0631
vn -0.2012 0.9787 0.0408
vn -0.70696 0.70626 0.0373
vn -0.70701 0.70621 0.0373
vn -0.64232 0.76263 0.0763
vn -0.20329 0.97708 0.0632
vn -0.97749 -0.2009 -0.0645
vn -0.99144 -0.12411 0.0405
vn -0.85419 -0.45229 0.2565
vn -0.97536 -0.21749 0.0369
vn -0.1163 0.9932 -0.0056
vn -0.5271 0.83701 -0.1469
vn -0.52718 0.83696 -0.14689
vn -0.65371 0.75661 -0.0141
vn -0.1163 0.9932 -0.0055
vn -0.65377 0.75656 -0.0141
vn -0.7517 -0.6584 -0.038
vn -0.55347 0.0884 0.82816
vn -0.67828 -0.0531 0.73288
vn -0.2232 -0.2645 0.9382
vn -0.13751 -0.05 0.98924
vn -0.1477 0.24079 0.95927
vn 0.0272 -0.0792 -0.99649
vn -0.0551 -0.0307 -0.99801
vn -0.36059 0.0349 -0.93207
vn -0.23851 0.95695 0.16541
vn -0.23851 0.95693 0.16551
vn -0.1608 -0.9294 0.3322
vn -0.93398 -0.1929 0.30079
vn -0.26611 -0.79252 0.54872
vn -0.0774 0.99298 -0.0894
vn 0 0.99584 -0.0911
vn 0 0.99893 -0.0462
vn -0.0911 0.5377 0.8382
vn -0.0775 0.99298 -0.0894
vn 0.2748 -0.94479 0.1785
vn -0.1452 -0.58951 -0.79461
vn -0.39538 -0.12579 0.90986
vn -0.71682 -0.66902 -0.19641
vn -0.85817 -0.19009 -0.47688
vn -0.0478 0 0.99886
vn -0.39529 -0.1259 0.90989
vn -0.5271 0.83699 -0.147
vn -0.0911 0.53777 0.83816
vn -0.0912 0.53781 0.83812
vn -0.28369 0.20629 0.93646
vn -0.52722 0.83693 -0.14691
vn 0.27489 -0.94476 0.17849
vn -0.71676 -0.66906 -0.19649
vn -0.39538 -0.12589 0.90985
vn -0.0911 0.53782 0.83813
vn 0 0.99894 -0.0461
vn 0 0.98876 0.14949
vn 0.0001 0.98876 0.14949
vn -0.0588 0.99402 0.092
vn -0.3953 -0.1258 0.9099
vn -0.93459 -0.1333 0.3298
vn 0.27489 -0.94478 0.1784
vn 0 -0.091 0.99585
vn -0.2836 0.2063 0.93649
vn -0.0587 0.99403 0.092
vn -0.6884 0.6188 0.3784
vn -0.28599 0.203 0.93648
vn 0.3132 -0.94941 -0.0228
vn 0 -0.99078 -0.1355
vn 0 0.99936 -0.0357
vn -0.1378 0.98479 -0.1058
vn 0.56271 -0.82092 0.0972
vn -0.93462 -0.1333 0.32971
vn -0.91505 -0.39828 -0.0637
vn -0.91506 -0.39828 -0.0636
vn 0.5587 -0.82761 -0.054
vn 0.56271 -0.82091 0.0973
vn -0.99531 0.0916 -0.031
vn -0.9151 -0.3982 -0.0635
vn -0.93461 -0.1334 0.3297
vn -0.99926 -0.0204 0.0326
vn -0.99719 0.0713 0.0228
vn -0.68836 0.61886 0.37838
vn -0.0588 0.99401 0.0921
vn -0.1379 0.98477 -0.1059
vn -0.1379 0.98478 -0.1058
vn -0.99532 0.0916 -0.0309
vn 0.3132 -0.94941 -0.0227
vn 0 -0.025 -0.99969
vn -0.0001 0.99936 -0.0357
vn 0.55859 -0.82768 -0.054
vn -0.91509 -0.3982 -0.0636
vn -0.0551 -0.0306 -0.99801
vn 0.14321 -0.21551 -0.96594
vn -0.0552 -0.0307 -0.998
vn -0.0051 0.0336 -0.99942
vn -0.0051 0.0335 -0.99943
vn 0.14319 -0.21549 -0.96595
vn -0.93461 -0.1332 0.3298
vn 0.56278 -0.82087 0.0972
vn 0.5587 -0.8276 -0.0541
vn 0.1432 -0.21561 -0.96592
vn -0.22321 -0.26441 0.93823
vn 0 0.308 0.95139
vn -0.1571 0.9771 0.1435
vn -0.20401 0.1556 0.96652
vn -0.67839 -0.0531 0.73278
vn -0.55352 0.0884 0.82813
vn -0.23839 0.95696 0.16549
vn -0.55352 0.0885 0.82812
vn -0.55347 0.0885 0.82815
vn -0.23849 0.95696 0.16539
vn -0.93395 -0.19289 0.30088
vn -0.1609 -0.92942 0.33211
vn -0.67833 -0.0532 0.73283
vn -0.99907 0.0046 0.0428
vn -0.99952 -0.0089 -0.0296
vn -0.96448 -0.145 -0.2208
vn -0.96447 -0.1451 -0.22079
vn -0.96694 -0.23171 0.1065
vn -0.2614 -0.2014 -0.94399
vn 0 -0.24091 -0.97055
vn -0.0004 -0.2995 -0.9541
vn -0.96445 -0.14509 -0.22089
vn -0.26149 -0.2013 -0.94398
vn -0.0003 -0.29941 -0.95413
vn 0.0054 -0.9998 -0.0195
vn 0.0025 -0.65982 0.75142
vn -0.0797 -0.9911 0.1066
vn 0.0027 -0.99747 0.0711
vn -0.96444 -0.14511 -0.22091
vn -0.1008 -0.99414 0.039
vn -0.96695 -0.23161 0.10661
vn -0.78017 0.60697 -0.15139
vn -0.4316 0.63751 -0.63821
vn -0.59838 0.41099 0.68778
vn -0.43149 0.63749 -0.63829
vn -0.6343 -0.3177 0.7048
vn -0.39352 0.11131 0.91255
vn -0.65859 -0.0892 0.74719
vn -0.66187 0.0466 -0.74817
vn -0.72034 -0.63694 -0.27462
vn -0.63421 -0.31761 0.70491
vn -0.703 -0.6808 0.2057
vn -0.70304 -0.68074 0.20571
vn -0.77512 -0.19971 -0.59942
vn -0.39361 0.1113 0.91252
vn -0.59831 0.41101 0.68782
vn 0.0926 0.97412 -0.2062
vn -0.1795 0.4809 -0.8582
vn -0.0775 0.99452 -0.0702
vn -0.87168 0.48089 -0.0945
vn -0.0907 0.99452 0.052
vn -0.35922 0.48102 0.79974
vn 0.0463 0.97413 0.22121
vn 0.64981 0.48081 0.58871
vn 0.0779 0.99693 0.0084
vn -0.0908 0.99451 0.052
vn 0.76072 0.48091 -0.43591
vn 0.36318 -0.90825 0.20779
vn 0.41601 -0.90823 -0.0453
vn 0.0779 0.99693 0.0083
vn 0.1717 -0.90829 0.38149
vn 0.36309 -0.90827 0.20789
vn 0.0464 0.97412 0.22121
vn 0.17159 -0.90827 0.38159
vn -0.0854 -0.9083 0.4095
vn 0.1716 -0.9083 0.3815
vn 0.0463 0.97411 0.2213
vn 0.0462 0.97411 0.2213
vn -0.35919 0.48098 0.79977
vn -0.30991 -0.90823 0.28121
vn -0.0855 -0.9083 0.4095
vn -0.3591 0.481 0.7998
vn -0.41589 -0.90828 0.0454
vn -0.0907 0.99451 0.0521
vn -0.87168 0.48089 -0.0944
vn -0.41589 -0.90828 0.0453
vn -0.36318 -0.90825 -0.20779
vn -0.41589 -0.90829 0.0452
vn -0.0775 0.99451 -0.0703
vn -0.17171 -0.90823 -0.38161
vn -0.36309 -0.90827 -0.20789
vn -0.0776 0.99452 -0.0701
vn -0.17161 -0.90825 -0.38162
vn 0.0854 -0.90825 -0.40962
vn -0.1715 -0.90828 -0.38159
vn -0.1796 0.48089 -0.85819
vn 0.3098 -0.9083 -0.2811
vn 0.0855 -0.90824 -0.40962
vn 0.0927 0.97411 -0.2062
vn 0.3099 -0.9083 -0.281
vn 0.76069 0.48099 -0.43589
vn 0.76069 0.48089 -0.43599
vn 0.38712 -0.85214 0.35212
vn 0.5187 -0.85301 0.0577
vn 0.41589 -0.90828 -0.0453
vn 0.36309 -0.90829 0.2078
vn 0.1067 -0.85217 0.51228
vn 0.1068 -0.8522 0.5122
vn -0.2137 -0.85298 0.47619
vn 0.1067 -0.85221 0.51221
vn -0.4507 -0.85431 0.2589
vn -0.2136 -0.853 0.4762
vn -0.30989 -0.90827 0.28109
vn -0.45069 -0.85428 0.25899
vn -0.51428 -0.85586 -0.055
vn -0.38178 -0.85726 -0.34548
vn -0.41581 -0.90832 0.0453
vn -0.36309 -0.90829 -0.2078
vn -0.10481 -0.85765 -0.50343
vn -0.38179 -0.85728 -0.34539
vn -0.17159 -0.90827 -0.38159
vn -0.1049 -0.85767 -0.50338
vn 0.21269 -0.85667 -0.46998
vn -0.1716 -0.9083 -0.3815
vn 0.0854 -0.90827 -0.40958
vn 0.2126 -0.85669 -0.46999
vn 0.45127 -0.85474 -0.25648
vn 0.45119 -0.85478 -0.25649
vn 0.5187 -0.853 0.0578
vn 0.45123 -0.85475 -0.25651
vn 0.30981 -0.90832 -0.28101
vn 0.45449 0.82548 0.33469
vn 0.5136 0.8578 0.0198
vn 0.38719 -0.85217 0.35199
vn 0.45451 0.82551 0.3346
vn 0.2168 0.80249 0.55589
vn 0.45441 0.82552 0.33471
vn 0.38721 -0.85211 0.3521
vn 0.38709 -0.85217 0.35209
vn 0.21681 0.80253 0.55582
vn -0.1084 0.79801 0.59281
vn -0.39142 0.81403 0.42912
vn -0.1085 0.798 0.5928
vn -0.21359 -0.85296 0.47628
vn -0.39138 0.81407 0.42908
vn -0.51982 0.84403 0.1319
vn -0.3915 0.814 0.4291
vn -0.51428 -0.85586 -0.0549
vn -0.51981 0.84402 0.132
vn -0.44749 0.87617 -0.17909
vn -0.5142 -0.8559 -0.0551
vn -0.44748 0.87616 -0.17919
vn -0.20921 0.89824 -0.38652
vn -0.4474 0.8762 -0.1792
vn -0.38169 -0.85729 -0.3455
vn -0.1049 -0.8576 -0.5035
vn -0.2092 0.89821 -0.3866
vn 0.1032 0.90229 -0.4186
vn -0.20899 0.89826 -0.38658
vn -0.1048 -0.85761 -0.50351
vn 0.21261 -0.85666 -0.47003
vn 0.1032 0.90233 -0.41851
vn 0.37749 0.88708 -0.26569
vn 0.1033 0.90232 -0.41851
vn 0.45121 -0.85473 -0.25661
vn 0.3775 0.8871 -0.2656
vn 0.51353 0.85785 0.0198
vn 0.37759 0.88707 -0.26559
vn 0.45131 -0.85471 -0.2565
vn 0.51871 -0.85301 0.0576
vn 0.30979 0.88039 0.35909
vn 0.4159 0.90089 0.1242
vn 0.0853 0.86922 0.48701
vn -0.1716 0.8716 0.4592
vn -0.1715 0.87162 0.45921
vn -0.36302 0.88674 0.28621
vn -0.1084 0.79797 0.59287
vn -0.41581 0.90882 0.034
vn -0.30961 0.92942 -0.2008
vn -0.0853 0.94061 -0.3286
vn -0.20911 0.89822 -0.38661
vn 0.1715 0.93818 -0.30069
vn 0.36291 0.92302 -0.1278
vn 0.1714 0.93819 -0.3007
vn 0.41581 0.90093 0.1242
vn 0.41581 0.90092 0.1243
vn 0.76069 -0.51709 0.39239
vn 0.2247 -0.96829 -0.1092
vn 0.30989 0.88036 0.35908
vn 0.76068 -0.51718 0.39229
vn 0.0429 -0.99904 0.0083
vn 0.30991 0.88034 0.35911
vn 0.30982 0.88036 0.35913
vn 0.0854 0.86921 0.48701
vn 0.0428 -0.99905 0.0084
vn -0.17961 -0.55412 0.81283
vn 0.0429 -0.99904 0.0084
vn 0.0854 0.86917 0.48708
vn 0.0853 0.86918 0.48709
vn -0.1715 0.87158 0.45929
vn -0.17951 -0.55413 0.81284
vn -0.0775 -0.99685 -0.0168
vn -0.3631 0.8867 0.2862
vn -0.87162 -0.48741 0.0521
vn -0.0774 -0.99686 -0.0167
vn -0.41589 0.90878 0.034
vn -0.19611 -0.96063 -0.19681
vn -0.41589 0.90878 0.0341
vn -0.3097 0.92939 -0.2008
vn -0.1961 -0.96061 -0.1969
vn -0.35902 -0.40962 -0.83864
vn -0.0853 0.94058 -0.32869
vn -0.3591 -0.40961 -0.83861
vn 0.016 -0.98645 -0.16329
vn 0.17139 0.93816 -0.30079
vn 0.016 -0.98646 -0.16319
vn 0.64968 -0.42799 -0.62828
vn 0.0161 -0.98646 -0.16319
vn 0.3629 0.92301 -0.1279
vn 0.64958 -0.42799 -0.62838
vn 0.2247 -0.96828 -0.1093
vn 0.36299 0.92299 -0.1278
vn 0.4159 0.9009 0.1241
vn 0.2248 -0.96828 -0.1091
vn 0.76072 -0.51711 0.39231
vn -0.0775 -0.99685 -0.0167
vn -0.19601 -0.96065 -0.19681
vn -0.19601 -0.96063 -0.19691
vn 0.016 -0.98645 -0.16331
vn 0.2247 -0.9683 -0.1091
vn 0.64962 -0.42802 -0.62832
vn -0.132 -0.99061 0.0355
vn -0.0991 -0.99181 -0.0806
vn 0.1104 -0.99169 -0.066
vn 0.17309 -0.95614 0.23629
vn -0.0934 -0.97639 -0.1948
vn 0.0991 -0.98807 -0.1179
vn 0.1103 -0.9917 -0.0661
vn -0.132 -0.99061 0.0356
vn -0.1823 -0.1216 0.9757
vn -0.8681 -0.0544 0.4934
vn -0.86806 -0.0544 0.49348
vn -0.9964 -0.039 0.0753
vn -0.99639 -0.0389 0.0754
vn -0.9964 -0.0389 0.0753
vn -0.99061 -0.0753 -0.1141
vn -0.99062 -0.0753 -0.114
vn -0.0934 -0.97637 -0.19489
vn -0.0991 -0.9918 -0.0807
vn -0.0935 -0.97638 -0.1948
vn -0.99062 -0.0754 -0.114
vn -0.0535 0.0591 -0.99682
vn 0.1677 0.0044 -0.98583
vn 0.16761 0.0044 -0.98584
vn 0.99915 -0.0229 -0.0344
vn 0.099 -0.98808 -0.1179
vn 0.97929 -0.0805 0.1858
vn 0.97929 -0.0804 0.1858
vn 0.1103 -0.9917 -0.066
vn 0.79774 -0.10071 0.59453
vn 0.17301 -0.95613 0.23641
vn 0.1104 -0.99169 -0.0661
vn 0.17311 -0.95613 0.23631
vn 0.0737 -0.0985 0.9924
vn 0.17309 -0.95617 0.23619
vn 0.0736 -0.0984 0.99242
vn -0.1321 -0.9906 0.0355
vn -0.0737 -0.0718 0.99469
vn -0.79768 -0.002 0.60308
vn -0.97925 0.0476 0.19701
vn -0.97924 0.0477 0.19701
vn -0.99915 0.0284 -0.0299
vn -0.9906 -0.0754 -0.1141
vn -0.16769 0.1636 -0.97217
vn -0.0536 0.0591 -0.99681
vn 0.0536 0.1113 -0.99234
vn 0.1677 0.0043 -0.98583
vn 0.0535 0.11131 -0.99235
vn 0.99064 0.0936 -0.0993
vn 0.99064 0.0937 -0.0993
vn 0.99915 -0.0228 -0.0344
vn 0.16761 0.0043 -0.98584
vn 0.9964 0.0255 0.0809
vn 0.99639 0.0255 0.081
vn 0.86808 -0.0304 0.49549
vn 0.79778 -0.1007 0.59448
vn 0.97927 -0.0805 0.18589
vn 0.86808 -0.0303 0.49549
vn 0.18231 -0.0463 0.98215
vn 0.18229 -0.0463 0.98215
vn 0.0736 -0.0985 0.99241
vn 0.18219 -0.0463 0.98217
vn -0.0736 -0.0718 0.9947
vn -0.1822 -0.1215 0.97572
vn -0.173 0.90061 0.39871
vn -0.79764 -0.0019 0.60313
vn -0.173 0.90058 0.39879
vn -0.1104 0.9881 0.1071
vn -0.1103 0.9881 0.1072
vn -0.97926 0.0477 0.19689
vn -0.1103 0.98811 0.1071
vn -0.099 0.99354 0.0555
vn -0.99915 0.0284 -0.0299
vn -0.99915 0.0283 -0.0299
vn -0.0991 0.99353 0.0555
vn 0.0935 0.99537 -0.0224
vn 0.0934 0.99538 -0.0223
vn 0.0935 0.99537 -0.0223
vn 0.0991 0.99074 0.0928
vn 0.0991 0.99073 0.0929
vn 0.132 0.9694 0.207
vn 0.99639 0.0256 0.0809
vn 0.1321 0.96938 0.207
vn -0.1731 0.9006 0.3987
vn 0.0934 0.99538 -0.0224
vn -0.0991 0.99353 0.0554
vn -0.1104 0.98809 0.1072
vn -0.1786 -0.97982 -0.0897
vn -0.26191 -0.95674 -0.12671
vn -0.32591 -0.93564 -0.13551
vn 0 -0.9951 -0.0989
vn -0.48019 -0.87608 -0.0437
vn -0.3652 -0.92699 -0.0856
vn -0.0001 -0.99258 -0.1216
vn -0.0001 -0.9951 -0.0989
vn 0 -0.39511 0.91863
vn 0 -0.2765 0.96101
vn 0 -0.39508 0.91865
vn -0.33958 -0.46437 0.81795
vn -0.31991 -0.54382 0.77583
vn -0.792 -0.6104 0.0119
vn -0.83401 0.55151 0.0161
vn -0.88748 0.46079 0.0069
vn -0.62251 0.78252 0.0121
vn -0.89258 0.45089 -0.0006
vn -0.85272 0.46271 -0.24241
vn -0.88698 0.46179 -0.0041
vn -0.65382 0.75652 -0.014
vn -0.65382 0.75652 -0.0141
vn -0.88692 0.46191 -0.0041
vn -0.28371 0.20641 0.93643
vn -0.1034 0 0.99464
vn -0.8527 0.4627 -0.2425
vn 0 0.20209 0.97937
vn -0.99605 0.0673 0.0579
vn -0.98182 0.1898 0
vn -0.9944 -0.1057 0
vn -0.97707 -0.21229 -0.016
vn -0.97707 -0.21229 -0.0161
vn -0.99797 -0.0481 -0.0417
vn -0.99441 0 0.1056
vn -0.99059 0.1369 0
vn -0.99056 -0.13709 0
vn -0.99053 0.1373 0
vn -0.99059 -0.1369 0
vn -0.97741 -0.2112 0.0078
vn -0.99454 0.104 0.0084
vn -0.99454 0.104 0.0083
vn -0.0697 0.92561 0.372
vn -0.99719 0.0714 0.0228
vn -0.1044 -0.4964 0.8618
vn -0.99926 -0.0204 0.0325
vn 0 -0.93176 0.36308
vn -0.126 -0.2887 0.94909
vn -0.14471 -0.73103 -0.66683
vn -0.1448 -0.73102 -0.66682
vn 0 -0.83398 -0.55179
vn -0.1174 -0.99308 0
vn -0.17801 -0.98403 0
vn 0 -1 0
vn -0.1461 -0.98927 0
vn -0.14901 -0.98884 0
vn -0.2521 0.7756 0.5787
vn -0.2691 0 0.96311
vn 0 0 1
vn 0 0.97445 0.22459
vn -0.25219 0.77558 0.57868
vn 0.0001 -0.0909 0.99586
vn 0 -0.0909 0.99586
vn -0.15409 0.98806 0
vn -0.25221 0.77554 0.57873
vn 0 0.97448 0.22449
vn 0 1 0
vn -0.1277 0.99181 0
vn -0.1565 0.98768 0
vn -0.1576 0.9875 0.0009
vn -0.0696 0.92562 0.37201
vn -0.9818 0.1899 -0.0001
vn -0.25208 0.77555 0.57877
vn -0.9818 0.1899 0
vn -0.14479 -0.73106 -0.66677
vn -0.1261 -0.28869 0.94908
vn -0.96284 -0.1217 0.24111
vn -0.96281 -0.1217 0.2412
vn -0.98872 -0.0448 -0.1429
vn -0.1447 -0.73108 -0.66678
vn -0.25221 0.77562 0.57862
vn -0.1781 -0.98401 0
vn -0.99454 0.104 0.0085
vn -0.1577 0.98749 0.0009
vn -0.97741 -0.2112 0.0079
vn -0.1045 -0.49632 0.86183
vn -0.1565 0.98768 0.0001
vn 0.99507 -0.0991 -0.0048
vn -0.85414 -0.45232 0.25661
vn 0.9946 -0.1038 -0.0011
vn 0 -0.99695 -0.0781
vn -0.0835 -0.99346 -0.0779
vn -0.1174 -0.99308 -0.0001
vn -0.0835 -0.99345 -0.078
vn -0.97991 -0.0379 -0.1958
vn 0 -0.72454 -0.68924
vn 0 -0.20701 -0.97834
vn -0.12249 -0.13639 -0.98305
vn -0.30619 -0.69517 -0.65037
vn 0 -0.93171 0.3632
vn -0.1225 -0.1363 -0.98307
vn -0.97989 -0.038 -0.1959
vn -0.99798 -0.048 -0.0417
vn -0.126 -0.28879 0.94907
vn -0.96282 -0.1218 0.24111
vn 0 0 -1
vn -0.1448 -0.73111 -0.66671
vn -0.1447 -0.73112 -0.66672
vn -0.98873 -0.0447 -0.1429
vn -0.97991 -0.038 -0.1958
vn 0 -0.72458 -0.68919
vn -0.3063 -0.6952 -0.6503
vn 0.0002 -0.99694 -0.0782
vn -0.30621 -0.69512 -0.65042
vn -0.99798 -0.0481 -0.0416
vn -0.40389 -0.2031 0.89198
vn 0 -0.24891 0.96853
vn 0 0.30791 0.95142
vn -0.2032 0.9771 0.0631
vn -0.2044 0.97628 0.0714
vn 0 0.99956 0.0296
vn -0.1367 0.99048 0.0161
vn -0.13959 0.98946 0.0386
vn 0 0.99848 -0.0552
vn -0.1182 0.97524 -0.18691
vn -0.2384 0.95698 0.1654
vn -0.27241 0.93993 0.20571
vn -0.65212 0.17631 0.73733
vn -0.2725 0.93991 0.2057
vn -0.13 -0.3364 0.9327
vn -0.65218 0.17629 0.73728
vn -0.1477 0.2407 0.9593
vn -0.13739 -0.05 0.98925
vn -0.1706 0.98463 0.0375
vn -0.1706 0.98462 0.0376
vn -0.1182 0.97522 -0.187
vn -0.1183 0.97523 -0.18691
vn 0.0001 0.99578 -0.0918
vn -0.0001 -0.24891 0.96853
vn -0.1301 -0.3364 0.93269
vn -0.0023 -0.51161 0.85922
vn -0.1571 0.97709 0.1436
vn -0.2041 0.1555 0.96652
vn -0.2725 0.93989 0.2058
vn -0.65211 0.1764 0.73731
vn -0.2041 0.1556 0.9665
vn -0.4039 -0.203 0.892
vn 0.80509 0.2472 -0.53919
vn 1 0 0
vn 0.95431 -0.0279 0.2975
vn 0.15181 0.15771 0.97575
vn 0.76996 -0.28792 0.56944
vn 0.76991 -0.28791 0.56951
vn 0.1518 -0.87927 0.45149
vn 0.96281 -0.267 -0.0414
vn 0.1519 -0.7011 -0.6967
vn 0.76999 -0.1018 -0.62989
vn 0.80511 0.2473 -0.53911
vn 0.80513 0.24721 -0.53912
vn 0.1518 0.44591 -0.88211
vn 0.96278 -0.26709 -0.0414
vn 0.1519 -0.8793 0.4514
vn -0.1016 -0.95669 0.2728
vn -0.1016 -0.95667 0.27289
vn -0.1016 -0.93438 -0.34149
vn 0.96278 -0.26709 -0.0415
vn 0.77 -0.2879 0.5694
vn -0.1016 -0.61363 0.78303
vn 0.77002 -0.28781 0.56942
vn 0.15191 0.15761 0.97575
vn -0.1016 -0.0361 0.99417
vn -0.1015 -0.0361 0.99418
vn -0.1016 -0.61358 0.78307
vn -0.0396 -0.0934 0.99484
vn 0.3173 0.077 0.94519
vn 0.87867 0.46158 0.122
vn -0.0955 0.96049 0.2614
vn -0.1603 0.0779 0.98399
vn 0.31739 0.0771 0.94516
vn 0.87868 0.46159 0.1219
vn 0.78405 0.35298 -0.51057
vn -0.0457 0.5681 -0.82169
vn -0.0458 0.56809 -0.82169
vn 0.15189 0.44598 -0.88206
vn -0.1016 0.61358 -0.78307
vn -0.1344 0.41221 -0.90112
vn -0.1016 0.0362 -0.99417
vn 0.77003 -0.1019 -0.62982
vn -0.1016 -0.55519 -0.82549
vn -0.1015 -0.5552 -0.8255
vn -0.1016 0.0361 -0.99417
vn 0.1518 -0.70121 -0.69661
vn -0.1015 -0.93436 -0.34158
vn -0.10159 -0.93435 -0.34158
vn -0.1015 -0.95668 0.27289
vn -0.92115 -0.37698 0.09679
vn -0.99595 -0.0836 -0.0331
vn -0.1015 -0.93439 -0.3415
vn -0.99906 -0.0275 0.0334
vn -0.99907 -0.0275 0.0333
vn -0.92121 -0.0245 0.3883
vn -0.99906 -0.0276 0.0333
vn -0.99634 -0.0086 0.0851
vn -0.99634 -0.0085 0.0851
vn -0.92121 -0.0244 0.3883
vn -0.1603 0.0778 0.984
vn -0.99844 0.0539 0.0146
vn -0.99844 0.0539 0.0147
vn -0.99651 0.0044 0.0833
vn -0.1602 0.0779 0.98401
vn -0.0458 0.56802 -0.82174
vn -0.96761 0.1407 -0.2096
vn -0.0955 0.96052 0.26131
vn -0.1343 0.41209 -0.90119
vn -0.9212 0.248 -0.2998
vn -0.99838 0.0231 -0.052
vn -0.99947 0.0021 -0.0326
vn -0.92117 -0.20849 -0.32859
vn -0.1016 -0.55513 -0.82554
vn -1 0 0
vn -0.99946 0.0021 -0.0327
vn -0.9212 -0.2085 -0.3285
vn -0.99594 -0.0837 -0.0331
vn -0.92118 -0.37689 0.0968
vn 0.87871 0.4615 0.122
vn 0.31739 0.077 0.94516
vn 0.78408 0.35289 -0.51058
vn -0.1602 0.0778 0.98401
vn 0.95428 -0.0279 0.2976
vn -0.0457 0.56798 -0.82177
vn 0.78409 0.35299 -0.51049
vn -0.99651 0.0045 0.0834
vn -0.99651 0.0045 0.0833
vn -0.96763 0.1407 -0.20951
vn -0.99838 0.023 -0.0521
vn -0.96764 0.14061 -0.20951
vn 0.6946 0.7192 0.0164
vn 0.1144 0.98386 0.13759
vn 0.0447 0.99044 0.13051
vn 0.7877 0.6141 -0.049
vn -0.1724 0.65848 -0.73258
vn -0.0982 0.33279 -0.93787
vn -0.1157 0.3358 -0.9348
vn -0.1701 0.64511 -0.74491
vn -0.17241 0.65853 -0.73254
vn -0.1365 0.87021 -0.4734
vn -0.1364 0.87022 -0.47341
vn -0.0936 0.89507 -0.43599
vn -0.21401 0.88283 -0.41811
vn -0.2141 0.88281 -0.4181
vn -0.0981 0.33279 -0.93788
vn -0.17241 0.65843 -0.73263
vn -0.1863 0.97939 -0.078
vn -0.0936 0.89511 -0.43591
vn -0.1862 0.97941 -0.078
vn -0.1365 0.87027 -0.47328
vn -0.1364 0.87028 -0.47329
vn -0.1482 0.98501 -0.0883
vn -0.1863 0.9794 -0.0779
vn -0.1483 0.98499 -0.0883
vn -0.34459 0.88048 0.32559
vn -0.2295 0.93068 0.28489
vn -0.3886 0.68531 0.61591
vn -0.4788 0.6548 0.5848
vn -0.49369 0.39789 0.77328
vn -0.387 0.4064 0.82769
vn -0.38849 0.68539 0.61589
vn -0.37892 0.68773 0.61923
vn -0.3886 0.6854 0.6158
vn -0.37889 0.68779 0.61919
vn -0.24781 0.91464 0.31941
vn -0.24769 0.91465 0.31948
vn -0.22949 0.93065 0.28499
vn -0.38852 0.68543 0.61583
vn -0.3447 0.8804 0.3257
vn -0.47869 0.65489 0.58479
vn -0.3091 0.9474 -0.083
vn -0.45071 0.82702 0.33601
vn -0.3091 0.94739 -0.0831
vn -0.1482 0.985 -0.0884
vn -0.2439 0.82849 -0.5041
vn -0.24399 0.82847 -0.50408
vn -0.65207 0.61018 -0.44998
vn -0.6796 0.72509 -0.1113
vn -0.6797 0.725 -0.1113
vn -0.73478 0.63028 0.25069
vn -0.73481 0.63021 0.2508
vn -0.54012 0.62043 0.56863
vn -0.45069 0.82699 0.3361
vn -0.75074 0.49272 0.44002
vn -0.54009 0.62049 0.56859
vn -0.7507 0.4927 0.4401
vn -0.77655 0.30892 0.54913
vn -0.7765 0.3089 0.5492
vn -0.579 0.3911 0.7154
vn -0.54009 0.62039 0.56869
vn -0.34471 0.88043 0.32561
vn -0.38258 0.0328 0.92334
vn -0.47499 0.0652 0.87757
vn -0.35689 -0.31929 0.87788
vn -0.2476 -0.3615 0.8989
vn -0.38261 0.0327 0.92333
vn -0.38249 0.0327 0.92338
vn -0.24751 -0.36151 0.89892
vn -0.2101 -0.37839 0.90149
vn -0.38261 0.0328 0.92333
vn -0.32192 0.40122 0.85755
vn -0.38701 0.40631 0.82773
vn -0.49371 0.3978 0.77331
vn -0.47498 0.0653 0.87757
vn -0.5592 0.0775 0.8254
vn -0.57902 0.39102 0.71543
vn -0.79192 0.0616 0.60751
vn -0.55921 0.0774 0.82541
vn -0.73449 -0.2251 0.64019
vn -0.4751 -0.2579 0.84129
vn -0.3569 -0.3192 0.87791
vn -0.57898 0.39099 0.71548
vn -0.29751 -0.59602 0.74582
vn -0.4752 -0.258 0.8412
vn -0.73445 -0.22511 0.64024
vn -0.59362 -0.50962 0.62282
vn -0.2974 -0.5961 0.7458
vn -0.59359 -0.50969 0.62279
vn -0.3904 -0.79511 0.4641
vn -0.1162 -0.83329 0.54049
vn -0.0771 -0.85528 0.51239
vn -0.0772 -0.85532 0.51231
vn -0.2121 -0.62971 0.74731
vn -0.2974 -0.59599 0.74589
vn -0.35688 -0.31938 0.87786
vn -0.47508 -0.25799 0.84127
vn -0.29742 -0.59604 0.74584
vn -0.99929 -0.0252 -0.0281
vn -0.99615 -0.085 -0.0216
vn -0.73448 -0.22519 0.64018
vn -0.79195 0.0616 0.60747
vn -0.77659 0.30889 0.54909
vn -0.999 0.0127 -0.0428
vn -0.99928 -0.0252 -0.0282
vn -0.99941 0.0265 -0.0219
vn -0.99977 -0.0193 0.0088
vn -0.99978 -0.0193 0.0087
vn -0.99614 -0.0813 -0.0331
vn -0.99614 -0.085 -0.0217
vn -0.98473 -0.17401 0.0049
vn -0.99614 -0.0813 -0.033
vn -0.99059 -0.1109 -0.0802
vn -0.98475 -0.17391 0.0049
vn -0.99058 -0.1109 -0.0803
vn -0.98709 -0.1125 -0.114
vn -0.98696 -0.113 -0.1146
vn -0.96101 -0.2765 0.0036
vn -0.96098 -0.27659 0.0036
vn -0.39049 -0.79507 0.46409
vn -0.59368 -0.50959 0.62278
vn -0.59372 -0.50962 0.62272
vn -0.9277 -0.3655 -0.076
vn -0.28629 -0.95468 0.0814
vn -0.9277 -0.3655 -0.0761
vn -0.98829 -0.1134 -0.1021
vn -0.92773 -0.36541 -0.0761
vn -0.98841 -0.113 -0.1014
vn -0.97172 -0.194 -0.1346
vn -0.97175 -0.19391 -0.13451
vn -0.91122 -0.36611 -0.1888
vn -0.91118 -0.36619 -0.1888
vn -0.2962 -0.90169 -0.315
vn -0.0173 -0.99109 0.1321
vn -0.2863 -0.95469 0.0813
vn -0.29621 -0.90172 -0.31491
vn 0.0076 -0.95168 -0.30699
vn -0.0174 -0.99108 0.1321
vn 0.0077 -0.95171 -0.3069
vn 0.0529 -0.95822 -0.28111
vn 0.053 -0.95821 -0.2811
vn 0.0407 -0.98937 0.1396
vn -0.0173 -0.99107 0.1322
vn 0.0407 -0.98936 0.13969
vn -0.0771 -0.85533 0.51232
vn -0.0174 -0.99107 0.1322
vn -0.1162 -0.83333 0.54042
vn -0.39051 -0.79511 0.46401
vn -0.0801 -0.98846 0.12859
vn -0.0095 -0.96362 -0.26711
vn -0.0096 -0.96362 -0.26711
vn -0.27072 -0.95596 0.11341
vn -0.0801 -0.98844 0.12871
vn -0.27071 -0.95593 0.1136
vn -0.20061 -0.84623 0.49362
vn -0.0859 -0.87079 0.48409
vn -0.0771 -0.85536 0.51227
vn -0.0801 -0.98844 0.12869
vn -0.1918 -0.65351 0.73221
vn -0.19179 -0.65357 0.73216
vn -0.22791 -0.65533 0.72014
vn -0.21 -0.37861 0.90142
vn -0.2475 -0.36159 0.89889
vn -0.24759 -0.36159 0.89886
vn -0.0931 -0.1434 -0.98528
vn 0.0033 -0.52332 -0.85213
vn -0.093 -0.1434 -0.98529
vn 0.0233 -0.5133 -0.85789
vn -0.0411 -0.098 -0.99434
vn -0.0931 -0.1433 -0.98529
vn -0.0411 -0.0979 -0.99435
vn -0.1157 0.33571 -0.93483
vn -0.0981 0.33271 -0.93791
vn -0.2537 0.6128 -0.7484
vn -0.22539 0.33249 -0.91578
vn -0.25379 0.61279 -0.74838
vn -0.54132 0.24531 -0.80423
vn -0.68116 0.40418 -0.61046
vn -0.6812 0.4042 -0.6104
vn -0.65211 0.61011 -0.45001
vn -0.97846 -0.19379 -0.0711
vn -0.98322 -0.1509 -0.1025
vn -0.97847 -0.19379 -0.071
vn -0.98308 -0.1741 -0.0569
vn -0.97848 -0.1937 -0.0711
vn -0.98309 -0.1741 -0.0568
vn -0.98662 -0.1532 -0.0557
vn -0.98664 -0.15311 -0.0557
vn -0.95915 -0.27589 -0.0626
vn -0.98251 -0.1479 -0.1131
vn -0.98321 -0.151 -0.1025
vn -0.9966 -0.036 -0.0741
vn -0.9832 -0.151 -0.1026
vn -0.9825 -0.1479 -0.1132
vn -0.99806 0.0122 -0.0611
vn -0.99659 -0.036 -0.0742
vn -0.99941 0.0264 -0.0218
vn -0.99941 0.0265 -0.0218
vn -0.77661 0.3088 0.54911
vn -0.75078 0.49269 0.43999
vn -0.9966 -0.0359 -0.0741
vn -0.73482 0.63022 0.25071
vn -0.7794 0.507 0.3681
vn -0.693 0.3539 0.6281
vn -0.99806 0.0123 -0.061
vn -0.99806 0.0123 -0.0611
vn -0.98253 -0.1478 -0.1131
vn -0.81909 0.5589 0.1293
vn -0.81908 0.55889 0.1294
vn -0.54663 0.80194 0.24101
vn -0.56281 0.67071 0.48311
vn -0.77936 0.50707 0.36808
vn -0.47298 0.48288 0.73697
vn -0.66636 0.0833 0.74096
vn -0.69298 0.35379 0.62818
vn -0.473 0.4828 0.737
vn -0.47292 0.48282 0.73704
vn -0.35368 0.11749 0.92796
vn -0.66631 0.0833 0.74101
vn -0.35369 0.1174 0.92797
vn -0.37521 -0.25411 0.89143
vn -0.6715 -0.2297 0.7045
vn -0.66637 0.0832 0.74097
vn -0.99977 -0.0193 0.0089
vn -0.99978 -0.0192 0.0088
vn -0.99941 0.0266 -0.0218
vn -0.69302 0.35381 0.62812
vn -0.66641 0.0833 0.74091
vn -0.76879 -0.437 0.4669
vn -0.76883 -0.43692 0.46692
vn -0.76876 -0.43698 0.46697
vn -0.37529 -0.25419 0.89137
vn -0.4255 -0.5744 0.6993
vn -0.49581 -0.77222 0.39731
vn -0.82319 -0.5305 0.2023
vn -0.76879 -0.43689 0.46699
vn -0.82321 -0.53051 0.2022
vn -0.99058 -0.111 -0.0802
vn -0.78781 -0.61501 -0.0336
vn -0.5022 -0.86449 0.0213
vn -0.7878 -0.615 -0.0337
vn -0.5022 -0.86449 0.0212
vn -0.33141 -0.88482 -0.32751
vn -0.33142 -0.88485 -0.32742
vn -0.68992 -0.66572 -0.28431
vn -0.97174 -0.19401 -0.1345
vn -0.9884 -0.1131 -0.1014
vn -0.58442 -0.61632 -0.52782
vn -0.93925 -0.25111 -0.23401
vn -0.58439 -0.61629 -0.52789
vn -0.33132 -0.88485 -0.32752
vn -0.195 -0.75981 -0.62021
vn -0.1298 -0.49858 -0.85707
vn -0.1297 -0.49859 -0.85708
vn -0.47912 -0.43192 -0.76413
vn -0.58449 -0.61629 -0.52779
vn -0.4792 -0.4319 -0.76409
vn -0.92102 -0.1948 -0.33731
vn -0.92104 -0.19471 -0.33731
vn -0.58449 -0.61619 -0.52789
vn -0.88691 -0.3391 -0.3137
vn -0.93928 -0.25109 -0.23389
vn -0.92108 -0.1947 -0.33719
vn -0.86268 -0.2499 -0.43969
vn -0.88683 -0.33921 -0.31381
vn -0.3201 -0.4638 -0.82609
vn -0.3221 -0.7234 -0.6107
vn -0.88685 -0.33918 -0.31378
vn -0.88688 -0.33919 -0.31369
vn -0.88688 -0.33909 -0.31379
vn -0.91124 -0.36611 -0.18871
vn -0.0039 -0.77963 -0.62623
vn -0.32201 -0.72342 -0.61072
vn -0.0038 -0.77958 -0.62629
vn -0.0345 -0.48701 -0.87272
vn -0.0039 -0.77958 -0.62629
vn 0.0233 -0.51341 -0.85782
vn 0.0503 -0.78282 -0.62021
vn -0.0038 -0.77963 -0.62623
vn 0.0502 -0.78286 -0.62017
vn 0.0529 -0.95819 -0.2812
vn 0.053 -0.95819 -0.2812
vn 0.0077 -0.95168 -0.30699
vn -0.0417 -0.80006 -0.59847
vn 0.0233 -0.51337 -0.85785
vn 0.0033 -0.52339 -0.85209
vn -0.0417 -0.80011 -0.59841
vn -0.1213 -0.55461 -0.82322
vn -0.2131 -0.79418 -0.56909
vn -0.0095 -0.96359 -0.2672
vn 0.0503 -0.78286 -0.62017
vn -0.11459 -0.0951 -0.98885
vn -0.32011 -0.46372 -0.82613
vn -0.38299 -0.0752 -0.92069
vn -0.1146 -0.095 -0.98886
vn -0.383 -0.0751 -0.92069
vn -0.54129 0.2452 -0.80429
vn -0.2254 0.3324 -0.91581
vn -0.1146 -0.0949 -0.98887
vn -0.89645 -0.0837 -0.43517
vn -0.89646 -0.0836 -0.43518
vn -0.89649 -0.0836 -0.4351
vn -0.92303 -0.0587 -0.38021
vn -0.96011 0.0238 -0.2786
vn -0.96014 0.0238 -0.27851
vn -0.95714 0.0229 -0.28871
vn -0.95711 0.0229 -0.2888
vn -0.54141 0.2452 -0.80421
vn -0.98796 -0.0501 -0.14639
vn -0.95715 0.0229 -0.28869
vn -0.96011 0.0237 -0.2786
vn -0.98273 0.0252 -0.18331
vn -0.98797 -0.0501 -0.1463
vn -0.98271 0.0252 -0.1834
vn -0.98663 -0.1532 -0.0556
vn -0.98795 -0.0502 -0.14639
vn -0.54139 0.2453 -0.80419
vn -0.98795 -0.0502 -0.14641
vn -0.80361 0.5832 -0.1187
vn -0.70973 0.57092 -0.41272
vn -0.31942 0.80724 -0.49632
vn -0.31939 0.80727 -0.49628
vn -0.46178 0.87927 -0.1168
vn -0.8036 0.5832 -0.1188
vn -0.46179 0.87928 -0.1167
vn -0.54658 0.80198 0.24099
vn -0.5466 0.802 0.2409
vn -0.81972 0.55691 0.1338
vn -0.95918 -0.27579 -0.0626
vn -0.2189 -0.97228 0.0822
vn -0.2395 -0.8556 0.4589
vn -0.0906 -0.86051 0.50131
vn -0.0907 -0.8605 0.5013
vn -0.0898 -0.99063 0.1029
vn -0.2189 -0.97229 0.0821
vn -0.0899 -0.99064 0.1027
vn -0.0275 -0.96383 -0.26511
vn -0.1332 -0.94132 -0.31011
vn -0.21899 -0.97227 0.0821
vn -0.1333 -0.94131 -0.3101
vn -0.3313 -0.8849 -0.3274
vn -0.50212 -0.86454 0.0212
vn -0.21899 -0.97226 0.0822
vn -0.49577 -0.77226 0.39728
vn -0.23959 -0.85558 0.45889
vn -0.4815 -0.0537 -0.8748
vn -0.47908 -0.43188 -0.76417
vn -0.1298 -0.49851 -0.85711
vn -0.101 -0.0439 -0.99392
vn -0.4815 -0.0536 -0.8748
vn -0.101 -0.0438 -0.99392
vn -0.16371 0.39072 -0.90584
vn -0.1638 0.39071 -0.90582
vn -0.52852 0.30631 -0.79173
vn -0.96008 0.0238 -0.2787
vn -0.923 -0.0587 -0.3803
vn -0.48158 -0.0537 -0.87476
vn -0.6184 0.4735 -0.6272
vn -0.52859 0.3063 -0.79169
vn -0.61839 0.47339 -0.62729
vn -0.6183 0.4735 -0.6273
vn -0.5285 0.3064 -0.79171
vn -0.1638 0.39079 -0.90579
vn -0.2166 0.6295 -0.7462
vn -0.61836 0.47347 -0.62726
vn -0.2166 0.62961 -0.74611
vn -0.98271 0.0253 -0.1834
vn -0.0289 0.65209 -0.75759
vn -0.0946 0.8602 -0.5011
vn -0.3193 0.8073 -0.4963
vn -0.0289 0.65203 -0.75764
vn -0.2165 0.62951 -0.74622
vn -0.1637 0.3908 -0.9058
vn 0.0041 0.40169 -0.91577
vn -0.0289 0.65198 -0.75768
vn 0.0042 0.40169 -0.91577
vn 0.0925 0.39899 -0.91228
vn 0.0925 0.39911 -0.91222
vn 0.0612 0.63219 -0.77239
vn 0.04 0.85036 -0.52468
vn -0.0945 0.86021 -0.50111
vn -0.24211 0.96674 -0.0825
vn 0.04 0.85041 -0.5246
vn -0.0698 0.99462 -0.0766
vn -0.24211 0.96674 -0.0824
vn -0.0698 0.99462 -0.0765
vn -0.17529 0.93767 0.30009
vn -0.1752 0.93768 0.30009
vn -0.34442 0.89364 0.28771
vn -0.3445 0.89361 0.2877
vn -0.2422 0.96672 -0.0824
vn -0.35381 0.77031 0.53051
vn -0.56277 0.67077 0.48308
vn -0.34441 0.89362 0.28781
vn -0.3538 0.77039 0.5304
vn -0.2035 0.81721 0.53921
vn -0.35378 0.77035 0.53047
vn -0.20349 0.81717 0.53928
vn -0.22321 0.60912 0.76102
vn -0.32568 0.56906 0.75505
vn -0.3257 0.56911 0.75501
vn -0.47301 0.48291 0.73692
vn -0.2188 -0.5938 0.7743
vn -0.42549 -0.57429 0.69939
vn -0.3752 -0.2542 0.89141
vn -0.2127 -0.266 0.94021
vn -0.21869 -0.59387 0.77427
vn -0.1456 -0.22089 0.96437
vn -0.14569 -0.22089 0.96436
vn -0.0931 -0.5922 0.8004
vn -0.21871 -0.59392 0.77423
vn -0.0907 -0.86046 0.50138
vn -0.2396 -0.85551 0.45901
vn -0.2188 -0.59391 0.77421
vn -0.27529 0.17309 0.94565
vn -0.3257 0.569 0.75509
vn -0.22319 0.60907 0.76106
vn -0.2232 0.60901 0.76111
vn -0.20851 0.21571 0.95394
vn -0.27529 0.17299 0.94567
vn -0.2753 0.1729 0.94568
vn -0.20849 0.21559 0.95397
vn -0.1456 -0.2208 0.96439
vn -0.21271 -0.26591 0.94024
vn -0.2752 0.173 0.94569
vn -0.3536 0.1175 0.92799
vn -0.4729 0.4829 0.737
vn -0.0484 -0.56907 0.82086
vn -0.1196 -0.1783 0.97668
vn -0.0484 -0.56912 0.82083
vn -0.0484 -0.56919 0.82078
vn -0.0229 -0.86022 0.50941
vn -0.056 -0.86329 0.50159
vn -0.0906 -0.86047 0.50138
vn -0.0079 -0.98966 0.14319
vn -0.056 -0.86336 0.50148
vn 0.0452 -0.9962 0.0744
vn -0.0079 -0.98968 0.1431
vn 0.0102 -0.97199 -0.2348
vn -0.0898 -0.99064 0.1028
vn -0.0387 -0.7906 -0.6111
vn -0.1332 -0.94129 -0.3102
vn -0.0275 -0.9638 -0.2652
vn 0.0592 -0.8025 -0.5937
vn -0.0387 -0.79052 -0.61121
vn 0.0592 -0.80246 -0.59377
vn 0.0916 -0.5345 -0.84019
vn 0.0916 -0.53442 -0.84024
vn 0.0161 -0.52169 -0.85298
vn -0.19499 -0.75985 -0.62016
vn -0.33129 -0.88487 -0.32749
vn -0.1333 -0.94128 -0.31019
vn 0.0294 -0.0509 -0.99827
vn 0.0162 -0.52169 -0.85298
vn 0.0916 -0.53438 -0.84027
vn 0.1083 -0.0745 -0.99132
vn 0.1083 -0.0744 -0.99133
vn 0.0042 0.4016 -0.9158
vn 0.0294 -0.0508 -0.99828
vn -0.16369 0.39068 -0.90586
vn 0.0294 -0.051 -0.99827
vn -0.1009 -0.0439 -0.99393
vn -0.1297 -0.49851 -0.85712
vn 0.2154 -0.082 -0.97308
vn 0.1339 0.3696 -0.91949
vn 0.21539 -0.0821 -0.97307
vn 0.1383 -0.5411 -0.82951
vn 0.1384 -0.5411 -0.82949
vn 0.1948 -0.5651 -0.8017
vn 0.1949 -0.56509 -0.80168
vn 0.16321 0.38952 -0.90644
vn 0.1445 0.61348 -0.77638
vn 0.13389 0.36968 -0.91946
vn 0.16311 0.38952 -0.90646
vn 0.14451 0.61353 -0.77634
vn 0.1135 0.81167 -0.57298
vn 0.1444 0.6136 -0.7763
vn 0.1444 0.61349 -0.77639
vn 0.0192 0.99636 -0.0831
vn -0.0697 0.99462 -0.0766
vn 0.1134 0.81173 -0.57292
vn 0.1135 0.81172 -0.57291
vn 0.0192 0.99636 -0.083
vn -0.113 0.95273 0.28201
vn -0.1752 0.93771 0.3
vn -0.1283 0.8376 0.531
vn -0.20341 0.81723 0.53922
vn -0.113 0.95271 0.2821
vn -0.0229 0.85258 0.52209
vn -0.1282 0.83761 0.53101
vn -0.08871 0.67654 0.73104
vn -0.0887 0.67659 0.73099
vn -0.17861 0.63102 0.75493
vn -0.17859 0.63108 0.75488
vn -0.12829 0.83756 0.53107
vn -0.1309 0.2732 0.95301
vn -0.20849 0.21569 0.95395
vn -0.17859 0.63097 0.75497
vn -0.13081 0.27311 0.95305
vn 0.0017 0.33119 0.94356
vn -0.1196 -0.1782 0.9767
vn -0.1309 0.27311 0.95303
vn -0.1457 -0.22079 0.96438
vn 0.1261 -0.8306 -0.5424
vn 0.1949 -0.5652 -0.8016
vn 0.126 -0.83057 -0.54248
vn 0.0592 -0.80242 -0.59382
vn 0.126 -0.83061 -0.54241
vn 0.0102 -0.97197 -0.23489
vn 0.1089 -0.97902 -0.1722
vn -0.1335 0.96132 -0.24091
vn -0.2007 0.95018 -0.23849
vn -0.90541 0.38201 -0.1852
vn -0.20079 0.95016 -0.23849
vn -0.44851 0.85612 -0.25671
vn -0.44859 0.85608 -0.25669
vn -0.73882 0.65612 -0.1538
vn -0.89386 0.44548 0.0506
vn -0.8939 0.4454 0.0506
vn -0.13211 0.67053 -0.73003
vn -0.2454 -0.96912 -0.0242
vn -0.60252 -0.77823 0.17701
vn -0.60828 -0.78727 0.101
vn -0.24541 -0.96912 -0.0241
vn -0.60828 -0.78728 0.1009
vn -0.52942 -0.84143 0.1082
vn -0.52938 -0.84147 0.1081
vn -0.1517 -0.98653 0.0612
vn -0.24531 -0.96914 -0.0242
vn -0.15161 -0.98654 0.0612
vn 0.182 -0.97038 -0.1589
vn 0.0197 -0.97838 -0.20589
vn -0.0836 -0.93536 -0.34368
vn -0.0324 0.94733 -0.31861
vn 0.1996 0.89731 -0.3937
vn 0.19961 0.89734 -0.39362
vn 0.21279 0.91496 -0.34288
vn -0.0791 0.95474 -0.28671
vn -0.0325 0.94733 -0.31861
vn -0.0792 0.95474 -0.28671
vn -0.44852 0.85614 -0.25661
vn 0.0392 0.91453 -0.40261
vn -0.7385 0.6702 -0.0739
vn -0.91543 0.39351 0.0845
vn -0.73886 0.65607 -0.15379
vn -0.7384 0.6703 -0.074
vn -0.4486 0.8561 -0.2566
vn -0.52549 0.81938 -0.22909
vn -0.56692 0.79522 -0.21501
vn -0.56698 0.79518 -0.21499
vn -0.77056 0.62347 -0.13239
vn -0.73844 0.67024 -0.074
vn -0.73849 0.67019 -0.074
vn -0.77061 0.62341 -0.1324
vn -0.92241 0.3849 -0.0318
vn -0.97807 0.1907 0.0837
vn -0.98373 0.14361 0.1079
vn -0.95262 -0.2607 0.1567
vn -0.99415 0.0816 0.0708
vn -0.97806 0.19079 0.0837
vn -0.8939 0.4454 0.0507
vn -0.98876 0.0892 0.12
vn -0.92245 0.38482 -0.0317
vn -0.92244 0.38482 -0.0318
vn -0.99773 0.026 0.0621
vn -0.94372 -0.32661 0.0522
vn -0.94773 -0.29861 0.1124
vn -0.94772 -0.29861 0.1125
vn -0.98375 0.14351 0.10791
vn -0.98877 0.0891 0.12
vn -0.98875 0.0892 0.12011
vn -0.77233 -0.62343 0.12181
vn -0.78644 -0.59633 0.16091
vn -0.95259 -0.2608 0.1567
vn -0.94769 -0.2987 0.1125
vn -0.77229 -0.62349 0.1218
vn -0.9477 -0.2987 0.1124
vn -0.94369 -0.3267 0.0522
vn -0.77149 -0.63519 0.0366
vn -0.5021 -0.86479 0.0055
vn -0.51401 -0.85252 0.0949
vn -0.51389 -0.85259 0.0949
vn -0.5295 -0.8414 0.1081
vn -0.52949 -0.84139 0.1082
vn -0.7864 -0.5964 0.1609
vn -0.94938 -0.2147 0.2293
vn -0.6084 -0.78719 0.1009
vn 0 -0.83378 -0.55209
vn -0.0835 -0.93536 -0.34369
vn 0.0197 -0.97836 -0.20599
vn 0.0198 -0.97837 -0.20589
vn 0.18199 -0.97036 -0.15899
vn 0.43109 -0.69818 -0.57158
vn 0 -0.83375 -0.55214
vn 0.81239 -0.3604 -0.4584
vn 0.81242 -0.36031 -0.45841
vn 0.0001 -0.4023 -0.91551
vn 0 0.63649 -0.77129
vn 0 0.25431 -0.96712
vn 0.9643 0.1012 -0.2447
vn 0.96427 0.1013 -0.24479
vn 0.87678 0.30219 -0.37409
vn 0.74109 0.53069 -0.41129
vn 0.69958 0.52198 -0.48798
vn 0 0.63643 -0.77134
vn 0.69961 0.52191 -0.48801
vn 0.65842 0.51281 -0.55092
vn 0.41799 0.75908 -0.49909
vn 0.65838 0.51289 -0.55089
vn 0.41809 0.75908 -0.49899
vn 0.74104 0.53073 -0.41132
vn 0.49788 0.76167 -0.41469
vn 0.41801 0.75912 -0.49901
vn 0.49781 0.76171 -0.41471
vn 0.21281 0.91494 -0.34292
vn 0.21291 0.91492 -0.34291
vn 0.19971 0.89732 -0.39361
vn -0.2041 0.92279 -0.3268
vn 0.21651 0.90933 -0.35531
vn 0.21721 0.84773 -0.48392
vn 0.21719 0.84776 -0.48388
vn -0.17139 0.85626 -0.48728
vn -0.20419 0.92277 -0.32679
vn -0.1714 0.8563 -0.4872
vn -0.47229 0.76828 -0.43209
vn -0.51272 0.80813 -0.28991
vn -0.51268 0.80816 -0.28989
vn -0.5669 0.79521 -0.2151
vn -0.74514 0.61783 -0.25111
vn -0.51279 0.80809 -0.2899
vn -0.4724 0.7682 -0.4321
vn -0.47236 0.76824 -0.43207
vn -0.71521 0.60351 -0.3525
vn -0.74518 0.61778 -0.25109
vn -0.88862 0.31831 -0.33021
vn -0.88865 0.31832 -0.33012
vn -0.91718 0.37169 -0.1436
vn -0.99293 0.0054 -0.1186
vn -0.99774 0.026 0.062
vn -0.91723 0.37161 -0.1435
vn -0.91722 0.37161 -0.1436
vn -0.88867 0.31819 -0.33019
vn -0.93422 -0.0612 -0.35141
vn -0.99293 0.0053 -0.1186
vn -0.93421 -0.0613 -0.35141
vn -0.84683 -0.35051 -0.40002
vn -0.9248 -0.3544 -0.1384
vn -0.94372 -0.32661 0.0521
vn -0.99773 0.0259 0.0621
vn -0.76402 -0.62932 -0.1422
vn -0.92476 -0.35449 -0.13839
vn -0.8468 -0.3505 -0.4001
vn -0.69641 -0.55291 -0.45751
vn -0.76398 -0.62938 -0.1422
vn -0.49799 -0.75669 -0.42359
vn -0.50597 -0.84825 -0.15639
vn -0.5059 -0.8483 -0.1564
vn -0.77149 -0.63519 0.0365
vn -0.94369 -0.3267 0.0521
vn -0.76404 -0.62933 -0.14211
vn -0.0986 -0.96713 -0.23441
vn -0.0962 -0.9902 -0.1012
vn -0.50198 -0.86486 0.0055
vn -0.0986 -0.96715 -0.23431
vn -0.1368 -0.87783 -0.45902
vn -0.1367 -0.8778 -0.4591
vn 0.23709 -0.81838 -0.52349
vn 0.2371 -0.8183 -0.5236
vn 0.31151 -0.88493 -0.34621
vn -0.0985 -0.96713 -0.23441
vn 0.32781 -0.91333 -0.24161
vn -0.0961 -0.99021 -0.1012
vn -0.1206 -0.99269 0.0054
vn 0.32799 -0.93058 -0.1626
vn -0.1207 -0.99267 0.0054
vn -0.52938 -0.84146 0.10819
vn -0.51389 -0.85258 0.095
vn -0.50202 -0.86484 0.0055
vn 0 -0.31401 -0.94942
vn 0.0001 -0.40222 -0.91554
vn 0.95903 -0.1396 -0.24651
vn 0 -0.31389 -0.94946
vn 0.96129 -0.0239 -0.2745
vn 0.96129 -0.0238 -0.2745
vn 0.9562 0.0529 -0.2879
vn 0 -0.31392 -0.94945
vn 0 0.25419 -0.96715
vn 0.62093 -0.72533 -0.29721
vn 0.32811 -0.93052 -0.1627
vn 0.3279 -0.9133 -0.2416
vn 0.60884 -0.71214 -0.34952
vn 0.62099 -0.72529 -0.2972
vn 0.60888 -0.71208 -0.34959
vn 0.82869 -0.47739 -0.29219
vn 0.84942 -0.41871 -0.32121
vn 0.43111 -0.69822 -0.57152
vn 0.18211 -0.97034 -0.15901
vn 0.18209 -0.97036 -0.15889
vn 0.94982 -0.1989 -0.24141
vn 0.84948 -0.41859 -0.32119
vn 0.96261 -0.2234 -0.1532
vn 0.94984 -0.19881 -0.24141
vn 0.98539 0.0166 -0.1695
vn 0.98541 0.0166 -0.1694
vn 0.98659 0.0059 -0.1631
vn 0.92338 0.25259 -0.28909
vn 0.98659 0.006 -0.1631
vn 0.98539 0.0167 -0.1695
vn 0.92958 0.27909 -0.2408
vn 0.92334 0.25271 -0.28911
vn 0.92956 0.27919 -0.24079
vn 0.76078 0.54148 -0.35779
vn 0.7841 0.5067 -0.3584
vn 0.74112 0.53062 -0.41131
vn 0.92331 0.2527 -0.2892
vn 0.96428 0.1012 -0.24479
vn 0.95617 0.0529 -0.28799
vn 0.96127 -0.0238 -0.27459
vn 0.91801 -0.2748 -0.2859
vn 0.96434 0.0055 -0.26461
vn 0.91804 -0.27481 -0.28581
vn 0.91798 -0.2749 -0.2859
vn 0.82871 -0.47741 -0.2921
vn 0.76708 -0.53319 -0.35679
vn 0.76704 -0.53323 -0.35682
vn 0.6255 -0.5132 -0.5877
vn 0.62543 -0.51323 -0.58773
vn 0.73402 -0.29851 -0.61001
vn 0.73406 -0.29848 -0.60997
vn 0.77401 -0.0366 -0.63211
vn 0.90999 0.2748 -0.3105
vn 0.77402 -0.0365 -0.63211
vn 0.72174 0.16851 -0.67134
vn 0.72173 0.16861 -0.67133
vn 0.60282 0.39801 -0.69152
vn 0.60278 0.39798 -0.69157
vn 0.71618 0.55329 -0.42539
vn 0.90996 0.27489 -0.31049
vn 0.98541 0.0167 -0.1694
vn 0.91002 0.27481 -0.31041
vn 0.3912 0.6246 -0.6759
vn 0.50764 0.73725 -0.44583
vn 0.76074 0.54153 -0.35782
vn 0.76069 0.5416 -0.3578
vn 0.71609 0.5534 -0.4254
vn 0.60271 0.39801 -0.69161
vn -0.0227 0.1125 -0.99339
vn 0.3912 0.6245 -0.676
vn 0.39111 0.62462 -0.67593
vn -0.0228 0.1125 -0.99339
vn 0.1467 0.1978 -0.9692
vn 0.1467 0.1977 -0.96922
vn 0.1493 0.34759 -0.92568
vn 0.14929 0.34768 -0.92565
vn 0.0049 0.39009 -0.92077
vn 0.0049 0.39 -0.9208
vn 0.1074 0.66971 -0.73481
vn 0.2173 0.84771 -0.48391
vn 0.5076 0.7373 -0.4458
vn 0.0363 -0.0178 -0.99918
vn 0.72169 0.1685 -0.67139
vn 0.77397 -0.0365 -0.63217
vn 0.1159 -0.0723 -0.99063
vn 0.0362 -0.0178 -0.99919
vn 0.1158 -0.0724 -0.99063
vn 0.24541 -0.0621 -0.96743
vn 0.19279 0.0478 -0.98007
vn 0.19289 0.0478 -0.98006
vn -0.0228 0.1124 -0.9934
vn -0.15231 0.62264 -0.76755
vn 0.1073 0.66972 -0.73482
vn -0.17711 0.40271 -0.89803
vn -0.1523 0.62259 -0.76759
vn -0.1772 0.40279 -0.89798
vn -0.3483 0.3887 -0.853
vn -0.4037 0.5295 -0.7461
vn -0.1523 0.6227 -0.7675
vn -0.1524 0.62269 -0.76749
vn -0.40371 0.52961 -0.74601
vn -0.47232 0.76823 -0.43212
vn 0.52169 0.76239 -0.38289
vn 0.2165 0.9093 -0.3554
vn 0.5218 0.7623 -0.3829
vn 0.78406 0.50677 -0.35838
vn 0.50771 0.73721 -0.44581
vn -0.61339 0.4204 -0.66859
vn -0.61346 0.42037 -0.66855
vn -0.61342 0.42031 -0.66862
vn -0.34839 0.38868 -0.85297
vn -0.5545 0.3243 -0.7664
vn -0.61348 0.42029 -0.66858
vn -0.77223 0.16431 -0.61373
vn -0.76921 0.1605 -0.61851
vn -0.7692 0.1606 -0.6185
vn -0.77207 -0.1015 -0.62738
vn -0.88694 -0.1099 -0.44862
vn -0.77208 -0.1014 -0.62738
vn -0.8869 -0.1099 -0.4487
vn -0.8278 -0.381 -0.4118
vn -0.82784 -0.38102 -0.41172
vn -0.67671 -0.3087 -0.66841
vn -0.77212 -0.1015 -0.62732
vn -0.67681 -0.3087 -0.66831
vn -0.77213 -0.1014 -0.62732
vn -0.57029 -0.43099 -0.69929
vn -0.69641 -0.55281 -0.45761
vn -0.57019 -0.43099 -0.69938
vn -0.67676 -0.30868 -0.66836
vn -0.82781 -0.3811 -0.4117
vn -0.6883 -0.5662 -0.4535
vn -0.57023 -0.43102 -0.69933
vn -0.68595 -0.56866 -0.45397
vn -0.45471 -0.64592 -0.61321
vn -0.45231 -0.64712 -0.61372
vn -0.41542 -0.52273 -0.74444
vn -0.41548 -0.52278 -0.74437
vn -0.49797 -0.75665 -0.42367
vn -0.18801 -0.56792 -0.80133
vn -0.45468 -0.64597 -0.61317
vn -0.16611 -0.64752 -0.74372
vn 0.0601 -0.5581 -0.8276
vn 0.0211 -0.5001 -0.86571
vn -0.188 -0.56799 -0.80128
vn 0.021 -0.50022 -0.86564
vn 0.23701 -0.81832 -0.52362
vn -0.1368 -0.87779 -0.4591
vn -0.4154 -0.5228 -0.7444
vn -0.1881 -0.56791 -0.80131
vn 0.1102 -0.39641 -0.91143
vn 0.4676 -0.6778 -0.5674
vn 0.0211 -0.50018 -0.86566
vn 0.11019 -0.39638 -0.91145
vn 0.1101 -0.3963 -0.9115
vn 0.021 -0.50011 -0.86571
vn 0.1662 -0.4308 -0.88701
vn 0.2125 -0.32561 -0.92132
vn 0.1221 -0.27249 -0.95438
vn 0.1101 -0.39638 -0.91146
vn 0.1102 -0.39629 -0.91149
vn 0.1222 -0.27261 -0.95433
vn 0.6254 -0.5132 -0.5878
vn 0.4677 -0.6778 -0.5673
vn 0.57712 -0.71962 -0.38611
vn 0.767 -0.5333 -0.3568
vn 0.82865 -0.47747 -0.29218
vn 0.57708 -0.71967 -0.38608
vn 0.60882 -0.71212 -0.34961
vn 0.57701 -0.71971 -0.38611
vn 0.46767 -0.67786 -0.56727
vn 0.1326 -0.1751 -0.97558
vn 0.2502 -0.2043 -0.94639
vn 0.1326 -0.175 -0.9756
vn 0.2455 -0.0621 -0.96741
vn 0.1327 -0.17509 -0.97557
vn 0.1159 -0.0724 -0.99062
vn 0.77392 -0.0366 -0.63222
vn 0.77393 -0.0365 -0.63222
vn 0.1222 -0.27249 -0.95437
vn 0.91059 -0.327 -0.2528
vn 0.96601 0.0145 -0.2581
vn 0.2502 -0.2042 -0.94641
vn 0.78727 -0.56228 -0.25309
vn 0.78731 -0.56221 -0.2531
vn 0.81943 -0.56852 -0.073
vn 0.94483 -0.32061 -0.0671
vn 0.94487 -0.32049 -0.0671
vn 0.99263 0.0565 -0.1072
vn 0.99262 0.0566 -0.1072
vn 0.96604 0.0144 -0.25801
vn 0.91062 -0.32691 -0.2528
vn 0.8413 0.3516 -0.4106
vn 0.96603 0.0145 -0.25801
vn 0.99262 0.0567 -0.1072
vn 0.88007 0.44499 -0.1657
vn 0.84127 0.35169 -0.41059
vn 0.64087 0.69727 -0.32109
vn 0.6409 0.6972 -0.3212
vn 0.65051 0.51031 -0.56251
vn 0.65048 0.51038 -0.56248
vn 0.84127 0.35159 -0.41068
vn 0.45608 0.70937 -0.53738
vn 0.1494 0.34771 -0.92562
vn 0.456 0.70941 -0.5374
vn 0.45611 0.70941 -0.53731
vn 0.64079 0.69729 -0.3212
vn 0.4451 0.7547 -0.482
vn 0.456 0.70949 -0.5373
vn 0.44506 0.75474 -0.48196
vn 0.18789 0.93347 -0.30549
vn 0.1745 0.86842 -0.46411
vn 0.45603 0.70944 -0.53733
vn 0.17441 0.86843 -0.46412
vn 0.14931 0.34771 -0.92564
vn -0.23121 0.85862 -0.45751
vn -0.2254 0.89341 -0.3886
vn -0.2313 0.8586 -0.4575
vn -0.2255 0.89339 -0.3886
vn -0.43422 0.86244 -0.26011
vn -0.4804 0.75489 -0.4465
vn -0.23119 0.85858 -0.45759
vn -0.48037 0.75486 -0.44658
vn -0.3484 0.3888 -0.85291
vn -0.34831 0.38882 -0.85294
vn -0.1771 0.4028 -0.89799
vn -0.7034 0.6485 -0.291
vn -0.4343 0.8624 -0.2601
vn -0.67812 0.73022 -0.0833
vn -0.70342 0.64852 -0.29091
vn -0.67817 0.73017 -0.0833
vn -0.91257 0.40639 0.0455
vn -0.91261 0.4063 0.0455
vn -0.92441 0.3731 -0.0791
vn -0.9244 0.3731 -0.0792
vn -0.77226 0.16439 -0.61367
vn -0.77222 0.1644 -0.61372
vn -0.55452 0.32441 -0.76633
vn -0.55448 0.32439 -0.76637
vn -0.99746 -0.0511 0.0496
vn -0.88696 -0.1099 -0.44858
vn -0.77227 0.16429 -0.61368
vn -0.92444 0.37302 -0.0792
vn -0.99746 -0.0512 0.0496
vn -0.99746 -0.0511 0.0497
vn -0.92445 0.37302 -0.0791
vn -0.9126 0.4063 0.0456
vn -0.98732 -0.0288 0.1561
vn -0.99745 -0.0512 0.0497
vn -0.98732 -0.0289 0.1561
vn -0.88771 -0.4156 0.1981
vn -0.88773 -0.41561 0.19801
vn -0.90247 -0.41539 0.114
vn -0.90243 -0.41551 0.1139
vn -0.73232 -0.67642 0.0785
vn -0.90242 -0.41551 0.114
vn -0.88767 -0.41569 0.19809
vn -0.88769 -0.4157 0.198
vn -0.70809 -0.68009 0.19
vn -0.73223 -0.67652 0.0785
vn -0.70799 -0.68019 0.19
vn -0.44471 -0.88591 0.1319
vn -0.47978 -0.87736 -0.0076
vn -0.73227 -0.67647 0.0785
vn -0.45471 -0.64601 -0.61311
vn -0.68599 -0.56869 -0.45389
vn -0.6859 -0.5687 -0.454
vn -0.0631 -0.99047 -0.1224
vn -0.0215 -0.99909 0.0368
vn 0.40401 -0.91383 -0.0411
vn 0.36601 -0.90562 -0.21421
vn -0.166 -0.64759 -0.74369
vn -0.0632 -0.99047 -0.1224
vn -0.16601 -0.64753 -0.74374
vn -0.4797 -0.8774 -0.0077
vn -0.4797 -0.8774 -0.0076
vn -0.44459 -0.88597 0.1319
vn -0.0216 -0.99909 0.0368
vn -0.0632 -0.99048 -0.1223
vn 0.6164 -0.7474 -0.2479
vn 0.65701 -0.75021 -0.0744
vn 0.81938 -0.56859 -0.073
vn 0.61633 -0.74744 -0.24791
vn 0.1663 -0.4308 -0.88699
vn 0.61629 -0.74749 -0.2479
vn 0.0602 -0.55809 -0.82759
vn 0.36609 -0.90557 -0.21429
vn 0.4041 -0.91379 -0.0411
vn 0.94289 -0.3257 -0.0698
vn 0.81017 -0.58048 -0.0816
vn 0.94292 -0.32561 -0.0698
vn 0.98943 0.0834 -0.1186
vn 0.98944 0.0834 -0.11851
vn 0.83661 0.5274 -0.1481
vn 0.98942 0.0835 -0.1186
vn 0.99 0.0893 -0.1092
vn 0.83653 0.52752 -0.14811
vn 0.81135 0.58403 -0.025
vn 0.55101 0.80731 -0.2113
vn 0.55102 0.80732 -0.21121
vn 0.64081 0.69731 -0.32111
vn 0.83656 0.52748 -0.14809
vn 0.98944 0.0835 -0.1185
vn 0.0818 0.96342 -0.25521
vn 0.55097 0.80736 -0.21119
vn 0.0817 0.96343 -0.25521
vn -0.35498 0.93395 -0.0415
vn -0.3583 0.9182 -0.1689
vn 0.18791 0.93343 -0.30561
vn 0.44502 0.75473 -0.48202
vn -0.97904 -0.0309 0.20131
vn -0.88122 -0.41641 0.22371
vn -0.97904 -0.0308 0.20131
vn -0.90309 0.4267 0.0485
vn -0.90313 0.42662 0.0485
vn -0.96854 0.13291 0.21041
vn -0.85236 -0.43383 0.29202
vn -0.68478 -0.68978 0.23509
vn -0.88117 -0.41649 0.22379
vn -0.68468 -0.68988 0.23509
vn -0.42131 -0.89402 0.1524
vn -0.68473 -0.68983 0.23511
vn -0.88119 -0.41649 0.2237
vn 0.0074 -0.99605 0.0885
vn -0.42119 -0.89408 0.1524
vn 0.0074 -0.99604 0.0886
vn -0.39273 -0.89526 0.21041
vn 0.0075 -0.99605 0.0885
vn 0.2006 -0.97671 0.0762
vn 0.42411 -0.90443 -0.0463
vn 0.40629 -0.91258 -0.046
vn 0.0075 -0.99604 0.0886
vn 0.65078 -0.75727 -0.055
vn 0.65083 -0.75723 -0.055
vn 0.81014 -0.58053 -0.0816
vn -0.65311 0.75672 -0.0287
vn -0.35839 0.91817 -0.16889
vn -0.65317 0.75667 -0.0287
vn -0.65317 0.75667 -0.0286
vn -0.91256 0.40638 0.0456
vn -0.43431 0.86242 -0.26001
vn -0.40309 -0.62578 -0.66778
vn -0.10429 -0.59697 -0.79546
vn -0.1043 -0.59702 -0.79542
vn 0.0773 -0.26941 -0.95992
vn 0.0158 0.0711 -0.99734
vn -0.31979 0.27839 -0.90567
vn -0.31971 0.27831 -0.90572
vn -0.6318 0.214 -0.745
vn 0.0772 -0.2695 -0.9599
vn 0.79931 -0.47851 -0.3635
vn 0.0773 -0.2695 -0.95989
vn -0.71079 -0.43319 -0.55419
vn -0.30768 -0.85235 0.42288
vn -0.79301 -0.41261 0.44821
vn -0.7484 -0.1139 -0.6534
vn -0.8937 0.4217 0.1532
vn -0.74836 -0.11379 -0.65346
vn -0.74841 -0.1138 -0.65341
vn -0.3183 0.1098 -0.94161
vn -0.52311 0.0605 -0.85012
vn -0.40311 -0.62582 -0.66772
vn -0.31839 0.1099 -0.94157
vn -0.66662 -0.0949 -0.73933
vn -0.52311 0.0604 -0.85012
vn -0.64884 -0.34592 -0.67775
vn -0.45709 -0.56319 -0.68839
vn -0.6488 -0.3459 -0.6778
vn -0.66667 -0.095 -0.73927
vn -0.0947 -0.0131 -0.99542
vn -0.15309 -0.52527 -0.83705
vn -0.63179 0.2141 -0.74499
vn -0.63186 0.21399 -0.74496
vn -0.153 -0.52521 -0.83711
vn -0.0022 -0.31509 -0.94906
vn -0.0017 -0.315 -0.94909
vn -0.0946 -0.0132 -0.99543
vn -0.0022 -0.315 -0.94909
vn -0.19881 -0.87815 -0.43512
vn 0.1299 -0.573 -0.8092
vn 0.65208 -0.70008 -0.29099
vn -0.19891 -0.87813 -0.43511
vn -0.59661 -0.77532 -0.2072
vn 0.1693 -0.0479 -0.9844
vn -0.2097 0.42869 -0.87878
vn 0.1299 -0.57311 -0.80912
vn 0.12989 -0.57306 -0.80915
vn -0.62048 0.49399 -0.60908
vn -0.25239 0.92495 -0.28419
vn 0.18719 0.78997 -0.58388
vn -0.92537 -0.35889 -0.122
vn -0.5966 -0.7753 -0.2073
vn -0.49717 -0.74336 0.44748
vn -0.9456 0.1153 -0.3042
vn -0.62042 0.49402 -0.60912
vn -0.94558 0.1153 -0.30429
vn -0.62045 0.49406 -0.60905
vn -0.58528 -0.25049 -0.77117
vn -0.58887 -0.30939 -0.74667
vn -0.59668 -0.77527 -0.20719
vn -0.58529 -0.2504 -0.77119
vn -0.52149 -0.2587 -0.81309
vn -0.58088 -0.24899 -0.77497
vn 0.1694 -0.0479 -0.98438
vn -0.5276 -0.321 -0.78651
vn -0.52717 -0.26629 -0.80696
vn -0.58523 -0.25041 -0.77124
vn -0.59657 -0.77536 -0.20719
vn -0.92541 -0.3588 -0.122
vn -0.52589 -0.3265 -0.78539
vn -0.58092 -0.24901 -0.77493
vn -0.58039 -0.31299 -0.75179
vn -0.62049 0.49409 -0.60899
vn -0.2096 0.4287 -0.8788
vn -0.94559 0.1154 -0.3042
vn -0.62039 0.49409 -0.60909
vn -0.52759 -0.32109 -0.78648
vn -0.58889 -0.3093 -0.74669
vn 0.0487 -0.90436 -0.42398
vn 0.39711 -0.46521 -0.79112
vn 0.77533 -0.62432 -0.0953
vn 0.2128 -0.96591 0.1474
vn 0.0487 -0.9044 -0.4239
vn -0.4541 -0.8684 -0.1992
vn -0.4657 -0.8169 0.3403
vn 0.36811 0.1229 -0.92162
vn 0.77529 -0.62439 -0.0952
vn -0.91658 -0.37049 -0.1504
vn -0.46581 -0.81683 0.34031
vn -0.90261 0.2198 -0.37011
vn -0.93514 -0.20121 0.29161
vn 0.3682 0.1229 -0.92159
vn -0.059 0.56659 -0.82189
vn 0.44683 0.78946 -0.42083
vn 0.3681 0.123 -0.92161
vn -0.49511 0.61321 -0.61551
vn -0.26779 0.92147 -0.28139
vn -0.4325 -0.3055 -0.8483
vn -0.37382 -0.24901 -0.89345
vn -0.37379 -0.24899 -0.89347
vn -0.42419 -0.17159 -0.88917
vn 0.39718 -0.46527 -0.79106
vn 0.3972 -0.4652 -0.79109
vn -0.42422 -0.17161 -0.88915
vn -0.48703 -0.21561 -0.84635
vn -0.50759 -0.2291 -0.83058
vn -0.45418 -0.86836 -0.19919
vn -0.91661 -0.37041 -0.1504
vn -0.50753 -0.22901 -0.83064
vn -0.4345 -0.1714 -0.88421
vn -0.5076 -0.229 -0.8306
vn -0.90259 0.2199 -0.3701
vn -0.4871 -0.2157 -0.84629
vn -0.42339 -0.2858 -0.85969
vn -0.059 0.56652 -0.82193
vn -0.48702 -0.21571 -0.84633
vn -0.37319 -0.2396 -0.89628
vn -0.49507 0.61317 -0.61557
vn -0.37318 -0.23969 -0.89626
vn -0.3478 -0.78009 -0.52009
vn -0.0055 -0.85819 -0.5133
vn 0.1057 -0.98458 0.1394
vn -0.73621 -0.3076 -0.60281
vn -0.99013 -0.1068 -0.0907
vn -0.6922 0.1956 -0.6947
vn -0.69221 0.1955 -0.69471
vn 0.56678 0.1094 -0.81657
vn 0.12249 0.56757 -0.81416
vn 0.56671 0.1094 -0.81662
vn 0.3415 -0.58049 -0.73919
vn -0.3492 0.58861 -0.72911
vn -0.2031 0.92992 -0.30661
vn 0.1225 0.56762 -0.81413
vn -0.69216 0.19549 -0.69476
vn -0.75683 0.60862 -0.23831
vn -0.2032 0.9299 -0.3066
vn -0.0054 -0.85819 -0.5133
vn 0.3416 -0.58041 -0.73921
vn -0.0434 -0.2021 -0.9784
vn -0.068 -0.1757 -0.98209
vn -0.73619 -0.30749 -0.60289
vn -0.0768 -0.22699 -0.97086
vn -0.73623 -0.30751 -0.60283
vn -0.0444 -0.0902 -0.99493
vn -0.25451 -0.0827 -0.96353
vn 0.1226 0.56761 -0.81412
vn -0.1291 -0.3519 -0.92709
vn -0.0444 -0.0903 -0.99492
vn 0.56679 0.1093 -0.81658
vn 0.34161 -0.58052 -0.73912
vn -0.1801 -0.2103 -0.9609
vn -0.34912 0.58863 -0.72913
vn -0.1802 -0.2103 -0.96089
vn -0.0681 -0.1757 -0.98209
vn -0.2964 -0.306 -0.90471
vn -0.34788 -0.78006 -0.52008
vn -0.0681 -0.1756 -0.9821
vn -0.29649 -0.30609 -0.90466
vn -0.1292 -0.35189 -0.92708
vn -0.2965 -0.306 -0.90469
vn 0.021 -0.66412 -0.74733
vn 0.40991 -0.74112 -0.53171
vn -0.68122 -0.72202 -0.1209
vn 0.90019 0.0132 -0.4353
vn 0.62808 0.42919 -0.64908
vn 0.63409 0.77099 -0.0591
vn 0.79663 -0.42832 -0.42652
vn 0.7966 -0.4283 -0.4266
vn 0.40988 -0.74116 -0.53167
vn -0.25979 -0.25799 -0.93056
vn -0.93448 -0.0698 -0.34909
vn -0.2597 -0.258 -0.93059
vn -0.1829 0.1684 -0.9686
vn -0.1829 0.1683 -0.96862
vn 0.6281 0.4293 -0.649
vn 0.1833 0.5074 -0.84199
vn 0.62812 0.42922 -0.64902
vn -0.71718 0.57318 -0.39639
vn 0.41878 -0.1325 -0.89837
vn 0.40321 -0.1483 -0.90301
vn 0.4099 -0.7412 -0.5316
vn 0.0209 -0.66413 -0.74733
vn 0.474 -0.1636 -0.86519
vn 0.42102 -0.12891 -0.89784
vn 0.43223 -0.19121 -0.88126
vn 0.40321 -0.1482 -0.90303
vn 0.4323 -0.1913 -0.8812
vn 0.41902 -0.15511 -0.89463
vn 0.40181 -0.1741 -0.89902
vn 0.42098 -0.12889 -0.89786
vn 0.3833 -0.1648 -0.9088
vn 0.18329 0.50747 -0.84195
vn 0.1455 0.98799 0.0521
vn 0.13971 0.98944 0.0386
vn 0.26611 -0.79252 0.54872
vn 0.20609 0.35248 0.91285
vn 0.0954 0.0122 0.99536
vn 0.23121 -0.0268 0.97254
vn 0.26629 -0.79248 0.54869
vn 0.23121 -0.0269 0.97253
vn 0.0955 0.0122 0.99536
vn 0.112 -0.41752 0.90174
vn 0.1121 -0.41751 0.90173
vn 0.2772 -0.4852 0.8293
vn 0.2313 -0.0269 0.97251
vn 0.1121 -0.4176 0.90169
vn 0.1393 -0.81122 0.56791
vn 0.44072 -0.88124 0.17081
vn 0.4408 -0.8812 0.1708
vn 0.27719 -0.48528 0.82926
vn -0.001 -0.4895 0.872
vn 0.1394 -0.81129 0.56779
vn 0.0576 -0.33481 0.94052
vn 0.0576 -0.33469 0.94057
vn 0.0705 -0.47573 0.87676
vn 0.023 -0.25961 0.96544
vn 0.0705 -0.47569 0.87678
vn 0.0706 -0.47573 0.87675
vn -0.0011 -0.48958 0.87196
vn 0.61551 -0.78801 -0.0135
vn 0.65549 -0.75509 0.0129
vn 0.48023 -0.87605 -0.0437
vn 0.36528 -0.92695 -0.0856
vn 0.26681 -0.50601 0.82022
vn 0.0999 -0.47869 0.87228
vn 0.1191 -0.44399 0.88808
vn 0.1191 -0.44411 0.88802
vn 0.31991 -0.54382 0.77583
vn 0.26689 -0.50607 0.82016
vn 0.97263 -0.094 -0.21251
vn 0.89892 -0.39581 -0.1878
vn 0.98279 -0.1847 -0.0044
vn 0.9828 -0.1846 -0.0043
vn 0.8022 0.447 -0.3958
vn 0.80227 0.44698 -0.39569
vn 0.95741 0.1268 -0.2594
vn 0.97262 -0.0939 -0.2126
vn 0.6669 0.6094 -0.4288
vn 0.9688 0.1732 -0.1773
vn 0.66693 0.60943 -0.42872
vn 0.86634 0.45362 -0.20901
vn 0.89311 0.4 -0.2058
vn 0.99331 0.1133 -0.0223
vn 0.66182 0.0466 -0.74822
vn 0.99332 0.1132 -0.0223
vn 0.89313 0.39991 -0.20591
vn 0.78013 0.60702 -0.15141
vn 0.4925 0.86621 -0.0844
vn 0.65159 0.72549 0.2216
vn 0.89309 0.4 -0.2059
vn 0.42822 0.81223 -0.39612
vn 0.86632 0.45361 -0.20911
vn 0.4282 0.8122 -0.3962
vn 0.46812 0.69603 -0.54443
vn 0.4283 0.8122 -0.3961
vn 0.4681 0.696 -0.5445
vn 0.0001 0.403 0.9152
vn 0.41459 0.1054 0.90388
vn 0.46108 0.22499 0.85836
vn 0.0001 0.95083 -0.30971
vn 0.4282 0.8123 -0.396
vn 0.65157 0.72547 0.22169
vn 0.23519 0.37599 0.89628
vn 0.65153 0.72553 0.22161
vn 0.65152 0.72552 0.22171
vn 0.2352 0.3759 0.89631
vn 0.59827 0.41098 0.68787
vn 0.5983 0.4109 0.6879
vn 0.28739 0.0402 0.95697
vn 0.29009 -0.0288 0.95657
vn 0.63432 -0.31761 0.70482
vn 0.59834 0.41093 0.68784
vn 0.84092 -0.1559 0.51821
vn 0.63427 -0.31759 0.70487
vn 0.29009 -0.0287 0.95657
vn 0.2616 -0.5596 0.7864
vn 0.0189 -0.99782 -0.0633
vn 0.0113 -0.99964 -0.0243
vn 0.0146 -0.99948 -0.0288
vn 0.0143 -0.99554 -0.0932
vn 0.29929 -0.94676 0.1186
vn 0.17689 -0.97965 0.09489
vn 0.33281 -0.60311 0.72491
vn 0.54229 -0.56119 0.62529
vn 0.31202 -0.59454 0.74105
vn 0.3327 -0.60319 0.72489
vn 0.33279 -0.60317 0.72487
vn 0.31209 -0.59459 0.74099
vn 0.54222 -0.56122 0.62532
vn 0 -0.99996 -0.0085
vn 0 -0.56458 0.82538
vn 0.26141 -0.55963 0.78644
vn 0.2873 0.0402 0.957
vn 0.2011 0.97872 0.0408
vn 0.19721 0.98024 0.0154
vn 0.1445 0.9892 0.0244
vn 0.1705 0.98469 0.0364
vn 0.94553 0.1406 -0.29361
vn 0.96209 -0.057 0.2667
vn 0.9595 -0.2811 -0.0186
vn 0.97751 -0.2008 -0.0645
vn 0.99145 -0.12411 0.0404
vn 0.67739 0.73539 -0.0187
vn 0.94556 0.14061 -0.29352
vn 0.99145 -0.12409 0.0404
vn 0.99146 -0.12399 0.0405
vn 0.2662 -0.7925 0.5487
vn 0.83109 0.2494 0.49709
vn 0.99144 -0.12411 0.0405
vn 0.2313 -0.0268 0.97251
vn 0.18801 0.0294 0.98173
vn 0.83106 0.24949 0.49708
vn 0.27721 -0.48532 0.82923
vn 0.43291 -0.85753 0.27791
vn 0.2961 -0.59611 0.74631
vn 0.55389 -0.78079 -0.2891
vn 0.98947 -0.1443 -0.0112
vn 0.42201 -0.0918 -0.90193
vn 0.5679 -0.8206 -0.064
vn 0.5679 -0.8206 -0.0641
vn 0.8612 -0.4661 -0.2027
vn 0.55393 -0.78075 -0.28912
vn 0.1393 -0.8113 0.5678
vn 0.3032 -0.95251 0.028
vn 0.30321 -0.95252 0.0279
vn 0.2137 0.97689 -0.0052
vn 0.1238 0.99103 -0.0504
vn 0.1444 0.98922 0.0244
vn 0.19721 0.98024 0.0153
vn 0.98947 -0.1443 -0.0113
vn 0.31951 0.74472 -0.58592
vn 0.94552 0.1407 -0.2936
vn 0.86124 -0.46602 -0.20271
vn 0.98946 -0.14439 -0.0113
vn 0.94164 -0.29931 0.15401
vn 0.93945 -0.10771 0.32532
vn 0.98946 -0.14439 -0.0112
vn 0.93942 -0.1077 0.32541
vn 0.99134 -0.1027 0.0818
vn 0.96207 -0.057 0.26679
vn 0.99133 -0.1027 0.0819
vn 0.95947 -0.28119 -0.0186
vn 0.93946 -0.1077 0.32529
vn 0.9948 -0.1 0.0194
vn 0.93945 -0.10779 0.32528
vn 0.91855 -0.38542 -0.08781
vn 0.9209 -0.3796 -0.0886
vn 0.99479 -0.1001 0.0194
vn 0.2053 -0.92221 0.3277
vn 0.62608 -0.77777 0.0557
vn 0.1336 -0.90092 0.41291
vn 0.42649 -0.89618 -0.1223
vn 0.20531 -0.92224 0.32761
vn 0.88556 0.0605 -0.46058
vn 0.98074 -0.0563 0.18701
vn 0.99311 0.1171 0.0049
vn 0.88555 0.0606 -0.46057
vn 0.94053 -0.23961 -0.24081
vn 0.77883 -0.0388 -0.62603
vn 0.8856 0.0605 -0.4605
vn 0.62251 0.78252 0.012
vn 0.7531 0.6579 -0.0042
vn 0.21379 0.97687 -0.0052
vn 0.1973 0.98022 0.0154
vn 0.62246 0.78256 0.012
vn 0.99135 -0.10271 0.0817
vn 0.9948 -0.1 0.0193
vn 0.97975 -0.10911 -0.16791
vn 0.94051 -0.2397 -0.2408
vn 0.92089 -0.3796 -0.0887
vn 0.79051 -0.51001 -0.3391
vn 0.97974 -0.1092 -0.16791
vn 0.75377 -0.61908 -0.22039
vn 0.79048 -0.50999 -0.33919
vn 0.91851 -0.3855 -0.0879
vn 0.62612 -0.77773 0.0557
vn 0.42661 -0.89613 -0.1223
vn 0.75373 -0.61912 -0.22041
vn 0.4368 -0.8008 -0.4098
vn 0 -0.92432 -0.38161
vn 0.0775 0.99299 -0.0893
vn 0.1162 0.99321 -0.0056
vn 0.0774 0.99299 -0.0893
vn 0.1239 0.99101 -0.0504
vn 0.98075 -0.0562 0.18699
vn 0.80519 -0.54739 0.2281
vn 0.80005 -0.56804 0.19301
vn 0.80007 -0.56798 0.19309
vn 0.98074 -0.0564 0.18701
vn 0.4967 -0.8523 0.1639
vn 0.80009 -0.56799 0.193
vn 0.3771 -0.72921 0.57101
vn 0.37699 -0.72928 0.57099
vn -0.0001 -1 0.0017
vn 0.49669 -0.85229 0.164
vn 0.56161 -0.76921 -0.30481
vn 0.56168 -0.76917 -0.30479
vn 0.80823 -0.44582 -0.38472
vn 0.94049 -0.2397 -0.2409
vn 0.77887 -0.0388 -0.62598
vn 0.77887 -0.0389 -0.62598
vn 0.8082 -0.4458 -0.3848
vn 0.79044 -0.51003 -0.33922
vn 0.43688 -0.80076 -0.40978
vn 0.7904 -0.5101 -0.3392
vn 0.4369 -0.80079 -0.4097
vn 0.79047 -0.51008 -0.33909
vn 0.50842 -0.84253 -0.17791
vn 0.50839 -0.84258 -0.17779
vn 0 -0.6209 -0.78389
vn 0.3496 -0.63301 -0.69071
vn 0.3473 -0.6345 -0.6905
vn -0.0001 -0.90748 -0.42009
vn 0.48032 -0.87433 0.0696
vn 0.34969 -0.63299 -0.69068
vn 0.60258 -0.77818 0.177
vn 0.9138 -0.3932 0.1018
vn 0.77446 -0.54467 0.32178
vn 0.77442 -0.54471 0.32181
vn 0.6026 -0.77819 0.1769
vn 0.48039 -0.87429 0.0696
vn 0.37891 -0.92523 -0.0194
vn 0.16359 -0.98506 -0.0538
vn 0.37879 -0.92528 -0.0194
vn 0.48027 -0.87435 0.0696
vn 0.0836 -0.93539 -0.3436
vn 0.1635 -0.98507 -0.0539
vn 0.083 0.94698 -0.31039
vn 0.1108 0.97906 -0.17079
vn -0.0362 0.93007 -0.36559
vn -0.0361 0.93008 -0.36559
vn 0.99415 0.0817 0.0707
vn 0.89971 0.42401 0.1036
vn 0.86152 0.47911 -0.168
vn 0.95828 0.28569 0.0093
vn 0.99414 0.0817 0.0708
vn 0.86148 0.47919 -0.168
vn 0.9898 -0.1255 -0.0674
vn 0.98981 -0.1255 -0.0673
vn 0.96861 0.0233 0.2475
vn 0.95828 0.28569 0.0094
vn 0.98961 0.015 -0.143
vn 0.97084 0.14961 -0.18731
vn 0.98962 0.0149 -0.1429
vn 0.97083 0.1497 -0.18731
vn 0.88892 -0.40501 -0.214
vn 0.97081 0.1497 -0.1874
vn 0.99312 0.117 0.0049
vn 0.88888 -0.40509 -0.214
vn 0.79452 -0.47371 -0.37991
vn 0.79453 -0.47362 -0.38001
vn 0.7745 -0.5446 0.3218
vn 0.98962 0.015 -0.1429
vn 0.91384 -0.39312 0.1018
vn 0.9583 0.2856 0.0093
vn 0.96861 0.0232 0.2475
vn 0.91383 -0.39311 0.1019
vn 0.87651 -0.46871 0.1097
vn 0.9494 -0.2146 0.2293
vn 0.91385 -0.39308 0.10179
vn 0.99415 0.0816 0.0708
vn 0.60833 -0.78724 0.10091
vn 0.87652 -0.46871 0.1096
vn 0.0836 -0.93534 -0.34372
vn -0.33228 0.73185 -0.59496
vn -0.65838 0.51289 -0.55089
vn 0.0001 0.6498 -0.7601
vn -0.0002 -0.99906 -0.0434
vn -0.3323 0.73181 -0.59501
vn -0.0362 0.93006 -0.36562
vn -0.165 0.84928 -0.50149
vn -0.33219 0.73188 -0.59498
vn -0.0362 0.93002 -0.36571
vn -0.99001 0.0892 -0.1092
vn -0.81138 0.58399 -0.025
vn -0.76228 0.60018 -0.24229
vn -0.7623 0.6002 -0.2422
vn -0.95183 -0.29871 -0.0692
vn -0.95187 -0.29859 -0.0692
vn -0.89742 -0.43571 -0.0692
vn -0.52732 0.83823 -0.13891
vn -0.0667 0.99762 -0.0172
vn 0.0139 0.98674 -0.16171
vn -0.52739 0.83819 -0.1389
vn -0.81135 0.58403 -0.025
vn 0.0297 0.99946 -0.0139
vn -0.69878 0.68838 -0.1945
vn -0.69883 0.68833 -0.19451
vn -0.42419 -0.90439 -0.0463
vn -0.64573 -0.76264 -0.0376
vn -0.6348 -0.7706 -0.0567
vn -0.0275 -0.9927 0.1174
vn -0.2006 -0.97671 0.0761
vn -0.42419 -0.90438 -0.0464
vn -0.63479 -0.77059 -0.0568
vn -0.63491 -0.77051 -0.0567
vn -0.64579 -0.76259 -0.0376
vn -0.8008 -0.5908 -0.0983
vn -0.6349 -0.7705 -0.0568
vn -0.8008 -0.5908 -0.0984
vn -0.89738 -0.43579 -0.0693
vn -0.89738 -0.43579 -0.0692
vn -0.94226 -0.32389 0.0851
vn -0.63563 -0.75954 0.13811
vn -0.63569 -0.75949 0.1381
vn -0.95186 -0.29862 -0.0692
vn -0.6988 0.6884 -0.1944
vn -0.94229 -0.3238 0.0851
vn -0.76712 0.62962 -0.1229
vn -0.99272 -0.087 -0.0833
vn -0.69885 0.68834 -0.19441
vn -0.2241 0.97441 0.0173
vn -0.76707 0.62968 -0.1229
vn 0.0139 0.98676 -0.16159
vn 0.71895 0.69405 0.0376
vn 0.65652 0.75183 0.0611
vn 0.35501 0.93394 -0.0415
vn 0.53771 0.84222 0.0391
vn -0.0666 0.99763 -0.0172
vn 0.53771 0.84222 0.0392
vn 0.719 0.694 0.0375
vn 0.90222 0.41791 0.1065
vn 0.96873 0.1339 0.20891
vn 0.719 0.694 0.0376
vn 0.90218 0.41799 0.1066
vn 0.98394 -0.0316 0.17571
vn 0.8523 -0.4339 0.2921
vn 0.64693 -0.69173 0.32092
vn 0.65348 -0.72708 0.2105
vn 0.85232 -0.43391 0.29201
vn 0.85236 -0.43383 0.29202
vn 0.9687 0.1339 0.209
vn 0.3928 -0.89521 0.2105
vn -0.2006 -0.97671 0.0762
vn -0.0274 -0.99271 0.1174
vn 0.39281 -0.89523 0.21041
vn -0.0274 -0.99272 0.1173
vn 0.65338 -0.72718 0.21049
vn 0.64683 -0.69183 0.32091
vn -0.0631 -0.96182 0.26631
vn 0.64258 -0.71148 0.28439
vn -0.63558 -0.75958 0.1381
vn -0.84798 -0.52989 -0.0119
vn -0.56769 -0.81238 0.1333
vn -0.84798 -0.52989 -0.012
vn -0.99271 -0.0871 -0.0833
vn -0.95818 -0.0437 -0.2828
vn -0.7676 -0.6178 -0.1706
vn -0.93716 0.0889 -0.33739
vn -0.80521 -0.49671 -0.32391
vn -0.80525 -0.49663 -0.32392
vn -0.76756 -0.61786 -0.17059
vn -0.94738 0.0163 -0.31969
vn -0.68728 -0.53469 -0.49169
vn -0.80523 -0.49662 -0.32401
vn -0.93715 0.0889 -0.33742
vn -0.94741 0.0162 -0.3196
vn -0.42039 -0.77878 -0.46559
vn -0.68719 -0.53479 -0.49169
vn -0.6067 -0.6682 -0.4306
vn -0.68723 -0.53472 -0.49172
vn -0.94741 0.0163 -0.3196
vn -0.98066 0.1074 -0.16359
vn -0.69187 -0.70906 -0.13619
vn -0.69188 -0.70907 -0.1361
vn -0.99605 -0.0152 -0.0875
vn -0.68659 -0.72639 -0.0308
vn -0.69191 -0.70902 -0.1362
vn -0.98068 0.1074 -0.1635
vn -0.99605 -0.0152 -0.0875
vn -0.99039 -0.013 -0.1377
vn -0.68071 -0.72501 -0.1049
vn -0.68659 -0.72639 -0.0309
vn -0.98449 -0.0568 -0.166
vn -0.69462 -0.69942 -0.1683
vn -0.6808 -0.7249 -0.105
vn -0.6807 -0.725 -0.105
vn -0.98449 -0.0567 -0.166
vn -0.69157 -0.67577 -0.25509
vn -0.97235 -0.0196 -0.23271
vn -0.69152 -0.67582 -0.25511
vn -0.8874 -0.0133 -0.4608
vn -0.97236 -0.0195 -0.23269
vn -0.74593 0.66432 -0.0476
vn -0.71667 0.59428 -0.36499
vn -0.66502 0.54102 -0.51482
vn -0.66508 0.54098 -0.51479
vn -0.84319 -0.0237 -0.53709
vn -0.99769 0.0461 -0.0498
vn -0.79331 0.599 -0.1089
vn -0.9977 0.046 -0.0498
vn -0.9977 0.0461 -0.0497
vn -0.774 0.6331 0.0104
vn -0.98475 0.16731 -0.0477
vn -0.97645 0.17761 -0.12251
vn -0.98475 0.16731 -0.0478
vn -0.75426 0.65206 -0.0769
vn -0.97645 0.17759 -0.12249
vn -0.95806 0.18231 0.22111
vn -0.7494 0.6291 0.2065
vn -0.7378 0.6723 0.0606
vn -0.97754 0.17911 0.1111
vn -0.95802 0.1824 0.2212
vn -0.9773 0.1913 -0.091
vn -0.7378 0.6723 0.0605
vn -0.71562 0.68142 -0.1535
vn -0.0018 0.98651 -0.1637
vn -0.71557 0.68147 -0.15349
vn -0.73771 0.67241 0.0605
vn -0.7377 0.6724 0.0606
vn -0.0219 0.99939 0.0273
vn -0.0017 0.98651 -0.1637
vn -0.0236 0.96418 0.26419
vn -0.74929 0.62919 0.2066
vn 0.77242 0.62251 0.1259
vn -0.0219 0.99939 0.0272
vn 0.74277 0.59988 0.29739
vn 0.77011 0.6286 0.1086
vn 0.78231 0.6168 0.0869
vn -0.0272 0.99949 0.0168
vn -0.0272 0.99949 0.0169
vn -0.0347 0.99554 0.0877
vn 0.94334 0.31661 0.0993
vn 0.77019 0.6285 0.1086
vn 0.77019 0.62849 0.1087
vn 0.94758 0.31579 0.0486
vn 0.94335 0.31658 0.0993
vn 0.98666 0.12569 0.1035
vn 0.75809 0.65209 0.009
vn -0.029 0.99957 0.003
vn 0.75805 0.65214 0.009
vn 0.7701 0.6286 0.1087
vn -0.0347 0.99555 0.0876
vn -0.0289 0.99958 0.003
vn 0.68617 0.60307 -0.40678
vn 0.758 0.6522 0.0089
vn -0.0289 0.99958 0.0031
vn 0.0047 0.91862 -0.39511
vn 0.89557 0.0317 -0.44379
vn 0.9403 0.0383 -0.3382
vn 0.89552 0.0316 -0.44391
vn 0.68621 0.60301 -0.40681
vn 0.68612 0.60312 -0.40681
vn 0.71101 0.65061 -0.2668
vn 0.94029 0.0384 -0.3382
vn -0.0035 0.96443 -0.26431
vn 0.71106 0.65056 -0.26678
vn -0.0036 0.96443 -0.26431
vn 0.7094 0.7048 0.0012
vn -0.0274 0.9982 0.0533
vn -0.0274 0.9982 0.0534
vn -0.0189 0.9953 0.095
vn 0.69827 0.71257 0.0682
vn 0.72494 0.67144 0.15371
vn 0.69832 0.71252 0.0682
vn -0.0188 0.9953 0.095
vn -0.0446 0.99044 0.13051
vn 0.725 0.6714 0.1536
vn 0.99234 0.0378 0.1176
vn 1 -0.0001 0.0018
vn 0.72499 0.67139 0.1537
vn 0.55162 0.79882 0.24001
vn 0.97766 0.0203 0.20919
vn 0.97764 0.0203 0.20931
vn 0.99233 0.0378 0.1177
vn -0.70864 0.70484 -0.032
vn -0.69471 0.71911 0.0163
vn -0.69466 0.71916 0.0163
vn -0.99606 -0.0151 -0.0874
vn -0.73682 0.67572 -0.0221
vn -0.70859 0.70489 -0.032
vn -0.70859 0.70489 -0.0321
vn -0.68981 0.71151 -0.1338
vn -0.66759 0.69759 -0.26019
vn -0.68982 0.71152 -0.1337
vn -0.93714 0.089 -0.33741
vn -0.95819 -0.0436 -0.2828
vn -0.2241 0.97441 0.0174
vn -0.1358 0.99062 -0.015
vn -0.6675 0.6977 -0.2601
vn -0.1358 0.99062 -0.0149
vn -0.1132 0.98938 0.0912
vn -0.68977 0.71157 -0.1337
vn -0.6676 0.6976 -0.2601
vn -0.0324 0.98799 0.1511
vn -0.73678 0.67578 -0.022
vn -0.0324 0.98797 0.1512
vn -0.1357 0.99064 -0.015
vn 0.5862 0.8033 0.1053
vn 0.61789 0.78289 0.0727
vn -0.1131 0.98939 0.0912
vn 0.59148 0.77527 0.22159
vn 0.58619 0.80329 0.1054
vn 0.59159 0.77519 0.2216
vn 0.93428 0.2256 0.27609
vn 0.9722 0.2047 0.1137
vn 0.59153 0.77523 0.22161
vn 0.65652 0.75182 0.0612
vn 0.9586 0.0868 0.2712
vn 0.95863 0.0868 0.27111
vn 0.9343 0.2255 0.2761
vn 0.59151 0.77522 0.2217
vn -0.22401 0.97443 0.0173
vn 0.64261 -0.71141 0.2845
vn 0.64263 -0.71143 0.28441
vn -0.0321 -0.99558 0.0883
vn 0.51828 -0.84127 0.15379
vn 0.51832 -0.84123 0.1539
vn 0.64257 -0.71146 0.28448
vn -0.56762 -0.81243 0.1333
vn -0.56757 -0.81246 0.13329
vn -0.0631 -0.96185 0.26621
vn -0.0767 -0.92172 -0.38021
vn 0.0285 -0.96005 -0.27838
vn -0.42041 -0.77882 -0.46551
vn -0.69182 -0.70912 -0.1361
vn 0.117 -0.94607 -0.30209
vn -0.0767 -0.92168 -0.38029
vn -0.69181 -0.70911 -0.1362
vn 0.017 -0.99922 0.0357
vn 0.1171 -0.94606 -0.30209
vn 0.0425 -0.99895 0.0173
vn -0.69452 -0.69952 -0.1683
vn 0.0581 -0.9957 -0.0721
vn 0.0582 -0.9957 -0.0721
vn 0.0545 -0.96996 -0.23709
vn 0.0729 -0.84336 -0.53238
vn 0.0545 -0.96995 -0.23711
vn -0.69147 -0.67587 -0.25509
vn -0.60658 -0.55638 -0.56788
vn -0.8874 -0.0134 -0.4608
vn -0.60671 -0.55631 -0.56781
vn -0.97233 -0.0195 -0.23281
vn -0.62748 -0.49988 -0.59698
vn -0.60668 -0.55628 -0.56788
vn -0.84312 -0.0237 -0.53721
vn -0.62751 -0.49981 -0.59701
vn -0.62752 -0.49991 -0.59692
vn -0.9977 0.046 -0.0497
vn -0.79838 -0.54908 0.24719
vn -0.62758 -0.49988 -0.59688
vn -0.5018 -0.239 0.83131
vn -0.79842 -0.54901 0.24721
vn -0.93556 -0.105 0.33719
vn -0.83781 -0.0704 0.54141
vn -0.83776 -0.0704 0.54148
vn -0.39871 -0.2271 0.88851
vn -0.3901 -0.3535 0.85021
vn -0.78675 -0.28112 0.54954
vn -0.39012 -0.35342 0.85024
vn -0.78677 -0.28119 0.54948
vn -0.76183 -0.49332 0.41982
vn -0.49371 -0.66192 0.56401
vn -0.39002 -0.35352 0.85024
vn -0.76191 -0.4933 0.4197
vn -0.78683 -0.28111 0.54942
vn -0.96823 -0.21391 0.1295
vn -0.83719 -0.54109 0.0796
vn -0.76187 -0.49328 0.41979
vn -0.85002 -0.50611 -0.146
vn -0.83719 -0.5411 0.0795
vn -0.96824 -0.21391 0.12941
vn -0.96682 -0.1919 -0.1686
vn -0.85005 -0.50607 -0.14599
vn -0.7582 -0.4204 0.4984
vn -0.87587 -0.18059 0.44748
vn -0.97832 -0.1975 0.0623
vn -0.84547 -0.50798 0.1647
vn -0.84707 -0.53148 -0.0017
vn -0.97833 -0.19751 0.0622
vn -0.97069 -0.2021 -0.1301
vn -0.97839 0.108 -0.1763
vn -0.97069 -0.202 -0.1302
vn -0.99222 0.1147 0.0485
vn -0.91193 0.118 0.39301
vn -0.99223 0.1146 0.0485
vn -0.98531 0.1269 -0.1143
vn -0.96684 -0.19181 -0.16861
vn -0.96827 -0.21379 0.1294
vn -0.97252 0.1022 0.2092
vn -0.98532 0.1268 -0.1143
vn -0.78679 -0.2811 0.54949
vn -0.99938 0.0352 0.0024
vn -0.97251 0.1023 0.2092
vn -0.9356 -0.105 0.3371
vn -0.97254 0.1022 0.20911
vn -0.99937 0.0353 0.0024
vn -0.98867 0.0934 -0.1175
vn -0.94662 0.0728 0.31401
vn -0.99373 0.0768 0.0812
vn -0.99374 0.0767 0.0812
vn -0.97838 0.1081 -0.1763
vn -0.99375 0.0767 0.0811
vn -0.99374 0.0768 0.0811
vn -0.99085 0.0833 -0.10621
vn -0.9784 0.1081 -0.1762
vn -0.97732 0.1912 -0.091
vn -0.99085 0.0832 -0.1063
vn -0.97756 0.17899 0.1111
vn -0.95806 0.18219 0.22119
vn -0.97755 0.17901 0.11111
vn -0.95804 0.18231 0.22121
vn -0.97647 0.17749 -0.1225
vn -0.98868 0.0933 -0.1175
vn -0.98476 0.16719 -0.0478
vn -0.98475 0.16729 -0.0478
vn 0.0487 0.0066 -0.99879
vn 0.0551 0.0048 -0.99847
vn 0.0495 0.0083 -0.99874
vn 0.048 0.0031 -0.99884
vn 0.0458 -0.0108 -0.99889
vn 0.0472 -0.0104 -0.99883
vn 0.77012 0.62752 -0.1146
vn 0.77243 0.62252 0.1258
vn 0.93824 0.32391 -0.12161
vn 0.77016 0.62747 -0.11459
vn 0.93352 0.32771 0.1454
vn 0.88461 0.3077 0.3504
vn 0.93351 0.3277 0.1455
vn 0.74282 0.59981 0.29741
vn 0.88458 0.30779 0.35039
vn 0.97481 0.1752 0.138
vn 0.89834 0.14691 0.41402
vn 0.95905 0.0931 0.26751
vn 0.98043 0.16941 0.1003
vn 0.94337 0.31649 0.0994
vn 0.94338 0.31649 0.0993
vn 0.98667 0.1256 0.1035
vn 0.80079 -0.1076 0.5892
vn 0.95902 0.0931 0.26761
vn 0.43058 -0.21669 0.87616
vn 0.98667 0.1257 0.1034
vn 0.98668 0.1256 0.1034
vn 0.7846 -0.4885 0.3818
vn 0.4305 -0.2167 0.87619
vn 0.73545 -0.47253 -0.48563
vn 0.73541 -0.47251 -0.48571
vn 0.70388 -0.53269 -0.46989
vn 0.7596 -0.6175 -0.2042
vn 0.9876 0.0335 -0.1534
vn 0.98759 0.0336 -0.1534
vn 0.94033 0.0383 -0.33811
vn 1 -0.0001 0.0017
vn 0.75309 -0.65759 -0.0205
vn 0.7218 -0.6874 0.0806
vn 0.7218 -0.6874 0.0805
vn 1 -0.0002 0.0017
vn 0.67829 -0.72149 0.1392
vn 0.97764 0.0202 0.20931
vn 0.97764 0.0203 0.20929
vn 0.98016 0.0167 0.19749
vn 0.70909 -0.70509 -0.0067
vn 0.67824 -0.72154 0.13921
vn 0.64309 0.72088 0.25839
vn 0.55157 0.79886 0.23999
vn 0.042 0.98729 0.1533
vn 0.64298 0.72098 0.25839
vn 0.5515 0.7989 0.24
vn -0.1144 0.98386 0.13759
vn 0.6575 0.72449 0.2069
vn 0.643 0.721 0.2583
vn -0.0323 0.98798 0.1512
vn 0.618 0.7828 0.0728
vn 0.65751 0.72451 0.2068
vn 0.618 0.78281 0.0727
vn 0.97426 0.22519 0.0106
vn 0.99278 0.1123 0.0422
vn 0.6576 0.7244 0.2069
vn 0.58626 0.80325 0.10529
vn 0.97426 0.22519 0.0107
vn 0.87591 -0.4816 0.029
vn 0.92876 -0.37039 0.0146
vn 0.97428 0.2251 0.0106
vn 0.97221 0.2046 0.1138
vn 0.97222 0.2046 0.1137
vn 0.90068 -0.39219 0.187
vn 0.90062 -0.39231 0.187
vn 0.97219 0.2047 0.1138
vn 0.95861 0.0867 0.2712
vn 0.5184 -0.8412 0.1538
vn -0.76751 -0.61791 -0.1706
vn -0.50372 -0.86073 -0.0735
vn -0.56763 -0.81244 0.13321
vn -0.56769 -0.81239 0.1332
vn -0.481 -0.84109 -0.2474
vn -0.50368 -0.86076 -0.0735
vn -0.68732 -0.53471 -0.49161
vn -0.42049 -0.77878 -0.46549
vn -0.48092 -0.84113 -0.24741
vn -0.68728 -0.53478 -0.49158
vn 0.0285 -0.96004 -0.27841
vn 0.0293 -0.98542 -0.1676
vn -0.48088 -0.84116 -0.24739
vn 0.0286 -0.96004 -0.27841
vn 0.5296 -0.8124 -0.244
vn 0.56971 -0.81501 -0.1058
vn 0.0294 -0.98542 -0.1676
vn 0.74249 -0.63829 -0.2032
vn 0.52959 -0.81238 -0.24409
vn 0.70904 -0.70514 -0.0067
vn 0.017 -0.99922 0.0356
vn 0.67819 -0.72159 0.1392
vn 0.0171 -0.99922 0.0357
vn 0.7217 -0.6875 0.0806
vn 0.753 -0.6577 -0.0205
vn 0.75951 -0.61761 -0.2042
vn 0.0546 -0.96995 -0.23709
vn 0.7595 -0.6176 -0.2043
vn 0.073 -0.8434 -0.5323
vn 0.073 -0.84336 -0.53237
vn 0.0665 -0.9072 -0.4154
vn 0.73537 -0.47258 -0.48568
vn 0.0665 -0.90717 -0.41548
vn -0.0211 -0.77796 0.62796
vn -0.021 -0.77792 0.62801
vn 0.0666 -0.90716 -0.41548
vn -0.0209 -0.77801 0.62791
vn -0.021 -0.77796 0.62797
vn -0.7984 -0.5491 0.2471
vn -0.0648 -0.294 0.95361
vn -0.068 -0.25431 0.96473
vn -0.50173 -0.23901 0.83135
vn -0.39862 -0.22711 0.88855
vn -0.0681 -0.25431 0.96472
vn -0.38999 -0.35349 0.85027
vn -0.0626 -0.38429 0.92109
vn -0.0532 -0.69715 0.71495
vn -0.0626 -0.38438 0.92105
vn -0.0532 -0.6972 0.7149
vn -0.58927 -0.80236 0.09479
vn -0.49368 -0.66197 0.56398
vn -0.76179 -0.4934 0.4198
vn -0.5892 -0.8024 0.0948
vn -0.58927 -0.80236 0.0947
vn -0.84998 -0.50619 -0.146
vn -0.61378 -0.78568 -0.0773
vn -0.6338 -0.718 0.2877
vn -0.54272 -0.64372 0.53952
vn -0.75812 -0.42051 0.49842
vn -0.84545 -0.50803 0.16471
vn -0.63382 -0.71802 0.28761
vn -0.8454 -0.5081 0.1647
vn -0.84704 -0.53153 -0.0016
vn -0.55964 -0.82585 0.0691
vn 0.0589 0.0042 -0.99826
vn 0.0874 0.0325 -0.99564
vn 0.0617 -0.0008 -0.99809
vn 0.0617 -0.0007 -0.99809
vn 0.0578 -0.0087 -0.99829
vn 0.0482 -0.0032 -0.99883
vn 0.0616 -0.0007 -0.9981
vn 0.0448 0.01 -0.99895
vn 0.0448 0.0098 -0.99895
vn 0.0469 -0.0009 -0.9989
vn 0.0453 0.002 -0.99897
vn 0.0453 0.0019 -0.99897
vn 0.0467 0.002 -0.99891
vn 0.0465 0.0089 -0.99888
vn 0.0467 0.0058 -0.99889
vn 0.0487 0.0067 -0.99879
vn 0.0467 0.0059 -0.99889
vn 0.0347 -0.0213 -0.99917
vn 0.97483 0.1752 0.1379
vn 0.97309 0.1755 -0.1493
vn 0.99192 0.0502 -0.1165
vn 0.97484 0.17511 0.13791
vn 0.98588 0.0454 0.1612
vn 0.89044 0.0368 0.45362
vn 0.98586 0.0454 0.16129
vn 0.97483 0.17511 0.138
vn 0.99527 0.0446 0.0863
vn 0.98045 0.16931 0.1003
vn 0.92623 0.022 0.37631
vn 0.99527 0.0447 0.0863
vn 0.73733 -0.0744 0.67143
vn 0.9262 0.0219 0.3764
vn 0.8008 -0.1075 0.5892
vn 0.73728 -0.0744 0.67148
vn 0.29029 -0.22099 0.93107
vn 0.73727 -0.0745 0.67148
vn -0.068 -0.25419 0.96476
vn 0.2902 -0.221 0.9311
vn -0.0647 -0.294 0.95361
vn -0.068 -0.25421 0.96475
vn 0.27821 -0.35342 0.89314
vn 0.29011 -0.22101 0.93113
vn 0.27829 -0.35349 0.89308
vn 0.47981 -0.59302 0.64662
vn 0.2783 -0.35341 0.89311
vn 0.62041 -0.73062 0.28511
vn -0.0239 -0.9597 0.28
vn 0.62043 -0.73064 0.28501
vn -0.024 -0.95973 0.27991
vn 0.0029 -0.99852 0.0543
vn -0.024 -0.9597 0.28
vn -0.58921 -0.80241 0.0947
vn -0.024 -0.72672 0.68652
vn -0.54262 -0.64372 0.53962
vn -0.0036 -0.97321 0.2299
vn -0.55959 -0.82588 0.0691
vn 0.0197 -0.99944 0.0272
vn 0.0486 -0.015 -0.99871
vn 0.062 -0.0119 -0.99801
vn 0.047 -0.0097 -0.99885
vn 0.0467 0.0021 -0.99891
vn 0.047 -0.0096 -0.99885
vn 0.96521 -0.1357 0.2235
vn 0.99097 -0.1339 0.0068
vn 0.96522 -0.1356 0.22351
vn 0.9652 -0.1356 0.2236
vn 0.8904 0.0368 0.4537
vn 0.84371 -0.1371 0.519
vn 0.91699 -0.1812 0.35539
vn 0.98714 -0.14581 0.0655
vn 0.92623 0.0219 0.37631
vn 0.91695 -0.18119 0.35548
vn 0.73732 -0.0745 0.67142
vn 0.7046 -0.2842 0.6502
vn 0.91694 -0.18121 0.35551
vn 0.70449 -0.28429 0.65029
vn 0.74401 -0.44311 0.50011
vn 0.47989 -0.59299 0.64659
vn 0.74401 -0.443 0.5002
vn 0.74409 -0.44299 0.50009
vn 0.62048 -0.73057 0.28509
vn 0.80452 -0.48591 0.34151
vn 0.74404 -0.44303 0.50013
vn 0.91695 -0.18131 0.35542
vn 0.70453 -0.28431 0.65023
vn 0.74405 -0.44307 0.50007
vn 0.91697 -0.18129 0.35539
vn 0.80456 -0.48588 0.34148
vn 0.87604 -0.47292 0.0943
vn 0.98713 -0.1459 0.0655
vn 0.876 -0.473 0.0943
vn 0.62049 -0.73059 0.285
vn 0.66943 -0.73093 0.13271
vn 0.003 -0.99852 0.0543
vn 0.66932 -0.73102 0.1327
vn -0.0239 -0.95973 0.27991
vn 0.67928 -0.66198 0.31679
vn 0.55789 -0.65309 0.51209
vn -0.0036 -0.97323 0.22981
vn 0.67923 -0.66203 0.31681
vn 0.58398 -0.80977 0.0569
vn 0.58409 -0.80969 0.0569
vn 0.87102 -0.47651 0.1194
vn 0.82878 -0.45539 0.32519
vn 0.87105 -0.47647 0.11939
vn 0.87109 -0.47639 0.1194
vn 0.99096 -0.13399 0.0068
vn 0.74928 -0.40369 0.52499
vn 0.82879 -0.45529 0.3253
vn 0.96519 -0.1357 0.2236
vn 0.74931 -0.40361 0.52501
vn 0.67926 -0.66196 0.31688
vn 0.82872 -0.45541 0.32531
vn 0.55799 -0.65299 0.5121
vn 0.78463 -0.48852 0.38171
vn 0.073 -0.84333 -0.53242
vn -0.60662 -0.55642 -0.56782
vn 0.74254 -0.63823 -0.20321
vn 0.86153 -0.47942 -0.16711
vn 0.86156 -0.47938 -0.16709
vn 0.99279 0.1122 0.0422
vn 0.57772 -0.81622 -0.0052
vn 0.87587 -0.48168 0.029
vn 0.51832 -0.84124 0.15381
vn -0.006 -0.9996 -0.0278
vn 0.57767 -0.81626 -0.0051
vn -0.5036 -0.8608 -0.0735
vn -0.0061 -0.99959 -0.0278
vn -0.0322 -0.99557 0.0883
vn -0.48089 -0.84118 -0.2473
vn 0.56971 -0.81502 -0.1057
vn 0.57767 -0.81626 -0.0052
vn 0.56967 -0.81505 -0.10569
vn 0.92872 -0.37051 0.0146
vn 0.87587 -0.48168 0.0289
vn 0.86154 -0.47943 -0.16701
vn 0.92875 -0.37042 0.0146
vn -0.69466 0.71915 0.0164
vn -0.7877 0.6141 -0.0491
vn -0.9904 -0.013 -0.1376
vn -0.99605 -0.0151 -0.0875
vn -0.74451 0.66701 -0.0283
vn -0.97235 -0.0195 -0.23271
vn -0.74588 0.66438 -0.0476
vn -0.0035 0.96441 -0.2644
vn -0.0034 0.96443 -0.26431
vn -0.79331 0.59901 -0.1088
vn -0.75421 0.65211 -0.0769
vn -0.74442 0.66712 -0.0283
vn -0.78765 0.61416 -0.0491
vn -0.0447 0.99045 0.13041
vn -0.1143 0.98389 0.1375
vn 0.94167 -0.29929 0.1539
vn 0.91069 -0.35419 0.2126
vn 0.73759 -0.57729 -0.35029
vn 0.94163 -0.29941 0.1539
vn 0.91064 -0.35431 0.21261
vn 0.78349 -0.55919 0.271
vn 0.78341 -0.55931 0.271
vn 0.88089 -0.38489 0.2755
vn 0.44689 -0.64568 -0.61918
vn 0.96881 0.1731 -0.1773
vn 0.98577 -0.118 -0.1197
vn 0.97264 -0.0939 -0.21251
vn 0.98779 -0.1503 -0.041
vn 0.99333 0.1131 -0.0223
vn 0.98778 -0.1504 -0.041
vn 0.66177 0.0466 -0.74826
vn 0.7203 -0.637 -0.2746
vn 0.98779 -0.1503 -0.0411
vn 0.77516 -0.19969 -0.59937
vn 0.43149 0.63749 -0.63829
vn 0.93883 0.20021 0.28021
vn 0.703 -0.6808 0.2057
vn 0.77512 -0.19971 -0.59942
vn 0.95759 -0.279 -0.072
vn 0.0143 -0.99555 -0.0931
vn 0.0103 -0.9963 -0.0853
vn 0.95756 -0.27909 -0.072
vn 0.29932 -0.94675 0.11861
vn 0.2994 -0.94671 0.1187
vn 0.6058 -0.6336 -0.4812
vn 0.95757 -0.27909 -0.0719
vn 0.72039 -0.63689 -0.2746
vn 0.63425 -0.31768 0.70485
vn 0.9576 -0.279 -0.0719
vn 0.72034 -0.63694 -0.27462
vn 0.92958 -0.35439 -0.1014
vn 0.21519 -0.91027 -0.35369
vn 0.0619 -0.88967 -0.45239
vn 0.32879 -0.92428 -0.1939
vn 0.32891 -0.92424 -0.19391
vn 0.44868 -0.88796 -0.1011
vn 0.2153 -0.91028 -0.35359
vn 0.326 -0.93561 -0.1355
vn 0.32888 -0.92425 -0.19389
vn 0.262 -0.95671 -0.1267
vn 0.72041 -0.63691 -0.2745
vn 0.1018 -0.8296 -0.549
vn 0.0619 -0.88961 -0.45251
vn 0.21521 -0.91026 -0.35372
vn 0.17851 -0.97984 -0.0897
vn 0.15449 -0.98575 -0.0666
vn 0 -0.99754 -0.0701
vn 0.28381 0.95885 -0.0074
vn 0.67739 0.73539 -0.0188
vn 0.83106 0.24929 0.49718
vn 0.3066 0.6912 0.6544
vn 0.28379 0.95886 -0.0074
vn 0.3066 0.6911 0.6545
vn 0.2842 -0.111 0.95232
vn 0.28429 -0.1111 0.95228
vn 0.18801 0.0293 0.98173
vn 0.2961 -0.596 0.7464
vn 0.29621 -0.59603 0.74633
vn 0.2424 -0.6413 0.728
vn 0.2962 -0.59609 0.74629
vn 0.43298 -0.85747 0.27799
vn 0.2839 -0.9329 0.2216
vn 0.2424 -0.6414 0.7279
vn 0.211 0.32031 -0.92352
vn 0.31371 -0.186 -0.93112
vn 0.4221 -0.0918 -0.90189
vn 0.3711 0.6114 -0.6989
vn 0.2141 0.88281 -0.4181
vn 0.37111 0.61151 -0.69881
vn 0.31949 0.74477 -0.58587
vn 0.2323 0.9579 -0.1687
vn 0.21409 0.88287 -0.41798
vn 0.2006 -0.84619 0.49369
vn 0.2279 -0.65539 0.72009
vn 0.2708 -0.95591 0.1136
vn 0.21009 -0.37848 0.90145
vn 0.37022 0.0028 0.92894
vn 0.20999 -0.37849 0.90147
vn 0.2843 -0.111 0.95229
vn 0.21001 -0.37852 0.90145
vn 0.22789 -0.65529 0.72018
vn 0.32199 0.40129 0.85749
vn 0.37889 0.68769 0.61929
vn 0.32191 0.40131 0.85751
vn 0.32201 0.40121 0.85752
vn 0.24779 0.91466 0.31938
vn 0.28391 0.95882 -0.0074
vn 0.24769 0.91468 0.31939
vn 0.37881 0.68781 0.61921
vn 0.43299 -0.85749 0.2779
vn 0.28391 -0.93292 0.2215
vn 0.1595 -0.95629 -0.2451
vn 0.27081 -0.95592 0.1135
vn 0.15949 -0.95627 -0.24519
vn 0.21311 -0.79415 -0.56913
vn 0.1214 -0.55461 -0.82321
vn 0.2131 -0.7941 -0.5692
vn 0.554 -0.7807 -0.2891
vn 0.1214 -0.55449 -0.82329
vn 0.42201 -0.0919 -0.90192
vn 0.3137 -0.1861 -0.93111
vn 0.0229 -0.86029 0.50929
vn -0.0452 -0.9962 0.0745
vn -0.0511 -0.96848 0.24379
vn -0.0512 -0.96847 0.24379
vn 0.0032 -0.5327 0.8463
vn -0.0123 -0.67213 0.74033
vn 0.0229 -0.86024 0.50937
vn -0.0122 -0.67213 0.74033
vn -0.109 -0.97903 -0.17211
vn -0.2138 -0.7507 -0.6251
vn -0.0963 -0.88757 -0.45049
vn -0.0511 -0.9685 0.2437
vn -0.0451 -0.99621 0.0744
vn -0.1089 -0.97904 -0.17211
vn -0.0962 -0.88758 -0.45049
vn -0.0451 -0.99622 0.0743
vn -0.047 -0.96403 0.26161
vn -0.12289 -0.86596 -0.48478
vn -0.0963 -0.26949 -0.95818
vn -0.12291 -0.86594 -0.48482
vn -0.0963 -0.88751 -0.45061
vn -0.1079 -0.1813 -0.97749
vn -0.1067 -0.85879 -0.50109
vn -0.0963 -0.2694 -0.9582
vn -0.0523 -0.21199 -0.97587
vn -0.0499 0.37881 -0.92413
vn -0.0524 -0.2119 -0.97589
vn -0.0808 0.41989 -0.90397
vn -0.0925 0.49031 -0.86662
vn -0.0807 0.41989 -0.90398
vn -0.0924 0.49032 -0.86663
vn -0.1948 -0.56521 -0.80162
vn -0.3398 -0.0977 -0.93541
vn -0.2137 -0.75071 -0.62511
vn -0.33971 -0.0977 -0.93544
vn -0.1631 0.38949 -0.90648
vn -0.177 0.50749 -0.84328
vn -0.2032 0.77491 -0.59851
vn -0.14291 0.98624 -0.0831
vn -0.0448 0.98868 -0.1432
vn -0.20319 0.77487 -0.59858
vn -0.0925 0.49039 -0.86658
vn 0.0302 0.96146 0.27329
vn 0.0229 0.85251 0.52221
vn 0.0531 0.87489 0.4814
vn 0.0302 0.96148 0.2732
vn -0.0448 0.98869 -0.1431
vn -0.0447 0.9887 -0.1431
vn 0.0887 0.67649 0.73109
vn -0.0018 0.33131 0.94352
vn 0.05 0.353 0.93429
vn 0.053 0.87486 0.48148
vn 0.0887 0.67659 0.73099
vn 0.0531 0.87485 0.48147
vn 0.023 0.85251 0.52221
vn 0.0563 -0.1403 0.98851
vn -0.0123 -0.67208 0.74038
vn 0.0499 0.353 0.93429
vn 0.0563 -0.1402 0.98852
vn -0.0017 0.33122 0.94355
vn 0.0657 -0.5133 0.85569
vn 0.0624 0.41271 0.90872
vn 0.05 0.35291 0.93432
vn 0.0032 -0.53277 0.84625
vn 0.0032 -0.53282 0.84623
vn 0.1412 -0.45449 0.87949
vn 0.0258 -0.94957 0.31249
vn 0.35812 -0.49933 0.78894
vn 0.0259 -0.94957 0.31249
vn 0.2157 -0.91089 0.3518
vn 0.0467 -0.87722 -0.47781
vn 0.2158 -0.9109 0.3517
vn 0.0258 -0.9496 0.3124
vn 0.0468 -0.87722 -0.47781
vn -0.0211 -0.90839 0.41759
vn 0.21579 -0.91087 0.35179
vn -0.1244 -0.9067 -0.403
vn -0.0874 -0.23221 -0.96873
vn -0.1243 -0.90672 -0.40301
vn -0.0135 -0.26899 -0.96305
vn -0.0874 -0.23209 -0.96876
vn -0.2913 -0.88389 -0.3659
vn -0.1242 -0.90669 -0.4031
vn -0.011 0.31699 -0.94837
vn -0.1224 0.2816 -0.95169
vn -0.0874 -0.23211 -0.96875
vn 0.1157 0.21119 -0.97057
vn -0.011 0.31702 -0.94836
vn -0.0135 -0.26889 -0.96308
vn -0.0126 -0.21411 -0.97673
vn -0.0397 0.30579 -0.95127
vn -0.05 0.37881 -0.92412
vn -0.0523 -0.2119 -0.97589
vn -0.0126 -0.2142 -0.97671
vn -0.0524 -0.21199 -0.97587
vn -0.1066 -0.8588 -0.5011
vn -0.047 -0.96405 0.26151
vn -0.123 -0.86592 -0.48481
vn 0.13 0.91142 -0.39041
vn -0.0397 0.30591 -0.95123
vn -0.0499 0.3789 -0.92409
vn 0.0727 0.95155 -0.29878
vn -0.0807 0.42001 -0.90392
vn -0.0073 0.96778 -0.25169
vn -0.0072 0.96778 -0.25169
vn 0.0728 0.95153 -0.29881
vn -0.0447 0.98868 -0.1432
vn 0.053 0.8749 0.4814
vn 0.0492 0.8832 0.4664
vn 0.0493 0.88316 0.46648
vn 0.1264 0.89849 0.4204
vn 0.0492 0.88316 0.46648
vn 0.1639 0.4715 0.8665
vn 0.1412 -0.45441 0.87953
vn 0.16391 0.47142 0.86654
vn 0.0624 0.41267 0.90874
vn 0.35809 -0.49929 0.78898
vn 0.2865 0.4582 0.84141
vn 0.28641 0.45822 0.84143
vn 0.16401 0.47142 0.86653
vn 0.1411 -0.4545 0.8795
vn 0.0978 0.44231 0.89151
vn 0.35821 -0.49931 0.78891
vn 0.22391 -0.41372 0.88244
vn 0.0978 0.44239 0.89148
vn -0.0211 -0.90843 0.41751
vn 0.22401 -0.41371 0.88242
vn 0.35819 -0.49919 0.78899
vn -0.1399 -0.4263 0.8937
vn 0.224 -0.41379 0.88238
vn -0.021 -0.90839 0.4176
vn -0.21649 -0.90407 0.36849
vn -0.1398 -0.42631 0.89371
vn 0.2209 -0.3501 0.91029
vn -0.2166 -0.90409 0.36839
vn 0.118 -0.9001 0.4194
vn 0.22081 -0.35002 0.91035
vn -0.0011 -0.83011 -0.5576
vn -0.0011 -0.83006 -0.55767
vn 0.1211 -0.1212 -0.98521
vn 0.365 -0.1915 -0.9111
vn 0.38339 -0.69368 -0.60978
vn -0.0012 -0.83011 -0.5576
vn 0.1946 0.2195 -0.95601
vn -0.0873 -0.23209 -0.96877
vn 0.19451 0.21951 -0.95603
vn -0.3142 0.84841 0.426
vn -0.2123 0.95658 -0.1997
vn -0.14611 0.93594 -0.32041
vn -0.1627 0.88819 0.4297
vn -0.31419 0.84837 0.42609
vn -0.14609 0.93595 -0.32038
vn -0.1462 0.93597 -0.32029
vn -0.1462 0.93593 -0.32041
vn 0.11569 0.21129 -0.97055
vn -0.0396 0.30591 -0.95124
vn 0.11571 0.21131 -0.97055
vn 0.2113 0.8959 0.3908
vn 0.1301 0.91141 -0.3904
vn 0.1264 0.89853 0.42031
vn 0.21129 0.89586 0.39088
vn 0.164 0.47149 0.86649
vn 0.21141 0.89582 0.39091
vn -0.1626 0.88821 0.4297
vn 0.0979 0.4423 0.89151
vn -0.0471 0.31591 0.94762
vn -0.0471 0.316 0.94759
vn 0.0979 0.44238 0.89147
vn 0.22091 -0.35001 0.91033
vn 0.22089 -0.34998 0.91034
vn 0.29802 0.25361 0.92025
vn 0.5679 0.0338 0.8224
vn 0.29811 0.25361 0.92023
vn 0.51163 -0.44902 0.73254
vn 0.1181 -0.90009 0.41939
vn 0.44891 -0.89252 0.0435
vn 0.5116 -0.4491 0.73251
vn 0.44879 -0.89258 0.0435
vn 0.3833 -0.6937 -0.6098
vn 0.35219 0.26449 -0.89778
vn 0.50009 0.2447 -0.83068
vn 0.48139 0.75479 -0.44559
vn -0.0426 0.88281 -0.4678
vn 0.18799 0.81056 -0.55467
vn 0.48143 0.75475 -0.44563
vn 0.35218 0.26459 -0.89775
vn -0.2123 0.9566 -0.1996
vn 0.18801 0.81052 -0.55471
vn 0.188 0.8106 -0.5546
vn 0.0871 0.91484 0.39432
vn 0.29801 0.25371 0.92023
vn 0.46228 0.66607 0.58537
vn 0.0872 0.91483 0.39431
vn 0.2981 0.2537 0.9202
vn 0.41352 0.63653 0.65103
vn 0.45519 -0.0064 0.89037
vn 0.41349 0.63659 0.65099
vn 0.61478 -0.40749 0.67528
vn 0.51159 -0.44899 0.73259
vn 0.61482 -0.40751 0.67522
vn 0.44883 -0.89256 0.0435
vn 0.49171 -0.85051 0.1867
vn 0.48351 -0.71582 -0.50381
vn 0.4917 -0.85049 0.1868
vn 0.36501 -0.1914 -0.91112
vn 0.40168 -0.1107 -0.90906
vn 0.48348 -0.71586 -0.50377
vn 0.4016 -0.1108 -0.90909
vn 0.36492 -0.19141 -0.91115
vn 0.35231 0.26451 -0.89773
vn 0.5001 0.2446 -0.8307
vn 0.1881 0.81051 -0.5547
vn 0.4622 0.6661 0.5854
vn 0.41349 0.63649 0.65109
vn -0.0426 0.88285 -0.46772
vn 0.3296 0.0149 0.944
vn 0.30949 0.0863 0.94698
vn 0.1415 -0.33891 0.93012
vn 0.29611 -0.14061 0.94475
vn 0.29621 -0.1406 0.94472
vn 0.17491 -0.52422 0.83343
vn 0.2962 -0.1407 0.94471
vn 0.60687 -0.51337 0.60677
vn 0.49879 -0.1839 0.84699
vn -0.0069 -0.73559 0.67739
vn 0.6069 -0.5134 0.6067
vn 0.1749 -0.52429 0.83338
vn 0.1748 -0.5243 0.8334
vn -0.007 -0.73559 0.67739
vn 0.2561 -0.71411 0.65151
vn -0.0069 -0.73564 0.67734
vn 0.0037 -0.857 0.5153
vn 0.64601 -0.58671 0.48831
vn 0.0038 -0.857 0.5153
vn 0.0964 -0.9047 0.415
vn 0.64598 -0.58668 0.48838
vn -0.271 -0.9328 0.2376
vn -0.42969 -0.90297 -0.003
vn -0.27099 -0.93277 0.23769
vn -0.40818 -0.90646 0.10829
vn -0.40818 -0.90647 0.1082
vn 0.30761 -0.85242 0.42281
vn 0.4532 -0.8913 0.0143
vn 0.4087 -0.8997 0.1533
vn -0.2854 -0.95489 -0.082
vn -0.28549 -0.95487 -0.082
vn -0.11651 -0.91856 -0.37772
vn -0.66537 -0.48528 -0.56727
vn -0.1165 -0.91852 -0.37781
vn -0.28552 -0.95486 -0.08201
vn -0.75474 -0.47392 -0.45362
vn -0.66544 -0.48523 -0.56723
vn 0.40909 -0.19429 -0.89157
vn -0.1166 -0.91856 -0.37769
vn -0.6654 -0.4853 -0.5672
vn -0.5138 0.1782 -0.8392
vn -0.51388 0.17809 -0.83917
vn -0.1406 0.72829 -0.67069
vn 0.5186 0.6659 -0.5363
vn -0.51381 0.1781 -0.83921
vn -0.74173 0.27941 -0.60973
vn -0.74169 0.27939 -0.60979
vn -0.2111 0.79762 -0.56501
vn -0.1405 0.7283 -0.6707
vn -0.013 0.71747 -0.69647
vn -0.20039 0.76857 -0.60757
vn -0.70478 0.32349 -0.63138
vn -0.7048 0.3234 -0.6314
vn -0.55359 0.1337 -0.82199
vn -0.0131 0.71747 -0.69647
vn 0.57117 0.80396 -0.16559
vn -0.2003 0.76858 -0.60759
vn -0.013 0.71742 -0.69652
vn 0.64931 -0.69651 -0.3054
vn -0.3613 -0.1636 -0.91799
vn 0.0053 -0.0876 -0.99614
vn -0.5536 0.1336 -0.822
vn -0.36142 -0.16361 -0.91794
vn -0.27051 -0.1334 -0.95343
vn -0.55983 -0.73654 -0.37962
vn -0.79359 -0.43129 -0.42919
vn -0.55981 -0.73651 -0.3797
vn -0.79938 -0.47839 -0.36349
vn -0.66531 -0.48531 -0.56731
vn -0.7418 0.2793 -0.6097
vn -0.42973 -0.90295 -0.003
vn -0.27109 -0.93277 0.23759
vn -0.2961 -0.90501 0.3054
vn -0.007 -0.73569 0.67729
vn -0.1132 -0.86469 0.48939
vn -0.007 -0.73564 0.67734
vn 0.1414 -0.33891 0.93013
vn 0.30949 0.0864 0.94697
vn 0.61472 -0.40751 0.67532
vn 0.45519 -0.0063 0.89037
vn 0.3035 0.3959 0.86669
vn 0.406 0.1598 0.89979
vn 0.30952 0.08641 0.94696
vn 0.32969 0.015 0.94397
vn 0.4975 0.1904 0.84631
vn 0.32969 0.0149 0.94397
vn 0.48629 0.0531 0.87218
vn 0.49758 0.19039 0.84627
vn 0.4988 -0.1838 0.847
vn 0.66582 -0.15691 0.72942
vn 0.6069 -0.5133 0.6068
vn 0.42318 -0.88426 0.19749
vn 0.42322 -0.88424 0.19751
vn 0.64929 -0.69649 -0.30549
vn 0.3403 -0.83039 0.44119
vn 0.64931 -0.69642 -0.30561
vn 0.64939 -0.69639 -0.3055
vn -0.0485 -0.99504 0.0869
vn -0.32831 -0.82002 -0.46881
vn -0.0485 -0.99504 0.0868
vn 0.64941 -0.69641 -0.30541
vn 0.64933 -0.69644 -0.30552
vn -0.15201 -0.69994 -0.69784
vn -0.3283 -0.82009 -0.46869
vn -0.17159 -0.96726 0.18699
vn -0.32828 -0.82005 -0.46877
vn -0.4722 -0.8035 -0.3625
vn -0.1715 -0.96728 0.187
vn -0.54581 -0.1453 -0.82521
vn -0.47218 -0.80347 -0.36259
vn -0.47131 -0.1477 -0.86951
vn -0.54577 -0.14519 -0.82526
vn -0.47131 -0.1476 -0.86953
vn -0.362 -0.0524 -0.9307
vn -0.0746 0.6798 -0.7296
vn -0.54576 -0.14529 -0.82525
vn -0.22779 -0.0614 -0.97177
vn -0.22789 -0.0614 -0.97175
vn -0.32711 -0.0221 -0.94473
vn -0.1306 0.0748 -0.98861
vn -0.32699 -0.0221 -0.94477
vn -0.1204 0.0299 -0.99228
vn -0.1305 0.0748 -0.98862
vn -0.2952 -0.0071 -0.95541
vn -0.29529 -0.0072 -0.95538
vn -0.41398 -0.1037 -0.90436
vn -0.1809 0.1418 -0.97322
vn -0.1809 0.1419 -0.97321
vn -0.21089 0.081 -0.97415
vn -0.1344 0.22229 -0.96567
vn -0.21079 0.081 -0.97417
vn -0.027 0.12529 -0.99175
vn -0.33599 0.19779 -0.92086
vn -0.2108 0.0809 -0.97418
vn -0.1344 0.2222 -0.96569
vn -0.36963 0.27042 -0.88896
vn -0.33601 0.19791 -0.92083
vn -0.0425 0.88281 -0.4678
vn -0.36959 0.27039 -0.88898
vn -0.1343 0.2223 -0.96569
vn 0.40168 -0.11079 -0.90905
vn -0.0269 0.12529 -0.99175
vn -0.16559 0.0082 -0.98616
vn 0.40159 -0.1102 -0.90917
vn -0.16559 0.0081 -0.98616
vn -0.26879 -0.35629 -0.89488
vn 0.40172 -0.1108 -0.90904
vn -0.4323 -0.89111 -0.138
vn -0.1133 -0.86468 0.48939
vn -0.2962 -0.90501 0.3053
vn -0.43222 -0.89113 -0.1381
vn -0.49378 -0.66797 -0.55678
vn -0.49381 -0.66801 -0.55671
vn -0.5599 -0.73649 -0.3796
vn -0.29611 -0.90504 0.30531
vn -0.36141 -0.1637 -0.91792
vn -0.2706 -0.1334 -0.9534
vn -0.162 0.0793 -0.9836
vn -0.16571 0.0081 -0.98614
vn -0.16569 0.0082 -0.98614
vn -0.43222 -0.89114 -0.13801
vn 0.49999 0.2449 -0.83068
vn -0.1205 0.0299 -0.99226
vn -0.1621 0.0793 -0.98358
vn -0.152 -0.69989 -0.69789
vn 0.0053 -0.0877 -0.99613
vn -0.32832 -0.82006 -0.46873
vn -0.1519 -0.6999 -0.6979
vn 0.92923 0.32801 0.17011
vn 0.92928 0.32789 0.1701
vn 0.25621 -0.71404 0.65154
vn 0.2561 -0.71401 0.65161
vn 0.79308 -0.41259 0.44809
vn 0.0965 -0.90469 0.415
vn 0.79301 -0.41261 0.44821
vn 0.89437 -0.37859 0.23829
vn 0.92072 -0.37781 -0.0977
vn 0.89438 -0.37849 0.23839
vn 0.40909 -0.1942 -0.89159
vn 0.94004 0.31981 -0.11851
vn 0.409 -0.1943 -0.89161
vn 0.94005 0.31978 -0.11849
vn 0.46789 0.84659 -0.2537
vn 0.92481 0.37771 0.0454
vn 0.89368 0.42179 0.1531
vn 0.57118 0.80397 -0.16549
vn 0.89371 0.42171 0.1531
vn 0.92925 0.32798 0.17009
vn 0.94008 0.31969 -0.1185
vn 0.8944 -0.3785 0.2383
vn 0.92071 -0.3778 -0.0978
vn -0.0131 0.71742 -0.69652
vn -0.1013 0.9336 0.3437
vn -0.36989 0.71398 -0.59448
vn -0.1012 0.93361 0.3437
vn -0.27991 0.84712 -0.45171
vn -0.3698 0.71401 -0.59451
vn 0.16359 0.89006 0.42548
vn 0.30349 0.39598 0.86666
vn 0.42862 0.41322 0.80345
vn 0.1635 0.89007 0.42549
vn 0.42869 0.41309 0.80348
vn 0.6923 0.0788 0.7173
vn 0.72129 0.2001 0.66309
vn 0.66577 -0.15689 0.72947
vn 0.48641 0.0531 0.87212
vn 0.66578 -0.1568 0.72948
vn 0.83069 -0.051 0.55439
vn 0.6924 0.0788 0.7172
vn 0.66583 -0.15681 0.72944
vn 0.72809 -0.1082 0.67689
vn 0.34038 -0.83036 0.44118
vn 0.34031 -0.83032 0.44131
vn 0.7968 -0.0127 0.6041
vn 0.72814 -0.10821 0.67684
vn 0.37849 -0.71129 0.59229
vn 0.79681 -0.0126 0.6041
vn -0.17149 -0.96726 0.18709
vn 0.37829 -0.71808 0.58418
vn 0.37841 -0.71132 0.59231
vn -0.21629 -0.95806 0.18799
vn 0.37831 -0.71812 0.58411
vn -0.60462 -0.73862 -0.29811
vn -0.21629 -0.95808 0.1879
vn -0.60458 -0.73867 -0.29809
vn -0.20491 -0.95683 0.20611
vn -0.21639 -0.95806 0.18789
vn -0.69368 -0.68038 -0.23639
vn -0.69373 -0.68033 -0.23641
vn -0.6521 -0.7001 -0.2909
vn -0.1265 -0.98327 0.1311
vn -0.20481 -0.95685 0.20611
vn 0.4971 -0.7434 0.4475
vn 0.3975 -0.76201 0.51121
vn -0.20481 -0.95683 0.20621
vn 0.40741 -0.74872 0.52291
vn -0.2161 -0.95709 0.1931
vn -0.13739 -0.98696 0.0839
vn 0.48781 -0.79612 0.35811
vn 0.63569 -0.76829 -0.075
vn 0.48789 -0.79608 0.35809
vn -0.1374 -0.98697 0.0838
vn 0.1987 -0.88608 -0.41879
vn 0.89887 -0.1637 0.40649
vn 0.48791 -0.79601 0.35821
vn 0.6358 -0.7682 -0.075
vn 0.93329 -0.2732 -0.2331
vn 0.89882 -0.1637 0.40661
vn 0.89889 -0.1636 0.40649
vn 0.93325 -0.27331 -0.23311
vn 0.89296 0.32799 -0.30829
vn 0.89299 0.3279 -0.3083
vn 0.82148 0.56579 0.0711
vn 0.89294 0.32802 -0.30831
vn 0.93326 -0.27329 -0.23309
vn 0.51941 -0.2734 -0.80961
vn 0.51229 0.50549 -0.69429
vn 0.93329 -0.2733 -0.233
vn 0.19859 -0.88606 -0.41888
vn -0.34889 -0.68489 -0.63969
vn -0.64071 -0.67191 -0.37151
vn -0.2701 -0.1154 -0.95589
vn -0.0758 0.50151 -0.86182
vn -0.0759 0.50139 -0.86189
vn -0.0759 0.50151 -0.86182
vn -0.76263 0.0603 -0.64402
vn -0.31661 0.70723 -0.63213
vn -0.83226 0.0968 -0.54587
vn -0.39337 0.76875 -0.50427
vn -0.39339 0.76879 -0.50419
vn -0.76267 0.0603 -0.64397
vn -0.72887 -0.64328 -0.23439
vn -0.8323 0.0968 -0.5458
vn -0.76267 0.0602 -0.64398
vn -0.64077 -0.67187 -0.37148
vn -0.76857 -0.095 -0.63267
vn -0.67799 0.0793 -0.73079
vn -0.6522 -0.7 -0.2909
vn -0.76853 -0.095 -0.63272
vn -0.3325 0.6915 -0.6413
vn -0.1873 0.79 -0.5838
vn -0.67793 0.0794 -0.73083
vn 0.2324 0.95281 -0.1953
vn 0.23241 0.95283 -0.19521
vn 0.25229 0.92498 -0.28419
vn -0.33241 0.69152 -0.64132
vn -0.20789 0.74506 -0.63377
vn -0.2079 0.74511 -0.63371
vn 0.18201 0.96135 -0.20661
vn -0.208 0.74509 -0.6337
vn -0.66237 -0.14619 -0.73477
vn -0.66232 -0.1462 -0.73482
vn -0.5457 -0.1452 -0.8253
vn -0.362 -0.0525 -0.9307
vn 0.3306 0.8971 -0.2931
vn 0.46612 -0.86924 -0.16481
vn 0.011 -0.9883 0.1521
vn 0.46619 -0.86918 -0.1649
vn -0.2708 -0.8374 -0.4748
vn -0.36209 -0.0525 -0.93067
vn -0.57256 0.0049 -0.81985
vn -0.36209 -0.0524 -0.93067
vn -0.55138 0.036 -0.83347
vn -0.57261 0.0048 -0.81981
vn -0.55131 0.036 -0.83352
vn -0.32711 -0.0222 -0.94473
vn -0.39169 -0.0682 -0.91757
vn -0.55138 0.0361 -0.83347
vn -0.3272 -0.0221 -0.9447
vn -0.3916 -0.0683 -0.9176
vn -0.41402 -0.1037 -0.90434
vn -0.54082 -0.19451 -0.81834
vn -0.39168 -0.0683 -0.91756
vn -0.29529 -0.0071 -0.95538
vn -0.3969 0.2484 -0.88361
vn -0.39689 0.2485 -0.88359
vn -0.47901 -0.0372 -0.87702
vn -0.39681 0.24851 -0.88362
vn -0.21089 0.0809 -0.97416
vn -0.28 0.8471 -0.4517
vn -0.1154 0.92131 -0.3713
vn -0.36971 0.27041 -0.88893
vn -0.3698 0.7141 -0.5944
vn 0.1635 0.89011 0.42541
vn -0.1012 0.93364 0.34362
vn -0.0583 0.94999 -0.3068
vn -0.1153 0.92132 -0.37131
vn 0.1636 0.8901 0.4254
vn 0.31779 0.92228 0.22
vn 0.63388 0.43869 0.63698
vn 0.42871 0.41321 0.80341
vn 0.72128 0.20019 0.66308
vn 0.63391 0.43861 0.63701
vn 0.76174 0.21341 0.61173
vn 0.799 0.3321 0.5013
vn 0.72133 0.20021 0.66303
vn 0.8064 0.1459 0.5731
vn 0.76175 0.21331 0.61174
vn 0.72134 0.20011 0.66304
vn 0.75258 0.0744 0.65428
vn 0.75259 0.0743 0.65429
vn 0.81721 0.0518 0.57401
vn 0.49828 -0.75317 0.42948
vn 0.81729 0.0518 0.57389
vn 0.83074 -0.051 0.55432
vn 0.0111 -0.9883 0.1521
vn 0.43879 -0.71538 0.54378
vn 0.0111 -0.98829 0.1522
vn -0.1536 -0.95842 0.2405
vn -0.52712 -0.79742 -0.29371
vn -0.1537 -0.9584 0.2405
vn -0.52707 -0.79746 -0.29369
vn -0.74248 -0.65178 -0.1546
vn -0.1906 -0.95349 0.2335
vn -0.77534 -0.62433 -0.0952
vn -0.2129 -0.96588 0.1475
vn -0.19059 -0.95347 0.23359
vn -0.1905 -0.95349 0.2336
vn -0.2128 -0.9659 0.1475
vn 0.4658 -0.8168 0.3404
vn 0.46572 -0.81684 0.34042
vn 0.4626 -0.7703 0.4389
vn -0.1905 -0.95351 0.2335
vn 0.45893 -0.78255 0.42072
vn -0.27639 -0.92855 0.24779
vn -0.175 -0.97709 0.1211
vn 0.4901 -0.8429 0.2221
vn 0.45889 -0.78258 0.42069
vn 0.5128 -0.8461 -0.1454
vn -0.0305 -0.93364 -0.35691
vn 0.51288 -0.84606 -0.14539
vn 0.96103 -0.21201 0.17741
vn 0.49009 -0.84288 0.22219
vn 0.51292 -0.84603 -0.14541
vn 0.84909 -0.3326 -0.4104
vn 0.96105 -0.21191 0.17741
vn 0.79692 0.35631 -0.48781
vn 0.79689 0.3564 -0.4878
vn 0.81353 0.56862 -0.1218
vn 0.96106 -0.21189 0.17739
vn 0.216 -0.3153 -0.92409
vn 0.29519 0.56528 -0.77027
vn 0.2161 -0.3152 -0.92409
vn 0.84913 -0.33261 -0.41031
vn -0.0306 -0.93364 -0.35691
vn -0.57959 -0.67639 -0.45449
vn -0.0306 -0.93365 -0.35688
vn -0.175 -0.9771 0.121
vn -0.7249 -0.6612 -0.1932
vn -0.1751 -0.97708 0.1211
vn -0.27651 -0.92854 0.24771
vn -0.80791 -0.58881 -0.0243
vn -0.72489 -0.66119 -0.1933
vn -0.87703 0.13 -0.46251
vn -0.91056 0.21299 -0.35428
vn -0.77538 -0.62428 -0.0952
vn -0.74254 -0.65174 -0.15451
vn -0.86242 0.102 -0.49581
vn -0.86244 0.10199 -0.49577
vn -0.88971 0.17 -0.4237
vn -0.74249 -0.65179 -0.1545
vn -0.60762 -0.0631 -0.79172
vn -0.57261 0.0049 -0.81981
vn -0.29131 0.72612 -0.62281
vn -0.60762 -0.063 -0.79173
vn -0.2272 0.6937 -0.6835
vn -0.2914 0.72609 -0.6228
vn 0.1748 0.9522 -0.2505
vn 0.012 0.98328 -0.1817
vn 0.1749 0.95219 -0.2505
vn -0.3916 -0.0684 -0.91759
vn 0.0487 -0.98408 0.1709
vn -0.39151 -0.85521 -0.33961
vn -0.70831 -0.1499 -0.68981
vn -0.5409 -0.1945 -0.81829
vn -0.57457 -0.81275 -0.09649
vn -0.84336 -0.103 -0.52738
vn -0.5745 -0.8128 -0.0965
vn -0.4406 0.73759 -0.5117
vn -0.84337 -0.1029 -0.52738
vn -0.70832 -0.1498 -0.68982
vn -0.30441 0.65592 -0.69072
vn -0.44068 0.73756 -0.51167
vn -0.47901 -0.0371 -0.87702
vn -0.70837 -0.14979 -0.68977
vn -0.47909 -0.0371 -0.87698
vn 0.1442 0.95748 -0.24989
vn -0.0022 0.97679 -0.2142
vn -0.47921 -0.0372 -0.87691
vn 0.0524 -0.97823 0.20081
vn -0.0022 0.97677 -0.21429
vn -0.47909 -0.0372 -0.87698
vn -0.4195 -0.84439 -0.3332
vn 0.0523 -0.97823 0.20081
vn -0.41941 -0.84443 -0.33321
vn -0.81828 -0.1628 -0.55129
vn -0.6217 -0.78291 0.0233
vn -0.4194 -0.8444 -0.3333
vn -0.90246 -0.0927 -0.42068
vn -0.48101 0.73591 -0.47651
vn -0.90245 -0.09261 -0.42072
vn -0.8182 -0.1628 -0.5514
vn -0.81821 -0.1627 -0.55141
vn -0.53233 0.65224 -0.53963
vn -0.5323 0.65221 -0.5397
vn -0.51629 0.43809 -0.73588
vn 0.0472 0.97688 -0.2085
vn -0.51633 0.43812 -0.73584
vn -0.51619 0.43819 -0.73589
vn -0.028 0.95107 -0.30769
vn -0.0583 0.94996 -0.30689
vn -0.51623 0.43823 -0.73584
vn -0.5163 0.4382 -0.7358
vn 0.42769 0.87757 0.21669
vn -0.0279 0.95111 -0.3076
vn 0.42772 0.87755 0.21671
vn 0.31779 0.92226 0.22009
vn 0.63392 0.43872 0.63692
vn 0.7264 0.3973 0.5608
vn 0.72639 0.39719 0.56089
vn 0.79903 0.33201 0.50132
vn 0.83415 0.25648 0.48827
vn 0.65582 -0.64252 0.39631
vn 0.83419 0.2565 0.48819
vn 0.68321 -0.64931 0.3341
vn 0.6558 -0.6425 0.3964
vn -0.0756 -0.9676 0.2409
vn 0.68319 -0.64929 0.33419
vn -0.0757 -0.96762 0.2408
vn 0.0524 -0.97825 0.20071
vn -0.62164 -0.78295 0.0233
vn 0.0199 -0.97951 0.2004
vn -0.0757 -0.96759 0.2409
vn -0.739 -0.6311 0.2358
vn 0.0199 -0.97953 0.20031
vn -0.0756 -0.96762 0.24081
vn 0.67759 -0.73259 0.0646
vn 0.68116 -0.72206 -0.12099
vn -0.0803 -0.99344 0.0814
vn 0.60942 -0.77502 -0.1672
vn -0.0663 -0.98285 0.17209
vn -0.1436 -0.98947 0.0182
vn -0.1436 -0.98947 0.0183
vn 0.46221 -0.81382 -0.35221
vn 0.60941 -0.77501 -0.1673
vn 0.0773 -0.68999 -0.71968
vn -0.14369 -0.98945 0.0182
vn -0.42707 -0.73096 -0.53227
vn 0.0773 -0.69003 -0.71964
vn 0.80868 -0.1251 -0.57479
vn 0.0773 -0.69009 -0.71959
vn 0.1457 -0.1859 -0.97171
vn 0.80873 -0.1251 -0.57472
vn 0.17 0.38001 -0.90923
vn 0.5549 0.5868 -0.5897
vn -0.50418 -0.15059 -0.85037
vn -0.3438 0.52761 -0.77681
vn 0.1458 -0.1859 -0.97169
vn 0.0772 -0.69004 -0.71964
vn -0.4271 -0.731 -0.5322
vn -0.80492 -0.55891 -0.1993
vn -0.14369 -0.98945 0.0183
vn -0.74217 -0.62977 0.22929
vn -0.80495 -0.55887 -0.19929
vn -0.50422 -0.1507 -0.85033
vn -0.805 -0.5588 -0.1993
vn -0.93541 -0.0398 -0.35131
vn -0.95148 0.095 0.29269
vn -0.93541 -0.0399 -0.3513
vn -0.76149 0.5156 -0.3928
vn -0.9515 0.095 0.2926
vn -0.67008 0.74228 -0.0044
vn -0.76153 0.51552 -0.39282
vn -0.56669 0.80459 0.1775
vn -0.87735 0.13259 0.46117
vn -0.5667 0.8046 0.1774
vn -0.6341 0.771 -0.059
vn -0.97873 0.037 0.20181
vn -0.99796 0.0419 0.0481
vn -0.67721 0.70461 -0.2119
vn -0.63409 0.77099 -0.0591
vn -0.67718 0.70468 -0.21179
vn -0.90247 -0.0926 -0.42069
vn -0.99797 0.0418 0.0481
vn -0.73903 -0.63102 0.23591
vn -0.65641 -0.70561 0.2669
vn -0.99796 0.0419 0.0482
vn -0.97873 0.0369 0.20181
vn 0.0198 -0.97951 0.2004
vn -0.65636 -0.70566 0.26689
vn -0.0804 -0.99343 0.0814
vn -0.0664 -0.98284 0.17211
vn -0.64619 -0.63059 0.42989
vn -0.64623 -0.63053 0.42992
vn -0.87734 0.13251 0.46122
vn -0.95149 0.0949 0.2927
vn 0.14089 0.94976 -0.27949
vn 0.0825 0.96486 -0.24949
vn 0.1409 0.94978 -0.27939
vn 0.0472 0.97686 -0.20859
vn 0.69747 0.71607 0.0279
vn 0.0826 0.96487 -0.24939
vn 0.0473 0.97688 -0.2085
vn 0.53308 0.82098 0.20449
vn 0.69742 0.71612 0.0278
vn 0.53301 0.82102 0.20451
vn -0.028 0.9511 -0.3076
vn 0.83417 0.25659 0.48818
vn 0.53307 0.82096 0.20459
vn 0.83414 0.25661 0.48822
vn 0.9671 0.058 0.2477
vn 0.69742 0.71612 0.0279
vn 0.99302 -0.0381 -0.1116
vn 0.67759 -0.73259 0.0647
vn 0.68121 -0.72202 -0.121
vn 0.93448 -0.0699 -0.34909
vn 0.99302 -0.0382 -0.1116
vn 0.91155 -0.0949 -0.40008
vn 0.68351 0.60091 -0.4144
vn 0.91157 -0.0947 -0.40009
vn 0.80869 -0.125 -0.5748
vn 0.5548 0.5868 -0.5898
vn 0.68352 0.60082 -0.41451
vn -0.0054 0.94434 -0.32892
vn -0.34389 0.52759 -0.77678
vn -0.50422 -0.15061 -0.85034
vn -0.7615 0.5155 -0.3929
vn -0.0055 0.94435 -0.32888
vn -0.34391 0.52752 -0.77682
vn -0.67008 0.74228 -0.0045
vn -0.0055 0.94434 -0.32892
vn -0.56662 0.80463 0.17751
vn 0.0643 0.97964 -0.19021
vn -0.0193 0.94423 -0.32871
vn 0.71709 0.57329 -0.39639
vn -0.0193 0.9442 -0.3288
vn 0.141 0.94973 -0.27951
vn 0.14099 0.94974 -0.27948
vn 0.73891 0.63021 -0.2384
vn 0.71711 0.57331 -0.39631
vn -0.0054 0.94435 -0.32888
vn 0.0643 0.97962 -0.1903
vn 0.68348 0.60088 -0.41449
vn 0.141 0.94977 -0.27939
vn 0.0826 0.96485 -0.24949
vn 0.69747 0.71607 0.0278
vn 0.99303 -0.0381 -0.1115
vn 0.99303 -0.038 -0.1116
vn 0.93448 -0.0698 -0.34909
vn 0.79911 0.332 0.5012
vn -0.0021 0.97679 -0.2142
vn 0.59669 0.79608 0.1011
vn 0.14429 0.95746 -0.24989
vn 0.85048 0.1673 0.49869
vn 0.79908 0.33209 0.50119
vn 0.76178 0.21339 0.61168
vn 0.8504 0.1674 0.4988
vn 0.85041 0.1673 0.49881
vn 0.76179 0.2133 0.6117
vn 0.60061 -0.68701 0.40901
vn 0.80644 0.14591 0.57303
vn 0.59151 -0.68961 0.4178
vn -0.0541 -0.97674 0.20751
vn -0.0542 -0.97673 0.20751
vn 0.0486 -0.98409 0.1709
vn -0.5745 -0.81281 -0.0964
vn -0.0882 -0.96565 0.24441
vn -0.7227 -0.6906 0.0281
vn -0.0881 -0.96567 0.24439
vn -0.96221 0.0304 -0.2706
vn -0.72269 -0.69059 0.0282
vn -0.96221 0.0305 -0.2706
vn -0.4407 0.7376 -0.5116
vn -0.51839 0.76478 -0.38259
vn 0.0771 0.9646 -0.2522
vn 0.1371 0.95629 -0.2583
vn -0.30439 0.65598 -0.69068
vn 0.65528 0.74797 0.1056
vn 0.0772 0.96462 -0.2521
vn 0.1443 0.95749 -0.2498
vn 0.85047 0.16739 0.49868
vn 0.85045 0.16731 0.49873
vn 0.9237 0.0709 0.3765
vn 0.92366 0.0709 0.37659
vn 0.60067 -0.68697 0.40898
vn 0.98453 -0.0181 0.1743
vn 0.5532 -0.7725 0.3118
vn -0.08809 -0.96564 0.24449
vn 0.6233 -0.7697 0.1381
vn 0.55313 -0.77254 0.31182
vn -0.0881 -0.96564 0.24451
vn -0.1057 -0.98457 0.1395
vn 0.98454 -0.0181 0.17421
vn 0.6233 -0.76971 0.138
vn 0.99013 -0.1068 -0.0907
vn 0.97729 -0.1682 -0.1289
vn 0.99122 -0.1024 0.0837
vn 0.5687 -0.7898 0.2298
vn 0.52179 -0.85298 0.0126
vn 0.97731 -0.1681 -0.1289
vn 0.78873 0.60542 -0.1066
vn 0.77179 0.56039 -0.3005
vn 0.63513 0.33301 -0.69693
vn 0.64827 -0.30338 -0.69836
vn 0.63506 0.33308 -0.69696
vn 0.64831 -0.3034 -0.69831
vn -0.0344 -0.27059 -0.96208
vn -0.0343 -0.27059 -0.96208
vn 0.114 0.5744 -0.8106
vn -0.50448 0.60838 -0.61268
vn -0.0343 -0.27069 -0.96206
vn -0.79639 -0.0246 -0.60429
vn 0.1947 0.91641 -0.3497
vn -0.54179 0.77169 -0.3331
vn -0.97585 0.16749 -0.14019
vn -0.97588 0.1674 -0.1401
vn -0.47389 0.85598 -0.2067
vn -0.54181 0.77172 -0.33301
vn -0.97587 0.16749 -0.1401
vn -0.97971 0.1985 -0.0278
vn -0.73511 -0.65381 0.1793
vn -0.97973 0.19841 -0.0278
vn -0.77079 -0.63689 -0.0162
vn -0.96664 0.14761 -0.20931
vn -0.7675 -0.6394 0.046
vn -0.76755 -0.63934 0.046
vn -0.55567 0.76955 -0.31468
vn -0.96663 0.1477 -0.20931
vn -0.96218 0.0305 -0.27069
vn -0.51841 0.76481 -0.38251
vn -0.5556 0.7696 -0.3147
vn -0.51848 0.76477 -0.38249
vn 0.2031 0.92992 -0.30661
vn -0.55568 0.76958 -0.31459
vn 0.7568 0.6087 -0.2382
vn 0.2032 0.9299 -0.3066
vn 0.1372 0.95627 -0.25829
vn 0.74769 0.66159 -0.057
vn 0.75685 0.60864 -0.23821
vn 0.2058 0.95252 -0.2244
vn 0.78868 0.60549 -0.1066
vn 0.77181 0.56041 -0.30041
vn 0.19471 0.91644 -0.34961
vn 0.63511 0.3331 -0.69691
vn -0.47381 0.85602 -0.20671
vn 0.2057 0.95251 -0.2245
vn 0.65528 0.74798 0.1055
vn 0.74774 0.66153 -0.0571
vn 0.1372 0.9563 -0.2582
vn 0.0771 0.96462 -0.25211
vn 0.98453 -0.018 0.1743
vn 0.74774 0.66154 -0.057
vn 0.75689 0.60859 -0.2382
vn 0.74779 0.66149 -0.057
vn 0.99015 -0.10669 -0.0907
vn -0.0882 -0.96563 0.24451
vn -0.1058 -0.98456 0.13949
vn -0.16411 -0.95574 0.24421
vn -0.1423 -0.98428 0.1046
vn -0.1422 -0.9843 0.1046
vn 0.40982 -0.81013 -0.41922
vn -0.1489 -0.8893 -0.4324
vn 0.40978 -0.81016 -0.41918
vn 0.9773 -0.1682 -0.1288
vn -0.7056 -0.6399 -0.3044
vn -0.14889 -0.88926 -0.43248
vn -0.77075 -0.63694 -0.0162
vn -0.70558 -0.63988 -0.30449
vn -0.77075 -0.63694 -0.0161
vn -0.1424 -0.98427 0.1046
vn -0.1642 -0.95572 0.24421
vn -0.7351 -0.6538 0.1794
vn -0.70562 -0.63982 -0.30451
vn -0.7707 -0.637 -0.0162
vn -0.97587 0.1674 -0.1402
vn 0.0121 0.98328 -0.1817
vn 0.80631 0.1459 0.57321
vn 0.62894 0.76785 0.12181
vn 0.80638 0.146 0.57309
vn 0.66567 0.72397 0.18099
vn 0.62889 0.76788 0.1219
vn 0.84733 -0.0071 0.53102
vn 0.84733 -0.0072 0.53102
vn 0.81721 0.0517 0.57401
vn 0.43882 -0.71533 0.54382
vn 0.90228 -0.1221 0.41349
vn 0.84736 -0.0072 0.53097
vn 0.90227 -0.1222 0.41349
vn -0.1536 -0.95839 0.2406
vn 0.90232 -0.1221 0.41341
vn 0.4657 -0.8169 0.3403
vn 0.93512 -0.2013 0.29161
vn 0.90231 -0.1222 0.4134
vn 0.90356 -0.21979 0.36778
vn 0.45897 -0.78255 0.42067
vn 0.49001 -0.84292 0.22221
vn 0.79502 0.60252 0.0701
vn 0.90362 -0.2197 0.36771
vn 0.96103 -0.21191 0.17751
vn 0.81354 0.56863 -0.12171
vn 0.79503 0.60252 0.07
vn 0.2572 0.90141 -0.3483
vn 0.79685 0.35638 -0.48787
vn 0.29521 0.56521 -0.77032
vn -0.3148 0.5519 -0.77221
vn 0.2953 0.5652 -0.77029
vn 0.21609 -0.31529 -0.92407
vn -0.58673 -0.0808 -0.80574
vn 0.25711 0.90143 -0.34831
vn -0.31478 0.55197 -0.77216
vn -0.41849 0.73108 -0.53888
vn 0.2571 0.9014 -0.3484
vn -0.31489 0.55189 -0.77218
vn -0.5868 -0.0808 -0.80569
vn -0.87699 0.13 -0.46259
vn -0.38329 0.83448 -0.39589
vn -0.41851 0.73112 -0.53881
vn -0.91051 0.213 -0.3544
vn -0.44691 0.78942 -0.42081
vn -0.88969 0.1701 -0.4237
vn -0.4314 0.7471 -0.5057
vn -0.44689 0.78939 -0.42089
vn -0.43148 0.74707 -0.50568
vn 0.23189 0.94128 -0.24539
vn 0.1537 0.95703 -0.24591
vn 0.2318 0.9413 -0.2454
vn 0.1748 0.95218 -0.2506
vn 0.15381 0.95704 -0.24581
vn -0.22721 0.69374 -0.68344
vn 0.66568 0.72398 0.18089
vn 0.62889 0.76789 0.1218
vn 0.66561 0.72401 0.181
vn 0.76309 0.63799 0.1033
vn 0.23199 0.94126 -0.24539
vn 0.84736 -0.0071 0.53097
vn 0.80531 0.59271 0.0132
vn 0.76308 0.63798 0.1034
vn 0.93514 -0.20121 0.29161
vn 0.26779 0.92147 -0.28139
vn 0.26941 0.93835 -0.21661
vn 0.81357 0.56858 -0.1217
vn -0.38331 0.83451 -0.39581
vn 0.2693 0.93838 -0.2166
vn 0.2677 0.92149 -0.2814
vn -0.44688 0.78946 -0.42078
vn -0.44683 0.78946 -0.42083
vn -0.57963 -0.67634 -0.45453
vn -0.58673 -0.0807 -0.80575
vn -0.5797 -0.6763 -0.4545
vn 0.83069 -0.0509 0.5544
vn 0.46611 -0.86922 -0.1649
vn 0.67521 0.73731 0.0217
vn 0.33069 0.89707 -0.29309
vn 0.67521 0.73731 0.0218
vn 0.72819 -0.1082 0.67679
vn 0.63621 0.73871 0.2226
vn 0.79811 -0.0019 0.60251
vn 0.3784 -0.718 0.5842
vn 0.79806 -0.0019 0.60257
vn 0.37839 -0.71809 0.58409
vn 0.82253 -0.0851 0.56232
vn 0.79811 -0.002 0.60251
vn 0.82254 -0.085 0.56232
vn 0.39759 -0.76198 0.51119
vn 0.49711 -0.74332 0.44761
vn 0.88745 -0.13699 0.44008
vn 0.82256 -0.0851 0.56227
vn 0.81622 -0.1261 0.56381
vn 0.4075 -0.7486 0.523
vn 0.40749 -0.74869 0.52289
vn 0.48787 -0.79605 0.35818
vn 0.74228 0.62239 0.24829
vn 0.81625 -0.12609 0.56377
vn 0.82153 0.56572 0.0711
vn 0.7423 0.6224 0.2482
vn 0.29231 0.90802 -0.30011
vn 0.89292 0.32801 -0.30841
vn 0.51222 0.50552 -0.69432
vn 0.29221 0.90804 -0.30011
vn -0.31659 0.70728 -0.63208
vn -0.39329 0.76878 -0.50429
vn 0.2144 0.95669 -0.1969
vn 0.29221 0.90802 -0.30021
vn 0.77675 0.60254 0.18331
vn 0.25239 0.92498 -0.28409
vn 0.2325 0.95281 -0.1952
vn 0.72215 0.63424 0.27612
vn 0.77679 0.60249 0.1833
vn 0.63617 0.73877 0.22249
vn -0.20791 0.74502 -0.63382
vn -0.0746 0.67969 -0.72969
vn 0.18211 0.96133 -0.20661
vn 0.33061 0.89713 -0.29301
vn 0.82257 -0.085 0.56228
vn 0.77678 0.60248 0.18339
vn 0.7222 0.6342 0.2761
vn 0.88746 -0.13689 0.44008
vn 0.77674 0.60253 0.18341
vn 0.21449 0.95667 -0.19689
vn 0.82152 0.56571 0.0712
vn -0.66231 -0.1463 -0.73481
vn -0.47228 -0.80347 -0.36248
vn -0.76852 -0.0951 -0.63272
vn -0.6046 -0.7386 -0.2982
vn -0.72889 -0.64329 -0.2343
vn -0.13749 -0.98695 0.0838
vn -0.21619 -0.95707 0.19309
vn -0.34881 -0.68491 -0.63971
vn -0.76263 0.0602 -0.64403
vn -0.16261 0.88825 0.42962
vn -0.29121 -0.88392 -0.36591
vn -0.1243 -0.90668 -0.40309
vn 0.78282 0.62191 -0.0206
vn 0.75924 0.65074 0.0094
vn 0.75919 0.6508 0.0094
vn 0.4146 0.1053 0.90389
vn 0.30931 -0.28601 0.90693
vn 0.4044 -0.205 0.89131
vn 0.40449 -0.20499 0.89127
vn 0.41472 0.1053 0.90384
vn 0.3093 -0.2861 0.90691
vn 0.3396 -0.46429 0.81799
vn 0.3283 -0.408 0.85191
vn 0.4044 -0.2051 0.89129
vn 0.8519 -0.5225 0.0356
vn 0.79209 -0.61029 0.0119
vn 0.96688 -0.2427 0.079
vn 0.99752 -0.0686 0.0155
vn 0.78286 0.62187 -0.0205
vn 0.99753 -0.0685 0.0155
vn 0.9669 -0.2426 0.079
vn 0.20611 0.35251 0.91283
vn 0.44737 0.32998 0.83125
vn 0.44739 0.32989 0.83127
vn 0.1528 -0.19479 0.96887
vn 0.1281 -0.27691 0.95232
vn 0.0955 0.0121 0.99536
vn 0.44729 0.32999 0.83128
vn 0.20609 0.35239 0.91288
vn 0.0834 -0.99579 0.0381
vn 0.1369 -0.9857 0.0983
vn 0.0833 -0.99579 0.0382
vn 0.37708 -0.72925 0.57096
vn 0.77879 -0.0388 -0.62609
vn 0.49681 -0.85222 0.164
vn 0.5085 -0.8425 -0.1778
vn 0.50843 -0.84255 -0.17781
vn 0.79456 -0.47368 -0.37988
vn 0.50849 -0.84249 -0.1779
vn 0.79449 -0.47369 -0.38
vn 0.99949 -0.0318 -0.0012
vn 0.99897 -0.0437 -0.0125
vn 0.9979 -0.0639 -0.0106
vn 0.99953 -0.0299 0.0061
vn 0.99791 -0.0638 -0.0106
vn 0.97537 -0.21749 0.0368
vn 0.97539 -0.2174 0.0369
vn 0.97653 -0.21501 -0.0126
vn 0.22311 -0.26451 0.93822
vn 0.13741 -0.05 0.98925
vn 0.1301 -0.33631 0.93272
vn 0.97651 -0.2151 -0.0126
vn 0.99702 -0.0761 -0.0125
vn 0.9919 -0.127 -0.0007
vn 0.99701 -0.0762 -0.0125
vn 0.72739 -0.65489 -0.205
vn 0.85792 -0.1909 -0.47701
vn 0.98574 -0.16731 -0.0178
vn 0.98576 -0.16719 -0.0178
vn 0.7347 -0.6773 -0.0386
vn 0.7274 -0.6549 -0.2049
vn 0.94051 -0.2396 -0.2409
vn 0.9919 -0.127 -0.0006
vn 0.0052 0.0336 -0.99942
vn -0.0272 -0.0793 -0.99648
vn 0.0052 0.0335 -0.99943
vn 0.157 0.9771 0.1436
vn 0.1456 0.98797 0.0521
vn 0.26619 -0.79258 0.54859
vn 0.16081 -0.92943 0.33211
vn 0.95877 0.21639 0.18419
vn 0.64238 0.76258 0.0763
vn 0.8963 0.3309 0.2952
vn 0.95876 0.21639 0.18429
vn 0.934 -0.1928 0.3008
vn 0.97402 -0.0364 0.22351
vn 0.93397 -0.19279 0.30089
vn 0.97402 -0.0365 0.2235
vn 0.85423 -0.45221 0.25651
vn 0.70696 0.70626 0.0373
vn 0.2012 0.9787 0.0408
vn 0.20329 0.97708 0.0632
vn 0.2033 0.97708 0.0631
vn 0.64232 0.76263 0.0763
vn 0.70701 0.70621 0.0373
vn 0.97749 -0.2009 -0.0645
vn 0.99133 -0.1028 0.0818
vn 0.97651 -0.2151 -0.0125
vn 0.97536 -0.21749 0.0369
vn 0.85419 -0.45229 0.2565
vn 0.5271 0.83701 -0.1469
vn 0.0775 0.99298 -0.0894
vn 0.1163 0.9932 -0.0056
vn 0.65371 0.75661 -0.0141
vn 0.65377 0.75656 -0.0141
vn 0.98981 -0.1254 -0.0674
vn 0.48059 -0.86628 -0.1364
vn 0.48051 -0.86632 -0.1364
vn 0.72734 -0.65494 -0.20501
vn 0.7347 -0.6773 -0.0385
vn 0.88553 0.0605 -0.46062
vn 0.55347 0.0885 0.82815
vn 0.1477 0.24079 0.95927
vn 0.13751 -0.05 0.98924
vn 0.55347 0.0884 0.82816
vn 0.2232 -0.2645 0.9382
vn 0.67828 -0.0531 0.73288
vn 0.0551 -0.0307 -0.99801
vn -0.0272 -0.0792 -0.99649
vn 0.36059 0.0349 -0.93207
vn 0.23851 0.95695 0.16541
vn 0.89628 0.33089 0.29529
vn 0.85417 -0.45228 0.25659
vn 0.93394 -0.19291 0.30091
vn 0.091 0.5377 0.83821
vn 0.0617 -0.58092 -0.81162
vn 0.0831 0.94693 -0.31051
vn 0.0616 -0.58092 -0.81163
vn -0.0002 -0.99905 -0.0435
vn 0.19669 -0.95535 -0.22049
vn 0.1008 -0.42668 -0.89877
vn 0.3418 -0.2243 0.91261
vn 0.0478 0 0.99886
vn 0.091 0.53778 0.83816
vn 0.5271 0.83699 -0.147
vn 0.52722 0.83693 -0.14691
vn 0.28368 0.20639 0.93644
vn 0.0911 0.53782 0.83813
vn 0.48058 -0.86626 -0.13649
vn 0.30351 -0.60363 -0.73723
vn 0.3035 -0.60369 -0.73719
vn 0.1009 -0.42672 -0.89874
vn 0.19671 -0.95534 -0.22051
vn 0.72737 -0.65488 -0.20509
vn 0.30349 -0.60358 -0.73728
vn 0.19669 -0.95537 -0.22039
vn 0.3418 -0.2244 0.91259
vn -0.0002 -0.99905 -0.0436
vn -0.2999 -0.9265 0.2273
vn 0.1966 -0.95539 -0.2204
vn 0.0587 0.99403 0.092
vn -0.29991 -0.92652 0.2272
vn 0.93475 -0.13319 0.32938
vn 0.19659 -0.95537 -0.22049
vn 0.93472 -0.1334 0.32941
vn 0.0588 0.99402 0.092
vn 0.091 0.53782 0.83813
vn 0.28599 0.203 0.93648
vn 0.28359 0.20639 0.93647
vn 0.6885 0.6187 0.3784
vn -0.3131 -0.94941 -0.0241
vn -0.31319 -0.94938 -0.0241
vn 0.1378 0.98479 -0.1058
vn 0.91506 -0.39828 -0.0635
vn 0.93477 -0.1333 0.32929
vn -0.56198 -0.82147 0.0968
vn -0.56202 -0.82144 0.0968
vn -0.5587 -0.82761 -0.054
vn 0.91506 -0.39828 -0.0636
vn 0.99531 0.0916 -0.031
vn 0.68839 0.61889 0.37829
vn 0.99719 0.0713 0.0228
vn 0.99926 -0.0204 0.0326
vn 0.93476 -0.13339 0.32929
vn 0.9151 -0.3982 -0.0635
vn 0.1379 0.98477 -0.1059
vn 0.68843 0.61883 0.37832
vn 0.99532 0.0916 -0.0309
vn 0.1379 0.98478 -0.1058
vn 0.0001 -0.99078 -0.1355
vn 0.0001 0.99936 -0.0357
vn 0.0001 0.1105 -0.99388
vn 0.91509 -0.3982 -0.0636
vn -0.55859 -0.82768 -0.054
vn -0.55864 -0.82765 -0.054
vn -0.14321 -0.21551 -0.96594
vn 0.0552 -0.0306 -0.99801
vn 0.0051 0.0336 -0.99942
vn -0.14309 -0.21549 -0.96596
vn 0.93473 -0.1333 0.32941
vn -0.3132 -0.94939 -0.024
vn -0.5587 -0.8276 -0.0541
vn -0.0271 -0.0793 -0.99648
vn -0.1432 -0.21561 -0.96592
vn 0.1608 -0.9294 0.3322
vn 0.157 0.97712 0.1435
vn 0.20401 0.1556 0.96652
vn 0.67839 -0.0531 0.73278
vn 0.89627 0.33099 0.29519
vn 0.55352 0.0884 0.82813
vn 0.55352 0.0885 0.82812
vn 0.23849 0.95696 0.16539
vn 0.1609 -0.92942 0.33211
vn 0.67833 -0.0532 0.73283
vn 0.0365 -0.2436 -0.96919
vn 0.447 -0.64569 -0.61909
vn -0.0003 -0.2995 -0.9541
vn -0.0004 -0.29941 -0.95413
vn 0.44692 -0.64572 -0.61912
vn 0.0054 -0.9998 -0.0194
vn 0.137 -0.98568 0.0983
vn 0.99012 -0.1061 0.0917
vn 0.0026 -0.65982 0.75142
vn 0.0028 -0.99747 0.0711
vn 0.0833 -0.9958 0.0381
vn 0.88091 -0.3849 0.2754
vn 0.78008 0.60709 -0.1514
vn 0.4316 0.63751 -0.63821
vn 0.66181 0.0467 -0.74821
vn 0.39361 0.1113 0.91252
vn 0.5984 0.4109 0.6878
vn 0.65859 -0.0892 0.74719
vn 0.77518 -0.19959 -0.59938
vn 0.66187 0.0467 -0.74816
vn 0.66187 0.0466 -0.74817
vn 0.43149 0.63759 -0.63819
vn 0.70303 -0.68073 0.20581
vn 0.3936 0.1114 0.91251
vn 0.59831 0.41101 0.68782
vn 0.65849 -0.0892 0.74729
vn -0.0926 0.97412 -0.2062
vn -0.76066 0.48087 -0.43608
vn -0.0779 0.99693 0.0084
vn -0.6498 0.4807 0.5888
vn -0.0463 0.97413 0.22121
vn 0.35922 0.48102 0.79974
vn 0.0907 0.99452 0.052
vn 0.0908 0.99451 0.052
vn 0.87169 0.4809 -0.0943
vn 0.0775 0.99452 -0.0702
vn 0.1796 0.48089 -0.85819
vn -0.0779 0.99692 0.0085
vn -0.41589 -0.90828 -0.0453
vn -0.36321 -0.90824 0.20781
vn -0.64981 0.48081 0.58871
vn -0.36309 -0.90827 0.20789
vn -0.17159 -0.90827 0.38159
vn -0.1717 -0.90829 0.38149
vn -0.0464 0.97412 0.22121
vn -0.0463 0.97411 0.2213
vn -0.1716 -0.9083 0.3815
vn 0.0855 -0.9083 0.4095
vn 0.0854 -0.9083 0.4095
vn 0.35919 0.48098 0.79977
vn -0.0464 0.9741 0.2213
vn 0.0854 -0.90827 0.40958
vn 0.31001 -0.90823 0.28111
vn 0.30991 -0.90823 0.28121
vn 0.0907 0.99451 0.0521
vn 0.41589 -0.90829 0.0452
vn 0.41589 -0.90828 0.0454
vn 0.87168 0.48089 -0.0944
vn 0.36309 -0.90827 -0.20789
vn 0.36318 -0.90825 -0.20779
vn 0.0775 0.99451 -0.0703
vn 0.87168 0.48089 -0.0945
vn 0.0774 0.99452 -0.0703
vn 0.1716 -0.90821 -0.38171
vn 0.17171 -0.90823 -0.38161
vn 0.1795 0.4809 -0.8582
vn 0.17161 -0.90825 -0.38162
vn -0.0855 -0.90824 -0.40962
vn -0.0854 -0.90825 -0.40962
vn -0.0927 0.97411 -0.2062
vn -0.30989 -0.90827 -0.28109
vn -0.30979 -0.90827 -0.28119
vn -0.76069 0.48089 -0.43599
vn -0.0926 0.9741 -0.2063
vn -0.76073 0.48082 -0.43602
vn -0.41598 -0.90825 -0.0453
vn -0.41589 -0.90828 -0.0454
vn -0.5187 -0.853 0.0578
vn -0.38711 -0.85211 0.35221
vn -0.1067 -0.85217 0.51228
vn -0.1068 -0.8522 0.5122
vn -0.36309 -0.90829 0.2078
vn -0.1067 -0.85221 0.51221
vn 0.21359 -0.85296 0.47628
vn 0.2137 -0.85298 0.47619
vn 0.45069 -0.85428 0.25899
vn 0.4507 -0.85431 0.2589
vn 0.3098 -0.9083 0.2811
vn 0.30989 -0.90827 0.28109
vn 0.51428 -0.85586 -0.0549
vn 0.51428 -0.85586 -0.055
vn 0.41589 -0.90828 0.0453
vn 0.41581 -0.90832 0.0453
vn 0.38178 -0.85726 -0.34548
vn 0.38179 -0.85728 -0.34539
vn 0.36309 -0.90829 -0.2078
vn 0.1049 -0.85767 -0.50338
vn 0.10491 -0.85765 -0.50343
vn 0.17159 -0.90827 -0.38159
vn 0.1048 -0.85761 -0.50351
vn -0.2126 -0.85669 -0.46999
vn -0.0855 -0.90826 -0.40958
vn 0.1716 -0.9083 -0.3815
vn -0.0854 -0.90827 -0.40958
vn -0.4512 -0.8547 -0.2567
vn -0.3098 -0.9083 -0.2811
vn -0.5187 -0.853 0.0579
vn -0.51353 0.85785 0.0197
vn -0.4544 0.82549 0.3348
vn -0.45447 0.82545 0.33478
vn -0.45451 0.82542 0.33481
vn -0.2168 0.80249 0.55589
vn -0.38702 -0.85215 0.35222
vn 0.1084 0.79801 0.59281
vn 0.1085 0.798 0.5928
vn 0.39142 0.81403 0.42912
vn 0.51982 0.84403 0.1319
vn 0.51981 0.84402 0.132
vn 0.51427 -0.85585 -0.0551
vn 0.44749 0.87617 -0.17909
vn 0.5142 -0.8559 -0.055
vn 0.38169 -0.85729 -0.3455
vn 0.4474 0.8762 -0.1792
vn 0.20911 0.89822 -0.38661
vn 0.2092 0.89821 -0.3866
vn -0.1032 0.90229 -0.4186
vn -0.1032 0.90233 -0.41851
vn -0.21261 -0.85666 -0.47003
vn -0.21269 -0.85667 -0.46998
vn -0.37749 0.88708 -0.26569
vn -0.3774 0.88711 -0.2657
vn -0.3775 0.8871 -0.2656
vn -0.51353 0.85785 0.0198
vn -0.51348 0.85787 0.0197
vn -0.45121 -0.85473 -0.25661
vn -0.41589 0.90088 0.1243
vn -0.30979 0.88039 0.35909
vn -0.0853 0.86922 0.48701
vn 0.1715 0.87162 0.45921
vn 0.1084 0.79797 0.59287
vn 0.36302 0.88674 0.28621
vn 0.39152 0.81404 0.42902
vn 0.41581 0.90882 0.034
vn 0.39149 0.81407 0.42898
vn 0.30961 0.92942 -0.2008
vn 0.30961 0.92944 -0.20071
vn 0.0853 0.94061 -0.3286
vn 0.44748 0.87616 -0.17919
vn -0.1715 0.93818 -0.30069
vn -0.36291 0.92302 -0.1278
vn -0.3629 0.92301 -0.1279
vn -0.41581 0.90093 0.1242
vn -0.2247 -0.96829 -0.1092
vn -0.7607 -0.517 0.3925
vn -0.76069 -0.51709 0.39239
vn -0.4159 0.90089 0.1242
vn -0.30978 0.88035 0.35918
vn -0.0428 -0.99905 0.0084
vn -0.0428 -0.99905 0.0083
vn -0.0854 0.86921 0.48701
vn -0.30981 0.88033 0.35921
vn -0.0854 0.86917 0.48708
vn -0.0427 -0.99905 0.0084
vn 0.17951 -0.55413 0.81284
vn 0.1715 0.87158 0.45929
vn 0.1716 0.8716 0.4592
vn 0.0775 -0.99685 -0.0167
vn 0.3631 0.8867 0.2862
vn 0.36311 0.88673 0.28611
vn 0.0775 -0.99685 -0.0168
vn 0.87162 -0.48741 0.0521
vn 0.41581 0.90882 0.0339
vn 0.1961 -0.96061 -0.1969
vn 0.3097 0.92939 -0.2008
vn 0.41589 0.90878 0.034
vn 0.3096 0.9294 -0.2009
vn 0.35902 -0.40962 -0.83864
vn 0.0853 0.94058 -0.32869
vn 0.0852 0.94059 -0.32869
vn 0.3591 -0.40961 -0.83861
vn -0.0161 -0.98645 -0.16329
vn -0.016 -0.98646 -0.16319
vn -0.17151 0.93814 -0.30081
vn -0.0161 -0.98646 -0.16319
vn -0.64961 -0.42791 -0.62841
vn -0.17139 0.93816 -0.30079
vn -0.2247 -0.9683 -0.1091
vn -0.016 -0.98645 -0.16331
vn -0.016 -0.98645 -0.16329
vn 0.19601 -0.96063 -0.19691
vn 0.17961 -0.55412 0.81283
vn -0.0428 -0.99905 0.0084
vn -0.76066 -0.51707 0.39248
vn -0.1104 -0.99169 -0.0661
vn 0.0991 -0.99181 -0.0806
vn 0.132 -0.99061 0.0355
vn -0.17309 -0.95617 0.23619
vn -0.1104 -0.99169 -0.066
vn -0.099 -0.98808 -0.1179
vn 0.0934 -0.97639 -0.1948
vn -0.1103 -0.9917 -0.0661
vn 0.132 -0.99061 0.0356
vn 0.8681 -0.0544 0.4934
vn 0.1823 -0.1216 0.9757
vn 0.9964 -0.0389 0.0753
vn 0.86806 -0.0544 0.49348
vn 0.99061 -0.0753 -0.1141
vn 0.0991 -0.9918 -0.0807
vn 0.0934 -0.97637 -0.19489
vn 0.0535 0.0591 -0.99682
vn 0.99062 -0.0754 -0.114
vn -0.1677 0.0044 -0.98583
vn 0.0935 -0.97638 -0.1948
vn -0.0991 -0.98807 -0.1179
vn -0.99915 -0.0229 -0.0344
vn -0.97927 -0.0805 0.18589
vn -0.99915 -0.0228 -0.0344
vn -0.1103 -0.9917 -0.066
vn -0.97927 -0.0804 0.1859
vn -0.79769 -0.1007 0.5946
vn -0.97929 -0.0804 0.1858
vn -0.17309 -0.95614 0.23629
vn -0.79774 -0.10071 0.59453
vn -0.0737 -0.0985 0.9924
vn -0.0736 -0.0985 0.99241
vn -0.17299 -0.95616 0.23629
vn -0.17311 -0.95613 0.23631
vn 0.1822 -0.1216 0.97571
vn 0.79768 -0.002 0.60308
vn 0.0737 -0.0718 0.99469
vn 0.97925 0.0476 0.19701
vn 0.97922 0.0477 0.1971
vn 0.99915 0.0284 -0.0299
vn 0.97924 0.0477 0.19701
vn 0.16769 0.1636 -0.97217
vn 0.9906 -0.0754 -0.1141
vn -0.0536 0.1113 -0.99234
vn 0.0536 0.0591 -0.99681
vn -0.16761 0.0044 -0.98584
vn -0.99064 0.0936 -0.0993
vn -0.0535 0.11131 -0.99235
vn -0.9964 0.0255 0.0809
vn -0.86808 -0.0304 0.49549
vn -0.99639 0.0255 0.081
vn -0.79778 -0.1007 0.59448
vn -0.86806 -0.0304 0.49553
vn -0.18231 -0.0463 0.98215
vn -0.86808 -0.0303 0.49549
vn -0.79777 -0.1008 0.59448
vn -0.18229 -0.0463 0.98215
vn 0.0736 -0.0718 0.9947
vn -0.18219 -0.0463 0.98217
vn -0.0736 -0.0984 0.99242
vn 0.1822 -0.1215 0.97572
vn 0.173 0.90061 0.39871
vn 0.1103 0.9881 0.1072
vn 0.79768 -0.0019 0.60308
vn 0.79764 -0.002 0.60313
vn 0.1103 0.98811 0.1071
vn 0.099 0.99354 0.0555
vn 0.97923 0.0476 0.19711
vn 0.99915 0.0283 -0.0299
vn 0.099 0.99354 0.0554
vn 0.99915 0.0284 -0.0299
vn 0.0991 0.99353 0.0555
vn -0.0935 0.99537 -0.0224
vn -0.0935 0.99537 -0.0223
vn -0.0991 0.99074 0.0928
vn -0.0934 0.99538 -0.0223
vn -0.99063 0.0936 -0.0994
vn -0.132 0.9694 0.207
vn -0.132 0.96938 0.20709
vn -0.13209 0.96936 0.20709
vn 0.1731 0.9006 0.3987
vn -0.1321 0.96938 0.207
vn 0.0991 0.99353 0.0554
vn 0.1104 0.98809 0.1072
vn 0.26191 -0.95674 -0.12671
vn 0.15451 -0.98574 -0.0666
vn 0.32591 -0.93564 -0.13551
vn 0.3652 -0.92699 -0.0856
vn 0.48019 -0.87608 -0.0437
vn 0.0001 -0.9951 -0.0989
vn 0 -0.99258 -0.1216
vn 0.33958 -0.46437 0.81795
vn 0.31989 -0.54378 0.77587
vn 0.792 -0.6104 0.0119
vn 0.83401 0.55151 0.0161
vn 0.70706 0.70616 0.0373
vn 0.88748 0.46079 0.0069
vn 0.62251 0.78252 0.0121
vn 0.89258 0.45089 -0.0006
vn 0.65382 0.75652 -0.014
vn 0.88698 0.46179 -0.0041
vn 0.85272 0.46271 -0.24241
vn 0.52718 0.83696 -0.14689
vn 0.88692 0.46191 -0.0041
vn 0.8527 0.4627 -0.2425
vn 0.1034 0 0.99464
vn 0.28371 0.20641 0.93643
vn 0.2836 0.2063 0.93649
vn 0.6884 0.6188 0.3784
vn 0.28369 0.20629 0.93646
vn 0.99605 0.0673 0.0579
vn 0.99441 0 0.1056
vn 0.99797 -0.0481 -0.0417
vn 0.97707 -0.21229 -0.0161
vn 0.9944 -0.1057 0
vn 0.98182 0.1898 0
vn 0.99056 -0.13709 0
vn 0.99059 0.1369 0
vn 0.99059 -0.1369 0
vn 0.99053 0.1373 0
vn 0.99454 0.104 0.0084
vn 0.97741 -0.2112 0.0078
vn 0.99454 0.104 0.0083
vn 0.0697 0.92561 0.372
vn 0.9972 0.0712 0.0228
vn 0.1044 -0.4964 0.8618
vn 0.99926 -0.0204 0.0325
vn 0.1448 -0.73102 -0.66682
vn 0.126 -0.2887 0.94909
vn 0.17801 -0.98403 0
vn 0.1174 -0.99308 0
vn 0.1461 -0.98927 0
vn 0.14901 -0.98884 0
vn 0.2691 0 0.96311
vn 0.25219 0.77558 0.57868
vn 0.1045 -0.49639 0.86179
vn 0.2521 0.77551 0.57881
vn 0.15409 0.98806 0
vn 0.1277 0.99181 0
vn 0.1565 0.98768 0
vn 0.1576 0.9875 0.0009
vn 0.0696 0.92562 0.37201
vn -0.0001 0.20209 0.97937
vn 0.2521 0.7756 0.5787
vn 0.9818 0.1899 0.0001
vn 0.9818 0.1899 0
vn 0.96284 -0.1217 0.24111
vn 0.14471 -0.73103 -0.66683
vn 0.98873 -0.0447 -0.1429
vn 0.99604 0.0674 0.0579
vn 0.99605 0.0673 0.0579
vn 0.25221 0.77562 0.57862
vn 0.1781 -0.98401 0
vn 0.9944 -0.1057 -0.0001
vn 0.1781 -0.98401 0.0001
vn 0.1277 0.99181 -0.0002
vn 0.1577 0.98749 0.0009
vn 0.97741 -0.2112 0.0077
vn 0.1565 0.98768 -0.0003
vn 0.1565 0.98768 -0.0001
vn 0.14901 -0.98884 0.0002
vn 0.85421 -0.4522 0.2566
vn -0.99507 -0.0991 -0.0048
vn -0.9946 -0.1038 -0.0011
vn 0.85414 -0.45232 0.25661
vn 0.0835 -0.99346 -0.0779
vn 0.0001 -0.99695 -0.0781
vn 0.97707 -0.21229 -0.016
vn 0.0834 -0.99347 -0.0779
vn 0.98872 -0.0448 -0.1429
vn 0.97991 -0.038 -0.1958
vn 0.97991 -0.0379 -0.1958
vn 0.12249 -0.13639 -0.98305
vn 0.30619 -0.69517 -0.65037
vn 0.12251 -0.13641 -0.98305
vn 0.97989 -0.0379 -0.1959
vn 0.99798 -0.0481 -0.0416
vn 0.126 -0.28879 0.94907
vn 0.1225 -0.1363 -0.98307
vn 0.1448 -0.73111 -0.66671
vn 0.1447 -0.73112 -0.66672
vn 0.0835 -0.99345 -0.078
vn 0.0005 -0.72458 -0.68919
vn 0 -0.99694 -0.0782
vn 0.30621 -0.69512 -0.65042
vn 0.4039 -0.203 0.892
vn 0.17051 0.98464 0.0375
vn 0.2044 0.97628 0.0714
vn 0.2032 0.9771 0.0631
vn 0.13959 0.98946 0.0386
vn 0.1367 0.99048 0.0161
vn 0.1182 0.97524 -0.18691
vn 0.27241 0.93993 0.20571
vn 0.2384 0.95698 0.1654
vn 0.2032 0.9771 0.0632
vn 0.65212 0.17631 0.73733
vn 0.65211 0.1764 0.73731
vn 0.1301 -0.3364 0.93269
vn 0.13739 -0.05 0.98925
vn 0.1706 0.98463 0.0375
vn 0.1367 0.99048 0.0162
vn 0.1445 0.98921 0.0243
vn 0.1183 0.97521 -0.187
vn 0.1239 0.99101 -0.0505
vn 0.0001 0.99848 -0.0552
vn 0.1183 0.97523 -0.18691
vn -0.0001 0.99578 -0.0918
vn 0.40398 -0.20299 0.89196
vn 0.1302 -0.33639 0.93268
vn 0.1456 0.98797 0.0522
vn 0.1571 0.97709 0.1436
vn 0.2724 0.93992 0.2058
vn 0.2725 0.93989 0.2058
vn 0.1571 0.97707 0.1437
vn 0.2041 0.1555 0.96652
vn 0.2041 0.1557 0.96649
vn 0.65206 0.17639 0.73736
vn 0.27251 0.93993 0.20561
vn 0.2041 0.1556 0.9665
vn -0.80511 0.2473 -0.53911
vn -0.1518 0.44599 -0.88207
vn -0.76999 -0.1018 -0.62989
vn -0.76998 -0.1019 -0.62988
vn -0.1519 -0.7011 -0.6967
vn -0.96281 -0.267 -0.0414
vn -0.80513 0.24721 -0.53912
vn -0.1518 -0.87931 0.45141
vn -0.76991 -0.28791 0.56951
vn -0.15179 0.15769 0.97575
vn -0.95431 -0.0279 0.2975
vn -0.9628 -0.267 -0.0415
vn 0.1016 -0.95667 0.27289
vn -0.1518 -0.87927 0.45149
vn -0.96278 -0.26709 -0.0414
vn 0.1016 -0.93438 -0.34149
vn 0.1016 -0.61363 0.78303
vn -0.76998 -0.28779 0.56948
vn 0.1015 -0.95668 0.27289
vn 0.1015 -0.0362 0.99418
vn -0.77 -0.2879 0.5694
vn -0.77002 -0.28781 0.56942
vn 0.1016 -0.61358 0.78307
vn 0.1015 -0.0361 0.99418
vn 0.0396 -0.0934 0.99484
vn -0.15181 0.15771 0.97575
vn 0.1016 -0.0361 0.99417
vn 0.0955 0.96049 0.2614
vn -0.87867 0.46158 0.122
vn -0.3173 0.077 0.94519
vn -0.31739 0.0771 0.94516
vn 0.1601 0.0779 0.98402
vn 0.0457 0.5681 -0.82169
vn -0.78405 0.35298 -0.51057
vn -0.87868 0.46159 0.1219
vn 0.0458 0.56809 -0.82169
vn 0.1016 0.61358 -0.78307
vn -0.80515 0.24728 -0.53906
vn 0.13429 0.41218 -0.90115
vn 0.1016 0.0362 -0.99417
vn -0.1518 0.44591 -0.88211
vn 0.1016 -0.55519 -0.82549
vn -0.1518 -0.70111 -0.69671
vn -0.76999 -0.1017 -0.62989
vn -0.77003 -0.1019 -0.62982
vn 0.1016 0.0361 -0.99417
vn 0.1015 -0.5552 -0.8255
vn 0.1016 -0.93433 -0.34161
vn -0.96278 -0.26709 -0.0415
vn -0.1518 -0.70121 -0.69661
vn 0.1015 -0.93436 -0.34158
vn 0.92115 -0.37698 0.09679
vn 0.10149 -0.95665 0.27299
vn 0.1015 -0.93439 -0.3415
vn 0.99595 -0.0836 -0.0331
vn 0.99906 -0.0276 0.0333
vn 0.99907 -0.0275 0.0333
vn 0.92121 -0.0245 0.3883
vn 0.99634 -0.0086 0.0851
vn 0.92121 -0.0244 0.3883
vn 0.99844 0.0539 0.0146
vn 0.1603 0.0779 0.98399
vn 0.1602 0.0779 0.98401
vn 0.99651 0.0044 0.0833
vn 0.96761 0.1407 -0.2096
vn 0.0458 0.56802 -0.82174
vn 0.0955 0.96052 0.26131
vn 0.99844 0.0539 0.0147
vn 0.96764 0.14061 -0.20951
vn 0.9212 0.248 -0.2998
vn 0.1343 0.41209 -0.90119
vn 0.99838 0.0231 -0.052
vn 0.99947 0.0021 -0.0326
vn 0.1015 0.61358 -0.78308
vn 0.99947 0.002 -0.0326
vn 0.92117 -0.20849 -0.32859
vn 0.10159 -0.55526 -0.82545
vn 0.1015 0.0361 -0.99418
vn 0.9212 -0.2085 -0.3285
vn 0.92118 -0.37689 0.0968
vn 0.99594 -0.0837 -0.0331
vn 0.99946 0.0021 -0.0327
vn 0.99634 -0.0085 0.0851
vn -0.31739 0.077 0.94516
vn -0.78408 0.35289 -0.51058
vn -0.80509 0.2472 -0.53919
vn 0.1602 0.0778 0.98401
vn -0.95428 -0.0279 0.2976
vn 0.0396 -0.0935 0.99483
vn 0.0458 0.56798 -0.82177
vn 0.0457 0.56798 -0.82177
vn 0.99651 0.0045 0.0834
vn 0.99651 0.0045 0.0833
vn 0.96763 0.1407 -0.20951
vn 0.1344 0.41209 -0.90118
vn 0.99838 0.0232 -0.052
vn -0.6946 0.7192 0.0164
vn 0.0419 0.98729 0.1533
vn -0.1144 0.98387 0.1375
vn -0.0447 0.99044 0.13051
vn 0.1157 0.3358 -0.9348
vn 0.0981 0.33279 -0.93788
vn 0.1724 0.65848 -0.73258
vn 0.1701 0.64511 -0.74491
vn 0.1365 0.87021 -0.4734
vn 0.17241 0.65853 -0.73254
vn 0.0936 0.89507 -0.43599
vn 0.1364 0.87022 -0.47341
vn 0.21401 0.88283 -0.41811
vn 0.1863 0.97939 -0.078
vn 0.1862 0.97941 -0.078
vn 0.0936 0.89511 -0.43591
vn 0.21411 0.88284 -0.41802
vn 0.1365 0.87027 -0.47328
vn 0.1482 0.98501 -0.0883
vn 0.34459 0.88048 0.32559
vn 0.1863 0.9794 -0.0779
vn 0.2295 0.93068 0.28489
vn 0.1862 0.97942 -0.0779
vn 0.49369 0.39789 0.77328
vn 0.47872 0.65483 0.58483
vn 0.3886 0.68531 0.61591
vn 0.387 0.4064 0.82769
vn 0.38858 0.68536 0.61586
vn 0.37892 0.68773 0.61923
vn 0.24771 0.91463 0.31951
vn 0.37889 0.68779 0.61919
vn 0.3886 0.6854 0.6158
vn 0.22949 0.93065 0.28499
vn 0.3447 0.8804 0.3257
vn 0.47869 0.65489 0.58479
vn 0.45071 0.82702 0.33601
vn 0.3091 0.9474 -0.083
vn 0.1483 0.98499 -0.0883
vn 0.1482 0.985 -0.0884
vn 0.3091 0.94739 -0.0831
vn 0.24399 0.82847 -0.50408
vn 0.13651 0.87025 -0.47333
vn 0.65207 0.61018 -0.44998
vn 0.30919 0.94736 -0.0831
vn 0.67964 0.72504 -0.11141
vn 0.73476 0.63027 0.25079
vn 0.6796 0.72509 -0.1113
vn 0.73481 0.63021 0.2508
vn 0.45069 0.82699 0.3361
vn 0.54009 0.62049 0.56859
vn 0.7507 0.4927 0.4401
vn 0.77655 0.30892 0.54913
vn 0.54012 0.62043 0.56863
vn 0.54009 0.62039 0.56869
vn 0.579 0.3911 0.7154
vn 0.4788 0.6548 0.5848
vn 0.34471 0.88043 0.32561
vn 0.35689 -0.31929 0.87788
vn 0.47499 0.0652 0.87757
vn 0.38258 0.0328 0.92334
vn 0.38249 0.0328 0.92338
vn 0.2476 -0.3615 0.8989
vn 0.24751 -0.36151 0.89892
vn 0.38258 0.0327 0.92334
vn 0.3703 0.0028 0.92891
vn 0.38701 0.40631 0.82773
vn 0.49371 0.3978 0.77331
vn 0.38261 0.0328 0.92333
vn 0.47498 0.0653 0.87757
vn 0.57902 0.39102 0.71543
vn 0.5592 0.0775 0.8254
vn 0.79192 0.0616 0.60751
vn 0.7765 0.3089 0.5492
vn 0.73449 -0.2251 0.64019
vn 0.55921 0.0774 0.82541
vn 0.47521 -0.25791 0.84122
vn 0.7344 -0.2251 0.6403
vn 0.3569 -0.3192 0.87791
vn 0.4751 -0.2579 0.84129
vn 0.4752 -0.258 0.8412
vn 0.29751 -0.59602 0.74582
vn 0.29742 -0.59604 0.74584
vn 0.59368 -0.50959 0.62278
vn 0.73448 -0.22519 0.64018
vn 0.39049 -0.79507 0.46409
vn 0.59362 -0.50962 0.62282
vn 0.2974 -0.5961 0.7458
vn 0.1162 -0.83329 0.54049
vn 0.0771 -0.85528 0.51239
vn 0.2121 -0.62971 0.74731
vn 0.0772 -0.85532 0.51231
vn 0.35681 -0.31931 0.87791
vn 0.2974 -0.59599 0.74589
vn 0.99615 -0.085 -0.0214
vn 0.99929 -0.0252 -0.0281
vn 0.792 0.0616 0.6074
vn 0.77659 0.30889 0.54909
vn 0.999 0.0127 -0.0428
vn 0.99941 0.0265 -0.0219
vn 0.99928 -0.0252 -0.0282
vn 0.99977 -0.0193 0.0088
vn 0.99615 -0.0812 -0.0331
vn 0.99614 -0.0851 -0.0215
vn 0.99614 -0.0813 -0.033
vn 0.98473 -0.17401 0.0049
vn 0.99058 -0.1109 -0.0803
vn 0.99615 -0.0812 -0.033
vn 0.98708 -0.1125 -0.1141
vn 0.99059 -0.1109 -0.0802
vn 0.96101 -0.2765 0.0036
vn 0.98709 -0.1125 -0.114
vn 0.3904 -0.79511 0.4641
vn 0.96098 -0.27659 0.0037
vn 0.98473 -0.17401 0.005
vn 0.99614 -0.0851 -0.0214
vn 0.28629 -0.95468 0.0814
vn 0.9277 -0.3655 -0.076
vn 0.9277 -0.3655 -0.0761
vn 0.96098 -0.27659 0.0036
vn 0.39051 -0.79511 0.46401
vn 0.92773 -0.36541 -0.0761
vn 0.98841 -0.113 -0.1014
vn 0.97172 -0.194 -0.1346
vn 0.91124 -0.36611 -0.18871
vn 0.97175 -0.19391 -0.13451
vn 0.2962 -0.90169 -0.315
vn 0.91118 -0.36619 -0.1888
vn 0.2863 -0.95469 0.0813
vn 0.0174 -0.99108 0.1321
vn 0.0173 -0.99109 0.1321
vn -0.0076 -0.95171 -0.3069
vn 0.29611 -0.90175 -0.31492
vn -0.053 -0.95821 -0.2811
vn -0.0077 -0.95168 -0.30699
vn -0.0407 -0.98937 0.1396
vn -0.0529 -0.95822 -0.28111
vn 0.0771 -0.85533 0.51232
vn -0.0407 -0.98936 0.13969
vn 0.0173 -0.99107 0.1322
vn 0.0174 -0.99107 0.1322
vn 0.1162 -0.83333 0.54042
vn 0.0801 -0.98846 0.12859
vn 0.0096 -0.96362 -0.26711
vn 0.0801 -0.98847 0.1285
vn 0.27069 -0.95596 0.1134
vn 0.0801 -0.98844 0.12871
vn 0.0859 -0.87079 0.48409
vn 0.0801 -0.98844 0.12869
vn 0.0771 -0.85536 0.51227
vn 0.1918 -0.65351 0.73221
vn 0.08589 -0.87075 0.48417
vn 0.19179 -0.65357 0.73216
vn 0.21011 -0.37851 0.90143
vn 0.22801 -0.65532 0.72012
vn 0.2475 -0.36159 0.89889
vn 0.21209 -0.62966 0.74736
vn 0.0931 -0.1434 -0.98528
vn 0.093 -0.1434 -0.98529
vn -0.0033 -0.52332 -0.85213
vn -0.0233 -0.5133 -0.85789
vn 0.0411 -0.098 -0.99434
vn 0.1157 0.33571 -0.93483
vn 0.0411 -0.0979 -0.99435
vn 0.0931 -0.1433 -0.98529
vn 0.0981 0.33271 -0.93791
vn 0.1158 0.3358 -0.93479
vn 0.2537 0.6128 -0.7484
vn 0.22539 0.33249 -0.91578
vn 0.54132 0.24531 -0.80423
vn 0.25379 0.61279 -0.74838
vn 0.6812 0.4042 -0.6104
vn 0.65211 0.61011 -0.45001
vn 0.2439 0.82849 -0.5041
vn 0.25369 0.61287 -0.74836
vn 0.98322 -0.1509 -0.1025
vn 0.97847 -0.19379 -0.071
vn 0.67959 0.72509 -0.1114
vn 0.67964 0.72505 -0.11131
vn 0.97846 -0.19379 -0.0711
vn 0.97848 -0.1937 -0.0711
vn 0.98309 -0.1741 -0.0568
vn 0.98662 -0.1532 -0.0557
vn 0.95915 -0.27589 -0.0626
vn 0.9825 -0.1479 -0.1132
vn 0.95914 -0.27591 -0.0626
vn 0.98321 -0.151 -0.1025
vn 0.98251 -0.1479 -0.1131
vn 0.9832 -0.151 -0.1026
vn 0.9966 -0.036 -0.0741
vn 0.99806 0.0122 -0.0611
vn 0.99659 -0.036 -0.0742
vn 0.99941 0.0265 -0.0218
vn 0.75078 0.49269 0.43999
vn 0.75074 0.49272 0.44002
vn 0.9966 -0.0359 -0.0741
vn 0.73482 0.63022 0.25071
vn 0.99941 0.0266 -0.0218
vn 0.69302 0.35381 0.62812
vn 0.7794 0.507 0.3681
vn 0.99806 0.0123 -0.0611
vn 0.98253 -0.1478 -0.1131
vn 0.77937 0.50698 0.36818
vn 0.81908 0.55889 0.1294
vn 0.54663 0.80194 0.24101
vn 0.77936 0.50707 0.36808
vn 0.56281 0.67071 0.48311
vn 0.5467 0.8019 0.241
vn 0.47298 0.48288 0.73697
vn 0.693 0.3539 0.6281
vn 0.69298 0.35379 0.62818
vn 0.66631 0.0833 0.74101
vn 0.35368 0.11749 0.92796
vn 0.473 0.4828 0.737
vn 0.37521 -0.25411 0.89143
vn 0.35369 0.1174 0.92797
vn 0.66637 0.0832 0.74097
vn 0.6715 -0.2297 0.7045
vn 0.66631 0.0832 0.74102
vn 0.99977 -0.0193 0.0089
vn 0.99978 -0.0192 0.0088
vn 0.66636 0.0833 0.74096
vn 0.99058 -0.111 -0.0802
vn 0.76883 -0.43692 0.46692
vn 0.76879 -0.437 0.4669
vn 0.76879 -0.43689 0.46699
vn 0.4255 -0.5744 0.6993
vn 0.49581 -0.77222 0.39731
vn 0.76876 -0.43698 0.46697
vn 0.82319 -0.5305 0.2023
vn 0.82321 -0.53051 0.2022
vn 0.98708 -0.1126 -0.114
vn 0.78781 -0.61501 -0.0336
vn 0.5022 -0.86449 0.0213
vn 0.33142 -0.88485 -0.32742
vn 0.5022 -0.86449 0.0212
vn 0.7878 -0.615 -0.0337
vn 0.68992 -0.66572 -0.28431
vn 0.33139 -0.88487 -0.32739
vn 0.97174 -0.19401 -0.1345
vn 0.9884 -0.1131 -0.1014
vn 0.93928 -0.25109 -0.23389
vn 0.58446 -0.61626 -0.52786
vn 0.58439 -0.61629 -0.52789
vn 0.68997 -0.66567 -0.28429
vn 0.33141 -0.88482 -0.32751
vn 0.195 -0.75981 -0.62021
vn 0.1298 -0.49858 -0.85707
vn 0.47908 -0.43188 -0.76417
vn 0.92108 -0.1947 -0.33719
vn 0.47922 -0.43181 -0.76413
vn 0.58449 -0.61619 -0.52789
vn 0.58449 -0.61629 -0.52779
vn 0.93925 -0.25111 -0.23401
vn 0.88691 -0.3391 -0.3137
vn 0.86268 -0.2499 -0.43969
vn 0.92111 -0.1947 -0.33711
vn 0.32011 -0.46372 -0.82613
vn 0.88683 -0.33921 -0.31381
vn 0.88685 -0.33918 -0.31378
vn 0.3221 -0.7234 -0.6107
vn 0.3201 -0.4638 -0.82609
vn 0.29621 -0.90172 -0.31491
vn 0.91122 -0.36611 -0.1888
vn 0.88688 -0.33909 -0.31379
vn -0.0076 -0.95168 -0.30699
vn 0.0039 -0.77958 -0.62629
vn 0.0038 -0.77958 -0.62629
vn 0.32201 -0.72342 -0.61072
vn 0.0038 -0.77954 -0.62634
vn 0.0345 -0.48701 -0.87272
vn -0.0233 -0.51341 -0.85782
vn -0.0503 -0.78282 -0.62021
vn -0.0529 -0.95819 -0.2812
vn -0.0502 -0.78286 -0.62017
vn 0.0038 -0.77963 -0.62623
vn -0.053 -0.95819 -0.2812
vn -0.0233 -0.51337 -0.85785
vn 0.0417 -0.80011 -0.59841
vn -0.0033 -0.52339 -0.85209
vn 0.0417 -0.80006 -0.59847
vn 0.2131 -0.79418 -0.56909
vn 0.0095 -0.96359 -0.2672
vn 0.11459 -0.0951 -0.98885
vn 0.38299 -0.0752 -0.92069
vn 0.54129 0.2452 -0.80429
vn 0.383 -0.0751 -0.92069
vn 0.1146 -0.095 -0.98886
vn 0.32019 -0.46378 -0.82607
vn 0.89646 -0.0836 -0.43518
vn 0.3202 -0.4637 -0.82611
vn 0.89649 -0.0836 -0.4351
vn 0.92317 -0.0587 -0.37989
vn 0.96014 0.0237 -0.27851
vn 0.95714 0.0229 -0.28871
vn 0.54141 0.2452 -0.80421
vn 0.95711 0.0229 -0.2888
vn 0.96017 0.0239 -0.27839
vn 0.98796 -0.0501 -0.14639
vn 0.98797 -0.0502 -0.1463
vn 0.98271 0.0252 -0.1834
vn 0.96014 0.0238 -0.27851
vn 0.98664 -0.15311 -0.0557
vn 0.98795 -0.0502 -0.14639
vn 0.98663 -0.1532 -0.0556
vn 0.6521 0.6102 -0.4499
vn 0.98311 -0.174 -0.0568
vn 0.98795 -0.0501 -0.14641
vn 0.31942 0.80724 -0.49632
vn 0.70973 0.57092 -0.41272
vn 0.8036 0.5832 -0.1188
vn 0.80361 0.5832 -0.1187
vn 0.46178 0.87927 -0.1168
vn 0.31939 0.80727 -0.49628
vn 0.54658 0.80198 0.24099
vn 0.46183 0.87926 -0.11671
vn 0.5466 0.802 0.2409
vn 0.98252 -0.1478 -0.1132
vn 0.95918 -0.27579 -0.0626
vn 0.0907 -0.8605 0.5013
vn 0.2395 -0.8556 0.4589
vn 0.2189 -0.97228 0.0822
vn 0.0899 -0.99062 0.1029
vn 0.0275 -0.96383 -0.26511
vn 0.0899 -0.99064 0.1027
vn 0.2189 -0.97229 0.0821
vn 0.1333 -0.94131 -0.3101
vn 0.3313 -0.8849 -0.3274
vn 0.21899 -0.97227 0.0821
vn 0.50212 -0.86454 0.0212
vn 0.49577 -0.77226 0.39728
vn 0.50212 -0.86454 0.0213
vn 0.21899 -0.97226 0.0822
vn 0.2396 -0.85551 0.45901
vn 0.4957 -0.77229 0.3973
vn 0.1298 -0.49851 -0.85711
vn 0.4791 -0.4318 -0.7642
vn 0.4815 -0.0537 -0.8748
vn 0.101 -0.0439 -0.99392
vn 0.16379 0.39067 -0.90584
vn 0.101 -0.0438 -0.99392
vn 0.4815 -0.0536 -0.8748
vn 0.52852 0.30631 -0.79173
vn 0.16371 0.39072 -0.90584
vn 0.96011 0.0237 -0.2786
vn 0.52858 0.30639 -0.79167
vn 0.48158 -0.0537 -0.87476
vn 0.48158 -0.0536 -0.87476
vn 0.92312 -0.0587 -0.38001
vn 0.96011 0.0238 -0.2786
vn 0.61836 0.47347 -0.62726
vn 0.6184 0.4735 -0.6272
vn 0.52859 0.3063 -0.79169
vn 0.1638 0.39071 -0.90582
vn 0.5285 0.3064 -0.79171
vn 0.6183 0.4735 -0.6273
vn 0.2166 0.6295 -0.7462
vn 0.1638 0.39079 -0.90579
vn 0.2166 0.62961 -0.74611
vn 0.7097 0.5709 -0.4128
vn 0.98271 0.0253 -0.1834
vn 0.3194 0.8072 -0.4964
vn 0.0946 0.8602 -0.5011
vn 0.0289 0.65209 -0.75759
vn 0.1637 0.3908 -0.9058
vn 0.21649 0.62957 -0.74617
vn 0.0289 0.65203 -0.75764
vn 0.0289 0.65198 -0.75768
vn -0.0041 0.40169 -0.91577
vn -0.0925 0.39899 -0.91228
vn -0.0042 0.40169 -0.91577
vn -0.0612 0.63219 -0.77239
vn -0.0925 0.39911 -0.91222
vn -0.04 0.85036 -0.52468
vn 0.0945 0.86021 -0.50111
vn -0.0399 0.85041 -0.52461
vn 0.24211 0.96674 -0.0825
vn 0.0698 0.99462 -0.0766
vn -0.04 0.85041 -0.5246
vn 0.17529 0.93767 0.30009
vn 0.0698 0.99462 -0.0765
vn 0.24211 0.96674 -0.0824
vn 0.34442 0.89364 0.28771
vn 0.46179 0.87928 -0.1167
vn 0.56277 0.67077 0.48308
vn 0.35381 0.77031 0.53051
vn 0.35382 0.77035 0.53044
vn 0.3445 0.89361 0.2877
vn 0.34441 0.89362 0.28781
vn 0.3538 0.77039 0.5304
vn 0.2035 0.81721 0.53921
vn 0.17529 0.93764 0.30018
vn 0.22321 0.60912 0.76102
vn 0.20349 0.81717 0.53928
vn 0.3257 0.56911 0.75501
vn 0.47301 0.48291 0.73692
vn 0.32572 0.56904 0.75505
vn 0.4729 0.4829 0.737
vn 0.3752 -0.2542 0.89141
vn 0.42549 -0.57429 0.69939
vn 0.2188 -0.5938 0.7743
vn 0.2127 -0.266 0.94021
vn 0.1456 -0.22089 0.96437
vn 0.2187 -0.59381 0.77431
vn 0.0931 -0.5922 0.8004
vn 0.09309 -0.59226 0.80035
vn 0.21871 -0.59392 0.77423
vn 0.0906 -0.86051 0.50131
vn 0.2188 -0.59391 0.77421
vn 0.22319 0.60907 0.76106
vn 0.3257 0.569 0.75509
vn 0.27529 0.17309 0.94565
vn 0.27529 0.17299 0.94567
vn 0.20849 0.21569 0.95395
vn 0.2232 0.60901 0.76111
vn 0.1457 -0.22079 0.96438
vn 0.20849 0.21559 0.95397
vn 0.2753 0.1729 0.94568
vn 0.2752 0.173 0.94569
vn 0.21269 -0.26589 0.94025
vn 0.1456 -0.2208 0.96439
vn 0.21271 -0.26591 0.94024
vn 0.3536 0.1174 0.928
vn 0.1196 -0.1783 0.97668
vn 0.0484 -0.56907 0.82086
vn 0.0484 -0.56912 0.82083
vn 0.0229 -0.86022 0.50941
vn 0.0484 -0.56919 0.82078
vn 0.056 -0.86329 0.50159
vn 0.0906 -0.86047 0.50138
vn 0.0898 -0.99063 0.1029
vn 0.0079 -0.98966 0.14319
vn 0.056 -0.86336 0.50148
vn -0.0452 -0.9962 0.0744
vn 0.0079 -0.98968 0.1431
vn -0.0102 -0.97199 -0.2348
vn 0.0898 -0.99064 0.1028
vn 0.0275 -0.9638 -0.2652
vn 0.1332 -0.94129 -0.3102
vn 0.0387 -0.7906 -0.6111
vn -0.0592 -0.8025 -0.5937
vn -0.0916 -0.5345 -0.84019
vn -0.0592 -0.80246 -0.59377
vn 0.0387 -0.79052 -0.61121
vn -0.0162 -0.52169 -0.85298
vn -0.0916 -0.53442 -0.84024
vn 0.1297 -0.49859 -0.85708
vn -0.0161 -0.52169 -0.85298
vn 0.33129 -0.88487 -0.32749
vn 0.19499 -0.75985 -0.62016
vn 0.1333 -0.94128 -0.31019
vn -0.0916 -0.53438 -0.84027
vn -0.0294 -0.0509 -0.99827
vn -0.1083 -0.0745 -0.99132
vn -0.1083 -0.0744 -0.99133
vn -0.0294 -0.0508 -0.99828
vn -0.0042 0.4016 -0.9158
vn 0.16369 0.39068 -0.90586
vn 0.1009 -0.0438 -0.99393
vn 0.1297 -0.49851 -0.85712
vn -0.0294 -0.051 -0.99827
vn -0.0161 -0.52162 -0.85303
vn -0.1339 0.3696 -0.91949
vn -0.2154 -0.082 -0.97308
vn -0.21539 -0.0821 -0.97307
vn -0.1383 -0.5411 -0.82951
vn -0.1948 -0.5651 -0.8017
vn -0.1384 -0.5411 -0.82949
vn -0.1949 -0.56509 -0.80168
vn -0.16321 0.38952 -0.90644
vn -0.21549 -0.082 -0.97306
vn -0.1631 0.38961 -0.90642
vn -0.1444 0.61349 -0.77639
vn -0.1445 0.61348 -0.77638
vn -0.16311 0.38952 -0.90646
vn -0.14451 0.61353 -0.77634
vn -0.1445 0.61359 -0.77629
vn -0.1135 0.81167 -0.57298
vn -0.1444 0.6136 -0.7763
vn 0.0697 0.99462 -0.0766
vn -0.0193 0.99635 -0.0831
vn -0.0192 0.99636 -0.0831
vn -0.1134 0.81173 -0.57292
vn -0.1135 0.81172 -0.57291
vn -0.0192 0.99636 -0.083
vn 0.113 0.95273 0.28201
vn 0.1752 0.93768 0.30009
vn -0.0193 0.99636 -0.083
vn 0.1283 0.8376 0.531
vn 0.1131 0.9527 0.2821
vn 0.12831 0.83765 0.53093
vn 0.0229 0.85258 0.52209
vn 0.08871 0.67654 0.73104
vn 0.12829 0.83756 0.53107
vn 0.17859 0.63108 0.75488
vn 0.17861 0.63102 0.75493
vn 0.20851 0.21571 0.95394
vn 0.1309 0.2732 0.95301
vn 0.17859 0.63097 0.75497
vn -0.0017 0.33131 0.94352
vn -0.0017 0.33119 0.94356
vn 0.13081 0.27311 0.95305
vn 0.1309 0.27311 0.95303
vn 0.1196 -0.1782 0.9767
vn -0.1261 -0.8306 -0.5424
vn -0.126 -0.83061 -0.54241
vn -0.126 -0.83057 -0.54248
vn 0.0274 -0.9638 -0.2652
vn -0.0102 -0.97197 -0.23489
vn -0.1089 -0.97902 -0.1722
vn 0.1109 0.97904 -0.17081
vn 0.0831 0.94697 -0.31039
vn 0.86147 0.47918 -0.16809
vn 0.2007 0.95018 -0.23849
vn 0.44851 0.85612 -0.25671
vn 0.20079 0.95016 -0.23849
vn 0.73882 0.65612 -0.1538
vn 0.44859 0.85608 -0.25669
vn 0.89386 0.44548 0.0506
vn 0.1009 -0.42668 -0.89876
vn 0.86142 0.47931 -0.168
vn 0.86146 0.47923 -0.16801
vn 0.2454 -0.96912 -0.0242
vn 0.24541 -0.96912 -0.0241
vn 0.60828 -0.78728 0.1009
vn 0.60252 -0.77823 0.17701
vn 0.52943 -0.84144 0.10811
vn 0.1517 -0.98653 0.0612
vn 0.52938 -0.84147 0.1081
vn -0.18199 -0.97036 -0.15899
vn 0.15161 -0.98654 0.0612
vn 0.24531 -0.96914 -0.0242
vn -0.0197 -0.97838 -0.20589
vn -0.182 -0.97038 -0.1589
vn 0.0836 -0.93536 -0.34368
vn 0.0324 0.9473 -0.3187
vn 0.0324 0.94733 -0.31861
vn -0.1996 0.89731 -0.3937
vn -0.21279 0.91496 -0.34288
vn -0.19961 0.89734 -0.39362
vn 0.0791 0.95475 -0.28669
vn 0.0792 0.95474 -0.28671
vn 0.0325 0.94733 -0.31861
vn 0.91543 0.39351 0.0845
vn 0.7385 0.6702 -0.0739
vn 0.73886 0.65607 -0.15379
vn 0.7384 0.6703 -0.074
vn 0.73844 0.67024 -0.074
vn 0.52549 0.81938 -0.22909
vn 0.56692 0.79522 -0.21501
vn 0.73849 0.67019 -0.074
vn 0.77056 0.62347 -0.13239
vn 0.56698 0.79518 -0.21499
vn 0.92241 0.3849 -0.0318
vn 0.77061 0.62341 -0.1324
vn 0.95262 -0.2607 0.1567
vn 0.98373 0.14361 0.1079
vn 0.97807 0.1907 0.0837
vn 0.97806 0.19079 0.0837
vn 0.8939 0.4454 0.0507
vn 0.8939 0.4454 0.0506
vn 0.98876 0.0892 0.12
vn 0.99773 0.026 0.0621
vn 0.94372 -0.32661 0.0522
vn 0.94773 -0.29861 0.1124
vn 0.94772 -0.29861 0.1125
vn 0.98875 0.0892 0.12009
vn 0.98375 0.14351 0.10791
vn 0.98875 0.0892 0.12011
vn 0.91542 0.39351 0.0846
vn 0.95259 -0.2608 0.1567
vn 0.7864 -0.5964 0.1609
vn 0.77233 -0.62343 0.12181
vn 0.77229 -0.62349 0.1218
vn 0.94769 -0.2987 0.1125
vn 0.94369 -0.3267 0.0522
vn 0.9477 -0.2987 0.1124
vn 0.77149 -0.63519 0.0366
vn 0.5021 -0.86479 0.0055
vn 0.51389 -0.85258 0.095
vn 0.5295 -0.8414 0.1081
vn 0.52949 -0.84139 0.1082
vn 0.94938 -0.2147 0.2293
vn 0.78644 -0.59633 0.16091
vn 0.78638 -0.59639 0.161
vn -0.0197 -0.97836 -0.20599
vn 0.0835 -0.93536 -0.34369
vn -0.0001 -0.83375 -0.55214
vn -0.43109 -0.69818 -0.57158
vn -0.81242 -0.36031 -0.45841
vn -0.43112 -0.69813 -0.57162
vn -0.0001 -0.4023 -0.91551
vn -0.81239 -0.3604 -0.4584
vn -0.96428 0.1012 -0.24479
vn 0 0.25421 -0.96715
vn 0.0001 0.63643 -0.77134
vn -0.0001 0.63649 -0.77129
vn -0.8768 0.3021 -0.3741
vn -0.96424 0.1013 -0.24491
vn -0.74109 0.53069 -0.41129
vn -0.87672 0.30221 -0.37421
vn -0.69958 0.52198 -0.48798
vn -0.33221 0.73183 -0.59503
vn -0.41799 0.75908 -0.49909
vn -0.69953 0.52202 -0.48802
vn -0.74104 0.53073 -0.41132
vn -0.41809 0.75908 -0.49899
vn -0.49788 0.76167 -0.41469
vn -0.21281 0.91494 -0.34292
vn -0.49781 0.76171 -0.41471
vn -0.41801 0.75912 -0.49901
vn 0.0791 0.95474 -0.28671
vn 0.2041 0.92279 -0.3268
vn -0.21651 0.90933 -0.35531
vn -0.21721 0.84773 -0.48392
vn -0.2165 0.9093 -0.3554
vn 0.17139 0.85626 -0.48728
vn -0.21719 0.84776 -0.48388
vn 0.47229 0.76828 -0.43209
vn 0.1714 0.8563 -0.4872
vn 0.20419 0.92277 -0.32679
vn 0.51272 0.80813 -0.28991
vn 0.51268 0.80816 -0.28989
vn 0.5669 0.79521 -0.2151
vn 0.77052 0.62351 -0.1324
vn 0.74514 0.61783 -0.25111
vn 0.51279 0.80809 -0.2899
vn 0.4724 0.7682 -0.4321
vn 0.71521 0.60351 -0.3525
vn 0.88867 0.31829 -0.33009
vn 0.74518 0.61778 -0.25109
vn 0.91718 0.37169 -0.1436
vn 0.9172 0.3717 -0.1435
vn 0.92244 0.38482 -0.0318
vn 0.99774 0.026 0.062
vn 0.99293 0.0054 -0.1186
vn 0.91722 0.37161 -0.1436
vn 0.93422 -0.0612 -0.35141
vn 0.8887 0.3182 -0.3301
vn 0.84683 -0.35051 -0.40002
vn 0.93421 -0.0613 -0.35141
vn 0.99293 0.0053 -0.1186
vn 0.9248 -0.3544 -0.1384
vn 0.94372 -0.32661 0.0521
vn 0.99774 0.0259 0.062
vn 0.8468 -0.3505 -0.4001
vn 0.92476 -0.35449 -0.13839
vn 0.76402 -0.62932 -0.1422
vn 0.69641 -0.55291 -0.45751
vn 0.49799 -0.75669 -0.42359
vn 0.76398 -0.62938 -0.1422
vn 0.5059 -0.8483 -0.1564
vn 0.76399 -0.62939 -0.1421
vn 0.76404 -0.62933 -0.14211
vn 0.50198 -0.86486 0.0055
vn 0.0962 -0.9902 -0.1012
vn 0.0986 -0.96715 -0.23431
vn 0.0986 -0.96713 -0.23441
vn 0.1368 -0.87783 -0.45902
vn 0.49792 -0.75672 -0.42361
vn -0.23699 -0.81836 -0.52357
vn 0.1368 -0.87779 -0.4591
vn 0.0985 -0.96713 -0.23441
vn -0.31151 -0.88493 -0.34621
vn -0.2371 -0.8183 -0.5236
vn -0.32781 -0.91333 -0.24161
vn 0.0961 -0.99021 -0.1012
vn 0.1206 -0.99269 0.0054
vn -0.32799 -0.93057 -0.16269
vn -0.32799 -0.93058 -0.1626
vn 0.1207 -0.99267 0.0054
vn 0.50202 -0.86484 0.0055
vn 0.51389 -0.85259 0.0949
vn 0.0962 -0.99021 -0.1011
vn -0.0001 -0.40239 -0.91547
vn -0.95903 -0.1396 -0.24651
vn -0.96126 -0.0239 -0.27459
vn -0.95901 -0.1396 -0.2466
vn -0.95617 0.0529 -0.28799
vn -0.96127 -0.0238 -0.27459
vn -0.96427 0.1013 -0.24479
vn -0.3279 -0.9133 -0.2416
vn -0.32811 -0.93052 -0.1627
vn -0.62093 -0.72533 -0.29721
vn -0.6089 -0.7121 -0.3495
vn -0.82869 -0.47739 -0.29219
vn -0.60888 -0.71208 -0.34959
vn -0.62099 -0.72529 -0.2972
vn -0.84948 -0.41859 -0.32119
vn -0.84942 -0.41871 -0.32121
vn -0.18211 -0.97034 -0.15901
vn -0.43111 -0.69822 -0.57152
vn -0.94984 -0.19881 -0.24141
vn -0.94982 -0.1989 -0.24141
vn -0.96261 -0.2234 -0.1532
vn -0.98541 0.0166 -0.1694
vn -0.96263 -0.22331 -0.15321
vn -0.98659 0.0059 -0.1631
vn -0.98659 0.006 -0.1631
vn -0.92335 0.25269 -0.28909
vn -0.92334 0.25271 -0.28911
vn -0.92958 0.27909 -0.2408
vn -0.98539 0.0167 -0.1695
vn -0.76078 0.54148 -0.35779
vn -0.92956 0.27919 -0.24079
vn -0.7841 0.5067 -0.3584
vn -0.92331 0.2527 -0.2892
vn -0.87678 0.30219 -0.37409
vn -0.96425 0.10129 -0.24489
vn -0.92338 0.25259 -0.28909
vn -0.96434 0.0055 -0.26461
vn -0.91801 -0.2748 -0.2859
vn -0.91798 -0.2749 -0.2859
vn -0.76708 -0.53319 -0.35679
vn -0.6255 -0.5132 -0.5877
vn -0.73408 -0.29859 -0.60989
vn -0.77401 -0.0366 -0.63211
vn -0.73411 -0.2985 -0.60991
vn -0.77402 -0.0365 -0.63211
vn -0.91001 0.2747 -0.3105
vn -0.90999 0.2748 -0.3105
vn -0.72174 0.16851 -0.67134
vn -0.60278 0.39798 -0.69157
vn -0.72173 0.16861 -0.67133
vn -0.71613 0.55333 -0.42542
vn -0.60271 0.39801 -0.69161
vn -0.71618 0.55329 -0.42539
vn -0.90996 0.27489 -0.31049
vn -0.98539 0.0166 -0.1695
vn -0.91002 0.27481 -0.31041
vn -0.76074 0.54153 -0.35782
vn -0.50764 0.73725 -0.44583
vn -0.3912 0.6246 -0.6759
vn -0.39111 0.62462 -0.67593
vn -0.71609 0.5534 -0.4254
vn -0.76069 0.5416 -0.3578
vn -0.39109 0.62458 -0.67598
vn 0.0227 0.1125 -0.99339
vn -0.1467 0.1977 -0.96922
vn 0.0228 0.1124 -0.9934
vn -0.1493 0.34759 -0.92568
vn -0.005 0.39009 -0.92077
vn -0.14929 0.34768 -0.92565
vn -0.1074 0.66971 -0.73481
vn -0.0049 0.39 -0.9208
vn -0.2173 0.84771 -0.48391
vn -0.50758 0.73726 -0.44588
vn -0.77396 -0.0366 -0.63217
vn -0.72169 0.1685 -0.67139
vn -0.0363 -0.0178 -0.99918
vn -0.1159 -0.0724 -0.99062
vn -0.24541 -0.0621 -0.96743
vn -0.1158 -0.0724 -0.99063
vn -0.0362 -0.0178 -0.99919
vn -0.19279 0.0478 -0.98007
vn -0.1467 0.1978 -0.9692
vn -0.19289 0.0478 -0.98006
vn -0.60274 0.39792 -0.69164
vn -0.0049 0.39009 -0.92077
vn -0.1073 0.66972 -0.73482
vn 0.15231 0.62264 -0.76755
vn 0.1523 0.62259 -0.76759
vn 0.17711 0.40271 -0.89803
vn 0.3483 0.3887 -0.853
vn 0.1772 0.40271 -0.89801
vn 0.1523 0.6227 -0.7675
vn 0.40368 0.52957 -0.74606
vn 0.40371 0.52961 -0.74601
vn 0.1524 0.62269 -0.76749
vn -0.5076 0.7373 -0.4458
vn -0.52169 0.76239 -0.38289
vn -0.52173 0.76234 -0.38292
vn -0.21291 0.91492 -0.34291
vn -0.5218 0.7623 -0.3829
vn -0.50771 0.73721 -0.44581
vn 0.61346 0.42037 -0.66855
vn 0.47232 0.76823 -0.43212
vn 0.4037 0.5295 -0.7461
vn 0.61348 0.42029 -0.66858
vn 0.5545 0.3243 -0.7664
vn 0.77223 0.16431 -0.61373
vn 0.61342 0.42031 -0.66862
vn 0.76921 0.1605 -0.61851
vn 0.88862 0.31831 -0.33021
vn 0.7692 0.1606 -0.6185
vn 0.77208 -0.1014 -0.62738
vn 0.77207 -0.1015 -0.62738
vn 0.8869 -0.1099 -0.4487
vn 0.8278 -0.381 -0.4118
vn 0.67676 -0.30868 -0.66836
vn 0.82784 -0.38102 -0.41172
vn 0.67681 -0.3087 -0.66831
vn 0.77212 -0.1015 -0.62732
vn 0.77213 -0.1014 -0.62732
vn 0.69638 -0.55288 -0.45758
vn 0.57029 -0.43099 -0.69929
vn 0.57023 -0.43102 -0.69933
vn 0.68595 -0.56866 -0.45397
vn 0.45468 -0.64597 -0.61317
vn 0.68599 -0.56859 -0.454
vn 0.57019 -0.43099 -0.69938
vn 0.57021 -0.43091 -0.69941
vn 0.41542 -0.52273 -0.74444
vn 0.45471 -0.64592 -0.61321
vn 0.49801 -0.75661 -0.42371
vn 0.41548 -0.52278 -0.74437
vn 0.49797 -0.75665 -0.42367
vn 0.18801 -0.56792 -0.80133
vn 0.166 -0.64748 -0.74378
vn 0.45471 -0.64601 -0.61311
vn -0.0601 -0.5581 -0.8276
vn 0.16601 -0.64753 -0.74374
vn -0.021 -0.50018 -0.86567
vn -0.23701 -0.81832 -0.52362
vn -0.0211 -0.50022 -0.86564
vn 0.188 -0.56799 -0.80128
vn 0.1367 -0.8778 -0.4591
vn 0.4154 -0.5228 -0.7444
vn -0.46763 -0.67784 -0.56733
vn -0.1102 -0.39641 -0.91143
vn -0.1101 -0.39638 -0.91146
vn -0.0211 -0.50018 -0.86566
vn -0.021 -0.50011 -0.86571
vn -0.1101 -0.3963 -0.9115
vn -0.1102 -0.39629 -0.91149
vn -0.1662 -0.4308 -0.88701
vn -0.2125 -0.32561 -0.92132
vn -0.1222 -0.27249 -0.95437
vn -0.6254 -0.5132 -0.5878
vn -0.1222 -0.27261 -0.95433
vn -0.11019 -0.39638 -0.91145
vn -0.62543 -0.51323 -0.58773
vn -0.46767 -0.67786 -0.56727
vn -0.57709 -0.71959 -0.3862
vn -0.57712 -0.71962 -0.38611
vn -0.767 -0.5333 -0.3568
vn -0.6254 -0.5133 -0.5877
vn -0.82865 -0.47743 -0.29222
vn -0.60882 -0.71212 -0.34961
vn -0.57708 -0.71967 -0.38608
vn -0.57701 -0.71971 -0.38611
vn -0.46759 -0.67789 -0.56729
vn -0.1221 -0.27249 -0.95438
vn -0.1326 -0.1751 -0.97558
vn -0.2501 -0.2043 -0.94642
vn -0.1327 -0.17509 -0.97557
vn -0.1327 -0.175 -0.97559
vn -0.73402 -0.29851 -0.61001
vn -0.77397 -0.0365 -0.63217
vn -0.24541 -0.0622 -0.96742
vn -0.96601 0.0145 -0.2581
vn -0.91059 -0.327 -0.2528
vn -0.2455 -0.0621 -0.96741
vn -0.78731 -0.56221 -0.2531
vn -0.81943 -0.56852 -0.073
vn -0.94483 -0.32061 -0.0671
vn -0.99263 0.0565 -0.1072
vn -0.94487 -0.32049 -0.0672
vn -0.91062 -0.32691 -0.2528
vn -0.96604 0.0144 -0.25801
vn -0.99262 0.0566 -0.1072
vn -0.96603 0.0145 -0.25801
vn -0.8413 0.3516 -0.4106
vn -0.88007 0.44499 -0.1657
vn -0.99262 0.0567 -0.1072
vn -0.64092 0.69722 -0.32111
vn -0.84127 0.35169 -0.41059
vn -0.65051 0.51031 -0.56251
vn -0.65048 0.51038 -0.56248
vn -0.84127 0.35159 -0.41068
vn -0.1494 0.34771 -0.92562
vn -0.45608 0.70937 -0.53738
vn -0.456 0.70941 -0.5374
vn -0.64079 0.69729 -0.3212
vn -0.45611 0.70941 -0.53731
vn -0.4451 0.7547 -0.482
vn -0.18789 0.93347 -0.30549
vn -0.44512 0.75473 -0.48192
vn -0.45603 0.70944 -0.53733
vn -0.456 0.70949 -0.5373
vn -0.17441 0.86843 -0.46412
vn -0.14931 0.34771 -0.92564
vn 0.23121 0.85862 -0.45751
vn 0.22551 0.89342 -0.38851
vn -0.1878 0.93349 -0.3055
vn 0.4343 0.8624 -0.2601
vn 0.2255 0.89339 -0.3886
vn 0.2313 0.8586 -0.4575
vn 0.4804 0.75489 -0.4465
vn 0.43422 0.86244 -0.26011
vn 0.3484 0.3888 -0.85291
vn 0.48037 0.75486 -0.44658
vn 0.2345 0.85821 -0.4566
vn 0.1772 0.40279 -0.89798
vn 0.34831 0.38882 -0.85294
vn 0.1771 0.4028 -0.89799
vn 0.7034 0.6485 -0.291
vn 0.67812 0.73022 -0.0833
vn 0.91261 0.4063 0.0455
vn 0.67817 0.73017 -0.0833
vn 0.70342 0.64852 -0.29091
vn 0.92441 0.3731 -0.0791
vn 0.77226 0.16439 -0.61367
vn 0.9244 0.3731 -0.0792
vn 0.55452 0.32441 -0.76633
vn 0.77222 0.1644 -0.61372
vn 0.55448 0.32439 -0.76637
vn 0.48041 0.75482 -0.44661
vn 0.77227 0.16429 -0.61368
vn 0.88696 -0.1099 -0.44858
vn 0.99746 -0.0511 0.0496
vn 0.99746 -0.0511 0.0497
vn 0.92445 0.37302 -0.0791
vn 0.98732 -0.0288 0.1561
vn 0.88773 -0.41561 0.19801
vn 0.98732 -0.0289 0.1561
vn 0.99745 -0.0512 0.0497
vn 0.90247 -0.41539 0.114
vn 0.90243 -0.41551 0.1139
vn 0.99746 -0.0512 0.0496
vn 0.88694 -0.1099 -0.44862
vn 0.88769 -0.4157 0.198
vn 0.90242 -0.41551 0.114
vn 0.73232 -0.67642 0.0785
vn 0.70809 -0.68009 0.19
vn 0.88767 -0.41569 0.19809
vn 0.44471 -0.88591 0.1319
vn 0.70799 -0.68019 0.19
vn 0.73223 -0.67652 0.0785
vn 0.73227 -0.67647 0.0785
vn 0.47978 -0.87736 -0.0076
vn 0.47978 -0.87736 -0.0077
vn 0.68599 -0.56869 -0.45389
vn 0.82781 -0.3811 -0.4117
vn 0.68602 -0.56862 -0.45392
vn -0.40401 -0.91383 -0.0411
vn 0.0215 -0.99909 0.0368
vn 0.0631 -0.99047 -0.1224
vn 0.0631 -0.99049 -0.1223
vn -0.3661 -0.90559 -0.2142
vn -0.36609 -0.90557 -0.21429
vn 0.0632 -0.99047 -0.1224
vn 0.166 -0.64759 -0.74369
vn 0.44459 -0.88597 0.1319
vn 0.4797 -0.8774 -0.0076
vn 0.0632 -0.99048 -0.1223
vn 0.0216 -0.99909 0.0368
vn -0.81938 -0.56859 -0.073
vn -0.65701 -0.75021 -0.0744
vn -0.6164 -0.7474 -0.2479
vn -0.61633 -0.74744 -0.24791
vn -0.78727 -0.56228 -0.25309
vn -0.1663 -0.4308 -0.88699
vn -0.0601 -0.55817 -0.82755
vn -0.16619 -0.43089 -0.88697
vn -0.61629 -0.74749 -0.2479
vn -0.0602 -0.55809 -0.82759
vn -0.4041 -0.91379 -0.0411
vn -0.81017 -0.58048 -0.0816
vn -0.94289 -0.3257 -0.0698
vn -0.94292 -0.32561 -0.0698
vn -0.98943 0.0834 -0.1186
vn -0.98944 0.0834 -0.11851
vn -0.94487 -0.32049 -0.0671
vn -0.98942 0.0835 -0.1186
vn -0.83661 0.5274 -0.1481
vn -0.83653 0.52752 -0.14811
vn -0.55101 0.80731 -0.2113
vn -0.52739 0.83818 -0.139
vn -0.64081 0.69731 -0.32111
vn -0.83656 0.52748 -0.14809
vn -0.98944 0.0835 -0.1185
vn -0.083 0.96305 -0.25621
vn -0.0831 0.96304 -0.25621
vn -0.55097 0.80736 -0.21119
vn -0.0831 0.96302 -0.2563
vn -0.0666 0.99763 -0.0173
vn -0.083 0.96303 -0.25631
vn 0.3586 0.91741 -0.1725
vn -0.44502 0.75473 -0.48202
vn -0.18791 0.93343 -0.30561
vn 0.88771 -0.4156 0.1981
vn 0.88122 -0.41641 0.22371
vn 0.97886 -0.0322 0.20199
vn 0.97886 -0.0321 0.20199
vn 0.9126 0.4063 0.0456
vn 0.90307 0.42668 0.0491
vn 0.88117 -0.41649 0.22379
vn 0.68478 -0.68978 0.23509
vn 0.68468 -0.68988 0.23509
vn 0.42131 -0.89402 0.1524
vn 0.88119 -0.41649 0.2237
vn -0.0074 -0.99604 0.0886
vn 0.42119 -0.89408 0.1524
vn 0.39273 -0.89526 0.21041
vn -0.0074 -0.99605 0.0885
vn -0.0075 -0.99605 0.0885
vn -0.40629 -0.91258 -0.046
vn -0.42411 -0.90443 -0.0463
vn -0.65078 -0.75727 -0.055
vn -0.65083 -0.75723 -0.055
vn -0.81014 -0.58053 -0.0816
vn 0.3551 0.93391 -0.0415
vn 0.6537 0.7562 -0.0289
vn 0.90301 0.4268 0.0491
vn 0.91257 0.40639 0.0455
vn 0.65376 0.75615 -0.0289
vn 0.43431 0.86242 -0.26001
vn 0.6537 0.7562 -0.029
vn -0.40822 -0.90644 0.1083
vn 0.10429 -0.59697 -0.79546
vn 0.4032 -0.62579 -0.66769
vn 0.40309 -0.62578 -0.66778
vn -0.0773 -0.26941 -0.95992
vn 0.1043 -0.59702 -0.79542
vn 0.3198 0.2783 -0.90569
vn -0.0158 0.0711 -0.99734
vn 0.57121 0.80392 -0.1656
vn 0.6318 0.214 -0.745
vn -0.0157 0.0711 -0.99735
vn -0.0772 -0.2695 -0.9599
vn 0.71079 -0.43319 -0.55419
vn 0.71074 -0.43322 -0.55423
vn 0.30759 -0.85238 0.42289
vn 0.89366 0.42178 0.15319
vn 0.7483 -0.1139 -0.6535
vn 0.74841 -0.1138 -0.65341
vn 0.7484 -0.1139 -0.6534
vn 0.52311 0.0605 -0.85012
vn 0.3183 0.1098 -0.94161
vn 0.3183 0.1099 -0.9416
vn -0.0773 -0.2695 -0.95989
vn 0.66662 -0.0949 -0.73933
vn 0.52311 0.0604 -0.85012
vn 0.31971 0.27831 -0.90572
vn 0.4572 -0.5631 -0.6884
vn 0.6488 -0.3459 -0.6778
vn 0.3197 0.2784 -0.9057
vn 0.64921 -0.3459 -0.67741
vn 0.66668 -0.0949 -0.73928
vn 0.66667 -0.095 -0.73927
vn 0.40311 -0.62582 -0.66772
vn 0.0947 -0.0131 -0.99542
vn 0.71071 -0.4333 -0.55421
vn 0.63179 0.2141 -0.74499
vn 0.15309 -0.52527 -0.83705
vn 0.45709 -0.56319 -0.68839
vn 0.0023 -0.31512 -0.94905
vn 0.153 -0.52521 -0.83711
vn 0.63191 0.214 -0.74491
vn 0.0946 -0.0132 -0.99543
vn 0.0022 -0.315 -0.94909
vn 0.74839 -0.114 -0.65339
vn -0.12979 -0.57307 -0.80916
vn 0.19881 -0.87815 -0.43512
vn 0.19891 -0.87813 -0.43511
vn -0.65208 -0.70008 -0.29099
vn 0.1989 -0.87809 -0.4352
vn 0.59661 -0.77532 -0.2072
vn 0.49717 -0.74336 0.44748
vn -0.18729 0.78995 -0.58386
vn 0.20979 0.42868 -0.87876
vn -0.1693 -0.0479 -0.9844
vn -0.67793 0.0793 -0.73083
vn -0.12989 -0.57306 -0.80915
vn -0.67788 0.0793 -0.73088
vn 0.25239 0.92495 -0.28419
vn 0.62042 0.49402 -0.60912
vn 0.2097 0.42869 -0.87878
vn 0.5966 -0.7753 -0.2073
vn 0.92537 -0.35889 -0.122
vn 0.88749 -0.137 0.43999
vn 0.8875 -0.1369 0.44
vn 0.92541 -0.3588 -0.122
vn 0.94562 0.1152 -0.3042
vn 0.9456 0.1153 -0.3042
vn 0.62039 0.49409 -0.60909
vn 0.62052 0.49402 -0.60902
vn 0.19889 -0.87815 -0.43508
vn 0.58887 -0.30939 -0.74667
vn 0.58528 -0.25049 -0.77117
vn 0.58088 -0.24899 -0.77497
vn 0.52151 -0.2586 -0.81311
vn -0.1693 -0.048 -0.9844
vn -0.1694 -0.048 -0.98438
vn 0.52149 -0.2587 -0.81309
vn 0.52753 -0.32102 -0.78655
vn 0.5276 -0.321 -0.78651
vn -0.1299 -0.57311 -0.80912
vn 0.58529 -0.2504 -0.77119
vn 0.52717 -0.26629 -0.80696
vn 0.52589 -0.3265 -0.78539
vn 0.58039 -0.31299 -0.75179
vn 0.58092 -0.24901 -0.77493
vn 0.2096 0.4287 -0.8788
vn 0.94559 0.1154 -0.3042
vn 0.52759 -0.32109 -0.78648
vn 0.58876 -0.30938 -0.74675
vn -0.77533 -0.62432 -0.0953
vn -0.39711 -0.46521 -0.79112
vn -0.0487 -0.90436 -0.42398
vn -0.2128 -0.96591 0.1474
vn 0.4541 -0.8684 -0.1992
vn 0.46578 -0.81686 0.34028
vn -0.36811 0.1229 -0.92162
vn -0.39718 -0.46527 -0.79106
vn 0.45409 -0.86838 -0.1993
vn 0.91658 -0.37049 -0.1504
vn 0.46581 -0.81683 0.34031
vn 0.93515 -0.20119 0.29158
vn 0.90261 0.2198 -0.37011
vn 0.90259 0.2199 -0.3701
vn 0.059 0.56652 -0.82193
vn -0.3681 0.123 -0.92161
vn -0.44678 0.78946 -0.42088
vn 0.49511 0.61321 -0.61551
vn 0.059 0.56659 -0.82189
vn -0.0487 -0.9044 -0.4239
vn 0.37382 -0.24901 -0.89345
vn 0.4325 -0.3055 -0.8483
vn 0.42419 -0.17159 -0.88917
vn -0.3972 -0.4652 -0.79109
vn -0.3682 0.1229 -0.92159
vn 0.48711 -0.2156 -0.84631
vn 0.42422 -0.17161 -0.88915
vn -0.39709 -0.46529 -0.79109
vn 0.5076 -0.229 -0.8306
vn 0.50753 -0.22901 -0.83064
vn 0.4345 -0.1714 -0.88421
vn 0.42339 -0.2858 -0.85969
vn 0.4871 -0.2157 -0.84629
vn 0.48703 -0.21561 -0.84635
vn 0.37319 -0.2396 -0.89628
vn 0.49518 0.61318 -0.61548
vn -0.1057 -0.98458 0.1394
vn 0.0055 -0.85819 -0.5133
vn 0.3478 -0.78009 -0.52009
vn 0.62324 -0.76975 0.13801
vn 0.34778 -0.78005 -0.52017
vn 0.73621 -0.3076 -0.60281
vn 0.99014 -0.1067 -0.0907
vn 0.69223 0.19571 -0.69463
vn 0.69218 0.1957 -0.69468
vn 0.75683 0.60862 -0.23831
vn -0.55571 0.76951 -0.3147
vn -0.1225 0.5675 -0.81421
vn -0.56678 0.1094 -0.81657
vn -0.56671 0.1094 -0.81662
vn -0.3415 -0.58049 -0.73919
vn -0.34148 -0.58056 -0.73915
vn 0.3492 0.58861 -0.72911
vn -0.12259 0.56757 -0.81415
vn 0.6922 0.1956 -0.6947
vn -0.76759 -0.63929 0.046
vn 0.0054 -0.85819 -0.5133
vn 0.068 -0.1757 -0.98209
vn 0.0434 -0.2021 -0.9784
vn 0.73623 -0.30751 -0.60283
vn 0.0768 -0.22699 -0.97086
vn -0.1225 0.56762 -0.81413
vn 0.25451 -0.0825 -0.96354
vn 0.0444 -0.0902 -0.99493
vn -0.56679 0.1093 -0.81658
vn -0.12249 0.56757 -0.81416
vn 0.1291 -0.3519 -0.92709
vn -0.34152 -0.58054 -0.73915
vn -0.56683 0.10931 -0.81655
vn 0.18011 -0.21011 -0.96094
vn 0.18021 -0.21011 -0.96093
vn 0.25461 -0.0825 -0.96352
vn -0.1226 0.56761 -0.81412
vn 0.2964 -0.3063 -0.90461
vn 0.0681 -0.1757 -0.98209
vn 0.34788 -0.78006 -0.52008
vn 0.0053 -0.85819 -0.5133
vn -0.34161 -0.58052 -0.73912
vn 0.1292 -0.35189 -0.92708
vn 0.29639 -0.30639 -0.90458
vn 0.2965 -0.30629 -0.90459
vn -0.40991 -0.74112 -0.53171
vn -0.021 -0.66412 -0.74733
vn -0.62821 0.42941 -0.64881
vn -0.90019 0.0132 -0.4353
vn -0.79663 -0.42832 -0.42652
vn -0.7966 -0.4283 -0.4266
vn -0.40988 -0.74116 -0.53167
vn -0.0803 -0.99343 0.0815
vn -0.65643 -0.70563 0.26681
vn 0.2597 -0.258 -0.93059
vn 0.68122 -0.72202 -0.1209
vn 0.1829 0.1684 -0.9686
vn 0.1829 0.1683 -0.96862
vn 0.71716 0.57327 -0.39628
vn -0.0194 0.9442 -0.3288
vn -0.1833 0.5074 -0.84199
vn -0.62819 0.42949 -0.64878
vn 0.71718 0.57318 -0.39639
vn -0.1833 0.50751 -0.84192
vn 0.7172 0.5732 -0.3963
vn -0.40321 -0.1482 -0.90303
vn -0.41878 -0.1325 -0.89837
vn -0.0209 -0.66413 -0.74733
vn -0.42128 -0.1286 -0.89777
vn -0.4742 -0.1635 -0.8651
vn -0.47419 -0.1636 -0.86509
vn -0.7966 -0.4284 -0.4265
vn -0.4323 -0.1913 -0.8812
vn -0.40321 -0.1483 -0.90301
vn -0.90023 0.0132 -0.43521
vn -0.41902 -0.15511 -0.89463
vn -0.40181 -0.1741 -0.89902
vn 0.25969 -0.25809 -0.93056
vn -0.3833 -0.1648 -0.9088
vn 0.98776 -0.0185 0.15489
vn 0.99299 0.0583 0.1028
vn 0.88092 -0.38481 0.27551
vn 0.99013 -0.106 0.0917
vn 0.0834 -0.99578 0.0382
vn 0.52881 -0.0692 0.84591
vn 0.4287 -0.0916 0.89879
vn 0.42862 -0.0916 0.89883
vn 0.98774 -0.0185 0.15501
vn 0.88094 -0.38482 0.27541
vn 0.88097 -0.38479 0.27539
vn 0.78345 -0.55926 0.27098
vn 0.52869 -0.0692 0.84599
vn 0.91065 -0.35428 0.21259
vn 0.0366 -0.2436 -0.96919
vn 0.32871 -0.45461 -0.82782
vn 0.73763 -0.57722 -0.35031
vn 0.7375 -0.5774 -0.3503
vn 0.0081 0.62232 0.78272
vn -0.276 0.50259 0.81929
vn 0.0062 0.65393 0.75653
vn 0.0081 0.62227 0.78276
vn -0.99908 0.0047 0.0427
vn -0.4602 -0.2355 0.85601
vn -0.99908 0.0046 0.0427
vn 0.0025 -0.65977 0.75146
vn -0.0072 -0.54971 0.83532
vn -0.96693 -0.23171 0.1066
vn 0.99299 0.0584 0.1028
vn 0.0051 0.65388 0.75658
vn 0.0051 0.65399 0.75649
vn 0.52048 0.34659 0.78037
vn 0.5205 0.3465 0.7804
vn 0.18789 -0.44049 0.87788
vn 0.99011 -0.1062 0.0917
vn 0.0026 -0.65971 0.75151
vn 0.1879 -0.44041 0.87791
vn 0.0025 -0.65971 0.75151
vn 0.0009 0 1
vn -0.0057 0 0.99998
vn -0.0589 -0.0729 0.9956
vn 0.001 0 1
vn -0.0875 0.0283 0.99576
vn 0.0057 0 0.99998
vn 0.30779 -0.1091 0.94518
vn -0.2954 -0.0994 0.95019
vn 0.26399 -0.37498 0.88865
vn 0.28331 0.0998 0.95382
vn -0.2658 0.3695 0.8904
vn -0.29549 -0.0994 0.95016
vn -0.0875 0.0284 0.99576
vn -0.0588 -0.0729 0.9956
vn 0.26401 -0.37501 0.88863
vn -0.0589 -0.0728 0.99561
vn 0.26392 -0.37502 0.88865
vn -0.2657 0.3696 0.89039
vn 0.59559 0.80329 0
vn 0.59552 0.80333 0.0033
vn -0.0876 0.0283 0.99575
vn -0.26579 0.36959 0.89037
vn 0.2834 0.0997 0.9538
vn 0.30791 -0.1093 0.94512
vn 0.30791 -0.1091 0.94514
vn 0.59553 0.80334 0
vn 0.2834 0.0998 0.9538
vn 0 -0.99865 0.0519
vn 0 -0.98149 0.1915
vn 0 -0.99997 -0.0077
vn 0 -0.0802 0.99678
vn 0.0003 -0.0214 0.99977
vn 0 -0.98151 0.1914
vn 0 -0.0803 0.99677
vn 0.0006 -0.99917 0.0407
vn 0.0073 -0.91245 0.40912
vn 0.0043 -0.99999 0.0027
vn 0 -0.99999 0.0053
vn -0.0019 0.76195 0.64764
vn 0.0003 -0.0185 0.99983
vn 0.0074 -0.91241 0.40921
vn 0.0007 -0.99917 0.0407
vn -0.002 0.76199 0.64759
vn 0 0.0233 0.99973
vn 0 0.0787 0.9969
vn 0.0003 -0.0186 0.99983
vn 0 0.76199 0.64759
vn 0 0.98004 0.19881
vn 0 0.99822 0.0597
vn 0 0.0232 0.99973
vn 0 0.73752 -0.67532
vn -0.0008 0.97097 -0.23919
vn -0.0009 0.97097 -0.23919
vn 0 0.99998 0.0056
vn 0 0.99992 0.0124
vn 0 0.95693 -0.29031
vn 0 -0.0078 -0.99997
vn -0.0001 -0.96258 -0.27099
vn -0.0004 -0.0079 -0.99997
vn 0 0.99999 0.0037
vn -0.0002 -0.0078 -0.99997
vn 0.91607 0.38139 0.1239
vn 0.88078 0.47269 -0.028
vn 0.88079 0.47269 -0.0279
vn 0.0002 -0.0214 0.99977
vn -0.0002 -0.99865 0.0519
vn 0 -0.98643 0.1642
vn 0 -0.91391 0.40591
vn 0 -0.0782 0.99694
vn 0 -0.0185 0.99983
vn -0.0001 -0.0782 0.99694
vn 0 -0.0186 0.99983
vn 0.0001 0.0787 0.9969
vn 0.44069 0.0257 0.89729
vn 0.1926 0.40039 0.89588
vn 0.3561 0.2752 0.893
vn 0.35601 0.27521 0.89304
vn 0.39442 -0.19341 0.89835
vn 0.19239 0.40049 0.89588
vn -0.24809 0.34958 0.90346
vn -0.1063 0.443 0.8902
vn -0.24819 0.34949 0.90347
vn -0.40222 -0.0383 0.91474
vn -0.44178 0.10919 0.89045
vn -0.44182 0.10911 0.89044
vn -0.40222 -0.0384 0.91474
vn -0.1698 -0.3532 0.92001
vn -0.32871 -0.42592 0.84294
vn -0.44178 0.1091 0.89046
vn -0.1697 -0.3533 0.91999
vn 0.227 -0.34619 0.91029
vn 0.0468 -0.46178 0.88576
vn -0.3287 -0.426 0.8429
vn 0.22709 -0.34619 0.91027
vn 0.39441 -0.19351 0.89833
vn 0.39438 -0.19349 0.89835
vn 0.0468 -0.4617 0.8858
vn 0.34639 0.30369 -0.88757
vn 0.1735 0.86232 -0.47571
vn 0.20151 0.97793 0.0553
vn 0.20141 0.97794 0.0553
vn 0.92145 0.32548 -0.21209
vn 0.3463 0.3037 -0.8876
vn -0.31008 0.56897 -0.76166
vn -0.39611 0.91492 0.0776
vn -0.39611 0.91491 0.0777
vn 0.17341 0.86233 -0.47572
vn -0.3461 0.0186 -0.93801
vn -0.92149 -0.2331 -0.31069
vn -0.92142 -0.23321 -0.31081
vn -0.31011 0.56901 -0.76162
vn -0.34619 0.0185 -0.93798
vn -0.46789 -0.1194 -0.87568
vn -0.2112 -0.94052 -0.26611
vn -0.92146 -0.23319 -0.31069
vn -0.3461 0.0185 -0.93801
vn -0.32879 -0.42599 0.84287
vn 0.0468 -0.46182 0.88574
vn 0 -0.8215 -0.5702
vn 0.35361 -0.14661 -0.92383
vn 0.34631 0.30361 -0.88763
vn 0.92144 0.32551 -0.21211
vn 0.4256 -0.8807 -0.2079
vn 0.35361 -0.1467 -0.92382
vn 0.20141 0.97794 0.0554
vn 0.38019 0.89379 0.2379
vn 0.95891 -0.2728 0.0779
vn 0.20139 0.97794 0.0554
vn -0.2081 0.94831 0.2396
vn 0.3801 0.8938 0.238
vn 0.20129 0.97796 0.0554
vn -0.39619 0.91488 0.0777
vn -0.9589 0.2296 0.1667
vn -0.39619 0.91488 0.0776
vn -0.3799 -0.9214 -0.0819
vn -0.37981 -0.92143 -0.0819
vn -0.95892 0.22951 0.1667
vn -0.21109 -0.94058 -0.26599
vn 0.20781 -0.97315 -0.099
vn 0.20791 -0.97313 -0.099
vn 0.42568 -0.88067 -0.20789
vn 0.92148 0.32539 -0.2121
vn 0.9589 -0.2728 0.078
vn 0.30041 0.47621 0.82642
vn 0.30039 0.47629 0.82638
vn 0.195 -0.2531 0.94759
vn 0.95894 -0.27271 0.0779
vn -0.2081 0.94828 0.2397
vn -0.0564 0.1797 0.9821
vn -0.0562 0.1797 0.98211
vn -0.49468 0.0659 0.86657
vn -0.4948 0.0659 0.8665
vn -0.0563 0.1797 0.98211
vn -0.37982 -0.92144 -0.0818
vn -0.13299 -0.43277 0.89164
vn -0.133 -0.43269 0.89168
vn -0.95894 0.22951 0.16661
vn 0.1186 -0.83809 0.53249
vn 0.2079 -0.97312 -0.0991
vn 0.19499 -0.25319 0.94756
vn 0.44069 0.0258 0.89729
vn 0.1925 0.4004 0.89589
vn 0.356 0.2753 0.89301
vn -0.2481 0.3497 0.90341
vn -0.1061 0.44309 0.89018
vn -0.24821 0.34961 0.90342
vn -0.4023 -0.0384 0.9147
vn -0.1062 0.44308 0.89017
vn -0.24811 0.34962 0.90344
vn -0.1698 -0.3535 0.9199
vn -0.4417 0.1091 0.8905
vn -0.1697 -0.3535 0.91991
vn 0.2271 -0.34631 0.91022
vn 0.0469 -0.4619 0.88569
vn 0.0469 -0.46198 0.88565
vn 0.3944 -0.1936 0.89831
vn 0.39429 -0.19359 0.89837
vn 0.34648 0.30368 -0.88754
vn 0.17319 0.86256 -0.47538
vn 0.20141 0.97793 0.0555
vn 0.92139 0.3256 -0.2122
vn -0.3102 0.56939 -0.76129
vn -0.3959 0.91501 0.0776
vn 0.17321 0.86254 -0.47542
vn -0.31011 0.56941 -0.76132
vn -0.34619 0.0186 -0.93798
vn -0.92151 -0.2331 -0.3106
vn -0.92149 -0.2332 -0.3106
vn -0.31018 0.56946 -0.76125
vn -0.34631 0.0185 -0.93794
vn -0.46802 -0.1193 -0.87563
vn -0.2112 -0.9405 -0.2662
vn 0.0469 -0.46202 0.88563
vn 0 -0.82158 -0.57009
vn 0.35359 -0.1464 -0.92387
vn 0.3464 0.3036 -0.8876
vn 0.92142 0.32551 -0.2122
vn 0.92133 0.32571 -0.21231
vn 0.42577 -0.88065 -0.20779
vn 0.35358 -0.14649 -0.92386
vn 0.37998 0.89385 0.23799
vn 0.37999 0.89388 0.23789
vn 0.95888 -0.27289 0.078
vn 0.20131 0.97795 0.0555
vn -0.208 0.9483 0.2397
vn 0.3799 0.89391 0.2379
vn -0.39599 0.91497 0.0776
vn -0.37999 -0.92137 -0.0818
vn -0.38002 -0.92135 -0.0818
vn 0.42569 -0.88069 -0.2078
vn 0.20809 -0.97308 -0.0991
vn 0.2081 -0.97309 -0.099
vn -0.37999 -0.92138 -0.0817
vn 0.42581 -0.88063 -0.20781
vn 0.92137 0.32559 -0.21229
vn 0.95888 -0.2729 0.0779
vn 0.3799 0.89389 0.238
vn 0.30051 0.47542 0.82684
vn 0.1955 -0.2531 0.94748
vn -0.0564 0.17939 0.98216
vn -0.0563 0.17939 0.98217
vn 0.3004 0.4754 0.8269
vn -0.20791 0.94832 0.23971
vn -0.49527 0.0657 0.86625
vn -0.49531 0.0657 0.86623
vn -0.95889 0.2296 0.1668
vn -0.1332 -0.4324 0.89179
vn -0.1331 -0.4324 0.8918
vn 0.1187 -0.83788 0.53279
vn 0.1954 -0.2531 0.9475
vn 0.19541 -0.25301 0.94753
vn -0.49531 0.0658 0.86622
vn 0 -0.99766 0.0684
vn 0 -0.97403 0.22641
vn 0 -1 -0.0007
vn 0 -0.0827 0.99657
vn -0.0023 -0.0195 0.99981
vn 0 -0.97401 0.2265
vn -0.0005 0.96359 0.2674
vn -0.0025 -0.86584 0.50032
vn -0.0023 -0.0196 0.99981
vn -0.0003 0.96359 0.2674
vn -0.0738 0.99307 -0.0915
vn -0.075 -0.93054 -0.35842
vn -0.08 -0.99256 0.0918
vn -0.0698 0.94012 0.33361
vn -0.0738 0.99306 -0.0916
vn -0.0009 0.0019 -1
vn 0 0.0019 -1
vn -0.0002 -0.95676 -0.29089
vn -0.0002 -0.95675 -0.29091
vn -0.0003 0.87329 -0.4872
vn -0.72891 -0.68171 -0.0629
vn -0.72891 -0.68171 -0.063
vn -0.68453 -0.68043 0.26161
vn 0.89486 0.42058 -0.14949
vn 0.44738 0.89056 0.0822
vn 0.89485 0.42062 -0.14941
vn -0.0699 0.94012 0.33361
vn -0.68458 -0.68038 0.26159
vn -0.0699 0.94016 0.33349
vn 0.4473 0.8906 0.0822
vn -0.075 -0.93051 -0.3585
vn 0.89489 0.4205 -0.1495
vn 0.89487 0.42059 -0.14939
vn -0.72901 -0.68161 -0.0629
vn -0.0801 -0.99255 0.0918
vn -0.0751 -0.93055 -0.35838
vn -0.729 -0.6816 -0.063
vn -0.44069 -0.0258 0.89729
vn -0.19259 -0.40068 0.89575
vn -0.35609 -0.27529 0.89298
vn -0.356 -0.2753 0.89301
vn -0.39442 0.19341 0.89835
vn -0.44069 -0.0257 0.89729
vn -0.19249 -0.40069 0.89577
vn 0.2482 -0.3497 0.90339
vn 0.1063 -0.4432 0.8901
vn 0.40222 0.0383 0.91474
vn 0.44182 -0.1092 0.89043
vn 0.4419 -0.1092 0.89039
vn 0.40222 0.0384 0.91474
vn 0.1698 0.3532 0.92001
vn 0.32871 0.42592 0.84294
vn 0.44178 -0.10919 0.89045
vn 0.1697 0.3533 0.91999
vn -0.227 0.34619 0.91029
vn -0.0468 0.46178 0.88576
vn 0.3287 0.426 0.8429
vn -0.2271 0.3461 0.9103
vn -0.39441 0.19351 0.89833
vn -0.39438 0.19349 0.89835
vn -0.0468 0.4617 0.8858
vn -0.34608 -0.30379 -0.88766
vn -0.1735 -0.86228 -0.47579
vn -0.20129 -0.97797 0.0553
vn -0.20141 -0.97794 0.0553
vn -0.92128 -0.32589 -0.2122
vn -0.346 -0.3038 -0.88769
vn -0.1735 -0.86232 -0.47571
vn 0.31008 -0.56897 -0.76166
vn 0.39611 -0.91492 0.0776
vn 0.39611 -0.91491 0.0777
vn 0.3461 -0.0186 -0.93801
vn 0.9214 0.2333 -0.3108
vn 0.31011 -0.56901 -0.76162
vn 0.34619 -0.0186 -0.93798
vn 0.46801 0.1194 -0.87562
vn 0.2112 0.94052 -0.26611
vn 0.92145 0.23321 -0.31072
vn 0.3461 -0.0185 -0.93801
vn 0.3288 0.4259 0.84291
vn 0 0.82158 -0.57009
vn 0 0.8215 -0.5702
vn 0.32861 0.42601 0.84293
vn -0.3534 0.1466 -0.92391
vn -0.34601 -0.30371 -0.88772
vn -0.92125 -0.32592 -0.21231
vn -0.42532 0.88084 -0.20791
vn -0.3534 0.1467 -0.9239
vn -0.38002 -0.89375 0.23831
vn -0.37999 -0.89377 0.23829
vn -0.95876 0.27329 0.0781
vn -0.92127 -0.32589 -0.21229
vn 0.20811 -0.94823 0.23991
vn 0.39619 -0.91488 0.0777
vn 0.95887 -0.22959 0.16689
vn 0.95891 -0.2295 0.1668
vn 0.2082 -0.94821 0.2399
vn 0.92142 0.23321 -0.31081
vn 0.37982 0.92144 -0.0818
vn -0.20779 0.97315 -0.099
vn -0.4254 0.8808 -0.2079
vn -0.92131 -0.32581 -0.2122
vn -0.95878 0.2732 0.0781
vn -0.95875 0.27329 0.0782
vn -0.20779 0.97316 -0.0989
vn -0.95874 0.27331 0.0782
vn -0.30051 -0.47542 0.82684
vn -0.1954 0.25341 0.94742
vn 0.0563 -0.17939 0.98217
vn 0.0563 -0.17949 0.98215
vn -0.38001 -0.89373 0.23841
vn 0.95889 -0.2296 0.1668
vn 0.49489 -0.0655 0.86648
vn 0.49489 -0.0654 0.86649
vn 0.20821 -0.94823 0.23981
vn 0.95889 -0.2295 0.1669
vn 0.37978 0.92145 -0.0818
vn 0.1331 0.4326 0.89171
vn 0.49478 -0.0654 0.86656
vn -0.1187 0.83793 0.53272
vn -0.1188 0.83792 0.53271
vn -0.20781 0.97315 -0.099
vn -0.19531 0.25341 0.94744
vn 0.49481 -0.0655 0.86653
vn 0.0767 0.99704 0.0043
vn 0.0013 -0.69041 0.72341
vn 0.0427 -0.99037 0.1317
vn 0.0028 -0.99999 -0.0039
vn 0.0071 0.99981 -0.0183
vn 0.118 0.99012 -0.0757
vn 0.0028 -0.99999 -0.0038
vn 0.118 0.99012 -0.0758
vn 0.0793 0.9688 -0.2348
vn 0.9581 -0.2864 -0.0041
vn 0.0012 -0.99931 0.037
vn 0.9581 -0.2864 -0.0042
vn 0.0013 -0.69031 0.72351
vn 0.9161 0.3813 0.124
vn 0.0013 -0.69036 0.72346
vn 0 0.9569 -0.2904
vn 0.88083 0.47261 -0.0279
vn 0.0794 0.9688 -0.2348
vn 0 0.99999 0.0038
vn 0.1181 0.9901 -0.0758
vn 0.0072 0.99981 -0.0183
vn 0.007 0.99981 -0.0183
vn 0.0768 0.99704 0.0043
vn 0.0012 -0.99931 0.0371
vn 0.95811 -0.2864 -0.0003
vt 0.943 0.9024
vt 0.8968 0.9027
vt 0.8968 0.8461
vt 0.943 0.8445
vt 0.1182 0.799
vt 0.0659 0.8208
vt 0.0372 0.7683
vt 0.1148 0.7847
vt 0.1682 0.7873
vt 0.1551 0.7817
vt 0.1859 0.7528
vt 0.2115 0.7669
vt 0.2506 0.8004
vt 0.179 0.7955
vt 0.213 0.81
vt 0.236 0.8183
vt 0.1866 0.8099
vt 197.4079 732.41602
vt 237.6172 736.98383
vt 239.14709 730.78711
vt 198.0184 725.8197
vt 245.69 627.44409
vt 245.80881 632.39252
vt 278.77719 636.90588
vt 285.7373 633.2442
vt 0.1543 0.5169
vt 0.1486 0.5218
vt 0.144 0.5014
vt 0.1542 0.5532
vt 0.1596 0.5477
vt 0.1621 0.5629
vt 0.1752 0.5465
vt 0.1795 0.5688
vt 0.1989 0.5725
vt 0.1931 0.5491
vt 0.2118 0.5499
vt 0.2124 0.5691
vt 0.2473 0.5993
vt 0.2129 0.6054
vt 0.1853 0.5867
vt 0.1655 0.5836
vt 0.1585 0.5913
vt 857.9671 1341.60352
vt 799.77142 1324.61145
vt 755.90552 1321.11401
vt 0.1904 0.5982
vt 0.2127 0.6099
vt 0.2497 0.6043
vt 0.258 0.5887
vt 0.2581 0.5918
vt 0.2466 0.5686
vt 0.263 0.5671
vt 0.2469 0.5267
vt 0.2627 0.5053
vt 0.245 0.5046
vt 0.2615 0.5035
vt 0.149 0.9569
vt 0.1408 0.994
vt 0.0818 0.9536
vt 0.1142 0.937
vt 0.2463 0.5039
vt 0.2383 0.5051
vt 0.2274 0.5042
vt 0.2362 0.4974
vt 0.241 0.4941
vt 0.2438 0.4919
vt 0.2521 0.5034
vt 0.2143 0.9714
vt 0.2143 0.9947
vt 0.2618 0.5035
vt 0.263 0.5052
vt 0.2631 0.5682
vt 0.9454 0.7816
vt 0.9794 0.781
vt 0.9815 0.8394
vt 0.9454 0.8406
vt 0.0424 0.6352
vt 0.0665 0.6298
vt 0.076 0.6624
vt 0.0463 0.6775
vt 0.0674 0.7168
vt 0.0488 0.7147
vt 0.0793 0.7611
vt 0.1134 0.7693
vt 0.1742 0.7451
vt 0.1465 0.7703
vt 0.1591 0.6833
vt 0.9181 0.6276
vt 0.9609 0.6054
vt 0.9613 0.6208
vt 0.189 0.6444
vt 0.1593 0.6395
vt 0.2197 0.6489
vt 0.9454 0.7377
vt 0.9766 0.7377
vt 0.1189 0.6219
vt 0.119 0.6355
vt 0.9967 0.5975
vt 0.9961 0.6148
vt 0.1106 0.6065
vt 0.1461 0.6026
vt 0.1549 0.6166
vt 0.0187 0.6149
vt 0.1012 0.5821
vt 0.1378 0.5782
vt 0.1873 0.5968
vt 0.1896 0.6132
vt 0.2236 0.5966
vt 0.2237 0.6124
vt 0.2171 0.5626
vt 0.2747 0.5543
vt 0.274 0.5915
vt 0.2708 0.6092
vt 0.0228 0.5321
vt 0.1031 0.5179
vt 0.1031 0.526
vt 0.1007 0.542
vt 0.0101 0.5648
vt 0.9981 0.7403
vt 0.9986 0.7753
vt 0.099 0.5574
vt 0.1495 0.5483
vt 0.18 0.5708
vt 0.202 0.5331
vt 0.27 0.5212
vt 0.8968 0.6993
vt 0.8968 0.6601
vt 0.9703 0.6593
vt 0.9752 0.7004
vt 0.8968 0.7376
vt 0.143 0.5086
vt 0.1469 0.5167
vt 0.1943 0.4997
vt 0.1954 0.5057
vt 0.2695 0.488
vt 0.2686 0.4993
vt 0.2672 0.5089
vt 0.1999 0.5189
vt 0.1497 0.5314
vt 0.19 0.4784
vt 0.2606 0.451
vt 0.189 0.4756
vt 0.2561 0.4424
vt 0.2854 0.4116
vt 0.2819 0.4186
vt 0.2292 0.4169
vt 0.2299 0.4089
vt 0.2038 0.3981
vt 0.2322 0.3965
vt 0.1708 0.4126
vt 0.1722 0.3885
vt 0.251 0.4009
vt 0.2886 0.3865
vt 0.2706 0.3934
vt 0.2655 0.3845
vt 0.4353 0.3655
vt 0.448 0.3712
vt 0.445 0.3822
vt 0.4152 0.3817
vt 0.1196 0.3944
vt 0.0548 0.432
vt 0.0492 0.4073
vt 0.086 0.3924
vt 0.1208 0.3798
vt 0.1262 0.417
vt 0.1258 0.4265
vt 0.1022 0.5005
vt 0.02 0.4972
vt 0.1011 0.4973
vt 0.1388 0.4903
vt 0.1397 0.4867
vt 0.1746 0.4212
vt 0.1492 0.3771
vt 0.175 0.3764
vt 0.1964 0.3781
vt 0.2038 0.386
vt 0.2745 0.3766
vt 0.2929 0.3738
vt 0.4016 0.3621
vt 0.405 0.3574
vt 0.4141 0.3632
vt 0.427 0.3597
vt 0.3527 0.2491
vt 0.3337 0.2504
vt 0.3334 0.2345
vt 0.3725 0.2325
vt 0.3734 0.2483
vt 0.4055 0.2489
vt 0.4399 0.2352
vt 0.4369 0.249
vt 0.3651 0.2204
vt 0.4412 0.2213
vt 0.2383 0.2562
vt 0.2366 0.2401
vt 0.2841 0.239
vt 0.2614 0.2555
vt 0.285 0.2545
vt 0.3099 0.2524
vt 0.2814 0.2283
vt 0.3316 0.2232
vt 0.3377 0.2015
vt 0.3669 0.2047
vt 0.443 0.205
vt 0.102 0.2283
vt 0.0995 0.243
vt 0.0086 0.2352
vt 0.0099 0.2213
vt 0.0942 0.2548
vt 0.0493 0.252
vt 0.0056 0.249
vt 0.1541 0.2431
vt 0.1493 0.2565
vt 0.123 0.2559
vt 0.1732 0.2565
vt 0.1957 0.2408
vt 0.195 0.2563
vt 0.2162 0.2562
vt 0.1976 0.2279
vt 0.2356 0.2265
vt 0.2729 0.2129
vt 0.3054 0.207
vt 0.3031 0.1891
vt 0.3377 0.1857
vt 0.3027 0.172
vt 0.3409 0.1736
vt 0.2997 0.1626
vt 0.3389 0.1587
vt 0.2747 0.1634
vt 0.2871 0.1499
vt 0.2882 0.1377
vt 0.3418 0.1392
vt 0.2915 0.1193
vt 0.3462 0.1231
vt 0.2872 0.0852
vt 0.3463 0.0781
vt 0.2859 0.0484
vt 0.3511 0.0497
vt 0.2867 0.0313
vt 0.3557 0.0328
vt 0.416 0.0335
vt 0.3589 0.0173
vt 0.4173 0.0122
vt 0.4205 0.0051
vt 0.3667 0.0054
vt 0.0576 0.1623
vt 0.0568 0.1455
vt 0.0452 0.1448
vt 0.0455 0.1622
vt 0.0267 0.1644
vt 0.0253 0.1493
vt 0.0136 0.1497
vt 0.0144 0.1646
vt 0.0104 0.1654
vt 0.0099 0.1504
vt 0.0067 0.1508
vt 0.007 0.1651
vt 0.0077 0.1712
vt 0.0114 0.1718
vt 0.0156 0.1711
vt 0.0123 0.1659
vt 0.0168 0.1652
vt 0.0292 0.165
vt 0.028 0.1708
vt 0.0178 0.1477
vt 0.0296 0.1474
vt 0.0495 0.1462
vt 0.0482 0.1629
vt 0.0469 0.1691
vt 0.0609 0.1632
vt 0.0593 0.1705
vt 0.0618 0.1471
vt 0.0685 0.0032
vt 0.1158 0.0026
vt 0.1224 0.0101
vt 0.0705 0.0098
vt 0.0284 0.0111
vt 0.0289 0.0042
vt 0.0743 0.0309
vt 0.0299 0.0323
vt 0.0319 0.0502
vt 0.0799 0.0483
vt 0.0819 0.0752
vt 0.0304 0.0718
vt 0.1297 0.0452
vt 0.1323 0.0824
vt 0.1373 0.1275
vt 0.0865 0.1254
vt 0.4041 0.1191
vt 0.4012 0.1425
vt 0.3918 0.1625
vt 0.3795 0.1778
vt 0.3684 0.1884
vt 0.4469 0.1922
vt 0.4484 0.1798
vt 0.4548 0.1613
vt 0.0924 0.181
vt 0.0921 0.1939
vt 0.0156 0.1922
vt 0.0171 0.1798
vt 0.0973 0.2079
vt 0.0117 0.205
vt 0.1425 0.1953
vt 0.1439 0.21
vt 0.1565 0.2309
vt 0.2032 0.2105
vt 0.2365 0.2111
vt 0.2372 0.1503
vt 0.2366 0.1652
vt 0.2353 0.1392
vt 0.2347 0.1277
vt 0.2335 0.0896
vt 0.2322 0.0465
vt 0.234 0.0299
vt 0.2349 0.0101
vt 0.2918 0.0113
vt 0.2942 0.0049
vt 0.0576 0.1275
vt 0.0503 0.1263
vt 0.0457 0.1168
vt 0.0399 0.1245
vt 0.0346 0.1075
vt 0.0418 0.1035
vt 0.0365 0.091
vt 0.0317 0.0972
vt 0.0274 0.0875
vt 0.029 0.0807
vt 0.0207 0.1003
vt 0.02 0.089
vt 0.0111 0.0891
vt 0.0108 0.1012
vt 0.009 0.1013
vt 0.0096 0.0888
vt 0.0062 0.0873
vt 0.0061 0.1001
vt 0.0062 0.1119
vt 0.0092 0.1122
vt 0.0115 0.1118
vt 0.0217 0.1104
vt 0.0234 0.1297
vt 0.0121 0.1307
vt 0.0092 0.1314
vt 0.0061 0.132
vt 0.0076 0.1309
vt 0.008 0.1492
vt 0.0085 0.1659
vt 0.0093 0.1494
vt 0.0134 0.1484
vt 0.0133 0.1313
vt 0.0171 0.1307
vt 0.0284 0.1297
vt 0.0427 0.1259
vt 0.0482 0.1176
vt 0.053 0.1272
vt 0.061 0.1286
vt 0.1758 0.003
vt 0.1805 0.009
vt 0.1837 0.0287
vt 0.1257 0.0289
vt 0.1818 0.0454
vt 0.1815 0.0878
vt 0.1838 0.1293
vt 0.1889 0.1419
vt 0.143 0.144
vt 0.0887 0.1419
vt 0.0252 0.1423
vt 0.0257 0.121
vt 0.0954 0.1616
vt 0.0235 0.1613
vt 0.1465 0.164
vt 0.141 0.182
vt 0.1757 0.1821
vt 0.1764 0.1945
vt 0.1767 0.2126
vt 0.2681 0.1915
vt 0.2685 0.1788
vt 0.2369 0.1774
vt 0.2053 0.1799
vt 0.2015 0.1664
vt 0.1964 0.1524
vt 0.2334 0.0039
vt 0.0519 0.1183
vt 0.0593 0.1186
vt 0.048 0.1122
vt 0.0445 0.1014
vt 0.038 0.0873
vt 0.0305 0.078
vt 0.019 0.0783
vt 0.0118 0.0781
vt 0.0106 0.0775
vt 0.007 0.077
vt 0.0079 0.0732
vt 0.0081 0.0917
vt 0.0076 0.1007
vt 0.0077 0.1126
vt 0.0093 0.1132
vt 0.0091 0.1316
vt 0.0134 0.1138
vt 0.0165 0.1134
vt 0.0268 0.112
vt 0.0391 0.109
vt 0.0443 0.1043
vt 0.0391 0.0917
vt 0.0318 0.0814
vt 0.022 0.0785
vt 0.0193 0.0746
vt 0.0129 0.0744
vt 0.0117 0.0733
vt 0.0087 0.0774
vt 0.0094 0.0912
vt 0.0091 0.1013
vt 0.0133 0.1025
vt 0.0159 0.1025
vt 0.0259 0.1017
vt 0.0361 0.0985
vt 0.0315 0.0914
vt 0.0246 0.0929
vt 0.0157 0.0927
vt 0.0143 0.078
vt 0.0126 0.0775
vt 0.0135 0.0924
vt 0.18 0.1703
vt 0.206 0.1919
vt 0.2366 0.1918
vt 0.4565 0.1423
vt 0.4099 0.0727
vt 0.4131 0.0514
vt 0.4596 0.0111
vt 0.4612 0.0323
vt 0.4601 0.0042
vt 0.4632 0.0502
vt 0.4617 0.0718
vt 0.1694 0.5229
vt 0.1868 0.5269
vt 0.2116 0.527
vt 0.2327 0.5688
vt 0.2121 0.569
vt 0.2116 0.5267
vt 0.2327 0.5267
vt 0.2261 0.5067
vt 0.0793 0.8963
vt 0.2168 0.5103
vt 0.2057 0.5182
vt 0.1124 0.9252
vt 0.0852 0.8926
vt 0.0963 0.8884
vt 0.1174 0.9131
vt 0.1462 0.9338
vt 0.1421 0.9467
vt 0.0823 0.8654
vt 0.1775 0.9582
vt 0.1794 0.9456
vt 0.2131 0.9538
vt 0.2131 0.965
vt 0.6965 0.5975
vt 0.7371 0.5894
vt 0.7378 0.6105
vt 0.6988 0.6166
vt 0.7727 0.6013
vt 0.7726 0.62
vt 0.8055 0.6244
vt 0.8048 0.6039
vt 0.8396 0.6344
vt 0.8406 0.611
vt 0.878 0.6215
vt 0.8733 0.6413
vt 0.9785 0.5904
vt 0.9957 0.587
vt 0.9604 0.5943
vt 0.7344 0.5809
vt 0.7152 0.5833
vt 0.6954 0.587
vt 0.8611 0.6015
vt 0.8803 0.6051
vt 0.8408 0.5975
vt 0.8225 0.5943
vt 0.8051 0.5916
vt 0.7879 0.5914
vt 0.7708 0.5909
vt 0.7527 0.5857
vt 0.8995 0.6065
vt 0.9201 0.6069
vt 0.9408 0.6009
vt 0.8478 0.4869
vt 0.8478 0.4757
vt 0.8883 0.481
vt 0.8677 0.4911
vt 0.8882 0.4939
vt 0.9248 0.4837
vt 0.9069 0.4939
vt 0.9253 0.4972
vt 0.8862 0.4576
vt 0.9241 0.4627
vt 0.9564 0.4694
vt 0.9576 0.4922
vt 0.9237 0.4338
vt 0.9547 0.4478
vt 0.9816 0.4463
vt 0.9812 0.4661
vt 0.9845 0.4819
vt 0.9422 0.5
vt 0.9581 0.5014
vt 0.9853 0.4938
vt 0.9717 0.4983
vt 0.6967 0.4886
vt 0.6851 0.4938
vt 0.6843 0.4819
vt 0.7044 0.4701
vt 0.7081 0.4839
vt 0.7249 0.4803
vt 0.7391 0.4628
vt 0.7452 0.4772
vt 0.7721 0.4761
vt 0.798 0.4636
vt 0.7997 0.4779
vt 0.8247 0.4835
vt 0.7965 0.4428
vt 0.8416 0.452
vt 0.8389 0.424
vt 0.8864 0.4287
vt 0.8411 0.4029
vt 0.8882 0.4021
vt 0.9218 0.4005
vt 0.891 0.399
vt 0.9228 0.3982
vt 0.9505 0.394
vt 0.9509 0.4007
vt 0.9217 0.3943
vt 0.9775 0.3992
vt 0.9774 0.3943
vt 0.9772 0.4036
vt 0.952 0.4246
vt 0.98 0.421
vt 0.6813 0.4419
vt 0.6797 0.4165
vt 0.6994 0.4072
vt 0.7009 0.429
vt 0.7025 0.4473
vt 0.681 0.4616
vt 0.734 0.4401
vt 0.7338 0.4225
vt 0.7934 0.4227
vt 0.7929 0.4042
vt 0.7874 0.3975
vt 0.8459 0.3975
vt 0.8447 0.3935
vt 0.8882 0.3932
vt 0.8551 0.3555
vt 0.8922 0.3544
vt 0.9209 0.3578
vt 0.9509 0.3314
vt 0.95 0.3606
vt 0.9256 0.3302
vt 0.9776 0.3598
vt 0.6993 0.4004
vt 0.7002 0.3939
vt 0.7309 0.395
vt 0.7295 0.3998
vt 0.6776 0.3956
vt 0.6777 0.4004
vt 0.6774 0.4048
vt 0.7327 0.4065
vt 0.7908 0.392
vt 0.7851 0.3563
vt 0.7734 0.3285
vt 0.8759 0.3267
vt 0.9024 0.3303
vt 0.9779 0.3336
vt 0.7042 0.334
vt 0.6777 0.3336
vt 0.6724 0.3271
vt 0.703 0.3289
vt 0.6991 0.3629
vt 0.6774 0.3598
vt 0.7362 0.3598
vt 0.7356 0.332
vt 0.7325 0.327
vt 0.7583 0.3244
vt 0.8874 0.3233
vt 0.905 0.3255
vt 0.9258 0.3273
vt 0.9479 0.3277
vt 0.9726 0.3271
vt 0.6383 0.2452
vt 0.6405 0.2836
vt 0.6248 0.2703
vt 0.6221 0.2477
vt 0.6195 0.235
vt 0.5992 0.231
vt 0.6045 0.2465
vt 0.6121 0.2249
vt 0.596 0.2205
vt 0.592 0.2141
vt 0.5786 0.2132
vt 0.5766 0.2073
vt 0.5731 0.2076
vt 0.5874 0.2111
vt 0.5569 0.2013
vt 0.5596 0.2014
vt 0.524 0.2139
vt 0.5246 0.2142
vt 0.5212 0.2057
vt 0.5208 0.2003
vt 0.516 0.202
vt 0.5176 0.2138
vt 0.5121 0.1973
vt 0.5087 0.199
vt 0.5033 0.2038
vt 0.5036 0.2027
vt 0.5078 0.2138
vt 0.5003 0.214
vt 0.5515 0.2166
vt 0.5515 0.2245
vt 0.5684 0.2324
vt 0.5676 0.223
vt 0.5544 0.2246
vt 0.5771 0.2344
vt 0.5737 0.2398
vt 0.5787 0.2285
vt 0.5847 0.2415
vt 0.5838 0.2148
vt 0.5697 0.2136
vt 0.5535 0.2069
vt 0.6104 0.2208
vt 0.6265 0.2307
vt 0.6564 0.2882
vt 0.6499 0.248
vt 0.648 0.319
vt 0.6251 0.3144
vt 0.6209 0.2972
vt 0.6007 0.2992
vt 0.6063 0.2683
vt 0.5885 0.2483
vt 0.5848 0.2374
vt 0.5703 0.2385
vt 0.5632 0.235
vt 0.5556 0.2373
vt 0.5664 0.24
vt 0.554 0.2321
vt 0.5477 0.2356
vt 0.5451 0.2438
vt 0.5523 0.2455
vt 0.55 0.2565
vt 0.5442 0.2526
vt 0.5638 0.2484
vt 0.5629 0.2643
vt 0.5725 0.269
vt 0.5734 0.2558
vt 0.5736 0.2917
vt 0.5573 0.2895
vt 0.5845 0.2726
vt 0.588 0.2908
vt 0.5994 0.291
vt 0.5972 0.2766
vt 0.5882 0.309
vt 0.6045 0.307
vt 0.6168 0.3205
vt 0.6022 0.2878
vt 0.6009 0.2594
vt 0.5962 0.2608
vt 0.5997 0.2405
vt 0.6103 0.2335
vt 0.6084 0.2285
vt 0.6341 0.2288
vt 0.5967 0.2217
vt 0.585 0.2605
vt 0.5786 0.2249
vt 0.5597 0.2092
vt 0.5172 0.2144
vt 0.5157 0.204
vt 0.5085 0.2076
vt 0.501 0.2142
vt 0.5088 0.2144
vt 0.5579 0.2175
vt 0.6101 0.3254
vt 0.6214 0.3276
vt 0.599 0.3306
vt 0.6018 0.3311
vt 0.6012 0.3216
vt 0.5841 0.2978
vt 0.588 0.2688
vt 0.568 0.2599
vt 0.5721 0.248
vt 0.5593 0.2455
vt 0.5592 0.2365
vt 0.5502 0.2332
vt 0.5462 0.2297
vt 0.5408 0.2331
vt 0.5367 0.2273
vt 0.5336 0.2302
vt 0.5265 0.2284
vt 0.5297 0.2253
vt 0.5314 0.2276
vt 0.5401 0.2298
vt 0.5245 0.2019
vt 0.5244 0.2133
vt 0.5224 0.2136
vt 0.5225 0.2031
vt 0.5198 0.196
vt 0.5213 0.1927
vt 0.5136 0.2033
vt 0.5132 0.1938
vt 0.506 0.1957
vt 0.504 0.2028
vt 0.512 0.1895
vt 0.5027 0.1924
vt 0.5181 0.1942
vt 0.5202 0.2007
vt 0.5109 0.1914
vt 0.5043 0.194
vt 0.5105 0.2002
vt 0.5016 0.2005
vt 0.5016 0.2129
vt 0.5105 0.2128
vt 0.5202 0.2129
vt 0.5234 0.2367
vt 0.5298 0.2385
vt 0.5219 0.2448
vt 0.5289 0.2469
vt 0.5319 0.2493
vt 0.5236 0.2471
vt 0.5361 0.2489
vt 0.5408 0.2519
vt 0.5372 0.2411
vt 0.5496 0.2546
vt 0.554 0.2574
vt 0.5478 0.2562
vt 0.5433 0.258
vt 0.5409 0.2659
vt 0.5498 0.2676
vt 0.5481 0.2784
vt 0.5474 0.2888
vt 0.5694 0.3181
vt 0.5477 0.3004
vt 0.5925 0.3325
vt 0.5742 0.33
vt 0.5829 0.329
vt 0.5842 0.3208
vt 0.5668 0.2945
vt 0.5642 0.3055
vt 0.5647 0.2826
vt 0.5691 0.2718
vt 0.5515 0.2686
vt 0.5515 0.26
vt 0.5401 0.2568
vt 0.5391 0.2541
vt 0.5366 0.2566
vt 0.5315 0.2516
vt 0.531 0.255
vt 0.5225 0.2494
vt 0.5244 0.2535
vt 0.5193 0.2506
vt 0.5305 0.2535
vt 0.5248 0.2038
vt 0.5243 0.213
vt 0.5221 0.2127
vt 0.5225 0.2018
vt 0.5201 0.1947
vt 0.522 0.1935
vt 0.5135 0.2003
vt 0.5135 0.1911
vt 0.5062 0.1935
vt 0.5039 0.2001
vt 0.5127 0.1894
vt 0.5032 0.1919
vt 0.5188 0.1971
vt 0.5208 0.2053
vt 0.5204 0.2134
vt 0.5111 0.2051
vt 0.5108 0.2135
vt 0.529 0.2633
vt 0.5233 0.2619
vt 0.5339 0.2646
vt 0.5324 0.2727
vt 0.5411 0.2744
vt 0.5445 0.2782
vt 0.5513 0.2795
vt 0.5457 0.2784
vt 0.5415 0.28
vt 0.5392 0.2879
vt 0.5336 0.2784
vt 0.5319 0.2863
vt 0.5302 0.2945
vt 0.5394 0.2966
vt 0.5429 0.3005
vt 0.551 0.3022
vt 0.5468 0.301
vt 0.5426 0.3028
vt 0.5405 0.3113
vt 0.5365 0.301
vt 0.5346 0.3097
vt 0.5329 0.3187
vt 0.5409 0.3206
vt 0.5519 0.3195
vt 0.5445 0.3247
vt 0.5586 0.3273
vt 0.5655 0.326
vt 0.5675 0.3178
vt 0.5509 0.3143
vt 0.5504 0.3051
vt 0.5369 0.3018
vt 0.5373 0.2985
vt 0.5294 0.2966
vt 0.5325 0.3
vt 0.525 0.299
vt 0.5152 0.2969
vt 0.5226 0.2952
vt 0.5242 0.2
vt 0.5239 0.2137
vt 0.521 0.2129
vt 0.5214 0.1934
vt 0.5191 0.1924
vt 0.5214 0.1963
vt 0.5127 0.1911
vt 0.5127 0.1897
vt 0.5062 0.1921
vt 0.5039 0.193
vt 0.5126 0.1948
vt 0.5038 0.1957
vt 0.519 0.2019
vt 0.5212 0.2064
vt 0.5125 0.2023
vt 0.5124 0.2081
vt 0.506 0.2013
vt 0.5037 0.2055
vt 0.5032 0.2143
vt 0.512 0.2146
vt 0.5317 0.3087
vt 0.5291 0.3079
vt 0.525 0.3159
vt 0.5285 0.3171
vt 0.5288 0.2991
vt 0.5209 0.2144
vt 0.5243 0.3196
vt 0.5327 0.322
vt 0.5335 0.3195
vt 0.5487 0.3228
vt 0.5353 0.3108
vt 0.522 0.3075
vt 0.5113 0.3049
vt 0.5122 0.2127
vt 0.5034 0.2129
vt 0.5009 0.1992
vt 0.5004 0.2136
vt 0.5179 0.3175
vt 0.5119 0.3136
vt 0.5214 0.3163
vt 0.5471 0.2989
vt 0.5494 0.2909
vt 0.5491 0.2822
vt 0.5334 0.2791
vt 0.534 0.2761
vt 0.5244 0.274
vt 0.5267 0.2771
vt 0.5264 0.2852
vt 0.5239 0.293
vt 0.5213 0.2952
vt 0.5297 0.2976
vt 0.5303 0.2953
vt 0.5318 0.2873
vt 0.5198 0.284
vt 0.5221 0.2762
vt 0.512 0.2745
vt 0.518 0.2731
vt 0.5083 0.2819
vt 0.5199 0.213
vt 0.5119 0.2127
vt 0.5118 0.1933
vt 0.5199 0.1958
vt 0.5038 0.2129
vt 0.5037 0.1951
vt 0.5056 0.1919
vt 0.5116 0.189
vt 0.5114 0.193
vt 0.5032 0.1946
vt 0.5053 0.2012
vt 0.5113 0.2015
vt 0.5008 0.2013
vt 0.5033 0.2078
vt 0.5115 0.2106
vt 0.5031 0.2138
vt 0.5117 0.2139
vt 0.52 0.2138
vt 0.5197 0.2091
vt 0.5197 0.2761
vt 0.5189 0.2844
vt 0.5159 0.2925
vt 0.5121 0.2939
vt 0.508 0.2901
vt 0.519 0.2921
vt 0.501 0.2134
vt 0.5225 0.2026
vt 0.5225 0.2136
vt 0.5177 0.1926
vt 0.5197 0.1958
vt 0.5175 0.2021
vt 0.5488 0.2766
vt 0.5359 0.2729
vt 0.5386 0.2649
vt 0.5282 0.2611
vt 0.5165 0.258
vt 0.5131 0.2125
vt 0.5036 0.2127
vt 0.4998 0.2016
vt 0.5049 0.1959
vt 0.5117 0.1943
vt 0.502 0.2036
vt 0.5018 0.2134
vt 0.5205 0.2694
vt 0.5268 0.271
vt 0.5258 0.2728
vt 0.5334 0.2755
vt 0.5262 0.2693
vt 0.5153 0.2664
vt 0.5172 0.2705
vt 0.4996 0.213
vt 0.5554 0.2534
vt 0.5462 0.2499
vt 0.5498 0.2418
vt 0.5396 0.2381
vt 0.5299 0.2357
vt 0.5135 0.2137
vt 0.5038 0.2136
vt 0.4997 0.2016
vt 0.4996 0.2132
vt 0.5268 0.244
vt 0.5364 0.2464
vt 664.69452 1362.6134
vt 662.7403 1370.50854
vt 740.04437 1383.72595
vt 737.9704 1372.07153
vt 1055.59924 889.47882
vt 1047.84912 894.91638
vt 1095.64771 913.95868
vt 1102.9491 910.20251
vt 678.22302 1296.20972
vt 674.13647 1300.79248
vt 719.2793 1310.94397
vt 725.37842 1309.21021
vt 855.71503 984.8924
vt 805.39447 972.87231
vt 804.86493 979.61627
vt 851.62122 991.13928
vt 1051.255 1046.80042
vt 1117.38916 1062.91296
vt 1126.04785 1057.6814
vt 1057.198 1041.93286
vt 0.0863 0.8324
vt 0.1289 0.8162
vt 0.1643 0.8113
vt 0.0336 0.8912
vt 0.0146 0.8804
vt 0.4701 0.3677
vt 0.4675 0.4057
vt 0.3201 0.4061
vt 0.3213 0.3677
vt 0.2979 0.3791
vt 0.2979 0.3566
vt 0.3379 0.3601
vt 0.3379 0.3691
vt 0.3334 0.3769
vt 0.3244 0.3791
vt 0.4513 0.3672
vt 0.4541 0.3858
vt 0.4524 0.3858
vt 0.4516 0.3858
vt 0.4488 0.3692
vt 0.2281 0.3791
vt 0.2277 0.3582
vt 0.1906 0.3791
vt 0.1903 0.3601
vt 0.1482 0.3791
vt 0.104 0.3791
vt 0.1038 0.3616
vt 0.1482 0.3602
vt 0.0005 0.3593
vt 0.0005 0.3606
vt 0.0005 0.4225
vt 0.0005 0.4241
vt 0.943 0.9851
vt 0.8968 0.9867
vt 0.9873 0.7166
vt 0.8971 0.7161
vt 0.8971 0.6477
vt 0.9709 0.6499
vt 0.8234 0.902
vt 0.8369 0.902
vt 0.8275 0.9707
vt 0.8008 0.9702
vt 0.7963 0.902
vt 0.8052 0.902
vt 0.9781 0.8982
vt 0.9979 0.8394
vt 0.996 0.8982
vt 0.0287 0.6958
vt 0.02 0.7656
vt 0.0251 0.7403
vt 0.9957 0.6593
vt 0.9976 0.7004
vt 0.1482 0.3493
vt 0.1016 0.3485
vt 0.179 0.3484
vt 0.4432 0.4011
vt 0.4431 0.3765
vt 0.4489 0.4094
vt 0.0005 0.3301
vt 0.0005 0.4134
vt 0.9751 0.9728
vt 0.9914 0.964
vt 0.9834 0.6578
vt 0.9959 0.7166
vt 0.8968 0.6516
vt 0.9689 0.6516
vt 0.0957 0.3556
vt 0.0946 0.3538
vt 0.0981 0.3544
vt 0.0997 0.3546
vt 0.0957 0.3643
vt 0.0957 0.3791
vt 0.9879 0.6516
vt 0.0957 0.4214
vt 0.0957 0.4229
vt 0.0957 0.4292
vt 0.0957 0.4274
vt 0.0957 0.3251
vt 0.0957 0.4144
vt 0.0957 0.4189
vt 0.0059 0.3553
vt 0.0056 0.3542
vt 0.0056 0.4292
vt 0.0059 0.4274
vt 0.0957 0.3249
vt 0.0059 0.325
vt 0.0059 0.3249
vt 0.0059 0.4189
vt 0.0957 0.3819
vt 0.0957 0.399
vt 0.0005 0.33
vt 0.8971 0.6423
vt 0.9646 0.6443
vt 0.8968 0.9933
vt 0.943 0.9917
vt 0.8255 0.9808
vt 0.8057 0.9809
vt 0.9832 0.9743
vt 0.9685 0.9796
vt 0.9759 0.6491
vt 0.4679 0.4313
vt 0.273 0.4307
vt 0.2394 0.3965
vt 0.464 0.3947
vt -179.12131 556.72693
vt -233.26981 557.09167
vt 0.2265 0.4299
vt 0.3129 0.4099
vt 0.3129 0.3677
vt 0.4744 0.3677
vt 0.4717 0.4098
vt 0.2467 0.5688
vt 0.2467 0.5267
vt 0.2214 0.5275
vt 0.2241 0.5275
vt 0.2284 0.5275
vt 0.2327 0.5275
vt 0.2354 0.5275
vt 0.2327 0.5258
vt 0.2284 0.5258
vt 0.2354 0.5258
vt 0.2241 0.5258
vt 0.2214 0.5258
vt 0.23 0.5258
vt 0.231 0.5258
vt 0.2269 0.5258
vt 0.2259 0.5258
vt 0.2297 0.5209
vt 0.2281 0.521
vt 0.2307 0.5208
vt 0.2266 0.5212
vt 0.2256 0.5213
vt 0.2324 0.5206
vt 0.2351 0.5204
vt 0.2238 0.5214
vt 0.2212 0.5217
vt 0.2323 0.5189
vt 0.228 0.5193
vt 0.235 0.5186
vt 0.2237 0.5197
vt 0.221 0.5199
vt 0.6161 0.4797
vt 0.6002 0.4421
vt 0.6644 0.4421
vt 0.6485 0.4797
vt 0.6002 0.3378
vt 0.6644 0.3378
vt 0.2442 0.4815
vt 0.2453 0.4831
vt 0.2444 0.4832
vt 0.2354 0.484
vt 0.2353 0.4823
vt 0.2107 0.4863
vt 0.2106 0.4846
vt 0.2091 0.4864
vt 0.2479 0.5162
vt 0.2471 0.5162
vt 0.2381 0.5171
vt 0.2134 0.5193
vt 0.2118 0.5195
vt 0.2472 0.5179
vt 0.2383 0.5188
vt 0.2135 0.521
vt 164.86839 728.7196
vt 165.7959 721.92798
vt 212.26489 627.80029
vt 213.28169 622.75043
vt 655.40491 1289.91895
vt 650.03851 1295.37354
vt 783.85382 967.72693
vt 782.23999 974.04053
vt 0.8052 0.8411
vt 0.7949 0.8411
vt 0.8052 0.7743
vt 0.7933 0.7746
vt 0.7932 0.7383
vt 0.8052 0.7381
vt 0.8052 0.6544
vt 0.8052 0.697
vt 0.7931 0.697
vt 0.793 0.6544
vt 0.7951 0.6464
vt 0.8052 0.6464
vt 0.0957 0.4018
vt 0.3573 0.399
vt 0.2979 0.399
vt 0.2979 0.3818
vt 0.3255 0.3818
vt 0.336 0.3797
vt 0.3573 0.3818
vt 0.2286 0.399
vt 0.2281 0.3818
vt 0.1909 0.399
vt 0.1906 0.3818
vt 0.1482 0.3818
vt 0.1482 0.399
vt 0.3612 0.3481
vt 0.3379 0.3481
vt 0.3612 0.4018
vt 0.3612 0.3791
vt 0.2979 0.4018
vt 0.2286 0.4018
vt 0.1909 0.4018
vt 0.1482 0.4018
vt 0.104 0.4018
vt 0.3573 0.3509
vt 0.3405 0.3509
vt 0.3612 0.3623
vt 0.3405 0.3717
vt 0.4619 0.4146
vt 0.4646 0.3869
vt 0.4663 0.3869
vt 0.4636 0.4164
vt 0.9454 0.8984
vt 0.8968 0.7866
vt 0.943 0.7856
vt 0.8968 0.7416
vt 0.943 0.7416
vt 0.9454 0.9738
vt 0.9454 0.9803
vt 0.4497 0.4103
vt 0.1882 0.5416
vt 0.1947 0.5419
vt 0.2002 0.5382
vt 0.2025 0.5318
vt 0.2008 0.5252
vt 0.1957 0.5209
vt 0.1893 0.5206
vt 0.1838 0.5243
vt 0.1815 0.5307
vt 0.1832 0.5373
vt 0.2046 0.5557
vt 0.1987 0.5575
vt 0.1927 0.5591
vt 0.1954 0.5219
vt 0.1895 0.5216
vt 0.2 0.5258
vt 0.2015 0.5318
vt 0.1994 0.5376
vt 0.1984 0.5565
vt 0.2038 0.5551
vt 0.193 0.5581
vt 0.184 0.5367
vt 0.1886 0.5406
vt 0.1825 0.5307
vt 0.1846 0.525
vt 0.1944 0.5409
vt 0.457 0.121
vt 0.9946 0.5765
vt 0.9775 0.5795
vt 0.9777 0.5663
vt 0.9944 0.5637
vt 0.6944 0.5765
vt 0.6941 0.5637
vt 0.7127 0.5612
vt 0.7136 0.5728
vt 0.7321 0.5716
vt 0.7304 0.5603
vt 0.7479 0.5619
vt 0.7505 0.5749
vt 0.7686 0.5789
vt 0.7661 0.5644
vt 0.7834 0.5643
vt 0.7864 0.579
vt 0.7292 0.5511
vt 0.7464 0.5516
vt 0.7118 0.5518
vt 0.7116 0.5475
vt 0.7282 0.5467
vt 0.745 0.547
vt 0.7645 0.5522
vt 0.7638 0.5471
vt 0.7844 0.5462
vt 0.784 0.5515
vt 0.805 0.5784
vt 0.8046 0.5631
vt 0.8255 0.5636
vt 0.8234 0.58
vt 0.8044 0.5505
vt 0.8042 0.5452
vt 0.8241 0.5456
vt 0.8246 0.5509
vt 0.8444 0.5525
vt 0.8456 0.5468
vt 0.8655 0.5489
vt 0.8641 0.5551
vt 0.8626 0.569
vt 0.8432 0.5661
vt 0.8041 0.5443
vt 0.826 0.5445
vt 0.7829 0.5452
vt 0.7814 0.546
vt 0.8039 0.5451
vt 0.8276 0.5452
vt 0.8471 0.5457
vt 0.8479 0.5463
vt 0.8661 0.5482
vt 0.866 0.5476
vt 0.8846 0.5493
vt 0.8842 0.551
vt 0.8855 0.5496
vt 0.9058 0.5497
vt 0.9043 0.5501
vt 0.9033 0.5517
vt 0.8837 0.5573
vt 0.9033 0.558
vt 0.9028 0.5716
vt 0.883 0.571
vt 0.8821 0.5882
vt 0.9018 0.5889
vt 0.8617 0.5859
vt 0.8417 0.5829
vt 0.96 0.5822
vt 0.9412 0.5854
vt 0.9412 0.5701
vt 0.9599 0.5685
vt 0.9942 0.5508
vt 0.9771 0.553
vt 0.9765 0.5507
vt 0.9942 0.5498
vt 0.6939 0.5508
vt 0.6939 0.5498
vt 0.7277 0.5462
vt 0.7447 0.5462
vt 0.7109 0.5475
vt 0.7107 0.5493
vt 0.7271 0.5481
vt 0.7447 0.5474
vt 0.7629 0.5461
vt 0.7623 0.547
vt 0.7615 0.546
vt 0.7811 0.5448
vt 0.7435 0.5469
vt 0.7423 0.5403
vt 0.7599 0.5392
vt 0.7788 0.5382
vt 0.8035 0.544
vt 0.8031 0.5371
vt 0.828 0.5386
vt 0.827 0.5443
vt 0.8488 0.5457
vt 0.8497 0.5411
vt 0.8707 0.5441
vt 0.8681 0.5478
vt 0.8866 0.5492
vt 0.8885 0.5455
vt 0.9066 0.5458
vt 0.9062 0.5494
vt 0.9253 0.549
vt 0.9245 0.5501
vt 0.9255 0.545
vt 0.9426 0.5446
vt 0.9427 0.5491
vt 0.9419 0.5503
vt 0.9237 0.5505
vt 0.942 0.5507
vt 0.9421 0.5524
vt 0.9231 0.5521
vt 0.9227 0.5579
vt 0.9416 0.558
vt 0.9223 0.5711
vt 0.9216 0.5878
vt 0.9597 0.5575
vt 0.9596 0.5521
vt 0.9595 0.5506
vt 0.9594 0.5504
vt 0.976 0.5499
vt 0.977 0.5495
vt 0.9942 0.5487
vt 0.9936 0.5496
vt 0.6939 0.5487
vt 0.6934 0.5496
vt 0.7258 0.548
vt 0.7089 0.5484
vt 0.7063 0.5428
vt 0.7232 0.5416
vt 0.8898 0.5372
vt 0.8706 0.5348
vt 0.8704 0.5199
vt 0.8894 0.5234
vt 0.9079 0.5251
vt 0.9079 0.5377
vt 0.9595 0.5491
vt 0.9593 0.5444
vt 0.9759 0.5442
vt 0.9764 0.5506
vt 0.993 0.5504
vt 0.992 0.5441
vt 0.6928 0.5504
vt 0.6918 0.5441
vt 0.6907 0.5378
vt 0.7041 0.5329
vt 0.9909 0.5378
vt 0.9749 0.5378
vt 0.974 0.5228
vt 0.9885 0.5218
vt 0.6883 0.5218
vt 0.7011 0.5187
vt 0.7198 0.5303
vt 0.716 0.5151
vt 0.7345 0.5123
vt 0.7381 0.5285
vt 0.7576 0.5271
vt 0.7544 0.5104
vt 0.7768 0.5094
vt 0.7788 0.5256
vt 0.8497 0.5315
vt 0.8269 0.5277
vt 0.8265 0.5122
vt 0.8491 0.5161
vt 0.8025 0.5251
vt 0.802 0.5096
vt 0.8481 0.4998
vt 0.8256 0.4961
vt 0.8689 0.5042
vt 0.8885 0.5076
vt 0.9075 0.5094
vt 0.9257 0.537
vt 0.9258 0.5249
vt 0.9427 0.5247
vt 0.9426 0.5365
vt 0.9588 0.5359
vt 0.9587 0.5244
vt 0.9584 0.5119
vt 0.9727 0.509
vt 0.9426 0.512
vt 0.9862 0.5058
vt 0.6859 0.5058
vt 0.6984 0.5026
vt 0.7122 0.4987
vt 0.7296 0.4952
vt 0.7505 0.4927
vt 0.775 0.4918
vt 0.8011 0.4931
vt 0.9256 0.5109
vt 0.4748 0.3826
vt 0.4644 0.3659
vt 0.0436 0.3826
vt 0.0332 0.3659
vt 0.0424 0.341
vt 0.0646 0.3509
vt 0.0931 0.3508
vt 0.0867 0.3719
vt 682.6767 562.09308
vt 716.84857 558.3252
vt 0.2384 0.3805
vt 0.2405 0.3859
vt 0.2061 0.3691
vt 0.211 0.3528
vt 0.2396 0.3556
vt 0.2666 0.3524
vt 0.269 0.368
vt 0.454 0.3493
vt 0.4315 0.3463
vt 0.4331 0.3283
vt 0.4526 0.3248
vt 0.0228 0.3493
vt 0.0213 0.3248
vt 0.0775 0.3293
vt 0.1027 0.3315
vt 0.0496 0.3146
vt 0.0604 0.31
vt 0.0823 0.3141
vt 0.1075 0.3166
vt 0.1225 0.3643
vt 0.1258 0.3472
vt 0.1549 0.3464
vt 0.1519 0.3623
vt 0.1299 0.3315
vt 0.1334 0.3183
vt 0.1605 0.3195
vt 0.1583 0.3316
vt 0.1861 0.3328
vt 0.183 0.3483
vt 0.1883 0.3205
vt 0.2155 0.3214
vt 0.214 0.335
vt 0.1786 0.3636
vt 0.2972 0.361
vt 0.2939 0.3453
vt 0.3197 0.3362
vt 0.3244 0.3463
vt 0.388 0.3424
vt 0.3698 0.337
vt 0.3731 0.3302
vt 0.3844 0.33
vt 0.397 0.3309
vt 0.4004 0.3446
vt 0.4137 0.346
vt 0.4133 0.3309
vt 0.4512 0.3002
vt 0.4313 0.3107
vt 0.4295 0.2976
vt 0.452 0.2941
vt 0.0199 0.3002
vt 0.0207 0.2941
vt 0.0541 0.2944
vt 0.0511 0.3004
vt 0.0825 0.3028
vt 0.0828 0.2959
vt 0.1093 0.2989
vt 0.1084 0.3059
vt 0.1353 0.3087
vt 0.1369 0.3028
vt 0.1655 0.3052
vt 0.1628 0.3107
vt 0.1898 0.3117
vt 0.1915 0.3057
vt 0.2156 0.3056
vt 0.2155 0.3116
vt 0.2404 0.3106
vt 0.241 0.3213
vt 0.2404 0.3043
vt 0.2648 0.302
vt 0.2645 0.3083
vt 0.2649 0.3195
vt 0.2412 0.3359
vt 0.2666 0.3346
vt 0.3517 0.3316
vt 0.3419 0.3272
vt 0.3569 0.3223
vt 0.3654 0.3252
vt 0.2918 0.3307
vt 0.2899 0.3163
vt 0.315 0.3117
vt 0.3166 0.3245
vt 0.3384 0.3189
vt 0.3375 0.308
vt 0.3578 0.3061
vt 0.3585 0.3159
vt 0.3777 0.3177
vt 0.3766 0.305
vt 0.394 0.3039
vt 0.3955 0.317
vt 0.3365 0.2986
vt 0.3567 0.2968
vt 0.3131 0.3015
vt 0.3116 0.2961
vt 0.3357 0.2935
vt 0.3563 0.2919
vt 0.374 0.2957
vt 0.3723 0.2908
vt 0.3851 0.2898
vt 0.3903 0.2938
vt 0.4066 0.2909
vt 0.4105 0.3015
vt 0.3892 0.2888
vt 0.3909 0.2891
vt 0.4085 0.2891
vt 0.4288 0.289
vt 0.4296 0.2906
vt 0.3724 0.2893
vt 0.3551 0.2903
vt 0.3541 0.2907
vt 0.3728 0.2898
vt 0.4528 0.2879
vt 0.4528 0.2893
vt 0.0215 0.2879
vt 0.0215 0.2893
vt 0.0525 0.2901
vt 0.0535 0.2888
vt 0.4123 0.3158
vt 0.084 0.2921
vt 0.0851 0.2914
vt 0.114 0.2949
vt 0.1117 0.2958
vt 0.1383 0.2998
vt 0.1394 0.2987
vt 0.1657 0.3006
vt 0.1659 0.3018
vt 0.1928 0.3024
vt 0.193 0.3013
vt 0.218 0.3014
vt 0.2171 0.3023
vt 0.2403 0.3013
vt 0.2404 0.3005
vt 0.2624 0.2987
vt 0.2636 0.2992
vt 0.2874 0.2967
vt 0.2878 0.2991
vt 0.287 0.2966
vt 0.3128 0.2945
vt 0.3121 0.2942
vt 0.2884 0.305
vt 0.3354 0.2919
vt 0.3351 0.2923
vt 0.3347 0.2899
vt 0.3545 0.2885
vt 0.3114 0.2919
vt 0.3104 0.2819
vt 0.3342 0.28
vt 0.3542 0.2785
vt 0.3735 0.2875
vt 0.3736 0.2776
vt 0.3965 0.2774
vt 0.3918 0.287
vt 0.4094 0.2872
vt 0.4171 0.278
vt 0.4312 0.2813
vt 0.43 0.2878
vt 0.4528 0.2907
vt 0.4434 0.2768
vt 0.0216 0.2907
vt 0.0121 0.2768
vt 0.0502 0.2785
vt 0.055 0.2909
vt 0.0859 0.2888
vt 0.0874 0.2797
vt 0.1168 0.282
vt 0.1148 0.292
vt 0.1407 0.2953
vt 0.1428 0.2844
vt 0.1691 0.2858
vt 0.1671 0.297
vt 0.193 0.2977
vt 0.1935 0.2865
vt 0.2167 0.2868
vt 0.2173 0.2978
vt 0.2405 0.2972
vt 0.2401 0.2865
vt 0.2631 0.2855
vt 0.263 0.2958
vt 0.2865 0.2939
vt 0.2862 0.2838
vt 0.3337 0.2657
vt 0.3103 0.2677
vt 0.3533 0.2643
vt 0.3739 0.2635
vt 0.4016 0.2632
vt 0.4339 0.2629
vt 0.0026 0.2629
vt 0.0483 0.2651
vt 0.1454 0.2701
vt 0.1705 0.271
vt 0.1198 0.2688
vt 0.1941 0.2716
vt 0.2167 0.2719
vt 0.2395 0.2718
vt 0.2624 0.271
vt 0.2858 0.2696
vt 0.0895 0.2672
vt 0.5164 0.2205
vt 0.5158 0.2208
vt 0.5118 0.2251
vt 0.506 0.232
vt 0.5017 0.2372
vt 0.5024 0.2368
vt 0.5122 0.2257
vt 0.5072 0.2315
vt 0.8505 0.9024
vt 0.8505 0.8445
vt 0.3469 0.9536
vt 0.2879 0.994
vt 0.2797 0.9569
vt 0.3145 0.937
vt 0.812 0.8394
vt 0.8141 0.781
vt 0.8481 0.7816
vt 0.8481 0.8406
vt 0.9189 0.3066
vt 0.9621 0.2998
vt 0.9617 0.2843
vt 0.8169 0.7377
vt 0.8481 0.7377
vt 0.9969 0.2937
vt 0.9975 0.2764
vt 0.7949 0.7753
vt 0.7954 0.7403
vt 0.8232 0.6593
vt 0.8183 0.7004
vt 0.3494 0.8963
vt 0.3311 0.8884
vt 0.3411 0.8926
vt 0.3138 0.9252
vt 0.31 0.9131
vt 0.2812 0.9338
vt 0.2842 0.9467
vt 0.3439 0.8654
vt 0.248 0.9456
vt 0.2488 0.9582
vt 0.7386 0.2894
vt 0.7379 0.2683
vt 0.6973 0.2764
vt 0.6996 0.2956
vt 0.7734 0.299
vt 0.7735 0.2803
vt 0.8063 0.3034
vt 0.8056 0.2828
vt 0.8404 0.3133
vt 0.8414 0.2899
vt 0.8741 0.3202
vt 0.8788 0.3005
vt 0.9793 0.2694
vt 0.9612 0.2733
vt 0.9965 0.266
vt 0.716 0.2622
vt 0.6962 0.266
vt 0.7352 0.2599
vt 0.8619 0.2805
vt 0.8416 0.2764
vt 0.8811 0.284
vt 0.8234 0.2732
vt 0.8059 0.2706
vt 0.7887 0.2704
vt 0.7716 0.2698
vt 0.7535 0.2647
vt 0.9003 0.2854
vt 0.9209 0.2859
vt 0.9416 0.2799
vt 0.8685 0.1701
vt 0.889 0.1729
vt 0.8891 0.16
vt 0.8486 0.1546
vt 0.8486 0.1659
vt 0.9077 0.1728
vt 0.9261 0.1762
vt 0.9256 0.1626
vt 0.887 0.1366
vt 0.9249 0.1416
vt 0.9572 0.1484
vt 0.9585 0.1711
vt 0.9245 0.1128
vt 0.9555 0.1268
vt 0.9824 0.1253
vt 0.982 0.145
vt 0.9853 0.1608
vt 0.943 0.1789
vt 0.9589 0.1804
vt 0.9725 0.1772
vt 0.9861 0.1728
vt 0.6975 0.1675
vt 0.7089 0.1629
vt 0.7052 0.1491
vt 0.6851 0.1608
vt 0.6859 0.1728
vt 0.7257 0.1592
vt 0.746 0.1561
vt 0.7399 0.1417
vt 0.7729 0.155
vt 0.8005 0.1569
vt 0.7988 0.1426
vt 0.8255 0.1624
vt 0.8424 0.1309
vt 0.7973 0.1217
vt 0.8397 0.103
vt 0.8872 0.1076
vt 0.8419 0.0818
vt 0.8891 0.081
vt 0.9226 0.0794
vt 0.8918 0.078
vt 0.9236 0.0771
vt 0.9513 0.073
vt 0.9517 0.0797
vt 0.9225 0.0732
vt 0.9783 0.0782
vt 0.9782 0.0733
vt 0.978 0.0825
vt 0.9528 0.1035
vt 0.9808 0.0999
vt 0.7002 0.0861
vt 0.6805 0.0955
vt 0.6821 0.1208
vt 0.7017 0.1079
vt 0.6818 0.1405
vt 0.7033 0.1262
vt 0.7348 0.1191
vt 0.7346 0.1015
vt 0.7942 0.1016
vt 0.7937 0.0832
vt 0.7882 0.0764
vt 0.8467 0.0765
vt 0.8455 0.0724
vt 0.889 0.0721
vt 0.8559 0.0345
vt 0.893 0.0334
vt 0.9217 0.0367
vt 0.9509 0.0395
vt 0.9517 0.0103
vt 0.9264 0.0092
vt 0.9784 0.0387
vt 0.7317 0.074
vt 0.701 0.0729
vt 0.7001 0.0794
vt 0.7303 0.0787
vt 0.6784 0.0745
vt 0.6785 0.0794
vt 0.6782 0.0837
vt 0.7335 0.0855
vt 0.7916 0.0709
vt 0.7859 0.0352
vt 0.7742 0.0075
vt 0.8767 0.0056
vt 0.9032 0.0092
vt 0.9787 0.0125
vt 0.6732 0.0061
vt 0.6785 0.0125
vt 0.705 0.013
vt 0.7038 0.0079
vt 0.6782 0.0387
vt 0.6999 0.0418
vt 0.737 0.0388
vt 0.7364 0.0109
vt 0.7333 0.0059
vt 0.7591 0.0033
vt 0.8882 0.0023
vt 0.9058 0.0044
vt 0.9266 0.0062
vt 0.9487 0.0066
vt 0.9734 0.0061
vt 0.3201 0.3294
vt 0.4676 0.3297
vt 0.104 0.3617
vt 0.8505 0.9851
vt 0.8069 0.7166
vt 0.8234 0.6499
vt 0.7956 0.8394
vt 0.8154 0.8982
vt 0.7975 0.8982
vt 0.7978 0.6593
vt 0.7959 0.7004
vt 0.1482 0.3508
vt 0.1075 0.3567
vt 0.179 0.3497
vt 0.8184 0.9728
vt 0.8021 0.964
vt 0.8109 0.6578
vt 0.7983 0.7166
vt 0.8247 0.6516
vt 733.93457 556.44128
vt 785.1925 550.78949
vt 0.8056 0.6516
vt 0.0999 0.3585
vt 0.0957 0.3559
vt 0.0957 0.3553
vt 0.8296 0.6443
vt 0.8505 0.9917
vt 0.432 0.4073
vt 0.4416 0.4151
vt 0.8184 0.6491
vt 0.3127 0.3257
vt 0.4717 0.3256
vt -121.8298 989.46112
vt -112.959 1001.60303
vt 0.6005 0.4421
vt 0.6648 0.4421
vt 0.6489 0.4797
vt 0.6164 0.4797
vt 0.6005 0.3378
vt 0.6648 0.3378
vt 0.8481 0.8984
vt 0.8505 0.7856
vt 0.8505 0.7416
vt 0.8481 0.9738
vt 0.8481 0.9803
vt 0.825 0.9796
vt 0.4426 0.4161
vt 0.4548 0.4203
vt 0.9786 0.2452
vt 0.9783 0.2584
vt 0.9954 0.2555
vt 0.9952 0.2426
vt 0.7135 0.2401
vt 0.695 0.2426
vt 0.6952 0.2555
vt 0.7144 0.2517
vt 0.7329 0.2505
vt 0.7312 0.2392
vt 0.7487 0.2409
vt 0.7513 0.2539
vt 0.7842 0.2432
vt 0.7669 0.2434
vt 0.7694 0.2578
vt 0.7872 0.258
vt 0.7472 0.2305
vt 0.73 0.23
vt 0.7126 0.2308
vt 0.7124 0.2264
vt 0.729 0.2257
vt 0.7458 0.226
vt 0.7653 0.2311
vt 0.7646 0.226
vt 0.7853 0.2251
vt 0.7848 0.2305
vt 0.8263 0.2425
vt 0.8054 0.2421
vt 0.8058 0.2574
vt 0.8242 0.259
vt 0.8052 0.2295
vt 0.805 0.2242
vt 0.8249 0.2245
vt 0.8254 0.2298
vt 0.8452 0.2314
vt 0.8464 0.2257
vt 0.8663 0.2278
vt 0.8649 0.234
vt 0.8634 0.2479
vt 0.844 0.2451
vt 0.8268 0.2235
vt 0.8049 0.2233
vt 0.7837 0.2241
vt 0.7822 0.225
vt 0.8047 0.224
vt 0.8284 0.2241
vt 0.8479 0.2247
vt 0.8487 0.2253
vt 0.8669 0.2271
vt 0.8668 0.2266
vt 0.885 0.2299
vt 0.8854 0.2283
vt 0.8863 0.2286
vt 0.9066 0.2287
vt 0.9051 0.229
vt 0.9041 0.2307
vt 0.8845 0.2362
vt 0.9041 0.2369
vt 0.9036 0.2505
vt 0.8838 0.25
vt 0.8829 0.2672
vt 0.9026 0.2679
vt 0.8625 0.2648
vt 0.8425 0.2619
vt 0.9608 0.2611
vt 0.942 0.2644
vt 0.942 0.249
vt 0.9607 0.2474
vt 0.995 0.2297
vt 0.9779 0.2319
vt 0.9773 0.2296
vt 0.995 0.2287
vt 0.6947 0.2287
vt 0.6947 0.2297
vt 0.7455 0.2251
vt 0.7285 0.2251
vt 0.7117 0.2265
vt 0.7115 0.2283
vt 0.7279 0.227
vt 0.7455 0.2263
vt 0.7637 0.2251
vt 0.7631 0.2259
vt 0.7819 0.2238
vt 0.7623 0.2249
vt 0.7443 0.2259
vt 0.7431 0.2193
vt 0.7607 0.2181
vt 0.7796 0.2171
vt 0.8043 0.223
vt 0.8039 0.2161
vt 0.8288 0.2175
vt 0.8278 0.2233
vt 0.8496 0.2247
vt 0.8505 0.22
vt 0.8715 0.2231
vt 0.8689 0.2268
vt 0.8874 0.2282
vt 0.8893 0.2245
vt 0.9074 0.2247
vt 0.907 0.2283
vt 0.9253 0.2291
vt 0.9261 0.228
vt 0.9263 0.2239
vt 0.9434 0.2236
vt 0.9435 0.228
vt 0.9427 0.2293
vt 0.9245 0.2294
vt 0.9428 0.2297
vt 0.9429 0.2313
vt 0.9239 0.231
vt 0.9235 0.2368
vt 0.9424 0.2369
vt 0.9231 0.25
vt 0.9224 0.2668
vt 0.9605 0.2364
vt 0.9604 0.2311
vt 0.9603 0.2295
vt 0.9602 0.2293
vt 0.9768 0.2289
vt 0.9778 0.2285
vt 0.995 0.2277
vt 0.9944 0.2285
vt 0.6942 0.2285
vt 0.6947 0.2277
vt 0.7071 0.2218
vt 0.7097 0.2273
vt 0.7266 0.2269
vt 0.724 0.2205
vt 0.8712 0.1989
vt 0.8714 0.2137
vt 0.8906 0.2162
vt 0.8902 0.2023
vt 0.9087 0.204
vt 0.9087 0.2166
vt 0.9603 0.228
vt 0.9601 0.2233
vt 0.9767 0.2232
vt 0.9772 0.2296
vt 0.9938 0.2293
vt 0.9928 0.223
vt 0.6926 0.223
vt 0.6936 0.2293
vt 0.7049 0.2118
vt 0.6915 0.2168
vt 0.9917 0.2168
vt 0.9757 0.2167
vt 0.9748 0.2018
vt 0.9893 0.2007
vt 0.7019 0.1976
vt 0.6891 0.2008
vt 0.7206 0.2093
vt 0.7168 0.1941
vt 0.7353 0.1912
vt 0.7389 0.2074
vt 0.7585 0.2061
vt 0.7552 0.1894
vt 0.7776 0.1884
vt 0.7796 0.2046
vt 0.8505 0.2104
vt 0.8277 0.2066
vt 0.8273 0.1911
vt 0.8499 0.195
vt 0.8033 0.2041
vt 0.8028 0.1885
vt 0.8264 0.1751
vt 0.8489 0.1787
vt 0.8697 0.1831
vt 0.8893 0.1866
vt 0.9083 0.1884
vt 0.9265 0.216
vt 0.9266 0.2039
vt 0.9435 0.2037
vt 0.9434 0.2155
vt 0.9596 0.2149
vt 0.9595 0.2033
vt 0.9735 0.188
vt 0.9592 0.1908
vt 0.9434 0.1909
vt 0.987 0.1847
vt 0.6867 0.1847
vt 0.6992 0.1816
vt 0.713 0.1776
vt 0.7304 0.1742
vt 0.7513 0.1716
vt 0.7758 0.1708
vt 0.8019 0.1721
vt 0.9264 0.1899
vt 0.3131 0.4282
vt 0.311 0.3951
vt 0.3635 0.3253
vt 0.3891 0.4255
vt 0.31 0.4272
vt 0.315 0.4258
vt 0.3891 0.4242
vt 0.31 0.3825
vt 0.315 0.3877
vt 0.3891 0.3808
vt 0.3891 0.3861
vt 0.4682 0.4272
vt 0.4632 0.4258
vt 0.4682 0.3825
vt 0.4632 0.3877
vt 0.336 0.4253
vt 0.336 0.4074
vt 0.336 0.3872
vt 0.504 0.2015
vt 0.5112 0.2015
vt 0.5112 0.2078
vt 0.504 0.2079
vt 0.504 0.1945
vt 0.5112 0.1944
vt 0.315 0.4075
vt 0.5044 0.1944
vt 0.5039 0.1944
vt 0.5044 0.1947
vt 0.5039 0.1947
vt 0.5044 0.2015
vt 0.5039 0.2015
vt 0.5044 0.2017
vt 0.5039 0.2017
vt 0.5044 0.2075
vt 0.5039 0.2075
vt 0.5044 0.2078
vt 0.5039 0.2078
vt 0.5106 0.1944
vt 0.5112 0.1947
vt 0.5106 0.1947
vt 0.5106 0.2015
vt 0.5112 0.2017
vt 0.5106 0.2017
vt 0.5112 0.2075
vt 0.5106 0.2075
vt 0.5106 0.2078
vt 0.5068 0.1971
vt 0.5061 0.1979
vt 0.5068 0.1988
vt 0.5082 0.1988
vt 0.5089 0.1979
vt 0.5082 0.1971
vt 0.5077 0.1981
vt 0.5079 0.1979
vt 0.5073 0.1981
vt 0.5071 0.1979
vt 0.5073 0.1976
vt 0.5077 0.1976
vt 0.508 0.1982
vt 0.5085 0.1979
vt 0.507 0.1982
vt 0.5065 0.1979
vt 0.507 0.1976
vt 0.508 0.1976
vt 0.508 0.198
vt 0.5085 0.1977
vt 0.507 0.198
vt 0.5065 0.1977
vt 0.507 0.1974
vt 0.508 0.1974
vt 0.5083 0.1977
vt 0.5067 0.1977
vt 0.5071 0.1974
vt 0.5079 0.1974
vt 0.5068 0.2037
vt 0.5061 0.2045
vt 0.5068 0.2054
vt 0.5082 0.2054
vt 0.5089 0.2045
vt 0.5082 0.2037
vt 0.5077 0.2047
vt 0.5079 0.2045
vt 0.5073 0.2047
vt 0.5071 0.2045
vt 0.5073 0.2042
vt 0.5077 0.2042
vt 0.508 0.2048
vt 0.5085 0.2045
vt 0.507 0.2048
vt 0.5065 0.2045
vt 0.507 0.2042
vt 0.508 0.2042
vt 0.508 0.2046
vt 0.5085 0.2043
vt 0.507 0.2046
vt 0.5065 0.2043
vt 0.507 0.204
vt 0.508 0.204
vt 0.5083 0.2043
vt 0.5067 0.2043
vt 0.5071 0.204
vt 0.5079 0.204
vt 0.5188 0.2015
vt 0.5182 0.2015
vt 0.5188 0.2018
vt 0.5182 0.2018
vt 0.5188 0.207
vt 0.5182 0.2066
vt 0.5111 0.207
vt 0.5111 0.2066
vt 0.5154 0.2036
vt 0.5162 0.2027
vt 0.5154 0.2019
vt 0.514 0.2019
vt 0.5133 0.2027
vt 0.514 0.2036
vt 0.5145 0.2025
vt 0.5143 0.2028
vt 0.5149 0.2025
vt 0.5152 0.2028
vt 0.5149 0.203
vt 0.5145 0.203
vt 0.5142 0.2025
vt 0.5137 0.2028
vt 0.5152 0.2025
vt 0.5157 0.2028
vt 0.5152 0.2031
vt 0.5142 0.2031
vt 0.5142 0.2027
vt 0.5137 0.203
vt 0.5152 0.2027
vt 0.5157 0.203
vt 0.5152 0.2033
vt 0.5142 0.2033
vt 0.514 0.203
vt 0.5151 0.2028
vt 0.5155 0.203
vt 0.5151 0.2032
vt 0.5143 0.2032
vt 0.5091 0.2017
vt 0.5091 0.2015
usemtl mat0
f 1/1/1 2/2/2 3/3/3
f 3/3/3 4/4/4 1/1/5
f 5/5/6 6/6/7 7/7/8
f 7/7/9 8/8/10 5/5/6
f 9/9/11 5/5/12 8/8/13
f 8/8/14 10/10/15 9/9/16
f 11/11/17 12/12/18 9/9/16
f 9/9/16 10/10/19 11/11/20
f 9/9/16 12/12/18 13/13/21
f 13/13/21 14/14/22 9/9/16
f 9/9/11 14/14/23 5/5/12
f 15/15/24 13/13/21 16/16/25
f 15/15/26 17/17/27 14/14/22
f 14/14/22 13/13/21 15/15/26
f 18/18/28 19/19/29 20/20/30
f 20/20/30 21/21/31 18/18/32
f 22/22/33 23/23/34 24/24/35
f 24/24/36 25/25/37 22/22/38
f 26/26/39 27/27/40 28/28/41
f 29/29/42 27/27/43 26/26/44
f 26/26/45 30/30/46 29/29/47
f 30/30/46 31/31/48 29/29/47
f 31/31/48 30/30/46 32/32/49
f 32/32/49 33/33/50 31/31/48
f 34/34/51 33/33/50 32/32/52
f 32/32/52 35/35/53 34/34/51
f 34/34/51 35/35/54 36/36/55
f 36/36/56 37/37/57 34/34/58
f 37/37/57 38/38/59 39/39/60
f 39/39/60 34/34/51 37/37/61
f 34/34/62 39/39/60 40/40/63
f 40/40/64 33/33/65 34/34/62
f 31/31/48 33/33/65 40/40/66
f 40/40/64 41/41/67 31/31/48
f 31/31/48 41/41/67 42/42/68
f 42/42/68 29/29/42 31/31/48
f 43/43/69 44/44/70 45/45/71
f 40/40/63 46/46/72 42/42/68
f 42/42/68 41/41/73 40/40/64
f 40/40/66 39/39/74 47/47/75
f 47/47/75 46/46/76 40/40/64
f 39/39/60 38/38/77 48/48/78
f 48/48/78 47/47/75 39/39/60
f 49/49/79 50/50/80 48/48/78
f 48/48/81 38/38/77 49/49/79
f 51/51/82 49/49/79 38/38/77
f 38/38/77 37/37/61 51/51/83
f 51/51/83 52/52/84 49/49/85
f 51/51/82 53/53/86 54/54/87
f 54/54/88 52/52/84 51/51/89
f 54/54/87 53/53/90 55/55/91
f 55/55/91 56/56/92 54/54/88
f 57/57/93 58/58/94 59/59/95
f 59/59/95 60/60/96 57/57/93
f 61/61/97 62/62/98 63/63/99
f 63/63/99 64/64/100 61/61/97
f 61/61/101 65/65/102 66/66/103
f 66/66/103 67/67/104 61/61/97
f 61/61/105 64/64/100 65/65/106
f 57/57/93 68/68/107 69/69/108
f 69/69/108 58/58/94 57/57/93
f 54/54/109 56/56/110 70/70/111
f 70/70/112 71/71/113 54/54/88
f 54/54/88 71/71/114 72/72/115
f 72/72/116 52/52/117 54/54/109
f 49/49/85 52/52/117 72/72/115
f 72/72/115 50/50/118 49/49/85
f 73/73/119 74/74/120 75/75/121
f 75/75/122 76/76/123 73/73/119
f 77/77/124 78/78/125 79/79/126
f 79/79/126 80/80/127 77/77/128
f 79/79/126 81/81/129 82/82/130
f 82/82/130 80/80/127 79/79/126
f 83/83/131 7/7/9 82/82/132
f 82/82/132 81/81/129 83/83/131
f 83/83/131 84/84/133 8/8/134
f 8/8/10 7/7/9 83/83/131
f 85/85/135 11/11/17 10/10/136
f 10/10/136 86/86/137 85/85/135
f 11/11/138 85/85/135 87/87/139
f 88/88/140 89/89/141 90/90/142
f 91/91/143 11/11/144 87/87/140
f 87/87/140 92/92/145 91/91/143
f 11/11/17 91/91/146 93/93/147
f 93/93/148 12/12/149 11/11/17
f 73/73/119 94/94/150 95/95/151
f 95/95/151 74/74/120 73/73/119
f 78/78/125 96/96/152 97/97/142
f 97/97/142 79/79/126 78/78/125
f 89/89/141 98/98/153 99/99/154
f 99/99/155 90/90/156 89/89/141
f 87/87/157 97/97/142 92/92/158
f 100/100/159 101/101/160 102/102/161
f 102/102/162 96/96/163 100/100/164
f 78/78/165 103/103/166 100/100/164
f 100/100/164 96/96/167 78/78/125
f 78/78/165 77/77/128 103/103/168
f 103/103/168 104/104/169 100/100/164
f 105/105/170 101/101/171 100/100/164
f 100/100/172 104/104/169 105/105/170
f 106/106/173 107/107/174 102/102/161
f 102/102/161 101/101/175 106/106/176
f 108/108/177 109/109/178 107/107/179
f 107/107/179 106/106/176 108/108/177
f 108/108/177 110/110/180 111/111/181
f 111/111/181 112/112/182 108/108/183
f 113/113/184 109/109/178 108/108/185
f 108/108/177 112/112/186 113/113/184
f 114/114/187 115/115/188 116/116/189
f 117/117/190 118/118/191 114/114/192
f 114/114/193 116/116/194 117/117/190
f 95/95/195 119/119/196 120/120/197
f 120/120/198 74/74/199 95/95/195
f 121/121/200 104/104/201 103/103/168
f 103/103/168 118/118/191 121/121/200
f 121/121/202 122/122/203 105/105/204
f 105/105/170 104/104/205 121/121/202
f 123/123/206 105/105/207 122/122/208
f 106/106/173 101/101/209 105/105/210
f 105/105/210 123/123/211 106/106/173
f 110/110/212 108/108/177 106/106/173
f 106/106/173 123/123/211 110/110/213
f 111/111/214 110/110/215 124/124/216
f 124/124/217 125/125/218 111/111/214
f 126/126/219 127/127/220 128/128/221
f 128/128/222 129/129/223 126/126/219
f 129/129/223 95/95/151 94/94/150
f 129/129/223 94/94/224 130/130/225
f 129/129/223 130/130/225 126/126/219
f 131/131/226 132/132/227 116/116/189
f 116/116/194 115/115/228 131/131/229
f 133/133/230 134/134/231 131/131/232
f 135/135/233 136/136/234 134/134/235
f 134/134/235 133/133/236 135/135/237
f 137/137/238 138/138/239 134/134/240
f 134/134/235 136/136/234 137/137/241
f 138/138/242 139/139/243 132/132/244
f 118/118/191 117/117/190 121/121/202
f 121/121/202 117/117/245 139/139/246
f 139/139/247 122/122/208 121/121/202
f 139/139/243 138/138/248 124/124/249
f 124/124/250 122/122/251 139/139/243
f 137/137/241 125/125/252 124/124/216
f 124/124/216 138/138/253 137/137/241
f 110/110/180 123/123/211 122/122/208
f 122/122/254 124/124/249 110/110/255
f 140/140/256 141/141/257 135/135/233
f 135/135/258 133/133/236 140/140/259
f 142/142/260 143/143/261 141/141/257
f 141/141/262 140/140/263 142/142/264
f 144/144/265 145/145/261 146/146/260
f 146/146/264 147/147/266 144/144/267
f 148/148/268 149/149/269 147/147/266
f 148/148/270 147/147/266 150/150/271
f 148/148/270 150/150/272 151/151/273
f 147/147/274 149/149/275 152/152/276
f 152/152/276 144/144/277 147/147/274
f 153/153/278 144/144/277 154/154/279
f 154/154/280 155/155/281 153/153/282
f 156/156/283 157/157/284 158/158/285
f 158/158/286 159/159/287 156/156/288
f 160/160/289 161/161/290 162/162/291
f 162/162/292 163/163/293 164/164/294
f 160/160/289 162/162/291 164/164/294
f 161/161/290 160/160/295 165/165/296
f 166/166/297 161/161/290 165/165/298
f 167/167/299 168/168/300 169/169/297
f 115/115/228 114/114/192 168/168/290
f 168/168/301 167/167/299 115/115/188
f 115/115/188 167/167/299 170/170/302
f 170/170/302 131/131/232 115/115/228
f 169/169/303 171/171/304 170/170/302
f 170/170/305 167/167/299 169/169/297
f 150/150/306 172/172/307 166/166/303
f 166/166/303 165/165/298 150/150/306
f 165/165/298 160/160/289 151/151/273
f 151/151/273 150/150/306 165/165/298
f 151/151/308 160/160/289 164/164/294
f 164/164/294 173/173/309 174/174/310
f 151/151/308 164/164/311 174/174/310
f 151/151/308 174/174/312 175/175/313
f 175/175/313 176/176/270 151/151/308
f 177/177/314 178/178/315 153/153/282
f 179/179/316 180/180/317 181/181/318
f 181/181/319 159/159/320 179/179/321
f 181/181/322 182/182/323 156/156/324
f 156/156/324 159/159/287 181/181/322
f 183/183/325 184/184/326 185/185/327
f 183/183/325 185/185/327 186/186/328
f 183/183/325 186/186/328 187/187/329
f 188/188/330 187/187/331 186/186/332
f 188/188/333 186/186/328 189/189/334
f 188/188/333 189/189/334 190/190/335
f 191/191/336 192/192/337 189/189/334
f 189/189/334 186/186/332 191/191/338
f 193/193/339 194/194/340 195/195/341
f 196/196/342 193/193/339 195/195/343
f 196/196/344 195/195/341 197/197/345
f 195/195/346 185/185/327 184/184/347
f 195/195/348 184/184/349 198/198/350
f 195/195/346 198/198/351 197/197/352
f 199/199/353 200/200/354 185/185/355
f 185/185/327 195/195/348 199/199/353
f 191/191/336 186/186/328 185/185/356
f 185/185/327 200/200/357 191/191/338
f 200/200/358 201/201/359 202/202/360
f 202/202/361 191/191/362 200/200/358
f 203/203/363 192/192/337 191/191/336
f 191/191/338 202/202/364 203/203/365
f 204/204/366 205/205/367 206/206/368
f 206/206/334 207/207/369 204/204/370
f 206/206/371 205/205/367 208/208/372
f 206/206/368 209/209/373 210/210/374
f 206/206/375 208/208/376 209/209/377
f 205/205/367 211/211/378 212/212/379
f 205/205/367 213/213/380 208/208/376
f 205/205/367 212/212/379 213/213/381
f 214/214/382 212/212/379 211/211/378
f 214/214/382 211/211/378 215/215/383
f 214/214/384 215/215/383 216/216/385
f 217/217/386 216/216/387 215/215/388
f 217/217/389 215/215/390 194/194/391
f 217/217/386 194/194/392 193/193/339
f 218/218/393 219/219/394 194/194/391
f 194/194/391 215/215/388 218/218/393
f 199/199/395 195/195/341 194/194/391
f 194/194/391 219/219/394 199/199/395
f 220/220/396 221/221/397 200/200/358
f 200/200/354 199/199/398 220/220/396
f 221/221/399 201/201/400 200/200/358
f 221/221/399 222/222/401 223/223/402
f 223/223/402 201/201/400 221/221/399
f 224/224/403 225/225/404 223/223/402
f 223/223/402 222/222/401 224/224/405
f 224/224/406 226/226/407 227/227/408
f 227/227/408 225/225/409 224/224/405
f 228/228/410 229/229/411 226/226/412
f 229/229/411 227/227/413 226/226/412
f 230/230/414 231/231/415 227/227/413
f 227/227/416 229/229/411 230/230/417
f 230/230/414 232/232/418 233/233/419
f 233/233/419 231/231/415 230/230/414
f 234/234/420 235/235/421 233/233/419
f 233/233/419 232/232/422 234/234/423
f 234/234/423 236/236/424 237/237/425
f 237/237/426 235/235/427 234/234/428
f 237/237/425 236/236/424 238/238/429
f 238/238/430 239/239/431 237/237/426
f 240/240/432 239/239/433 241/241/434
f 241/241/434 242/242/435 240/240/436
f 243/243/437 242/242/438 241/241/439
f 241/241/439 244/244/440 243/243/437
f 245/245/437 246/246/440 247/247/441
f 247/247/442 248/248/443 245/245/437
f 249/249/444 248/248/443 247/247/445
f 247/247/442 250/250/446 249/249/447
f 249/249/447 250/250/448 251/251/449
f 251/251/450 252/252/451 249/249/447
f 253/253/452 252/252/453 251/251/454
f 251/251/455 254/254/456 253/253/457
f 253/253/452 254/254/456 255/255/458
f 255/255/458 256/256/459 253/253/452
f 253/253/460 256/256/461 257/257/462
f 257/257/462 258/258/463 253/253/452
f 253/253/464 258/258/463 259/259/465
f 259/259/465 252/252/466 253/253/457
f 259/259/467 258/258/468 260/260/469
f 260/260/469 261/261/470 259/259/465
f 259/259/471 261/261/472 262/262/473
f 262/262/474 263/263/475 259/259/476
f 262/262/477 261/261/472 264/264/478
f 264/264/479 265/265/480 262/262/477
f 262/262/481 265/265/480 266/266/482
f 266/266/482 267/267/483 262/262/477
f 262/262/473 267/267/483 268/268/484
f 268/268/485 263/263/486 262/262/473
f 268/268/484 267/267/487 269/269/488
f 269/269/488 270/270/489 268/268/485
f 269/269/488 267/267/490 266/266/482
f 266/266/491 271/271/492 269/269/488
f 272/272/493 273/273/494 274/274/495
f 274/274/495 275/275/496 272/272/488
f 272/272/497 275/275/496 276/276/498
f 276/276/498 277/277/489 272/272/497
f 276/276/498 275/275/499 278/278/500
f 278/278/500 279/279/501 276/276/498
f 280/280/502 279/279/501 278/278/500
f 278/278/500 281/281/503 280/280/502
f 280/280/502 281/281/504 282/282/505
f 282/282/505 283/283/506 280/280/507
f 284/284/508 285/285/509 282/282/510
f 282/282/510 281/281/504 284/284/511
f 286/286/512 287/287/513 282/282/510
f 282/282/510 285/285/514 286/286/515
f 288/288/516 289/289/517 231/231/415
f 231/231/415 233/233/518 288/288/519
f 289/289/520 290/290/521 227/227/416
f 227/227/413 231/231/522 289/289/517
f 291/291/523 225/225/524 227/227/413
f 227/227/413 290/290/521 291/291/525
f 291/291/525 292/292/526 223/223/527
f 223/223/527 225/225/409 291/291/523
f 202/202/361 201/201/528 223/223/529
f 223/223/402 292/292/526 202/202/361
f 293/293/530 203/203/365 202/202/364
f 202/202/364 292/292/531 293/293/530
f 291/291/532 294/294/533 293/293/530
f 293/293/530 292/292/534 291/291/535
f 291/291/525 290/290/536 295/295/537
f 295/295/538 294/294/533 291/291/525
f 296/296/539 297/297/540 298/298/541
f 298/298/542 299/299/543 296/296/539
f 300/300/544 301/301/363 298/298/530
f 298/298/530 297/297/540 300/300/544
f 302/302/545 303/303/546 300/300/547
f 300/300/547 297/297/548 302/302/545
f 304/304/549 204/204/370 300/300/550
f 300/300/551 303/303/552 304/304/549
f 207/207/337 301/301/553 300/300/544
f 300/300/544 204/204/370 207/207/337
f 211/211/378 205/205/367 204/204/366
f 204/204/366 304/304/549 211/211/554
f 218/218/555 215/215/556 211/211/378
f 211/211/378 304/304/557 218/218/558
f 305/305/559 306/306/560 219/219/561
f 219/219/394 218/218/562 305/305/563
f 220/220/564 199/199/395 219/219/565
f 219/219/394 306/306/566 220/220/567
f 307/307/568 229/229/411 228/228/569
f 228/228/570 308/308/571 307/307/568
f 307/307/568 309/309/572 230/230/414
f 230/230/573 229/229/411 307/307/574
f 310/310/575 232/232/422 230/230/573
f 230/230/573 309/309/576 310/310/575
f 310/310/575 311/311/577 234/234/578
f 234/234/423 232/232/418 310/310/575
f 312/312/579 236/236/580 234/234/578
f 234/234/423 311/311/577 312/312/581
f 238/238/430 236/236/580 312/312/579
f 312/312/581 313/313/582 238/238/430
f 238/238/430 313/313/582 314/314/583
f 314/314/583 315/315/584 238/238/430
f 238/238/429 315/315/585 241/241/434
f 241/241/434 239/239/433 238/238/429
f 241/241/439 315/315/586 316/316/587
f 316/316/588 244/244/589 241/241/434
f 247/247/445 246/246/440 317/317/590
f 317/317/591 318/318/592 247/247/445
f 247/247/445 318/318/592 319/319/593
f 319/319/593 320/320/594 247/247/442
f 321/321/595 320/320/594 319/319/593
f 319/319/593 322/322/596 321/321/595
f 321/321/595 322/322/596 323/323/597
f 323/323/598 324/324/599 321/321/595
f 325/325/600 324/324/599 323/323/597
f 323/323/597 326/326/601 325/325/600
f 327/327/602 324/324/603 325/325/604
f 325/325/605 328/328/606 327/327/602
f 327/327/607 328/328/608 329/329/609
f 329/329/610 330/330/611 327/327/612
f 331/331/613 330/330/614 329/329/615
f 329/329/615 332/332/616 331/331/613
f 331/331/617 332/332/616 333/333/618
f 333/333/618 334/334/619 331/331/613
f 331/331/617 334/334/620 335/335/621
f 335/335/621 336/336/622 331/331/617
f 331/331/613 336/336/622 337/337/623
f 337/337/624 330/330/614 331/331/613
f 327/327/607 330/330/625 337/337/626
f 337/337/627 338/338/628 327/327/629
f 327/327/602 338/338/630 321/321/595
f 321/321/595 324/324/631 327/327/602
f 321/321/595 338/338/630 339/339/632
f 339/339/632 320/320/633 321/321/595
f 339/339/632 338/338/634 337/337/626
f 337/337/626 340/340/635 339/339/636
f 341/341/637 340/340/638 337/337/623
f 337/337/623 336/336/639 341/341/640
f 341/341/641 336/336/642 335/335/643
f 335/335/643 342/342/644 341/341/645
f 341/341/645 342/342/646 255/255/647
f 255/255/648 254/254/649 341/341/641
f 341/341/640 254/254/649 251/251/650
f 251/251/650 340/340/638 341/341/640
f 339/339/632 340/340/651 251/251/652
f 251/251/652 250/250/653 339/339/632
f 339/339/632 250/250/654 247/247/441
f 247/247/655 320/320/633 339/339/632
f 255/255/656 342/342/657 343/343/658
f 343/343/658 344/344/659 255/255/656
f 255/255/656 344/344/659 257/257/660
f 257/257/661 256/256/662 255/255/656
f 257/257/663 345/345/664 260/260/665
f 260/260/665 258/258/468 257/257/462
f 260/260/665 345/345/666 346/346/667
f 346/346/667 347/347/668 260/260/665
f 260/260/665 347/347/669 264/264/670
f 264/264/671 261/261/672 260/260/665
f 264/264/670 347/347/669 348/348/673
f 348/348/673 349/349/674 264/264/670
f 264/264/478 349/349/675 350/350/676
f 350/350/677 265/265/480 264/264/678
f 266/266/482 265/265/480 350/350/677
f 350/350/679 351/351/680 266/266/491
f 266/266/482 351/351/680 352/352/681
f 352/352/681 353/353/682 266/266/683
f 266/266/491 353/353/682 354/354/684
f 354/354/684 271/271/494 266/266/482
f 274/274/495 273/273/685 355/355/686
f 355/355/686 356/356/687 274/274/495
f 274/274/495 356/356/687 357/357/688
f 357/357/688 358/358/689 274/274/690
f 274/274/691 358/358/692 278/278/500
f 278/278/500 275/275/496 274/274/691
f 278/278/500 358/358/692 284/284/508
f 284/284/511 281/281/504 278/278/500
f 284/284/693 358/358/689 357/357/694
f 357/357/688 359/359/695 284/284/511
f 360/360/696 285/285/509 284/284/508
f 284/284/697 359/359/698 360/360/696
f 360/360/699 361/361/700 286/286/512
f 286/286/512 285/285/509 360/360/699
f 362/362/701 363/363/702 286/286/515
f 286/286/512 361/361/703 362/362/701
f 363/363/702 364/364/704 287/287/705
f 287/287/705 286/286/512 363/363/702
f 287/287/706 364/364/707 365/365/708
f 365/365/708 366/366/709 287/287/706
f 364/364/707 367/367/710 368/368/537
f 368/368/537 365/365/708 364/364/707
f 296/296/539 299/299/711 368/368/712
f 368/368/537 367/367/713 296/296/539
f 369/369/714 370/370/715 296/296/716
f 296/296/716 367/367/717 369/369/714
f 302/302/545 297/297/718 296/296/716
f 296/296/716 370/370/715 302/302/545
f 371/371/719 372/372/720 302/302/721
f 302/302/721 370/370/722 371/371/719
f 373/373/723 303/303/724 302/302/721
f 302/302/545 372/372/720 373/373/725
f 304/304/726 303/303/724 373/373/725
f 218/218/555 304/304/557 373/373/725
f 373/373/725 305/305/727 218/218/555
f 220/220/396 374/374/728 222/222/729
f 222/222/729 221/221/399 220/220/730
f 375/375/731 224/224/403 222/222/729
f 222/222/729 374/374/728 375/375/731
f 375/375/732 228/228/733 226/226/734
f 226/226/735 224/224/403 375/375/732
f 375/375/736 376/376/737 308/308/571
f 308/308/571 228/228/570 375/375/736
f 377/377/738 378/378/739 308/308/740
f 308/308/740 376/376/741 377/377/742
f 378/378/739 379/379/743 307/307/568
f 307/307/568 308/308/740 378/378/739
f 379/379/743 362/362/744 309/309/576
f 309/309/576 307/307/568 379/379/743
f 362/362/745 361/361/746 310/310/575
f 310/310/747 309/309/576 362/362/745
f 360/360/748 311/311/749 310/310/747
f 310/310/575 361/361/746 360/360/699
f 360/360/750 359/359/695 312/312/579
f 312/312/579 311/311/577 360/360/696
f 312/312/579 359/359/695 357/357/751
f 357/357/751 313/313/752 312/312/579
f 314/314/753 313/313/752 357/357/751
f 357/357/751 356/356/754 314/314/753
f 314/314/755 356/356/687 355/355/686
f 355/355/756 380/380/757 314/314/753
f 381/381/758 382/382/757 354/354/686
f 354/354/756 353/353/682 381/381/759
f 317/317/588 382/382/760 381/381/761
f 381/381/762 318/318/763 317/317/590
f 319/319/593 318/318/764 381/381/762
f 381/381/758 383/383/765 319/319/593
f 319/319/766 383/383/765 384/384/767
f 384/384/768 322/322/769 319/319/593
f 323/323/770 322/322/769 384/384/771
f 384/384/771 385/385/772 323/323/770
f 323/323/773 385/385/774 386/386/775
f 386/386/776 326/326/777 323/323/773
f 325/325/604 326/326/778 387/387/779
f 387/387/779 328/328/608 325/325/780
f 329/329/781 328/328/608 387/387/782
f 387/387/783 388/388/784 329/329/609
f 329/329/785 388/388/786 389/389/787
f 389/389/787 332/332/616 329/329/785
f 333/333/788 332/332/789 389/389/790
f 389/389/787 390/390/791 333/333/788
f 333/333/792 390/390/793 391/391/794
f 391/391/794 392/392/795 333/333/792
f 333/333/792 392/392/795 393/393/796
f 393/393/796 334/334/797 333/333/798
f 335/335/799 334/334/797 393/393/796
f 393/393/796 394/394/800 335/335/799
f 335/335/799 394/394/801 343/343/658
f 343/343/658 342/342/657 335/335/799
f 343/343/658 394/394/801 395/395/802
f 395/395/803 396/396/804 343/343/658
f 343/343/658 396/396/804 346/346/805
f 346/346/806 344/344/659 343/343/658
f 257/257/661 344/344/659 346/346/806
f 346/346/805 345/345/807 257/257/661
f 346/346/667 396/396/808 348/348/673
f 348/348/673 347/347/668 346/346/667
f 348/348/673 396/396/809 395/395/810
f 395/395/810 397/397/811 348/348/673
f 348/348/812 397/397/813 398/398/814
f 398/398/814 349/349/674 348/348/815
f 350/350/677 349/349/675 398/398/816
f 398/398/816 399/399/817 350/350/677
f 350/350/679 399/399/818 400/400/819
f 400/400/819 351/351/820 350/350/679
f 352/352/681 351/351/680 400/400/821
f 400/400/822 401/401/823 352/352/681
f 352/352/681 401/401/824 384/384/767
f 384/384/767 383/383/825 352/352/681
f 384/384/767 401/401/826 402/402/827
f 402/402/827 385/385/772 384/384/767
f 386/386/828 385/385/829 402/402/827
f 402/402/830 403/403/831 386/386/776
f 386/386/776 403/403/832 404/404/833
f 404/404/834 405/405/835 386/386/776
f 386/386/776 405/405/836 387/387/837
f 387/387/837 326/326/778 386/386/776
f 387/387/782 405/405/835 406/406/838
f 406/406/838 388/388/839 387/387/782
f 389/389/787 388/388/840 406/406/841
f 406/406/842 407/407/843 389/389/787
f 407/407/844 391/391/845 390/390/846
f 390/390/846 389/389/787 407/407/844
f 391/391/794 408/408/847 409/409/848
f 409/409/848 392/392/795 391/391/794
f 393/393/796 392/392/795 409/409/848
f 409/409/848 410/410/849 393/393/796
f 393/393/796 410/410/849 395/395/802
f 395/395/802 394/394/800 393/393/796
f 395/395/810 410/410/850 411/411/851
f 411/411/851 397/397/811 395/395/810
f 398/398/814 397/397/813 411/411/851
f 411/411/852 412/412/853 398/398/854
f 398/398/855 412/412/856 413/413/857
f 413/413/857 399/399/858 398/398/855
f 400/400/819 399/399/858 413/413/859
f 413/413/859 414/414/860 400/400/861
f 400/400/822 414/414/862 402/402/830
f 402/402/830 401/401/824 400/400/822
f 402/402/830 414/414/862 415/415/863
f 415/415/864 403/403/832 402/402/830
f 404/404/865 403/403/832 415/415/866
f 415/415/863 416/416/867 404/404/868
f 413/413/859 416/416/869 415/415/870
f 415/415/866 414/414/871 413/413/872
f 417/417/873 416/416/874 413/413/872
f 413/413/857 412/412/875 417/417/876
f 404/404/865 416/416/867 417/417/877
f 417/417/877 418/418/878 404/404/865
f 404/404/834 418/418/879 406/406/880
f 406/406/880 405/405/881 404/404/834
f 406/406/841 418/418/882 419/419/883
f 419/419/884 407/407/843 406/406/841
f 407/407/844 419/419/885 408/408/886
f 408/408/886 391/391/887 407/407/844
f 409/409/888 408/408/889 419/419/885
f 419/419/885 420/420/890 409/409/888
f 409/409/891 420/420/890 411/411/851
f 411/411/851 410/410/892 409/409/891
f 411/411/893 420/420/894 417/417/895
f 417/417/896 412/412/897 411/411/851
f 417/417/895 420/420/898 419/419/883
f 419/419/883 418/418/899 417/417/895
f 352/352/681 383/383/825 381/381/758
f 381/381/762 353/353/900 352/352/681
f 314/314/901 380/380/757 316/316/590
f 316/316/590 315/315/902 314/314/583
f 379/379/743 369/369/903 363/363/702
f 363/363/702 362/362/701 379/379/743
f 369/369/714 367/367/717 364/364/904
f 364/364/904 363/363/702 369/369/714
f 378/378/905 421/421/906 379/379/907
f 369/369/908 379/379/907 421/421/909
f 371/371/719 370/370/715 369/369/910
f 369/369/714 421/421/909 371/371/719
f 372/372/911 422/422/912 305/305/727
f 305/305/727 373/373/725 372/372/911
f 423/423/913 306/306/566 305/305/914
f 305/305/559 422/422/915 423/423/916
f 423/423/917 374/374/918 220/220/564
f 220/220/919 306/306/920 423/423/917
f 423/423/917 376/376/921 375/375/922
f 375/375/736 374/374/918 423/423/917
f 423/423/916 422/422/923 377/377/738
f 377/377/742 376/376/924 423/423/916
f 372/372/911 371/371/925 377/377/926
f 377/377/926 422/422/912 372/372/911
f 421/421/927 378/378/905 377/377/926
f 377/377/926 371/371/928 421/421/927
f 295/295/537 290/290/536 289/289/520
f 289/289/520 424/424/929 295/295/538
f 425/425/930 288/288/931 233/233/932
f 233/233/933 235/235/427 425/425/930
f 425/425/930 235/235/427 237/237/934
f 237/237/426 426/426/935 425/425/930
f 240/240/432 426/426/935 237/237/426
f 237/237/426 239/239/936 240/240/432
f 427/427/937 428/428/938 240/240/939
f 240/240/940 242/242/438 427/427/498
f 427/427/498 242/242/435 243/243/941
f 243/243/941 429/429/489 427/427/942
f 268/268/943 270/270/489 245/245/437
f 245/245/941 248/248/443 268/268/943
f 268/268/943 248/248/944 249/249/444
f 249/249/444 263/263/475 268/268/484
f 259/259/471 263/263/475 249/249/447
f 249/249/444 252/252/945 259/259/476
f 240/240/436 428/428/501 430/430/502
f 430/430/502 426/426/946 240/240/940
f 425/425/947 426/426/946 430/430/502
f 430/430/502 431/431/506 425/425/947
f 283/283/948 282/282/510 287/287/706
f 287/287/706 366/366/949 283/283/948
f 97/97/142 96/96/152 102/102/950
f 102/102/950 92/92/951 97/97/156
f 92/92/951 102/102/950 107/107/174
f 107/107/174 91/91/143 92/92/951
f 109/109/952 93/93/953 91/91/146
f 91/91/143 107/107/954 109/109/178
f 26/26/44 432/432/955 32/32/52
f 32/32/52 30/30/46 26/26/45
f 32/32/52 432/432/956 433/433/957
f 433/433/957 35/35/958 32/32/52
f 36/36/959 35/35/54 433/433/960
f 433/433/957 434/434/961 36/36/962
f 435/435/963 436/436/964 437/437/965
f 437/437/966 438/438/967 435/435/963
f 55/55/91 53/53/90 439/439/968
f 60/60/969 59/59/95 440/440/970
f 63/63/971 62/62/98 439/439/972
f 439/439/973 441/441/974 63/63/975
f 439/439/972 434/434/976 441/441/974
f 53/53/90 434/434/961 439/439/977
f 441/441/974 434/434/976 442/442/978
f 443/443/979 444/444/980 445/445/981
f 445/445/982 446/446/983 443/443/984
f 443/443/985 446/446/986 447/447/987
f 447/447/987 448/448/988 443/443/985
f 434/434/989 433/433/960 442/442/990
f 449/449/991 445/445/981 444/444/992
f 450/450/993 451/451/994 452/452/995
f 452/452/995 453/453/996 450/450/997
f 454/454/153 455/455/998 456/456/129
f 456/456/999 457/457/155 454/454/1000
f 458/458/1001 459/459/1002 456/456/999
f 456/456/999 455/455/998 458/458/1001
f 460/460/133 459/459/1002 458/458/1003
f 458/458/1004 461/461/1005 460/460/133
f 462/462/1006 460/460/1007 461/461/1008
f 461/461/1009 463/463/1010 462/462/1011
f 464/464/1012 465/465/1013 462/462/1014
f 462/462/1014 463/463/1015 464/464/1012
f 84/84/1007 86/86/1011 10/10/15
f 10/10/19 8/8/13 84/84/1007
f 466/466/1016 467/467/1017 98/98/1000
f 466/466/1016 98/98/1000 89/89/141
f 466/466/1016 89/89/141 468/468/1018
f 469/469/1019 455/455/998 454/454/153
f 470/470/1020 469/469/1019 454/454/1000
f 470/470/1020 454/454/1000 471/471/1021
f 472/472/1022 473/473/1023 464/464/1012
f 472/472/1022 464/464/1012 463/463/1015
f 472/472/1022 463/463/1015 474/474/1024
f 475/475/1025 474/474/1026 463/463/1010
f 475/475/1027 463/463/1015 461/461/1005
f 475/475/1025 461/461/1008 476/476/1028
f 477/477/1029 476/476/1030 461/461/1005
f 477/477/1031 461/461/1005 458/458/1003
f 477/477/1032 458/458/1003 478/478/1033
f 479/479/1034 478/478/1035 458/458/1001
f 479/479/1034 458/458/1001 455/455/998
f 479/479/1036 455/455/1037 469/469/1019
f 465/465/135 464/464/1038 88/88/140
f 480/480/1039 481/481/1040 88/88/140
f 480/480/1041 88/88/140 464/464/1012
f 480/480/1041 464/464/1038 473/473/1042
f 482/482/1043 468/468/1044 89/89/141
f 482/482/1043 89/89/1045 88/88/1046
f 482/482/1047 88/88/140 481/481/1048
f 483/483/1049 484/484/1050 485/485/1051
f 486/486/1052 483/483/1053 485/485/1054
f 486/486/1055 485/485/1056 487/487/1057
f 487/487/1058 485/485/1054 488/488/1059
f 489/489/1060 487/487/1058 488/488/1059
f 489/489/1061 488/488/1062 490/490/1063
f 488/488/1062 485/485/1054 491/491/1064
f 491/491/1064 492/492/1065 488/488/1059
f 488/488/1066 492/492/1067 493/493/1068
f 493/493/1068 494/494/1069 488/488/1062
f 493/493/1070 492/492/1071 495/495/1072
f 495/495/1073 496/496/1074 493/493/1068
f 493/493/1070 496/496/1074 497/497/1075
f 497/497/1075 498/498/1076 493/493/1070
f 493/493/1070 498/498/1077 499/499/1078
f 499/499/1078 494/494/1069 493/493/1070
f 490/490/1079 488/488/1062 494/494/1069
f 500/500/1080 490/490/1081 494/494/1069
f 500/500/1080 494/494/1069 501/501/1082
f 494/494/1069 499/499/1078 502/502/1083
f 494/494/1069 502/502/1083 503/503/1084
f 494/494/1069 503/503/1084 501/501/1085
f 504/504/1086 505/505/1083 506/506/1087
f 504/504/1086 506/506/1087 507/507/1088
f 504/504/1089 507/507/1090 508/508/1091
f 509/509/1092 508/508/1091 507/507/1093
f 509/509/1092 507/507/1093 510/510/1094
f 509/509/1095 510/510/1094 511/511/1096
f 512/512/1097 511/511/1098 510/510/1094
f 512/512/1097 510/510/1094 513/513/1099
f 512/512/1097 513/513/1099 514/514/1100
f 515/515/1101 514/514/1102 513/513/1103
f 515/515/1104 513/513/1099 484/484/1105
f 515/515/1104 484/484/1105 483/483/1106
f 516/516/1107 517/517/1108 484/484/1050
f 484/484/1105 513/513/1109 516/516/1107
f 491/491/1064 485/485/1051 484/484/1110
f 484/484/1110 517/517/1108 491/491/1064
f 491/491/1064 517/517/1108 518/518/1111
f 518/518/1111 519/519/1112 491/491/1064
f 519/519/1113 518/518/1111 520/520/1114
f 520/520/1115 521/521/1116 519/519/1113
f 519/519/1113 521/521/1116 522/522/1117
f 522/522/1117 495/495/1072 519/519/1118
f 522/522/1119 521/521/1120 523/523/1121
f 523/523/1121 524/524/1122 522/522/1123
f 522/522/1123 524/524/1124 525/525/1125
f 525/525/1126 526/526/1127 522/522/1128
f 525/525/1129 524/524/1130 527/527/1131
f 528/528/1132 525/525/1126 529/529/1133
f 525/525/1126 528/528/1134 530/530/1135
f 530/530/1135 526/526/1136 525/525/1137
f 531/531/1138 526/526/1136 530/530/1139
f 530/530/1139 532/532/1140 531/531/1138
f 531/531/1141 532/532/1140 497/497/1075
f 497/497/1075 496/496/1142 531/531/1138
f 531/531/1141 496/496/1074 495/495/1072
f 531/531/1141 495/495/1072 522/522/1117
f 522/522/1117 526/526/1127 531/531/1141
f 491/491/1064 519/519/1113 495/495/1073
f 495/495/1072 492/492/1071 491/491/1143
f 533/533/1144 534/534/1145 535/535/1146
f 535/535/1146 536/536/1147 533/533/1144
f 537/537/1148 538/538/1149 533/533/1144
f 533/533/1144 536/536/1147 537/537/1148
f 537/537/1148 507/507/1150 506/506/1087
f 506/506/1087 538/538/1149 537/537/1148
f 510/510/1151 507/507/1093 537/537/1148
f 537/537/1148 539/539/1152 510/510/1094
f 510/510/1094 539/539/1153 516/516/1107
f 516/516/1107 513/513/1103 510/510/1154
f 516/516/1107 539/539/1155 540/540/1156
f 540/540/1156 541/541/1157 516/516/1107
f 518/518/1158 517/517/1108 516/516/1107
f 516/516/1107 541/541/1159 518/518/1111
f 542/542/1160 520/520/1114 518/518/1158
f 518/518/1111 541/541/1161 542/542/1162
f 520/520/1114 542/542/1163 543/543/1164
f 543/543/1164 544/544/1165 520/520/1114
f 520/520/1166 544/544/1167 523/523/1121
f 523/523/1121 521/521/1120 520/520/1114
f 523/523/1121 544/544/1167 545/545/1168
f 545/545/1168 546/546/1169 523/523/1121
f 546/546/1169 545/545/1168 547/547/1170
f 547/547/1171 548/548/1172 546/546/1169
f 546/546/1169 548/548/1173 549/549/1174
f 549/549/1175 527/527/1131 546/546/1169
f 550/550/1176 551/551/1177 549/549/1174
f 549/549/1174 552/552/1178 550/550/1176
f 525/525/1137 551/551/1177 553/553/1179
f 553/553/1180 529/529/1133 525/525/1137
f 549/549/1181 551/551/1177 525/525/1126
f 525/525/1126 527/527/1131 549/549/1175
f 554/554/1182 555/555/1183 556/556/1184
f 556/556/1185 557/557/1186 554/554/1182
f 558/558/1133 555/555/1187 554/554/1188
f 554/554/1188 559/559/1189 558/558/1133
f 560/560/1135 559/559/1132 554/554/1190
f 554/554/1191 535/535/1146 560/560/1135
f 534/534/1192 560/560/1135 535/535/1146
f 535/535/1193 561/561/1194 540/540/1156
f 540/540/1156 536/536/1195 535/535/1193
f 537/537/1148 536/536/1147 540/540/1196
f 540/540/1196 539/539/1152 537/537/1197
f 540/540/1156 561/561/1198 542/542/1163
f 542/542/1163 541/541/1199 540/540/1156
f 543/543/1164 542/542/1163 561/561/1200
f 561/561/1198 557/557/1186 543/543/1201
f 543/543/1164 557/557/1202 556/556/1185
f 556/556/1185 562/562/1203 543/543/1204
f 543/543/1204 562/562/1205 545/545/1168
f 545/545/1168 544/544/1165 543/543/1201
f 547/547/1206 545/545/1207 562/562/1208
f 562/562/1208 563/563/1209 547/547/1210
f 547/547/1206 563/563/1209 564/564/1211
f 564/564/1211 565/565/1212 547/547/1206
f 565/565/1213 566/566/1214 548/548/1173
f 548/548/1173 547/547/1206 565/565/1212
f 549/549/1174 548/548/1173 566/566/1214
f 566/566/1214 552/552/1178 549/549/1181
f 551/551/1177 550/550/1176 567/567/1215
f 567/567/1215 553/553/1179 551/551/1177
f 568/568/1216 569/569/1217 570/570/1218
f 570/570/1219 571/571/1220 568/568/1221
f 568/568/1216 572/572/1222 573/573/1179
f 573/573/1179 569/569/1223 568/568/1216
f 572/572/1222 555/555/1183 558/558/1133
f 558/558/1133 573/573/1179 572/572/1224
f 555/555/1183 572/572/1225 574/574/1226
f 574/574/1226 556/556/1184 555/555/1183
f 562/562/1203 556/556/1185 574/574/1226
f 574/574/1226 563/563/1227 562/562/1203
f 563/563/1227 574/574/1226 575/575/1228
f 575/575/1229 564/564/1211 563/563/1230
f 564/564/1231 575/575/1229 576/576/1232
f 576/576/1233 577/577/1234 564/564/1211
f 564/564/1211 577/577/1234 578/578/1235
f 578/578/1235 565/565/1236 564/564/1211
f 578/578/1235 579/579/1237 566/566/1214
f 566/566/1214 565/565/1236 578/578/1235
f 566/566/1238 579/579/1239 580/580/1240
f 580/580/1240 552/552/1178 566/566/1214
f 550/550/1241 552/552/1242 580/580/1240
f 580/580/1243 581/581/1244 550/550/1176
f 550/550/1245 581/581/1246 582/582/1219
f 582/582/1218 567/567/1217 550/550/1176
f 574/574/1226 572/572/1225 568/568/1216
f 568/568/1216 575/575/1229 574/574/1226
f 576/576/1247 575/575/1248 568/568/1216
f 568/568/1221 571/571/1220 576/576/1233
f 583/583/1249 584/584/1250 585/585/1251
f 585/585/1251 586/586/1252 583/583/1249
f 586/586/1253 587/587/1254 583/583/1249
f 588/588/1255 587/587/1256 586/586/1257
f 586/586/1257 589/589/1258 588/588/1255
f 590/590/1259 587/587/1256 588/588/1260
f 587/587/1261 590/590/1262 583/583/1249
f 591/591/1263 592/592/1264 590/590/1265
f 592/592/1266 591/591/1263 593/593/1267
f 593/593/1268 594/594/1269 592/592/1266
f 594/594/1269 595/595/1270 596/596/1271
f 596/596/1272 592/592/1264 594/594/1269
f 597/597/1273 595/595/1274 594/594/1269
f 594/594/1269 598/598/1275 597/597/1273
f 599/599/1276 600/600/1277 601/601/1278
f 601/601/1278 602/602/1279 599/599/1280
f 599/599/1280 602/602/1281 603/603/1282
f 603/603/1282 604/604/1283 599/599/1280
f 603/603/1284 602/602/1281 605/605/1285
f 605/605/1285 606/606/1286 603/603/1287
f 607/607/1288 606/606/1286 605/605/1285
f 605/605/1285 608/608/1289 607/607/1290
f 609/609/1291 606/606/1292 607/607/1288
f 607/607/1288 610/610/1293 609/609/1294
f 611/611/1295 612/612/1296 613/613/1297
f 613/613/1298 614/614/1299 611/611/1300
f 613/613/1301 612/612/1302 615/615/1303
f 615/615/1303 616/616/1304 613/613/1301
f 613/613/1301 617/617/1305 618/618/1306
f 618/618/1307 614/614/1299 613/613/1298
f 619/619/1308 618/618/1309 617/617/1305
f 614/614/1299 618/618/1310 620/620/1311
f 620/620/1312 621/621/1313 614/614/1299
f 611/611/1300 614/614/1299 621/621/1313
f 621/621/1313 622/622/1314 611/611/1300
f 609/609/1315 604/604/1316 603/603/1282
f 603/603/1317 606/606/1292 609/609/1315
f 597/597/1318 622/622/1319 621/621/1313
f 621/621/1313 595/595/1274 597/597/1273
f 595/595/1274 621/621/1313 620/620/1311
f 620/620/1311 596/596/1271 595/595/1274
f 592/592/1264 596/596/1271 623/623/1320
f 623/623/1320 590/590/1321 592/592/1264
f 590/590/1321 623/623/1320 624/624/1322
f 624/624/1322 583/583/1249 590/590/1262
f 625/625/1234 584/584/1323 583/583/1249
f 583/583/1249 626/626/1324 625/625/1234
f 584/584/1323 625/625/1325 627/627/1233
f 627/627/1247 628/628/1326 584/584/1323
f 629/629/1327 584/584/1323 628/628/1326
f 629/629/1327 585/585/1328 584/584/1323
f 585/585/1329 629/629/1327 630/630/1330
f 630/630/1331 631/631/1332 585/585/1328
f 586/586/1253 585/585/1329 631/631/1332
f 631/631/1332 589/589/1333 586/586/1253
f 588/588/1334 589/589/1258 632/632/1335
f 632/632/1335 633/633/1336 588/588/1260
f 633/633/1336 616/616/1337 588/588/1260
f 616/616/1338 633/633/1336 634/634/1339
f 634/634/1339 635/635/1340 616/616/1338
f 616/616/1338 635/635/1341 636/636/1342
f 636/636/1342 637/637/1343 616/616/1344
f 636/636/1342 635/635/1345 638/638/1346
f 638/638/1347 639/639/1348 636/636/1342
f 636/636/1349 639/639/1350 640/640/1351
f 640/640/1351 641/641/1352 636/636/1342
f 642/642/1353 641/641/1354 640/640/1355
f 640/640/1356 643/643/1357 642/642/1353
f 644/644/1358 641/641/1352 642/642/1353
f 642/642/1353 645/645/1359 644/644/1360
f 644/644/1360 645/645/1361 646/646/1362
f 646/646/1362 647/647/1363 644/644/1358
f 648/648/1364 646/646/1362 645/645/1361
f 645/645/1365 649/649/1366 648/648/1367
f 650/650/1368 646/646/1362 648/648/1364
f 648/648/1369 651/651/1370 650/650/1371
f 650/650/1372 651/651/1373 652/652/1374
f 652/652/1374 653/653/1375 650/650/1372
f 652/652/1374 651/651/1376 654/654/1377
f 654/654/1378 655/655/1379 652/652/1374
f 652/652/1374 655/655/1380 656/656/1381
f 656/656/1382 657/657/1218 652/652/1383
f 653/653/1384 657/657/1218 658/658/1244
f 658/658/1246 659/659/1385 653/653/1384
f 660/660/1386 659/659/1385 658/658/1244
f 658/658/1387 661/661/1240 660/660/1386
f 661/661/1388 662/662/1389 660/660/1386
f 624/624/1390 662/662/1391 661/661/1392
f 661/661/1240 663/663/1239 624/624/1322
f 662/662/1389 624/624/1322 623/623/1393
f 623/623/1393 664/664/1394 662/662/1391
f 620/620/1311 664/664/1395 623/623/1396
f 623/623/1393 596/596/1397 620/620/1311
f 618/618/1307 664/664/1394 620/620/1311
f 618/618/1310 619/619/1308 664/664/1395
f 619/619/1308 665/665/1398 659/659/1385
f 659/659/1399 660/660/1400 619/619/1308
f 659/659/1385 665/665/1398 650/650/1368
f 650/650/1368 653/653/1384 659/659/1385
f 660/660/1386 662/662/1401 664/664/1394
f 664/664/1394 619/619/1308 660/660/1386
f 657/657/1218 653/653/1384 652/652/1383
f 646/646/1362 650/650/1368 665/665/1402
f 665/665/1398 647/647/1403 646/646/1362
f 647/647/1403 665/665/1402 619/619/1308
f 619/619/1308 617/617/1305 647/647/1363
f 644/644/1358 647/647/1363 617/617/1305
f 617/617/1404 637/637/1405 644/644/1358
f 644/644/1358 637/637/1406 636/636/1407
f 636/636/1342 641/641/1352 644/644/1358
f 637/637/1405 617/617/1305 616/616/1338
f 588/588/1260 616/616/1344 666/666/1408
f 588/588/1260 666/666/1409 593/593/1267
f 593/593/1267 591/591/1410 588/588/1260
f 591/591/1411 590/590/1259 588/588/1255
f 594/594/1412 593/593/1268 667/667/1413
f 667/667/1414 598/598/1415 594/594/1269
f 601/601/1278 600/600/1277 668/668/1416
f 668/668/1417 669/669/1418 601/601/1278
f 601/601/1419 669/669/1420 605/605/1285
f 605/605/1421 602/602/1422 601/601/1278
f 605/605/1423 669/669/1424 670/670/1425
f 670/670/1426 608/608/1289 605/605/1285
f 607/607/1290 608/608/1289 671/671/1427
f 671/671/1427 610/610/1293 607/607/1290
f 671/671/1427 608/608/1289 670/670/1425
f 670/670/1425 672/672/1428 671/671/1427
f 615/615/1429 673/673/1430 666/666/1408
f 666/666/1408 616/616/1344 615/615/1431
f 666/666/1408 673/673/1430 667/667/1413
f 667/667/1413 593/593/1268 666/666/1408
f 668/668/1432 672/672/1433 670/670/1426
f 670/670/1434 669/669/1420 668/668/1432
f 617/617/1435 613/613/1301 616/616/1338
f 624/624/1322 663/663/1239 626/626/1235
f 626/626/1235 583/583/1249 624/624/1322
f 656/656/1381 674/674/1436 675/675/1437
f 675/675/1438 627/627/1232 656/656/1381
f 675/675/1437 674/674/1439 676/676/1440
f 627/627/1232 675/675/1438 628/628/1326
f 628/628/1441 675/675/1438 677/677/1442
f 677/677/1443 678/678/1444 628/628/1441
f 628/628/1326 678/678/1445 630/630/1330
f 630/630/1330 629/629/1327 628/628/1326
f 630/630/1330 679/679/1446 680/680/1447
f 680/680/1447 631/631/1448 630/630/1330
f 631/631/1448 680/680/1447 632/632/1449
f 632/632/1450 589/589/1333 631/631/1448
f 681/681/1451 632/632/1452 680/680/1453
f 682/682/1454 632/632/1450 681/681/1455
f 632/632/1335 682/682/1454 634/634/1456
f 634/634/1457 633/633/1336 632/632/1335
f 634/634/1339 682/682/1458 683/683/1459
f 683/683/1460 684/684/1461 634/634/1339
f 634/634/1339 684/684/1461 638/638/1347
f 638/638/1462 635/635/1340 634/634/1463
f 638/638/1462 684/684/1461 685/685/1464
f 685/685/1465 686/686/1466 638/638/1347
f 638/638/1346 686/686/1466 687/687/1467
f 687/687/1468 639/639/1469 638/638/1346
f 687/687/1468 686/686/1470 688/688/1471
f 688/688/1471 689/689/1472 687/687/1467
f 690/690/1473 689/689/1474 688/688/1471
f 688/688/1471 691/691/1475 690/690/1473
f 692/692/1476 691/691/1475 688/688/1477
f 688/688/1478 693/693/1479 692/692/1476
f 694/694/1480 695/695/1481 696/696/1482
f 696/696/1482 697/697/1483 694/694/1480
f 694/694/1480 697/697/1484 698/698/1485
f 698/698/1486 699/699/1487 694/694/1488
f 698/698/1485 697/697/1484 700/700/1489
f 700/700/1489 701/701/1490 698/698/1491
f 702/702/1492 701/701/1493 700/700/1489
f 700/700/1489 703/703/1494 702/702/1492
f 704/704/1495 701/701/1496 702/702/1492
f 702/702/1497 705/705/1498 704/704/1495
f 698/698/1485 701/701/1496 704/704/1495
f 704/704/1499 699/699/1487 698/698/1485
f 694/694/1488 699/699/1500 706/706/1501
f 706/706/1501 707/707/1502 694/694/1503
f 706/706/1504 699/699/1500 704/704/1495
f 704/704/1495 708/708/1505 706/706/1506
f 709/709/1507 708/708/1505 704/704/1495
f 704/704/1495 705/705/1498 709/709/1508
f 710/710/1509 708/708/1505 709/709/1510
f 709/709/1510 711/711/1511 710/710/1509
f 712/712/1512 713/713/1513 710/710/1509
f 710/710/1514 711/711/1511 712/712/1515
f 710/710/1516 713/713/1513 714/714/1517
f 714/714/1517 707/707/1502 710/710/1518
f 690/690/1473 715/715/1519 716/716/1520
f 716/716/1521 689/689/1474 690/690/1473
f 715/715/1522 717/717/1523 718/718/1524
f 718/718/1525 716/716/1526 715/715/1519
f 719/719/1527 718/718/1528 717/717/1523
f 717/717/1523 720/720/1529 719/719/1530
f 721/721/1531 718/718/1528 719/719/1530
f 719/719/1530 722/722/1532 721/721/1533
f 716/716/1526 718/718/1525 721/721/1533
f 721/721/1533 723/723/1534 716/716/1526
f 640/640/1355 723/723/1534 721/721/1531
f 721/721/1535 643/643/1536 640/640/1355
f 642/642/1353 643/643/1357 724/724/1537
f 725/725/1538 642/642/1353 724/724/1537
f 726/726/1539 642/642/1540 725/725/1541
f 727/727/1542 642/642/1353 726/726/1539
f 642/642/1543 727/727/1542 728/728/1544
f 728/728/1545 729/729/1546 642/642/1540
f 729/729/1546 645/645/1365 642/642/1547
f 730/730/1548 645/645/1359 729/729/1546
f 649/649/1366 645/645/1365 730/730/1549
f 730/730/1550 731/731/1551 649/649/1366
f 732/732/1552 648/648/1369 649/649/1366
f 649/649/1366 733/733/1553 732/732/1554
f 648/648/1364 732/732/1555 654/654/1377
f 654/654/1377 651/651/1556 648/648/1364
f 676/676/1557 654/654/1378 732/732/1554
f 732/732/1554 734/734/1558 676/676/1440
f 654/654/1559 676/676/1560 674/674/1439
f 674/674/1436 655/655/1561 654/654/1378
f 674/674/1562 656/656/1381 655/655/1563
f 676/676/1560 734/734/1564 677/677/1565
f 677/677/1442 675/675/1566 676/676/1440
f 677/677/1565 734/734/1558 735/735/1567
f 735/735/1567 736/736/1568 677/677/1442
f 677/677/1443 736/736/1569 737/737/1570
f 737/737/1571 678/678/1572 677/677/1443
f 630/630/1330 678/678/1572 737/737/1570
f 737/737/1570 679/679/1573 630/630/1574
f 738/738/1575 679/679/1576 739/739/1577
f 740/740/1578 679/679/1579 738/738/1580
f 680/680/1453 679/679/1579 740/740/1578
f 740/740/1578 741/741/1581 680/680/1453
f 681/681/1451 680/680/1453 741/741/1582
f 681/681/1451 741/741/1581 742/742/1583
f 742/742/1584 743/743/1585 681/681/1451
f 743/743/1586 726/726/1587 681/681/1588
f 726/726/1589 743/743/1586 744/744/1590
f 744/744/1590 745/745/1591 726/726/1589
f 746/746/1592 727/727/1542 726/726/1539
f 726/726/1539 745/745/1593 746/746/1592
f 747/747/1594 748/748/1595 746/746/1596
f 746/746/1592 745/745/1593 747/747/1594
f 747/747/1597 749/749/1598 750/750/1599
f 750/750/1599 748/748/1595 747/747/1594
f 751/751/1600 749/749/1601 747/747/1602
f 747/747/1602 752/752/1603 751/751/1604
f 753/753/1605 754/754/1606 755/755/1607
f 755/755/1607 756/756/1608 753/753/1609
f 753/753/1609 756/756/1610 757/757/1611
f 757/757/1611 758/758/1612 753/753/1605
f 757/757/1613 756/756/1610 759/759/1614
f 759/759/1615 760/760/1616 757/757/1613
f 761/761/1617 760/760/1618 759/759/1615
f 759/759/1619 762/762/1620 761/761/1621
f 763/763/1622 760/760/1623 761/761/1621
f 761/761/1617 764/764/1624 763/763/1622
f 757/757/1625 760/760/1623 763/763/1626
f 763/763/1626 758/758/1627 757/757/1613
f 753/753/1605 758/758/1612 765/765/1628
f 765/765/1628 766/766/1629 753/753/1605
f 767/767/1630 754/754/1631 753/753/1605
f 753/753/1605 766/766/1632 767/767/1633
f 767/767/1630 766/766/1629 768/768/1634
f 768/768/1634 769/769/1635 767/767/1630
f 770/770/1636 748/748/1595 750/750/1637
f 750/750/1599 771/771/1638 770/770/1639
f 746/746/1592 748/748/1640 770/770/1636
f 770/770/1636 772/772/1641 746/746/1592
f 746/746/1592 772/772/1641 728/728/1544
f 728/728/1544 727/727/1642 746/746/1643
f 728/728/1544 772/772/1644 773/773/1645
f 773/773/1645 774/774/1646 728/728/1544
f 728/728/1647 774/774/1646 730/730/1548
f 730/730/1548 729/729/1648 728/728/1544
f 730/730/1649 774/774/1646 775/775/1650
f 776/776/1651 730/730/1652 775/775/1650
f 777/777/1653 730/730/1549 776/776/1651
f 778/778/1654 730/730/1550 777/777/1653
f 730/730/1549 778/778/1654 779/779/1655
f 779/779/1655 731/731/1656 730/730/1548
f 779/779/1655 778/778/1654 780/780/1657
f 780/780/1657 781/781/1658 779/779/1659
f 779/779/1660 781/781/1661 782/782/1662
f 782/782/1663 783/783/1664 779/779/1655
f 779/779/1660 783/783/1664 733/733/1665
f 733/733/1666 731/731/1656 779/779/1660
f 733/733/1667 783/783/1664 784/784/1668
f 785/785/1669 733/733/1553 784/784/1668
f 786/786/1670 733/733/1666 785/785/1671
f 787/787/1672 733/733/1553 786/786/1670
f 787/787/1673 788/788/1674 733/733/1553
f 788/788/1675 787/787/1673 789/789/1676
f 789/789/1676 790/790/1677 788/788/1675
f 788/788/1674 790/790/1678 791/791/1679
f 791/791/1679 792/792/1680 788/788/1674
f 792/792/1681 793/793/1682 788/788/1675
f 793/793/1683 792/792/1684 794/794/1685
f 794/794/1686 795/795/1687 793/793/1688
f 793/793/1688 795/795/1689 735/735/1690
f 735/735/1567 732/732/1691 793/793/1688
f 734/734/1558 732/732/1554 735/735/1690
f 788/788/1675 793/793/1688 733/733/1553
f 793/793/1688 732/732/1552 733/733/1666
f 733/733/1553 649/649/1366 731/731/1551
f 735/735/1690 795/795/1692 796/796/1693
f 796/796/1693 736/736/1568 735/735/1567
f 737/737/1571 736/736/1569 796/796/1694
f 796/796/1695 797/797/1696 737/737/1571
f 737/737/1697 797/797/1698 739/739/1699
f 739/739/1699 679/679/1576 737/737/1571
f 739/739/1699 797/797/1700 798/798/1701
f 798/798/1701 799/799/1702 739/739/1703
f 799/799/1704 786/786/1670 739/739/1705
f 786/786/1670 799/799/1704 800/800/1706
f 800/800/1706 801/801/1707 786/786/1670
f 786/786/1708 801/801/1709 789/789/1710
f 789/789/1676 787/787/1673 786/786/1670
f 789/789/1676 801/801/1709 802/802/1711
f 802/802/1711 803/803/1712 789/789/1713
f 802/802/1714 801/801/1707 800/800/1706
f 800/800/1706 804/804/1715 802/802/1714
f 802/802/1711 804/804/1716 805/805/1717
f 805/805/1717 806/806/1718 802/802/1711
f 807/807/1719 808/808/1720 809/809/1721
f 809/809/1721 810/810/1722 807/807/1719
f 807/807/1719 810/810/1723 811/811/1724
f 811/811/1725 812/812/1726 807/807/1719
f 811/811/1725 810/810/1722 813/813/1727
f 813/813/1728 814/814/1729 811/811/1730
f 815/815/1731 814/814/1729 813/813/1727
f 813/813/1727 816/816/1732 815/815/1731
f 817/817/1733 814/814/1729 815/815/1731
f 815/815/1731 818/818/1734 817/817/1733
f 811/811/1735 814/814/1736 817/817/1737
f 817/817/1738 812/812/1739 811/811/1725
f 807/807/1740 812/812/1741 819/819/1742
f 819/819/1743 820/820/1744 807/807/1719
f 819/819/1745 812/812/1726 817/817/1738
f 817/817/1733 821/821/1746 819/819/1743
f 819/819/1743 821/821/1746 822/822/1747
f 822/822/1747 820/820/1744 819/819/1748
f 822/822/1747 821/821/1746 823/823/1749
f 823/823/1750 824/824/1751 822/822/1752
f 822/822/1747 824/824/1751 825/825/1753
f 825/825/1754 826/826/1755 822/822/1747
f 827/827/1756 828/828/1757 829/829/1758
f 829/829/1758 830/830/1759 827/827/1756
f 827/827/1756 830/830/1759 791/791/1679
f 791/791/1679 790/790/1678 827/827/1756
f 827/827/1756 790/790/1677 789/789/1676
f 789/789/1676 803/803/1760 827/827/1761
f 827/827/1761 803/803/1762 831/831/1763
f 831/831/1763 828/828/1764 827/827/1756
f 831/831/1765 803/803/1762 802/802/1766
f 802/802/1766 806/806/1767 831/831/1765
f 832/832/1768 808/808/1769 807/807/1770
f 807/807/1770 820/820/1744 832/832/1768
f 832/832/1771 820/820/1744 822/822/1747
f 822/822/1772 826/826/1773 832/832/1771
f 791/791/1679 830/830/1759 833/833/1774
f 833/833/1774 834/834/1775 791/791/1679
f 791/791/1679 834/834/1775 794/794/1776
f 794/794/1776 792/792/1680 791/791/1679
f 794/794/1777 834/834/1778 835/835/1779
f 835/835/1780 836/836/1781 794/794/1777
f 794/794/1777 836/836/1782 796/796/1693
f 796/796/1693 795/795/1687 794/794/1777
f 796/796/1693 836/836/1783 798/798/1784
f 798/798/1784 797/797/1696 796/796/1694
f 798/798/1701 836/836/1783 835/835/1785
f 835/835/1785 837/837/1786 798/798/1784
f 798/798/1701 837/837/1786 800/800/1706
f 800/800/1787 799/799/1704 798/798/1701
f 800/800/1787 837/837/1786 838/838/1788
f 838/838/1788 804/804/1716 800/800/1706
f 805/805/1789 804/804/1716 838/838/1790
f 838/838/1790 839/839/1791 805/805/1789
f 809/809/1721 840/840/1792 813/813/1728
f 813/813/1728 810/810/1723 809/809/1793
f 813/813/1727 840/840/1794 841/841/1795
f 841/841/1796 816/816/1732 813/813/1727
f 815/815/1731 816/816/1797 842/842/1798
f 842/842/1799 818/818/1734 815/815/1800
f 817/817/1733 818/818/1734 823/823/1750
f 823/823/1749 821/821/1746 817/817/1738
f 823/823/1750 818/818/1734 842/842/1801
f 842/842/1799 824/824/1802 823/823/1749
f 825/825/1803 824/824/1751 842/842/1799
f 842/842/1801 843/843/1804 825/825/1803
f 829/829/1758 844/844/1805 833/833/1774
f 833/833/1774 830/830/1759 829/829/1758
f 833/833/1806 844/844/1807 845/845/1808
f 845/845/1808 846/846/1809 833/833/1810
f 841/841/1795 843/843/1804 842/842/1811
f 842/842/1812 816/816/1797 841/841/1795
f 833/833/1806 846/846/1809 835/835/1780
f 835/835/1780 834/834/1778 833/833/1806
f 835/835/1779 846/846/1809 838/838/1813
f 838/838/1814 837/837/1786 835/835/1785
f 838/838/1814 846/846/1809 845/845/1808
f 845/845/1815 839/839/1816 838/838/1813
f 739/739/1817 786/786/1708 785/785/1818
f 739/739/1577 785/785/1669 784/784/1668
f 739/739/1577 784/784/1819 847/847/1820
f 739/739/1705 847/847/1821 848/848/1822
f 848/848/1823 738/738/1575 739/739/1577
f 740/740/1578 738/738/1580 848/848/1823
f 848/848/1822 849/849/1824 740/740/1578
f 849/849/1825 777/777/1653 740/740/1826
f 777/777/1653 849/849/1824 850/850/1827
f 850/850/1827 851/851/1828 777/777/1653
f 777/777/1829 851/851/1830 780/780/1831
f 780/780/1831 778/778/1654 777/777/1653
f 780/780/1831 851/851/1830 852/852/1832
f 852/852/1832 853/853/1833 780/780/1831
f 780/780/1831 853/853/1833 854/854/1834
f 854/854/1834 781/781/1661 780/780/1831
f 854/854/1834 855/855/1835 782/782/1663
f 782/782/1662 781/781/1661 854/854/1834
f 856/856/1836 857/857/1837 782/782/1662
f 782/782/1663 855/855/1835 856/856/1836
f 782/782/1662 857/857/1837 784/784/1668
f 784/784/1668 783/783/1838 782/782/1662
f 784/784/1819 857/857/1839 858/858/1840
f 858/858/1840 847/847/1841 784/784/1842
f 848/848/1822 847/847/1821 858/858/1843
f 858/858/1840 859/859/1844 848/848/1822
f 848/848/1823 859/859/1845 850/850/1827
f 850/850/1846 849/849/1824 848/848/1823
f 850/850/1827 859/859/1844 860/860/1847
f 860/860/1847 861/861/1848 850/850/1827
f 850/850/1827 861/861/1849 852/852/1850
f 852/852/1850 851/851/1828 850/850/1846
f 852/852/1850 861/861/1848 862/862/1851
f 862/862/1852 863/863/1853 852/852/1850
f 862/862/1851 861/861/1848 860/860/1854
f 860/860/1847 864/864/1855 862/862/1852
f 865/865/1856 866/866/1857 867/867/1858
f 867/867/1859 868/868/1860 865/865/1856
f 867/867/1859 866/866/1861 869/869/1862
f 869/869/1862 870/870/1863 867/867/1859
f 867/867/1859 870/870/1863 871/871/1864
f 871/871/1865 872/872/1866 867/867/1859
f 873/873/1867 872/872/1866 871/871/1868
f 871/871/1864 874/874/1869 873/873/1870
f 873/873/1870 874/874/1871 875/875/1872
f 875/875/1872 876/876/1873 873/873/1870
f 875/875/1874 874/874/1871 877/877/1875
f 877/877/1875 878/878/1876 875/875/1872
f 875/875/1877 878/878/1878 879/879/1879
f 879/879/1879 876/876/1873 875/875/1874
f 879/879/1879 878/878/1876 880/880/1880
f 880/880/1880 881/881/1881 879/879/1879
f 879/879/1882 881/881/1883 882/882/1884
f 882/882/1884 883/883/1885 879/879/1882
f 884/884/1886 885/885/1887 854/854/1834
f 854/854/1834 853/853/1833 884/884/1888
f 854/854/1834 885/885/1889 886/886/1890
f 886/886/1891 855/855/1835 854/854/1892
f 856/856/1893 855/855/1835 886/886/1894
f 886/886/1895 887/887/1896 856/856/1836
f 856/856/1897 887/887/1898 888/888/1899
f 888/888/1900 889/889/1901 856/856/1902
f 869/869/1903 890/890/1904 877/877/1905
f 877/877/1906 870/870/1863 869/869/1903
f 871/871/1907 870/870/1863 877/877/1908
f 877/877/1906 874/874/1871 871/871/1865
f 877/877/1875 890/890/1909 880/880/1880
f 880/880/1910 878/878/1876 877/877/1906
f 856/856/1897 889/889/1911 858/858/1840
f 858/858/1840 857/857/1839 856/856/1902
f 858/858/1840 889/889/1912 860/860/1913
f 860/860/1847 859/859/1844 858/858/1840
f 860/860/1914 889/889/1915 888/888/1916
f 888/888/1900 864/864/1855 860/860/1914
f 884/884/1888 853/853/1833 852/852/1832
f 852/852/1917 863/863/1918 884/884/1888
f 891/891/1919 892/892/1920 865/865/1856
f 865/865/1856 868/868/1860 891/891/1919
f 891/891/1921 868/868/1860 893/893/1922
f 893/893/1922 894/894/1923 891/891/1921
f 893/893/1924 868/868/1860 867/867/1858
f 867/867/1859 872/872/1866 893/893/1924
f 893/893/1925 872/872/1866 873/873/1870
f 873/873/1870 894/894/1923 893/893/1924
f 891/891/1921 894/894/1926 895/895/1927
f 895/895/1927 883/883/1885 891/891/1921
f 891/891/1921 883/883/1885 882/882/1884
f 882/882/1884 892/892/1928 891/891/1921
f 879/879/1882 883/883/1929 895/895/1927
f 895/895/1927 876/876/1873 879/879/1879
f 873/873/1870 876/876/1930 895/895/1927
f 895/895/1931 894/894/1932 873/873/1870
f 777/777/1653 776/776/1933 740/740/1934
f 740/740/1578 776/776/1651 775/775/1650
f 740/740/1578 775/775/1650 896/896/1935
f 740/740/1936 896/896/1937 742/742/1584
f 742/742/1583 741/741/1581 740/740/1936
f 742/742/1583 896/896/1938 897/897/1939
f 897/897/1940 898/898/1941 742/742/1584
f 742/742/1942 898/898/1943 744/744/1590
f 744/744/1944 743/743/1585 742/742/1945
f 744/744/1946 898/898/1943 899/899/1947
f 899/899/1948 752/752/1603 744/744/1946
f 744/744/1590 752/752/1949 747/747/1950
f 747/747/1950 745/745/1951 744/744/1590
f 751/751/1952 752/752/1603 899/899/1953
f 899/899/1948 900/900/1954 751/751/1600
f 755/755/1955 901/901/1956 759/759/1957
f 759/759/1957 756/756/1958 755/755/1959
f 759/759/1960 901/901/1956 902/902/1961
f 902/902/1961 762/762/1620 759/759/1960
f 761/761/1621 762/762/1620 903/903/1962
f 903/903/1962 764/764/1963 761/761/1964
f 763/763/1626 764/764/1965 904/904/1966
f 904/904/1967 905/905/1968 763/763/1626
f 904/904/1969 764/764/1963 903/903/1970
f 903/903/1971 906/906/1972 904/904/1967
f 904/904/1966 906/906/1973 768/768/1974
f 768/768/1634 905/905/1975 904/904/1966
f 768/768/1634 906/906/1973 907/907/1976
f 907/907/1977 769/769/1978 768/768/1634
f 770/770/1636 771/771/1979 908/908/1980
f 908/908/1980 909/909/1981 770/770/1636
f 770/770/1636 909/909/1982 773/773/1645
f 773/773/1645 772/772/1641 770/770/1636
f 773/773/1645 909/909/1981 910/910/1983
f 910/910/1984 911/911/1985 773/773/1645
f 773/773/1645 911/911/1985 775/775/1986
f 775/775/1986 774/774/1646 773/773/1645
f 775/775/1650 911/911/1987 897/897/1940
f 897/897/1939 896/896/1937 775/775/1650
f 897/897/1940 911/911/1987 910/910/1984
f 910/910/1988 912/912/1989 897/897/1940
f 897/897/1990 912/912/1991 899/899/1953
f 899/899/1953 898/898/1992 897/897/1939
f 899/899/1953 912/912/1991 913/913/1993
f 913/913/1993 900/900/1994 899/899/1953
f 913/913/1993 912/912/1989 910/910/1984
f 910/910/1984 914/914/1995 913/913/1993
f 902/902/1961 915/915/1996 903/903/1962
f 903/903/1962 762/762/1997 902/902/1961
f 903/903/1971 915/915/1998 907/907/1977
f 907/907/1976 906/906/1972 903/903/1971
f 908/908/1980 914/914/1999 910/910/1984
f 910/910/1984 909/909/1981 908/908/2000
f 763/763/1626 905/905/2001 765/765/1628
f 765/765/2002 758/758/1612 763/763/1626
f 765/765/2003 905/905/1975 768/768/1634
f 768/768/1634 766/766/1629 765/765/2002
f 726/726/1587 725/725/1541 681/681/1455
f 681/681/1455 725/725/2004 724/724/2005
f 681/681/1451 724/724/2006 916/916/2007
f 681/681/1451 916/916/2007 683/683/1460
f 683/683/1460 682/682/2008 681/681/1455
f 683/683/1460 916/916/2007 917/917/2009
f 917/917/2010 918/918/2011 683/683/1460
f 683/683/1460 918/918/2012 685/685/2013
f 685/685/1464 684/684/2014 683/683/1459
f 685/685/2015 918/918/2012 919/919/2016
f 919/919/2017 693/693/1479 685/685/1464
f 685/685/1464 693/693/1479 688/688/2018
f 688/688/1477 686/686/1466 685/685/1464
f 692/692/1476 693/693/2019 919/919/2020
f 919/919/2021 920/920/2022 692/692/1476
f 696/696/1482 921/921/2023 700/700/2024
f 700/700/2024 697/697/2025 696/696/2026
f 700/700/1489 921/921/2027 922/922/2028
f 922/922/2029 703/703/1494 700/700/1489
f 702/702/1492 703/703/2030 923/923/2031
f 923/923/2031 705/705/2032 702/702/1492
f 709/709/1510 705/705/2032 923/923/2033
f 923/923/2033 711/711/2034 709/709/1510
f 712/712/1512 711/711/2034 923/923/2033
f 923/923/2033 924/924/2035 712/712/2036
f 719/719/1530 720/720/2037 925/925/2038
f 925/925/2038 926/926/2039 719/719/2040
f 719/719/1530 926/926/2041 917/917/2042
f 917/917/2010 722/722/2043 719/719/1530
f 721/721/1531 722/722/2043 724/724/1537
f 724/724/1537 643/643/1357 721/721/1531
f 724/724/2044 722/722/2043 917/917/2042
f 917/917/2010 916/916/2045 724/724/2044
f 917/917/2010 926/926/2046 919/919/2021
f 919/919/2021 918/918/2011 917/917/2047
f 919/919/2021 926/926/2041 925/925/2048
f 925/925/2038 920/920/2049 919/919/2021
f 922/922/2029 924/924/2050 923/923/2031
f 923/923/2033 703/703/1494 922/922/2029
f 687/687/1467 723/723/2051 640/640/1351
f 640/640/1351 639/639/1469 687/687/1467
f 716/716/1520 723/723/2051 687/687/1467
f 687/687/1467 689/689/2052 716/716/1520
f 694/694/2053 707/707/1502 714/714/2054
f 714/714/1517 695/695/2055 694/694/1503
f 710/710/1516 707/707/2056 706/706/1504
f 706/706/1506 708/708/1505 710/710/1509
f 554/554/1188 557/557/2057 561/561/1194
f 561/561/1194 535/535/1193 554/554/1182
f 523/523/2058 546/546/2059 527/527/2060
f 527/527/1131 524/524/2061 523/523/1121
f 927/927/2062 928/928/2063 929/929/2064
f 929/929/2065 930/930/2066 927/927/2062
f 931/931/2067 932/932/2068 933/933/2069
f 933/933/2070 934/934/2071 931/931/2072
f 935/935/2073 936/936/2074 937/937/2075
f 937/937/2075 938/938/2076 935/935/2073
f 939/939/2077 940/940/2078 941/941/2079
f 941/941/2079 942/942/2080 939/939/2077
f 943/943/2081 944/944/2082 945/945/2062
f 945/945/2062 946/946/2083 943/943/2081
f 947/947/2084 6/6/2085 5/5/6
f 5/5/12 948/948/2086 947/947/2087
f 949/949/2088 14/14/22 17/17/2089
f 5/5/12 14/14/22 949/949/2088
f 949/949/2088 948/948/2086 5/5/2090
f 950/950/2091 951/951/2092 6/6/2085
f 6/6/2093 947/947/2087 950/950/2094
f 951/951/2095 7/7/9 6/6/7
f 952/952/2096 953/953/2097 954/954/2098
f 954/954/2098 955/955/2099 952/952/2100
f 134/134/240 138/138/253 132/132/227
f 132/132/227 131/131/229 134/134/240
f 132/132/227 139/139/243 117/117/2101
f 117/117/2101 116/116/194 132/132/227
f 140/140/2102 133/133/2103 131/131/232
f 131/131/232 170/170/302 140/140/2102
f 171/171/304 142/142/264 140/140/256
f 140/140/256 170/170/302 171/171/304
f 147/147/274 146/146/264 172/172/304
f 172/172/2104 150/150/2105 147/147/2106
f 956/956/2107 957/957/2108 958/958/2109
f 956/956/2107 958/958/2110 959/959/2111
f 959/959/2112 960/960/2113 961/961/2114
f 956/956/2107 959/959/2111 961/961/2114
f 962/962/2115 963/963/2116 964/964/2117
f 962/962/2115 964/964/2117 965/965/2118
f 962/962/2119 965/965/2118 966/966/2120
f 967/967/2121 968/968/168 957/957/2122
f 957/957/2108 956/956/2107 967/967/2121
f 967/967/2123 969/969/2124 970/970/2125
f 970/970/191 968/968/168 967/967/2121
f 971/971/2126 972/972/2127 973/973/2128
f 973/973/2128 974/974/2129 971/971/2126
f 971/971/2126 974/974/2129 970/970/2130
f 970/970/191 969/969/2131 971/971/2126
f 975/975/2132 976/976/2133 977/977/2134
f 977/977/2135 978/978/2136 975/975/2132
f 979/979/2137 980/980/2138 2/2/2
f 2/2/2 1/1/5 979/979/2137
f 981/981/2139 982/982/2140 983/983/2141
f 983/983/2142 984/984/2143 981/981/2144
f 985/985/2145 986/986/2146 987/987/2147
f 988/988/2148 989/989/2149 990/990/2150
f 987/987/2151 988/988/2148 990/990/2150
f 985/985/2152 987/987/2147 990/990/2150
f 991/991/2153 75/75/2154 992/992/2155
f 992/992/2156 993/993/2157 991/991/2158
f 75/75/2154 74/74/199 120/120/198
f 120/120/197 992/992/2155 75/75/2154
f 77/77/124 80/80/2159 994/994/2122
f 994/994/2122 103/103/166 77/77/124
f 80/80/2159 82/82/2160 994/994/2122
f 82/82/2160 7/7/9 995/995/2161
f 82/82/2160 995/995/2161 996/996/2162
f 82/82/2160 996/996/2162 994/994/2122
f 129/129/2163 128/128/221 997/997/2164
f 997/997/2165 998/998/2166 129/129/2163
f 95/95/195 129/129/2167 998/998/2168
f 998/998/2166 119/119/196 95/95/195
f 999/999/290 974/974/2169 973/973/2128
f 973/973/2128 1000/1000/291 999/999/290
f 999/999/300 1001/1001/193 970/970/191
f 970/970/191 974/974/2129 999/999/290
f 1002/1002/2170 1003/1003/2171 966/966/2172
f 1002/1002/2170 966/966/2172 965/965/2118
f 1002/1002/2170 965/965/2173 1004/1004/2174
f 977/977/2135 976/976/2175 1005/1005/2176
f 1005/1005/2176 1006/1006/2177 977/977/2135
f 1007/1007/2178 991/991/2158 993/993/2157
f 993/993/2157 1008/1008/2148 1007/1007/2179
f 981/981/9 984/984/2180 1009/1009/2151
f 1009/1009/2181 1010/1010/2161 981/981/2182
f 128/128/2183 127/127/2184 1011/1011/2185
f 1011/1011/2185 1012/1012/2186 128/128/2187
f 1013/1013/2188 1014/1014/320 1015/1015/285
f 1015/1015/286 1016/1016/2189 1013/1013/2188
f 1017/1017/2190 973/973/2191 972/972/2127
f 972/972/2192 1018/1018/2193 1017/1017/2194
f 997/997/2195 128/128/2187 1012/1012/2196
f 1012/1012/2197 1019/1019/2198 997/997/2199
f 1013/1013/2200 1016/1016/2189 973/973/2201
f 973/973/2128 1017/1017/2202 1013/1013/2200
f 1020/1020/2203 1021/1021/2204 1022/1022/2205
f 1022/1022/2206 1023/1023/2207 1020/1020/2203
f 1017/1017/2208 1024/1024/2209 1013/1013/2210
f 1024/1024/2209 1017/1017/2208 1018/1018/2211
f 1025/1025/2212 1020/1020/2203 1023/1023/2213
f 1023/1023/2213 1026/1026/2214 1025/1025/2215
f 1014/1014/287 1013/1013/2188 1027/1027/2216
f 1027/1027/2216 1028/1028/2217 1014/1014/287
f 1023/1023/2207 1022/1022/2205 1029/1029/2218
f 1029/1029/2218 1030/1030/2219 1023/1023/2207
f 1031/1031/2220 1024/1024/2221 1032/1032/2222
f 1032/1032/2223 1033/1033/2224 1031/1031/2225
f 1034/1034/2226 1032/1032/2227 1024/1024/2221
f 1034/1034/2226 1024/1024/2228 1035/1035/2229
f 1034/1034/2226 1035/1035/2229 1036/1036/2230
f 1034/1034/2226 1036/1036/2230 1026/1026/2214
f 1026/1026/2231 1023/1023/2232 1030/1030/2233
f 1030/1030/2234 1034/1034/2235 1026/1026/2214
f 1028/1028/2217 1027/1027/2236 976/976/2175
f 976/976/2133 975/975/2237 1028/1028/2217
f 1030/1030/2234 1029/1029/2238 978/978/2136
f 978/978/2136 977/977/2135 1030/1030/2234
f 1033/1033/2239 1032/1032/2240 1005/1005/2176
f 1005/1005/2241 1037/1037/2242 1033/1033/2224
f 1032/1032/2227 1034/1034/2226 1006/1006/2177
f 1006/1006/2177 1005/1005/2243 1032/1032/2240
f 1034/1034/2226 1030/1030/2219 977/977/2244
f 977/977/2245 1006/1006/2177 1034/1034/2226
f 1005/1005/2176 976/976/2175 1037/1037/2246
f 1024/1024/2247 1031/1031/2220 1013/1013/2210
f 1027/1027/2216 1013/1013/2188 1031/1031/2220
f 1031/1031/2248 1033/1033/2224 1027/1027/2236
f 976/976/2175 1027/1027/2236 1033/1033/2249
f 1033/1033/2224 1037/1037/2250 976/976/2133
f 984/984/2180 983/983/2142 1038/1038/2115
f 1038/1038/2115 1039/1039/2251 984/984/2180
f 1040/1040/2252 980/980/2138 979/979/2253
f 979/979/2137 1041/1041/2254 1040/1040/2252
f 988/988/2148 987/987/2151 1042/1042/2255
f 1042/1042/2255 1043/1043/2256 988/988/2148
f 1007/1007/2257 1008/1008/2148 1044/1044/2258
f 1044/1044/2259 1045/1045/2174 1007/1007/2260
f 1009/1009/2261 984/984/2262 1039/1039/2172
f 1039/1039/2120 1046/1046/2263 1009/1009/2147
f 1047/1047/2264 1048/1048/2265 1049/1049/2266
f 1049/1049/2267 1050/1050/2268 1047/1047/2264
f 1051/1051/2269 1052/1052/2270 1053/1052/2271
f 1053/1052/2271 1054/1051/2272 1051/1051/2269
f 1048/1048/2265 1055/1053/2273 1049/1049/2267
f 1056/1054/2267 1057/1055/2274 955/955/2275
f 955/955/2099 954/954/2098 1056/1054/2267
f 1058/1056/2276 1059/1057/2268 953/953/2097
f 953/953/2277 952/952/2278 1058/1056/2276
f 1059/1057/2268 1056/1054/2279 954/954/2098
f 954/954/2280 953/953/2097 1059/1057/2281
f 37/37/2282 36/36/959 436/436/2283
f 51/51/2284 37/37/61 436/436/2285
f 436/436/2285 435/435/963 51/51/82
f 53/53/2286 51/51/2284 1060/1058/2287
f 1060/1058/2287 1061/1059/2288 53/53/86
f 36/36/2289 434/434/961 437/437/965
f 437/437/965 436/436/2283 36/36/2289
f 434/434/2290 53/53/2291 438/438/2292
f 438/438/2293 437/437/2294 434/434/976
f 435/435/963 438/438/967 1061/1059/2288
f 1061/1059/2288 1060/1058/2295 435/435/963
f 51/51/2296 435/435/963 1060/1058/2295
f 53/53/2286 1061/1059/2288 438/438/2292
f 1062/1060/2297 1063/1060/2298 1064/1061/2299
f 1064/1061/2299 1065/1062/2300 1066/1063/2301
f 1066/1063/2301 1067/1064/2302 1068/1064/2303
f 1068/1064/2303 1069/1063/2304 1070/1062/2305
f 1066/1063/2301 1068/1064/2303 1070/1062/2305
f 1064/1061/2299 1066/1063/2306 1070/1062/2305
f 1062/1060/2297 1064/1061/2299 1070/1062/2305
f 1062/1060/2297 1070/1062/2305 1071/1061/2307
f 1072/1065/2308 1073/1066/2309 1070/1062/2310
f 1070/1062/2305 1069/1063/2304 1072/1065/2308
f 1074/1067/2311 1072/1065/2312 1069/1063/2304
f 1069/1063/2304 1068/1064/2313 1074/1067/2314
f 1075/1067/2315 1074/1067/2316 1068/1064/2317
f 1068/1064/2318 1067/1064/2319 1075/1067/2315
f 1076/1065/2320 1075/1067/2321 1067/1064/2319
f 1067/1064/2322 1066/1063/2306 1076/1065/2320
f 1077/1066/2323 1076/1065/2320 1066/1063/2324
f 1066/1063/2301 1065/1062/2325 1077/1066/2326
f 1078/1068/2327 1077/1066/2328 1065/1062/2325
f 1065/1062/2325 1064/1061/2329 1078/1068/2327
f 1079/1069/2330 1078/1068/2331 1064/1061/2332
f 1064/1061/2299 1063/1060/2298 1079/1069/2333
f 1080/1069/2334 1079/1069/2335 1063/1060/2298
f 1063/1060/2336 1062/1060/2297 1080/1069/2334
f 1081/1068/2337 1080/1069/2338 1062/1060/2297
f 1062/1060/2339 1071/1061/2307 1081/1068/2340
f 1073/1066/2309 1081/1068/2340 1071/1061/2341
f 1071/1061/2342 1070/1062/2305 1073/1066/2309
f 1082/1070/2343 1083/1066/2344 1073/1066/2345
f 1073/1066/2345 1072/1065/2346 1082/1070/2343
f 1084/1071/2347 1082/1070/2343 1072/1065/2346
f 1072/1065/2346 1074/1067/2316 1084/1071/2348
f 1085/1071/2349 1084/1071/2350 1074/1067/2311
f 1074/1067/2316 1075/1067/2315 1085/1071/2349
f 1086/1070/2351 1085/1071/2352 1075/1067/2315
f 1075/1067/2315 1076/1065/2353 1086/1070/2354
f 1087/1066/2355 1086/1070/2354 1076/1065/2353
f 1076/1065/2353 1077/1066/2326 1087/1066/2355
f 1088/1072/2356 1087/1066/2355 1077/1066/2357
f 1077/1066/2357 1078/1068/2358 1088/1072/2356
f 1089/1073/2359 1088/1072/2360 1078/1068/2358
f 1078/1068/2358 1079/1069/2361 1089/1073/2362
f 1090/1073/2363 1089/1073/2359 1079/1069/2364
f 1079/1069/2364 1080/1069/2365 1090/1073/2366
f 1091/1072/2367 1090/1073/2366 1080/1069/2365
f 1080/1069/2365 1081/1068/2337 1091/1072/2368
f 1083/1066/2369 1091/1072/2370 1081/1068/2371
f 1081/1068/2337 1073/1066/2345 1083/1066/2344
f 1092/1074/2372 1093/1075/2373 1083/1066/2369
f 1083/1066/2344 1082/1070/2374 1092/1074/2375
f 1094/1076/2376 1092/1074/2377 1082/1070/2378
f 1082/1070/2379 1084/1071/2348 1094/1076/2380
f 1095/1076/2381 1094/1076/2376 1084/1071/2350
f 1084/1071/2350 1085/1071/2349 1095/1076/2381
f 1096/1074/2382 1095/1076/2383 1085/1071/2384
f 1085/1071/2349 1086/1070/2354 1096/1074/2385
f 1097/1075/2386 1096/1074/2387 1086/1070/2351
f 1086/1070/2351 1087/1066/2388 1097/1075/2389
f 1098/1077/2390 1097/1075/2386 1087/1066/2388
f 1087/1066/2391 1088/1072/2360 1098/1077/2392
f 1099/1078/2393 1098/1077/2394 1088/1072/2360
f 1088/1072/2395 1089/1073/2396 1099/1078/2397
f 1100/1078/2398 1099/1078/2399 1089/1073/2400
f 1089/1073/2400 1090/1073/2401 1100/1078/2402
f 1101/1077/2403 1100/1078/2404 1090/1073/2363
f 1090/1073/2363 1091/1072/2405 1101/1077/2406
f 1093/1075/2407 1101/1077/2408 1091/1072/2370
f 1091/1072/2409 1083/1066/2410 1093/1075/2407
f 1102/1079/2411 1103/1075/2412 1093/1075/2407
f 1093/1075/2407 1092/1074/2372 1102/1079/2411
f 1104/1080/2413 1102/1079/2411 1092/1074/2372
f 1092/1074/2375 1094/1076/2376 1104/1080/2413
f 1105/1080/2414 1104/1080/2413 1094/1076/2376
f 1094/1076/2376 1095/1076/2383 1105/1080/2415
f 1106/1079/2416 1105/1080/2415 1095/1076/2381
f 1095/1076/2417 1096/1074/2387 1106/1079/2416
f 1107/1075/2418 1106/1079/2416 1096/1074/2387
f 1096/1074/2382 1097/1075/2386 1107/1075/2418
f 1108/1081/2419 1107/1075/2418 1097/1075/2386
f 1097/1075/2386 1098/1077/2394 1108/1081/2419
f 1109/1082/2420 1108/1081/2419 1098/1077/2392
f 1098/1077/2390 1099/1078/2421 1109/1082/2420
f 1110/1082/2422 1109/1082/2420 1099/1078/2421
f 1099/1078/2421 1100/1078/2402 1110/1082/2422
f 1111/1081/2423 1110/1082/2424 1100/1078/2402
f 1100/1078/2402 1101/1077/2406 1111/1081/2423
f 1103/1075/2425 1111/1081/2423 1101/1077/2408
f 1101/1077/2406 1093/1075/2407 1103/1075/2426
f 1112/1083/2427 1113/1084/2428 1103/1075/2412
f 1103/1075/2412 1102/1079/2429 1112/1083/2430
f 1114/1085/2431 1112/1083/2430 1102/1079/2432
f 1102/1079/2433 1104/1080/2434 1114/1085/2435
f 1115/1085/2436 1114/1085/2437 1104/1080/2438
f 1104/1080/2439 1105/1080/2440 1115/1085/2441
f 1116/1083/2442 1115/1085/2441 1105/1080/2415
f 1105/1080/2414 1106/1079/2443 1116/1083/2442
f 1117/1084/2444 1116/1083/2445 1106/1079/2443
f 1106/1079/2443 1107/1075/2446 1117/1084/2444
f 1118/1086/2447 1117/1084/2444 1107/1075/2448
f 1107/1075/2446 1108/1081/2449 1118/1086/2450
f 1119/1087/2451 1118/1086/2450 1108/1081/2419
f 1108/1081/2449 1109/1082/2452 1119/1087/2453
f 1120/1087/2454 1119/1087/2453 1109/1082/2452
f 1109/1082/2452 1110/1082/2455 1120/1087/2456
f 1121/1086/2457 1120/1087/2458 1110/1082/2422
f 1110/1082/2422 1111/1081/2459 1121/1086/2460
f 1113/1084/2461 1121/1086/2460 1111/1081/2423
f 1111/1081/2462 1103/1075/2463 1113/1084/2464
f 1113/1084/2428 1112/1083/2465 1114/1085/2435
f 1114/1085/2435 1115/1085/2441 1116/1083/2466
f 1116/1083/2466 1117/1084/2444 1118/1086/2467
f 1118/1086/2447 1119/1087/2451 1120/1087/2454
f 1116/1083/2466 1118/1086/2468 1120/1087/2469
f 1114/1085/2435 1116/1083/2466 1120/1087/2469
f 1113/1084/2470 1114/1085/2435 1120/1087/2469
f 1113/1084/2428 1120/1087/2469 1121/1086/2471
f 1122/1088/2472 1123/1089/2473 1124/1090/2474
f 1124/1090/2474 1125/1091/2475 1122/1088/2472
f 1123/1089/2473 1126/1092/2476 1127/1093/2477
f 1127/1093/2477 1124/1090/2478 1123/1089/2473
f 1128/1094/2479 1129/1095/2480 1130/1096/2481
f 1128/1094/2472 1130/1096/2482 1131/1097/2483
f 1131/1097/2484 1132/1098/2473 1128/1094/2472
f 1132/1098/2473 1131/1097/2485 1133/1099/2486
f 1133/1099/2487 1134/1100/2488 1132/1098/2489
f 1134/1100/2490 1133/1099/2491 1135/1101/2492
f 1134/1100/2476 1135/1101/2492 1136/1101/2493
f 1136/1101/2494 1137/1100/2477 1134/1100/2490
f 1137/1100/2477 1136/1101/2493 1138/1099/2495
f 1137/1100/2496 1138/1099/2495 1139/1097/2497
f 1139/1097/2498 1140/1098/2499 1137/1100/2496
f 1140/1098/2478 1139/1097/2498 1141/1096/2500
f 1141/1096/2500 1142/1094/2501 1140/1098/2502
f 1142/1094/2503 1141/1096/2500 1143/1095/2504
f 1142/1094/2505 1143/1095/2506 1129/1095/2480
f 1129/1095/2480 1128/1094/2507 1142/1094/2503
f 1129/1095/2480 1144/1102/2508 1145/1103/2509
f 1145/1103/2509 1130/1096/2481 1129/1095/2480
f 1130/1096/2481 1145/1103/2509 1146/1104/2510
f 1146/1104/2510 1131/1097/2485 1130/1096/2481
f 1131/1097/2485 1146/1104/2511 1147/1105/2512
f 1147/1105/2512 1133/1099/2513 1131/1097/2485
f 1133/1099/2513 1147/1105/2512 1148/1106/2514
f 1148/1106/2514 1135/1101/2492 1133/1099/2487
f 1135/1101/2515 1148/1106/2514 1149/1106/2516
f 1149/1106/2516 1136/1101/2494 1135/1101/2515
f 1136/1101/2517 1149/1106/2518 1150/1105/2519
f 1150/1105/2520 1138/1099/2521 1136/1101/2522
f 1138/1099/2495 1150/1105/2519 1151/1104/2523
f 1151/1104/2523 1139/1097/2498 1138/1099/2495
f 1139/1097/2498 1151/1104/2524 1152/1103/2525
f 1152/1103/2525 1141/1096/2526 1139/1097/2527
f 1141/1096/2526 1152/1103/2528 1153/1102/2529
f 1153/1102/2530 1143/1095/2504 1141/1096/2500
f 1143/1095/2531 1153/1102/2532 1144/1102/2533
f 1144/1102/2533 1129/1095/2534 1143/1095/2531
f 1144/1102/2508 1154/1107/2535 1145/1103/2509
f 1145/1103/2536 1154/1107/2537 1155/1108/2538
f 1155/1108/2539 1146/1104/2540 1145/1103/2509
f 1146/1104/2510 1155/1108/2541 1156/1109/2542
f 1156/1109/2542 1147/1105/2543 1146/1104/2510
f 1147/1105/2544 1156/1109/2545 1148/1106/2514
f 1148/1106/2514 1156/1109/2542 1157/1109/2546
f 1157/1109/2547 1149/1106/2518 1148/1106/2514
f 1149/1106/2518 1157/1109/2548 1150/1105/2519
f 1150/1105/2519 1157/1109/2547 1158/1108/2549
f 1158/1108/2549 1151/1104/2524 1150/1105/2519
f 1151/1104/2523 1158/1108/2550 1159/1107/2551
f 1159/1107/2551 1152/1103/2528 1151/1104/2552
f 1152/1103/2528 1159/1107/2553 1153/1102/2530
f 1153/1102/2530 1159/1107/2551 1154/1107/2535
f 1154/1107/2554 1144/1102/2533 1153/1102/2532
f 1158/1108/2549 1157/1109/2555 1156/1109/2556
f 1156/1109/2556 1155/1108/2541 1158/1108/2549
f 1159/1107/2551 1158/1108/2549 1155/1108/2557
f 1155/1108/2557 1154/1107/2535 1159/1107/2551
f 451/451/2558 450/450/997 448/448/2559
f 448/448/2559 447/447/2560 451/451/994
f 1160/1110/2561 18/18/2562 21/21/2563
f 21/21/2563 1161/1111/2564 1160/1110/2565
f 1162/1112/2566 23/23/34 22/22/38
f 22/22/33 1163/1113/2567 1162/1112/2568
f 1164/1114/37 1165/1115/36 936/936/2569
f 936/936/2074 935/935/2073 1164/1114/2570
f 940/940/2571 1166/1116/30 1167/1117/29
f 1167/1117/29 941/941/2079 940/940/2571
f 1168/1118/2572 990/990/2150 989/989/2157
f 989/989/2149 1169/1119/2156 1168/1118/2572
f 1170/1120/2573 1168/1118/2572 1169/1119/2156
f 1169/1119/2156 1171/1121/2574 1170/1120/2573
f 1172/1122/196 1173/1123/2575 1170/1120/2573
f 1170/1120/2573 1171/1121/197 1172/1122/196
f 1174/1124/2576 1175/1125/2577 1176/1126/2578
f 1176/1126/2579 1177/1127/2165 1174/1124/2576
f 1175/1125/2577 1173/1123/2575 1172/1122/196
f 1172/1122/196 1176/1126/2578 1175/1125/2580
f 1178/1128/2581 1179/1129/2582 1174/1124/2583
f 1174/1124/2583 1177/1127/2164 1178/1128/2212
f 1026/1026/2214 1180/1130/2584 1025/1025/2198
f 1181/1131/2585 1182/1132/2586 1183/1133/2587
f 1181/1131/2585 1183/1133/2587 1184/1134/2588
f 1181/1131/2585 1184/1134/2589 1185/1135/2590
f 1181/1131/2585 1185/1135/2590 1186/1136/2591
f 1187/1137/2592 1188/1138/2593 1183/1133/2587
f 1183/1133/2587 1182/1132/2586 1187/1137/2592
f 1189/1139/2594 1190/1140/2595 1188/1138/2593
f 1188/1138/2593 1187/1137/2592 1189/1139/2594
f 1035/1035/2229 1191/1141/2596 1192/1142/2597
f 1192/1142/2598 1036/1036/2230 1035/1035/2229
f 1192/1142/2598 1191/1141/2596 1190/1140/2595
f 1190/1140/2595 1189/1139/2594 1192/1142/2598
f 1193/1130/2599 1026/1026/2214 1036/1036/2600
f 1194/1018/2601 1035/1035/2602 1024/1024/2209
f 1195/1143/2603 1196/1143/2604 1197/1144/2605
f 1197/1144/2606 1198/1144/2607 1195/1143/2603
f 1199/956/2608 1200/967/2609 967/967/2610
f 967/967/2610 956/956/2610 1199/956/2608
f 1200/967/2609 1201/969/2611 969/969/2610
f 969/969/2610 967/967/2610 1200/967/2609
f 1202/971/2612 1194/1018/2601 972/972/2610
f 972/972/2610 971/971/2610 1202/971/2612
f 1201/969/2611 1202/971/2612 971/971/2610
f 971/971/2610 969/969/2610 1201/969/2611
f 1203/1145/2613 1204/1146/2614 1205/1146/2615
f 1205/1146/2615 1206/1145/2616 1203/1145/2617
f 1018/1018/2618 972/972/2610 1194/1018/2601
f 1024/1024/2209 1018/1018/2619 1194/1018/2601
f 1207/1147/2620 1203/1145/2621 1206/1145/2622
f 1206/1145/2622 1208/1147/2623 1207/1147/2620
f 1209/1148/2624 1207/1147/2620 1208/1147/2623
f 1208/1147/2623 1210/1148/2623 1209/1148/2624
f 1211/1149/2625 1209/1148/2624 1210/1148/2623
f 1210/1148/2623 1212/1149/2623 1211/1149/2625
f 1193/1130/2599 1213/1150/2626 1214/1150/2623
f 1214/1150/2623 1215/1151/2623 1193/1130/2599
f 1213/1150/2626 1211/1149/2625 1212/1149/2623
f 1212/1149/2623 1214/1150/2623 1213/1150/2626
f 1215/1151/2623 1180/1130/2584 1193/1130/2599
f 1026/1026/2214 1193/1130/2627 1180/1130/2584
f 1182/1132/2628 1181/1131/2585 1203/1145/2629
f 1203/1145/2613 1207/1147/2620 1182/1132/2630
f 1197/1144/2631 1196/1143/2632 1216/1152/2633
f 1216/1152/2634 1217/1153/2635 1197/1144/2636
f 1181/1131/2585 1186/1136/2591 1204/1146/2614
f 1204/1146/2614 1203/1145/2637 1181/1131/2585
f 1187/1137/2592 1182/1132/2630 1207/1147/2620
f 1207/1147/2620 1209/1148/2624 1187/1137/2592
f 1183/1133/2587 1188/1138/2593 1200/967/2638
f 1200/967/2638 1199/956/2608 1183/1133/2587
f 1189/1139/2594 1187/1137/2592 1209/1148/2624
f 1209/1148/2624 1211/1149/2625 1189/1139/2594
f 1188/1138/2593 1190/1140/2595 1201/969/2611
f 1201/969/2611 1200/967/2638 1188/1138/2593
f 1036/1036/2230 1192/1142/2639 1213/1150/2640
f 1213/1150/2640 1193/1130/2627 1036/1036/2230
f 1191/1141/2641 1035/1035/2602 1194/1018/2642
f 1194/1018/2601 1202/971/2612 1191/1141/2596
f 1192/1142/2598 1189/1139/2594 1211/1149/2625
f 1211/1149/2643 1213/1150/2626 1192/1142/2597
f 1190/1140/2595 1191/1141/2596 1202/971/2612
f 1202/971/2612 1201/969/2611 1190/1140/2595
f 1198/1144/2644 958/958/2162 1218/1154/2161
f 1218/1154/2645 1195/1143/2646 1198/1144/2644
f 956/956/2610 961/961/2647 1219/961/2648
f 1219/961/2648 1199/956/2608 956/956/2610
f 1199/956/2649 1219/961/2650 1184/1134/2589
f 1184/1134/2588 1183/1133/2587 1199/956/2608
f 1186/1136/2591 1185/1135/2590 1220/1155/2651
f 1186/1136/2591 1220/1155/2651 1217/1153/2635
f 1186/1136/2591 1217/1153/2635 1216/1152/2633
f 960/960/2652 959/959/2653 1221/959/2654
f 1221/959/2654 1222/960/2655 960/960/2652
f 1196/1143/2604 1195/1143/2656 1218/1154/2615
f 1196/1143/2604 1218/1154/2615 1205/1146/2615
f 1196/1143/2604 1205/1146/2615 1204/1146/2614
f 1222/960/2655 1221/959/2657 1220/1155/2658
f 1220/1155/2658 1185/1135/2659 1222/960/2655
f 1216/1152/2633 1196/1143/2660 1204/1146/2614
f 1204/1146/2614 1186/1136/2591 1216/1152/2661
f 958/958/2662 1198/1144/2607 1197/1144/2663
f 958/958/2662 1197/1144/2664 1221/959/2657
f 958/958/2662 1221/959/2657 959/959/2653
f 1221/959/2654 1197/1144/2663 1217/1153/2635
f 1217/1153/2665 1220/1155/2666 1221/959/2657
f 960/960/2667 1222/960/2668 1219/961/2650
f 1219/961/2650 961/961/2669 960/960/2667
f 1222/960/2670 1185/1135/2671 1184/1134/2589
f 1184/1134/2589 1219/961/2648 1222/960/2655
f 1223/1156/2254 1224/1157/2672 1225/1158/2673
f 1225/1158/2673 1226/1159/2674 1223/1156/2254
f 991/991/2675 1227/1160/2676 76/76/123
f 76/76/123 75/75/121 991/991/2675
f 1228/1161/2677 1229/1162/2678 4/4/2679
f 4/4/4 3/3/3 1228/1161/2677
f 1230/1163/2680 1231/1164/2681 1229/1162/2678
f 1229/1162/2678 1228/1161/2677 1230/1163/2680
f 1007/1007/2682 1232/1165/2683 1227/1160/2676
f 1227/1160/2676 991/991/2675 1007/1007/2682
f 1045/1045/2174 1233/1166/2684 1232/1165/2685
f 1232/1165/2685 1007/1007/2260 1045/1045/2174
f 964/964/2686 1234/1167/2687 1004/1004/2174
f 1004/1004/2688 965/965/2689 964/964/2117
f 1/1/1 4/4/4 76/76/2690
f 76/76/2691 1227/1160/2676 1/1/1
f 4/4/4 1229/1162/2678 73/73/119
f 73/73/119 76/76/2690 4/4/4
f 1229/1162/2678 1231/1164/2692 94/94/150
f 94/94/150 73/73/119 1229/1162/2678
f 1231/1164/2693 1230/1163/2680 130/130/2694
f 130/130/225 94/94/150 1231/1164/2693
f 1225/1158/2695 1224/1157/2672 964/964/2696
f 964/964/2696 963/963/2697 1225/1158/2673
f 979/979/2698 1/1/1 1227/1160/2676
f 1227/1160/2676 1232/1165/2683 979/979/2253
f 1041/1041/2699 979/979/2698 1232/1165/2700
f 1232/1165/2685 1233/1166/2701 1041/1041/2699
f 1224/1157/2672 1223/1156/2702 1234/1167/2701
f 1234/1167/2701 964/964/2117 1224/1157/2703
f 1235/1168/2704 1236/1169/2705 1237/1170/2706
f 1237/1170/2706 1238/1171/2707 1239/1172/2708
f 1239/1172/2709 1240/1173/2710 1241/1174/2711
f 1237/1170/2706 1239/1172/2709 1241/1174/2711
f 1235/1168/2704 1237/1170/2706 1241/1174/2711
f 1241/1174/2711 1242/1175/2712 1243/1176/2713
f 1235/1168/2714 1241/1174/2711 1243/1176/2713
f 1235/1168/2715 1243/1176/2713 1244/1177/2716
f 1241/1174/2717 1240/1173/2718 1245/1173/2719
f 1245/1173/2720 1246/1174/2721 1241/1174/2722
f 1240/1173/2710 1239/1172/2723 1247/1172/2724
f 1247/1172/2724 1245/1173/2720 1240/1173/2710
f 1239/1172/2725 1238/1171/2726 1248/1171/2727
f 1248/1171/2728 1247/1172/2729 1239/1172/2723
f 1238/1171/2707 1237/1170/2706 1249/1170/2730
f 1249/1170/2730 1248/1171/2727 1238/1171/2707
f 1250/1178/2731 1251/1179/2732 1252/1179/2733
f 1252/1179/2733 1253/1178/2734 1250/1178/2735
f 1251/1179/2736 1254/1180/2737 1255/1180/2738
f 1255/1180/2739 1252/1179/2733 1251/1179/2732
f 1235/1168/2714 1244/1177/2740 1256/1177/2741
f 1256/1177/2741 1257/1168/2742 1235/1168/2715
f 1244/1177/2716 1243/1176/2713 1258/1176/2743
f 1258/1176/2743 1256/1177/2741 1244/1177/2716
f 1243/1176/2744 1242/1175/2712 1259/1175/2745
f 1259/1175/2746 1258/1176/2747 1243/1176/2713
f 1242/1175/2748 1241/1174/2722 1246/1174/2749
f 1246/1174/2750 1259/1175/2745 1242/1175/2748
f 1246/1174/2749 1245/1173/2751 1260/1181/2752
f 1260/1181/2752 1261/1182/2753 1246/1174/2754
f 1245/1173/2720 1247/1172/2724 1262/1183/2755
f 1262/1183/2756 1260/1181/2752 1245/1173/2751
f 1247/1172/2729 1248/1171/2728 1263/1184/2757
f 1263/1184/2757 1262/1183/2758 1247/1172/2724
f 1248/1171/2728 1249/1170/2730 1264/1185/2759
f 1264/1185/2760 1263/1184/2761 1248/1171/2728
f 1253/1178/2762 1252/1179/2733 1265/1186/2763
f 1265/1186/2764 1266/1187/2765 1253/1178/2766
f 1252/1179/2733 1255/1180/2767 1267/1188/2768
f 1267/1188/2768 1265/1186/2764 1252/1179/2769
f 1257/1168/2770 1256/1177/2741 1268/1189/2771
f 1268/1189/2771 1269/1190/2772 1257/1168/2770
f 1256/1177/2741 1258/1176/2743 1270/1191/2773
f 1270/1191/2773 1268/1189/2771 1256/1177/2741
f 1258/1176/2747 1259/1175/2746 1271/1192/2774
f 1271/1192/2774 1270/1191/2773 1258/1176/2747
f 1259/1175/2775 1246/1174/2754 1261/1182/2753
f 1261/1182/2753 1271/1192/2774 1259/1175/2746
f 1262/1183/2758 1263/1184/2757 1264/1185/2760
f 1264/1185/2760 1272/1193/2776 1269/1190/2772
f 1269/1190/2772 1268/1189/2771 1270/1191/2777
f 1264/1185/2760 1269/1190/2772 1270/1191/2777
f 1262/1183/2758 1264/1185/2760 1270/1191/2777
f 1270/1191/2777 1271/1192/2778 1261/1182/2779
f 1262/1183/2758 1270/1191/2777 1261/1182/2779
f 1262/1183/2758 1261/1182/2779 1260/1181/2780
f 1251/1179/2781 1250/1178/2782 1237/1170/2706
f 1237/1170/2706 1236/1169/2705 1251/1179/2732
f 1254/1180/2783 1251/1179/2732 1236/1169/2705
f 1236/1169/2705 1235/1168/2714 1254/1180/2783
f 1250/1178/2782 1253/1178/2784 1249/1170/2730
f 1249/1170/2730 1237/1170/2785 1250/1178/2731
f 1255/1180/2786 1254/1180/2787 1235/1168/2715
f 1235/1168/2715 1257/1168/2770 1255/1180/2786
f 1253/1178/2784 1266/1187/2788 1264/1185/2760
f 1264/1185/2760 1249/1170/2730 1253/1178/2784
f 1266/1187/2789 1265/1186/2764 1272/1193/2776
f 1272/1193/2776 1264/1185/2760 1266/1187/2789
f 1265/1186/2764 1267/1188/2790 1269/1190/2772
f 1269/1190/2772 1272/1193/2776 1265/1186/2764
f 1267/1188/2790 1255/1180/2738 1257/1168/2742
f 1257/1168/2742 1269/1190/2791 1267/1188/2792
f 289/289/520 288/288/2793 1273/1194/2794
f 1273/1194/2794 424/424/929 289/289/520
f 431/431/2795 1273/1194/2794 288/288/2793
f 288/288/931 425/425/2796 431/431/2795
f 1274/1195/2797 1275/1196/2798 1276/1197/2799
f 1276/1197/2799 1277/1198/2800 1274/1195/2797
f 1278/1199/2801 1279/1200/2800 1280/1201/2802
f 1280/1201/2803 1281/1202/2804 1278/1199/2801
f 1278/1199/2801 1281/1202/2804 470/470/2805
f 470/470/2806 471/471/1021 1278/1199/2801
f 1274/1195/2797 467/467/1017 466/466/1016
f 466/466/1016 1275/1196/2807 1274/1195/2808
f 1282/1203/2809 469/469/1019 470/470/1020
f 470/470/1020 1281/1202/2810 1282/1203/2809
f 1282/1203/2811 1281/1202/2810 1280/1201/2812
f 1280/1201/2813 1283/1204/2814 1282/1203/2809
f 1282/1203/2815 1283/1204/2816 1284/1205/2817
f 1284/1205/2817 1285/1206/2818 1282/1203/2815
f 1282/1203/2815 1285/1206/2818 479/479/1034
f 479/479/1036 469/469/1019 1282/1203/2809
f 1286/1207/2819 1287/1208/2820 1288/1209/2821
f 1288/1209/2821 1289/1210/2822 1286/1207/2819
f 1286/1207/2823 1289/1210/2822 477/477/1032
f 477/477/1032 478/478/2824 1286/1207/2819
f 1286/1207/2825 478/478/2826 479/479/2827
f 479/479/2828 1285/1206/2829 1286/1207/2830
f 1286/1207/2825 1285/1206/2818 1284/1205/2831
f 1284/1205/2831 1287/1208/2832 1286/1207/2825
f 1290/1211/2833 1291/1212/2834 1284/1205/2817
f 1284/1205/2817 1283/1204/2816 1290/1211/2833
f 1290/1211/2835 1283/1204/2836 1280/1201/2812
f 1280/1201/2812 1292/1213/2837 1290/1211/2835
f 1290/1211/2835 1292/1213/2838 1293/1214/2839
f 1293/1214/2839 1294/1215/2840 1290/1211/2835
f 1290/1211/2833 1294/1215/2841 1295/1216/2842
f 1295/1216/2843 1291/1212/2834 1290/1211/2833
f 1296/1217/2844 1291/1212/2845 1295/1216/2843
f 1295/1216/2843 1297/1218/2846 1296/1217/2847
f 1296/1217/2844 1297/1218/2848 1298/1219/2849
f 1298/1219/2850 1299/1220/2851 1296/1217/2844
f 1296/1217/2852 1299/1220/2851 1288/1209/2821
f 1288/1209/2821 1287/1208/2820 1296/1217/2852
f 1296/1217/2847 1287/1208/2820 1284/1205/2831
f 1284/1205/2853 1291/1212/2845 1296/1217/2847
f 1300/1221/2854 1301/1222/2855 1302/1223/2856
f 1302/1223/2856 1303/1224/2857 1300/1221/2858
f 1300/1221/2859 1303/1224/2860 475/475/2861
f 475/475/1025 476/476/1030 1300/1221/2859
f 1300/1221/2862 476/476/1030 477/477/1029
f 477/477/2863 1289/1210/2864 1300/1221/2862
f 1300/1221/2862 1289/1210/2864 1288/1209/2865
f 1288/1209/2865 1301/1222/2866 1300/1221/2862
f 1304/1225/2867 1299/1220/2868 1298/1219/2849
f 1298/1219/2850 1305/1226/2869 1304/1225/2867
f 1304/1225/2870 1305/1226/2869 1306/1227/2871
f 1306/1227/2871 1307/1228/2872 1304/1225/2870
f 1304/1225/2870 1307/1228/2872 1302/1223/2873
f 1302/1223/2856 1301/1222/2855 1304/1225/2870
f 1304/1225/2867 1301/1222/2866 1288/1209/2865
f 1288/1209/2821 1299/1220/2874 1304/1225/2867
f 1308/1229/2875 1307/1228/2876 1306/1227/2871
f 1306/1227/2877 1309/1230/2878 1308/1229/2875
f 1308/1229/2879 1309/1230/2880 1310/1231/2881
f 1310/1231/2881 1311/1232/2882 1308/1229/2879
f 1308/1229/2879 1311/1232/2882 1312/1233/2883
f 1312/1233/2884 1313/1234/2885 1308/1229/2879
f 1308/1229/2886 1313/1234/2885 1302/1223/2887
f 1302/1223/2856 1307/1228/2888 1308/1229/2889
f 1314/1235/2890 1315/1236/2891 1306/1227/2892
f 1306/1227/2871 1305/1226/2869 1314/1235/2890
f 1314/1235/2890 1305/1226/2893 1298/1219/2894
f 1298/1219/2894 1316/1237/2895 1314/1235/2890
f 1314/1235/2896 1316/1237/2895 1317/1238/2897
f 1317/1238/2897 1318/1239/2898 1314/1235/2896
f 1314/1235/2896 1318/1239/2899 1319/1240/2900
f 1319/1240/2900 1315/1236/2901 1314/1235/2896
f 1320/1241/2902 1315/1236/2901 1319/1240/2903
f 1319/1240/2900 1321/1242/2904 1320/1241/2902
f 1320/1241/2905 1321/1242/2906 1322/1243/2907
f 1322/1243/2908 1323/1244/2909 1320/1241/2905
f 1320/1241/2902 1323/1244/2910 1310/1231/2881
f 1310/1231/2911 1309/1230/2912 1320/1241/2902
f 1320/1241/2902 1309/1230/2913 1306/1227/2871
f 1306/1227/2871 1315/1236/2891 1320/1241/2902
f 1324/1245/2914 1325/1246/2915 1310/1231/2911
f 1310/1231/2911 1323/1244/2910 1324/1245/2916
f 1324/1245/2916 1323/1244/2909 1322/1243/2907
f 1322/1243/2907 1326/1247/2917 1324/1245/2918
f 1324/1245/2918 1326/1247/2919 1327/1248/2920
f 1327/1248/2921 1328/1249/2922 1324/1245/2918
f 1324/1245/2916 1328/1249/2923 1329/1250/2924
f 1329/1250/2924 1325/1246/2915 1324/1245/2916
f 1330/1251/2925 1325/1246/2926 1329/1250/2924
f 1329/1250/2927 1331/1252/2928 1330/1251/2929
f 1330/1251/2925 1331/1252/2930 1332/1253/2931
f 1332/1253/2932 1333/1254/2933 1330/1251/2925
f 1330/1251/2934 1333/1254/2935 1312/1233/2936
f 1312/1233/2936 1311/1232/2882 1330/1251/2937
f 1330/1251/2937 1311/1232/2938 1310/1231/2881
f 1310/1231/2939 1325/1246/2915 1330/1251/2937
f 1334/1255/2940 1333/1254/2933 1332/1253/2931
f 1332/1253/2931 1335/1256/2941 1334/1255/2940
f 1334/1255/2940 1335/1256/2942 480/480/1041
f 480/480/1041 473/473/2943 1334/1255/2940
f 1334/1255/2944 473/473/2945 472/472/1022
f 472/472/2946 1336/1257/2947 1334/1255/2944
f 1334/1255/2940 1336/1257/2947 1312/1233/2936
f 1312/1233/2948 1333/1254/2935 1334/1255/2949
f 1337/1258/2950 1313/1234/2885 1312/1233/2884
f 1312/1233/2936 1336/1257/2947 1337/1258/2951
f 1337/1258/2951 1336/1257/2947 472/472/1022
f 472/472/1022 474/474/1024 1337/1258/2951
f 1337/1258/2950 474/474/2952 475/475/1025
f 475/475/2953 1303/1224/2954 1337/1258/2950
f 1337/1258/2950 1303/1224/2955 1302/1223/2856
f 1302/1223/2856 1313/1234/2885 1337/1258/2950
f 1338/1259/2956 468/468/1044 482/482/1043
f 482/482/1043 1339/1260/2957 1338/1259/2956
f 1338/1259/2958 1339/1260/2957 1340/1261/2959
f 1340/1261/2959 1341/1262/2960 1338/1259/2956
f 1338/1259/2961 1341/1262/2962 1276/1197/2963
f 1276/1197/2963 1275/1196/2964 1338/1259/2961
f 1338/1259/2961 1275/1196/2964 466/466/1016
f 466/466/1016 468/468/1018 1338/1259/2961
f 1342/1263/2965 1277/1198/2800 1276/1197/2799
f 1276/1197/2799 1343/1264/2966 1342/1263/2965
f 1342/1263/2967 1343/1264/2966 1344/1265/2968
f 1344/1265/2968 1345/1266/2969 1342/1263/2967
f 1346/1267/2967 1347/1268/2970 1293/1214/2971
f 1293/1214/2971 1292/1213/2838 1346/1267/2967
f 1346/1267/2965 1292/1213/2837 1280/1201/2803
f 1280/1201/2802 1279/1200/2800 1346/1267/2965
f 1348/1269/2972 1349/1270/2973 1295/1216/2843
f 1295/1216/2843 1294/1215/2840 1348/1269/2974
f 1348/1269/2972 1294/1215/2841 1293/1214/2971
f 1293/1214/2839 1350/1271/2975 1348/1269/2976
f 1348/1269/2972 1350/1271/2977 1351/1272/2978
f 1351/1272/2979 1352/1273/2980 1348/1269/2972
f 1348/1269/2972 1352/1273/2980 1353/1274/2981
f 1353/1274/2981 1349/1270/2982 1348/1269/2972
f 1354/1275/2983 1349/1270/2984 1353/1274/2985
f 1353/1274/2985 1355/1276/2986 1354/1275/2987
f 1354/1275/2987 1355/1276/2986 1317/1238/2988
f 1317/1238/2989 1316/1237/2895 1354/1275/2987
f 1354/1275/2983 1316/1237/2895 1298/1219/2894
f 1298/1219/2990 1297/1218/2991 1354/1275/2983
f 1354/1275/2992 1297/1218/2991 1295/1216/2993
f 1295/1216/2843 1349/1270/2973 1354/1275/2983
f 1356/1277/2994 1357/1278/2995 1317/1238/2989
f 1317/1238/2989 1355/1276/2996 1356/1277/2994
f 1356/1277/2994 1355/1276/2997 1353/1274/2998
f 1353/1274/2998 1358/1279/2999 1356/1277/2994
f 1356/1277/2994 1358/1279/3000 1359/1280/3001
f 1359/1280/3001 1360/1281/3002 1356/1277/3003
f 1356/1277/2994 1360/1281/3002 1361/1282/3004
f 1361/1282/3004 1357/1278/2995 1356/1277/2994
f 1362/1283/3005 1357/1278/3006 1361/1282/3007
f 1361/1282/3008 1363/1284/3009 1362/1283/3010
f 1362/1283/3005 1363/1284/3011 1364/1285/3012
f 1364/1285/3012 1365/1286/3013 1362/1283/3014
f 1362/1283/3005 1365/1286/3013 1319/1240/2903
f 1319/1240/2903 1318/1239/3015 1362/1283/3014
f 1362/1283/3005 1318/1239/3016 1317/1238/3017
f 1317/1238/2989 1357/1278/3018 1362/1283/3019
f 1366/1287/3020 1321/1242/2904 1319/1240/2903
f 1319/1240/2903 1365/1286/3013 1366/1287/3021
f 1366/1287/3022 1365/1286/3013 1364/1285/3012
f 1364/1285/3023 1367/1288/3024 1366/1287/3020
f 1366/1287/3020 1367/1288/3024 1368/1289/3025
f 1368/1289/3025 1369/1290/3026 1366/1287/3020
f 1366/1287/3027 1369/1290/3028 1322/1243/2907
f 1322/1243/2907 1321/1242/3029 1366/1287/3020
f 1370/1291/3030 1369/1290/3028 1368/1289/3025
f 1368/1289/3025 1371/1292/3031 1370/1291/3030
f 1370/1291/3032 1371/1292/3033 1372/1293/3034
f 1372/1293/3035 1373/1294/3036 1370/1291/3032
f 1370/1291/3030 1373/1294/3036 1327/1248/3037
f 1327/1248/3037 1326/1247/3038 1370/1291/3032
f 1370/1291/3030 1326/1247/3038 1322/1243/2907
f 1322/1243/2907 1369/1290/3028 1370/1291/3030
f 1374/1295/3039 1375/1296/3040 1327/1248/3037
f 1327/1248/2920 1373/1294/3036 1374/1295/3041
f 1374/1295/3041 1373/1294/3036 1372/1293/3034
f 1372/1293/3042 1376/1297/3043 1374/1295/3041
f 1374/1295/3041 1376/1297/3043 1377/1298/3044
f 1377/1298/3045 1378/1299/3046 1374/1295/3041
f 1374/1295/3047 1378/1299/3048 1379/1300/3049
f 1379/1300/3050 1375/1296/3040 1374/1295/3051
f 1380/1301/3052 1375/1296/3053 1379/1300/3054
f 1379/1300/3054 1381/1302/3055 1380/1301/3052
f 1380/1301/3056 1381/1302/3055 1382/1303/3057
f 1382/1303/3057 1383/1304/3058 1380/1301/3059
f 1380/1301/3060 1383/1304/3058 1329/1250/2924
f 1329/1250/2924 1328/1249/2923 1380/1301/3059
f 1380/1301/3061 1328/1249/3062 1327/1248/3037
f 1327/1248/3037 1375/1296/3053 1380/1301/3052
f 1384/1305/3063 1331/1252/2928 1329/1250/2924
f 1329/1250/2924 1383/1304/3064 1384/1305/3065
f 1384/1305/3065 1383/1304/3064 1382/1303/3057
f 1382/1303/3057 1385/1306/3066 1384/1305/3067
f 1384/1305/3065 1385/1306/3066 1340/1261/3068
f 1340/1261/3068 1386/1307/3069 1384/1305/3065
f 1384/1305/3070 1386/1307/3071 1332/1253/3072
f 1332/1253/3073 1331/1252/3074 1384/1305/3070
f 1387/1308/3075 1386/1307/3069 1340/1261/3076
f 1340/1261/3068 1339/1260/3077 1387/1308/3078
f 1387/1308/3075 1339/1260/2957 482/482/3079
f 482/482/1047 481/481/1048 1387/1308/3078
f 1387/1308/3078 481/481/3080 480/480/1039
f 480/480/1039 1335/1256/2942 1387/1308/3078
f 1387/1308/3078 1335/1256/3081 1332/1253/3073
f 1332/1253/3072 1386/1307/3082 1387/1308/3078
f 1388/1309/3083 1385/1306/3066 1382/1303/3084
f 1382/1303/3084 1389/1310/3085 1388/1309/3083
f 1388/1309/3086 1389/1310/3087 1344/1265/3088
f 1344/1265/3088 1343/1264/3089 1388/1309/3086
f 1388/1309/3086 1343/1264/2966 1276/1197/2963
f 1276/1197/2963 1341/1262/2962 1388/1309/3090
f 1388/1309/3086 1341/1262/2960 1340/1261/2959
f 1340/1261/2959 1385/1306/3066 1388/1309/3086
f 1390/1311/3091 1389/1310/3085 1382/1303/3057
f 1382/1303/3084 1381/1302/3055 1390/1311/3092
f 1390/1311/3093 1381/1302/3055 1379/1300/3054
f 1379/1300/3054 1391/1312/3094 1390/1311/3093
f 1390/1311/3093 1391/1312/3094 1392/1313/3095
f 1392/1313/3096 1393/1314/3097 1390/1311/3093
f 1390/1311/3093 1393/1314/3098 1344/1265/3099
f 1344/1265/3099 1389/1310/3087 1390/1311/3092
f 1394/1315/3100 1393/1314/3101 1392/1313/3095
f 1392/1313/3102 1395/1316/3103 1394/1315/3104
f 1396/1317/3100 1397/1318/3105 1351/1272/2979
f 1351/1272/3106 1350/1271/2977 1396/1317/3107
f 1396/1317/3100 1350/1271/2977 1293/1214/2839
f 1293/1214/2839 1347/1268/2970 1396/1317/3100
f 1394/1315/3100 1345/1266/2970 1344/1265/3088
f 1344/1265/3108 1393/1314/3098 1394/1315/3109
f 1398/1319/3110 1399/1320/3111 1400/1321/3112
f 1400/1321/3113 1401/1322/3114 1398/1319/3115
f 1398/1319/3110 1401/1322/3116 1359/1280/3117
f 1359/1280/3118 1358/1279/3000 1398/1319/3110
f 1398/1319/3115 1358/1279/3119 1353/1274/2998
f 1353/1274/2998 1352/1273/3120 1398/1319/3110
f 1398/1319/3110 1352/1273/3120 1351/1272/2979
f 1351/1272/2979 1399/1320/3111 1398/1319/3110
f 1402/1323/3121 1403/1324/3122 1404/1325/3123
f 1404/1325/3124 1405/1326/3125 1402/1323/3121
f 1402/1323/3126 1405/1326/3127 1406/1327/3128
f 1406/1327/3128 1407/1328/3129 1402/1323/3126
f 1402/1323/3130 1407/1328/3131 1372/1293/3132
f 1372/1293/3132 1371/1292/3133 1402/1323/3130
f 1402/1323/3134 1371/1292/3031 1368/1289/3135
f 1368/1289/3135 1403/1324/3136 1402/1323/3134
f 1408/1329/3137 1378/1299/3138 1377/1298/3139
f 1377/1298/3139 1409/1330/3140 1408/1329/3137
f 1408/1329/3141 1409/1330/3142 1410/1331/3143
f 1410/1331/3144 1411/1332/3145 1408/1329/3141
f 1408/1329/3137 1411/1332/3145 1392/1313/3146
f 1392/1313/3102 1391/1312/3147 1408/1329/3137
f 1408/1329/3137 1391/1312/3147 1379/1300/3050
f 1379/1300/3050 1378/1299/3046 1408/1329/3148
f 1412/1333/3149 1395/1316/3105 1392/1313/3095
f 1392/1313/3095 1411/1332/3150 1412/1333/3151
f 1412/1333/3152 1411/1332/3153 1410/1331/3154
f 1410/1331/3154 1413/1334/3155 1412/1333/3156
f 1414/1335/3152 1415/1336/3157 1400/1321/3112
f 1400/1321/3112 1399/1320/3111 1414/1335/3152
f 1414/1335/3152 1399/1320/3111 1351/1272/2979
f 1351/1272/2979 1397/1318/3158 1414/1335/3156
f 1416/1337/3159 1417/1338/3160 1400/1321/3161
f 1400/1321/3112 1415/1336/3157 1416/1337/3159
f 1418/1339/3162 1413/1334/3163 1410/1331/3164
f 1410/1331/3164 1419/1340/3165 1418/1339/3166
f 1418/1339/3162 1419/1340/3167 1420/1341/3168
f 1420/1341/3169 1421/1342/3170 1418/1339/3166
f 1416/1337/3159 1422/1343/3170 1423/1344/3171
f 1423/1344/3171 1417/1338/3172 1416/1337/3159
f 1424/1345/3173 1417/1338/3160 1423/1344/3174
f 1423/1344/3174 1425/1346/3175 1424/1345/3173
f 1424/1345/3176 1425/1346/3177 1426/1347/3178
f 1426/1347/3179 1427/1348/3180 1424/1345/3173
f 1424/1345/3173 1427/1348/3181 1359/1280/3117
f 1359/1280/3118 1401/1322/3116 1424/1345/3182
f 1424/1345/3173 1401/1322/3114 1400/1321/3113
f 1400/1321/3113 1417/1338/3160 1424/1345/3173
f 1428/1349/3183 1360/1281/3184 1359/1280/3117
f 1359/1280/3117 1427/1348/3185 1428/1349/3186
f 1428/1349/3183 1427/1348/3185 1426/1347/3178
f 1426/1347/3178 1429/1350/3187 1428/1349/3188
f 1428/1349/3183 1429/1350/3189 1430/1351/3190
f 1430/1351/3190 1431/1352/3191 1428/1349/3183
f 1428/1349/3183 1431/1352/3192 1361/1282/3193
f 1361/1282/3193 1360/1281/3002 1428/1349/3183
f 1432/1353/3194 1367/1288/3195 1364/1285/3196
f 1364/1285/3196 1433/1354/3197 1432/1353/3194
f 1432/1353/3198 1433/1354/3197 1434/1355/3199
f 1434/1355/3200 1435/1356/3201 1432/1353/3198
f 1432/1353/3202 1435/1356/3201 1404/1325/3203
f 1404/1325/3124 1403/1324/3204 1432/1353/3202
f 1432/1353/3205 1403/1324/3204 1368/1289/3025
f 1368/1289/3025 1367/1288/3024 1432/1353/3205
f 1436/1357/3206 1431/1352/3207 1430/1351/3208
f 1430/1351/3209 1437/1358/3210 1436/1357/3211
f 1436/1357/3212 1437/1358/3213 1434/1355/3214
f 1434/1355/3214 1433/1354/3215 1436/1357/3216
f 1436/1357/3211 1433/1354/3215 1364/1285/3012
f 1364/1285/3012 1363/1284/3011 1436/1357/3211
f 1436/1357/3211 1363/1284/3217 1361/1282/3218
f 1361/1282/3218 1431/1352/3207 1436/1357/3211
f 1438/1359/3219 1439/1360/3220 515/515/1104
f 515/515/1104 483/483/1106 1438/1359/3221
f 1438/1359/3222 483/483/1049 486/486/3223
f 486/486/3223 1440/1361/3224 1438/1359/3221
f 1438/1359/3222 1440/1361/3224 1404/1325/3225
f 1404/1325/3225 1435/1356/3201 1438/1359/3222
f 1438/1359/3219 1435/1356/3201 1434/1355/3199
f 1434/1355/3199 1439/1360/3220 1438/1359/3219
f 1441/1362/3226 1405/1326/3125 1404/1325/3124
f 1404/1325/3124 1440/1361/3227 1441/1362/3226
f 1441/1362/3226 1440/1361/3227 486/486/1055
f 486/486/1055 487/487/3228 1441/1362/3226
f 1441/1362/3229 487/487/1058 489/489/1060
f 489/489/1060 1442/1363/3230 1441/1362/3229
f 1441/1362/3229 1442/1363/3230 1406/1327/3128
f 1406/1327/3128 1405/1326/3231 1441/1362/3229
f 1443/1364/3232 1407/1328/3233 1406/1327/3234
f 1406/1327/3128 1444/1365/3235 1443/1364/3232
f 1443/1364/3236 1444/1365/3237 1445/1366/3238
f 1445/1366/3239 1446/1367/3240 1443/1364/3236
f 1443/1364/3236 1446/1367/3240 1377/1298/3045
f 1377/1298/3045 1376/1297/3043 1443/1364/3236
f 1443/1364/3232 1376/1297/3241 1372/1293/3242
f 1372/1293/3242 1407/1328/3243 1443/1364/3232
f 1447/1368/3244 1446/1367/3245 1445/1366/3246
f 1445/1366/3246 1448/1369/3247 1447/1368/3244
f 1447/1368/3244 1448/1369/3248 1420/1341/3168
f 1420/1341/3168 1419/1340/3249 1447/1368/3250
f 1447/1368/3244 1419/1340/3249 1410/1331/3251
f 1410/1331/3251 1409/1330/3142 1447/1368/3250
f 1447/1368/3252 1409/1330/3253 1377/1298/3254
f 1377/1298/3045 1446/1367/3240 1447/1368/3252
f 1449/1370/3255 1450/1371/3256 1420/1341/3168
f 1420/1341/3168 1448/1369/3248 1449/1370/3255
f 1449/1370/3257 1448/1369/3247 1445/1366/3246
f 1445/1366/3246 1451/1372/3258 1449/1370/3257
f 1449/1370/3257 1451/1372/3259 500/500/3260
f 500/500/3261 501/501/1085 1449/1370/3257
f 1449/1370/3255 501/501/1085 503/503/3262
f 503/503/1084 1450/1371/3256 1449/1370/3255
f 1452/1373/3263 1450/1371/3264 503/503/3265
f 503/503/3265 502/502/1083 1452/1373/3263
f 1453/1374/3266 505/505/1083 504/504/1086
f 504/504/1086 1454/1375/3267 1453/1374/3266
f 1453/1374/3266 1454/1375/3267 1423/1344/3171
f 1423/1344/3171 1422/1343/3170 1453/1374/3268
f 1452/1373/3269 1421/1342/3170 1420/1341/3169
f 1420/1341/3168 1450/1371/3264 1452/1373/3269
f 1455/1376/3270 1425/1346/3271 1423/1344/3174
f 1423/1344/3174 1454/1375/3272 1455/1376/3270
f 1455/1376/3270 1454/1375/3273 504/504/1089
f 504/504/1089 508/508/1091 1455/1376/3270
f 1455/1376/3274 508/508/1091 509/509/1092
f 509/509/1092 1456/1377/3275 1455/1376/3274
f 1455/1376/3274 1456/1377/3275 1426/1347/3276
f 1426/1347/3179 1425/1346/3177 1455/1376/3274
f 1457/1378/3277 1429/1350/3278 1426/1347/3179
f 1426/1347/3178 1456/1377/3279 1457/1378/3277
f 1457/1378/3277 1456/1377/3279 509/509/1095
f 509/509/1095 511/511/3280 1457/1378/3281
f 1457/1378/3277 511/511/1098 512/512/3282
f 512/512/3283 1458/1379/3284 1457/1378/3277
f 1457/1378/3277 1458/1379/3285 1430/1351/3190
f 1430/1351/3190 1429/1350/3189 1457/1378/3286
f 1459/1380/3287 1437/1358/3288 1430/1351/3208
f 1430/1351/3208 1458/1379/3284 1459/1380/3287
f 1459/1380/3287 1458/1379/3289 512/512/1097
f 512/512/1097 514/514/1100 1459/1380/3287
f 1459/1380/3290 514/514/3291 515/515/1101
f 515/515/1101 1439/1360/3292 1459/1380/3293
f 1459/1380/3290 1439/1360/3292 1434/1355/3214
f 1434/1355/3294 1437/1358/3213 1459/1380/3287
f 1460/1381/3295 490/490/1063 500/500/3296
f 500/500/1080 1451/1372/3259 1460/1381/3295
f 1460/1381/3297 1451/1372/3258 1445/1366/3238
f 1445/1366/3239 1444/1365/3298 1460/1381/3299
f 1460/1381/3299 1444/1365/3235 1406/1327/3234
f 1406/1327/3234 1442/1363/3300 1460/1381/3299
f 1460/1381/3299 1442/1363/3300 489/489/3301
f 489/489/3301 490/490/1079 1460/1381/3299
f 1461/1382/292 158/158/285 157/157/284
f 157/157/3302 1462/1383/3303 1461/1382/291
f 1463/1384/3304 1464/1385/3305 1465/1386/3306
f 1465/1386/3307 1466/1387/3308 1463/1384/291
f 1463/1384/291 1466/1387/3308 1467/1388/3309
f 1467/1388/3310 1468/1389/293 1463/1384/291
f 973/973/2191 1016/1016/2189 1000/1000/292
f 1469/1390/292 1470/1390/2189 1471/1391/3311
f 1472/1392/3312 1473/1393/269 176/176/268
f 176/176/3313 175/175/3314 1472/1392/3315
f 1472/1392/3312 1474/1394/3316 1475/1395/3317
f 1475/1395/3318 1476/1396/3319 1472/1392/3315
f 1472/1392/3320 1476/1396/3321 1477/1397/3322
f 1477/1397/3322 1478/1398/3323 1472/1392/3320
f 1472/1392/3320 1478/1398/3323 177/177/3324
f 1472/1392/3320 155/155/3324 154/154/276
f 152/152/276 149/149/275 1472/1392/3320
f 1479/1399/3325 156/156/324 182/182/323
f 182/182/323 1480/1400/3326 1479/1399/3325
f 1479/1399/3325 1480/1400/3327 1481/1401/3328
f 1481/1401/3328 1482/1402/3329 1479/1399/3325
f 1483/1403/3330 1484/1404/3331 1465/1386/3332
f 1465/1386/3306 1464/1385/3303 1483/1403/3330
f 1479/1399/3325 1462/1383/3303 157/157/284
f 157/157/284 156/156/3333 1479/1399/3330
f 1485/1405/3334 1486/1406/3335 1467/1388/3309
f 1467/1388/3309 1466/1387/3336 1485/1405/3334
f 1485/1405/3337 1466/1387/3308 1465/1386/3338
f 1465/1386/3338 1487/1407/3339 1485/1405/3337
f 1485/1405/3337 1487/1407/3339 1488/1408/3340
f 1488/1408/3341 1489/1409/3342 1485/1405/3343
f 1485/1405/3344 1489/1409/3345 1490/1410/3346
f 1490/1410/3346 1486/1406/3335 1485/1405/3344
f 1491/1411/3347 1492/1412/3348 1493/1413/3349
f 1493/1413/3349 1494/1414/309 1491/1411/3347
f 173/173/309 164/164/3350 1491/1411/3347
f 1491/1411/3351 164/164/311 163/163/293
f 1491/1411/3351 1468/1389/293 1467/1388/3352
f 1467/1388/3310 1492/1412/3348 1491/1411/3351
f 1495/1415/3353 1486/1406/3335 1490/1410/3354
f 1490/1410/3355 1496/1416/3356 1495/1415/3353
f 1495/1415/3353 1496/1416/3356 1497/1417/3357
f 1497/1417/3357 1498/1418/3358 1495/1415/3353
f 1495/1415/3353 1498/1418/3359 1493/1413/3349
f 1493/1413/3349 1492/1412/3360 1495/1415/3361
f 1495/1415/3353 1492/1412/3348 1467/1388/3310
f 1467/1388/3352 1486/1406/3335 1495/1415/3362
f 1499/1419/3363 1500/1420/3364 1493/1413/3365
f 1493/1413/3365 1498/1418/3366 1499/1419/3363
f 1499/1419/3367 1498/1418/3368 1497/1417/3369
f 1497/1417/3369 1501/1421/3370 1499/1419/3363
f 1499/1419/3367 1501/1421/3370 1502/1422/3371
f 1502/1422/3371 1503/1423/3372 1499/1419/3367
f 1499/1419/3367 1503/1423/3373 1475/1395/3374
f 1475/1395/3375 1500/1420/3376 1499/1419/3367
f 1504/1424/310 1494/1414/3377 1493/1413/3365
f 1493/1413/3365 1500/1420/3364 1504/1424/310
f 1504/1424/310 1500/1420/3376 1475/1395/3375
f 1475/1395/3374 1474/1394/3378 1504/1424/312
f 1505/1425/3379 178/178/315 177/177/314
f 177/177/3380 1478/1398/3381 1505/1425/3379
f 1505/1425/3379 1478/1398/3382 1477/1397/3383
f 1477/1397/3383 1506/1426/3384 1505/1425/3385
f 1505/1425/3379 1506/1426/3384 1507/1427/3386
f 1507/1427/3387 1508/1428/3388 1505/1425/3379
f 1509/1429/3389 1510/1430/3390 1511/1431/3391
f 1511/1431/3392 1512/1432/3393 1509/1429/3389
f 1509/1429/3389 1512/1432/3393 1513/1433/3394
f 1513/1433/3394 1514/1434/3395 1509/1429/3389
f 1509/1429/3396 1514/1434/3397 180/180/3398
f 180/180/3398 179/179/316 1509/1429/3389
f 1515/1435/3399 181/181/319 180/180/3400
f 180/180/3400 1514/1434/3395 1515/1435/3401
f 1515/1435/3401 1514/1434/3395 1513/1433/3402
f 1513/1433/3402 1516/1436/3403 1515/1435/3401
f 1515/1435/3404 1516/1436/3405 1481/1401/3406
f 1481/1401/3407 1480/1400/3408 1515/1435/3404
f 1515/1435/3404 1480/1400/3326 182/182/323
f 182/182/323 181/181/322 1515/1435/3399
f 1517/1437/3409 1482/1402/3329 1481/1401/3328
f 1481/1401/3328 1518/1438/3410 1517/1437/3409
f 1517/1437/3409 1518/1438/3410 1519/1439/3411
f 1519/1439/3412 1520/1440/3413 1517/1437/3409
f 1521/1441/3414 1522/1442/3415 1523/1443/3416
f 1523/1443/3416 1524/1444/3417 1521/1441/3414
f 1521/1441/3414 1524/1444/3418 1488/1408/3340
f 1488/1408/3419 1487/1407/3339 1521/1441/3414
f 1521/1441/3414 1487/1407/3339 1465/1386/3306
f 1465/1386/3306 1484/1404/3329 1521/1441/3414
f 1525/1445/3420 1489/1409/3342 1488/1408/3341
f 1488/1408/3341 1524/1444/3421 1525/1445/3420
f 1525/1445/3420 1524/1444/3421 1523/1443/3422
f 1523/1443/3423 1526/1446/3424 1525/1445/3420
f 1525/1445/3425 1526/1446/3424 1527/1447/3426
f 1527/1447/3427 1528/1448/3428 1525/1445/3425
f 1525/1445/3425 1528/1448/3428 1490/1410/3346
f 1490/1410/3346 1489/1409/3345 1525/1445/3425
f 1529/1449/3429 1496/1416/3430 1490/1410/3355
f 1490/1410/3355 1528/1448/3431 1529/1449/3429
f 1529/1449/3429 1528/1448/3432 1527/1447/3433
f 1527/1447/3433 1530/1450/3434 1529/1449/3429
f 1529/1449/3435 1530/1450/3436 1531/1451/3437
f 1531/1451/3437 1532/1452/3438 1529/1449/3435
f 1529/1449/3435 1532/1452/3438 1497/1417/3439
f 1497/1417/3439 1496/1416/3440 1529/1449/3435
f 1533/1453/3441 1532/1452/3442 1531/1451/3443
f 1531/1451/3443 1534/1454/3444 1533/1453/3441
f 1533/1453/3445 1534/1454/3444 1535/1455/3446
f 1535/1455/3446 1536/1456/3447 1533/1453/3445
f 1533/1453/3445 1536/1456/3448 1502/1422/3371
f 1502/1422/3371 1501/1421/3449 1533/1453/3445
f 1533/1453/3441 1501/1421/3449 1497/1417/3450
f 1497/1417/3369 1532/1452/3442 1533/1453/3451
f 1537/1457/3452 1538/1458/3453 1502/1422/3454
f 1502/1422/3454 1536/1456/3448 1537/1457/3455
f 1537/1457/3452 1536/1456/3448 1535/1455/3446
f 1535/1455/3446 1539/1459/3456 1537/1457/3452
f 1537/1457/3452 1539/1459/3457 1540/1460/3458
f 1540/1460/3459 1541/1461/3460 1537/1457/3461
f 1537/1457/3461 1541/1461/3460 1542/1462/3462
f 1542/1462/3462 1538/1458/3463 1537/1457/3461
f 1543/1463/3464 1538/1458/3463 1542/1462/3462
f 1542/1462/3462 1544/1464/3465 1543/1463/3464
f 1543/1463/3464 1544/1464/3465 1477/1397/3322
f 1477/1397/3322 1476/1396/3321 1543/1463/3464
f 1543/1463/3466 1476/1396/3319 1475/1395/3318
f 1475/1395/3467 1503/1423/3468 1543/1463/3466
f 1543/1463/3466 1503/1423/3373 1502/1422/3469
f 1502/1422/3469 1538/1458/3453 1543/1463/3466
f 1545/1465/3470 1508/1428/3471 1507/1427/3387
f 1507/1427/3387 1546/1466/3472 1545/1465/3470
f 1545/1465/3473 1546/1466/3472 1547/1467/3474
f 1547/1467/3475 1548/1468/3476 1545/1465/3470
f 1545/1465/3477 1548/1468/3476 1511/1431/3391
f 1511/1431/3391 1510/1430/3478 1545/1465/3473
f 1549/1469/3479 1544/1464/3480 1542/1462/3481
f 1542/1462/3462 1550/1470/3482 1549/1469/3479
f 1549/1469/3483 1550/1470/3484 1551/1471/3485
f 1551/1471/3485 1552/1472/3486 1549/1469/3483
f 1549/1469/3483 1552/1472/3486 1507/1427/3386
f 1507/1427/3386 1506/1426/3487 1549/1469/3483
f 1549/1469/3479 1506/1426/3487 1477/1397/3488
f 1477/1397/3489 1544/1464/3480 1549/1469/3483
f 1553/1473/3490 1552/1472/3491 1551/1471/3485
f 1551/1471/3485 1554/1474/3492 1553/1473/3490
f 1553/1473/3493 1554/1474/3492 1555/1475/3494
f 1555/1475/3495 1556/1476/3496 1553/1473/3493
f 1553/1473/3493 1556/1476/3496 1547/1467/3474
f 1547/1467/3474 1546/1466/3472 1553/1473/3493
f 1553/1473/3490 1546/1466/3472 1507/1427/3387
f 1507/1427/3386 1552/1472/3491 1553/1473/3490
f 1557/1477/3497 1556/1476/3498 1555/1475/3495
f 1555/1475/3499 1558/1478/3500 1557/1477/3501
f 1557/1477/3501 1558/1478/3502 1559/1479/3503
f 1559/1479/3503 1560/1480/3504 1557/1477/3501
f 1557/1477/3501 1560/1480/3504 1513/1433/3505
f 1513/1433/3394 1512/1432/3393 1557/1477/3506
f 1557/1477/3501 1512/1432/3393 1511/1431/3392
f 1511/1431/3507 1548/1468/3476 1557/1477/3501
f 1557/1477/3497 1548/1468/3508 1547/1467/3509
f 1547/1467/3475 1556/1476/3498 1557/1477/3497
f 1561/1481/3510 1562/1482/3511 1555/1475/3495
f 1555/1475/3495 1554/1474/3492 1561/1481/3512
f 1561/1481/3513 1554/1474/3492 1551/1471/3514
f 1551/1471/3485 1563/1483/3515 1561/1481/3513
f 1561/1481/3513 1563/1483/3516 1564/1484/3517
f 1564/1484/3518 1565/1485/3519 1561/1481/3513
f 1561/1481/3510 1565/1485/3520 1566/1486/3521
f 1566/1486/3521 1562/1482/3511 1561/1481/3510
f 1567/1487/3522 1562/1482/3511 1566/1486/3523
f 1566/1486/3523 1568/1488/3524 1567/1487/3522
f 1567/1487/3522 1568/1488/3525 1569/1489/3526
f 1569/1489/3527 1570/1490/3528 1567/1487/3522
f 1567/1487/3522 1570/1490/3528 1559/1479/3503
f 1559/1479/3503 1558/1478/3502 1567/1487/3529
f 1567/1487/3522 1558/1478/3500 1555/1475/3530
f 1555/1475/3494 1562/1482/3511 1567/1487/3531
f 1571/1491/3532 1572/1492/3533 1559/1479/3534
f 1559/1479/3535 1570/1490/3536 1571/1491/3532
f 1571/1491/3532 1570/1490/3536 1569/1489/3537
f 1569/1489/3537 1573/1493/3538 1571/1491/3539
f 1571/1491/3540 1573/1493/3541 1574/1494/3542
f 1574/1494/3543 1575/1495/3544 1571/1491/3540
f 1571/1491/3532 1575/1495/3545 1576/1496/3546
f 1576/1496/3547 1577/1497/3548 1571/1491/3532
f 1571/1491/3540 1577/1497/3548 1519/1439/3549
f 1519/1439/3549 1572/1492/3550 1571/1491/3540
f 1578/1498/3551 1568/1488/3552 1566/1486/3553
f 1566/1486/3553 1579/1499/3554 1578/1498/3551
f 1578/1498/3555 1579/1499/3556 1580/1500/3557
f 1580/1500/3557 1581/1501/3558 1578/1498/3555
f 1578/1498/3555 1581/1501/3559 1574/1494/3542
f 1574/1494/3542 1573/1493/3560 1578/1498/3555
f 1578/1498/3551 1573/1493/3538 1569/1489/3527
f 1569/1489/3537 1568/1488/3552 1578/1498/3551
f 1582/1502/3561 1577/1497/3562 1576/1496/3546
f 1576/1496/3547 1583/1503/3563 1582/1502/3561
f 1584/1504/3564 1585/1505/3565 1586/1506/3566
f 1586/1506/3566 1587/1507/3567 1584/1504/3568
f 1584/1504/3569 1587/1507/3570 1523/1443/3416
f 1523/1443/3571 1522/1442/3413 1584/1504/3569
f 1582/1502/3568 1520/1440/3413 1519/1439/3411
f 1519/1439/3411 1577/1497/3562 1582/1502/3568
f 1588/1508/3572 1572/1492/3550 1519/1439/3549
f 1519/1439/3549 1518/1438/3573 1588/1508/3572
f 1588/1508/3574 1518/1438/3410 1481/1401/3407
f 1481/1401/3407 1516/1436/3405 1588/1508/3574
f 1588/1508/3574 1516/1436/3403 1513/1433/3402
f 1513/1433/3394 1560/1480/3504 1588/1508/3574
f 1588/1508/3574 1560/1480/3575 1559/1479/3534
f 1559/1479/3535 1572/1492/3576 1588/1508/3574
f 1589/1509/3577 1526/1446/3424 1523/1443/3571
f 1523/1443/3571 1587/1507/3570 1589/1509/3578
f 1589/1509/3579 1587/1507/3567 1586/1506/3580
f 1586/1506/3580 1590/1510/3581 1589/1509/3582
f 1589/1509/3579 1590/1510/3581 1591/1511/3583
f 1591/1511/3583 1592/1512/3584 1589/1509/3579
f 1589/1509/3582 1592/1512/3585 1527/1447/3426
f 1527/1447/3426 1526/1446/3424 1589/1509/3582
f 1593/1513/3586 1592/1512/3584 1591/1511/3583
f 1591/1511/3583 1594/1514/3587 1593/1513/3588
f 1593/1513/3586 1594/1514/3589 1595/1515/3590
f 1595/1515/3591 1596/1516/3592 1593/1513/3586
f 1593/1513/3593 1596/1516/3594 1531/1451/3443
f 1531/1451/3443 1530/1450/3436 1593/1513/3593
f 1593/1513/3595 1530/1450/3436 1527/1447/3433
f 1527/1447/3433 1592/1512/3584 1593/1513/3593
f 1597/1517/3596 1534/1454/3597 1531/1451/3443
f 1531/1451/3443 1596/1516/3594 1597/1517/3596
f 1597/1517/3598 1596/1516/3599 1595/1515/3600
f 1595/1515/3600 1598/1518/3601 1597/1517/3598
f 1597/1517/3602 1598/1518/3603 1599/1519/3604
f 1599/1519/3605 1600/1520/3606 1597/1517/3598
f 1597/1517/3602 1600/1520/3607 1535/1455/3446
f 1535/1455/3608 1534/1454/3444 1597/1517/3602
f 1601/1521/3609 1600/1520/3606 1599/1519/3610
f 1599/1519/3610 1602/1522/3611 1601/1521/3609
f 1601/1521/3609 1602/1522/3611 1603/1523/3612
f 1603/1523/3612 1604/1524/3613 1601/1521/3609
f 1601/1521/3614 1604/1524/3615 1540/1460/3616
f 1540/1460/3616 1539/1459/3617 1601/1521/3614
f 1601/1521/3614 1539/1459/3617 1535/1455/3446
f 1535/1455/3446 1600/1520/3618 1601/1521/3619
f 1605/1525/3620 1606/1526/3621 1540/1460/3459
f 1540/1460/3459 1604/1524/3622 1605/1525/3623
f 1605/1525/3624 1604/1524/3625 1603/1523/3612
f 1603/1523/3612 1607/1527/3626 1605/1525/3624
f 1605/1525/3624 1607/1527/3626 1608/1528/3627
f 1608/1528/3627 1609/1529/3628 1605/1525/3629
f 1605/1525/3630 1609/1529/3631 1564/1484/3632
f 1564/1484/3632 1606/1526/3633 1605/1525/3629
f 1610/1530/3634 1606/1526/3633 1564/1484/3518
f 1564/1484/3518 1563/1483/3635 1610/1530/3634
f 1610/1530/3634 1563/1483/3635 1551/1471/3636
f 1551/1471/3485 1550/1470/3484 1610/1530/3634
f 1610/1530/3637 1550/1470/3638 1542/1462/3462
f 1542/1462/3462 1541/1461/3460 1610/1530/3637
f 1610/1530/3639 1541/1461/3460 1540/1460/3459
f 1540/1460/3459 1606/1526/3640 1610/1530/3639
f 1611/1531/3641 1609/1529/3628 1608/1528/3627
f 1608/1528/3627 1612/1532/3642 1611/1531/3641
f 1611/1531/3643 1612/1532/3642 1580/1500/3644
f 1580/1500/3557 1579/1499/3556 1611/1531/3641
f 1611/1531/3645 1579/1499/3646 1566/1486/3647
f 1566/1486/3648 1565/1485/3519 1611/1531/3645
f 1611/1531/3645 1565/1485/3519 1564/1484/3632
f 1564/1484/3632 1609/1529/3649 1611/1531/3645
f 1613/1533/3650 1614/1534/3651 1580/1500/3557
f 1580/1500/3644 1612/1532/3652 1613/1533/3650
f 1613/1533/3650 1612/1532/3642 1608/1528/3627
f 1608/1528/3627 1615/1535/3653 1613/1533/3650
f 1613/1533/3650 1615/1535/3654 1616/1536/3655
f 1616/1536/3655 1617/1537/3656 1613/1533/3650
f 1613/1533/3650 1617/1537/3657 1618/1538/3658
f 1618/1538/3659 1614/1534/3660 1613/1533/3661
f 1619/1539/3662 1614/1534/3663 1618/1538/3659
f 1618/1538/3664 1620/1540/3665 1619/1539/3662
f 1619/1539/3666 1620/1540/3665 1621/1541/3667
f 1621/1541/3668 1622/1542/3669 1619/1539/3666
f 1619/1539/3666 1622/1542/3670 1574/1494/3543
f 1574/1494/3542 1581/1501/3559 1619/1539/3662
f 1619/1539/3662 1581/1501/3559 1580/1500/3644
f 1580/1500/3557 1614/1534/3663 1619/1539/3671
f 1623/1543/3672 1575/1495/3673 1574/1494/3542
f 1574/1494/3542 1622/1542/3669 1623/1543/3674
f 1623/1543/3675 1622/1542/3670 1621/1541/3676
f 1621/1541/3676 1624/1544/3677 1623/1543/3675
f 1623/1543/3678 1624/1544/3679 1625/1545/3680
f 1625/1545/3680 1626/1546/3681 1623/1543/3682
f 1623/1543/3675 1626/1546/3683 1576/1496/3546
f 1576/1496/3546 1575/1495/3684 1623/1543/3674
f 1627/1547/3685 1626/1546/3683 1625/1545/3680
f 1625/1545/3680 1628/1548/3686 1627/1547/3685
f 1629/1549/3687 1630/1550/3688 1631/1551/3689
f 1631/1551/3689 1632/1552/3690 1629/1549/3687
f 1629/1549/3691 1632/1552/3692 1586/1506/3693
f 1586/1506/3694 1585/1505/3565 1629/1549/3685
f 1627/1547/3685 1583/1503/3695 1576/1496/3546
f 1576/1496/3546 1626/1546/3681 1627/1547/3687
f 1633/1553/3696 1632/1552/3690 1631/1551/3697
f 1631/1551/3697 1634/1554/3698 1633/1553/3696
f 1633/1553/3699 1634/1554/3700 1635/1555/3701
f 1635/1555/3702 1636/1556/3703 1633/1553/3699
f 1633/1553/3696 1636/1556/3704 1591/1511/3705
f 1591/1511/3706 1590/1510/3707 1633/1553/3696
f 1633/1553/3696 1590/1510/3708 1586/1506/3693
f 1586/1506/3693 1632/1552/3692 1633/1553/3696
f 1637/1557/3709 1594/1514/3710 1591/1511/3711
f 1591/1511/3711 1636/1556/3712 1637/1557/3713
f 1637/1557/3714 1636/1556/3715 1635/1555/3716
f 1635/1555/3716 1638/1558/3717 1637/1557/3714
f 1637/1557/3718 1638/1558/3719 1639/1559/3720
f 1639/1559/3721 1640/1560/3722 1637/1557/3718
f 1637/1557/3713 1640/1560/3723 1595/1515/3591
f 1595/1515/3600 1594/1514/3710 1637/1557/3713
f 1641/1561/3724 1640/1560/3725 1639/1559/3726
f 1639/1559/3727 1642/1562/3728 1641/1561/3724
f 1641/1561/3729 1642/1562/3730 1643/1563/3731
f 1643/1563/3731 1644/1564/3732 1641/1561/3733
f 1641/1561/3733 1644/1564/3732 1599/1519/3610
f 1599/1519/3734 1598/1518/3735 1641/1561/3733
f 1641/1561/3724 1598/1518/3736 1595/1515/3600
f 1595/1515/3591 1640/1560/3723 1641/1561/3724
f 1645/1565/3737 1646/1566/3738 1647/1567/3739
f 1647/1567/3739 1648/1568/3740 1645/1565/3737
f 1645/1565/3737 1648/1568/3740 1603/1523/3612
f 1603/1523/3612 1602/1522/3741 1645/1565/3742
f 1645/1565/3737 1602/1522/3743 1599/1519/3734
f 1599/1519/3734 1644/1564/3744 1645/1565/3742
f 1645/1565/3742 1644/1564/3745 1643/1563/3746
f 1643/1563/3746 1646/1566/3747 1645/1565/3748
f 1649/1569/3749 1650/1570/3750 1616/1536/3751
f 1616/1536/3751 1615/1535/3653 1649/1569/3752
f 1649/1569/3752 1615/1535/3654 1608/1528/3627
f 1608/1528/3627 1607/1527/3753 1649/1569/3754
f 1649/1569/3754 1607/1527/3753 1603/1523/3612
f 1603/1523/3755 1648/1568/3756 1649/1569/3754
f 1649/1569/3754 1648/1568/3756 1647/1567/3757
f 1647/1567/3757 1650/1570/3750 1649/1569/3754
f 1651/1571/3758 1652/1572/3759 198/198/351
f 198/198/351 184/184/347 1651/1571/3758
f 1651/1571/3760 184/184/326 183/183/325
f 183/183/325 1653/1573/3761 1651/1571/3760
f 1651/1571/3760 1653/1573/3762 1618/1538/3658
f 1618/1538/3659 1617/1537/3657 1651/1571/3760
f 1651/1571/3758 1617/1537/3656 1616/1536/3655
f 1616/1536/3655 1652/1572/3759 1651/1571/3758
f 1654/1574/3763 1653/1573/3764 183/183/3765
f 183/183/325 187/187/329 1654/1574/3763
f 1654/1574/3766 187/187/3767 188/188/330
f 188/188/330 1655/1575/3768 1654/1574/3766
f 1654/1574/3766 1655/1575/3769 1621/1541/3770
f 1621/1541/3770 1620/1540/3665 1654/1574/3771
f 1654/1574/3763 1620/1540/3665 1618/1538/3664
f 1618/1538/3664 1653/1573/3772 1654/1574/3763
f 1656/1576/3773 1624/1544/3677 1621/1541/3676
f 1621/1541/3770 1655/1575/3774 1656/1576/3773
f 1656/1576/3773 1655/1575/3774 188/188/333
f 188/188/333 190/190/335 1656/1576/3773
f 1657/1577/3775 210/210/374 209/209/373
f 209/209/3776 1658/1578/3777 1657/1577/3775
f 1657/1577/3775 1658/1578/3777 1631/1551/3689
f 1631/1551/3697 1630/1550/3688 1657/1577/3775
f 1656/1576/3775 1628/1548/3688 1625/1545/3680
f 1625/1545/3778 1624/1544/3779 1656/1576/3773
f 1659/1579/3780 1660/1580/3781 1639/1559/3720
f 1639/1559/3720 1638/1558/3719 1659/1579/3780
f 1659/1579/3782 1638/1558/3717 1635/1555/3716
f 1635/1555/3716 1661/1581/3783 1659/1579/3782
f 1659/1579/3782 1661/1581/3784 213/213/381
f 213/213/381 212/212/379 1659/1579/3782
f 1659/1579/3782 212/212/3785 214/214/382
f 214/214/3786 1660/1580/3781 1659/1579/3782
f 1662/1582/3787 1660/1580/3788 214/214/382
f 214/214/382 216/216/385 1662/1582/3787
f 1662/1582/3789 216/216/387 217/217/386
f 217/217/386 1663/1583/3790 1662/1582/3789
f 1662/1582/3789 1663/1583/3790 1643/1563/3731
f 1643/1563/3731 1642/1562/3730 1662/1582/3789
f 1662/1582/3791 1642/1562/3728 1639/1559/3727
f 1639/1559/3726 1660/1580/3792 1662/1582/3787
f 1664/1584/3793 1646/1566/3738 1643/1563/3746
f 1643/1563/3746 1663/1583/3794 1664/1584/3795
f 1664/1584/3795 1663/1583/3794 217/217/3796
f 217/217/386 193/193/339 1664/1584/3795
f 1664/1584/3797 193/193/3798 196/196/344
f 196/196/3799 1665/1585/3800 1664/1584/3801
f 1664/1584/3797 1665/1585/3800 1647/1567/3739
f 1647/1567/3739 1646/1566/3738 1664/1584/3797
f 1666/1586/3802 1650/1570/3750 1647/1567/3757
f 1647/1567/3757 1665/1585/3800 1666/1586/3802
f 1666/1586/3802 1665/1585/3800 196/196/344
f 196/196/344 197/197/345 1666/1586/3802
f 1666/1586/3803 197/197/352 198/198/351
f 198/198/351 1652/1572/3804 1666/1586/3803
f 1666/1586/3803 1652/1572/3804 1616/1536/3751
f 1616/1536/3655 1650/1570/3750 1666/1586/3803
f 1667/1587/3805 1658/1578/3806 209/209/377
f 209/209/373 208/208/376 1667/1587/3805
f 1667/1587/3807 208/208/376 213/213/381
f 213/213/381 1661/1581/3783 1667/1587/3807
f 1667/1587/3808 1661/1581/3783 1635/1555/3809
f 1635/1555/3701 1634/1554/3700 1667/1587/3807
f 1667/1587/3805 1634/1554/3698 1631/1551/3810
f 1631/1551/3697 1658/1578/3806 1667/1587/3805
f 1668/1588/3811 1669/1589/3812 1670/1589/1318
f 1670/1589/1318 1671/1588/1275 1668/1588/3811
f 1669/1589/3813 1672/1590/3814 1673/1590/1319
f 1673/1590/1319 1670/1589/1318 1669/1589/3813
f 1674/1591/3815 1675/1592/3816 1676/1592/1302
f 1676/1592/1302 1677/1591/1300 1674/1591/3815
f 1675/1592/3817 1678/1593/3818 1679/1593/1303
f 1679/1593/1429 1676/1592/1296 1675/1592/3817
f 1672/1590/3819 1674/1591/3815 1677/1591/1300
f 1677/1591/1300 1673/1590/3820 1672/1590/3821
f 1680/1594/3822 1668/1588/3811 1671/1588/3823
f 1671/1588/1275 1681/1594/3824 1680/1594/3822
f 1678/1593/3818 1682/1595/3825 1683/1595/1430
f 1683/1595/3826 1679/1593/1429 1678/1593/3818
f 1682/1595/3827 1680/1594/3822 1681/1594/3824
f 1681/1594/3824 1683/1595/1430 1682/1595/3828
f 1684/1588/3829 1685/1589/3830 1669/1589/3813
f 1669/1589/3813 1668/1588/3831 1684/1588/3832
f 1685/1589/3830 1686/1590/3833 1672/1590/3821
f 1672/1590/3821 1669/1589/3813 1685/1589/3834
f 1687/1591/3835 1688/1592/3836 1675/1592/3817
f 1675/1592/3816 1674/1591/3815 1687/1591/3837
f 1686/1590/3838 1687/1591/3837 1674/1591/3815
f 1674/1591/3815 1672/1590/3821 1686/1590/3838
f 1689/1594/3839 1684/1588/3829 1668/1588/3831
f 1668/1588/3831 1680/1594/3822 1689/1594/3839
f 1688/1592/3836 1690/1593/3840 1678/1593/3841
f 1678/1593/3842 1675/1592/3817 1688/1592/3836
f 1690/1593/3843 1691/1595/3844 1682/1595/3825
f 1682/1595/3828 1678/1593/3818 1690/1593/3843
f 1691/1595/3845 1689/1594/3846 1680/1594/3822
f 1680/1594/3822 1682/1595/3828 1691/1595/3847
f 1692/691/3848 1693/690/3849 690/690/1473
f 690/690/3850 691/691/1475 1692/691/3851
f 1694/692/3852 1692/691/3851 691/691/1475
f 691/691/1475 692/692/1476 1694/692/3852
f 1695/715/3853 1696/717/3854 717/717/1523
f 717/717/1523 715/715/1522 1695/715/3853
f 1693/690/3855 1695/715/3853 715/715/1522
f 715/715/1522 690/690/1473 1693/690/3856
f 1696/717/3854 1697/720/3857 720/720/3858
f 720/720/3858 717/717/3859 1696/717/3854
f 1698/920/3860 1694/692/3861 692/692/3862
f 692/692/3862 920/920/2049 1698/920/3860
f 1699/925/3863 1698/920/3860 920/920/2049
f 920/920/2049 925/925/2038 1699/925/3863
f 1697/720/3864 1699/925/3865 925/925/2038
f 925/925/2038 720/720/2037 1697/720/3866
f 1700/692/3867 1701/691/3868 1692/691/3851
f 1692/691/3848 1694/692/3869 1700/692/3870
f 1702/715/3871 1703/717/3872 1696/717/3854
f 1696/717/3854 1695/715/3873 1702/715/3871
f 1704/690/3874 1702/715/3871 1695/715/3853
f 1695/715/3853 1693/690/3855 1704/690/3874
f 1705/920/3875 1700/692/3876 1694/692/3852
f 1694/692/3877 1698/920/3878 1705/920/3875
f 1706/925/3879 1705/920/3875 1698/920/3878
f 1698/920/3860 1699/925/3863 1706/925/3879
f 1703/717/3880 1707/720/3881 1697/720/3882
f 1697/720/3882 1696/717/3883 1703/717/3872
f 1707/720/3881 1706/925/3879 1699/925/3863
f 1699/925/3884 1697/720/3885 1707/720/3881
f 1701/691/3868 1704/690/3886 1693/690/3855
f 1693/690/3855 1692/691/3848 1701/691/3887
f 1708/749/3888 1709/750/3889 750/750/3890
f 750/750/1599 749/749/3891 1708/749/3892
f 1710/751/3893 1708/749/3888 749/749/3891
f 749/749/3891 751/751/3894 1710/751/3893
f 1709/750/3889 1711/771/3895 771/771/1638
f 771/771/1638 750/750/3896 1709/750/3889
f 1712/900/3897 1710/751/3893 751/751/3898
f 751/751/1600 900/900/1954 1712/900/3897
f 1713/913/3899 1712/900/3897 900/900/3900
f 900/900/1994 913/913/1993 1713/913/3899
f 1711/771/3901 1714/908/3902 908/908/3903
f 908/908/1980 771/771/1638 1711/771/3904
f 1715/914/3905 1713/913/3899 913/913/1993
f 913/913/1993 914/914/3906 1715/914/3905
f 1714/908/3902 1715/914/3905 914/914/3906
f 914/914/3906 908/908/1980 1714/908/3902
f 1716/751/3907 1717/749/3908 1708/749/3888
f 1708/749/3892 1710/751/3893 1716/751/3907
f 1717/749/3909 1718/750/3910 1709/750/3911
f 1709/750/3912 1708/749/3888 1717/749/3908
f 1718/750/3913 1719/771/3914 1711/771/3904
f 1711/771/3895 1709/750/3911 1718/750/3910
f 1720/900/3915 1716/751/3907 1710/751/3916
f 1710/751/3893 1712/900/3917 1720/900/3918
f 1721/913/3919 1720/900/3920 1712/900/3897
f 1712/900/3897 1713/913/3921 1721/913/3919
f 1719/771/3922 1722/908/3923 1714/908/3902
f 1714/908/3924 1711/771/3901 1719/771/3925
f 1723/914/3926 1721/913/3919 1713/913/3921
f 1713/913/3899 1715/914/3927 1723/914/3928
f 1722/908/3923 1723/914/3928 1715/914/3905
f 1715/914/3905 1714/908/3924 1722/908/3923
f 1724/862/3929 1725/863/3930 863/863/3931
f 863/863/1853 862/862/1852 1724/862/3929
f 1726/864/3932 1724/862/3929 862/862/1851
f 862/862/1852 864/864/3933 1726/864/3932
f 1727/888/3934 1726/864/3932 864/864/1855
f 864/864/1855 888/888/1916 1727/888/3935
f 1728/885/3936 1729/886/3937 886/886/1890
f 886/886/1894 885/885/1887 1728/885/3938
f 1730/884/3939 1728/885/3936 885/885/1889
f 885/885/1887 884/884/1886 1730/884/3939
f 1729/886/3937 1731/887/3940 887/887/3941
f 887/887/3941 886/886/1890 1729/886/3942
f 1731/887/3940 1727/888/3943 888/888/3944
f 888/888/3944 887/887/3945 1731/887/3940
f 1725/863/3946 1730/884/3947 884/884/1886
f 884/884/1886 863/863/3931 1725/863/3930
f 1732/864/3948 1733/862/3949 1724/862/3929
f 1724/862/3929 1726/864/3950 1732/864/3948
f 1734/888/3951 1732/864/3948 1726/864/3952
f 1726/864/3932 1727/888/3934 1734/888/3951
f 1735/885/3953 1736/886/3954 1729/886/3955
f 1729/886/3942 1728/885/3936 1735/885/3953
f 1737/884/3956 1735/885/3957 1728/885/3936
f 1728/885/3958 1730/884/3959 1737/884/3956
f 1738/887/3960 1734/888/3951 1727/888/3935
f 1727/888/3935 1731/887/3961 1738/887/3960
f 1736/886/3954 1738/887/3962 1731/887/3940
f 1731/887/3940 1729/886/3942 1736/886/3954
f 1733/862/3963 1739/863/3964 1725/863/3946
f 1725/863/3930 1724/862/3965 1733/862/3966
f 1739/863/3967 1737/884/3968 1730/884/3947
f 1730/884/3959 1725/863/3946 1739/863/3969
f 1740/805/3970 1741/806/3971 806/806/1718
f 806/806/1718 805/805/3972 1740/805/3970
f 1742/828/3973 1743/829/3974 829/829/3975
f 829/829/1758 828/828/1757 1742/828/3973
f 1744/831/3976 1742/828/3973 828/828/1764
f 828/828/1764 831/831/1765 1744/831/3977
f 1741/806/3978 1744/831/3976 831/831/1763
f 831/831/1765 806/806/1718 1741/806/3978
f 1745/839/3979 1740/805/3970 805/805/1789
f 805/805/3972 839/839/3980 1745/839/3981
f 1746/845/3982 1745/839/3981 839/839/3980
f 839/839/1791 845/845/1808 1746/845/3983
f 1743/829/3984 1747/844/3985 844/844/1807
f 844/844/1807 829/829/1758 1743/829/3986
f 1747/844/3985 1746/845/3983 845/845/1808
f 845/845/3987 844/844/1805 1747/844/3985
f 1748/805/3988 1749/806/3989 1741/806/3978
f 1741/806/3990 1740/805/3991 1748/805/3988
f 1750/828/3992 1751/829/3993 1743/829/3986
f 1743/829/3984 1742/828/3973 1750/828/3992
f 1749/806/3989 1752/831/3994 1744/831/3976
f 1744/831/3976 1741/806/3978 1749/806/3995
f 1752/831/3996 1750/828/3992 1742/828/3973
f 1742/828/3973 1744/831/3976 1752/831/3994
f 1753/839/3997 1748/805/3988 1740/805/3991
f 1740/805/3970 1745/839/3981 1753/839/3997
f 1754/845/3998 1753/839/3997 1745/839/3979
f 1745/839/3979 1746/845/3982 1754/845/3998
f 1751/829/3999 1755/844/4000 1747/844/4001
f 1747/844/3985 1743/829/3984 1751/829/3993
f 1755/844/4000 1754/845/3998 1746/845/3982
f 1746/845/3983 1747/844/3985 1755/844/4000
f 3/3/3 2/2/2 1756/1596/4002
f 1756/1596/4002 1757/1597/4003 3/3/3
f 1758/7/4004 1759/6/4005 1760/5/4006
f 1760/5/4006 1761/8/4007 1758/7/4008
f 1761/8/4009 1760/5/4010 1762/9/4011
f 1762/9/4012 1763/10/4013 1761/8/4014
f 1762/9/4015 1764/12/4016 1765/11/4017
f 1765/11/4018 1763/10/4019 1762/9/4015
f 13/13/4020 1764/12/4021 1762/9/4015
f 1762/9/4012 1766/14/4022 13/13/21
f 1762/9/4012 1760/5/4006 1766/14/4023
f 1767/15/4024 16/16/25 13/13/21
f 1766/14/4022 1768/17/4025 1767/15/4026
f 1767/15/4027 13/13/4028 1766/14/4022
f 1769/20/4029 1770/19/4030 1771/18/4031
f 1771/18/4031 1772/21/4032 1769/20/4029
f 1773/24/4033 1774/23/4034 1775/22/4035
f 1775/22/4036 1776/25/4037 1773/24/4038
f 1777/26/4039 1778/28/4040 1779/27/4041
f 1777/26/4039 1779/27/4042 1780/29/4043
f 1780/29/4044 1781/30/4045 1777/26/4046
f 1781/30/4045 1780/29/4044 1782/31/4047
f 1783/32/4048 1781/30/4045 1782/31/4049
f 1782/31/4047 1784/33/4050 1783/32/4048
f 1783/32/4048 1784/33/4050 1785/34/4051
f 1785/34/4051 1786/35/4052 1783/32/4048
f 1787/36/4053 1786/35/4054 1785/34/4051
f 1785/34/4055 1788/37/4056 1787/36/4053
f 1789/39/4057 1790/38/4058 1788/37/4056
f 1788/37/4056 1785/34/4059 1789/39/4057
f 1791/40/4060 1789/39/4057 1785/34/4059
f 1785/34/4059 1784/33/4061 1791/40/4060
f 1791/40/4062 1784/33/4061 1782/31/4049
f 1782/31/4047 1792/41/4063 1791/40/4064
f 42/42/68 1792/41/4065 1782/31/4047
f 1782/31/4047 1780/29/4043 42/42/68
f 43/43/4066 1793/45/4067 1794/44/4068
f 42/42/68 46/46/4069 1791/40/4070
f 1791/40/4064 1792/41/4063 42/42/68
f 47/47/75 1789/39/4057 1791/40/4060
f 1791/40/4060 46/46/76 47/47/75
f 48/48/78 1790/38/4071 1789/39/4057
f 1789/39/4057 47/47/75 48/48/78
f 48/48/78 50/50/80 1795/49/4072
f 1795/49/4072 1790/38/4073 48/48/81
f 1790/38/4074 1795/49/4075 1796/51/4076
f 1796/51/4077 1788/37/4056 1790/38/4058
f 1796/51/4077 1795/49/4075 1797/52/4078
f 1798/54/4079 1799/53/4080 1796/51/4077
f 1796/51/4081 1797/52/4078 1798/54/4079
f 1800/55/4082 1799/53/4083 1798/54/4079
f 1798/54/4084 1801/56/4085 1800/55/4082
f 1802/1598/4086 1803/1599/4087 1804/1600/4088
f 1804/1600/4088 1805/1601/4089 1802/1598/4086
f 1806/63/4090 1807/62/4091 1808/61/4092
f 1808/61/4092 1809/64/4093 1806/63/4090
f 66/66/103 1810/65/4094 1808/61/4095
f 1808/61/4092 67/67/104 66/66/103
f 1808/61/4096 1810/65/4097 1809/64/4098
f 69/69/108 68/68/107 1804/1600/4088
f 1804/1600/4088 1803/1599/4087 69/69/4099
f 70/70/4100 1801/56/4101 1798/54/4079
f 1798/54/4084 71/71/114 70/70/111
f 72/72/115 71/71/114 1798/54/4079
f 1798/54/4084 1797/52/4102 72/72/116
f 72/72/115 1797/52/4102 1795/49/4072
f 1795/49/4075 50/50/118 72/72/115
f 1811/1602/4103 1812/1603/4104 1813/1604/4105
f 1813/1604/4105 1814/1605/4106 1811/1602/4103
f 1815/79/4107 1816/78/4108 1817/77/4109
f 1817/77/4109 1818/80/4110 1815/79/4107
f 1819/82/4111 1820/81/4112 1815/79/4107
f 1815/79/4113 1818/80/4110 1819/82/4114
f 1819/82/4115 1758/7/4116 1821/83/4117
f 1821/83/4117 1820/81/4112 1819/82/4118
f 1761/8/4119 1822/84/4120 1821/83/4121
f 1821/83/4117 1758/7/4116 1761/8/4007
f 1763/10/4122 1765/11/4018 1823/85/4123
f 1823/85/4123 1824/86/4124 1763/10/4122
f 1765/11/4018 1825/87/4125 1823/85/4123
f 1826/1606/4125 1827/1607/4126 1828/1608/4127
f 1825/87/4125 1765/11/4018 1829/91/4128
f 1829/91/4129 1830/92/4130 1825/87/4131
f 1765/11/4017 1764/12/4132 1831/93/4133
f 1831/93/4134 1829/91/4128 1765/11/4018
f 1832/1609/4135 1833/1610/4136 1813/1604/4137
f 1813/1604/4105 1812/1603/4138 1832/1609/4135
f 1834/97/4139 1816/78/4108 1815/79/4107
f 1835/1611/4107 1836/1612/4140 1828/1608/4127
f 1828/1608/4127 1827/1607/4126 1835/1611/4141
f 1825/87/4125 1830/92/4142 1834/97/4143
f 1837/102/4144 1838/100/4145 1839/96/4146
f 1838/100/4147 1840/103/4148 1816/78/4149
f 1816/78/4149 1839/96/4126 1838/100/4145
f 1816/78/4149 1840/103/4150 1817/77/4151
f 1840/103/4148 1838/100/4152 1841/104/4153
f 1838/100/4154 1842/101/4155 1843/105/4156
f 1843/105/4156 1841/104/4157 1838/100/4154
f 1844/108/4158 1845/107/4159 1846/109/4160
f 111/111/181 1847/110/4161 1844/108/4162
f 1844/108/4162 112/112/186 111/111/181
f 1844/108/4158 1846/109/4160 113/113/184
f 113/113/184 112/112/186 1844/108/4162
f 1848/114/4163 1849/116/4164 1850/115/4165
f 1848/114/4166 1851/118/4167 1852/117/4168
f 1852/117/4168 1849/116/4164 1848/114/4169
f 1853/1613/4170 1854/1614/4171 1832/1609/4172
f 1832/1609/4172 1812/1603/4173 1853/1613/4174
f 1840/103/4175 1841/104/4176 1855/121/4177
f 1855/121/4177 1851/118/4178 1840/103/4148
f 1843/105/4179 1856/122/4180 1855/121/4181
f 1855/121/4181 1841/104/4157 1843/105/4156
f 1857/123/4182 1856/122/4183 1843/105/4156
f 1843/105/4156 1842/101/4184 1858/106/4159
f 1858/106/4185 1857/123/4182 1843/105/4156
f 1858/106/4159 1844/108/4162 1847/110/4161
f 1847/110/4186 1857/123/4187 1858/106/4159
f 1859/124/4188 1847/110/4186 111/111/214
f 111/111/214 125/125/4189 1859/124/4188
f 1860/1615/4190 127/127/220 126/126/219
f 126/126/219 1861/1616/4191 1860/1615/4192
f 1861/1616/4191 126/126/219 130/130/225
f 1861/1616/4191 130/130/225 1833/1610/4136
f 1861/1616/4191 1833/1610/4193 1832/1609/4135
f 1849/116/4194 1862/132/4195 1863/131/4196
f 1863/131/4197 1850/115/4165 1849/116/4198
f 1864/133/4199 1863/131/4200 1865/134/4201
f 1865/134/4202 136/136/234 135/135/258
f 135/135/4203 1864/133/4204 1865/134/4202
f 1865/134/4202 1866/138/4205 137/137/241
f 137/137/241 136/136/234 1865/134/4201
f 1866/138/4206 1862/132/4195 1867/139/4207
f 1851/118/4208 1855/121/4177 1852/117/4209
f 1867/139/4207 1852/117/4210 1855/121/4181
f 1855/121/4177 1856/122/4183 1867/139/4211
f 1859/124/4188 1866/138/4205 1867/139/4211
f 1867/139/4207 1856/122/4212 1859/124/4213
f 1859/124/4213 125/125/252 137/137/241
f 137/137/241 1866/138/4205 1859/124/4188
f 1856/122/4214 1857/123/4187 1847/110/4186
f 1847/110/4186 1859/124/4215 1856/122/4216
f 135/135/233 141/141/257 1868/140/4217
f 1868/140/4218 1864/133/4204 135/135/258
f 141/141/257 143/143/4219 1869/142/4220
f 1869/142/4221 1868/140/4217 141/141/4222
f 1870/146/4220 145/145/261 144/144/277
f 144/144/277 1871/147/4223 1870/146/4224
f 1872/148/4225 1873/151/4226 1874/150/4227
f 1872/148/4225 1874/150/4228 1871/147/4223
f 1872/148/4229 1871/147/4230 1875/149/4231
f 1876/152/4232 1875/149/4233 1871/147/4234
f 1871/147/4223 144/144/267 1876/152/4232
f 1877/154/4232 144/144/277 153/153/278
f 153/153/282 1878/155/4235 1877/154/4236
f 1879/158/4237 1880/157/4238 1881/156/4239
f 1881/156/4240 159/159/287 1879/158/4237
f 1882/164/4241 1883/163/4242 1884/162/4243
f 1885/160/4244 1882/164/4245 1884/162/4246
f 1885/160/4244 1884/162/4243 1886/161/4247
f 1886/161/4248 1887/165/4249 1885/160/4250
f 1888/166/4251 1887/165/4249 1886/161/4247
f 1889/167/4252 1890/169/4253 1891/168/4247
f 1891/168/4247 1848/114/4166 1850/115/4165
f 1850/115/4165 1889/167/4254 1891/168/4247
f 1892/170/4255 1889/167/4256 1850/115/4257
f 1850/115/4165 1863/131/4200 1892/170/4258
f 1892/170/4258 1893/171/4259 1890/169/4253
f 1890/169/4253 1889/167/4254 1892/170/4258
f 1888/166/4251 1894/172/4260 1874/150/4261
f 1874/150/4261 1887/165/4249 1888/166/4262
f 1873/151/4263 1885/160/4264 1887/165/4249
f 1887/165/4265 1874/150/4261 1873/151/4266
f 1895/174/4267 1896/173/4268 1882/164/4241
f 1873/151/4269 1895/174/4267 1882/164/4270
f 1873/151/4263 1882/164/4245 1885/160/4244
f 1897/175/4271 1895/174/4272 1873/151/4263
f 1873/151/4266 1898/176/4225 1897/175/4271
f 1899/177/4273 153/153/282 178/178/315
f 1900/181/4274 1901/180/4275 179/179/4276
f 179/179/321 159/159/4277 1900/181/4278
f 1881/156/4279 1902/182/4280 1900/181/4281
f 1900/181/4281 159/159/287 1881/156/4282
f 1903/183/4283 1904/187/4284 1905/186/4285
f 1903/183/4283 1905/186/4286 1906/185/4287
f 1903/183/4283 1906/185/4288 1907/184/4289
f 1908/188/4290 1909/190/4291 1910/189/4292
f 1908/188/4290 1910/189/4292 1905/186/4285
f 1908/188/4293 1905/186/4286 1904/187/4294
f 1910/189/4292 1911/192/4295 1912/191/4296
f 1912/191/4297 1905/186/4285 1910/189/4292
f 1913/196/4298 1914/197/4299 1915/195/4300
f 1915/195/4300 1916/194/4301 1917/193/4302
f 1913/196/4303 1915/195/4304 1917/193/4302
f 1915/195/4305 1914/197/4306 1918/198/4307
f 1915/195/4308 1918/198/4309 1907/184/4310
f 1915/195/4305 1907/184/4311 1906/185/4287
f 1906/185/4287 1919/200/4312 1920/199/4313
f 1920/199/4314 1915/195/4308 1906/185/4287
f 1906/185/4315 1905/186/4286 1912/191/4316
f 1912/191/4296 1919/200/4317 1906/185/4287
f 1921/202/4318 1922/201/4319 1919/200/4317
f 1919/200/4317 1912/191/4320 1921/202/4318
f 1912/191/4316 1911/192/4295 1923/203/4321
f 1923/203/4321 1921/202/4322 1912/191/4296
f 1924/206/4323 1925/205/4324 1926/204/4325
f 1926/204/4325 1927/207/4295 1924/206/4323
f 1924/206/4323 1928/209/4326 1929/208/4327
f 1924/206/4292 1930/210/4328 1928/209/4326
f 1924/206/4323 1929/208/4329 1925/205/4324
f 1925/205/4330 1931/213/4331 1932/212/4332
f 1925/205/4333 1929/208/4329 1931/213/4334
f 1925/205/4333 1932/212/4332 1933/211/4335
f 1934/214/4336 1935/216/4337 1936/215/4338
f 1934/214/4339 1936/215/4338 1933/211/4335
f 1934/214/4340 1933/211/4335 1932/212/4341
f 1937/217/4342 1917/193/4343 1916/194/4344
f 1937/217/4345 1916/194/4346 1936/215/4347
f 1937/217/4342 1936/215/4347 1935/216/4348
f 1916/194/4301 1938/219/4349 1939/218/4350
f 1939/218/4350 1936/215/4347 1916/194/4301
f 1916/194/4301 1915/195/4300 1920/199/4351
f 1920/199/4351 1938/219/4349 1916/194/4301
f 1919/200/4317 1940/221/4352 1941/220/4353
f 1941/220/4353 1920/199/4313 1919/200/4317
f 1940/221/4354 1919/200/4317 1922/201/4355
f 1942/223/4356 1943/222/4357 1940/221/4354
f 1940/221/4354 1922/201/4355 1942/223/4356
f 1942/223/4356 1944/225/4358 1945/224/4359
f 1945/224/4360 1943/222/4361 1942/223/4356
f 1946/227/4362 1947/226/4363 1945/224/4364
f 1945/224/4360 1944/225/4365 1946/227/4366
f 1948/228/4367 1947/226/4368 1949/229/4369
f 1949/229/4369 1947/226/4370 1946/227/4371
f 1946/227/4371 1950/231/4372 1951/230/4373
f 1951/230/4374 1949/229/4369 1946/227/4371
f 1952/233/4375 1953/232/4376 1951/230/4377
f 1951/230/4373 1950/231/4378 1952/233/4375
f 1952/233/4379 1954/235/4380 1955/234/4381
f 1955/234/4381 1953/232/4382 1952/233/4379
f 1956/237/4383 1957/236/4384 1955/234/4385
f 1955/234/4386 1954/235/4380 1956/237/4387
f 1958/238/4388 1957/236/4384 1956/237/4383
f 1956/237/4387 1959/239/4389 1958/238/4390
f 1960/241/4391 1959/239/4392 1961/240/4393
f 1961/240/4393 1962/242/4394 1960/241/4391
f 1960/241/4391 1962/242/4394 1963/243/4395
f 1963/243/4396 1964/244/4397 1960/241/4391
f 1965/247/4398 1966/246/4397 1967/245/4396
f 1967/245/4396 1968/248/4399 1965/247/4400
f 1965/247/4401 1968/248/4399 1969/249/4402
f 1969/249/4402 1970/250/4403 1965/247/4398
f 1971/251/4404 1970/250/4405 1969/249/4402
f 1969/249/4402 1972/252/4406 1971/251/4407
f 1971/251/4408 1972/252/4409 1973/253/4410
f 1973/253/4410 1974/254/4411 1971/251/4412
f 1975/255/4413 1974/254/4411 1973/253/4414
f 1973/253/4414 1976/256/4415 1975/255/4413
f 1977/257/4416 1976/256/4417 1973/253/4418
f 1973/253/4419 1978/258/4420 1977/257/4421
f 1979/259/4422 1978/258/4420 1973/253/4419
f 1973/253/4419 1972/252/4423 1979/259/4422
f 1980/260/4424 1978/258/4425 1979/259/4422
f 1979/259/4422 1981/261/4426 1980/260/4424
f 1982/262/4427 1981/261/4428 1979/259/4429
f 1979/259/4430 1983/263/4431 1982/262/4427
f 1984/264/4432 1981/261/4428 1982/262/4433
f 1982/262/4434 1985/265/4435 1984/264/4436
f 1986/266/4437 1985/265/4435 1982/262/4433
f 1982/262/4434 1987/267/4438 1986/266/4437
f 1988/268/4439 1987/267/4440 1982/262/4441
f 1982/262/4441 1983/263/4442 1988/268/4443
f 1989/269/4444 1987/267/4445 1988/268/4446
f 1988/268/4443 1990/270/4447 1989/269/4444
f 1986/266/4437 1987/267/4438 1989/269/4444
f 1989/269/4444 1991/271/4448 1986/266/4437
f 1992/274/4449 1993/273/4450 1994/272/4451
f 1994/272/4452 1995/275/4453 1992/274/4454
f 1996/276/4455 1995/275/4456 1994/272/4452
f 1994/272/4452 1997/277/4447 1996/276/4457
f 1998/278/4458 1995/275/4453 1996/276/4455
f 1996/276/4455 1999/279/4459 1998/278/4458
f 1998/278/4458 1999/279/4460 2000/280/4461
f 2000/280/4461 2001/281/4462 1998/278/4458
f 2002/282/4463 2001/281/4464 2000/280/4461
f 2000/280/4465 2003/283/4466 2002/282/4463
f 2002/282/4467 2004/285/4468 2005/284/4469
f 2005/284/4469 2001/281/4464 2002/282/4467
f 2002/282/4470 2006/287/4471 2007/286/4472
f 2007/286/4473 2004/285/4474 2002/282/4470
f 1950/231/4378 2008/289/4475 2009/288/4476
f 2009/288/4477 1952/233/4478 1950/231/4378
f 1946/227/4371 2010/290/4479 2008/289/4480
f 2008/289/4481 1950/231/4378 1946/227/4371
f 1946/227/4371 1944/225/4365 2011/291/4482
f 2011/291/4482 2010/290/4479 1946/227/4371
f 1942/223/4356 2012/292/4483 2011/291/4482
f 2011/291/4484 1944/225/4485 1942/223/4356
f 1942/223/4486 1922/201/4319 1921/202/4318
f 1921/202/4318 2012/292/4483 1942/223/4356
f 1921/202/4322 1923/203/4487 2013/293/4488
f 2013/293/4488 2012/292/4489 1921/202/4322
f 2013/293/4490 2014/294/4491 2011/291/4492
f 2011/291/4492 2012/292/4493 2013/293/4490
f 2015/295/4494 2010/290/4495 2011/291/4484
f 2011/291/4492 2014/294/4491 2015/295/4496
f 2016/298/4497 2017/297/4498 2018/296/4499
f 2018/296/4499 2019/299/4500 2016/298/4490
f 2016/298/4490 2020/301/4487 2021/300/4501
f 2021/300/4501 2017/297/4502 2016/298/4490
f 2021/300/4503 2022/303/4504 2023/302/4505
f 2023/302/4505 2017/297/4498 2021/300/4503
f 2021/300/4506 1926/204/4507 2024/304/4508
f 2024/304/4509 2022/303/4510 2021/300/4511
f 2021/300/4501 2020/301/4512 1927/207/4295
f 1927/207/4295 1926/204/4507 2021/300/4501
f 1926/204/4325 1925/205/4333 1933/211/4335
f 1933/211/4335 2024/304/4509 1926/204/4325
f 1933/211/4335 1936/215/4338 1939/218/4513
f 1939/218/4514 2024/304/4508 1933/211/4335
f 1938/219/4349 2025/306/4515 2026/305/4516
f 2026/305/4517 1939/218/4518 1938/219/4349
f 1938/219/4349 1920/199/4351 1941/220/4519
f 1941/220/4520 2025/306/4515 1938/219/4521
f 1948/228/4367 1949/229/4369 2027/307/4522
f 2027/307/4522 2028/308/4523 1948/228/4524
f 1951/230/4525 2029/309/4526 2027/307/4522
f 2027/307/4527 1949/229/4369 1951/230/4525
f 1951/230/4528 1953/232/4376 2030/310/4529
f 2030/310/4529 2029/309/4530 1951/230/4528
f 1955/234/4381 2031/311/4531 2030/310/4529
f 2030/310/4529 1953/232/4376 1955/234/4386
f 1955/234/4386 1957/236/4532 2032/312/4533
f 2032/312/4533 2031/311/4531 1955/234/4386
f 2032/312/4534 1957/236/4532 1958/238/4390
f 1958/238/4390 2033/313/4535 2032/312/4534
f 2034/314/4536 2033/313/4537 1958/238/4390
f 1958/238/4538 2035/315/4539 2034/314/4536
f 1960/241/4540 2035/315/4541 1958/238/4388
f 1958/238/4390 1959/239/4542 1960/241/4540
f 2036/316/4543 2035/315/4544 1960/241/4540
f 1960/241/4540 1964/244/4545 2036/316/4546
f 2037/317/4547 1966/246/4397 1965/247/4548
f 1965/247/4398 2038/318/4549 2037/317/4550
f 2039/319/4551 2038/318/4552 1965/247/4400
f 1965/247/4400 2040/320/4553 2039/319/4551
f 2039/319/4551 2040/320/4553 2041/321/4554
f 2041/321/4555 2042/322/4556 2039/319/4551
f 2043/323/4557 2042/322/4556 2041/321/4554
f 2041/321/4554 2044/324/4558 2043/323/4559
f 2043/323/4557 2044/324/4560 2045/325/4561
f 2045/325/4561 2046/326/4562 2043/323/4563
f 2045/325/4564 2044/324/4565 2047/327/4566
f 2047/327/4566 2048/328/4567 2045/325/4568
f 2049/329/4569 2048/328/4570 2047/327/4571
f 2047/327/4571 2050/330/4572 2049/329/4573
f 2049/329/4574 2050/330/4575 2051/331/4576
f 2051/331/4576 2052/332/4577 2049/329/4574
f 2053/333/4578 2052/332/4577 2051/331/4579
f 2051/331/4576 2054/334/4580 2053/333/4578
f 2055/335/4581 2054/334/4582 2051/331/4579
f 2051/331/4579 2056/336/4583 2055/335/4581
f 2057/337/4584 2056/336/4585 2051/331/4576
f 2051/331/4576 2050/330/4575 2057/337/4584
f 2057/337/4586 2050/330/4587 2047/327/4588
f 2047/327/4571 2058/338/4589 2057/337/4590
f 2041/321/4554 2058/338/4589 2047/327/4566
f 2047/327/4566 2044/324/4591 2041/321/4554
f 2059/339/4592 2058/338/4593 2041/321/4554
f 2041/321/4554 2040/320/4594 2059/339/4592
f 2057/337/4586 2058/338/4595 2059/339/4592
f 2059/339/4596 2060/340/4597 2057/337/4586
f 2057/337/4584 2060/340/4598 2061/341/4599
f 2061/341/4600 2056/336/4583 2057/337/4584
f 2055/335/4601 2056/336/4583 2061/341/4602
f 2061/341/4603 2062/342/4604 2055/335/4605
f 1975/255/4606 2062/342/4607 2061/341/4603
f 2061/341/4602 1974/254/4608 1975/255/4606
f 1971/251/4609 1974/254/4610 2061/341/4600
f 2061/341/4600 2060/340/4598 1971/251/4611
f 1971/251/4612 2060/340/4613 2059/339/4592
f 2059/339/4592 1970/250/4614 1971/251/4612
f 1965/247/4400 1970/250/4615 2059/339/4592
f 2059/339/4592 2040/320/4594 1965/247/4548
f 2063/343/4616 2062/342/4617 1975/255/4618
f 1975/255/4618 2064/344/4619 2063/343/4616
f 1977/257/4620 2064/344/4619 1975/255/4618
f 1975/255/4618 1976/256/4621 1977/257/4620
f 1980/260/4424 2065/345/4622 1977/257/4421
f 1977/257/4421 1978/258/4420 1980/260/4623
f 2066/346/4624 2065/345/4625 1980/260/4424
f 1980/260/4424 2067/347/4626 2066/346/4624
f 1984/264/4627 2067/347/4628 1980/260/4424
f 1980/260/4424 1981/261/4629 1984/264/4630
f 2068/348/4631 2067/347/4628 1984/264/4627
f 1984/264/4627 2069/349/4632 2068/348/4631
f 2070/350/4633 2069/349/4634 1984/264/4635
f 1984/264/4636 1985/265/4435 2070/350/4633
f 2070/350/4633 1985/265/4435 1986/266/4437
f 1986/266/4637 2071/351/4638 2070/350/4639
f 2072/352/4640 2071/351/4638 1986/266/4641
f 1986/266/4642 2073/353/4643 2072/352/4644
f 2074/354/4645 2073/353/4643 1986/266/4637
f 1986/266/4437 1991/271/4450 2074/354/4645
f 2075/355/4646 1993/273/4450 1992/274/4449
f 1992/274/4449 2076/356/4647 2075/355/4646
f 2077/357/4648 2076/356/4647 1992/274/4449
f 1992/274/4449 2078/358/4649 2077/357/4648
f 1998/278/4458 2078/358/4650 1992/274/4651
f 1992/274/4454 1995/275/4456 1998/278/4458
f 2005/284/4652 2078/358/4650 1998/278/4458
f 1998/278/4458 2001/281/4464 2005/284/4469
f 2077/357/4648 2078/358/4649 2005/284/4652
f 2005/284/4652 2079/359/4653 2077/357/4648
f 2005/284/4469 2004/285/4468 2080/360/4654
f 2080/360/4655 2079/359/4653 2005/284/4656
f 2007/286/4473 2081/361/4657 2080/360/4654
f 2080/360/4654 2004/285/4474 2007/286/4658
f 2007/286/4659 2082/363/4660 2083/362/4661
f 2083/362/4661 2081/361/4662 2007/286/4473
f 2006/287/4471 2084/364/4663 2082/363/4660
f 2082/363/4660 2007/286/4473 2006/287/4664
f 2085/365/4665 2084/364/4666 2006/287/4667
f 2006/287/4667 2086/366/4668 2085/365/4665
f 2087/368/4496 2088/367/4669 2084/364/4666
f 2084/364/4670 2085/365/4665 2087/368/4496
f 2087/368/4671 2019/299/4500 2018/296/4672
f 2018/296/4499 2088/367/4673 2087/368/4496
f 2018/296/4674 2089/370/4675 2090/369/4676
f 2090/369/4676 2088/367/4677 2018/296/4674
f 2018/296/4674 2017/297/4678 2023/302/4505
f 2023/302/4505 2089/370/4679 2018/296/4674
f 2023/302/4505 2091/372/4680 2092/371/4681
f 2092/371/4681 2089/370/4682 2023/302/4683
f 2023/302/4684 2022/303/4510 2093/373/4685
f 2093/373/4686 2091/372/4680 2023/302/4687
f 2024/304/4688 2093/373/4686 2022/303/4510
f 2093/373/4686 2024/304/4509 1939/218/4513
f 1939/218/4513 2026/305/4689 2093/373/4686
f 1943/222/4690 2094/374/4691 1941/220/4692
f 1941/220/4693 1940/221/4354 1943/222/4690
f 1943/222/4690 1945/224/4359 2095/375/4694
f 2095/375/4694 2094/374/4695 1943/222/4690
f 1947/226/4696 1948/228/4697 2095/375/4698
f 2095/375/4698 1945/224/4359 1947/226/4699
f 2028/308/4700 2096/376/4701 2095/375/4702
f 2095/375/4702 1948/228/4524 2028/308/4700
f 2028/308/4703 2097/378/4704 2098/377/4705
f 2098/377/4705 2096/376/4706 2028/308/4703
f 2027/307/4522 2099/379/4707 2097/378/4708
f 2097/378/4704 2028/308/4703 2027/307/4522
f 2029/309/4530 2083/362/4709 2099/379/4707
f 2099/379/4707 2027/307/4527 2029/309/4530
f 2030/310/4710 2081/361/4711 2083/362/4709
f 2083/362/4709 2029/309/4530 2030/310/4712
f 2030/310/4712 2031/311/4531 2080/360/4713
f 2080/360/4654 2081/361/4711 2030/310/4529
f 2032/312/4534 2079/359/4714 2080/360/4713
f 2080/360/4654 2031/311/4531 2032/312/4534
f 2077/357/4715 2079/359/4714 2032/312/4534
f 2032/312/4534 2033/313/4716 2077/357/4715
f 2077/357/4717 2033/313/4716 2034/314/4718
f 2034/314/4719 2076/356/4647 2077/357/4715
f 2075/355/4646 2076/356/4647 2034/314/4536
f 2034/314/4536 2100/380/4720 2075/355/4721
f 2074/354/4646 2101/382/4722 2102/381/4723
f 2102/381/4724 2073/353/4643 2074/354/4646
f 2102/381/4724 2101/382/4725 2037/317/4546
f 2037/317/4543 2038/318/4552 2102/381/4726
f 2102/381/4727 2038/318/4728 2039/319/4551
f 2039/319/4551 2103/383/4729 2102/381/4724
f 2104/384/4730 2103/383/4729 2039/319/4731
f 2039/319/4551 2042/322/4732 2104/384/4730
f 2104/384/4733 2042/322/4732 2043/323/4734
f 2043/323/4734 2105/385/4735 2104/384/4733
f 2106/386/4736 2105/385/4737 2043/323/4734
f 2043/323/4734 2046/326/4562 2106/386/4738
f 2107/387/4739 2046/326/4740 2045/325/4741
f 2045/325/4741 2048/328/4570 2107/387/4742
f 2107/387/4743 2048/328/4570 2049/329/4744
f 2049/329/4569 2108/388/4745 2107/387/4743
f 2109/389/4746 2108/388/4747 2049/329/4748
f 2049/329/4748 2052/332/4749 2109/389/4746
f 2109/389/4750 2052/332/4751 2053/333/4752
f 2053/333/4752 2110/390/4753 2109/389/4746
f 2111/391/4754 2110/390/4755 2053/333/4756
f 2053/333/4757 2112/392/4758 2111/391/4754
f 2113/393/4759 2112/392/4758 2053/333/4757
f 2053/333/4760 2054/334/4761 2113/393/4759
f 2113/393/4759 2054/334/4762 2055/335/4763
f 2055/335/4763 2114/394/4764 2113/393/4759
f 2063/343/4616 2114/394/4765 2055/335/4763
f 2055/335/4763 2062/342/4617 2063/343/4616
f 2115/395/4766 2114/394/4765 2063/343/4616
f 2063/343/4616 2116/396/4767 2115/395/4766
f 2066/346/4768 2116/396/4767 2063/343/4616
f 2063/343/4769 2064/344/4619 2066/346/4770
f 2066/346/4768 2064/344/4619 1977/257/4620
f 1977/257/4620 2065/345/4771 2066/346/4768
f 2068/348/4772 2116/396/4773 2066/346/4624
f 2066/346/4624 2067/347/4626 2068/348/4772
f 2115/395/4774 2116/396/4773 2068/348/4772
f 2068/348/4775 2117/397/4776 2115/395/4774
f 2118/398/4777 2117/397/4778 2068/348/4631
f 2068/348/4779 2069/349/4632 2118/398/4777
f 2118/398/4780 2069/349/4781 2070/350/4633
f 2070/350/4633 2119/399/4782 2118/398/4783
f 2120/400/4784 2119/399/4785 2070/350/4639
f 2070/350/4639 2071/351/4786 2120/400/4784
f 2120/400/4787 2071/351/4638 2072/352/4644
f 2072/352/4644 2121/401/4788 2120/400/4789
f 2104/384/4790 2121/401/4791 2072/352/4644
f 2072/352/4644 2103/383/4792 2104/384/4793
f 2122/402/4794 2121/401/4795 2104/384/4730
f 2104/384/4730 2105/385/4735 2122/402/4794
f 2122/402/4796 2105/385/4737 2106/386/4738
f 2106/386/4738 2123/403/4797 2122/402/4798
f 2124/404/4799 2123/403/4797 2106/386/4738
f 2106/386/4738 2125/405/4800 2124/404/4801
f 2107/387/4742 2125/405/4802 2106/386/4738
f 2106/386/4738 2046/326/4740 2107/387/4742
f 2126/406/4803 2125/405/4804 2107/387/4805
f 2107/387/4805 2108/388/4745 2126/406/4803
f 2126/406/4806 2108/388/4807 2109/389/4746
f 2109/389/4746 2127/407/4808 2126/406/4806
f 2110/390/4809 2111/391/4810 2127/407/4808
f 2127/407/4808 2109/389/4750 2110/390/4809
f 2128/409/4811 2129/408/4812 2111/391/4754
f 2111/391/4754 2112/392/4758 2128/409/4811
f 2128/409/4811 2112/392/4758 2113/393/4759
f 2113/393/4759 2130/410/4813 2128/409/4811
f 2115/395/4814 2130/410/4815 2113/393/4759
f 2113/393/4759 2114/394/4765 2115/395/4814
f 2131/411/4816 2130/410/4817 2115/395/4774
f 2115/395/4774 2117/397/4776 2131/411/4818
f 2131/411/4819 2117/397/4778 2118/398/4777
f 2118/398/4820 2132/412/4821 2131/411/4819
f 2133/413/4822 2132/412/4823 2118/398/4780
f 2118/398/4780 2119/399/4824 2133/413/4822
f 2133/413/4825 2119/399/4785 2120/400/4826
f 2120/400/4826 2134/414/4827 2133/413/4828
f 2122/402/4798 2134/414/4829 2120/400/4787
f 2120/400/4789 2121/401/4791 2122/402/4798
f 2135/415/4830 2134/414/4829 2122/402/4798
f 2122/402/4798 2123/403/4831 2135/415/4832
f 2135/415/4833 2123/403/4797 2124/404/4834
f 2124/404/4834 2136/416/4835 2135/415/4830
f 2135/415/4836 2136/416/4835 2133/413/4828
f 2133/413/4837 2134/414/4838 2135/415/4839
f 2133/413/4840 2136/416/4841 2137/417/4842
f 2137/417/4842 2132/412/4843 2133/413/4822
f 2137/417/4844 2136/416/4841 2124/404/4845
f 2124/404/4845 2138/418/4846 2137/417/4844
f 2126/406/4847 2138/418/4848 2124/404/4799
f 2124/404/4801 2125/405/4849 2126/406/4847
f 2139/419/4850 2138/418/4851 2126/406/4806
f 2126/406/4806 2127/407/4852 2139/419/4853
f 2129/408/4854 2139/419/4853 2127/407/4808
f 2127/407/4808 2111/391/4810 2129/408/4854
f 2139/419/4850 2129/408/4855 2128/409/4856
f 2128/409/4856 2140/420/4857 2139/419/4850
f 2131/411/4816 2140/420/4857 2128/409/4858
f 2128/409/4859 2130/410/4860 2131/411/4816
f 2137/417/4861 2140/420/4862 2131/411/4816
f 2131/411/4863 2132/412/4821 2137/417/4864
f 2139/419/4865 2140/420/4866 2137/417/4861
f 2137/417/4861 2138/418/4867 2139/419/4850
f 2102/381/4724 2103/383/4792 2072/352/4644
f 2072/352/4644 2073/353/4868 2102/381/4727
f 2036/316/4543 2100/380/4722 2034/314/4869
f 2034/314/4719 2035/315/4870 2036/316/4547
f 2082/363/4660 2090/369/4676 2099/379/4871
f 2099/379/4707 2083/362/4661 2082/363/4660
f 2084/364/4663 2088/367/4677 2090/369/4676
f 2090/369/4676 2082/363/4660 2084/364/4663
f 2097/378/4704 2099/379/4871 2141/421/4872
f 2090/369/4676 2141/421/4873 2099/379/4871
f 2090/369/4874 2089/370/4675 2092/371/4681
f 2092/371/4681 2141/421/4873 2090/369/4676
f 2026/305/4689 2142/422/4875 2091/372/4876
f 2091/372/4876 2093/373/4686 2026/305/4689
f 2026/305/4877 2025/306/4515 2143/423/4878
f 2143/423/4878 2142/422/4879 2026/305/4516
f 1941/220/4519 2094/374/4880 2143/423/4881
f 2143/423/4881 2025/306/4882 1941/220/4692
f 2095/375/4883 2096/376/4701 2143/423/4881
f 2143/423/4881 2094/374/4880 2095/375/4702
f 2098/377/4884 2142/422/4885 2143/423/4878
f 2143/423/4878 2096/376/4706 2098/377/4886
f 2098/377/4884 2092/371/4887 2091/372/4876
f 2091/372/4888 2142/422/4875 2098/377/4705
f 2098/377/4884 2097/378/4704 2141/421/4889
f 2141/421/4872 2092/371/4890 2098/377/4884
f 2008/289/4480 2010/290/4495 2015/295/4496
f 2015/295/4496 2144/424/4665 2008/289/4480
f 1952/233/4478 2009/288/4891 2145/425/4892
f 2145/425/4892 1954/235/4893 1952/233/4894
f 1956/237/4387 1954/235/4893 2145/425/4892
f 2145/425/4892 2146/426/4895 1956/237/4387
f 1956/237/4387 2146/426/4895 1961/240/4393
f 1961/240/4393 1959/239/4896 1956/237/4387
f 1961/240/4897 2147/428/4460 2148/427/4898
f 2148/427/4455 1962/242/4394 1961/240/4897
f 1963/243/4395 1962/242/4394 2148/427/4899
f 2148/427/4455 2149/429/4447 1963/243/4395
f 1967/245/4396 1990/270/4447 1988/268/4446
f 1988/268/4443 1968/248/4399 1967/245/4395
f 1969/249/4402 1968/248/4900 1988/268/4443
f 1988/268/4439 1983/263/4431 1969/249/4402
f 1969/249/4402 1983/263/4442 1979/259/4429
f 1979/259/4429 1972/252/4901 1969/249/4402
f 2150/430/4461 2147/428/4459 1961/240/4897
f 1961/240/4897 2146/426/4902 2150/430/4461
f 2150/430/4461 2146/426/4902 2145/425/4903
f 2145/425/4903 2151/431/4904 2150/430/4461
f 2006/287/4667 2002/282/4470 2003/283/4466
f 2003/283/4466 2086/366/4905 2006/287/4667
f 1837/102/4906 1834/97/4126 2152/92/4907
f 2153/107/4908 1837/102/4909 2152/92/4910
f 2152/92/4910 2154/91/4911 2153/107/4908
f 2154/91/4912 2155/93/4913 2156/109/4914
f 2156/109/4914 2153/107/4908 2154/91/4912
f 1783/32/4915 2157/432/4916 1777/26/4917
f 1777/26/4046 1781/30/4045 1783/32/4915
f 2158/433/4918 2157/432/4916 1783/32/4048
f 1783/32/4048 1786/35/4919 2158/433/4920
f 2158/433/4920 1786/35/4054 1787/36/4053
f 1787/36/4921 2159/434/4922 2158/433/4923
f 2160/437/4924 2161/436/4925 2162/435/4926
f 2162/435/4926 2163/438/4927 2160/437/4928
f 1800/55/4082 2164/439/4929 1799/53/4083
f 1805/1601/4930 2165/1617/4931 1802/1598/4086
f 2164/439/4932 1807/62/4091 1806/63/4933
f 1806/63/4934 2166/441/4935 2164/439/4936
f 2164/439/4936 2166/441/4935 2159/434/4937
f 1799/53/4938 2164/439/4939 2159/434/4940
f 2166/441/4935 2167/442/4941 2159/434/4937
f 2168/1618/4942 2169/1619/4943 2170/1620/4944
f 2170/1620/4945 2171/1621/4946 2168/1618/4947
f 2172/1622/4948 2171/1621/4946 2170/1620/4949
f 2170/1620/4949 2173/1623/4950 2172/1622/4948
f 2159/434/4951 2167/442/4941 2158/433/4920
f 2174/1624/4952 2169/1619/4953 2168/1618/4954
f 452/452/995 2175/1625/4955 2176/1626/4956
f 2176/1626/4956 453/453/996 452/452/4957
f 2177/1627/4112 2178/1628/4958 2179/1629/4140
f 2179/1629/4140 2180/1630/4107 2177/1627/4959
f 2177/1627/4959 2181/1631/4960 2182/1632/4961
f 2182/1632/4961 2178/1628/4962 2177/1627/4112
f 2182/1632/4963 2181/1631/4117 2183/1633/4120
f 2183/1633/4120 2184/1634/4964 2182/1632/4963
f 2184/1634/4965 2183/1633/4966 2185/1635/4967
f 2185/1635/4968 2186/1636/4969 2184/1634/4965
f 2185/1635/4970 2187/1637/4971 2188/1638/4972
f 2188/1638/4972 2186/1636/4973 2185/1635/4124
f 1763/10/4013 1824/86/4124 1822/84/4966
f 1822/84/4966 1761/8/4014 1763/10/4013
f 2189/1639/4974 2190/1640/4975 1828/1608/4127
f 2189/1639/4974 1828/1608/4976 1836/1612/4140
f 2189/1639/4974 1836/1612/4140 2191/1641/4977
f 2192/1642/4978 2193/1643/4979 2179/1629/4140
f 2179/1629/4980 2178/1628/4962 2194/1644/4981
f 2192/1642/4982 2179/1629/4140 2194/1644/4981
f 2195/1645/4983 2196/1646/4984 2186/1636/4973
f 2195/1645/4983 2186/1636/4973 2188/1638/4972
f 2195/1645/4983 2188/1638/4972 2197/1647/4985
f 2198/1648/4986 2199/1649/4987 2184/1634/4965
f 2198/1648/4988 2184/1634/4989 2186/1636/4973
f 2198/1648/4990 2186/1636/4969 2196/1646/4991
f 2200/1650/4992 2201/1651/4993 2182/1632/4963
f 2200/1650/4994 2182/1632/4963 2184/1634/4964
f 2200/1650/4995 2184/1634/4989 2199/1649/4987
f 2202/1652/4996 2194/1644/4981 2178/1628/4997
f 2202/1652/4998 2178/1628/4962 2182/1632/4961
f 2202/1652/4998 2182/1632/4961 2201/1651/4999
f 2187/1637/5000 1826/1606/4125 2188/1638/5001
f 2203/1653/5002 2197/1647/5003 2188/1638/5001
f 2203/1653/5002 2188/1638/4972 1826/1606/4125
f 2203/1653/5004 1826/1606/4125 2204/1654/5005
f 2205/1655/5006 2204/1654/5007 1826/1606/5008
f 2205/1655/5009 1826/1606/4125 1828/1608/4127
f 2205/1655/5009 1828/1608/5010 2190/1640/5011
f 2206/1656/5012 2207/1657/5013 2208/1658/5014
f 2208/1658/5015 2209/1659/5016 2210/1660/5017
f 2206/1656/5018 2208/1658/5014 2210/1660/5019
f 2211/1661/5020 2212/1662/5021 2213/1663/5022
f 2213/1663/5022 2208/1658/5023 2207/1657/5024
f 2211/1661/5025 2213/1663/5026 2207/1657/5027
f 2214/1664/5028 2208/1658/5023 2213/1663/5026
f 2213/1663/5026 2215/1665/5029 2214/1664/5028
f 2216/1666/5030 2215/1665/5031 2213/1663/5032
f 2213/1663/5026 2217/1667/5033 2216/1666/5030
f 2218/1668/5034 2215/1665/5031 2216/1666/5035
f 2216/1666/5030 2219/1669/5036 2218/1668/5034
f 2220/1670/5037 2219/1669/5038 2216/1666/5035
f 2216/1666/5035 2221/1671/5039 2220/1670/5037
f 2222/1672/5040 2221/1671/5041 2216/1666/5035
f 2216/1666/5035 2217/1667/5033 2222/1672/5042
f 2223/1673/5043 2224/1674/5044 2217/1667/5033
f 2217/1667/5033 2213/1663/5022 2212/1662/5021
f 2223/1673/5043 2217/1667/5033 2212/1662/5045
f 2217/1667/5033 2224/1674/5046 2225/1675/5047
f 2217/1667/5033 2225/1675/5047 2226/1676/5048
f 2217/1667/5033 2226/1676/5048 2222/1672/5040
f 2227/1677/5049 2228/1678/5050 2229/1679/5051
f 2227/1677/5052 2229/1679/5051 2230/1680/5053
f 2227/1677/5052 2230/1680/5053 2231/1681/5048
f 2232/1682/5054 2233/1683/5055 2234/1684/5056
f 2232/1682/5057 2234/1684/5056 2229/1679/5058
f 2232/1682/5057 2229/1679/5059 2228/1678/5050
f 2235/1685/5060 2236/1686/5061 2237/1687/5062
f 2235/1685/5060 2237/1687/5062 2234/1684/5063
f 2235/1685/5064 2234/1684/5065 2233/1683/5066
f 2238/1688/5067 2210/1660/5068 2209/1659/5016
f 2238/1688/5067 2209/1659/5016 2237/1687/5069
f 2238/1688/5070 2237/1687/5069 2236/1686/5071
f 2209/1659/5016 2239/1689/5072 2240/1690/5073
f 2240/1690/5073 2237/1687/5074 2209/1659/5016
f 2209/1659/5075 2208/1658/5015 2214/1664/5028
f 2214/1664/5028 2239/1689/5072 2209/1659/5076
f 2241/1691/5077 2239/1689/5072 2214/1664/5028
f 2214/1664/5028 2242/1692/5078 2241/1691/5077
f 2243/1693/5079 2241/1691/5077 2242/1692/5078
f 2242/1692/5080 2244/1694/5081 2243/1693/5079
f 2245/1695/5082 2244/1694/5083 2242/1692/5080
f 2242/1692/5084 2218/1668/5034 2245/1695/5085
f 2246/1696/5086 2244/1694/5087 2245/1695/5082
f 2245/1695/5085 2247/1697/5088 2246/1696/5086
f 2248/1698/5089 2247/1697/5090 2245/1695/5082
f 2245/1695/5085 2249/1699/5091 2248/1698/5089
f 2248/1698/5092 2250/1700/5093 2247/1697/5094
f 2251/1701/5095 2252/1702/5096 2248/1698/5097
f 2253/1703/5098 2251/1701/5099 2248/1698/5089
f 2248/1698/5092 2249/1699/5100 2253/1703/5098
f 2253/1703/5098 2249/1699/5100 2254/1704/5101
f 2254/1704/5101 2255/1705/5102 2253/1703/5098
f 2220/1670/5103 2255/1705/5102 2254/1704/5101
f 2254/1704/5101 2219/1669/5104 2220/1670/5037
f 2254/1704/5105 2218/1668/5034 2219/1669/5106
f 2245/1695/5085 2218/1668/5107 2254/1704/5105
f 2254/1704/5105 2249/1699/5091 2245/1695/5082
f 2218/1668/5034 2242/1692/5080 2214/1664/5028
f 2214/1664/5108 2215/1665/5109 2218/1668/5034
f 2256/1706/5110 2257/1707/5111 2258/1708/5112
f 2258/1708/5112 2259/1709/5113 2256/1706/5110
f 2258/1708/5112 2260/1710/5114 2261/1711/5115
f 2261/1711/5116 2259/1709/5117 2258/1708/5112
f 2230/1680/5053 2229/1679/5118 2261/1711/5116
f 2261/1711/5115 2260/1710/5114 2230/1680/5053
f 2261/1711/5115 2229/1679/5058 2234/1684/5119
f 2234/1684/5056 2262/1712/5120 2261/1711/5116
f 2240/1690/5073 2262/1712/5121 2234/1684/5065
f 2234/1684/5063 2237/1687/5069 2240/1690/5073
f 2263/1713/5122 2262/1712/5123 2240/1690/5073
f 2240/1690/5073 2264/1714/5124 2263/1713/5122
f 2240/1690/5073 2239/1689/5072 2241/1691/5125
f 2241/1691/5077 2264/1714/5126 2240/1690/5127
f 2241/1691/5125 2243/1693/5128 2265/1715/5129
f 2265/1715/5130 2264/1714/5131 2241/1691/5132
f 2266/1716/5133 2265/1715/5130 2243/1693/5134
f 2243/1693/5079 2267/1717/5135 2266/1716/5136
f 2246/1696/5137 2267/1717/5138 2243/1693/5134
f 2243/1693/5139 2244/1694/5081 2246/1696/5086
f 2268/1718/5140 2267/1717/5141 2246/1696/5086
f 2246/1696/5142 2269/1719/5143 2268/1718/5144
f 2270/1720/5145 2268/1718/5144 2269/1719/5146
f 2269/1719/5146 2271/1721/5147 2270/1720/5148
f 2272/1722/5149 2271/1721/5147 2269/1719/5146
f 2269/1719/5146 2250/1700/5093 2272/1722/5150
f 2272/1722/5149 2273/1723/5151 2274/1724/5152
f 2274/1724/5152 2275/1725/5153 2272/1722/5154
f 2276/1726/5155 2273/1723/5151 2248/1698/5092
f 2248/1698/5156 2252/1702/5096 2276/1726/5157
f 2248/1698/5089 2273/1723/5151 2272/1722/5154
f 2272/1722/5150 2250/1700/5093 2248/1698/5089
f 2277/1727/5158 2278/1728/5159 2279/1729/5160
f 2279/1729/5160 2280/1730/5161 2277/1727/5162
f 2279/1729/5163 2278/1728/5159 2281/1731/5096
f 2281/1731/5096 2282/1732/5099 2279/1729/5164
f 2279/1729/5165 2282/1732/5095 2283/1733/5166
f 2283/1733/5166 2256/1706/5110 2279/1729/5165
f 2257/1707/5167 2256/1706/5110 2283/1733/5168
f 2263/1713/5122 2284/1734/5169 2256/1706/5170
f 2256/1706/5110 2259/1709/5113 2263/1713/5122
f 2263/1713/5171 2259/1709/5113 2261/1711/5116
f 2261/1711/5115 2262/1712/5120 2263/1713/5171
f 2265/1715/5130 2284/1734/5172 2263/1713/5122
f 2263/1713/5122 2264/1714/5173 2265/1715/5130
f 2284/1734/5174 2265/1715/5130 2266/1716/5133
f 2266/1716/5133 2280/1730/5175 2284/1734/5172
f 2277/1727/5162 2280/1730/5175 2266/1716/5133
f 2266/1716/5176 2285/1735/5177 2277/1727/5162
f 2268/1718/5144 2285/1735/5178 2266/1716/5179
f 2266/1716/5176 2267/1717/5138 2268/1718/5144
f 2285/1735/5178 2268/1718/5144 2270/1720/5180
f 2270/1720/5181 2286/1736/5182 2285/1735/5177
f 2287/1737/5183 2286/1736/5184 2270/1720/5180
f 2270/1720/5180 2288/1738/5185 2287/1737/5183
f 2271/1721/5186 2289/1739/5187 2288/1738/5188
f 2288/1738/5185 2270/1720/5180 2271/1721/5186
f 2289/1739/5189 2271/1721/5186 2272/1722/5154
f 2272/1722/5149 2275/1725/5190 2289/1739/5189
f 2290/1740/5191 2274/1724/5152 2273/1723/5151
f 2273/1723/5151 2276/1726/5155 2290/1740/5191
f 2291/1741/5192 2292/1742/5191 2293/1743/5193
f 2293/1743/5193 2294/1744/5194 2291/1741/5192
f 2295/1745/5155 2296/1746/5195 2293/1743/5193
f 2293/1743/5196 2292/1742/5197 2295/1745/5155
f 2281/1731/5096 2278/1728/5198 2296/1746/5199
f 2296/1746/5200 2295/1745/5155 2281/1731/5096
f 2297/1747/5201 2296/1746/5199 2278/1728/5159
f 2278/1728/5198 2277/1727/5158 2297/1747/5201
f 2297/1747/5201 2277/1727/5162 2285/1735/5177
f 2285/1735/5178 2286/1736/5202 2297/1747/5201
f 2298/1748/5203 2297/1747/5204 2286/1736/5202
f 2286/1736/5205 2287/1737/5183 2298/1748/5203
f 2299/1749/5206 2298/1748/5203 2287/1737/5183
f 2287/1737/5183 2300/1750/5207 2299/1749/5208
f 2301/1751/5209 2300/1750/5207 2287/1737/5183
f 2287/1737/5183 2288/1738/5210 2301/1751/5211
f 2289/1739/5212 2302/1752/5213 2301/1751/5209
f 2301/1751/5209 2288/1738/5210 2289/1739/5189
f 2303/1753/5214 2302/1752/5215 2289/1739/5189
f 2289/1739/5189 2275/1725/5153 2303/1753/5214
f 2303/1753/5214 2275/1725/5153 2274/1724/5216
f 2274/1724/5152 2304/1754/5217 2303/1753/5218
f 2305/1755/5192 2304/1754/5219 2274/1724/5220
f 2274/1724/5216 2290/1740/5221 2305/1755/5222
f 2293/1743/5193 2296/1746/5223 2297/1747/5201
f 2297/1747/5201 2298/1748/5224 2293/1743/5193
f 2293/1743/5196 2298/1748/5203 2299/1749/5225
f 2299/1749/5225 2294/1744/5226 2293/1743/5193
f 2306/585/5227 2307/584/5228 2308/583/5229
f 2308/583/5229 2309/586/5230 2306/585/5227
f 2309/586/5231 2308/583/5229 2310/587/5232
f 2309/586/5233 2310/587/5232 2311/588/5234
f 2311/588/5234 2312/589/5235 2309/586/5233
f 2313/590/5236 2311/588/5237 2310/587/5238
f 2310/587/5239 2308/583/5229 2313/590/5240
f 2314/591/5241 2313/590/5242 2315/592/5243
f 2316/593/5244 2314/591/5241 2315/592/5243
f 2315/592/5245 2317/594/5246 2316/593/5247
f 2318/596/5248 2319/595/5249 2317/594/5246
f 2317/594/5246 2315/592/5243 2318/596/5250
f 2317/594/5246 2319/595/5249 2320/597/5251
f 2320/597/5252 2321/598/5253 2317/594/5246
f 2322/601/5254 2323/600/5255 2324/599/5256
f 2324/599/5257 2325/602/5258 2322/601/5254
f 2326/603/5259 2325/602/5260 2324/599/5257
f 2324/599/5261 2327/604/5262 2326/603/5263
f 2328/605/5264 2325/602/5265 2326/603/5263
f 2326/603/5266 2329/606/5267 2328/605/5264
f 2328/605/5264 2329/606/5268 2330/607/5269
f 2330/607/5269 2331/608/5270 2328/605/5264
f 2330/607/5269 2329/606/5271 2332/609/5272
f 2332/609/5273 2333/610/5274 2330/607/5275
f 2334/613/5276 2335/612/5277 2336/611/5278
f 2336/611/5279 2337/614/5280 2334/613/5281
f 2338/615/5282 2335/612/5283 2334/613/5281
f 2334/613/5284 2339/616/5285 2338/615/5282
f 2340/618/5286 2341/617/5287 2334/613/5281
f 2334/613/5284 2337/614/5288 2340/618/5289
f 2342/619/5290 2341/617/5287 2340/618/5286
f 2343/620/5291 2340/618/5289 2337/614/5280
f 2337/614/5280 2344/621/5292 2343/620/5293
f 2344/621/5292 2337/614/5280 2336/611/5279
f 2336/611/5279 2345/622/5294 2344/621/5292
f 2326/603/5295 2327/604/5262 2332/609/5296
f 2332/609/5296 2329/606/5267 2326/603/5259
f 2344/621/5292 2345/622/5294 2320/597/5252
f 2320/597/5252 2319/595/5297 2344/621/5292
f 2343/620/5291 2344/621/5292 2319/595/5249
f 2319/595/5249 2318/596/5298 2343/620/5291
f 2346/623/5299 2318/596/5248 2315/592/5243
f 2315/592/5243 2313/590/5300 2346/623/5299
f 2347/624/5301 2346/623/5299 2313/590/5302
f 2313/590/5240 2308/583/5303 2347/624/5301
f 2308/583/5229 2307/584/5304 2348/625/5207
f 2348/625/5207 2349/626/5305 2308/583/5229
f 2350/627/5225 2348/625/5306 2307/584/5304
f 2307/584/5304 2351/628/5307 2350/627/5208
f 2352/629/5308 2351/628/5307 2307/584/5304
f 2352/629/5308 2307/584/5309 2306/585/5310
f 2353/630/5311 2352/629/5308 2306/585/5312
f 2306/585/5310 2354/631/5313 2353/630/5314
f 2354/631/5313 2306/585/5312 2309/586/5231
f 2309/586/5231 2312/589/5315 2354/631/5313
f 2355/632/5316 2312/589/5235 2311/588/5317
f 2311/588/5237 2356/633/5318 2355/632/5316
f 2356/633/5319 2311/588/5237 2339/616/5320
f 2357/634/5321 2356/633/5319 2339/616/5322
f 2339/616/5323 2358/635/5324 2357/634/5321
f 2359/636/5325 2358/635/5326 2339/616/5327
f 2339/616/5328 2360/637/5329 2359/636/5330
f 2361/638/5331 2358/635/5326 2359/636/5325
f 2359/636/5332 2362/639/5333 2361/638/5334
f 2363/640/5335 2362/639/5336 2359/636/5325
f 2359/636/5325 2364/641/5337 2363/640/5335
f 2363/640/5338 2364/641/5339 2365/642/5340
f 2365/642/5340 2366/643/5341 2363/640/5342
f 2365/642/5340 2364/641/5337 2367/644/5343
f 2367/644/5344 2368/645/5345 2365/642/5340
f 2369/646/5346 2368/645/5347 2367/644/5343
f 2367/644/5343 2370/647/5348 2369/646/5349
f 2368/645/5347 2369/646/5346 2371/648/5350
f 2371/648/5351 2372/649/5352 2368/645/5345
f 2371/648/5350 2369/646/5349 2373/650/5353
f 2373/650/5354 2374/651/5355 2371/648/5350
f 2375/652/5356 2374/651/5357 2373/650/5354
f 2373/650/5354 2376/653/5358 2375/652/5356
f 2377/654/5359 2374/651/5360 2375/652/5361
f 2375/652/5356 2378/655/5362 2377/654/5363
f 2379/656/5364 2378/655/5365 2375/652/5356
f 2375/652/5366 2380/657/5222 2379/656/5194
f 2381/658/5367 2380/657/5222 2376/653/5368
f 2376/653/5368 2382/659/5369 2381/658/5367
f 2381/658/5370 2382/659/5371 2383/660/5372
f 2383/660/5372 2384/661/5214 2381/658/5373
f 2384/661/5214 2383/660/5372 2385/662/5374
f 2384/661/5214 2385/662/5374 2347/624/5375
f 2347/624/5375 2386/663/5213 2384/661/5214
f 2346/623/5376 2347/624/5301 2385/662/5374
f 2385/662/5377 2387/664/5378 2346/623/5376
f 2346/623/5376 2387/664/5379 2343/620/5380
f 2343/620/5380 2318/596/5298 2346/623/5381
f 2340/618/5289 2343/620/5291 2387/664/5378
f 2340/618/5382 2387/664/5379 2342/619/5383
f 2382/659/5371 2388/665/5384 2342/619/5290
f 2342/619/5383 2383/660/5372 2382/659/5385
f 2373/650/5353 2388/665/5384 2382/659/5386
f 2382/659/5385 2376/653/5368 2373/650/5353
f 2387/664/5378 2385/662/5387 2383/660/5372
f 2383/660/5372 2342/619/5383 2387/664/5378
f 2380/657/5388 2375/652/5366 2376/653/5368
f 2388/665/5384 2373/650/5353 2369/646/5349
f 2369/646/5349 2370/647/5389 2388/665/5390
f 2342/619/5383 2388/665/5384 2370/647/5389
f 2370/647/5348 2341/617/5287 2342/619/5383
f 2341/617/5287 2370/647/5389 2367/644/5343
f 2367/644/5343 2360/637/5391 2341/617/5392
f 2359/636/5330 2360/637/5391 2367/644/5343
f 2367/644/5343 2364/641/5337 2359/636/5393
f 2360/637/5394 2339/616/5323 2341/617/5287
f 2311/588/5237 2389/666/5395 2339/616/5285
f 2316/593/5247 2389/666/5396 2311/588/5237
f 2311/588/5237 2314/591/5397 2316/593/5247
f 2314/591/5398 2311/588/5237 2313/590/5236
f 2390/667/5399 2316/593/5244 2317/594/5400
f 2317/594/5246 2321/598/5253 2390/667/5401
f 2391/668/5402 2323/600/5255 2322/601/5254
f 2322/601/5254 2392/669/5403 2391/668/5404
f 2328/605/5264 2392/669/5403 2322/601/5254
f 2322/601/5254 2325/602/5265 2328/605/5405
f 2393/670/5406 2392/669/5403 2328/605/5407
f 2328/605/5264 2331/608/5270 2393/670/5408
f 2394/671/5409 2331/608/5270 2330/607/5275
f 2330/607/5275 2333/610/5274 2394/671/5409
f 2393/670/5406 2331/608/5270 2394/671/5409
f 2394/671/5409 2395/672/5410 2393/670/5406
f 2389/666/5395 2396/673/5411 2338/615/5412
f 2338/615/5412 2339/616/5320 2389/666/5395
f 2390/667/5399 2396/673/5413 2389/666/5414
f 2389/666/5395 2316/593/5244 2390/667/5399
f 2393/670/5415 2395/672/5410 2391/668/5416
f 2391/668/5416 2392/669/5417 2393/670/5415
f 2341/617/5287 2339/616/5327 2334/613/5418
f 2349/626/5209 2386/663/5213 2347/624/5301
f 2347/624/5301 2308/583/5229 2349/626/5209
f 2397/675/5419 2398/674/5420 2379/656/5364
f 2379/656/5194 2350/627/5225 2397/675/5421
f 2397/675/5419 2399/676/5422 2398/674/5423
f 2350/627/5208 2351/628/5307 2397/675/5421
f 2400/677/5424 2397/675/5419 2351/628/5425
f 2351/628/5425 2401/678/5426 2400/677/5427
f 2353/630/5314 2401/678/5428 2351/628/5307
f 2351/628/5307 2352/629/5308 2353/630/5314
f 2402/680/5429 2403/679/5430 2353/630/5314
f 2353/630/5314 2354/631/5313 2402/680/5429
f 2355/632/5431 2402/680/5429 2354/631/5432
f 2354/631/5432 2312/589/5315 2355/632/5433
f 2404/681/5434 2402/680/5435 2355/632/5436
f 2405/682/5437 2404/681/5434 2355/632/5316
f 2357/634/5438 2405/682/5437 2355/632/5316
f 2355/632/5316 2356/633/5319 2357/634/5439
f 2406/683/5440 2405/682/5441 2357/634/5321
f 2357/634/5321 2407/684/5442 2406/683/5443
f 2361/638/5334 2407/684/5442 2357/634/5321
f 2357/634/5439 2358/635/5324 2361/638/5444
f 2408/685/5445 2407/684/5446 2361/638/5444
f 2361/638/5444 2409/686/5447 2408/685/5448
f 2410/687/5449 2409/686/5450 2361/638/5334
f 2361/638/5334 2362/639/5333 2410/687/5451
f 2411/688/5452 2409/686/5453 2410/687/5451
f 2410/687/5449 2412/689/5454 2411/688/5452
f 2411/688/5452 2412/689/5455 2413/690/5456
f 2413/690/5456 2414/691/5457 2411/688/5452
f 2411/688/5458 2414/691/5457 2415/692/5459
f 2415/692/5459 2416/693/5460 2411/688/5461
f 2417/696/5462 2418/695/5463 2419/694/5464
f 2419/694/5464 2420/697/5465 2417/696/5462
f 2421/698/5466 2420/697/5467 2419/694/5468
f 2419/694/5468 2422/699/5469 2421/698/5466
f 2423/700/5470 2420/697/5471 2421/698/5472
f 2421/698/5472 2424/701/5473 2423/700/5474
f 2423/700/5475 2424/701/5476 2425/702/5477
f 2425/702/5478 2426/703/5479 2423/700/5470
f 2425/702/5480 2424/701/5481 2427/704/5482
f 2427/704/5482 2428/705/5483 2425/702/5477
f 2427/704/5482 2424/701/5484 2421/698/5472
f 2421/698/5472 2422/699/5485 2427/704/5482
f 2429/706/5486 2422/699/5469 2419/694/5464
f 2419/694/5468 2430/707/5487 2429/706/5486
f 2427/704/5482 2422/699/5469 2429/706/5486
f 2429/706/5486 2431/708/5488 2427/704/5482
f 2427/704/5482 2431/708/5488 2432/709/5489
f 2432/709/5490 2428/705/5483 2427/704/5482
f 2432/709/5491 2431/708/5488 2433/710/5492
f 2433/710/5492 2434/711/5493 2432/709/5491
f 2433/710/5492 2435/713/5494 2436/712/5495
f 2436/712/5496 2434/711/5493 2433/710/5497
f 2437/714/5498 2435/713/5499 2433/710/5500
f 2433/710/5500 2430/707/5501 2437/714/5498
f 2438/716/5502 2439/715/5503 2413/690/5456
f 2413/690/5504 2412/689/5455 2438/716/5505
f 2440/718/5506 2441/717/5507 2439/715/5508
f 2439/715/5503 2438/716/5505 2440/718/5506
f 2441/717/5507 2440/718/5506 2442/719/5509
f 2442/719/5510 2443/720/5511 2441/717/5507
f 2442/719/5510 2440/718/5512 2444/721/5513
f 2444/721/5514 2445/722/5515 2442/719/5510
f 2444/721/5516 2440/718/5506 2438/716/5505
f 2438/716/5505 2446/723/5517 2444/721/5514
f 2444/721/5516 2446/723/5518 2363/640/5519
f 2363/640/5335 2366/643/5341 2444/721/5514
f 2365/642/5520 2447/724/5521 2366/643/5341
f 2448/725/5522 2447/724/5521 2365/642/5340
f 2449/726/5523 2448/725/5524 2365/642/5520
f 2450/727/5525 2449/726/5523 2365/642/5526
f 2451/728/5527 2450/727/5525 2365/642/5520
f 2365/642/5528 2452/729/5529 2451/728/5530
f 2452/729/5531 2365/642/5528 2368/645/5532
f 2453/730/5533 2452/729/5534 2368/645/5535
f 2453/730/5536 2368/645/5532 2372/649/5352
f 2372/649/5537 2454/731/5538 2453/730/5539
f 2372/649/5352 2371/648/5540 2455/732/5541
f 2455/732/5542 2456/733/5543 2372/649/5352
f 2377/654/5359 2455/732/5544 2371/648/5350
f 2371/648/5350 2374/651/5545 2377/654/5359
f 2455/732/5544 2377/654/5363 2399/676/5546
f 2399/676/5422 2457/734/5547 2455/732/5542
f 2398/674/5423 2399/676/5546 2377/654/5363
f 2377/654/5363 2378/655/5548 2398/674/5423
f 2398/674/5549 2378/655/5365 2379/656/5364
f 2400/677/5550 2457/734/5547 2399/676/5422
f 2399/676/5546 2397/675/5551 2400/677/5550
f 2458/735/5552 2457/734/5553 2400/677/5554
f 2400/677/5427 2459/736/5555 2458/735/5552
f 2460/737/5556 2459/736/5555 2400/677/5424
f 2400/677/5424 2401/678/5557 2460/737/5556
f 2460/737/5556 2401/678/5557 2353/630/5314
f 2353/630/5314 2403/679/5558 2460/737/5559
f 2461/738/5560 2462/739/5561 2403/679/5562
f 2463/740/5563 2461/738/5564 2403/679/5565
f 2463/740/5563 2403/679/5430 2402/680/5435
f 2402/680/5435 2464/741/5566 2463/740/5563
f 2404/681/5434 2464/741/5567 2402/680/5435
f 2465/742/5568 2464/741/5566 2404/681/5434
f 2404/681/5434 2466/743/5569 2465/742/5570
f 2466/743/5569 2404/681/5571 2449/726/5572
f 2467/744/5573 2466/743/5569 2449/726/5574
f 2449/726/5574 2468/745/5575 2467/744/5573
f 2449/726/5523 2450/727/5525 2469/746/5576
f 2469/746/5576 2468/745/5577 2449/726/5523
f 2469/746/5578 2470/748/5579 2471/747/5580
f 2471/747/5580 2468/745/5577 2469/746/5576
f 2472/750/5581 2473/749/5582 2471/747/5583
f 2471/747/5580 2470/748/5579 2472/750/5581
f 2471/747/5584 2473/749/5585 2474/751/5586
f 2474/751/5587 2475/752/5588 2471/747/5589
f 2476/755/5590 2477/754/5591 2478/753/5592
f 2478/753/5592 2479/756/5593 2476/755/5594
f 2480/757/5595 2479/756/5593 2478/753/5592
f 2478/753/5592 2481/758/5596 2480/757/5597
f 2482/759/5598 2479/756/5599 2480/757/5600
f 2480/757/5597 2483/760/5601 2482/759/5602
f 2482/759/5602 2483/760/5601 2484/761/5603
f 2484/761/5604 2485/762/5605 2482/759/5606
f 2484/761/5604 2483/760/5601 2486/763/5607
f 2486/763/5607 2487/764/5608 2484/761/5603
f 2486/763/5609 2483/760/5610 2480/757/5597
f 2480/757/5597 2481/758/5611 2486/763/5607
f 2488/765/5612 2481/758/5613 2478/753/5592
f 2478/753/5614 2489/766/5615 2488/765/5612
f 2478/753/5616 2477/754/5617 2490/767/5618
f 2490/767/5618 2489/766/5619 2478/753/5592
f 2491/768/5620 2489/766/5619 2490/767/5618
f 2490/767/5618 2492/769/5621 2491/768/5620
f 2472/750/5622 2470/748/5623 2493/770/5624
f 2493/770/5625 2494/771/5626 2472/750/5581
f 2493/770/5624 2470/748/5627 2469/746/5576
f 2469/746/5576 2495/772/5628 2493/770/5624
f 2451/728/5530 2495/772/5628 2469/746/5576
f 2469/746/5576 2450/727/5525 2451/728/5629
f 2496/773/5630 2495/772/5631 2451/728/5629
f 2451/728/5629 2497/774/5632 2496/773/5633
f 2453/730/5533 2497/774/5632 2451/728/5527
f 2451/728/5629 2452/729/5534 2453/730/5533
f 2453/730/5536 2498/775/5634 2497/774/5632
f 2499/776/5635 2498/775/5636 2453/730/5637
f 2500/777/5638 2499/776/5635 2453/730/5536
f 2501/778/5639 2500/777/5638 2453/730/5536
f 2502/779/5640 2501/778/5639 2453/730/5539
f 2453/730/5539 2454/731/5641 2502/779/5640
f 2503/780/5642 2501/778/5639 2502/779/5640
f 2502/779/5640 2504/781/5643 2503/780/5644
f 2505/782/5645 2504/781/5646 2502/779/5647
f 2502/779/5647 2506/783/5648 2505/782/5649
f 2456/733/5650 2506/783/5648 2502/779/5651
f 2502/779/5647 2454/731/5641 2456/733/5652
f 2456/733/5650 2507/784/5653 2506/783/5648
f 2508/785/5654 2507/784/5653 2456/733/5655
f 2509/786/5656 2508/785/5657 2456/733/5658
f 2510/787/5659 2509/786/5660 2456/733/5658
f 2510/787/5661 2456/733/5658 2511/788/5662
f 2512/789/5663 2510/787/5664 2511/788/5662
f 2511/788/5662 2513/790/5665 2512/789/5663
f 2514/791/5666 2513/790/5667 2511/788/5668
f 2511/788/5669 2515/792/5670 2514/791/5666
f 2515/792/5671 2511/788/5662 2516/793/5672
f 2517/794/5673 2515/792/5671 2516/793/5674
f 2516/793/5675 2518/795/5676 2517/794/5673
f 2458/735/5677 2518/795/5676 2516/793/5675
f 2516/793/5678 2455/732/5544 2458/735/5552
f 2457/734/5547 2458/735/5677 2455/732/5542
f 2511/788/5662 2456/733/5543 2516/793/5678
f 2516/793/5679 2456/733/5543 2455/732/5541
f 2456/733/5543 2454/731/5538 2372/649/5352
f 2519/796/5680 2518/795/5681 2458/735/5677
f 2458/735/5552 2459/736/5555 2519/796/5680
f 2519/796/5682 2459/736/5683 2460/737/5684
f 2460/737/5684 2520/797/5685 2519/796/5680
f 2462/739/5561 2520/797/5686 2460/737/5559
f 2460/737/5556 2403/679/5562 2462/739/5687
f 2521/798/5688 2520/797/5686 2462/739/5687
f 2462/739/5687 2522/799/5689 2521/798/5690
f 2522/799/5689 2462/739/5561 2509/786/5656
f 2523/800/5691 2522/799/5692 2509/786/5656
f 2509/786/5656 2524/801/5693 2523/800/5694
f 2512/789/5663 2524/801/5695 2509/786/5656
f 2509/786/5696 2510/787/5661 2512/789/5697
f 2525/802/5698 2524/801/5699 2512/789/5663
f 2512/789/5663 2526/803/5700 2525/802/5701
f 2523/800/5694 2524/801/5702 2525/802/5698
f 2525/802/5698 2527/804/5703 2523/800/5691
f 2528/805/5704 2527/804/5703 2525/802/5701
f 2525/802/5701 2529/806/5705 2528/805/5704
f 2530/809/5706 2531/808/5707 2532/807/5708
f 2532/807/5709 2533/810/5710 2530/809/5711
f 2534/811/5712 2533/810/5710 2532/807/5713
f 2532/807/5708 2535/812/5714 2534/811/5715
f 2536/813/5716 2533/810/5710 2534/811/5715
f 2534/811/5717 2537/814/5718 2536/813/5719
f 2536/813/5716 2537/814/5718 2538/815/5720
f 2538/815/5720 2539/816/5721 2536/813/5716
f 2538/815/5720 2537/814/5718 2540/817/5722
f 2540/817/5722 2541/818/5723 2538/815/5720
f 2540/817/5722 2537/814/5724 2534/811/5725
f 2534/811/5712 2535/812/5726 2540/817/5722
f 2542/819/5727 2535/812/5726 2532/807/5713
f 2532/807/5728 2543/820/5729 2542/819/5730
f 2540/817/5731 2535/812/5726 2542/819/5732
f 2542/819/5727 2544/821/5733 2540/817/5731
f 2545/822/5734 2544/821/5735 2542/819/5727
f 2542/819/5730 2543/820/5729 2545/822/5734
f 2546/823/5736 2544/821/5735 2545/822/5737
f 2545/822/5737 2547/824/5738 2546/823/5739
f 2548/825/5740 2547/824/5738 2545/822/5734
f 2545/822/5737 2549/826/5741 2548/825/5742
f 2550/829/5743 2551/828/5744 2552/827/5745
f 2552/827/5745 2553/830/5746 2550/829/5747
f 2514/791/5666 2553/830/5748 2552/827/5745
f 2552/827/5745 2513/790/5749 2514/791/5666
f 2512/789/5663 2513/790/5665 2552/827/5745
f 2552/827/5750 2526/803/5751 2512/789/5663
f 2554/831/5752 2526/803/5751 2552/827/5753
f 2552/827/5745 2551/828/5754 2554/831/5752
f 2525/802/5755 2526/803/5751 2554/831/5756
f 2554/831/5756 2529/806/5757 2525/802/5755
f 2532/807/5728 2531/808/5758 2555/832/5759
f 2555/832/5759 2543/820/5729 2532/807/5728
f 2545/822/5734 2543/820/5729 2555/832/5760
f 2555/832/5760 2549/826/5761 2545/822/5762
f 2556/833/5763 2553/830/5748 2514/791/5666
f 2514/791/5666 2557/834/5764 2556/833/5765
f 2517/794/5766 2557/834/5764 2514/791/5666
f 2514/791/5666 2515/792/5671 2517/794/5766
f 2558/835/5767 2557/834/5768 2517/794/5769
f 2517/794/5769 2559/836/5770 2558/835/5771
f 2519/796/5680 2559/836/5772 2517/794/5769
f 2517/794/5769 2518/795/5773 2519/796/5680
f 2521/798/5774 2559/836/5775 2519/796/5682
f 2519/796/5682 2520/797/5685 2521/798/5776
f 2558/835/5767 2559/836/5770 2521/798/5690
f 2521/798/5774 2560/837/5777 2558/835/5778
f 2523/800/5694 2560/837/5777 2521/798/5690
f 2521/798/5690 2522/799/5689 2523/800/5694
f 2561/838/5779 2560/837/5777 2523/800/5694
f 2523/800/5694 2527/804/5780 2561/838/5779
f 2561/838/5779 2527/804/5780 2528/805/5781
f 2528/805/5781 2562/839/5782 2561/838/5783
f 2536/813/5716 2563/840/5784 2530/809/5711
f 2530/809/5706 2533/810/5710 2536/813/5716
f 2564/841/5785 2563/840/5786 2536/813/5787
f 2536/813/5787 2539/816/5788 2564/841/5789
f 2565/842/5790 2539/816/5788 2538/815/5720
f 2538/815/5720 2541/818/5791 2565/842/5790
f 2546/823/5739 2541/818/5723 2540/817/5792
f 2540/817/5792 2544/821/5735 2546/823/5793
f 2565/842/5794 2541/818/5795 2546/823/5739
f 2546/823/5736 2547/824/5796 2565/842/5797
f 2565/842/5794 2547/824/5796 2548/825/5798
f 2548/825/5740 2566/843/5799 2565/842/5797
f 2556/833/5765 2567/844/5800 2550/829/5743
f 2550/829/5743 2553/830/5748 2556/833/5765
f 2568/845/5801 2567/844/5802 2556/833/5803
f 2556/833/5804 2569/846/5805 2568/845/5806
f 2565/842/5807 2566/843/5808 2564/841/5809
f 2564/841/5809 2539/816/5721 2565/842/5790
f 2558/835/5778 2569/846/5805 2556/833/5810
f 2556/833/5810 2557/834/5811 2558/835/5771
f 2561/838/5779 2569/846/5805 2558/835/5812
f 2558/835/5778 2560/837/5777 2561/838/5813
f 2568/845/5801 2569/846/5805 2561/838/5779
f 2561/838/5814 2562/839/5815 2568/845/5801
f 2462/739/5816 2508/785/5817 2509/786/5660
f 2462/739/5561 2507/784/5653 2508/785/5654
f 2462/739/5561 2570/847/5818 2507/784/5819
f 2571/848/5820 2570/847/5818 2462/739/5821
f 2462/739/5561 2461/738/5822 2571/848/5823
f 2571/848/5824 2461/738/5825 2463/740/5563
f 2463/740/5563 2572/849/5826 2571/848/5820
f 2572/849/5826 2463/740/5827 2500/777/5638
f 2573/850/5828 2572/849/5826 2500/777/5638
f 2500/777/5638 2574/851/5829 2573/850/5828
f 2503/780/5644 2574/851/5830 2500/777/5831
f 2500/777/5638 2501/778/5639 2503/780/5832
f 2575/852/5833 2574/851/5830 2503/780/5644
f 2503/780/5832 2576/853/5834 2575/852/5835
f 2577/854/5836 2576/853/5837 2503/780/5644
f 2503/780/5644 2504/781/5646 2577/854/5838
f 2505/782/5839 2578/855/5840 2577/854/5838
f 2577/854/5838 2504/781/5646 2505/782/5649
f 2505/782/5649 2579/857/5841 2580/856/5842
f 2580/856/5842 2578/855/5840 2505/782/5649
f 2507/784/5653 2579/857/5841 2505/782/5649
f 2505/782/5649 2506/783/5843 2507/784/5653
f 2581/858/5844 2579/857/5845 2507/784/5819
f 2507/784/5846 2570/847/5818 2581/858/5844
f 2581/858/5844 2570/847/5818 2571/848/5847
f 2571/848/5848 2582/859/5849 2581/858/5844
f 2573/850/5828 2582/859/5850 2571/848/5824
f 2571/848/5824 2572/849/5851 2573/850/5828
f 2583/860/5852 2582/859/5849 2573/850/5828
f 2573/850/5828 2584/861/5853 2583/860/5852
f 2575/852/5835 2584/861/5853 2573/850/5828
f 2573/850/5828 2574/851/5829 2575/852/5854
f 2585/862/5855 2584/861/5856 2575/852/5857
f 2575/852/5854 2586/863/5858 2585/862/5855
f 2583/860/5859 2584/861/5856 2585/862/5855
f 2585/862/5860 2587/864/5861 2583/860/5852
f 2588/867/5862 2589/866/5863 2590/865/5864
f 2590/865/5864 2591/868/5865 2588/867/5866
f 2592/869/5867 2589/866/5863 2588/867/5866
f 2588/867/5866 2593/870/5868 2592/869/5867
f 2594/871/5869 2593/870/5868 2588/867/5866
f 2588/867/5866 2595/872/5870 2594/871/5869
f 2594/871/5871 2595/872/5872 2596/873/5873
f 2596/873/5874 2597/874/5875 2594/871/5869
f 2598/875/5876 2597/874/5875 2596/873/5877
f 2596/873/5874 2599/876/5878 2598/875/5876
f 2600/877/5879 2597/874/5875 2598/875/5876
f 2598/875/5876 2601/878/5880 2600/877/5879
f 2602/879/5881 2601/878/5880 2598/875/5876
f 2598/875/5876 2599/876/5878 2602/879/5882
f 2603/880/5883 2601/878/5884 2602/879/5881
f 2602/879/5885 2604/881/5886 2603/880/5883
f 2605/882/5887 2604/881/5888 2602/879/5882
f 2602/879/5882 2606/883/5889 2605/882/5887
f 2577/854/5838 2607/885/5890 2608/884/5891
f 2608/884/5892 2576/853/5837 2577/854/5838
f 2609/886/5893 2607/885/5894 2577/854/5838
f 2577/854/5895 2578/855/5896 2609/886/5897
f 2609/886/5897 2578/855/5898 2580/856/5842
f 2580/856/5842 2610/887/5899 2609/886/5900
f 2611/888/5901 2610/887/5902 2580/856/5903
f 2580/856/5903 2612/889/5904 2611/888/5905
f 2600/877/5879 2613/890/5906 2592/869/5907
f 2592/869/5907 2593/870/5908 2600/877/5909
f 2600/877/5879 2593/870/5868 2594/871/5910
f 2594/871/5910 2597/874/5875 2600/877/5879
f 2603/880/5911 2613/890/5912 2600/877/5879
f 2600/877/5909 2601/878/5880 2603/880/5883
f 2581/858/5913 2612/889/5914 2580/856/5915
f 2580/856/5915 2579/857/5916 2581/858/5913
f 2583/860/5917 2612/889/5918 2581/858/5844
f 2581/858/5844 2582/859/5849 2583/860/5852
f 2611/888/5919 2612/889/5920 2583/860/5859
f 2583/860/5852 2587/864/5921 2611/888/5905
f 2575/852/5922 2576/853/5834 2608/884/5891
f 2608/884/5891 2586/863/5923 2575/852/5922
f 2590/865/5864 2614/892/5924 2615/891/5925
f 2615/891/5926 2591/868/5865 2590/865/5864
f 2616/893/5927 2591/868/5865 2615/891/5925
f 2615/891/5925 2617/894/5928 2616/893/5929
f 2588/867/5866 2591/868/5865 2616/893/5927
f 2616/893/5929 2595/872/5872 2588/867/5930
f 2596/873/5874 2595/872/5872 2616/893/5929
f 2616/893/5929 2617/894/5928 2596/873/5874
f 2618/895/5931 2617/894/5932 2615/891/5925
f 2615/891/5925 2606/883/5933 2618/895/5934
f 2605/882/5887 2606/883/5935 2615/891/5936
f 2615/891/5925 2614/892/5937 2605/882/5938
f 2618/895/5939 2606/883/5940 2602/879/5941
f 2602/879/5882 2599/876/5878 2618/895/5939
f 2618/895/5934 2599/876/5878 2596/873/5874
f 2596/873/5874 2617/894/5928 2618/895/5939
f 2500/777/5638 2463/740/5563 2499/776/5942
f 2463/740/5943 2498/775/5634 2499/776/5635
f 2463/740/5563 2619/896/5944 2498/775/5636
f 2465/742/5568 2619/896/5944 2463/740/5945
f 2463/740/5945 2464/741/5566 2465/742/5568
f 2620/897/5946 2619/896/5947 2465/742/5568
f 2465/742/5568 2621/898/5948 2620/897/5946
f 2467/744/5573 2621/898/5949 2465/742/5950
f 2465/742/5950 2466/743/5569 2467/744/5951
f 2622/899/5952 2621/898/5953 2467/744/5951
f 2467/744/5573 2475/752/5588 2622/899/5954
f 2471/747/5584 2475/752/5588 2467/744/5573
f 2467/744/5573 2468/745/5955 2471/747/5584
f 2622/899/5956 2475/752/5588 2474/751/5957
f 2474/751/5586 2623/900/5958 2622/899/5959
f 2482/759/5598 2624/901/5960 2476/755/5961
f 2476/755/5594 2479/756/5962 2482/759/5598
f 2625/902/5963 2624/901/5964 2482/759/5606
f 2482/759/5965 2485/762/5966 2625/902/5967
f 2626/903/5968 2485/762/5966 2484/761/5969
f 2484/761/5604 2487/764/5970 2626/903/5968
f 2627/904/5971 2487/764/5972 2486/763/5973
f 2486/763/5607 2628/905/5974 2627/904/5971
f 2626/903/5975 2487/764/5970 2627/904/5976
f 2627/904/5971 2629/906/5977 2626/903/5978
f 2491/768/5620 2629/906/5977 2627/904/5971
f 2627/904/5979 2628/905/5980 2491/768/5981
f 2630/907/5982 2629/906/5983 2491/768/5620
f 2491/768/5620 2492/769/5984 2630/907/5982
f 2631/908/5985 2494/771/5986 2493/770/5624
f 2493/770/5624 2632/909/5987 2631/908/5988
f 2496/773/5633 2632/909/5989 2493/770/5624
f 2493/770/5624 2495/772/5628 2496/773/5630
f 2633/910/5990 2632/909/5987 2496/773/5630
f 2496/773/5630 2634/911/5991 2633/910/5992
f 2498/775/5993 2634/911/5994 2496/773/5630
f 2496/773/5630 2497/774/5995 2498/775/5634
f 2620/897/5996 2634/911/5994 2498/775/5636
f 2498/775/5636 2619/896/5997 2620/897/5946
f 2633/910/5990 2634/911/5994 2620/897/5946
f 2620/897/5998 2635/912/5999 2633/910/6000
f 2622/899/5952 2635/912/5999 2620/897/5946
f 2620/897/5996 2621/898/6001 2622/899/5956
f 2636/913/6002 2635/912/6003 2622/899/5956
f 2622/899/5952 2623/900/6004 2636/913/6002
f 2633/910/5990 2635/912/5999 2636/913/6002
f 2636/913/6002 2637/914/6005 2633/910/6000
f 2626/903/5968 2638/915/6006 2625/902/5967
f 2625/902/5967 2485/762/6007 2626/903/5968
f 2630/907/6008 2638/915/6009 2626/903/5975
f 2626/903/5978 2629/906/5977 2630/907/5982
f 2633/910/5992 2637/914/6010 2631/908/6011
f 2631/908/6012 2632/909/5989 2633/910/5990
f 2488/765/5612 2628/905/5974 2486/763/5973
f 2486/763/5607 2481/758/5611 2488/765/6013
f 2491/768/5620 2628/905/6014 2488/765/6015
f 2488/765/5612 2489/766/5619 2491/768/5620
f 2449/726/5572 2404/681/6016 2448/725/5524
f 2404/681/5571 2447/724/5521 2448/725/6017
f 2404/681/5434 2639/916/6018 2447/724/6019
f 2406/683/5443 2639/916/6020 2404/681/5434
f 2404/681/6016 2405/682/6021 2406/683/5443
f 2640/917/6022 2639/916/6018 2406/683/5443
f 2406/683/5443 2641/918/6023 2640/917/6022
f 2408/685/6024 2641/918/6025 2406/683/5443
f 2406/683/5440 2407/684/5446 2408/685/6026
f 2642/919/6027 2641/918/6028 2408/685/6026
f 2408/685/6026 2416/693/5460 2642/919/6029
f 2411/688/5458 2416/693/5460 2408/685/5448
f 2408/685/6026 2409/686/5447 2411/688/5461
f 2642/919/6027 2416/693/6030 2415/692/6031
f 2415/692/5459 2643/920/6032 2642/919/6033
f 2423/700/5474 2644/921/6034 2417/696/6035
f 2417/696/6036 2420/697/6037 2423/700/5470
f 2645/922/6038 2644/921/6039 2423/700/5475
f 2423/700/5475 2426/703/6040 2645/922/6041
f 2646/923/6042 2426/703/6040 2425/702/6043
f 2425/702/5477 2428/705/6044 2646/923/6042
f 2646/923/6045 2428/705/5483 2432/709/5491
f 2432/709/5491 2434/711/5493 2646/923/6045
f 2646/923/6045 2434/711/6046 2436/712/6047
f 2436/712/6047 2647/924/6048 2646/923/6049
f 2648/925/6050 2443/720/6051 2442/719/5510
f 2442/719/6052 2649/926/6053 2648/925/6054
f 2640/917/6055 2649/926/6053 2442/719/5510
f 2442/719/5510 2445/722/5515 2640/917/6055
f 2447/724/5521 2445/722/5515 2444/721/5516
f 2444/721/6056 2366/643/6057 2447/724/5521
f 2640/917/6055 2445/722/6058 2447/724/6059
f 2447/724/6059 2639/916/6018 2640/917/6055
f 2642/919/6029 2649/926/6053 2640/917/6055
f 2640/917/6055 2641/918/6023 2642/919/6060
f 2648/925/6061 2649/926/6062 2642/919/6060
f 2642/919/6060 2643/920/6063 2648/925/6064
f 2646/923/6042 2647/924/6065 2645/922/6041
f 2645/922/6041 2426/703/6066 2646/923/6042
f 2363/640/5335 2446/723/6067 2410/687/5451
f 2410/687/5449 2362/639/6068 2363/640/5335
f 2410/687/5449 2446/723/6067 2438/716/6069
f 2438/716/6069 2412/689/5455 2410/687/6070
f 2437/714/6071 2430/707/5501 2419/694/5468
f 2419/694/6072 2418/695/6073 2437/714/5498
f 2429/706/6074 2430/707/5487 2433/710/6075
f 2433/710/5492 2431/708/5488 2429/706/5486
f 2284/1734/5169 2280/1730/6076 2279/1729/5163
f 2279/1729/5160 2256/1706/5170 2284/1734/5169
f 2250/1700/6077 2269/1719/5146 2246/1696/5142
f 2246/1696/5142 2247/1697/6078 2250/1700/6077
f 929/929/2065 2650/928/6079 2651/927/6080
f 2651/927/6081 930/930/2066 929/929/2064
f 2652/933/6082 2653/932/6083 2654/931/6084
f 2654/931/6085 2655/934/4068 2652/933/6086
f 2656/937/6087 2657/936/6088 2658/935/6089
f 2658/935/6089 2659/938/6090 2656/937/6087
f 2660/941/6091 2661/940/6092 2662/939/6093
f 2662/939/6093 2663/942/6094 2660/941/6091
f 2664/945/6080 2665/944/6095 2666/943/6096
f 2666/943/6096 2667/946/6097 2664/945/6080
f 1760/5/4006 1759/6/6098 2668/947/6099
f 2668/947/6100 2669/948/6101 1760/5/4010
f 2670/949/6102 1768/17/4025 1766/14/4022
f 2670/949/6102 1766/14/4022 1760/5/4010
f 1760/5/6103 2669/948/6101 2670/949/6102
f 1759/6/6098 951/951/2140 950/950/2091
f 950/950/2091 2668/947/6104 1759/6/6098
f 951/951/2095 1759/6/6105 1758/7/4116
f 2671/1756/6106 2672/1757/6107 952/952/2096
f 2671/1756/6108 952/952/2096 955/955/2099
f 1862/132/4195 1866/138/4205 1865/134/4201
f 1865/134/6109 1863/131/4197 1862/132/4195
f 1852/117/6110 1867/139/4207 1862/132/4195
f 1862/132/4195 1849/116/4164 1852/117/4168
f 1863/131/4196 1864/133/6111 1868/140/6112
f 1868/140/6112 1892/170/4258 1863/131/4200
f 1868/140/6113 1869/142/4224 1893/171/4259
f 1893/171/6114 1892/170/4258 1868/140/6115
f 1894/172/4259 1870/146/4220 1871/147/4223
f 1871/147/4223 1874/150/4227 1894/172/6116
f 2673/961/6117 2674/960/6118 2675/959/6119
f 2676/956/6120 2673/961/6117 2675/959/6121
f 2676/956/6120 2675/959/6121 2677/958/6122
f 2676/956/6120 2677/958/6123 2678/957/6124
f 962/962/2119 2679/966/6125 2680/965/6126
f 962/962/2115 2680/965/6126 2681/964/6127
f 962/962/2115 2681/964/6127 963/963/2116
f 2678/957/6128 2682/968/4148 2683/967/6129
f 2683/967/6129 2676/956/6120 2678/957/6124
f 2684/970/4178 2685/969/6130 2683/967/6131
f 2683/967/6129 2682/968/4148 2684/970/4178
f 2686/1758/6132 2687/972/6133 2688/971/6134
f 2688/971/6135 2689/974/6136 2686/1758/6137
f 2684/970/6138 2689/974/6136 2688/971/6135
f 2688/971/6135 2685/969/6139 2684/970/4178
f 2690/977/6140 2691/976/6141 975/975/2132
f 975/975/2132 978/978/2136 2690/977/6142
f 2/2/2 980/980/2138 2692/1759/6143
f 2692/1759/6143 1756/1596/6144 2/2/2
f 983/983/2141 982/982/2140 2693/1760/4116
f 2693/1760/6145 2694/1761/6146 983/983/2142
f 2695/990/6147 2696/989/6148 2697/988/6149
f 2695/990/6150 2697/988/6149 2698/987/6151
f 2699/985/6152 2695/990/6150 2698/987/6153
f 2699/985/6154 2698/987/6151 2700/986/6155
f 2701/1762/6156 1811/1602/6157 2702/1763/6158
f 2702/1763/6159 2703/1764/6160 2701/1762/6161
f 1853/1613/4174 1812/1603/4173 1811/1602/6157
f 1811/1602/6157 2701/1762/6156 1853/1613/4170
f 2704/994/6128 1818/80/6162 1817/77/4151
f 1817/77/4151 1840/103/6163 2704/994/6164
f 1818/80/6162 2704/994/6128 1819/82/4118
f 1819/82/4118 2704/994/6128 2705/996/6165
f 1819/82/4118 2705/996/6165 2706/995/6166
f 1819/82/4118 2706/995/6166 1758/7/4116
f 2707/1765/6167 1860/1615/6168 1861/1616/6169
f 1861/1616/6169 2708/1766/6170 2707/1765/6167
f 2708/1766/6171 1861/1616/6169 1832/1609/4172
f 1832/1609/4172 1854/1614/4171 2708/1766/6170
f 2709/1767/6172 2710/1000/4246 2711/1768/6173
f 2709/1767/4247 2711/1768/6174 2686/1758/6132
f 2709/1767/4247 2686/1758/6175 2689/974/6176
f 2684/970/4178 2712/1769/6177 2709/1767/6172
f 2709/1767/4247 2689/974/6176 2684/970/4208
f 2713/1002/6178 2714/1004/6179 2680/965/6180
f 2713/1002/6181 2680/965/6126 2679/966/6182
f 2713/1002/6181 2679/966/6125 2715/1003/6183
f 2716/1005/6184 2691/976/6185 2690/977/6142
f 2690/977/6142 2717/1006/6186 2716/1005/6184
f 2703/1764/6160 2702/1763/6158 2718/1770/6187
f 2718/1770/6187 2719/1771/6188 2703/1764/6160
f 2720/1772/6153 2694/1761/6146 2693/1760/4116
f 2693/1760/4004 2721/1773/6189 2720/1772/6190
f 1011/1011/2185 127/127/2184 1860/1615/6168
f 1860/1615/6168 2722/1774/6191 1011/1011/2185
f 2723/1391/6192 2724/1775/6193 2725/1776/320
f 2723/1391/6194 2725/1776/6195 2726/1390/6196
f 2723/1391/6192 2726/1390/6196 2727/1390/6197
f 2687/972/6133 2686/1758/6175 2728/1017/6198
f 2728/1017/6198 2729/1018/6199 2687/972/6133
f 2722/1774/6200 1860/1615/6168 2707/1765/6201
f 2707/1765/6202 2730/1777/6203 2722/1774/6204
f 2686/1758/6132 2711/1768/6205 2731/1778/6206
f 2731/1778/6207 2732/1016/6208 2733/1779/6209
f 2686/1758/6210 2731/1778/6211 2733/1779/6212
f 2686/1758/6132 2733/1779/6212 2728/1017/6213
f 2725/1776/6214 2734/1390/6215 2726/1390/6216
f 1022/1022/2205 1021/1021/2204 2735/1020/6204
f 2735/1020/6204 2736/1023/6217 1022/1022/2205
f 2737/1780/6218 2738/1024/6219 2728/1017/6198
f 2728/1017/6198 2733/1779/6220 2737/1780/6218
f 2738/1024/6221 2729/1018/2211 2728/1017/6213
f 2736/1023/6222 2735/1020/6223 2739/1025/6224
f 2739/1025/6225 2740/1026/6226 2736/1023/6222
f 2741/1027/6227 2737/1780/6218 1014/1014/6195
f 1014/1014/6195 1028/1028/2217 2741/1027/6228
f 1029/1029/2218 1022/1022/2205 2736/1023/6222
f 2736/1023/6222 2742/1030/6229 1029/1029/2218
f 2743/1032/6230 2738/1024/6231 2744/1031/6232
f 2744/1031/6233 2745/1033/6234 2743/1032/6235
f 2746/1034/6236 2740/1026/6237 2747/1036/6238
f 2746/1034/6236 2747/1036/6238 2748/1035/6239
f 2746/1034/6236 2748/1035/6239 2738/1024/6240
f 2746/1034/6236 2738/1024/6231 2743/1032/6241
f 2742/1030/6242 2736/1023/6222 2740/1026/6243
f 2740/1026/6243 2746/1034/6244 2742/1030/6245
f 2691/976/6185 2741/1027/6228 1028/1028/6246
f 1028/1028/2217 975/975/2237 2691/976/6141
f 978/978/2136 1029/1029/6247 2742/1030/6245
f 2742/1030/6245 2690/977/6142 978/978/6248
f 2716/1005/6184 2743/1032/6249 2745/1033/6250
f 2745/1033/6251 2749/1037/6252 2716/1005/6253
f 2717/1006/6186 2746/1034/6236 2743/1032/6241
f 2743/1032/6249 2716/1005/6253 2717/1006/6186
f 2690/977/6254 2742/1030/6229 2746/1034/6236
f 2746/1034/6236 2717/1006/6186 2690/977/6142
f 2716/1005/6184 2749/1037/6255 2691/976/6185
f 2738/1024/6256 2737/1780/6218 2744/1031/6232
f 2744/1031/6233 2737/1780/6218 2741/1027/6257
f 2741/1027/6228 2745/1033/6234 2744/1031/6233
f 2745/1033/6258 2741/1027/6228 2691/976/6259
f 2691/976/6141 2749/1037/6260 2745/1033/6234
f 1038/1038/2115 983/983/2142 2694/1761/6261
f 2694/1761/6261 2750/1781/6182 1038/1038/2115
f 2692/1759/6262 980/980/2138 1040/1040/2252
f 1040/1040/2252 2751/1782/6263 2692/1759/6143
f 2752/1042/6264 2698/987/6153 2697/988/6265
f 2697/988/6149 2753/1043/6266 2752/1042/6264
f 2713/1002/6267 2754/1783/6265 2755/1784/6268
f 2755/1784/6268 2714/1004/6179 2713/1002/6267
f 2750/1781/6182 2694/1761/6269 2720/1772/6153
f 2720/1772/6151 2756/1785/6270 2750/1781/6125
f 1053/1052/2274 1052/1052/2270 2757/1051/6271
f 2757/1051/6271 2758/1051/6272 1053/1052/6273
f 955/955/2275 1057/1055/6274 2759/1786/6272
f 2759/1786/6275 2671/1756/6108 955/955/6276
f 2672/1757/6277 2760/1787/6278 1058/1056/6279
f 1058/1056/6279 952/952/6280 2672/1757/6277
f 2761/1788/6281 2762/1788/4914 2763/1789/6282
f 1788/37/6283 2161/436/6284 1787/36/6285
f 2161/436/4925 1788/37/4056 1796/51/4076
f 1796/51/4076 2162/435/4926 2161/436/4925
f 2764/1058/6286 1796/51/6287 1799/53/4080
f 1799/53/4080 2765/1059/6288 2764/1058/6286
f 2160/437/6289 2159/434/4937 1787/36/6290
f 1787/36/6291 2161/436/6292 2160/437/6289
f 2163/438/4927 1799/53/4080 2159/434/4937
f 2159/434/4937 2160/437/4928 2163/438/6293
f 2765/1059/6288 2163/438/4927 2162/435/4926
f 2162/435/4926 2764/1058/6294 2765/1059/6288
f 1796/51/6295 2764/1058/6286 2162/435/4926
f 1799/53/4938 2163/438/4927 2765/1059/6296
f 2766/1060/6297 2767/1061/6298 2768/1062/6299
f 2768/1062/6299 2769/1063/6300 2770/1064/6301
f 2770/1064/6301 2771/1064/6302 2772/1063/6303
f 2768/1062/6299 2770/1064/6301 2772/1063/6304
f 2772/1063/6304 2773/1062/6305 2774/1061/6306
f 2768/1062/6299 2772/1063/6304 2774/1061/6306
f 2766/1060/6297 2768/1062/6299 2774/1061/6306
f 2766/1060/6297 2774/1061/6306 2775/1060/6307
f 2768/1062/6308 2776/1066/6309 2777/1065/6310
f 2777/1065/6310 2769/1063/6311 2768/1062/6299
f 2769/1063/6300 2777/1065/6312 2778/1067/6313
f 2778/1067/6314 2770/1064/6315 2769/1063/6300
f 2770/1064/6316 2778/1067/6317 2779/1067/6318
f 2779/1067/6319 2771/1064/6320 2770/1064/6321
f 2771/1064/6320 2779/1067/6322 2780/1065/6323
f 2780/1065/6324 2772/1063/6304 2771/1064/6302
f 2772/1063/6325 2780/1065/6324 2781/1066/6326
f 2781/1066/6327 2773/1062/6328 2772/1063/6303
f 2773/1062/6328 2781/1066/6326 2782/1068/6329
f 2782/1068/6330 2774/1061/6331 2773/1062/6332
f 2774/1061/6333 2782/1068/6329 2783/1069/6334
f 2783/1069/6335 2775/1060/6336 2774/1061/6306
f 2775/1060/6307 2783/1069/6337 2784/1069/6338
f 2784/1069/6339 2766/1060/6297 2775/1060/6307
f 2766/1060/6340 2784/1069/6338 2785/1068/6341
f 2785/1068/6342 2767/1061/6343 2766/1060/6344
f 2767/1061/6345 2785/1068/6341 2776/1066/6346
f 2776/1066/6347 2768/1062/6299 2767/1061/6343
f 2776/1066/6309 2786/1066/6348 2787/1070/6349
f 2787/1070/6349 2777/1065/6312 2776/1066/6309
f 2777/1065/6312 2787/1070/6349 2788/1071/6350
f 2788/1071/6351 2778/1067/6317 2777/1065/6352
f 2778/1067/6317 2788/1071/6353 2789/1071/6354
f 2789/1071/6355 2779/1067/6319 2778/1067/6317
f 2779/1067/6318 2789/1071/6355 2790/1070/6356
f 2790/1070/6357 2780/1065/6358 2779/1067/6319
f 2780/1065/6359 2790/1070/6357 2791/1066/6360
f 2791/1066/6361 2781/1066/6362 2780/1065/6359
f 2781/1066/6363 2791/1066/6361 2792/1072/6364
f 2792/1072/6365 2782/1068/6366 2781/1066/6363
f 2782/1068/6366 2792/1072/6365 2793/1073/6367
f 2793/1073/6368 2783/1069/6369 2782/1068/6366
f 2783/1069/6369 2793/1073/6370 2794/1073/6371
f 2794/1073/6371 2784/1069/6372 2783/1069/6373
f 2784/1069/6374 2794/1073/6371 2795/1072/6375
f 2795/1072/6375 2785/1068/6376 2784/1069/6374
f 2785/1068/6376 2795/1072/6375 2786/1066/6348
f 2786/1066/6348 2776/1066/6309 2785/1068/6376
f 2786/1066/6377 2796/1075/6378 2797/1074/6379
f 2797/1074/6380 2787/1070/6349 2786/1066/6377
f 2787/1070/6349 2797/1074/6381 2798/1076/6382
f 2798/1076/6382 2788/1071/6350 2787/1070/6383
f 2788/1071/6351 2798/1076/6382 2799/1076/6384
f 2799/1076/6384 2789/1071/6355 2788/1071/6351
f 2789/1071/6355 2799/1076/6385 2800/1074/6386
f 2800/1074/6386 2790/1070/6356 2789/1071/6355
f 2790/1070/6357 2800/1074/6386 2801/1075/6387
f 2801/1075/6388 2791/1066/6361 2790/1070/6357
f 2791/1066/6389 2801/1075/6387 2802/1077/6390
f 2802/1077/6390 2792/1072/6365 2791/1066/6391
f 2792/1072/6392 2802/1077/6393 2803/1078/6394
f 2803/1078/6394 2793/1073/6370 2792/1072/6364
f 2793/1073/6370 2803/1078/6395 2804/1078/6396
f 2804/1078/6397 2794/1073/6398 2793/1073/6370
f 2794/1073/6399 2804/1078/6396 2805/1077/6400
f 2805/1077/6401 2795/1072/6375 2794/1073/6399
f 2795/1072/6375 2805/1077/6402 2796/1075/6403
f 2796/1075/6404 2786/1066/6348 2795/1072/6405
f 2796/1075/6404 2806/1075/6406 2807/1079/6407
f 2807/1079/6407 2797/1074/6379 2796/1075/6404
f 2797/1074/6379 2807/1079/6407 2808/1080/6408
f 2808/1080/6408 2798/1076/6382 2797/1074/6379
f 2798/1076/6382 2808/1080/6408 2809/1080/6409
f 2809/1080/6409 2799/1076/6410 2798/1076/6382
f 2799/1076/6385 2809/1080/6409 2810/1079/6411
f 2810/1079/6411 2800/1074/6386 2799/1076/6385
f 2800/1074/6412 2810/1079/6411 2811/1075/6413
f 2811/1075/6413 2801/1075/6387 2800/1074/6414
f 2801/1075/6387 2811/1075/6413 2812/1081/6415
f 2812/1081/6416 2802/1077/6393 2801/1075/6387
f 2802/1077/6393 2812/1081/6415 2813/1082/6417
f 2813/1082/6417 2803/1078/6394 2802/1077/6418
f 2803/1078/6394 2813/1082/6417 2814/1082/6419
f 2814/1082/6419 2804/1078/6397 2803/1078/6394
f 2804/1078/6397 2814/1082/6419 2815/1081/6420
f 2815/1081/6421 2805/1077/6400 2804/1078/6397
f 2805/1077/6402 2815/1081/6421 2806/1075/6422
f 2806/1075/6422 2796/1075/6404 2805/1077/6400
f 2806/1075/6406 2816/1084/6423 2817/1083/6424
f 2817/1083/6425 2807/1079/6407 2806/1075/6426
f 2807/1079/6427 2817/1083/6425 2818/1085/6428
f 2818/1085/6429 2808/1080/6430 2807/1079/6431
f 2808/1080/6432 2818/1085/6433 2819/1085/6434
f 2819/1085/6434 2809/1080/6435 2808/1080/6432
f 2809/1080/6436 2819/1085/6434 2820/1083/6437
f 2820/1083/6437 2810/1079/6438 2809/1080/6435
f 2810/1079/6439 2820/1083/6440 2821/1084/6441
f 2821/1084/6441 2811/1075/6413 2810/1079/6438
f 2811/1075/6442 2821/1084/6441 2822/1086/6443
f 2822/1086/6443 2812/1081/6444 2811/1075/6445
f 2812/1081/6446 2822/1086/6443 2823/1087/6447
f 2823/1087/6447 2813/1082/6448 2812/1081/6415
f 2813/1082/6449 2823/1087/6450 2824/1087/6451
f 2824/1087/6452 2814/1082/6453 2813/1082/6448
f 2814/1082/6419 2824/1087/6454 2825/1086/6455
f 2825/1086/6455 2815/1081/6421 2814/1082/6456
f 2815/1081/6421 2825/1086/6455 2816/1084/6423
f 2816/1084/6457 2806/1075/6426 2815/1081/6421
f 2816/1084/6423 2825/1086/6455 2824/1087/6458
f 2824/1087/6459 2823/1087/6447 2822/1086/6460
f 2822/1086/6460 2821/1084/6441 2820/1083/6437
f 2824/1087/6458 2822/1086/6460 2820/1083/6437
f 2820/1083/6437 2819/1085/6461 2818/1085/6462
f 2824/1087/6459 2820/1083/6437 2818/1085/6462
f 2816/1084/6423 2824/1087/6458 2818/1085/6462
f 2816/1084/6457 2818/1085/6462 2817/1083/6463
f 2826/1790/6464 2827/1791/6465 2828/1792/6466
f 2828/1792/6466 2829/1793/6467 2826/1790/6468
f 2830/1794/6469 2831/1795/6470 2827/1791/6465
f 2827/1791/6465 2826/1790/6471 2830/1794/6469
f 2832/1094/6472 2833/1096/6473 2834/1095/6474
f 2835/1097/6475 2833/1096/6476 2832/1094/6472
f 2832/1094/6472 2836/1098/6465 2835/1097/6475
f 2837/1099/6477 2835/1097/6475 2836/1098/6478
f 2836/1098/6478 2838/1100/6470 2837/1099/6477
f 2838/1100/6479 2839/1101/6480 2837/1099/6481
f 2840/1101/6482 2839/1101/6480 2838/1100/6483
f 2838/1100/6483 2841/1100/6484 2840/1101/6482
f 2841/1100/6484 2842/1099/6485 2840/1101/6482
f 2843/1097/6486 2842/1099/6487 2841/1100/6469
f 2841/1100/6469 2844/1098/6488 2843/1097/6489
f 2845/1096/6490 2843/1097/6491 2844/1098/6471
f 2844/1098/6468 2846/1094/6492 2845/1096/6493
f 2846/1094/6492 2847/1095/6494 2845/1096/6493
f 2834/1095/6474 2847/1095/6495 2846/1094/6496
f 2846/1094/6497 2832/1094/6466 2834/1095/6498
f 2848/1103/6499 2849/1102/6500 2834/1095/6474
f 2834/1095/6474 2833/1096/6473 2848/1103/6499
f 2850/1104/6501 2848/1103/6499 2833/1096/6473
f 2833/1096/6473 2835/1097/6475 2850/1104/6502
f 2851/1105/6503 2850/1104/6504 2835/1097/6475
f 2835/1097/6475 2837/1099/6477 2851/1105/6503
f 2852/1106/6505 2851/1105/6503 2837/1099/6477
f 2837/1099/6506 2839/1101/6480 2852/1106/6505
f 2853/1106/6507 2852/1106/6505 2839/1101/6508
f 2839/1101/6508 2840/1101/6509 2853/1106/6507
f 2854/1105/6510 2853/1106/6511 2840/1101/6482
f 2840/1101/6509 2842/1099/6487 2854/1105/6510
f 2855/1104/6512 2854/1105/6510 2842/1099/6485
f 2842/1099/6485 2843/1097/6491 2855/1104/6512
f 2856/1103/6513 2855/1104/6514 2843/1097/6486
f 2843/1097/6486 2845/1096/6515 2856/1103/6516
f 2857/1102/6517 2856/1103/6518 2845/1096/6519
f 2845/1096/6493 2847/1095/6494 2857/1102/6520
f 2849/1102/6521 2857/1102/6522 2847/1095/6523
f 2847/1095/6495 2834/1095/6524 2849/1102/6521
f 2849/1102/6500 2848/1103/6499 2858/1107/6525
f 2859/1108/6526 2858/1107/6525 2848/1103/6527
f 2848/1103/6528 2850/1104/6504 2859/1108/6529
f 2860/1109/6530 2859/1108/6526 2850/1104/6531
f 2850/1104/6501 2851/1105/6532 2860/1109/6533
f 2851/1105/6534 2852/1106/6505 2860/1109/6535
f 2861/1109/6536 2860/1109/6530 2852/1106/6505
f 2852/1106/6505 2853/1106/6511 2861/1109/6536
f 2853/1106/6511 2854/1105/6510 2861/1109/6537
f 2862/1108/6538 2861/1109/6539 2854/1105/6510
f 2854/1105/6540 2855/1104/6514 2862/1108/6538
f 2863/1107/6541 2862/1108/6538 2855/1104/6512
f 2855/1104/6514 2856/1103/6518 2863/1107/6542
f 2856/1103/6518 2857/1102/6520 2863/1107/6543
f 2858/1107/6544 2863/1107/6545 2857/1102/6522
f 2857/1102/6520 2849/1102/6521 2858/1107/6544
f 2860/1109/6546 2861/1109/6537 2862/1108/6538
f 2862/1108/6538 2859/1108/6529 2860/1109/6546
f 2859/1108/6547 2862/1108/6538 2863/1107/6541
f 2863/1107/6541 2858/1107/6544 2859/1108/6547
f 2173/1623/6548 2176/1626/6549 2175/1625/4955
f 2175/1625/4955 2172/1622/6550 2173/1623/6548
f 1772/21/6551 1771/18/6552 1160/1110/2561
f 1160/1110/6553 1161/1111/6554 1772/21/6551
f 1775/22/4036 1774/23/4034 1162/1112/2566
f 1162/1112/2568 1163/1113/2567 1775/22/4035
f 2657/936/6555 2864/1115/4038 2865/1114/6556
f 2865/1114/4037 2658/935/6089 2657/936/6088
f 2866/1117/4030 2867/1116/4029 2661/940/6557
f 2661/940/6557 2660/941/6091 2866/1117/4030
f 2696/989/6160 2695/990/6147 2868/1118/6558
f 2868/1118/6558 2869/1119/6559 2696/989/6148
f 2869/1119/6161 2868/1118/6558 2870/1120/6560
f 2870/1120/6560 2871/1121/6561 2869/1119/6161
f 2870/1120/6560 2872/1123/6562 2873/1122/4171
f 2873/1122/4171 2871/1121/4170 2870/1120/6560
f 2874/1126/6563 2875/1125/6564 2876/1124/6565
f 2876/1124/6565 2877/1127/6566 2874/1126/6563
f 2873/1122/4171 2872/1123/6562 2875/1125/6564
f 2875/1125/6567 2874/1126/6563 2873/1122/4171
f 2876/1124/6568 2878/1129/6569 2879/1128/6570
f 2879/1128/6571 2877/1127/6566 2876/1124/6568
f 2740/1026/6572 2739/1025/6573 2880/1130/2584
f 2881/1131/6574 2882/1136/6575 2883/1135/6576
f 2881/1131/6574 2883/1135/6576 2884/1134/6577
f 2881/1131/6574 2884/1134/6577 2885/1133/6578
f 2881/1131/6574 2885/1133/6578 2886/1132/6579
f 2885/1133/6578 2887/1138/6580 2888/1137/6581
f 2888/1137/6581 2886/1132/6579 2885/1133/6578
f 2887/1138/6580 2889/1140/6582 2890/1139/6583
f 2890/1139/6583 2888/1137/6581 2887/1138/6580
f 2891/1142/6584 2892/1141/6585 2748/1035/6239
f 2748/1035/6239 2747/1036/6238 2891/1142/6586
f 2889/1140/6582 2892/1141/6585 2891/1142/6586
f 2891/1142/6586 2890/1139/6583 2889/1140/6582
f 2893/1130/6587 2747/1036/6588 2740/1026/6572
f 2894/1018/6589 2738/1024/6231 2748/1035/6590
f 2895/1144/6591 2896/1143/6592 2897/1143/2603
f 2897/1143/2603 2898/1144/2607 2895/1144/6591
f 2683/967/2610 2899/967/6593 2900/956/6594
f 2900/956/6594 2676/956/2610 2683/967/2610
f 2685/969/2610 2901/969/6595 2899/967/6593
f 2899/967/6593 2683/967/2610 2685/969/2610
f 2687/972/2610 2894/1018/6589 2902/971/6596
f 2902/971/6596 2688/971/2610 2687/972/2610
f 2688/971/2610 2902/971/6596 2901/969/6595
f 2901/969/6595 2685/969/2610 2688/971/2610
f 2903/1146/2615 2904/1146/6597 2905/1145/6598
f 2905/1145/6598 2906/1145/2616 2903/1146/2615
f 2729/1018/2619 2894/1018/6589 2687/972/2610
f 2738/1024/6256 2894/1018/6599 2729/1018/2619
f 2906/1145/2622 2905/1145/6600 2907/1147/6601
f 2907/1147/6601 2908/1147/2623 2906/1145/2622
f 2908/1147/2623 2907/1147/6601 2909/1148/6602
f 2909/1148/6602 2910/1148/2623 2908/1147/2623
f 2910/1148/2623 2909/1148/6602 2911/1149/6603
f 2911/1149/6603 2912/1149/2623 2910/1148/2623
f 2913/1150/2623 2914/1150/6604 2893/1130/6587
f 2893/1130/6587 2915/1151/2623 2913/1150/2623
f 2912/1149/2623 2911/1149/6603 2914/1150/6604
f 2914/1150/6604 2913/1150/2623 2912/1149/2623
f 2915/1151/2623 2893/1130/6605 2880/1130/6606
f 2740/1026/6572 2880/1130/2584 2893/1130/6587
f 2905/1145/6607 2881/1131/6574 2886/1132/6608
f 2886/1132/6609 2907/1147/6601 2905/1145/6600
f 2916/1152/6610 2896/1143/6592 2895/1144/6591
f 2895/1144/6611 2917/1153/6612 2916/1152/6610
f 2904/1146/6597 2882/1136/6575 2881/1131/6613
f 2881/1131/6614 2905/1145/6615 2904/1146/6597
f 2907/1147/6601 2886/1132/6609 2888/1137/6581
f 2888/1137/6581 2909/1148/6602 2907/1147/6601
f 2899/967/6616 2887/1138/6580 2885/1133/6617
f 2885/1133/6578 2900/956/6594 2899/967/6618
f 2909/1148/6619 2888/1137/6581 2890/1139/6583
f 2890/1139/6583 2911/1149/6603 2909/1148/6602
f 2901/969/6595 2889/1140/6582 2887/1138/6580
f 2887/1138/6580 2899/967/6616 2901/969/6595
f 2914/1150/6620 2891/1142/6584 2747/1036/6238
f 2747/1036/6238 2893/1130/6605 2914/1150/6620
f 2894/1018/6589 2748/1035/6590 2892/1141/6621
f 2892/1141/6585 2902/971/6596 2894/1018/6599
f 2911/1149/6622 2890/1139/6583 2891/1142/6586
f 2891/1142/6584 2914/1150/6604 2911/1149/6623
f 2902/971/6624 2892/1141/6585 2889/1140/6582
f 2889/1140/6582 2901/969/6595 2902/971/6596
f 2918/1154/6625 2677/958/6122 2898/1144/6626
f 2898/1144/6626 2897/1143/6627 2918/1154/6628
f 2919/961/6629 2673/961/6630 2676/956/2610
f 2676/956/2610 2900/956/6594 2919/961/6629
f 2884/1134/6631 2919/961/6632 2900/956/6594
f 2900/956/6594 2885/1133/6578 2884/1134/6577
f 2882/1136/6575 2916/1152/6610 2917/1153/6633
f 2882/1136/6575 2917/1153/6633 2920/1155/6634
f 2882/1136/6575 2920/1155/6635 2883/1135/6576
f 2921/959/6636 2675/959/2653 2674/960/2652
f 2674/960/2652 2922/960/6637 2921/959/6638
f 2896/1143/6592 2904/1146/6597 2903/1146/2615
f 2896/1143/6592 2903/1146/2615 2918/1154/2615
f 2896/1143/6592 2918/1154/2615 2897/1143/2656
f 2920/1155/6639 2921/959/6636 2922/960/6637
f 2922/960/6637 2883/1135/6640 2920/1155/6634
f 2904/1146/6597 2896/1143/6641 2916/1152/6610
f 2916/1152/6610 2882/1136/6575 2904/1146/6597
f 2677/958/2662 2675/959/2653 2921/959/6642
f 2677/958/2662 2921/959/6642 2895/1144/6643
f 2677/958/2662 2895/1144/6643 2898/1144/2607
f 2917/1153/6633 2895/1144/6644 2921/959/6642
f 2921/959/6636 2920/1155/6635 2917/1153/6633
f 2919/961/6645 2922/960/6637 2674/960/2667
f 2674/960/6646 2673/961/6647 2919/961/6645
f 2884/1134/6577 2883/1135/6640 2922/960/6648
f 2922/960/6637 2919/961/6629 2884/1134/6577
f 1225/1158/2673 2923/1157/6649 2924/1156/6263
f 2924/1156/6263 1226/1159/2674 1225/1158/2673
f 1814/1605/6650 2925/1796/6651 2702/1763/6652
f 2702/1763/6652 1811/1602/4103 1814/1605/6650
f 1757/1597/6653 2926/1797/6654 1228/1161/2677
f 1228/1161/2677 3/3/3 1757/1597/4003
f 2926/1797/6654 2927/1798/6655 1230/1163/2680
f 1230/1163/2680 1228/1161/2677 2926/1797/6654
f 2925/1796/6651 2928/1799/6656 2718/1770/6657
f 2718/1770/6657 2702/1763/6658 2925/1796/6651
f 2928/1799/6656 2929/1800/6659 2930/1801/6179
f 2930/1801/6179 2718/1770/6268 2928/1799/6656
f 2714/1004/6179 2931/1167/6660 2681/964/6661
f 2681/964/6127 2680/965/6662 2714/1004/6179
f 1814/1605/6663 1757/1597/4003 1756/1596/6144
f 1756/1596/6144 2925/1796/6651 1814/1605/6663
f 1813/1604/4105 2926/1797/6664 1757/1597/4003
f 1757/1597/4003 1814/1605/6663 1813/1604/6665
f 1833/1610/4193 2927/1798/6666 2926/1797/6654
f 2926/1797/6654 1813/1604/6665 1833/1610/6667
f 130/130/225 1230/1163/6668 2927/1798/6669
f 2927/1798/6669 1833/1610/4193 130/130/6670
f 2681/964/6661 2923/1157/6671 1225/1158/2673
f 1225/1158/2673 963/963/2116 2681/964/6672
f 2925/1796/6651 1756/1596/6673 2692/1759/6674
f 2692/1759/6674 2928/1799/6675 2925/1796/6651
f 2932/1802/6676 2933/1803/6677 2924/1156/6678
f 2924/1156/6679 2931/1167/6680 2932/1802/6681
f 2931/1167/6660 2924/1156/6682 2923/1157/6649
f 2923/1157/6649 2681/964/6661 2931/1167/6660
f 2934/1168/6683 2935/1177/6684 2936/1176/6685
f 2936/1176/6686 2937/1175/6687 2938/1174/6688
f 2934/1168/6689 2936/1176/6685 2938/1174/6688
f 2938/1174/6688 2939/1173/6690 2940/1172/6691
f 2940/1172/6691 2941/1171/6692 2942/1170/6693
f 2938/1174/6688 2940/1172/6691 2942/1170/6693
f 2934/1168/6689 2938/1174/6694 2942/1170/6693
f 2934/1168/6689 2942/1170/6693 2943/1169/2776
f 2944/1173/6695 2939/1173/6696 2938/1174/6697
f 2938/1174/6697 2945/1174/6698 2944/1173/6695
f 2946/1172/6699 2940/1172/6700 2939/1173/6696
f 2939/1173/6696 2944/1173/6701 2946/1172/6699
f 2947/1171/6702 2941/1171/6692 2940/1172/6703
f 2940/1172/6704 2946/1172/6705 2947/1171/6706
f 2948/1170/6707 2942/1170/6693 2941/1171/6708
f 2941/1171/6708 2947/1171/6709 2948/1170/6707
f 2949/1179/6710 2950/1179/6711 2951/1178/6712
f 2951/1178/6713 2952/1178/6714 2949/1179/6710
f 2953/1180/6715 2954/1180/6716 2950/1179/6717
f 2950/1179/6711 2949/1179/6710 2953/1180/6718
f 2955/1177/6719 2935/1177/6684 2934/1168/6720
f 2934/1168/6683 2956/1168/6721 2955/1177/6719
f 2957/1176/6722 2936/1176/6685 2935/1177/6723
f 2935/1177/6723 2955/1177/6719 2957/1176/6722
f 2958/1175/6724 2937/1175/6725 2936/1176/6726
f 2936/1176/6727 2957/1176/6728 2958/1175/6729
f 2945/1174/6730 2938/1174/6731 2937/1175/6732
f 2937/1175/6732 2958/1175/6724 2945/1174/6733
f 2959/1181/6734 2944/1173/6735 2945/1174/6736
f 2945/1174/6736 2960/1182/6737 2959/1181/6734
f 2961/1183/6738 2946/1172/6705 2944/1173/6701
f 2944/1173/6701 2959/1181/6734 2961/1183/6739
f 2962/1184/6740 2947/1171/6706 2946/1172/6705
f 2946/1172/6705 2961/1183/6738 2962/1184/6740
f 2963/1185/6741 2948/1170/6707 2947/1171/6706
f 2947/1171/6706 2962/1184/6742 2963/1185/6741
f 2964/1186/6743 2949/1179/6710 2952/1178/6744
f 2952/1178/6745 2965/1187/6746 2964/1186/6743
f 2966/1188/6747 2953/1180/6748 2949/1179/6710
f 2949/1179/6749 2964/1186/6750 2966/1188/6751
f 2967/1189/6752 2955/1177/6719 2956/1168/6753
f 2956/1168/6753 2968/1190/6754 2967/1189/6752
f 2969/1191/6755 2957/1176/6728 2955/1177/6756
f 2955/1177/6719 2967/1189/6752 2969/1191/6757
f 2970/1192/6758 2958/1175/6759 2957/1176/6760
f 2957/1176/6722 2969/1191/6755 2970/1192/6761
f 2960/1182/6737 2945/1174/6736 2958/1175/6729
f 2958/1175/6729 2970/1192/6761 2960/1182/6737
f 2961/1183/6738 2959/1181/6762 2960/1182/6763
f 2960/1182/6763 2970/1192/6761 2969/1191/6764
f 2961/1183/6738 2960/1182/6763 2969/1191/6764
f 2969/1191/6764 2967/1189/6752 2968/1190/6754
f 2968/1190/6754 2971/1193/2705 2963/1185/6765
f 2969/1191/6764 2968/1190/6754 2963/1185/6765
f 2961/1183/6738 2969/1191/6764 2963/1185/6765
f 2961/1183/6738 2963/1185/6765 2962/1184/6740
f 2942/1170/6693 2951/1178/6766 2950/1179/6711
f 2950/1179/6711 2943/1169/2776 2942/1170/6693
f 2943/1169/2776 2950/1179/6711 2954/1180/6767
f 2954/1180/6767 2934/1168/6768 2943/1169/2776
f 2948/1170/6707 2952/1178/6769 2951/1178/6766
f 2951/1178/6766 2942/1170/6770 2948/1170/6771
f 2934/1168/6689 2954/1180/6767 2953/1180/6772
f 2953/1180/6773 2956/1168/6753 2934/1168/6689
f 2963/1185/6765 2965/1187/6774 2952/1178/6769
f 2952/1178/6769 2948/1170/6707 2963/1185/6765
f 2971/1193/2705 2964/1186/6750 2965/1187/6775
f 2965/1187/6775 2963/1185/6765 2971/1193/2705
f 2968/1190/6754 2966/1188/6776 2964/1186/6750
f 2964/1186/6750 2971/1193/2705 2968/1190/6754
f 2956/1168/6777 2953/1180/6715 2966/1188/6776
f 2966/1188/6776 2968/1190/6778 2956/1168/6777
f 2972/1194/4668 2009/288/6779 2008/289/4480
f 2008/289/4480 2144/424/6780 2972/1194/4668
f 2009/288/6779 2972/1194/6781 2151/431/6782
f 2151/431/6782 2145/425/4892 2009/288/6779
f 2973/1804/6783 2974/1805/6784 2975/1806/6785
f 2975/1806/6785 2976/1807/6786 2973/1804/6783
f 2977/1808/6787 2978/1809/6786 2979/1810/6788
f 2979/1810/6788 2980/1811/6789 2977/1808/6790
f 2192/1642/6791 2980/1811/6789 2979/1810/6788
f 2979/1810/6788 2193/1643/4979 2192/1642/4978
f 2189/1639/4974 2191/1641/4977 2975/1806/6785
f 2975/1806/6785 2974/1805/6784 2189/1639/4974
f 2192/1642/4982 2194/1644/4981 2981/1812/6792
f 2981/1812/6793 2980/1811/6794 2192/1642/6795
f 2977/1808/6796 2980/1811/6794 2981/1812/6792
f 2981/1812/6793 2982/1813/6797 2977/1808/6796
f 2983/1814/6798 2982/1813/6797 2981/1812/6799
f 2981/1812/6799 2984/1815/6800 2983/1814/6798
f 2202/1652/4998 2984/1815/6800 2981/1812/6801
f 2981/1812/6792 2194/1644/4981 2202/1652/4996
f 2985/1816/6802 2986/1817/6803 2987/1818/6804
f 2987/1818/6804 2988/1819/6805 2985/1816/6802
f 2200/1650/4994 2988/1819/6805 2987/1818/6806
f 2987/1818/6804 2201/1651/6807 2200/1650/4992
f 2202/1652/6808 2201/1651/6809 2987/1818/6810
f 2987/1818/6810 2984/1815/6811 2202/1652/6808
f 2983/1814/6812 2984/1815/6811 2987/1818/6810
f 2987/1818/6810 2986/1817/6813 2983/1814/6812
f 2983/1814/6798 2989/1820/6814 2990/1821/6815
f 2990/1821/6815 2982/1813/6816 2983/1814/6798
f 2977/1808/6796 2982/1813/6817 2990/1821/6818
f 2990/1821/6818 2991/1822/6819 2977/1808/6820
f 2992/1823/6821 2991/1822/6819 2990/1821/6822
f 2990/1821/6818 2993/1824/6823 2992/1823/6821
f 2994/1825/6824 2993/1824/6825 2990/1821/6815
f 2990/1821/6815 2989/1820/6814 2994/1825/6826
f 2994/1825/6826 2989/1820/6827 2995/1826/6828
f 2995/1826/6828 2996/1827/6829 2994/1825/6826
f 2997/1828/6830 2996/1827/6829 2995/1826/6831
f 2995/1826/6832 2998/1829/6833 2997/1828/6830
f 2985/1816/6802 2998/1829/6833 2995/1826/6832
f 2995/1826/6832 2986/1817/6834 2985/1816/6802
f 2983/1814/6812 2986/1817/6834 2995/1826/6828
f 2995/1826/6828 2989/1820/6827 2983/1814/6835
f 2999/1830/6836 3000/1831/6837 3001/1832/6838
f 3001/1832/6839 3002/1833/6840 2999/1830/6836
f 2198/1648/4988 3002/1833/6841 3001/1832/6839
f 3001/1832/6842 2199/1649/4987 2198/1648/4986
f 2200/1650/4995 2199/1649/6843 3001/1832/6839
f 3001/1832/6839 2988/1819/6844 2200/1650/4995
f 2985/1816/6845 2988/1819/6844 3001/1832/6846
f 3001/1832/6846 3000/1831/6847 2985/1816/6845
f 2997/1828/6830 2998/1829/6848 3003/1834/6849
f 3003/1834/6849 3004/1835/6850 2997/1828/6851
f 3005/1836/6852 3004/1835/6850 3003/1834/6853
f 3003/1834/6853 3006/1837/6854 3005/1836/6855
f 2999/1830/6856 3006/1837/6857 3003/1834/6853
f 3003/1834/6853 3000/1831/6837 2999/1830/6836
f 2985/1816/6845 3000/1831/6847 3003/1834/6849
f 3003/1834/6849 2998/1829/6848 2985/1816/6802
f 3005/1836/6852 3006/1837/6858 3007/1838/6859
f 3007/1838/6860 3008/1839/6861 3005/1836/6862
f 3009/1840/6863 3008/1839/6864 3007/1838/6865
f 3007/1838/6865 3010/1841/6866 3009/1840/6863
f 3011/1842/6867 3010/1841/6866 3007/1838/6865
f 3007/1838/6865 3012/1843/6868 3011/1842/6869
f 2999/1830/6870 3012/1843/6868 3007/1838/6871
f 3007/1838/6860 3006/1837/6858 2999/1830/6836
f 3005/1836/6852 3013/1844/6872 3014/1845/6873
f 3014/1845/6873 3004/1835/6874 3005/1836/6852
f 2997/1828/6875 3004/1835/6850 3014/1845/6873
f 3014/1845/6873 3015/1846/6876 2997/1828/6875
f 3016/1847/6877 3015/1846/6876 3014/1845/6878
f 3014/1845/6878 3017/1848/6879 3016/1847/6877
f 3018/1849/6880 3017/1848/6879 3014/1845/6878
f 3014/1845/6878 3013/1844/6881 3018/1849/6882
f 3018/1849/6882 3013/1844/6881 3019/1850/6883
f 3019/1850/6883 3020/1851/6884 3018/1849/6885
f 3021/1852/6886 3020/1851/6887 3019/1850/6883
f 3019/1850/6883 3022/1853/6888 3021/1852/6889
f 3009/1840/6890 3022/1853/6891 3019/1850/6892
f 3019/1850/6892 3008/1839/6861 3009/1840/6890
f 3005/1836/6852 3008/1839/6861 3019/1850/6892
f 3019/1850/6892 3013/1844/6893 3005/1836/6852
f 3009/1840/6863 3023/1854/6894 3024/1855/6895
f 3024/1855/6896 3022/1853/6897 3009/1840/6898
f 3021/1852/6889 3022/1853/6897 3024/1855/6896
f 3024/1855/6899 3025/1856/6900 3021/1852/6889
f 3026/1857/6901 3025/1856/6900 3024/1855/6899
f 3024/1855/6899 3027/1858/6902 3026/1857/6903
f 3028/1859/6904 3027/1858/6905 3024/1855/6896
f 3024/1855/6896 3023/1854/6906 3028/1859/6904
f 3028/1859/6904 3023/1854/6906 3029/1860/6907
f 3029/1860/6908 3030/1861/6909 3028/1859/6910
f 3031/1862/6911 3030/1861/6912 3029/1860/6907
f 3029/1860/6908 3032/1863/6913 3031/1862/6914
f 3011/1842/6915 3032/1863/6916 3029/1860/6917
f 3029/1860/6918 3010/1841/6866 3011/1842/6915
f 3009/1840/6890 3010/1841/6919 3029/1860/6918
f 3029/1860/6918 3023/1854/6894 3009/1840/6890
f 3031/1862/6914 3032/1863/6913 3033/1864/6920
f 3033/1864/6920 3034/1865/6921 3031/1862/6914
f 2203/1653/5002 3034/1865/6921 3033/1864/6920
f 3033/1864/6922 2197/1647/6923 2203/1653/5002
f 2195/1645/4983 2197/1647/4985 3033/1864/6920
f 3033/1864/6924 3035/1866/6925 2195/1645/4983
f 3011/1842/6915 3035/1866/6925 3033/1864/6920
f 3033/1864/6926 3032/1863/6916 3011/1842/6927
f 3011/1842/6869 3012/1843/6868 3036/1867/6928
f 3036/1867/6928 3035/1866/6929 3011/1842/6867
f 2195/1645/4983 3035/1866/6925 3036/1867/6930
f 3036/1867/6930 2196/1646/4984 2195/1645/4983
f 2198/1648/6931 2196/1646/6932 3036/1867/6928
f 3036/1867/6928 3002/1833/6933 2198/1648/4990
f 2999/1830/6836 3002/1833/6933 3036/1867/6928
f 3036/1867/6928 3012/1843/6934 2999/1830/6836
f 2205/1655/5009 2190/1640/5011 3037/1868/6935
f 3037/1868/6936 3038/1869/6937 2205/1655/5009
f 3039/1870/6938 3038/1869/6937 3037/1868/6935
f 3037/1868/6935 3040/1871/6939 3039/1870/6938
f 2973/1804/6940 3040/1871/6941 3037/1868/6942
f 3037/1868/6942 2974/1805/6943 2973/1804/6940
f 2189/1639/4974 2974/1805/6943 3037/1868/6942
f 3037/1868/6942 2190/1640/4975 2189/1639/4974
f 2973/1804/6944 2976/1807/6786 3041/1872/6945
f 3041/1872/6945 3042/1873/6946 2973/1804/6783
f 3043/1874/6947 3042/1873/6946 3041/1872/6948
f 3041/1872/6948 3044/1875/6949 3043/1874/6947
f 2992/1823/6950 3045/1876/6949 3046/1877/6948
f 3046/1877/6945 2991/1822/6819 2992/1823/6950
f 2977/1808/6787 2991/1822/6951 3046/1877/6945
f 3046/1877/6952 2978/1809/6786 2977/1808/6787
f 2994/1825/6826 3047/1878/6953 3048/1879/6954
f 3048/1879/6954 2993/1824/6955 2994/1825/6826
f 2992/1823/6950 2993/1824/6956 3048/1879/6957
f 3048/1879/6958 3049/1880/6959 2992/1823/6950
f 3050/1881/6960 3049/1880/6959 3048/1879/6957
f 3048/1879/6957 3051/1882/6961 3050/1881/6960
f 3052/1883/6962 3051/1882/6963 3048/1879/6957
f 3048/1879/6957 3047/1878/6964 3052/1883/6965
f 3052/1883/6962 3047/1878/6966 3053/1884/6967
f 3053/1884/6967 3054/1885/6968 3052/1883/6965
f 3016/1847/6877 3054/1885/6968 3053/1884/6967
f 3053/1884/6969 3015/1846/6876 3016/1847/6970
f 2997/1828/6875 3015/1846/6876 3053/1884/6967
f 3053/1884/6967 2996/1827/6971 2997/1828/6875
f 2994/1825/6826 2996/1827/6972 3053/1884/6973
f 3053/1884/6967 3047/1878/6953 2994/1825/6974
f 3016/1847/6975 3055/1886/6976 3056/1887/6977
f 3056/1887/6977 3054/1885/6978 3016/1847/6970
f 3052/1883/6979 3054/1885/6978 3056/1887/6977
f 3056/1887/6980 3057/1888/6981 3052/1883/6979
f 3058/1889/6982 3057/1888/6981 3056/1887/6977
f 3056/1887/6983 3059/1890/6984 3058/1889/6985
f 3060/1891/6986 3059/1890/6984 3056/1887/6977
f 3056/1887/6977 3055/1886/6987 3060/1891/6986
f 3060/1891/6986 3055/1886/6988 3061/1892/6989
f 3061/1892/6989 3062/1893/6990 3060/1891/6991
f 3063/1894/6992 3062/1893/6993 3061/1892/6994
f 3061/1892/6994 3064/1895/6995 3063/1894/6992
f 3018/1849/6882 3064/1895/6995 3061/1892/6996
f 3061/1892/6994 3017/1848/6997 3018/1849/6882
f 3016/1847/6970 3017/1848/6998 3061/1892/6999
f 3061/1892/6999 3055/1886/6976 3016/1847/6970
f 3018/1849/6882 3020/1851/7000 3065/1896/7001
f 3065/1896/7002 3064/1895/6995 3018/1849/6882
f 3063/1894/6992 3064/1895/6995 3065/1896/7003
f 3065/1896/7003 3066/1897/7004 3063/1894/6992
f 3067/1898/7005 3066/1897/7004 3065/1896/7006
f 3065/1896/7002 3068/1899/7007 3067/1898/7005
f 3021/1852/6889 3068/1899/7008 3065/1896/7002
f 3065/1896/7002 3020/1851/7000 3021/1852/7009
f 3067/1898/7005 3068/1899/7008 3069/1900/7010
f 3069/1900/7010 3070/1901/7011 3067/1898/7005
f 3071/1902/7012 3070/1901/7013 3069/1900/7014
f 3069/1900/7010 3072/1903/7015 3071/1902/7016
f 3026/1857/7017 3072/1903/7015 3069/1900/7014
f 3069/1900/7010 3025/1856/7018 3026/1857/7017
f 3021/1852/6889 3025/1856/7018 3069/1900/7014
f 3069/1900/7014 3068/1899/7008 3021/1852/6889
f 3026/1857/6901 3073/1904/7019 3074/1905/7020
f 3074/1905/7021 3072/1903/7022 3026/1857/6901
f 3071/1902/7023 3072/1903/7015 3074/1905/7021
f 3074/1905/7021 3075/1906/7024 3071/1902/7023
f 3076/1907/7025 3075/1906/7024 3074/1905/7021
f 3074/1905/7021 3077/1908/7026 3076/1907/7025
f 3078/1909/7027 3077/1908/7028 3074/1905/7029
f 3074/1905/7030 3073/1904/7031 3078/1909/7027
f 3078/1909/7027 3073/1904/7019 3079/1910/7032
f 3079/1910/7032 3080/1911/7033 3078/1909/7034
f 3081/1912/7035 3080/1911/7033 3079/1910/7036
f 3079/1910/7037 3082/1913/7038 3081/1912/7039
f 3028/1859/7040 3082/1913/7038 3079/1910/7037
f 3079/1910/7036 3027/1858/6905 3028/1859/7040
f 3026/1857/6903 3027/1858/7041 3079/1910/7032
f 3079/1910/7042 3073/1904/7019 3026/1857/7017
f 3028/1859/6904 3030/1861/7043 3083/1914/7044
f 3083/1914/7045 3082/1913/7046 3028/1859/6904
f 3081/1912/7039 3082/1913/7046 3083/1914/7047
f 3083/1914/7045 3084/1915/7048 3081/1912/7039
f 3039/1870/7049 3084/1915/7048 3083/1914/7045
f 3083/1914/7045 3085/1916/7050 3039/1870/7049
f 3031/1862/7051 3085/1916/7052 3083/1914/7053
f 3083/1914/7053 3030/1861/6912 3031/1862/7054
f 3039/1870/7055 3085/1916/7050 3086/1917/7056
f 3086/1917/7056 3038/1869/7057 3039/1870/7049
f 2205/1655/5006 3038/1869/6937 3086/1917/7058
f 3086/1917/7056 2204/1654/5007 2205/1655/5006
f 2203/1653/5004 2204/1654/7059 3086/1917/7056
f 3086/1917/7056 3034/1865/6921 2203/1653/5004
f 3031/1862/7051 3034/1865/7060 3086/1917/7056
f 3086/1917/7056 3085/1916/7052 3031/1862/7051
f 3081/1912/7035 3084/1915/7048 3087/1918/7061
f 3087/1918/7061 3088/1919/7062 3081/1912/7035
f 3043/1874/7063 3088/1919/7064 3087/1918/7065
f 3087/1918/7065 3042/1873/6946 3043/1874/7063
f 2973/1804/6940 3042/1873/6946 3087/1918/7065
f 3087/1918/7065 3040/1871/6941 2973/1804/6940
f 3039/1870/6938 3040/1871/6939 3087/1918/7065
f 3087/1918/7065 3084/1915/7048 3039/1870/6938
f 3081/1912/7066 3088/1919/7062 3089/1920/7067
f 3089/1920/7067 3080/1911/7033 3081/1912/7068
f 3078/1909/7027 3080/1911/7033 3089/1920/7069
f 3089/1920/7069 3090/1921/7070 3078/1909/7027
f 3091/1922/7071 3090/1921/7070 3089/1920/7069
f 3089/1920/7069 3092/1923/7072 3091/1922/7071
f 3043/1874/7073 3092/1923/7074 3089/1920/7069
f 3089/1920/7067 3088/1919/7064 3043/1874/7073
f 3091/1922/7075 3092/1923/7072 3093/1924/7076
f 3093/1924/7077 3094/1925/7078 3091/1922/7079
f 3050/1881/7080 3095/1926/7078 3096/1927/7076
f 3096/1927/7081 3049/1880/6959 3050/1881/7082
f 2992/1823/7083 3049/1880/7084 3096/1927/7076
f 3096/1927/7076 3045/1876/6949 2992/1823/6821
f 3043/1874/7063 3044/1875/6949 3093/1924/7076
f 3093/1924/7085 3092/1923/7074 3043/1874/7073
f 3097/1928/7086 3098/1929/7087 3099/1930/7088
f 3099/1930/7089 3100/1931/7090 3097/1928/7091
f 3058/1889/7092 3100/1931/7093 3099/1930/7089
f 3099/1930/7089 3057/1888/6981 3058/1889/7094
f 3052/1883/7095 3057/1888/6981 3099/1930/7089
f 3099/1930/7089 3051/1882/7096 3052/1883/6979
f 3050/1881/7080 3051/1882/7096 3099/1930/7089
f 3099/1930/7089 3098/1929/7087 3050/1881/7080
f 3101/1932/7097 3102/1933/7098 3103/1934/7099
f 3103/1934/7099 3104/1935/7100 3101/1932/7097
f 3105/1936/7101 3104/1935/7102 3103/1934/7103
f 3103/1934/7103 3106/1937/7104 3105/1936/7101
f 3071/1902/7105 3106/1937/7104 3103/1934/7103
f 3103/1934/7106 3070/1901/7107 3071/1902/7016
f 3067/1898/7108 3070/1901/7109 3103/1934/7110
f 3103/1934/7110 3102/1933/7111 3067/1898/7112
f 3076/1907/7113 3077/1908/7114 3107/1938/7115
f 3107/1938/7115 3108/1939/7116 3076/1907/7113
f 3109/1940/7117 3108/1939/7118 3107/1938/7119
f 3107/1938/7119 3110/1941/7120 3109/1940/7121
f 3091/1922/7122 3110/1941/7123 3107/1938/7124
f 3107/1938/7125 3090/1921/7126 3091/1922/7127
f 3078/1909/7027 3090/1921/7126 3107/1938/7119
f 3107/1938/7124 3077/1908/7114 3078/1909/7027
f 3091/1922/7127 3094/1925/7078 3111/1942/7128
f 3111/1942/7129 3110/1941/7130 3091/1922/7127
f 3109/1940/7131 3110/1941/7132 3111/1942/7133
f 3111/1942/7128 3112/1943/7134 3109/1940/7135
f 3097/1928/7086 3113/1944/7136 3114/1945/7128
f 3114/1945/7133 3098/1929/7087 3097/1928/7086
f 3050/1881/7080 3098/1929/7137 3114/1945/7133
f 3114/1945/7129 3095/1926/7138 3050/1881/7080
f 3097/1928/7139 3115/1946/7140 3116/1947/7141
f 3116/1947/7141 3113/1944/7136 3097/1928/7086
f 3109/1940/7142 3112/1943/7143 3117/1948/7144
f 3117/1948/7145 3118/1949/7146 3109/1940/7121
f 3119/1950/7147 3118/1949/7148 3117/1948/7144
f 3117/1948/7145 3120/1951/7149 3119/1950/7150
f 3121/1952/7151 3122/1953/7149 3116/1947/7141
f 3116/1947/7141 3115/1946/7152 3121/1952/7151
f 3121/1952/7153 3115/1946/7152 3123/1954/7154
f 3123/1954/7154 3124/1955/7155 3121/1952/7156
f 3125/1956/7157 3124/1955/7158 3123/1954/7159
f 3123/1954/7154 3126/1957/7160 3125/1956/7157
f 3058/1889/7094 3126/1957/7160 3123/1954/7154
f 3123/1954/7154 3100/1931/7161 3058/1889/7094
f 3097/1928/7091 3100/1931/7090 3123/1954/7154
f 3123/1954/7154 3115/1946/7140 3097/1928/7091
f 3058/1889/7092 3059/1890/7162 3127/1958/7163
f 3127/1958/7164 3126/1957/7165 3058/1889/7092
f 3125/1956/7157 3126/1957/7166 3127/1958/7163
f 3127/1958/7167 3128/1959/7168 3125/1956/7169
f 3129/1960/7170 3128/1959/7171 3127/1958/7163
f 3127/1958/7163 3130/1961/7172 3129/1960/7170
f 3060/1891/7173 3130/1961/7174 3127/1958/7163
f 3127/1958/7163 3059/1890/6984 3060/1891/7175
f 3063/1894/7176 3066/1897/7177 3131/1962/7178
f 3131/1962/7178 3132/1963/7179 3063/1894/7176
f 3133/1964/7180 3132/1963/7179 3131/1962/7181
f 3131/1962/7181 3134/1965/7182 3133/1964/7180
f 3101/1932/7097 3134/1965/7183 3131/1962/7184
f 3131/1962/7184 3102/1933/7111 3101/1932/7185
f 3067/1898/7005 3102/1933/7111 3131/1962/7186
f 3131/1962/7186 3066/1897/7004 3067/1898/7112
f 3129/1960/7187 3130/1961/7188 3135/1966/7189
f 3135/1966/7190 3136/1967/7191 3129/1960/7192
f 3133/1964/7193 3136/1967/7194 3135/1966/7195
f 3135/1966/7196 3132/1963/7197 3133/1964/7198
f 3063/1894/6992 3132/1963/7199 3135/1966/7190
f 3135/1966/7190 3062/1893/7200 3063/1894/6992
f 3060/1891/7175 3062/1893/6990 3135/1966/7190
f 3135/1966/7190 3130/1961/7188 3060/1891/7175
f 2238/1688/5067 3137/1968/7201 3138/1969/7202
f 3138/1969/7203 2210/1660/5068 2238/1688/5067
f 2206/1656/7204 2210/1660/5017 3138/1969/7205
f 3138/1969/7203 3139/1970/7206 2206/1656/7204
f 3101/1932/7207 3139/1970/7206 3138/1969/7205
f 3138/1969/7205 3134/1965/7182 3101/1932/7207
f 3133/1964/7180 3134/1965/7182 3138/1969/7202
f 3138/1969/7202 3137/1968/7201 3133/1964/7180
f 3101/1932/7097 3104/1935/7208 3140/1971/7209
f 3140/1971/7209 3139/1970/7210 3101/1932/7097
f 2206/1656/5012 3139/1970/7210 3140/1971/7209
f 3140/1971/7209 2207/1657/5024 2206/1656/5012
f 2211/1661/5025 2207/1657/7211 3140/1971/7212
f 3140/1971/7212 3141/1972/7213 2211/1661/5025
f 3105/1936/7101 3141/1972/7213 3140/1971/7212
f 3140/1971/7212 3104/1935/7214 3105/1936/7101
f 3105/1936/7215 3106/1937/7216 3142/1973/7217
f 3142/1973/7217 3143/1974/7218 3105/1936/7215
f 3144/1975/7219 3143/1974/7220 3142/1973/7221
f 3142/1973/7221 3145/1976/7222 3144/1975/7223
f 3076/1907/7224 3145/1976/7225 3142/1973/7221
f 3142/1973/7221 3075/1906/7024 3076/1907/7224
f 3071/1902/7226 3075/1906/7227 3142/1973/7217
f 3142/1973/7217 3106/1937/7228 3071/1902/7226
f 3144/1975/7229 3145/1976/7222 3146/1977/7230
f 3146/1977/7230 3147/1978/7231 3144/1975/7229
f 3119/1950/7147 3147/1978/7232 3146/1977/7230
f 3146/1977/7233 3118/1949/7234 3119/1950/7147
f 3109/1940/7235 3118/1949/7234 3146/1977/7233
f 3146/1977/7233 3108/1939/7236 3109/1940/7121
f 3076/1907/7237 3108/1939/7116 3146/1977/7238
f 3146/1977/7238 3145/1976/7239 3076/1907/7237
f 3119/1950/7147 3148/1979/7240 3149/1980/7241
f 3149/1980/7241 3147/1978/7232 3119/1950/7147
f 3144/1975/7229 3147/1978/7231 3149/1980/7242
f 3149/1980/7242 3150/1981/7243 3144/1975/7229
f 2223/1673/7244 3150/1981/7245 3149/1980/7242
f 3149/1980/7242 2224/1674/5044 2223/1673/7246
f 2225/1675/7247 2224/1674/5044 3149/1980/7248
f 3149/1980/7241 3148/1979/7240 2225/1675/5047
f 2225/1675/7249 3148/1979/7240 3151/1982/7250
f 3151/1982/7251 2226/1676/5048 2225/1675/7252
f 2227/1677/5052 2231/1681/5048 3152/1983/7253
f 3152/1983/7254 3153/1984/7255 2227/1677/5052
f 3121/1952/7151 3153/1984/7255 3152/1983/7253
f 3152/1983/7256 3122/1953/7149 3121/1952/7151
f 3119/1950/7150 3120/1951/7149 3151/1982/7250
f 3151/1982/7251 3148/1979/7240 3119/1950/7147
f 3121/1952/7156 3124/1955/7257 3154/1985/7258
f 3154/1985/7259 3153/1984/7260 3121/1952/7156
f 2227/1677/5049 3153/1984/7261 3154/1985/7258
f 3154/1985/7259 2228/1678/5050 2227/1677/5049
f 2232/1682/5057 2228/1678/5050 3154/1985/7262
f 3154/1985/7262 3155/1986/7263 2232/1682/5057
f 3125/1956/7264 3155/1986/7263 3154/1985/7265
f 3154/1985/7262 3124/1955/7158 3125/1956/7264
f 3125/1956/7264 3128/1959/7168 3156/1987/7266
f 3156/1987/7266 3155/1986/7267 3125/1956/7264
f 2232/1682/5054 3155/1986/7267 3156/1987/7266
f 3156/1987/7268 2233/1683/7269 2232/1682/5054
f 2235/1685/7270 2233/1683/5066 3156/1987/7266
f 3156/1987/7271 3157/1988/7272 2235/1685/7270
f 3129/1960/7170 3157/1988/7273 3156/1987/7266
f 3156/1987/7266 3128/1959/7171 3129/1960/7170
f 3129/1960/7187 3136/1967/7274 3158/1989/7275
f 3158/1989/7275 3157/1988/7276 3129/1960/7187
f 2235/1685/5060 3157/1988/7273 3158/1989/7275
f 3158/1989/7275 2236/1686/7277 2235/1685/5060
f 2238/1688/5070 2236/1686/7278 3158/1989/7279
f 3158/1989/7280 3137/1968/7281 2238/1688/5070
f 3133/1964/7198 3137/1968/7281 3158/1989/7279
f 3158/1989/7275 3136/1967/7194 3133/1964/7193
f 2223/1673/5043 2212/1662/5045 3159/1990/7282
f 3159/1990/7283 3150/1981/7243 2223/1673/5043
f 3144/1975/7219 3150/1981/7243 3159/1990/7284
f 3159/1990/7283 3143/1974/7218 3144/1975/7223
f 3105/1936/7285 3143/1974/7218 3159/1990/7283
f 3159/1990/7283 3141/1972/7286 3105/1936/7215
f 2211/1661/7287 3141/1972/7286 3159/1990/7283
f 3159/1990/7283 2212/1662/5021 2211/1661/7287
f 1880/157/7288 1879/158/7289 3160/1382/7290
f 3160/1382/4246 3161/1383/7291 1880/157/7288
f 3162/1386/7292 3163/1385/7293 3164/1384/4243
f 3164/1384/7290 3165/1387/7294 3162/1386/7295
f 3166/1388/7296 3165/1387/7294 3164/1384/4246
f 3164/1384/4246 3167/1389/4242 3166/1388/7296
f 2731/1778/6206 2711/1768/6173 2710/1000/7290
f 2710/1000/4243 2732/1016/7297 2731/1778/6206
f 2723/1391/6192 2727/1390/7297 3168/1390/7298
f 3168/1390/7299 2724/1775/7289 2723/1391/6192
f 1898/176/4229 3169/1393/4231 3170/1392/7300
f 3170/1392/7301 1897/175/7302 1898/176/7303
f 3171/1395/7304 3172/1394/7302 3170/1392/7301
f 3170/1392/7300 3173/1396/7305 3171/1395/7306
f 3174/1397/7307 3173/1396/7308 3170/1392/7309
f 3170/1392/7309 3175/1398/7310 3174/1397/7311
f 3170/1392/7309 1899/177/7312 3175/1398/7310
f 3170/1392/7309 1877/154/4232 1878/155/7312
f 1876/152/4232 3170/1392/7309 1875/149/4233
f 1902/182/4280 1881/156/4282 3176/1399/7313
f 3176/1399/7314 3177/1400/7315 1902/182/4280
f 3178/1401/7316 3177/1400/7317 3176/1399/7314
f 3176/1399/7314 3179/1402/7318 3178/1401/7316
f 3162/1386/7292 3180/1404/7319 3181/1403/7320
f 3181/1403/7320 3163/1385/7291 3162/1386/7292
f 1880/157/7288 3161/1383/7291 3176/1399/7314
f 3176/1399/7320 1881/156/4239 1880/157/7288
f 3166/1388/7296 3182/1406/7321 3183/1405/7322
f 3183/1405/7322 3165/1387/7323 3166/1388/7296
f 3162/1386/7295 3165/1387/7294 3183/1405/7324
f 3183/1405/7325 3184/1407/7326 3162/1386/7295
f 3185/1408/7327 3184/1407/7326 3183/1405/7325
f 3183/1405/7328 3186/1409/7329 3185/1408/7330
f 3187/1410/7331 3186/1409/7332 3183/1405/7328
f 3183/1405/7328 3182/1406/7321 3187/1410/7331
f 3188/1413/7333 3189/1412/7334 3190/1411/7335
f 3190/1411/7335 3191/1414/4268 3188/1413/7333
f 1896/173/4268 3190/1411/7335 1882/164/4270
f 3190/1411/7336 1883/163/4242 1882/164/4245
f 3166/1388/7337 3167/1389/4242 3190/1411/7336
f 3190/1411/7336 3189/1412/7334 3166/1388/7338
f 3187/1410/7331 3182/1406/7321 3192/1415/7339
f 3192/1415/7339 3193/1416/7340 3187/1410/7331
f 3194/1417/7341 3193/1416/7340 3192/1415/7339
f 3192/1415/7339 3195/1418/7342 3194/1417/7341
f 3188/1413/7333 3195/1418/7343 3192/1415/7344
f 3192/1415/7344 3189/1412/7345 3188/1413/7333
f 3166/1388/7338 3189/1412/7334 3192/1415/7339
f 3192/1415/7346 3182/1406/7347 3166/1388/7337
f 3188/1413/7348 3196/1420/7349 3197/1419/7350
f 3197/1419/7351 3195/1418/7352 3188/1413/7348
f 3194/1417/7353 3195/1418/7354 3197/1419/7351
f 3197/1419/7351 3198/1421/7355 3194/1417/7353
f 3199/1422/7356 3198/1421/7355 3197/1419/7351
f 3197/1419/7351 3200/1423/7357 3199/1422/7356
f 3171/1395/7358 3200/1423/7357 3197/1419/7351
f 3197/1419/7351 3196/1420/7349 3171/1395/7359
f 3188/1413/7348 3191/1414/7360 3201/1424/4267
f 3201/1424/4267 3196/1420/7361 3188/1413/7348
f 3171/1395/7358 3196/1420/7362 3201/1424/4272
f 3201/1424/4267 3172/1394/4271 3171/1395/7359
f 1899/177/4273 178/178/315 1505/1425/3379
f 1505/1425/3379 3175/1398/7363 1899/177/7364
f 3174/1397/7307 3175/1398/7310 1505/1425/3379
f 1505/1425/7365 3202/1426/7366 3174/1397/7307
f 3203/1427/7367 3202/1426/7368 1505/1425/3379
f 1505/1425/3379 1508/1428/7369 3203/1427/7370
f 3204/1431/7371 1510/1430/7372 1509/1429/7373
f 1509/1429/7374 3205/1432/7375 3204/1431/7376
f 3206/1433/7377 3205/1432/7378 1509/1429/3389
f 1509/1429/3389 3207/1434/7379 3206/1433/7377
f 1901/180/4275 3207/1434/7379 1509/1429/3396
f 1509/1429/3389 179/179/321 1901/180/4275
f 1901/180/4275 1900/181/7380 3208/1435/7381
f 3208/1435/7381 3207/1434/7382 1901/180/4275
f 3206/1433/7383 3207/1434/7379 3208/1435/7384
f 3208/1435/7384 3209/1436/7385 3206/1433/7383
f 3178/1401/7386 3209/1436/7387 3208/1435/7388
f 3208/1435/7388 3177/1400/7315 3178/1401/7386
f 1902/182/4280 3177/1400/7315 3208/1435/7388
f 3208/1435/7381 1900/181/4281 1902/182/4280
f 3178/1401/7316 3179/1402/7389 3210/1437/7390
f 3210/1437/7390 3211/1438/7391 3178/1401/7316
f 3212/1439/7392 3211/1438/7393 3210/1437/7390
f 3210/1437/7390 3213/1440/7394 3212/1439/7395
f 3214/1443/7396 3215/1442/7397 3216/1441/7398
f 3216/1441/7398 3217/1444/7399 3214/1443/7396
f 3185/1408/7327 3217/1444/7400 3216/1441/7398
f 3216/1441/7398 3184/1407/7326 3185/1408/7401
f 3162/1386/7292 3184/1407/7326 3216/1441/7398
f 3216/1441/7398 3180/1404/7389 3162/1386/7292
f 3185/1408/7327 3186/1409/7402 3218/1445/7403
f 3218/1445/7403 3217/1444/7404 3185/1408/7330
f 3214/1443/7405 3217/1444/7404 3218/1445/7403
f 3218/1445/7403 3219/1446/7406 3214/1443/7405
f 3220/1447/7407 3219/1446/7406 3218/1445/7408
f 3218/1445/7408 3221/1448/7409 3220/1447/7407
f 3187/1410/7331 3221/1448/7410 3218/1445/7408
f 3218/1445/7408 3186/1409/7332 3187/1410/7331
f 3187/1410/7411 3193/1416/7412 3222/1449/7413
f 3222/1449/7413 3221/1448/7414 3187/1410/7411
f 3220/1447/7407 3221/1448/7414 3222/1449/7413
f 3222/1449/7413 3223/1450/7415 3220/1447/7416
f 3224/1451/7417 3223/1450/7418 3222/1449/7419
f 3222/1449/7419 3225/1452/7420 3224/1451/7417
f 3194/1417/7421 3225/1452/7420 3222/1449/7419
f 3222/1449/7419 3193/1416/7422 3194/1417/7341
f 3224/1451/7423 3225/1452/7424 3226/1453/7425
f 3226/1453/7425 3227/1454/7426 3224/1451/7423
f 3228/1455/7427 3227/1454/7426 3226/1453/7428
f 3226/1453/7428 3229/1456/7429 3228/1455/7427
f 3199/1422/7356 3229/1456/7429 3226/1453/7430
f 3226/1453/7428 3198/1421/7355 3199/1422/7356
f 3194/1417/7353 3198/1421/7355 3226/1453/7425
f 3226/1453/7431 3225/1452/7420 3194/1417/7353
f 3199/1422/7432 3230/1458/7433 3231/1457/7434
f 3231/1457/7435 3229/1456/7429 3199/1422/7432
f 3228/1455/7427 3229/1456/7429 3231/1457/7435
f 3231/1457/7435 3232/1459/7436 3228/1455/7437
f 3233/1460/7438 3232/1459/7439 3231/1457/7435
f 3231/1457/7440 3234/1461/7441 3233/1460/7442
f 3235/1462/7443 3234/1461/7441 3231/1457/7440
f 3231/1457/7440 3230/1458/7444 3235/1462/7443
f 3235/1462/7443 3230/1458/7444 3236/1463/7445
f 3236/1463/7445 3237/1464/7446 3235/1462/7443
f 3174/1397/7311 3237/1464/7447 3236/1463/7445
f 3236/1463/7445 3173/1396/7308 3174/1397/7311
f 3171/1395/7304 3173/1396/7305 3236/1463/7448
f 3236/1463/7448 3200/1423/7357 3171/1395/7306
f 3199/1422/7449 3200/1423/7450 3236/1463/7448
f 3236/1463/7448 3230/1458/7451 3199/1422/7449
f 3203/1427/7367 1508/1428/7452 1545/1465/3477
f 1545/1465/3477 3238/1466/7453 3203/1427/7370
f 3239/1467/7454 3238/1466/7455 1545/1465/3477
f 1545/1465/3470 3240/1468/7456 3239/1467/7457
f 3204/1431/7458 3240/1468/7456 1545/1465/3473
f 1545/1465/3470 1510/1430/7372 3204/1431/7371
f 3235/1462/7459 3237/1464/7460 3241/1469/7461
f 3241/1469/7461 3242/1470/7462 3235/1462/7443
f 3243/1471/7463 3242/1470/7464 3241/1469/7465
f 3241/1469/7465 3244/1472/7466 3243/1471/7463
f 3203/1427/7370 3244/1472/7467 3241/1469/7465
f 3241/1469/7465 3202/1426/7366 3203/1427/7370
f 3174/1397/7468 3202/1426/7469 3241/1469/7461
f 3241/1469/7465 3237/1464/7460 3174/1397/7307
f 3243/1471/7463 3244/1472/7466 3245/1473/7470
f 3245/1473/7471 3246/1474/7472 3243/1471/7463
f 3247/1475/7473 3246/1474/7474 3245/1473/7470
f 3245/1473/7470 3248/1476/7475 3247/1475/7473
f 3239/1467/7454 3248/1476/7475 3245/1473/7470
f 3245/1473/7470 3238/1466/7453 3239/1467/7454
f 3203/1427/7370 3238/1466/7453 3245/1473/7471
f 3245/1473/7470 3244/1472/7466 3203/1427/7370
f 3247/1475/7473 3248/1476/7476 3249/1477/7477
f 3249/1477/7478 3250/1478/7479 3247/1475/7480
f 3251/1479/7481 3250/1478/7482 3249/1477/7478
f 3249/1477/7478 3252/1480/7483 3251/1479/7481
f 3206/1433/7377 3252/1480/7483 3249/1477/7478
f 3249/1477/7484 3205/1432/7378 3206/1433/7377
f 3204/1431/7458 3205/1432/7485 3249/1477/7478
f 3249/1477/7478 3240/1468/7456 3204/1431/7486
f 3239/1467/7457 3240/1468/7456 3249/1477/7484
f 3249/1477/7487 3248/1476/7476 3239/1467/7457
f 3247/1475/7473 3253/1482/7488 3254/1481/7489
f 3254/1481/7489 3246/1474/7472 3247/1475/7473
f 3243/1471/7463 3246/1474/7472 3254/1481/7490
f 3254/1481/7490 3255/1483/7491 3243/1471/7463
f 3256/1484/7492 3255/1483/7491 3254/1481/7490
f 3254/1481/7490 3257/1485/7493 3256/1484/7492
f 3258/1486/7494 3257/1485/7495 3254/1481/7489
f 3254/1481/7489 3253/1482/7488 3258/1486/7494
f 3258/1486/7496 3253/1482/7488 3259/1487/7497
f 3259/1487/7498 3260/1488/7499 3258/1486/7496
f 3261/1489/7500 3260/1488/7501 3259/1487/7498
f 3259/1487/7498 3262/1490/7502 3261/1489/7503
f 3251/1479/7481 3262/1490/7504 3259/1487/7498
f 3259/1487/7505 3250/1478/7482 3251/1479/7481
f 3247/1475/7506 3250/1478/7479 3259/1487/7507
f 3259/1487/7498 3253/1482/7488 3247/1475/7473
f 3251/1479/7508 3263/1492/7509 3264/1491/7510
f 3264/1491/7511 3262/1490/7512 3251/1479/7513
f 3261/1489/7503 3262/1490/7512 3264/1491/7510
f 3264/1491/7514 3265/1493/7515 3261/1489/7503
f 3266/1494/7516 3265/1493/7517 3264/1491/7511
f 3264/1491/7511 3267/1495/7518 3266/1494/7516
f 3268/1496/7519 3267/1495/7520 3264/1491/7511
f 3264/1491/7511 3269/1497/7521 3268/1496/7522
f 3212/1439/7523 3269/1497/7521 3264/1491/7511
f 3264/1491/7511 3263/1492/7524 3212/1439/7523
f 3258/1486/7525 3260/1488/7526 3270/1498/7527
f 3270/1498/7527 3271/1499/7528 3258/1486/7525
f 3272/1500/7529 3271/1499/7530 3270/1498/7531
f 3270/1498/7531 3273/1501/7532 3272/1500/7529
f 3266/1494/7533 3273/1501/7534 3270/1498/7531
f 3270/1498/7531 3265/1493/7517 3266/1494/7516
f 3261/1489/7503 3265/1493/7515 3270/1498/7527
f 3270/1498/7527 3260/1488/7526 3261/1489/7535
f 3268/1496/7536 3269/1497/7537 3274/1502/7538
f 3274/1502/7539 3275/1503/7540 3268/1496/7536
f 3276/1506/7541 3277/1505/7542 3278/1504/7538
f 3278/1504/7543 3279/1507/7544 3276/1506/7541
f 3214/1443/7396 3279/1507/7545 3278/1504/7546
f 3278/1504/7546 3215/1442/7394 3214/1443/7396
f 3212/1439/7392 3213/1440/7394 3274/1502/7543
f 3274/1502/7543 3269/1497/7537 3212/1439/7392
f 3212/1439/7523 3263/1492/7547 3280/1508/7548
f 3280/1508/7549 3211/1438/7393 3212/1439/7523
f 3178/1401/7550 3211/1438/7391 3280/1508/7551
f 3280/1508/7551 3209/1436/7387 3178/1401/7550
f 3206/1433/7383 3209/1436/7385 3280/1508/7551
f 3280/1508/7551 3252/1480/7483 3206/1433/7383
f 3251/1479/7508 3252/1480/7483 3280/1508/7551
f 3280/1508/7551 3263/1492/7552 3251/1479/7513
f 3214/1443/7405 3219/1446/7406 3281/1509/7553
f 3281/1509/7553 3279/1507/7545 3214/1443/7554
f 3276/1506/7541 3279/1507/7555 3281/1509/7556
f 3281/1509/7556 3282/1510/7557 3276/1506/7541
f 3283/1511/7558 3282/1510/7557 3281/1509/7556
f 3281/1509/7559 3284/1512/7560 3283/1511/7558
f 3220/1447/7561 3284/1512/7562 3281/1509/7556
f 3281/1509/7556 3219/1446/7406 3220/1447/7407
f 3283/1511/7558 3284/1512/7560 3285/1513/7563
f 3285/1513/7564 3286/1514/7565 3283/1511/7558
f 3287/1515/7566 3286/1514/7565 3285/1513/7564
f 3285/1513/7564 3288/1516/7567 3287/1515/7568
f 3224/1451/7423 3288/1516/7569 3285/1513/7570
f 3285/1513/7570 3223/1450/7418 3224/1451/7423
f 3220/1447/7407 3223/1450/7418 3285/1513/7571
f 3285/1513/7571 3284/1512/7560 3220/1447/7416
f 3224/1451/7423 3227/1454/7572 3289/1517/7573
f 3289/1517/7573 3288/1516/7569 3224/1451/7423
f 3287/1515/7566 3288/1516/7567 3289/1517/7574
f 3289/1517/7573 3290/1518/7575 3287/1515/7568
f 3291/1519/7576 3290/1518/7577 3289/1517/7578
f 3289/1517/7579 3292/1520/7580 3291/1519/7581
f 3228/1455/7582 3292/1520/7583 3289/1517/7574
f 3289/1517/7574 3227/1454/7572 3228/1455/7584
f 3291/1519/7576 3292/1520/7580 3293/1521/7585
f 3293/1521/7585 3294/1522/7586 3291/1519/7587
f 3295/1523/7588 3294/1522/7589 3293/1521/7585
f 3293/1521/7585 3296/1524/7590 3295/1523/7588
f 3233/1460/7591 3296/1524/7592 3293/1521/7593
f 3293/1521/7593 3232/1459/7594 3233/1460/7591
f 3228/1455/7437 3232/1459/7439 3293/1521/7593
f 3293/1521/7593 3292/1520/7595 3228/1455/7427
f 3233/1460/7442 3297/1526/7596 3298/1525/7597
f 3298/1525/7598 3296/1524/7599 3233/1460/7442
f 3295/1523/7588 3296/1524/7600 3298/1525/7601
f 3298/1525/7602 3299/1527/7603 3295/1523/7588
f 3300/1528/7604 3299/1527/7603 3298/1525/7601
f 3298/1525/7601 3301/1529/7605 3300/1528/7604
f 3256/1484/7606 3301/1529/7607 3298/1525/7608
f 3298/1525/7602 3297/1526/7596 3256/1484/7606
f 3256/1484/7609 3297/1526/7610 3302/1530/7611
f 3302/1530/7612 3255/1483/7613 3256/1484/7614
f 3243/1471/7615 3255/1483/7613 3302/1530/7612
f 3302/1530/7612 3242/1470/7464 3243/1471/7615
f 3235/1462/7443 3242/1470/7616 3302/1530/7617
f 3302/1530/7617 3234/1461/7441 3235/1462/7459
f 3233/1460/7442 3234/1461/7441 3302/1530/7618
f 3302/1530/7618 3297/1526/7619 3233/1460/7442
f 3300/1528/7604 3301/1529/7620 3303/1531/7621
f 3303/1531/7621 3304/1532/7622 3300/1528/7604
f 3272/1500/7529 3304/1532/7622 3303/1531/7621
f 3303/1531/7621 3271/1499/7530 3272/1500/7529
f 3258/1486/7525 3271/1499/7528 3303/1531/7623
f 3303/1531/7624 3257/1485/7625 3258/1486/7626
f 3256/1484/7606 3257/1485/7495 3303/1531/7621
f 3303/1531/7623 3301/1529/7605 3256/1484/7606
f 3272/1500/7627 3305/1534/7628 3306/1533/7629
f 3306/1533/7629 3304/1532/7622 3272/1500/7630
f 3300/1528/7604 3304/1532/7622 3306/1533/7629
f 3306/1533/7629 3307/1535/7631 3300/1528/7604
f 3308/1536/7632 3307/1535/7631 3306/1533/7629
f 3306/1533/7629 3309/1537/7633 3308/1536/7632
f 3310/1538/7634 3309/1537/7635 3306/1533/7629
f 3306/1533/7636 3305/1534/7637 3310/1538/7638
f 3310/1538/7638 3305/1534/7639 3311/1539/7640
f 3311/1539/7640 3312/1540/7641 3310/1538/7642
f 3313/1541/7643 3312/1540/7641 3311/1539/7644
f 3311/1539/7644 3314/1542/7645 3313/1541/7643
f 3266/1494/7516 3314/1542/7646 3311/1539/7644
f 3311/1539/7640 3273/1501/7534 3266/1494/7516
f 3272/1500/7529 3273/1501/7534 3311/1539/7640
f 3311/1539/7647 3305/1534/7639 3272/1500/7529
f 3266/1494/7533 3267/1495/7648 3315/1543/7649
f 3315/1543/7650 3314/1542/7646 3266/1494/7533
f 3313/1541/7651 3314/1542/7646 3315/1543/7652
f 3315/1543/7652 3316/1544/7653 3313/1541/7651
f 3317/1545/7654 3316/1544/7655 3315/1543/7656
f 3315/1543/7657 3318/1546/7658 3317/1545/7654
f 3268/1496/7536 3318/1546/7658 3315/1543/7657
f 3315/1543/7650 3267/1495/7659 3268/1496/7536
f 3317/1545/7654 3318/1546/7658 3319/1547/7660
f 3319/1547/7660 3320/1548/7661 3317/1545/7662
f 3321/1551/7663 3322/1550/7664 3323/1549/7665
f 3323/1549/7665 3324/1552/7666 3321/1551/7667
f 3276/1506/7668 3324/1552/7669 3323/1549/7660
f 3323/1549/7670 3277/1505/7671 3276/1506/7672
f 3268/1496/7536 3275/1503/7673 3319/1547/7660
f 3319/1547/7660 3318/1546/7658 3268/1496/7536
f 3321/1551/7663 3324/1552/7666 3325/1553/7674
f 3325/1553/7674 3326/1554/7675 3321/1551/7663
f 3327/1555/7676 3326/1554/7677 3325/1553/7678
f 3325/1553/7674 3328/1556/7679 3327/1555/7676
f 3283/1511/7680 3328/1556/7681 3325/1553/7674
f 3325/1553/7674 3282/1510/7682 3283/1511/7683
f 3276/1506/7668 3282/1510/7684 3325/1553/7674
f 3325/1553/7674 3324/1552/7685 3276/1506/7668
f 3283/1511/7686 3286/1514/7687 3329/1557/7688
f 3329/1557/7689 3328/1556/7690 3283/1511/7686
f 3327/1555/7676 3328/1556/7690 3329/1557/7689
f 3329/1557/7689 3330/1558/7691 3327/1555/7676
f 3331/1559/7692 3330/1558/7693 3329/1557/7694
f 3329/1557/7694 3332/1560/7695 3331/1559/7692
f 3287/1515/7568 3332/1560/7696 3329/1557/7697
f 3329/1557/7697 3286/1514/7698 3287/1515/7568
f 3331/1559/7699 3332/1560/7700 3333/1561/7701
f 3333/1561/7701 3334/1562/7702 3331/1559/7703
f 3335/1563/7704 3334/1562/7705 3333/1561/7706
f 3333/1561/7707 3336/1564/7708 3335/1563/7704
f 3291/1519/7581 3336/1564/7709 3333/1561/7701
f 3333/1561/7707 3290/1518/7710 3291/1519/7587
f 3287/1515/7711 3290/1518/7712 3333/1561/7701
f 3333/1561/7701 3332/1560/7696 3287/1515/7568
f 3337/1567/7713 3338/1566/7714 3339/1565/7715
f 3339/1565/7716 3340/1568/7717 3337/1567/7713
f 3295/1523/7588 3340/1568/7718 3339/1565/7719
f 3339/1565/7719 3294/1522/7720 3295/1523/7588
f 3291/1519/7587 3294/1522/7720 3339/1565/7715
f 3339/1565/7719 3336/1564/7709 3291/1519/7587
f 3335/1563/7721 3336/1564/7722 3339/1565/7723
f 3339/1565/7719 3338/1566/7724 3335/1563/7721
f 3308/1536/7725 3341/1570/7726 3342/1569/7727
f 3342/1569/7728 3307/1535/7729 3308/1536/7725
f 3300/1528/7604 3307/1535/7729 3342/1569/7728
f 3342/1569/7728 3299/1527/7730 3300/1528/7604
f 3295/1523/7731 3299/1527/7732 3342/1569/7733
f 3342/1569/7728 3340/1568/7718 3295/1523/7734
f 3337/1567/7735 3340/1568/7718 3342/1569/7733
f 3342/1569/7733 3341/1570/7726 3337/1567/7735
f 1918/198/4307 3343/1572/7736 3344/1571/7737
f 3344/1571/7737 1907/184/4311 1918/198/4307
f 1903/183/4283 1907/184/4289 3344/1571/7738
f 3344/1571/7738 3345/1573/7739 1903/183/4283
f 3310/1538/7638 3345/1573/7740 3344/1571/7738
f 3344/1571/7738 3309/1537/7741 3310/1538/7638
f 3308/1536/7632 3309/1537/7633 3344/1571/7737
f 3344/1571/7737 3343/1572/7736 3308/1536/7632
f 1903/183/4283 3345/1573/7742 3346/1574/7743
f 3346/1574/7743 1904/187/4284 1903/183/4283
f 1908/188/4293 1904/187/4294 3346/1574/7744
f 3346/1574/7744 3347/1575/7745 1908/188/7746
f 3313/1541/7747 3347/1575/7745 3346/1574/7744
f 3346/1574/7748 3312/1540/7641 3313/1541/7747
f 3310/1538/7642 3312/1540/7641 3346/1574/7743
f 3346/1574/7743 3345/1573/7749 3310/1538/7642
f 3313/1541/7651 3316/1544/7653 3348/1576/7750
f 3348/1576/7751 3347/1575/7752 3313/1541/7747
f 1908/188/4290 3347/1575/7752 3348/1576/7753
f 3348/1576/7753 1909/190/7754 1908/188/4290
f 1928/209/4326 1930/210/4328 3349/1577/7755
f 3349/1577/7750 3350/1578/7756 1928/209/4326
f 3321/1551/7667 3350/1578/7756 3349/1577/7755
f 3349/1577/7755 3322/1550/7664 3321/1551/7663
f 3317/1545/7654 3320/1548/7661 3348/1576/7755
f 3348/1576/7753 3316/1544/7757 3317/1545/7758
f 3331/1559/7759 3351/1580/7760 3352/1579/7761
f 3352/1579/7762 3330/1558/7693 3331/1559/7692
f 3327/1555/7763 3330/1558/7691 3352/1579/7762
f 3352/1579/7762 3353/1581/7764 3327/1555/7676
f 1931/213/4331 3353/1581/7764 3352/1579/7762
f 3352/1579/7762 1932/212/4332 1931/213/4331
f 1934/214/4339 1932/212/4332 3352/1579/7762
f 3352/1579/7762 3351/1580/7760 1934/214/4340
f 1934/214/4339 3351/1580/7765 3354/1582/7766
f 3354/1582/7766 1935/216/4337 1934/214/4339
f 1937/217/4342 1935/216/4348 3354/1582/7767
f 3354/1582/7767 3355/1583/7768 1937/217/4342
f 3335/1563/7704 3355/1583/7768 3354/1582/7767
f 3354/1582/7767 3334/1562/7705 3335/1563/7704
f 3331/1559/7703 3334/1562/7702 3354/1582/7766
f 3354/1582/7766 3351/1580/7769 3331/1559/7699
f 3335/1563/7721 3338/1566/7714 3356/1584/7770
f 3356/1584/7770 3355/1583/7771 3335/1563/7721
f 1937/217/7772 3355/1583/7771 3356/1584/7773
f 3356/1584/7773 1917/193/4302 1937/217/4342
f 1913/196/4298 1917/193/4302 3356/1584/7774
f 3356/1584/7774 3357/1585/7775 1913/196/7776
f 3337/1567/7713 3357/1585/7775 3356/1584/7774
f 3356/1584/7774 3338/1566/7714 3337/1567/7713
f 3337/1567/7735 3341/1570/7726 3358/1586/7777
f 3358/1586/7777 3357/1585/7775 3337/1567/7735
f 1913/196/4298 3357/1585/7775 3358/1586/7777
f 3358/1586/7777 1914/197/4299 1913/196/4298
f 1918/198/4307 1914/197/4306 3358/1586/7778
f 3358/1586/7778 3343/1572/7779 1918/198/4307
f 3308/1536/7725 3343/1572/7779 3358/1586/7778
f 3358/1586/7778 3341/1570/7726 3308/1536/7632
f 1928/209/7780 3350/1578/7756 3359/1587/7781
f 3359/1587/7781 1929/208/4329 1928/209/4326
f 1931/213/4334 1929/208/4329 3359/1587/7781
f 3359/1587/7781 3353/1581/7782 1931/213/4331
f 3327/1555/7783 3353/1581/7782 3359/1587/7781
f 3359/1587/7784 3326/1554/7677 3327/1555/7783
f 3321/1551/7785 3326/1554/7675 3359/1587/7786
f 3359/1587/7786 3350/1578/7756 3321/1551/7663
f 3360/1589/7787 3361/1589/7788 3362/1588/7789
f 3362/1588/7790 3363/1588/5253 3360/1589/7787
f 3364/1590/5294 3365/1590/7791 3361/1589/7792
f 3361/1589/7788 3360/1589/5252 3364/1590/5294
f 3366/1592/5283 3367/1592/7793 3368/1591/7794
f 3368/1591/7794 3369/1591/5279 3366/1592/5283
f 3370/1593/7795 3371/1593/7796 3367/1592/7793
f 3367/1592/7793 3366/1592/5277 3370/1593/5412
f 3369/1591/5279 3368/1591/7797 3365/1590/7798
f 3365/1590/7791 3364/1590/5294 3369/1591/5279
f 3363/1588/5253 3362/1588/7790 3372/1594/7799
f 3372/1594/7800 3373/1594/5401 3363/1588/7801
f 3374/1595/7802 3375/1595/7803 3371/1593/7796
f 3371/1593/7796 3370/1593/5282 3374/1595/5411
f 3373/1594/5401 3372/1594/7799 3375/1595/7804
f 3375/1595/7805 3374/1595/7802 3373/1594/5401
f 3361/1589/7792 3376/1589/7806 3377/1588/7807
f 3377/1588/7808 3362/1588/7790 3361/1589/7792
f 3365/1590/7809 3378/1590/7810 3376/1589/7806
f 3376/1589/7811 3361/1589/7792 3365/1590/7809
f 3367/1592/7812 3379/1592/7813 3380/1591/7814
f 3380/1591/7814 3368/1591/7794 3367/1592/7815
f 3368/1591/7794 3380/1591/7816 3378/1590/7817
f 3378/1590/7818 3365/1590/7791 3368/1591/7794
f 3362/1588/7819 3377/1588/7807 3381/1594/7820
f 3381/1594/7820 3372/1594/7821 3362/1588/7819
f 3371/1593/7822 3382/1593/7823 3379/1592/7824
f 3379/1592/7824 3367/1592/7793 3371/1593/7796
f 3375/1595/7805 3383/1595/7825 3382/1593/7826
f 3382/1593/7826 3371/1593/7827 3375/1595/7805
f 3372/1594/7799 3381/1594/7828 3383/1595/7829
f 3383/1595/7829 3375/1595/7830 3372/1594/7799
f 2413/690/5456 3384/690/7831 3385/691/7832
f 3385/691/7833 2414/691/5457 2413/690/7834
f 2414/691/5457 3385/691/7835 3386/692/7836
f 3386/692/7836 2415/692/7837 2414/691/5457
f 2441/717/7838 3387/717/7839 3388/715/7840
f 3388/715/7840 2439/715/7841 2441/717/5507
f 2439/715/5503 3388/715/7840 3384/690/7831
f 3384/690/7842 2413/690/5456 2439/715/7843
f 2443/720/7844 3389/720/7845 3387/717/7846
f 3387/717/7846 2441/717/7838 2443/720/7844
f 2415/692/5459 3386/692/7847 3390/920/7848
f 3390/920/7848 2643/920/7849 2415/692/5459
f 2643/920/7850 3390/920/7851 3391/925/7852
f 3391/925/7853 2648/925/6050 2643/920/7850
f 2648/925/6054 3391/925/7853 3389/720/7854
f 3389/720/7855 2443/720/6051 2648/925/6054
f 3385/691/7856 3392/691/7857 3393/692/7858
f 3393/692/7858 3386/692/7836 3385/691/7832
f 3387/717/7846 3394/717/7859 3395/715/7860
f 3395/715/7860 3388/715/7861 3387/717/7846
f 3388/715/7862 3395/715/7863 3396/690/7864
f 3396/690/7865 3384/690/7866 3388/715/7840
f 3386/692/7836 3393/692/7867 3397/920/7868
f 3397/920/7868 3390/920/7848 3386/692/7836
f 3390/920/7851 3397/920/7868 3398/925/7869
f 3398/925/7869 3391/925/7853 3390/920/7848
f 3389/720/7854 3399/720/7870 3394/717/7871
f 3394/717/7859 3387/717/7872 3389/720/7854
f 3391/925/7853 3398/925/7869 3399/720/7870
f 3399/720/7870 3389/720/7854 3391/925/7873
f 3384/690/7866 3396/690/7874 3392/691/7857
f 3392/691/7875 3385/691/7832 3384/690/7866
f 2472/750/7876 3400/750/7877 3401/749/7878
f 3401/749/7878 2473/749/7879 2472/750/7876
f 2473/749/7879 3401/749/7878 3402/751/7880
f 3402/751/7880 2474/751/7881 2473/749/7879
f 2494/771/5626 3403/771/7882 3400/750/7877
f 3400/750/7883 2472/750/5622 2494/771/5626
f 2474/751/5587 3402/751/7884 3404/900/7885
f 3404/900/7885 2623/900/5958 2474/751/7886
f 2623/900/7887 3404/900/7885 3405/913/7888
f 3405/913/7889 2636/913/6002 2623/900/7887
f 2631/908/5985 3406/908/7890 3403/771/7891
f 3403/771/7891 2494/771/5986 2631/908/7892
f 2636/913/6002 3405/913/7888 3407/914/7893
f 3407/914/7893 2637/914/6005 2636/913/6002
f 2637/914/6005 3407/914/7893 3406/908/7894
f 3406/908/7894 2631/908/5985 2637/914/6005
f 3401/749/7895 3408/749/7896 3409/751/7897
f 3409/751/7897 3402/751/7880 3401/749/7895
f 3400/750/7883 3410/750/7898 3408/749/7896
f 3408/749/7896 3401/749/7878 3400/750/7899
f 3403/771/7900 3411/771/7901 3410/750/7902
f 3410/750/7898 3400/750/7903 3403/771/7900
f 3402/751/7880 3409/751/7897 3412/900/7904
f 3412/900/7905 3404/900/7885 3402/751/7880
f 3404/900/7885 3412/900/7904 3413/913/7906
f 3413/913/7906 3405/913/7889 3404/900/7885
f 3406/908/7894 3414/908/7907 3411/771/7908
f 3411/771/7909 3403/771/7882 3406/908/7890
f 3405/913/7889 3413/913/7906 3415/914/7910
f 3415/914/7910 3407/914/7911 3405/913/7889
f 3407/914/7893 3415/914/7910 3414/908/7907
f 3414/908/7907 3406/908/7894 3407/914/7893
f 2586/863/7912 3416/863/7913 3417/862/7914
f 3417/862/7914 2585/862/5860 2586/863/5858
f 2585/862/7915 3417/862/7916 3418/864/7917
f 3418/864/7917 2587/864/7918 2585/862/5855
f 2587/864/7918 3418/864/7917 3419/888/7919
f 3419/888/7920 2611/888/7921 2587/864/7918
f 2609/886/7922 3420/886/7923 3421/885/7924
f 3421/885/7924 2607/885/5894 2609/886/5893
f 2607/885/5894 3421/885/7925 3422/884/7926
f 3422/884/7927 2608/884/5891 2607/885/5894
f 2610/887/5899 3423/887/7928 3420/886/7923
f 3420/886/7929 2609/886/5900 2610/887/5899
f 2611/888/5905 3419/888/7930 3423/887/7928
f 3423/887/7928 2610/887/5902 2611/888/5901
f 2608/884/7931 3422/884/7926 3416/863/7932
f 3416/863/7913 2586/863/5923 2608/884/5891
f 3417/862/7914 3424/862/7933 3425/864/7934
f 3425/864/7934 3418/864/7917 3417/862/7914
f 3418/864/7935 3425/864/7934 3426/888/7936
f 3426/888/7936 3419/888/7920 3418/864/7917
f 3420/886/7937 3427/886/7938 3428/885/7939
f 3428/885/7939 3421/885/7940 3420/886/7941
f 3421/885/7940 3428/885/7939 3429/884/7942
f 3429/884/7942 3422/884/7943 3421/885/7944
f 3419/888/7919 3426/888/7936 3430/887/7945
f 3430/887/7946 3423/887/7928 3419/888/7919
f 3423/887/7928 3430/887/7946 3427/886/7947
f 3427/886/7938 3420/886/7948 3423/887/7928
f 3416/863/7932 3431/863/7949 3424/862/7933
f 3424/862/7950 3417/862/7951 3416/863/7952
f 3422/884/7953 3429/884/7954 3431/863/7955
f 3431/863/7956 3416/863/7913 3422/884/7953
f 2529/806/5757 3432/806/7957 3433/805/7958
f 3433/805/7958 2528/805/5781 2529/806/5705
f 2550/829/5743 3434/829/7959 3435/828/7960
f 3435/828/7960 2551/828/5754 2550/829/5743
f 2551/828/5754 3435/828/7960 3436/831/7961
f 3436/831/7961 2554/831/5756 2551/828/5754
f 2554/831/5752 3436/831/7962 3432/806/7957
f 3432/806/7963 2529/806/7964 2554/831/7965
f 2528/805/5781 3433/805/7958 3437/839/7966
f 3437/839/7966 2562/839/5815 2528/805/7967
f 2562/839/5815 3437/839/7966 3438/845/7968
f 3438/845/7969 2568/845/7970 2562/839/5815
f 2567/844/7971 3439/844/7972 3434/829/7973
f 3434/829/7973 2550/829/5747 2567/844/7971
f 2568/845/7974 3438/845/7969 3439/844/7975
f 3439/844/7975 2567/844/5802 2568/845/7976
f 3432/806/7963 3440/806/7977 3441/805/7978
f 3441/805/7978 3433/805/7979 3432/806/7957
f 3434/829/7973 3442/829/7980 3443/828/7981
f 3443/828/7982 3435/828/7960 3434/829/7973
f 3436/831/7983 3444/831/7984 3440/806/7985
f 3440/806/7977 3432/806/7963 3436/831/7961
f 3435/828/7960 3443/828/7982 3444/831/7984
f 3444/831/7984 3436/831/7961 3435/828/7986
f 3433/805/7958 3441/805/7978 3445/839/7987
f 3445/839/7987 3437/839/7966 3433/805/7979
f 3437/839/7966 3445/839/7987 3446/845/7988
f 3446/845/7988 3438/845/7968 3437/839/7989
f 3439/844/7975 3447/844/7990 3442/829/7980
f 3442/829/7980 3434/829/7973 3439/844/7975
f 3438/845/7968 3446/845/7988 3447/844/7990
f 3447/844/7990 3439/844/7975 3438/845/7968
f 3448/1991/7991 3449/1047/7992 3450/1050/6278
f 3450/1050/6278 3451/1992/7993 3448/1991/7991
f 3452/1993/7993 2760/1787/7994 2672/1757/6277
f 2672/1757/6107 2671/1756/7995 3452/1993/7993
f 1830/92/7996 1829/91/7997 2154/91/4912
f 2154/91/4912 2152/92/4910 1830/92/7996
f 1829/91/7998 1831/93/7999 2155/93/8000
f 2155/93/8001 2154/91/8002 1829/91/7997
f 1834/97/4146 1830/92/8003 2152/92/8004
f 1846/109/8005 1845/107/8006 2153/107/8007
f 2153/107/8008 2156/109/6272 1846/109/8005
f 1837/102/4906 2153/107/4908 1845/107/8006
f 3453/1994/8009 3454/1995/2264 3455/1996/8010
f 3455/1996/8010 3456/1997/8011 3453/1994/8012
f 3454/1995/8013 3457/1998/2268 3458/1999/8014
f 3458/1999/8014 3455/1996/8010 3454/1995/8015
f 3457/1998/2281 3459/2000/8016 3460/2001/8017
f 3460/2001/8017 3458/1999/8014 3457/1998/8018
f 3461/2002/8019 3453/1994/8012 3456/1997/8020
f 3456/1997/8021 3462/2003/8022 3461/2002/7992
f 3463/2004/6278 3461/2002/8019 3462/2003/8022
f 3462/2003/8023 3464/2005/8024 3463/2004/8025
f 3459/2000/8026 3463/2004/6278 3464/2005/8027
f 3464/2005/8027 3460/2001/8017 3459/2000/8028
f 3465/1997/8029 3466/2006/8030 3467/2007/8031
f 3465/1997/8032 3467/2007/8031 3468/2008/8033
f 3465/1997/8029 3468/2008/8033 3469/2001/8029
f 3470/2005/8034 3471/2003/8034 3465/1997/8032
f 3465/1997/8032 3469/2001/8032 3470/2005/8034
f 3472/2009/8035 3473/2010/8031 3474/2011/8030
f 3474/2011/8030 3475/2012/8030 3472/2009/8035
f 3476/2010/8036 3477/2009/8037 3478/2013/8038
f 3478/2013/8038 3479/2014/8039 3476/2010/8036
f 3480/2007/8040 3481/2008/8039 3468/2008/8033
f 3468/2008/8041 3467/2007/8042 3480/2007/8040
f 3477/2009/8043 3476/2010/8036 3473/2010/8044
f 3473/2010/8044 3472/2009/8035 3477/2009/8045
f 3481/2008/8046 3482/1999/8038 3483/1999/8047
f 3483/1999/8048 3468/2008/8049 3481/2008/8050
f 3482/1999/8051 3484/2015/8037 3485/2015/8052
f 3485/2015/8053 3483/1999/8054 3482/1999/8055
f 3486/2016/8056 3487/2017/8057 3488/2017/8058
f 3488/2017/8058 3489/2016/8058 3486/2016/8056
f 3490/2018/8059 3491/2019/8060 3487/2017/8061
f 3487/2017/8061 3486/2016/8056 3490/2018/8059
f 3492/2020/2615 3493/2021/2615 3491/2019/114
f 3491/2019/114 3490/2018/8062 3492/2020/2615
f 3494/2020/8063 3495/2021/8064 3493/2021/8065
f 3493/2021/8065 3492/2020/8066 3494/2020/8063
f 3496/2022/8067 3497/2023/8068 3495/2021/8069
f 3494/2020/8070 3496/2022/8071 3495/2021/8069
f 3498/2024/8072 3499/2025/8073 3497/2023/8074
f 3496/2022/8075 3498/2024/8072 3497/2023/8074
f 3500/2026/8076 3501/2027/8077 3499/2025/8073
f 3499/2025/8073 3498/2024/8078 3500/2026/8076
f 3502/2026/2623 3503/2027/2623 3501/2027/8077
f 3501/2027/8077 3500/2026/8076 3502/2026/2623
f 3504/2020/8079 3505/2021/2662 3503/2027/2662
f 3506/2022/8080 3504/2020/8079 3503/2027/2662
f 3502/2026/2662 3506/2022/8081 3503/2027/2662
f 3507/2020/8082 3508/2021/8083 3505/2021/8083
f 3505/2021/8083 3504/2020/8084 3507/2020/8082
f 3489/2016/8085 3488/2017/8085 3508/2021/8085
f 3509/2020/8086 3489/2016/8087 3508/2021/8087
f 3507/2020/8088 3509/2020/8086 3508/2021/8089
f 3501/2027/2776 3503/2027/2776 3505/2021/2776
f 3505/2021/2776 3508/2021/2776 3488/2017/2776
f 3505/2021/2776 3488/2017/2776 3487/2017/2776
f 3505/2021/2776 3487/2017/2776 3491/2019/2776
f 3505/2021/2776 3491/2019/2776 3493/2021/2776
f 3493/2021/2776 3495/2021/2776 3497/2023/2776
f 3505/2021/2776 3493/2021/2776 3497/2023/2776
f 3505/2021/2776 3497/2023/2776 3499/2025/2776
f 3501/2027/2776 3505/2021/2776 3499/2025/2776
f 3498/2024/2705 3496/2022/8090 3506/2022/8091
f 3498/2024/2705 3506/2022/8092 3502/2026/2705
f 3500/2026/2705 3498/2024/2705 3502/2026/2705
f 3510/2014/8056 3511/2028/8057 3512/2028/8058
f 3512/2028/8058 3513/2014/8058 3510/2014/8056
f 3514/2029/8059 3515/2030/8093 3511/2028/8057
f 3511/2028/8057 3510/2014/8094 3514/2029/8059
f 3516/2010/2615 3517/2031/2615 3515/2030/114
f 3515/2030/114 3514/2029/8062 3516/2010/2615
f 3518/2010/8095 3519/2031/8096 3517/2031/2610
f 3517/2031/2610 3516/2010/2610 3518/2010/8095
f 3520/2032/8097 3521/2033/8098 3519/2031/8096
f 3519/2031/8096 3518/2010/8095 3520/2032/8099
f 3522/2034/8072 3523/2035/8073 3521/2033/8100
f 3521/2033/8100 3520/2032/8097 3522/2034/8072
f 3524/2011/8076 3525/2036/8077 3523/2035/8101
f 3523/2035/8073 3522/2034/8078 3524/2011/8076
f 3526/2011/2623 3527/2036/2623 3525/2036/8077
f 3525/2036/8077 3524/2011/8076 3526/2011/2623
f 3528/2010/2662 3529/2031/2662 3527/2036/2662
f 3527/2036/2662 3526/2011/2662 3528/2010/2662
f 3530/2010/8083 3531/2031/8083 3529/2031/8083
f 3529/2031/8083 3528/2010/8083 3530/2010/8083
f 3513/2014/8085 3512/2028/8085 3531/2031/8085
f 3531/2031/8085 3530/2010/8085 3513/2014/8085
f 3525/2036/2776 3527/2036/2776 3529/2031/2776
f 3529/2031/2776 3531/2031/2776 3512/2028/2776
f 3529/2031/2776 3512/2028/2776 3511/2028/2776
f 3529/2031/2776 3511/2028/2776 3515/2030/2776
f 3529/2031/2776 3515/2030/2776 3517/2031/2776
f 3517/2031/2776 3519/2031/2776 3521/2033/2776
f 3529/2031/2776 3517/2031/2776 3521/2033/2776
f 3529/2031/2776 3521/2033/2776 3523/2035/2776
f 3525/2036/2776 3529/2031/2776 3523/2035/2776
f 3520/2032/2705 3518/2010/2705 3516/2010/2705
f 3513/2014/2705 3530/2010/2705 3528/2010/2705
f 3510/2014/2705 3513/2014/2705 3528/2010/2705
f 3514/2029/2705 3510/2014/2705 3528/2010/2705
f 3516/2010/2705 3514/2029/2705 3528/2010/2705
f 3520/2032/2705 3516/2010/2705 3528/2010/2705
f 3522/2034/2705 3520/2032/2705 3528/2010/2705
f 3524/2011/2705 3522/2034/2705 3528/2010/2705
f 3524/2011/2705 3528/2010/2705 3526/2011/2705
f 3532/2037/2662 3533/2038/2662 3534/2039/2662
f 3534/2039/2662 3535/2040/2662 3536/2041/2662
f 3532/2037/2662 3534/2039/2662 3536/2041/2662
f 3537/2042/2662 3532/2037/2662 3536/2041/2662
f 3536/2041/8102 3535/2040/8103 3538/2043/8104
f 3538/2043/8105 3539/2044/8106 3536/2041/8102
f 3535/2040/8107 3534/2039/8108 3540/2045/8109
f 3540/2045/8109 3538/2043/8105 3535/2040/8107
f 3534/2039/8110 3533/2038/8111 3541/2046/8112
f 3541/2046/8113 3540/2045/8109 3534/2039/8110
f 3533/2038/8114 3532/2037/8115 3542/2047/8116
f 3542/2047/8116 3541/2046/8117 3533/2038/8114
f 3532/2037/8118 3537/2042/8119 3543/2048/8120
f 3543/2048/8120 3542/2047/8121 3532/2037/8118
f 3537/2042/8122 3536/2041/8102 3539/2044/8123
f 3539/2044/8124 3543/2048/8125 3537/2042/8122
f 3539/2044/8126 3538/2043/8127 3544/2049/8128
f 3544/2049/8129 3545/2050/8130 3539/2044/8131
f 3538/2043/8127 3540/2045/8132 3546/2051/8133
f 3546/2051/8134 3544/2049/8129 3538/2043/8135
f 3540/2045/8132 3541/2046/8136 3547/2052/8137
f 3547/2052/8138 3546/2051/8134 3540/2045/8139
f 3541/2046/8140 3542/2047/8141 3548/2053/8142
f 3548/2053/8142 3547/2052/8143 3541/2046/8144
f 3542/2047/8145 3543/2048/8146 3549/2054/8147
f 3549/2054/8147 3548/2053/8147 3542/2047/8121
f 3543/2048/8148 3539/2044/8149 3545/2050/8150
f 3545/2050/8150 3549/2054/8151 3543/2048/8152
f 3545/2050/8130 3544/2049/8153 3550/2055/8154
f 3550/2055/8154 3551/2056/8155 3545/2050/8130
f 3544/2049/8156 3546/2051/8134 3552/2057/8157
f 3552/2057/8157 3550/2055/8158 3544/2049/8159
f 3546/2051/8160 3547/2052/8137 3553/2058/8161
f 3553/2058/8161 3552/2057/8157 3546/2051/8162
f 3547/2052/8143 3548/2053/8142 3554/2059/8163
f 3554/2059/8164 3553/2058/8165 3547/2052/8143
f 3548/2053/8166 3549/2054/8151 3555/2060/8167
f 3555/2060/8168 3554/2059/8164 3548/2053/8166
f 3549/2054/8169 3545/2050/8170 3551/2056/8171
f 3551/2056/8155 3555/2060/8168 3549/2054/8169
f 3551/2056/8171 3550/2055/8158 3556/2044/8172
f 3556/2044/8173 3557/2061/8174 3551/2056/8175
f 3550/2055/8158 3552/2057/8176 3558/2046/8177
f 3558/2046/8178 3556/2044/8172 3550/2055/8158
f 3552/2057/8157 3553/2058/8165 3559/2062/8179
f 3559/2062/8180 3558/2046/8181 3552/2057/8157
f 3553/2058/8165 3554/2059/8182 3560/2063/8183
f 3560/2063/8184 3559/2062/8179 3553/2058/8185
f 3554/2059/8182 3555/2060/8168 3561/2064/8186
f 3561/2064/8186 3560/2063/8184 3554/2059/8182
f 3555/2060/8187 3551/2056/8155 3557/2061/8188
f 3557/2061/8174 3561/2064/8186 3555/2060/8168
f 3557/2061/8174 3556/2044/8172 3558/2046/8181
f 3558/2046/8181 3559/2062/8180 3560/2063/8184
f 3557/2061/8174 3558/2046/8181 3560/2063/8184
f 3561/2064/8186 3557/2061/8174 3560/2063/8184
f 3562/2065/2662 3563/2066/2662 3564/2067/2662
f 3564/2067/2662 3565/2068/2662 3566/2069/2662
f 3562/2065/2662 3564/2067/2662 3566/2069/2662
f 3567/2070/2662 3562/2065/2662 3566/2069/2662
f 3566/2069/8189 3565/2068/8190 3568/2071/8191
f 3568/2071/8191 3569/2072/8123 3566/2069/8102
f 3565/2068/8190 3564/2067/8192 3570/2073/8193
f 3570/2073/8193 3568/2071/8191 3565/2068/8107
f 3564/2067/8194 3563/2066/8195 3571/2074/8117
f 3571/2074/8117 3570/2073/8196 3564/2067/8197
f 3563/2066/8195 3562/2065/8198 3572/2075/8121
f 3572/2075/8145 3571/2074/8199 3563/2066/8195
f 3562/2065/8200 3567/2070/8201 3573/2076/8202
f 3573/2076/8203 3572/2075/8121 3562/2065/8200
f 3567/2070/8201 3566/2069/8102 3569/2072/8204
f 3569/2072/8205 3573/2076/8202 3567/2070/8201
f 3569/2072/8206 3568/2071/8207 3574/2077/8208
f 3574/2077/8208 3575/2078/8209 3569/2072/8126
f 3568/2071/8207 3570/2073/8210 3576/2079/8211
f 3576/2079/8211 3574/2077/8153 3568/2071/8212
f 3570/2073/8213 3571/2074/8214 3577/2080/8215
f 3577/2080/8216 3576/2079/8211 3570/2073/8217
f 3571/2074/8218 3572/2075/8219 3578/2081/8220
f 3578/2081/8220 3577/2080/8216 3571/2074/8140
f 3572/2075/8145 3573/2076/8221 3579/2082/8222
f 3579/2082/8147 3578/2081/8147 3572/2075/8121
f 3573/2076/8223 3569/2072/8224 3575/2078/8225
f 3575/2078/8226 3579/2082/8227 3573/2076/8228
f 3575/2078/8209 3574/2077/8153 3580/2083/8229
f 3580/2083/8230 3581/2084/8231 3575/2078/8209
f 3574/2077/8232 3576/2079/8211 3582/2085/8233
f 3582/2085/8233 3580/2083/8234 3574/2077/8208
f 3576/2079/8235 3577/2080/8137 3583/2086/8161
f 3583/2086/8161 3582/2085/8233 3576/2079/8211
f 3577/2080/8216 3578/2081/8220 3584/2087/8236
f 3584/2087/8237 3583/2086/8161 3577/2080/8216
f 3578/2081/8220 3579/2082/8238 3585/2088/8239
f 3585/2088/8240 3584/2087/8241 3578/2081/8220
f 3579/2082/8242 3575/2078/8243 3581/2084/8244
f 3581/2084/8231 3585/2088/8239 3579/2082/8242
f 3581/2084/8231 3580/2083/8245 3586/2072/8246
f 3586/2072/8246 3587/2089/8247 3581/2084/8155
f 3580/2083/8234 3582/2085/8233 3588/2074/8248
f 3588/2074/8249 3586/2072/8250 3580/2083/8245
f 3582/2085/8251 3583/2086/8161 3589/2090/8252
f 3589/2090/8253 3588/2074/8248 3582/2085/8251
f 3583/2086/8254 3584/2087/8241 3590/2091/8255
f 3590/2091/8256 3589/2090/8252 3583/2086/8161
f 3584/2087/8236 3585/2088/8240 3591/2092/8257
f 3591/2092/8257 3590/2091/8255 3584/2087/8241
f 3585/2088/8239 3581/2084/8171 3587/2089/8258
f 3587/2089/8258 3591/2092/8257 3585/2088/8239
f 3587/2089/8259 3586/2072/8246 3588/2074/8249
f 3588/2074/8248 3589/2090/8260 3590/2091/8256
f 3587/2089/8258 3588/2074/8248 3590/2091/8255
f 3591/2092/8257 3587/2089/8258 3590/2091/8255
f 3592/2093/8261 3593/2094/8262 3594/2094/8263
f 3594/2094/8263 3595/2093/8263 3592/2093/8261
f 3596/2095/8264 3597/2096/8265 3593/2094/8266
f 3593/2094/8266 3592/2093/8261 3596/2095/8264
f 3598/2097/8267 3599/2098/8268 3597/2096/8269
f 3597/2096/8269 3596/2095/8264 3598/2097/8270
f 3600/2099/8271 3601/2100/8272 3602/2100/8273
f 3602/2100/8273 3603/2099/8274 3600/2099/8275
f 3595/2093/8276 3594/2094/8277 3604/2098/8278
f 3604/2098/8279 3605/2097/8280 3595/2093/8276
f 3604/2098/8281 3594/2094/2776 3593/2094/2776
f 3604/2098/8282 3593/2094/2776 3597/2096/2776
f 3604/2098/8282 3597/2096/2776 3599/2098/8283
f 3605/2097/8284 3598/2097/8285 3596/2095/2705
f 3605/2097/8284 3596/2095/2705 3592/2093/2705
f 3605/2097/8286 3592/2093/2705 3595/2093/2705
f 3603/2099/8287 3602/2100/8273 3599/2098/8288
f 3599/2098/8288 3598/2097/8285 3603/2099/8287
f 3600/2099/8271 3603/2099/8289 3598/2097/8290
f 3598/2097/8290 3605/2097/8286 3600/2099/8271
f 3601/2100/8291 3600/2099/8271 3605/2097/8292
f 3605/2097/8293 3604/2098/8294 3601/2100/8291
f 3602/2100/8295 3601/2100/8296 3604/2098/8297
f 3604/2098/8297 3599/2098/8288 3602/2100/8295
f 3606/2101/2662 3607/2102/2662 3608/2103/2662
f 3608/2103/2662 3609/2104/2662 3610/2105/2662
f 3606/2101/2662 3608/2103/2662 3610/2105/2662
f 3611/2106/2662 3606/2101/2662 3610/2105/2662
f 3610/2105/8298 3609/2104/8299 3612/2107/8300
f 3612/2107/8301 3613/2108/8302 3610/2105/8303
f 3609/2104/8304 3608/2103/8305 3614/2109/8306
f 3614/2109/8306 3612/2107/8301 3609/2104/8304
f 3608/2103/8305 3607/2102/8307 3615/2110/8308
f 3615/2110/8309 3614/2109/8306 3608/2103/8305
f 3607/2102/8310 3606/2101/8311 3616/2111/8312
f 3616/2111/8312 3615/2110/8313 3607/2102/8310
f 3606/2101/8314 3611/2106/8315 3617/2112/8316
f 3617/2112/8316 3616/2111/8317 3606/2101/8314
f 3611/2106/8318 3610/2105/8303 3613/2108/8319
f 3613/2108/8320 3617/2112/8321 3611/2106/8318
f 3613/2108/8322 3612/2107/8323 3618/2113/8324
f 3618/2113/8325 3619/2114/8326 3613/2108/8327
f 3612/2107/8328 3614/2109/8329 3620/2115/8330
f 3620/2115/8331 3618/2113/8324 3612/2107/8328
f 3614/2109/8329 3615/2110/8332 3621/2116/8333
f 3621/2116/8333 3620/2115/8331 3614/2109/8334
f 3615/2110/8335 3616/2111/8336 3622/2117/8337
f 3622/2117/8337 3621/2116/8338 3615/2110/8339
f 3616/2111/8340 3617/2112/8316 3623/2118/8341
f 3623/2118/8342 3622/2117/8342 3616/2111/8343
f 3617/2112/8344 3613/2108/8345 3619/2114/8326
f 3619/2114/8346 3623/2118/8347 3617/2112/8348
f 3619/2114/8326 3618/2113/8324 3624/2119/8349
f 3624/2119/8350 3625/2120/8351 3619/2114/8352
f 3618/2113/8324 3620/2115/8331 3626/2121/8353
f 3626/2121/8353 3624/2119/8350 3618/2113/8324
f 3620/2115/8354 3621/2116/8338 3627/2122/8355
f 3627/2122/8356 3626/2121/8357 3620/2115/8354
f 3621/2116/8358 3622/2117/8337 3628/2123/8359
f 3628/2123/8359 3627/2122/8356 3621/2116/8358
f 3622/2117/8337 3623/2118/8347 3629/2124/8360
f 3629/2124/8360 3628/2123/8359 3622/2117/8337
f 3623/2118/8361 3619/2114/8362 3625/2120/8363
f 3625/2120/8364 3629/2124/8365 3623/2118/8361
f 3625/2120/8366 3624/2119/8350 3630/2108/8367
f 3630/2108/8367 3631/2125/8368 3625/2120/8363
f 3624/2119/8350 3626/2121/8353 3632/2126/8369
f 3632/2126/8370 3630/2108/8367 3624/2119/8371
f 3626/2121/8353 3627/2122/8372 3633/2127/8373
f 3633/2127/8374 3632/2126/8369 3626/2121/8375
f 3627/2122/8376 3628/2123/8377 3634/2128/8378
f 3634/2128/8378 3633/2127/8379 3627/2122/8356
f 3628/2123/8377 3629/2124/8365 3635/2129/8380
f 3635/2129/8381 3634/2128/8378 3628/2123/8359
f 3629/2124/8382 3625/2120/8351 3631/2125/8383
f 3631/2125/8383 3635/2129/8381 3629/2124/8382
f 3631/2125/8368 3630/2108/8367 3632/2126/8369
f 3632/2126/8369 3633/2127/8384 3634/2128/8378
f 3631/2125/8368 3632/2126/8369 3634/2128/8378
f 3635/2129/8381 3631/2125/8368 3634/2128/8378
f 3636/2130/8385 3637/2130/8386 3638/2131/8387
f 3639/2131/8388 3640/2131/8389 3641/2131/8390
f 3638/2131/8387 3639/2131/8391 3641/2131/8390
f 3636/2130/8385 3638/2131/8387 3641/2131/8392
f 3636/2130/8385 3641/2131/8392 3642/2130/8393
f 3492/2020/2705 3490/2018/2705 3486/2016/2705
f 3486/2016/2705 3489/2016/2705 3509/2020/8394
f 3492/2020/2705 3486/2016/2705 3509/2020/8394
f 3494/2020/8395 3492/2020/2705 3509/2020/8396
f 3496/2022/8090 3494/2020/8395 3638/2131/8387
f 3638/2131/8387 3637/2130/8397 3496/2022/8398
f 3637/2130/8399 3636/2130/8385 3496/2022/8090
f 3504/2020/8400 3506/2022/8401 3642/2130/8393
f 3642/2130/8402 3641/2131/8392 3504/2020/8400
f 3507/2020/8403 3504/2020/8084 3641/2131/8404
f 3641/2131/8404 3640/2131/8389 3507/2020/8403
f 3509/2020/8394 3507/2020/8088 3640/2131/8405
f 3640/2131/8406 3639/2131/8388 3509/2020/8394
f 3506/2022/8092 3496/2022/8090 3636/2130/8407
f 3636/2130/8385 3642/2130/8393 3506/2022/8091
f 3494/2020/8408 3509/2020/8409 3639/2131/8388
f 3639/2131/8388 3638/2131/8387 3494/2020/8408
# Vertices: 3642, normals: 8409, texture coordinates: 2131, faces: 6213

o obj2
v 0.419964 0.865927 0.609615
v 0.420675 0.871512 0.655551
v 0.418035 0.890759 0.595046
v 0.420675 0.883431 0.673496
v 0.420675 0.897546 0.674365
v 0.420675 0.910072 0.657928
v 0.420566 0.917808 0.626933
v 0.428031 0.863023 0.702190
v 0.428031 0.872760 0.717193
v 0.440900 0.852852 0.734381
v 0.440900 0.866038 0.754746
v 0.440900 0.881022 0.765847
v 0.428031 0.883814 0.725410
v 0.425876 0.844257 0.631661
v 0.427054 0.855237 0.681543
v 0.439216 0.829578 0.688575
v 0.428031 0.895413 0.726418
v 0.440900 0.896741 0.767249
v 0.440900 0.912131 0.758525
v 0.428031 0.906773 0.720008
v 0.428031 0.917128 0.706748
v 0.440900 0.926172 0.740591
v 0.440900 0.937842 0.714378
v 0.428031 0.925749 0.687426
v 0.427894 0.932031 0.654504
v 0.440705 0.946543 0.678615
v 0.458220 0.948181 0.735410
v 0.458220 0.958682 0.700926
v 0.478445 0.954626 0.748522
v 0.478393 0.965648 0.714211
v 0.499999 0.961059 0.758536
v 0.499999 0.969791 0.721892
v 0.476642 0.838562 0.781854
v 0.475264 0.823653 0.759608
v 0.499999 0.820971 0.774314
v 0.499999 0.831948 0.797190
v 0.456867 0.845356 0.759927
v 0.455193 0.825942 0.726595
v 0.478445 0.856539 0.807765
v 0.458220 0.860148 0.784346
v 0.478445 0.877008 0.818827
v 0.458220 0.878550 0.798483
v 0.478445 0.898481 0.820743
v 0.458220 0.897820 0.800418
v 0.478445 0.919503 0.808823
v 0.458220 0.916673 0.789509
v 0.478445 0.938683 0.784328
v 0.458220 0.933929 0.767709
v 0.499999 0.943770 0.797606
v 0.499999 0.922040 0.824652
v 0.499999 0.852678 0.823149
v 0.499999 0.875131 0.837384
v 0.499999 0.899188 0.839239
v 0.580035 0.865927 0.609615
v 0.581965 0.890759 0.595046
v 0.579325 0.871512 0.655551
v 0.579325 0.883431 0.673496
v 0.579325 0.897546 0.674365
v 0.579325 0.910072 0.657928
v 0.579434 0.917808 0.626933
v 0.571969 0.872760 0.717193
v 0.571969 0.863023 0.702190
v 0.559100 0.866038 0.754746
v 0.559100 0.852852 0.734381
v 0.571969 0.883814 0.725410
v 0.559100 0.881022 0.765847
v 0.572946 0.855237 0.681543
v 0.574124 0.844257 0.631661
v 0.560784 0.829578 0.688575
v 0.571969 0.895413 0.726418
v 0.559100 0.896741 0.767249
v 0.571969 0.906773 0.720008
v 0.559100 0.912131 0.758525
v 0.571969 0.917128 0.706748
v 0.559100 0.926172 0.740591
v 0.571969 0.925749 0.687426
v 0.559100 0.937842 0.714378
v 0.572106 0.932031 0.654504
v 0.559295 0.946543 0.678615
v 0.541780 0.958682 0.700926
v 0.541780 0.948181 0.735410
v 0.521607 0.965648 0.714211
v 0.521555 0.954626 0.748522
v 0.524736 0.823653 0.759608
v 0.523357 0.838562 0.781854
v 0.544807 0.825942 0.726595
v 0.543133 0.845356 0.759927
v 0.541780 0.860148 0.784346
v 0.521555 0.856539 0.807765
v 0.541780 0.878550 0.798483
v 0.521555 0.877008 0.818827
v 0.541780 0.897820 0.800418
v 0.521555 0.898481 0.820743
v 0.541780 0.916673 0.789509
v 0.521555 0.919503 0.808823
v 0.541780 0.933929 0.767709
v 0.521555 0.938683 0.784328
vn -0.97931 -0.1181 -0.1643
vn -0.97751 -0.1616 -0.1355
vn -0.99768 -0.068 -0.0016
vn -0.97752 -0.1616 -0.1354
vn -0.97511 -0.2164 -0.0482
vn -0.97531 -0.2136 0.056
vn -0.97441 -0.16 0.1579
vn -0.9811 -0.1137 0.1566
vn -0.87982 -0.39991 -0.2569
vn -0.86455 -0.46173 -0.19841
vn -0.86457 -0.46169 -0.19839
vn -0.71975 -0.59416 -0.35908
vn -0.70553 -0.65453 -0.27171
vn -0.86451 -0.4618 -0.1984
vn -0.87978 -0.39999 -0.25689
vn -0.71982 -0.59412 -0.35901
vn -0.69097 -0.71447 -0.10999
vn -0.87721 -0.47471 -0.0718
vn -0.69098 -0.71448 -0.1099
vn -0.87728 -0.47459 -0.0718
vn -0.97509 -0.2165 -0.0482
vn -0.93404 -0.22121 -0.28041
vn -0.90669 -0.3076 -0.2886
vn -0.9793 -0.1181 -0.1644
vn -0.93402 -0.2212 -0.2805
vn -0.807 -0.4666 -0.362
vn -0.71979 -0.59409 -0.3591
vn -0.87979 -0.3999 -0.257
vn -0.90667 -0.30769 -0.28859
vn -0.80699 -0.46669 -0.36189
vn -0.86287 -0.50398 0.0381
vn -0.97529 -0.2137 0.056
vn -0.70198 -0.70948 0.0621
vn -0.8628 -0.5041 0.0381
vn -0.86285 -0.50403 0.0381
vn -0.69182 -0.68432 0.23041
vn -0.87725 -0.45493 0.15321
vn -0.69187 -0.68427 0.23039
vn -0.87729 -0.45489 0.1531
vn -0.86491 -0.4264 0.2648
vn -0.97439 -0.1601 0.1579
vn -0.70872 -0.59472 0.37951
vn -0.86487 -0.42648 0.26479
vn -0.87721 -0.45501 0.1532
vn -0.71685 -0.46817 0.51666
vn -0.88016 -0.29259 0.37378
vn -0.86482 -0.42651 0.26491
vn -0.70869 -0.59469 0.3796
vn -0.71689 -0.46819 0.51659
vn -0.88019 -0.2926 0.3737
vn -0.97439 -0.16 0.158
vn -0.87707 -0.25049 0.40989
vn -0.98108 -0.1138 0.1566
vn -0.74831 -0.3704 0.55031
vn -0.87701 -0.2505 0.41
vn -0.71688 -0.46809 0.51669
vn -0.7168 -0.4682 0.5167
vn -0.51351 -0.60591 0.60761
vn -0.5335 -0.5268 0.6617
vn -0.74827 -0.37038 0.55038
vn -0.3554 -0.65969 0.66219
vn -0.32879 -0.61828 0.71388
vn -0.5334 -0.5268 0.6618
vn -0.51343 -0.60594 0.60764
vn 0 -0.67892 0.73422
vn 0 -0.59989 0.80008
vn -0.40988 -0.80347 -0.43178
vn -0.39819 -0.81628 -0.41849
vn 0 -0.84649 -0.5324
vn 0 -0.86785 -0.49683
vn -0.40992 -0.80343 -0.43182
vn -0.41 -0.8034 -0.4318
vn -0.55948 -0.72198 -0.40709
vn -0.5957 -0.6949 -0.4028
vn -0.39831 -0.81621 -0.41851
vn -0.7197 -0.5942 -0.3591
vn -0.80696 -0.46668 -0.36198
vn -0.38262 -0.87514 -0.29621
vn -0.52449 -0.79499 -0.3048
vn -0.3578 -0.9262 -0.1189
vn -0.49932 -0.85573 -0.1357
vn -0.52451 -0.79501 -0.3047
vn -0.38263 -0.87516 -0.29612
vn -0.35789 -0.92616 -0.1189
vn -0.69092 -0.71452 -0.11
vn -0.70548 -0.65458 -0.27169
vn -0.35789 -0.92618 -0.1188
vn -0.3502 -0.93311 0.0816
vn -0.48821 -0.86941 0.076
vn -0.49927 -0.85575 -0.13569
vn -0.34328 -0.88936 0.30199
vn -0.49912 -0.82123 0.27651
vn -0.4882 -0.86941 0.0761
vn -0.3502 -0.9331 0.0817
vn -0.34331 -0.88934 0.30201
vn -0.69177 -0.68437 0.23039
vn -0.70193 -0.70953 0.0621
vn -0.48828 -0.86936 0.0761
vn -0.49921 -0.82121 0.2764
vn -0.69092 -0.71452 -0.1099
vn -0.48828 -0.86937 0.076
vn -0.70194 -0.70954 0.062
vn -0.3433 -0.88931 0.3021
vn -0.35371 -0.78852 0.50311
vn -0.497 -0.7315 0.4668
vn -0.35369 -0.78848 0.50319
vn -0.70865 -0.59476 0.37957
vn -0.49707 -0.73146 0.46678
vn -0.49711 -0.73142 0.46681
vn -0.49919 -0.82119 0.2765
vn -0.70868 -0.59478 0.37949
vn 0 -0.84467 0.53528
vn -0.0001 -0.84467 0.53528
vn 0 -0.94471 0.3279
vn -0.38259 -0.87519 -0.2961
vn 0 -0.94486 -0.32748
vn 0 -0.94485 -0.32752
vn 0 -0.99183 -0.1276
vn 0 -0.86787 -0.49678
vn -0.0001 -0.94485 -0.32752
vn -0.0001 -0.99556 0.0941
vn 0 -0.99556 0.0941
vn -0.3578 -0.92621 -0.1188
vn -0.0001 -0.99184 -0.1275
vn 0.97933 -0.118 -0.1643
vn 0.99768 -0.068 -0.0016
vn 0.97753 -0.1615 -0.1355
vn 0.97511 -0.2164 -0.0482
vn 0.97531 -0.2136 0.056
vn 0.97441 -0.16 0.1579
vn 0.98111 -0.1137 0.1565
vn 0.86455 -0.46173 -0.19841
vn 0.87982 -0.39991 -0.2569
vn 0.97751 -0.1616 -0.1355
vn 0.86457 -0.46169 -0.19839
vn 0.86451 -0.4618 -0.1984
vn 0.70558 -0.65448 -0.27169
vn 0.71975 -0.59416 -0.35908
vn 0.71982 -0.59412 -0.35901
vn 0.87978 -0.39999 -0.25689
vn 0.8772 -0.4747 -0.0719
vn 0.69097 -0.71447 -0.10999
vn 0.69098 -0.71448 -0.1099
vn 0.70553 -0.65453 -0.27171
vn 0.87728 -0.47459 -0.0718
vn 0.97509 -0.2165 -0.0483
vn 0.90669 -0.3076 -0.2886
vn 0.93405 -0.22119 -0.28039
vn 0.9793 -0.1181 -0.1644
vn 0.9775 -0.1616 -0.1356
vn 0.93402 -0.2212 -0.2805
vn 0.807 -0.4666 -0.362
vn 0.90667 -0.30769 -0.28859
vn 0.87979 -0.3999 -0.257
vn 0.71979 -0.59409 -0.3591
vn 0.80699 -0.46669 -0.36189
vn 0.86287 -0.50398 0.0381
vn 0.97509 -0.2165 -0.0482
vn 0.97529 -0.2137 0.056
vn 0.86285 -0.50403 0.0381
vn 0.70198 -0.70948 0.0621
vn 0.87721 -0.47471 -0.0718
vn 0.87727 -0.45489 0.1532
vn 0.69182 -0.68432 0.23041
vn 0.87729 -0.45489 0.1531
vn 0.86487 -0.42648 0.26479
vn 0.97439 -0.1601 0.1579
vn 0.86491 -0.4264 0.2648
vn 0.70872 -0.59472 0.37951
vn 0.69187 -0.68427 0.23039
vn 0.87721 -0.45501 0.1532
vn 0.86482 -0.42651 0.26491
vn 0.88014 -0.29261 0.37382
vn 0.71685 -0.46817 0.51666
vn 0.71689 -0.46819 0.51659
vn 0.88019 -0.2926 0.3737
vn 0.87707 -0.25049 0.40989
vn 0.97439 -0.16 0.158
vn 0.98108 -0.1138 0.1566
vn 0.87701 -0.2505 0.41
vn 0.74831 -0.3704 0.55031
vn 0.71688 -0.46809 0.51669
vn 0.88016 -0.29259 0.37378
vn 0.5335 -0.5268 0.6617
vn 0.51351 -0.60591 0.60761
vn 0.7168 -0.4682 0.5167
vn 0.53343 -0.52683 0.66174
vn 0.32879 -0.61828 0.71388
vn 0.3554 -0.65969 0.66219
vn 0.51343 -0.60594 0.60764
vn 0.5334 -0.5268 0.6618
vn 0.0001 -0.84649 -0.5324
vn 0.39819 -0.81628 -0.41849
vn 0.40988 -0.80347 -0.43178
vn 0.40992 -0.80343 -0.43182
vn 0.0001 -0.86787 -0.49678
vn 0.5957 -0.6949 -0.4028
vn 0.55948 -0.72198 -0.40709
vn 0.80696 -0.46668 -0.36198
vn 0.7197 -0.5942 -0.3591
vn 0.52449 -0.79499 -0.3048
vn 0.38262 -0.87514 -0.29621
vn 0.49927 -0.85575 -0.13569
vn 0.3578 -0.9262 -0.1189
vn 0.3578 -0.92621 -0.1188
vn 0.38259 -0.87519 -0.2961
vn 0.52451 -0.79501 -0.3047
vn 0.70548 -0.65458 -0.27169
vn 0.69092 -0.71452 -0.11
vn 0.49932 -0.85573 -0.1357
vn 0.48821 -0.86941 0.076
vn 0.3502 -0.93311 0.0816
vn 0.35789 -0.92618 -0.1188
vn 0.4882 -0.86941 0.0761
vn 0.49913 -0.82125 0.27642
vn 0.34328 -0.88936 0.30199
vn 0.3502 -0.9331 0.0817
vn 0.48828 -0.86936 0.0761
vn 0.70193 -0.70953 0.0621
vn 0.69177 -0.68437 0.23039
vn 0.49921 -0.82121 0.2764
vn 0.48828 -0.86937 0.076
vn 0.69092 -0.71452 -0.1099
vn 0.70194 -0.70954 0.062
vn 0.497 -0.7315 0.4668
vn 0.35371 -0.78852 0.50311
vn 0.3433 -0.88931 0.3021
vn 0.34322 -0.88934 0.30211
vn 0.49912 -0.82123 0.27651
vn 0.5134 -0.606 0.6076
vn 0.35369 -0.78848 0.50319
vn 0.49711 -0.73142 0.46681
vn 0.70869 -0.59469 0.3796
vn 0.49707 -0.73146 0.46678
vn 0.49919 -0.82119 0.2765
vn 0.70868 -0.59478 0.37949
vn 0 -0.84464 0.53533
vn 0.0001 -0.94471 0.3279
vn 0.0001 -0.99184 -0.1275
vn 0.0001 -0.94485 -0.32752
vn 0.38258 -0.87516 -0.29619
vn 0.35011 -0.93314 0.0817
vn 0.3432 -0.88939 0.302
vn 0 -0.99184 -0.1275
vn 0.35012 -0.93314 0.0816
vt 0.0123 0.3023
vt 0.0166 0.3398
vt 0.0005 0.469
vt 0.0166 0.4198
vt 0.0166 0.5145
vt 0.0166 0.5986
vt 0.0159 0.6505
vt 0.0614 0.2828
vt 0.0614 0.3481
vt 0.1398 0.2145
vt 0.1398 0.303
vt 0.1398 0.4036
vt 0.0614 0.4223
vt 0.0483 0.1568
vt 0.0555 0.2305
vt 0.1296 0.0583
vt 0.0614 0.5002
vt 0.1398 0.5091
vt 0.1398 0.6124
vt 0.0614 0.5765
vt 0.0614 0.646
vt 0.1398 0.7067
vt 0.1398 0.785
vt 0.0614 0.7038
vt 0.0606 0.746
vt 0.1387 0.8434
vt 0.2454 0.8544
vt 0.2454 0.9249
vt 0.3686 0.8977
vt 0.3683 0.9717
vt 0.5 0.9409
vt 0.5 0.9995
vt 0.3577 0.1186
vt 0.3493 0.0185
vt 0.5 0.0005
vt 0.5 0.0742
vt 0.2371 0.1642
vt 0.2269 0.0339
vt 0.3686 0.2393
vt 0.2454 0.2635
vt 0.3686 0.3767
vt 0.2454 0.387
vt 0.3686 0.5208
vt 0.2454 0.5164
vt 0.3686 0.6619
vt 0.2454 0.6429
vt 0.3686 0.7907
vt 0.2454 0.7588
vt 0.5 0.8248
vt 0.5 0.679
vt 0.5 0.2133
vt 0.5 0.3641
vt 0.5 0.5256
vt 0.9877 0.3023
vt 0.9995 0.469
vt 0.9834 0.3398
vt 0.9834 0.4198
vt 0.9834 0.5145
vt 0.9834 0.5986
vt 0.9841 0.6505
vt 0.9386 0.3481
vt 0.9386 0.2828
vt 0.8602 0.303
vt 0.8602 0.2145
vt 0.9386 0.4223
vt 0.8602 0.4036
vt 0.9445 0.2305
vt 0.9517 0.1568
vt 0.8704 0.0583
vt 0.9386 0.5002
vt 0.8602 0.5091
vt 0.9386 0.5765
vt 0.8602 0.6124
vt 0.9386 0.646
vt 0.8602 0.7067
vt 0.9386 0.7038
vt 0.8602 0.785
vt 0.9394 0.746
vt 0.8613 0.8434
vt 0.7546 0.9249
vt 0.7546 0.8544
vt 0.6317 0.9717
vt 0.6314 0.8977
vt 0.6507 0.0185
vt 0.6423 0.1186
vt 0.7731 0.0339
vt 0.7629 0.1642
vt 0.7546 0.2635
vt 0.6314 0.2393
vt 0.7546 0.387
vt 0.6314 0.3767
vt 0.7546 0.5164
vt 0.6314 0.5208
vt 0.7546 0.6429
vt 0.6314 0.6619
vt 0.7546 0.7588
vt 0.6314 0.7907
usemtl mat1
f 3643/2132/8410 3644/2133/8411 3645/2134/8412
f 3644/2133/8413 3646/2135/8414 3645/2134/8412
f 3646/2135/8414 3647/2136/8415 3645/2134/8412
f 3647/2136/8415 3648/2137/8416 3645/2134/8412
f 3648/2137/8416 3649/2138/8417 3645/2134/8412
f 3644/2133/8411 3650/2139/8418 3651/2140/8419
f 3651/2140/8420 3646/2135/8414 3644/2133/8411
f 3652/2141/8421 3653/2142/8422 3651/2140/8423
f 3651/2140/8423 3650/2139/8424 3652/2141/8425
f 3654/2143/8426 3655/2144/8427 3651/2140/8423
f 3651/2140/8423 3653/2142/8422 3654/2143/8428
f 3655/2144/8429 3646/2135/8430 3651/2140/8420
f 3643/2132/8410 3656/2145/8431 3657/2146/8432
f 3657/2146/8432 3644/2133/8411 3643/2132/8433
f 3656/2145/8434 3658/2147/8435 3657/2146/8432
f 3652/2141/8436 3650/2139/8437 3657/2146/8438
f 3657/2146/8438 3658/2147/8439 3652/2141/8421
f 3650/2139/8418 3644/2133/8411 3657/2146/8438
f 3646/2135/8414 3655/2144/8429 3659/2148/8440
f 3659/2148/8440 3647/2136/8441 3646/2135/8430
f 3654/2143/8428 3660/2149/8442 3659/2148/8443
f 3659/2148/8444 3655/2144/8427 3654/2143/8428
f 3661/2150/8445 3662/2151/8446 3659/2148/8440
f 3659/2148/8444 3660/2149/8442 3661/2150/8447
f 3662/2151/8448 3647/2136/8441 3659/2148/8440
f 3647/2136/8441 3662/2151/8448 3663/2152/8449
f 3663/2152/8449 3648/2137/8450 3647/2136/8441
f 3661/2150/8447 3664/2153/8451 3663/2152/8452
f 3663/2152/8452 3662/2151/8453 3661/2150/8445
f 3665/2154/8454 3666/2155/8455 3663/2152/8456
f 3663/2152/8452 3664/2153/8457 3665/2154/8458
f 3666/2155/8459 3648/2137/8416 3663/2152/8449
f 3648/2137/8460 3666/2155/8455 3667/2156/8461
f 3667/2156/8461 3649/2138/8462 3648/2137/8460
f 3665/2154/8454 3668/2157/8463 3667/2156/8464
f 3667/2156/8464 3666/2155/8455 3665/2154/8465
f 3665/2154/8466 3669/2158/8467 3670/2159/8468
f 3670/2159/8468 3668/2157/8469 3665/2154/8466
f 3671/2160/8470 3672/2161/8471 3670/2159/8472
f 3670/2159/8472 3669/2158/8473 3671/2160/8470
f 3671/2160/8470 3673/2162/8474 3674/2163/8475
f 3674/2163/8475 3672/2161/8471 3671/2160/8470
f 3675/2164/8476 3676/2165/8477 3677/2166/8478
f 3677/2166/8478 3678/2167/8479 3675/2164/8480
f 3675/2164/8481 3679/2168/8482 3680/2169/8483
f 3680/2169/8483 3676/2165/8484 3675/2164/8480
f 3652/2141/8485 3658/2147/8486 3680/2169/8483
f 3680/2169/8483 3679/2168/8482 3652/2141/8485
f 3675/2164/8480 3681/2170/8487 3682/2171/8488
f 3682/2171/8488 3679/2168/8482 3675/2164/8480
f 3683/2172/8489 3684/2173/8490 3682/2171/8488
f 3682/2171/8491 3681/2170/8492 3683/2172/8493
f 3654/2143/8494 3653/2142/8495 3682/2171/8491
f 3682/2171/8491 3684/2173/8490 3654/2143/8494
f 3652/2141/8485 3679/2168/8482 3682/2171/8488
f 3682/2171/8488 3653/2142/8422 3652/2141/8485
f 3683/2172/8496 3685/2174/8497 3686/2175/8498
f 3686/2175/8498 3684/2173/8499 3683/2172/8496
f 3687/2176/8500 3688/2177/8501 3686/2175/8502
f 3686/2175/8502 3685/2174/8503 3687/2176/8504
f 3661/2150/8505 3660/2149/8506 3686/2175/8507
f 3686/2175/8507 3688/2177/8508 3661/2150/8505
f 3654/2143/8509 3684/2173/8490 3686/2175/8510
f 3686/2175/8510 3660/2149/8511 3654/2143/8509
f 3687/2176/8512 3689/2178/8513 3690/2179/8514
f 3690/2179/8514 3688/2177/8501 3687/2176/8512
f 3671/2160/8470 3669/2158/8473 3690/2179/8514
f 3690/2179/8514 3689/2178/8515 3671/2160/8470
f 3665/2154/8466 3664/2153/8516 3690/2179/8517
f 3690/2179/8518 3669/2158/8467 3665/2154/8466
f 3661/2150/8445 3688/2177/8519 3690/2179/8517
f 3690/2179/8517 3664/2153/8520 3661/2150/8505
f 3671/2160/8470 3689/2178/8515 3691/2180/8521
f 3691/2180/8522 3673/2162/8474 3671/2160/8470
f 3687/2176/8512 3692/2181/8523 3691/2180/8521
f 3691/2180/8521 3689/2178/8513 3687/2176/8512
f 3683/2172/8489 3681/2170/8524 3693/2182/8525
f 3693/2182/8526 3694/2183/8527 3683/2172/8489
f 3675/2164/8480 3678/2167/8528 3693/2182/8526
f 3693/2182/8529 3681/2170/8487 3675/2164/8476
f 3687/2176/8500 3685/2174/8503 3695/2184/8530
f 3695/2184/8531 3692/2181/8523 3687/2176/8500
f 3683/2172/8532 3694/2183/8533 3695/2184/8531
f 3695/2184/8530 3685/2174/8497 3683/2172/8496
f 3696/2185/8534 3697/2186/8535 3698/2187/8536
f 3698/2187/8536 3697/2186/8535 3699/2188/8537
f 3699/2188/8537 3697/2186/8535 3700/2189/8538
f 3700/2189/8538 3697/2186/8535 3701/2190/8539
f 3701/2190/8539 3697/2186/8535 3702/2191/8540
f 3703/2192/8541 3704/2193/8542 3698/2187/8543
f 3698/2187/8543 3699/2188/8537 3703/2192/8544
f 3703/2192/8545 3705/2194/8546 3706/2195/8547
f 3706/2195/8548 3704/2193/8549 3703/2192/8545
f 3703/2192/8545 3707/2196/8550 3708/2197/8551
f 3708/2197/8552 3705/2194/8553 3703/2192/8545
f 3707/2196/8554 3703/2192/8544 3699/2188/8555
f 3709/2198/8556 3710/2199/8557 3696/2185/8558
f 3696/2185/8558 3698/2187/8559 3709/2198/8556
f 3710/2199/8560 3709/2198/8556 3711/2200/8561
f 3709/2198/8562 3704/2193/8563 3706/2195/8564
f 3706/2195/8564 3711/2200/8565 3709/2198/8562
f 3704/2193/8542 3709/2198/8556 3698/2187/8543
f 3712/2201/8566 3707/2196/8554 3699/2188/8537
f 3699/2188/8567 3700/2189/8568 3712/2201/8566
f 3712/2201/8569 3713/2202/8570 3708/2197/8552
f 3708/2197/8552 3707/2196/8571 3712/2201/8569
f 3712/2201/8566 3714/2203/8572 3715/2204/8573
f 3715/2204/8573 3713/2202/8570 3712/2201/8569
f 3714/2203/8574 3712/2201/8566 3700/2189/8568
f 3716/2205/8575 3714/2203/8572 3700/2189/8568
f 3700/2189/8568 3701/2190/8576 3716/2205/8577
f 3716/2205/8575 3717/2206/8578 3715/2204/8579
f 3715/2204/8573 3714/2203/8580 3716/2205/8575
f 3716/2205/8581 3718/2207/8582 3719/2208/8583
f 3719/2208/8584 3717/2206/8578 3716/2205/8575
f 3718/2207/8585 3716/2205/8577 3701/2190/8539
f 3720/2209/8586 3718/2207/8585 3701/2190/8587
f 3701/2190/8587 3702/2191/8588 3720/2209/8586
f 3720/2209/8589 3721/2210/8590 3719/2208/8591
f 3719/2208/8591 3718/2207/8592 3720/2209/8589
f 3722/2211/8593 3723/2212/8594 3719/2208/8595
f 3719/2208/8595 3721/2210/8590 3722/2211/8593
f 3722/2211/8596 3724/2213/8597 3725/2214/8598
f 3725/2214/8598 3723/2212/8599 3722/2211/8600
f 3674/2163/8475 3673/2162/8474 3725/2214/8598
f 3725/2214/8598 3724/2213/8597 3674/2163/8475
f 3677/2166/8601 3726/2215/8602 3727/2216/8603
f 3727/2216/8604 3678/2167/8605 3677/2166/8478
f 3728/2217/8606 3729/2218/8607 3727/2216/8604
f 3727/2216/8603 3726/2215/8602 3728/2217/8606
f 3728/2217/8606 3711/2200/8608 3706/2195/8609
f 3706/2195/8609 3729/2218/8607 3728/2217/8606
f 3730/2219/8610 3731/2220/8611 3727/2216/8604
f 3727/2216/8604 3729/2218/8607 3730/2219/8610
f 3730/2219/8610 3732/2221/8612 3733/2222/8613
f 3733/2222/8614 3731/2220/8615 3730/2219/8616
f 3730/2219/8616 3705/2194/8617 3708/2197/8618
f 3708/2197/8618 3732/2221/8619 3730/2219/8616
f 3730/2219/8610 3729/2218/8607 3706/2195/8609
f 3706/2195/8609 3705/2194/8553 3730/2219/8610
f 3734/2223/8620 3735/2224/8621 3733/2222/8622
f 3733/2222/8614 3732/2221/8612 3734/2223/8620
f 3734/2223/8623 3736/2225/8624 3737/2226/8625
f 3737/2226/8625 3735/2224/8626 3734/2223/8623
f 3734/2223/8627 3713/2202/8628 3715/2204/8629
f 3715/2204/8629 3736/2225/8630 3734/2223/8627
f 3734/2223/8631 3732/2221/8619 3708/2197/8632
f 3708/2197/8632 3713/2202/8633 3734/2223/8631
f 3738/2227/8634 3739/2228/8635 3737/2226/8636
f 3737/2226/8637 3736/2225/8638 3738/2227/8634
f 3738/2227/8634 3723/2212/8639 3725/2214/8598
f 3725/2214/8598 3739/2228/8640 3738/2227/8634
f 3738/2227/8641 3717/2206/8642 3719/2208/8595
f 3719/2208/8595 3723/2212/8594 3738/2227/8641
f 3738/2227/8643 3736/2225/8644 3715/2204/8573
f 3715/2204/8573 3717/2206/8645 3738/2227/8643
f 3691/2180/8646 3739/2228/8640 3725/2214/8598
f 3725/2214/8598 3673/2162/8474 3691/2180/8521
f 3691/2180/8521 3692/2181/8647 3737/2226/8637
f 3737/2226/8637 3739/2228/8635 3691/2180/8521
f 3693/2182/8525 3731/2220/8615 3733/2222/8614
f 3733/2222/8613 3694/2183/8648 3693/2182/8649
f 3693/2182/8649 3678/2167/8528 3727/2216/8603
f 3727/2216/8603 3731/2220/8650 3693/2182/8649
f 3695/2184/8531 3735/2224/8651 3737/2226/8652
f 3737/2226/8652 3692/2181/8647 3695/2184/8531
f 3695/2184/8531 3694/2183/8653 3733/2222/8614
f 3733/2222/8614 3735/2224/8654 3695/2184/8531
# Vertices: 97, normals: 245, texture coordinates: 97, faces: 168

