# File generated by ImageToStl.com - Free Image and 3D model conversion tools

mtllib uranus_1_51118.mtl

o obj1
v 296.4437561 262.49075405 -300.49430869
v 338.1343689 225.58084148 -287.660818
v 311.77670288 225.58084529 -316.03642738
v 321.50616455 262.4907199 -273.51506157
v 462.38336182 186.95508741 -3.1389976
v 475.78143311 146.90584309 38.37137539
v 477.31591797 146.90584868 -3.24110907
v 460.89794922 186.95508199 37.17122365
v 70.47564697 -262.49053568 -416.18300442
v 111.98807526 -225.58062304 -429.58201634
v 106.48071289 -262.49053672 -408.4564727
v 74.12120056 -225.58062195 -437.70695502
v 208.78236389 -433.33770989 -99.08653402
v 252.06752014 -412.02774431 -93.68627804
v 216.62298584 -433.3377429 -80.51346031
v 242.94262695 -412.0277414 -115.2982997
v 294.80914307 -186.95499335 -356.22163158
v 335.22250366 -146.90574155 -339.80368853
v 324.73431396 -186.95499698 -329.1723161
v 304.3314209 -146.9057378 -367.72583723
v 24.49585915 387.58248603 -303.69238138
v 56.45499039 360.18728832 -333.37924317
v 27.18447876 360.18728881 -337.03180042
v 50.87155151 387.58248559 -300.40218984
v 111.98807526 225.58089106 -429.58189468
v 155.19517517 186.9552218 -435.56975367
v 116.64261627 186.9552234 -447.43828354
v 149.00213623 225.58087427 -418.18782159
v 15.87446213 -488.07139644 14.98943777
v 46.50830078 -484.35756405 45.87849246
v 15.54414082 -488.07139649 15.33177155
v 50.3300209 -484.35756348 41.65138079
v 16.5130825 -488.07139635 14.28274987
v 16.82138443 -488.0713963 13.9193971
v 16.19777679 -488.07139639 14.63909694
v 154.13012695 387.58231836 262.81879918
v 115.30330658 412.02772425 242.94149907
v 130.63824463 387.58231669 275.25193474
v 136.03849792 412.02772573 231.96782086
v 20.91937637 -488.07139359 -6.25022844
v 62.98735428 -484.35755555 -17.33601152
v 21.05050278 -488.07139365 -5.79278331
v 61.23664474 -484.35755483 -22.75928824
v 20.62709236 -488.07139347 -7.1571107
v 20.46593475 -488.07139341 -7.60454558
v 20.7782383 -488.07139353 -6.70567133
v 0.00300293 -488.5364823 0.00085387
v 0.33032176 -488.07139149 -21.82838629
v 0.80678588 -488.0713915 -21.81637381
v -188.38650513 451.349101 34.54074321
v -149.83294678 465.9250615 14.135893
v -190.67973328 451.34910323 17.98963827
v -148.03118896 465.92505975 27.14154879
v 16.82338524 488.07139256 13.92169119
v 0 488.5364823 0.00214905
v 16.51608658 488.07139251 14.28504586
v -10.62935257 488.07139699 -19.06940704
v -10.20994473 488.07139702 -19.29762702
v -45.11093903 476.95617772 98.48796812
v -74.36043549 465.9250153 130.84745497
v -62.67404938 465.9250145 136.83025811
v -53.52313232 476.9561783 94.18177778
v -300.81802368 330.05028348 213.69701274
v -291.66708374 360.187129 171.04752789
v -318.29803467 330.05028711 186.66571789
v -275.6494751 360.18712567 195.81862995
v 18.98348999 -488.07139588 10.78734956
v 18.74225616 -488.07139593 11.19874939
v -420.73779297 262.4906572 -33.93093662
v -391.48632812 297.40246455 -66.29040882
v -416.17935181 262.4906621 -70.47148942
v -395.7744751 297.40245993 -31.91796394
v 153.67367554 330.05044882 -335.47730013
v 167.07272339 360.18728303 -293.96591444
v 182.32759094 330.05044685 -320.80801963
v 140.81715393 360.18728483 -307.4089987
v -344.11416626 262.49058927 244.45391484
v -342.50759888 297.40239814 200.86352796
v -364.11065674 262.49059343 213.53283436
v -323.69830322 297.40239423 229.95082249
v 491.81704712 -21.30993512 -90.16773202
v 494.01620483 -63.76669993 -46.60236293
v 488.07339478 -63.76668654 -89.48207643
v 497.80487061 -21.30994856 -46.96069462
v 422.10113525 262.49065302 -2.86570899
v 395.78149414 297.40245135 31.92014575
v 420.74481201 262.49064808 33.9330938
v 397.05773926 297.402456 -2.69653416
v -239.75352478 262.49054492 347.40609027
v -283.03869629 225.58065006 342.0078311
v -252.15361023 225.58064692 365.37456004
v -269.12011719 262.49054791 325.18843966
v -231.09008789 -433.33775393 1.57039751
v -268.03909302 -412.02778451 -21.61615493
v -230.34736633 -433.33775123 -18.57720412
v -268.90292358 -412.02778766 1.82665337
v -336.62689209 -360.18718676 31.75779354
v -368.98641968 -330.05135012 2.50633923
v -338.11331177 -360.1871828 2.2971267
v -367.36383057 -330.05135444 34.65662409
v -74.36043549 -465.92608806 130.84516302
v -61.5259285 -476.95721001 89.15560303
v -53.52112961 -476.9572412 94.17849104
v -85.48025513 -465.92608712 123.86638061
v 21.92835808 -484.35754962 -61.53701976
v 7.77757549 -488.07139169 -20.39999583
v 7.32913876 -488.07139166 -20.5641556
v 8.65943527 -488.07139173 -20.04064755
v 27.20850182 -484.3575499 -59.39192782
v 9.09485817 -488.07139176 -19.84745793
v 8.22000694 -488.07139171 -20.22482494
v -217.69303894 -433.3377433 -77.56359317
v -174.12760925 -451.34909493 -79.7627456
v -180.41673279 -451.34909701 -64.28167465
v -210.10466003 -433.33771027 -96.24276123
v -104.82109833 476.95622514 -27.32444174
v -141.76908875 465.92507018 -50.51200537
v -145.6318512 465.9250685 -37.96279621
v -102.04139709 476.95622635 -36.35723066
v 54.80137634 -476.95721058 93.44378037
v 64.53186035 -465.92608875 135.96415088
v 46.44823837 -476.9572417 97.86307649
v 76.1361618 -465.92608792 129.82317514
v 486.46783447 -105.73882841 -45.89068341
v 477.31591797 -146.90584781 -3.24119766
v 475.21688843 -146.90584222 -44.82965764
v 488.61590576 -105.73884176 -3.31826046
v -367.72619629 -146.90576158 -304.32715776
v -347.84683228 -105.73874269 -343.15591677
v -339.80200195 -146.90574217 -335.21918551
v -376.43164062 -105.73874694 -311.53213855
v 29.6648941 330.05045316 -367.80475264
v 66.29557037 297.40256928 -391.49079137
v 31.92209244 297.40256985 -395.77896871
v 61.60900879 330.05045262 -363.81985897
v -114.18521881 433.33665861 200.91962227
v -108.78596497 451.34905395 157.63550752
v -131.26185608 433.33666005 190.20319197
v -94.63417053 451.34905275 166.51714479
v -6.24908638 488.07139724 -20.91920518
v -6.70453024 488.07139722 -20.7780671
v 278.8565979 297.40255465 -282.66593547
v 281.05474854 330.05040535 -239.10152523
v 302.43154907 297.40252073 -257.28724372
v 259.14743042 330.05040852 -262.68747718
v 179.53288269 451.34911461 -66.72678186
v 145.1083374 465.92506876 -39.93771832
v 184.6658783 451.34911247 -50.82631549
v 141.07540894 465.92507044 -52.43387649
v -21.68211937 -488.07139477 2.52430954
v -65.03534698 -484.35755871 6.13582424
v -21.73216629 -488.0713947 2.05084864
v -64.25258636 -484.35755947 11.78131613
v -21.55099106 -488.07139489 3.46822773
v -21.47091293 -488.07139496 3.93668351
v -21.62206078 -488.07139483 2.99676908
v 253.31774902 412.02777528 90.25693398
v 277.00280762 387.58233663 126.88556867
v 287.00857544 387.58233994 102.25960821
v 244.48814392 412.02774185 111.99008754
v -208.22781372 21.30982894 454.58931225
v -247.05563354 -21.31008957 434.70997371
v -208.22781372 -21.31009605 454.58930653
v -247.05563354 21.30983543 434.70997944
v 50.51620483 -465.92599039 -141.77007728
v 45.11594391 -476.95715428 -98.48496214
v 36.36041641 -476.9571538 -102.04142717
v 62.67905426 -465.92599106 -136.82825921
v -174.19967651 21.31009986 -468.68500917
v -132.6872406 -21.30982143 -482.08406229
v -174.19967651 -21.30982514 -468.6850149
v -132.6872406 21.31010356 -482.08405656
v -352.18203735 -186.95517302 299.61843386
v -361.9125061 -225.58083737 257.09706782
v -338.12634277 -225.58084148 287.660818
v -376.95513916 -186.95516874 267.78249745
v -203.48620605 105.73871385 444.23528953
v -245.17480469 63.76659101 431.4017272
v -206.64328003 63.76658073 451.12892989
v -241.42915344 105.73871646 424.81036344
v -214.3848114 21.31009567 -451.71949461
v -214.3848114 -21.30982933 -451.71950034
v 21.73717308 -488.07139415 -2.05014151
v 21.77621078 -488.07139422 -1.57467897
v 14.28691578 488.07139665 -16.51191964
v 13.92356205 488.07139669 -16.81921638
v 468.6875 21.31001451 -174.20049166
v 478.41799927 63.7667544 -131.67909459
v 482.08755493 21.31000131 -132.68909477
v 465.12103271 63.76676757 -172.87518388
v 257.53985596 -360.18712254 -219.09627808
v 300.82400513 -330.05129056 -213.69602092
v 275.6545105 -360.18712567 -195.81663105
v 281.05474854 -330.05128714 -239.10173599
v -50.86454391 -387.58248559 300.40218984
v -67.83106995 -412.02785289 260.21606122
v -44.89372635 -412.02785355 265.1378445
v -76.8528595 -387.58248484 294.82473642
v -167.06672668 -360.18728303 293.96689101
v -209.58813477 -330.05142111 303.69635639
v -192.05206299 -360.1872504 278.28564765
v -182.32159424 -330.05142341 320.80801963
v -96.23974609 433.33665738 210.10655738
v -79.76068878 451.34905173 174.13155493
v -79.75968933 -451.34915956 174.13028923
v -114.18521881 -433.33781123 200.91733907
v -94.63217163 -451.34915854 166.51487201
v -96.23873901 -433.33781247 210.10628835
v 235.85272217 146.90596504 -414.98571435
v 277.5413208 105.73895727 -402.15124766
v 241.43516541 105.73896032 -424.81027399
v 271.12307739 146.90596206 -392.8511631
v -64.27960968 451.34905089 180.42067825
v -77.56154633 433.33665636 217.69594311
v 17.97050285 -488.07139609 12.39991836
v 17.69523621 -488.07139615 12.78929689
v -21.59903908 488.07139485 -3.17394125
v -21.66309929 488.07139479 -2.70248283
v 250.76223755 387.58233043 173.05748023
v 260.49273682 360.18712301 215.57885266
v 278.29006958 360.18712617 192.05598054
v 234.72462463 387.58232758 194.25511134
v -111.98207092 -225.58089106 429.58189468
v -141.66899109 -262.4907671 397.62278437
v -106.47470856 -262.49076855 408.45634113
v -148.99613953 -225.58087427 418.18681451
v 37.29532623 297.40234149 395.30874225
v 2.86979508 262.49053489 422.09776862
v 39.64761734 262.49053514 420.24193373
v 2.69962955 297.40234126 397.05541577
v 14.50913239 488.07139223 16.31802576
v 14.15078354 488.07139219 16.63032738
v 198.78562927 146.90598284 -433.96215413
v 203.49220276 105.73896293 -444.23617664
v -262.68685913 330.05040804 -259.14301319
v -219.09539795 360.18724762 -257.53647233
v -239.10089111 330.0504415 -281.05234472
v -240.7074585 360.18724492 -237.46092675
v -106.80202484 -476.9571956 -18.08474021
v -63.21157455 -484.35755567 -16.47817769
v -64.40673065 -484.35755642 -10.9057568
v -104.81909943 -476.95719436 -27.32473013
v -19.53202438 -476.9571532 -106.54980409
v -14.13176441 -465.92598931 -149.83492686
v -10.17090702 -476.95715302 -107.84606869
v -27.1374321 -465.92598955 -148.03217729
v 64.2585907 -484.3575563 -11.7796076
v 21.55599594 -488.07139396 -3.46651949
v 21.47491837 -488.0713939 -3.93597638
v 21.68712425 -488.07139409 -2.52360217
v 65.04135895 -484.35755706 -6.13511469
v 21.62806702 -488.07139402 -2.99606171
v -15.99157715 -488.07139642 14.85831042
v -16.31188774 -488.07139638 14.50596782
v 257.09942627 -225.58086671 361.91606448
v 233.9128418 -186.95520161 398.86299834
v 224.57875061 -225.58086954 382.94554374
v 267.78582764 -186.95519867 376.95873273
v -28.74499893 476.95626602 -104.44347482
v -11.7784729 484.35655944 -64.25737138
v -19.53302574 476.9562663 -106.55152986
v -17.33388519 484.35655927 -62.98614264
v -71.60174561 -297.40234213 -390.55410374
v -39.64160919 -262.49053514 -420.24294081
v -37.29032135 -297.40234149 -395.30971881
v -76.11714172 -262.49053582 -415.18703278
v 19.51700974 -488.07139311 -9.78766957
v 59.01948547 -484.35755412 -28.00939678
v 19.7252121 -488.07139317 -9.35925238
v 56.35388947 -484.35755344 -33.04629808
v 19.07157516 -488.071393 -10.62948835
v 18.83534622 -488.07139294 -11.0428909
v 19.29779625 -488.07139305 -10.21108093
v 67.83707428 412.02785289 -260.21606122
v 102.26161194 387.58248379 -287.00512609
v 76.85886383 387.58248484 -294.82473642
v 90.25791931 412.02785196 -253.31432806
v -102.25659943 -387.58248379 287.00414953
v -111.98607635 -412.02785078 244.4837467
v -90.2529068 -412.02785196 253.31332098
v -126.88157654 -387.58245193 276.99938913
v -19.06556892 -488.07139586 10.63119684
v -19.29279137 -488.0713958 10.21279037
v 402.00558472 -186.9551482 228.47123476
v 392.85464478 -146.90593045 271.11972196
v 380.56365967 -186.95516805 262.63848518
v 414.98822021 -146.90592571 235.84942898
v 305.4715271 360.18723249 -144.97493749
v 285.59317017 387.58242897 -106.14716872
v 316.94470215 360.18722884 -117.80050757
v 275.25512695 387.58243226 -130.63399192
v -148.0291748 -465.92604361 27.14026583
v -107.84404755 -476.9571994 10.17475647
v -106.54577637 -476.95720065 19.53486262
v -149.83093262 -465.92604186 14.1356133
v 114.19122314 433.33677364 -200.91836141
v 108.7919693 451.34915734 -157.63424182
v 131.26885986 433.3367722 -190.20193112
v 94.6401825 451.34915854 -166.51587909
v -241.46218872 -146.90573189 -411.74466507
v -209.50306702 -105.73871423 -441.43154817
v -204.65733337 -146.90571401 -431.22260019
v -247.17875671 -105.73871691 -421.49212624
v -281.04876709 -330.05138191 239.10152523
v -323.69830322 -297.40251705 229.95065102
v -300.81802368 -330.0513785 213.69680198
v -302.42459106 -297.40252073 257.28724372
v -3.93483257 488.07139731 -21.47474715
v -5.79164124 488.07139726 -21.05033348
v -5.33019161 488.07139727 -21.17145202
v -4.86774111 488.07139729 -21.28356025
v -4.40228796 488.0713973 -21.3836579
v -82.50636292 476.95621204 70.19443577
v -122.69150543 465.92505169 87.15994121
v -114.62865448 465.92501978 97.52202429
v -88.31002045 476.95621304 62.73618407
v 61.23864746 484.35655386 -22.75899786
v 104.44673157 476.95622533 -28.7458246
v 101.54389954 476.95622654 -37.73957391
v 62.98935318 484.35655313 -17.33572115
v -130.63323975 387.58245169 -275.25170852
v -93.68524933 412.0278518 -252.06512156
v -106.14639282 387.5824836 -285.58975138
v -115.2983017 412.02785057 -242.94123576
v 165.36206055 -297.4023461 -360.99331374
v 182.32759094 -330.05124565 -320.80823039
v 153.67367554 -330.05124368 -335.47751089
v 196.19509888 -297.40234822 -345.20797492
v 5.33619738 488.07139158 21.17274857
v 4.87274599 488.07139157 21.28485679
v -1.82377648 412.02785406 -268.90652113
v 18.5800972 433.33677759 -230.35199993
v 21.62005806 412.02785394 -268.04269059
v -1.56652594 433.33677769 -231.09470621
v 59.39585114 -484.35756154 27.20632437
v 19.64713669 -488.07139571 9.52311887
v 19.85033417 -488.07139565 9.09270087
v 19.2137146 -488.07139582 10.36994254
v 56.79832458 -484.35756222 32.27926121
v 19.43593025 -488.07139576 9.9495343
v 213.97441101 387.58244385 -216.89792024
v 257.54086304 360.18724245 -219.09605922
v 237.46429443 360.18724535 -240.70909559
v 232.06503296 387.58244124 -197.42396766
v 79.69562531 -146.90570872 -470.62393551
v 116.64261627 -186.95496583 -447.43839481
v 77.20220184 -186.9549647 -455.90061376
v 120.40927887 -146.90570989 -461.88846218
v 267.78582764 186.95499056 376.958844
v 241.46618652 146.90573189 411.74466507
v 276.43426514 146.90573492 389.13266633
v 233.9128418 186.95498762 398.86310961
v 32.28144073 -484.35755025 -56.79440136
v 53.52713776 -476.95715486 -94.17777235
v 93.69125366 412.02772303 252.06538487
v 80.85675812 387.58228369 293.75492483
v 106.15139771 387.58228479 285.59098468
v 71.36550903 412.02772206 259.27238535
v -172.87338257 63.76685261 -465.11752922
v -129.66529846 105.73897417 -471.10531635
v -131.67825317 63.76685439 -478.41547188
v -170.23181152 105.73897241 -458.0115668
v -192.56054688 186.95498473 420.38508153
v -235.84571838 146.90573145 414.98480778
v -198.78062439 146.90571364 433.96127808
v -228.46754456 186.9549872 402.00217811
v -232.05802917 -387.58244124 197.42396766
v -275.64846802 -360.18723932 195.81741927
v -248.38194275 -387.58243842 176.44755846
v -257.53283691 -360.18724245 219.09605922
v -357.0617981 -330.05133728 -93.07966152
v -374.03131104 -297.40240722 -133.26674377
v -347.59356689 -330.05130263 -123.84659772
v -384.2182312 -297.40241167 -100.15953665
v 174.13259888 -451.34911636 79.76347117
v 200.92170715 -433.33779958 114.18797193
v 166.51719666 -451.34914888 94.6359377
v 210.10865784 -433.33779717 96.24250745
v -304.66775513 387.58238392 2.0711315
v -337.02825928 360.18718615 -27.17933681
v -338.11434937 360.18718219 2.29734365
v -303.68978882 387.58238749 -24.49171116
v -268.04006958 412.02779031 -21.61690824
v -300.39859009 387.58239103 -50.86637456
v -265.13525391 412.02779344 -44.89555773
v 345.2102356 -297.40251252 196.19280916
v 347.40936279 -262.49071537 239.75720445
v 326.79730225 -297.40251646 225.53234673
v 366.98345947 -262.49071118 208.56584504
v -372.1625061 -105.73893052 316.61700987
v -404.52200317 -63.76679821 287.36558218
v -398.34100342 -105.73891837 282.97528739
v -377.93710327 -63.76681043 321.52881954
v 294.82818604 387.58237387 76.85689149
v 318.51522827 360.18713673 113.48552577
v 327.19369507 360.18717104 85.2940976
v -136.03250122 -412.02772573 -231.96681378
v -99.08551788 -433.33769515 -208.7792564
v -116.903862 -433.33769642 -199.34808912
v -115.29730225 -412.02772425 -242.93950017
v -54.79637146 -476.95718548 -93.44305405
v -28.00627899 -484.35754995 -59.01756489
v -33.04418564 -484.35755031 -56.35096952
v -46.44424057 -476.95715436 -97.86235779
v -397.05072021 -297.402456 2.69653416
v -420.73681641 -262.49064808 -33.93109108
v -395.7744751 -297.40245135 -31.91814304
v -422.09313965 -262.49065302 2.86671011
v 19.92440796 -488.07139323 -8.92683262
v 66.72999573 -451.34916028 179.52852818
v 52.4360733 -465.92608943 141.070123
v 82.12298584 -451.34915941 173.03020687
v -173.02752686 451.34909461 82.12203659
v -216.61898804 433.33670531 80.51545921
v -208.77735901 433.33667229 99.08853292
v -179.52786255 451.34909668 66.72906226
v 74.36643219 465.9251115 -130.8461701
v 85.48826599 465.92511056 -123.86638061
v 451.72198486 -21.30990127 -214.3865922
v 468.6875 -21.30991239 -174.20049739
v 451.72198486 21.31002563 -214.38658648
v 140.81515503 -360.18708016 -307.40921756
v 150.54663086 -387.58231809 -264.88685331
v 126.88658905 -387.58231646 -276.99961535
v 167.07272339 -360.18708196 -293.9661333
v 149.75086975 433.33666196 176.02040742
v 155.73770142 412.02772744 219.22842615
v 174.25172424 412.02772937 204.82141371
v 133.83935547 433.33666029 188.4024413
v -442.49902344 -225.58075225 -35.68578577
v -416.17935181 -262.49064317 -70.47165151
v -437.70333862 -225.58073183 -74.11718475
v -21.79322624 488.0713946 -1.27909762
v -21.81624985 488.07139453 -0.80263414
v 376.9621582 186.95516874 -267.78249745
v 411.74703979 146.90592646 -241.46287788
v 389.13601685 146.90593116 -276.43090952
v 398.86547852 186.95514893 -233.90952803
v -355.95370483 21.3100669 -351.15266456
v -323.99356079 -21.30985029 -380.8395284
v -355.95370483 -21.30986 -351.15267029
v -323.99356079 21.31007661 -380.83952268
v -381.33544922 262.4905978 180.98415993
v -416.12130737 225.58070575 154.66654418
v -401.05764771 225.58070096 190.34626098
v -395.65838623 262.49060236 147.06115694
v -303.68881226 -387.5823809 -24.49094555
v -333.3757019 -360.18717491 -56.45103523
v -300.39761353 -387.58237736 -50.86660841
v -337.02728271 -360.18717884 -27.17955186
v -16.81738091 488.0713963 -13.9193971
v -46.5052948 484.35655697 -45.87949192
v -50.32701874 484.3565564 -41.65138079
v -16.51008224 488.07139635 -14.28274987
v -16.19477272 488.07139639 -14.63909694
v -15.87145901 488.07139644 -14.98943777
v -15.5411377 488.07139649 -15.332771
v 363.56210327 146.90593558 -309.29287739
v 352.1890564 186.95517302 -299.6174573
v -294.82217407 387.58239452 -76.85465873
v -260.21343994 412.02779652 -67.83287384
v -232.05802917 387.58232715 197.42520096
v -257.53384399 360.18712254 219.09829224
v -248.38293457 387.58232997 176.44778468
v 294.80914307 186.95519588 -356.22152031
v 304.3314209 146.90595869 -367.72573672
v 262.64083862 186.95519915 -380.56023407
v 277.0038147 -387.58243176 126.884343
v 293.96932983 -360.18723546 167.06943441
v 264.88998413 -387.58243494 150.54336929
v 307.41143799 -360.18723193 140.81290455
v 17.12267876 488.07139261 13.55133178
v 17.41396141 488.07139266 13.17496518
v 398.34802246 -105.73875841 -282.97537684
v 428.03491211 -63.76664195 -251.01524351
v 421.49453735 -105.73877085 -247.1795254
v 404.52902222 -63.76662943 -287.36559932
v -293.96533203 360.18723546 -167.06943441
v -303.6958313 330.05040138 -209.59081457
v -320.80749512 330.05039772 -182.32429023
v -278.2850647 360.18723882 -192.05576168
v 0.44643483 484.35654203 65.32871427
v -1.75270712 488.0713915 21.7633209
v -5.24911261 484.35654205 65.11950865
v 0.15114722 488.07139149 21.83439062
v -0.32531688 488.07139149 21.8323879
v -0.80178094 488.0713915 21.81937597
v -1.27724409 488.0713915 21.79635427
v -408.45285034 262.49069746 -106.47651596
v -418.18630981 225.58080759 -148.99891173
v -429.57843018 225.58078735 -111.98388309
v -397.62231445 262.49070219 -141.67076677
v 291.6730957 -360.187129 -171.04752789
v 333.36270142 -330.05129801 -158.21303637
v 305.47055054 -360.1871325 -144.97616343
v 318.30505371 -330.05129419 -186.66471081
v 300.40460205 -387.58239103 50.86837346
v 260.21847534 -412.02779652 67.83387329
v 265.14025879 -412.02779344 44.89656099
v 294.82818604 -387.58239452 76.85666526
v 347.40936279 262.49058991 239.75736654
v 305.89794922 297.40239111 253.1563881
v 325.19076538 262.49058596 269.12392742
v 326.79830933 297.40239482 225.53352528
v -475.20986938 -146.90585427 44.83057565
v -462.37637329 -186.95508741 3.1409996
v -460.34237671 -186.95509282 43.42819987
v -477.30792236 -146.90584868 3.24211019
v 61.33073807 433.33665567 222.81493097
v 80.51742554 433.3366565 216.62189224
v 248.38893127 387.58243842 -176.44656664
v 275.65649414 360.18723932 -195.81741927
v 215.58097839 -360.18711698 -260.48856487
v 259.14743042 -330.05128397 -262.68768794
v 237.46429443 -360.18711964 -240.70830737
v 235.26515198 -330.05125056 -284.27267866
v -265.13424683 -412.02778138 -44.89580578
v 82.51236725 476.9562309 -70.19315556
v 53.26187897 484.35655589 -37.83366623
v 88.31602478 476.9562299 -62.73489623
v 49.76247025 484.35655649 -42.33103775
v 489.24453735 63.76668743 82.84461785
v 483.84527588 21.30992648 126.12972877
v 492.99719238 21.30993793 83.48022462
v 480.16268921 63.76667411 125.16979646
v 481.76925659 -105.73886843 81.57934396
v 480.16268921 -63.76675353 125.16976406
v 472.82553101 -105.73888165 123.25689381
v 489.24453735 -63.76674021 82.84458546
v 303.6987915 -330.05137795 209.59081457
v 305.89794922 -297.40252017 253.15621663
v 284.27587891 -330.0513814 235.2627955
v 411.74804688 -146.90577002 -241.46297839
v 389.13601685 -146.90576533 -276.43000295
v -304.32339478 -146.90595869 367.72573672
v -343.15222168 -105.73893472 347.84839308
v -335.21551514 -146.90595493 339.80255042
v -311.52844238 -105.73894619 376.43219337
v -281.84152222 63.7665941 408.39034493
v -284.00363159 21.30984236 411.52339576
v -303.32843018 387.58238035 28.61595876
v -268.90393066 412.02778717 1.82690142
v -267.72177124 412.02778402 25.25669779
v -25.12447166 -465.92609041 148.3872309
v -48.31105804 -451.34916106 185.33518387
v -37.96097565 -465.92609004 145.63256181
v -31.97314072 -451.34916153 188.84060062
v -253.15257263 297.40235351 305.89572041
v -225.52966309 297.4023507 326.7950422
v 316.36914062 63.76682622 -382.27292757
v 281.84854126 63.76683736 -408.39133488
v 311.53543091 105.73894619 -376.43219337
v 323.70529175 -297.40239423 -229.94981541
v 364.11767578 -262.49059343 -213.53182728
v 342.51461792 -297.40239814 -200.86250562
v 344.1211853 -262.49058927 -244.45292302
v 21.8242569 -488.07139434 -0.62375372
v 65.32862854 -484.35755782 -0.44357726
v 21.8332653 -488.07139441 -0.14829112
v 21.80624008 -488.07139428 -1.10021732
v 431.2260437 -146.90579023 -204.65817008
v 433.42416382 -186.95503482 -161.09378486
v 417.7338562 -186.95502983 -198.255954
v 447.42178345 -146.90579538 -166.29684327
v -276.9987793 -387.58233663 -126.88456922
v -293.96533203 -360.18712953 -167.06965327
v -264.88598633 -387.58233345 -150.54258843
v -307.40744019 -360.18713306 -140.81312341
v 6.87970114 -488.07139164 -20.71930696
v 16.48205376 -484.35754939 -63.21364781
v 5.9698143 -488.07139161 -20.99957848
v 5.50936604 -488.07139159 -21.12470055
v 6.42625952 -488.07139162 -20.86444665
v 123.87065125 465.92505191 85.48631914
v 83.45729065 476.95621219 69.06733772
v 115.94893646 465.92501999 95.9565031
v 89.15984344 476.9562132 61.53101062
v -475.77441406 146.9058534 -38.37028687
v -455.89605713 186.95511262 -77.19705476
v -470.61938477 146.90587421 -79.69049115
v -460.8899231 186.95509198 -37.16910966
v 455.90408325 -186.95511262 77.19905366
v 429.5854187 -225.58078735 111.98489017
v 437.71032715 -225.58078227 74.11904674
v 447.44082642 -186.95511792 116.64042804
v -260.48773193 360.18724198 -215.5786338
v -284.27288818 330.05040483 -235.2627955
v -324.72827148 186.95499698 329.17332318
v -338.12634277 225.58067262 287.66093965
v -352.18203735 186.95500095 299.61854514
v -311.76867676 225.58066881 316.03654903
v 437.71032715 225.58073183 74.11918366
v 408.45986938 262.49060781 106.47868458
v 429.5854187 225.58072674 111.98602654
v 416.18637085 262.49064317 70.47365041
v 318.51422119 -360.18722826 113.48530691
v 287.00753784 -387.58242845 102.25938199
v -327.18667603 -360.18717104 -85.29209107
v -318.51022339 -360.18713673 -113.48452632
v -20.99745178 -488.07139363 -5.96595197
v -20.86232185 -488.07139356 -6.42239574
v -154.66464233 -225.5806401 -416.12492451
v -122.7035141 -186.95496605 -445.81281504
v -117.80674744 -225.58062325 -428.02150003
v -161.09190369 -186.95496772 -433.42176321
v -128.5552063 -330.05124228 -345.88064774
v -105.36763 -297.40234317 -382.82757202
v -97.92037201 -330.05124095 -355.76825116
v -138.33274841 -297.4023446 -372.18722204
v -20.10858727 -488.07139557 8.49111551
v -20.2897625 -488.07139551 8.05068583
v -372.1835022 297.40240654 138.33467573
v -406.96939087 262.49060707 112.01606842
v -382.82388306 297.40241097 105.3706113
v -428.01791382 -225.58078814 117.81055831
v -415.18341064 -262.49066286 76.11998013
v -406.96841431 -262.4906982 112.01590633
v -436.65731812 -225.58078306 80.05782828
v 326.0055542 -360.18717044 -89.72941544
v 362.95251465 -330.05134085 -66.54184352
v 332.58493042 -360.1871743 -60.97443443
v 355.77154541 -330.05130611 -97.92136668
v 49.75946808 -484.3575522 -42.33033249
v 88.31402588 -476.9571896 -62.73317809
v 53.25987625 -484.3575528 -37.83195389
v 82.51036835 -476.9571886 -70.19143741
v -53.25587082 484.35654572 37.83495606
v -49.75646591 484.35654512 42.33233139
v -101.53489685 -476.9572031 37.74057336
v -62.98134232 -484.35756021 17.33672251
v -61.23064041 -484.35756094 22.75999922
v -104.43772888 -476.95720189 28.74682595
v -6.13297367 484.35655954 -65.03913253
v -0.73271364 476.95626654 -108.32425014
v -10.17090702 476.95626648 -107.84779447
v -0.440429 484.35655958 -65.32741682
v 166.29997253 146.90571183 447.4183699
v 129.67030334 105.73870261 471.10439872
v 170.23681641 105.73870437 458.01067968
v 126.67138672 146.90571012 460.20981234
v -132.86741638 -412.02784934 233.79333263
v 77.56755066 433.33677589 -217.69466699
v 58.29878616 433.33677669 -223.62743656
v 93.69025421 -412.0278518 252.06412974
v 61.33073807 -433.33781418 222.81365485
v 80.51642609 -433.33781334 216.62063138
v 71.36450958 -412.02785276 259.2701384
v -344.11416626 -262.490716 244.45375275
v -342.50759888 -297.40251315 200.86233415
v -364.10964966 -262.49071184 213.53067337
v 398.86547852 -186.95502504 -233.90963931
v 248.38793945 -387.58232997 -176.44679286
v 262.82098389 -387.58233297 -154.12707622
v 28.75100327 476.95617692 104.44375558
v 27.14344025 465.92501299 148.03516801
v 39.94190598 465.92501338 145.10631984
v 19.53702927 476.95617663 106.55281007
v -90.16582489 -21.30981822 -491.81550727
v -46.60139084 -63.76656734 -494.01363302
v -89.47915649 -63.76657576 -488.07186076
v -46.95874023 -21.3098155 -497.80131639
v -152.73977661 -412.02784766 221.32320977
v -147.33850098 -433.33780816 178.03709083
v -131.260849 -433.33780979 190.20092404
v -171.44699097 -412.02784576 207.16743328
v -27.17747116 360.18707618 337.03104272
v -50.86454391 387.5822828 300.40241606
v -56.44898224 360.18707667 333.38046911
v -24.48985481 387.58228236 303.6926076
v -82.50436401 -476.95720746 70.19215611
v -53.25387192 -484.35756297 37.83366623
v -49.75345993 -484.35756357 42.33004212
v -88.30801392 -476.95720646 62.73489623
v 203.49220276 -105.73871385 -444.23626609
v 235.85272217 -146.90573145 -414.98581486
v 198.78562927 -146.90571364 -433.96225464
v 241.43516541 -105.73871646 -424.81036344
v 21.82726097 488.07139451 -0.62345984
v 21.83626938 488.07139445 -0.1469962
v 402.00558472 186.95502577 228.47134603
v 365.37689209 225.58067739 252.15740083
v 380.56365967 186.95500592 262.63859645
v 385.96392822 225.58069706 219.35347739
v -244.45210266 262.49075991 -344.1177508
v -224.57373047 225.58086954 -382.94554374
v -257.09542847 225.58086671 -361.9150574
v -213.52998352 262.49076259 -364.11421008
v -88.11182404 -105.73870134 -480.6146523
v -45.88869476 -105.73870055 -486.4653601
v 158.21611023 330.05023688 333.36044553
v 138.33773804 297.4023446 372.18722204
v 170.24882507 297.40234641 358.71511557
v 128.56022644 330.0502352 345.88064774
v -433.96170044 -146.90579102 -198.7834602
v -402.0015564 -186.95502577 -228.47035421
v -420.38449097 -186.95503059 -192.5634188
v -414.98519897 -146.90577078 -235.84850715
v 417.7338562 186.95514414 -198.25584273
v 431.2260437 146.90590626 -204.65806957
v -130.84443665 465.92507339 -74.36220902
v -89.15383911 476.95622973 -61.52871952
v -123.86565399 465.92507488 -85.48403481
v -94.17772675 476.95622866 -53.5249318
v -184.65885925 451.34909882 50.82859208
v -227.30841064 433.33671053 41.67567783
v -222.81202698 433.33670788 61.3287991
v -291.66708374 -360.18723599 171.04730903
v -275.24810791 -387.58243226 130.634999
v -262.81497192 -387.58243542 154.12785708
v -305.46450806 -360.18723249 144.97594457
v -353.24407959 63.76681405 -348.48005153
v -321.52816772 63.76682564 -377.94071336
v -95.95246124 465.9250173 115.94595097
v -122.11093903 451.3490553 147.55469732
v -85.48226166 465.92501624 123.8686573
v 85.29608154 360.18728749 -327.19122459
v 123.84963226 330.05045044 -347.59409049
v 93.08366394 330.05045172 -357.06628865
v 113.48854065 360.18728633 -318.51178152
v -43.42529678 186.95522513 -460.34685243
v -3.0119338 225.58089299 -443.92784146
v -3.13805652 186.9552254 -462.37981135
v -41.69160843 225.58089273 -441.97697483
v 2.07301903 -387.58248617 304.67132422
v -21.61405373 -412.02785394 268.041653
v 1.82978225 -412.02785406 268.90551405
v -24.48885345 -387.58248603 303.69134378
v 488.61590576 105.73884265 -3.31819676
v 487.04638672 105.7388293 39.28025197
v -257.28659058 -297.40235397 -302.42834382
v -244.45210266 -262.49054537 -344.11888946
v -229.94897461 -297.40235111 -323.70205525
v -273.51342773 -262.4905484 -321.5028624
v 416.12731934 225.58080835 -154.66541545
v 406.97640991 262.4906982 -112.01490688
v 428.02493286 225.58078814 -117.80955123
v 395.66540527 262.49070291 -147.06000303
v 209.50706482 105.73871423 441.43154817
v 247.1837616 105.73871691 421.49212624
v 204.66235352 146.90571401 431.22260019
v -100.15755463 -297.4025683 384.22272521
v -123.84362793 -330.05142701 347.59409049
v -93.07765961 -330.05142828 357.06531209
v -133.26379395 -297.40256693 374.03083103
v 353.24807739 63.76661359 348.48006866
v 323.99758911 21.30985029 380.8395284
v 355.95770264 21.30986 351.15166321
v 321.53216553 63.76660582 377.94173757
v -58.29277802 433.33665556 223.6277056
v -48.31105804 451.34905023 185.33745664
v 311.53543091 -105.73873059 -376.43228282
v 343.15826416 -105.73874206 -347.84848253
v -239.10089111 -330.05125099 -281.05255548
v -195.81573486 -360.18711494 -275.65232167
v -219.09440613 -360.18711738 -257.53669119
v -213.69514465 -330.05124833 -300.82178087
v -21.76019478 488.07139466 -1.75456016
v -64.40973663 484.35655227 -10.90646588
v -65.11542511 484.35655151 -5.2499624
v -21.71715164 488.07139473 -2.22802106
v -21.52496529 488.07139492 -3.64439903
v -445.80923462 -186.95511873 122.70633817
v -454.80596924 -186.95511345 83.38407389
v 262.69085693 330.05027737 259.14322395
v 284.2769165 330.05028058 235.26300626
v 240.71244812 360.18712007 237.46215269
v -407.62405396 21.30987781 289.5707327
v -428.02789307 63.76664195 251.01524351
v -431.31112671 21.30988846 252.94109528
v -404.52200317 63.76662943 287.36559932
v 467.42529297 63.76666093 166.54207135
v 471.01077271 21.30991515 167.81928728
v -348.47640991 63.76660914 353.24471694
v -372.1625061 105.73874626 316.61709932
v -377.93710327 63.76661721 321.52883667
v -343.15222168 105.73874206 347.84848253
v -262.63479614 -186.95519915 380.56121063
v -283.03869629 -225.58086404 342.00770945
v -252.15361023 -225.58086718 365.37443839
v -294.8031311 -186.95519588 356.22252739
v -398.85852051 -186.95514893 233.90952803
v -382.94198608 -225.58081774 224.57543198
v -32.2754364 -484.35756552 56.7961137
v -37.10213852 -484.35756511 53.7671717
v 358.71740723 -297.40240225 -170.24673823
v -150.00912476 -465.92603833 -12.09791108
v -107.97116089 -476.95719686 -8.70661343
v -148.38352966 -465.92603658 -25.12658762
v 320.81149292 -330.05137428 182.32528206
v 335.48077393 -330.05137043 153.67141341
v -31.9160881 297.40234143 395.7791707
v -33.92904663 262.49053507 420.74144543
v 1.57853758 -488.07139735 21.77403875
v 1.10307443 -488.07139736 21.80306478
v -245.17480469 -63.76684045 431.40171006
v -277.53533936 -105.73895727 402.15222423
v -241.42915344 -105.73896032 424.81027399
v -281.84152222 -63.76683736 408.3903278
v -53.76536942 484.35655579 -37.10595553
v -56.79532242 484.35655514 -32.27926121
v -42.32923126 484.35655749 -49.75826833
v -15.20180702 488.07139653 -15.66809719
v -14.85647011 488.07139658 -15.99641768
v -14.50512886 488.07139662 -16.31672921
v -14.1457777 488.07139666 -16.62903084
v 462.38336182 -186.95508656 -3.1391103
v 460.34939575 -186.95508115 -43.42730787
v -469.49429321 -146.90587507 86.07770559
v -324.72827148 -186.95519225 329.1732119
v -363.55511475 -146.90593558 309.29388447
v -18.97948647 488.07139588 -10.78734956
v -18.73925209 488.07139593 -11.19874939
v -18.49101067 488.07139599 -11.60514528
v -18.23376083 488.07139604 -12.00553399
v -17.96750069 488.07139609 -12.39991836
v -461.88388062 -146.90581681 -120.40518987
v -435.56924438 -186.95503562 -155.19205167
v -447.43380737 -186.95505605 -116.63854041
v -449.63494873 -146.9057962 -160.20391745
v 1.75771201 -488.0713915 -21.76032065
v 2.23217416 -488.07139151 -21.71627615
v 260.49172974 -360.18724198 215.5786338
v 216.90127563 -387.58244346 213.97206279
v 234.72363281 -387.58244081 194.25288622
v 240.7114563 -360.18724492 237.46092675
v -21.27772522 -488.07139508 4.8705917
v -21.37882423 -488.07139502 4.40513905
v 300.82501221 330.05040194 -213.69680198
v -10.36809921 488.07139185 19.21384055
v -9.94668865 488.07139182 19.4360562
v -351.14801025 21.30985936 355.95534346
v -380.83493042 -21.31005943 323.99525582
v -351.14801025 -21.31006754 355.95533774
v -380.83493042 21.30986747 323.99526155
v 184.66387939 -451.34909882 -50.82558991
v 227.31340027 -433.33774812 -41.67367511
v 188.39050293 -451.349101 -34.53774104
v 222.81602478 -433.33774548 -61.32780347
v 376.43566895 -105.73892984 311.5320491
v 367.72915649 -146.90593491 304.32705725
v 402.1546936 -105.73891764 277.53900828
v 21.47892189 488.07139496 -3.93568263
v 64.26059723 484.35655239 -11.77931532
v 21.05450821 488.07139521 -5.79348948
v 21.17462349 488.07139514 -5.33204083
v 21.28673363 488.07139508 -4.86959082
v 21.38783264 488.07139502 -4.40413816
v 21.00345802 -488.07139523 5.96665814
v 20.86732483 -488.07139529 6.42410327
v -27.13843346 465.92511381 -148.0338984
v -14.13276577 465.92511405 -149.83664797
v -451.71496582 -21.31002563 214.3875783
v -431.31112671 -21.31003844 252.94108955
v -451.71496582 21.30990127 214.38758403
v -93.07765961 330.0502337 357.06552285
v -133.26379395 297.40234435 374.03200958
v -100.15755463 297.40234298 384.2229272
v -123.84362793 330.05023497 347.59527781
v 365.37689209 -225.58083671 252.15727918
v 325.19076538 -262.49071931 269.12379585
v 342.01013184 -225.58084085 283.04134184
v 22.76317024 484.35654258 61.2367268
v 37.74376297 476.95617731 101.54193835
v 17.33988953 484.35654234 62.98743246
v 264.50765991 412.02779393 -48.49305745
v 303.33447266 387.58238804 -28.61472356
v 299.68688965 387.58239158 -54.9423403
v 267.72775269 412.0277908 -25.25544838
v -234.72062683 387.58244081 -194.25288622
v -191.43545532 412.0278433 -188.85461347
v -216.89726257 387.58244346 -213.97206279
v -207.16677856 412.02784096 -171.4506834
v -212.75323486 -63.76658111 -448.28118219
v -170.23181152 -105.73870437 -458.01165624
v -172.87338257 -63.76657885 -465.11754636
v 122.11594391 -451.3490553 -147.55169133
v 105.69695282 -465.92599505 -107.13938694
v 95.95646667 -465.92599386 -115.94294499
v 134.51101685 -451.34905681 -136.34780378
v 15.20581055 -488.07139653 15.66809719
v 14.50813103 -488.07139662 16.31572786
v 42.33323288 -484.35756457 49.75726507
v 14.14878178 -488.07139666 16.62803139
v 14.86047459 -488.07139658 15.99541632
v 76.12214661 262.49053582 415.18803986
v 41.69661331 225.58062137 441.9760894
v 80.05997467 225.58062209 436.66090403
v 1.82878125 412.02772076 268.90675392
v -18.57409286 433.33665466 230.35326079
v -21.61505318 412.02772088 268.04292338
v 1.5725317 433.33665456 231.09598232
v 469.50131226 146.90587507 -86.07670614
v 460.34939575 186.95509282 -43.4271966
v 475.21688843 146.90585427 -44.82957239
v 454.81298828 186.95511345 -83.38307444
v -417.72787476 -186.95514414 198.25683455
v -401.05764771 -225.58081314 190.34613932
v 175.79122925 -262.49054004 -383.76244279
v 219.35566711 -225.58064416 -385.96058839
v 208.56915283 -262.49054229 -366.98012525
v 184.88308716 -225.58064179 -403.6097577
v 364.11767578 262.49071184 -213.53067337
v 401.06463623 225.58081314 -190.34412516
v 382.94900513 225.58081774 -224.57543198
v 381.34243774 262.49070747 -180.98300602
v 253.15957642 297.40255778 -305.89454186
v 269.12612915 262.49075736 -325.18830809
v -460.20526123 -146.90588052 126.6691959
v 200.92170715 433.33667026 114.18922515
v 157.63754272 451.34906051 108.78998917
v 190.20526123 433.33666797 131.26584658
v 166.51919556 451.34906241 94.63721103
v 46.45024109 476.9561778 97.86635559
v 52.4360733 465.92501393 141.07339151
v 64.5328598 465.92501461 135.96642758
v -6.42025328 -488.07139723 20.86515283
v -6.8736949 -488.07139721 20.72001314
v -303.6947937 -330.05129111 -209.59102533
v -260.48773193 -360.18712301 -215.57885266
v -278.2850647 -360.18712617 -192.05396638
v -284.2718811 -330.05128766 -235.26300626
v -89.47915649 63.76685569 -488.07184362
v -90.16582489 21.31010678 -491.81550154
v 86.07984924 146.90570887 469.49783692
v 88.11782837 105.73870134 480.61364522
v -59.39184952 484.35655446 -27.20532492
v -19.84833145 488.07139565 -9.09169952
v -19.64413452 488.07139571 -9.52311887
v -19.43292809 488.07139576 -9.94853294
v -19.21071243 488.07139582 -10.37094389
v 233.79571533 412.02773904 132.87341812
v 264.89102173 387.58233345 150.54458733
v 431.4052124 -63.76678491 245.17852613
v 411.52682495 -21.31004643 284.00734215
v 408.39379883 -63.76679747 281.84522715
v 434.71340942 -21.31003575 247.05937589
v -294.82116699 -387.58237387 -76.85488495
v 126.13285828 -21.30982119 -483.84175266
v 166.54521179 -63.76657854 -467.42379018
v 125.17292786 -63.76657683 -480.15920234
v 167.82145691 -21.30982483 -471.00724992
v -112.01410675 -262.49053692 -406.97301328
v -80.05497742 -225.58062209 -436.66090403
v -498.38943481 -21.30995137 -40.19411617
v -489.23651123 -63.76668743 -82.8436184
v -494.59576416 -63.76670083 -39.8878284
v -492.98919678 -21.30993793 -83.47822571
v 65.12142944 484.3565501 5.25225596
v 106.81003571 476.95621904 18.08674292
v 107.9801712 476.9562203 8.7096175
v 64.41574097 484.35654934 10.90875897
v 214.38983154 21.30982933 451.71852378
v 172.87838745 63.76657885 465.1165698
v 174.20367432 21.30982514 468.68403833
v 212.75723267 63.76658111 448.28118219
v -363.55511475 146.90576091 309.29398498
v -376.95513916 186.95500523 267.78260873
v -389.1289978 146.90576533 276.43101003
v 268.90991211 412.02778766 -1.82565237
v 304.67477417 387.58238447 -2.06889636
v -411.74105835 -146.90592646 241.46388496
v -441.427948 -105.73890087 209.5048004
v -431.21902466 -146.90590626 204.65907665
v -421.48754883 -105.73890593 247.18047355
v -408.39077759 63.76679747 -281.84522715
v -376.43164062 105.73892984 -311.5320491
v -382.27236938 63.76680973 -316.36680189
v -402.15170288 105.73891764 -277.53900828
v -212.75323486 63.76685035 -448.28116505
v 253.31672668 -412.02779954 90.25568649
v 217.69703674 -433.33776414 77.56434647
v 244.48614502 -412.02783297 111.98983949
v 415.19042969 262.49066286 -76.11898068
v 441.97949219 225.58076265 -41.69449494
v 436.66433716 225.58078306 -80.05582175
v 420.24533081 262.49065796 -39.64349517
v 94.18173218 -476.95720522 53.5249318
v 123.86864471 -465.92605145 85.48403481
v 89.15783691 -476.9572063 61.52971897
v 130.84745789 -465.92604995 74.36320847
v -21.62406158 488.07139402 2.99806371
v -21.68412209 488.07139409 2.52560393
v 123.26005554 105.7389744 -472.82299817
v 160.20704651 146.90598495 -449.6354324
v 163.9997406 105.73897271 -460.28179987
v 120.40927887 146.9059866 -461.88836167
v 428.02493286 -225.58072596 -117.80968814
v 415.19042969 -262.49064241 -76.11914277
v 406.97540283 -262.49060707 -112.01606842
v 436.66433716 -225.58073103 -80.05595866
v -98.48492432 476.95622753 -45.11275023
v -282.66531372 297.40252362 -278.85322198
v -305.89395142 297.40252017 -253.15621663
v 7.60941172 488.07139168 20.46706202
v 7.16097498 488.07139166 20.62821772
v -1.5725317 488.07139735 -21.77603956
v -2.04799485 488.07139735 -21.7360005
v 77.20220184 186.95522453 -455.90050249
v 120.40927887 146.9059866 -461.88836167
v 79.69562531 146.90598777 -470.623835
v 116.64261627 186.9552234 -447.43828354
v -21.43688011 -488.07139387 -4.1131488
v -21.34178734 -488.07139381 -4.57960281
v 40.19715118 -21.30981542 -498.39393722
v 83.48231506 21.31010694 -492.99366312
v 83.48231506 -21.30981806 -492.99366885
v 40.19715118 21.31010957 -498.39393149
v 304.67373657 -387.58238392 -2.06912973
v 268.04507446 -412.02779032 21.6179096
v 268.90890503 -412.02778717 -1.82590042
v 303.6947937 -387.58238749 24.49271251
v 141.77209473 -465.92604675 50.51300864
v 136.83027649 -465.92604838 62.67584239
v 180.42173767 -451.34911428 64.28240023
v 101.54190826 -476.95719296 -37.73986229
v 104.44473267 -476.95719417 -28.74611298
v -186.66381836 330.05044651 -318.3015805
v -170.24481201 297.40256487 -358.7139065
v -200.8616333 297.4025627 -342.51215535
v -158.21110535 330.05044853 -333.36023477
v -27.20349693 484.35654282 59.39593325
v -10.78550529 488.07139188 18.9826165
v -32.27743912 484.35654317 56.79840679
v -9.08985424 488.07139176 19.85146146
v -9.52127361 488.07139179 19.64826399
v -492.98919678 21.30998706 -83.47821999
v -483.83728027 -21.30992648 -126.12771461
v -483.83728027 21.31000042 -126.12770888
v -19.91839981 -488.07139563 8.92854015
v -20.22269821 -488.07139332 -8.21614024
v -20.03851891 -488.07139326 -8.65556855
v -0.44142997 -484.35754911 -65.32470884
v 8.71048355 -476.957153 -107.97519619
v 5.25411797 -484.35754914 -65.11449614
v -0.73271364 -476.95715296 -108.32253199
v 3.1430614 186.95496382 462.37992262
v -35.68375778 225.5806213 442.50157156
v -37.167202 186.95496402 460.89447956
v 3.01793957 225.58062111 443.92900071
v -85.29007721 360.1870775 327.19043637
v -76.8528595 387.58228355 294.82596972
v 21.74017525 488.0713947 -2.04984776
v 21.69012642 488.07139477 -2.52330842
v 90.17182922 21.30981822 491.81352363
v 46.60539627 63.76656734 494.01265645
v 46.96474457 21.3098155 497.80131639
v 89.48516083 63.76657576 488.0708842
v -289.56802368 -21.30984288 -407.62858998
v -289.56802368 21.31008212 -407.62858426
v 105.69795227 465.92510831 -107.14110805
v 114.63465881 465.92510702 -97.52073942
v 76.08110809 476.95623183 -77.1168919
v 37.29432297 -297.40256979 395.30854026
v 2.86979508 -262.49077038 422.09763705
v 2.69962955 -297.40257002 397.0542067
v 39.64661789 -262.49077013 420.24180215
v -287.00354004 -387.58233994 -102.25960821
v -244.48213196 -412.02774185 -111.98908046
v -253.3117218 -412.02777528 -90.25493508
v -20.62108612 -488.07139539 7.15781735
v -20.77223206 -488.07139533 6.70637798
v 117.80374146 -360.18728611 316.94024837
v 97.92537689 -330.05142811 355.76904748
v 89.73239899 -360.18728733 326.00110012
v 128.55921936 -330.05142678 345.88043698
v 470.62741089 -146.90587421 79.69249005
v 461.89089966 -146.90587968 120.40610407
v 356.22497559 186.9550016 294.80686928
v 316.03982544 225.58066938 311.77238902
v 329.17562866 186.95499758 324.73200863
v 342.01013184 225.58067324 283.04146349
v -16.19277191 -488.07139246 -14.63838886
v -15.86945629 -488.07139241 -14.98872969
v 135.96844482 465.92507207 -64.5286446
v 97.86832428 476.95622771 -46.44604791
v 244.45611572 -262.49075991 344.1177508
v 200.86564636 -297.4025627 342.51114827
v 229.95297241 -297.40256017 323.70084618
v 213.5349884 -262.49076259 364.113203
v -45.87568283 -484.35756413 46.50610551
v -15.664258 -488.07139647 15.20364637
v -15.32893085 -488.07139652 15.54197472
v -16.62519264 -488.07139633 14.14661763
v 471.01077271 -21.31001175 167.81928155
v 454.59277344 21.30990209 208.23160889
v 454.59277344 -21.31002481 208.23160317
v 54.94551849 387.58228289 299.68470368
v 25.25860405 412.02772092 267.72462505
v 28.61787415 387.5822824 303.33222553
v 48.49623489 412.02772135 264.50547843
v -50.8235054 451.34916097 -184.66254595
v -34.53664017 451.34916147 -188.39016118
v -39.93690109 465.92511341 -145.10503497
v 300.49768066 262.49055177 296.44149241
v 257.29058838 -297.40255731 302.42814183
v 273.51739502 -262.49075687 321.50273083
v -13.54719543 488.07139213 17.12080588
v -13.17082882 488.07139209 17.41209043
v -384.21923828 297.40249962 -100.15936518
v 156.14509583 451.34915107 -110.91978114
v 199.35316467 433.33676235 -116.90661502
v 188.40551758 433.33676462 -133.83608832
v 165.21893311 451.34914918 -96.88813489
v 283.04571533 225.58086404 -342.00670237
v 316.94470215 -360.18713615 -117.79971935
v 345.88290405 -330.051302 -128.55619229
v 21.44488716 488.07139387 4.11515056
v 21.52997017 488.07139394 3.6456939
v 133.83836365 -433.33780955 188.40017337
v 136.0375061 -412.02784909 231.96655047
v 116.90887451 -433.33781102 199.34782009
v 155.73669434 -412.02784738 219.22717102
v 63.21957397 484.35654859 16.4801804
v 20.57003593 488.07139344 7.32927799
v 61.54294205 484.35654786 21.92747827
v 21.1305809 488.07139369 5.50850684
v 21.00445938 488.07139362 5.96795373
v 20.8703289 488.07139356 6.42539886
v 20.7251873 488.0713935 6.87783863
v 69.0692749 476.95623268 -83.45405751
v 45.88269043 484.35655705 -46.50610551
v 41.6555748 484.35655757 -50.32882495
v -39.64160919 262.49077013 -420.24180215
v -2.69362354 297.40257002 -397.0542067
v -2.8647902 262.49077038 -422.09763705
v -37.29032135 297.40256979 -395.30951682
v -259.26855469 412.02777782 71.36356305
v -299.67990112 387.58237681 54.94457687
v -293.75109863 387.58237333 80.85477801
v -264.50161743 412.02778089 48.49430877
v 148.03718567 465.92506704 -27.13926447
v 188.39349365 451.34911029 -34.53846662
v -191.52053833 -451.34910582 1.30213117
v -190.90493774 -451.34910358 -15.39611534
v 38.58658218 433.33677726 -227.8565624
v 67.83707428 412.02785289 -260.21606122
v 44.89873123 412.02785355 -265.1378445
v 58.29878616 433.33677669 -223.62743656
v -415.18341064 262.49064241 76.12014222
v -395.30404663 297.40245063 37.29237038
v -420.23834229 262.49064731 39.64464908
v -390.55041504 297.40244602 71.6037515
v -113.48153687 360.18707867 318.51200038
v -126.88157654 387.58231646 277.00062243
v -140.81015015 360.18708016 307.40921756
v -102.25659943 387.5822846 287.00535231
v 367.72915649 146.90576158 304.32715776
v 392.85464478 146.90576604 271.11982247
v 282.66931152 297.40238766 278.85342397
v 445.81622314 -186.95505524 -122.70544237
v 469.50131226 -146.90582142 -86.07579194
v 454.81298828 -186.95506052 -83.38318572
v 460.21325684 -146.90581597 -126.6682817
v -21.12457657 488.07139517 -5.50621037
v -21.00045586 488.07139523 -5.96665814
v -145.87808228 451.34905845 124.10688318
v -156.13908386 451.34906022 110.92105447
v 361.91851807 -225.58067673 -257.09621291
v 382.94900513 -225.58069636 -224.57555363
v 239.76052856 262.49076035 -347.4059587
v 225.53567505 297.40256058 -326.79484021
v 458.01409912 -105.73878882 -170.23365096
v 471.10787964 -105.7388019 -129.66817688
v 467.42529297 -63.76676671 166.5420237
v 483.84527588 -21.31000042 126.12972304
v 407.63104248 21.31004909 -289.56975041
v 428.03491211 63.76678569 -251.01519585
v 431.31811523 21.31003844 -252.94011299
v 404.52902222 63.76679821 -287.36558218
v -157.63253784 451.34915078 -108.78870822
v -178.03640747 433.33676644 -147.34222189
v -190.20126343 433.33676428 -131.26458572
v -147.55171204 451.34915257 -122.11267474
v -252.93936157 21.31008911 -431.31464912
v -252.93936157 -21.30983588 -431.31465485
v 207.17077637 412.02773386 171.45094671
v 221.32658386 412.02773637 152.74374825
v 178.04141235 433.33666581 147.343498
v -278.84960938 -297.40255465 282.66691204
v -321.50015259 -262.4907199 273.51506157
v -296.43771362 -262.49075405 300.49528526
v 395.78149414 -297.40245993 31.91996665
v 416.18637085 -262.49066211 70.47348832
v 391.49331665 -297.40246455 66.29241535
v 420.74481201 -262.4906572 33.93293934
v 98.4879303 -476.95720409 45.11374968
v -153.66767883 330.0502366 335.47751089
v -250.75723267 -387.58233043 -173.05748023
v -234.71963501 -387.58232758 -194.25311244
v 37.83685303 484.35654365 53.25996621
v 54.80237961 476.95620891 93.44506058
v 62.7381134 476.9562096 88.31407168
v 33.05119324 484.35654323 56.35497495
v 173.032547 -451.34909461 -82.12003006
v 141.07441711 -465.92603292 -52.43215538
v 135.96743774 -465.92603129 -64.52792294
v 179.53187561 -451.34909668 -66.72605628
v -481.76223755 -105.73881599 -81.57739636
v -480.1546936 -63.76667412 -125.16779756
v -472.81851196 -105.73880276 -123.25495384
v -117.79873657 -360.18707888 -316.94046723
v -80.85175323 -387.58228369 -293.75391775
v -106.14538574 -387.58228479 -285.58900104
v -89.72639465 -360.18707766 -326.00229554
v 352.1890564 -186.95500095 -299.61756857
v 376.9621582 -186.95500523 -267.78260873
v 363.56210327 -146.90576091 -309.2929779
v -171.44798279 412.02772906 207.16868841
v -152.73977661 412.02772716 221.32448016
v -147.33950806 433.33666169 178.03935877
v -11.19690609 488.07139191 18.74338349
v -230.0750885 433.33671321 21.7062495
v -231.09208679 433.33671591 1.57065844
v 13.41106319 488.07139211 17.23191466
v 13.03269482 488.07139207 17.52119459
v -36.35440826 -476.95724226 102.04214586
v -27.20249557 -484.35756586 59.39264071
v -21.92235374 -484.35756615 61.53772884
v -45.10993576 -476.95724178 98.48468139
v -195.81573486 360.18725005 -275.65210282
v -154.12611389 387.58245002 -262.81857296
v -171.04560852 360.18728272 -291.66968039
v -176.44586182 387.58244808 -248.38555954
v -13.91755581 488.07139217 16.82151428
v -45.8766861 484.35654456 46.5083986
v -41.64956665 484.35654404 50.33011478
v -14.28091049 488.07139221 16.51421372
v -14.63725758 488.07139225 16.19890802
v -14.98859882 488.07139229 15.87559337
v -15.33093262 488.07139234 15.54427071
v 147.34552002 -433.33769928 -178.03635279
v 162.30108643 -433.3377011 -164.51720347
v -65.32263184 -484.35755794 0.44328558
v -21.82625961 -488.07139438 -0.32746542
v -21.82726097 -488.07139445 0.14899814
v -21.79022408 -488.07139425 -1.27939161
v -65.11241913 -484.35755718 -5.25125461
v -21.75819397 -488.07139419 -1.75385327
v -21.81324768 -488.07139432 -0.80392896
v -97.92037201 330.05045154 -355.76904748
v -60.97238922 360.18728822 -332.58145267
v -66.54081726 330.05045251 -362.95001647
v -89.7273941 360.18728733 -326.00207668
v 408.45986938 -262.49069746 106.47852249
v 418.19030762 -225.58080759 148.99990356
v 397.62527466 -262.49070219 141.67175859
v -441.97351074 -225.58076265 41.69449494
v -420.23730469 -262.49065796 39.64449463
v -41.69160843 -225.58062137 -441.97709648
v 323.70529175 297.40251705 -229.94964394
v -12.09578133 -465.92609063 150.01281068
v -15.39299297 -451.34916181 190.90860897
v 17.99152374 451.34904951 190.68366312
v 21.70814323 433.33665469 230.07999114
v 1.30326939 451.34904939 191.52648231
v 148.39054871 -465.92604334 25.12730737
v 104.82510376 -476.9572017 27.3254431
v 106.80802917 -476.95720046 18.08545318
v 145.63485718 -465.92604506 37.96479892
v -233.79072571 -412.02773904 -132.87141922
v -200.91569519 -433.33770786 -114.18722625
v 250.76223755 -387.58243796 173.05725401
v 278.29006958 -360.18723882 192.05576168
v -204.65733337 146.90598248 -431.22249968
v -209.50306702 105.73896255 -441.43145872
v -166.29397583 146.90598465 -447.41927647
v 242.94363403 412.02783342 -115.29905111
v 252.06852722 412.02783052 -93.68702945
v 496.19830322 63.76671427 -3.36925878
v 498.39645386 21.30995137 40.19511562
v 500.0039978 21.30996295 -3.39529693
v 494.60375977 63.76670083 39.88983112
v -2.521456 488.07139734 -21.68595167
v 6.13797855 -484.35756662 65.03913253
v 0.73871952 -476.9572431 108.32325069
v 0.44643483 -484.35756666 65.32541029
v 10.17691231 -476.95724304 107.84678739
v -428.01791382 225.58072596 117.81069522
v -436.65731812 225.58073103 80.05796519
v -18.23075676 -488.07139281 -12.0038255
v -17.96449661 -488.07139276 -12.40021164
v 194.25721741 387.58244625 -234.72126863
v 188.85694885 412.02784365 -191.43612583
v 171.45399475 412.02784576 -207.1684251
v -215.57496643 -360.18724801 260.48932257
v -235.25914001 -330.0514185 284.27347498
v -471.00775146 21.31001175 -167.81928155
v -454.58779907 -21.30990209 -208.23160889
v -471.00775146 -21.30991515 -167.81928728
v -454.58779907 21.31002481 -208.23160317
v 488.07339478 63.7667411 -89.48204403
v 486.46783447 105.738856 -45.89061685
v 494.01620483 63.76672771 -46.60232291
v 480.61712646 105.7388693 -88.11469835
v -347.40539551 262.49071537 -239.75720445
v -325.18774414 262.49071931 -269.12379585
v -326.79431152 297.40251646 -225.53234673
v -287.36489868 -63.76659462 -404.52657553
v -321.52816772 -63.76660582 -377.94073049
v 20.29576874 -488.07139335 -8.04997871
v 20.1145916 -488.07139329 -8.49040743
v -16.92949104 -488.07139628 13.78026175
v -449.63494873 146.90590029 -160.20381694
v -420.38449097 186.95514337 -192.56330752
v -433.96170044 146.90590547 -198.78335969
v -435.56924438 186.95513835 -155.19194039
v -165.35507202 -297.40256518 360.99311175
v -153.66767883 -330.05142538 335.47730013
v -196.18908691 -297.40256306 345.20679637
v -398.85852051 186.95502504 233.90963931
v -411.74105835 146.90577002 241.46398547
v 28.75000191 -476.95724258 104.44247537
v 27.14243889 -465.92609037 148.03289132
v 19.53702927 -476.95724286 106.54952333
v 39.94090652 -465.92608997 145.10404315
v -269.12011719 -262.49075736 325.18830809
v -253.15257263 -297.40255778 305.89454186
v 204.66134644 -146.90598248 431.2214926
v 198.2591095 -186.95520415 417.73137538
v 241.46618652 -146.9059646 411.74355748
v 219.09941101 360.18711738 257.53669119
v 239.10490417 330.05024391 281.05255548
v -3.13805652 -186.95496382 -462.37992262
v 35.69076538 -225.5806213 -442.50260916
v -3.0119338 -225.58062111 -443.92796311
v 37.17321014 -186.95496402 -460.89447956
v 87.1608963 -465.92608696 122.69423862
v 96.89137268 -451.34915836 165.21460961
v 110.92203522 -451.34915714 156.14078789
v -18.33085442 488.07139283 11.85668214
v -18.58510208 488.07139289 11.45429168
v -3.39330506 21.31010979 -500.00049882
v -3.39330506 -21.30981521 -500.00050455
v 39.28126144 -105.73870047 -487.04290525
v 82.8476944 -63.76657561 -489.24202673
v 81.58045959 -105.73870118 -481.7657753
v 39.89185333 -63.76656726 -494.60021136
v -37.73775864 -476.95715387 -101.53893237
v -22.75716591 -484.35754966 -61.23272137
v -44.82766342 146.90598839 -475.21431946
v -3.31623006 105.73897652 -488.61334187
v -45.88869476 105.73897623 -486.46527066
v -3.23915505 146.90598867 -477.31334893
v 126.8875885 387.58245193 -277.00039621
v 150.54663086 387.5824503 -264.88760365
v 11.85855007 488.07139196 18.33498583
v 12.25593758 488.071392 18.07273113
v 64.28561401 -451.34905089 -180.41867935
v 79.76569366 -451.34905173 -174.1285642
v -93.68524933 -412.02772303 -252.06439305
v -71.3595047 -412.02772206 -259.27037119
v 215.58097839 360.18724801 -260.48834601
v -17.69223213 488.07139615 -12.78929689
v -17.40895653 488.0713962 -13.17266919
v -17.11767197 488.07139625 -13.54903579
v 64.28561401 451.3491604 -180.41939729
v 96.2457428 433.33677487 -210.10628835
v 79.76670074 451.34915956 -174.13028923
v 56.45499039 -360.18707667 -333.37946203
v 76.85886383 -387.58228355 -294.82496264
v 50.87054825 -387.5822828 -300.40137846
v 85.29608154 -360.1870775 -327.19043637
v 45.89369965 -105.73897623 486.46426358
v 3.24415994 -146.90598867 477.31237237
v 44.8326683 -146.90598839 475.21331238
v 3.32223582 -105.73897652 488.61236531
v -320.80749512 -330.05129477 -182.32549282
v -335.47677612 -330.05129862 -153.67061709
v 287.36889648 -63.76683684 404.52558183
v 247.1837616 -105.73895987 421.4920368
v 282.9786377 -105.73895676 398.34451562
v 251.01849365 -63.76684 428.0314404
v 291.67410278 360.18723599 -171.04631721
v 318.30505371 330.0503983 -186.66450005
v -200.8616333 -297.40234859 -342.51235734
v -158.21110535 -330.05124396 -333.36044553
v -186.66381836 -330.05124598 -318.30179126
v -170.24481201 -297.40234641 -358.71511557
v 209.59414673 330.05044455 -303.69635639
v 235.26515198 330.05044194 -284.27347498
v 192.05807495 360.1872504 -278.28665473
v 482.08755493 -21.3099256 -132.68910049
v 491.81704712 21.30998987 -90.16772629
v 5.25411797 484.35655955 -65.11720412
v 8.71148491 476.95626649 -107.97592252
v -15.39399433 451.34904948 190.91088174
v -25.12347031 465.92501294 148.38952285
v -31.97414398 451.34904975 188.84287339
v -12.09578133 465.92501272 150.01508737
v 433.42416382 186.95513915 -161.09367359
v 48.31705856 451.34916106 -185.33619095
v -145.62983704 -465.92603486 -37.963074
v -108.78495789 -451.34915734 157.63323474
v 190.91294861 451.34910358 15.3981171
v 227.86094666 433.33671094 38.58467452
v 230.35636902 433.33671363 18.57820547
v 188.84494019 451.34910135 31.97825092
v -10.78450394 -488.07139698 18.9803186
v -11.19590473 -488.07139694 18.7410875
v -311.76867676 -225.58084529 316.03642738
v 106.55478668 476.95622409 -19.53486262
v 149.83894348 465.9250653 -14.13461194
v 107.85205078 476.95622283 -10.17275471
v -19.5110054 -488.07139574 9.7883767
v -18.97748566 -488.07139298 -10.78664148
v -18.73725128 -488.07139292 -11.19804226
v -281.04876709 330.05028006 239.10274307
v -498.38943481 21.30997362 -40.19410282
v 65.04335785 484.35655163 -6.13482336
v -443.92437744 225.58075664 3.01700322
v -462.37637329 186.95508656 3.14111231
v -442.49902344 225.58076184 -35.68564886
v -213.96841431 -387.58244385 216.89892732
v -204.8164978 -412.02784134 174.2484128
v -188.85095215 -412.02784365 191.43612583
v -3.93383169 -488.07139154 -21.47303962
v -3.46437454 -488.07139153 -21.55311774
v -110.91703796 -451.34905415 -156.14106177
v -76.13015747 -465.925992 -129.82244585
v -87.15589142 -465.92599296 -122.69251751
v -96.8863678 -451.34905293 -165.2138764
v 145.63685608 465.9250583 37.96507671
v 148.39154053 465.92506002 25.12758898
v 104.82810974 476.9562178 27.32673284
v -37.83184814 484.35655796 -53.25767312
v -54.79737473 476.95623402 -93.44378037
v -62.73310089 476.95623333 -88.3117844
v -33.04618835 484.35655838 -56.35268186
v 77.12011719 476.95621125 76.07815596
v 97.5249939 465.92501748 114.63266518
v 107.14335632 465.92501868 105.69598183
v 70.19737244 476.95621038 82.51041435
v 93.08366394 -330.05124078 -357.06649941
v 61.60900879 -330.05123987 -363.81909317
v -190.19926453 -433.33770557 -131.26485476
v -207.16677856 -412.02773386 -171.44995489
v -178.03541565 -433.33770341 -147.3414991
v -221.3205719 -412.02773637 -152.74174935
v -37.96097565 465.92501331 145.6348385
v -36.35541153 476.95617724 102.04442552
v -50.5102005 465.92501383 141.77207618
v -27.32261276 476.95617687 104.82512611
v -300.49368286 262.4907535 -296.44136084
v -213.69613647 330.05044416 -300.82157011
v -2.29423475 360.18728896 -338.11785995
v -2.50343847 330.05045332 -368.99090982
v 281.84854126 -63.7665941 -408.39135201
v 318.79550171 -21.30984971 -385.20479314
v 316.36914062 -63.76660524 -382.2729447
v 284.00964355 -21.30984236 -411.52339576
v -48.49123001 412.02785347 -264.50423857
v -28.61286926 387.58248598 -303.33102275
v -54.94051361 387.58248549 -299.68347038
v -25.25359726 412.0278539 -267.72439226
v -475.20986938 146.90584222 44.8306609
v -488.60891724 105.73884176 3.31926134
v -486.46084595 105.73882841 45.89168286
v -477.30892944 146.90584781 3.24319966
v 382.27532959 -63.76680973 316.36680189
v 356.22497559 -186.95517237 294.806758
v 339.80599976 -146.90595432 335.219085
v 329.17562866 -186.95517639 324.73189736
v 347.85180664 105.73874269 343.15591677
v 309.29626465 146.90573836 363.55875363
v 316.61938477 105.73873117 372.16714624
v 339.80599976 146.90574217 335.21918551
v -309.29324341 -146.90573836 -363.55979123
v -267.78182983 -186.95499056 -376.95780641
v -299.61682129 -186.95499389 -352.18470545
v -276.43023682 -146.90573492 -389.13266633
v 185.33952332 451.34909915 48.31514535
v 217.69804382 433.3367057 77.5655997
v 223.63082886 433.33670829 58.29585167
v 180.42375183 451.34909701 64.28368118
v -342.00610352 -225.58067324 -283.04146349
v -329.17163086 -186.95499758 -324.73200863
v -316.03482056 -225.58066938 -311.77238902
v -356.22097778 -186.9550016 -294.80686928
v -174.24671936 412.02784545 -204.82015858
v -197.42329407 387.58244589 -232.06167704
v -155.73268127 412.02784738 -219.22816284
v 12.64731884 488.07139204 17.80046666
v -208.56314087 -262.49076298 366.98100075
v -239.75352478 -262.49076035 347.4059587
v -219.34965515 -225.58086994 385.9614433
v -19.71920776 -488.07139568 9.36096182
v -20.91337013 -488.07139527 6.25193597
v -21.04449844 -488.07139521 5.79348948
v -20.45992851 -488.07139545 7.60625359
v -66.53981018 -330.05123999 -362.95022723
v -60.97238922 -360.18707678 -332.58167153
v -59.3898468 -484.35755423 -27.20461394
v -19.64213181 -488.07139315 -9.52141039
v -19.84533119 -488.07139321 -9.09099144
v -19.20770836 -488.07139303 -10.37023582
v -56.79231644 -484.35755355 -32.27754887
v -19.42992401 -488.07139309 -9.94782486
v 20.4048748 488.07139338 7.77571247
v -382.82388306 -297.40250032 105.37043983
v -390.55041504 -297.40246526 71.60358003
v -126.66737366 146.90598637 -460.2107189
v 15.67026329 -488.07139238 -15.20293829
v 15.99758244 -488.07139243 -14.85660098
v -162.29507446 -433.33780634 164.51794152
v 20.04452324 -488.07139559 8.65727704
v 61.5399437 -484.35756083 21.92518709
v 20.40287399 -488.07139547 7.77441688
v 20.56803322 -488.07139541 7.32698152
v 20.22870255 -488.07139553 8.21784872
v 141.77409363 465.92505661 50.51428588
v 98.4899292 476.95621541 45.11403806
v 136.83229065 465.92505498 62.67711963
v 102.0473938 476.95621658 36.35952176
v 38.3743782 -146.90570802 -475.77997171
v 230.08210754 433.33671904 -21.70398728
v 191.52854919 451.34910582 -1.30012928
v 231.09809875 433.33671634 -1.56939651
v 190.68673706 451.34910806 -17.9873655
v -133.83334351 -433.33769789 -188.4004424
v -117.79873657 360.18728611 -316.94125545
v -144.97421265 360.18728457 -305.46811132
v -441.97351074 225.58075145 41.69463185
v -422.09414673 262.49065225 2.86786926
v 355.95770264 -21.3100669 351.15165748
v 323.99758911 -21.31007661 380.83952268
v 3.17809558 488.07139733 -21.60086867
v 2.70563555 488.07139734 -21.66493078
v 14.13777065 -465.92609061 149.83464907
v 1.02499843 -465.9260907 150.4962854
v 460.28433228 -105.73889476 163.99753877
v 449.63894653 -146.90590029 160.20482402
v 154.13113403 -387.58245002 262.8175964
v 144.97822571 -360.18728457 305.46811132
v 130.63725281 -387.58245169 275.25170852
v 171.04960632 -360.18728272 291.66968039
v 77.11911774 -476.95720825 76.07687576
v 70.19537354 -476.95720912 82.50813469
v 42.33423615 484.35654412 49.75955816
v -385.20422363 21.31005683 -318.7931686
v -385.20422363 -21.30987007 -318.79317432
v -398.34100342 105.73875841 282.9763534
v -52.43106842 465.92511287 -141.0721219
v -66.7259903 451.34916028 -179.53052708
v 338.12033081 360.1871828 -2.2951247
v 303.6947937 387.5823809 24.49294636
v 337.03430176 360.18717884 27.18155457
v -395.65737915 -262.49070291 147.06000303
v -381.33444214 -262.49070747 180.98502018
v -416.12130737 -225.58080835 154.66642253
v -46.60039139 63.76686412 -494.01263932
v -3.36727977 63.76686441 -496.19476815
v -227.85194397 -433.33774854 -38.5826718
v -123.86364746 -465.92602847 -85.4843126
v -83.45028687 -476.95718875 -69.06433937
v -89.15283966 -476.95718976 -61.52800845
v -115.94192505 -465.92599655 -95.95349712
v -13.9165554 -488.07139669 16.81921638
v -14.27890778 -488.07139665 16.51091828
v -38.58057785 -433.33781485 227.85555532
v -58.29277802 -433.33781429 223.62543766
v 122.69750977 465.92507511 -87.15865634
v 93.44702148 476.95622883 -54.79917034
v 129.82745361 465.92507363 -76.1329304
v 12.00969696 488.07139688 -18.23559435
v 11.60930824 488.07139691 -18.49284418
v 212.75723267 -63.76685035 448.28116505
v 170.23681641 -105.73897241 458.01059023
v 209.50706482 -105.73896255 441.43145872
v 172.87838745 -63.76685261 465.11655266
v 223.6288147 -433.33776155 58.29559026
v 185.33752441 -451.34911214 48.31386822
v 18.236763 -488.07139604 12.00553399
v 53.76937103 -484.35756287 37.10595553
v 18.49401283 -488.07139599 11.60514528
v -468.68048096 -21.31001451 174.20148348
v -468.68048096 21.30991239 174.20148921
v -88.11282349 105.73897545 -480.61355577
v 122.11694336 451.34915599 -147.5524398
v 147.34651184 433.33677056 -178.03808266
v -15.20080566 -488.07139232 -15.66638966
v -14.8554697 -488.07139228 -15.99470824
v -465.11300659 63.76666008 172.87523153
v -482.07955933 21.3099256 132.69010757
v -478.41098022 63.76667324 131.68013407
v 208.56915283 262.49076298 -366.98100075
v 252.15960693 225.58086718 -365.37343131
v 219.35566711 225.58086994 -385.96046673
v 8.05384445 488.0713917 20.29589465
v -227.85394287 433.33672131 -38.5824104
v -185.33251953 451.34911214 -48.31286876
v -223.62380981 433.33672396 -58.29358755
v -188.83894348 451.34910994 -31.97597815
v -190.90596008 451.34910771 -15.39584337
v -148.38653564 465.92506677 -25.12530466
v -150.01211548 465.92506502 -12.09763138
v -37.10413742 484.35654358 53.76845771
v -11.603302 488.07139194 18.49414072
v -12.00369167 488.07139198 18.2368909
v -12.39807606 488.07139201 17.97063076
v -480.61013794 -105.7388693 88.11570543
v -486.46084595 -105.738856 45.8916163
v 147.06323242 262.49053844 395.66103247
v 117.81275177 225.58062325 428.02150003
v 154.66864014 225.5806401 416.12492451
v 112.01911163 262.49053692 406.97301328
v 374.03433228 -297.40250406 133.26757938
v 384.22625732 -297.40249962 100.16137171
v -347.84683228 105.73893409 -343.15582732
v -213.52998352 -262.49054268 -364.11434165
v -275.24810791 387.58233612 130.63621704
v -316.93768311 360.18713615 117.80172588
v -305.46450806 360.1871325 144.97616343
v -285.5871582 387.58233941 106.14939384
v 190.6847229 -451.34910323 -17.98763556
v 230.08110046 -433.33775081 -21.70424869
v -198.25511169 186.95520415 -417.73137538
v -161.09190369 186.95522151 -433.42165194
v -113.48153687 -360.18728633 318.51178152
v -85.29007721 -360.18728749 327.19021751
v 262.82199097 387.58243542 -154.12685
v 131.68225098 -63.76685439 478.4144648
v 88.11782837 -105.73897545 480.61355577
v 129.67030334 -105.73897417 471.10430927
v 89.48516083 -63.76685569 488.07086706
v -361.9125061 225.58067673 257.09718948
v -382.94198608 225.58069636 224.57555363
v 481.76925659 105.73881599 81.57940289
v 154.66864014 -225.58087399 416.12480286
v 190.34840393 -225.58087197 401.06117423
v 161.09692383 -186.95522151 433.42064486
v 15.87746429 488.07139241 14.99173281
v 15.54514217 488.07139237 15.335067
v -107.97316742 476.95622264 -8.70732831
v -106.80403137 476.9562239 -18.08445182
v 111.99208069 -412.02772404 -244.48300292
v 114.19122314 -433.33769621 -200.91863045
v 96.24474335 -433.33769498 -210.10556556
v 132.87442017 -412.02772548 -233.79260412
v -299.61682129 186.95519534 -352.18459417
v -276.43023682 146.90596156 -389.13256582
v -309.29324341 146.90595813 -363.55969072
v -267.78182983 186.95519867 -376.95769513
v 2.05400062 -488.07139735 21.73499914
v -160.20103455 146.90571154 449.63553291
v -155.19015503 186.95496743 435.56882735
v -391.48632812 -297.40244673 -66.29058029
v 147.55473328 -451.34915257 122.11267474
v 164.52024841 -433.33780605 162.29876435
v 136.34980774 -451.34915423 134.50773199
v 178.04040527 -433.33780404 147.34222189
v -355.76452637 330.05029903 97.92337321
v -362.94552612 330.05033377 66.54384242
v 191.52755737 -451.34910547 -1.30040101
v 230.35437012 -433.33775622 18.57794407
v 190.91094971 -451.34910771 15.39684473
v 231.09710693 -433.33775351 -1.56865668
v 451.13241577 63.76665554 206.64709622
v 219.23052979 412.02783885 -155.73338352
v 231.96995544 412.02783621 -136.03422648
v -467.42227173 -63.76666093 -166.54106427
v -444.23669434 -105.73878435 -203.48902091
v -460.28033447 -105.73878965 -163.9975977
v -451.12942505 -63.76665554 -206.64607388
v -318.78848267 -21.3100772 385.2057945
v -316.36212158 -63.76682622 382.271951
v -284.00363159 -21.31008264 411.52339003
v -353.24407959 -63.76661359 -348.48006866
v 327.19268799 -360.18719396 85.29287929
v 347.59759521 -330.05136643 123.84740167
v 357.06777954 -330.05136229 93.08146492
v -392.84963989 146.90593045 -271.11972196
v -356.22097778 186.95517237 -294.806758
v -367.72619629 146.90593491 -304.32705725
v -380.55966187 186.95516805 -262.63848518
v 10.79051018 488.07139698 -18.98131996
v 10.3741045 488.07139701 -19.21254592
v -365.37289429 -225.58067739 -252.15740083
v -325.18673706 -262.49058596 -269.12392742
v -347.40539551 -262.49058991 -239.7563442
v -259.1394043 -330.05138508 262.68747718
v 216.90226746 387.58232493 213.97228901
v 191.44047546 412.02773152 188.85487678
v -18.58309937 -488.07139597 11.45299704
v -56.34788513 -484.35756232 33.04801042
v -18.82833862 -488.07139591 11.04359898
v -18.06559563 -488.07139607 12.25177364
v -17.7943325 -488.07139613 12.64315489
v -18.3288517 -488.07139602 11.8543871
v -124.10488129 451.34915576 -145.87980192
v -87.15689087 465.9251104 -122.69423862
v -110.91803741 451.34915714 -156.14177972
v -97.51898956 465.92510932 -114.63038849
v -471.1008606 105.7388019 129.66817688
v -469.49429321 146.90582142 86.07779084
v -480.61013794 105.73881511 88.11576436
v -460.20626831 146.90581597 126.66928115
v -316.93768311 -360.18722884 117.80150702
v -355.76452637 -330.05136294 97.92217826
v -325.99853516 -360.18719455 89.73019603
v -345.87588501 -330.05136706 128.55697335
v -188.39750671 -433.33780222 133.83608832
v -176.01644897 -433.33780436 149.74656446
v -219.223526 -412.02783885 155.7343906
v -242.93661499 -412.02783342 115.30005819
v -231.9629364 -412.02783621 136.0352183
v -97.51799011 -465.92599404 -114.62966683
v -124.10388184 -451.34905553 -145.87908397
v 196.19509888 297.40256306 -345.20679637
v 165.36206055 297.40256518 -360.99411883
v -407.62405396 -21.31004909 289.57072697
v -227.30740356 -433.33775932 41.67541642
v -267.72076416 -412.0277908 25.25644974
v -230.07409668 -433.33775664 21.70498864
v -264.50064087 -412.02779393 48.49406072
v -136.82727051 465.92507182 -62.67684184
v -166.51419067 451.34914888 -94.6359377
v -174.12960815 451.34911636 -79.76247172
v -15.66625977 488.07139238 15.20594141
v -15.99457836 488.07139243 14.86060546
v 445.81622314 186.95511873 -122.70533109
v -282.66531372 -297.40238766 -278.85342397
v -262.68588257 -330.05128445 -259.14322395
v 122.69650269 -465.92602825 -87.15793468
v 114.63265228 -465.92599634 -97.51901831
v -130.63223267 -387.58231669 -275.25089715
v -154.12512207 -387.58231837 -262.81782262
v 307.41241455 360.18713306 140.81411523
v -97.86031342 -476.95720427 46.44604791
v -59.01348114 -484.35756165 28.01010776
v -93.43901062 -476.95720539 54.79917034
v 300.49768066 -262.4907535 296.44136084
v 282.66931152 -297.40252362 278.85322198
v 107.85004425 -476.95719666 -10.17304118
v 150.49958801 -465.92603982 -1.02113364
v 108.3265152 -476.95719793 -0.73485844
v 149.83694458 -465.92603806 -14.13489164
v -12.6413126 488.07139682 -17.79817066
v -13.77942181 488.0713967 -16.93332732
v -13.40605736 488.07139674 -17.23061811
v -13.02668858 488.07139678 -17.51889859
v 115.94692993 -465.92608337 95.95422641
v 83.4562912 -476.95720731 69.06505806
v 1.5725317 -433.33781529 231.09369913
v 1.30427039 -451.3491619 191.52321771
v -18.57509422 -433.33781519 230.35199993
v -358.71038818 297.40240225 170.24773005
v -28.74399757 -476.95715348 -104.44175668
v -17.33288383 -484.35754942 -62.98342703
v 321.50616455 -262.49058537 -273.51415554
v 302.43154907 -297.40239055 -257.2874457
v 37.17321014 186.9552252 -460.89436828
v 35.69076538 225.5808928 -442.5024875
v -277.53533936 105.73871951 402.15231367
v -382.27236938 -63.76661791 -316.36681903
v -6.24908638 -488.07139162 -20.9164982
v -5.79064035 -488.0713916 -21.0476265
v 3.93983769 -488.07139731 21.47274443
v 3.47038031 -488.07139732 21.55382201
v -80.05497742 225.58089201 -436.66078238
v -83.38221741 186.95522439 -454.81044515
v -18.83134079 488.07139294 11.04689442
v -136.82627869 -465.92603154 -62.67512073
v -141.76707458 -465.92603317 -50.51228316
v 360.99661255 297.40240291 165.35997387
v 366.98345947 262.4905941 208.56600713
v 383.76580811 262.4905985 175.78910701
v 345.2102356 297.40239876 196.19298063
v 59.02249146 484.35655457 -28.01010776
v 20.46793556 488.07139545 -7.60625359
v 19.72721481 488.07139568 -9.36096182
v 19.92741013 488.07139563 -8.92854015
v 20.11759567 488.07139557 -8.49111551
v 20.29776955 488.07139551 -8.05068583
v 138.33773804 -297.40256668 372.18702006
v 112.01811218 -262.49076835 406.97288171
v 105.37263489 -297.40256811 382.82737003
v 147.06323242 -262.49076683 395.6609009
v 13.78442669 488.07139215 16.93562522
v 420.38848877 -186.95514337 192.56429934
v 385.96392822 -225.58081704 219.35335574
v 403.61312866 -225.58081241 184.87882384
v 148.03619385 -465.92603631 -27.13954608
v 176.4508667 387.5823203 248.38677758
v 31.98014832 451.34916153 -188.84159244
v 15.39899921 451.34916181 -190.91060787
v 145.10632324 -465.92603459 -39.93799611
v -176.44487 -387.5823203 -248.38477868
v -171.04560852 -360.18708227 -291.66989925
v 431.31811523 -21.30988846 -252.94011872
v 407.63104248 -21.30987781 -289.56975614
v 2.05400062 488.07139151 21.7382984
v 2.52646065 488.07139151 21.68824957
v -487.03936768 -105.7388293 -39.27824925
v 76.85886383 387.58248484 -294.82473642
v -38.36837006 146.90570802 475.77896463
v -77.19519043 186.9549647 455.90061376
v -79.68862152 146.90570872 470.62393551
v 174.13360596 451.34909493 79.76374505
v 130.84945679 465.92505341 74.36448571
v -125.16591644 -63.76685463 480.1591852
v -167.81546021 -21.31010017 471.0072442
v -166.53820801 -63.76685292 467.42175888
v -126.12584686 -21.3101038 483.84174693
v -287.36489868 63.76683684 -404.5265584
v -247.17875671 105.73895987 -421.4920368
v -251.01449585 63.76684 -428.03244748
v -282.97363281 105.73895676 -398.34555321
v 227.8589325 -433.33775891 38.58340985
v 188.84294128 -451.34910994 31.9769776
v 93.08366394 -330.05124078 -357.06649941
v 113.48753357 -360.18707867 -318.51102382
v 85.29608154 -360.1870775 -327.19043637
v 123.84963226 -330.05124205 -347.59430125
v -336.62689209 360.18717823 31.75800858
v -367.36383057 330.05033805 34.65781904
v -332.57894897 360.1871743 60.97543388
v 6.25409174 -488.07139724 20.91720246
v 5.79564476 -488.07139725 21.04833267
v -10.90462112 484.35654215 64.4138202
v -5.50436163 488.07139159 21.12870407
v -16.47604752 484.35654231 63.21765325
v -3.64254785 488.07139153 21.52809333
v -4.11100388 488.07139155 21.44301032
v -4.57745886 488.07139156 21.34891891
v -5.04291201 488.07139157 21.24381638
v 29.66589546 -330.05123933 -367.80395632
v 27.1834774 -360.18707618 -337.03104272
v 444.23867798 105.73878435 203.49001273
v 414.98822021 146.90577078 235.84952949
v 424.81378174 105.73877162 241.43294357
v 433.96569824 146.90579102 198.7834602
v -31.75392914 360.18728876 -336.63144033
v -2.06601214 387.58248617 -304.67132422
v -467.42227173 63.76676671 -166.54101662
v -480.1546936 63.76675353 -125.16776516
v -271.11605835 146.90573442 392.85126362
v 46.51029968 484.35654464 45.88078555
v -70.1913681 476.95623255 -82.50813469
v 338.1343689 -225.58067262 -287.66093965
v -363.81536865 -330.05134151 -61.60603741
v -367.80026245 -330.0513458 -29.66296142
v -34.65275192 -330.05123939 -367.36752445
v -347.59356689 330.05038986 -123.84640222
v -374.03131104 297.40250406 -133.2665723
v -357.0617981 330.05035521 -93.07946602
v -21.2366848 -488.07139375 -5.04405459
v -21.12257385 -488.07139369 -5.5065046
v -21.52196121 -488.07139394 -3.64469278
v -421.48754883 105.73877085 247.18053248
v -431.21902466 146.90579023 204.65917716
v -441.427948 105.73878354 209.50485933
v 500.0039978 -21.30996204 -3.39530981
v 498.39645386 -21.30997362 40.19510227
v 124.10888672 451.34905553 145.88207469
v 136.35180664 451.34905705 134.51000477
v -71.60174561 297.40256915 -390.55390175
v -105.36862946 297.40256811 -382.82737003
v -16.81537819 -488.07139256 -13.91868902
v -16.50908089 -488.07139251 -14.28204179
v 200.86564636 297.40234859 342.51135026
v 180.98628235 262.49054036 381.33910303
v 213.5349884 262.49054268 364.11434165
v 497.80487061 21.30997644 -46.96068126
v -21.16661644 -488.07139514 5.33304171
v -9.51927185 -488.07139707 19.64496663
v -9.94568729 -488.07139704 19.43276075
v 38.37337875 146.90598846 -475.7798712
v 39.28126144 105.73897631 -487.0428158
v 81.58045959 105.7389756 -481.76568586
v -434.7104187 21.31003575 -247.05937589
v -411.52282715 -21.30988047 -284.00734788
v -434.7104187 -21.30989116 -247.05938161
v -411.52282715 21.31004643 -284.00734215
v 480.61712646 -105.73881511 -88.11475728
v -230.34936523 433.33671862 -18.57694271
v -3.31623006 -105.73870026 -488.61343132
v -3.36727977 -63.76656704 -496.19478528
v 61.53193283 -476.95718605 -89.15488434
v 69.06726837 -476.95718682 -83.45233173
v 85.48626709 -465.9259928 -123.8646595
v 21.8312645 -488.07139447 0.32817248
v -147.54971313 -451.34905872 -122.11294861
v -157.63154602 -451.34906051 -108.78798264
v 289.57305908 -21.31008212 407.62858426
v 252.94335938 -21.31008911 431.31464912
v -496.19030762 -63.76671427 3.37126078
v -499.9960022 -21.30996295 3.39729893
v -106.47470856 262.49053672 408.4564727
v -148.99613953 225.58063983 418.18693616
v -111.98207092 225.58062304 429.58201634
v -141.66899109 262.49053818 397.62291594
v 0.62761134 -488.07139736 21.82208486
v 0.15114722 -488.07139736 21.83109327
v 82.12398529 451.34905188 173.03148783
v 66.73099518 451.34905101 179.53080096
v 100.16355896 -297.40234298 -384.22393428
v 141.67498779 -262.49053818 -397.62291594
v 133.26980591 -297.40234435 -374.03200958
v 106.48071289 -262.49053672 -408.4564727
v -165.35507202 297.4023461 360.99331374
v -208.56314087 262.49054229 366.98113233
v -175.78521729 262.49054004 383.76244279
v -196.18908691 297.40234822 345.20797492
v 228.47354126 186.95520203 -402.00310443
v -478.41098022 -63.7667544 131.68008641
v -465.11300659 -63.76676757 172.87518388
v -482.07955933 -21.31000131 132.69010185
v -39.88685226 -63.7668642 494.59921767
v -83.4763031 -21.31010694 492.99366312
v -82.84169006 -63.76685585 489.23999544
v -40.19215012 -21.31010957 498.3928939
v 207.16978455 -412.02784096 171.4506834
v 191.43946838 -412.0278433 188.85461347
v 285.59317017 -387.58233942 -106.14739494
v 275.25408936 -387.58233613 -130.63421814
v 56.35689163 484.35655524 -33.04801042
v -61.32573318 433.33677658 -222.81466193
v -71.36050415 412.02785276 -259.27114548
v -80.51242065 433.33677575 -216.62162321
v 321.53216553 -63.76682564 377.94172044
v 316.61938477 -105.73894562 372.16705679
v -8.70547962 476.95617644 107.97820217
v 0.73871952 476.9561764 108.32653743
v 76.13716125 465.92501544 129.82444475
v 192.05807495 -360.18711459 -278.28687359
v 194.25721741 -387.58232214 -234.72149485
v 173.05957031 -387.58231999 -250.75808487
v -9.3581152 488.07139708 -19.7240434
v -9.7865324 488.07139705 -19.51483968
v 59.39785385 484.35654715 27.2076161
v 18.98449135 488.07139298 10.7896446
v 56.80032349 484.35654647 32.28055103
v 19.85333824 488.0713932 9.09399456
v 19.65014076 488.07139315 9.52441256
v 19.43693161 488.07139309 9.95082798
v 19.21571732 488.07139303 10.37223853
v -1.56752682 -433.33769215 -231.09497524
v 21.62005806 -412.02772088 -268.04188578
v 18.5800972 -433.33769225 -230.35126189
v -1.82377648 -412.02772076 -268.90574684
v 167.82145691 21.31010017 -471.0072442
v 126.13285828 21.3101038 -483.84174693
v -397.05072021 297.40245528 2.69771414
v -367.80026245 330.05034669 -29.66176075
v -368.98641968 330.05034237 2.50753895
v -129.82044983 465.92505317 76.13521472
v -93.4420166 476.9562141 54.80146144
v -362.94552612 -330.05135873 66.54264747
v 116.90987396 433.33665882 199.35008802
v 360.99563599 -297.40250838 165.35879532
v 17.41296005 -488.0713962 13.17266919
v 17.12067604 -488.07139625 13.54903579
v 65.33062744 484.35655086 -0.44228461
v 21.76519966 488.07139419 1.75685615
v 21.83426666 488.07139438 0.32846642
v 21.82125473 488.07139432 0.80492996
v 21.79823303 488.07139425 1.28139361
v 1.75771201 488.07139735 -21.76202436
v -0.14614235 488.07139736 -21.83209272
v 0.33032176 488.07139736 -21.83009191
v 0.80678588 488.07139736 -21.81807943
v 1.28324986 488.07139736 -21.79605909
v -345.87689209 330.05029492 128.55718411
v -325.99853516 360.18717044 89.73041489
v -81.57545471 105.73870118 481.7657753
v -39.27625275 105.73870047 487.04290525
v 152.74577332 412.02784766 -221.32320977
v 132.87542725 412.02784934 -233.79234081
v -132.86943054 412.02772548 233.79359594
v -111.98607635 412.02772404 244.48500183
v -408.45285034 -262.49060781 -106.47667805
v -397.62231445 -262.49060308 -141.67192068
v -305.89395142 -297.40239111 -253.1563881
v 206.64929199 63.76685073 -451.12891276
v 166.54521179 63.76685292 -467.42377304
v 105.37263489 297.40234317 382.82757202
v 66.54582214 330.05023291 362.94925067
v 71.60675049 297.40234213 390.55511082
v 97.92537689 330.05023387 355.76925824
v -282.97363281 -105.73872002 -398.34564266
v -316.61437988 -105.73873117 -372.16613916
v 21.71915436 -488.07139473 2.23002306
v 21.66610336 -488.07139479 2.70248283
v 111.99208069 412.02785078 -244.4837467
v 31.75993729 360.18707623 336.63062159
v 34.65975952 330.05023231 367.36752445
v 60.9773941 360.18707677 332.58270913
v 421.49453735 105.73890593 -247.17946647
v 398.34802246 105.73891837 -282.97528739
v -460.34237671 186.95508115 43.42831114
v -454.80596924 186.95506052 83.38418517
v 31.75993729 -360.18728876 336.63040273
v 2.50944424 -330.05142988 368.98990274
v 2.29923964 -360.18728896 338.11685287
v 34.65876007 -330.05142966 367.36731369
v -46.95874023 21.31010949 -497.80131066
v -339.80200195 146.90595432 -335.219085
v -316.61437988 105.73894562 -372.16604971
v -131.67825317 -63.76657706 -478.41548902
v -129.66529846 -105.73870261 -471.1054058
v 192.56756592 -186.95498473 -420.38608861
v 228.47354126 -186.9549872 -402.0032157
v -198.78062439 -146.90598284 433.96117757
v -228.46754456 -186.95520203 402.00206683
v -192.56054688 -186.9552045 420.38497026
v -235.84571838 -146.90596504 414.98470727
v -147.05723572 262.49076683 -395.66187746
v -112.01410675 262.49076835 -406.97391931
v -138.33274841 297.40256668 -372.18802714
v 60.97839737 -360.18728822 332.58145267
v 66.54482269 -330.05142907 362.94903991
v 420.24533081 -262.49064731 -39.64364963
v 443.93139648 -225.58075664 -3.01500122
v 422.10113525 -262.49065225 -2.86586726
v 441.97949219 -225.58075145 -41.69463185
v 18.08861923 476.95626634 -106.80577943
v 37.96697998 465.92511348 -145.63456071
v 25.12947655 465.92511385 -148.38924506
v 27.328619 476.95626607 -104.8238459
v 39.89185333 63.7668642 -494.60019423
v 82.8476944 63.76685585 -489.2420096
v -13.02568722 -488.07139207 -17.51719106
v -12.64031219 -488.07139204 -17.79646313
v -222.81001282 -433.33776196 61.32754206
v -188.38548279 -451.34911029 34.53946988
v -184.65786743 -451.34911247 50.82731875
v 108.79096985 -451.34905395 -157.63350862
v -18.08261299 -476.9572429 106.80577943
v -27.32261276 -476.95724263 104.82284645
v -12.78745556 488.07139205 17.69636548
v -360.99359131 -297.40240291 -165.35797497
v -345.20623779 -297.40239876 -196.19195829
v 367.37084961 330.05034736 -34.65562082
v 395.31204224 297.40246065 -37.29119183
v 368.9934082 330.05034304 -2.50533835
v -2.29423475 -360.18707603 -338.11807881
v 24.49485779 -387.58228236 -303.69157
v -2.06701326 -387.58228222 -304.67054336
v 190.34840393 225.58064213 401.06129588
v 161.09692383 186.95496772 433.42075613
v 198.2591095 186.95498508 417.73148665
v -6.13297367 -484.35754915 -65.03743163
v -37.167202 -186.9552252 460.89436828
v -74.1151886 -225.58089215 437.70780993
v -35.68375778 -225.5808928 442.50144991
v -77.19519043 -186.95522453 455.90050249
v 382.8309021 -297.40241097 -105.36961185
v 390.55743408 -297.40244602 -71.60275205
v -402.15170288 -105.73875914 -277.53909772
v -392.84963989 -146.90576604 -271.11982247
v 449.63894653 146.9057962 160.20492453
v 460.28433228 105.73878965 163.9975977
v 3.64755297 488.07139732 -21.52679678
v 5.797647 488.0713916 21.05263138
v 6.25509262 488.07139162 20.92050172
v 343.15826416 105.73893472 -347.84839308
v 372.16952515 105.73893052 -316.61600279
v 335.22250366 146.90595493 -339.80358802
v 38.58558273 -433.33769259 -227.85582435
v 44.8997345 -412.02772127 -265.13707021
v 221.32557678 -412.02783845 152.74247786
v -156.13807678 -451.34915107 110.91978114
v -199.34516907 -433.33779995 116.90661502
v -165.21092224 -451.34914918 96.88913434
v 180.98628235 -262.49076491 381.33897145
v 4.40629196 -488.0713973 21.3816571
v 11.78347778 -484.35756652 64.25637193
v 17.33888817 -484.35756635 62.98513556
v 5.33619738 -488.07139727 21.17045067
v 4.87274599 -488.07139729 21.28155754
v -21.82826042 488.07139447 -0.32717148
v 472.82553101 105.73880276 123.25695274
v -9.78553104 -488.07139181 -19.51313406
v -9.35711479 -488.07139178 -19.72133642
v 333.36270142 330.05039448 -158.21282561
v -235.25914001 330.05024348 284.27368574
v -278.84960938 297.40235663 282.66711402
v -259.1394043 330.05027689 262.68768794
v 372.19052124 297.40250474 -138.33351244
v 358.71740723 297.40250903 -170.24656676
v -86.07484436 146.90598762 -469.49874349
v 326.0055542 360.18719455 -89.72919658
v 293.75811768 387.58239506 -80.85255288
v 380.84194946 21.31005943 -323.99421822
v 377.94412231 63.76681043 -321.52881954
v 10.91062737 484.35655946 -64.41152329
v 5.51036692 488.07139727 -21.12640617
v 16.48205376 484.3565593 -63.21535634
v 4.11701012 488.07139731 -21.44171569
v 4.58346462 488.07139729 -21.34662101
v 5.04791689 488.07139728 -21.24251983
v 9.79053688 -488.07139705 19.51383833
v 9.36312008 -488.07139708 19.72304204
v 117.80374146 360.18707888 316.94147431
v 89.73139954 360.18707766 326.00229554
v 10.17691231 476.95617646 107.85007412
v 6.13897943 484.35654207 65.04143706
v -215.57496643 360.18711698 260.48954143
v -237.45828247 360.18711964 240.70931445
v -108.32151031 476.95622137 0.73686038
v -150.49458313 465.92506326 1.02313564
v -107.84604645 476.9562201 10.17504294
v 232.06404114 -387.58232715 -197.4231868
v -216.89526367 -387.58232493 -213.97228901
v -191.4344635 -412.02773152 -188.8538697
v 461.89089966 146.90581681 120.40618932
v -7.32513475 488.07139166 20.56815913
v -21.92435646 484.35654254 61.54102138
v -5.96380901 488.0713916 21.00258065
v -6.42125463 488.07139162 20.86845208
v -6.87569714 488.07139164 20.72330858
v -82.11798859 -451.34905188 -173.02948892
v -64.52584839 -465.92599117 -135.96342159
v -31.9160881 -297.40256985 395.77896871
v -33.92904663 -262.4907702 420.74131386
v -271.11605835 -146.90596206 392.85018654
v -12.00168991 -488.07139688 18.23459299
v -12.3970747 -488.07139684 17.96733341
v -11.60130024 -488.07139691 18.49184472
v 367.37084961 -330.05134513 -34.65581632
v 395.31106567 -297.40245063 -37.29137093
v 383.76480103 -262.49070677 175.7879531
v -44.89372635 412.02772127 265.13911489
v -38.58057785 433.33665499 227.85782325
v -213.96841431 387.58232453 216.89915354
v -194.25120544 387.58232214 234.72248667
v -489.23651123 63.76674021 -82.84358601
v -472.81851196 105.73888165 -123.2548949
v -481.76223755 105.73886843 -81.57733743
v 3.24516082 146.90570782 477.31247288
v -302.42459106 297.40239055 257.2874457
v -321.50015259 262.49058537 273.51519314
v 126.67138672 -146.90598637 460.20971182
v 166.29997253 -146.90598465 447.41826939
v 245.18180847 -63.76659101 -431.4017272
v 277.5413208 -105.73871951 -402.15231367
v 110.9230423 451.34905415 156.14306067
v 15.39999962 -451.34904948 -190.90888284
v -1.2982645 -451.34904939 -191.52349159
v 102.26161194 -387.5822846 -287.00437575
v 76.85886383 -387.58228355 -294.82496264
v 94.18373108 476.95621428 53.52622345
v -380.55966187 -186.95500592 -262.63859645
v 43.43030548 -186.95522513 460.34685243
v 3.01793957 -225.58089299 443.92887906
v 41.69761658 -225.58089273 441.97596775
v 3.1430614 -186.9552254 462.37981135
v 21.79723167 -488.0713946 1.28009862
v 65.11842346 -484.35755859 5.25196464
v 21.76319695 -488.07139466 1.75556116
v 21.81925201 -488.07139453 0.80463608
v -358.71038818 -297.40250903 170.24755858
v 21.34779358 -488.07139504 4.58131082
v 21.24268913 -488.0713951 5.04576212
v 377.94412231 -63.76661721 -321.52883667
v 380.84194946 -21.30986747 -323.99422395
v -77.11411285 -476.95718781 -76.07515761
v -107.13735199 -465.92599524 -105.69297585
v -175.78521729 -262.49076523 383.76231122
v 214.38983154 -21.31009567 451.71851805
v 252.94335938 21.30983588 431.31465485
v 176.02345276 433.33676676 -149.74755628
v 204.82449341 412.02784134 -174.2484128
v 162.30209351 433.33676875 -164.51794152
v -147.05723572 -262.49053844 -395.66200903
v 293.75714111 -387.58237333 -80.85277911
v 86.07984924 -146.90598762 469.49773641
v 83.38722229 -186.95522439 454.80946859
v -395.30404663 -297.40246065 37.29219128
v -40.19215012 21.30981542 498.39289962
v -83.4763031 21.30981806 492.99366885
v -19.72220993 488.07139317 9.3622555
v -61.23364639 484.35654775 22.76129095
v -59.01648331 484.35654704 28.01239894
v -19.92140388 488.07139323 8.92983479
v -20.11158943 488.07139329 8.49340959
v -20.29176521 488.07139334 8.05298183
v -20.46293068 488.0713934 7.6075487
v 397.05773926 -297.40245528 -2.69671326
v 157.63554382 -451.34915078 108.78870822
v 289.57305908 21.30984288 407.62858998
v 94.63817596 -451.34905275 -166.51514589
v -241.46218872 146.9059646 -411.74355748
v -5.50336027 -488.07139727 21.12540672
v -5.96380901 -488.07139725 21.00028466
v -122.10894012 -451.34915599 147.5524398
v -129.81944275 -465.92605019 76.13392985
v -122.69050598 -465.92605167 87.15865634
v -81.57545471 -105.7389756 481.76568586
v -39.27625275 -105.73897631 487.0428158
v 333.38272095 -360.18719008 56.45181582
v -190.34239197 -225.58064213 -401.06227244
v -180.98228455 -262.49054036 -381.33910303
v -224.57373047 -225.58064456 -382.94566539
v 434.71340942 21.30989116 247.05938161
v 204.82249451 -412.02773348 -174.2486761
v 219.23052979 -412.02773597 -155.73364683
v -3.23915505 -146.90570782 -477.31344945
v 96.89137268 451.34905293 165.21589056
v 99.09051514 433.33665756 208.78027874
v 20.23070526 488.07139332 8.21914336
v 20.04652596 488.07139326 8.65857072
v 50.51620483 465.92511296 -141.77080657
v 45.11594391 476.95626522 -98.48568084
v 62.68005371 465.9251123 -136.8289885
v 36.36141586 476.9562657 -102.04314531
v 355.77154541 330.05038638 -97.92217826
v 390.55743408 297.40246526 -71.60258058
v 382.8309021 297.40250032 -105.36944038
v 362.95251465 330.05035165 -66.54164802
v 48.31705856 -451.34905023 -185.33446592
v 77.56755066 -433.33769396 -217.6939442
v 58.2977829 -433.33769316 -223.6257067
v 107.9781723 -476.9571992 8.70832967
v 150.0151062 -465.92604159 12.09963219
v 17.52006531 -488.07139268 -13.02782182
v 17.80033684 -488.07139273 -12.64244681
v 16.93449402 -488.07139258 -13.77955367
v 16.63119888 -488.07139253 -14.14490915
v 17.23178482 -488.07139263 -13.40619019
v 368.9934082 -330.05134945 -2.50553719
v 367.80725098 -330.05135377 29.66376155
v -225.52966309 -297.40256058 326.79484021
v -82.84169006 63.76657561 489.24001257
v -39.88685226 63.76656726 494.60021136
v -300.49368286 -262.49055177 -296.44149241
v -287.66018677 -225.58065058 -338.1310307
v 107.14335632 -465.92608468 105.69469696
v 233.79571533 -412.02783578 132.87115591
v -126.66737366 -146.90571012 -460.21081942
v -166.29397583 -146.90571183 -447.41937698
v -12.24893093 -488.071392 -18.0687276
v 18.08761787 -476.95715316 -106.80506073
v 10.90962601 -484.35754923 -64.40881531
v -21.16962051 488.07139371 5.33433683
v -21.04850197 488.07139365 5.79578596
v -488.06637573 63.76668654 89.48207643
v -491.81005859 21.30993512 90.16973092
v -304.66775513 -387.58238447 2.06989724
v 9.52527809 -488.07139179 -19.64426046
v 10.3731041 -488.07139185 -19.21084029
v 10.78950882 -488.07139188 -18.97961243
v 9.95169258 -488.07139182 -19.43205458
v 175.79122925 262.49076523 -383.76231122
v -487.03839111 105.73885511 -39.27818269
v -494.59576416 63.76672681 -39.88778838
v -105.69194794 465.92501848 107.14138584
v -134.50601196 451.34905681 136.34980268
v 45.88169098 -484.35755164 -46.50539262
v 41.65357208 -484.35755112 -50.32610935
v 76.07910156 -476.95718767 -77.1161732
v -188.85095215 412.02773117 191.43738096
v -162.29608154 433.3366635 164.52020945
v -62.6730423 -465.92608886 136.82798142
v -50.50919724 -465.92608953 141.76979949
v 106.47971344 262.49076855 -408.45734821
v 70.47564697 262.49076959 -416.18287285
v 100.16355896 297.4025683 -384.22373229
v -296.43771362 262.49055123 300.49541683
v 6.87970114 488.07139721 -20.72201394
v 7.33114052 488.07139719 -20.56586313
v 244.45611572 262.49054537 344.11888946
v 229.95297241 297.40235111 323.70205525
v 12.00769615 -488.07139198 -18.23288737
v 12.40207958 -488.07139201 -17.96662914
v 431.4052124 63.76664273 245.17857378
v -451.12942505 63.7667721 -206.64602623
v -424.80978394 105.73890516 -241.43288463
v -431.40219116 63.76678491 -245.17852613
v -444.23669434 105.73890006 -203.48896198
v -83.45328522 476.95623075 -69.06505806
v -90.2529068 412.02772286 253.31561371
v 287.66418457 225.58065058 338.1310307
v 273.51843262 262.4905484 321.5039
v 102.04439545 -476.95720291 36.35823011
v -448.27664185 63.76664709 212.75502143
v -458.0071106 105.73878882 170.23365096
v -335.21551514 146.90574155 339.80265093
v 424.81378174 -105.73890516 241.43288463
v -7.60340595 488.07139718 -20.46476412
v -22.75716591 484.35655903 -61.23543316
v -7.15496922 488.0713972 -20.62591982
v -56.3508873 484.35654636 33.04830079
v 12.64631748 -488.07139682 17.79817066
v 12.25393486 -488.07139685 18.06943377
v -115.9429245 465.92510681 -95.95422641
v 420.38848877 186.95503059 192.56441062
v 257.29058838 297.40235397 302.42834382
v 213.70014954 330.05024125 300.82178087
v -41.67259216 -433.33769266 -227.31129922
v -25.2525959 -412.02772092 -267.72358746
v -21.7021389 -433.33769229 -230.07799224
v -48.49023056 -412.02772135 -264.50346427
v -133.83436584 433.33677196 -188.40116519
v -96.8863678 451.34915836 -165.21460961
v -116.90486908 433.33677343 -199.34882717
v 90.25791931 -412.02772286 -253.31358429
v 67.8360672 -412.02772193 -260.21528693
v -116.63660431 186.95496583 447.43738773
v -120.40328217 146.90570989 461.8874551
v 268.04507446 412.02778451 21.61815765
v 100.16355896 -297.40234298 -384.22393428
v 66.29557037 -297.40234201 -391.49099336
v 402.1546936 105.73875914 277.53909772
v 115.30230713 -412.02785057 242.94024394
v -348.47640991 -63.76682232 353.2446998
v -101.53790283 476.9562164 37.74186501
v -145.10232544 465.92505803 39.93999883
v -141.06939697 465.92505635 52.43415428
v -104.44073486 476.9562176 28.74911515
v -372.18252563 -297.40250474 138.33450426
v -180.41873169 451.34911428 -64.28340731
v 83.38722229 186.95496484 454.80957986
v 44.8326683 146.9057081 475.2134129
v 43.43030548 186.9549641 460.34696371
v 37.96697998 -465.92598988 -145.6328396
v 27.328619 -476.95715343 -104.82212776
v 25.12947655 -465.92598951 -148.38750869
v 210.11065674 433.33667268 96.24276123
v -8.04783821 -488.0713917 -20.29189113
v -7.60240459 -488.07139168 -20.46205523
v -76.11714172 262.49076946 -415.1869012
v -15.53813457 -488.07139237 -15.33106347
v -403.60913086 -225.58070169 -184.87993731
v -366.98046875 -262.4905941 -208.56699895
v -383.7618103 -262.4905985 -175.78811519
v -385.95993042 -225.58069706 -219.35347739
v -69.06326294 476.95621025 83.45533772
v -76.07510376 476.95621111 77.1181721
v -145.10133362 -465.92604533 39.93872158
v -287.00457764 387.58242845 -102.25938199
v -244.48312378 412.02783297 -111.98883241
v -276.99981689 387.58243176 -126.884343
v -253.3137207 412.02779954 -90.25468703
v -95.95146179 -465.92608606 115.94467373
v -134.50500488 -451.34915448 136.34752991
v -105.69094086 -465.92608487 107.1401086
v -20.77523613 488.07139353 6.70767309
v -20.91637421 488.07139359 6.25323108
v -17.11567116 -488.07139261 -13.54832866
v -46.44424057 476.95626513 -97.86407594
v -28.00828171 484.35655873 -59.01927723
v -150.49258423 -465.9260401 1.02285499
v -429.57843018 -225.58072674 -111.98402001
v -418.18630981 -225.58070651 -148.99903339
v -497.79785156 -21.30997644 46.96168452
v -494.00817871 -63.76672771 46.60432181
v -77.1151123 476.95623169 -76.07687576
v 27.328619 -476.95715343 -104.82212776
v -3.17208958 488.07139152 21.60316657
v 45.89369965 105.73870055 486.46435302
v 164.52224731 433.3366638 162.30004046
v 147.55671692 451.34905872 122.11494752
v 0.62761134 488.07139149 21.82538221
v 3.37228465 -63.76686441 496.19376107
v 332.58493042 360.18719069 -60.97521502
v 336.63388062 360.18718676 -31.75579082
v -123.25405121 105.73870238 472.82308762
v -125.16591644 63.76657683 480.15920234
v 460.89794922 -186.95509198 37.17111237
v 475.78143311 -146.9058534 38.37129014
v 11.45515728 -488.07139692 18.58593614
v 11.0457592 -488.07139696 18.83217484
v 252.15960693 -225.58064692 -365.37355296
v 262.64083862 -186.95499008 -380.56034534
v 357.06881714 330.0503302 93.08166042
v 374.03433228 297.40240722 133.26775085
v 384.22625732 297.40241167 100.16154318
v 347.59759521 330.05029555 123.84759717
v -342.00610352 225.58084085 -283.04134184
v -316.03482056 225.58084471 -311.77226737
v 441.43496704 -105.73878354 -209.50386751
v 465.12103271 -63.76666008 -172.87523153
v 448.28366089 -63.76664709 -212.75502143
v 106.55278778 -476.95719541 -19.53414964
v 170.24983215 -297.40256487 358.7139065
v 145.88308716 -451.34905845 -124.10488428
v -433.41714478 -186.95513915 161.09468067
v -64.27960968 -451.3491604 180.41939729
v -77.56054688 -433.33781349 217.69367517
v 448.28366089 63.76678055 -212.75497377
v 16.48205376 484.3565593 -63.21535634
v 21.92835808 484.35655907 -61.53872829
v 5.51036692 488.07139727 -21.12640617
v 5.9698143 488.07139725 -21.00228547
v 6.4272604 488.07139723 -20.86615418
v 53.7703743 484.35654582 37.10824862
v 37.83585358 -484.35756504 53.25767312
v 62.73710632 -476.9572099 88.31078494
v 3.93983769 488.07139154 21.47704314
v 11.78347778 484.35654217 64.25866884
v 3.47038031 488.07139153 21.55812262
v 2.99992204 488.07139152 21.62819098
v -8.65342903 -488.07139712 20.04135181
v -9.08885288 -488.07139709 19.84816411
v -7.77156973 -488.07139717 20.40070201
v -7.32513475 -488.07139719 20.56486177
v -8.2140007 -488.07139714 20.22653247
v -66.28856659 297.40234201 391.49099336
v -61.60300064 330.05023279 363.82006973
v -188.39851379 433.33666762 133.83734917
v -231.96394348 412.02773862 136.03648869
v -219.22554016 412.02773597 155.73564573
v -199.34616089 433.3366699 116.90786825
v -437.70333862 225.58078227 -74.11704784
v -262.63479614 186.95499008 380.56034534
v -70.46963501 262.49053568 416.18300442
v 171.0506134 360.18708227 291.67087581
v 186.66882324 330.0502389 318.30279834
v 195.82073975 360.18711494 275.65232167
v 347.85180664 -105.73893409 343.15582732
v 353.24807739 -63.76681405 348.48005153
v 93.08366394 330.05045172 -357.06628865
v 85.29608154 360.18728749 -327.19122459
v 4.40829372 488.07139155 21.38595581
v -233.90882874 -186.95498762 -398.86310961
v 442.5039978 -225.58076184 35.68765158
v 95.95846558 465.92510949 -115.94467373
v 134.51200867 451.34915448 -136.34752991
v -180.98228455 262.49076491 -381.33897145
v 37.10814285 -484.35755066 -53.76545936
v 460.21325684 146.90588052 -126.66819645
v -176.01644897 433.33666549 149.74883239
v -204.8184967 412.02773348 174.24966793
v -2.50343847 -330.05123917 -368.9901135
v -252.06152344 412.02774431 93.6892764
v -242.93762207 412.0277414 115.30130569
v 335.48077393 330.05029154 153.67162417
v -316.36315918 63.76660524 382.27196814
v -318.78848267 21.30984971 385.20580023
v 435.57226562 -186.95513835 155.19194039
v -12.78545284 -488.0713968 17.69306622
v -13.16982746 -488.07139677 17.40979253
v -135.96243286 465.92505473 64.53092129
v -97.86231995 476.95621523 46.4483352
v 338.12033081 -360.18718219 -2.29534165
v 337.03326416 -360.18718615 27.18133953
v -3.1710887 -488.07139733 21.59986731
v -10.90362072 -484.35756654 64.41051621
v -3.64254785 -488.07139732 21.52479598
v -5.24911261 -484.35756663 65.11520522
v -2.22616839 -488.07139734 21.71698232
v -1.75170624 -488.07139735 21.76102491
v -2.69962955 -488.07139734 21.66392942
v 27.20950317 484.35655878 -59.39364016
v 7.77757549 488.07139717 -20.40170336
v 8.2210083 488.07139714 -20.22753192
v 8.66043568 488.07139712 -20.04335453
v 9.09585953 488.07139709 -19.84916546
v 144.97822571 360.18708042 305.46833017
v 442.5039978 225.58075225 35.68778849
v 443.93139648 225.58075745 -3.01486527
v -136.34480286 -451.34905705 -134.50800587
v 188.85694885 -412.02773117 -191.43638914
v 171.45300293 -412.02772906 -207.16769658
v 213.97441101 -387.58232453 -216.89814646
v -209.58813477 330.05024087 303.69656715
v 2.07301903 387.58228222 304.67155044
v 2.29923964 360.18707603 338.11807881
v 363.82235718 330.05033443 61.60703687
v 391.49432373 297.40244673 66.29258682
v 367.80725098 330.05033872 29.66396087
v 33.05019379 -484.35756546 56.35168241
v 11.85754967 -488.07139689 18.33268984
v 5.04791689 -488.07139157 -21.23981285
v 16.48205376 -484.35754939 -63.21364781
v 5.50936604 -488.07139159 -21.12470055
v 4.11600924 -488.07139155 -21.44000816
v 3.64755297 -488.07139153 -21.5240898
v 4.58246326 -488.07139156 -21.34491539
v 492.99719238 -21.30998706 83.48021889
v -17.98551941 -451.34904951 -190.68166422
v -34.53664017 -451.34904982 -188.38843615
v -217.69404602 433.33672655 -77.56333939
v 124.10888672 -451.34915576 145.880809
v 149.74984741 -433.33780789 176.02013839
v -94.17573547 -476.95719084 -53.52321746
v -53.7633667 -484.3575529 -37.10524646
v -460.28033447 105.73889476 -163.99753877
v -126.12584686 21.30982119 483.84175266
v 126.13285828 21.3101038 -483.84174693
v 126.13285828 -21.30982119 -483.84175266
v 264.50662231 -412.0277809 -48.4933055
v 267.72677612 -412.02778402 -25.25569643
v -447.43380737 186.95511791 -116.63842914
v -67.83207703 412.02772193 260.21727057
v -76.07209778 -476.95720839 77.1168919
v -494.00817871 63.76669993 46.60436183
v 63.21757507 -484.3575601 16.47888867
v -21.596035 -488.071394 -3.17323413
v -21.71315002 -488.07139413 -2.22831481
v -21.66009903 -488.07139406 -2.70177547
v 173.05957031 387.5824484 -250.75888099
v -250.75823975 387.58243796 -173.05725401
v 401.06463623 -225.58070096 -190.34424682
v 3.37228465 63.76656704 496.1937782
v 3.39830995 21.30981521 499.99946695
v 14.9926033 -488.07139229 -15.87158889
v 15.33393574 -488.07139234 -15.54026623
v -8.92669487 488.0713971 -19.92323735
v -8.4892683 488.07139713 -20.11342098
v 316.03982544 -225.58084471 311.77226737
v -8.65442944 488.07139173 20.04464916
v -145.87709045 -451.34915284 124.1066093
v -114.62664795 -465.92608358 97.52073942
v 411.52682495 21.30988047 284.00734788
v -80.85074615 387.5824847 -293.75469861
v -470.61938477 -146.90582228 -79.6905764
v -497.79785156 21.30994856 46.96169788
v -499.9960022 21.30996204 3.39731181
v -43.42529678 -186.9549641 -460.34794027
v -403.60913086 225.58081241 -184.87981566
v -366.98046875 262.49071118 -208.56584504
v -385.95993042 225.58081704 -219.35335574
v -383.7618103 262.49070677 -175.7879531
v -44.82766342 -146.9057081 -475.21441998
v 14.64326286 488.0713966 -16.19661012
v 320.81149292 330.05028769 182.32549282
v 303.6998291 330.05028403 209.59203241
v 293.97033691 360.18712953 167.07066035
v 21.12757874 -488.07139517 5.50721125
v -149.74485779 -433.33769955 -176.02040742
v -155.73168945 -412.02772744 -219.22743433
v -174.24572754 -412.02772937 -204.82042188
v -294.8031311 186.95499335 356.22263866
v -304.32339478 146.9057378 367.72681379
v 231.96893311 -412.02773862 -136.03348271
v 31.92209244 -297.40234143 -395.77819414
v -70.18936157 -476.95718694 -82.50640892
v -83.38221741 -186.95496484 -454.81055643
v -3.46537542 488.07139732 -21.55582472
v -303.32745361 -387.58238804 28.61572491
v -311.52844238 105.73873059 376.43228282
v 21.24569321 488.07139375 5.04705771
v -365.37289429 225.58083671 -252.15628735
v -12.25093269 488.07139685 -18.07043513
v -11.85354614 488.07139689 -18.3336912
v -11.45015335 488.07139692 -18.58693749
v -11.04275608 488.07139696 -18.8331762
v -190.34239197 225.58087197 -401.06215079
v -123.25405121 -105.7389744 472.82299817
v -173.05355835 -387.5824484 250.75888099
v -194.25019836 -387.58244625 234.72126863
v -80.5114212 -433.3376941 -216.62090042
v 21.60204124 -488.07139485 3.17494237
v 64.41274261 -484.35755935 10.90746724
v 21.526968 -488.07139492 3.64540015
v 348.48245239 63.76682232 -353.2446998
v -66.72499084 -451.34905101 -179.52880206
v -39.93690109 -465.92598995 -145.10331386
v -52.43106842 -465.92599049 -141.07040079
v -50.82450485 -451.34905032 -184.66080566
v -10.20894432 -488.07139183 -19.29492194
v -150.5406189 387.58231809 264.88883695
v 299.62084961 186.95499389 352.18470545
v 15.20781326 488.07139232 15.66939182
v 14.86247635 488.07139228 15.99871272
v 494.60375977 -63.76672681 39.88979109
v 496.19830322 -63.76671337 -3.36929737
v -86.07484436 -146.90570887 -469.498844
v 17.97250557 488.07139276 12.4022134
v 50.33202362 484.35654521 41.65367388
v 17.69823837 488.07139271 12.79159193
v -458.0071106 -105.7388956 170.23359203
v -447.41378784 -146.9059011 166.29674276
v -471.1008606 -105.73888252 129.66811795
v -488.06637573 -63.7667411 89.48304348
v 245.18180847 63.76684045 -431.40171006
v -445.80923462 186.95505524 122.70644945
v -240.7074585 -360.18712007 -237.46114561
v 1.57853758 488.0713915 21.7773361
v 1.10307443 488.0713915 21.8073654
v 208.23382568 -21.30982894 -454.58931225
v 206.64929199 -63.76658073 -451.12892989
v 247.06164551 -21.30983543 -434.70997944
v 209.59414673 -330.05124795 -303.69559059
v -182.32159424 330.05023857 320.80823039
v -431.40219116 -63.76664273 -245.17857378
v -424.80978394 -105.73877162 -241.43294357
v -408.39077759 -63.76663018 -281.84524428
v -165.21191406 451.34906211 96.88940822
v 435.57226562 186.95503562 155.19205167
v 447.44082642 186.95505605 116.64053932
v 418.19030762 225.58070651 149.00002521
v 219.10041809 -360.18724762 257.53647233
v 213.70014954 -330.05142072 300.82157011
v 195.81973267 -360.18725005 275.65210282
v 239.10490417 -330.05141807 281.05234472
v -332.57794189 -360.18719069 60.97521502
v -293.75109863 -387.58239506 80.85455179
v -259.26751709 -412.027797 71.36230792
v -299.67990112 -387.58239158 54.94333975
v 33.93505478 -262.49053507 -420.74144543
v -61.52692795 476.95620949 89.15788269
v -28.61286926 -387.5822824 -303.33124897
v -54.94051361 -387.58228289 -299.68268952
v -31.75492859 -360.18707623 -336.63062159
v -191.52255249 451.34910547 1.30140189
v 276.43325806 -146.90596156 389.13256582
v 309.29626465 -146.90595813 363.55969072
v 259.27453613 412.027797 -71.36130847
v 227.31440735 433.33672172 -41.67441697
v 222.81802368 433.33672436 -61.3265388
v 117.81275177 -225.58089085 428.02137838
v 132.6932373 -21.31010356 482.08405656
v 90.17182922 -21.31010678 491.8135179
v 132.6932373 21.30982143 482.08406229
v 158.21611023 -330.05142509 333.35922769
v 108.3285141 476.95622157 -0.73457124
v -287.66018677 225.58086352 -338.13090905
v -185.33151245 -451.34909915 -48.31314264
v 282.9786377 105.73872002 398.34460506
v -128.5552063 330.05045021 -345.88043698
v -21.80323601 488.07139428 1.10121832
v -21.77420807 488.07139422 1.57668086
v 224.57875061 225.58064456 382.94566539
v 257.09942627 225.58064739 361.91618613
v -417.72787476 186.95502983 198.25694582
v 17.80233955 488.07139613 -12.64315489
v 18.07460594 488.07139607 -12.25177364
v 18.33686066 488.07139602 -11.85538846
v 18.59110832 488.07139597 -11.45199568
v 18.83734894 488.07139591 -11.04459938
v -203.48620605 -105.73896293 444.23520008
v -140.81015015 -360.18728483 307.4089987
v -150.5406189 -387.5824503 264.88760365
v 21.77921295 488.07139464 -1.57438498
v 21.80924225 488.07139457 -1.09892232
v 37.11014557 484.35655803 -53.7671717
v 32.28344345 484.35655844 -56.79711697
v 11.20191097 488.07139694 -18.7410875
v 12.4040823 488.07139684 -17.96933612
v -11.85254478 -488.07139196 -18.33098231
v -11.44915199 -488.07139193 -18.58522996
v 208.78335571 433.33675996 -99.08628024
v 216.625 433.33672694 -80.51320654
v 173.0345459 451.34911668 -82.12076327
v 361.91851807 225.58083737 -257.09609126
v 344.1211853 262.490716 -244.45276093
v 397.62631226 262.49060308 141.67292776
v 3.17709446 -488.07139152 -21.59816168
v 2.70563555 -488.07139152 -21.6622238
v -21.34478951 488.07139504 -4.57930858
v -21.43988228 488.07139498 -4.11285457
v 150.01712036 465.92506177 12.09891148
v 18.74525833 488.07139292 11.20004307
v 18.49601555 488.07139287 11.60744032
v 18.23876572 488.07139281 12.00782998
v 48.31705856 451.34916106 -185.33619095
v -61.32472992 -433.33769327 -222.81392389
v -1.09806955 -488.0713915 -21.80236052
v -0.62160546 -488.07139149 -21.82137869
v -41.67259216 433.33677718 -227.31203727
v -21.70313835 433.33677756 -230.07972211
v -21.81925201 -488.07139451 0.62446078
v -21.77020454 -488.07139464 1.57638686
v -21.80023384 -488.07139457 1.10092432
v 99.09051514 -433.33781229 208.77898737
v -8.21600246 488.07139171 20.22882846
v 9.5262785 488.07139707 -19.64596608
v 9.95269394 488.07139704 -19.43376211
v -38.36837006 -146.90598846 475.77886412
v -79.68862152 -146.90598777 470.623835
v 345.88290405 330.0503905 -128.55598153
v -18.08261299 476.9561766 106.80805908
v -17.22577858 -488.07139623 13.40789867
v -17.51506042 -488.07139618 13.0285299
v -8.04883957 488.07139715 -20.29359675
v 197.42730713 387.5823225 232.06190326
v -2.99391603 488.07139733 -21.62589308
v -273.51342773 262.49075687 -321.50273083
v -13.40505695 -488.07139211 -17.22790923
v -20.56402969 488.07139541 -7.32698152
v -61.53694153 484.35655375 -21.92618844
v -20.39986992 488.07139547 -7.77441688
v -20.22570038 488.07139553 -8.21784872
v -20.04152107 488.07139559 -8.65627568
v -135.96043396 -465.92604863 64.52964405
v -19.51300621 488.07139311 9.79067269
v 37.96697998 -465.92598988 -145.6328396
v -166.53820801 63.76657854 467.42177602
v -167.81546021 21.30982483 471.00724992
v 372.16952515 -105.73874626 -316.61609224
v 348.48245239 -63.76660914 -353.24471694
v -66.28856659 -297.40256928 391.49079137
v -70.47063446 -262.49076959 416.18186577
v 125.17292786 63.76685463 -480.1591852
v -14.98659801 -488.07139656 15.87229602
v -41.64756393 -484.35756465 50.32782169
v -14.63625622 -488.0713966 16.19560877
v 458.01409912 105.7388956 -170.23260021
v 471.10787964 105.73888252 -129.66712613
v 25.25860405 -412.0278539 267.72335467
v 28.61787415 -387.58248598 303.33102275
v 197.42730713 -387.58244589 232.06167704
v 174.25071716 -412.02784545 204.82015858
v 176.44985962 -387.58244808 248.38455246
v 74.36643219 -465.92599186 -130.84443373
v 283.04571533 -225.58065006 -342.00682402
v 296.4437561 -262.49055123 -300.49541683
v 269.12612915 -262.49054791 -325.1874631
v 311.77670288 -225.58066881 -316.03654903
v 116.64261627 -186.95496583 -447.43839481
v 149.00312805 -225.58063983 -418.18794324
v 111.98807526 -225.58062304 -429.58201634
v 155.19517517 -186.95496743 -435.56986495
v 455.90408325 186.95506135 77.19916493
v 470.62741089 146.90582228 79.6925753
v 87.16189575 465.92501639 122.69551586
v -21.3818264 488.07139383 4.40643416
v -21.28172874 488.07139377 4.87188729
v -251.01449585 -63.76659146 -428.03246462
v -2.04799485 -488.07139151 -21.73429297
v -1.5725317 -488.0713915 -21.77433394
v -1.09806955 488.07139736 -21.8050675
v 48.49623489 -412.02785347 264.50423857
v 41.67759323 -433.33781478 227.31103019
v -144.97320557 -360.18708042 -305.46732309
v 3.32223582 105.73870026 488.61245476
v -329.17163086 186.95517639 -324.73189736
v -14.50212574 -488.07139223 -16.31402033
v -42.328228 -484.3575512 -49.75655599
v -14.14277554 -488.07139219 -16.62732522
v -46.50229263 -484.35755172 -45.87777957
v 15.67126465 488.07139647 -15.20364637
v 15.3359375 488.07139652 -15.54297607
v -496.19030762 63.76671337 3.37129937
v -475.77441406 -146.90584309 -38.37037212
v -455.89605713 -186.95506135 -77.19716603
v -460.8899231 -186.95508199 -37.16922093
v -65.03735352 484.35654998 6.13711645
v -65.32462311 484.35655074 0.44457826
v 287.66418457 -225.58086352 338.13090905
v 299.62084961 -186.95519534 352.18459417
v 150.50059509 465.92506354 -1.02185399
v -141.06739807 -465.92604701 52.43387649
v -17.98651886 451.34916178 -190.68238217
v 408.39379883 63.76663018 281.84524428
v -64.52685547 465.92511218 -135.96415088
v -76.13215637 465.92511136 -129.82416696
v -363.81536865 330.05035098 -61.60484246
v -333.3767395 360.18719008 -56.45081637
v -155.19015503 -186.9552218 435.56871608
v -116.63660431 -186.9552234 447.43727646
v 1.02499843 465.92501266 150.49856209
v -10.36809921 -488.07139701 19.21154456
v 186.66783142 -330.05142307 318.3015805
v -448.27664185 -63.76678055 212.75497377
v -8.92469311 -488.07139175 -19.92152981
v -163.99473572 105.73870407 460.28088224
v -264.88702393 387.58243494 -150.54336929
v -233.79272461 412.02783578 -132.87115591
v -233.90882874 186.95520161 -398.86299834
v -1.2982645 451.3491619 -191.52521662
v 260.2194519 412.0277783 67.83412134
v 13.17483234 -488.07139209 -17.40908636
v 13.55119896 -488.07139213 -17.11780181
v 106.47971344 262.49076855 -408.45734821
v 133.26980591 297.40256693 -374.03180759
v 141.67498779 262.4907671 -397.62278437
v 100.16355896 297.4025683 -384.22373229
v 97.522995 -465.92608588 114.63038849
v 53.52813721 476.95626464 -94.17949812
v 13.55320072 488.07139673 -17.11950934
v 33.93505478 262.4907702 -420.74131386
v -307.40841675 360.18723193 -140.81290455
v 120.40927887 -146.90570989 -461.88846218
v 163.9997406 -105.73870407 -460.28188932
v 160.20704651 -146.90571154 -449.63553291
v 123.26005554 -105.73870238 -472.82308762
v -82.11898804 451.34915941 -173.03020687
v -99.08551788 433.33677469 -208.7800097
v -61.53493881 -484.35755494 -21.92447801
v -20.39686775 -488.07139338 -7.77371023
v -20.56202698 -488.07139344 -7.32627535
v 433.96569824 -146.90590547 198.78335969
v -433.41714478 186.95503482 161.09479194
v -447.41479492 146.90579538 166.29785035
v 271.12307739 -146.90573442 -392.85126362
v 239.76052856 -262.49054492 -347.40609027
v 225.53567505 -297.4023507 -326.79406564
v 122.70851898 -186.95522318 445.81169668
v -164.51725769 433.33676845 -162.29876435
v -136.34680176 451.34915423 -134.50873907
v -61.60400391 -330.05142919 363.81888241
v -29.65988922 -330.05142972 367.80374556
v 253.15957642 -297.40235351 -305.89474384
v 278.8565979 -297.40235663 -282.66613746
v 376.43566895 105.73874694 311.53213855
v 382.27532959 63.76661791 316.36681903
v 106.15039062 -387.5824836 285.58877482
v 262.68988037 -330.0513846 259.14301319
v -333.35568237 330.05029093 158.21404345
v -210.10565186 433.33675957 -96.24250745
v -107.13935852 465.92510812 -105.69469696
v -0.14514136 -488.07139149 -21.82938764
v 342.51461792 297.40251315 -200.86233415
v 385.20718384 -21.31005683 318.7931686
v 385.20718384 21.30987007 318.79317432
v 28.01428604 484.35654287 59.02057087
v 303.33447266 -387.58238035 -28.61395796
v 18.07160187 -488.07139278 -12.25106652
v 18.58910751 -488.07139289 -11.4512876
v 18.33485794 -488.07139283 -11.85367998
v 76.12214661 -262.49076946 415.18790828
v 71.60574341 -297.40256915 390.55490883
v 11.04776096 488.0713919 18.8354741
v 11.45615864 488.07139193 18.5892354
v 324.73431396 186.95519225 -329.17220482
v -37.82984543 -484.35755073 -53.25696023
v -11.04075336 -488.0713919 -18.83146866
v -414.98519897 146.90592571 -235.84840664
v -402.0015564 186.9551482 -228.47024294
v -18.48900986 -488.07139287 -11.6044372
v 2.52646065 -488.07139734 21.68595167
v 2.99992204 -488.07139733 21.62489172
v 11.20191097 -488.07139191 -18.73937997
v 11.60730553 -488.07139194 -18.49013719
v 284.00964355 21.31008264 -411.52339003
v 247.06164551 21.31008957 -434.70997371
v 131.68225098 63.76657706 478.41448194
v 67.8360672 -412.02772193 -260.21528693
v -136.0335083 412.0278491 -231.96755755
v -1.01899242 465.92511414 -150.49729248
v 12.10178757 465.92511407 -150.01480958
v 13.78242397 -488.0713967 16.93332732
v 13.03169346 -488.07139678 17.51789723
v 13.41006184 -488.07139674 17.22961676
v 487.04638672 -105.73885511 39.28018541
v 122.70851898 186.95496605 445.81180796
v -262.81600952 387.58233297 154.1280833
v 17.99052429 -451.34916178 190.68238217
v 21.70714378 -433.33781515 230.07772321
v -37.73775864 476.95626563 -101.54065815
v -488.60891724 -105.73884265 3.31919764
v 19.07357788 488.07139586 -10.63019643
v -16.31489182 488.07139248 14.50726151
v -16.626194 488.07139253 14.14891267
v -252.0605011 -412.02783052 93.68803653
v -285.58514404 -387.58242897 106.14816817
v -260.21246338 -412.0277783 -67.83212243
v 54.94651794 -387.58248549 299.68347038
v 27.328619 476.95626607 -104.8238459
v 37.96697998 465.92511348 -145.63456071
v 156.14408875 -451.34906022 -110.91905556
v -20.72018242 488.07139535 -6.87654399
v 251.01849365 63.76659146 428.03145754
v -5.33019161 -488.07139158 -21.16974449
v 287.36889648 63.76659462 404.52559897
v 34.5426445 451.34904982 188.39043505
v 14.13777065 465.92501275 149.83692576
v 16.63220024 488.07139633 -14.14661763
v 16.00058556 488.07139642 -14.85831042
v 16.32089615 488.07139638 -14.50696823
v 174.20367432 -21.31009986 468.68403261
v -443.92437744 -225.58075745 3.01586639
v -163.99473572 -105.73897271 460.28079279
v -206.64328003 -63.76685073 451.12891276
v -491.81005859 -21.30998987 90.16972519
v -257.09542847 -225.58064739 -361.91517905
v -173.02653503 -451.34911668 82.12076327
v -389.1289978 -146.90593116 276.43090952
v 199.35217285 -433.3377075 -116.90586935
v 188.4045105 -433.33770522 -133.83535027
v -19.06757164 488.071393 10.63249147
v -19.29579544 488.07139305 10.214085
v -6.70352936 -488.07139164 -20.77436067
v 192.56756592 186.9552045 -420.38497026
v -117.80674744 225.58089085 -428.02137838
v -122.7035141 186.95522318 -445.81270376
v -2.69362354 -297.40234126 -397.05440869
v -2.86378932 -262.49053489 -422.09776862
v 3.39830995 -21.31010978 499.99946122
v -130.84243774 -465.92602997 -74.36248681
v -166.51319885 -451.34906241 -94.63420505
v -219.34965515 225.58064416 385.96156495
v 58.2977829 -433.33769316 -223.6257067
v -7.15496922 -488.07139166 -20.62421419
v 208.23382568 21.31009605 -454.58930653
v -74.1151886 225.58062195 437.70793159
v 333.38272095 360.18717491 56.45203468
v 300.40560913 387.58237736 50.86860731
v -190.6787262 -451.34910806 17.98836686
v -21.73416901 488.07139415 2.05214328
v 10.21595097 488.07139183 19.29892356
v 9.79253769 488.0713918 19.51713759
v 93.44602203 -476.95719067 -54.79845927
v 129.82545471 -465.92602973 -76.13320819
v -50.32402039 -484.35755229 -41.6506679
v -223.62281799 -433.33774589 -58.2948484
v 441.43496704 105.73890087 -209.50380858
v 80.05997467 -225.58089201 436.65980582
v 299.68591309 -387.58237681 -54.9435736
v -4.86674023 -488.07139157 -21.27985191
v 165.2169342 -451.34906211 -96.88840877
v 190.20425415 -433.33780188 131.26458572
v -120.40328217 -146.9059866 461.88735459
v -98.48292542 -476.95719197 -45.11203535
v -102.03939056 -476.95719315 -36.35651578
v -173.05355835 387.58231999 250.76008378
v -21.82225609 488.07139434 0.6257556
v -21.83026314 488.07139441 0.14929207
v -197.42228699 -387.5823225 -232.06190326
v -216.61698914 -433.33776454 80.51420599
v -179.52487183 -451.34911461 66.72778131
v -208.77536011 -433.33779755 99.08727969
v -461.88388062 146.90587968 -120.40410517
v -106.5477829 476.95621884 19.53615236
v -221.32156372 412.02783845 -152.74247786
v 20.63009262 488.07139539 -7.15681646
v 20.78024101 488.07139533 -6.7053771
v 259.27355957 -412.02777782 -71.36155652
v 46.96474457 -21.31010949 497.80131066
v 265.14224243 412.02778138 44.89780849
v -184.8770752 225.58064179 403.6097577
v -108.31950378 -476.95719813 0.73657319
v -11.77747154 -484.35754925 -64.25567048
v 12.79346085 488.0713968 -17.69406758
v 13.17683411 488.07139677 -17.40979253
v 97.86631775 -476.95719179 -46.4463363
v -164.51623535 -433.3377014 -162.29903338
v 16.31789398 -488.07139248 -14.50425839
v 12.79145908 -488.07139205 -17.69135869
v 13.92155933 -488.07139217 -16.81851021
v 145.88409424 451.34915284 -124.1066093
v -149.74584961 433.33677029 -176.02013839
v 19.51901245 488.07139574 -9.7883767
v 318.79550171 21.3100772 -385.20478742
v 351.1550293 21.31006754 -355.95430014
v -326.79431152 -297.40239482 -225.5325182
v -198.25511169 -186.95498508 -417.73249373
v -154.66464233 225.58087399 -416.12480286
v 363.82235718 -330.05135806 61.60684136
v -237.45828247 -360.18724535 240.70909559
v -2.99391603 -488.07139152 -21.62418555
v -5.04191113 -488.07139728 21.24051902
v -16.47604752 -484.35756638 63.21535634
v -4.11000347 -488.07139731 21.44071433
v -4.57745886 -488.07139729 21.34561965
v -1.01899242 -465.92598922 -150.49557137
v 12.10078621 -465.92598929 -150.01308847
v 2.50944424 330.05023209 368.99112058
v 46.60539627 -63.76686412 494.01263932
v -62.73110199 -476.95718616 -88.3110657
v 7.1599741 -488.0713972 20.62391901
v 6.70953512 -488.07139722 20.7760682
v 447.42178345 146.9059011 -166.29674276
v -167.06672668 360.18708196 293.96710987
v -192.05206299 360.18711459 278.28788067
v 395.66540527 -262.49060236 -147.06016512
v 416.12731934 -225.58070575 -154.6655371
v -345.20724487 297.40251252 -196.19178682
v -21.47291565 488.0713939 3.93797838
v -64.25559235 484.35654922 11.78160841
v -21.55399323 488.07139396 3.46852149
v 50.82950592 451.34905032 184.66381165
v -335.47677612 330.05039387 -153.67040633
v -360.99359131 297.40250838 -165.3578035
v 451.13241577 -63.7667721 206.64704857
v 14.28491402 -488.07139221 -16.51021211
v 14.64226151 -488.07139225 -16.19490259
v 21.66910744 488.07139406 2.70377747
v 21.72215843 488.07139413 2.23031681
v 21.38482857 -488.07139384 -4.4044324
v 8.05284405 -488.07139715 20.29359675
v 22.76317024 -484.35756611 61.23443371
v 7.60841084 -488.07139718 20.46376276
v 28.01328468 -484.35756581 59.01727452
v 8.93069935 -488.0713971 19.92223599
v 8.49427319 -488.07139713 20.11242153
v 351.1550293 -21.30985936 -355.95430586
v 372.18951416 -297.40240654 -138.33368391
v 381.34143066 -262.4905978 -180.98415993
v 50.82950592 -451.34916097 184.66152361
v 34.54164505 -451.34916147 188.38816228
v 41.6785965 433.33665507 227.3123063
v 478.41799927 -63.76667324 -131.67914224
v -56.44798279 -360.18728832 333.37826661
v 444.23867798 -105.73890006 203.4899538
v -200.91769409 433.33676198 -114.18797193
v 2.23217416 488.07139734 -21.71898313
v 20.92237854 488.07139527 -6.25093461
v 20.72218513 -488.07139535 6.87754439
v 176.02244568 -433.33770308 -149.74582641
v 80.85675812 -387.5824847 293.75469861
v 61.5329361 476.95623345 -89.15560303
v 9.36412144 488.07139178 19.72533803
v -184.8770752 -225.58087231 403.60963605
v -318.29803467 -330.05137487 186.66550713
v -333.35568237 -330.05137104 158.21383269
v -160.20103455 -146.90598495 449.6354324
v -20.71717834 -488.0713935 -6.87583686
v 31.97914886 -451.34904975 -188.83986741
v 403.61312866 225.58070169 184.87993731
v 19.29979897 488.0713958 -10.21279037
v 37.7427597 -476.95724219 101.53865162
v -2.70063043 488.07139152 21.66722868
v 336.63287354 -360.18717823 -31.75600586
v -8.70447826 -476.95724305 107.97491544
v -2.52045512 -488.07139151 -21.68424605
v 16.20078087 488.07139246 14.64139198
v -318.51123047 360.18722826 -113.48430746
v -13.54519272 -488.07139673 17.11850798
v -0.62160546 488.07139736 -21.82408567
v 184.88308716 225.58087231 -403.60862897
v 21.44288635 -488.07139498 4.11385592
v 1.28224897 -488.0713915 -21.7933502
v -63.21357346 484.35655302 -16.47788732
v -20.86532211 488.07139529 -6.42310286
v -20.62408829 488.07139346 7.15911246
v 21.56000137 488.07139489 -3.46622573
v 21.63006973 488.07139483 -2.99576796
v -29.65988922 330.05023225 367.8049634
v -27.17747116 -360.18728881 337.03082386
v -2.22616839 488.07139151 21.72027968
v -7.77156973 488.07139169 20.40299991
v 74.12120056 225.58089215 -437.70683337
v 152.74478149 -412.02772716 -221.32145892
v -17.69023132 -488.07139271 -12.78858977
v -17.40695381 -488.07139266 -13.17196301
v -21.23968887 488.0713951 -5.04476171
v 125.17292786 63.76685463 -480.1591852
v 123.26005554 105.7389744 -472.82299817
v -17.79633331 488.07139273 12.64544993
v -17.51706123 488.07139268 13.03082494
v -257.28659058 297.40255731 -302.42814183
v -229.94897461 297.40256017 -323.70185326
v -428.02789307 -63.76678569 251.01519585
v 131.2668457 -433.33769765 -190.20119307
v 16.93749809 488.07139628 -13.7812612
v 17.23378563 488.07139623 -13.40789867
v 17.52306747 488.07139618 -13.0285299
v -327.18771362 360.18719396 -85.29187221
v -34.65375137 330.0504531 -367.36835128
v 10.63435841 488.07139186 19.07170303
v -18.0685997 488.07139278 12.25406868
v 21.60504341 488.071394 3.17623701
v 10.63335705 -488.07139699 19.06840568
v -69.06227112 -476.95720924 83.45405751
v 48.31705856 -451.34905023 -185.33446592
v -16.93148994 488.07139258 13.78255584
v 21.35079765 488.07139381 4.58160505
v -10.62735176 -488.07139186 -19.06769951
v 111.98807526 225.58089106 -429.58189468
v -62.98334885 484.35654847 17.33801424
v 14.99360466 488.07139656 -15.87329737
v 21.17262268 -488.07139371 -5.33233506
v 21.28373146 -488.07139377 -4.86888417
v -188.83694458 -451.34910135 -31.97524494
v -0.80077994 -488.07139736 21.81707807
v -1.27724409 -488.07139736 21.79405637
v -8.4882679 -488.07139172 -20.11171536
v 8.49527454 488.07139172 20.11571888
v 8.93169975 488.07139175 19.92553334
v 125.17292786 -63.76657683 -480.15920234
v 6.70953512 488.07139164 20.77836229
v 10.21494961 -488.07139702 19.29662566
v -17.22878075 488.07139263 13.41019371
v -4.40128708 -488.07139155 -21.38195228
v 123.26005554 -105.73870238 -472.82308762
v -13.77741909 -488.07139215 -16.93262115
v -0.32531688 -488.07139736 21.82909246
vn 0.58837 -0.59642 -0.54595
vn 0.67226 -0.57192 -0.47002
vn 0.61986 -0.62835 -0.47002
vn 0.63811 -0.54286 -0.54595
vn 0.92071 -0.00626 -0.39015
vn 0.94861 0.07648 -0.30696
vn 0.95169 -0.00644 -0.30696
vn 0.91775 0.07401 -0.39015
vn 0.13987 -0.82604 0.54595
vn 0.18519 -0.86319 0.46968
vn 0.17582 -0.81939 0.54558
vn 0.14737 -0.87024 0.47002
vn 0.41014 -0.19465 0.89099
vn 0.4958 -0.18427 0.84863
vn 0.42552 -0.15815 0.89099
vn 0.47786 -0.22678 0.84863
vn 0.58702 -0.70931 0.39015
vn 0.66836 -0.67751 0.30699
vn 0.6466 -0.65548 0.39015
vn 0.60677 -0.73318 0.30699
vn 0.04825 -0.59835 -0.79977
vn 0.11142 -0.65801 -0.74471
vn 0.05365 -0.66521 -0.74468
vn 0.10022 -0.59185 -0.79977
vn 0.25974 -0.84375 -0.46965
vn 0.30903 -0.86734 -0.39012
vn 0.27094 -0.88009 -0.38981
vn 0.29624 -0.83145 -0.47002
vn 0.03888 0.03671 0.99857
vn 0.09156 0.09033 0.99167
vn 0.03806 0.03751 0.99857
vn 0.09909 0.082 0.99167
vn 0.04038 0.03494 0.99857
vn 0.04117 0.03406 0.99857
vn 0.03964 0.03583 0.99857
vn 0.30366 0.51781 -0.79977
vn 0.22678 0.47786 -0.84863
vn 0.25739 0.54231 -0.79977
vn 0.26759 0.45628 -0.84863
vn 0.05121 -0.01535 0.99857
vn 0.12403 -0.03412 0.99167
vn 0.05148 -0.01419 0.99857
vn 0.12058 -0.0448 0.99167
vn 0.05048 -0.01755 0.99857
vn 0.05005 -0.01856 0.99857
vn 0.05087 -0.01642 0.99857
vn 0 0 1
vn 0.00073 -0.05344 0.99857
vn 0.00195 -0.05344 0.99857
vn -0.36973 0.06778 -0.92663
vn -0.29395 0.02771 -0.95541
vn -0.37422 0.03528 -0.92663
vn -0.29041 0.05322 -0.95541
vn 0.04117 0.03397 -0.99857
vn 0 0 -1
vn 0.04041 0.03504 -0.99857
vn -0.026 -0.04669 -0.99857
vn -0.02496 -0.04733 -0.99857
vn -0.08853 0.19333 -0.97711
vn -0.14588 0.25669 -0.95541
vn -0.12293 0.26841 -0.95541
vn -0.10508 0.18488 -0.97711
vn -0.59487 0.42256 -0.68377
vn -0.5757 0.3376 -0.74468
vn -0.62941 0.36912 -0.68377
vn -0.54408 0.38649 -0.74468
vn 0.04648 0.0264 0.99857
vn 0.04581 0.02741 0.99857
vn -0.83508 -0.06732 -0.54595
vn -0.7756 -0.13132 -0.61736
vn -0.82604 -0.13987 -0.54595
vn -0.78411 -0.06323 -0.61736
vn 0.30387 -0.66338 -0.68377
vn 0.32975 -0.58022 -0.74471
vn 0.36052 -0.63439 -0.68377
vn 0.27793 -0.60674 -0.74468
vn -0.683 0.48518 -0.54595
vn -0.67858 0.39793 -0.61736
vn -0.72268 0.42381 -0.54595
vn -0.64129 0.45558 -0.61736
vn 0.9826 -0.18015 0.04462
vn 0.98666 -0.09308 0.13346
vn 0.97479 -0.17872 0.13346
vn 0.99457 -0.09381 0.04462
vn 0.83779 -0.00568 -0.54595
vn 0.78411 0.06323 -0.61736
vn 0.83508 0.06732 -0.54595
vn 0.78661 -0.00531 -0.61736
vn -0.47588 0.68954 -0.54595
vn -0.56273 0.67998 -0.47002
vn -0.50133 0.72643 -0.47002
vn -0.53413 0.64544 -0.54595
vn -0.45396 0.00305 0.89099
vn -0.52724 -0.04251 0.84863
vn -0.4525 -0.03647 0.89099
vn -0.52895 0.00357 0.84863
vn -0.66442 0.06265 0.74471
vn -0.72967 0.00494 0.68377
vn -0.66735 0.00452 0.74471
vn -0.72646 0.06851 0.68377
vn -0.14588 0.25669 0.95541
vn -0.12076 0.17502 0.97711
vn -0.10504 0.18488 0.97711
vn -0.1677 0.24299 0.95541
vn 0.04315 -0.12116 0.99167
vn 0.01904 -0.04996 0.99857
vn 0.01788 -0.05029 0.99857
vn 0.02115 -0.04907 0.99857
vn 0.05356 -0.11695 0.99167
vn 0.02225 -0.04862 0.99857
vn 0.02014 -0.04947 0.99857
vn -0.42766 -0.15232 0.89099
vn -0.34172 -0.15653 0.92663
vn -0.35408 -0.12613 0.92663
vn -0.41273 -0.18906 0.89099
vn -0.20576 -0.05362 -0.97711
vn -0.27812 -0.09906 -0.95541
vn -0.28571 -0.07447 -0.95541
vn -0.20032 -0.07135 -0.97711
vn 0.10755 0.18342 0.97711
vn 0.12659 0.26673 0.95541
vn 0.09116 0.19211 0.97711
vn 0.14936 0.25468 0.95541
vn 0.97092 -0.09159 0.22117
vn 0.95169 -0.00644 0.30696
vn 0.94748 -0.08936 0.30699
vn 0.97519 -0.00662 0.22117
vn -0.73318 -0.60677 0.30699
vn -0.69424 -0.6849 0.22117
vn -0.67751 -0.66836 0.30699
vn -0.7513 -0.62175 0.22117
vn 0.05866 -0.72732 -0.68377
vn 0.13132 -0.7756 -0.61736
vn 0.0632 -0.78411 -0.61736
vn 0.1218 -0.71941 -0.68377
vn -0.22431 0.3947 -0.89099
vn -0.21351 0.30937 -0.92663
vn -0.25785 0.37364 -0.89099
vn -0.18574 0.32679 -0.92663
vn -0.01526 -0.05121 -0.99857
vn -0.01651 -0.0509 -0.99857
vn 0.55245 -0.56001 -0.61736
vn 0.55577 -0.47279 -0.68377
vn 0.59914 -0.50972 -0.61736
vn 0.51244 -0.51946 -0.68377
vn 0.35234 -0.13095 -0.92663
vn 0.28465 -0.07834 -0.95541
vn 0.36241 -0.09973 -0.92663
vn 0.27674 -0.10285 -0.95541
vn -0.05307 0.00616 0.99857
vn -0.12806 0.01209 0.99167
vn -0.05322 0.00494 0.99857
vn -0.12653 0.02319 0.99167
vn -0.05274 0.00845 0.99857
vn -0.05258 0.00964 0.99857
vn -0.05295 0.00729 0.99857
vn 0.49828 0.17753 -0.84863
vn 0.54576 0.24998 -0.79977
vn 0.56548 0.20145 -0.79977
vn 0.48091 0.22028 -0.84863
vn -0.41603 0.90823 -0.04462
vn -0.49361 0.86853 0.04462
vn -0.41603 0.90823 0.04462
vn -0.49361 0.86853 -0.04462
vn 0.09909 -0.27812 0.95541
vn 0.08853 -0.19333 0.97711
vn 0.07135 -0.20029 0.97711
vn 0.12296 -0.26844 0.95541
vn -0.34803 -0.9364 -0.04462
vn -0.26511 -0.96316 0.04462
vn -0.34803 -0.9364 0.04462
vn -0.26511 -0.96316 -0.04462
vn -0.70128 0.59661 0.39015
vn -0.71957 0.51115 0.47002
vn -0.67226 0.57195 0.47002
vn -0.75063 0.53322 0.39015
vn -0.40614 0.88662 -0.22117
vn -0.48967 0.8616 -0.13346
vn -0.4127 0.901 -0.13349
vn -0.48186 0.84787 -0.22117
vn -0.42833 -0.90249 -0.04462
vn -0.42833 -0.90249 0.04462
vn 0.05319 -0.00504 0.99857
vn 0.05325 -0.00388 0.99857
vn 0.03504 -0.04056 -0.99854
vn 0.03418 -0.04126 -0.99854
vn 0.9364 -0.34803 -0.04462
vn 0.9555 -0.26298 -0.13349
vn 0.96316 -0.26508 -0.04462
vn 0.92895 -0.34526 -0.13346
vn 0.50832 -0.43242 0.74471
vn 0.59484 -0.42256 0.68377
vn 0.54405 -0.38649 0.74471
vn 0.55577 -0.47279 0.68377
vn -0.10019 0.59185 0.79977
vn -0.13343 0.51186 0.84863
vn -0.08829 0.52153 0.84863
vn -0.15143 0.58086 0.79977
vn -0.32975 0.58019 0.74471
vn -0.41444 0.60054 0.68377
vn -0.37907 0.54924 0.74471
vn -0.36052 0.63439 0.68377
vn -0.18906 0.41273 -0.89099
vn -0.15653 0.34175 -0.92663
vn -0.15653 0.34172 0.92663
vn -0.22431 0.39467 0.89099
vn -0.18574 0.32679 0.92663
vn -0.18906 0.41273 0.89099
vn 0.47023 -0.82742 -0.30696
vn 0.55391 -0.80264 -0.22117
vn 0.48186 -0.84787 -0.22117
vn 0.54057 -0.78326 -0.30696
vn -0.12616 0.35408 -0.92663
vn -0.15235 0.42763 -0.89099
vn 0.04395 0.03034 0.99857
vn 0.04331 0.03122 0.99857
vn -0.05289 -0.00766 -0.99857
vn -0.05307 -0.00659 -0.99857
vn 0.49403 0.34095 -0.79977
vn 0.51415 0.42549 -0.74468
vn 0.54927 0.37907 -0.74471
vn 0.46245 0.3827 -0.79977
vn -0.22263 0.85409 0.47002
vn -0.28117 0.78921 0.54595
vn -0.21131 0.81069 0.54595
vn -0.29624 0.83145 0.47002
vn 0.07385 0.78317 -0.61736
vn 0.00568 0.83779 -0.54595
vn 0.07868 0.8341 -0.54595
vn 0.00534 0.78665 -0.61736
vn 0.03546 0.03992 -0.99857
vn 0.03464 0.04065 -0.99857
vn 0.39631 -0.86523 -0.30699
vn 0.40614 -0.88662 -0.22117
vn -0.51946 -0.51244 -0.68377
vn -0.43245 -0.50832 -0.74471
vn -0.47279 -0.55574 -0.68377
vn -0.47508 -0.46867 -0.74471
vn -0.20966 -0.03549 0.97711
vn -0.12449 -0.03241 0.99167
vn -0.12683 -0.02145 0.99167
vn -0.20576 -0.05362 0.97711
vn -0.03833 -0.20914 0.97711
vn -0.02771 -0.29395 0.95541
vn -0.01996 -0.21171 0.97711
vn -0.05322 -0.29041 0.95541
vn 0.12653 -0.02319 0.99167
vn 0.05271 -0.00858 0.99857
vn 0.05252 -0.00955 0.99857
vn 0.05304 -0.0061 0.99857
vn 0.12806 -0.01205 0.99167
vn 0.05298 -0.00732 0.99857
vn -0.03916 0.03635 0.99857
vn -0.03989 0.03549 0.99857
vn 0.51115 0.71957 0.47002
vn 0.46577 0.79424 0.39012
vn 0.44649 0.76138 0.47002
vn 0.53322 0.7506 0.39015
vn -0.05643 -0.20502 -0.97711
vn -0.02316 -0.1265 -0.99167
vn -0.03833 -0.20914 -0.97711
vn -0.03412 -0.124 -0.99167
vn -0.14185 -0.77377 0.61736
vn -0.07868 -0.8341 0.54595
vn -0.07385 -0.78317 0.61736
vn -0.1511 -0.82406 0.54595
vn 0.04779 -0.02402 0.99857
vn 0.11618 -0.05515 0.99167
vn 0.04828 -0.02283 0.99857
vn 0.11097 -0.06507 0.99167
vn 0.04672 -0.02597 0.99857
vn 0.04608 -0.02704 0.99857
vn 0.04721 -0.02496 0.99857
vn 0.15571 -0.50591 -0.84838
vn 0.20145 -0.56545 -0.79977
vn 0.1767 -0.57405 -0.79949
vn 0.17753 -0.49828 -0.84863
vn -0.20145 0.56545 0.79977
vn -0.22028 0.48091 0.84863
vn -0.17753 0.49828 0.84863
vn -0.24998 0.54576 0.79977
vn -0.04666 0.02603 0.99857
vn -0.04727 0.02493 0.99857
vn 0.8005 0.45494 0.39015
vn 0.78326 0.54057 0.30699
vn 0.75777 0.52297 0.39015
vn 0.82742 0.47023 0.30699
vn 0.60292 -0.28614 -0.74468
vn 0.56267 -0.20911 -0.79977
vn 0.62557 -0.23249 -0.74468
vn 0.54231 -0.25736 -0.79977
vn -0.29041 0.05322 0.95541
vn -0.21171 0.01996 0.97711
vn -0.20914 0.03833 0.97711
vn -0.29395 0.02771 0.95541
vn 0.22431 -0.3947 -0.89099
vn 0.21351 -0.30937 -0.92663
vn 0.25785 -0.37364 -0.89099
vn 0.18574 -0.32679 -0.92663
vn -0.48143 -0.82095 0.30696
vn -0.41813 -0.88104 0.22117
vn -0.40803 -0.8598 0.30696
vn -0.49333 -0.84124 0.22117
vn -0.55574 0.47279 0.68377
vn -0.64132 0.45555 0.61736
vn -0.59484 0.42256 0.68377
vn -0.59914 0.50972 0.61736
vn -0.00967 -0.05271 -0.99854
vn -0.01413 -0.05155 -0.99857
vn -0.01306 -0.05179 -0.99857
vn -0.0119 -0.05219 -0.99854
vn -0.01071 -0.05246 -0.99854
vn -0.16196 0.13779 -0.97711
vn -0.2407 0.17096 -0.95541
vn -0.22486 0.19132 -0.95541
vn -0.17335 0.12314 -0.97711
vn 0.12055 -0.0448 -0.99167
vn 0.20502 -0.05643 -0.97711
vn 0.19932 -0.07407 -0.97711
vn 0.124 -0.03412 -0.99167
vn -0.25736 -0.54231 -0.79977
vn -0.18427 -0.4958 -0.84863
vn -0.20911 -0.56267 -0.79977
vn -0.22678 -0.47786 -0.84863
vn 0.32759 -0.71517 0.61736
vn 0.36052 -0.63436 0.68377
vn 0.30387 -0.66338 0.68377
vn 0.38868 -0.68392 0.61736
vn 0.01297 0.05179 -0.99857
vn 0.01196 0.05216 -0.99857
vn -0.00357 -0.52895 -0.84863
vn 0.03647 -0.4525 -0.89099
vn 0.04251 -0.52724 -0.84863
vn -0.00305 -0.45396 -0.89099
vn 0.11695 0.05356 0.99167
vn 0.04807 0.02319 0.99857
vn 0.04855 0.02225 0.99857
vn 0.04697 0.02542 0.99857
vn 0.11182 0.06354 0.99167
vn 0.04761 0.02435 0.99857
vn 0.42155 -0.42732 -0.79977
vn 0.50832 -0.43245 -0.74468
vn 0.46867 -0.47508 -0.74471
vn 0.4572 -0.38896 -0.79977
vn 0.15888 -0.93835 0.30696
vn 0.19318 -0.90039 0.38984
vn 0.15372 -0.9078 0.39015
vn 0.19965 -0.9306 0.30671
vn 0.53322 0.7506 -0.39015
vn 0.48143 0.82095 -0.30696
vn 0.55116 0.77584 -0.30696
vn 0.46577 0.79424 -0.39015
vn 0.06354 -0.11182 0.99167
vn 0.10504 -0.18488 0.97711
vn 0.18427 0.4958 -0.84863
vn 0.15928 0.57875 -0.79977
vn 0.20911 0.56267 -0.79977
vn 0.14035 0.50999 -0.84863
vn -0.34526 -0.92895 -0.13346
vn -0.2588 -0.94024 -0.22117
vn -0.26298 -0.9555 -0.13346
vn -0.33973 -0.91412 -0.22117
vn -0.38343 0.83709 -0.39015
vn -0.47023 0.82742 -0.30699
vn -0.39634 0.86523 -0.30696
vn -0.45494 0.8005 -0.39012
vn -0.4572 0.38896 0.79977
vn -0.54405 0.38649 0.74471
vn -0.48936 0.34764 0.79977
vn -0.50832 0.43242 0.74471
vn -0.70608 -0.18403 0.68377
vn -0.74102 -0.26395 0.61736
vn -0.68734 -0.24485 0.68377
vn -0.76122 -0.19837 0.61736
vn 0.34172 0.15653 0.92663
vn 0.39467 0.22431 0.89099
vn 0.32679 0.18574 0.92666
vn 0.41273 0.18903 0.89099
vn -0.60027 0.00406 -0.79977
vn -0.66521 -0.05362 -0.74468
vn -0.66735 0.00452 -0.74468
vn -0.59835 -0.04825 -0.79977
vn -0.52724 -0.04251 -0.84863
vn -0.59185 -0.10022 -0.79977
vn -0.52153 -0.08832 -0.84863
vn 0.68392 0.38868 0.61736
vn 0.68954 0.47588 0.54595
vn 0.64742 0.44682 0.61736
vn 0.72839 0.41395 0.54595
vn -0.74279 0.63192 0.22117
vn -0.80792 0.57393 0.13349
vn -0.79504 0.56478 0.22117
vn -0.75484 0.64217 0.13346
vn 0.58086 0.1514 -0.79977
vn 0.62865 0.22398 -0.74471
vn 0.6458 0.16834 -0.74471
vn -0.26759 -0.45628 0.84863
vn -0.19465 -0.41011 0.89099
vn -0.22965 -0.39158 0.89099
vn -0.22678 -0.47789 0.84863
vn -0.10755 -0.18342 0.97711
vn -0.05515 -0.11621 0.99167
vn -0.06507 -0.11093 0.99167
vn -0.09116 -0.19211 0.97711
vn -0.78665 0.00534 0.61736
vn -0.83508 -0.06732 0.54595
vn -0.78411 -0.06323 0.61736
vn -0.83776 0.00568 0.54595
vn 0.04877 -0.02173 0.99857
vn 0.13095 0.35234 0.92663
vn 0.10285 0.27674 0.95541
vn 0.16114 0.33958 0.92663
vn -0.33958 0.16117 -0.92663
vn -0.42552 0.15815 -0.89099
vn -0.41011 0.19465 -0.89099
vn -0.35234 0.13095 -0.92663
vn 0.14588 -0.25669 -0.95541
vn 0.1677 -0.24299 -0.95541
vn 0.90249 -0.42833 0.04462
vn 0.9364 -0.34803 0.04459
vn 0.90249 -0.42833 -0.04462
vn 0.2779 -0.60674 0.74471
vn 0.29658 -0.52187 0.79977
vn 0.24998 -0.54573 0.79977
vn 0.32972 -0.58019 0.74471
vn 0.29417 0.34577 -0.89099
vn 0.30631 0.43123 -0.84863
vn 0.34275 0.40287 -0.84863
vn 0.26292 0.3701 -0.89099
vn -0.87979 -0.07096 0.47002
vn -0.82604 -0.13987 0.54595
vn -0.87027 -0.14734 0.46999
vn -0.05347 -0.00308 -0.99854
vn -0.05347 -0.00195 -0.99857
vn 0.7506 -0.53322 -0.39015
vn 0.82095 -0.48143 -0.30696
vn 0.77587 -0.55116 -0.30696
vn 0.79424 -0.46574 -0.39015
vn -0.71117 -0.70159 -0.04462
vn -0.6473 -0.76089 0.04462
vn -0.71117 -0.70159 0.04462
vn -0.6473 -0.76089 -0.04462
vn -0.75689 0.3592 -0.54595
vn -0.82733 0.3075 -0.47002
vn -0.79739 0.37843 -0.47002
vn -0.7853 0.29188 -0.54595
vn -0.59835 -0.04825 0.79977
vn -0.65801 -0.11142 0.74471
vn -0.59185 -0.10022 0.79977
vn -0.66521 -0.05362 0.74471
vn -0.04126 -0.03418 -0.99854
vn -0.09156 -0.09033 -0.99167
vn -0.09909 -0.082 -0.99167
vn -0.04053 -0.035 -0.99854
vn -0.0397 -0.03583 -0.99857
vn -0.03888 -0.03665 -0.99857
vn -0.03806 -0.03763 -0.99854
vn 0.72488 -0.61669 -0.30696
vn 0.70128 -0.59661 -0.39012
vn -0.58089 -0.15137 -0.79977
vn -0.51186 -0.1334 -0.84863
vn -0.4572 0.38896 -0.79977
vn -0.50832 0.43245 -0.74468
vn -0.48936 0.34764 -0.79977
vn 0.58702 -0.70931 -0.39015
vn 0.60677 -0.73318 -0.30699
vn 0.52297 -0.75777 -0.39015
vn 0.54576 0.24998 0.79977
vn 0.58022 0.32972 0.74471
vn 0.52187 0.29661 0.79977
vn 0.60674 0.2779 0.74471
vn 0.0419 0.03317 -0.99857
vn 0.04263 0.03235 -0.99857
vn 0.79504 -0.56478 0.22117
vn 0.85488 -0.50133 0.13349
vn 0.84124 -0.49333 0.22117
vn 0.80792 -0.57393 0.13346
vn -0.58022 -0.32975 -0.74468
vn -0.60054 -0.41444 -0.68377
vn -0.63436 -0.36052 -0.68377
vn -0.54927 -0.37907 -0.74471
vn 0.00085 0.1286 -0.99167
vn -0.00421 0.05335 -0.99857
vn -0.01032 0.12821 -0.99167
vn 0.00037 0.05344 -0.99857
vn -0.00082 0.05347 -0.99857
vn -0.00201 0.05344 -0.99857
vn -0.00317 0.05347 -0.99854
vn -0.81072 -0.21128 -0.54595
vn -0.83145 -0.29618 -0.47002
vn -0.85409 -0.2226 -0.47002
vn -0.78921 -0.28114 -0.54595
vn 0.57567 -0.3376 0.74471
vn 0.6592 -0.31285 0.68377
vn 0.60289 -0.28614 0.74471
vn 0.62941 -0.36912 0.68377
vn 0.59185 0.10019 0.79977
vn 0.51186 0.13343 0.84863
vn 0.52153 0.08832 0.84863
vn 0.58086 0.1514 0.79977
vn 0.68954 0.47588 -0.54595
vn 0.60601 0.50154 -0.61736
vn 0.64544 0.53417 -0.54595
vn 0.64742 0.44682 -0.61736
vn -0.94748 0.08936 0.30699
vn -0.92071 0.00623 0.39012
vn -0.91665 0.08646 0.39012
vn -0.95169 0.00644 0.30696
vn 0.12046 0.4377 -0.89099
vn 0.15815 0.42552 -0.89099
vn 0.48936 -0.34764 -0.79977
vn 0.54405 -0.38649 -0.74471
vn 0.42549 -0.51411 0.74471
vn 0.51244 -0.51946 0.68377
vn 0.46867 -0.47508 0.74471
vn 0.46519 -0.56212 0.68377
vn -0.52153 -0.08832 0.84863
vn 0.16196 -0.13779 -0.97711
vn 0.10486 -0.07447 -0.99167
vn 0.17335 -0.12314 -0.97711
vn 0.09796 -0.08335 -0.99167
vn 0.97711 0.16544 -0.13349
vn 0.96667 0.25199 -0.04462
vn 0.98495 0.16678 -0.04462
vn 0.95898 0.24998 -0.13349
vn 0.96152 0.16282 0.22117
vn 0.95898 0.24998 0.13349
vn 0.94366 0.24598 0.22117
vn 0.97711 0.16544 0.13349
vn 0.60054 0.41447 0.68377
vn 0.60604 0.50154 0.61736
vn 0.56212 0.46522 0.68377
vn 0.82095 -0.48143 0.30696
vn 0.77584 -0.55116 0.30696
vn -0.60677 0.73318 0.30696
vn -0.68487 0.69424 0.22117
vn -0.66836 0.67751 0.30696
vn -0.62175 0.7513 0.22117
vn -0.56291 0.81564 -0.13346
vn -0.5674 0.8222 -0.04462
vn -0.59764 0.05637 -0.79977
vn -0.52895 0.00357 -0.84863
vn -0.52663 0.04965 -0.84863
vn -0.04929 0.29112 0.95541
vn -0.09479 0.36372 0.92663
vn -0.07447 0.28571 0.95541
vn -0.06275 0.37062 0.92663
vn -0.50154 0.60601 -0.61736
vn -0.44682 0.64742 -0.61736
vn 0.63186 -0.76348 -0.13346
vn 0.56291 -0.81564 -0.13349
vn 0.62175 -0.7513 -0.22117
vn 0.64132 -0.45558 0.61736
vn 0.72271 -0.42381 0.54595
vn 0.67858 -0.39793 0.61736
vn 0.683 -0.48518 0.54595
vn 0.05338 -0.00146 0.99857
vn 0.12864 -0.00085 0.99167
vn 0.05344 -0.0004 0.99857
vn 0.05341 -0.00269 0.99857
vn 0.85977 -0.40803 0.30699
vn 0.86303 -0.32078 0.39015
vn 0.83181 -0.39476 0.39015
vn 0.89209 -0.33155 0.30696
vn -0.54573 -0.24998 0.79977
vn -0.58019 -0.32975 0.74471
vn -0.52187 -0.29658 0.79977
vn -0.60674 -0.2779 0.74471
vn 0.01685 -0.05072 0.99857
vn 0.03784 -0.12305 0.99167
vn 0.01459 -0.05139 0.99857
vn 0.01401 -0.05155 0.99857
vn 0.01572 -0.05109 0.99857
vn 0.24299 0.1677 -0.95541
vn 0.16382 0.13556 -0.97711
vn 0.22745 0.18824 -0.95541
vn 0.17499 0.12079 -0.97711
vn -0.94861 -0.07651 -0.30696
vn -0.9078 -0.15369 -0.39015
vn -0.93835 -0.15888 -0.30699
vn -0.91775 -0.07401 -0.39012
vn 0.9078 0.15372 0.39015
vn 0.85409 0.22263 0.47002
vn 0.87027 0.14734 0.47002
vn 0.89096 0.23225 0.39015
vn -0.51411 -0.42549 -0.74471
vn -0.56212 -0.46522 -0.68377
vn -0.64663 0.65548 -0.39015
vn -0.67226 0.57192 -0.47002
vn -0.70128 0.59661 -0.39015
vn -0.61986 0.62832 -0.47002
vn 0.87027 0.14734 -0.47002
vn 0.81069 0.21131 -0.54595
vn 0.85409 0.22263 -0.47002
vn 0.82604 0.13987 -0.54595
vn 0.62865 0.22398 0.74471
vn 0.56545 0.20145 0.79977
vn -0.64577 -0.16831 0.74471
vn -0.62865 -0.22394 0.74471
vn -0.05139 -0.01462 0.99857
vn -0.05109 -0.01575 0.99857
vn -0.30747 -0.82733 0.47002
vn -0.24433 -0.88772 0.39015
vn -0.23423 -0.85098 0.47002
vn -0.32075 -0.86303 0.39015
vn -0.25419 -0.68395 0.68377
vn -0.20875 -0.75845 0.61736
vn -0.19364 -0.70351 0.68377
vn -0.27406 -0.73736 0.61736
vn -0.04923 0.02078 0.99857
vn -0.04968 0.01968 0.99857
vn -0.73736 0.27406 -0.61736
vn -0.80776 0.2223 -0.54595
vn -0.75845 0.20875 -0.61736
vn -0.85098 0.23423 0.47002
vn -0.82406 0.15107 0.54595
vn -0.80776 0.22233 0.54595
vn -0.86816 0.15915 0.47002
vn 0.64342 -0.1771 0.74471
vn 0.7177 -0.13157 0.68377
vn 0.65642 -0.12033 0.74471
vn 0.70351 -0.19364 0.68377
vn 0.09796 -0.08335 0.99167
vn 0.17335 -0.12314 0.97711
vn 0.10486 -0.0745 0.99167
vn 0.16196 -0.13776 0.97711
vn -0.10486 0.07447 -0.99167
vn -0.09796 0.08335 -0.99167
vn -0.19932 0.07407 0.97711
vn -0.12403 0.03412 0.99167
vn -0.12058 0.0448 0.99167
vn -0.20502 0.05643 0.97711
vn -0.01205 -0.12806 -0.99167
vn -0.00143 -0.21262 -0.97711
vn -0.01996 -0.21171 -0.97711
vn -0.00085 -0.12864 -0.99167
vn 0.33155 0.89209 -0.30696
vn 0.2588 0.94024 -0.22117
vn 0.33973 0.91412 -0.22117
vn 0.25254 0.91757 -0.30696
vn -0.26136 0.45988 0.84863
vn 0.15238 -0.42763 -0.89099
vn 0.13367 -0.43422 -0.8908
vn 0.18427 0.49583 0.84863
vn 0.12046 0.4377 0.89099
vn 0.15815 0.42552 0.89099
vn 0.14035 0.50999 0.84863
vn -0.683 0.48518 0.54595
vn -0.67858 0.39793 0.61736
vn -0.72268 0.42381 0.54595
vn 0.79424 -0.46574 0.39015
vn 0.48936 -0.34764 0.79977
vn 0.51781 -0.30366 0.79977
vn 0.05643 0.20502 -0.97711
vn 0.05322 0.29041 -0.95541
vn 0.07834 0.28465 -0.95541
vn 0.03833 0.20914 -0.97711
vn -0.18015 -0.9826 0.04462
vn -0.09305 -0.98666 0.13346
vn -0.17872 -0.97479 0.13349
vn -0.09381 -0.99457 0.04459
vn -0.30045 0.43535 0.84863
vn -0.28944 0.34974 0.89099
vn -0.25785 0.37364 0.89099
vn -0.33726 0.40748 0.84863
vn -0.05362 0.66521 -0.74471
vn -0.10019 0.59185 -0.79977
vn -0.11142 0.65801 -0.74468
vn -0.04825 0.59835 -0.79977
vn -0.16196 0.13779 0.97711
vn -0.10486 0.0745 0.99167
vn -0.09796 0.08335 0.99167
vn -0.17335 0.12314 0.97711
vn 0.40614 -0.88662 0.22117
vn 0.47023 -0.82742 0.30696
vn 0.39631 -0.86526 0.30696
vn 0.48186 -0.84787 0.22117
vn 0.05341 -0.0015 -0.99857
vn 0.05344 -0.0004 -0.99857
vn 0.8005 0.45494 -0.39015
vn 0.72643 0.50133 -0.47002
vn 0.75777 0.52297 -0.39015
vn 0.76736 0.43611 -0.47002
vn -0.48518 -0.683 -0.54595
vn -0.44649 -0.76138 -0.47002
vn -0.51115 -0.71957 -0.47002
vn -0.42381 -0.72271 -0.54595
vn -0.17585 -0.95923 0.22117
vn -0.09159 -0.97092 0.22117
vn 0.31285 0.6592 -0.68377
vn 0.27406 0.73736 -0.61736
vn 0.33729 0.71068 -0.61736
vn 0.25419 0.68395 -0.68377
vn -0.86523 -0.39634 0.30699
vn -0.8005 -0.45494 0.39015
vn -0.83709 -0.38343 0.39015
vn -0.82739 -0.47023 0.30699
vn 0.83181 -0.39476 -0.39015
vn 0.85977 -0.40806 -0.30699
vn -0.25669 -0.14588 -0.95541
vn -0.17499 -0.12076 -0.97711
vn -0.24299 -0.1677 -0.95541
vn -0.18485 -0.10508 -0.97711
vn -0.36241 0.09973 -0.92663
vn -0.44652 0.08185 -0.89099
vn -0.4377 0.12046 -0.89099
vn -0.57567 0.3376 0.74471
vn -0.54231 0.25736 0.79977
vn -0.51781 0.30366 0.79977
vn -0.60289 0.28614 0.74471
vn -0.7055 -0.69601 -0.13349
vn -0.64217 -0.75481 -0.13349
vn -0.18824 0.22745 -0.95541
vn -0.23966 0.28956 -0.92663
vn -0.1677 0.24299 -0.95541
vn 0.19645 -0.63817 -0.74438
vn 0.24488 -0.68734 -0.68377
vn 0.21479 -0.69768 -0.68343
vn 0.22398 -0.62865 -0.74468
vn -0.08646 -0.91665 -0.39015
vn -0.00598 -0.88263 -0.47002
vn -0.00623 -0.92071 -0.39015
vn -0.08286 -0.87875 -0.47002
vn 0.00406 0.60027 0.79977
vn -0.04251 0.52724 0.84863
vn 0.00357 0.52895 0.84863
vn -0.04825 0.59835 0.79977
vn 0.97519 -0.00662 -0.22117
vn 0.97205 0.07837 -0.2212
vn -0.50972 -0.59917 0.61736
vn -0.48518 -0.683 0.54595
vn -0.45558 -0.64129 0.61736
vn -0.54286 -0.63811 0.54595
vn 0.82733 -0.3075 -0.47002
vn 0.80776 -0.22233 -0.54595
vn 0.85098 -0.23423 -0.47002
vn 0.7853 -0.29188 -0.54595
vn 0.41813 0.88104 -0.22117
vn 0.49333 0.84124 -0.22117
vn 0.40803 0.85977 -0.30699
vn -0.19843 0.76122 0.61736
vn -0.24488 0.68734 0.68377
vn -0.18406 0.70608 0.68377
vn -0.26402 0.74102 0.61736
vn 0.70553 0.69597 -0.13346
vn 0.64733 0.76089 -0.04462
vn 0.71117 0.70156 -0.04462
vn 0.64217 0.75484 -0.13346
vn -0.11451 0.43928 -0.89099
vn -0.09482 0.36372 -0.92663
vn 0.62175 -0.7513 0.22117
vn 0.68487 -0.69424 0.22117
vn -0.47279 -0.55574 0.68377
vn -0.38649 -0.54405 0.74471
vn -0.43242 -0.50829 0.74471
vn -0.42256 -0.59484 0.68377
vn -0.05344 -0.00418 -0.99854
vn -0.1268 -0.02145 -0.99167
vn -0.12821 -0.01032 -0.99167
vn -0.05332 -0.00543 -0.99854
vn -0.05271 -0.00891 -0.99857
vn -0.88772 0.24433 0.39012
vn -0.90564 0.16602 0.39012
vn 0.51946 0.51244 -0.68377
vn 0.56212 0.46522 -0.68377
vn 0.47508 0.4687 -0.74468
vn -0.81442 0.57854 -0.04462
vn -0.85488 0.50133 -0.13349
vn -0.86172 0.50536 -0.04462
vn -0.80792 0.57393 -0.13346
vn 0.93356 0.33262 -0.13349
vn 0.94104 0.33528 -0.04462
vn -0.69597 0.7055 -0.13346
vn -0.74279 0.63192 -0.22117
vn -0.75484 0.64217 -0.13346
vn -0.68487 0.69424 -0.22117
vn -0.52297 0.75781 0.39012
vn -0.56273 0.67998 0.47002
vn -0.50133 0.72643 0.47002
vn -0.58702 0.70934 0.39012
vn -0.79424 0.46577 0.39015
vn -0.76138 0.44649 0.47002
vn -0.06354 0.11182 0.99167
vn -0.07306 0.10587 0.99167
vn 0.71068 -0.33726 0.61736
vn -0.29429 -0.02371 0.95541
vn -0.21195 -0.01706 0.97711
vn -0.29112 -0.04929 0.95541
vn 0.63436 0.36055 0.68377
vn 0.66338 0.30387 0.68377
vn -0.06323 0.78411 -0.61736
vn -0.06732 0.83508 -0.54595
vn 0.00378 0.05329 0.99857
vn 0.00269 0.05338 0.99857
vn -0.48967 0.8616 0.13346
vn -0.55391 0.80264 0.22117
vn -0.48186 0.84787 0.22117
vn -0.56291 0.81564 0.13346
vn -0.10584 -0.07306 -0.99167
vn -0.11182 -0.06354 -0.99167
vn -0.08335 -0.09796 -0.99167
vn -0.03729 -0.03839 -0.99854
vn -0.03647 -0.03912 -0.99857
vn -0.03555 -0.03995 -0.99857
vn -0.03461 -0.04071 -0.99857
vn 0.92071 -0.00626 0.39015
vn 0.91665 -0.08646 0.39015
vn -0.93609 0.17161 0.30699
vn -0.64663 0.65545 0.39015
vn -0.72488 0.61669 0.30696
vn -0.04657 -0.02658 -0.99854
vn -0.04599 -0.02747 -0.99854
vn -0.04535 -0.02841 -0.99857
vn -0.04465 -0.02936 -0.99857
vn -0.04395 -0.03037 -0.99857
vn -0.92093 -0.24003 0.30696
vn -0.86734 -0.309 0.39015
vn -0.89099 -0.23218 0.39015
vn -0.89651 -0.31938 0.30696
vn 0.0043 -0.05325 0.99857
vn 0.00549 -0.05313 0.99857
vn 0.51411 0.42549 0.74471
vn 0.42735 0.42155 0.79977
vn 0.46245 0.3827 0.79977
vn 0.47508 0.46867 0.74471
vn -0.0521 0.01193 0.99857
vn -0.05231 0.01083 0.99857
vn 0.59487 -0.42256 -0.68377
vn -0.02548 0.04709 -0.99854
vn -0.02445 0.04758 -0.99857
vn -0.70159 0.71117 -0.04462
vn -0.76089 0.64733 0.04462
vn -0.70159 0.71117 0.04462
vn -0.76089 0.64733 -0.04462
vn 0.36241 -0.09973 0.92663
vn 0.44652 -0.08185 0.89099
vn 0.36973 -0.06778 0.92663
vn 0.4377 -0.12046 0.89099
vn 0.7513 0.62175 0.22117
vn 0.73318 0.60677 0.30699
vn 0.80264 0.55391 0.22117
vn 0.05261 -0.00961 -0.99857
vn 0.1265 -0.02319 -0.99167
vn 0.05158 -0.01413 -0.99857
vn 0.05179 -0.013 -0.99857
vn 0.05216 -0.01196 -0.99857
vn 0.05249 -0.01068 -0.99854
vn 0.05142 0.01462 0.99857
vn 0.05106 0.01578 0.99857
vn -0.05322 -0.29041 -0.95541
vn -0.02771 -0.29395 -0.95541
vn -0.90249 0.42833 0.04462
vn -0.86172 0.50536 0.04462
vn -0.90249 0.42833 -0.04462
vn -0.18406 0.70608 -0.68377
vn -0.26402 0.74102 -0.61736
vn -0.19843 0.76122 -0.61736
vn -0.24488 0.68734 -0.68377
vn 0.72643 0.50133 0.47002
vn 0.64544 0.53417 0.54595
vn 0.67998 0.56273 0.47002
vn 0.0448 0.12055 -0.99167
vn 0.07407 0.19932 -0.97711
vn 0.03412 0.124 -0.99167
vn 0.52028 -0.09537 -0.84863
vn 0.59764 -0.05637 -0.79977
vn 0.59044 -0.10822 -0.79977
vn 0.52663 -0.04965 -0.84863
vn -0.46245 -0.3827 -0.79977
vn -0.37654 -0.37147 -0.84863
vn -0.42735 -0.42155 -0.79977
vn -0.40751 -0.33723 -0.84863
vn -0.42491 -0.89532 0.13349
vn -0.33976 -0.91412 0.22117
vn -0.34526 -0.92895 0.13346
vn 0.23963 -0.28956 0.92663
vn 0.20734 -0.21018 0.95541
vn 0.18824 -0.22745 0.95541
vn 0.26399 -0.26759 0.92663
vn 0.03723 0.03836 0.99857
vn 0.03549 0.03992 0.99857
vn 0.08335 0.09796 0.99167
vn 0.03461 0.04065 0.99857
vn 0.03635 0.03916 0.99857
vn 0.15107 0.82406 -0.54595
vn 0.08289 0.87875 -0.47002
vn 0.15915 0.86816 -0.46999
vn 0.00357 0.52895 -0.84863
vn -0.03647 0.4525 -0.89099
vn -0.04251 0.52724 -0.84863
vn 0.00305 0.45396 -0.89099
vn 0.93609 -0.17161 -0.30699
vn 0.91665 -0.08646 -0.39015
vn 0.94748 -0.08936 -0.30699
vn 0.90564 -0.16602 -0.39015
vn -0.83181 0.39476 0.39015
vn -0.79739 0.37843 0.47002
vn 0.34892 -0.76168 0.54595
vn 0.43611 -0.76736 0.47002
vn 0.41395 -0.72839 0.54595
vn 0.3676 -0.80245 0.47002
vn 0.72268 -0.42381 -0.54595
vn 0.79739 -0.37843 -0.47002
vn 0.76138 -0.44649 -0.47002
vn 0.75689 -0.3592 -0.54595
vn 0.50154 -0.60601 -0.61736
vn 0.53417 -0.64544 -0.54595
vn -0.91757 0.25254 0.30696
vn 0.39467 0.22431 -0.89099
vn 0.30937 0.21348 -0.92663
vn 0.37364 0.25785 -0.89099
vn 0.32679 0.18571 -0.92663
vn 0.09116 0.19211 -0.97711
vn 0.10285 0.27674 -0.95541
vn 0.12659 0.26673 -0.95541
vn -0.01572 0.05109 0.99857
vn -0.01682 0.05072 0.99857
vn -0.60051 -0.41444 0.68377
vn -0.51411 -0.42549 0.74471
vn -0.54924 -0.37904 0.74471
vn -0.56212 -0.46522 0.68377
vn -0.17869 -0.97479 -0.13349
vn -0.18015 -0.9826 -0.04462
vn 0.17161 0.93609 -0.30699
vn 0.17585 0.95923 -0.22117
vn -0.11695 -0.05356 -0.99167
vn -0.04859 -0.02228 -0.99857
vn -0.04807 -0.02322 -0.99857
vn -0.04764 -0.02435 -0.99857
vn -0.04712 -0.02557 -0.99854
vn 0.45988 0.26136 -0.84863
vn 0.5219 0.29658 -0.79977
vn 0.8616 0.48967 0.13346
vn 0.8222 0.56743 0.04462
vn 0.81564 0.56291 0.13349
vn 0.86853 0.49361 0.04462
vn -0.58086 -0.15137 0.79977
vn 0.29392 -0.95477 0.04456
vn 0.33262 -0.93356 0.13346
vn 0.29154 -0.9472 0.13334
vn 0.33528 -0.94104 0.04459
vn -0.22233 -0.80776 0.54595
vn -0.15915 -0.86816 0.47002
vn -0.99576 -0.08029 0.04462
vn -0.97711 -0.16544 0.13346
vn -0.98782 -0.07965 0.13346
vn -0.98495 -0.16678 0.04462
vn 0.12821 0.01032 -0.99167
vn 0.20966 0.03549 -0.97711
vn 0.21195 0.01709 -0.97711
vn 0.1268 0.02145 -0.99167
vn 0.42833 0.90249 -0.04462
vn 0.34526 0.92895 -0.13346
vn 0.34803 0.9364 -0.04462
vn 0.42491 0.89532 -0.13346
vn -0.72488 0.61669 -0.30696
vn -0.75063 0.53322 -0.39015
vn -0.77584 0.55116 -0.30696
vn 0.52895 -0.00357 -0.84863
vn 0.60027 -0.00406 -0.79977
vn -0.82095 0.48143 0.30696
vn -0.88104 0.41813 0.22117
vn -0.8598 0.40803 0.30699
vn -0.84121 0.49333 0.22117
vn -0.81564 -0.56291 -0.13346
vn -0.7513 -0.62175 -0.22117
vn -0.76348 -0.63186 -0.13349
vn -0.80264 -0.55391 -0.22117
vn -0.42491 -0.89532 -0.13349
vn 0.49828 0.17753 0.84863
vn 0.42763 0.15235 0.89099
vn 0.48091 0.22028 0.84863
vn 0.82406 -0.15107 -0.54595
vn 0.87875 -0.08289 -0.46999
vn 0.86816 -0.15915 -0.47002
vn 0.8341 -0.07868 -0.54595
vn 0.18488 0.10508 0.97711
vn 0.24302 0.1677 0.95541
vn 0.17499 0.12079 0.97711
vn 0.25669 0.14588 0.95541
vn -0.05298 0.00739 -0.99857
vn -0.05307 0.00613 -0.99857
vn 0.28694 -0.9321 -0.22098
vn 0.31941 -0.89648 -0.30699
vn 0.32731 -0.91864 -0.2212
vn 0.28004 -0.90963 -0.30671
vn 0.85098 -0.23423 0.47002
vn 0.82406 -0.15107 0.54595
vn 0.80776 -0.2223 0.54595
vn 0.86816 -0.15915 0.47002
vn -0.19333 -0.08853 -0.97711
vn -0.56001 -0.55245 -0.61736
vn -0.60601 -0.50154 -0.61736
vn 0.01862 0.05008 -0.99857
vn 0.01746 0.05054 -0.99857
vn -0.00385 -0.05332 -0.99857
vn -0.00504 -0.05319 -0.99857
vn 0.15369 -0.9078 -0.39015
vn 0.19965 -0.9306 -0.30671
vn 0.15888 -0.93835 -0.30696
vn 0.19318 -0.90039 -0.38984
vn -0.05246 -0.0101 0.99857
vn -0.05225 -0.0112 0.99857
vn 0.08029 -0.99576 0.04462
vn 0.16678 -0.98495 -0.04462
vn 0.16678 -0.98495 0.04462
vn 0.08029 -0.99576 -0.04462
vn 0.60027 -0.00406 0.79977
vn 0.52724 0.04251 0.84863
vn 0.52895 -0.00357 0.84863
vn 0.59835 0.04825 0.79977
vn 0.27812 0.09909 0.95541
vn 0.26844 0.12296 0.95541
vn 0.35408 0.12613 0.92663
vn 0.19932 -0.07407 0.97711
vn 0.20502 -0.05643 0.97711
vn -0.36912 -0.62941 -0.68377
vn -0.33726 -0.71068 -0.61736
vn -0.39793 -0.67858 -0.61736
vn -0.31285 -0.6592 -0.68377
vn -0.05356 0.11695 -0.99167
vn -0.02646 0.0466 -0.99854
vn -0.06354 0.11182 -0.99167
vn -0.02222 0.04859 -0.99857
vn -0.02332 0.04807 -0.99857
vn -0.98495 -0.16678 -0.04462
vn -0.9667 -0.25193 0.04462
vn -0.9667 -0.25193 -0.04462
vn -0.04877 0.02173 0.99857
vn -0.04953 -0.02008 0.99857
vn -0.04904 -0.02109 0.99857
vn -0.00085 -0.12864 0.99167
vn 0.01709 -0.21195 0.97711
vn 0.01035 -0.12821 0.99167
vn -0.00143 -0.21262 0.97711
vn 0.00623 0.92071 -0.39015
vn -0.07096 0.87979 -0.47002
vn -0.07401 0.91775 -0.39015
vn 0.00598 0.88263 -0.47002
vn -0.16834 0.6458 -0.74468
vn -0.1514 0.58089 -0.79977
vn 0.05338 -0.00497 -0.99854
vn 0.05319 -0.00623 -0.99854
vn 0.18015 0.9826 -0.04462
vn 0.09305 0.98666 -0.13346
vn 0.09381 0.99457 -0.04462
vn 0.17872 0.97479 -0.13346
vn -0.57854 -0.81442 0.04462
vn -0.57854 -0.81442 -0.04462
vn 0.20734 -0.21018 -0.95541
vn 0.22489 -0.19129 -0.95541
vn 0.14933 -0.15137 -0.97711
vn 0.07385 0.78317 0.61736
vn 0.00568 0.83776 0.54595
vn 0.00534 0.78665 0.61736
vn 0.07868 0.8341 0.54595
vn -0.56548 -0.20142 0.79977
vn -0.48091 -0.22028 0.84863
vn -0.49828 -0.1775 0.84863
vn -0.05048 0.01752 0.99857
vn -0.05087 0.01639 0.99857
vn 0.23249 0.62554 0.74471
vn 0.19361 0.70351 0.68377
vn 0.1771 0.64342 0.74471
vn 0.25422 0.68395 0.68377
vn 0.93835 0.15888 0.30696
vn 0.92093 0.24006 0.30696
vn 0.70931 0.58702 -0.39015
vn 0.62835 0.61986 -0.47002
vn 0.65545 0.64663 -0.39015
vn 0.67998 0.56273 -0.47002
vn -0.03961 -0.03586 0.99857
vn -0.03885 -0.03668 0.99857
vn 0.26673 -0.12659 -0.95541
vn 0.19211 -0.09116 -0.97711
vn 0.48518 0.683 0.54595
vn 0.39793 0.67858 0.61736
vn 0.45558 0.64132 0.61736
vn 0.42381 0.72268 0.54595
vn -0.09033 0.09156 0.99167
vn -0.03836 0.03717 0.99857
vn -0.03751 0.03806 0.99857
vn -0.04068 0.03458 0.99857
vn 0.94104 0.33528 0.04462
vn 0.90823 0.41603 -0.04462
vn 0.90823 0.41603 0.04462
vn 0.10825 0.59044 -0.79977
vn 0.04965 0.52663 -0.84863
vn 0.05637 0.59764 -0.79977
vn 0.09537 0.52028 -0.84863
vn -0.09973 -0.36241 -0.92663
vn -0.06778 -0.36973 -0.92663
vn -0.07834 -0.28465 -0.95541
vn 0.59642 0.58837 -0.54595
vn 0.50972 0.59917 0.61736
vn 0.54286 0.63811 0.54595
vn -0.03314 0.0419 -0.99857
vn -0.03229 0.0426 -0.99857
vn -0.76122 -0.19837 -0.61736
vn 0.30644 -0.21766 -0.92663
vn 0.39161 -0.22965 -0.89099
vn 0.3701 -0.26292 -0.89099
vn 0.32423 -0.19013 -0.92663
vn 0.56273 -0.67998 -0.47002
vn 0.62554 -0.23249 0.74471
vn 0.68395 -0.25419 0.68377
vn 0.05261 0.01013 -0.99854
vn 0.05274 0.00909 -0.99857
vn 0.26289 0.3701 0.89099
vn 0.26759 0.45628 0.84863
vn 0.22965 0.39158 0.89099
vn 0.30634 0.43123 0.84863
vn 0.12445 0.03244 -0.99167
vn 0.05048 0.01804 -0.99854
vn 0.12116 0.04315 -0.99167
vn 0.0517 0.01355 -0.99857
vn 0.05136 0.01459 -0.99857
vn 0.05115 0.01572 -0.99857
vn 0.05081 0.01697 -0.99854
vn 0.13556 -0.16382 -0.97711
vn 0.09033 -0.09156 -0.99167
vn 0.082 -0.09909 -0.99167
vn -0.07868 -0.8341 -0.54595
vn -0.00531 -0.78665 -0.61736
vn -0.00568 -0.83779 -0.54595
vn -0.07385 -0.78317 -0.61736
vn -0.50999 0.14035 -0.84863
vn -0.59044 0.10825 -0.79977
vn -0.57875 0.15928 -0.79977
vn -0.52028 0.09537 -0.84863
vn 0.29041 -0.05322 -0.95541
vn 0.36973 -0.06778 -0.92663
vn -0.37587 0.00253 0.92663
vn -0.37468 -0.03021 0.92663
vn 0.07578 -0.44761 -0.89099
vn 0.11103 -0.51753 -0.84838
vn 0.08829 -0.52153 -0.84863
vn 0.09528 -0.44423 -0.8908
vn -0.82406 0.15107 -0.54595
vn -0.78317 0.07385 -0.61736
vn -0.8341 0.07868 -0.54595
vn -0.77377 0.14185 -0.61736
vn -0.22398 0.62865 -0.74468
vn -0.24998 0.54576 -0.79977
vn -0.2779 0.60674 -0.74468
vn -0.20145 0.56548 -0.79977
vn 0.73318 0.60677 -0.30699
vn 0.78326 0.54057 -0.30696
vn 0.56001 0.55245 -0.61736
vn 0.88772 -0.24433 0.39015
vn 0.93609 -0.17161 0.30699
vn 0.90564 -0.16602 0.39012
vn 0.91757 -0.25254 0.30696
vn -0.05179 -0.0134 -0.99857
vn -0.05145 -0.01453 -0.99857
vn -0.28629 0.24357 -0.92663
vn -0.30644 0.21766 -0.92663
vn 0.71957 -0.51115 0.47002
vn 0.76138 -0.44649 0.47002
vn 0.47588 -0.68954 -0.54595
vn 0.44679 -0.64745 -0.61736
vn 0.91412 -0.33973 0.22117
vn 0.94024 -0.2588 0.22117
vn 0.93356 0.33262 0.13346
vn 0.96667 0.25199 0.04462
vn 0.81442 -0.57854 -0.04462
vn 0.85488 -0.50133 -0.13349
vn 0.86172 -0.50536 -0.04462
vn 0.80792 -0.57393 -0.13346
vn -0.30937 -0.21351 -0.92663
vn -0.34974 -0.28944 -0.89099
vn -0.37364 -0.25785 -0.89099
vn -0.28956 -0.23963 -0.92663
vn -0.50536 -0.86172 -0.04462
vn -0.50536 -0.86172 0.04462
vn 0.40748 0.33723 -0.84863
vn 0.43535 0.30045 -0.84863
vn 0.34974 0.28944 -0.89099
vn -0.55245 0.56001 0.61736
vn -0.63811 0.54286 0.54595
vn -0.58837 0.59642 0.54595
vn 0.78411 0.06323 0.61736
vn 0.82604 0.13987 0.54595
vn 0.7756 0.13132 0.61736
vn 0.83508 0.06732 0.54595
vn 0.19333 0.08853 0.97711
vn -0.30387 0.66338 -0.68377
vn -0.49403 -0.34095 0.79977
vn -0.46245 -0.38273 0.79977
vn 0.0745 0.10486 -0.99167
vn 0.10758 0.18342 -0.97711
vn 0.12314 0.17335 -0.97711
vn 0.06507 0.11093 -0.99167
vn 0.33958 -0.16117 0.92663
vn 0.27677 -0.10285 0.95541
vn 0.26673 -0.12659 0.95541
vn 0.35234 -0.13095 0.92663
vn -0.96152 -0.16282 0.22117
vn -0.95898 -0.24995 0.13346
vn -0.94369 -0.24595 0.22117
vn -0.23249 -0.62554 0.74471
vn -0.15928 -0.57875 0.79977
vn -0.20914 -0.56267 0.79977
vn -0.1771 -0.64342 0.74471
vn 0.70128 -0.59661 0.39015
vn 0.7506 -0.53322 0.39015
vn 0.72488 -0.61666 0.30696
vn -0.33726 0.40748 -0.84863
vn -0.30045 0.43535 -0.84863
vn -0.28944 0.34974 -0.89099
vn -0.02744 0.04605 -0.99854
vn -0.45198 0.04263 -0.89099
vn -0.45396 0.00308 -0.89099
vn 0.03284 0.04221 -0.99857
vn 0.03198 0.043 -0.99854
vn -0.07135 0.20029 0.97711
vn -0.05356 0.11695 0.99167
vn -0.04318 0.12116 0.99167
vn -0.08853 0.1933 0.97711
vn -0.38649 -0.54405 -0.74471
vn -0.30366 -0.51781 -0.79977
vn -0.3376 -0.57567 -0.74468
vn -0.34764 -0.48936 -0.79977
vn -0.03415 0.04123 -0.99854
vn -0.09033 0.09156 -0.99167
vn -0.082 0.09909 -0.99167
vn -0.03504 0.04053 -0.99854
vn -0.0358 0.03974 -0.99857
vn -0.03668 0.03888 -0.99857
vn -0.03754 0.03797 -0.99857
vn 0.28944 -0.34974 0.89099
vn 0.31883 -0.32316 0.89099
vn -0.12864 0.00085 0.99167
vn -0.05347 -0.00076 0.99857
vn -0.05338 0.0004 0.99857
vn -0.05332 -0.00305 0.99857
vn -0.12821 -0.01035 0.99167
vn -0.05329 -0.0043 0.99857
vn -0.05341 -0.00195 0.99857
vn -0.19364 -0.70351 -0.68377
vn -0.12033 -0.65642 -0.74471
vn -0.13157 -0.7177 -0.68377
vn -0.1771 -0.64345 -0.74471
vn 0.81069 0.21134 0.54595
vn 0.83145 0.29624 0.47002
vn 0.78921 0.28117 0.54595
vn -0.87875 0.08289 0.47002
vn -0.8341 0.07868 0.54595
vn -0.08286 -0.87875 0.47002
vn 0.64132 -0.45555 -0.61736
vn -0.02371 0.29429 0.95541
vn -0.03018 0.37468 0.92663
vn 0.03528 0.37422 -0.92663
vn 0.04263 0.45198 -0.89099
vn 0.00253 0.37587 -0.92663
vn 0.29112 0.04929 0.95541
vn 0.20576 0.05362 0.97711
vn 0.20966 0.03549 0.97711
vn 0.28571 0.07447 0.95541
vn -0.45988 -0.26136 0.84863
vn -0.39467 -0.22431 0.89099
vn 0.49403 0.34095 0.79977
vn 0.54924 0.37907 0.74471
vn -0.40806 -0.85977 -0.30699
vn -0.41813 -0.88101 -0.22117
vn -0.33155 -0.89209 -0.30696
vn 0.47786 -0.22678 -0.84863
vn 0.4958 -0.18427 -0.84863
vn 0.991 -0.00671 -0.13349
vn 0.99576 0.08029 -0.04462
vn 0.99896 -0.00678 -0.04462
vn 0.98782 0.07965 -0.13346
vn -0.00616 -0.05307 -0.99857
vn 0.01205 0.12806 0.99167
vn 0.00143 0.21262 0.97711
vn 0.00085 0.12864 0.99167
vn 0.01996 0.21171 0.97711
vn -0.85098 0.23423 -0.47002
vn -0.86816 0.15915 -0.47002
vn -0.04459 -0.02936 0.99857
vn -0.04401 -0.03024 0.99857
vn 0.38273 -0.46245 -0.79977
vn 0.37147 -0.37657 -0.84863
vn 0.33726 -0.40748 -0.84863
vn -0.42549 0.51415 0.74471
vn -0.46522 0.56212 0.68377
vn -0.94107 -0.33525 -0.04462
vn -0.90823 -0.41603 0.04459
vn -0.94107 -0.33525 0.04462
vn -0.90823 -0.41603 -0.04462
vn 0.97479 -0.17872 -0.13346
vn 0.97092 -0.09159 -0.22117
vn 0.98666 -0.09308 -0.13349
vn 0.95923 -0.17585 -0.22117
vn -0.68954 -0.47588 -0.54595
vn -0.64544 -0.53417 -0.54595
vn -0.64742 -0.44682 -0.61736
vn -0.57393 -0.80792 0.13346
vn -0.64217 -0.75481 0.13349
vn 0.04968 -0.01968 0.99857
vn 0.0492 -0.02081 0.99857
vn -0.04144 0.03369 0.99857
vn -0.89651 -0.31938 -0.30699
vn -0.83709 -0.38343 -0.39015
vn -0.86523 -0.39631 -0.30699
vn -0.86734 -0.309 -0.39015
vn -0.32759 0.71517 0.61736
vn -0.30387 0.66338 0.68377
vn -0.38868 0.68392 0.61736
vn -0.79424 0.46577 -0.39015
vn -0.82095 0.48143 -0.30696
vn 0.05643 0.20502 0.97711
vn 0.05322 0.29041 0.95541
vn 0.03833 0.20914 0.97711
vn 0.07834 0.28468 0.95541
vn -0.53413 0.64544 0.54595
vn -0.50154 0.60601 0.61736
vn 0.40806 0.85977 0.30699
vn 0.39476 0.83181 0.39012
vn 0.48143 0.82095 0.30696
vn 0.43242 0.50832 -0.74468
vn 0.47279 0.55574 -0.68377
vn -0.00623 -0.92071 0.39015
vn 0.07096 -0.87979 0.47002
vn -0.00598 -0.88263 0.47002
vn 0.07401 -0.91775 0.39015
vn 0.171 0.2407 0.95541
vn 0.19013 0.32423 0.92663
vn 0.21766 0.30644 0.92663
vn -0.04489 0.02911 -0.99857
vn -0.04544 0.02811 -0.99857
vn -0.00678 -0.99896 -0.04462
vn -0.00678 -0.99896 0.04462
vn 0.0784 -0.97208 0.22117
vn 0.16544 -0.97711 0.13349
vn 0.16279 -0.96152 0.22117
vn 0.07965 -0.98782 0.13349
vn -0.07407 -0.19932 0.97711
vn -0.0448 -0.12058 0.99167
vn -0.08936 -0.94748 -0.30699
vn -0.00659 -0.97519 -0.22117
vn -0.09159 -0.97092 -0.22117
vn -0.00644 -0.95169 -0.30699
vn 0.24998 -0.54573 -0.79977
vn 0.29661 -0.5219 -0.79977
vn 0.02899 0.04489 -0.99857
vn 0.02997 0.04431 -0.99857
vn 0.12616 -0.35408 0.92663
vn 0.15653 -0.34175 0.92663
vn -0.18427 -0.49583 0.84863
vn -0.14035 -0.50999 0.84863
vn 0.42549 -0.51415 -0.74471
vn -0.04331 -0.03125 -0.99857
vn -0.04266 -0.03226 -0.99857
vn -0.04196 -0.03339 -0.99854
vn 0.12616 -0.35408 -0.92663
vn 0.18906 -0.41273 -0.89099
vn 0.15653 -0.34175 -0.92663
vn 0.11139 -0.65798 0.74471
vn 0.12601 -0.58727 0.79949
vn 0.10019 -0.59185 0.79977
vn 0.14008 -0.65285 0.74441
vn 0.09159 0.97092 0.22117
vn 0.00644 0.95169 0.30696
vn 0.08936 0.94748 0.30696
vn 0.00662 0.97519 0.22117
vn -0.63436 -0.36055 0.68377
vn -0.66338 -0.30384 0.68377
vn 0.57393 0.80795 0.13349
vn 0.49333 0.84124 0.22117
vn 0.56478 0.79504 0.22117
vn 0.50133 0.85488 0.13346
vn 0.57567 -0.3376 -0.74468
vn 0.62941 -0.36912 -0.68377
vn -0.39793 -0.67858 0.61736
vn -0.31285 -0.6592 0.68377
vn -0.36912 -0.62941 0.68377
vn -0.33726 -0.71068 0.61736
vn 0.41444 -0.60054 -0.68377
vn 0.46519 -0.56212 -0.68377
vn 0.37907 -0.54927 -0.74471
vn 0.96316 -0.26508 0.04462
vn 0.9826 -0.18015 -0.04462
vn 0.01032 -0.12821 -0.99167
vn 0.01709 -0.21195 -0.97711
vn -0.03021 0.37468 -0.92663
vn -0.04929 0.29109 -0.95541
vn -0.06275 0.37062 -0.92663
vn -0.02371 0.29429 -0.95541
vn 0.86303 -0.32078 -0.39015
vn 0.11069 -0.35954 -0.92651
vn -0.28571 -0.07447 0.95541
vn -0.21351 0.30937 0.92663
vn 0.37468 0.03021 -0.92663
vn 0.44761 0.07578 -0.89099
vn 0.4525 0.03647 -0.89099
vn 0.37062 0.06275 -0.92663
vn -0.02637 0.04645 0.99857
vn -0.02744 0.04587 0.99857
vn -0.61986 0.62832 0.47002
vn 0.20914 -0.03833 -0.97711
vn 0.29395 -0.02771 -0.95541
vn 0.21171 -0.01996 -0.97711
vn -0.04776 0.02399 0.99857
vn -0.04645 -0.02643 0.99857
vn -0.04584 -0.02738 0.99857
vn -0.55577 0.47282 -0.68377
vn -0.99576 -0.08029 -0.04462
vn 0.12806 -0.01209 -0.99167
vn -0.88263 0.00598 -0.47002
vn -0.92071 0.00623 -0.39015
vn -0.87979 -0.07096 -0.46999
vn -0.42155 0.42732 0.79977
vn -0.40287 0.34275 0.84863
vn -0.37147 0.37657 0.84863
vn -0.00958 -0.05258 0.99857
vn -0.00845 -0.05274 0.99857
vn -0.21766 -0.30644 0.92663
vn -0.14936 -0.25468 0.95541
vn -0.17096 -0.2407 0.95541
vn -0.19013 -0.32423 0.92663
vn 0.28568 0.07447 -0.95541
vn 0.29109 0.04929 -0.95541
vn 0.20576 0.05362 -0.97711
vn -0.07447 -0.10486 -0.99167
vn -0.10755 -0.18342 -0.97711
vn -0.12314 -0.17335 -0.97711
vn -0.06507 -0.11093 -0.99167
vn 0.15137 0.14933 -0.97711
vn 0.19132 0.22489 -0.95541
vn 0.21018 0.20734 -0.95541
vn 0.13779 0.16196 -0.97711
vn 0.15314 -0.71374 0.68343
vn 0.1218 -0.71941 0.68377
vn -0.37364 -0.25785 0.89099
vn -0.40751 -0.33726 0.84863
vn -0.34974 -0.28944 0.89099
vn -0.43535 -0.30042 0.84863
vn -0.07447 0.28568 -0.95541
vn -0.07135 0.20032 -0.97711
vn -0.09906 0.27812 -0.95541
vn -0.05362 0.20576 -0.97711
vn -0.59642 -0.5884 -0.54595
vn -0.42256 -0.59484 -0.68377
vn -0.00452 -0.66735 -0.74471
vn -0.00494 -0.72967 -0.68377
vn 0.56291 -0.81564 0.13346
vn 0.63692 -0.76962 0.04462
vn 0.63186 -0.76348 0.13346
vn 0.5674 -0.8222 0.04462
vn -0.09537 -0.52028 -0.84863
vn -0.05637 -0.59761 -0.79977
vn -0.10822 -0.59044 -0.79977
vn -0.04965 -0.52663 -0.84863
vn -0.94748 0.08936 -0.30699
vn -0.97519 0.00659 -0.22117
vn -0.97092 0.09159 -0.22117
vn -0.95169 0.00644 -0.30696
vn 0.76348 0.63186 0.13346
vn 0.70931 0.58702 0.39015
vn 0.67751 0.66836 0.30699
vn 0.65545 0.64663 0.39015
vn 0.69424 0.68487 -0.22117
vn 0.61666 0.72488 -0.30699
vn 0.63189 0.74279 -0.2212
vn 0.67751 0.66836 -0.30699
vn -0.61666 -0.72488 0.30696
vn -0.53322 -0.7506 0.39015
vn -0.59661 -0.70128 0.39015
vn -0.55113 -0.77587 0.30699
vn 0.36372 0.09479 -0.92663
vn 0.42763 0.15235 -0.89099
vn 0.43928 0.11451 -0.89099
vn 0.35408 0.12616 -0.92663
vn -0.67998 -0.56273 0.47002
vn -0.65545 -0.64663 0.39015
vn -0.62835 -0.61986 0.47002
vn -0.70931 -0.58702 0.39015
vn -0.34275 -0.40287 -0.84863
vn -0.38896 -0.4572 -0.79977
vn -0.30634 -0.43123 -0.84863
vn 0.03101 0.04358 -0.99857
vn -0.41395 0.72839 0.54595
vn -0.47588 0.68954 0.54595
vn -0.43611 0.76736 0.47002
vn -0.04828 0.02286 0.99857
vn -0.05121 0.01529 0.99857
vn -0.05148 0.01419 0.99857
vn -0.05008 0.01856 0.99857
vn -0.13157 -0.7177 0.68377
vn -0.12033 -0.65642 0.74471
vn -0.11695 -0.05356 0.99167
vn -0.04807 -0.02332 0.99857
vn -0.04859 -0.02222 0.99857
vn -0.04703 -0.02536 0.99857
vn -0.11182 -0.06354 0.99167
vn -0.04758 -0.02432 0.99857
vn 0.05005 0.0191 -0.99854
vn -0.75845 0.20875 0.61736
vn -0.77377 0.14185 0.61736
vn -0.25254 -0.91757 -0.30696
vn 0.03839 -0.03723 0.99857
vn 0.03919 -0.03635 0.99857
vn -0.31883 0.32319 0.89099
vn 0.04904 0.02115 0.99857
vn 0.12116 0.04315 0.99167
vn 0.04993 0.01904 0.99857
vn 0.05033 0.01785 0.99857
vn 0.04953 0.02014 0.99857
vn 0.27812 0.09909 -0.95541
vn 0.19333 0.08853 -0.97711
vn 0.26844 0.12296 -0.95541
vn 0.20029 0.07135 -0.97711
vn 0.07651 -0.94861 0.30696
vn 0.45198 -0.04263 -0.89099
vn 0.37587 -0.00253 -0.92663
vn 0.45396 -0.00308 -0.89099
vn 0.37422 -0.03528 -0.92663
vn -0.26289 -0.3701 0.89099
vn -0.23249 -0.62557 -0.74471
vn -0.28614 -0.60289 -0.74471
vn -0.87875 0.08289 -0.46999
vn -0.83776 0.00568 -0.54595
vn 0.71117 0.70156 0.04462
vn 0.64733 0.76089 0.04459
vn 0.00772 -0.05286 -0.99857
vn 0.00659 -0.05307 -0.99857
vn 0.02771 0.29395 0.95541
vn 0.00198 0.29524 0.95541
vn 0.91864 0.32731 0.22117
vn 0.89648 0.31941 0.30699
vn 0.30366 0.51781 0.79977
vn 0.28614 0.60289 0.74471
vn 0.25736 0.54231 0.79977
vn 0.3376 0.57567 0.74471
vn 0.15137 0.14933 0.97711
vn 0.13776 0.16196 0.97711
vn 0.08335 0.09796 -0.99167
vn -0.76962 -0.63692 -0.04462
vn -0.76962 -0.63692 0.04462
vn -0.79504 0.56478 -0.22117
vn -0.10288 -0.27674 -0.95541
vn -0.13095 -0.35234 -0.92663
vn 0.66735 -0.00452 -0.74471
vn 0.59835 0.04825 -0.79977
vn 0.66521 0.05362 -0.74471
vn -0.7853 0.29188 0.54595
vn -0.75689 0.3592 0.54595
vn -0.82733 0.3075 0.47002
vn -0.09305 -0.98666 -0.13346
vn -0.00671 -0.991 -0.13349
vn -0.44758 -0.07578 0.89099
vn -0.24299 -0.1677 0.95541
vn -0.16382 -0.13556 0.97711
vn -0.17499 -0.12076 0.97711
vn -0.22745 -0.18824 0.95541
vn -0.03409 0.0412 0.99857
vn -0.03497 0.04031 0.99857
vn -0.07578 0.44758 0.89099
vn -0.11451 0.43928 0.89099
vn 0.2407 -0.17096 -0.95541
vn 0.18342 -0.10755 -0.97711
vn 0.25468 -0.14936 -0.95541
vn 0.02939 -0.04462 -0.99857
vn 0.02835 -0.04538 -0.99857
vn 0.42491 0.89532 0.13346
vn 0.33973 0.91412 0.22117
vn 0.41813 0.88104 0.22117
vn 0.34526 0.92895 0.13346
vn 0.43928 0.11451 0.89099
vn 0.36372 0.09479 0.92663
vn 0.04465 0.02939 0.99857
vn 0.10587 0.07306 0.99167
vn 0.04529 0.02844 0.99857
vn -0.9364 0.34803 0.04462
vn -0.9364 0.34803 -0.04462
vn -0.17585 -0.95923 -0.22117
vn 0.23966 -0.28956 -0.92663
vn 0.28944 -0.34974 -0.89099
vn -0.03723 -0.0383 0.99857
vn -0.03635 -0.03925 0.99857
vn -0.92895 0.34526 -0.13346
vn -0.96316 0.26508 -0.04462
vn -0.9555 0.26298 -0.13346
vn 0.41395 -0.72839 -0.54595
vn 0.50133 -0.72643 -0.47002
vn 0.43611 -0.76736 -0.47002
vn 0.01968 0.04965 -0.99857
vn -0.44761 -0.07578 -0.89099
vn -0.36372 -0.09479 -0.92663
vn -0.43928 -0.11447 -0.89099
vn -0.37062 -0.06275 -0.92663
vn -0.37468 -0.03021 -0.92663
vn -0.29112 -0.04929 -0.95541
vn -0.29429 -0.02371 -0.95541
vn -0.07306 0.10584 -0.99167
vn -0.02841 0.04532 -0.99857
vn -0.02939 0.04465 -0.99857
vn -0.03043 0.04401 -0.99857
vn -0.95923 0.17585 0.22117
vn -0.97092 0.09159 0.22117
vn 0.29188 0.7853 -0.54595
vn 0.23423 0.85098 -0.47002
vn 0.3075 0.82733 -0.47002
vn 0.22233 0.80776 -0.54595
vn 0.74102 0.26402 0.61736
vn 0.76122 0.19843 0.61736
vn -0.69424 -0.6849 -0.22117
vn -0.42381 -0.72271 0.54595
vn -0.54231 0.25736 -0.79977
vn -0.62557 0.23249 -0.74468
vn -0.60292 0.28614 -0.74468
vn -0.56267 0.20911 -0.79977
vn 0.37422 -0.03531 0.92663
vn 0.45195 -0.04263 0.89099
vn -0.39476 -0.83181 -0.39015
vn -0.32078 -0.86303 -0.39015
vn -0.22398 0.62865 0.74471
vn -0.16834 0.64577 0.74471
vn 0.51781 -0.30366 -0.79977
vn 0.26298 0.9555 0.13349
vn 0.17585 0.95923 0.22117
vn 0.2588 0.94024 0.22117
vn 0.17872 0.97479 0.13346
vn -0.71957 0.51115 -0.47002
vn -0.76138 0.44649 -0.47002
vn 0.96152 0.16282 -0.22117
vn 0.3075 0.82733 0.47002
vn 0.37843 0.79739 0.47002
vn 0.32078 0.86303 0.39015
vn 0.03891 0.03681 -0.99854
vn 0.03812 0.03772 -0.99854
vn -0.21195 -0.01706 -0.97711
vn -0.20966 -0.03549 -0.97711
vn 0.22028 -0.48091 0.84863
vn 0.22431 -0.3947 0.89099
vn 0.18903 -0.41273 0.89099
vn 0.26136 -0.45988 0.84863
vn -0.59661 -0.70128 -0.39015
vn -0.55113 -0.77587 -0.30699
vn -0.61669 -0.72488 -0.30696
vn -0.53322 -0.7506 -0.39015
vn 0.00494 0.05319 0.99857
vn -0.31941 0.89648 -0.30699
vn -0.30903 0.86734 -0.39015
vn -0.7756 -0.13132 0.61736
vn 0.28956 0.23966 0.92663
vn 0.32316 0.3188 0.89099
vn 0.26759 0.26395 0.92663
vn 0.34974 0.28944 0.89099
vn -0.70351 0.19364 -0.68377
vn -0.7177 0.13157 -0.68377
vn 0.37587 -0.00253 0.92663
vn 0.4525 0.03647 0.89099
vn 0.37465 0.03021 0.92663
vn 0.45396 -0.00305 0.89099
vn 0.901 0.4127 -0.13349
vn 0.43123 -0.30631 -0.84863
vn 0.45628 -0.26759 -0.84863
vn -0.93356 -0.33256 0.13349
vn -0.88662 -0.40611 0.22117
vn -0.91867 -0.32725 0.22117
vn -0.901 -0.4127 0.13346
vn -0.63692 0.76962 0.04462
vn -0.63186 0.76348 0.13349
vn -0.5674 0.8222 0.04462
vn -0.7055 -0.69601 0.13346
vn 0.64577 0.16834 0.74471
vn 0.68734 0.24488 0.68377
vn 0.70608 0.18406 0.68377
vn -0.78326 -0.54054 -0.30699
vn -0.70931 -0.58702 -0.39015
vn -0.73318 -0.60677 -0.30696
vn -0.75777 -0.52297 -0.39015
vn 0.02652 -0.04654 -0.99854
vn 0.02548 -0.04715 -0.99854
vn -0.72643 -0.50133 0.47002
vn -0.64544 -0.53417 0.54595
vn -0.68954 -0.47588 0.54595
vn -0.51244 0.51946 0.68377
vn 0.42732 0.42155 -0.79977
vn 0.37657 0.37147 -0.84863
vn -0.0455 0.02802 0.99857
vn -0.11097 0.06507 0.99167
vn -0.04602 0.02704 0.99857
vn -0.04422 0.02991 0.99857
vn -0.04358 0.03088 0.99857
vn -0.04486 0.02896 0.99857
vn -0.24357 -0.28629 -0.92663
vn -0.171 -0.2407 -0.95541
vn -0.21769 -0.30644 -0.92663
vn -0.19129 -0.22486 -0.95541
vn -0.94024 0.2588 -0.22117
vn -0.93609 0.17161 -0.30699
vn -0.95923 0.17585 -0.22117
vn -0.91757 0.25254 -0.30696
vn -0.62554 0.23249 0.74471
vn -0.70351 0.19364 0.68377
vn -0.64345 0.1771 0.74471
vn -0.68395 0.25419 0.68377
vn -0.3701 0.26292 0.89099
vn -0.34577 0.29417 0.89099
vn -0.43123 0.30634 0.84863
vn -0.47786 0.22678 0.84863
vn -0.45628 0.26759 0.84863
vn -0.19132 -0.22489 0.95541
vn -0.24357 -0.28629 0.92666
vn 0.38868 -0.68392 -0.61736
vn 0.32762 -0.71517 -0.61736
vn -0.81442 0.57854 0.04462
vn -0.44652 0.08185 0.89099
vn -0.52663 0.04965 0.84863
vn -0.45195 0.0426 0.89099
vn -0.52028 0.09537 0.84863
vn -0.26841 -0.12296 -0.95541
vn -0.32679 -0.18574 -0.92663
vn -0.34172 -0.15653 -0.92663
vn -0.03833 0.0372 -0.99857
vn -0.03922 0.03641 -0.99857
vn 0.88772 -0.24433 -0.39015
vn -0.56001 -0.55245 0.61736
vn -0.51946 -0.51244 0.68377
vn 0.2407 -0.171 0.95541
vn 0.22489 -0.19132 0.95541
vn -0.25736 -0.54231 0.79977
vn -0.30366 -0.51781 0.79977
vn 0.60674 0.2779 -0.74471
vn -0.19211 0.09116 0.97711
vn -0.11621 0.05515 0.99167
vn -0.18342 0.10755 0.97711
vn 0.59642 0.58837 0.54595
vn 0.56001 0.55245 0.61736
vn 0.21171 -0.01996 0.97711
vn 0.29524 -0.00198 0.95541
vn 0.21262 -0.00143 0.97711
vn 0.29395 -0.02771 0.95541
vn -0.03104 -0.04367 -0.99854
vn -0.03369 -0.04144 -0.99857
vn -0.03284 -0.04224 -0.99857
vn -0.03189 -0.04306 -0.99854
vn 0.22745 0.18824 0.95541
vn 0.16382 0.13556 0.97711
vn 0.00308 0.45396 0.89099
vn 0.00253 0.37587 0.92663
vn -0.03647 0.4525 0.89099
vn -0.71068 0.33726 -0.61736
vn -0.05643 -0.20502 0.97711
vn -0.03412 -0.124 0.99167
vn 0.63811 -0.54286 0.54595
vn 0.59917 -0.50972 0.61736
vn 0.07401 -0.91775 -0.39015
vn 0.07096 -0.87979 -0.47002
vn -0.55391 0.80264 -0.22117
vn -0.76348 -0.63186 0.13349
vn -0.01532 -0.05121 0.99857
vn -0.01416 -0.05148 0.99857
vn 0.00964 0.05255 0.99857
vn 0.00851 0.05274 0.99857
vn -0.15915 -0.86816 -0.47002
vn -0.16602 -0.90564 -0.39015
vn -0.04611 0.02701 -0.99857
vn -0.26844 -0.12296 0.95541
vn -0.27812 -0.09906 0.95541
vn 0.71517 0.32759 -0.61736
vn 0.72839 0.41395 -0.54595
vn 0.76168 0.34892 -0.54595
vn 0.68392 0.38868 -0.61736
vn 0.11621 -0.05512 -0.99167
vn 0.05023 -0.01871 -0.99854
vn 0.04828 -0.02298 -0.99857
vn 0.04877 -0.02188 -0.99857
vn 0.04929 -0.02078 -0.99857
vn 0.04984 -0.01971 -0.99854
vn 0.27406 0.73736 0.61736
vn 0.22233 0.80776 0.54595
vn 0.20875 0.75845 0.61736
vn 0.29188 0.7853 0.54595
vn 0.03372 0.04151 -0.99857
vn 0.83709 0.38343 0.39015
vn 0.76736 0.43611 0.47002
vn 0.80245 0.36756 0.47002
vn 0.29041 -0.05322 0.95541
vn 0.34764 0.48936 -0.79977
vn 0.06275 -0.37062 -0.92663
vn 0.03021 -0.37468 -0.92663
vn 0.28468 -0.07834 0.95541
vn -0.34761 -0.48936 0.79977
vn -0.3376 -0.57567 0.74471
vn 0.86172 -0.50536 0.04462
vn 0.81442 -0.57854 0.04462
vn 0.00494 0.05332 -0.99854
vn 0.00616 0.05307 -0.99857
vn -0.97205 -0.07837 0.22117
vn 0.12601 -0.58727 -0.79949
vn -0.07648 0.94861 -0.30696
vn -0.15372 0.9078 -0.39015
vn -0.15888 0.93835 -0.30696
vn 0.34175 0.15653 -0.92663
vn 0.25669 0.14588 -0.95541
vn -0.24998 0.95898 0.13346
vn -0.33528 0.94104 0.04462
vn -0.33262 0.93356 0.13346
vn -0.25199 0.96667 0.04462
vn -0.57393 -0.80792 -0.13346
vn -0.49333 -0.84124 -0.22117
vn -0.50133 -0.85488 -0.13346
vn -0.56478 -0.79504 -0.22117
vn 0.44758 0.07578 0.89099
vn 0.37062 0.06275 0.92663
vn 0.21479 -0.69768 0.68343
vn 0.22398 -0.62865 0.74471
vn 0.19645 -0.63814 0.74438
vn 0.24488 -0.68734 0.68377
vn -0.66442 0.06265 -0.74468
vn -0.72646 0.06851 -0.68377
vn -0.65642 0.12033 -0.74468
vn 0.01526 0.05121 0.99857
vn 0.01419 0.05148 0.99857
vn -0.02149 0.1268 -0.99167
vn -0.01349 0.05182 -0.99854
vn -0.03244 0.12445 -0.99167
vn -0.00891 0.05277 -0.99857
vn -0.01004 0.05246 -0.99857
vn -0.0112 0.05231 -0.99857
vn -0.01239 0.05213 -0.99854
vn 0.05866 -0.72732 0.68377
vn 0.05365 -0.66521 0.74471
vn 0.88662 0.40611 -0.22117
vn 0.82742 0.47023 -0.30699
vn 0.84787 0.48186 -0.22117
vn 0.86523 0.39634 -0.30696
vn -0.06269 -0.66442 -0.74471
vn -0.00406 -0.60027 -0.79977
vn -0.93356 -0.33256 -0.13346
vn -0.95898 -0.24995 -0.13346
vn -0.54054 0.78329 -0.30699
vn 0.09156 0.09033 -0.99167
vn -0.13779 -0.16196 -0.97711
vn 0.67226 -0.57192 0.47002
vn -0.71944 -0.1218 0.68377
vn -0.72732 -0.05866 0.68377
vn -0.06851 -0.72643 0.68377
vn -0.68737 -0.24485 -0.68377
vn -0.74102 -0.26395 -0.61736
vn -0.70608 -0.18403 -0.68377
vn -0.05197 -0.01227 0.99857
vn -0.05173 -0.01343 0.99857
vn -0.05267 -0.00888 0.99857
vn -0.84124 0.49333 -0.22117
vn -0.85977 0.40803 -0.30696
vn -0.88104 0.41813 -0.22117
vn 0.99896 -0.00678 0.04462
vn 0.99576 0.08029 0.04462
vn 0.24357 0.28629 -0.92663
vn 0.26759 0.26399 -0.92663
vn -0.14185 -0.77377 -0.61736
vn -0.20875 -0.75845 -0.61736
vn -0.04114 -0.03403 0.99857
vn -0.04044 -0.035 0.99857
vn 0.39793 0.67858 -0.61736
vn 0.3592 0.75689 -0.54595
vn 0.42381 0.72271 -0.54595
vn 0.99457 -0.09381 -0.04462
vn -0.05182 0.01303 0.99857
vn -0.02332 0.04807 0.99857
vn -0.02429 0.04758 0.99857
vn 0.07651 -0.94861 -0.30696
vn 0.0784 -0.97205 -0.22117
vn 0.16279 -0.96152 -0.22117
vn -0.86853 -0.49361 -0.04462
vn -0.8222 -0.56743 0.04462
vn -0.86853 -0.49361 0.04462
vn -0.8222 -0.56743 -0.04462
vn 0.95923 -0.17585 0.22117
vn -0.4525 -0.03647 -0.89099
vn -0.00659 -0.97519 0.22117
vn -0.00671 -0.99103 0.13349
vn 0.12079 -0.17499 0.97711
vn 0.13556 -0.16382 0.97711
vn 0.1677 -0.24299 0.95541
vn 0.05341 0.00076 0.99857
vn -0.28956 -0.23966 0.92663
vn -0.30937 -0.21348 0.92663
vn 0.57854 0.81442 0.04462
vn 0.50536 0.86175 0.04462
vn -0.99103 0.00671 0.13346
vn -0.99896 0.00678 0.04462
vn -0.21131 0.81069 -0.54595
vn -0.29624 0.83145 -0.47002
vn -0.22263 0.85409 -0.47002
vn -0.28117 0.78921 -0.54595
vn 0.00156 0.05341 0.99857
vn 0.00037 0.05344 0.99857
vn 0.16117 0.33958 -0.92663
vn 0.13095 0.35234 -0.92663
vn 0.23151 -0.7521 0.61699
vn 0.28117 -0.78921 0.54595
vn 0.26402 -0.74102 0.61736
vn 0.24653 -0.80096 0.54558
vn -0.32759 0.71517 -0.61736
vn -0.41395 0.72839 -0.54595
vn -0.34889 0.76168 -0.54595
vn -0.38868 0.68392 -0.61736
vn 0.45494 -0.80047 -0.39015
vn -0.9555 0.26298 0.13346
vn -0.92895 0.34526 0.13346
vn -0.96316 0.26508 0.04462
vn -0.07965 0.98782 0.13346
vn -0.16678 0.98495 0.04462
vn -0.16544 0.97711 0.13349
vn -0.08029 0.99576 0.04462
vn 0.40751 0.33726 0.84863
vn 0.37657 0.37147 0.84863
vn 0.56267 -0.20911 0.79977
vn 0.54228 -0.25736 0.79977
vn 0.11097 -0.06507 -0.99167
vn -0.12046 -0.4377 -0.89099
vn -0.14035 -0.50999 -0.84863
vn -0.15815 -0.42552 -0.89099
vn 0.64217 0.75484 0.13346
vn 0.63189 0.74279 0.22117
vn -0.01709 0.21195 -0.97711
vn 0.00143 0.21265 -0.97711
vn 0.14936 0.25468 -0.95541
vn 0.37907 -0.54924 0.74471
vn 0.3827 -0.46245 0.79977
vn 0.34095 -0.49403 0.79977
vn -0.02298 -0.04843 -0.99854
vn -0.02393 -0.04791 -0.99854
vn 0.11695 0.05356 -0.99167
vn 0.04654 0.02649 -0.99854
vn 0.11182 0.06354 -0.99167
vn 0.04859 0.02231 -0.99857
vn 0.04807 0.02341 -0.99857
vn 0.04758 0.02435 -0.99857
vn 0.04715 0.02551 -0.99854
vn -0.00305 -0.45396 0.89099
vn 0.04251 -0.52724 0.84863
vn 0.0365 -0.4525 0.89099
vn -0.00357 -0.52895 0.84863
vn 0.33528 -0.94104 -0.04462
vn 0.29392 -0.95477 -0.04456
vn -0.78661 0.00534 -0.61736
vn -0.72732 -0.05866 -0.68377
vn -0.72967 0.00494 -0.68377
vn -0.25468 0.14936 -0.95541
vn -0.18342 0.10758 -0.97711
vn -0.7177 0.13157 0.68377
vn 0.22965 0.39158 -0.89099
vn 0.7152 0.32759 0.61736
vn 0.04266 0.03229 0.99857
vn 0.04187 0.0332 0.99857
vn 0.1286 -0.00089 -0.99167
vn 0.05341 0.0043 -0.99854
vn 0.05344 0.00079 -0.99857
vn 0.05344 0.00208 -0.99857
vn 0.05347 0.00314 -0.99854
vn 0.00433 -0.05341 -0.99854
vn -0.0004 -0.0535 -0.99857
vn 0.00079 -0.05344 -0.99857
vn 0.00192 -0.05344 -0.99857
vn 0.00317 -0.0535 -0.99854
vn -0.68395 0.25419 -0.68377
vn -0.64345 0.1771 -0.74468
vn -0.16282 0.96152 -0.22117
vn -0.07837 0.97205 -0.22117
vn 0.30042 -0.43535 -0.84863
vn 0.26136 -0.45988 -0.84863
vn -0.26136 0.45988 -0.84863
vn -0.22028 0.48091 -0.84863
vn -0.81072 -0.21128 0.54595
vn -0.78921 -0.28114 0.54595
vn -0.60601 -0.50154 0.61736
vn 0.41273 -0.901 -0.13346
vn 0.33262 -0.93356 -0.13346
vn 0.20875 0.75845 -0.61736
vn 0.13157 0.7177 -0.68377
vn 0.14185 0.77374 -0.61736
vn 0.19361 0.70351 -0.68377
vn -0.56478 -0.79504 0.22117
vn -0.63192 -0.74279 0.22117
vn 0.05313 0.00543 0.99857
vn 0.05304 0.00662 0.99857
vn 0.22028 -0.48091 -0.84863
vn 0.06265 0.66442 -0.74468
vn 0.06851 0.72643 -0.68377
vn 0.12033 0.65642 -0.74468
vn 0.84124 -0.49333 -0.22117
vn 0.79504 -0.56478 -0.22117
vn -0.91665 0.08646 -0.39012
vn -0.90564 0.16602 -0.39012
vn 0.06265 0.66442 0.74471
vn 0.00494 0.72964 0.68377
vn 0.00452 0.66735 0.74471
vn 0.06851 0.72643 0.68377
vn -0.09381 -0.99457 -0.04462
vn -0.67751 -0.66836 -0.30696
vn -0.63192 -0.74279 -0.22117
vn -0.26298 -0.9555 0.13346
vn -0.2588 -0.94024 0.22117
vn 0.38343 -0.83709 0.39015
vn 0.45494 -0.80047 0.39015
vn -0.39634 0.86523 0.30699
vn -0.45494 0.8005 0.39012
vn -0.38343 0.83709 0.39012
vn -0.47023 0.82742 0.30699
vn -0.29188 -0.7853 -0.54595
vn -0.22233 -0.80776 -0.54595
vn -0.27406 -0.73736 -0.61736
vn 0.12033 0.65642 0.74471
vn 0.13157 0.7177 0.68377
vn 0.8341 -0.07868 0.54595
vn 0.88263 -0.00598 0.47002
vn 0.83779 -0.00568 0.54595
vn 0.87875 -0.08289 0.46999
vn 0.03549 -0.20966 -0.97711
vn 0.06198 -0.28892 -0.95532
vn 0.04929 -0.29109 -0.95541
vn 0.04462 -0.20811 -0.97708
vn 0.07965 -0.98782 -0.13349
vn 0.16544 -0.97711 -0.13349
vn -0.03189 -0.04294 0.99857
vn -0.03092 -0.04355 0.99857
vn -0.4377 0.12046 0.89099
vn -0.36973 0.06778 0.92663
vn -0.36241 0.09973 0.92663
vn 0.21351 -0.30937 0.92663
vn -0.03549 0.20966 0.97711
vn -0.05362 0.20576 0.97711
vn -0.03137 0.04343 -0.99854
vn -0.71517 -0.32759 0.61736
vn -0.68392 -0.38868 0.61736
vn 0.72643 -0.06851 -0.68377
vn 0.78317 -0.07385 -0.61736
vn 0.72967 -0.00494 -0.68377
vn -0.00452 -0.66735 0.74471
vn 0.04825 -0.59835 0.79977
vn -0.00406 -0.60027 0.79977
vn 0.37843 0.79739 -0.47002
vn 0.32075 0.86306 -0.39015
vn 0.39476 0.83181 -0.39015
vn -0.01205 -0.12806 0.99167
vn -0.07401 0.91775 0.39015
vn -0.14734 0.87024 0.47002
vn -0.07096 0.87979 0.47002
vn -0.15372 0.9078 0.39015
vn 0.75845 -0.20875 0.61736
vn 0.77377 -0.14185 0.61736
vn -0.80264 -0.55391 0.22117
vn -0.78326 -0.54054 0.30699
vn 0.89648 0.31941 -0.30699
vn 0.91864 0.32731 -0.22117
vn 0.00891 -0.05267 -0.99857
vn 0.01422 0.05164 -0.99854
vn 0.01538 0.05133 -0.99854
vn 0.6849 -0.69424 -0.22117
vn 0.74279 -0.63192 -0.22117
vn 0.66836 -0.67748 -0.30699
vn 0.07578 -0.44761 0.89099
vn 0.08832 -0.52153 0.84863
vn 0.43535 0.30045 0.84863
vn -0.30644 0.21766 0.92663
vn -0.39161 0.22965 0.89099
vn -0.32423 0.19013 0.92663
vn 0.3592 0.75689 0.54595
vn 0.01071 0.05231 0.99857
vn 0.02319 0.12653 0.99167
vn 0.03412 0.12403 0.99167
vn 0.01309 0.05182 0.99857
vn 0.01184 0.05213 0.99857
vn -0.05344 -0.00076 -0.99857
vn 0.94366 0.24598 -0.22117
vn -0.02393 -0.04782 0.99857
vn -0.02289 -0.04825 0.99857
vn 0.6592 -0.31285 -0.68377
vn -0.46522 0.56212 -0.68377
vn -0.55245 0.55998 -0.61736
vn -0.51244 0.51946 -0.68377
vn 0.73736 -0.27406 -0.61736
vn 0.71068 -0.33726 -0.61736
vn -0.17161 -0.93609 -0.30696
vn 0.64345 -0.1771 -0.74468
vn 0.57875 -0.15928 -0.79977
vn 0.76089 -0.64733 -0.04462
vn 0.75481 -0.64217 -0.13346
vn 0.02145 -0.1268 -0.99167
vn 0.01291 -0.052 -0.99854
vn 0.02701 -0.12586 -0.99167
vn 0.0101 -0.05249 -0.99857
vn 0.0112 -0.05228 -0.99857
vn 0.01242 -0.05213 -0.99854
vn 0.0239 0.04773 0.99857
vn 0.02292 0.04831 0.99857
vn 0.23249 0.62557 -0.74468
vn 0.1771 0.64345 -0.74468
vn 0.01996 0.21171 -0.97711
vn 0.01209 0.12806 -0.99167
vn -0.42549 0.51415 -0.74468
vn -0.46867 0.47511 -0.74468
vn -0.21262 0.0014 -0.97711
vn -0.29524 0.00198 -0.95541
vn -0.21171 0.01996 -0.97711
vn 0.4572 -0.38896 0.79977
vn -0.42732 -0.42155 0.79977
vn -0.37657 -0.37147 0.84863
vn 0.92093 0.24006 -0.30696
vn -0.01804 0.05048 -0.99854
vn -0.04315 0.12116 -0.99167
vn -0.01459 0.05136 -0.99857
vn -0.01569 0.05115 -0.99857
vn -0.01691 0.05084 -0.99854
vn -0.16117 -0.33958 0.92666
vn -0.12659 -0.26673 0.95541
vn -0.06323 0.78411 0.61736
vn -0.06735 0.83508 0.54595
vn -0.54057 0.78326 0.30696
vn -0.02939 0.04459 0.99857
vn -0.03037 0.04395 0.99857
vn -0.02841 0.0452 0.99857
vn 0.72643 -0.06851 0.68377
vn 0.78317 -0.07385 0.61736
vn 0.76168 0.34889 0.54595
vn -0.08829 0.52153 -0.84863
vn -0.07578 0.44761 -0.89099
vn -0.42155 0.42732 -0.79977
vn -0.38273 0.46245 -0.79977
vn -0.97711 -0.16544 -0.13346
vn -0.94369 -0.24595 -0.22117
vn -0.96152 -0.16282 -0.22117
vn 0.00644 0.95169 -0.30696
vn -0.59914 0.50972 -0.61736
vn -0.63811 0.54286 -0.54595
vn 0.25254 0.91757 0.30696
vn 0.33155 0.89206 0.30699
vn 0.48967 -0.8616 0.13346
vn 0.55391 -0.80264 0.22117
vn 0.21766 0.30644 -0.92663
vn 0.03021 -0.37468 0.92663
vn -0.00253 -0.37587 0.92666
vn 0.20145 -0.56545 0.79977
vn 0.1767 -0.57405 0.79949
vn 0.18488 0.10504 -0.97711
vn -0.75777 -0.52297 0.39015
vn 0.08646 0.91665 0.39015
vn 0.00598 0.88263 0.47002
vn 0.08289 0.87875 0.47002
vn 0.00623 0.92071 0.39012
vn 0.05338 0.00317 0.99857
vn 0.12821 0.01032 0.99167
vn 0.05322 0.00433 0.99857
vn 0.05341 0.00195 0.99857
vn -0.71068 0.33729 0.61736
vn 0.05225 0.01129 0.99857
vn 0.05197 0.01236 0.99857
vn 0.75481 -0.64217 0.13346
vn 0.76089 -0.64733 0.04459
vn -0.15137 -0.14933 0.97711
vn -0.21018 -0.20734 0.95541
vn -0.34889 0.76168 0.54595
vn 0.42833 0.90249 0.04462
vn 0.50536 0.86175 -0.04462
vn 0.34577 -0.29417 -0.89099
vn 0.40287 -0.34275 -0.84863
vn 0.31883 -0.32316 -0.89099
vn -0.29188 -0.7853 0.54595
vn 0.57875 -0.15928 0.79977
vn 0.17161 0.93609 0.30699
vn 0.16602 0.90564 0.39015
vn -0.78317 0.07385 0.61736
vn -0.08029 0.99576 -0.04462
vn -0.16678 0.98495 -0.04462
vn -0.04843 0.02289 -0.99854
vn -0.12058 0.0448 -0.99167
vn -0.11618 0.05515 -0.99167
vn -0.04886 0.02188 -0.99854
vn -0.04929 0.02081 -0.99857
vn -0.04968 0.01971 -0.99857
vn -0.05017 0.01865 -0.99854
vn 0.78665 -0.00534 0.61736
vn 0.30937 0.21351 0.92663
vn 0.57854 0.81442 -0.04462
vn 0.18571 -0.32679 0.92663
vn -0.48143 -0.82095 -0.30696
vn -0.01346 0.05167 0.99857
vn -0.01459 0.05139 0.99857
vn -0.23963 0.28956 0.92663
vn -0.25468 0.14936 0.95541
vn -0.2407 0.171 0.95541
vn -0.16282 0.96152 0.22117
vn -0.07837 0.97208 0.22117
vn 0.65801 0.11142 0.74471
vn -0.37843 -0.79739 0.47002
vn -0.3592 -0.75689 0.54595
vn -0.44649 -0.76138 0.47002
vn 0.86853 0.49361 -0.04462
vn 0.40287 -0.34275 0.84863
vn 0.43123 -0.30631 0.84863
vn -0.00644 -0.95169 0.30699
vn 0.19013 0.32423 -0.92663
vn 0.19465 0.41014 -0.89099
vn 0.04959 0.02017 -0.99854
vn 0.04907 0.02109 -0.99857
vn 0.09909 -0.27812 -0.95541
vn 0.08853 -0.19333 -0.97711
vn 0.12293 -0.26841 -0.95541
vn 0.07135 -0.20029 -0.97711
vn 0.70351 -0.19364 -0.68377
vn 0.77377 -0.14185 -0.61736
vn 0.75845 -0.20875 -0.61736
vn 0.7177 -0.13157 -0.68377
vn 0.11066 -0.35954 0.92651
vn 0.15235 -0.42763 0.89099
vn 0.13364 -0.43422 0.8908
vn 0.21195 0.01709 0.97711
vn 0.29429 0.02371 0.95541
vn 0.04285 -0.03192 0.99857
vn 0.04355 -0.03095 0.99857
vn 0.04144 -0.03369 0.99857
vn 0.04071 -0.03467 0.99857
vn 0.04218 -0.03284 0.99857
vn 0.72964 -0.00494 0.68377
vn 0.72732 0.05866 0.68377
vn -0.44682 0.64742 0.61736
vn -0.16544 0.97711 -0.13346
vn -0.07965 0.98782 -0.13346
vn -0.59642 -0.58837 0.54595
vn -0.57192 -0.67226 0.47002
vn 0.21018 0.20734 0.95541
vn 0.45988 0.26136 0.84863
vn -0.25254 -0.91757 0.30696
vn -0.33155 -0.89206 0.30696
vn -0.03 -0.04422 0.99857
vn 0.03549 -0.20966 0.97711
vn 0.02145 -0.12683 0.99167
vn -0.05179 0.01312 -0.99857
vn -0.05155 0.01425 -0.99857
vn -0.97479 0.17872 -0.13346
vn -0.9826 0.18015 -0.04462
vn -0.60027 0.00406 0.79977
vn 0.02332 -0.04807 0.99857
vn 0.02539 -0.04703 0.99857
vn 0.0264 -0.04642 0.99857
vn 0.02432 -0.04758 0.99857
vn 0.34889 -0.76168 -0.54592
vn -0.97205 -0.07837 -0.22117
vn -0.98782 -0.07965 -0.13349
vn -0.20734 0.21018 -0.95541
vn -0.26399 0.26759 -0.92663
vn 0.09033 -0.09156 0.99167
vn 0.082 -0.09909 0.99167
vn 0.14933 -0.15137 0.97711
vn -0.37147 0.37657 -0.84863
vn -0.31883 0.32319 -0.89099
vn -0.12293 0.26844 0.95541
vn -0.09909 0.27812 0.95541
vn 0.17582 -0.81939 -0.54558
vn 0.13987 -0.82604 -0.54595
vn 0.16507 -0.76943 -0.61699
vn -0.58837 0.59642 -0.54595
vn 0.01691 -0.05084 -0.99854
vn 0.01801 -0.05048 -0.99854
vn 0.48518 0.683 -0.54595
vn 0.45555 0.64132 -0.61736
vn 0.02939 -0.04462 0.99857
vn 0.03037 -0.04398 0.99857
vn 0.8616 0.48967 -0.13346
vn -0.901 -0.4127 -0.13346
vn -0.84783 -0.48186 -0.22117
vn -0.8616 -0.48967 -0.13349
vn -0.88662 -0.40611 -0.22117
vn -0.16382 -0.13556 -0.97711
vn -0.17753 0.49828 -0.84863
vn 0.57192 0.67226 -0.47002
vn 0.54286 0.63811 -0.54595
vn 0.20029 0.07135 0.97711
vn -0.89532 0.42491 -0.13346
vn -0.91412 0.33973 -0.22117
vn -0.66836 0.67751 -0.30696
vn 0.84787 0.48186 0.22117
vn -0.01859 -0.05017 -0.99857
vn -0.0448 -0.12055 -0.99167
vn -0.01764 -0.05057 -0.99854
vn -0.11093 0.06507 -0.99167
vn 0.03092 0.04361 0.99857
vn 0.02994 0.04422 0.99857
vn -0.22745 -0.18824 -0.95541
vn 0.83709 0.38343 -0.39015
vn 0.50972 0.59914 -0.61736
vn 0.42256 0.59484 -0.68377
vn -0.08185 -0.44652 0.89099
vn -0.04965 -0.52663 0.84863
vn -0.04263 -0.45195 0.89099
vn -0.09537 -0.52028 0.84863
vn -0.26289 -0.3701 -0.89099
vn -0.19013 -0.32423 -0.92663
vn -0.22965 -0.39158 -0.89099
vn 0.17753 -0.49828 0.84863
vn 0.15571 -0.50591 0.84838
vn -0.23225 0.89096 -0.39015
vn -0.24006 0.92093 -0.30699
vn 0.52724 0.04251 -0.84863
vn 0.16507 -0.76943 0.61699
vn 0.13132 -0.7756 0.61736
vn 0.80264 0.55391 -0.22117
vn 0.22678 0.47786 0.84863
vn -0.69597 0.7055 0.13346
vn -0.19932 0.07407 -0.97711
vn -0.28465 0.07834 -0.95541
vn -0.27674 0.10285 -0.95541
vn -0.20502 0.0564 -0.97711
vn -0.73736 0.27406 0.61736
vn -0.35408 -0.12613 -0.92663
vn 0.16602 0.90564 -0.39015
vn 0.08936 0.94748 -0.30696
vn 0.08646 0.91665 -0.39015
vn 0.06198 -0.28892 0.95532
vn 0.04465 -0.20811 0.97708
vn 0.04929 -0.29112 0.95541
vn 0.41273 0.18906 -0.89099
vn -0.01965 -0.04968 0.99857
vn -0.01862 -0.05002 0.99857
vn -0.15107 -0.82406 -0.54595
vn -0.038 -0.03748 0.99857
vn -0.80245 -0.36756 0.46999
vn -0.72839 -0.41395 0.54595
vn -0.76168 -0.34889 0.54595
vn -0.76736 -0.43611 0.46999
vn -0.13556 0.16382 -0.97711
vn -0.14933 0.15137 -0.97711
vn -0.28468 0.07834 0.95541
vn -0.56548 -0.20142 -0.79977
vn -0.48091 -0.22028 -0.84863
vn -0.54573 -0.24998 -0.79977
vn -0.49828 -0.1775 -0.84863
vn -0.18824 0.22745 0.95541
vn -0.26395 0.26759 0.92663
vn -0.20734 0.21018 0.95541
vn -0.0509 0.01636 -0.99857
vn -0.05118 0.01526 -0.99857
vn -0.0419 -0.0332 0.99857
vn -0.09116 -0.19211 -0.97711
vn -0.05515 -0.11618 -0.99167
vn -0.29524 0.00198 0.95541
vn -0.85409 -0.2226 0.47002
vn -0.83145 -0.29618 0.47002
vn -0.99457 0.09381 0.04462
vn -0.98666 0.09308 0.13346
vn -0.15137 -0.14933 -0.97711
vn 0.06262 -0.20341 0.97708
vn -0.00784 0.05301 -0.99854
vn 0.09159 0.97092 -0.22117
vn 0.32319 0.31883 -0.89099
vn 0.28956 0.23966 -0.92663
vn 0.0015 0.05341 -0.99857
vn 0.00671 0.99103 0.13346
vn 0.65642 -0.12033 -0.74468
vn 0.66442 -0.06265 -0.74471
vn -0.24598 0.94369 -0.22117
vn -0.24998 0.95898 -0.13346
vn 0.91775 0.07401 0.39015
vn 0.94861 0.07648 0.30696
vn 0.02799 0.04547 0.99857
vn 0.02704 0.04608 0.99857
vn 0.50133 -0.72643 0.47002
vn 0.52297 -0.75777 0.39015
vn 0.70608 0.18406 -0.68377
vn 0.74102 0.26402 -0.61736
vn 0.76119 0.19843 -0.61736
vn 0.68734 0.24488 -0.68377
vn -0.67998 -0.56273 -0.47002
vn -0.62835 -0.61986 -0.47002
vn 0.88101 -0.41813 0.22117
vn 0.92895 -0.34526 0.13346
vn 0.89532 -0.42491 0.13346
vn 0.20914 -0.03833 0.97711
vn 0.33729 0.71068 0.61736
vn 0.28629 -0.24357 0.92663
vn -0.86306 0.32078 0.39012
vn -0.12613 0.35408 0.92663
vn -0.15235 0.42766 0.89099
vn 0.89532 -0.42491 -0.13346
vn 0.03787 -0.12305 -0.99167
vn 0.04315 -0.12116 -0.99167
vn 0.01392 -0.05155 -0.99857
vn 0.01459 -0.05145 -0.99857
vn 0.01575 -0.05106 -0.99857
vn 0.10587 0.07303 -0.99167
vn 0.0745 0.10486 0.99167
vn 0.12314 0.17335 0.97711
vn 0.00967 0.05271 -0.99854
vn 0.02319 0.1265 -0.99167
vn 0.00851 0.05289 -0.99854
vn 0.00732 0.05298 -0.99857
vn -0.02118 0.04904 0.99857
vn -0.02225 0.04859 0.99857
vn -0.01901 0.04996 0.99857
vn -0.01788 0.05033 0.99857
vn -0.02017 0.0495 0.99857
vn -0.13132 0.7756 -0.61736
vn -0.12183 0.71944 -0.68377
vn -0.3701 0.26289 -0.89099
vn -0.45628 0.26759 -0.84863
vn -0.43123 0.30631 -0.84863
vn -0.39158 0.22965 -0.89099
vn -0.87027 -0.14734 -0.47002
vn -0.52297 0.75781 -0.39015
vn -0.13987 0.82604 -0.54595
vn 0.3376 0.57567 -0.74471
vn 0.36912 0.62941 -0.68377
vn 0.38649 0.54405 -0.74468
vn 0.69424 0.68487 0.22117
vn 0.70553 0.69597 0.13346
vn 0.15314 -0.71374 -0.68343
vn 0.14005 -0.65285 -0.74438
vn 0.01077 0.05249 -0.99854
vn -0.46577 -0.79421 0.39015
vn 0.87979 0.07096 0.47002
vn 0.18824 -0.22745 -0.95541
vn 0.26399 -0.26759 -0.92663
vn -0.3592 -0.75689 -0.54595
vn 0.07306 -0.10587 0.99167
vn 0.91757 -0.25254 -0.30696
vn -0.34577 0.29417 -0.89099
vn -0.40287 0.34275 -0.84863
vn -0.00494 -0.72967 0.68377
vn -0.4958 0.18427 -0.84863
vn -0.47786 0.22678 -0.84863
vn 0.66338 0.30387 -0.68377
vn -0.63186 0.76348 -0.13349
vn -0.63692 0.76962 -0.04462
vn 0.86734 0.30903 0.39015
vn -0.03125 0.04334 0.99857
vn -0.03226 0.04263 0.99857
vn -0.26673 0.12659 -0.95541
vn -0.19211 0.09116 -0.97711
vn 0.66735 -0.00452 0.74471
vn 0.66521 0.05362 0.74471
vn -0.00778 0.05289 0.99857
vn -0.02145 0.12683 0.99167
vn -0.00891 0.05264 0.99857
vn -0.01032 0.12821 0.99167
vn -0.00543 0.05313 0.99857
vn -0.0043 0.05325 0.99857
vn -0.00656 0.05307 0.99857
vn 0.05353 -0.11695 -0.99167
vn 0.01901 -0.05008 -0.99854
vn 0.02008 -0.04959 -0.99857
vn 0.02121 -0.04904 -0.99857
vn 0.02228 -0.04852 -0.99857
vn 0.28614 0.60292 -0.74471
vn 0.87979 0.07096 -0.47002
vn 0.88263 -0.00598 -0.47002
vn -0.26759 -0.26395 0.92666
vn 0.37147 -0.37657 0.84863
vn 0.33723 -0.40751 0.84863
vn 0.42158 -0.42732 0.79977
vn -0.41444 0.60054 -0.68377
vn 0.00406 0.60027 -0.79977
vn 0.00452 0.66735 -0.74471
vn 0.71941 0.1218 -0.68377
vn 0.7756 0.13132 -0.61736
vn 0.72732 0.05866 -0.68377
vn 0.06507 0.11097 0.99167
vn 0.02902 0.04486 0.99857
vn 0.01233 -0.052 0.99857
vn 0.02701 -0.12589 0.99167
vn 0.01291 -0.05182 0.99857
vn 0.01007 -0.05249 0.99857
vn 0.00885 -0.05267 0.99857
vn 0.0112 -0.05225 0.99857
vn 0.98495 0.16678 0.04462
vn -0.03528 -0.37422 0.92663
vn -0.06778 -0.3697 0.92663
vn -0.42766 -0.15232 -0.89099
vn 0.24357 0.28629 0.92663
vn 0.29414 0.34577 0.89099
vn -0.18485 -0.10504 0.97711
vn -0.10587 -0.07306 0.99167
vn -0.91867 -0.32725 -0.22117
vn -0.25199 0.96667 -0.04462
vn 0.20957 -0.97674 -0.04456
vn 0.20957 -0.97674 0.04456
vn 0.52028 -0.09537 0.84863
vn 0.52663 -0.04965 0.84863
vn -0.89096 -0.23218 -0.39015
vn -0.13343 0.51186 -0.84863
vn -0.14933 0.15137 0.97711
vn -0.98666 0.09308 -0.13349
vn 0.12445 0.03244 0.99167
vn -0.05286 -0.00769 0.99857
vn -0.0531 -0.00549 0.99857
vn -0.05307 -0.00659 0.99857
vn 0.34095 -0.49403 -0.79977
vn -0.49403 -0.34095 -0.79977
vn 0.79739 -0.37843 0.47002
vn 0.00671 0.99103 -0.13346
vn 0.00678 0.99896 -0.04462
vn 0.03674 -0.03888 0.99857
vn 0.03748 -0.038 0.99857
vn -0.02194 -0.04886 -0.99854
vn -0.02081 -0.04926 -0.99857
vn 0.62835 0.61986 0.47002
vn -0.02115 0.04904 -0.99857
vn -0.28629 0.24357 0.92663
vn -0.22489 0.19132 0.95541
vn 0.8222 0.56743 -0.04462
vn -0.15928 -0.57875 -0.79977
vn -0.93835 -0.15888 0.30699
vn -0.99457 0.09381 -0.04462
vn -0.99896 0.00678 -0.04462
vn -0.08646 -0.91665 0.39015
vn -0.80245 -0.36756 -0.46999
vn -0.72839 -0.41395 -0.54595
vn -0.76736 -0.43611 -0.46999
vn -0.76168 -0.34889 -0.54595
vn -0.08936 -0.94748 0.30696
vn 0.03583 -0.0397 -0.99857
vn 0.63439 0.36052 -0.68377
vn 0.60054 0.41444 -0.68377
vn 0.58022 0.32975 -0.74471
vn 0.05167 0.01337 0.99857
vn -0.29414 -0.34577 0.89099
vn -0.30634 -0.43123 0.84863
vn -0.34275 -0.40287 0.84863
vn -0.58702 0.70934 -0.39015
vn -0.60677 0.73318 -0.30696
vn 0.45628 -0.26759 0.84863
vn 0.0632 -0.78411 0.61736
vn -0.13779 -0.16196 0.97711
vn -0.16602 -0.90564 0.39015
vn -0.00851 -0.05289 -0.99854
vn -0.59761 0.05637 0.79977
vn -0.62175 0.7513 -0.22117
vn 0.052 0.0123 -0.99857
vn -0.72643 -0.50133 -0.47002
vn -0.03015 -0.04431 -0.99854
vn -0.02902 -0.04495 -0.99857
vn -0.02802 -0.04544 -0.99857
vn -0.02707 -0.04608 -0.99857
vn -0.37843 -0.79739 -0.47002
vn -0.24598 0.94369 0.22117
vn -0.34095 0.49403 0.79977
vn -0.3827 0.46245 0.79977
vn -0.15815 -0.42552 0.89099
vn 0.05289 0.00781 0.99857
vn 0.12683 0.02145 0.99167
vn 0.05264 0.00885 0.99857
vn 0.69601 -0.7055 -0.13346
vn -0.13095 -0.35234 0.92663
vn -0.07834 -0.28468 0.95541
vn -0.10285 -0.27674 0.95541
vn -0.09973 -0.36241 0.92663
vn -0.02499 -0.04724 0.99857
vn -0.29658 0.5219 -0.79977
vn 0.59661 0.70128 -0.39015
vn 0.03735 0.03836 -0.99854
vn 0.03644 0.03922 -0.99854
vn 0.98782 0.07965 0.13346
vn 0.991 -0.00671 0.13349
vn -0.17161 -0.93609 0.30699
vn 0.0441 0.03037 -0.99854
vn 0.09909 0.082 -0.99167
vn 0.04346 0.0314 -0.99854
vn -0.91412 0.33973 0.22117
vn -0.89209 0.33155 0.30696
vn -0.94024 0.2588 0.22117
vn -0.97479 0.17869 0.13346
vn 0.48967 -0.8616 -0.13346
vn -0.88772 0.24433 -0.39015
vn -0.47508 -0.46867 0.74471
vn 0.00388 0.05341 -0.99854
vn 0.00272 0.05347 -0.99854
vn 0.41603 -0.90823 0.04462
vn 0.41273 -0.901 0.13346
vn 0.49361 -0.86853 0.04462
vn 0.41447 -0.60054 0.68377
vn -0.36052 0.63439 -0.68377
vn -0.8616 -0.48967 0.13346
vn -0.84783 -0.48186 0.22117
vn -0.81564 -0.56291 0.13346
vn -0.32423 0.19013 -0.92663
vn 0.86734 0.30903 -0.39015
vn 0.89096 0.23225 -0.39015
vn 0.83145 0.29624 -0.47002
vn 0.43242 0.50829 0.74471
vn 0.42256 0.59487 0.68377
vn 0.38649 0.54405 0.74471
vn 0.47279 0.55574 0.68377
vn -0.65642 0.12033 0.74471
vn -0.57875 0.15931 0.79977
vn -0.50999 0.14035 0.84863
vn -0.59044 0.10822 0.79977
vn 0.06732 -0.83508 0.54595
vn -0.12079 0.17499 -0.97711
vn -0.05637 -0.59761 0.79977
vn -0.10825 -0.59044 0.79977
vn -0.06269 -0.66442 0.74471
vn -0.37587 0.00253 -0.92663
vn 0.55113 0.77587 0.30696
vn 0.61666 0.72488 0.30699
vn 0.50999 -0.14035 -0.84863
vn 0.44652 -0.08185 -0.89099
vn 0.4377 -0.12046 -0.89099
vn 0.23423 0.85101 0.47002
vn 0.26511 0.96316 0.04462
vn 0.18015 0.9826 0.04462
vn 0.26508 0.96316 -0.04462
vn 0.31285 0.6592 0.68377
vn 0.21265 -0.00143 -0.97711
vn -0.57192 -0.67226 -0.47002
vn -0.36372 -0.09479 0.92663
vn 0.56478 0.79504 -0.22117
vn -0.25419 -0.68395 -0.68377
vn -0.05341 0.00272 -0.99857
vn -0.05344 0.00385 -0.99854
vn 0.44649 0.76138 -0.47002
vn 0.51115 0.71957 -0.47002
vn -0.83181 0.39479 -0.39015
vn 0.04364 -0.03092 -0.99857
vn 0.04431 -0.03012 -0.99854
vn 0.04492 -0.02911 -0.99854
vn 0.04544 -0.02808 -0.99857
vn 0.04611 -0.02704 -0.99857
vn -0.40614 0.88662 0.22117
vn -0.2779 0.60674 0.74471
vn -0.29658 0.5219 0.79977
vn 0.05341 -0.00388 -0.99854
vn 0.05347 -0.00272 -0.99857
vn 0.07306 -0.10584 -0.99167
vn 0.06354 -0.11182 -0.99167
vn 0.02741 -0.04599 -0.99854
vn 0.03037 -0.04398 -0.99857
vn -0.02899 -0.04489 0.99857
vn -0.02805 -0.04547 0.99857
vn 0.41014 -0.19465 -0.89099
vn 0.42552 -0.15815 -0.89099
vn 0.33958 -0.16114 -0.92663
vn 0.71957 -0.51115 -0.47002
vn 0.683 -0.48518 -0.54595
vn 0.78921 0.28117 -0.54595
vn 0.00772 -0.05286 0.99857
vn 0.00662 -0.05304 0.99857
vn -0.05228 -0.01129 -0.99857
vn -0.05246 -0.0101 -0.99857
vn 0.29429 0.02371 -0.95541
vn 0.04587 0.02747 -0.99857
vn 0.04532 0.02844 -0.99857
vn 0.04474 0.02942 -0.99854
vn 0.07892 -0.36781 -0.92651
vn -0.12046 -0.4377 0.89099
vn -0.00262 -0.05338 0.99857
vn -0.0015 -0.05344 0.99857
vn -0.08185 -0.44652 -0.89099
vn -0.0426 -0.45198 -0.89099
vn -0.05344 0.00146 0.99857
vn -0.05325 0.00381 0.99857
vn -0.05341 0.00272 0.99857
vn 0.19465 0.41011 0.89099
vn -0.02011 0.04962 -0.99854
vn 0.02332 -0.04807 -0.99857
vn 0.02435 -0.04764 -0.99857
vn -0.07648 0.94861 0.30696
vn -0.15888 0.93835 0.30696
vn 0.68395 -0.25419 -0.68377
vn -0.03549 0.20966 -0.97711
vn -0.04215 0.0329 0.99857
vn -0.04291 0.03192 0.99857
vn -0.01971 -0.04965 -0.99857
vn 0.38896 0.4572 -0.79977
vn -0.00732 -0.05298 -0.99857
vn -0.54286 -0.63811 -0.54595
vn -0.03278 -0.04218 0.99857
vn -0.05045 -0.01794 -0.99854
vn -0.12116 -0.04315 -0.99167
vn -0.05011 -0.01901 -0.99854
vn -0.04959 -0.02014 -0.99857
vn -0.04904 -0.02115 -0.99857
vn -0.26673 0.12659 0.95541
vn -0.04791 0.02396 -0.99854
vn 0.08692 -0.28242 0.95532
vn -0.33262 0.93356 -0.13346
vn -0.33528 0.94104 -0.04462
vn 0.74279 -0.63192 0.22117
vn 0.69597 -0.7055 0.13346
vn -0.13132 0.7756 0.61736
vn -0.13987 0.82604 0.54595
vn 0.29157 -0.9472 -0.13334
vn -0.03665 0.03891 0.99857
vn -0.082 0.09909 0.99167
vn -0.0358 0.03967 0.99857
vn 0.91412 -0.33973 -0.22117
vn 0.94024 -0.2588 -0.22117
vn 0.04965 0.52663 0.84863
vn 0.05637 0.59761 0.79977
vn 0.38896 0.4572 0.79977
vn 0.34275 0.40291 0.84863
vn 0.34764 0.48936 0.79977
vn 0.14588 -0.25669 0.95541
vn 0.56273 -0.67998 0.47002
vn 0.58837 -0.59642 0.54595
vn 0.53413 -0.64544 0.54595
vn 0.61986 -0.62835 0.47002
vn 0.27091 -0.88009 0.38981
vn 0.29624 -0.83145 0.47002
vn 0.25971 -0.84375 0.46968
vn 0.30903 -0.86734 0.39012
vn 0.9078 0.15372 -0.39015
vn 0.93835 0.15888 -0.30696
vn 0.17096 0.2407 -0.95541
vn -0.05246 0.01071 -0.99854
vn -0.05219 0.0119 -0.99854
vn -0.50133 -0.85488 0.13346
vn -0.00504 -0.05316 0.99857
vn -0.00378 -0.05335 0.99857
vn -0.00266 -0.05341 -0.99857
vn 0.09537 0.52028 0.84863
vn 0.08185 0.44652 0.89099
vn -0.28611 -0.60289 0.74471
vn 0.00662 0.97519 -0.22117
vn -0.65545 -0.64663 -0.39015
vn -0.03543 -0.03995 0.99857
vn -0.08335 -0.09796 0.99167
vn -0.03467 -0.04062 0.99857
vn -0.09156 -0.0903 0.99167
vn 0.03833 -0.0372 -0.99857
vn 0.03757 -0.038 -0.99857
vn -0.991 0.00671 -0.13349
vn -0.94861 -0.07651 0.30699
vn -0.9078 -0.15369 0.39012
vn -0.91775 -0.07401 0.39012
vn -0.12806 0.01205 -0.99167
vn -0.1286 0.00085 -0.99167
vn 0.57192 0.67226 0.47002
vn 0.59661 0.70128 0.39015
vn 0.29524 -0.00198 -0.95541
vn -0.27674 0.10288 0.95541
vn -0.03528 -0.37422 -0.92663
vn 0.81564 0.56291 -0.13346
vn -0.12659 -0.26673 -0.95541
vn -0.14933 -0.25468 -0.95541
vn -0.71944 -0.1218 -0.68377
vn -0.65801 -0.11142 -0.74468
vn -0.30903 0.86734 0.39015
vn -0.23225 0.89096 0.39015
vn 0.00198 0.29524 -0.95541
vn -0.02536 0.04703 0.99857
vn 0.36909 0.62941 0.68377
vn -0.89532 0.42491 0.13346
vn -0.02188 -0.04874 0.99857
vn -0.32731 0.91864 -0.22117
vn -0.5219 -0.29661 -0.79977
vn -0.45988 -0.26136 -0.84863
vn -0.46577 -0.79424 -0.39015
vn -0.00256 -0.37587 -0.92663
vn 0.51186 0.13343 -0.84863
vn 0.03223 -0.04263 0.99857
vn 0.03314 -0.0419 0.99857
vn 0.24656 -0.80096 -0.54558
vn 0.26402 -0.74102 -0.61736
vn 0.28117 -0.78921 -0.54595
vn 0.23154 -0.7521 -0.61699
vn 0.19132 0.22489 0.95541
vn 0.10504 -0.18488 -0.97711
vn 0.03327 -0.04199 -0.99854
vn 0.06732 -0.83508 -0.54595
vn -0.60674 -0.27793 -0.74468
vn 0.28004 -0.90967 0.30671
vn 0.32731 -0.91864 0.2212
vn 0.31941 -0.89648 0.30699
vn 0.28694 -0.9321 0.22098
vn -0.16117 -0.33958 -0.92663
vn -0.19465 -0.41011 -0.89099
vn -0.12116 -0.04315 0.99167
vn -0.04993 -0.01907 0.99857
vn -0.05033 -0.01798 0.99857
vn 0.86523 0.39634 0.30699
vn -0.86303 0.32078 -0.39015
vn -0.89209 0.33155 -0.30696
vn 0.54057 -0.78326 0.30699
vn 0.47588 -0.68954 0.54595
vn 0.44682 -0.64742 0.61736
vn 0.24433 0.88772 0.39015
vn -0.32319 -0.31883 -0.89099
vn -0.26759 -0.26399 -0.92663
vn -0.1218 0.71941 0.68377
vn -0.05866 0.72732 0.68377
vn 0.50154 -0.60604 0.61736
vn 0.55245 -0.56001 0.61736
vn 0.7513 0.62175 -0.22117
vn 0.76348 0.63186 -0.13346
vn 0.20914 0.56267 0.79977
vn 0.51946 0.51244 0.68377
vn -0.6592 0.31285 -0.68377
vn -0.41273 -0.18906 -0.89099
vn -0.21018 -0.20734 -0.95541
vn -0.00037 -0.05338 0.99857
vn 0.67858 -0.39793 -0.61736
vn 0.76962 0.63692 0.04462
vn 0.76962 0.63692 -0.04462
vn 0.05512 0.11621 -0.99167
vn 0.59761 -0.05637 0.79977
vn 0.04422 -0.02994 0.99857
vn 0.04544 -0.02805 0.99857
vn 0.04486 -0.02899 0.99857
vn 0.15107 0.82406 0.54595
vn 0.14185 0.77377 0.61736
vn 0.02713 0.04611 -0.99857
vn 0.02811 0.04553 -0.99857
vn 0.64663 -0.65548 -0.39015
vn -0.07447 -0.10486 0.99167
vn -0.02704 -0.04611 0.99857
vn -0.82739 -0.47023 -0.30699
vn -0.8005 -0.45494 -0.39015
vn -0.04529 -0.02847 0.99857
vn 0.00616 0.0531 0.99857
vn 0.00739 0.05295 0.99857
vn 0.02747 -0.04587 0.99857
vn 0.02841 -0.04523 0.99857
vn 0.5674 -0.8222 -0.04462
vn 0.49361 -0.86853 -0.04462
vn 0.26298 0.9555 -0.13349
vn 0.11106 -0.51753 0.84838
vn -0.26759 -0.45628 -0.84863
vn -0.00198 -0.29524 -0.95541
vn 0.02371 -0.29429 -0.95541
vn 0.03372 0.04141 0.99857
vn 0.03192 0.04285 0.99857
vn 0.03284 0.04215 0.99857
vn 0.97205 0.07837 0.2212
vn 0.24433 0.88772 -0.39015
vn -0.51781 0.30366 -0.79977
vn 0.03528 0.37422 0.92663
vn 0.0426 0.45198 0.89099
vn -0.07407 -0.19932 -0.97711
vn -0.97519 0.00662 0.22117
vn 0.04672 -0.02591 -0.99857
vn -0.04007 0.03552 -0.99854
vn -0.0408 0.03473 -0.99854
vn -0.49583 0.18427 0.84863
vn -0.56267 0.20911 0.79977
vn -0.51186 -0.1334 0.84863
vn 0.10822 0.59044 0.79977
vn 0.06262 -0.20341 -0.97708
vn 0.08695 -0.28242 -0.95532
vn 0.30644 -0.21769 0.92663
vn -0.05084 -0.01694 -0.99854
vn 0.50133 0.85488 -0.13346
vn -0.013 -0.05188 0.99857
vn 0.57393 0.80795 -0.13346
vn 0.06778 0.36973 -0.92663
vn 0.02771 0.29395 -0.95541
vn 0.0408 -0.0347 -0.99854
vn 0.03912 -0.0365 -0.99857
vn 0.04013 -0.03552 -0.99854
vn 0.34803 0.9364 0.04462
vn -0.88263 0.00598 0.47002
vn -0.32731 0.91864 0.22117
vn -0.4127 0.901 0.13349
vn -0.9826 0.18015 0.04462
vn -0.51115 -0.71957 0.47002
vn -0.33958 0.16114 0.92663
vn -0.77587 0.55116 0.30696
vn 0.39161 -0.22965 0.89099
vn 0.3701 -0.26292 0.89099
vn -0.04666 0.02591 -0.99857
vn -0.04733 0.02499 -0.99857
vn -0.01639 -0.05081 0.99857
vn 0.38343 -0.83709 -0.39015
vn -0.23423 -0.85098 -0.47002
vn -0.24433 -0.88772 -0.39015
vn -0.00531 -0.78665 0.61736
vn -0.00568 -0.83779 0.54595
vn 0.00678 0.99896 0.04462
vn -0.25669 -0.14588 0.95541
vn -0.32679 -0.18571 0.92663
vn -0.43611 0.76736 -0.46999
vn 0.09531 -0.4442 0.8908
vn -0.01752 -0.05051 0.99857
vn 0.41603 -0.90823 -0.04462
vn -0.14734 0.87027 -0.47002
vn 0.65801 0.11142 -0.74468
vn 0.59185 0.10019 -0.79977
vn -0.37422 0.03528 0.92663
vn -0.05329 0.00485 -0.99857
vn 0.02499 0.0473 -0.99857
vn 0.02396 0.04794 -0.99854
vn 0.18342 -0.10758 0.97711
vn 0.25468 -0.14936 0.95541
vn -0.09909 -0.082 0.99167
vn -0.43928 -0.11447 0.89099
vn 0.88104 -0.41813 -0.22117
vn 0.15915 0.86816 0.46999
vn 0.59044 -0.10825 0.79977
vn -0.01187 -0.05206 0.99857
vn 0.32423 -0.19013 0.92663
vn 0.37364 0.25785 0.89099
vn -0.24006 0.92093 0.30699
vn -0.19333 -0.08853 0.97711
vn -0.20032 -0.07135 0.97711
vn -0.34095 0.49403 -0.79977
vn -0.05344 0.00153 -0.99857
vn -0.05341 0.00037 -0.99857
vn -0.38896 -0.4572 0.79977
vn -0.42552 0.15815 0.89099
vn -0.35234 0.13095 0.92663
vn -0.41011 0.19465 0.89099
vn -0.92093 -0.24003 -0.30696
vn -0.20914 0.03833 -0.97711
vn -0.43535 -0.30045 -0.84863
vn 0.05063 -0.01761 -0.99854
vn 0.05087 -0.01639 -0.99857
vn 0.50999 -0.14035 0.84863
vn 0.09381 0.99457 0.04462
vn 0.52153 0.08829 -0.84863
vn -0.36756 0.80245 -0.46999
vn -0.21262 0.0014 0.97711
vn -0.02319 -0.12653 0.99167
vn 0.03134 -0.04331 -0.99857
vn 0.03226 -0.04263 -0.99857
vn 0.19211 -0.09116 0.97711
vn -0.32319 -0.3188 0.89099
vn 0.03989 -0.03555 0.99857
vn 0.03125 -0.04334 0.99857
vn 0.03409 -0.04117 0.99857
vn 0.28629 -0.24357 -0.92663
vn -0.29417 -0.34577 -0.89099
vn 0.04791 -0.02405 -0.99854
vn 0.63692 -0.76962 -0.04462
vn 0.70159 -0.71117 -0.04462
vn -0.64742 -0.44682 0.61736
vn -0.39476 -0.83181 0.39015
vn -0.3075 -0.82733 -0.47002
vn 0.71941 0.12183 0.68377
vn -0.46867 0.47508 0.74471
vn -0.00735 -0.05295 0.99857
vn -0.01233 0.052 0.99857
vn -0.03244 0.12445 0.99167
vn -0.01007 0.05249 0.99857
vn -0.0112 0.05228 0.99857
vn -0.00198 -0.29524 0.95541
vn 0.02371 -0.29429 0.95541
vn 0.00494 0.72967 -0.68377
vn 0.09305 0.98666 0.13349
vn -0.12314 -0.17335 0.97711
vn 0.01752 0.05045 0.99857
vn 0.01645 0.05087 0.99857
vn 0.89209 -0.33155 -0.30696
vn -0.32975 0.58022 -0.74468
vn -0.37907 0.54927 -0.74468
vn 0.7853 -0.29188 0.54595
vn 0.82733 -0.3075 0.46999
vn -0.68392 -0.38868 -0.61736
vn -0.05271 0.00974 -0.99854
vn -0.12653 0.02319 -0.99167
vn -0.05289 0.00861 -0.99854
vn 0.09973 0.36241 -0.92663
vn -0.66338 -0.30387 -0.68377
vn -0.71517 -0.32759 -0.61736
vn 0.901 0.4127 0.13349
vn 0.03494 -0.04035 0.99857
vn 0.0358 -0.03967 0.99857
vn 0.0531 0.0065 -0.99857
vn 0.05329 0.0054 -0.99854
vn 0.05237 -0.01071 0.99857
vn 0.01971 0.04968 0.99857
vn 0.0448 0.12058 0.99167
vn 0.01852 0.05008 0.99857
vn 0.05515 0.11621 0.99167
vn 0.02182 0.04874 0.99857
vn 0.02081 0.04917 0.99857
vn 0.70159 -0.71117 0.04462
vn 0.73736 -0.27406 0.61736
vn 0.75689 -0.3592 0.54595
vn 0.09973 0.36241 0.92663
vn 0.06778 0.3697 0.92663
vn 0.08185 0.44652 -0.89099
vn 0.9555 -0.26298 0.13349
vn -0.11142 0.65801 0.74471
vn 0.88662 0.40614 0.22117
vn -0.39467 -0.22431 -0.89099
vn 0.0054 -0.05332 -0.99854
vn 0.05118 -0.01535 -0.99857
vn 0.05072 0.01672 0.99857
vn 0.34577 -0.29417 0.89099
vn 0.15931 0.57875 0.79977
vn 0.12076 -0.17499 -0.97711
vn 0.02295 0.0484 -0.99854
vn -0.36756 0.80245 0.46999
vn -0.62941 0.36912 0.68377
vn -0.6592 0.31285 0.68377
vn -0.31941 0.89648 0.30699
vn -0.05072 -0.01679 0.99857
vn 0.06275 -0.37062 0.92663
vn 0.80245 0.36756 -0.46999
vn 0.04727 -0.02503 -0.99857
vn 0.0741 0.19932 0.97711
vn -0.00659 0.0531 -0.99857
vn 0.66442 -0.06265 0.74471
vn -0.01706 0.21195 0.97711
vn -0.00616 -0.05307 0.99857
vn 0.03967 0.03583 -0.99857
vn -0.62868 -0.22394 -0.74468
vn -0.03311 0.0419 0.99857
vn -0.00146 -0.05356 -0.99854
vn 0.36756 -0.80245 -0.47002
vn 0.05249 0.01004 0.99857
vn 0.00311 -0.05335 0.99857
vn -0.12445 -0.03244 -0.99167
vn -0.05112 -0.01569 -0.99857
vn -0.0506 0.01764 -0.99854
vn 0.0528 -0.00845 -0.99857
vn 0.05298 -0.00739 -0.99857
vn -0.05866 0.72732 -0.68377
vn -0.05365 0.66521 0.74471
vn -0.00537 0.05316 -0.99857
vn -0.01901 0.05008 -0.99854
vn 0.14734 -0.87024 -0.47002
vn 0.30045 -0.43535 0.84863
vn -0.04331 -0.03125 0.99857
vn -0.04263 -0.0322 0.99857
vn -0.05213 -0.01251 -0.99854
vn 0.20792 -0.96899 -0.13334
vn 0.2046 -0.95355 -0.22095
vn -0.04364 0.03088 -0.99857
vn -0.04291 0.0318 -0.99857
vn -0.50972 -0.59914 -0.61736
vn -0.45558 -0.64129 -0.61736
vn -0.85488 0.50133 0.13349
vn 0.25785 -0.37364 0.89099
vn 0.04154 -0.03391 -0.99854
vn 0.04218 -0.03281 -0.99857
vn 0.04291 -0.03195 -0.99857
vn -0.6458 -0.16831 -0.74468
vn -0.06851 -0.72643 -0.68377
vn 0.026 0.04669 -0.99857
vn -0.04434 0.03009 -0.99854
vn 0.05289 0.00781 -0.99857
vn 0.02606 0.04666 0.99857
vn -0.13556 0.16382 0.97711
vn 0.07892 -0.36781 0.92651
vn -0.04147 0.03391 -0.99854
vn 0.05234 0.01114 -0.99857
vn -0.026 -0.04669 0.99857
vn 0.18519 -0.86319 -0.46965
vn -0.124 0.03412 -0.99167
vn 0.03668 -0.03888 -0.99857
vn 0.05182 -0.013 0.99857
vn 0.0521 -0.01187 0.99857
vn -0.37062 -0.06275 0.92663
vn -0.00195 0.05344 0.99857
vn -0.00311 0.05335 0.99857
vn -0.02078 -0.04923 0.99857
vn 0.02081 0.04929 -0.99857
vn 0.02197 0.04886 -0.99854
vn 0.20792 -0.96899 0.13334
vn 0.01639 0.05087 -0.99857
vn 0.02499 0.04727 0.99857
vn -0.04221 0.03287 -0.99857
vn -0.01083 -0.05234 0.99857
vn 0.2046 -0.95355 0.22098
vn -0.03375 -0.04141 0.99857
vn -0.00079 0.05341 0.99857
vt 0.9167 0.7687
vt 0.9028 0.7309
vt 0.9167 0.7309
vt 0.9028 0.7687
vt 0.7917 0.6914
vt 0.7778 0.6504
vt 0.7917 0.6504
vt 0.7778 0.6914
vt 0.0139 0.2313
vt 0 0.2691
vt 0 0.2313
vt 0.0139 0.2691
vt 0.8611 0.0565
vt 0.8472 0.0783
vt 0.8472 0.0565
vt 0.8611 0.0783
vt 0.9305 0.3087
vt 0.9167 0.3497
vt 0.9167 0.3087
vt 0.9305 0.3497
vt 0.0278 0.8968
vt 0.0139 0.8687
vt 0.0278 0.8687
vt 0.0139 0.8968
vt 1 0.7309
vt 0.9861 0.6914
vt 1 0.6914
vt 0.9861 0.7309
vt 0.6702 0.0004
vt 0.6667 0.0042
vt 0.6667 0.0004
vt 0.6806 0.0042
vt 0.6771 0.0004
vt 0.6806 0.0004
vt 0.6736 0.0004
vt 0.625 0.8968
vt 0.6111 0.9218
vt 0.6111 0.8968
vt 0.625 0.9218
vt 0.8368 0.0004
vt 0.8333 0.0042
vt 0.8333 0.0004
vt 0.8472 0.0042
vt 0.8437 0.0004
vt 0.8472 0.0004
vt 0.8403 0.0004
vt 0.7485 0
vt 0.0382 0.0004
vt 0.0347 0.0004
vt 0.3195 0.962
vt 0.3056 0.977
vt 0.3056 0.962
vt 0.3195 0.977
vt 0.6806 0.9996
vt 0.5719 1.0001
vt 0.6771 0.9996
vt 0.1215 0.9996
vt 0.1181 0.9996
vt 0.4722 0.9882
vt 0.4584 0.977
vt 0.4722 0.977
vt 0.4584 0.9882
vt 0.3889 0.8379
vt 0.375 0.8687
vt 0.375 0.8379
vt 0.3889 0.8687
vt 0.7083 0.0004
vt 0.7049 0.0004
vt 0.2778 0.7687
vt 0.2639 0.8045
vt 0.2639 0.7687
vt 0.2778 0.8045
vt 0.9722 0.8379
vt 0.9583 0.8687
vt 0.9583 0.8379
vt 0.9722 0.8687
vt 0.3889 0.7687
vt 0.375 0.8045
vt 0.375 0.7687
vt 0.3889 0.8045
vt 0.8194 0.4782
vt 0.8056 0.4348
vt 0.8194 0.4348
vt 0.8056 0.4782
vt 0.7917 0.7687
vt 0.7778 0.8045
vt 0.7778 0.7687
vt 0.7917 0.8045
vt 0.4445 0.7687
vt 0.4306 0.7309
vt 0.4445 0.7309
vt 0.4306 0.7687
vt 0.2917 0.0565
vt 0.2778 0.0783
vt 0.2778 0.0565
vt 0.2917 0.0783
vt 0.3056 0.1313
vt 0.2917 0.1622
vt 0.2917 0.1313
vt 0.3056 0.1622
vt 0.4584 0.0231
vt 0.4445 0.0118
vt 0.4584 0.0118
vt 0.4445 0.0231
vt 0.9861 0.0042
vt 0.9826 0.0004
vt 0.9861 0.0004
vt 0.9757 0.0004
vt 0.9722 0.0042
vt 0.9722 0.0004
vt 0.9791 0.0004
vt 0.2361 0.0565
vt 0.2223 0.038
vt 0.2361 0.038
vt 0.2223 0.0565
vt 0.25 0.9882
vt 0.2361 0.977
vt 0.25 0.977
vt 0.2361 0.9882
vt 0.625 0.0118
vt 0.6111 0.0231
vt 0.6111 0.0118
vt 0.625 0.0231
vt 0.8056 0.3918
vt 0.7917 0.3497
vt 0.8056 0.3497
vt 0.7917 0.3918
vt 0.1806 0.3497
vt 0.1667 0.3918
vt 0.1667 0.3497
vt 0.1806 0.3918
vt 0.0278 0.8379
vt 0.0139 0.8045
vt 0.0278 0.8045
vt 0.0139 0.8379
vt 0.4584 0.9436
vt 0.4445 0.962
vt 0.4445 0.9436
vt 0.4584 0.962
vt 0.0868 0.9996
vt 0.0903 0.9996
vt 0.9167 0.8045
vt 0.9028 0.8379
vt 0.9028 0.8045
vt 0.9167 0.8379
vt 0.8472 0.962
vt 0.8333 0.977
vt 0.8333 0.962
vt 0.8472 0.977
vt 0.3091 0.0004
vt 0.3056 0.0042
vt 0.3056 0.0004
vt 0.3195 0.0042
vt 0.316 0.0004
vt 0.3195 0.0004
vt 0.3125 0.0004
vt 0.7361 0.9218
vt 0.7222 0.8968
vt 0.7361 0.8968
vt 0.7222 0.9218
vt 0.4722 0.5218
vt 0.4584 0.4782
vt 0.4722 0.4782
vt 0.4584 0.5218
vt 0.9861 0.0231
vt 0.9722 0.0118
vt 0.9861 0.0118
vt 0.9722 0.0231
vt 0.0973 0.5218
vt 0.0834 0.4782
vt 0.0973 0.4782
vt 0.0834 0.5218
vt 0.4028 0.3087
vt 0.3889 0.2691
vt 0.4028 0.2691
vt 0.3889 0.3087
vt 0.4722 0.6083
vt 0.4584 0.5653
vt 0.4722 0.5653
vt 0.4584 0.6083
vt 0.1111 0.5218
vt 0.1111 0.4782
vt 0.8055 0.0004
vt 0.8021 0.0004
vt 0.9271 0.9996
vt 0.9305 0.9996
vt 0.8472 0.5218
vt 0.8333 0.5653
vt 0.8333 0.5218
vt 0.8472 0.5653
vt 0.9028 0.1313
vt 0.8889 0.1622
vt 0.8889 0.1313
vt 0.9028 0.1622
vt 0.5139 0.1033
vt 0.5 0.0783
vt 0.5139 0.0783
vt 0.5 0.1033
vt 0.4584 0.1313
vt 0.4445 0.1622
vt 0.4445 0.1313
vt 0.4584 0.1622
vt 0.4722 0.9436
vt 0.4722 0.962
vt 0.4722 0.038
vt 0.4584 0.0565
vt 0.4584 0.038
vt 0.4722 0.0565
vt 0.9583 0.6504
vt 0.9444 0.6083
vt 0.9583 0.6083
vt 0.9444 0.6504
vt 0.4861 0.962
vt 0.4861 0.9436
vt 0.6945 0.0004
vt 0.691 0.0004
vt 0.2674 0.9996
vt 0.2709 0.9996
vt 0.6944 0.8968
vt 0.6806 0.8687
vt 0.6944 0.8687
vt 0.6806 0.8968
vt 0.5 0.2691
vt 0.4861 0.2313
vt 0.5 0.2313
vt 0.4861 0.2691
vt 0.5556 0.8045
vt 0.5417 0.7687
vt 0.5556 0.7687
vt 0.5417 0.8045
vt 0.6563 0.9996
vt 0.6528 0.9996
vt 0.9722 0.6504
vt 0.9722 0.6083
vt 0.1667 0.8379
vt 0.1528 0.8687
vt 0.1528 0.8379
vt 0.1667 0.8687
vt 0.2639 0.0118
vt 0.25 0.0042
vt 0.2639 0.0042
vt 0.25 0.0118
vt 0.0695 0.0118
vt 0.0556 0.0231
vt 0.0556 0.0118
vt 0.0695 0.0231
vt 0.8194 0.0042
vt 0.816 0.0004
vt 0.8194 0.0004
vt 0.809 0.0004
vt 0.8056 0.0042
vt 0.8125 0.0004
vt 0.4098 0.0004
vt 0.4063 0.0004
vt 0.6389 0.2691
vt 0.625 0.3087
vt 0.625 0.2691
vt 0.6389 0.3087
vt 0.0834 0.9882
vt 0.0695 0.9958
vt 0.0695 0.9882
vt 0.0834 0.9958
vt 0.0695 0.1956
vt 0.0556 0.2313
vt 0.0556 0.1956
vt 0.0695 0.2313
vt 0.8646 0.0004
vt 0.8611 0.0042
vt 0.8611 0.0004
vt 0.875 0.0042
vt 0.8715 0.0004
vt 0.875 0.0004
vt 0.868 0.0004
vt 1 0.9218
vt 0.9861 0.8968
vt 1 0.8968
vt 0.9861 0.9218
vt 0.4861 0.1033
vt 0.4722 0.0783
vt 0.4861 0.0783
vt 0.4722 0.1033
vt 0.3716 0.0004
vt 0.3681 0.0004
vt 0.7083 0.3087
vt 0.6944 0.3497
vt 0.6944 0.3087
vt 0.7083 0.3497
vt 0.8611 0.8687
vt 0.8472 0.8968
vt 0.8472 0.8687
vt 0.8611 0.8968
vt 0.3195 0.0231
vt 0.3056 0.0118
vt 0.3195 0.0118
vt 0.3056 0.0231
vt 0.9583 0.9436
vt 0.9444 0.962
vt 0.9444 0.9436
vt 0.9583 0.962
vt 0.125 0.3497
vt 0.1111 0.3918
vt 0.1111 0.3497
vt 0.125 0.3918
vt 0.4028 0.1622
vt 0.3889 0.1956
vt 0.3889 0.1622
vt 0.4028 0.1956
vt 0.0695 0.9996
vt 0.0834 0.9996
vt 0.0799 0.9996
vt 0.0764 0.9996
vt 0.0729 0.9996
vt 0.4028 0.9882
vt 0.3889 0.977
vt 0.4028 0.977
vt 0.3889 0.9882
vt 0.8472 0.9958
vt 0.8333 0.9882
vt 0.8472 0.9882
vt 0.8333 0.9958
vt 0.1111 0.8968
vt 0.0973 0.9218
vt 0.0973 0.8968
vt 0.1111 0.9218
vt 0.9722 0.1956
vt 0.9583 0.1622
vt 0.9722 0.1622
vt 0.9583 0.1956
vt 0.5799 0.9996
vt 0.5764 0.9996
vt 0.0417 0.9218
vt 0.0278 0.9436
vt 0.0278 0.9218
vt 0.0417 0.9436
vt 0.7222 0.0042
vt 0.7188 0.0004
vt 0.7222 0.0004
vt 0.7118 0.0004
vt 0.7083 0.0042
vt 0.7153 0.0004
vt 0.9167 0.8968
vt 0.9028 0.8687
vt 0.9167 0.8687
vt 0.9028 0.8968
vt 0.0139 0.3497
vt 0 0.3087
vt 0.0139 0.3087
vt 0 0.3497
vt 0.6389 0.6914
vt 0.625 0.6504
vt 0.6389 0.6504
vt 0.625 0.6914
vt 0.9583 0.0042
vt 0.9583 0.0118
vt 0.5972 0.9218
vt 0.5833 0.8968
vt 0.5972 0.8968
vt 0.5833 0.9218
vt 0.0973 0.5653
vt 0.0834 0.6083
vt 0.0834 0.5653
vt 0.0973 0.6083
vt 0.4722 0.6914
vt 0.4584 0.6504
vt 0.4722 0.6504
vt 0.4584 0.6914
vt 0.4028 0.1033
vt 0.3889 0.1313
vt 0.3889 0.1033
vt 0.4028 0.1313
vt 0.25 0.1622
vt 0.2361 0.1956
vt 0.2361 0.1622
vt 0.25 0.1956
vt 0.7222 0.038
vt 0.7083 0.0565
vt 0.7083 0.038
vt 0.7222 0.0565
vt 0.2917 0.8968
vt 0.2778 0.8687
vt 0.2917 0.8687
vt 0.2778 0.8968
vt 0.2778 0.9218
vt 0.2639 0.8968
vt 0.2639 0.9218
vt 0.7083 0.1956
vt 0.6944 0.2313
vt 0.6944 0.1956
vt 0.7083 0.2313
vt 0.4028 0.3918
vt 0.3889 0.4348
vt 0.3889 0.3918
vt 0.4028 0.4348
vt 0.75 0.8968
vt 0.7361 0.8687
vt 0.75 0.8687
vt 0.125 0.0783
vt 0.1111 0.0565
vt 0.125 0.0565
vt 0.1111 0.0783
vt 0.125 0.0118
vt 0.1111 0.0042
vt 0.125 0.0042
vt 0.1111 0.0118
vt 0.2917 0.1956
vt 0.2778 0.2313
vt 0.2778 0.1956
vt 0.2917 0.2313
vt 0.8576 0.0004
vt 0.5972 0.038
vt 0.5972 0.0231
vt 0.6111 0.038
vt 0.3611 0.962
vt 0.3472 0.9436
vt 0.3611 0.9436
vt 0.3472 0.962
vt 0.9583 0.977
vt 0.9444 0.977
vt 0.8611 0.4782
vt 0.8472 0.4782
vt 0.8611 0.5218
vt 0.9722 0.1313
vt 0.9583 0.1033
vt 0.9722 0.1033
vt 0.9583 0.1313
vt 0.6528 0.9436
vt 0.6389 0.9218
vt 0.6528 0.9218
vt 0.6389 0.9436
vt 0.2778 0.2691
vt 0.2639 0.2313
vt 0.2639 0.2691
vt 0.2813 0.9996
vt 0.2848 0.9996
vt 0.8889 0.6914
vt 0.875 0.6504
vt 0.8889 0.6504
vt 0.875 0.6914
vt 0.1667 0.5218
vt 0.1528 0.4782
vt 0.1667 0.4782
vt 0.1528 0.5218
vt 0.3611 0.7687
vt 0.3472 0.7309
vt 0.3611 0.7309
vt 0.3472 0.7687
vt 0.2778 0.1033
vt 0.2639 0.1313
vt 0.2639 0.1033
vt 0.2778 0.1313
vt 0.1806 0.9996
vt 0.1667 0.9958
vt 0.1806 0.9958
vt 0.1771 0.9996
vt 0.1736 0.9996
vt 0.1702 0.9996
vt 0.1667 0.9996
vt 0.9028 0.6504
vt 0.9028 0.6914
vt 0.25 0.8968
vt 0.25 0.9218
vt 0.4028 0.8968
vt 0.4028 0.8687
vt 0.3889 0.8968
vt 0.9305 0.6914
vt 0.9305 0.6504
vt 0.9444 0.6914
vt 0.7222 0.1033
vt 0.7083 0.1313
vt 0.7083 0.1033
vt 0.7222 0.1313
vt 0.684 0.9996
vt 0.6875 0.9996
vt 0.8889 0.3918
vt 0.875 0.4348
vt 0.875 0.3918
vt 0.8889 0.4348
vt 0.2084 0.8687
vt 0.1945 0.8379
vt 0.2084 0.8379
vt 0.1945 0.8687
vt 0.5417 0.9958
vt 0.5278 0.9996
vt 0.5278 0.9958
vt 0.5417 0.9996
vt 0.5382 0.9996
vt 0.5348 0.9996
vt 0.5313 0.9996
vt 0.25 0.7687
vt 0.2361 0.7309
vt 0.25 0.7309
vt 0.2361 0.7687
vt 0.875 0.1313
vt 0.8611 0.1622
vt 0.8611 0.1313
vt 0.875 0.1622
vt 0.7639 0.1033
vt 0.75 0.0783
vt 0.7639 0.0783
vt 0.75 0.1033
vt 0.6944 0.7687
vt 0.6806 0.8045
vt 0.6806 0.7687
vt 0.6944 0.8045
vt 0.3056 0.3497
vt 0.2917 0.3087
vt 0.3056 0.3087
vt 0.2917 0.3497
vt 0.5833 0.9436
vt 0.5972 0.9436
vt 0.8889 0.8968
vt 0.8889 0.8687
vt 0.9305 0.1313
vt 0.9167 0.1622
vt 0.9167 0.1313
vt 0.9305 0.1622
vt 0.2639 0.0783
vt 0.9028 0.9882
vt 0.8889 0.9958
vt 0.8889 0.9882
vt 0.9028 0.9958
vt 0.7639 0.5653
vt 0.75 0.5218
vt 0.7639 0.5218
vt 0.75 0.5653
vt 0.7639 0.3918
vt 0.75 0.4348
vt 0.75 0.3918
vt 0.7639 0.4348
vt 0.6944 0.1622
vt 0.6806 0.1956
vt 0.6806 0.1622
vt 0.875 0.3497
vt 0.8889 0.3497
vt 0.4306 0.3497
vt 0.4167 0.3918
vt 0.4167 0.3497
vt 0.4306 0.3918
vt 0.4445 0.5653
vt 0.4445 0.5218
vt 0.3056 0.8968
vt 0.2917 0.9218
vt 0.3056 0.9218
vt 0.5139 0.0231
vt 0.5 0.038
vt 0.5 0.0231
vt 0.5139 0.038
vt 0.4306 0.8045
vt 0.4445 0.8045
vt 0.9305 0.5653
vt 0.9444 0.5653
vt 0.9305 0.6083
vt 0.8889 0.1956
vt 0.875 0.2313
vt 0.875 0.1956
vt 0.8889 0.2313
vt 0.7951 0.0004
vt 0.7917 0.0042
vt 0.7917 0.0004
vt 0.7986 0.0004
vt 0.8611 0.3497
vt 0.8472 0.3087
vt 0.8611 0.3087
vt 0.8472 0.3497
vt 0.2223 0.1033
vt 0.2084 0.1313
vt 0.2084 0.1033
vt 0.2223 0.1313
vt 0.9896 0.0004
vt 1 0.0042
vt 0.9965 0.0004
vt 1 0.0004
vt 0.993 0.0004
vt 0.6944 0.977
vt 0.6806 0.9882
vt 0.6806 0.977
vt 0.6944 0.9882
vt 0.2778 0.6504
vt 0.2639 0.6914
vt 0.2639 0.6504
vt 0.2778 0.6914
vt 0.7639 0.3087
vt 0.75 0.2691
vt 0.7639 0.2691
vt 0.75 0.3087
vt 0.1806 0.8687
vt 0.1806 0.8379
vt 0.4167 0.6914
vt 0.4028 0.7309
vt 0.4028 0.6914
vt 0.4167 0.7309
vt 0.7639 0.7309
vt 0.75 0.7687
vt 0.75 0.7309
vt 0.7639 0.7687
vt 0.7361 0.1313
vt 0.7361 0.1033
vt 0.25 0.1313
vt 0.2361 0.1313
vt 0.2466 0.0004
vt 0.2431 0.0004
vt 0.0973 0.2691
vt 0.0834 0.3087
vt 0.0834 0.2691
vt 0.0973 0.3087
vt 0.0973 0.1622
vt 0.0834 0.1956
vt 0.0834 0.1622
vt 0.0973 0.1956
vt 0.3542 0.0004
vt 0.3507 0.0004
vt 0.3472 0.8045
vt 0.3334 0.7687
vt 0.3334 0.8045
vt 0.3334 0.2691
vt 0.3195 0.2313
vt 0.3334 0.2313
vt 0.3195 0.2691
vt 0.8333 0.1313
vt 0.8194 0.1622
vt 0.8194 0.1313
vt 0.8333 0.1622
vt 0.9028 0.0042
vt 0.8889 0.0118
vt 0.8889 0.0042
vt 0.9028 0.0118
vt 0.3889 0.9958
vt 0.4028 0.9958
vt 0.3472 0.0118
vt 0.3334 0.0042
vt 0.3473 0.0042
vt 0.3334 0.0118
vt 0.0556 0.9958
vt 0.0417 0.9882
vt 0.0556 0.9882
vt 0.0417 0.9958
vt 0.5972 0.6504
vt 0.5833 0.6083
vt 0.5972 0.6083
vt 0.5833 0.6504
vt 0.4584 0.0783
vt 0.9861 0.9436
vt 1 0.9436
vt 0.5972 0.0783
vt 0.5833 0.0565
vt 0.5972 0.0565
vt 0.5833 0.0783
vt 0.3889 0.2313
vt 0.375 0.1956
vt 0.375 0.2313
vt 0.875 0.3087
vt 0.8889 0.1033
vt 0.875 0.1033
vt 0.5833 0.9882
vt 0.5695 0.977
vt 0.5833 0.977
vt 0.5695 0.9882
vt 0.0695 0.4782
vt 0.0556 0.4348
vt 0.0695 0.4348
vt 0.0556 0.4782
vt 0.4445 0.0783
vt 0.4306 0.0565
vt 0.4445 0.0565
vt 0.4306 0.0783
vt 0.5278 0.8687
vt 0.5139 0.8968
vt 0.5139 0.8687
vt 0.5278 0.8968
vt 0.4028 0.0118
vt 0.3889 0.0042
vt 0.4028 0.0042
vt 0.3889 0.0118
vt 0.9722 0.3918
vt 0.9583 0.3497
vt 0.9722 0.3497
vt 0.9583 0.3918
vt 0.7951 0.9996
vt 0.7917 0.9996
vt 0.7083 0.6914
vt 0.6944 0.7309
vt 0.6944 0.6914
vt 0.7083 0.7309
vt 0.1389 0.7687
vt 0.125 0.7309
vt 0.1389 0.7309
vt 0.125 0.7687
vt 0.0695 0.3918
vt 0.0556 0.3918
vt 0.6111 0.8379
vt 0.5972 0.8045
vt 0.6111 0.8045
vt 0.5972 0.8379
vt 0.2223 0.3497
vt 0.2084 0.3087
vt 0.2223 0.3087
vt 0.2084 0.3497
vt 0.8611 0.6914
vt 0.8611 0.6504
vt 0.2084 0.977
vt 0.1945 0.9882
vt 0.1945 0.977
vt 0.2084 0.9882
vt 0.3334 0.962
vt 0.3195 0.9436
vt 0.3334 0.9436
vt 0.375 0.1313
vt 0.3611 0.1033
vt 0.375 0.1033
vt 0.3611 0.1313
vt 0.1667 0.5653
vt 0.1528 0.5653
vt 0.4306 0.977
vt 0.4306 0.962
vt 0.4445 0.977
vt 1 0.8687
vt 0.9861 0.8379
vt 1 0.8379
vt 0.9861 0.8687
vt 0.0556 0.6914
vt 0.0417 0.7309
vt 0.0417 0.6914
vt 0.0556 0.7309
vt 0.5417 0.1033
vt 0.5278 0.0783
vt 0.5417 0.0783
vt 0.5278 0.1033
vt 0.7917 0.6083
vt 0.7778 0.6083
vt 0.1528 0.1956
vt 0.1389 0.2313
vt 0.1389 0.1956
vt 0.1528 0.2313
vt 0.8472 0.7309
vt 0.8333 0.7687
vt 0.8333 0.7309
vt 0.8472 0.7687
vt 0.6111 0.6083
vt 0.625 0.6083
vt 0.6111 0.6504
vt 0.5 0.1956
vt 0.4861 0.1622
vt 0.5 0.1622
vt 0.4861 0.1956
vt 0.6667 0.5653
vt 0.6528 0.5218
vt 0.6667 0.5218
vt 0.6528 0.5653
vt 0.5 0.9436
vt 0.5 0.962
vt 0.9305 0.3918
vt 0.9167 0.3918
vt 0.1528 0.1622
vt 0.1389 0.1313
vt 0.1528 0.1313
vt 0.1389 0.1622
vt 0.2778 0.9996
vt 0.2639 0.9958
vt 0.2778 0.9958
vt 0.2743 0.9996
vt 0.2639 0.9996
vt 0.3334 0.3087
vt 0.3195 0.3087
vt 0.6667 0.8379
vt 0.6806 0.8379
vt 0.6667 0.8687
vt 0.3889 0.5218
vt 0.375 0.5653
vt 0.375 0.5218
vt 0.3889 0.5653
vt 0.7361 0.5653
vt 0.7361 0.5218
vt 0.4167 0.5653
vt 0.4028 0.6083
vt 0.4028 0.5653
vt 0.4167 0.6083
vt 0.4445 0.3087
vt 0.4306 0.2691
vt 0.4445 0.2691
vt 0.4306 0.3087
vt 0.375 0.3087
vt 0.375 0.2691
vt 0.4584 0.0042
vt 0.4445 0.0042
vt 0.8611 0.1956
vt 0.2778 0.0231
vt 0.2778 0.0118
vt 0.2639 0.0231
vt 0.7083 0.1622
vt 0.7222 0.1622
vt 0.5278 0.8045
vt 0.5278 0.7687
vt 0.5521 0.0004
vt 0.5486 0.0004
vt 0.4584 0.4348
vt 0.4445 0.3918
vt 0.4584 0.3918
vt 0.4445 0.4348
vt 0.1945 0.9958
vt 0.2084 0.9958
vt 0.1528 0.9958
vt 0.1632 0.9996
vt 0.1597 0.9996
vt 0.1563 0.9996
vt 0.1528 0.9996
vt 0.7917 0.3087
vt 0.8056 0.3087
vt 0.3195 0.3497
vt 0.4167 0.3087
vt 0.4028 0.3497
vt 0.2084 0.9996
vt 0.2049 0.9996
vt 0.2014 0.9996
vt 0.1979 0.9996
vt 0.1945 0.9996
vt 0.25 0.3497
vt 0.2361 0.3087
vt 0.25 0.3087
vt 0.2361 0.3497
vt 0.0278 0.0004
vt 0.0243 0.0004
vt 0.6806 0.1313
vt 0.6667 0.1033
vt 0.6806 0.1033
vt 0.6667 0.1313
vt 0.3264 0.0004
vt 0.323 0.0004
vt 0.8889 0.8379
vt 0.4618 0.9996
vt 0.4653 0.9996
vt 0.4167 0.5218
vt 0.4028 0.4782
vt 0.4167 0.4782
vt 0.4028 0.5218
vt 0.8333 0.038
vt 0.8194 0.0565
vt 0.8194 0.038
vt 0.8333 0.0565
vt 0.6806 0.3918
vt 0.6806 0.3497
vt 0.6944 0.3918
vt 0.8194 0.9996
vt 0.8194 0.9958
vt 0.8333 0.9996
vt 0.8298 0.9996
vt 0.8264 0.9996
vt 0.8229 0.9996
vt 0.7465 0.0004
vt 0.7431 0.0004
vt 0.0695 0.977
vt 0.0556 0.977
vt 0.3611 0.4782
vt 0.375 0.4782
vt 0.3611 0.5218
vt 0.5 0.8379
vt 0.4861 0.8045
vt 0.5 0.8045
vt 0.4861 0.8379
vt 0.6944 0.2691
vt 0.6806 0.2313
vt 0.6806 0.2691
vt 0.5972 0.9958
vt 0.5972 0.9882
vt 0.5834 0.9958
vt 0.8194 0.9218
vt 0.8056 0.8968
vt 0.8194 0.8968
vt 0.8056 0.9218
vt 0.1806 0.8968
vt 0.1667 0.9218
vt 0.1667 0.8968
vt 0.1806 0.9218
vt 0.1111 0.4348
vt 0.0973 0.3918
vt 0.0973 0.4348
vt 0.9305 0.038
vt 0.9167 0.0231
vt 0.9305 0.0231
vt 0.9167 0.038
vt 0.6632 0.0004
vt 0.6563 0.0004
vt 0.6528 0.0042
vt 0.6528 0.0004
vt 0.6597 0.0004
vt 0.5695 0.7687
vt 0.5556 0.7309
vt 0.5695 0.7309
vt 0.5417 0.9218
vt 0.5278 0.9436
vt 0.5278 0.9218
vt 0.5417 0.9436
vt 0.8194 0.6504
vt 0.8056 0.6914
vt 0.8056 0.6504
vt 0.8194 0.6914
vt 0.3611 0.3087
vt 0.3611 0.2691
vt 0.9722 0.2313
vt 0.9583 0.2691
vt 0.9583 0.2313
vt 0.9722 0.2691
vt 0.875 0.7687
vt 0.8611 0.7309
vt 0.875 0.7309
vt 0.8611 0.7687
vt 0.9305 0.8045
vt 0.9305 0.7687
vt 0.3334 0.3497
vt 0.7083 0.9436
vt 0.6944 0.962
vt 0.6944 0.9436
vt 0.7083 0.962
vt 0.6111 0.9882
vt 0.5972 0.977
vt 0.6111 0.977
vt 0.4931 0.0004
vt 0.4896 0.0004
vt 0.1945 0.1622
vt 0.1806 0.1313
vt 0.1945 0.1313
vt 0.1806 0.1622
vt 0.0695 0.5653
vt 0.0695 0.5218
vt 0.5695 0.6504
vt 0.5695 0.6083
vt 0.2223 0.9958
vt 0.2223 0.9996
vt 0.2188 0.9996
vt 0.2153 0.9996
vt 0.2118 0.9996
vt 0.7083 0.9218
vt 0.7083 0.8968
vt 0.7083 0.4348
vt 0.6944 0.4782
vt 0.6944 0.4348
vt 0.7083 0.4782
vt 0.25 0.1033
vt 1 0.4782
vt 0.9861 0.4348
vt 1 0.4348
vt 0.9861 0.4782
vt 0.0834 0.2313
vt 0.0695 0.2691
vt 0.2778 0.4782
vt 0.2639 0.4348
vt 0.2778 0.4348
vt 0.2639 0.4782
vt 0.7778 0.9958
vt 0.7639 0.9882
vt 0.7778 0.9882
vt 0.7639 0.9958
vt 0.6111 0.5218
vt 0.5972 0.5653
vt 0.5972 0.5218
vt 0.6111 0.5653
vt 0.4028 0.6504
vt 0.3889 0.6914
vt 0.3889 0.6504
vt 0.7917 0.9218
vt 0.7917 0.8968
vt 0.375 0.3497
vt 0.3611 0.3918
vt 0.3611 0.3497
vt 0.375 0.3918
vt 0.1945 0.5653
vt 0.1806 0.6083
vt 0.1806 0.5653
vt 0.1945 0.6083
vt 0.1111 0.5653
vt 0.7361 0.0783
vt 0.7361 0.0565
vt 0.7222 0.0783
vt 0.8194 0.7687
vt 0.8056 0.7309
vt 0.8194 0.7309
vt 0.8056 0.7687
vt 0.7083 0.0118
vt 0.6944 0.0231
vt 0.6945 0.0118
vt 0.7083 0.0231
vt 0.3125 0.9996
vt 0.3091 0.9996
vt 1 0.6083
vt 0.9861 0.6504
vt 0.9861 0.6083
vt 1 0.6504
vt 0.8333 0.2691
vt 0.8194 0.2313
vt 0.8333 0.2313
vt 0.8194 0.2691
vt 0.2223 0.9882
vt 0.1667 0.8045
vt 0.1806 0.8045
vt 0.5972 0.9996
vt 0.5938 0.9996
vt 0.0521 0.9996
vt 0.0556 0.9996
vt 0.0139 0.6914
vt 0 0.6504
vt 0.0139 0.6504
vt 0 0.6914
vt 0.2604 0.0004
vt 0.257 0.0004
vt 0.0278 0.4782
vt 0.0139 0.5218
vt 0.0139 0.4782
vt 0.0278 0.5218
vt 0.7917 0.1033
vt 0.7778 0.0783
vt 0.7917 0.0783
vt 0.7778 0.1033
vt 0.7361 0.0231
vt 0.7222 0.0231
vt 0.7361 0.038
vt 0.8472 0.0118
vt 0.8333 0.0118
vt 0.125 0.8379
vt 0.1111 0.8045
vt 0.125 0.8045
vt 0.1111 0.8379
vt 0.4722 0.9958
vt 0.4584 0.9996
vt 0.4584 0.9958
vt 0.4723 0.9996
vt 0.4688 0.9996
vt 0.2639 0.5218
vt 0.25 0.4782
vt 0.25 0.5218
vt 0.3577 0.0004
vt 0.2292 0.0004
vt 0.2257 0.0004
vt 0.0417 0.0042
vt 0.0278 0.0118
vt 0.0278 0.0042
vt 0.0417 0.0118
vt 0.5417 0.6914
vt 0.5278 0.7309
vt 0.5278 0.6914
vt 0.5417 0.7309
vt 0.5 0.8687
vt 0.5 0.8968
vt 0.8055 0.9996
vt 0.809 0.9996
vt 0.5695 0.5218
vt 0.5556 0.5653
vt 0.5556 0.5218
vt 0.5695 0.5653
vt 0.1389 0.4782
vt 0.1389 0.5218
vt 0.9167 0.977
vt 0.9028 0.977
vt 0.9167 0.9882
vt 0.5556 0.1956
vt 0.5417 0.2313
vt 0.5417 0.1956
vt 0.5556 0.2313
vt 0.2361 0.1033
vt 0.2223 0.0783
vt 0.2361 0.0783
vt 0.3438 0.0004
vt 0.3403 0.0004
vt 0.5972 0.1313
vt 0.5833 0.1622
vt 0.5833 0.1313
vt 0.5972 0.1622
vt 0.7639 0.3497
vt 0.75 0.3497
vt 0.6806 0.6914
vt 0.6667 0.7309
vt 0.6667 0.6914
vt 0.6806 0.7309
vt 0.1736 0.0004
vt 0.1702 0.0004
vt 0.8611 0.977
vt 0.8611 0.9882
vt 0.6389 0.2313
vt 0.625 0.1956
vt 0.6389 0.1956
vt 0.625 0.2313
vt 0.4167 0.0042
vt 0.4132 0.0004
vt 0.4167 0.0004
vt 0.4028 0.0004
vt 0.7361 0.4782
vt 0.7222 0.5218
vt 0.7222 0.4782
vt 0.5695 0.8968
vt 0.5556 0.9218
vt 0.5556 0.8968
vt 0.5695 0.9218
vt 0.0834 0.962
vt 0.0695 0.962
vt 0.0834 0.977
vt 0.6667 0.7687
vt 0.6528 0.1956
vt 0.6528 0.2313
vt 0.4341 0.9996
vt 0.4375 0.9996
vt 0.25 0.8045
vt 0.8889 0.962
vt 0.875 0.9436
vt 0.8889 0.9436
vt 0.875 0.962
vt 0.9305 0.7309
vt 0.8472 0.1313
vt 0.8472 0.1622
vt 0.7604 0.9996
vt 0.7639 0.9996
vt 0.6389 0.0565
vt 0.625 0.0783
vt 0.625 0.0565
vt 0.6389 0.0783
vt 0.75 0.9958
vt 0.7361 0.9996
vt 0.7361 0.9958
vt 0.75 0.9996
vt 0.7465 0.9996
vt 0.7431 0.9996
vt 0.7396 0.9996
vt 0.9305 0.9882
vt 0.9167 0.9958
vt 0.9305 0.9958
vt 0.0556 0.7687
vt 0.0417 0.8045
vt 0.0417 0.7687
vt 0.0556 0.8045
vt 0.3334 0.9218
vt 0.3195 0.8968
vt 0.3334 0.8968
vt 0.3195 0.9218
vt 0.8194 0.977
vt 0.8194 0.962
vt 0.2917 0.038
vt 0.2778 0.038
vt 0.0139 0.9436
vt 0 0.9218
vt 0.0139 0.9218
vt 0 0.9436
vt 0.3195 0.7687
vt 0.3056 0.8045
vt 0.3056 0.7687
vt 0.3195 0.8045
vt 0.4861 0.8687
vt 0.4722 0.8968
vt 0.4722 0.8687
vt 0.4861 0.8968
vt 0.6806 0.6504
vt 0.6944 0.6504
vt 0.6667 0.8045
vt 0.8333 0.3087
vt 0.8194 0.3497
vt 0.8194 0.3087
vt 0.8333 0.3497
vt 0.25 0.9996
vt 0.2466 0.9996
vt 0.4028 0.962
vt 0.3889 0.962
vt 0.8889 0.2691
vt 0.875 0.2691
vt 0.9444 0.7687
vt 0.9444 0.8045
vt 0.8472 0.3918
vt 0.8333 0.3918
vt 0.7361 0.4348
vt 0.75 0.4782
vt 0.8889 0.5218
vt 0.875 0.5653
vt 0.875 0.5218
vt 0.8889 0.5653
vt 0.1945 0.962
vt 0.1806 0.9436
vt 0.1945 0.9436
vt 0.1806 0.962
vt 0.125 0.5218
vt 0.125 0.4782
vt 0.6806 0.9218
vt 0.6944 0.9218
vt 0.6806 0.9436
vt 0.4167 0.1956
vt 0.4028 0.2313
vt 0.4167 0.2313
vt 0.7778 0.1956
vt 0.7639 0.2313
vt 0.7639 0.1956
vt 0.7778 0.2313
vt 0.7222 0.0118
vt 0.4722 0.8379
vt 0.1945 0.1033
vt 0.1806 0.1033
vt 0.6389 0.9958
vt 0.625 0.9882
vt 0.6389 0.9882
vt 0.625 0.9958
vt 0.8611 0.038
vt 0.8472 0.0231
vt 0.8611 0.0231
vt 0.8472 0.038
vt 0.2639 0.3918
vt 0.25 0.4348
vt 0.25 0.3918
vt 0.0973 0.1313
vt 0.0834 0.1033
vt 0.0973 0.1033
vt 0.0834 0.1313
vt 0.9028 0.3087
vt 0.8889 0.3087
vt 0.9028 0.3497
vt 0.4306 0.9218
vt 0.4445 0.9218
vt 0.4306 0.9436
vt 0.4549 0.9996
vt 0.3056 0.9436
vt 0.2917 0.9436
vt 0.6459 0.9996
vt 0.6424 0.9996
vt 0.4861 0.0118
vt 0.4722 0.0042
vt 0.4861 0.0042
vt 0.4722 0.0118
vt 0.1389 0.8687
vt 0.125 0.8968
vt 0.125 0.8687
vt 0.1389 0.8968
vt 0.4306 0.9996
vt 0.4167 0.9958
vt 0.4306 0.9958
vt 0.4271 0.9996
vt 0.4237 0.9996
vt 0.4202 0.9996
vt 0.4167 0.9996
vt 0.9305 0.0565
vt 0.9167 0.0565
vt 0.2917 0.0042
vt 0.2882 0.0004
vt 0.2917 0.0004
vt 0.2813 0.0004
vt 0.2778 0.0042
vt 0.2778 0.0004
vt 0.2848 0.0004
vt 0.0834 0.8379
vt 0.0695 0.8687
vt 0.0695 0.8379
vt 0.0834 0.8687
vt 0.75 0.2313
vt 0.7361 0.2691
vt 0.7361 0.2313
vt 0.3056 0.2691
vt 0.3056 0.2313
vt 0.0556 0.2691
vt 0.8889 0.8045
vt 0.5278 0.0231
vt 0.5278 0.038
vt 0.5556 0.962
vt 0.5556 0.9436
vt 0.5417 0.962
vt 0.7639 0.0231
vt 0.75 0.0118
vt 0.7639 0.0118
vt 0.75 0.0231
vt 0.2084 0.0783
vt 0.2084 0.0565
vt 0.6944 0.1033
vt 0.6944 0.1313
vt 0.1111 0.6504
vt 0.1111 0.6083
vt 0.0973 0.6504
vt 0.8611 0.9218
vt 0.8472 0.9218
vt 0.7917 0.5653
vt 0.7778 0.5218
vt 0.7917 0.5218
vt 0.7778 0.5653
vt 0.059 0.9996
vt 0.5556 0.0042
vt 0.5417 0.0118
vt 0.5417 0.0042
vt 0.5556 0.0118
vt 0.3334 0.7309
vt 0.3195 0.7309
vt 0.1979 0.0004
vt 0.1945 0.0004
vt 0.9305 0.8968
vt 0.9167 0.9218
vt 0.9305 0.9218
vt 0.4306 0.1313
vt 0.4306 0.1622
vt 0.2361 0.5218
vt 0.2223 0.4782
vt 0.2361 0.4782
vt 0.2223 0.5218
vt 0.8194 0.5653
vt 0.8056 0.6083
vt 0.8056 0.5653
vt 0.8194 0.6083
vt 0.1945 0.7687
vt 0.1806 0.7687
vt 0.1945 0.8045
vt 0.1389 0.4348
vt 0.1528 0.4348
vt 0.8507 0.0004
vt 0.8541 0.0004
vt 0.3993 0.0004
vt 0.2361 0.6504
vt 0.2223 0.6914
vt 0.2223 0.6504
vt 0.2361 0.6914
vt 0.4722 0.1956
vt 0.4722 0.1622
vt 0.4584 0.1956
vt 0.375 0.6914
vt 0.375 0.6504
vt 0.5833 0.0118
vt 0.5695 0.0231
vt 0.5695 0.0118
vt 0.5833 0.0231
vt 0.4306 0.2313
vt 0.4306 0.1956
vt 0.6111 0.3497
vt 0.6111 0.3087
vt 0.625 0.3497
vt 0.6528 0.8687
vt 0.6528 0.8379
vt 0.0417 0.3087
vt 0.0278 0.2691
vt 0.0417 0.2691
vt 0.0278 0.3087
vt 0.6389 0.0231
vt 0.625 0.038
vt 0.6389 0.038
vt 0.382 0.9996
vt 0.3785 0.9996
vt 0.0417 0.5218
vt 0.0417 0.4782
vt 0.0278 0.3918
vt 0.0139 0.4348
vt 0.0139 0.3918
vt 0.0278 0.4348
vt 0.0973 0.0118
vt 0.0973 0.0042
vt 0.0556 0.6504
vt 0.0417 0.6083
vt 0.0556 0.6083
vt 0.0417 0.6504
vt 0.9722 0.8968
vt 0.9583 0.8968
vt 0.632 0.9996
vt 0.6354 0.9996
vt 0.9861 0.038
vt 0.9722 0.038
vt 0.0973 0.0783
vt 0.0834 0.0783
vt 0.9305 0.8687
vt 0.191 0.9996
vt 0.1875 0.9996
vt 0.1841 0.9996
vt 0.9861 0.962
vt 0.9722 0.9436
vt 0.9722 0.962
vt 0.0139 0.1313
vt 0 0.1033
vt 0.0139 0.1033
vt 0 0.1313
vt 0.5556 0.3918
vt 0.5417 0.3497
vt 0.5556 0.3497
vt 0.5417 0.3918
vt 0.2084 0.1622
vt 0.2223 0.1622
vt 0.6389 0.4348
vt 0.625 0.3918
vt 0.6389 0.3918
vt 0.625 0.4348
vt 0.875 0.8687
vt 0.875 0.8379
vt 0.125 0.1956
vt 0.1111 0.1622
vt 0.125 0.1622
vt 0.1111 0.1956
vt 0.9444 0.8379
vt 0.9305 0.8379
vt 0.9444 0.8687
vt 0.8333 0.4782
vt 0.8194 0.5218
vt 0.0278 0.9958
vt 0.0278 0.9882
vt 0.5278 0.962
vt 0.5139 0.977
vt 0.5139 0.962
vt 0.5278 0.977
vt 0.8472 0.6914
vt 1 0.962
vt 0.25 0.0231
vt 0.4445 0.038
vt 0.7778 0.962
vt 0.7639 0.9436
vt 0.7778 0.9436
vt 0.7639 0.962
vt 0.4584 0.0004
vt 0.4549 0.0004
vt 0.4167 0.2691
vt 0.8194 0.9882
vt 0.8056 0.977
vt 0.8056 0.9882
vt 0.3646 0.0004
vt 0.2084 0.0004
vt 0.2049 0.0004
vt 0.4028 0.8379
vt 0.2778 0.5218
vt 0.8056 0.9958
vt 0.2917 0.7309
vt 0.2917 0.6914
vt 0.2778 0.7309
vt 0.4167 0.1033
vt 0.4028 0.0783
vt 0.4167 0.0783
vt 0.0695 0.0004
vt 0.066 0.0004
vt 0.1389 0.038
vt 0.125 0.0231
vt 0.1389 0.0231
vt 0.125 0.038
vt 0.75 0.977
vt 0.7639 0.977
vt 0.75 0.9882
vt 0.1389 0.9958
vt 0.125 0.9882
vt 0.1389 0.9882
vt 0.125 0.9958
vt 0.6667 0.9882
vt 0.6528 0.977
vt 0.6667 0.977
vt 0.6528 0.9882
vt 0 0.1622
vt 0.0139 0.1622
vt 0.1945 0.0565
vt 0.1806 0.0783
vt 0.1806 0.0565
vt 0.1945 0.0783
vt 0.5 0.977
vt 0.4861 0.9882
vt 0.4861 0.977
vt 0.5 0.9882
vt 0.1667 0.7687
vt 0.1389 0.8379
vt 0.0417 0.8687
vt 0.0417 0.8379
vt 0.9444 0.4348
vt 0.9305 0.4782
vt 0.9305 0.4348
vt 0.9444 0.4782
vt 0.0695 0.9218
vt 0.0556 0.8968
vt 0.0695 0.8968
vt 0.0556 0.9218
vt 0.3056 0.6504
vt 0.2917 0.6083
vt 0.3056 0.6083
vt 0.2917 0.6504
vt 0.6806 0.4348
vt 0.6806 0.3087
vt 0.6667 0.3497
vt 0.6667 0.3087
vt 0.6667 0.6083
vt 0.6528 0.6504
vt 0.6528 0.6083
vt 0.6667 0.6504
vt 0.1528 0.3497
vt 0.1389 0.3087
vt 0.1528 0.3087
vt 0.1389 0.3497
vt 0.75 0.962
vt 0.7361 0.9436
vt 0.75 0.9436
vt 0.7361 0.962
vt 0.1806 0.2691
vt 0.1667 0.3087
vt 0.1667 0.2691
vt 0.1806 0.3087
vt 0.1528 0.9218
vt 0.1528 0.8968
vt 0.1389 0.9218
vt 0.6389 0.9996
vt 0.4584 0.2313
vt 0.4445 0.2313
vt 0.4584 0.2691
vt 0.3611 0.0004
vt 0.3368 0.0004
vt 0.3334 0.0004
vt 0.3473 0.0004
vt 0.0695 0.1622
vt 0.0695 0.1313
vt 0.2223 0.0042
vt 0.2188 0.0004
vt 0.2222 0.0004
vt 0.2118 0.0004
vt 0.2084 0.0042
vt 0.2153 0.0004
vt 0.7326 0.9996
vt 0.3334 0.1956
vt 0.3195 0.1956
vt 0.0834 0.6504
vt 0.9132 0.0004
vt 0.9097 0.0004
vt 0.4167 0.0565
vt 0.7257 0.0004
vt 0.7361 0.0042
vt 0.7326 0.0004
vt 0.7361 0.0004
vt 0.7292 0.0004
vt 0.7361 0.977
vt 0.7222 0.9882
vt 0.7222 0.977
vt 0.7361 0.9882
vt 0.0278 0.3497
vt 0.8056 0.9436
vt 0.7917 0.962
vt 0.7917 0.9436
vt 0.8056 0.962
vt 0.1389 0.0565
vt 0.0973 0.8687
vt 0.1111 0.8687
vt 0.3056 0.7309
vt 0.2917 0.7687
vt 0.6667 0.4782
vt 0.6528 0.4782
vt 0.0174 0.9996
vt 0.0209 0.9996
vt 0.5556 0.0231
vt 0.5417 0.0231
vt 0.7361 0.3918
vt 0.7361 0.3497
vt 0.625 0.1033
vt 0.6111 0.1313
vt 0.6111 0.1033
vt 0.625 0.1313
vt 0.6667 0.0118
vt 0.6528 0.0118
vt 0.6528 0.9958
vt 0.1806 0.5218
vt 0.1806 0.4782
vt 0.3889 0.6083
vt 0.0973 0.977
vt 0.0973 0.962
vt 0.7917 0.8687
vt 0.7778 0.8968
vt 0.7778 0.8687
vt 0.3472 0.2313
vt 0.3611 0.2313
vt 0.3472 0.2691
vt 0.0556 0.5653
vt 0.0417 0.5653
vt 0.2639 0.0565
vt 0.1945 0.0231
vt 0.1806 0.0118
vt 0.1945 0.0118
vt 0.1806 0.0231
vt 0.4306 0.0004
vt 0.4271 0.0004
vt 0.5139 0.0565
vt 0.5 0.0565
vt 0.8889 0.977
vt 0.875 0.9882
vt 0.875 0.977
vt 0.9479 0.9996
vt 0.9514 0.9996
vt 0.6111 0.4348
vt 0.5972 0.3918
vt 0.6111 0.3918
vt 0.5972 0.4348
vt 0.75 0.0565
vt 0.75 0.038
vt 0.6979 0.0004
vt 0.6945 0.0042
vt 0.7014 0.0004
vt 0.3472 0.4782
vt 0.3472 0.5218
vt 0.0695 0.6083
vt 0.9305 0.962
vt 0.9305 0.9436
vt 0.1632 0.0004
vt 0.1597 0.0004
vt 0.3472 0.5653
vt 0.3334 0.5218
vt 0.3334 0.5653
vt 0.9583 0.7687
vt 0.9444 0.7309
vt 0.9583 0.7309
vt 0.6007 0.9996
vt 0.2639 0.9436
vt 0.25 0.962
vt 0.25 0.9436
vt 0.2639 0.962
vt 0.2778 0.962
vt 0.2639 0.977
vt 0.2778 0.977
vt 0.4445 0.9958
vt 0.4514 0.9996
vt 0.448 0.9996
vt 0.4445 0.9996
vt 0.3195 0.3918
vt 0.3056 0.3918
vt 0.5972 0.7687
vt 0.5833 0.7309
vt 0.5972 0.7309
vt 0.5833 0.7687
vt 0.7361 0.1956
vt 0.75 0.1956
vt 0.1667 0.6083
vt 0.125 0.2313
vt 0.3611 0.8968
vt 0.3472 0.8687
vt 0.3611 0.8687
vt 0.3472 0.8968
vt 0.8056 0.038
vt 0.8056 0.0565
vt 0.1111 0.6914
vt 0.0973 0.6914
vt 0.4861 0.1313
vt 0.5 0.1313
vt 0.875 0.8968
vt 0.5833 0.4348
vt 0.5695 0.3918
vt 0.5833 0.3918
vt 0.5695 0.4348
vt 0.3889 0.7309
vt 0.375 0.7309
vt 0.7639 0.6083
vt 0.5972 0.2691
vt 0.6111 0.2691
vt 0.5972 0.3087
vt 0.6702 0.9996
vt 0.6667 0.9996
vt 0.2778 0.9882
vt 0.2639 0.9882
vt 0.9722 0.0783
vt 0.9583 0.0565
vt 0.9722 0.0565
vt 0.9583 0.0783
vt 0.1528 0.6914
vt 0.1389 0.6504
vt 0.1528 0.6504
vt 0.1389 0.6914
vt 0.5556 0.0004
vt 0.4861 0.6504
vt 0.4861 0.6914
vt 0.2639 0.1956
vt 0.6806 0.038
vt 0.6667 0.0565
vt 0.6667 0.038
vt 0.6806 0.0565
vt 0.3334 0.8379
vt 0.3195 0.8379
vt 0.7917 0.038
vt 0.7778 0.0565
vt 0.7778 0.038
vt 0.7917 0.0565
vt 0.7222 0.5653
vt 0.8889 0.9218
vt 0.875 0.9218
vt 0.2361 0.4348
vt 0.2223 0.3918
vt 0.2361 0.3918
vt 0.2223 0.4348
vt 0.4306 0.4782
vt 0.4306 0.4348
vt 0.4445 0.4782
vt 0.1667 0.4348
vt 0.75 0.1313
vt 0.7361 0.1622
vt 0.75 0.1622
vt 0.1945 0.6504
vt 0.1806 0.6914
vt 0.1806 0.6504
vt 0.1945 0.6914
vt 0.9583 0.9996
vt 0.9618 0.9996
vt 0.1945 0.2691
vt 0.1806 0.2313
vt 0.1945 0.2313
vt 0.4167 0.1622
vt 0.6667 0.8968
vt 0.6667 0.9218
vt 0.3785 0.0004
vt 0.375 0.0042
vt 0.375 0.0004
vt 0.3855 0.0004
vt 0.3889 0.0004
vt 0.382 0.0004
vt 0.1528 0.962
vt 0.1389 0.977
vt 0.1389 0.962
vt 0.1528 0.977
vt 0.3334 0.6083
vt 0.3195 0.6504
vt 0.3195 0.6083
vt 0.3334 0.6504
vt 0.3472 0.1313
vt 0.3334 0.1622
vt 0.3334 0.1313
vt 0.3472 0.1622
vt 0.3889 0.0565
vt 0.4028 0.0565
vt 0.3889 0.0783
vt 0.3611 0.0783
vt 0.375 0.0783
vt 0.1528 0.0231
vt 0.1528 0.038
vt 0.9583 0.8045
vt 0.9722 0.8045
vt 0.3889 0.4782
vt 0.3195 0.0565
vt 0.3056 0.0783
vt 0.3056 0.0565
vt 0.3195 0.0783
vt 0.2223 0.977
vt 0.2084 0.962
vt 0.2223 0.962
vt 0.4132 0.9996
vt 0.4098 0.9996
vt 0.8333 0.6914
vt 0.1667 0.1956
vt 0.1667 0.1622
vt 0.8889 0.0231
vt 0.9028 0.0231
vt 0.1111 0.1033
vt 0.125 0.1033
vt 0.7222 0.8687
vt 0.3611 0.0118
vt 0.3611 0.0042
vt 0.375 0.0118
vt 0.6667 0.2313
vt 0.6667 0.1956
vt 0.8056 0.0118
vt 0.7917 0.0231
vt 0.7917 0.0118
vt 0.8056 0.0231
vt 0.1389 0.9996
vt 0.1493 0.9996
vt 0.1459 0.9996
vt 0.1424 0.9996
vt 0.6806 0.0231
vt 0.6806 0.0118
vt 0.5417 0.0565
vt 0.5417 0.038
vt 0.5278 0.0565
vt 0.3611 0.8045
vt 0.0834 0.0118
vt 0.0834 0.0042
vt 0.9028 0.2313
vt 0.9028 0.1956
vt 0.0278 0.6914
vt 0.0278 0.7309
vt 0.4445 0.6083
vt 0.1806 0.4348
vt 0.0868 0.0004
vt 0.0834 0.0004
vt 0.5695 0.0004
vt 0.566 0.0004
vt 0.0695 0.7309
vt 0.0695 0.6914
vt 0.375 0.9996
vt 0.2223 0.0231
vt 0.2361 0.0231
vt 0.7222 0.8045
vt 0.7083 0.7687
vt 0.7222 0.7687
vt 0.7083 0.8045
vt 0.8611 0.9958
vt 0.8472 0.9996
vt 0.8611 0.9996
vt 0.8576 0.9996
vt 0.8541 0.9996
vt 0.8507 0.9996
vt 0.5972 0.1956
vt 0.5833 0.2313
vt 0.5833 0.1956
vt 0.5972 0.2313
vt 0.6493 0.9996
vt 0.7222 0.3087
vt 0.7083 0.2691
vt 0.7222 0.2691
vt 0.8194 0.0231
vt 0.6389 0.8968
vt 0.0139 0.962
vt 0.0278 0.962
vt 0.8333 0.0231
vt 0.1389 0.1033
vt 0.125 0.1313
vt 0.875 0.4782
vt 0.8889 0.4782
vt 0.5556 0.9996
vt 0.5591 0.9996
vt 0.2778 0.3918
vt 0 0.8968
vt 0.5278 0.6504
vt 0.5139 0.6914
vt 0.5139 0.6504
vt 0.7222 0.962
vt 0.7083 0.977
vt 0.5 0.4348
vt 0.4861 0.4782
vt 0.4861 0.4348
vt 0.5 0.4782
vt 0.1389 0.5653
vt 0.125 0.6083
vt 0.125 0.5653
vt 0.1389 0.6083
vt 0.7639 0.0565
vt 0.7639 0.038
vt 1 0.1622
vt 0.9861 0.1313
vt 1 0.1313
vt 0.9861 0.1622
vt 0.3056 0.8687
vt 0.3056 0.8379
vt 0.3195 0.8687
vt 0.5868 0.0004
vt 0.5834 0.0004
vt 0.5139 0.9958
vt 0.5 0.9996
vt 0.5 0.9958
vt 0.5139 0.9996
vt 0.5105 0.9996
vt 0.507 0.9996
vt 0.5035 0.9996
vt 0.0278 0.1622
vt 0.0278 0.1313
vt 0.7222 0.6083
vt 0.7083 0.6504
vt 0.7083 0.6083
vt 0.7222 0.6504
vt 0.0556 0.8687
vt 0.0417 0.8968
vt 0.2361 0.5653
vt 0.25 0.5653
vt 0.4445 0.6504
vt 0.6667 0.9958
vt 0.1528 0.9882
vt 0.9028 0.2691
vt 0.2639 0.1622
vt 0.2778 0.1622
vt 0.0556 0.1622
vt 0.2361 0.8379
vt 0.2361 0.8045
vt 0.25 0.8379
vt 0.2535 0.0004
vt 0.25 0.0004
vt 0.2639 0.0004
vt 0.375 0.6083
vt 0.3611 0.6504
vt 0.3611 0.6083
vt 0.7917 0.4782
vt 0.7778 0.4782
vt 0.6528 0.962
vt 0.6667 0.962
vt 0.0695 0.8045
vt 0.0834 0.8045
vt 0.1806 0.0004
vt 0.1771 0.0004
vt 0.625 0.8045
vt 0.6111 0.7687
vt 0.625 0.7687
vt 0.8056 0.5218
vt 0.3299 0.0004
vt 0.4688 0.0004
vt 0.4653 0.0004
vt 0.0278 0.6504
vt 0.0278 0.6083
vt 0.0139 0.6083
vt 0.2084 0.5218
vt 0.1945 0.4782
vt 0.2084 0.4782
vt 0.1945 0.5218
vt 0.8194 0.3918
vt 0.2778 0.9436
vt 0.0417 0.3918
vt 0.0417 0.4348
vt 0.9444 0.0118
vt 0.9305 0.0118
vt 0.9444 0.0231
vt 0.7882 0.0004
vt 0.1806 0.038
vt 0.1945 0.038
vt 0.6389 0.4782
vt 0.625 0.4782
vt 0.2917 0.4348
vt 0.2917 0.4782
vt 0.5 0.7687
vt 0.4861 0.7309
vt 0.5 0.7309
vt 0.4861 0.7687
vt 0.5452 0.0004
vt 0.5417 0.0004
vt 0.6111 0.962
vt 0.5972 0.962
vt 1 0.1956
vt 0.9861 0.2313
vt 0.9861 0.1956
vt 1 0.2313
vt 0.4722 0.8045
vt 0.4584 0.7687
vt 0.4722 0.7687
vt 0.4584 0.8045
vt 0.9583 0.6914
vt 0.3334 0.4348
vt 0.3472 0.4348
vt 0.3334 0.4782
vt 0.5278 0.4348
vt 0.5139 0.4782
vt 0.5139 0.4348
vt 0.5278 0.4782
vt 0.6806 0.0783
vt 0.6667 0.0783
vt 0.8472 0.1033
vt 0.8611 0.1033
vt 0.875 0.9958
vt 0.0834 0.9436
vt 0.0834 0.9218
vt 0.0973 0.9436
vt 0.6528 0.4348
vt 0.6528 0.3918
vt 0.5278 0.9882
vt 0.5417 0.9882
vt 0.625 0.977
vt 0.9444 0.1313
vt 0.9305 0.1033
vt 0.9444 0.1033
vt 0.1111 0.9996
vt 0.1146 0.9996
vt 0.7222 0.9958
vt 0.7083 0.9996
vt 0.7083 0.9958
vt 0.7222 0.9996
vt 0.7188 0.9996
vt 0.7153 0.9996
vt 0.7118 0.9996
vt 0.0417 0.0565
vt 0.0278 0.0783
vt 0.0278 0.0565
vt 0.0417 0.0783
vt 0.9861 0.5218
vt 1 0.5218
vt 0.2917 0.8045
vt 0.2778 0.8379
vt 0.2917 0.8379
vt 0.375 0.977
vt 0.375 0.9882
vt 0.3195 0.1622
vt 0.625 0.9436
vt 0.7222 0.1956
vt 0.6875 0.0004
vt 0.684 0.0004
vt 0.7917 0.9958
vt 0.7778 0.9996
vt 0.7882 0.9996
vt 0.7847 0.9996
vt 0.7812 0.9996
vt 0.0278 0.9996
vt 0.0417 0.9996
vt 0.0382 0.9996
vt 0.0347 0.9996
vt 0.0313 0.9996
vt 0.3472 0.8379
vt 0.3334 0.8687
vt 0.5139 0.6083
vt 0.5278 0.6083
vt 0.9444 0.9218
vt 0.9583 0.9218
vt 0.4584 0.9218
vt 0.4722 0.9218
vt 0.25 0.2313
vt 0.2361 0.2313
vt 0.1806 0.1956
vt 0.9722 0.5653
vt 0.9861 0.5653
vt 0.5833 0.8045
vt 0.5695 0.8379
vt 0.5695 0.8045
vt 0.5833 0.8379
vt 0.1389 0.3918
vt 0.1528 0.3918
vt 0.7743 0.0004
vt 0.7708 0.0004
vt 0.9722 0.9218
vt 0.5556 0.8687
vt 0.5556 0.8379
vt 0.5695 0.8687
vt 0.875 0.6083
vt 0.8889 0.6083
vt 0.3056 0.6914
vt 0.3195 0.6914
vt 0.5556 0.1313
vt 0.5417 0.1622
vt 0.5417 0.1313
vt 0.5556 0.1622
vt 0.0556 0.5218
vt 0.1667 0.6504
vt 0.1528 0.6083
vt 0.0834 0.4348
vt 0.0834 0.3918
vt 0.9722 0.3087
vt 0.9583 0.3087
vt 0.4722 0.3497
vt 0.4584 0.3087
vt 0.4722 0.3087
vt 0.4584 0.3497
vt 0.0973 0.7687
vt 0.0834 0.7687
vt 0.0973 0.8045
vt 0.5695 0.1313
vt 0.5695 0.1622
vt 0.8056 0.2313
vt 0.7917 0.2691
vt 0.7917 0.2313
vt 0.8056 0.2691
vt 0.0139 0.9882
vt 0 0.977
vt 0.0139 0.977
vt 0 0.9882
vt 0.0278 0.5653
vt 0.0139 0.5653
vt 0.1424 0.0004
vt 0.1389 0.0004
vt 0.3334 0.0565
vt 0.3195 0.038
vt 0.3334 0.038
vt 0.9444 0.038
vt 0.5139 0.0118
vt 0.5 0.0118
vt 0.441 0.9996
vt 0.2223 0.1956
vt 0.2084 0.1956
vt 0.8056 0.8379
vt 0.8056 0.8045
vt 0.7917 0.8379
vt 0.0417 0.1313
vt 0.0278 0.1033
vt 0.0417 0.1033
vt 0.6111 0.7309
vt 0.5972 0.6914
vt 0.6111 0.6914
vt 0.0556 0.0042
vt 0.5278 0.3087
vt 0.5139 0.2691
vt 0.5278 0.2691
vt 0.5139 0.3087
vt 0.8333 0.1956
vt 0.8194 0.1956
vt 0.1945 0.3918
vt 0.1945 0.3497
vt 0.7361 0.6504
vt 0.7361 0.6083
vt 0.0139 0.9996
vt 0.5834 0.9996
vt 0.5868 0.9996
vt 0.9167 0.6083
vt 0.9028 0.6083
vt 0.9167 0.6504
vt 0.0139 0.0565
vt 0.0139 0.0783
vt 0.6944 0.0783
vt 0.3889 0.038
vt 0.375 0.0565
vt 0.375 0.038
vt 0.6111 0.2313
vt 0.5729 0.0004
vt 0.5695 0.0042
vt 0.5834 0.0042
vt 0.5799 0.0004
vt 0.5764 0.0004
vt 0.2882 0.9996
vt 0.75 0.6083
vt 0.1146 0.0004
vt 0.1111 0.0004
vt 0.8611 0.8379
vt 0.4306 0.8379
vt 0.4167 0.8045
vt 0.4167 0.8379
vt 0.8472 0.8045
vt 0.8611 0.8045
vt 0.0695 0.6504
vt 0.8333 0.8687
vt 0.8333 0.8968
vt 0.9028 0.5218
vt 0.9028 0.5653
vt 0.0139 0.9958
vt 0 0.9996
vt 0 0.9958
vt 0.0104 0.9996
vt 0.007 0.9996
vt 0.0035 0.9996
vt 0.6146 0.0004
vt 0.6111 0.0004
vt 0.5972 0.8687
vt 0.5833 0.8687
vt 0.5556 0.9882
vt 0.5556 0.9958
vt 0.4306 0.8687
vt 0.4167 0.8687
vt 0.2917 0.9882
vt 0.2917 0.977
vt 0.3056 0.9882
vt 0.9028 0.1033
vt 0.1667 0.1033
vt 0.1667 0.0783
vt 0.75 0.6504
vt 0.4861 0.9996
vt 0.4861 0.9958
vt 0.4966 0.9996
vt 0.4931 0.9996
vt 0.4896 0.9996
vt 0.1111 0.038
vt 0.1111 0.0231
vt 0.5278 0.1956
vt 0.5278 0.2313
vt 0.4445 0.3497
vt 0.448 0.0004
vt 0.4445 0.0004
vt 0.4514 0.0004
vt 0.8056 0.1622
vt 0.8056 0.1956
vt 0.7222 0.2313
vt 0.5139 0.9218
vt 0.5139 0.9436
vt 0.4167 0.8968
vt 0.4306 0.8968
vt 0.2639 0.5653
vt 0.25 0.6083
vt 0.2639 0.6083
vt 0.5417 0.6504
vt 0.4028 0.8045
vt 0.4028 0.7687
vt 0.5833 0.3497
vt 0.5972 0.3497
vt 0.9583 0.4348
vt 0.9444 0.3918
vt 0.6389 0.962
vt 0.0278 0.038
vt 0.0417 0.038
vt 0.9861 0.1033
vt 1 0.1033
vt 0.7083 0.9882
vt 0.1945 0.3087
vt 0.5556 0.3087
vt 0.5417 0.2691
vt 0.5556 0.2691
vt 0.5417 0.3087
vt 0.7812 0.0004
vt 0.7778 0.0042
vt 0.7778 0.0004
vt 0.7847 0.0004
vt 0.3611 0.1956
vt 0.7569 0.0004
vt 0.7535 0.0004
vt 0.9028 0.4348
vt 0.9028 0.4782
vt 0.1667 0.0118
vt 0.1667 0.0231
vt 0.4722 0.2313
vt 0.6111 0.4782
vt 0.625 0.5218
vt 0.9028 0.9436
vt 0.9028 0.9218
vt 0.9167 0.9436
vt 0.0973 0.2313
vt 0.8333 0.1033
vt 0.5695 0.3497
vt 0.5695 0.3087
vt 0.3056 0.1956
vt 0.5278 0.5218
vt 0.5139 0.5218
vt 0.3611 0.9996
vt 0.3472 0.9958
vt 0.3611 0.9958
vt 0.3577 0.9996
vt 0.3542 0.9996
vt 0.3507 0.9996
vt 0.3473 0.9996
vt 0.7917 0.1956
vt 0.6944 0.038
vt 0.6389 0.5218
vt 0.9583 0.038
vt 0.125 0.6504
vt 0.5 0.0004
vt 0.4966 0.0004
vt 0.4306 0.038
vt 0.375 0.0231
vt 0.3889 0.0231
vt 0.5139 0.3918
vt 0.5278 0.3918
vt 0.7639 0.1313
vt 0.1111 0.2691
vt 0.1111 0.2313
vt 0.125 0.2691
vt 0.7083 0.5218
vt 0.9028 0.0783
vt 0.8889 0.0783
vt 0.0417 0.3497
vt 0.625 0.962
vt 0.6111 0.9436
vt 0.7292 0.9996
vt 0.7257 0.9996
vt 0.9861 0.977
vt 0.9722 0.9882
vt 0.9722 0.977
vt 0.9861 0.9882
vt 0.8333 0.8379
vt 0.8194 0.8045
vt 0.8333 0.8045
vt 0.8194 0.8379
vt 1 0.038
vt 0.9861 0.0565
vt 1 0.0565
vt 0.7778 0.0118
vt 0.7778 0.0231
vt 0.8923 0.0004
vt 0.8889 0.0004
vt 0.8993 0.0004
vt 0.9028 0.0004
vt 0.8958 0.0004
vt 0.7917 0.1622
vt 0.7778 0.1622
vt 0.4445 0.1956
vt 0.5139 0.5653
vt 0.5278 0.5653
vt 0.1667 0.2313
vt 0.1528 0.2691
vt 0.6667 0.0231
vt 0.7083 0.0783
vt 0.0834 0.3497
vt 0.0973 0.3497
vt 0.1354 0.0004
vt 0.0139 0.0118
vt 0.0139 0.0042
vt 0.3299 0.9996
vt 0.3334 0.9996
vt 0.3195 0.5653
vt 0.3195 0.5218
vt 0.2917 0.1033
vt 0.9687 0.0004
vt 0.9618 0.0004
vt 0.9583 0.0004
vt 0.9652 0.0004
vt 0.9722 0.7687
vt 0.2778 0.6083
vt 0.2778 0.5653
vt 0.4167 0.977
vt 0.4167 0.962
vt 0.9167 0.0042
vt 0.9305 0.0042
vt 0.9167 0.0118
vt 0.4167 0.9218
vt 0.4167 0.9436
vt 0.4722 0.0231
vt 0.4861 0.0231
vt 0 0.7687
vt 0.0139 0.7687
vt 0 0.8045
vt 0.4167 0.7687
vt 0.9896 0.9996
vt 0.9861 0.9996
vt 0.6389 0.7687
vt 0.6389 0.8045
vt 0.9479 0.0004
vt 0.9444 0.0004
vt 0.7083 0.5653
vt 0.2223 0.5653
vt 0.2084 0.6083
vt 0.2084 0.5653
vt 0.2223 0.6083
vt 0.1806 0.9882
vt 0.4861 0.9218
vt 0.6528 0.7309
vt 0.6528 0.7687
vt 0.7361 0.0118
vt 0.3611 0.5653
vt 0.3472 0.6083
vt 0.4167 0.6504
vt 0.7083 0.3918
vt 0.0972 0.9996
vt 0.0973 0.9958
vt 0.0938 0.9996
vt 0.375 0.9958
vt 0.6389 0.0004
vt 0.6354 0.0004
vt 0.1806 0.977
vt 0.7222 0.6914
vt 0.6528 0.8045
vt 0.6389 0.8379
vt 0.0695 0.0565
vt 0.0556 0.0783
vt 0.0556 0.0565
vt 0.0695 0.0783
vt 0.1389 0.9436
vt 0.125 0.962
vt 0.125 0.9436
vt 0.9861 0.0783
vt 1 0.0783
vt 0.5 0.6914
vt 0.5 0.6504
vt 0.7778 0.9218
vt 0 0.1956
vt 0.0139 0.1956
vt 0.6944 0.6083
vt 0.6111 0.0783
vt 0.4167 0.4348
vt 0.3472 0.9882
vt 0.3334 0.977
vt 0.3472 0.977
vt 0.3334 0.9882
vt 0.3472 0.1956
vt 0.2361 0.962
vt 0.5695 0.6914
vt 0.5556 0.6504
vt 0.5556 0.6914
vt 0 0.0231
vt 0 0.0118
vt 0.0139 0.0231
vt 0.7222 0.9436
vt 0.1007 0.0004
vt 0.0972 0.0004
vt 0.0695 0.7687
vt 0.1667 0.0004
vt 0.2223 0.2691
vt 0.2084 0.2313
vt 0.2223 0.2313
vt 0.2084 0.2691
vt 0.4306 0.9882
vt 0.4167 0.9882
vt 0.3334 0.0231
vt 0.2361 0.8968
vt 0.2223 0.9218
vt 0.2223 0.8968
vt 0.2361 0.9218
vt 0.4306 0.0231
vt 0.4167 0.038
vt 0.4167 0.0231
vt 0.3403 0.9996
vt 0.3368 0.9996
vt 0.1841 0.0004
vt 0.1111 0.9882
vt 0.1111 0.9958
vt 0.2917 0.0231
vt 0.25 0.2691
vt 0.2361 0.2691
vt 0.3056 0.4782
vt 0.3056 0.4348
vt 0.1667 0.9882
vt 1 0.0118
vt 0.5174 0.9996
vt 0.5556 0.6083
vt 0.6667 0.9436
vt 0.6806 0.962
vt 0.5452 0.9996
vt 0.5417 0.4348
vt 0.8194 0.8687
vt 0.8056 0.8687
vt 0.5 0.6083
vt 0.5 0.5653
vt 0.7778 0.3087
vt 0.7778 0.3497
vt 0.6285 0.0004
vt 0.625 0.0004
vt 0.9444 0.2691
vt 0.9444 0.3087
vt 0.75 0.8379
vt 0.7361 0.8045
vt 0.75 0.8045
vt 0.7361 0.8379
vt 0.1806 0.7309
vt 0.1667 0.7309
vt 0.8611 0.3918
vt 0.8472 0.4348
vt 0.8611 0.4348
vt 0.8194 0.0118
vt 0.6111 0.1956
vt 0.9028 0.038
vt 0.3472 0.3087
vt 0.4861 0.038
vt 0.4861 0.0565
vt 0.8611 0.5653
vt 1 0.9958
vt 0.9861 0.9958
vt 1 0.9996
vt 0.9965 0.9996
vt 0.993 0.9996
vt 0.6945 0.9958
vt 0.6389 0.0042
vt 0.6389 0.0118
vt 0.5695 0.9996
vt 0.5695 0.9958
vt 0.566 0.9996
vt 0.5625 0.9996
vt 0.4757 0.0004
vt 0.4723 0.0004
vt 0.4827 0.0004
vt 0.4861 0.0004
vt 0.4792 0.0004
vt 0.5139 0.8045
vt 0.5139 0.8379
vt 0.3889 0.9436
vt 0.375 0.9218
vt 0.3889 0.9218
vt 0.375 0.9436
vt 0.2639 0.7309
vt 0.4445 0.6914
vt 0.5139 0.7687
vt 0.625 0.8687
vt 0.625 0.8379
vt 0.6389 0.8687
vt 0.6667 0.3918
vt 0.6667 0.4348
vt 0 0.8379
vt 0 0.8687
vt 0.5729 0.9996
vt 0.125 0.3087
vt 0.7778 0.2691
vt 0.9305 0.977
vt 0.9167 0.962
vt 0.1111 0.7687
vt 0.9444 0.0042
vt 0.8333 0.6504
vt 0.4028 0.9436
vt 0.4028 0.9218
vt 0.0417 0.1622
vt 0.3472 0.9218
vt 0.3611 0.9218
vt 0.7222 0.8379
vt 0.4306 0.5653
vt 0.4306 0.5218
vt 0.7361 0.3087
vt 0.441 0.0004
vt 0.4375 0.0004
vt 0.3611 0.977
vt 0.3611 0.9882
vt 0.7917 0.1313
vt 0.7778 0.1313
vt 0.5174 0.0004
vt 0.5139 0.0042
vt 0.5139 0.0004
vt 0.5278 0.0042
vt 0.5243 0.0004
vt 0.5278 0.0004
vt 0.5209 0.0004
vt 0.9722 0.9958
vt 0.9826 0.9996
vt 0.9791 0.9996
vt 0.9757 0.9996
vt 0.9722 0.9996
vt 0.6111 0.8687
vt 0.7778 0.7309
vt 0.7917 0.7309
vt 0.1667 0.038
vt 0.9167 0.0783
vt 0.9305 0.0783
vt 0.9167 0.1033
vt 0.4445 0.8379
vt 0.5417 0.8968
vt 0.5417 0.8687
vt 0.7639 0.8379
vt 0.7639 0.8045
vt 0.7778 0.8379
vt 0.625 0.0042
vt 0.632 0.0004
vt 0.0035 0.0004
vt 0 0.0042
vt 0 0.0004
vt 0.0104 0.0004
vt 0.0139 0.0004
vt 0.007 0.0004
vt 0.7639 0.4782
vt 0.0556 0.038
vt 0.0695 0.038
vt 0.2361 0.9436
vt 0.6528 0.038
vt 0.6528 0.0565
vt 0.2084 0.0118
vt 0.1945 0.0042
vt 0.2361 0.6083
vt 0.5 0.5218
vt 0 0.5218
vt 0 0.4782
vt 0.8194 0.0783
vt 0.8056 0.0783
vt 0.25 0.6914
vt 0.5 0.9218
vt 0.4167 0.0118
vt 0.3056 0.5653
vt 0.75 0.0042
vt 0.2674 0.0004
vt 0.2743 0.0004
vt 0.2709 0.0004
vt 0.9444 0.8968
vt 0.1945 0.8968
vt 0.8611 0.2691
vt 0.5417 0.5653
vt 0.5417 0.5218
vt 0.9201 0.0004
vt 0.9166 0.0004
vt 0.1077 0.9996
vt 0.1042 0.9996
vt 0.6667 0.2691
vt 0.4757 0.9996
vt 0.4028 0.038
vt 0.4028 0.0231
vt 0.6944 0.5218
vt 0.0834 0.8968
vt 0.2639 0.3497
vt 0.3056 0.5218
vt 0.2917 0.5218
vt 0.0556 0.3087
vt 0.2223 0.7309
vt 0.2084 0.7687
vt 0.2084 0.7309
vt 0.2223 0.7687
vt 0.0556 0.3497
vt 0.9236 0.9996
vt 0.7083 0.8379
vt 0.6944 0.8379
vt 0.7083 0.8687
vt 0.75 0.0004
vt 0.1528 0.0565
vt 0.1389 0.0783
vt 0.1528 0.0783
vt 0.4306 0.6914
vt 0.4306 0.6504
vt 0.875 0.0783
vt 0.0278 0.1956
vt 0.1528 0.0118
vt 0.0695 0.3087
vt 0.066 0.9996
vt 0.3056 0.1033
vt 0.4306 0.6083
vt 0.7535 0.9996
vt 0.1945 0.7309
vt 0.1354 0.9996
vt 0.132 0.9996
vt 0.1285 0.9996
vt 0.125 0.9996
vt 0.1111 0.7309
vt 0.5 0.3918
vt 0.4445 0.1033
vt 0.4306 0.1033
vt 0.0973 0.0565
vt 0.7674 0.0004
vt 0.7639 0.0042
vt 0.7639 0.0004
vt 0.9167 0.5653
vt 0.0973 0.038
vt 0.0834 0.0231
vt 0.0973 0.0231
vt 0.0834 0.038
vt 0.1181 0.0004
vt 0.4584 0.8968
vt 0.6528 0.6914
vt 0.6632 0.9996
vt 0.6597 0.9996
vt 0.7778 0.4348
vt 0.7917 0.4348
vt 0.0695 0.3497
vt 0.6945 0.9996
vt 0.6806 0.9958
vt 0.691 0.9996
vt 0.3472 0.3918
vt 0.3472 0.3497
vt 0.3334 0.3918
vt 0.3195 0.4348
vt 0.9583 0.5653
vt 0.3334 0.6914
vt 0.1667 0.1313
vt 0.5521 0.9996
vt 0.5486 0.9996
vt 0.9722 0.4782
vt 0.9722 0.4348
vt 0.9583 0.4782
vt 0.9444 0.1622
vt 0.4584 0.8379
vt 0.2084 0.4348
vt 0.2084 0.3918
vt 0.1945 0.4348
vt 0.375 0.962
vt 0.7361 0.6914
vt 0.75 0.6914
vt 0.7361 0.7309
vt 0.6528 0.1313
vt 0.6389 0.1622
vt 0.6389 0.1313
vt 0.6528 0.1622
vt 0.3195 0.1313
vt 0.3334 0.1033
vt 0.3334 0.0783
vt 0.3195 0.1033
vt 0.0278 0.2313
vt 0.4445 0.9882
vt 0.0556 0.1033
vt 0.0695 0.1033
vt 0.0556 0.1313
vt 0.2917 0.962
vt 0.6389 0.3497
vt 0.6528 0.3497
vt 0.8333 0.9218
vt 0.8194 0.9436
vt 0.8333 0.9436
vt 0.5833 0.2691
vt 0.5833 0.4782
vt 0.5695 0.4782
vt 0.5833 0.5218
vt 0.6111 0.1622
vt 0.7917 0.9882
vt 0.1528 0.7309
vt 0.25 0.038
vt 0.6389 0.6083
vt 0.0973 0.8379
vt 0.2986 0.9996
vt 0.3021 0.9996
vt 0.625 0.7309
vt 0.6389 0.7309
vt 0.3611 0.6914
vt 0.8889 0.9996
vt 0.8854 0.9996
vt 0.8819 0.9996
vt 0.8785 0.9996
vt 0.875 0.9996
vt 0.4722 0.3918
vt 0.4722 0.1313
vt 0.4584 0.1033
vt 0.8021 0.9996
vt 0.7986 0.9996
vt 0.9444 0.9958
vt 0.9583 0.9958
vt 0.9548 0.9996
vt 0.9444 0.9996
vt 0.132 0.0004
vt 0.1285 0.0004
vt 0.8611 0.9436
vt 0.8472 0.9436
vt 0.8611 0.962
vt 0.8889 0.7309
vt 0.8889 0.7687
vt 0.7361 0.7687
vt 0.0174 0.0004
vt 0.0209 0.0004
vt 0.257 0.9996
vt 0.2604 0.9996
vt 0.7778 0.977
vt 0.7049 0.9996
vt 0.7014 0.9996
vt 0.6979 0.9996
vt 0 0.962
vt 0.0834 0.0565
vt 0.0486 0.0004
vt 0.0452 0.0004
vt 0.0695 0.9436
vt 0.0556 0.9436
vt 0.2952 0.0004
vt 0.3021 0.0004
vt 0.2986 0.0004
vt 0.6111 0.0565
vt 0.4792 0.9996
vt 0.9687 0.9996
vt 0.9652 0.9996
vt 0.5278 0.3497
vt 0.5139 0.3497
vt 0.8472 0.8379
vt 0.5139 0.9882
vt 0.3959 0.0004
vt 0.3924 0.0004
vt 0.1007 0.9996
vt 0.6528 0.8968
vt 0.0625 0.9996
vt 0.1528 0.7687
vt 0.1459 0.0004
vt 0.2361 0.9996
vt 0.2361 0.9958
vt 0.2327 0.9996
vt 0.2292 0.9996
vt 0.2257 0.9996
vt 0.3611 0.0231
vt 0.3646 0.9996
vt 1 0.0231
vt 0.4861 0.5653
vt 0.4861 0.5218
vt 0.9028 0.3918
vt 0.9167 0.4348
vt 0.5139 0.1956
vt 0.5139 0.2313
vt 1 0.5653
vt 0.4202 0.0004
vt 0.4306 0.0042
vt 0.4236 0.0004
vt 0.8472 0.6083
vt 0.8333 0.6083
vt 0.5556 0.0783
vt 0.5556 0.1033
vt 0.6528 0.1033
vt 0.6528 0.0783
vt 0.6389 0.1033
vt 0.9583 0.0231
vt 0.9305 0.2691
vt 0.9167 0.2313
vt 0.9305 0.2313
vt 0.9167 0.2691
vt 1 0.3087
vt 0.9861 0.2691
vt 1 0.2691
vt 0.9861 0.3087
vt 0.7639 0.6914
vt 0.7639 0.6504
vt 0.6389 0.977
vt 0.323 0.9996
vt 0.3264 0.9996
vt 0.125 0.4348
vt 0.0556 0.0004
vt 0.0521 0.0004
vt 0.0486 0.9996
vt 0.5695 0.0783
vt 0.5695 0.0565
vt 0.1111 0.1313
vt 0.5417 0.6083
vt 0.1667 0.6914
vt 0.1563 0.0004
vt 0.1528 0.0042
vt 0.1528 0.0004
vt 0.1667 0.0042
vt 0.9132 0.9996
vt 0.9166 0.9996
vt 0.2917 0.5653
vt 0.2778 0.3497
vt 0.2639 0.3087
vt 0.2778 0.3087
vt 0.3056 0.9958
vt 0.2917 0.9958
vt 0.6528 0.2691
vt 0.6528 0.3087
vt 0.7917 0.977
vt 0.3472 0.0231
vt 0.0556 0.962
vt 0.6944 0.5653
vt 0.1111 0.977
vt 0.125 0.977
vt 0.2639 0.8379
vt 0.2639 0.8687
vt 0.4861 0.3087
vt 0.5 0.3087
vt 0.5417 0.977
vt 0.4618 0.0004
vt 0.625 0.1622
vt 0.3611 0.4348
vt 0.1077 0.0004
vt 0.4861 0.6083
vt 0.2084 0.8968
vt 0.2084 0.9218
vt 0.125 0.6914
vt 0.0417 0.962
vt 0.75 0.9218
vt 0.9375 0.0004
vt 0.934 0.0004
vt 1 0.7687
vt 0.9861 0.8045
vt 0.9861 0.7687
vt 1 0.8045
vt 0.6528 0.0231
vt 0.9583 0.9882
vt 0.934 0.9996
vt 0.0278 0.7687
vt 0.2223 0.8687
vt 1 0.3497
vt 0.9861 0.3918
vt 0.9861 0.3497
vt 1 0.3918
vt 0.1111 0.962
vt 0.1111 0.9436
vt 0.2361 0.0042
vt 0.2327 0.0004
vt 0.2361 0.0004
vt 0.7222 0.3497
vt 0.3472 0.6914
vt 0.3472 0.6504
vt 0.9444 0.3497
vt 0.9444 0.2313
vt 0.9444 0.1956
vt 0.5833 0.3087
vt 0.1667 0.9436
vt 0.1667 0.962
vt 0.5139 0.1622
vt 0.5278 0.1622
vt 0.9305 0.1956
vt 0.9167 0.1956
vt 0.6806 0.6083
vt 0.6806 0.5653
vt 0.5972 0.1033
vt 0.6667 0.1622
vt 0.3611 0.8379
vt 0.2223 0.9436
vt 0.1667 0.977
vt 0.0417 0.0004
vt 0.875 0.8045
vt 0.6806 0.4782
vt 0.6806 0.5218
vt 0.6111 0.9958
vt 0.8056 0.1033
vt 0.8854 0.0004
vt 0.8785 0.0004
vt 0.8819 0.0004
vt 0.5695 0.2313
vt 0.5695 0.1956
vt 0.625 0.9996
vt 0.6285 0.9996
vt 0.9167 0.6914
vt 0.1389 0.0042
vt 0.125 0.0004
vt 0.2084 0.6504
vt 0.2084 0.6914
vt 0.2014 0.0004
vt 0.5591 0.0004
vt 0.5625 0.0004
vt 0.9548 0.0004
vt 0.9514 0.0004
vt 0.9444 0.5218
vt 0.9583 0.5218
vt 0.5833 0.5653
vt 0 0.0783
vt 0.125 0.9218
vt 0.0417 0.977
vt 0.0278 0.977
vt 0.6493 0.0004
vt 0.6424 0.0004
vt 0.6459 0.0004
vt 0.7778 0.3918
vt 0.5833 0.6914
vt 0.375 0.8968
vt 0.5556 0.038
vt 0.5556 0.0565
vt 0.0973 0.9882
vt 0.2917 0.3918
vt 0.8715 0.9996
vt 0.4063 0.9996
vt 0.4028 0.9996
vt 0.3472 0.0783
vt 0.3472 0.1033
vt 0.25 0.0783
vt 0.5695 0.1033
vt 1 0.9882
vt 1 0.977
vt 0.8889 0.038
vt 0.2396 0.9996
vt 0.625 0.5653
vt 0.0799 0.0004
vt 0.6389 0.5653
vt 0.5695 0.962
vt 0.5556 0.977
vt 0.9028 0.9996
vt 0.9097 0.9996
vt 0.9062 0.9996
vt 0.5972 0.4782
vt 0.2917 0.2691
vt 0.4861 0.3918
vt 0.4722 0.4348
vt 0.3195 0.4782
vt 0.1389 0.2691
vt 0.3611 0.038
vt 0.3889 0.3497
vt 0.875 0.0565
vt 0.8889 0.0565
vt 0.3716 0.9996
vt 0.3681 0.9996
vt 0.0903 0.0004
vt 0.9722 0.6914
vt 0.0834 0.7309
vt 0.0834 0.6914
vt 0.0417 0.1956
vt 0.0417 0.2313
vt 0.5417 0.4782
vt 0.2084 0.0231
vt 0.2084 0.038
vt 0.4584 0.7309
vt 0 0.0565
vt 0.0938 0.0004
vt 0.9722 0.5218
vt 0.5139 0.7309
vt 0.7639 0.8687
vt 0.7639 0.8968
vt 0.3056 0.038
vt 0.3056 0.9996
vt 0.6181 0.9996
vt 0.6146 0.9996
vt 0.875 0.0118
vt 0.875 0.0231
vt 0.1806 0.0042
vt 0.25 0.0565
vt 0.8611 0.6083
vt 0.5695 0.2691
vt 0.8194 0.1033
vt 0.0764 0.0004
vt 0.875 0.038
vt 0.6944 0.0565
vt 0.5 0.3497
vt 0.2223 0.0118
vt 0.2361 0.0118
vt 0.4445 0.8968
vt 0.2952 0.9996
vt 0.2917 0.9996
vt 0.1528 0.1033
vt 0.3472 0.0565
vt 0.3472 0.038
vt 0.3611 0.0565
vt 0.25 0.6504
vt 0.3195 0.9882
vt 0.1945 0.9218
vt 0.8437 0.9996
vt 0.8403 0.9996
vt 0.8333 0.0783
vt 0.5556 0.4782
vt 0.7639 0.9218
vt 0.4722 0.7309
vt 0.2917 0.0118
vt 0.0695 0.0042
vt 0.9409 0.9996
vt 0.9375 0.9996
vt 0.8611 0.0118
vt 0.1667 0.0565
vt 0.9062 0.0004
vt 0.9409 0.0004
vt 0.9305 0.0004
vt 0.9028 0.962
vt 0.1528 0.9436
vt 0.8646 0.9996
vt 0.9305 0.5218
vt 0.9167 0.5218
vt 0.1945 0.1956
vt 0.1111 0.3087
vt 0.0973 0.7309
vt 0.7639 0.1622
vt 0.4167 0.1313
vt 0.0625 0.0004
vt 0.5035 0.0004
vt 0.5 0.0042
vt 0.5105 0.0004
vt 0.507 0.0004
vt 0.0417 0.0231
vt 0.0278 0.0231
vt 0.5417 0.8379
vt 0.5556 0.4348
vt 0.1389 0.0118
vt 0.5938 0.0004
vt 0.5903 0.0004
vt 0.8472 0.6504
vt 0.4584 0.8687
vt 0.4445 0.8687
vt 0.8472 0.2313
vt 0.8472 0.2691
vt 0.2084 0.8045
vt 0.3195 0.9996
vt 0.3195 0.9958
vt 0.316 0.9996
vt 0.5833 0.962
vt 0.2223 0.8379
vt 0.2223 0.8045
vt 0.7222 0.4348
vt 0.9271 0.0004
vt 0.9236 0.0004
vt 0.7708 0.9996
vt 0.7743 0.9996
vt 0.8229 0.0004
vt 0.6007 0.0004
vt 0.5972 0.0042
vt 0.5972 0.0004
vt 0.6111 0.0042
vt 0.6077 0.0004
vt 0.6042 0.0004
vt 0.9167 0.4782
vt 0.8472 0.1956
vt 0.8611 0.2313
vt 0.5833 0.038
vt 0.5695 0.038
vt 0.5695 0.9436
vt 0.8333 0.4348
vt 0.5139 0.1313
vt 0.7222 0.3918
vt 0.2084 0.9436
vt 0.0243 0.9996
vt 0.8368 0.9996
vt 0.7396 0.0004
vt 0.9028 0.0565
vt 0.5833 0.1033
vt 0.9444 0.9882
vt 0.6111 0.9996
vt 0.4722 0.2691
vt 0.375 0.1622
vt 0.3611 0.1622
vt 0.4861 0.3497
vt 0.2396 0.0004
vt 0.0139 0.038
vt 0.7222 0.7309
vt 0.868 0.9996
vt 0.5972 0.0118
vt 0.5209 0.9996
vt 0.8056 0.1313
vt 0.5278 0.0118
vt 0.059 0.0004
vt 0.6736 0.9996
vt 0.2361 0.8687
vt 0.4341 0.0004
vt 0.0452 0.9996
vt 0.9722 0.7309
vt 0.7604 0.0004
vt 0.0313 0.0004
vt 0.25 0.9958
vt 0.2431 0.9996
vt 0.3438 0.9996
vt 0.816 0.9996
vt 0.8125 0.9996
vt 0.5278 0.8379
vt 0.5278 0.1313
vt 0.5243 0.9996
vt 0.4827 0.9996
vt 0.0139 0.7309
vt 0.9444 0.0783
vt 0.191 0.0004
vt 0.1875 0.0004
vt 0.2535 0.9996
vt 0 0.5653
vt 0 0.6083
vt 0.3889 0.9996
vt 0.3924 0.9996
vt 0.1528 0.8045
vt 0.1389 0.8045
vt 0.375 0.4348
vt 0.9444 0.0565
vt 0.8993 0.9996
vt 0.8958 0.9996
vt 0.8923 0.9996
vt 0.25 0.8687
vt 0.0556 0.8379
vt 0.6216 0.9996
vt 0.3855 0.9996
vt 0.7674 0.9996
vt 0.6216 0.0004
vt 0.4306 0.0118
vt 0 0.038
vt 0.3993 0.9996
vt 0.7569 0.9996
vt 0.1215 0.0004
vt 0 0.7309
vt 0.3334 0.9958
vt 0.9201 0.9996
vt 0.8298 0.0004
vt 0.8264 0.0004
vt 0.2639 0.038
vt 0.5348 0.0004
vt 0.5313 0.0004
vt 0.1042 0.0004
vt 0.6042 0.9996
vt 0.6077 0.9996
vt 0 0.4348
vt 0.5903 0.9996
vt 0.6181 0.0004
vt 0.3959 0.9996
vt 0.0729 0.0004
vt 0 0.3918
vt 0.1493 0.0004
vt 0.5382 0.0004
usemtl mat0
f 1/1/1 2/2/2 3/3/3
f 1/1/1 4/4/4 2/2/2
f 5/5/5 6/6/6 7/7/7
f 5/5/5 8/8/8 6/6/6
f 9/9/9 10/10/10 11/11/11
f 12/12/12 10/10/10 9/9/9
f 13/13/13 14/14/14 15/15/15
f 16/16/16 14/14/14 13/13/13
f 17/17/17 18/18/18 19/19/19
f 20/20/20 18/18/18 17/17/17
f 21/21/21 22/22/22 23/23/23
f 21/21/21 24/24/24 22/22/22
f 25/25/25 26/26/26 27/27/27
f 25/25/25 28/28/28 26/26/26
f 29/29/29 30/30/30 31/31/31
f 32/32/32 33/33/33 34/34/34
f 32/32/32 35/35/35 33/33/33
f 35/35/35 30/30/30 29/29/29
f 32/32/32 30/30/30 35/35/35
f 36/36/36 37/37/37 38/38/38
f 39/39/39 37/37/37 36/36/36
f 40/40/40 41/41/41 42/42/42
f 43/43/43 44/44/44 45/45/45
f 46/46/46 41/41/41 40/40/40
f 43/43/43 46/46/46 44/44/44
f 43/43/43 41/41/41 46/46/46
f 47/47/47 48/48/48 49/49/49
f 50/50/50 51/51/51 52/52/52
f 53/53/53 51/51/51 50/50/50
f 54/54/54 55/55/55 56/56/56
f 57/57/57 55/55/55 58/58/58
f 59/59/59 60/60/60 61/61/61
f 59/59/59 62/62/62 60/60/60
f 63/63/63 64/64/64 65/65/65
f 66/66/66 64/64/64 63/63/63
f 47/47/47 67/67/67 68/68/68
f 69/69/69 70/70/70 71/71/71
f 72/72/72 70/70/70 69/69/69
f 73/73/73 74/74/74 75/75/75
f 76/76/76 74/74/74 73/73/73
f 77/77/77 78/78/78 79/79/79
f 80/80/80 78/78/78 77/77/77
f 81/81/81 82/82/82 83/83/83
f 81/81/81 84/84/84 82/82/82
f 85/85/85 86/86/86 87/87/87
f 88/88/88 86/86/86 85/85/85
f 89/89/89 90/90/90 91/91/91
f 89/89/89 92/92/92 90/90/90
f 93/93/93 94/94/94 95/95/95
f 96/96/96 94/94/94 93/93/93
f 97/97/97 98/98/98 99/99/99
f 100/100/100 98/98/98 97/97/97
f 101/101/101 102/102/102 103/103/103
f 101/101/101 104/104/104 102/102/102
f 105/105/105 106/106/106 107/107/107
f 108/108/108 109/109/109 110/110/110
f 111/111/111 109/109/109 108/108/108
f 105/105/105 111/111/111 106/106/106
f 105/105/105 109/109/109 111/111/111
f 112/112/112 113/113/113 114/114/114
f 112/112/112 115/115/115 113/113/113
f 116/116/116 117/117/117 118/118/118
f 116/116/116 119/119/119 117/117/117
f 120/120/120 121/121/121 122/122/122
f 123/123/123 121/121/121 120/120/120
f 124/124/124 125/125/125 126/126/126
f 124/124/124 127/127/127 125/125/125
f 128/128/128 129/129/129 130/130/130
f 131/131/131 129/129/129 128/128/128
f 132/132/132 133/133/133 134/134/134
f 132/132/132 135/135/135 133/133/133
f 136/136/136 137/137/137 138/138/138
f 139/139/139 137/137/137 136/136/136
f 55/55/55 140/140/140 141/141/141
f 142/142/142 143/143/143 144/144/144
f 145/145/145 143/143/143 142/142/142
f 146/146/146 147/147/147 148/148/148
f 149/149/149 147/147/147 146/146/146
f 150/150/150 151/151/151 152/152/152
f 153/153/153 154/154/154 155/155/155
f 153/153/153 156/156/156 154/154/154
f 156/156/156 151/151/151 150/150/150
f 153/153/153 151/151/151 156/156/156
f 157/157/157 158/158/158 159/159/159
f 157/157/157 160/160/160 158/158/158
f 161/161/161 162/162/162 163/163/163
f 161/161/161 164/164/164 162/162/162
f 165/165/165 166/166/166 167/167/167
f 165/165/165 168/168/168 166/166/166
f 169/169/169 170/170/170 171/171/171
f 169/169/169 172/172/172 170/170/170
f 173/173/173 174/174/174 175/175/175
f 173/173/173 176/176/176 174/174/174
f 177/177/177 178/178/178 179/179/179
f 177/177/177 180/180/180 178/178/178
f 181/181/181 171/171/171 182/182/182
f 181/181/181 169/169/169 171/171/171
f 47/47/47 183/183/183 184/184/184
f 55/55/55 185/185/185 186/186/186
f 187/187/187 188/188/188 189/189/189
f 190/190/190 188/188/188 187/187/187
f 191/191/191 192/192/192 193/193/193
f 194/194/194 192/192/192 191/191/191
f 195/195/195 196/196/196 197/197/197
f 195/195/195 198/198/198 196/196/196
f 47/47/47 155/155/155 154/154/154
f 199/199/199 200/200/200 201/201/201
f 202/202/202 200/200/200 199/199/199
f 203/203/203 139/139/139 136/136/136
f 204/204/204 139/139/139 203/203/203
f 205/205/205 206/206/206 207/207/207
f 208/208/208 206/206/206 205/205/205
f 209/209/209 210/210/210 211/211/211
f 209/209/209 212/212/212 210/210/210
f 213/213/213 203/203/203 214/214/214
f 213/213/213 204/204/204 203/203/203
f 47/47/47 215/215/215 216/216/216
f 55/55/55 217/217/217 218/218/218
f 219/219/219 220/220/220 221/221/221
f 219/219/219 222/222/222 220/220/220
f 223/223/223 224/224/224 225/225/225
f 223/223/223 226/226/226 224/224/224
f 227/227/227 228/228/228 229/229/229
f 227/227/227 230/230/230 228/228/228
f 231/231/231 55/55/55 232/232/232
f 233/233/233 211/211/211 234/234/234
f 233/233/233 209/209/209 211/211/211
f 235/235/235 236/236/236 237/237/237
f 238/238/238 236/236/236 235/235/235
f 239/239/239 240/240/240 241/241/241
f 239/239/239 242/242/242 240/240/240
f 243/243/243 244/244/244 245/245/245
f 246/246/246 244/244/244 243/243/243
f 247/247/247 248/248/248 249/249/249
f 250/250/250 251/251/251 183/183/183
f 247/247/247 252/252/252 248/248/248
f 252/252/252 251/251/251 250/250/250
f 247/247/247 251/251/251 252/252/252
f 47/47/47 253/253/253 254/254/254
f 255/255/255 256/256/256 257/257/257
f 258/258/258 256/256/256 255/255/255
f 259/259/259 260/260/260 261/261/261
f 262/262/262 260/260/260 259/259/259
f 263/263/263 264/264/264 265/265/265
f 266/266/266 264/264/264 263/263/263
f 267/267/267 268/268/268 269/269/269
f 270/270/270 271/271/271 272/272/272
f 270/270/270 273/273/273 271/271/271
f 273/273/273 268/268/268 267/267/267
f 270/270/270 268/268/268 273/273/273
f 274/274/274 275/275/275 276/276/276
f 274/274/274 277/277/277 275/275/275
f 278/278/278 279/279/279 280/280/280
f 278/278/278 281/281/281 279/279/279
f 47/47/47 282/282/282 283/283/283
f 284/284/284 285/285/285 286/286/286
f 287/287/287 285/285/285 284/284/284
f 288/288/288 289/289/289 290/290/290
f 291/291/291 289/289/289 288/288/288
f 292/292/292 293/293/293 294/294/294
f 292/292/292 295/295/295 293/293/293
f 296/296/296 297/297/297 298/298/298
f 299/299/299 297/297/297 296/296/296
f 300/300/300 301/301/301 302/302/302
f 303/303/303 301/301/301 300/300/300
f 304/304/304 305/305/305 306/306/306
f 307/307/307 305/305/305 304/304/304
f 262/262/262 308/308/308 260/260/260
f 309/309/309 310/310/310 262/262/262
f 310/310/310 311/311/311 262/262/262
f 311/311/311 312/312/312 262/262/262
f 312/312/312 308/308/308 262/262/262
f 313/313/313 314/314/314 315/315/315
f 313/313/313 316/316/316 314/314/314
f 317/317/317 318/318/318 319/319/319
f 317/317/317 320/320/320 318/318/318
f 321/321/321 322/322/322 323/323/323
f 324/324/324 322/322/322 321/321/321
f 325/325/325 326/326/326 327/327/327
f 325/325/325 328/328/328 326/326/326
f 329/329/329 55/55/55 330/330/330
f 331/331/331 332/332/332 333/333/333
f 334/334/334 332/332/332 331/331/331
f 335/335/335 336/336/336 337/337/337
f 338/338/338 339/339/339 67/67/67
f 335/335/335 340/340/340 336/336/336
f 340/340/340 339/339/339 338/338/338
f 335/335/335 339/339/339 340/340/340
f 341/341/341 342/342/342 343/343/343
f 341/341/341 344/344/344 342/342/342
f 345/345/345 346/346/346 347/347/347
f 345/345/345 348/348/348 346/346/346
f 349/349/349 350/350/350 351/351/351
f 349/349/349 352/352/352 350/350/350
f 166/166/166 353/353/353 109/109/109
f 166/166/166 354/354/354 353/353/353
f 355/355/355 356/356/356 357/357/357
f 355/355/355 358/358/358 356/356/356
f 359/359/359 360/360/360 361/361/361
f 362/362/362 360/360/360 359/359/359
f 363/363/363 364/364/364 365/365/365
f 363/363/363 366/366/366 364/364/364
f 367/367/367 368/368/368 369/369/369
f 370/370/370 368/368/368 367/367/367
f 371/371/371 372/372/372 373/373/373
f 374/374/374 372/372/372 371/371/371
f 375/375/375 376/376/376 377/377/377
f 378/378/378 376/376/376 375/375/375
f 379/379/379 380/380/380 381/381/381
f 379/379/379 382/382/382 380/380/380
f 383/383/383 384/384/384 382/382/382
f 383/383/383 385/385/385 384/384/384
f 386/386/386 387/387/387 388/388/388
f 389/389/389 387/387/387 386/386/386
f 390/390/390 391/391/391 392/392/392
f 393/393/393 391/391/391 390/390/390
f 394/394/394 395/395/395 396/396/396
f 394/394/394 159/159/159 395/395/395
f 397/397/397 398/398/398 399/399/399
f 397/397/397 400/400/400 398/398/398
f 401/401/401 402/402/402 403/403/403
f 401/401/401 404/404/404 402/402/402
f 405/405/405 406/406/406 407/407/407
f 408/408/408 406/406/406 405/405/405
f 47/47/47 269/269/269 409/409/409
f 121/121/121 410/410/410 411/411/411
f 412/412/412 410/410/410 121/121/121
f 413/413/413 414/414/414 415/415/415
f 413/413/413 416/416/416 414/414/414
f 417/417/417 297/297/297 299/299/299
f 417/417/417 418/418/418 297/297/297
f 419/419/419 187/187/187 420/420/420
f 421/421/421 187/187/187 419/419/419
f 422/422/422 423/423/423 424/424/424
f 422/422/422 425/425/425 423/423/423
f 426/426/426 427/427/427 428/428/428
f 426/426/426 429/429/429 427/427/427
f 430/430/430 431/431/431 406/406/406
f 430/430/430 432/432/432 431/431/431
f 55/55/55 433/433/433 434/434/434
f 435/435/435 436/436/436 437/437/437
f 435/435/435 438/438/438 436/436/436
f 439/439/439 440/440/440 441/441/441
f 439/439/439 442/442/442 440/440/440
f 443/443/443 444/444/444 445/445/445
f 443/443/443 446/446/446 444/444/444
f 447/447/447 448/448/448 449/449/449
f 450/450/450 448/448/448 447/447/447
f 451/451/451 452/452/452 453/453/453
f 451/451/451 454/454/454 452/452/452
f 454/454/454 455/455/455 452/452/452
f 455/455/455 456/456/456 452/452/452
f 456/456/456 457/457/457 452/452/452
f 458/458/458 435/435/435 437/437/437
f 459/459/459 435/435/435 458/458/458
f 385/385/385 460/460/460 384/384/384
f 385/385/385 461/461/461 460/460/460
f 462/462/462 66/66/66 463/463/463
f 462/462/462 464/464/464 66/66/66
f 212/212/212 465/465/465 466/466/466
f 467/467/467 465/465/465 212/212/212
f 468/468/468 469/469/469 470/470/470
f 471/471/471 469/469/469 468/468/468
f 55/55/55 472/472/472 473/473/473
f 474/474/474 475/475/475 476/476/476
f 477/477/477 475/475/475 474/474/474
f 478/478/478 479/479/479 480/480/480
f 478/478/478 481/481/481 479/479/479
f 482/482/482 483/483/483 484/484/484
f 485/485/485 486/486/486 482/482/482
f 486/486/486 487/487/487 482/482/482
f 487/487/487 488/488/488 482/482/482
f 488/488/488 483/483/483 482/482/482
f 489/489/489 490/490/490 491/491/491
f 489/489/489 492/492/492 490/490/490
f 493/493/493 494/494/494 495/495/495
f 496/496/496 494/494/494 493/493/493
f 497/497/497 498/498/498 499/499/499
f 497/497/497 500/500/500 498/498/498
f 501/501/501 502/502/502 503/503/503
f 504/504/504 502/502/502 501/501/501
f 505/505/505 506/506/506 507/507/507
f 505/505/505 508/508/508 506/506/506
f 355/355/355 509/509/509 358/358/358
f 510/510/510 509/509/509 355/355/355
f 342/342/342 511/511/511 512/512/512
f 344/344/344 511/511/511 342/342/342
f 513/513/513 514/514/514 515/515/515
f 516/516/516 514/514/514 513/513/513
f 447/447/447 517/517/517 94/94/94
f 447/447/447 449/449/449 517/517/517
f 518/518/518 519/519/519 520/520/520
f 521/521/521 519/519/519 518/518/518
f 522/522/522 523/523/523 524/524/524
f 522/522/522 525/525/525 523/523/523
f 526/526/526 527/527/527 528/528/528
f 529/529/529 527/527/527 526/526/526
f 530/530/530 531/531/531 532/532/532
f 388/388/388 531/531/531 530/530/530
f 474/474/474 533/533/533 534/534/534
f 474/474/474 476/476/476 533/533/533
f 535/535/535 536/536/536 537/537/537
f 538/538/538 536/536/536 535/535/535
f 164/164/164 539/539/539 540/540/540
f 178/178/178 539/539/539 164/164/164
f 541/541/541 542/542/542 379/379/379
f 543/543/543 542/542/542 541/541/541
f 544/544/544 545/545/545 546/546/546
f 547/547/547 545/545/545 544/544/544
f 89/89/89 548/548/548 92/92/92
f 549/549/549 548/548/548 89/89/89
f 210/210/210 550/550/550 551/551/551
f 210/210/210 552/552/552 550/550/550
f 553/553/553 554/554/554 555/555/555
f 556/556/556 554/554/554 553/553/553
f 251/251/251 184/184/184 183/183/183
f 557/557/557 558/558/558 559/559/559
f 251/251/251 560/560/560 184/184/184
f 560/560/560 558/558/558 557/557/557
f 251/251/251 558/558/558 560/560/560
f 561/561/561 562/562/562 563/563/563
f 561/561/561 564/564/564 562/562/562
f 565/565/565 566/566/566 567/567/567
f 568/568/568 566/566/566 565/565/565
f 569/569/569 105/105/105 107/107/107
f 570/570/570 571/571/571 572/572/572
f 573/573/573 105/105/105 569/569/569
f 570/570/570 573/573/573 571/571/571
f 570/570/570 105/105/105 573/573/573
f 574/574/574 575/575/575 576/576/576
f 577/577/577 575/575/575 574/574/574
f 578/578/578 579/579/579 580/580/580
f 581/581/581 579/579/579 578/578/578
f 582/582/582 583/583/583 584/584/584
f 582/582/582 585/585/585 583/583/583
f 479/479/479 586/586/586 587/587/587
f 481/481/481 586/586/586 479/479/479
f 588/588/588 589/589/589 590/590/590
f 591/591/591 589/589/589 588/588/588
f 592/592/592 593/593/593 594/594/594
f 595/595/595 593/593/593 592/592/592
f 596/596/596 468/468/468 597/597/597
f 596/596/596 471/471/471 468/468/468
f 598/598/598 373/373/373 599/599/599
f 371/371/371 373/373/373 598/598/598
f 47/47/47 600/600/600 601/601/601
f 602/602/602 603/603/603 604/604/604
f 605/605/605 603/603/603 602/602/602
f 606/606/606 607/607/607 608/608/608
f 609/609/609 607/607/607 606/606/606
f 47/47/47 610/610/610 611/611/611
f 612/612/612 613/613/613 446/446/446
f 612/612/612 614/614/614 613/613/613
f 615/615/615 616/616/616 617/617/617
f 615/615/615 618/618/618 616/616/616
f 619/619/619 620/620/620 621/621/621
f 622/622/622 620/620/620 619/619/619
f 623/623/623 624/624/624 625/625/625
f 626/626/626 624/624/624 623/623/623
f 313/313/313 627/627/627 316/316/316
f 628/628/628 627/627/627 313/313/313
f 629/629/629 630/630/630 631/631/631
f 629/629/629 632/632/632 630/630/630
f 633/633/633 634/634/634 635/635/635
f 633/633/633 636/636/636 634/634/634
f 637/637/637 638/638/638 639/639/639
f 637/637/637 640/640/640 638/638/638
f 208/208/208 641/641/641 206/206/206
f 279/279/279 641/641/641 208/208/208
f 274/274/274 642/642/642 277/277/277
f 643/643/643 642/642/642 274/274/274
f 644/644/644 645/645/645 646/646/646
f 644/644/644 647/647/647 645/645/645
f 648/648/648 649/649/649 305/305/305
f 648/648/648 650/650/650 649/649/649
f 651/651/651 561/561/561 563/563/563
f 533/533/533 561/561/561 651/651/651
f 652/652/652 493/493/493 653/653/653
f 193/193/193 493/493/493 652/652/652
f 654/654/654 655/655/655 656/656/656
f 654/654/654 657/657/657 655/655/655
f 658/658/658 659/659/659 660/660/660
f 658/658/658 661/661/661 659/659/659
f 662/662/662 663/663/663 664/664/664
f 662/662/662 665/665/665 663/663/663
f 666/666/666 667/667/667 668/668/668
f 669/669/669 667/667/667 666/666/666
f 670/670/670 671/671/671 672/672/672
f 670/670/670 673/673/673 671/671/671
f 674/674/674 675/675/675 676/676/676
f 674/674/674 677/677/677 675/675/675
f 678/678/678 55/55/55 679/679/679
f 680/680/680 681/681/681 682/682/682
f 683/683/683 681/681/681 680/680/680
f 684/684/684 685/685/685 686/686/686
f 684/684/684 687/687/687 685/685/685
f 688/688/688 659/659/659 689/689/689
f 660/660/660 659/659/659 688/688/688
f 690/690/690 691/691/691 692/692/692
f 690/690/690 693/693/693 691/691/691
f 694/694/694 695/695/695 696/696/696
f 694/694/694 697/697/697 695/695/695
f 436/436/436 698/698/698 699/699/699
f 438/438/438 698/698/698 436/436/436
f 700/700/700 701/701/701 702/702/702
f 703/703/703 701/701/701 700/700/700
f 704/704/704 705/705/705 706/706/706
f 704/704/704 50/50/50 705/705/705
f 707/707/707 708/708/708 709/709/709
f 707/707/707 710/710/710 708/708/708
f 711/711/711 442/442/442 439/439/439
f 711/711/711 712/712/712 442/442/442
f 47/47/47 252/252/252 250/250/250
f 137/137/137 713/713/713 714/714/714
f 715/715/715 713/713/713 137/137/137
f 716/716/716 717/717/717 718/718/718
f 716/716/716 719/719/719 717/717/717
f 720/720/720 721/721/721 722/722/722
f 723/723/723 721/721/721 720/720/720
f 724/724/724 725/725/725 726/726/726
f 724/724/724 727/727/727 725/725/725
f 728/728/728 6/6/6 729/729/729
f 7/7/7 6/6/6 728/728/728
f 730/730/730 731/731/731 732/732/732
f 733/733/733 731/731/731 730/730/730
f 734/734/734 735/735/735 736/736/736
f 737/737/737 735/735/735 734/734/734
f 350/350/350 738/738/738 739/739/739
f 350/350/350 740/740/740 738/738/738
f 741/741/741 742/742/742 743/743/743
f 741/741/741 744/744/744 742/742/742
f 745/745/745 746/746/746 747/747/747
f 745/745/745 748/748/748 746/746/746
f 749/749/749 213/213/213 214/214/214
f 750/750/750 213/213/213 749/749/749
f 751/751/751 18/18/18 20/20/20
f 751/751/751 752/752/752 18/18/18
f 753/753/753 754/754/754 755/755/755
f 753/753/753 756/756/756 754/754/754
f 757/757/757 758/758/758 759/759/759
f 757/757/757 760/760/760 758/758/758
f 760/760/760 218/218/218 758/758/758
f 218/218/218 217/217/217 758/758/758
f 217/217/217 761/761/761 758/758/758
f 762/762/762 618/618/618 615/615/615
f 762/762/762 763/763/763 618/618/618
f 220/220/220 764/764/764 765/765/765
f 220/220/220 766/766/766 764/764/764
f 767/767/767 768/768/768 769/769/769
f 770/770/770 768/768/768 767/767/767
f 523/523/523 771/771/771 772/772/772
f 525/525/525 771/771/771 523/523/523
f 773/773/773 774/774/774 775/775/775
f 776/776/776 774/774/774 773/773/773
f 777/777/777 778/778/778 779/779/779
f 777/777/777 780/780/780 778/778/778
f 174/174/174 781/781/781 782/782/782
f 176/176/176 781/781/781 174/174/174
f 783/783/783 102/102/102 784/784/784
f 103/103/103 102/102/102 783/783/783
f 555/555/555 494/494/494 496/496/496
f 555/555/555 785/785/785 494/494/494
f 786/786/786 239/239/239 787/787/787
f 786/786/786 788/788/788 239/239/239
f 471/471/471 789/789/789 469/469/469
f 790/790/790 789/789/789 471/471/471
f 228/228/228 791/791/791 792/792/792
f 230/230/230 791/791/791 228/228/228
f 47/47/47 793/793/793 794/794/794
f 795/795/795 796/796/796 797/797/797
f 795/795/795 798/798/798 796/796/796
f 703/703/703 799/799/799 701/701/701
f 800/800/800 799/799/799 703/703/703
f 457/457/457 801/801/801 452/452/452
f 457/457/457 802/802/802 801/801/801
f 802/802/802 803/803/803 801/801/801
f 803/803/803 804/804/804 801/801/801
f 804/804/804 805/805/805 801/801/801
f 126/126/126 806/806/806 807/807/807
f 126/126/126 125/125/125 806/806/806
f 808/808/808 507/507/507 763/763/763
f 808/808/808 505/505/505 507/507/507
f 537/537/537 173/173/173 809/809/809
f 537/537/537 810/810/810 173/173/173
f 811/811/811 799/799/799 800/800/800
f 811/811/811 812/812/812 799/799/799
f 812/812/812 813/813/813 799/799/799
f 813/813/813 814/814/814 799/799/799
f 814/814/814 815/815/815 799/799/799
f 816/816/816 817/817/817 818/818/818
f 816/816/816 819/819/819 817/817/817
f 47/47/47 820/820/820 821/821/821
f 822/822/822 823/823/823 824/824/824
f 822/822/822 825/825/825 823/823/823
f 47/47/47 826/826/826 827/827/827
f 342/342/342 828/828/828 143/143/143
f 342/342/342 512/512/512 828/828/828
f 55/55/55 829/829/829 830/830/830
f 831/831/831 832/832/832 833/833/833
f 831/831/831 834/834/834 832/832/832
f 835/835/835 836/836/836 837/837/837
f 838/838/838 836/836/836 835/835/835
f 285/285/285 839/839/839 840/840/840
f 841/841/841 839/839/839 285/285/285
f 320/320/320 842/842/842 843/843/843
f 844/844/844 845/845/845 320/320/320
f 845/845/845 846/846/846 320/320/320
f 846/846/846 847/847/847 320/320/320
f 847/847/847 842/842/842 320/320/320
f 47/47/47 848/848/848 849/849/849
f 850/850/850 635/635/635 851/851/851
f 261/261/261 635/635/635 850/850/850
f 769/769/769 852/852/852 853/853/853
f 769/769/769 854/854/854 852/852/852
f 855/855/855 856/856/856 857/857/857
f 855/855/855 858/858/858 856/856/856
f 859/859/859 860/860/860 387/387/387
f 859/859/859 861/861/861 860/860/860
f 725/725/725 195/195/195 197/197/197
f 727/727/727 195/195/195 725/725/725
f 862/862/862 654/654/654 863/863/863
f 862/862/862 864/864/864 654/654/654
f 865/865/865 866/866/866 867/867/867
f 865/865/865 868/868/868 866/866/866
f 869/869/869 870/870/870 871/871/871
f 872/872/872 870/870/870 869/869/869
f 873/873/873 874/874/874 301/301/301
f 873/873/873 875/875/875 874/874/874
f 876/876/876 877/877/877 878/878/878
f 876/876/876 879/879/879 877/877/877
f 30/30/30 880/880/880 31/31/31
f 881/881/881 882/882/882 883/883/883
f 884/884/884 882/882/882 881/881/881
f 30/30/30 884/884/884 880/880/880
f 30/30/30 882/882/882 884/884/884
f 885/885/885 886/886/886 887/887/887
f 885/885/885 229/229/229 886/886/886
f 888/888/888 889/889/889 890/890/890
f 891/891/891 889/889/889 888/888/888
f 892/892/892 893/893/893 894/894/894
f 895/895/895 893/893/893 892/892/892
f 782/782/782 896/896/896 897/897/897
f 781/781/781 896/896/896 782/782/782
f 898/898/898 899/899/899 900/900/900
f 901/901/901 899/899/899 898/898/898
f 902/902/902 903/903/903 904/904/904
f 902/902/902 905/905/905 903/903/903
f 906/906/906 1/1/1 907/907/907
f 906/906/906 142/142/142 1/1/1
f 762/762/762 808/808/808 763/763/763
f 908/908/908 808/808/808 762/762/762
f 909/909/909 910/910/910 911/911/911
f 912/912/912 910/910/910 909/909/909
f 913/913/913 914/914/914 915/915/915
f 913/913/913 863/863/863 914/914/914
f 47/47/47 916/916/916 917/917/917
f 47/47/47 273/273/273 267/267/267
f 918/918/918 919/919/919 920/920/920
f 918/918/918 921/921/921 919/919/919
f 172/172/172 922/922/922 923/923/923
f 361/361/361 922/922/922 172/172/172
f 638/638/638 924/924/924 925/925/925
f 640/640/640 924/924/924 638/638/638
f 926/926/926 811/811/811 800/800/800
f 927/927/927 928/928/928 926/926/926
f 928/928/928 929/929/929 926/926/926
f 929/929/929 930/930/930 926/926/926
f 930/930/930 811/811/811 926/926/926
f 158/158/158 931/931/931 932/932/932
f 160/160/160 931/931/931 158/158/158
f 933/933/933 934/934/934 935/935/935
f 936/936/936 934/934/934 933/933/933
f 448/448/448 937/937/937 449/449/449
f 448/448/448 598/598/598 937/937/937
f 938/938/938 939/939/939 940/940/940
f 938/938/938 941/941/941 939/939/939
f 942/942/942 943/943/943 266/266/266
f 604/604/604 943/943/943 942/942/942
f 944/944/944 945/945/945 946/946/946
f 944/944/944 947/947/947 945/945/945
f 948/948/948 949/949/949 950/950/950
f 948/948/948 951/951/951 949/949/949
f 952/952/952 953/953/953 954/954/954
f 955/955/955 953/953/953 952/952/952
f 956/956/956 957/957/957 958/958/958
f 590/590/590 957/957/957 956/956/956
f 866/866/866 959/959/959 960/960/960
f 868/868/868 959/959/959 866/866/866
f 961/961/961 962/962/962 963/963/963
f 964/964/964 962/962/962 961/961/961
f 965/965/965 966/966/966 967/967/967
f 968/968/968 966/966/966 965/965/965
f 181/181/181 359/359/359 169/169/169
f 969/969/969 359/359/359 181/181/181
f 970/970/970 378/378/378 971/971/971
f 970/970/970 972/972/972 378/378/378
f 973/973/973 974/974/974 975/975/975
f 973/973/973 976/976/976 974/974/974
f 977/977/977 978/978/978 979/979/979
f 980/980/980 978/978/978 977/977/977
f 981/981/981 55/55/55 982/982/982
f 983/983/983 984/984/984 985/985/985
f 986/986/986 984/984/984 983/983/983
f 987/987/987 988/988/988 989/989/989
f 987/987/987 990/990/990 988/988/988
f 926/926/926 703/703/703 991/991/991
f 926/926/926 800/800/800 703/703/703
f 587/587/587 992/992/992 993/993/993
f 587/587/587 235/235/235 992/992/992
f 105/105/105 166/166/166 109/109/109
f 167/167/167 166/166/166 105/105/105
f 994/994/994 55/55/55 995/995/995
f 55/55/55 996/996/996 997/997/997
f 998/998/998 999/999/999 1000/1000/1000
f 998/998/998 1001/1001/1001 999/999/999
f 47/47/47 1002/1002/1002 1003/1003/1003
f 1004/1004/1004 1005/1005/1005 1006/1006/1006
f 1007/1007/1007 1005/1005/1005 1004/1004/1004
f 1008/1008/1008 1009/1009/1009 1010/1010/1010
f 1008/1008/1008 1011/1011/1011 1009/1009/1009
f 1012/1012/1012 375/375/375 1013/1013/1013
f 1014/1014/1014 375/375/375 1012/1012/1012
f 1015/1015/1015 41/41/41 43/43/43
f 1015/1015/1015 1016/1016/1016 41/41/41
f 1017/1017/1017 1018/1018/1018 1019/1019/1019
f 1017/1017/1017 1020/1020/1020 1018/1018/1018
f 1021/1021/1021 1022/1022/1022 1023/1023/1023
f 1024/1024/1024 1025/1025/1025 1021/1021/1021
f 1025/1025/1025 830/830/830 1021/1021/1021
f 830/830/830 829/829/829 1021/1021/1021
f 829/829/829 1022/1022/1022 1021/1021/1021
f 375/375/375 980/980/980 1013/1013/1013
f 375/375/375 377/377/377 980/980/980
f 1026/1026/1026 1027/1027/1027 947/947/947
f 1026/1026/1026 1028/1028/1028 1027/1027/1027
f 47/47/47 1029/1029/1029 610/610/610
f 47/47/47 1030/1030/1030 1031/1031/1031
f 1032/1032/1032 1033/1033/1033 1034/1034/1034
f 1035/1035/1035 1033/1033/1033 1032/1032/1032
f 1036/1036/1036 1037/1037/1037 1038/1038/1038
f 1039/1039/1039 1037/1037/1037 1036/1036/1036
f 667/667/667 1040/1040/1040 668/668/668
f 667/667/667 1041/1041/1041 1040/1040/1040
f 55/55/55 1042/1042/1042 1043/1043/1043
f 1044/1044/1044 1045/1045/1045 1046/1046/1046
f 1047/1047/1047 1045/1045/1045 1044/1044/1044
f 442/442/442 1048/1048/1048 440/440/440
f 442/442/442 1049/1049/1049 1048/1048/1048
f 1050/1050/1050 518/518/518 1051/1051/1051
f 1052/1052/1052 518/518/518 1050/1050/1050
f 1053/1053/1053 1054/1054/1054 1055/1055/1055
f 1056/1056/1056 1054/1054/1054 1053/1053/1053
f 1057/1057/1057 1058/1058/1058 1059/1059/1059
f 1057/1057/1057 565/565/565 1058/1058/1058
f 47/47/47 1060/1060/1060 1061/1061/1061
f 1062/1062/1062 1063/1063/1063 1064/1064/1064
f 1065/1065/1065 1063/1063/1063 1062/1062/1062
f 1066/1066/1066 585/585/585 582/582/582
f 1066/1066/1066 1067/1067/1067 585/585/585
f 1068/1068/1068 1069/1069/1069 1070/1070/1070
f 1071/1071/1071 1069/1069/1069 1068/1068/1068
f 47/47/47 1072/1072/1072 1073/1073/1073
f 1074/1074/1074 319/319/319 149/149/149
f 1075/1075/1075 319/319/319 1074/1074/1074
f 1076/1076/1076 1077/1077/1077 1078/1078/1078
f 1076/1076/1076 1079/1079/1079 1077/1077/1077
f 1080/1080/1080 1081/1081/1081 1082/1082/1082
f 254/254/254 672/672/672 1083/1083/1083
f 253/253/253 672/672/672 254/254/254
f 1080/1080/1080 253/253/253 1081/1081/1081
f 1080/1080/1080 672/672/672 253/253/253
f 1084/1084/1084 1085/1085/1085 1086/1086/1086
f 772/772/772 1085/1085/1085 1084/1084/1084
f 1087/1087/1087 1088/1088/1088 1089/1089/1089
f 1090/1090/1090 1088/1088/1088 1087/1087/1087
f 1091/1091/1091 850/850/850 1092/1092/1092
f 1093/1093/1093 850/850/850 1091/1091/1091
f 1071/1071/1071 1094/1094/1094 1069/1069/1069
f 503/503/503 1094/1094/1094 1071/1071/1071
f 1095/1095/1095 1076/1076/1076 1078/1078/1078
f 1096/1096/1096 1076/1076/1076 1095/1095/1095
f 55/55/55 1097/1097/1097 1098/1098/1098
f 47/47/47 111/111/111 108/108/108
f 70/70/70 489/489/489 71/71/71
f 70/70/70 1099/1099/1099 489/489/489
f 1100/1100/1100 1101/1101/1101 1102/1102/1102
f 1100/1100/1100 1103/1103/1103 1101/1101/1101
f 1104/1104/1104 1/1/1 3/3/3
f 907/907/907 1/1/1 1104/1104/1104
f 494/494/494 1105/1105/1105 495/495/495
f 494/494/494 1106/1106/1106 1105/1105/1105
f 55/55/55 1107/1107/1107 1108/1108/1108
f 1109/1109/1109 1110/1110/1110 1111/1111/1111
f 1112/1112/1112 1110/1110/1110 1109/1109/1109
f 1113/1113/1113 1114/1114/1114 1115/1115/1115
f 1116/1116/1116 1117/1117/1117 1113/1113/1113
f 1117/1117/1117 1118/1118/1118 1113/1113/1113
f 1118/1118/1118 1119/1119/1119 1113/1113/1113
f 1119/1119/1119 1114/1114/1114 1113/1113/1113
f 1120/1120/1120 1121/1121/1121 1052/1052/1052
f 1122/1122/1122 1121/1121/1121 1120/1120/1120
f 1123/1123/1123 1124/1124/1124 1125/1125/1125
f 1126/1126/1126 1124/1124/1124 1123/1123/1123
f 1127/1127/1127 1128/1128/1128 1129/1129/1129
f 1127/1127/1127 1130/1130/1130 1128/1128/1128
f 984/984/984 234/234/234 985/985/985
f 984/984/984 233/233/233 234/234/234
f 148/148/148 1131/1131/1131 1132/1132/1132
f 147/147/147 1131/1131/1131 148/148/148
f 1133/1133/1133 95/95/95 1134/1134/1134
f 93/93/93 95/95/95 1133/1133/1133
f 1135/1135/1135 1136/1136/1136 1137/1137/1137
f 1135/1135/1135 1138/1138/1138 1136/1136/1136
f 1139/1139/1139 1140/1140/1140 1141/1141/1141
f 1142/1142/1142 1140/1140/1140 1139/1139/1139
f 1143/1143/1143 1144/1144/1144 1145/1145/1145
f 1146/1146/1146 1144/1144/1144 1143/1143/1143
f 682/682/682 1147/1147/1147 1148/1148/1148
f 682/682/682 1068/1068/1068 1147/1147/1147
f 503/503/503 1149/1149/1149 1094/1094/1094
f 502/502/502 1149/1149/1149 503/503/503
f 1150/1150/1150 1151/1151/1151 1152/1152/1152
f 1153/1153/1153 1151/1151/1151 1150/1150/1150
f 1154/1154/1154 55/55/55 1155/1155/1155
f 1156/1156/1156 314/314/314 1157/1157/1157
f 315/315/315 314/314/314 1156/1156/1156
f 1158/1158/1158 554/554/554 556/556/556
f 1158/1158/1158 1159/1159/1159 554/554/554
f 1160/1160/1160 906/906/906 907/907/907
f 1161/1161/1161 906/906/906 1160/1160/1160
f 1162/1162/1162 1153/1153/1153 564/564/564
f 1162/1162/1162 1163/1163/1163 1153/1153/1153
f 527/527/527 1084/1084/1084 1164/1164/1164
f 1165/1165/1165 1084/1084/1084 527/527/527
f 1166/1166/1166 1167/1167/1167 1168/1168/1168
f 1169/1169/1169 1167/1167/1167 1166/1166/1166
f 1170/1170/1170 1171/1171/1171 1172/1172/1172
f 1170/1170/1170 1173/1173/1173 1171/1171/1171
f 1174/1174/1174 182/182/182 1175/1175/1175
f 1174/1174/1174 181/181/181 182/182/182
f 911/911/911 1176/1176/1176 1177/1177/1177
f 911/911/911 1178/1178/1178 1176/1176/1176
f 1179/1179/1179 1180/1180/1180 307/307/307
f 1181/1181/1181 1180/1180/1180 1179/1179/1179
f 1182/1182/1182 1183/1183/1183 1184/1184/1184
f 1185/1185/1185 1183/1183/1183 1182/1182/1182
f 335/335/335 977/977/977 339/339/339
f 1186/1186/1186 977/977/977 335/335/335
f 1143/1143/1143 1187/1187/1187 858/858/858
f 1143/1143/1143 1145/1145/1145 1187/1187/1187
f 1188/1188/1188 919/919/919 1189/1189/1189
f 920/920/920 919/919/919 1188/1188/1188
f 1190/1190/1190 1191/1191/1191 1192/1192/1192
f 1190/1190/1190 1193/1193/1193 1191/1191/1191
f 1194/1194/1194 1195/1195/1195 1196/1196/1196
f 1194/1194/1194 1197/1197/1197 1195/1195/1195
f 1198/1198/1198 1199/1199/1199 1200/1200/1200
f 945/945/945 1199/1199/1199 1198/1198/1198
f 1201/1201/1201 1202/1202/1202 1203/1203/1203
f 1201/1201/1201 1204/1204/1204 1202/1202/1202
f 1205/1205/1205 534/534/534 1206/1206/1206
f 1207/1207/1207 534/534/534 1205/1205/1205
f 138/138/138 1208/1208/1208 1209/1209/1209
f 138/138/138 1210/1210/1210 1208/1208/1208
f 55/55/55 1211/1211/1211 1022/1022/1022
f 1212/1212/1212 542/542/542 543/543/543
f 1212/1212/1212 1213/1213/1213 542/542/542
f 1214/1214/1214 55/55/55 1215/1215/1215
f 1216/1216/1216 1217/1217/1217 1218/1218/1218
f 1216/1216/1216 1219/1219/1219 1217/1217/1217
f 1220/1220/1220 1221/1221/1221 1222/1222/1222
f 1223/1223/1223 1221/1221/1221 1220/1220/1220
f 1224/1224/1224 1225/1225/1225 1226/1226/1226
f 1224/1224/1224 1227/1227/1227 1225/1225/1225
f 1227/1227/1227 1228/1228/1228 1225/1225/1225
f 1228/1228/1228 1229/1229/1229 1225/1225/1225
f 1229/1229/1229 1230/1230/1230 1225/1225/1225
f 1231/1231/1231 879/879/879 876/876/876
f 1231/1231/1231 1232/1232/1232 879/879/879
f 1233/1233/1233 1234/1234/1234 1235/1235/1235
f 1236/1236/1236 1237/1237/1237 1238/1238/1238
f 1239/1239/1239 1237/1237/1237 1236/1236/1236
f 1233/1233/1233 1239/1239/1239 1234/1234/1234
f 1233/1233/1233 1237/1237/1237 1239/1239/1239
f 1240/1240/1240 1241/1241/1241 1242/1242/1242
f 1243/1243/1243 1241/1241/1241 1240/1240/1240
f 1244/1244/1244 1245/1245/1245 1246/1246/1246
f 583/583/583 1245/1245/1245 1244/1244/1244
f 1121/1121/1121 518/518/518 1052/1052/1052
f 1121/1121/1121 521/521/521 518/518/518
f 616/616/616 1247/1247/1247 1248/1248/1248
f 618/618/618 1247/1247/1247 616/616/616
f 943/943/943 264/264/264 266/266/266
f 943/943/943 1249/1249/1249 264/264/264
f 143/143/143 1250/1250/1250 144/144/144
f 143/143/143 828/828/828 1250/1250/1250
f 1251/1251/1251 547/547/547 544/544/544
f 1252/1252/1252 547/547/547 1251/1251/1251
f 1253/1253/1253 891/891/891 1254/1254/1254
f 1253/1253/1253 1255/1255/1255 891/891/891
f 1256/1256/1256 1257/1257/1257 1258/1258/1258
f 1256/1256/1256 1259/1259/1259 1257/1257/1257
f 115/115/115 1260/1260/1260 1261/1261/1261
f 1058/1058/1058 1260/1260/1260 115/115/115
f 1262/1262/1262 822/822/822 824/824/824
f 1263/1263/1263 822/822/822 1262/1262/1262
f 1264/1264/1264 362/362/362 1265/1265/1265
f 1264/1264/1264 1266/1266/1266 362/362/362
f 1267/1267/1267 289/289/289 291/291/291
f 1267/1267/1267 1268/1268/1268 289/289/289
f 1269/1269/1269 1270/1270/1270 1271/1271/1271
f 1269/1269/1269 1272/1272/1272 1270/1270/1270
f 1273/1273/1273 55/55/55 997/997/997
f 1274/1274/1274 1275/1275/1275 1276/1276/1276
f 1277/1277/1277 1275/1275/1275 1274/1274/1274
f 1278/1278/1278 1139/1139/1139 1279/1279/1279
f 613/613/613 1139/1139/1139 1278/1278/1278
f 47/47/47 1280/1280/1280 1281/1281/1281
f 1282/1282/1282 1283/1283/1283 341/341/341
f 1284/1284/1284 1283/1283/1283 1282/1282/1282
f 47/47/47 272/272/272 271/271/271
f 200/200/200 1285/1285/1285 201/201/201
f 200/200/200 1286/1286/1286 1285/1285/1285
f 1287/1287/1287 1288/1288/1288 1289/1289/1289
f 1287/1287/1287 1290/1290/1290 1288/1288/1288
f 1291/1291/1291 1292/1292/1292 1293/1293/1293
f 1294/1294/1294 1292/1292/1292 1291/1291/1291
f 1295/1295/1295 993/993/993 1296/1296/1296
f 1297/1297/1297 993/993/993 1295/1295/1295
f 440/440/440 1298/1298/1298 1299/1299/1299
f 440/440/440 1048/1048/1048 1298/1298/1298
f 1300/1300/1300 43/43/43 45/45/45
f 268/268/268 409/409/409 269/269/269
f 268/268/268 1301/1301/1301 409/409/409
f 1301/1301/1301 43/43/43 1300/1300/1300
f 268/268/268 43/43/43 1301/1301/1301
f 47/47/47 1083/1083/1083 1302/1302/1302
f 1303/1303/1303 1304/1304/1304 1305/1305/1305
f 1306/1306/1306 1304/1304/1304 1303/1303/1303
f 1307/1307/1307 202/202/202 1308/1308/1308
f 1307/1307/1307 1309/1309/1309 202/202/202
f 1150/1150/1150 990/990/990 987/987/987
f 1150/1150/1150 1152/1152/1152 990/990/990
f 958/958/958 1310/1310/1310 1311/1311/1311
f 957/957/957 1310/1310/1310 958/958/958
f 1312/1312/1312 1313/1313/1313 1314/1314/1314
f 1315/1315/1315 1313/1313/1313 1312/1312/1312
f 1165/1165/1165 772/772/772 1084/1084/1084
f 523/523/523 772/772/772 1165/1165/1165
f 1316/1316/1316 1179/1179/1179 1317/1317/1317
f 1316/1316/1316 1181/1181/1181 1179/1179/1179
f 256/256/256 1318/1318/1318 1319/1319/1319
f 1320/1320/1320 1318/1318/1318 256/256/256
f 764/764/764 1321/1321/1321 1322/1322/1322
f 766/766/766 1321/1321/1321 764/764/764
f 1323/1323/1323 1324/1324/1324 1325/1325/1325
f 1323/1323/1323 1326/1326/1326 1324/1324/1324
f 1327/1327/1327 1328/1328/1328 123/123/123
f 1329/1329/1329 1328/1328/1328 1327/1327/1327
f 1330/1330/1330 55/55/55 1331/1331/1331
f 1332/1332/1332 1004/1004/1004 1333/1333/1333
f 1332/1332/1332 1007/1007/1007 1004/1004/1004
f 1334/1334/1334 1335/1335/1335 1336/1336/1336
f 1337/1337/1337 1335/1335/1335 1334/1334/1334
f 402/402/402 1338/1338/1338 1339/1339/1339
f 404/404/404 1338/1338/1338 402/402/402
f 1340/1340/1340 1341/1341/1341 1342/1342/1342
f 1340/1340/1340 1343/1343/1343 1341/1341/1341
f 1344/1344/1344 74/74/74 76/76/76
f 1344/1344/1344 1345/1345/1345 74/74/74
f 55/55/55 1346/1346/1346 1347/1347/1347
f 1348/1348/1348 168/168/168 165/165/165
f 1348/1348/1348 1349/1349/1349 168/168/168
f 1350/1350/1350 1202/1202/1202 1351/1351/1351
f 1203/1203/1203 1202/1202/1202 1350/1350/1350
f 1352/1352/1352 341/341/341 343/343/343
f 1282/1282/1282 341/341/341 1352/1352/1352
f 799/799/799 451/451/451 453/453/453
f 815/815/815 1353/1353/1353 799/799/799
f 1353/1353/1353 1354/1354/1354 799/799/799
f 1354/1354/1354 1355/1355/1355 799/799/799
f 1355/1355/1355 451/451/451 799/799/799
f 1356/1356/1356 1357/1357/1357 642/642/642
f 1356/1356/1356 1358/1358/1358 1357/1357/1357
f 1359/1359/1359 1360/1360/1360 1361/1361/1361
f 1359/1359/1359 1362/1362/1362 1360/1360/1360
f 1183/1183/1183 583/583/583 1244/1244/1244
f 584/584/584 583/583/583 1183/1183/1183
f 1363/1363/1363 1364/1364/1364 1365/1365/1365
f 1363/1363/1363 1366/1366/1366 1364/1364/1364
f 568/568/568 1367/1367/1367 566/566/566
f 1368/1368/1368 1367/1367/1367 568/568/568
f 1369/1369/1369 1370/1370/1370 1371/1371/1371
f 1369/1369/1369 1372/1372/1372 1370/1370/1370
f 828/828/828 1373/1373/1373 1374/1374/1374
f 512/512/512 1373/1373/1373 828/828/828
f 1375/1375/1375 1376/1376/1376 1377/1377/1377
f 1375/1375/1375 1378/1378/1378 1376/1376/1376
f 1379/1379/1379 1352/1352/1352 1380/1380/1380
f 1381/1381/1381 1352/1352/1352 1379/1379/1379
f 1382/1382/1382 1383/1383/1383 81/81/81
f 189/189/189 1383/1383/1383 1382/1382/1382
f 634/634/634 1384/1384/1384 1385/1385/1385
f 636/636/636 1384/1384/1384 634/634/634
f 1386/1386/1386 1387/1387/1387 1388/1388/1388
f 1389/1389/1389 1387/1387/1387 1386/1386/1386
f 698/698/698 734/734/734 1390/1390/1390
f 903/903/903 734/734/734 698/698/698
f 228/228/228 1037/1037/1037 1039/1039/1039
f 228/228/228 792/792/792 1037/1037/1037
f 643/643/643 1356/1356/1356 642/642/642
f 1391/1391/1391 1356/1356/1356 643/643/643
f 239/239/239 1392/1392/1392 242/242/242
f 788/788/788 1392/1392/1392 239/239/239
f 206/206/206 1393/1393/1393 207/207/207
f 206/206/206 664/664/664 1393/1393/1393
f 1394/1394/1394 1395/1395/1395 1396/1396/1396
f 1394/1394/1394 1397/1397/1397 1395/1395/1395
f 47/47/47 1398/1398/1398 1399/1399/1399
f 778/778/778 809/809/809 1400/1400/1400
f 780/780/780 809/809/809 778/778/778
f 1401/1401/1401 1402/1402/1402 1131/1131/1131
f 1401/1401/1401 1403/1403/1403 1402/1402/1402
f 47/47/47 283/283/283 1404/1404/1404
f 47/47/47 1405/1405/1405 1406/1406/1406
f 463/463/463 63/63/63 1407/1407/1407
f 463/463/463 66/66/66 63/63/63
f 1004/1004/1004 1335/1335/1335 1337/1337/1337
f 1004/1004/1004 1006/1006/1006 1335/1335/1335
f 1408/1408/1408 947/947/947 944/944/944
f 1408/1408/1408 1026/1026/1026 947/947/947
f 843/843/843 1403/1403/1403 1401/1401/1401
f 843/843/843 1409/1409/1409 1403/1403/1403
f 1410/1410/1410 581/581/581 1411/1411/1411
f 1410/1410/1410 1412/1412/1412 581/581/581
f 1413/1413/1413 1414/1414/1414 1415/1415/1415
f 1413/1413/1413 367/367/367 1414/1414/1414
f 47/47/47 1416/1416/1416 1417/1417/1417
f 1418/1418/1418 1419/1419/1419 1420/1420/1420
f 1418/1418/1418 1421/1421/1421 1419/1419/1419
f 949/949/949 1422/1422/1422 1423/1423/1423
f 949/949/949 1424/1424/1424 1422/1422/1422
f 1425/1425/1425 1426/1426/1426 1427/1427/1427
f 1425/1425/1425 1428/1428/1428 1426/1426/1426
f 1429/1429/1429 1430/1430/1430 1431/1431/1431
f 1429/1429/1429 1432/1432/1432 1430/1430/1430
f 1359/1359/1359 1433/1433/1433 1362/1362/1362
f 1434/1434/1434 1433/1433/1433 1359/1359/1359
f 1435/1435/1435 1436/1436/1436 1437/1437/1437
f 1438/1438/1438 1436/1436/1436 1435/1435/1435
f 1439/1439/1439 1440/1440/1440 1441/1441/1441
f 1442/1442/1442 1440/1440/1440 1439/1439/1439
f 993/993/993 1443/1443/1443 1296/1296/1296
f 993/993/993 992/992/992 1443/1443/1443
f 236/236/236 1444/1444/1444 237/237/237
f 236/236/236 1220/1220/1220 1444/1444/1444
f 1445/1445/1445 132/132/132 1446/1446/1446
f 1445/1445/1445 23/23/23 132/132/132
f 1447/1447/1447 1448/1448/1448 1449/1449/1449
f 1450/1450/1450 1448/1448/1448 1447/1447/1447
f 1451/1451/1451 1452/1452/1452 1453/1453/1453
f 1451/1451/1451 1454/1454/1454 1452/1452/1452
f 1455/1455/1455 1456/1456/1456 1457/1457/1457
f 1455/1455/1455 1458/1458/1458 1456/1456/1456
f 841/841/841 1459/1459/1459 839/839/839
f 935/935/935 1459/1459/1459 841/841/841
f 1460/1460/1460 1461/1461/1461 1462/1462/1462
f 840/840/840 1461/1461/1461 1460/1460/1460
f 1463/1463/1463 1464/1464/1464 1465/1465/1465
f 1466/1466/1466 1464/1464/1464 1463/1463/1463
f 536/536/536 810/810/810 537/537/537
f 536/536/536 390/390/390 810/810/810
f 1467/1467/1467 1468/1468/1468 1469/1469/1469
f 1467/1467/1467 1470/1470/1470 1468/1468/1468
f 1293/1293/1293 728/728/728 1269/1269/1269
f 1292/1292/1292 728/728/728 1293/1293/1293
f 1471/1471/1471 1472/1472/1472 1473/1473/1473
f 1471/1471/1471 1474/1474/1474 1472/1472/1472
f 1475/1475/1475 1476/1476/1476 1477/1477/1477
f 1478/1478/1478 1476/1476/1476 1475/1475/1475
f 1479/1479/1479 1223/1223/1223 1480/1480/1480
f 1479/1479/1479 1481/1481/1481 1223/1223/1223
f 1215/1215/1215 55/55/55 1482/1482/1482
f 1483/1483/1483 779/779/779 1484/1484/1484
f 1485/1485/1485 779/779/779 1483/1483/1483
f 1127/1127/1127 705/705/705 1130/1130/1130
f 706/706/706 705/705/705 1127/1127/1127
f 47/47/47 1486/1486/1486 1029/1029/1029
f 1487/1487/1487 630/630/630 1488/1488/1488
f 631/631/631 1060/1060/1060 1489/1489/1489
f 1061/1061/1061 630/630/630 1487/1487/1487
f 631/631/631 1061/1061/1061 1060/1060/1060
f 631/631/631 630/630/630 1061/1061/1061
f 47/47/47 569/569/569 107/107/107
f 1204/1204/1204 1490/1490/1490 1491/1491/1491
f 608/608/608 1490/1490/1490 1204/1204/1204
f 1492/1492/1492 1493/1493/1493 1494/1494/1494
f 1495/1495/1495 1496/1496/1496 1405/1405/1405
f 1492/1492/1492 1497/1497/1497 1493/1493/1493
f 1497/1497/1497 1496/1496/1496 1495/1495/1495
f 1492/1492/1492 1496/1496/1496 1497/1497/1497
f 192/192/192 493/493/493 193/193/193
f 192/192/192 496/496/496 493/493/493
f 55/55/55 1498/1498/1498 1114/1114/1114
f 1499/1499/1499 616/616/616 1500/1500/1500
f 617/617/617 616/616/616 1499/1499/1499
f 210/210/210 466/466/466 552/552/552
f 212/212/212 466/466/466 210/210/210
f 1266/1266/1266 360/360/360 362/362/362
f 1266/1266/1266 1501/1501/1501 360/360/360
f 47/47/47 1502/1502/1502 1503/1503/1503
f 663/663/663 1415/1415/1415 1504/1504/1504
f 665/665/665 1415/1415/1415 663/663/663
f 1505/1505/1505 335/335/335 337/337/337
f 1506/1506/1506 1507/1507/1507 1508/1508/1508
f 1506/1506/1506 1509/1509/1509 1507/1507/1507
f 1509/1509/1509 335/335/335 1505/1505/1505
f 1506/1506/1506 335/335/335 1509/1509/1509
f 1510/1510/1510 1511/1511/1511 1512/1512/1512
f 1513/1513/1513 1511/1511/1511 1510/1510/1510
f 971/971/971 375/375/375 1014/1014/1014
f 971/971/971 378/378/378 375/375/375
f 1514/1514/1514 347/347/347 1326/1326/1326
f 1514/1514/1514 345/345/345 347/347/347
f 1515/1515/1515 1516/1516/1516 1517/1517/1517
f 1518/1518/1518 1516/1516/1516 1515/1515/1515
f 1418/1418/1418 399/399/399 1421/1421/1421
f 1519/1519/1519 399/399/399 1418/1418/1418
f 321/321/321 1520/1520/1520 1521/1521/1521
f 321/321/321 323/323/323 1520/1520/1520
f 813/813/813 55/55/55 814/814/814
f 1141/1141/1141 1410/1410/1410 1522/1522/1522
f 1141/1141/1141 1523/1523/1523 1410/1410/1410
f 1524/1524/1524 746/746/746 1525/1525/1525
f 747/747/747 746/746/746 1524/1524/1524
f 55/55/55 1526/1526/1526 1527/1527/1527
f 1528/1528/1528 1275/1275/1275 1277/1277/1277
f 1528/1528/1528 1529/1529/1529 1275/1275/1275
f 1067/1067/1067 1530/1530/1530 1531/1531/1531
f 528/528/528 1530/1530/1530 1067/1067/1067
f 1532/1532/1532 1533/1533/1533 1534/1534/1534
f 1535/1535/1535 1533/1533/1533 1532/1532/1532
f 1536/1536/1536 882/882/882 30/30/30
f 1536/1536/1536 1537/1537/1537 882/882/882
f 304/304/304 368/368/368 370/370/370
f 304/304/304 306/306/306 368/368/368
f 1538/1538/1538 1192/1192/1192 1432/1432/1432
f 1538/1538/1538 1190/1190/1190 1192/1192/1192
f 1539/1539/1539 441/441/441 1540/1540/1540
f 1539/1539/1539 439/439/439 441/441/441
f 956/956/956 1541/1541/1541 774/774/774
f 956/956/956 958/958/958 1541/1541/1541
f 1542/1542/1542 1091/1091/1091 1543/1543/1543
f 1542/1542/1542 1093/1093/1093 1091/1091/1091
f 1544/1544/1544 1545/1545/1545 1546/1546/1546
f 960/960/960 1545/1545/1545 1544/1544/1544
f 897/897/897 1547/1547/1547 1548/1548/1548
f 897/897/897 1549/1549/1549 1547/1547/1547
f 719/719/719 73/73/73 717/717/717
f 719/719/719 76/76/76 73/73/73
f 1550/1550/1550 1341/1341/1341 1551/1551/1551
f 1342/1342/1342 1341/1341/1341 1550/1550/1550
f 94/94/94 1552/1552/1552 95/95/95
f 94/94/94 517/517/517 1552/1552/1552
f 1553/1553/1553 1554/1554/1554 1555/1555/1555
f 1553/1553/1553 1556/1556/1556 1554/1554/1554
f 47/47/47 1557/1557/1557 1558/1558/1558
f 1559/1559/1559 545/545/545 547/547/547
f 1559/1559/1559 1560/1560/1560 545/545/545
f 648/648/648 782/782/782 650/650/650
f 174/174/174 782/782/782 648/648/648
f 1561/1561/1561 1562/1562/1562 1563/1563/1563
f 520/520/520 1562/1562/1562 1561/1561/1561
f 55/55/55 1564/1564/1564 1565/1565/1565
f 1566/1566/1566 1567/1567/1567 1568/1568/1568
f 1566/1566/1566 1569/1569/1569 1567/1567/1567
f 1570/1570/1570 1014/1014/1014 1571/1571/1571
f 1570/1570/1570 971/971/971 1014/1014/1014
f 1572/1572/1572 1573/1573/1573 215/215/215
f 339/339/339 68/68/68 67/67/67
f 339/339/339 1574/1574/1574 68/68/68
f 1574/1574/1574 1573/1573/1573 1572/1572/1572
f 339/339/339 1573/1573/1573 1574/1574/1574
f 854/854/854 1575/1575/1575 852/852/852
f 854/854/854 1576/1576/1576 1575/1575/1575
f 361/361/361 1577/1577/1577 922/922/922
f 360/360/360 1577/1577/1577 361/361/361
f 298/298/298 1578/1578/1578 1579/1579/1579
f 297/297/297 1578/1578/1578 298/298/298
f 47/47/47 1580/1580/1580 1581/1581/1581
f 1582/1582/1582 1583/1583/1583 1576/1576/1576
f 1582/1582/1582 1584/1584/1584 1583/1583/1583
f 1585/1585/1585 1586/1586/1586 1587/1587/1587
f 1585/1585/1585 1160/1160/1160 1586/1586/1586
f 1588/1588/1588 55/55/55 994/994/994
f 1589/1589/1589 1590/1590/1590 1591/1591/1591
f 1592/1592/1592 1590/1590/1590 1589/1589/1589
f 1147/1147/1147 1070/1070/1070 1466/1466/1466
f 1068/1068/1068 1070/1070/1070 1147/1147/1147
f 1593/1593/1593 1594/1594/1594 1592/1592/1592
f 1595/1595/1595 1594/1594/1594 1593/1593/1593
f 1022/1022/1022 1596/1596/1596 1023/1023/1023
f 1022/1022/1022 1211/1211/1211 1596/1596/1596
f 1211/1211/1211 1597/1597/1597 1596/1596/1596
f 1597/1597/1597 1598/1598/1598 1596/1596/1596
f 1598/1598/1598 1599/1599/1599 1596/1596/1596
f 1600/1600/1600 505/505/505 808/808/808
f 1600/1600/1600 1601/1601/1601 505/505/505
f 47/47/47 1495/1495/1495 1405/1405/1405
f 1602/1602/1602 1603/1603/1603 1604/1604/1604
f 1602/1602/1602 1605/1605/1605 1603/1603/1603
f 21/21/21 1137/1137/1137 24/24/24
f 333/333/333 1137/1137/1137 21/21/21
f 1244/1244/1244 1606/1606/1606 1607/1607/1607
f 1244/1244/1244 1246/1246/1246 1606/1606/1606
f 966/966/966 711/711/711 967/967/967
f 966/966/966 1608/1608/1608 711/711/711
f 731/731/731 1375/1375/1375 732/732/732
f 731/731/731 1609/1609/1609 1375/1375/1375
f 1610/1610/1610 1611/1611/1611 1612/1612/1612
f 1610/1610/1610 1613/1613/1613 1611/1611/1611
f 836/836/836 1614/1614/1614 837/837/837
f 836/836/836 1615/1615/1615 1614/1614/1614
f 369/369/369 707/707/707 709/709/709
f 368/368/368 707/707/707 369/369/369
f 1616/1616/1616 1266/1266/1266 1264/1264/1264
f 1616/1616/1616 1617/1617/1617 1266/1266/1266
f 743/743/743 1618/1618/1618 1619/1619/1619
f 743/743/743 742/742/742 1618/1618/1618
f 511/511/511 1373/1373/1373 512/512/512
f 511/511/511 1620/1620/1620 1373/1373/1373
f 1621/1621/1621 1622/1622/1622 1623/1623/1623
f 1621/1621/1621 1624/1624/1624 1622/1622/1622
f 1625/1625/1625 1310/1310/1310 957/957/957
f 1625/1625/1625 1626/1626/1626 1310/1310/1310
f 729/729/729 522/522/522 1272/1272/1272
f 729/729/729 1627/1627/1627 522/522/522
f 1319/1319/1319 1628/1628/1628 1629/1629/1629
f 1319/1319/1319 1630/1630/1630 1628/1628/1628
f 1631/1631/1631 55/55/55 1632/1632/1632
f 1633/1633/1633 758/758/758 1634/1634/1634
f 759/759/759 758/758/758 1633/1633/1633
f 1635/1635/1635 1636/1636/1636 1637/1637/1637
f 1635/1635/1635 1638/1638/1638 1636/1636/1636
f 1639/1639/1639 1640/1640/1640 1641/1641/1641
f 1639/1639/1639 1642/1642/1642 1640/1640/1640
f 47/47/47 1643/1643/1643 793/793/793
f 47/47/47 1572/1572/1572 215/215/215
f 1644/1644/1644 363/363/363 365/365/365
f 1645/1645/1645 363/363/363 1644/1644/1644
f 407/407/407 431/431/431 1646/1646/1646
f 406/406/406 431/431/431 407/407/407
f 1647/1647/1647 1648/1648/1648 1649/1649/1649
f 1650/1650/1650 1648/1648/1648 1647/1647/1647
f 1651/1651/1651 1142/1142/1142 614/614/614
f 1651/1651/1651 1652/1652/1652 1142/1142/1142
f 1653/1653/1653 1654/1654/1654 1655/1655/1655
f 1656/1656/1656 1654/1654/1654 1653/1653/1653
f 771/771/771 1085/1085/1085 772/772/772
f 771/771/771 1657/1657/1657 1085/1085/1085
f 1658/1658/1658 1101/1101/1101 1659/1659/1659
f 1102/1102/1102 1101/1101/1101 1658/1658/1658
f 1660/1660/1660 1661/1661/1661 1662/1662/1662
f 1660/1660/1660 1663/1663/1663 1661/1661/1661
f 798/798/798 1664/1664/1664 1665/1665/1665
f 1666/1666/1666 1664/1664/1664 798/798/798
f 441/441/441 1299/1299/1299 1667/1667/1667
f 441/441/441 440/440/440 1299/1299/1299
f 1668/1668/1668 1669/1669/1669 596/596/596
f 1670/1670/1670 1669/1669/1669 1668/1668/1668
f 1607/1607/1607 1669/1669/1669 1670/1670/1670
f 1607/1607/1607 1606/1606/1606 1669/1669/1669
f 1671/1671/1671 1672/1672/1672 1673/1673/1673
f 1674/1674/1674 1672/1672/1672 1671/1671/1671
f 55/55/55 1675/1675/1675 1676/1676/1676
f 1677/1677/1677 1678/1678/1678 1679/1679/1679
f 1677/1677/1677 1475/1475/1475 1678/1678/1678
f 1286/1286/1286 1179/1179/1179 1680/1680/1680
f 1317/1317/1317 1179/1179/1179 1286/1286/1286
f 1176/1176/1176 1681/1681/1681 222/222/222
f 1176/1176/1176 1682/1682/1682 1681/1681/1681
f 1683/1683/1683 1684/1684/1684 1685/1685/1685
f 671/671/671 1686/1686/1686 1687/1687/1687
f 671/671/671 1688/1688/1688 1686/1686/1686
f 1688/1688/1688 1684/1684/1684 1683/1683/1683
f 671/671/671 1684/1684/1684 1688/1688/1688
f 1689/1689/1689 1690/1690/1690 1691/1691/1691
f 1692/1692/1692 1690/1690/1690 1689/1689/1689
f 1693/1693/1693 1694/1694/1694 1695/1695/1695
f 1696/1696/1696 1694/1694/1694 1693/1693/1693
f 444/444/444 613/613/613 1278/1278/1278
f 446/446/446 613/613/613 444/444/444
f 1697/1697/1697 1698/1698/1698 1699/1699/1699
f 1700/1700/1700 1698/1698/1698 1697/1697/1697
f 774/774/774 770/770/770 775/775/775
f 774/774/774 1541/1541/1541 770/770/770
f 1414/1414/1414 1701/1701/1701 1702/1702/1702
f 1414/1414/1414 1703/1703/1703 1701/1701/1701
f 709/709/709 1704/1704/1704 1705/1705/1705
f 709/709/709 708/708/708 1704/1704/1704
f 1706/1706/1706 1418/1418/1418 1420/1420/1420
f 1707/1707/1707 1418/1418/1418 1706/1706/1706
f 73/73/73 1708/1708/1708 1709/1709/1709
f 73/73/73 75/75/75 1708/1708/1708
f 767/767/767 853/853/853 1710/1710/1710
f 767/767/767 769/769/769 853/853/853
f 1711/1711/1711 1712/1712/1712 1713/1713/1713
f 1714/1714/1714 1712/1712/1712 1711/1711/1711
f 1715/1715/1715 1716/1716/1716 1717/1717/1717
f 1715/1715/1715 700/700/700 1716/1716/1716
f 1718/1718/1718 55/55/55 1719/1719/1719
f 736/736/736 895/895/895 1720/1720/1720
f 736/736/736 975/975/975 895/895/895
f 1721/1721/1721 753/753/753 1722/1722/1722
f 1721/1721/1721 730/730/730 753/753/753
f 626/626/626 1723/1723/1723 624/624/624
f 1724/1724/1724 1723/1723/1723 626/626/626
f 397/397/397 1725/1725/1725 400/400/400
f 1726/1726/1726 1725/1725/1725 397/397/397
f 395/395/395 158/158/158 1727/1727/1727
f 159/159/159 158/158/158 395/395/395
f 1684/1684/1684 1728/1728/1728 1729/1729/1729
f 1730/1730/1730 1728/1728/1728 1684/1684/1684
f 765/765/765 1149/1149/1149 502/502/502
f 765/765/765 764/764/764 1149/1149/1149
f 1731/1731/1731 1095/1095/1095 1732/1732/1732
f 1731/1731/1731 1096/1096/1096 1095/1095/1095
f 1733/1733/1733 1734/1734/1734 1735/1735/1735
f 1736/1736/1736 1734/1734/1734 1733/1733/1733
f 801/801/801 1737/1737/1737 1425/1425/1425
f 805/805/805 1738/1738/1738 801/801/801
f 1738/1738/1738 1739/1739/1739 801/801/801
f 1739/1739/1739 1740/1740/1740 801/801/801
f 1740/1740/1740 1737/1737/1737 801/801/801
f 979/979/979 1741/1741/1741 1742/1742/1742
f 978/978/978 1741/1741/1741 979/979/979
f 1743/1743/1743 1252/1252/1252 1744/1744/1744
f 1743/1743/1743 1745/1745/1745 1252/1252/1252
f 443/443/443 612/612/612 446/446/446
f 1746/1746/1746 612/612/612 443/443/443
f 1339/1339/1339 1747/1747/1747 1748/1748/1748
f 1338/1338/1338 1747/1747/1747 1339/1339/1339
f 1749/1749/1749 553/553/553 1750/1750/1750
f 1749/1749/1749 556/556/556 553/553/553
f 721/721/721 1751/1751/1751 722/722/722
f 721/721/721 1752/1752/1752 1751/1751/1751
f 630/630/630 294/294/294 153/153/153
f 632/632/632 294/294/294 630/630/630
f 180/180/180 539/539/539 178/178/178
f 180/180/180 1753/1753/1753 539/539/539
f 1754/1754/1754 129/129/129 131/131/131
f 1754/1754/1754 1667/1667/1667 129/129/129
f 47/47/47 1755/1755/1755 1756/1756/1756
f 47/47/47 1757/1757/1757 1758/1758/1758
f 1759/1759/1759 720/720/720 1760/1760/1760
f 1759/1759/1759 723/723/723 720/720/720
f 55/55/55 1761/1761/1761 1331/1331/1331
f 114/114/114 1762/1762/1762 1763/1763/1763
f 114/114/114 113/113/113 1762/1762/1762
f 414/414/414 704/704/704 706/706/706
f 416/416/416 704/704/704 414/414/414
f 1764/1764/1764 1765/1765/1765 1766/1766/1766
f 1764/1764/1764 1767/1767/1767 1765/1765/1765
f 1768/1768/1768 1769/1769/1769 317/317/317
f 1770/1770/1770 1771/1771/1771 1768/1768/1768
f 1771/1771/1771 1772/1772/1772 1768/1768/1768
f 1772/1772/1772 1773/1773/1773 1768/1768/1768
f 1773/1773/1773 1769/1769/1769 1768/1768/1768
f 1774/1774/1774 1775/1775/1775 1776/1776/1776
f 1777/1777/1777 1775/1775/1775 1774/1774/1774
f 1538/1538/1538 1482/1482/1482 1190/1190/1190
f 232/232/232 1778/1778/1778 1538/1538/1538
f 1778/1778/1778 1214/1214/1214 1538/1538/1538
f 1214/1214/1214 1215/1215/1215 1538/1538/1538
f 1215/1215/1215 1482/1482/1482 1538/1538/1538
f 1779/1779/1779 1780/1780/1780 1781/1781/1781
f 1779/1779/1779 284/284/284 1780/1780/1780
f 1782/1782/1782 1614/1614/1614 1736/1736/1736
f 837/837/837 1614/1614/1614 1782/1782/1782
f 427/427/427 36/36/36 1783/1783/1783
f 427/427/427 39/39/39 36/36/36
f 332/332/332 1784/1784/1784 1135/1135/1135
f 1785/1785/1785 1784/1784/1784 332/332/332
f 835/835/835 1782/1782/1782 1786/1786/1786
f 835/835/835 837/837/837 1782/1782/1782
f 1787/1787/1787 1788/1788/1788 1726/1726/1726
f 754/754/754 1788/1788/1788 1787/1787/1787
f 477/477/477 1789/1789/1789 475/475/475
f 1790/1790/1790 1789/1789/1789 477/477/477
f 55/55/55 1791/1791/1791 1792/1792/1792
f 946/946/946 1198/1198/1198 1793/1793/1793
f 946/946/946 945/945/945 1198/1198/1198
f 1137/1137/1137 1794/1794/1794 24/24/24
f 1137/1137/1137 1136/1136/1136 1794/1794/1794
f 1795/1795/1795 1796/1796/1796 1797/1797/1797
f 1038/1038/1038 1796/1796/1796 1795/1795/1795
f 1512/1512/1512 912/912/912 1798/1798/1798
f 1512/1512/1512 1799/1799/1799 912/912/912
f 1800/1800/1800 1801/1801/1801 1802/1802/1802
f 1803/1803/1803 1801/1801/1801 1800/1800/1800
f 1804/1804/1804 1805/1805/1805 1806/1806/1806
f 1807/1807/1807 1805/1805/1805 1804/1804/1804
f 1808/1808/1808 1571/1571/1571 1809/1809/1809
f 1808/1808/1808 1570/1570/1570 1571/1571/1571
f 1199/1199/1199 1662/1662/1662 1200/1200/1200
f 1199/1199/1199 1660/1660/1660 1662/1662/1662
f 1810/1810/1810 1811/1811/1811 1812/1812/1812
f 1810/1810/1810 1813/1813/1813 1811/1811/1811
f 1652/1652/1652 1814/1814/1814 1815/1815/1815
f 1816/1816/1816 1814/1814/1814 1652/1652/1652
f 47/47/47 1817/1817/1817 1818/1818/1818
f 1819/1819/1819 1820/1820/1820 1821/1821/1821
f 1822/1822/1822 1823/1823/1823 1819/1819/1819
f 1823/1823/1823 1824/1824/1824 1819/1819/1819
f 1824/1824/1824 1825/1825/1825 1819/1819/1819
f 1825/1825/1825 1820/1820/1820 1819/1819/1819
f 1826/1826/1826 1359/1359/1359 1827/1827/1827
f 1826/1826/1826 1434/1434/1434 1359/1359/1359
f 1828/1828/1828 1829/1829/1829 1830/1830/1830
f 1831/1831/1831 1829/1829/1829 1828/1828/1828
f 1452/1452/1452 1445/1445/1445 1832/1832/1832
f 1452/1452/1452 1833/1833/1833 1445/1445/1445
f 1028/1028/1028 1834/1834/1834 1287/1287/1287
f 1835/1835/1835 1834/1834/1834 1028/1028/1028
f 527/527/527 1530/1530/1530 528/528/528
f 527/527/527 1164/1164/1164 1530/1530/1530
f 438/438/438 903/903/903 698/698/698
f 904/904/904 903/903/903 438/438/438
f 364/364/364 1753/1753/1753 180/180/180
f 364/364/364 1836/1836/1836 1753/1753/1753
f 1429/1429/1429 1538/1538/1538 1432/1432/1432
f 1837/1837/1837 1538/1538/1538 1429/1429/1429
f 1692/1692/1692 1427/1427/1427 1690/1690/1690
f 1838/1838/1838 1427/1427/1427 1692/1692/1692
f 1839/1839/1839 556/556/556 1749/1749/1749
f 1839/1839/1839 1158/1158/1158 556/556/556
f 407/407/407 1840/1840/1840 1841/1841/1841
f 407/407/407 1646/1646/1646 1840/1840/1840
f 1490/1490/1490 265/265/265 1842/1842/1842
f 263/263/263 265/265/265 1490/1490/1490
f 1099/1099/1099 1843/1843/1843 1844/1844/1844
f 1845/1845/1845 1843/1843/1843 1099/1099/1099
f 1846/1846/1846 240/240/240 1847/1847/1847
f 241/241/241 1002/1002/1002 1848/1848/1848
f 1003/1003/1003 240/240/240 1846/1846/1846
f 241/241/241 1003/1003/1003 1002/1002/1002
f 241/241/241 240/240/240 1003/1003/1003
f 1849/1849/1849 1850/1850/1850 1851/1851/1851
f 1311/1311/1311 1850/1850/1850 1849/1849/1849
f 1852/1852/1852 1270/1270/1270 1853/1853/1853
f 1271/1271/1271 1270/1270/1270 1852/1852/1852
f 1431/1431/1431 1854/1854/1854 1855/1855/1855
f 1431/1431/1431 1430/1430/1430 1854/1854/1854
f 1240/1240/1240 1856/1856/1856 1857/1857/1857
f 1240/1240/1240 1242/1242/1242 1856/1856/1856
f 47/47/47 46/46/46 40/40/40
f 47/47/47 1858/1858/1858 1859/1859/1859
f 1860/1860/1860 1861/1861/1861 1862/1862/1862
f 1860/1860/1860 692/692/692 1861/1861/1861
f 928/928/928 55/55/55 929/929/929
f 1863/1863/1863 1269/1269/1269 1271/1271/1271
f 1293/1293/1293 1269/1269/1269 1863/1863/1863
f 630/630/630 1864/1864/1864 1488/1488/1488
f 827/827/827 153/153/153 155/155/155
f 826/826/826 153/153/153 827/827/827
f 630/630/630 826/826/826 1864/1864/1864
f 630/630/630 153/153/153 826/826/826
f 47/47/47 1865/1865/1865 1866/1866/1866
f 1751/1751/1751 1000/1000/1000 1867/1867/1867
f 1751/1751/1751 998/998/998 1000/1000/1000
f 1410/1410/1410 69/69/69 1412/1412/1412
f 1523/1523/1523 69/69/69 1410/1410/1410
f 1868/1868/1868 1000/1000/1000 1869/1869/1869
f 1867/1867/1867 1000/1000/1000 1868/1868/1868
f 606/606/606 1204/1204/1204 1201/1201/1201
f 606/606/606 608/608/608 1204/1204/1204
f 1870/1870/1870 1871/1871/1871 1872/1872/1872
f 1870/1870/1870 1873/1873/1873 1871/1871/1871
f 1153/1153/1153 1874/1874/1874 1151/1151/1151
f 1163/1163/1163 1874/1874/1874 1153/1153/1153
f 542/542/542 1875/1875/1875 383/383/383
f 1213/1213/1213 1875/1875/1875 542/542/542
f 659/659/659 1876/1876/1876 689/689/689
f 659/659/659 1877/1877/1877 1876/1876/1876
f 1878/1878/1878 878/878/878 1879/1879/1879
f 1880/1880/1880 878/878/878 1878/1878/1878
f 47/47/47 559/559/559 1881/1881/1881
f 1553/1553/1553 1882/1882/1882 1556/1556/1556
f 1883/1883/1883 1882/1882/1882 1553/1553/1553
f 1884/1884/1884 1372/1372/1372 1369/1369/1369
f 1884/1884/1884 1885/1885/1885 1372/1372/1372
f 1886/1886/1886 944/944/944 946/946/946
f 1887/1887/1887 944/944/944 1886/1886/1886
f 1888/1888/1888 1889/1889/1889 1890/1890/1890
f 1888/1888/1888 1891/1891/1891 1889/1889/1889
f 47/47/47 1892/1892/1892 1893/1893/1893
f 1708/1708/1708 1379/1379/1379 1161/1161/1161
f 75/75/75 1379/1379/1379 1708/1708/1708
f 1894/1894/1894 914/914/914 1895/1895/1895
f 915/915/915 914/914/914 1894/1894/1894
f 1725/1725/1725 1350/1350/1350 400/400/400
f 1725/1725/1725 1203/1203/1203 1350/1350/1350
f 1896/1896/1896 1897/1897/1897 1898/1898/1898
f 1899/1899/1899 1897/1897/1897 1896/1896/1896
f 1900/1900/1900 1901/1901/1901 1902/1902/1902
f 1900/1900/1900 1903/1903/1903 1901/1901/1901
f 209/209/209 467/467/467 212/212/212
f 1904/1904/1904 467/467/467 209/209/209
f 1575/1575/1575 1905/1905/1905 1906/1906/1906
f 1575/1575/1575 1907/1907/1907 1905/1905/1905
f 1908/1908/1908 1909/1909/1909 1910/1910/1910
f 1911/1911/1911 1909/1909/1909 1908/1908/1908
f 1912/1912/1912 823/823/823 1913/1913/1913
f 824/824/824 823/823/823 1912/1912/1912
f 495/495/495 1914/1914/1914 1915/1915/1915
f 495/495/495 1105/1105/1105 1914/1914/1914
f 1562/1562/1562 1768/1768/1768 1075/1075/1075
f 1916/1916/1916 1768/1768/1768 1562/1562/1562
f 322/322/322 1917/1917/1917 1918/1918/1918
f 1919/1919/1919 1917/1917/1917 322/322/322
f 1920/1920/1920 1371/1371/1371 1921/1921/1921
f 1920/1920/1920 1369/1369/1369 1371/1371/1371
f 482/482/482 1922/1922/1922 1923/1923/1923
f 482/482/482 484/484/484 1922/1922/1922
f 1191/1191/1191 915/915/915 1924/1924/1924
f 1191/1191/1191 913/913/913 915/915/915
f 1925/1925/1925 1926/1926/1926 1927/1927/1927
f 1925/1925/1925 513/513/513 1926/1926/1926
f 55/55/55 1928/1928/1928 1929/1929/1929
f 1930/1930/1930 1931/1931/1931 1932/1932/1932
f 1933/1933/1933 1934/1934/1934 1930/1930/1930
f 1934/1934/1934 1935/1935/1935 1930/1930/1930
f 1935/1935/1935 1936/1936/1936 1930/1930/1930
f 1936/1936/1936 1931/1931/1931 1930/1930/1930
f 1937/1937/1937 1938/1938/1938 1939/1939/1939
f 1940/1940/1940 1938/1938/1938 1937/1937/1937
f 938/938/938 1941/1941/1941 941/941/941
f 1942/1942/1942 1941/1941/1941 938/938/938
f 98/98/98 407/407/407 1841/1841/1841
f 405/405/405 407/407/407 98/98/98
f 1943/1943/1943 1944/1944/1944 72/72/72
f 1945/1945/1945 1944/1944/1944 1943/1943/1943
f 316/316/316 1946/1946/1946 314/314/314
f 316/316/316 1947/1947/1947 1946/1946/1946
f 1499/1499/1499 1948/1948/1948 1698/1698/1698
f 1499/1499/1499 1500/1500/1500 1948/1948/1948
f 427/427/427 1949/1949/1949 39/39/39
f 429/429/429 1949/1949/1949 427/427/427
f 1324/1324/1324 347/347/347 12/12/12
f 1326/1326/1326 347/347/347 1324/1324/1324
f 1950/1950/1950 789/789/789 790/790/790
f 1950/1950/1950 386/386/386 789/789/789
f 47/47/47 1951/1951/1951 1952/1952/1952
f 456/456/456 55/55/55 457/457/457
f 1953/1953/1953 1954/1954/1954 948/948/948
f 679/679/679 1955/1955/1955 1953/1953/1953
f 1955/1955/1955 1956/1956/1956 1953/1953/1953
f 1956/1956/1956 1957/1957/1957 1953/1953/1953
f 1957/1957/1957 1954/1954/1954 1953/1953/1953
f 636/636/636 1958/1958/1958 1384/1384/1384
f 1959/1959/1959 1960/1960/1960 636/636/636
f 1960/1960/1960 1961/1961/1961 636/636/636
f 1961/1961/1961 1962/1962/1962 636/636/636
f 1962/1962/1962 1958/1958/1958 636/636/636
f 1611/1611/1611 1651/1651/1651 1963/1963/1963
f 1611/1611/1611 1964/1964/1964 1651/1651/1651
f 1291/1291/1291 1863/1863/1863 1383/1383/1383
f 1291/1291/1291 1293/1293/1293 1863/1863/1863
f 1795/1795/1795 1965/1965/1965 1966/1966/1966
f 1795/1795/1795 1797/1797/1797 1965/1965/1965
f 296/296/296 1967/1967/1967 1968/1968/1968
f 296/296/296 298/298/298 1967/1967/1967
f 203/203/203 1969/1969/1969 1970/1970/1970
f 203/203/203 136/136/136 1969/1969/1969
f 1971/1971/1971 372/372/372 374/374/374
f 1971/1971/1971 1972/1972/1972 372/372/372
f 1973/1973/1973 1722/1722/1722 921/921/921
f 1973/1973/1973 1721/1721/1721 1722/1722/1722
f 985/985/985 1974/1974/1974 1975/1975/1975
f 985/985/985 234/234/234 1974/1974/1974
f 1976/1976/1976 1977/1977/1977 1978/1978/1978
f 1979/1979/1979 1977/1977/1977 1976/1976/1976
f 1299/1299/1299 1980/1980/1980 1981/1981/1981
f 1299/1299/1299 1298/1298/1298 1980/1980/1980
f 385/385/385 1591/1591/1591 461/461/461
f 1589/1589/1589 1591/1591/1591 385/385/385
f 47/47/47 1982/1982/1982 1983/1983/1983
f 1984/1984/1984 1345/1345/1345 1344/1344/1344
f 1984/1984/1984 1968/1968/1968 1345/1345/1345
f 871/871/871 1479/1479/1479 1480/1480/1480
f 870/870/870 1479/1479/1479 871/871/871
f 1977/1977/1977 1985/1985/1985 1986/1986/1986
f 1987/1987/1987 1985/1985/1985 1977/1977/1977
f 1169/1169/1169 1988/1988/1988 1167/1167/1167
f 1989/1989/1989 1988/1988/1988 1169/1169/1169
f 1279/1279/1279 1990/1990/1990 1991/1991/1991
f 1279/1279/1279 1522/1522/1522 1990/1990/1990
f 1992/1992/1992 1993/1993/1993 1994/1994/1994
f 1995/1995/1995 1993/1993/1993 1992/1992/1992
f 923/923/923 661/661/661 658/658/658
f 923/923/923 1996/1996/1996 661/661/661
f 55/55/55 1960/1960/1960 1959/1959/1959
f 1997/1997/1997 1998/1998/1998 1608/1608/1608
f 1997/1997/1997 1641/1641/1641 1998/1998/1998
f 1999/1999/1999 688/688/688 2000/2000/2000
f 1999/1999/1999 660/660/660 688/688/688
f 2001/2001/2001 675/675/675 2002/2002/2002
f 676/676/676 675/675/675 2001/2001/2001
f 1313/1313/1313 1277/1277/1277 1314/1314/1314
f 1313/1313/1313 1528/1528/1528 1277/1277/1277
f 2003/2003/2003 2004/2004/2004 2005/2005/2005
f 2003/2003/2003 2006/2006/2006 2004/2004/2004
f 2007/2007/2007 1857/1857/1857 2008/2008/2008
f 2009/2009/2009 1857/1857/1857 2007/2007/2007
f 1573/1573/1573 216/216/216 215/215/215
f 1952/1952/1952 32/32/32 34/34/34
f 1573/1573/1573 1951/1951/1951 216/216/216
f 1951/1951/1951 32/32/32 1952/1952/1952
f 1573/1573/1573 32/32/32 1951/1951/1951
f 1063/1063/1063 2010/2010/2010 1064/1064/1064
f 1063/1063/1063 2011/2011/2011 2010/2010/2010
f 2012/2012/2012 2013/2013/2013 2014/2014/2014
f 2015/2015/2015 2013/2013/2013 2012/2012/2012
f 2016/2016/2016 2017/2017/2017 2018/2018/2018
f 2016/2016/2016 2019/2019/2019 2017/2017/2017
f 2020/2020/2020 1005/1005/1005 1007/1007/1007
f 2020/2020/2020 2021/2021/2021 1005/1005/1005
f 47/47/47 2022/2022/2022 2023/2023/2023
f 2024/2024/2024 2025/2025/2025 2026/2026/2026
f 2024/2024/2024 1711/1711/1711 2025/2025/2025
f 1805/1805/1805 969/969/969 1806/1806/1806
f 1805/1805/1805 1265/1265/1265 969/969/969
f 2027/2027/2027 878/878/878 1880/1880/1880
f 2027/2027/2027 876/876/876 878/878/878
f 2028/2028/2028 546/546/546 2029/2029/2029
f 544/544/544 546/546/546 2028/2028/2028
f 1599/1599/1599 1226/1226/1226 1596/1596/1596
f 1599/1599/1599 2030/2030/2030 1226/1226/1226
f 2030/2030/2030 1098/1098/1098 1226/1226/1226
f 1098/1098/1098 1097/1097/1097 1226/1226/1226
f 1097/1097/1097 1224/1224/1224 1226/1226/1226
f 2031/2031/2031 1367/1367/1367 1368/1368/1368
f 2031/2031/2031 2032/2032/2032 1367/1367/1367
f 2033/2033/2033 88/88/88 2034/2034/2034
f 2033/2033/2033 2035/2035/2035 88/88/88
f 2036/2036/2036 2037/2037/2037 2038/2038/2038
f 2036/2036/2036 1827/1827/1827 2037/2037/2037
f 1614/1614/1614 1734/1734/1734 1736/1736/1736
f 1614/1614/1614 1653/1653/1653 1734/1734/1734
f 2039/2039/2039 2040/2040/2040 2041/2041/2041
f 2039/2039/2039 1604/1604/1604 2040/2040/2040
f 2042/2042/2042 1035/1035/1035 1032/1032/1032
f 245/245/245 1035/1035/1035 2042/2042/2042
f 1839/1839/1839 1206/1206/1206 1158/1158/1158
f 1205/1205/1205 1206/1206/1206 1839/1839/1839
f 2043/2043/2043 2044/2044/2044 2045/2045/2045
f 2043/2043/2043 2046/2046/2046 2044/2044/2044
f 2047/2047/2047 620/620/620 622/622/622
f 2047/2047/2047 2048/2048/2048 620/620/620
f 217/217/217 55/55/55 761/761/761
f 2049/2049/2049 128/128/128 2050/2050/2050
f 2049/2049/2049 131/131/131 128/128/128
f 1861/1861/1861 691/691/691 1602/1602/1602
f 692/692/692 691/691/691 1861/1861/1861
f 2051/2051/2051 1828/1828/1828 2052/2052/2052
f 2051/2051/2051 1831/1831/1831 1828/1828/1828
f 1526/1526/1526 55/55/55 2053/2053/2053
f 55/55/55 2054/2054/2054 2055/2055/2055
f 2056/2056/2056 458/458/458 2057/2057/2057
f 2058/2058/2058 458/458/458 2056/2056/2056
f 1938/1938/1938 2059/2059/2059 1939/1939/1939
f 1938/1938/1938 2060/2060/2060 2059/2059/2059
f 1996/1996/1996 1551/1551/1551 1332/1332/1332
f 1550/1550/1550 1551/1551/1551 1996/1996/1996
f 1990/1990/1990 1458/1458/1458 1455/1455/1455
f 1990/1990/1990 1411/1411/1411 1458/1458/1458
f 1262/1262/1262 1912/1912/1912 2061/2061/2061
f 1262/1262/1262 824/824/824 1912/1912/1912
f 2062/2062/2062 2063/2063/2063 2064/2064/2064
f 1701/1701/1701 2063/2063/2063 2062/2062/2062
f 331/331/331 21/21/21 1833/1833/1833
f 331/331/331 333/333/333 21/21/21
f 257/257/257 2065/2065/2065 1079/1079/1079
f 257/257/257 1629/1629/1629 2065/2065/2065
f 2066/2066/2066 2067/2067/2067 1757/1757/1757
f 2068/2068/2068 2069/2069/2069 1818/1818/1818
f 2070/2070/2070 2067/2067/2067 2066/2066/2066
f 2068/2068/2068 2070/2070/2070 2069/2069/2069
f 2068/2068/2068 2067/2067/2067 2070/2070/2070
f 2071/2071/2071 55/55/55 434/434/434
f 522/522/522 2072/2072/2072 525/525/525
f 1627/1627/1627 2072/2072/2072 522/522/522
f 1980/1980/1980 300/300/300 1470/1470/1470
f 1980/1980/1980 303/303/303 300/300/300
f 47/47/47 2073/2073/2073 2074/2074/2074
f 1374/1374/1374 288/288/288 2075/2075/2075
f 1373/1373/1373 288/288/288 1374/1374/1374
f 2076/2076/2076 2077/2077/2077 548/548/548
f 2076/2076/2076 2078/2078/2078 2077/2077/2077
f 905/905/905 2079/2079/2079 737/737/737
f 2080/2080/2080 2079/2079/2079 905/905/905
f 360/360/360 2081/2081/2081 1577/1577/1577
f 1501/1501/1501 2081/2081/2081 360/360/360
f 289/289/289 2082/2082/2082 290/290/290
f 289/289/289 2083/2083/2083 2082/2082/2082
f 789/789/789 388/388/388 530/530/530
f 386/386/386 388/388/388 789/789/789
f 2084/2084/2084 1169/1169/1169 1166/1166/1166
f 2085/2085/2085 1169/1169/1169 2084/2084/2084
f 2086/2086/2086 2087/2087/2087 2088/2088/2088
f 2053/2053/2053 2089/2089/2089 2086/2086/2086
f 2089/2089/2089 2090/2090/2090 2086/2086/2086
f 2090/2090/2090 2091/2091/2091 2086/2086/2086
f 2091/2091/2091 2087/2087/2087 2086/2086/2086
f 47/47/47 2092/2092/2092 2093/2093/2093
f 2094/2094/2094 356/356/356 2095/2095/2095
f 357/357/357 356/356/356 2094/2094/2094
f 171/171/171 1999/1999/1999 875/875/875
f 171/171/171 170/170/170 1999/1999/1999
f 2096/2096/2096 482/482/482 1923/1923/1923
f 2097/2097/2097 482/482/482 2096/2096/2096
f 2098/2098/2098 2078/2078/2078 2076/2076/2076
f 2098/2098/2098 2099/2099/2099 2078/2078/2078
f 51/51/51 2100/2100/2100 2101/2101/2101
f 2102/2102/2102 2100/2100/2100 51/51/51
f 191/191/191 652/652/652 2103/2103/2103
f 191/191/191 193/193/193 652/652/652
f 1436/1436/1436 2104/2104/2104 2105/2105/2105
f 1189/1189/1189 2104/2104/2104 1436/1436/1436
f 2072/2072/2072 2051/2051/2051 2052/2052/2052
f 2106/2106/2106 2051/2051/2051 2072/2072/2072
f 1821/1821/1821 2107/2107/2107 2108/2108/2108
f 1820/1820/1820 2109/2109/2109 1821/1821/1821
f 2109/2109/2109 2110/2110/2110 1821/1821/1821
f 2110/2110/2110 2111/2111/2111 1821/1821/1821
f 2111/2111/2111 2107/2107/2107 1821/1821/1821
f 1419/1419/1419 2112/2112/2112 2113/2113/2113
f 1421/1421/1421 2112/2112/2112 1419/1419/1419
f 1054/1054/1054 2114/2114/2114 1055/1055/1055
f 1054/1054/1054 2115/2115/2115 2114/2114/2114
f 796/796/796 535/535/535 2116/2116/2116
f 796/796/796 538/538/538 535/535/535
f 2117/2117/2117 784/784/784 2118/2118/2118
f 783/783/783 1399/1399/1399 1398/1398/1398
f 2119/2119/2119 784/784/784 2117/2117/2117
f 783/783/783 2119/2119/2119 1399/1399/1399
f 783/783/783 784/784/784 2119/2119/2119
f 47/47/47 337/337/337 336/336/336
f 2048/2048/2048 2120/2120/2120 620/620/620
f 2048/2048/2048 2121/2121/2121 2120/2120/2120
f 1898/1898/1898 898/898/898 325/325/325
f 1897/1897/1897 898/898/898 1898/1898/1898
f 2122/2122/2122 1780/1780/1780 389/389/389
f 1781/1781/1781 1780/1780/1780 2122/2122/2122
f 889/889/889 2123/2123/2123 890/890/890
f 889/889/889 2124/2124/2124 2123/2123/2123
f 2098/2098/2098 2125/2125/2125 2099/2099/2099
f 2126/2126/2126 2125/2125/2125 2098/2098/2098
f 2127/2127/2127 2128/2128/2128 1835/1835/1835
f 2129/2129/2129 2128/2128/2128 2127/2127/2127
f 1876/1876/1876 1337/1337/1337 1334/1334/1334
f 1877/1877/1877 1337/1337/1337 1876/1876/1876
f 1036/1036/1036 1795/1795/1795 2130/2130/2130
f 1036/1036/1036 1038/1038/1038 1795/1795/1795
f 2131/2131/2131 77/77/77 2132/2132/2132
f 2131/2131/2131 80/80/80 77/77/77
f 1567/1567/1567 2133/2133/2133 2134/2134/2134
f 1567/1567/1567 1623/1623/1623 2133/2133/2133
f 2135/2135/2135 2136/2136/2136 677/677/677
f 2135/2135/2135 1447/1447/1447 2136/2136/2136
f 1854/1854/1854 429/429/429 426/426/426
f 1854/1854/1854 2137/2137/2137 429/429/429
f 1937/1937/1937 2138/2138/2138 2139/2139/2139
f 1937/1937/1937 1939/1939/1939 2138/2138/2138
f 1812/1812/1812 2140/2140/2140 2141/2141/2141
f 1812/1812/1812 1811/1811/1811 2140/2140/2140
f 1646/1646/1646 371/371/371 1840/1840/1840
f 1646/1646/1646 374/374/374 371/371/371
f 1511/1511/1511 1932/1932/1932 2142/2142/2142
f 1930/1930/1930 1932/1932/1932 1511/1511/1511
f 697/697/697 2143/2143/2143 695/695/695
f 697/697/697 2050/2050/2050 2143/2143/2143
f 2144/2144/2144 2145/2145/2145 2146/2146/2146
f 2144/2144/2144 2147/2147/2147 2145/2145/2145
f 970/970/970 468/468/468 972/972/972
f 597/597/597 468/468/468 970/970/970
f 558/558/558 1881/1881/1881 559/559/559
f 2148/2148/2148 2149/2149/2149 2150/2150/2150
f 558/558/558 2151/2151/2151 1881/1881/1881
f 2151/2151/2151 2149/2149/2149 2148/2148/2148
f 558/558/558 2149/2149/2149 2151/2151/2151
f 649/649/649 1548/1548/1548 2152/2152/2152
f 650/650/650 1548/1548/1548 649/649/649
f 47/47/47 2153/2153/2153 2154/2154/2154
f 2155/2155/2155 1790/1790/1790 477/477/477
f 2156/2156/2156 1790/1790/1790 2155/2155/2155
f 1556/1556/1556 2157/2157/2157 1554/1554/1554
f 1556/1556/1556 2158/2158/2158 2157/2157/2157
f 224/224/224 1307/1307/1307 744/744/744
f 224/224/224 2159/2159/2159 1307/1307/1307
f 1885/1885/1885 952/952/952 2160/2160/2160
f 2161/2161/2161 952/952/952 1885/1885/1885
f 1283/1283/1283 2162/2162/2162 2163/2163/2163
f 2164/2164/2164 2162/2162/2162 1283/1283/1283
f 602/602/602 942/942/942 2165/2165/2165
f 602/602/602 604/604/604 942/942/942
f 1914/1914/1914 619/619/619 2166/2166/2166
f 1105/1105/1105 619/619/619 1914/1914/1914
f 2167/2167/2167 2144/2144/2144 2168/2168/2168
f 2167/2167/2167 1365/1365/1365 2144/2144/2144
f 2057/2057/2057 1169/1169/1169 2085/2085/2085
f 2057/2057/2057 1989/1989/1989 1169/1169/1169
f 319/319/319 147/147/147 149/149/149
f 319/319/319 318/318/318 147/147/147
f 1248/1248/1248 405/405/405 2169/2169/2169
f 1248/1248/1248 408/408/408 405/405/405
f 2170/2170/2170 1909/1909/1909 1911/1911/1911
f 2170/2170/2170 2171/2171/2171 1909/1909/1909
f 2172/2172/2172 2173/2173/2173 2174/2174/2174
f 2172/2172/2172 2175/2175/2175 2173/2173/2173
f 2175/2175/2175 2176/2176/2176 2173/2173/2173
f 2176/2176/2176 2177/2177/2177 2173/2173/2173
f 2177/2177/2177 2178/2178/2178 2173/2173/2173
f 1312/1312/1312 2067/2067/2067 2068/2068/2068
f 1312/1312/1312 1314/1314/1314 2067/2067/2067
f 2179/2179/2179 1185/1185/1185 1182/1182/1182
f 2014/2014/2014 1185/1185/1185 2179/2179/2179
f 978/978/978 1647/1647/1647 1741/1741/1741
f 2180/2180/2180 1647/1647/1647 978/978/978
f 1884/1884/1884 2161/2161/2161 1885/1885/1885
f 2181/2181/2181 2161/2161/2161 1884/1884/1884
f 1349/1349/1349 1636/1636/1636 2182/2182/2182
f 1637/1637/1637 1636/1636/1636 1349/1349/1349
f 1807/1807/1807 2183/2183/2183 1805/1805/1805
f 1640/1640/1640 2183/2183/2183 1807/1807/1807
f 47/47/47 2184/2184/2184 2185/2185/2185
f 1260/1260/1260 1188/1188/1188 1438/1438/1438
f 567/567/567 1188/1188/1188 1260/1260/1260
f 1358/1358/1358 296/296/296 1357/1357/1357
f 1358/1358/1358 299/299/299 296/296/296
f 1393/1393/1393 663/663/663 2186/2186/2186
f 664/664/664 663/663/663 1393/1393/1393
f 1123/1123/1123 721/721/721 723/723/723
f 1123/1123/1123 1125/1125/1125 721/721/721
f 673/673/673 2187/2187/2187 1730/1730/1730
f 2188/2188/2188 2187/2187/2187 673/673/673
f 1908/1908/1908 2189/2189/2189 2190/2190/2190
f 1908/1908/1908 1910/1910/1910 2189/2189/2189
f 27/27/27 984/984/984 986/986/986
f 27/27/27 26/26/26 984/984/984
f 2191/2191/2191 500/500/500 497/497/497
f 2191/2191/2191 1668/1668/1668 500/500/500
f 1139/1139/1139 1522/1522/1522 1279/1279/1279
f 1139/1139/1139 1141/1141/1141 1522/1522/1522
f 1609/1609/1609 2192/2192/2192 2193/2193/2193
f 2194/2194/2194 2192/2192/2192 1609/1609/1609
f 1086/1086/1086 2195/2195/2195 936/936/936
f 1085/1085/1085 2195/2195/2195 1086/1086/1086
f 2196/2196/2196 652/652/652 2197/2197/2197
f 2103/2103/2103 652/652/652 2196/2196/2196
f 2198/2198/2198 1326/1326/1326 1323/1323/1323
f 2198/2198/2198 1514/1514/1514 1326/1326/1326
f 2199/2199/2199 2200/2200/2200 1949/1949/1949
f 2199/2199/2199 1894/1894/1894 2200/2200/2200
f 1114/1114/1114 1930/1930/1930 1115/1115/1115
f 1114/1114/1114 1498/1498/1498 1930/1930/1930
f 1498/1498/1498 2201/2201/2201 1930/1930/1930
f 2201/2201/2201 2202/2202/2202 1930/1930/1930
f 2202/2202/2202 1933/1933/1933 1930/1930/1930
f 2203/2203/2203 2204/2204/2204 2205/2205/2205
f 2206/2206/2206 2204/2204/2204 2203/2203/2203
f 153/153/153 293/293/293 151/151/151
f 294/294/294 293/293/293 153/153/153
f 2207/2207/2207 2208/2208/2208 2209/2209/2209
f 2207/2207/2207 2210/2210/2210 2208/2208/2208
f 2211/2211/2211 2212/2212/2212 1348/1348/1348
f 2213/2213/2213 2212/2212/2212 2211/2211/2211
f 2214/2214/2214 1256/1256/1256 1258/1258/1258
f 2215/2215/2215 1256/1256/1256 2214/2214/2214
f 2216/2216/2216 625/625/625 2217/2217/2217
f 623/623/623 2218/2218/2218 2219/2219/2219
f 623/623/623 2220/2220/2220 2218/2218/2218
f 2220/2220/2220 625/625/625 2216/2216/2216
f 623/623/623 625/625/625 2220/2220/2220
f 2221/2221/2221 1182/1182/1182 2222/2222/2222
f 2179/2179/2179 1182/1182/1182 2221/2221/2221
f 2223/2223/2223 1316/1316/1316 1317/1317/1317
f 1484/1484/1484 1316/1316/1316 2223/2223/2223
f 1966/1966/1966 2224/2224/2224 2225/2225/2225
f 1966/1966/1966 1965/1965/1965 2224/2224/2224
f 2226/2226/2226 2227/2227/2227 733/733/733
f 1477/1477/1477 2227/2227/2227 2226/2226/2226
f 1647/1647/1647 2228/2228/2228 1741/1741/1741
f 1647/1647/1647 1649/1649/1649 2228/2228/2228
f 468/468/468 2229/2229/2229 972/972/972
f 468/468/468 470/470/470 2229/2229/2229
f 874/874/874 2230/2230/2230 2231/2231/2231
f 874/874/874 2000/2000/2000 2230/2230/2230
f 47/47/47 2023/2023/2023 2232/2232/2232
f 1034/1034/1034 2233/2233/2233 2234/2234/2234
f 1033/1033/1033 2233/2233/2233 1034/1034/1034
f 1009/1009/1009 497/497/497 499/499/499
f 1011/1011/1011 497/497/497 1009/1009/1009
f 2170/2170/2170 2224/2224/2224 2171/2171/2171
f 2225/2225/2225 2224/2224/2224 2170/2170/2170
f 819/819/819 1661/1661/1661 694/694/694
f 1662/1662/1662 1661/1661/1661 819/819/819
f 55/55/55 2235/2235/2235 2236/2236/2236
f 401/401/401 2113/2113/2113 404/404/404
f 1419/1419/1419 2113/2113/2113 401/401/401
f 32/32/32 1536/1536/1536 30/30/30
f 1742/1742/1742 1536/1536/1536 32/32/32
f 1583/1583/1583 2237/2237/2237 2238/2238/2238
f 1584/1584/1584 2237/2237/2237 1583/1583/1583
f 1654/1654/1654 1809/1809/1809 1655/1655/1655
f 1654/1654/1654 1808/1808/1808 1809/1809/1809
f 2016/2016/2016 2088/2088/2088 2019/2019/2019
f 2086/2086/2086 2088/2088/2088 2016/2016/2016
f 2239/2239/2239 94/94/94 96/96/96
f 2239/2239/2239 447/447/447 94/94/94
f 109/109/109 2240/2240/2240 110/110/110
f 2241/2241/2241 353/353/353 2242/2242/2242
f 109/109/109 2243/2243/2243 2240/2240/2240
f 2243/2243/2243 353/353/353 2241/2241/2241
f 109/109/109 353/353/353 2243/2243/2243
f 2244/2244/2244 1708/1708/1708 1585/1585/1585
f 1709/1709/1709 1708/1708/1708 2244/2244/2244
f 433/433/433 55/55/55 757/757/757
f 2245/2245/2245 2127/2127/2127 2246/2246/2246
f 2245/2245/2245 2129/2129/2129 2127/2127/2127
f 2247/2247/2247 1156/1156/1156 2248/2248/2248
f 2247/2247/2247 315/315/315 1156/1156/1156
f 1021/1021/1021 62/62/62 59/59/59
f 1021/1021/1021 1023/1023/1023 62/62/62
f 1879/1879/1879 2249/2249/2249 2250/2250/2250
f 1879/1879/1879 2251/2251/2251 2249/2249/2249
f 318/318/318 843/843/843 1401/1401/1401
f 320/320/320 843/843/843 318/318/318
f 1210/1210/1210 2252/2252/2252 1208/1208/1208
f 1210/1210/1210 2253/2253/2253 2252/2252/2252
f 1216/1216/1216 2254/2254/2254 1219/1219/1219
f 2255/2255/2255 2254/2254/2254 1216/1216/1216
f 133/133/133 2256/2256/2256 2257/2257/2257
f 133/133/133 2258/2258/2258 2256/2256/2256
f 1100/1100/1100 1563/1563/1563 1103/1103/1103
f 1561/1561/1561 1563/1563/1563 1100/1100/1100
f 92/92/92 591/591/591 90/90/90
f 92/92/92 2259/2259/2259 591/591/591
f 2260/2260/2260 55/55/55 2261/2261/2261
f 2262/2262/2262 1860/1860/1860 1862/1862/1862
f 2263/2263/2263 1860/1860/1860 2262/2262/2262
f 1384/1384/1384 2016/2016/2016 1385/1385/1385
f 1384/1384/1384 2086/2086/2086 2016/2016/2016
f 47/47/47 2264/2264/2264 2265/2265/2265
f 1657/1657/1657 2195/2195/2195 1085/1085/1085
f 1657/1657/1657 2266/2266/2266 2195/2195/2195
f 431/431/431 374/374/374 1646/1646/1646
f 431/431/431 1971/1971/1971 374/374/374
f 2267/2267/2267 2268/2268/2268 2269/2269/2269
f 2270/2270/2270 2268/2268/2268 2267/2267/2267
f 701/701/701 453/453/453 2271/2271/2271
f 799/799/799 453/453/453 701/701/701
f 1146/1146/1146 1970/1970/1970 1144/1144/1144
f 2272/2272/2272 1970/1970/1970 1146/1146/1146
f 1094/1094/1094 2273/2273/2273 1069/1069/1069
f 1094/1094/1094 2274/2274/2274 2273/2273/2273
f 1012/1012/1012 1186/1186/1186 2275/2275/2275
f 1012/1012/1012 1013/1013/1013 1186/1186/1186
f 55/55/55 1119/1119/1119 1118/1118/1118
f 1370/1370/1370 1566/1566/1566 1568/1568/1568
f 1372/1372/1372 1566/1566/1566 1370/1370/1370
f 2276/2276/2276 2277/2277/2277 1582/1582/1582
f 1851/1851/1851 2277/2277/2277 2276/2276/2276
f 588/588/588 956/956/956 2278/2278/2278
f 588/588/588 590/590/590 956/956/956
f 1422/1422/1422 1474/1474/1474 1471/1471/1471
f 1422/1422/1422 1510/1510/1510 1474/1474/1474
f 933/933/933 841/841/841 2279/2279/2279
f 933/933/933 935/935/935 841/841/841
f 2280/2280/2280 262/262/262 2281/2281/2281
f 2280/2280/2280 2282/2282/2282 262/262/262
f 2282/2282/2282 141/141/141 262/262/262
f 141/141/141 140/140/140 262/262/262
f 140/140/140 309/309/309 262/262/262
f 316/316/316 2283/2283/2283 1947/1947/1947
f 627/627/627 2283/2283/2283 316/316/316
f 47/47/47 2284/2284/2284 2285/2285/2285
f 132/132/132 22/22/22 135/135/135
f 23/23/23 22/22/22 132/132/132
f 1170/1170/1170 2286/2286/2286 1173/1173/1173
f 702/702/702 2286/2286/2286 1170/1170/1170
f 2287/2287/2287 1829/1829/1829 1831/1831/1831
f 2287/2287/2287 680/680/680 1829/1829/1829
f 2288/2288/2288 2289/2289/2289 2263/2263/2263
f 1322/1322/1322 2289/2289/2289 2288/2288/2288
f 2290/2290/2290 2291/2291/2291 2292/2292/2292
f 2293/2293/2293 2291/2291/2291 2290/2290/2290
f 2294/2294/2294 2295/2295/2295 2296/2296/2296
f 1691/1691/1691 2295/2295/2295 2294/2294/2294
f 2213/2213/2213 2297/2297/2297 2212/2212/2212
f 2298/2298/2298 2297/2297/2297 2213/2213/2213
f 2299/2299/2299 1644/1644/1644 2300/2300/2300
f 2299/2299/2299 1645/1645/1645 1644/1644/1644
f 55/55/55 1117/1117/1117 1116/1116/1116
f 47/47/47 1497/1497/1497 1495/1495/1495
f 47/47/47 2066/2066/2066 1757/1757/1757
f 2079/2079/2079 735/735/735 737/737/737
f 2079/2079/2079 2209/2209/2209 735/735/735
f 959/959/959 1545/1545/1545 960/960/960
f 959/959/959 2301/2301/2301 1545/1545/1545
f 9/9/9 2302/2302/2302 2303/2303/2303
f 9/9/9 11/11/11 2302/2302/2302
f 1829/1829/1829 2304/2304/2304 1830/1830/1830
f 1829/1829/1829 1148/1148/1148 2304/2304/2304
f 1110/1110/1110 1534/1534/1534 2305/2305/2305
f 1532/1532/1532 1534/1534/1534 1110/1110/1110
f 536/536/536 393/393/393 390/390/390
f 2306/2306/2306 393/393/393 536/536/536
f 2307/2307/2307 2308/2308/2308 2309/2309/2309
f 2307/2307/2307 2310/2310/2310 2308/2308/2308
f 1547/1547/1547 1499/1499/1499 2311/2311/2311
f 1547/1547/1547 617/617/617 1499/1499/1499
f 117/117/117 1717/1717/1717 2312/2312/2312
f 117/117/117 1715/1715/1715 1717/1717/1717
f 2313/2313/2313 2314/2314/2314 924/924/924
f 2313/2313/2313 2315/2315/2315 2314/2314/2314
f 2233/2233/2233 2316/2316/2316 2317/2317/2317
f 2318/2318/2318 2316/2316/2316 2233/2233/2233
f 1472/1472/1472 160/160/160 157/157/157
f 1472/1472/1472 2319/2319/2319 160/160/160
f 763/763/763 1247/1247/1247 618/618/618
f 763/763/763 507/507/507 1247/1247/1247
f 47/47/47 2320/2320/2320 2321/2321/2321
f 2322/2322/2322 723/723/723 1759/1759/1759
f 2322/2322/2322 1123/1123/1123 723/723/723
f 47/47/47 2323/2323/2323 1580/1580/1580
f 1611/1611/1611 1129/1129/1129 1964/1964/1964
f 1613/1613/1613 1129/1129/1129 1611/1611/1611
f 2324/2324/2324 2325/2325/2325 2326/2326/2326
f 2324/2324/2324 2327/2327/2327 2325/2325/2325
f 2328/2328/2328 1225/1225/1225 2329/2329/2329
f 1226/1226/1226 1225/1225/1225 2328/2328/2328
f 2330/2330/2330 2025/2025/2025 292/292/292
f 2026/2026/2026 2025/2025/2025 2330/2330/2330
f 2331/2331/2331 2332/2332/2332 2333/2333/2333
f 2334/2334/2334 2332/2332/2332 2331/2331/2331
f 2335/2335/2335 2336/2336/2336 2337/2337/2337
f 2186/2186/2186 2336/2336/2336 2335/2335/2335
f 2338/2338/2338 55/55/55 2339/2339/2339
f 47/47/47 2340/2340/2340 1858/1858/1858
f 1428/1428/1428 2341/2341/2341 1426/1426/1426
f 1428/1428/1428 2342/2342/2342 2341/2341/2341
f 1133/1133/1133 786/786/786 2343/2343/2343
f 1133/1133/1133 1134/1134/1134 786/786/786
f 55/55/55 813/813/813 812/812/812
f 2344/2344/2344 817/817/817 2345/2345/2345
f 818/818/818 817/817/817 2344/2344/2344
f 2346/2346/2346 1886/1886/1886 2347/2347/2347
f 2346/2346/2346 1887/1887/1887 1886/1886/1886
f 2348/2348/2348 801/801/801 1838/1838/1838
f 452/452/452 801/801/801 2348/2348/2348
f 2349/2349/2349 105/105/105 570/570/570
f 2349/2349/2349 167/167/167 105/105/105
f 1440/1440/1440 61/61/61 1441/1441/1441
f 1440/1440/1440 59/59/59 61/61/61
f 55/55/55 1822/1822/1822 2350/2350/2350
f 1047/1047/1047 2351/2351/2351 1045/1045/1045
f 925/925/925 2351/2351/2351 1047/1047/1047
f 2006/2006/2006 796/796/796 2116/2116/2116
f 797/797/797 796/796/796 2006/2006/2006
f 1400/1400/1400 1180/1180/1180 1181/1181/1181
f 1400/1400/1400 175/175/175 1180/1180/1180
f 1178/1178/1178 1855/1855/1855 2352/2352/2352
f 2353/2353/2353 1855/1855/1855 1178/1178/1178
f 55/55/55 485/485/485 2354/2354/2354
f 2355/2355/2355 2190/2190/2190 1366/1366/1366
f 2355/2355/2355 1908/1908/1908 2190/2190/2190
f 2356/2356/2356 866/866/866 2357/2357/2357
f 867/867/867 866/866/866 2356/2356/2356
f 2224/2224/2224 2358/2358/2358 2359/2359/2359
f 1965/1965/1965 2358/2358/2358 2224/2224/2224
f 2360/2360/2360 1066/1066/1066 582/582/582
f 2361/2361/2361 1066/1066/1066 2360/2360/2360
f 47/47/47 2362/2362/2362 2363/2363/2363
f 2002/2002/2002 2364/2364/2364 899/899/899
f 2002/2002/2002 2365/2365/2365 2364/2364/2364
f 2366/2366/2366 2367/2367/2367 2368/2368/2368
f 2366/2366/2366 2369/2369/2369 2367/2367/2367
f 701/701/701 2286/2286/2286 702/702/702
f 701/701/701 2271/2271/2271 2286/2286/2286
f 2370/2370/2370 1443/1443/1443 2371/2371/2371
f 1296/1296/1296 1443/1443/1443 2370/2370/2370
f 2372/2372/2372 2373/2373/2373 1162/1162/1162
f 2374/2374/2374 2373/2373/2373 2372/2372/2372
f 2251/2251/2251 1724/1724/1724 626/626/626
f 877/877/877 1724/1724/1724 2251/2251/2251
f 1782/1782/1782 1733/1733/1733 2375/2375/2375
f 1782/1782/1782 1736/1736/1736 1733/1733/1733
f 2065/2065/2065 1774/1774/1774 2376/2376/2376
f 2065/2065/2065 1777/1777/1777 1774/1774/1774
f 877/877/877 2377/2377/2377 1724/1724/1724
f 879/879/879 2377/2377/2377 877/877/877
f 896/896/896 1549/1549/1549 897/897/897
f 896/896/896 2378/2378/2378 1549/1549/1549
f 2379/2379/2379 208/208/208 205/205/205
f 2380/2380/2380 208/208/208 2379/2379/2379
f 886/886/886 228/228/228 1039/1039/1039
f 229/229/229 228/228/228 886/886/886
f 1168/1168/1168 2381/2381/2381 421/421/421
f 1167/1167/1167 2381/2381/2381 1168/1168/1168
f 2382/2382/2382 2261/2261/2261 2383/2383/2383
f 2384/2384/2384 2385/2385/2385 2382/2382/2382
f 2385/2385/2385 2386/2386/2386 2382/2382/2382
f 2386/2386/2386 2260/2260/2260 2382/2382/2382
f 2260/2260/2260 2261/2261/2261 2382/2382/2382
f 771/771/771 1828/1828/1828 1657/1657/1657
f 2052/2052/2052 1828/1828/1828 771/771/771
f 1932/1932/1932 577/577/577 2142/2142/2142
f 1932/1932/1932 2387/2387/2387 577/577/577
f 1537/1537/1537 2388/2388/2388 882/882/882
f 1537/1537/1537 2389/2389/2389 2388/2388/2388
f 1179/1179/1179 304/304/304 1680/1680/1680
f 1179/1179/1179 307/307/307 304/304/304
f 2131/2131/2131 63/63/63 80/80/80
f 1407/1407/1407 63/63/63 2131/2131/2131
f 2390/2390/2390 2097/2097/2097 2391/2391/2391
f 2390/2390/2390 2392/2392/2392 2097/2097/2097
f 2392/2392/2392 2393/2393/2393 2097/2097/2097
f 2393/2393/2393 1792/1792/1792 2097/2097/2097
f 1792/1792/1792 1791/1791/1791 2097/2097/2097
f 949/949/949 1113/1113/1113 1424/1424/1424
f 951/951/951 1113/1113/1113 949/949/949
f 2394/2394/2394 1217/1217/1217 2395/2395/2395
f 1218/1218/1218 2396/2396/2396 2397/2397/2397
f 2398/2398/2398 1217/1217/1217 2394/2394/2394
f 1218/1218/1218 2398/2398/2398 2396/2396/2396
f 1218/1218/1218 1217/1217/1217 2398/2398/2398
f 1620/1620/1620 1267/1267/1267 291/291/291
f 1659/1659/1659 1267/1267/1267 1620/1620/1620
f 2399/2399/2399 855/855/855 857/857/857
f 2400/2400/2400 855/855/855 2399/2399/2399
f 2401/2401/2401 2402/2402/2402 2403/2403/2403
f 2401/2401/2401 2404/2404/2404 2402/2402/2402
f 2405/2405/2405 489/489/489 491/491/491
f 71/71/71 489/489/489 2405/2405/2405
f 364/364/364 2406/2406/2406 1836/1836/1836
f 366/366/366 2406/2406/2406 364/364/364
f 792/792/792 2399/2399/2399 2407/2407/2407
f 791/791/791 2399/2399/2399 792/792/792
f 2289/2289/2289 2408/2408/2408 2409/2409/2409
f 2410/2410/2410 2408/2408/2408 2289/2289/2289
f 2411/2411/2411 1920/1920/1920 1921/1921/1921
f 2412/2412/2412 1920/1920/1920 2411/2411/2411
f 815/815/815 55/55/55 1353/1353/1353
f 816/816/816 1662/1662/1662 819/819/819
f 1200/1200/1200 1662/1662/1662 816/816/816
f 22/22/22 2413/2413/2413 135/135/135
f 22/22/22 2414/2414/2414 2413/2413/2413
f 55/55/55 2415/2415/2415 330/330/330
f 1470/1470/1470 2416/2416/2416 1468/1468/1468
f 1470/1470/1470 300/300/300 2416/2416/2416
f 2360/2360/2360 584/584/584 2417/2417/2417
f 2360/2360/2360 582/582/582 584/584/584
f 1227/1227/1227 55/55/55 1228/1228/1228
f 1808/1808/1808 498/498/498 1570/1570/1570
f 499/499/499 498/498/498 1808/1808/1808
f 1040/1040/1040 1146/1146/1146 1143/1143/1143
f 1041/1041/1041 1146/1146/1146 1040/1040/1040
f 2418/2418/2418 2419/2419/2419 1578/1578/1578
f 2418/2418/2418 1050/1050/1050 2419/2419/2419
f 687/687/687 1018/1018/1018 2420/2420/2420
f 1019/1019/1019 1018/1018/1018 687/687/687
f 47/47/47 2241/2241/2241 2242/2242/2242
f 47/47/47 880/880/880 884/884/884
f 1878/1878/1878 2250/2250/2250 2421/2421/2421
f 1878/1878/1878 1879/1879/1879 2250/2250/2250
f 2422/2422/2422 895/895/895 892/892/892
f 1720/1720/1720 895/895/895 2422/2422/2422
f 47/47/47 1507/1507/1507 1509/1509/1509
f 2423/2423/2423 2403/2403/2403 2424/2424/2424
f 2423/2423/2423 2401/2401/2401 2403/2403/2403
f 2036/2036/2036 1826/1826/1826 1827/1827/1827
f 2425/2425/2425 1826/1826/1826 2036/2036/2036
f 1610/1610/1610 2426/2426/2426 1613/1613/1613
f 2427/2427/2427 2426/2426/2426 1610/1610/1610
f 2029/2029/2029 2255/2255/2255 1216/1216/1216
f 546/546/546 2255/2255/2255 2029/2029/2029
f 47/47/47 248/248/248 252/252/252
f 395/395/395 2428/2428/2428 2369/2369/2369
f 395/395/395 1727/1727/1727 2428/2428/2428
f 2429/2429/2429 831/831/831 2430/2430/2430
f 2429/2429/2429 773/773/773 831/831/831
f 585/585/585 1245/1245/1245 583/583/583
f 585/585/585 2431/2431/2431 1245/1245/1245
f 47/47/47 2432/2432/2432 2433/2433/2433
f 2434/2434/2434 2307/2307/2307 2309/2309/2309
f 2435/2435/2435 2307/2307/2307 2434/2434/2434
f 2436/2436/2436 2222/2222/2222 2437/2437/2437
f 2221/2221/2221 2222/2222/2222 2436/2436/2436
f 1664/1664/1664 2306/2306/2306 1665/1665/1665
f 1664/1664/1664 833/833/833 2306/2306/2306
f 2438/2438/2438 2439/2439/2439 2440/2440/2440
f 2441/2441/2441 2442/2442/2442 2443/2443/2443
f 2441/2441/2441 2444/2444/2444 2442/2442/2442
f 2444/2444/2444 2439/2439/2439 2438/2438/2438
f 2441/2441/2441 2439/2439/2439 2444/2444/2444
f 679/679/679 55/55/55 1955/1955/1955
f 2261/2261/2261 2445/2445/2445 2383/2383/2383
f 2261/2261/2261 2446/2446/2446 2445/2445/2445
f 2446/2446/2446 2447/2447/2447 2445/2445/2445
f 2447/2447/2447 2448/2448/2448 2445/2445/2445
f 2448/2448/2448 2449/2449/2449 2445/2445/2445
f 38/38/38 2094/2094/2094 2450/2450/2450
f 38/38/38 357/357/357 2094/2094/2094
f 5/5/5 2451/2451/2451 8/8/8
f 2452/2452/2452 2451/2451/2451 5/5/5
f 1556/1556/1556 2453/2453/2453 2158/2158/2158
f 1882/1882/1882 2453/2453/2453 1556/1556/1556
f 1926/1926/1926 2454/2454/2454 2455/2455/2455
f 1926/1926/1926 2456/2456/2456 2454/2454/2454
f 549/549/549 2076/2076/2076 548/548/548
f 2457/2457/2457 2076/2076/2076 549/549/549
f 2458/2458/2458 666/666/666 2459/2459/2459
f 2458/2458/2458 669/669/669 666/666/666
f 86/86/86 2460/2460/2460 2461/2461/2461
f 2462/2462/2462 2460/2460/2460 86/86/86
f 2362/2362/2362 2463/2463/2463 2363/2363/2363
f 2388/2388/2388 2285/2285/2285 2284/2284/2284
f 2388/2388/2388 2464/2464/2464 2285/2285/2285
f 2464/2464/2464 2463/2463/2463 2362/2362/2362
f 2388/2388/2388 2463/2463/2463 2464/2464/2464
f 2465/2465/2465 2466/2466/2466 2467/2467/2467
f 2234/2234/2234 2468/2468/2468 2469/2469/2469
f 2470/2470/2470 2466/2466/2466 2465/2465/2465
f 2234/2234/2234 2470/2470/2470 2468/2468/2468
f 2234/2234/2234 2466/2466/2466 2470/2470/2470
f 1853/1853/1853 524/524/524 2471/2471/2471
f 1270/1270/1270 524/524/524 1853/1853/1853
f 2290/2290/2290 2472/2472/2472 2473/2473/2473
f 2290/2290/2290 2292/2292/2292 2472/2472/2472
f 461/461/461 2474/2474/2474 2334/2334/2334
f 1591/1591/1591 2474/2474/2474 461/461/461
f 2475/2475/2475 1109/1109/1109 1329/1329/1329
f 2476/2476/2476 1109/1109/1109 2475/2475/2475
f 2477/2477/2477 2478/2478/2478 1496/1496/1496
f 2477/2477/2477 1555/1555/1555 2478/2478/2478
f 1834/1834/1834 2270/2270/2270 2267/2267/2267
f 2479/2479/2479 2270/2270/2270 1834/1834/1834
f 2171/2171/2171 1803/1803/1803 1909/1909/1909
f 2171/2171/2171 2480/2480/2480 1803/1803/1803
f 1834/1834/1834 1290/1290/1290 1287/1287/1287
f 1834/1834/1834 2267/2267/2267 1290/1290/1290
f 1006/1006/1006 2481/2481/2481 2482/2482/2482
f 1005/1005/1005 2481/2481/2481 1006/1006/1006
f 2483/2483/2483 1615/1615/1615 836/836/836
f 2483/2483/2483 2484/2484/2484 1615/1615/1615
f 1093/1093/1093 261/261/261 850/850/850
f 259/259/259 261/261/261 1093/1093/1093
f 47/47/47 2243/2243/2243 2241/2241/2241
f 579/579/579 491/491/491 2485/2485/2485
f 2405/2405/2405 491/491/491 579/579/579
f 2486/2486/2486 214/214/214 2272/2272/2272
f 749/749/749 214/214/214 2486/2486/2486
f 1080/1080/1080 670/670/670 672/672/672
f 2487/2487/2487 670/670/670 1080/1080/1080
f 2237/2237/2237 1457/1457/1457 2488/2488/2488
f 1695/1695/1695 1457/1457/1457 2237/2237/2237
f 2489/2489/2489 2275/2275/2275 1506/1506/1506
f 1257/1257/1257 2275/2275/2275 2489/2489/2489
f 2490/2490/2490 241/241/241 1848/1848/1848
f 1237/1237/1237 2491/2491/2491 1238/1238/1238
f 1237/1237/1237 2492/2492/2492 2491/2491/2491
f 2492/2492/2492 241/241/241 2490/2490/2490
f 1237/1237/1237 241/241/241 2492/2492/2492
f 2493/2493/2493 1352/1352/1352 1381/1381/1381
f 2493/2493/2493 1282/1282/1282 1352/1352/1352
f 481/481/481 869/869/869 586/586/586
f 2494/2494/2494 869/869/869 481/481/481
f 1684/1684/1684 282/282/282 1685/1685/1685
f 1404/1404/1404 1729/1729/1729 1486/1486/1486
f 283/283/283 1729/1729/1729 1404/1404/1404
f 1684/1684/1684 283/283/283 282/282/282
f 1684/1684/1684 1729/1729/1729 283/283/283
f 651/651/651 2495/2495/2495 1159/1159/1159
f 651/651/651 563/563/563 2495/2495/2495
f 1046/1046/1046 2496/2496/2496 2497/2497/2497
f 1045/1045/1045 2496/2496/2496 1046/1046/1046
f 47/47/47 2498/2498/2498 2499/2499/2499
f 2033/2033/2033 1544/1544/1544 2035/2035/2035
f 2357/2357/2357 1544/1544/1544 2033/2033/2033
f 2500/2500/2500 55/55/55 2501/2501/2501
f 860/860/860 2502/2502/2502 1731/1731/1731
f 861/861/861 2502/2502/2502 860/860/860
f 2503/2503/2503 55/55/55 1024/1024/1024
f 2388/2388/2388 120/120/120 2463/2463/2463
f 2389/2389/2389 120/120/120 2388/2388/2388
f 1472/1472/1472 1798/1798/1798 2319/2319/2319
f 1474/1474/1474 1798/1798/1798 1472/1472/1472
f 2337/2337/2337 2504/2504/2504 2505/2505/2505
f 2336/2336/2336 2504/2504/2504 2337/2337/2337
f 936/936/936 2506/2506/2506 934/934/934
f 2195/2195/2195 2506/2506/2506 936/936/936
f 2507/2507/2507 1241/1241/1241 1243/1243/1243
f 2507/2507/2507 1453/1453/1453 1241/1241/1241
f 1198/1198/1198 816/816/816 2508/2508/2508
f 1198/1198/1198 1200/1200/1200 816/816/816
f 2509/2509/2509 1887/1887/1887 2346/2346/2346
f 2509/2509/2509 2510/2510/2510 1887/1887/1887
f 2511/2511/2511 1325/1325/1325 1249/1249/1249
f 2511/2511/2511 1323/1323/1323 1325/1325/1325
f 419/419/419 2373/2373/2373 2374/2374/2374
f 419/419/419 420/420/420 2373/2373/2373
f 2512/2512/2512 2513/2513/2513 2514/2514/2514
f 2515/2515/2515 2513/2513/2513 2512/2512/2512
f 689/689/689 2198/2198/2198 2516/2516/2516
f 689/689/689 1876/1876/1876 2198/2198/2198
f 55/55/55 2517/2517/2517 185/185/185
f 2518/2518/2518 221/221/221 2519/2519/2519
f 2520/2520/2520 221/221/221 2518/2518/2518
f 344/344/344 1658/1658/1658 511/511/511
f 2163/2163/2163 1658/1658/1658 344/344/344
f 47/47/47 2154/2154/2154 2521/2521/2521
f 2522/2522/2522 2523/2523/2523 1519/1519/1519
f 2524/2524/2524 2523/2523/2523 2522/2522/2522
f 890/890/890 667/667/667 669/669/669
f 890/890/890 2123/2123/2123 667/667/667
f 2525/2525/2525 2278/2278/2278 2526/2526/2526
f 2525/2525/2525 588/588/588 2278/2278/2278
f 1517/1517/1517 1394/1394/1394 1396/1396/1396
f 1516/1516/1516 1394/1394/1394 1517/1517/1517
f 2391/2391/2391 2096/2096/2096 657/657/657
f 2391/2391/2391 2097/2097/2097 2096/2096/2096
f 47/47/47 2285/2285/2285 2464/2464/2464
f 901/901/901 2002/2002/2002 899/899/899
f 2001/2001/2001 2002/2002/2002 901/901/901
f 653/653/653 16/16/16 2527/2527/2527
f 653/653/653 1915/1915/1915 16/16/16
f 1826/1826/1826 2303/2303/2303 1434/1434/1434
f 2528/2528/2528 2303/2303/2303 1826/1826/1826
f 2157/2157/2157 1706/1706/1706 2529/2529/2529
f 2158/2158/2158 1706/1706/1706 2157/2157/2157
f 943/943/943 2511/2511/2511 1249/1249/1249
f 2530/2530/2530 2511/2511/2511 943/943/943
f 236/236/236 1223/1223/1223 1220/1220/1220
f 1480/1480/1480 1223/1223/1223 236/236/236
f 55/55/55 2531/2531/2531 308/308/308
f 2486/2486/2486 1146/1146/1146 1041/1041/1041
f 2486/2486/2486 2272/2272/2272 1146/1146/1146
f 1712/1712/1712 2239/2239/2239 96/96/96
f 2532/2532/2532 2239/2239/2239 1712/1712/1712
f 1836/1836/1836 2533/2533/2533 1753/1753/1753
f 1836/1836/1836 2526/2526/2526 2533/2533/2533
f 2534/2534/2534 55/55/55 1116/1116/1116
f 1295/1295/1295 2370/2370/2370 2535/2535/2535
f 1295/1295/1295 1296/1296/1296 2370/2370/2370
f 1737/1737/1737 1428/1428/1428 1425/1425/1425
f 1737/1737/1737 2536/2536/2536 1428/1428/1428
f 2536/2536/2536 2537/2537/2537 1428/1428/1428
f 2537/2537/2537 2538/2538/2538 1428/1428/1428
f 2538/2538/2538 2539/2539/2539 1428/1428/1428
f 2324/2324/2324 695/695/695 2327/2327/2327
f 696/696/696 695/695/695 2324/2324/2324
f 685/685/685 2420/2420/2420 2540/2540/2540
f 687/687/687 2420/2420/2420 685/685/685
f 2189/2189/2189 1800/1800/1800 2541/2541/2541
f 1910/1910/1910 1800/1800/1800 2189/2189/2189
f 1245/1245/1245 2122/2122/2122 1246/1246/1246
f 1245/1245/1245 1781/1781/1781 2122/2122/2122
f 2542/2542/2542 1285/1285/1285 2543/2543/2543
f 201/201/201 1285/1285/1285 2542/2542/2542
f 398/398/398 1350/1350/1350 2544/2544/2544
f 400/400/400 1350/1350/1350 398/398/398
f 2545/2545/2545 2546/2546/2546 2547/2547/2547
f 2149/2149/2149 1982/1982/1982 2150/2150/2150
f 2149/2149/2149 1983/1983/1983 1982/1982/1982
f 1983/1983/1983 2546/2546/2546 2545/2545/2545
f 2149/2149/2149 2546/2546/2546 1983/1983/1983
f 356/356/356 1090/1090/1090 1087/1087/1087
f 358/358/358 1090/1090/1090 356/356/356
f 2548/2548/2548 2057/2057/2057 2085/2085/2085
f 2056/2056/2056 2057/2057/2057 2548/2548/2548
f 1870/1870/1870 965/965/965 1873/1873/1873
f 2269/2269/2269 965/965/965 1870/1870/1870
f 1985/1985/1985 2458/2458/2458 2459/2459/2459
f 1089/1089/1089 2458/2458/2458 1985/1985/1985
f 1586/1586/1586 907/907/907 1104/1104/1104
f 1160/1160/1160 907/907/907 1586/1586/1586
f 1571/1571/1571 1012/1012/1012 1259/1259/1259
f 1571/1571/1571 1014/1014/1014 1012/1012/1012
f 613/613/613 1142/1142/1142 1139/1139/1139
f 614/614/614 1142/1142/1142 613/613/613
f 2549/2549/2549 2550/2550/2550 2551/2551/2551
f 2549/2549/2549 2552/2552/2552 2550/2550/2550
f 47/47/47 2553/2553/2553 2073/2073/2073
f 1144/1144/1144 1969/1969/1969 2554/2554/2554
f 1970/1970/1970 1969/1969/1969 1144/1144/1144
f 1070/1070/1070 1464/1464/1464 1466/1466/1466
f 1070/1070/1070 2555/2555/2555 1464/1464/1464
f 1938/1938/1938 1361/1361/1361 2060/2060/2060
f 2037/2037/2037 1361/1361/1361 1938/1938/1938
f 1573/1573/1573 1742/1742/1742 32/32/32
f 979/979/979 1742/1742/1742 1573/1573/1573
f 1632/1632/1632 1538/1538/1538 1837/1837/1837
f 1632/1632/1632 2556/2556/2556 1538/1538/1538
f 2556/2556/2556 2557/2557/2557 1538/1538/1538
f 2557/2557/2557 231/231/231 1538/1538/1538
f 231/231/231 232/232/232 1538/1538/1538
f 1852/1852/1852 2558/2558/2558 2559/2559/2559
f 1852/1852/1852 1853/1853/1853 2558/2558/2558
f 2560/2560/2560 2511/2511/2511 2530/2530/2530
f 2560/2560/2560 2516/2516/2516 2511/2511/2511
f 2561/2561/2561 2562/2562/2562 2387/2387/2387
f 2561/2561/2561 2563/2563/2563 2562/2562/2562
f 2563/2563/2563 473/473/473 2562/2562/2562
f 473/473/473 472/472/472 2562/2562/2562
f 472/472/472 54/54/54 2562/2562/2562
f 55/55/55 760/760/760 757/757/757
f 47/47/47 1234/1234/1234 1239/1239/1239
f 2140/2140/2140 422/422/422 424/424/424
f 1811/1811/1811 422/422/422 2140/2140/2140
f 2564/2564/2564 908/908/908 2565/2565/2565
f 2564/2564/2564 2566/2566/2566 908/908/908
f 1905/1905/1905 1600/1600/1600 2566/2566/2566
f 1905/1905/1905 2567/2567/2567 1600/1600/1600
f 1974/1974/1974 211/211/211 2568/2568/2568
f 234/234/234 211/211/211 1974/1974/1974
f 160/160/160 909/909/909 931/931/931
f 2319/2319/2319 909/909/909 160/160/160
f 1278/1278/1278 1991/1991/1991 2569/2569/2569
f 1278/1278/1278 1279/1279/1279 1991/1991/1991
f 2570/2570/2570 753/753/753 755/755/755
f 1722/1722/1722 753/753/753 2570/2570/2570
f 1109/1109/1109 1328/1328/1328 1329/1329/1329
f 1109/1109/1109 1111/1111/1111 1328/1328/1328
f 845/845/845 55/55/55 846/846/846
f 1791/1791/1791 482/482/482 2097/2097/2097
f 1791/1791/1791 2571/2571/2571 482/482/482
f 2571/2571/2571 2572/2572/2572 482/482/482
f 2572/2572/2572 2354/2354/2354 482/482/482
f 2354/2354/2354 485/485/485 482/482/482
f 2353/2353/2353 1431/1431/1431 1855/1855/1855
f 576/576/576 1431/1431/1431 2353/2353/2353
f 2573/2573/2573 2135/2135/2135 2574/2574/2574
f 2573/2573/2573 2575/2575/2575 2135/2135/2135
f 1482/1482/1482 55/55/55 1347/1347/1347
f 2522/2522/2522 1418/1418/1418 1707/1707/1707
f 2522/2522/2522 1519/1519/1519 1418/1418/1418
f 1567/1567/1567 1621/1621/1621 1623/1623/1623
f 1569/1569/1569 1621/1621/1621 1567/1567/1567
f 607/607/607 1490/1490/1490 608/608/608
f 607/607/607 263/263/263 1490/1490/1490
f 1925/1925/1925 516/516/516 513/513/513
f 2576/2576/2576 516/516/516 1925/1925/1925
f 55/55/55 1820/1820/1820 1825/1825/1825
f 1903/1903/1903 2457/2457/2457 549/549/549
f 2577/2577/2577 2457/2457/2457 1903/1903/1903
f 2578/2578/2578 2049/2049/2049 2579/2579/2579
f 2578/2578/2578 2580/2580/2580 2049/2049/2049
f 1946/1946/1946 413/413/413 2581/2581/2581
f 1946/1946/1946 2434/2434/2434 413/413/413
f 1656/1656/1656 1009/1009/1009 1654/1654/1654
f 1010/1010/1010 1009/1009/1009 1656/1656/1656
f 47/47/47 2150/2150/2150 1982/1982/1982
f 2200/2200/2200 355/355/355 37/37/37
f 2200/2200/2200 510/510/510 355/355/355
f 47/47/47 1687/1687/1687 1686/1686/1686
f 594/594/594 2582/2582/2582 2583/2583/2583
f 594/594/594 2584/2584/2584 2582/2582/2582
f 47/47/47 108/108/108 110/110/110
f 1245/1245/1245 1779/1779/1779 1781/1781/1781
f 2431/2431/2431 1779/1779/1779 1245/1245/1245
f 2585/2585/2585 2586/2586/2586 2587/2587/2587
f 2588/2588/2588 2586/2586/2586 2585/2585/2585
f 1699/1699/1699 1948/1948/1948 2589/2589/2589
f 1698/1698/1698 1948/1948/1948 1699/1699/1699
f 2590/2590/2590 1714/1714/1714 2591/2591/2591
f 2590/2590/2590 2592/2592/2592 1714/1714/1714
f 47/47/47 1848/1848/1848 1002/1002/1002
f 1324/1324/1324 9/9/9 2593/2593/2593
f 1324/1324/1324 12/12/12 9/9/9
f 62/62/62 1596/1596/1596 2594/2594/2594
f 1023/1023/1023 1596/1596/1596 62/62/62
f 1256/1256/1256 1571/1571/1571 1259/1259/1259
f 1809/1809/1809 1571/1571/1571 1256/1256/1256
f 1549/1549/1549 762/762/762 615/615/615
f 2378/2378/2378 762/762/762 1549/1549/1549
f 1544/1544/1544 2462/2462/2462 2035/2035/2035
f 1544/1544/1544 1546/1546/1546 2462/2462/2462
f 1961/1961/1961 55/55/55 1962/1962/1962
f 466/466/466 2056/2056/2056 552/552/552
f 466/466/466 2058/2058/2058 2056/2056/2056
f 1491/1491/1491 2595/2595/2595 2596/2596/2596
f 1491/1491/1491 2597/2597/2597 2595/2595/2595
f 52/52/52 2101/2101/2101 2598/2598/2598
f 51/51/51 2101/2101/2101 52/52/52
f 1921/1921/1921 2599/2599/2599 2600/2600/2600
f 1921/1921/1921 1371/1371/1371 2599/2599/2599
f 2406/2406/2406 2526/2526/2526 1836/1836/1836
f 2406/2406/2406 2525/2525/2525 2526/2526/2526
f 47/47/47 1505/1505/1505 337/337/337
f 1490/1490/1490 2597/2597/2597 1491/1491/1491
f 1490/1490/1490 1842/1842/1842 2597/2597/2597
f 2601/2601/2601 2602/2602/2602 865/865/865
f 2603/2603/2603 2602/2602/2602 2601/2601/2601
f 1777/1777/1777 2604/2604/2604 1775/1775/1775
f 1628/1628/1628 2604/2604/2604 1777/1777/1777
f 2020/2020/2020 1869/1869/1869 2021/2021/2021
f 1868/1868/1868 1869/1869/1869 2020/2020/2020
f 2188/2188/2188 2064/2064/2064 2187/2187/2187
f 2062/2062/2062 2064/2064/2064 2188/2188/2188
f 2605/2605/2605 1044/1044/1044 2606/2606/2606
f 2607/2607/2607 1044/1044/1044 2605/2605/2605
f 1533/1533/1533 1065/1065/1065 1062/1062/1062
f 2608/2608/2608 1065/1065/1065 1533/1533/1533
f 1953/1953/1953 950/950/950 2609/2609/2609
f 1953/1953/1953 948/948/948 950/950/950
f 1639/1639/1639 686/686/686 1642/1642/1642
f 2610/2610/2610 686/686/686 1639/1639/1639
f 13/13/13 1197/1197/1197 1194/1194/1194
f 13/13/13 15/15/15 1197/1197/1197
f 1392/1392/1392 114/114/114 1763/1763/1763
f 2611/2611/2611 114/114/114 1392/1392/1392
f 1069/1069/1069 2555/2555/2555 1070/1070/1070
f 1069/1069/1069 2273/2273/2273 2555/2555/2555
f 2612/2612/2612 350/350/350 739/739/739
f 351/351/351 350/350/350 2612/2612/2612
f 2053/2053/2053 55/55/55 2089/2089/2089
f 1222/1222/1222 321/321/321 1521/1521/1521
f 1221/1221/1221 321/321/321 1222/1222/1222
f 1018/1018/1018 2613/2613/2613 2009/2009/2009
f 1020/1020/1020 2613/2613/2613 1018/1018/1018
f 55/55/55 2614/2614/2614 2615/2615/2615
f 63/63/63 78/78/78 80/80/80
f 63/63/63 65/65/65 78/78/78
f 1593/1593/1593 1589/1589/1589 1875/1875/1875
f 1593/1593/1593 1592/1592/1592 1589/1589/1589
f 88/88/88 2462/2462/2462 86/86/86
f 2035/2035/2035 2462/2462/2462 88/88/88
f 349/349/349 2616/2616/2616 352/352/352
f 2617/2617/2617 2616/2616/2616 349/349/349
f 1310/1310/1310 1850/1850/1850 1311/1311/1311
f 1310/1310/1310 2618/2618/2618 1850/1850/1850
f 2619/2619/2619 1916/1916/1916 519/519/519
f 2619/2619/2619 2620/2620/2620 1916/1916/1916
f 2620/2620/2620 2621/2621/2621 1916/1916/1916
f 2621/2621/2621 2622/2622/2622 1916/1916/1916
f 2622/2622/2622 2623/2623/2623 1916/1916/1916
f 2003/2003/2003 797/797/797 2006/2006/2006
f 2624/2624/2624 797/797/797 2003/2003/2003
f 47/47/47 573/573/573 569/569/569
f 2625/2625/2625 2626/2626/2626 281/281/281
f 2625/2625/2625 199/199/199 2626/2626/2626
f 1042/1042/1042 1953/1953/1953 1409/1409/1409
f 1042/1042/1042 2627/2627/2627 1953/1953/1953
f 2627/2627/2627 2628/2628/2628 1953/1953/1953
f 2628/2628/2628 678/678/678 1953/1953/1953
f 678/678/678 679/679/679 1953/1953/1953
f 2533/2533/2533 773/773/773 2429/2429/2429
f 2533/2533/2533 776/776/776 773/773/773
f 871/871/871 236/236/236 238/238/238
f 871/871/871 1480/1480/1480 236/236/236
f 1675/1675/1675 2629/2629/2629 2630/2630/2630
f 1675/1675/1675 2631/2631/2631 2629/2629/2629
f 2631/2631/2631 1565/1565/1565 2629/2629/2629
f 1565/1565/1565 1564/1564/1564 2629/2629/2629
f 1564/1564/1564 2632/2632/2632 2629/2629/2629
f 2430/2430/2430 833/833/833 1664/1664/1664
f 2430/2430/2430 831/831/831 833/833/833
f 2309/2309/2309 704/704/704 416/416/416
f 2309/2309/2309 2308/2308/2308 704/704/704
f 47/47/47 2633/2633/2633 2634/2634/2634
f 2635/2635/2635 146/146/146 2636/2636/2636
f 2637/2637/2637 146/146/146 2635/2635/2635
f 2638/2638/2638 902/902/902 904/904/904
f 2639/2639/2639 902/902/902 2638/2638/2638
f 2367/2367/2367 1766/1766/1766 2640/2640/2640
f 2367/2367/2367 1764/1764/1764 1766/1766/1766
f 1056/1056/1056 2145/2145/2145 1054/1054/1054
f 2146/2146/2146 2145/2145/2145 1056/1056/1056
f 990/990/990 2012/2012/2012 988/988/988
f 990/990/990 2015/2015/2015 2012/2012/2012
f 2626/2626/2626 662/662/662 641/641/641
f 2626/2626/2626 2542/2542/2542 662/662/662
f 1464/1464/1464 349/349/349 351/351/351
f 2555/2555/2555 349/349/349 1464/1464/1464
f 2641/2641/2641 2234/2234/2234 2469/2469/2469
f 1034/1034/1034 821/821/821 820/820/820
f 2642/2642/2642 2234/2234/2234 2641/2641/2641
f 1034/1034/1034 2642/2642/2642 821/821/821
f 1034/1034/1034 2234/2234/2234 2642/2642/2642
f 55/55/55 1098/1098/1098 2030/2030/2030
f 387/387/387 531/531/531 388/388/388
f 387/387/387 860/860/860 531/531/531
f 55/55/55 2643/2643/2643 2644/2644/2644
f 2262/2262/2262 2616/2616/2616 2617/2617/2617
f 2262/2262/2262 1862/1862/1862 2616/2616/2616
f 1394/1394/1394 1423/1423/1423 1397/1397/1397
f 2645/2645/2645 1423/1423/1423 1394/1394/1394
f 1932/1932/1932 2561/2561/2561 2387/2387/2387
f 1931/1931/1931 2646/2646/2646 1932/1932/1932
f 2646/2646/2646 2647/2647/2647 1932/1932/1932
f 2647/2647/2647 2648/2648/2648 1932/1932/1932
f 2648/2648/2648 2561/2561/2561 1932/1932/1932
f 1135/1135/1135 2649/2649/2649 1138/1138/1138
f 1784/1784/1784 2649/2649/2649 1135/1135/1135
f 2650/2650/2650 2473/2473/2473 2552/2552/2552
f 2650/2650/2650 2290/2290/2290 2473/2473/2473
f 1663/1663/1663 1872/1872/1872 2578/2578/2578
f 1288/1288/1288 1872/1872/1872 1663/1663/1663
f 47/47/47 2651/2651/2651 2652/2652/2652
f 2259/2259/2259 2131/2131/2131 2132/2132/2132
f 2077/2077/2077 2131/2131/2131 2259/2259/2259
f 2252/2252/2252 2423/2423/2423 2424/2424/2424
f 2253/2253/2253 2423/2423/2423 2252/2252/2252
f 2653/2653/2653 1454/1454/1454 1451/1451/1451
f 2653/2653/2653 2654/2654/2654 1454/1454/1454
f 2595/2595/2595 2036/2036/2036 2038/2038/2038
f 2597/2597/2597 2036/2036/2036 2595/2595/2595
f 2655/2655/2655 1233/1233/1233 1235/1235/1235
f 151/151/151 2656/2656/2656 152/152/152
f 151/151/151 2657/2657/2657 2656/2656/2656
f 2657/2657/2657 1233/1233/1233 2655/2655/2655
f 151/151/151 1233/1233/1233 2657/2657/2657
f 55/55/55 1823/1823/1823 1822/1822/1822
f 833/833/833 393/393/393 2306/2306/2306
f 833/833/833 832/832/832 393/393/393
f 893/893/893 7/7/7 894/894/894
f 893/893/893 5/5/5 7/7/7
f 1693/1693/1693 2237/2237/2237 1584/1584/1584
f 1693/1693/1693 1695/1695/1695 2237/2237/2237
f 2305/2305/2305 646/646/646 2658/2658/2658
f 2305/2305/2305 644/644/644 646/646/646
f 55/55/55 2503/2503/2503 2659/2659/2659
f 754/754/754 1377/1377/1377 1788/1788/1788
f 756/756/756 1377/1377/1377 754/754/754
f 1415/1415/1415 1702/1702/1702 1504/1504/1504
f 1415/1415/1415 1414/1414/1414 1702/1702/1702
f 2445/2445/2445 1675/1675/1675 2630/2630/2630
f 2449/2449/2449 2660/2660/2660 2445/2445/2445
f 2660/2660/2660 2661/2661/2661 2445/2445/2445
f 2661/2661/2661 1676/1676/1676 2445/2445/2445
f 1676/1676/1676 1675/1675/1675 2445/2445/2445
f 2662/2662/2662 2189/2189/2189 2663/2663/2663
f 2190/2190/2190 2189/2189/2189 2662/2662/2662
f 2664/2664/2664 2082/2082/2082 2207/2207/2207
f 290/290/290 2082/2082/2082 2664/2664/2664
f 688/688/688 2516/2516/2516 2560/2560/2560
f 688/688/688 689/689/689 2516/2516/2516
f 2625/2625/2625 202/202/202 199/199/199
f 1308/1308/1308 202/202/202 2625/2625/2625
f 219/219/219 1176/1176/1176 222/222/222
f 1177/1177/1177 1176/1176/1176 219/219/219
f 539/539/539 2430/2430/2430 540/540/540
f 539/539/539 2429/2429/2429 2430/2430/2430
f 2665/2665/2665 1439/1439/1439 1387/1387/1387
f 2665/2665/2665 1442/1442/1442 1439/1439/1439
f 47/47/47 2666/2666/2666 2667/2667/2667
f 1928/1928/1928 2281/2281/2281 2342/2342/2342
f 1928/1928/1928 2500/2500/2500 2281/2281/2281
f 2500/2500/2500 2501/2501/2501 2281/2281/2281
f 2501/2501/2501 2668/2668/2668 2281/2281/2281
f 2668/2668/2668 2280/2280/2280 2281/2281/2281
f 47/47/47 267/267/267 269/269/269
f 1464/1464/1464 2612/2612/2612 1465/1465/1465
f 1464/1464/1464 351/351/351 2612/2612/2612
f 1682/1682/1682 2669/2669/2669 1681/1681/1681
f 1682/1682/1682 428/428/428 2669/2669/2669
f 1459/1459/1459 2411/2411/2411 839/839/839
f 1459/1459/1459 2412/2412/2412 2411/2411/2411
f 1378/1378/1378 2165/2165/2165 609/609/609
f 2193/2193/2193 2165/2165/2165 1378/1378/1378
f 308/308/308 633/633/633 260/260/260
f 308/308/308 2531/2531/2531 633/633/633
f 2531/2531/2531 2670/2670/2670 633/633/633
f 2670/2670/2670 1273/1273/1273 633/633/633
f 1273/1273/1273 997/997/997 633/633/633
f 1525/1525/1525 2181/2181/2181 1884/1884/1884
f 746/746/746 2181/2181/2181 1525/1525/1525
f 1653/1653/1653 2215/2215/2215 1734/1734/1734
f 1653/1653/1653 1655/1655/1655 2215/2215/2215
f 2671/2671/2671 686/686/686 2610/2610/2610
f 2671/2671/2671 684/684/684 686/686/686
f 47/47/47 2672/2672/2672 2022/2022/2022
f 1319/1319/1319 2134/2134/2134 1630/1630/1630
f 1318/1318/1318 2134/2134/2134 1319/1319/1319
f 2291/2291/2291 1937/1937/1937 2292/2292/2292
f 2291/2291/2291 1940/1940/1940 1937/1937/1937
f 2673/2673/2673 926/926/926 2674/2674/2674
f 2673/2673/2673 2675/2675/2675 926/926/926
f 2675/2675/2675 2676/2676/2676 926/926/926
f 2676/2676/2676 2677/2677/2677 926/926/926
f 2677/2677/2677 927/927/927 926/926/926
f 2187/2187/2187 1728/1728/1728 1730/1730/1730
f 2187/2187/2187 2678/2678/2678 1728/1728/1728
f 2679/2679/2679 55/55/55 2172/2172/2172
f 2211/2211/2211 165/165/165 2680/2680/2680
f 2211/2211/2211 1348/1348/1348 165/165/165
f 1633/1633/1633 1594/1594/1594 1595/1595/1595
f 1633/1633/1633 1634/1634/1634 1594/1594/1594
f 2480/2480/2480 2681/2681/2681 2682/2682/2682
f 2359/2359/2359 2681/2681/2681 2480/2480/2480
f 194/194/194 553/553/553 192/192/192
f 1750/1750/1750 553/553/553 194/194/194
f 18/18/18 1205/1205/1205 19/19/19
f 18/18/18 1207/1207/1207 1205/1205/1205
f 654/654/654 2391/2391/2391 657/657/657
f 864/864/864 2391/2391/2391 654/654/654
f 752/752/752 2155/2155/2155 2683/2683/2683
f 2684/2684/2684 2155/2155/2155 752/752/752
f 2685/2685/2685 225/225/225 741/741/741
f 2686/2686/2686 225/225/225 2685/2685/2685
f 2259/2259/2259 589/589/589 591/591/591
f 2259/2259/2259 2132/2132/2132 589/589/589
f 2687/2687/2687 985/985/985 1975/1975/1975
f 983/983/983 985/985/985 2687/2687/2687
f 553/553/553 496/496/496 192/192/192
f 553/553/553 555/555/555 496/496/496
f 2688/2688/2688 1080/1080/1080 1082/1082/1082
f 2689/2689/2689 1558/1558/1558 1557/1557/1557
f 2689/2689/2689 2690/2690/2690 1558/1558/1558
f 2690/2690/2690 1080/1080/1080 2688/2688/2688
f 2689/2689/2689 1080/1080/1080 2690/2690/2690
f 2691/2691/2691 188/188/188 190/190/190
f 2691/2691/2691 2692/2692/2692 188/188/188
f 2693/2693/2693 724/724/724 726/726/726
f 2694/2694/2694 724/724/724 2693/2693/2693
f 2695/2695/2695 1112/1112/1112 2696/2696/2696
f 2695/2695/2695 2697/2697/2697 1112/1112/1112
f 1681/1681/1681 1321/1321/1321 766/766/766
f 1681/1681/1681 2669/2669/2669 1321/1321/1321
f 168/168/168 2182/2182/2182 2698/2698/2698
f 1349/1349/1349 2182/2182/2182 168/168/168
f 98/98/98 450/450/450 99/99/99
f 98/98/98 1841/1841/1841 450/450/450
f 2699/2699/2699 2700/2700/2700 2701/2701/2701
f 2699/2699/2699 2702/2702/2702 2700/2700/2700
f 778/778/778 1181/1181/1181 1316/1316/1316
f 778/778/778 1400/1400/1400 1181/1181/1181
f 2703/2703/2703 2704/2704/2704 2705/2705/2705
f 2703/2703/2703 2706/2706/2706 2704/2704/2704
f 6/6/6 2707/2707/2707 2708/2708/2708
f 8/8/8 2707/2707/2707 6/6/6
f 2709/2709/2709 1191/1191/1191 1924/1924/1924
f 1192/1192/1192 1191/1191/1191 2709/2709/2709
f 373/373/373 568/568/568 599/599/599
f 373/373/373 1368/1368/1368 568/568/568
f 55/55/55 2710/2710/2710 2711/2711/2711
f 196/196/196 2380/2380/2380 1560/1560/1560
f 196/196/196 280/280/280 2380/2380/2380
f 1298/1298/1298 1175/1175/1175 2712/2712/2712
f 1048/1048/1048 1175/1175/1175 1298/1298/1298
f 47/47/47 2713/2713/2713 2714/2714/2714
f 55/55/55 2715/2715/2715 996/996/996
f 1629/1629/1629 1777/1777/1777 2065/2065/2065
f 1629/1629/1629 1628/1628/1628 1777/1777/1777
f 645/645/645 2716/2716/2716 2717/2717/2717
f 647/647/647 2716/2716/2716 645/645/645
f 2592/2592/2592 97/97/97 2532/2532/2532
f 2589/2589/2589 97/97/97 2592/2592/2592
f 1725/1725/1725 1201/1201/1201 1203/1203/1203
f 2718/2718/2718 1201/1201/1201 1725/1725/1725
f 924/924/924 2351/2351/2351 925/925/925
f 924/924/924 2314/2314/2314 2351/2351/2351
f 2314/2314/2314 2719/2719/2719 2351/2351/2351
f 2314/2314/2314 2130/2130/2130 2719/2719/2719
f 1997/1997/1997 1639/1639/1639 1641/1641/1641
f 2720/2720/2720 1639/1639/1639 1997/1997/1997
f 2721/2721/2721 2722/2722/2722 2723/2723/2723
f 2724/2724/2724 1580/1580/1580 2323/2323/2323
f 1581/1581/1581 2722/2722/2722 2721/2721/2721
f 2724/2724/2724 1581/1581/1581 1580/1580/1580
f 2724/2724/2724 2722/2722/2722 1581/1581/1581
f 55/55/55 2725/2725/2725 2726/2726/2726
f 662/662/662 2543/2543/2543 665/665/665
f 2542/2542/2542 2543/2543/2543 662/662/662
f 2488/2488/2488 2510/2510/2510 2509/2509/2509
f 2488/2488/2488 2727/2727/2727 2510/2510/2510
f 2728/2728/2728 2729/2729/2729 2730/2730/2730
f 2728/2728/2728 2508/2508/2508 2729/2729/2729
f 55/55/55 2178/2178/2178 2177/2177/2177
f 2731/2731/2731 2100/2100/2100 2102/2102/2102
f 2731/2731/2731 2732/2732/2732 2100/2100/2100
f 2733/2733/2733 258/258/258 255/255/255
f 2734/2734/2734 258/258/258 2733/2733/2733
f 1402/1402/1402 1516/1516/1516 1518/1518/1518
f 1402/1402/1402 2735/2735/2735 1516/1516/1516
f 1099/1099/1099 492/492/492 489/489/489
f 1099/1099/1099 1844/1844/1844 492/492/492
f 55/55/55 2648/2648/2648 2647/2647/2647
f 1854/1854/1854 2709/2709/2709 2137/2137/2137
f 1430/1430/1430 2709/2709/2709 1854/1854/1854
f 1728/1728/1728 2736/2736/2736 629/629/629
f 2678/2678/2678 2736/2736/2736 1728/1728/1728
f 1708/1708/1708 1160/1160/1160 1585/1585/1585
f 1708/1708/1708 1161/1161/1161 1160/1160/1160
f 850/850/850 2737/2737/2737 1092/1092/1092
f 850/850/850 851/851/851 2737/2737/2737
f 2325/2325/2325 1677/1677/1677 1679/1679/1679
f 2327/2327/2327 1677/1677/1677 2325/2325/2325
f 1830/1830/1830 2738/2738/2738 2266/2266/2266
f 1830/1830/1830 2304/2304/2304 2738/2738/2738
f 1426/1426/1426 2739/2739/2739 2740/2740/2740
f 1426/1426/1426 2341/2341/2341 2739/2739/2739
f 60/60/60 2594/2594/2594 715/715/715
f 62/62/62 2594/2594/2594 60/60/60
f 380/380/380 2741/2741/2741 1944/1944/1944
f 380/380/380 2742/2742/2742 2741/2741/2741
f 55/55/55 1230/1230/1230 1229/1229/1229
f 223/223/223 2743/2743/2743 226/226/226
f 2744/2744/2744 2743/2743/2743 223/223/223
f 2745/2745/2745 1386/1386/1386 1255/1255/1255
f 2745/2745/2745 1389/1389/1389 1386/1386/1386
f 2662/2662/2662 2046/2046/2046 2043/2043/2043
f 2662/2662/2662 2663/2663/2663 2046/2046/2046
f 47/47/47 1866/1866/1866 2746/2746/2746
f 2747/2747/2747 1533/1533/1533 1535/1535/1535
f 2747/2747/2747 2608/2608/2608 1533/1533/1533
f 962/962/962 1906/1906/1906 2564/2564/2564
f 2748/2748/2748 1906/1906/1906 962/962/962
f 55/55/55 1931/1931/1931 1936/1936/1936
f 1049/1049/1049 1175/1175/1175 1048/1048/1048
f 1049/1049/1049 1174/1174/1174 1175/1175/1175
f 1849/1849/1849 2276/2276/2276 768/768/768
f 1849/1849/1849 1851/1851/1851 2276/2276/2276
f 2145/2145/2145 2043/2043/2043 2045/2045/2045
f 2147/2147/2147 2043/2043/2043 2145/2145/2145
f 47/47/47 2074/2074/2074 2749/2749/2749
f 2669/2669/2669 2410/2410/2410 1321/1321/1321
f 2669/2669/2669 1783/1783/1783 2410/2410/2410
f 1120/1120/1120 1050/1050/1050 2418/2418/2418
f 1120/1120/1120 1052/1052/1052 1050/1050/1050
f 1644/1644/1644 177/177/177 2750/2750/2750
f 1644/1644/1644 365/365/365 177/177/177
f 2332/2332/2332 2751/2751/2751 2333/2333/2333
f 2332/2332/2332 2752/2752/2752 2751/2751/2751
f 1924/1924/1924 1894/1894/1894 2199/2199/2199
f 1924/1924/1924 915/915/915 1894/1894/1894
f 2183/2183/2183 1616/1616/1616 1264/1264/1264
f 2753/2753/2753 1616/1616/1616 2183/2183/2183
f 1928/1928/1928 55/55/55 2500/2500/2500
f 314/314/314 2581/2581/2581 1157/1157/1157
f 314/314/314 1946/1946/1946 2581/2581/2581
f 888/888/888 669/669/669 2458/2458/2458
f 888/888/888 890/890/890 669/669/669
f 2754/2754/2754 332/332/332 334/334/334
f 2754/2754/2754 1785/1785/1785 332/332/332
f 1972/1972/1972 2031/2031/2031 372/372/372
f 1972/1972/1972 2326/2326/2326 2031/2031/2031
f 2376/2376/2376 1065/1065/1065 2608/2608/2608
f 2376/2376/2376 1774/1774/1774 1065/1065/1065
f 2755/2755/2755 159/159/159 394/394/394
f 2755/2755/2755 157/157/157 159/159/159
f 1996/1996/1996 1333/1333/1333 661/661/661
f 1996/1996/1996 1332/1332/1332 1333/1333/1333
f 47/47/47 2232/2232/2232 2633/2633/2633
f 47/47/47 2756/2756/2756 2757/2757/2757
f 779/779/779 1316/1316/1316 1484/1484/1484
f 779/779/779 778/778/778 1316/1316/1316
f 2758/2758/2758 2759/2759/2759 2760/2760/2760
f 2761/2761/2761 2759/2759/2759 2758/2758/2758
f 2228/2228/2228 2475/2475/2475 2762/2762/2762
f 1649/1649/1649 2475/2475/2475 2228/2228/2228
f 2594/2594/2594 713/713/713 715/715/715
f 2594/2594/2594 2328/2328/2328 713/713/713
f 2476/2476/2476 1112/1112/1112 1109/1109/1109
f 2696/2696/2696 1112/1112/1112 2476/2476/2476
f 55/55/55 231/231/231 2557/2557/2557
f 2204/2204/2204 417/417/417 2205/2205/2205
f 2204/2204/2204 2763/2763/2763 417/417/417
f 55/55/55 186/186/186 2764/2764/2764
f 721/721/721 2765/2765/2765 1752/1752/1752
f 1125/1125/1125 2765/2765/2765 721/721/721
f 2333/2333/2333 478/478/478 2766/2766/2766
f 2333/2333/2333 2751/2751/2751 478/478/478
f 2767/2767/2767 2768/2768/2768 2769/2769/2769
f 2770/2770/2770 2768/2768/2768 2767/2767/2767
f 1701/1701/1701 1705/1705/1705 2063/2063/2063
f 1703/1703/1703 1705/1705/1705 1701/1701/1701
f 1590/1590/1590 2474/2474/2474 1591/1591/1591
f 1590/1590/1590 2312/2312/2312 2474/2474/2474
f 205/205/205 101/101/101 2254/2254/2254
f 205/205/205 207/207/207 101/101/101
f 2493/2493/2493 1284/1284/1284 1282/1282/1282
f 1967/1967/1967 1284/1284/1284 2493/2493/2493
f 540/540/540 1664/1664/1664 1666/1666/1666
f 540/540/540 2430/2430/2430 1664/1664/1664
f 1918/1918/1918 1453/1453/1453 2507/2507/2507
f 1918/1918/1918 1451/1451/1451 1453/1453/1453
f 2330/2330/2330 294/294/294 632/632/632
f 2330/2330/2330 292/292/292 294/294/294
f 1898/1898/1898 327/327/327 1813/1813/1813
f 1898/1898/1898 325/325/325 327/327/327
f 2128/2128/2128 1834/1834/1834 1835/1835/1835
f 2128/2128/2128 2479/2479/2479 1834/1834/1834
f 2296/2296/2296 2771/2771/2771 2772/2772/2772
f 2295/2295/2295 2771/2771/2771 2296/2296/2296
f 2773/2773/2773 2774/2774/2774 2775/2775/2775
f 1031/1031/1031 1492/1492/1492 1494/1494/1494
f 1030/1030/1030 1492/1492/1492 1031/1031/1031
f 2773/2773/2773 1030/1030/1030 2774/2774/2774
f 2773/2773/2773 1492/1492/1492 1030/1030/1030
f 55/55/55 1740/1740/1740 1739/1739/1739
f 2776/2776/2776 284/284/284 1779/1779/1779
f 2776/2776/2776 287/287/287 284/284/284
f 742/742/742 1307/1307/1307 1308/1308/1308
f 744/744/744 1307/1307/1307 742/742/742
f 1267/1267/1267 2636/2636/2636 1268/1268/1268
f 2635/2635/2635 2636/2636/2636 1267/1267/1267
f 1850/1850/1850 2777/2777/2777 2778/2778/2778
f 2618/2618/2618 2777/2777/2777 1850/1850/1850
f 2365/2365/2365 20/20/20 17/17/17
f 2779/2779/2779 20/20/20 2365/2365/2365
f 328/328/328 2780/2780/2780 2781/2781/2781
f 900/900/900 2780/2780/2780 328/328/328
f 1630/1630/1630 2133/2133/2133 2782/2782/2782
f 2134/2134/2134 2133/2133/2133 1630/1630/1630
f 693/693/693 2095/2095/2095 1979/1979/1979
f 2094/2094/2094 2095/2095/2095 693/693/693
f 1173/1173/1173 2783/2783/2783 1171/1171/1171
f 1173/1173/1173 2784/2784/2784 2783/2783/2783
f 2114/2114/2114 2785/2785/2785 2786/2786/2786
f 2114/2114/2114 2685/2685/2685 2785/2785/2785
f 2393/2393/2393 55/55/55 1792/1792/1792
f 2787/2787/2787 2700/2700/2700 2788/2788/2788
f 2701/2701/2701 2700/2700/2700 2787/2787/2787
f 2738/2738/2738 2789/2789/2789 2790/2790/2790
f 2304/2304/2304 2789/2789/2789 2738/2738/2738
f 1534/1534/1534 1062/1062/1062 2791/2791/2791
f 1533/1533/1533 1062/1062/1062 1534/1534/1534
f 822/822/822 2792/2792/2792 825/825/825
f 532/532/532 2792/2792/2792 822/822/822
f 2793/2793/2793 612/612/612 1746/1746/1746
f 2793/2793/2793 1963/1963/1963 612/612/612
f 2474/2474/2474 1717/1717/1717 2794/2794/2794
f 2312/2312/2312 1717/1717/1717 2474/2474/2474
f 1140/1140/1140 1523/1523/1523 1141/1141/1141
f 1140/1140/1140 1943/1943/1943 1523/1523/1523
f 2505/2505/2505 673/673/673 670/670/670
f 2505/2505/2505 2188/2188/2188 673/673/673
f 2286/2286/2286 2784/2784/2784 1173/1173/1173
f 2286/2286/2286 2795/2795/2795 2784/2784/2784
f 2652/2652/2652 1032/1032/1032 2796/2796/2796
f 2042/2042/2042 2714/2714/2714 2713/2713/2713
f 2651/2651/2651 1032/1032/1032 2652/2652/2652
f 2042/2042/2042 2651/2651/2651 2714/2714/2714
f 2042/2042/2042 1032/1032/1032 2651/2651/2651
f 1856/1856/1856 1123/1123/1123 2322/2322/2322
f 1856/1856/1856 1126/1126/1126 1123/1123/1123
f 2081/2081/2081 720/720/720 1340/1340/1340
f 1760/1760/1760 720/720/720 2081/2081/2081
f 2072/2072/2072 771/771/771 525/525/525
f 2072/2072/2072 2052/2052/2052 771/771/771
f 2639/2639/2639 2797/2797/2797 902/902/902
f 1250/1250/1250 2797/2797/2797 2639/2639/2639
f 2798/2798/2798 747/747/747 1524/1524/1524
f 2799/2799/2799 747/747/747 2798/2798/2798
f 2697/2697/2697 1110/1110/1110 1112/1112/1112
f 2697/2697/2697 1532/1532/1532 1110/1110/1110
f 431/431/431 2344/2344/2344 1971/1971/1971
f 432/432/432 2344/2344/2344 431/431/431
f 60/60/60 137/137/137 139/139/139
f 60/60/60 715/715/715 137/137/137
f 1191/1191/1191 2800/2800/2800 913/913/913
f 1193/1193/1193 2800/2800/2800 1191/1191/1191
f 2801/2801/2801 1010/1010/1010 2484/2484/2484
f 2801/2801/2801 1008/1008/1008 1010/1010/1010
f 825/825/825 2588/2588/2588 2585/2585/2585
f 2792/2792/2792 2588/2588/2588 825/825/825
f 526/526/526 1067/1067/1067 1066/1066/1066
f 526/526/526 528/528/528 1067/1067/1067
f 2636/2636/2636 2601/2601/2601 1268/1268/1268
f 2636/2636/2636 2603/2603/2603 2601/2601/2601
f 625/625/625 2802/2802/2802 2217/2217/2217
f 2803/2803/2803 270/270/270 272/272/272
f 625/625/625 2804/2804/2804 2802/2802/2802
f 2804/2804/2804 270/270/270 2803/2803/2803
f 625/625/625 270/270/270 2804/2804/2804
f 2223/2223/2223 1286/1286/1286 200/200/200
f 2223/2223/2223 1317/1317/1317 1286/1286/1286
f 1219/1219/1219 101/101/101 103/103/103
f 2254/2254/2254 101/101/101 1219/1219/1219
f 1776/1776/1776 2805/2805/2805 2806/2806/2806
f 1775/1775/1775 2805/2805/2805 1776/1776/1776
f 478/478/478 2494/2494/2494 481/481/481
f 2751/2751/2751 2494/2494/2494 478/478/478
f 2681/2681/2681 161/161/161 2682/2682/2682
f 2681/2681/2681 179/179/179 161/161/161
f 1602/1602/1602 1976/1976/1976 1605/1605/1605
f 691/691/691 1976/1976/1976 1602/1602/1602
f 2239/2239/2239 450/450/450 447/447/447
f 99/99/99 450/450/450 2239/2239/2239
f 1977/1977/1977 227/227/227 1978/1978/1978
f 1977/1977/1977 1986/1986/1986 227/227/227
f 1190/1190/1190 2807/2807/2807 1193/1193/1193
f 1482/1482/1482 1347/1347/1347 1190/1190/1190
f 1347/1347/1347 1346/1346/1346 1190/1190/1190
f 1346/1346/1346 2808/2808/2808 1190/1190/1190
f 2808/2808/2808 2807/2807/2807 1190/1190/1190
f 1411/1411/1411 578/578/578 1458/1458/1458
f 1411/1411/1411 581/581/581 578/578/578
f 380/380/380 384/384/384 2742/2742/2742
f 382/382/382 384/384/384 380/380/380
f 1348/1348/1348 1637/1637/1637 1349/1349/1349
f 2212/2212/2212 1637/1637/1637 1348/1348/1348
f 2226/2226/2226 730/730/730 1721/1721/1721
f 2226/2226/2226 733/733/733 730/730/730
f 47/47/47 2119/2119/2119 2117/2117/2117
f 1161/1161/1161 1380/1380/1380 906/906/906
f 1379/1379/1379 1380/1380/1380 1161/1161/1161
f 869/869/869 238/238/238 586/586/586
f 869/869/869 871/871/871 238/238/238
f 2809/2809/2809 458/458/458 2058/2058/2058
f 2809/2809/2809 459/459/459 458/458/458
f 47/47/47 2796/2796/2796 48/48/48
f 2426/2426/2426 706/706/706 1127/1127/1127
f 414/414/414 706/706/706 2426/2426/2426
f 659/659/659 1333/1333/1333 1877/1877/1877
f 661/661/661 1333/1333/1333 659/659/659
f 1738/1738/1738 55/55/55 1739/1739/1739
f 2810/2810/2810 2232/2232/2232 2023/2023/2023
f 2634/2634/2634 403/403/403 2811/2811/2811
f 2633/2633/2633 403/403/403 2634/2634/2634
f 2810/2810/2810 2633/2633/2633 2232/2232/2232
f 2810/2810/2810 403/403/403 2633/2633/2633
f 1304/1304/1304 2812/2812/2812 1305/1305/1305
f 1304/1304/1304 2813/2813/2813 2812/2812/2812
f 1280/1280/1280 2478/2478/2478 1281/1281/1281
f 1496/1496/1496 1406/1406/1406 1405/1405/1405
f 2814/2814/2814 2478/2478/2478 1280/1280/1280
f 1496/1496/1496 2814/2814/2814 1406/1406/1406
f 1496/1496/1496 2478/2478/2478 2814/2814/2814
f 1784/1784/1784 2017/2017/2017 2649/2649/2649
f 2018/2018/2018 2017/2017/2017 1784/1784/1784
f 2067/2067/2067 1758/1758/1758 1757/1757/1757
f 2815/2815/2815 1274/1274/1274 1643/1643/1643
f 2067/2067/2067 2816/2816/2816 1758/1758/1758
f 2816/2816/2816 1274/1274/1274 2815/2815/2815
f 2067/2067/2067 1274/1274/1274 2816/2816/2816
f 2264/2264/2264 2421/2421/2421 2265/2265/2265
f 353/353/353 2817/2817/2817 2242/2242/2242
f 2818/2818/2818 2421/2421/2421 2264/2264/2264
f 353/353/353 2818/2818/2818 2817/2817/2817
f 353/353/353 2421/2421/2421 2818/2818/2818
f 1960/1960/1960 55/55/55 1961/1961/1961
f 2619/2619/2619 55/55/55 2620/2620/2620
f 1648/1648/1648 2475/2475/2475 1649/1649/1649
f 1648/1648/1648 2476/2476/2476 2475/2475/2475
f 2276/2276/2276 1576/1576/1576 854/854/854
f 2276/2276/2276 1582/1582/1582 1576/1576/1576
f 2356/2356/2356 2033/2033/2033 2210/2210/2210
f 2356/2356/2356 2357/2357/2357 2033/2033/2033
f 1435/1435/1435 1882/1882/1882 1883/1883/1883
f 1435/1435/1435 1437/1437/1437 1882/1882/1882
f 756/756/756 1375/1375/1375 1377/1377/1377
f 732/732/732 1375/1375/1375 756/756/756
f 2041/2041/2041 637/637/637 740/740/740
f 2041/2041/2041 2040/2040/2040 637/637/637
f 2778/2778/2778 1693/1693/1693 2277/2277/2277
f 2778/2778/2778 1696/1696/1696 1693/1693/1693
f 2575/2575/2575 2819/2819/2819 1450/1450/1450
f 2820/2820/2820 2819/2819/2819 2575/2575/2575
f 638/638/638 1047/1047/1047 2821/2821/2821
f 638/638/638 925/925/925 1047/1047/1047
f 2060/2060/2060 1360/1360/1360 2822/2822/2822
f 1361/1361/1361 1360/1360/1360 2060/2060/2060
f 1338/1338/1338 2550/2550/2550 1747/1747/1747
f 2551/2551/2551 2550/2550/2550 1338/1338/1338
f 47/47/47 2069/2069/2069 2070/2070/2070
f 381/381/381 1944/1944/1944 1945/1945/1945
f 381/381/381 380/380/380 1944/1944/1944
f 1481/1481/1481 1221/1221/1221 1223/1223/1223
f 1481/1481/1481 2823/2823/2823 1221/1221/1221
f 2426/2426/2426 1129/1129/1129 1613/1613/1613
f 2426/2426/2426 1127/1127/1127 1129/1129/1129
f 2824/2824/2824 1385/1385/1385 2825/2825/2825
f 634/634/634 1385/1385/1385 2824/2824/2824
f 882/882/882 2826/2826/2826 883/883/883
f 2827/2827/2827 2388/2388/2388 2284/2284/2284
f 882/882/882 2828/2828/2828 2826/2826/2826
f 2828/2828/2828 2388/2388/2388 2827/2827/2827
f 882/882/882 2388/2388/2388 2828/2828/2828
f 125/125/125 2829/2829/2829 2361/2361/2361
f 127/127/127 2829/2829/2829 125/125/125
f 1903/1903/1903 89/89/89 1901/1901/1901
f 1903/1903/1903 549/549/549 89/89/89
f 1483/1483/1483 2223/2223/2223 1309/1309/1309
f 1483/1483/1483 1484/1484/1484 2223/2223/2223
f 637/637/637 2830/2830/2830 640/640/640
f 2040/2040/2040 2830/2830/2830 637/637/637
f 1606/1606/1606 790/790/790 1669/1669/1669
f 1606/1606/1606 1950/1950/1950 790/790/790
f 2286/2286/2286 2348/2348/2348 2795/2795/2795
f 2271/2271/2271 2348/2348/2348 2286/2286/2286
f 2704/2704/2704 2001/2001/2001 901/901/901
f 2706/2706/2706 2001/2001/2001 2704/2704/2704
f 2228/2228/2228 1537/1537/1537 1536/1536/1536
f 2228/2228/2228 2762/2762/2762 1537/1537/1537
f 322/322/322 2507/2507/2507 323/323/323
f 322/322/322 1918/1918/1918 2507/2507/2507
f 874/874/874 1999/1999/1999 2000/2000/2000
f 875/875/875 1999/1999/1999 874/874/874
f 1270/1270/1270 522/522/522 524/524/524
f 1272/1272/1272 522/522/522 1270/1270/1270
f 206/206/206 662/662/662 664/664/664
f 641/641/641 662/662/662 206/206/206
f 1149/1149/1149 1322/1322/1322 2288/2288/2288
f 764/764/764 1322/1322/1322 1149/1149/1149
f 1999/1999/1999 658/658/658 660/660/660
f 170/170/170 658/658/658 1999/1999/1999
f 2385/2385/2385 55/55/55 2386/2386/2386
f 1042/1042/1042 55/55/55 2627/2627/2627
f 464/464/464 64/64/64 66/66/66
f 464/464/464 2831/2831/2831 64/64/64
f 2304/2304/2304 1147/1147/1147 2789/2789/2789
f 1148/1148/1148 1147/1147/1147 2304/2304/2304
f 1987/1987/1987 1089/1089/1089 1985/1985/1985
f 1087/1087/1087 1089/1089/1089 1987/1987/1987
f 2123/2123/2123 749/749/749 2486/2486/2486
f 2124/2124/2124 749/749/749 2123/2123/2123
f 1799/1799/1799 910/910/910 912/912/912
f 1799/1799/1799 574/574/574 910/910/910
f 455/455/455 55/55/55 456/456/456
f 280/280/280 208/208/208 2380/2380/2380
f 280/280/280 279/279/279 208/208/208
f 2832/2832/2832 1743/1743/1743 1744/1744/1744
f 2833/2833/2833 1743/1743/1743 2832/2832/2832
f 129/129/129 1299/1299/1299 1981/1981/1981
f 1667/1667/1667 1299/1299/1299 129/129/129
f 2834/2834/2834 1093/1093/1093 1542/1542/1542
f 2834/2834/2834 259/259/259 1093/1093/1093
f 2013/2013/2013 2360/2360/2360 2417/2417/2417
f 806/806/806 2360/2360/2360 2013/2013/2013
f 1886/1886/1886 1793/1793/1793 2835/2835/2835
f 1886/1886/1886 946/946/946 1793/1793/1793
f 1537/1537/1537 1327/1327/1327 2389/2389/2389
f 2762/2762/2762 1327/1327/1327 1537/1537/1537
f 2623/2623/2623 55/55/55 2836/2836/2836
f 593/593/593 2367/2367/2367 2640/2640/2640
f 2368/2368/2368 2367/2367/2367 593/593/593
f 4/4/4 2638/2638/2638 2/2/2
f 4/4/4 2639/2639/2639 2638/2638/2638
f 285/285/285 1460/1460/1460 286/286/286
f 285/285/285 840/840/840 1460/1460/1460
f 2837/2837/2837 55/55/55 2838/2838/2838
f 708/708/708 2839/2839/2839 1704/1704/1704
f 708/708/708 2840/2840/2840 2839/2839/2839
f 927/927/927 55/55/55 928/928/928
f 1393/1393/1393 2335/2335/2335 104/104/104
f 1393/1393/1393 2186/2186/2186 2335/2335/2335
f 2485/2485/2485 490/490/490 1306/1306/1306
f 491/491/491 490/490/490 2485/2485/2485
f 2738/2738/2738 2799/2799/2799 2506/2506/2506
f 2738/2738/2738 2790/2790/2790 2799/2799/2799
f 2841/2841/2841 1057/1057/1057 1059/1059/1059
f 937/937/937 1057/1057/1057 2841/2841/2841
f 1559/1559/1559 196/196/196 1560/1560/1560
f 197/197/197 196/196/196 1559/1559/1559
f 2716/2716/2716 2694/2694/2694 2693/2693/2693
f 2842/2842/2842 2694/2694/2694 2716/2716/2716
f 2797/2797/2797 905/905/905 902/902/902
f 2797/2797/2797 2080/2080/2080 905/905/905
f 2843/2843/2843 2203/2203/2203 2844/2844/2844
f 2843/2843/2843 2206/2206/2206 2203/2203/2203
f 1208/1208/1208 2125/2125/2125 2126/2126/2126
f 1208/1208/1208 2252/2252/2252 2125/2125/2125
f 2377/2377/2377 1723/1723/1723 1724/1724/1724
f 2377/2377/2377 2845/2845/2845 1723/1723/1723
f 1578/1578/1578 2164/2164/2164 1579/1579/1579
f 1578/1578/1578 2419/2419/2419 2164/2164/2164
f 1842/1842/1842 2036/2036/2036 2597/2597/2597
f 1842/1842/1842 2425/2425/2425 2036/2036/2036
f 977/977/977 1573/1573/1573 339/339/339
f 977/977/977 979/979/979 1573/1573/1573
f 1475/1475/1475 2226/2226/2226 1678/1678/1678
f 1475/1475/1475 1477/1477/1477 2226/2226/2226
f 55/55/55 2673/2673/2673 2846/2846/2846
f 177/177/177 364/364/364 180/180/180
f 365/365/365 364/364/364 177/177/177
f 1790/1790/1790 1168/1168/1168 1789/1789/1789
f 1166/1166/1166 1168/1168/1168 1790/1790/1790
f 1697/1697/1697 2590/2590/2590 2840/2840/2840
f 1697/1697/1697 1699/1699/1699 2590/2590/2590
f 1510/1510/1510 1798/1798/1798 1474/1474/1474
f 1510/1510/1510 1512/1512/1512 1798/1798/1798
f 251/251/251 1735/1735/1735 558/558/558
f 1733/1733/1733 1735/1735/1735 251/251/251
f 1850/1850/1850 2277/2277/2277 1851/1851/1851
f 1850/1850/1850 2778/2778/2778 2277/2277/2277
f 2847/2847/2847 952/952/952 2161/2161/2161
f 2847/2847/2847 955/955/955 952/952/952
f 2539/2539/2539 55/55/55 57/57/57
f 47/47/47 1508/1508/1508 1507/1507/1507
f 1237/1237/1237 239/239/239 241/241/241
f 787/787/787 239/239/239 1237/1237/1237
f 47/47/47 1756/1756/1756 2848/2848/2848
f 2612/2612/2612 2847/2847/2847 2849/2849/2849
f 2612/2612/2612 739/739/739 2847/2847/2847
f 1828/1828/1828 2266/2266/2266 1657/1657/1657
f 1828/1828/1828 1830/1830/1830 2266/2266/2266
f 2850/2850/2850 2851/2851/2851 1253/1253/1253
f 655/655/655 2851/2851/2851 2850/2850/2850
f 1121/1121/1121 2852/2852/2852 521/521/521
f 2726/2726/2726 2725/2725/2725 1121/1121/1121
f 2725/2725/2725 2853/2853/2853 1121/1121/1121
f 2853/2853/2853 2854/2854/2854 1121/1121/1121
f 2854/2854/2854 2852/2852/2852 1121/1121/1121
f 1327/1327/1327 120/120/120 2389/2389/2389
f 1327/1327/1327 123/123/123 120/120/120
f 2183/2183/2183 1265/1265/1265 1805/1805/1805
f 2183/2183/2183 1264/1264/1264 1265/1265/1265
f 1566/1566/1566 2855/2855/2855 1569/1569/1569
f 2160/2160/2160 2855/2855/2855 1566/1566/1566
f 674/674/674 2135/2135/2135 677/677/677
f 2574/2574/2574 2135/2135/2135 674/674/674
f 2504/2504/2504 1701/1701/1701 2062/2062/2062
f 1702/1702/1702 1701/1701/1701 2504/2504/2504
f 1247/1247/1247 408/408/408 1248/1248/1248
f 1247/1247/1247 2856/2856/2856 408/408/408
f 1176/1176/1176 2352/2352/2352 1682/1682/1682
f 1178/1178/1178 2352/2352/2352 1176/1176/1176
f 2857/2857/2857 2858/2858/2858 2624/2624/2624
f 1802/1802/1802 2858/2858/2858 2857/2857/2857
f 1403/1403/1403 2735/2735/2735 1402/1402/1402
f 1403/1403/1403 2609/2609/2609 2735/2735/2735
f 2770/2770/2770 939/939/939 2768/2768/2768
f 940/940/940 939/939/939 2770/2770/2770
f 47/47/47 2690/2690/2690 2688/2688/2688
f 2006/2006/2006 777/777/777 2004/2004/2004
f 2006/2006/2006 2116/2116/2116 777/777/777
f 2567/2567/2567 2346/2346/2346 2347/2347/2347
f 2859/2859/2859 2346/2346/2346 2567/2567/2567
f 1920/1920/1920 1884/1884/1884 1369/1369/1369
f 1525/1525/1525 1884/1884/1884 1920/1920/1920
f 2768/2768/2768 676/676/676 2769/2769/2769
f 2768/2768/2768 674/674/674 676/676/676
f 1765/1765/1765 681/681/681 683/683/683
f 1765/1765/1765 501/501/501 681/681/681
f 1195/1195/1195 1016/1016/1016 1015/1015/1015
f 1195/1195/1195 1786/1786/1786 1016/1016/1016
f 2860/2860/2860 2416/2416/2416 2194/2194/2194
f 1468/1468/1468 2416/2416/2416 2860/2860/2860
f 2399/2399/2399 1888/1888/1888 2407/2407/2407
f 2399/2399/2399 857/857/857 1888/1888/1888
f 55/55/55 454/454/454 451/451/451
f 886/886/886 1036/1036/1036 2315/2315/2315
f 886/886/886 1039/1039/1039 1036/1036/1036
f 2187/2187/2187 2861/2861/2861 2678/2678/2678
f 2064/2064/2064 2861/2861/2861 2187/2187/2187
f 592/592/592 2583/2583/2583 2707/2707/2707
f 592/592/592 594/594/594 2583/2583/2583
f 1620/1620/1620 288/288/288 1373/1373/1373
f 1620/1620/1620 291/291/291 288/288/288
f 392/392/392 961/961/961 2862/2862/2862
f 392/392/392 964/964/964 961/961/961
f 2450/2450/2450 693/693/693 690/690/690
f 2450/2450/2450 2094/2094/2094 693/693/693
f 55/55/55 1778/1778/1778 232/232/232
f 1364/1364/1364 2190/2190/2190 2662/2662/2662
f 1366/1366/1366 2190/2190/2190 1364/1364/1364
f 2197/2197/2197 2863/2863/2863 2864/2864/2864
f 2197/2197/2197 2527/2527/2527 2863/2863/2863
f 129/129/129 1467/1467/1467 130/130/130
f 129/129/129 1981/1981/1981 1467/1467/1467
f 629/629/629 2330/2330/2330 632/632/632
f 2736/2736/2736 2330/2330/2330 629/629/629
f 2283/2283/2283 2172/2172/2172 2174/2174/2174
f 1761/1761/1761 2865/2865/2865 2283/2283/2283
f 2865/2865/2865 2866/2866/2866 2283/2283/2283
f 2866/2866/2866 2679/2679/2679 2283/2283/2283
f 2679/2679/2679 2172/2172/2172 2283/2283/2283
f 47/47/47 2867/2867/2867 1755/1755/1755
f 581/581/581 2405/2405/2405 579/579/579
f 1412/1412/1412 2405/2405/2405 581/581/581
f 984/984/984 2868/2868/2868 233/233/233
f 26/26/26 2868/2868/2868 984/984/984
f 700/700/700 1170/1170/1170 1716/1716/1716
f 700/700/700 702/702/702 1170/1170/1170
f 1798/1798/1798 909/909/909 2319/2319/2319
f 1798/1798/1798 912/912/912 909/909/909
f 2869/2869/2869 1760/1760/1760 2870/2870/2870
f 2869/2869/2869 1759/1759/1759 1760/1760/1760
f 2871/2871/2871 2593/2593/2593 2528/2528/2528
f 2872/2872/2872 2593/2593/2593 2871/2871/2871
f 2355/2355/2355 1911/1911/1911 1908/1908/1908
f 2873/2873/2873 1911/1911/1911 2355/2355/2355
f 746/746/746 2849/2849/2849 2181/2181/2181
f 748/748/748 2849/2849/2849 746/746/746
f 113/113/113 2874/2874/2874 1762/1762/1762
f 113/113/113 2875/2875/2875 2874/2874/2874
f 2876/2876/2876 89/89/89 91/91/91
f 1901/1901/1901 89/89/89 2876/2876/2876
f 2475/2475/2475 1327/1327/1327 2762/2762/2762
f 2475/2475/2475 1329/1329/1329 1327/1327/1327
f 2059/2059/2059 2822/2822/2822 2877/2877/2877
f 2060/2060/2060 2822/2822/2822 2059/2059/2059
f 47/47/47 2321/2321/2321 2878/2878/2878
f 2152/2152/2152 1547/1547/1547 2311/2311/2311
f 1548/1548/1548 1547/1547/1547 2152/2152/2152
f 1941/1941/1941 1974/1974/1974 2879/2879/2879
f 1975/1975/1975 1974/1974/1974 1941/1941/1941
f 1403/1403/1403 1953/1953/1953 2609/2609/2609
f 1409/1409/1409 1953/1953/1953 1403/1403/1403
f 953/953/953 638/638/638 2821/2821/2821
f 639/639/639 638/638/638 953/953/953
f 1180/1180/1180 174/174/174 648/648/648
f 175/175/175 174/174/174 1180/1180/1180
f 2268/2268/2268 965/965/965 2269/2269/2269
f 2268/2268/2268 968/968/968 965/965/965
f 47/47/47 1983/1983/1983 2545/2545/2545
f 1590/1590/1590 117/117/117 2312/2312/2312
f 118/118/118 117/117/117 1590/1590/1590
f 373/373/373 2031/2031/2031 1368/1368/1368
f 372/372/372 2031/2031/2031 373/373/373
f 1919/1919/1919 1091/1091/1091 1917/1917/1917
f 1543/1543/1543 1091/1091/1091 1919/1919/1919
f 1037/1037/1037 1796/1796/1796 1038/1038/1038
f 1037/1037/1037 2880/2880/2880 1796/1796/1796
f 38/38/38 355/355/355 357/357/357
f 37/37/37 355/355/355 38/38/38
f 1992/1992/1992 724/724/724 2694/2694/2694
f 1992/1992/1992 1994/1994/1994 724/724/724
f 47/47/47 2818/2818/2818 2264/2264/2264
f 1545/1545/1545 2881/2881/2881 1546/1546/1546
f 1545/1545/1545 2882/2882/2882 2881/2881/2881
f 2314/2314/2314 1036/1036/1036 2130/2130/2130
f 2315/2315/2315 1036/1036/1036 2314/2314/2314
f 2875/2875/2875 1553/1553/1553 2874/2874/2874
f 2875/2875/2875 1883/1883/1883 1553/1553/1553
f 47/47/47 1818/1818/1818 2069/2069/2069
f 1711/1711/1711 2883/2883/2883 2025/2025/2025
f 1711/1711/1711 1713/1713/1713 2883/2883/2883
f 275/275/275 1984/1984/1984 1344/1344/1344
f 277/277/277 1984/1984/1984 275/275/275
f 2687/2687/2687 1941/1941/1941 1942/1942/1942
f 2687/2687/2687 1975/1975/1975 1941/1941/1941
f 1652/1652/1652 1140/1140/1140 1142/1142/1142
f 1652/1652/1652 1815/1815/1815 1140/1140/1140
f 982/982/982 55/55/55 2884/2884/2884
f 2885/2885/2885 55/55/55 2886/2886/2886
f 728/728/728 1272/1272/1272 1269/1269/1269
f 728/728/728 729/729/729 1272/1272/1272
f 1723/1723/1723 2887/2887/2887 624/624/624
f 1723/1723/1723 2888/2888/2888 2887/2887/2887
f 1073/1073/1073 2724/2724/2724 2323/2323/2323
f 2889/2889/2889 1859/1859/1859 1858/1858/1858
f 1072/1072/1072 2724/2724/2724 1073/1073/1073
f 2889/2889/2889 1072/1072/1072 1859/1859/1859
f 2889/2889/2889 2724/2724/2724 1072/1072/1072
f 2135/2135/2135 1450/1450/1450 1447/1447/1447
f 2575/2575/2575 1450/1450/1450 2135/2135/2135
f 2732/2732/2732 1633/1633/1633 2100/2100/2100
f 2732/2732/2732 759/759/759 1633/1633/1633
f 2051/2051/2051 2287/2287/2287 1831/1831/1831
f 2582/2582/2582 2287/2287/2287 2051/2051/2051
f 2839/2839/2839 2590/2590/2590 2591/2591/2591
f 2840/2840/2840 2590/2590/2590 2839/2839/2839
f 517/517/517 2890/2890/2890 1552/1552/1552
f 517/517/517 2841/2841/2841 2890/2890/2890
f 2381/2381/2381 2691/2691/2691 190/190/190
f 2891/2891/2891 2691/2691/2691 2381/2381/2381
f 2805/2805/2805 2146/2146/2146 1056/1056/1056
f 2892/2892/2892 2146/2146/2146 2805/2805/2805
f 552/552/552 2548/2548/2548 550/550/550
f 552/552/552 2056/2056/2056 2548/2548/2548
f 619/619/619 2893/2893/2893 2166/2166/2166
f 619/619/619 621/621/621 2893/2893/2893
f 429/429/429 2199/2199/2199 1949/1949/1949
f 2137/2137/2137 2199/2199/2199 429/429/429
f 466/466/466 2809/2809/2809 2058/2058/2058
f 465/465/465 2809/2809/2809 466/466/466
f 47/47/47 340/340/340 338/338/338
f 47/47/47 2848/2848/2848 2894/2894/2894
f 2845/2845/2845 2863/2863/2863 2895/2895/2895
f 2864/2864/2864 2863/2863/2863 2845/2845/2845
f 2061/2061/2061 1650/1650/1650 2896/2896/2896
f 2061/2061/2061 1912/1912/1912 1650/1650/1650
f 1260/1260/1260 1435/1435/1435 1261/1261/1261
f 1260/1260/1260 1438/1438/1438 1435/1435/1435
f 2663/2663/2663 2541/2541/2541 2897/2897/2897
f 2189/2189/2189 2541/2541/2541 2663/2663/2663
f 899/899/899 2780/2780/2780 900/900/900
f 899/899/899 2364/2364/2364 2780/2780/2780
f 2510/2510/2510 944/944/944 1887/1887/1887
f 2510/2510/2510 1408/1408/1408 944/944/944
f 2773/2773/2773 2898/2898/2898 1492/1492/1492
f 2899/2899/2899 2898/2898/2898 2773/2773/2773
f 2115/2115/2115 2685/2685/2685 2114/2114/2114
f 2115/2115/2115 2686/2686/2686 2685/2685/2685
f 2297/2297/2297 424/424/424 1635/1635/1635
f 2140/2140/2140 424/424/424 2297/2297/2297
f 947/947/947 1199/1199/1199 945/945/945
f 947/947/947 1027/1027/1027 1199/1199/1199
f 47/47/47 2746/2746/2746 1398/1398/1398
f 2248/2248/2248 2423/2423/2423 2253/2253/2253
f 2248/2248/2248 1156/1156/1156 2423/2423/2423
f 2371/2371/2371 2671/2671/2671 2610/2610/2610
f 1443/1443/1443 2671/2671/2671 2371/2371/2371
f 1103/1103/1103 2635/2635/2635 1101/1101/1101
f 1103/1103/1103 2637/2637/2637 2635/2635/2635
f 1905/1905/1905 2859/2859/2859 2567/2567/2567
f 1907/1907/1907 2859/2859/2859 1905/1905/1905
f 1969/1969/1969 2900/2900/2900 2554/2554/2554
f 1969/1969/1969 1209/1209/1209 2900/2900/2900
f 2884/2884/2884 2732/2732/2732 2731/2731/2731
f 2884/2884/2884 2615/2615/2615 2732/2732/2732
f 2615/2615/2615 2614/2614/2614 2732/2732/2732
f 2614/2614/2614 2901/2901/2901 2732/2732/2732
f 2901/2901/2901 2902/2902/2902 2732/2732/2732
f 642/642/642 1984/1984/1984 277/277/277
f 642/642/642 1357/1357/1357 1984/1984/1984
f 100/100/100 405/405/405 98/98/98
f 2169/2169/2169 405/405/405 100/100/100
f 2872/2872/2872 1324/1324/1324 2593/2593/2593
f 1325/1325/1325 1324/1324/1324 2872/2872/2872
f 2162/2162/2162 1658/1658/1658 2163/2163/2163
f 2162/2162/2162 1102/1102/1102 1658/1658/1658
f 1562/1562/1562 1074/1074/1074 1563/1563/1563
f 1562/1562/1562 1075/1075/1075 1074/1074/1074
f 2600/2600/2600 258/258/258 2734/2734/2734
f 2600/2600/2600 2599/2599/2599 258/258/258
f 2105/2105/2105 2903/2903/2903 2524/2524/2524
f 2104/2104/2104 2903/2903/2903 2105/2105/2105
f 2861/2861/2861 2904/2904/2904 2905/2905/2905
f 2906/2906/2906 2904/2904/2904 2861/2861/2861
f 1871/1871/1871 1754/1754/1754 2580/2580/2580
f 1871/1871/1871 1540/1540/1540 1754/1754/1754
f 1422/1422/1422 1513/1513/1513 1510/1510/1510
f 1424/1424/1424 1513/1513/1513 1422/1422/1422
f 47/47/47 1239/1239/1239 1236/1236/1236
f 47/47/47 2667/2667/2667 1687/1687/1687
f 908/908/908 1600/1600/1600 808/808/808
f 2566/2566/2566 1600/1600/1600 908/908/908
f 564/564/564 1150/1150/1150 562/562/562
f 564/564/564 1153/1153/1153 1150/1150/1150
f 579/579/579 2907/2907/2907 580/580/580
f 579/579/579 2485/2485/2485 2907/2907/2907
f 1569/1569/1569 2605/2605/2605 1621/1621/1621
f 2855/2855/2855 2605/2605/2605 1569/1569/1569
f 2908/2908/2908 51/51/51 53/53/53
f 2908/2908/2908 2102/2102/2102 51/51/51
f 64/64/64 1610/1610/1610 1612/1612/1612
f 2831/2831/2831 1610/1610/1610 64/64/64
f 2909/2909/2909 869/869/869 2494/2494/2494
f 2909/2909/2909 872/872/872 869/869/869
f 589/589/589 957/957/957 590/590/590
f 589/589/589 1625/1625/1625 957/957/957
f 1780/1780/1780 286/286/286 859/859/859
f 284/284/284 286/286/286 1780/1780/1780
f 704/704/704 53/53/53 50/50/50
f 2308/2308/2308 53/53/53 704/704/704
f 1672/1672/1672 1997/1997/1997 1673/1673/1673
f 1672/1672/1672 2720/2720/2720 1997/1997/1997
f 2428/2428/2428 2520/2520/2520 2518/2518/2518
f 1727/1727/1727 2520/2520/2520 2428/2428/2428
f 2910/2910/2910 55/55/55 2911/2911/2911
f 2166/2166/2166 2483/2483/2483 2912/2912/2912
f 2166/2166/2166 2893/2893/2893 2483/2483/2483
f 1254/1254/1254 888/888/888 1088/1088/1088
f 1254/1254/1254 891/891/891 888/888/888
f 179/179/179 164/164/164 161/161/161
f 179/179/179 178/178/178 164/164/164
f 1447/1447/1447 751/751/751 2136/2136/2136
f 1447/1447/1447 1449/1449/1449 751/751/751
f 1046/1046/1046 2873/2873/2873 2913/2913/2913
f 1046/1046/1046 2497/2497/2497 2873/2873/2873
f 681/681/681 1068/1068/1068 682/682/682
f 681/681/681 1071/1071/1071 1068/1068/1068
f 2898/2898/2898 2874/2874/2874 2477/2477/2477
f 1762/1762/1762 2874/2874/2874 2898/2898/2898
f 2301/2301/2301 1395/1395/1395 2914/2914/2914
f 1396/1396/1396 1395/1395/1395 2301/2301/2301
f 173/173/173 2862/2862/2862 176/176/176
f 810/810/810 2862/2862/2862 173/173/173
f 47/47/47 1003/1003/1003 1846/1846/1846
f 2208/2208/2208 2033/2033/2033 2034/2034/2034
f 2210/2210/2210 2033/2033/2033 2208/2208/2208
f 2261/2261/2261 55/55/55 2446/2446/2446
f 16/16/16 1914/1914/1914 14/14/14
f 1915/1915/1915 1914/1914/1914 16/16/16
f 1891/1891/1891 1900/1900/1900 1902/1902/1902
f 856/856/856 1900/1900/1900 1891/1891/1891
f 872/872/872 2783/2783/2783 870/870/870
f 1171/1171/1171 2783/2783/2783 872/872/872
f 873/873/873 171/171/171 875/875/875
f 182/182/182 171/171/171 873/873/873
f 1258/1258/1258 2489/2489/2489 2546/2546/2546
f 1258/1258/1258 1257/1257/1257 2489/2489/2489
f 910/910/910 1178/1178/1178 911/911/911
f 910/910/910 2353/2353/2353 1178/1178/1178
f 1077/1077/1077 2608/2608/2608 2747/2747/2747
f 1077/1077/1077 2376/2376/2376 2608/2608/2608
f 47/47/47 2117/2117/2117 2118/2118/2118
f 2128/2128/2128 1303/1303/1303 2479/2479/2479
f 2907/2907/2907 1303/1303/1303 2128/2128/2128
f 1712/1712/1712 93/93/93 1713/1713/1713
f 1712/1712/1712 96/96/96 93/93/93
f 2295/2295/2295 2739/2739/2739 2771/2771/2771
f 2740/2740/2740 2739/2739/2739 2295/2295/2295
f 2525/2525/2525 591/591/591 588/588/588
f 90/90/90 591/591/591 2525/2525/2525
f 545/545/545 2255/2255/2255 546/546/546
f 545/545/545 2379/2379/2379 2255/2255/2255
f 47/47/47 2652/2652/2652 2796/2796/2796
f 2915/2915/2915 366/366/366 363/363/363
f 2915/2915/2915 2876/2876/2876 366/366/366
f 1696/1696/1696 1991/1991/1991 1694/1694/1694
f 2569/2569/2569 1991/1991/1991 1696/1696/1696
f 47/47/47 44/44/44 46/46/46
f 1690/1690/1690 2295/2295/2295 1691/1691/1691
f 1690/1690/1690 2740/2740/2740 2295/2295/2295
f 2485/2485/2485 1303/1303/1303 2907/2907/2907
f 2485/2485/2485 1306/1306/1306 1303/1303/1303
f 47/47/47 2240/2240/2240 2243/2243/2243
f 2606/2606/2606 1046/1046/1046 2913/2913/2913
f 1044/1044/1044 1046/1046/1046 2606/2606/2606
f 366/366/366 91/91/91 2406/2406/2406
f 2876/2876/2876 91/91/91 366/366/366
f 1028/1028/1028 1289/1289/1289 1027/1027/1027
f 1028/1028/1028 1287/1287/1287 1289/1289/1289
f 1801/1801/1801 2858/2858/2858 1802/1802/1802
f 1801/1801/1801 163/163/163 2858/2858/2858
f 293/293/293 2343/2343/2343 2916/2916/2916
f 295/295/295 2343/2343/2343 293/293/293
f 657/657/657 2851/2851/2851 655/655/655
f 657/657/657 2096/2096/2096 2851/2851/2851
f 243/243/243 2042/2042/2042 2917/2917/2917
f 243/243/243 245/245/245 2042/2042/2042
f 1547/1547/1547 615/615/615 617/617/617
f 1549/1549/1549 615/615/615 1547/1547/1547
f 1534/1534/1534 644/644/644 2305/2305/2305
f 1534/1534/1534 2791/2791/2791 644/644/644
f 2629/2629/2629 186/186/186 1122/1122/1122
f 2632/2632/2632 2918/2918/2918 2629/2629/2629
f 2918/2918/2918 2919/2919/2919 2629/2629/2629
f 2919/2919/2919 2764/2764/2764 2629/2629/2629
f 2764/2764/2764 186/186/186 2629/2629/2629
f 2920/2920/2920 43/43/43 268/268/268
f 2920/2920/2920 1015/1015/1015 43/43/43
f 1715/1715/1715 703/703/703 700/700/700
f 991/991/991 703/703/703 1715/1715/1715
f 1436/1436/1436 2921/2921/2921 1437/1437/1437
f 1436/1436/1436 2105/2105/2105 2921/2921/2921
f 2550/2550/2550 2473/2473/2473 246/246/246
f 2552/2552/2552 2473/2473/2473 2550/2550/2550
f 240/240/240 2899/2899/2899 2773/2773/2773
f 242/242/242 2899/2899/2899 240/240/240
f 1888/1888/1888 856/856/856 1891/1891/1891
f 857/857/857 856/856/856 1888/1888/1888
f 55/55/55 2091/2091/2091 2090/2090/2090
f 2682/2682/2682 163/163/163 1801/1801/1801
f 2682/2682/2682 161/161/161 163/163/163
f 41/41/41 2375/2375/2375 247/247/247
f 1016/1016/1016 2375/2375/2375 41/41/41
f 2165/2165/2165 607/607/607 609/609/609
f 2165/2165/2165 942/942/942 607/607/607
f 2806/2806/2806 1056/1056/1056 1053/1053/1053
f 2805/2805/2805 1056/1056/1056 2806/2806/2806
f 1873/1873/1873 1540/1540/1540 1871/1871/1871
f 1873/1873/1873 1539/1539/1539 1540/1540/1540
f 1340/1340/1340 722/722/722 1343/1343/1343
f 720/720/720 722/722/722 1340/1340/1340
f 1767/1767/1767 2519/2519/2519 504/504/504
f 2518/2518/2518 2519/2519/2519 1767/1767/1767
f 128/128/128 1476/1476/1476 1478/1478/1478
f 128/128/128 130/130/130 1476/1476/1476
f 1615/1615/1615 1653/1653/1653 1614/1614/1614
f 1615/1615/1615 1656/1656/1656 1653/1653/1653
f 1462/1462/1462 2733/2733/2733 2502/2502/2502
f 1462/1462/1462 2734/2734/2734 2733/2733/2733
f 1128/1128/1128 1814/1814/1814 1816/1816/1816
f 1128/1128/1128 541/541/541 1814/1814/1814
f 2707/2707/2707 2106/2106/2106 2708/2708/2708
f 2707/2707/2707 2583/2583/2583 2106/2106/2106
f 2511/2511/2511 2198/2198/2198 1323/1323/1323
f 2516/2516/2516 2198/2198/2198 2511/2511/2511
f 1626/1626/1626 443/443/443 445/445/445
f 79/79/79 443/443/443 1626/1626/1626
f 2141/2141/2141 2297/2297/2297 2298/2298/2298
f 2141/2141/2141 2140/2140/2140 2297/2297/2297
f 379/379/379 383/383/383 382/382/382
f 542/542/542 383/383/383 379/379/379
f 2821/2821/2821 1044/1044/1044 2607/2607/2607
f 2821/2821/2821 1047/1047/1047 1044/1044/1044
f 1570/1570/1570 970/970/970 971/971/971
f 498/498/498 970/970/970 1570/1570/1570
f 1731/1731/1731 2733/2733/2733 1096/1096/1096
f 2502/2502/2502 2733/2733/2733 1731/1731/1731
f 1380/1380/1380 142/142/142 906/906/906
f 1380/1380/1380 145/145/145 142/142/142
f 47/47/47 2922/2922/2922 2219/2219/2219
f 1231/1231/1231 2454/2454/2454 1232/1232/1232
f 2455/2455/2455 2454/2454/2454 1231/1231/1231
f 1057/1057/1057 568/568/568 565/565/565
f 599/599/599 568/568/568 1057/1057/1057
f 1110/1110/1110 2658/2658/2658 1111/1111/1111
f 1110/1110/1110 2305/2305/2305 2658/2658/2658
f 1428/1428/1428 1928/1928/1928 2342/2342/2342
f 2539/2539/2539 57/57/57 1428/1428/1428
f 57/57/57 58/58/58 1428/1428/1428
f 58/58/58 1929/1929/1929 1428/1428/1428
f 1929/1929/1929 1928/1928/1928 1428/1428/1428
f 47/47/47 1404/1404/1404 1486/1486/1486
f 2421/2421/2421 2923/2923/2923 2265/2265/2265
f 2757/2757/2757 2250/2250/2250 2924/2924/2924
f 2421/2421/2421 2756/2756/2756 2923/2923/2923
f 2756/2756/2756 2250/2250/2250 2757/2757/2757
f 2421/2421/2421 2250/2250/2250 2756/2756/2756
f 2099/2099/2099 462/462/462 463/463/463
f 2125/2125/2125 462/462/462 2099/2099/2099
f 2162/2162/2162 1100/1100/1100 1102/1102/1102
f 2925/2925/2925 1100/1100/1100 2162/2162/2162
f 1689/1689/1689 2294/2294/2294 2926/2926/2926
f 1689/1689/1689 1691/1691/1691 2294/2294/2294
f 1130/1130/1130 1212/1212/1212 543/543/543
f 705/705/705 1212/1212/1212 1130/1130/1130
f 2283/2283/2283 2435/2435/2435 1947/1947/1947
f 2283/2283/2283 2174/2174/2174 2435/2435/2435
f 2601/2601/2601 867/867/867 2083/2083/2083
f 2601/2601/2601 865/865/865 867/867/867
f 2927/2927/2927 55/55/55 1770/1770/1770
f 47/47/47 2656/2656/2656 2657/2657/2657
f 2861/2861/2861 2736/2736/2736 2678/2678/2678
f 2861/2861/2861 2905/2905/2905 2736/2736/2736
f 2704/2704/2704 898/898/898 1897/1897/1897
f 2704/2704/2704 901/901/901 898/898/898
f 2928/2928/2928 2548/2548/2548 2929/2929/2929
f 550/550/550 2548/2548/2548 2928/2928/2928
f 47/47/47 2217/2217/2217 2802/2802/2802
f 2789/2789/2789 1466/1466/1466 1463/1463/1463
f 1147/1147/1147 1466/1466/1466 2789/2789/2789
f 1367/1367/1367 2930/2930/2930 918/918/918
f 2032/2032/2032 2930/2930/2930 1367/1367/1367
f 1263/1263/1263 532/532/532 822/822/822
f 530/530/530 532/532/532 1263/1263/1263
f 1964/1964/1964 1128/1128/1128 1816/1816/1816
f 1129/1129/1129 1128/1128/1128 1964/1964/1964
f 2931/2931/2931 602/602/602 2192/2192/2192
f 2931/2931/2931 605/605/605 602/602/602
f 462/462/462 2403/2403/2403 464/464/464
f 2424/2424/2424 2403/2403/2403 462/462/462
f 2007/2007/2007 2869/2869/2869 2932/2932/2932
f 2007/2007/2007 2008/2008/2008 2869/2869/2869
f 2191/2191/2191 1670/1670/1670 1668/1668/1668
f 2933/2933/2933 1670/1670/1670 2191/2191/2191
f 2038/2038/2038 1938/1938/1938 1940/1940/1940
f 2038/2038/2038 2037/2037/2037 1938/1938/1938
f 1993/1993/1993 2114/2114/2114 2786/2786/2786
f 1055/1055/1055 2114/2114/2114 1993/1993/1993
f 1285/1285/1285 1413/1413/1413 2543/2543/2543
f 1285/1285/1285 2934/2934/2934 1413/1413/1413
f 2012/2012/2012 2179/2179/2179 2121/2121/2121
f 2012/2012/2012 2014/2014/2014 2179/2179/2179
f 464/464/464 2402/2402/2402 2831/2831/2831
f 2403/2403/2403 2402/2402/2402 464/464/464
f 2344/2344/2344 1972/1972/1972 1971/1971/1971
f 2344/2344/2344 2345/2345/2345 1972/1972/1972
f 47/47/47 1686/1686/1686 1688/1688/1688
f 265/265/265 2425/2425/2425 1842/1842/1842
f 265/265/265 2871/2871/2871 2425/2425/2425
f 74/74/74 2493/2493/2493 1381/1381/1381
f 1345/1345/1345 2493/2493/2493 74/74/74
f 675/675/675 2136/2136/2136 2779/2779/2779
f 677/677/677 2136/2136/2136 675/675/675
f 866/866/866 1544/1544/1544 2357/2357/2357
f 866/866/866 960/960/960 1544/1544/1544
f 47/47/47 2774/2774/2774 1030/1030/1030
f 1747/1747/1747 2917/2917/2917 1748/1748/1748
f 1747/1747/1747 243/243/243 2917/2917/2917
f 2063/2063/2063 1704/1704/1704 2906/2906/2906
f 1705/1705/1705 1704/1704/1704 2063/2063/2063
f 1128/1128/1128 543/543/543 541/541/541
f 1130/1130/1130 543/543/543 1128/1128/1128
f 2881/2881/2881 394/394/394 396/396/396
f 2882/2882/2882 394/394/394 2881/2881/2881
f 47/47/47 1417/1417/1417 2935/2935/2935
f 47/47/47 1503/1503/1503 2922/2922/2922
f 1855/1855/1855 426/426/426 2352/2352/2352
f 1855/1855/1855 1854/1854/1854 426/426/426
f 115/115/115 2875/2875/2875 113/113/113
f 115/115/115 1261/1261/1261 2875/2875/2875
f 596/596/596 790/790/790 471/471/471
f 1669/1669/1669 790/790/790 596/596/596
f 2268/2268/2268 1671/1671/1671 968/968/968
f 2812/2812/2812 1671/1671/1671 2268/2268/2268
f 2700/2700/2700 1839/1839/1839 1749/1749/1749
f 2702/2702/2702 1839/1839/1839 2700/2700/2700
f 2936/2936/2936 2937/2937/2937 2184/2184/2184
f 2439/2439/2439 2938/2938/2938 2440/2440/2440
f 2939/2939/2939 2937/2937/2937 2936/2936/2936
f 2439/2439/2439 2939/2939/2939 2938/2938/2938
f 2439/2439/2439 2937/2937/2937 2939/2939/2939
f 1976/1976/1976 885/885/885 1605/1605/1605
f 1976/1976/1976 1978/1978/1978 885/885/885
f 1253/1253/1253 2745/2745/2745 1255/1255/1255
f 2851/2851/2851 2745/2745/2745 1253/1253/1253
f 47/47/47 1859/1859/1859 1072/1072/1072
f 1364/1364/1364 2043/2043/2043 2147/2147/2147
f 1364/1364/1364 2662/2662/2662 2043/2043/2043
f 1386/1386/1386 2124/2124/2124 889/889/889
f 1386/1386/1386 1388/1388/1388 2124/2124/2124
f 2496/2496/2496 1966/1966/1966 2225/2225/2225
f 2719/2719/2719 1966/1966/1966 2496/2496/2496
f 2940/2940/2940 1033/1033/1033 1035/1035/1035
f 2940/2940/2940 2941/2941/2941 1033/1033/1033
f 611/611/611 631/631/631 1489/1489/1489
f 1729/1729/1729 1029/1029/1029 1486/1486/1486
f 1729/1729/1729 610/610/610 1029/1029/1029
f 610/610/610 631/631/631 611/611/611
f 1729/1729/1729 631/631/631 610/610/610
f 1986/1986/1986 2459/2459/2459 2942/2942/2942
f 1985/1985/1985 2459/2459/2459 1986/1986/1986
f 47/47/47 1581/1581/1581 2721/2721/2721
f 47/47/47 2216/2216/2216 2217/2217/2217
f 2870/2870/2870 2081/2081/2081 1501/1501/1501
f 2870/2870/2870 1760/1760/1760 2081/2081/2081
f 1612/1612/1612 1963/1963/1963 2793/2793/2793
f 1612/1612/1612 1611/1611/1611 1963/1963/1963
f 2549/2549/2549 2650/2650/2650 2552/2552/2552
f 2544/2544/2544 2650/2650/2650 2549/2549/2549
f 47/47/47 2642/2642/2642 2641/2641/2641
f 2943/2943/2943 1366/1366/1366 1363/1363/1363
f 2943/2943/2943 2355/2355/2355 1366/1366/1366
f 795/795/795 1666/1666/1666 798/798/798
f 162/162/162 1666/1666/1666 795/795/795
f 2909/2909/2909 1171/1171/1171 872/872/872
f 1172/1172/1172 1171/1171/1171 2909/2909/2909
f 244/244/244 1035/1035/1035 245/245/245
f 244/244/244 2940/2940/2940 1035/1035/1035
f 1706/1706/1706 2944/2944/2944 2529/2529/2529
f 1706/1706/1706 1420/1420/1420 2944/2944/2944
f 2605/2605/2605 1624/1624/1624 1621/1621/1621
f 2605/2605/2605 2606/2606/2606 1624/1624/1624
f 2664/2664/2664 2209/2209/2209 2079/2079/2079
f 2664/2664/2664 2207/2207/2207 2209/2209/2209
f 2214/2214/2214 2546/2546/2546 2149/2149/2149
f 2214/2214/2214 1258/1258/1258 2546/2546/2546
f 47/47/47 2945/2945/2945 2946/2946/2946
f 698/698/698 2947/2947/2947 699/699/699
f 698/698/698 1390/1390/1390 2947/2947/2947
f 2948/2948/2948 2457/2457/2457 2577/2577/2577
f 2948/2948/2948 2949/2949/2949 2457/2457/2457
f 2950/2950/2950 987/987/987 989/989/989
f 2951/2951/2951 987/987/987 2950/2950/2950
f 1665/1665/1665 536/536/536 538/538/538
f 1665/1665/1665 2306/2306/2306 536/536/536
f 2952/2952/2952 479/479/479 1297/1297/1297
f 480/480/480 479/479/479 2952/2952/2952
f 47/47/47 1846/1846/1846 1847/1847/1847
f 2145/2145/2145 2115/2115/2115 1054/1054/1054
f 2145/2145/2145 2045/2045/2045 2115/2115/2115
f 2759/2759/2759 73/73/73 1709/1709/1709
f 717/717/717 73/73/73 2759/2759/2759
f 2648/2648/2648 55/55/55 2561/2561/2561
f 1018/1018/1018 2007/2007/2007 2420/2420/2420
f 1018/1018/1018 2009/2009/2009 2007/2007/2007
f 393/393/393 1710/1710/1710 391/391/391
f 832/832/832 1710/1710/1710 393/393/393
f 2933/2933/2933 1607/1607/1607 1670/1670/1670
f 1184/1184/1184 1607/1607/1607 2933/2933/2933
f 213/213/213 61/61/61 204/204/204
f 1441/1441/1441 61/61/61 213/213/213
f 1838/1838/1838 1425/1425/1425 1427/1427/1427
f 801/801/801 1425/1425/1425 1838/1838/1838
f 2249/2249/2249 1502/1502/1502 2499/2499/2499
f 2922/2922/2922 623/623/623 2219/2219/2219
f 1503/1503/1503 623/623/623 2922/2922/2922
f 2249/2249/2249 1503/1503/1503 1502/1502/1502
f 2249/2249/2249 623/623/623 1503/1503/1503
f 2732/2732/2732 757/757/757 759/759/759
f 2902/2902/2902 2071/2071/2071 2732/2732/2732
f 2071/2071/2071 434/434/434 2732/2732/2732
f 434/434/434 433/433/433 2732/2732/2732
f 433/433/433 757/757/757 2732/2732/2732
f 1529/1529/1529 1252/1252/1252 1251/1251/1251
f 1744/1744/1744 1252/1252/1252 1529/1529/1529
f 1011/1011/1011 2191/2191/2191 497/497/497
f 2437/2437/2437 2191/2191/2191 1011/1011/1011
f 264/264/264 1325/1325/1325 2872/2872/2872
f 1249/1249/1249 1325/1325/1325 264/264/264
f 1980/1980/1980 2712/2712/2712 303/303/303
f 1298/1298/1298 2712/2712/2712 1980/1980/1980
f 2887/2887/2887 1196/1196/1196 2920/2920/2920
f 2888/2888/2888 1196/1196/1196 2887/2887/2887
f 1289/1289/1289 1663/1663/1663 1660/1660/1660
f 1289/1289/1289 1288/1288/1288 1663/1663/1663
f 1199/1199/1199 1289/1289/1289 1660/1660/1660
f 1027/1027/1027 1289/1289/1289 1199/1199/1199
f 2303/2303/2303 1433/1433/1433 1434/1434/1434
f 2303/2303/2303 2302/2302/2302 1433/1433/1433
f 47/47/47 917/917/917 2397/2397/2397
f 500/500/500 970/970/970 498/498/498
f 500/500/500 597/597/597 970/970/970
f 2953/2953/2953 2731/2731/2731 2954/2954/2954
f 2953/2953/2953 2955/2955/2955 2731/2731/2731
f 2955/2955/2955 981/981/981 2731/2731/2731
f 981/981/981 982/982/982 2731/2731/2731
f 982/982/982 2884/2884/2884 2731/2731/2731
f 1328/1328/1328 2658/2658/2658 412/412/412
f 1111/1111/1111 2658/2658/2658 1328/1328/1328
f 2813/2813/2813 2535/2535/2535 1674/1674/1674
f 2514/2514/2514 2535/2535/2535 2813/2813/2813
f 2293/2293/2293 2595/2595/2595 2291/2291/2291
f 2596/2596/2596 2595/2595/2595 2293/2293/2293
f 47/47/47 154/154/154 156/156/156
f 1265/1265/1265 359/359/359 969/969/969
f 1265/1265/1265 362/362/362 359/359/359
f 1350/1350/1350 2650/2650/2650 2544/2544/2544
f 1350/1350/1350 1351/1351/1351 2650/2650/2650
f 1594/1594/1594 116/116/116 118/118/118
f 1634/1634/1634 116/116/116 1594/1594/1594
f 805/805/805 55/55/55 1738/1738/1738
f 2737/2737/2737 334/334/334 2654/2654/2654
f 2737/2737/2737 2754/2754/2754 334/334/334
f 55/55/55 487/487/487 486/486/486
f 1788/1788/1788 1376/1376/1376 2718/2718/2718
f 1377/1377/1377 1376/1376/1376 1788/1788/1788
f 1568/1568/1568 2134/2134/2134 1318/1318/1318
f 1568/1568/1568 1567/1567/1567 2134/2134/2134
f 2028/2028/2028 2937/2937/2937 2439/2439/2439
f 2028/2028/2028 2029/2029/2029 2937/2937/2937
f 2387/2387/2387 575/575/575 577/577/577
f 2387/2387/2387 2562/2562/2562 575/575/575
f 55/55/55 310/310/310 309/309/309
f 1895/1895/1895 656/656/656 2956/2956/2956
f 914/914/914 656/656/656 1895/1895/1895
f 2513/2513/2513 2535/2535/2535 2514/2514/2514
f 2513/2513/2513 1295/1295/1295 2535/2535/2535
f 2227/2227/2227 731/731/731 733/733/733
f 2227/2227/2227 2860/2860/2860 731/731/731
f 1844/1844/1844 2957/2957/2957 2958/2958/2958
f 1843/1843/1843 2957/2957/2957 1844/1844/1844
f 2101/2101/2101 1633/1633/1633 1595/1595/1595
f 2100/2100/2100 1633/1633/1633 2101/2101/2101
f 1895/1895/1895 509/509/509 510/510/510
f 1895/1895/1895 2956/2956/2956 509/509/509
f 2755/2755/2755 1472/1472/1472 157/157/157
f 1473/1473/1473 1472/1472/1472 2755/2755/2755
f 420/420/420 189/189/189 1382/1382/1382
f 187/187/187 189/189/189 420/420/420
f 533/533/533 2372/2372/2372 561/561/561
f 476/476/476 2372/2372/2372 533/533/533
f 1096/1096/1096 255/255/255 1076/1076/1076
f 2733/2733/2733 255/255/255 1096/1096/1096
f 1732/1732/1732 2588/2588/2588 2792/2792/2792
f 1732/1732/1732 1095/1095/1095 2588/2588/2588
f 47/47/47 794/794/794 1892/1892/1892
f 2488/2488/2488 1456/1456/1456 2727/2727/2727
f 1457/1457/1457 1456/1456/1456 2488/2488/2488
f 1084/1084/1084 2959/2959/2959 1164/1164/1164
f 1084/1084/1084 1086/1086/1086 2959/2959/2959
f 2402/2402/2402 1610/1610/1610 2831/2831/2831
f 2402/2402/2402 2427/2427/2427 1610/1610/1610
f 914/914/914 654/654/654 656/656/656
f 863/863/863 654/654/654 914/914/914
f 2416/2416/2416 2192/2192/2192 2194/2194/2194
f 2416/2416/2416 2931/2931/2931 2192/2192/2192
f 1622/1622/1622 2943/2943/2943 1363/1363/1363
f 1624/1624/1624 2943/2943/2943 1622/1622/1622
f 2498/2498/2498 2249/2249/2249 2499/2499/2499
f 2250/2250/2250 2960/2960/2960 2924/2924/2924
f 2250/2250/2250 2961/2961/2961 2960/2960/2960
f 2961/2961/2961 2249/2249/2249 2498/2498/2498
f 2250/2250/2250 2249/2249/2249 2961/2961/2961
f 55/55/55 2962/2962/2962 2963/2963/2963
f 47/47/47 2964/2964/2964 249/249/249
f 55/55/55 483/483/483 488/488/488
f 135/135/135 2258/2258/2258 133/133/133
f 135/135/135 2413/2413/2413 2258/2258/2258
f 2965/2965/2965 2966/2966/2966 2967/2967/2967
f 2968/2968/2968 2969/2969/2969 2093/2093/2093
f 2968/2968/2968 2970/2970/2970 2969/2969/2969
f 2970/2970/2970 2966/2966/2966 2965/2965/2965
f 2968/2968/2968 2966/2966/2966 2970/2970/2970
f 1449/1449/1449 2971/2971/2971 2684/2684/2684
f 1448/1448/1448 2971/2971/2971 1449/1449/1449
f 146/146/146 2603/2603/2603 2636/2636/2636
f 146/146/146 148/148/148 2603/2603/2603
f 514/514/514 191/191/191 515/515/515
f 514/514/514 194/194/194 191/191/191
f 2692/2692/2692 1291/1291/1291 188/188/188
f 2692/2692/2692 1294/1294/1294 1291/1291/1291
f 2520/2520/2520 219/219/219 221/221/221
f 932/932/932 219/219/219 2520/2520/2520
f 1655/1655/1655 1256/1256/1256 2215/2215/2215
f 1655/1655/1655 1809/1809/1809 1256/1256/1256
f 1586/1586/1586 465/465/465 467/467/467
f 1586/1586/1586 1104/1104/1104 465/465/465
f 137/137/137 1210/1210/1210 138/138/138
f 137/137/137 714/714/714 1210/1210/1210
f 2712/2712/2712 301/301/301 303/303/303
f 2712/2712/2712 873/873/873 301/301/301
f 2950/2950/2950 2047/2047/2047 2972/2972/2972
f 2950/2950/2950 989/989/989 2047/2047/2047
f 492/492/492 2958/2958/2958 2515/2515/2515
f 1844/1844/1844 2958/2958/2958 492/492/492
f 47/47/47 1493/1493/1493 1497/1497/1497
f 1115/1115/1115 1511/1511/1511 1513/1513/1513
f 1115/1115/1115 1930/1930/1930 1511/1511/1511
f 1829/1829/1829 682/682/682 1148/1148/1148
f 680/680/680 682/682/682 1829/1829/1829
f 2495/2495/2495 2950/2950/2950 2973/2973/2973
f 2495/2495/2495 2951/2951/2951 2950/2950/2950
f 1875/1875/1875 385/385/385 383/383/383
f 1875/1875/1875 1589/1589/1589 385/385/385
f 595/595/595 2368/2368/2368 593/593/593
f 2461/2461/2461 2368/2368/2368 595/595/595
f 2645/2645/2645 949/949/949 1423/1423/1423
f 950/950/950 949/949/949 2645/2645/2645
f 1266/1266/1266 2870/2870/2870 1501/1501/1501
f 1617/1617/1617 2870/2870/2870 1266/1266/1266
f 745/745/745 1465/1465/1465 748/748/748
f 1463/1463/1463 1465/1465/1465 745/745/745
f 2974/2974/2974 1313/1313/1313 1315/1315/1315
f 2974/2974/2974 2975/2975/2975 1313/1313/1313
f 2976/2976/2976 1253/1253/1253 1254/1254/1254
f 2850/2850/2850 1253/1253/1253 2976/2976/2976
f 198/198/198 1618/1618/1618 278/278/278
f 1619/1619/1619 1618/1618/1618 198/198/198
f 2971/2971/2971 2084/2084/2084 2156/2156/2156
f 2929/2929/2929 2084/2084/2084 2971/2971/2971
f 47/47/47 2826/2826/2826 2828/2828/2828
f 1241/1241/1241 1452/1452/1452 1832/1832/1832
f 1453/1453/1453 1452/1452/1452 1241/1241/1241
f 47/47/47 1509/1509/1509 1505/1505/1505
f 1450/1450/1450 2928/2928/2928 1448/1448/1448
f 2819/2819/2819 2928/2928/2928 1450/1450/1450
f 1821/1821/1821 1440/1440/1440 1442/1442/1442
f 1821/1821/1821 2108/2108/2108 1440/1440/1440
f 1395/1395/1395 2755/2755/2755 2914/2914/2914
f 1395/1395/1395 1473/1473/1473 2755/2755/2755
f 1390/1390/1390 2422/2422/2422 2947/2947/2947
f 1390/1390/1390 1720/1720/1720 2422/2422/2422
f 2977/2977/2977 81/81/81 83/83/83
f 1382/1382/1382 81/81/81 2977/2977/2977
f 2695/2695/2695 2587/2587/2587 2697/2697/2697
f 2585/2585/2585 2587/2587/2587 2695/2695/2695
f 432/432/432 818/818/818 2344/2344/2344
f 2729/2729/2729 818/818/818 432/432/432
f 195/195/195 1619/1619/1619 198/198/198
f 2978/2978/2978 1619/1619/1619 195/195/195
f 2653/2653/2653 2737/2737/2737 2654/2654/2654
f 1092/1092/1092 2737/2737/2737 2653/2653/2653
f 1515/1515/1515 959/959/959 868/868/868
f 1515/1515/1515 1517/1517/1517 959/959/959
f 1560/1560/1560 2379/2379/2379 545/545/545
f 1560/1560/1560 2380/2380/2380 2379/2379/2379
f 1530/1530/1530 2776/2776/2776 1531/1531/1531
f 1530/1530/1530 2979/2979/2979 2776/2776/2776
f 501/501/501 1071/1071/1071 681/681/681
f 501/501/501 503/503/503 1071/1071/1071
f 2794/2794/2794 1716/1716/1716 2980/2980/2980
f 1717/1717/1717 1716/1716/1716 2794/2794/2794
f 1481/1481/1481 2296/2296/2296 2823/2823/2823
f 2294/2294/2294 2296/2296/2296 1481/1481/1481
f 509/509/509 2850/2850/2850 2976/2976/2976
f 2956/2956/2956 2850/2850/2850 509/509/509
f 2083/2083/2083 2356/2356/2356 2082/2082/2082
f 2083/2083/2083 867/867/867 2356/2356/2356
f 1877/1877/1877 1004/1004/1004 1337/1337/1337
f 1333/1333/1333 1004/1004/1004 1877/1877/1877
f 1958/1958/1958 55/55/55 2981/2981/2981
f 974/974/974 85/85/85 2452/2452/2452
f 976/976/976 85/85/85 974/974/974
f 856/856/856 1187/1187/1187 1900/1900/1900
f 858/858/858 1187/1187/1187 856/856/856
f 1787/1787/1787 397/397/397 2523/2523/2523
f 1787/1787/1787 1726/1726/1726 397/397/397
f 55/55/55 844/844/844 2982/2982/2982
f 2436/2436/2436 1011/1011/1011 1008/1008/1008
f 2436/2436/2436 2437/2437/2437 1011/1011/1011
f 47/47/47 2983/2983/2983 1508/1508/1508
f 101/101/101 1393/1393/1393 104/104/104
f 207/207/207 1393/1393/1393 101/101/101
f 1761/1761/1761 55/55/55 2865/2865/2865
f 2558/2558/2558 526/526/526 2829/2829/2829
f 2558/2558/2558 529/529/529 526/526/526
f 2977/2977/2977 1874/1874/1874 1163/1163/1163
f 2977/2977/2977 83/83/83 1874/1874/1874
f 2825/2825/2825 2016/2016/2016 2018/2018/2018
f 1385/1385/1385 2016/2016/2016 2825/2825/2825
f 2445/2445/2445 2763/2763/2763 2204/2204/2204
f 2445/2445/2445 2630/2630/2630 2763/2763/2763
f 2222/2222/2222 2191/2191/2191 2437/2437/2437
f 2222/2222/2222 2933/2933/2933 2191/2191/2191
f 1989/1989/1989 436/436/436 1988/1988/1988
f 437/437/437 436/436/436 1989/1989/1989
f 2377/2377/2377 2864/2864/2864 2845/2845/2845
f 2984/2984/2984 2864/2864/2864 2377/2377/2377
f 1594/1594/1594 1590/1590/1590 1592/1592/1592
f 1594/1594/1594 118/118/118 1590/1590/1590
f 55/55/55 2030/2030/2030 1599/1599/1599
f 55/55/55 802/802/802 457/457/457
f 2716/2716/2716 2833/2833/2833 2717/2717/2717
f 2716/2716/2716 2693/2693/2693 2833/2833/2833
f 47/47/47 2470/2470/2470 2465/2465/2465
f 789/789/789 1263/1263/1263 469/469/469
f 789/789/789 530/530/530 1263/1263/1263
f 2573/2573/2573 2820/2820/2820 2575/2575/2575
f 2879/2879/2879 2820/2820/2820 2573/2573/2573
f 2472/2472/2472 1937/1937/1937 2139/2139/2139
f 2292/2292/2292 1937/1937/1937 2472/2472/2472
f 2078/2078/2078 2131/2131/2131 2077/2077/2077
f 2078/2078/2078 1407/1407/1407 2131/2131/2131
f 1421/1421/1421 398/398/398 2112/2112/2112
f 399/399/399 398/398/398 1421/1421/1421
f 1290/1290/1290 1872/1872/1872 1288/1288/1288
f 1290/1290/1290 1870/1870/1870 1872/1872/1872
f 1788/1788/1788 1725/1725/1725 1726/1726/1726
f 1788/1788/1788 2718/2718/2718 1725/1725/1725
f 1882/1882/1882 2921/2921/2921 2453/2453/2453
f 1437/1437/1437 2921/2921/2921 1882/1882/1882
f 2462/2462/2462 2881/2881/2881 2460/2460/2460
f 1546/1546/1546 2881/2881/2881 2462/2462/2462
f 47/47/47 2828/2828/2828 2827/2827/2827
f 1062/1062/1062 2985/2985/2985 2791/2791/2791
f 1062/1062/1062 1064/1064/1064 2985/2985/2985
f 2186/2186/2186 1504/1504/1504 2336/2336/2336
f 663/663/663 1504/1504/1504 2186/2186/2186
f 2763/2763/2763 2629/2629/2629 2986/2986/2986
f 2630/2630/2630 2629/2629/2629 2763/2763/2763
f 376/376/376 2180/2180/2180 377/377/377
f 376/376/376 2896/2896/2896 2180/2180/2180
f 2761/2761/2761 717/717/717 2759/2759/2759
f 718/718/718 717/717/717 2761/2761/2761
f 1119/1119/1119 55/55/55 1114/1114/1114
f 2886/2886/2886 55/55/55 2987/2987/2987
f 958/958/958 1849/1849/1849 1541/1541/1541
f 958/958/958 1311/1311/1311 1849/1849/1849
f 768/768/768 854/854/854 769/769/769
f 768/768/768 2276/2276/2276 854/854/854
f 2044/2044/2044 2744/2744/2744 223/223/223
f 2046/2046/2046 2744/2744/2744 2044/2044/2044
f 1988/1988/1988 2381/2381/2381 1167/1167/1167
f 1988/1988/1988 2891/2891/2891 2381/2381/2381
f 2825/2825/2825 1784/1784/1784 1785/1785/1785
f 2825/2825/2825 2018/2018/2018 1784/1784/1784
f 2743/2743/2743 2988/2988/2988 226/226/226
f 2743/2743/2743 2005/2005/2005 2988/2988/2988
f 2849/2849/2849 2161/2161/2161 2181/2181/2181
f 2849/2849/2849 2847/2847/2847 2161/2161/2161
f 2717/2717/2717 2832/2832/2832 2975/2975/2975
f 2717/2717/2717 2833/2833/2833 2832/2832/2832
f 2989/2989/2989 2152/2152/2152 2990/2990/2990
f 649/649/649 2152/2152/2152 2989/2989/2989
f 861/861/861 1462/1462/1462 2502/2502/2502
f 1460/1460/1460 1462/1462/1462 861/861/861
f 2106/2106/2106 2582/2582/2582 2051/2051/2051
f 2583/2583/2583 2582/2582/2582 2106/2106/2106
f 2508/2508/2508 818/818/818 2729/2729/2729
f 2508/2508/2508 816/816/816 818/818/818
f 575/575/575 1837/1837/1837 1429/1429/1429
f 2562/2562/2562 1837/1837/1837 575/575/575
f 2857/2857/2857 2003/2003/2003 2991/2991/2991
f 2857/2857/2857 2624/2624/2624 2003/2003/2003
f 2830/2830/2830 924/924/924 640/640/640
f 2830/2830/2830 2313/2313/2313 924/924/924
f 47/47/47 1488/1488/1488 1864/1864/1864
f 2593/2593/2593 2303/2303/2303 2528/2528/2528
f 2593/2593/2593 9/9/9 2303/2303/2303
f 265/265/265 2872/2872/2872 2871/2871/2871
f 264/264/264 2872/2872/2872 265/265/265
f 47/47/47 106/106/106 111/111/111
f 2992/2992/2992 2773/2773/2773 2775/2775/2775
f 240/240/240 600/600/600 1847/1847/1847
f 601/601/601 2773/2773/2773 2992/2992/2992
f 240/240/240 601/601/601 600/600/600
f 240/240/240 2773/2773/2773 601/601/601
f 738/738/738 637/637/637 639/639/639
f 740/740/740 637/637/637 738/738/738
f 531/531/531 1731/1731/1731 1732/1732/1732
f 860/860/860 1731/1731/1731 531/531/531
f 55/55/55 2622/2622/2622 2621/2621/2621
f 47/47/47 572/572/572 571/571/571
f 2138/2138/2138 2318/2318/2318 2941/2941/2941
f 2138/2138/2138 2993/2993/2993 2318/2318/2318
f 963/963/963 2378/2378/2378 896/896/896
f 963/963/963 2565/2565/2565 2378/2378/2378
f 302/302/302 874/874/874 2231/2231/2231
f 301/301/301 874/874/874 302/302/302
f 2419/2419/2419 1051/1051/1051 2925/2925/2925
f 1050/1050/1050 1051/1051/1051 2419/2419/2419
f 1889/1889/1889 363/363/363 1645/1645/1645
f 1889/1889/1889 2915/2915/2915 363/363/363
f 2692/2692/2692 892/892/892 1294/1294/1294
f 2422/2422/2422 892/892/892 2692/2692/2692
f 1397/1397/1397 1422/1422/1422 1471/1471/1471
f 1423/1423/1423 1422/1422/1422 1397/1397/1397
f 972/972/972 376/376/376 378/378/378
f 972/972/972 2229/2229/2229 376/376/376
f 47/47/47 2817/2817/2817 2818/2818/2818
f 2287/2287/2287 683/683/683 680/680/680
f 2994/2994/2994 683/683/683 2287/2287/2287
f 1916/1916/1916 1770/1770/1770 1768/1768/1768
f 2623/2623/2623 2836/2836/2836 1916/1916/1916
f 2836/2836/2836 2995/2995/2995 1916/1916/1916
f 2995/2995/2995 2927/2927/2927 1916/1916/1916
f 2927/2927/2927 1770/1770/1770 1916/1916/1916
f 2819/2819/2819 550/550/550 2928/2928/2928
f 551/551/551 550/550/550 2819/2819/2819
f 411/411/411 1312/1312/1312 2996/2996/2996
f 411/411/411 1315/1315/1315 1312/1312/1312
f 1789/1789/1789 2374/2374/2374 475/475/475
f 1789/1789/1789 419/419/419 2374/2374/2374
f 1476/1476/1476 1467/1467/1467 1469/1469/1469
f 130/130/130 1467/1467/1467 1476/1476/1476
f 2699/2699/2699 19/19/19 2702/2702/2702
f 17/17/17 19/19/19 2699/2699/2699
f 55/55/55 2350/2350/2350 2997/2997/2997
f 1576/1576/1576 1907/1907/1907 1575/1575/1575
f 1576/1576/1576 1583/1583/1583 1907/1907/1907
f 1220/1220/1220 1017/1017/1017 1444/1444/1444
f 1220/1220/1220 1222/1222/1222 1017/1017/1017
f 1796/1796/1796 2300/2300/2300 1797/1797/1797
f 1796/1796/1796 2299/2299/2299 2300/2300/2300
f 47/47/47 821/821/821 2642/2642/2642
f 47/47/47 1847/1847/1847 600/600/600
f 270/270/270 2920/2920/2920 268/268/268
f 2887/2887/2887 2920/2920/2920 270/270/270
f 621/621/621 2120/2120/2120 2998/2998/2998
f 620/620/620 2120/2120/2120 621/621/621
f 2937/2937/2937 2185/2185/2185 2184/2184/2184
f 917/917/917 1218/1218/1218 2397/2397/2397
f 916/916/916 1218/1218/1218 917/917/917
f 2937/2937/2937 916/916/916 2185/2185/2185
f 2937/2937/2937 1218/1218/1218 916/916/916
f 1523/1523/1523 72/72/72 69/69/69
f 1943/1943/1943 72/72/72 1523/1523/1523
f 55/55/55 1771/1771/1771 1770/1770/1770
f 598/598/598 1057/1057/1057 937/937/937
f 598/598/598 599/599/599 1057/1057/1057
f 47/47/47 2490/2490/2490 1848/1848/1848
f 1251/1251/1251 2028/2028/2028 2999/2999/2999
f 1251/1251/1251 544/544/544 2028/2028/2028
f 2591/2591/2591 1711/1711/1711 2024/2024/2024
f 2591/2591/2591 1714/1714/1714 1711/1711/1711
f 1511/1511/1511 1799/1799/1799 1512/1512/1512
f 1511/1511/1511 2142/2142/2142 1799/1799/1799
f 565/565/565 1260/1260/1260 1058/1058/1058
f 565/565/565 567/567/567 1260/1260/1260
f 990/990/990 807/807/807 2015/2015/2015
f 1152/1152/1152 807/807/807 990/990/990
f 931/931/931 911/911/911 1177/1177/1177
f 909/909/909 911/911/911 931/931/931
f 47/47/47 2935/2935/2935 3000/3000/3000
f 2806/2806/2806 1995/1995/1995 2011/2011/2011
f 2806/2806/2806 1053/1053/1053 1995/1995/1995
f 3001/3001/3001 55/55/55 1631/1631/1631
f 1086/1086/1086 933/933/933 2959/2959/2959
f 1086/1086/1086 936/936/936 933/933/933
f 879/879/879 2984/2984/2984 2377/2377/2377
f 1232/1232/1232 2984/2984/2984 879/879/879
f 2112/2112/2112 2551/2551/2551 2113/2113/2113
f 2112/2112/2112 2549/2549/2549 2551/2551/2551
f 278/278/278 2625/2625/2625 281/281/281
f 1618/1618/1618 2625/2625/2625 278/278/278
f 55/55/55 455/455/455 454/454/454
f 6/6/6 1627/1627/1627 729/729/729
f 6/6/6 2708/2708/2708 1627/1627/1627
f 1972/1972/1972 2324/2324/2324 2326/2326/2326
f 2345/2345/2345 2324/2324/2324 1972/1972/1972
f 1813/1813/1813 422/422/422 1811/1811/1811
f 1813/1813/1813 327/327/327 422/422/422
f 377/377/377 978/978/978 980/980/980
f 377/377/377 2180/2180/2180 978/978/978
f 2425/2425/2425 2528/2528/2528 1826/1826/1826
f 2871/2871/2871 2528/2528/2528 2425/2425/2425
f 1682/1682/1682 426/426/426 428/428/428
f 2352/2352/2352 426/426/426 1682/1682/1682
f 224/224/224 2988/2988/2988 2159/2159/2159
f 226/226/226 2988/2988/2988 224/224/224
f 2105/2105/2105 2522/2522/2522 2921/2921/2921
f 2105/2105/2105 2524/2524/2524 2522/2522/2522
f 1332/1332/1332 2020/2020/2020 1007/1007/1007
f 1551/1551/1551 2020/2020/2020 1332/1332/1332
f 2011/2011/2011 1992/1992/1992 2010/2010/2010
f 2011/2011/2011 1995/1995/1995 1992/1992/1992
f 55/55/55 1934/1934/1934 1933/1933/1933
f 891/891/891 1386/1386/1386 889/889/889
f 1255/1255/1255 1386/1386/1386 891/891/891
f 2661/2661/2661 55/55/55 1676/1676/1676
f 3002/3002/3002 2957/2957/2957 1843/1843/1843
f 3002/3002/3002 2766/2766/2766 2957/2957/2957
f 2576/2576/2576 2787/2787/2787 516/516/516
f 2781/2781/2781 2787/2787/2787 2576/2576/2576
f 2152/2152/2152 1700/1700/1700 2990/2990/2990
f 2152/2152/2152 2311/2311/2311 1700/1700/1700
f 2382/2382/2382 2206/2206/2206 2843/2843/2843
f 2382/2382/2382 2383/2383/2383 2206/2206/2206
f 176/176/176 961/961/961 781/781/781
f 2862/2862/2862 961/961/961 176/176/176
f 1909/1909/1909 1800/1800/1800 1910/1910/1910
f 1909/1909/1909 1803/1803/1803 1800/1800/1800
f 2487/2487/2487 2505/2505/2505 670/670/670
f 2337/2337/2337 2505/2505/2505 2487/2487/2487
f 47/47/47 2655/2655/2655 1235/1235/1235
f 2959/2959/2959 2279/2279/2279 2979/2979/2979
f 2959/2959/2959 933/933/933 2279/2279/2279
f 1380/1380/1380 343/343/343 145/145/145
f 1352/1352/1352 343/343/343 1380/1380/1380
f 1659/1659/1659 2635/2635/2635 1267/1267/1267
f 1101/1101/1101 2635/2635/2635 1659/1659/1659
f 47/47/47 3003/3003/3003 1557/1557/1557
f 707/707/707 2990/2990/2990 710/710/710
f 2989/2989/2989 2990/2990/2990 707/707/707
f 1690/1690/1690 1426/1426/1426 2740/2740/2740
f 1427/1427/1427 1426/1426/1426 1690/1690/1690
f 55/55/55 2910/2910/2910 1769/1769/1769
f 1964/1964/1964 1652/1652/1652 1651/1651/1651
f 1964/1964/1964 1816/1816/1816 1652/1652/1652
f 85/85/85 2451/2451/2451 2452/2452/2452
f 85/85/85 87/87/87 2451/2451/2451
f 1814/1814/1814 379/379/379 381/381/381
f 541/541/541 379/379/379 1814/1814/1814
f 2460/2460/2460 2368/2368/2368 2461/2461/2461
f 2460/2460/2460 2366/2366/2366 2368/2368/2368
f 55/55/55 2679/2679/2679 2866/2866/2866
f 817/817/817 694/694/694 696/696/696
f 819/819/819 694/694/694 817/817/817
f 55/55/55 3004/3004/3004 2715/2715/2715
f 298/298/298 1284/1284/1284 1967/1967/1967
f 298/298/298 1579/1579/1579 1284/1284/1284
f 506/506/506 430/430/430 2856/2856/2856
f 506/506/506 2730/2730/2730 430/430/430
f 1704/1704/1704 2904/2904/2904 2906/2906/2906
f 1704/1704/1704 2839/2839/2839 2904/2904/2904
f 1583/1583/1583 2859/2859/2859 1907/1907/1907
f 1583/1583/1583 2238/2238/2238 2859/2859/2859
f 2702/2702/2702 1205/1205/1205 1839/1839/1839
f 19/19/19 1205/1205/1205 2702/2702/2702
f 2908/2908/2908 2731/2731/2731 2102/2102/2102
f 2954/2954/2954 2731/2731/2731 2908/2908/2908
f 2586/2586/2586 1077/1077/1077 2747/2747/2747
f 1078/1078/1078 1077/1077/1077 2586/2586/2586
f 332/332/332 1137/1137/1137 333/333/333
f 332/332/332 1135/1135/1135 1137/1137/1137
f 47/47/47 2775/2775/2775 2774/2774/2774
f 518/518/518 1561/1561/1561 1051/1051/1051
f 518/518/518 520/520/520 1561/1561/1561
f 1530/1530/1530 2959/2959/2959 2979/2979/2979
f 1164/1164/1164 2959/2959/2959 1530/1530/1530
f 47/47/47 2218/2218/2218 2220/2220/2220
f 1642/1642/1642 2183/2183/2183 1640/1640/1640
f 1642/1642/1642 2753/2753/2753 2183/2183/2183
f 2139/2139/2139 2941/2941/2941 2940/2940/2940
f 2139/2139/2139 2138/2138/2138 2941/2941/2941
f 500/500/500 596/596/596 597/597/597
f 1668/1668/1668 596/596/596 500/500/500
f 26/26/26 3005/3005/3005 2868/2868/2868
f 28/28/28 3005/3005/3005 26/26/26
f 2175/2175/2175 55/55/55 2176/2176/2176
f 2546/2546/2546 3006/3006/3006 2547/2547/2547
f 2154/2154/2154 2489/2489/2489 2521/2521/2521
f 2153/2153/2153 2489/2489/2489 2154/2154/2154
f 2546/2546/2546 2153/2153/2153 3006/3006/3006
f 2546/2546/2546 2489/2489/2489 2153/2153/2153
f 2820/2820/2820 551/551/551 2819/2819/2819
f 2568/2568/2568 551/551/551 2820/2820/2820
f 2174/2174/2174 2307/2307/2307 2435/2435/2435
f 2174/2174/2174 2173/2173/2173 2307/2307/2307
f 2673/2673/2673 55/55/55 2675/2675/2675
f 1587/1587/1587 467/467/467 1904/1904/1904
f 1587/1587/1587 1586/1586/1586 467/467/467
f 1032/1032/1032 48/48/48 2796/2796/2796
f 3007/3007/3007 1034/1034/1034 820/820/820
f 49/49/49 1034/1034/1034 3007/3007/3007
f 1032/1032/1032 49/49/49 48/48/48
f 1032/1032/1032 1034/1034/1034 49/49/49
f 3008/3008/3008 2673/2673/2673 2674/2674/2674
f 1154/1154/1154 1155/1155/1155 3008/3008/3008
f 1155/1155/1155 3009/3009/3009 3008/3008/3008
f 3009/3009/3009 2846/2846/2846 3008/3008/3008
f 2846/2846/2846 2673/2673/2673 3008/3008/3008
f 55/55/55 1025/1025/1025 1024/1024/1024
f 2349/2349/2349 165/165/165 167/167/167
f 2680/2680/2680 165/165/165 2349/2349/2349
f 2409/2409/2409 2450/2450/2450 690/690/690
f 2408/2408/2408 2450/2450/2450 2409/2409/2409
f 55/55/55 2338/2338/2338 3010/3010/3010
f 55/55/55 2660/2660/2660 2449/2449/2449
f 2824/2824/2824 1785/1785/1785 2754/2754/2754
f 2824/2824/2824 2825/2825/2825 1785/1785/1785
f 2759/2759/2759 2244/2244/2244 2760/2760/2760
f 2759/2759/2759 1709/1709/1709 2244/2244/2244
f 2777/2777/2777 1696/1696/1696 2778/2778/2778
f 2777/2777/2777 2569/2569/2569 1696/1696/1696
f 1077/1077/1077 2065/2065/2065 2376/2376/2376
f 1079/1079/1079 2065/2065/2065 1077/1077/1077
f 961/961/961 896/896/896 781/781/781
f 961/961/961 963/963/963 896/896/896
f 2479/2479/2479 1305/1305/1305 2270/2270/2270
f 1303/1303/1303 1305/1305/1305 2479/2479/2479
f 1182/1182/1182 2933/2933/2933 2222/2222/2222
f 1182/1182/1182 1184/1184/1184 2933/2933/2933
f 1968/1968/1968 2493/2493/2493 1345/1345/1345
f 1968/1968/1968 1967/1967/1967 2493/2493/2493
f 2348/2348/2348 1692/1692/1692 2795/2795/2795
f 2348/2348/2348 1838/1838/1838 1692/1692/1692
f 1582/1582/1582 1693/1693/1693 1584/1584/1584
f 2277/2277/2277 1693/1693/1693 1582/1582/1582
f 843/843/843 1042/1042/1042 1409/1409/1409
f 842/842/842 3011/3011/3011 843/843/843
f 3011/3011/3011 3012/3012/3012 843/843/843
f 3012/3012/3012 1043/1043/1043 843/843/843
f 1043/1043/1043 1042/1042/1042 843/843/843
f 1876/1876/1876 1514/1514/1514 2198/2198/2198
f 1876/1876/1876 1334/1334/1334 1514/1514/1514
f 47/47/47 3000/3000/3000 2713/2713/2713
f 311/311/311 55/55/55 312/312/312
f 47/47/47 338/338/338 67/67/67
f 666/666/666 2400/2400/2400 3013/3013/3013
f 666/666/666 668/668/668 2400/2400/2400
f 1539/1539/1539 711/711/711 439/439/439
f 967/967/967 711/711/711 1539/1539/1539
f 47/47/47 1061/1061/1061 1487/1487/1487
f 1993/1993/1993 3014/3014/3014 1994/1994/1994
f 1993/1993/1993 2786/2786/2786 3014/3014/3014
f 484/484/484 1822/1822/1822 1819/1819/1819
f 483/483/483 3015/3015/3015 484/484/484
f 3015/3015/3015 2997/2997/2997 484/484/484
f 2997/2997/2997 2350/2350/2350 484/484/484
f 2350/2350/2350 1822/1822/1822 484/484/484
f 2789/2789/2789 745/745/745 2790/2790/2790
f 2789/2789/2789 1463/1463/1463 745/745/745
f 2776/2776/2776 2279/2279/2279 287/287/287
f 2979/2979/2979 2279/2279/2279 2776/2776/2776
f 963/963/963 2564/2564/2564 2565/2565/2565
f 962/962/962 2564/2564/2564 963/963/963
f 1885/1885/1885 1566/1566/1566 1372/1372/1372
f 1885/1885/1885 2160/2160/2160 1566/1566/1566
f 2358/2358/2358 2681/2681/2681 2359/2359/2359
f 2358/2358/2358 2750/2750/2750 2681/2681/2681
f 47/47/47 3007/3007/3007 820/820/820
f 2107/2107/2107 1021/1021/1021 2108/2108/2108
f 2107/2107/2107 3016/3016/3016 1021/1021/1021
f 3016/3016/3016 2659/2659/2659 1021/1021/1021
f 2659/2659/2659 2503/2503/2503 1021/1021/1021
f 2503/2503/2503 1024/1024/1024 1021/1021/1021
f 2489/2489/2489 848/848/848 2521/2521/2521
f 2983/2983/2983 1506/1506/1506 1508/1508/1508
f 849/849/849 1506/1506/1506 2983/2983/2983
f 2489/2489/2489 849/849/849 848/848/848
f 2489/2489/2489 1506/1506/1506 849/849/849
f 1400/1400/1400 173/173/173 175/175/175
f 809/809/809 173/173/173 1400/1400/1400
f 2765/2765/2765 133/133/133 2257/2257/2257
f 134/134/134 133/133/133 2765/2765/2765
f 2842/2842/2842 1992/1992/1992 2694/2694/2694
f 2010/2010/2010 1992/1992/1992 2842/2842/2842
f 2869/2869/2869 2322/2322/2322 1759/1759/1759
f 2008/2008/2008 2322/2322/2322 2869/2869/2869
f 585/585/585 1531/1531/1531 2431/2431/2431
f 1067/1067/1067 1531/1531/1531 585/585/585
f 47/47/47 2440/2440/2440 2938/2938/2938
f 2783/2783/2783 1689/1689/1689 2926/2926/2926
f 2784/2784/2784 1689/1689/1689 2783/2783/2783
f 286/286/286 861/861/861 859/859/859
f 286/286/286 1460/1460/1460 861/861/861
f 2765/2765/2765 3017/3017/3017 1752/1752/1752
f 2765/2765/2765 2257/2257/2257 3017/3017/3017
f 2197/2197/2197 653/653/653 2527/2527/2527
f 652/652/652 653/653/653 2197/2197/2197
f 741/741/741 224/224/224 744/744/744
f 225/225/225 224/224/224 741/741/741
f 2496/2496/2496 2170/2170/2170 2497/2497/2497
f 2496/2496/2496 2225/2225/2225 2170/2170/2170
f 1448/1448/1448 2929/2929/2929 2971/2971/2971
f 2928/2928/2928 2929/2929/2929 1448/1448/1448
f 796/796/796 1665/1665/1665 538/538/538
f 798/798/798 1665/1665/1665 796/796/796
f 1860/1860/1860 690/690/690 692/692/692
f 2409/2409/2409 690/690/690 1860/1860/1860
f 2313/2313/2313 886/886/886 2315/2315/2315
f 887/887/887 886/886/886 2313/2313/2313
f 3018/3018/3018 1926/1926/1926 2455/2455/2455
f 1927/1927/1927 1926/1926/1926 3018/3018/3018
f 2809/2809/2809 2/2/2 459/459/459
f 3/3/3 2/2/2 2809/2809/2809
f 55/55/55 2621/2621/2621 2620/2620/2620
f 2160/2160/2160 954/954/954 2855/2855/2855
f 952/952/952 954/954/954 2160/2160/2160
f 2127/2127/2127 1028/1028/1028 1026/1026/1026
f 2127/2127/2127 1835/1835/1835 1028/1028/1028
f 2564/2564/2564 1905/1905/1905 2566/2566/2566
f 1906/1906/1906 1905/1905/1905 2564/2564/2564
f 2708/2708/2708 2072/2072/2072 1627/1627/1627
f 2708/2708/2708 2106/2106/2106 2072/2072/2072
f 2746/2746/2746 783/783/783 1398/1398/1398
f 1217/1217/1217 1865/1865/1865 2395/2395/2395
f 1217/1217/1217 1866/1866/1866 1865/1865/1865
f 1866/1866/1866 783/783/783 2746/2746/2746
f 1217/1217/1217 783/783/783 1866/1866/1866
f 2698/2698/2698 1878/1878/1878 354/354/354
f 2698/2698/2698 1880/1880/1880 1878/1878/1878
f 735/735/735 2208/2208/2208 973/973/973
f 2209/2209/2209 2208/2208/2208 735/735/735
f 885/885/885 227/227/227 229/229/229
f 1978/1978/1978 227/227/227 885/885/885
f 1577/1577/1577 1550/1550/1550 922/922/922
f 1577/1577/1577 1342/1342/1342 1550/1550/1550
f 1152/1152/1152 126/126/126 807/807/807
f 1151/1151/1151 126/126/126 1152/1152/1152
f 1389/1389/1389 2665/2665/2665 1387/1387/1387
f 1922/1922/1922 2665/2665/2665 1389/1389/1389
f 415/415/415 2426/2426/2426 2427/2427/2427
f 415/415/415 414/414/414 2426/2426/2426
f 2882/2882/2882 2755/2755/2755 394/394/394
f 2914/2914/2914 2755/2755/2755 2882/2882/2882
f 2602/2602/2602 1518/1518/1518 1515/1515/1515
f 1132/1132/1132 1518/1518/1518 2602/2602/2602
f 47/47/47 156/156/156 150/150/150
f 47/47/47 3019/3019/3019 3020/3020/3020
f 699/699/699 2691/2691/2691 2891/2891/2891
f 699/699/699 2947/2947/2947 2691/2691/2691
f 1307/1307/1307 1483/1483/1483 1309/1309/1309
f 2159/2159/2159 1483/1483/1483 1307/1307/1307
f 2675/2675/2675 55/55/55 2676/2676/2676
f 47/47/47 2443/2443/2443 2442/2442/2442
f 2404/2404/2404 2427/2427/2427 2402/2402/2402
f 2404/2404/2404 415/415/415 2427/2427/2427
f 2308/2308/2308 2908/2908/2908 53/53/53
f 2310/2310/2310 2908/2908/2908 2308/2308/2308
f 55/55/55 3021/3021/3021 2643/2643/2643
f 47/47/47 2634/2634/2634 2811/2811/2811
f 1774/1774/1774 1063/1063/1063 1065/1065/1065
f 1774/1774/1774 1776/1776/1776 1063/1063/1063
f 78/78/78 443/443/443 79/79/79
f 78/78/78 1746/1746/1746 443/443/443
f 47/47/47 152/152/152 2656/2656/2656
f 708/708/708 1697/1697/1697 2840/2840/2840
f 710/710/710 1697/1697/1697 708/708/708
f 1577/1577/1577 1340/1340/1340 1342/1342/1342
f 2081/2081/2081 1340/1340/1340 1577/1577/1577
f 276/276/276 719/719/719 716/716/716
f 276/276/276 275/275/275 719/719/719
f 2784/2784/2784 1692/1692/1692 1689/1689/1689
f 2795/2795/2795 1692/1692/1692 2784/2784/2784
f 2937/2937/2937 1216/1216/1216 1218/1218/1218
f 2029/2029/2029 1216/1216/1216 2937/2937/2937
f 2245/2245/2245 580/580/580 2129/2129/2129
f 578/578/578 580/580/580 2245/2245/2245
f 554/554/554 2495/2495/2495 2973/2973/2973
f 1159/1159/1159 2495/2495/2495 554/554/554
f 244/244/244 2139/2139/2139 2940/2940/2940
f 2472/2472/2472 2139/2139/2139 244/244/244
f 163/163/163 795/795/795 2858/2858/2858
f 163/163/163 162/162/162 795/795/795
f 1948/1948/1948 97/97/97 2589/2589/2589
f 1948/1948/1948 100/100/100 97/97/97
f 376/376/376 2061/2061/2061 2896/2896/2896
f 2229/2229/2229 2061/2061/2061 376/376/376
f 2015/2015/2015 806/806/806 2013/2013/2013
f 807/807/807 806/806/806 2015/2015/2015
f 47/47/47 2961/2961/2961 2498/2498/2498
f 2288/2288/2288 2262/2262/2262 2274/2274/2274
f 2288/2288/2288 2263/2263/2263 2262/2262/2262
f 892/892/892 1292/1292/1292 1294/1294/1294
f 892/892/892 894/894/894 1292/1292/1292
f 1074/1074/1074 146/146/146 2637/2637/2637
f 1074/1074/1074 149/149/149 146/146/146
f 2031/2031/2031 2325/2325/2325 2032/2032/2032
f 2326/2326/2326 2325/2325/2325 2031/2031/2031
f 905/905/905 734/734/734 903/903/903
f 905/905/905 737/737/737 734/734/734
f 2373/2373/2373 1163/1163/1163 1162/1162/1162
f 2373/2373/2373 2977/2977/2977 1163/1163/1163
f 2771/2771/2771 1919/1919/1919 2772/2772/2772
f 2771/2771/2771 1543/1543/1543 1919/1919/1919
f 412/412/412 646/646/646 410/410/410
f 2658/2658/2658 646/646/646 412/412/412
f 2698/2698/2698 2027/2027/2027 1880/1880/1880
f 2182/2182/2182 2027/2027/2027 2698/2698/2698
f 2706/2706/2706 676/676/676 2001/2001/2001
f 2769/2769/2769 676/676/676 2706/2706/2706
f 1604/1604/1604 2830/2830/2830 2040/2040/2040
f 1604/1604/1604 1603/1603/1603 2830/2830/2830
f 47/47/47 1238/1238/1238 2491/2491/2491
f 1728/1728/1728 631/631/631 1729/1729/1729
f 1728/1728/1728 629/629/629 631/631/631
f 3021/3021/3021 55/55/55 1154/1154/1154
f 965/965/965 1539/1539/1539 1873/1873/1873
f 965/965/965 967/967/967 1539/1539/1539
f 1094/1094/1094 2288/2288/2288 2274/2274/2274
f 1149/1149/1149 2288/2288/2288 1094/1094/1094
f 1195/1195/1195 835/835/835 1786/1786/1786
f 1197/1197/1197 835/835/835 1195/1195/1195
f 47/47/47 45/45/45 44/44/44
f 318/318/318 1131/1131/1131 147/147/147
f 318/318/318 1401/1401/1401 1131/1131/1131
f 1869/1869/1869 3022/3022/3022 2021/2021/2021
f 1869/1869/1869 3023/3023/3023 3022/3022/3022
f 1694/1694/1694 1457/1457/1457 1695/1695/1695
f 1694/1694/1694 1455/1455/1455 1457/1457/1457
f 1113/1113/1113 1513/1513/1513 1424/1424/1424
f 1113/1113/1113 1115/1115/1115 1513/1513/1513
f 2474/2474/2474 2332/2332/2332 2334/2334/2334
f 2474/2474/2474 2794/2794/2794 2332/2332/2332
f 2279/2279/2279 285/285/285 287/287/287
f 2279/2279/2279 841/841/841 285/285/285
f 2735/2735/2735 950/950/950 2645/2645/2645
f 2609/2609/2609 950/950/950 2735/2735/2735
f 2156/2156/2156 1166/1166/1166 1790/1790/1790
f 2084/2084/2084 1166/1166/1166 2156/2156/2156
f 2428/2428/2428 1767/1767/1767 1764/1764/1764
f 2428/2428/2428 2518/2518/2518 1767/1767/1767
f 2136/2136/2136 20/20/20 2779/2779/2779
f 2136/2136/2136 751/751/751 20/20/20
f 1202/1202/1202 1491/1491/1491 2596/2596/2596
f 1204/1204/1204 1491/1491/1491 1202/1202/1202
f 1814/1814/1814 1945/1945/1945 1815/1815/1815
f 1814/1814/1814 381/381/381 1945/1945/1945
f 2272/2272/2272 203/203/203 1970/1970/1970
f 214/214/214 203/203/203 2272/2272/2272
f 47/47/47 2878/2878/2878 2867/2867/2867
f 47/47/47 2545/2545/2545 2547/2547/2547
f 1476/1476/1476 2227/2227/2227 1477/1477/1477
f 1476/1476/1476 1469/1469/1469 2227/2227/2227
f 2783/2783/2783 1479/1479/1479 870/870/870
f 2783/2783/2783 2926/2926/2926 1479/1479/1479
f 430/430/430 2729/2729/2729 432/432/432
f 2730/2730/2730 2729/2729/2729 430/430/430
f 47/47/47 2118/2118/2118 2432/2432/2432
f 47/47/47 1487/1487/1487 1488/1488/1488
f 326/326/326 2781/2781/2781 2576/2576/2576
f 328/328/328 2781/2781/2781 326/326/326
f 2176/2176/2176 55/55/55 2177/2177/2177
f 1180/1180/1180 305/305/305 307/307/307
f 1180/1180/1180 648/648/648 305/305/305
f 2880/2880/2880 1888/1888/1888 1890/1890/1890
f 2407/2407/2407 1888/1888/1888 2880/2880/2880
f 2904/2904/2904 2026/2026/2026 2905/2905/2905
f 2904/2904/2904 2024/2024/2024 2026/2026/2026
f 2535/2535/2535 1672/1672/1672 1674/1674/1674
f 2535/2535/2535 2370/2370/2370 1672/1672/1672
f 47/47/47 1281/1281/1281 3019/3019/3019
f 2460/2460/2460 396/396/396 2366/2366/2366
f 2881/2881/2881 396/396/396 2460/2460/2460
f 86/86/86 595/595/595 87/87/87
f 86/86/86 2461/2461/2461 595/595/595
f 55/55/55 2807/2807/2807 2808/2808/2808
f 55/55/55 3024/3024/3024 3025/3025/3025
f 2123/2123/2123 1041/1041/1041 667/667/667
f 2123/2123/2123 2486/2486/2486 1041/1041/1041
f 14/14/14 838/838/838 15/15/15
f 14/14/14 2912/2912/2912 838/838/838
f 2224/2224/2224 2480/2480/2480 2171/2171/2171
f 2224/2224/2224 2359/2359/2359 2480/2480/2480
f 47/47/47 2242/2242/2242 2817/2817/2817
f 55/55/55 2538/2538/2538 2537/2537/2537
f 445/445/445 2777/2777/2777 2618/2618/2618
f 445/445/445 444/444/444 2777/2777/2777
f 490/490/490 1304/1304/1304 1306/1306/1306
f 490/490/490 2512/2512/2512 1304/1304/1304
f 2855/2855/2855 2607/2607/2607 2605/2605/2605
f 954/954/954 2607/2607/2607 2855/2855/2855
f 47/47/47 2070/2070/2070 2066/2066/2066
f 3026/3026/3026 684/684/684 2671/2671/2671
f 3026/3026/3026 3027/3027/3027 684/684/684
f 1984/1984/1984 296/296/296 1968/1968/1968
f 1357/1357/1357 296/296/296 1984/1984/1984
f 2120/2120/2120 2436/2436/2436 2998/2998/2998
f 2120/2120/2120 2221/2221/2221 2436/2436/2436
f 391/391/391 964/964/964 392/392/392
f 391/391/391 3028/3028/3028 964/964/964
f 12/12/12 346/346/346 10/10/10
f 347/347/347 346/346/346 12/12/12
f 2920/2920/2920 1195/1195/1195 1015/1015/1015
f 1196/1196/1196 1195/1195/1195 2920/2920/2920
f 472/472/472 55/55/55 54/54/54
f 1974/1974/1974 2820/2820/2820 2879/2879/2879
f 1974/1974/1974 2568/2568/2568 2820/2820/2820
f 1250/1250/1250 1374/1374/1374 2797/2797/2797
f 828/828/828 1374/1374/1374 1250/1250/1250
f 855/855/855 1143/1143/1143 858/858/858
f 1040/1040/1040 1143/1143/1143 855/855/855
f 458/458/458 1989/1989/1989 2057/2057/2057
f 458/458/458 437/437/437 1989/1989/1989
f 2255/2255/2255 205/205/205 2254/2254/2254
f 2379/2379/2379 205/205/205 2255/2255/2255
f 2002/2002/2002 2779/2779/2779 2365/2365/2365
f 675/675/675 2779/2779/2779 2002/2002/2002
f 122/122/122 2966/2966/2966 2968/2968/2968
f 122/122/122 2996/2996/2996 2966/2966/2966
f 3029/3029/3029 2455/2455/2455 1231/1231/1231
f 3018/3018/3018 2455/2455/2455 3029/3029/3029
f 91/91/91 2525/2525/2525 2406/2406/2406
f 91/91/91 90/90/90 2525/2525/2525
f 47/47/47 1300/1300/1300 45/45/45
f 1140/1140/1140 1945/1945/1945 1943/1943/1943
f 1815/1815/1815 1945/1945/1945 1140/1140/1140
f 2541/2541/2541 2991/2991/2991 2897/2897/2897
f 2541/2541/2541 2857/2857/2857 2991/2991/2991
f 2898/2898/2898 1496/1496/1496 1492/1492/1492
f 2898/2898/2898 2477/2477/2477 1496/1496/1496
f 753/753/753 732/732/732 756/756/756
f 730/730/730 732/732/732 753/753/753
f 2852/2852/2852 519/519/519 521/521/521
f 2852/2852/2852 3030/3030/3030 519/519/519
f 3030/3030/3030 3031/3031/3031 519/519/519
f 3031/3031/3031 3032/3032/3032 519/519/519
f 3032/3032/3032 2619/2619/2619 519/519/519
f 47/47/47 2960/2960/2960 2961/2961/2961
f 202/202/202 2223/2223/2223 200/200/200
f 1309/1309/1309 2223/2223/2223 202/202/202
f 384/384/384 3033/3033/3033 2742/2742/2742
f 384/384/384 460/460/460 3033/3033/3033
f 2895/2895/2895 1196/1196/1196 2888/2888/2888
f 2895/2895/2895 1194/1194/1194 1196/1196/1196
f 1009/1009/1009 1808/1808/1808 1654/1654/1654
f 1009/1009/1009 499/499/499 1808/1808/1808
f 2371/2371/2371 1639/1639/1639 2720/2720/2720
f 2371/2371/2371 2610/2610/2610 1639/1639/1639
f 665/665/665 1413/1413/1413 1415/1415/1415
f 2543/2543/2543 1413/1413/1413 665/665/665
f 3034/3034/3034 1445/1445/1445 1446/1446/1446
f 1832/1832/1832 1445/1445/1445 3034/3034/3034
f 2985/2985/2985 2716/2716/2716 647/647/647
f 2985/2985/2985 2842/2842/2842 2716/2716/2716
f 2555/2555/2555 2617/2617/2617 349/349/349
f 2273/2273/2273 2617/2617/2617 2555/2555/2555
f 2741/2741/2741 3033/3033/3033 1845/1845/1845
f 2742/2742/2742 3033/3033/3033 2741/2741/2741
f 1747/1747/1747 246/246/246 243/243/243
f 2550/2550/2550 246/246/246 1747/1747/1747
f 47/47/47 250/250/250 183/183/183
f 1310/1310/1310 445/445/445 2618/2618/2618
f 1626/1626/1626 445/445/445 1310/1310/1310
f 55/55/55 2901/2901/2901 2614/2614/2614
f 593/593/593 2584/2584/2584 594/594/594
f 593/593/593 2640/2640/2640 2584/2584/2584
f 25/25/25 2760/2760/2760 28/28/28
f 2758/2758/2758 2760/2760/2760 25/25/25
f 1820/1820/1820 55/55/55 2109/2109/2109
f 2332/2332/2332 2980/2980/2980 2752/2752/2752
f 2794/2794/2794 2980/2980/2980 2332/2332/2332
f 1874/1874/1874 82/82/82 124/124/124
f 83/83/83 82/82/82 1874/1874/1874
f 2155/2155/2155 474/474/474 2683/2683/2683
f 2155/2155/2155 477/477/477 474/474/474
f 919/919/919 2104/2104/2104 1189/1189/1189
f 919/919/919 2570/2570/2570 2104/2104/2104
f 2994/2994/2994 1765/1765/1765 683/683/683
f 1766/1766/1766 1765/1765/1765 2994/2994/2994
f 2325/2325/2325 2930/2930/2930 2032/2032/2032
f 2325/2325/2325 1679/1679/1679 2930/2930/2930
f 2456/2456/2456 2196/2196/2196 2454/2454/2454
f 2456/2456/2456 2103/2103/2103 2196/2196/2196
f 2595/2595/2595 1940/1940/1940 2291/2291/2291
f 2595/2595/2595 2038/2038/2038 1940/1940/1940
f 2798/2798/2798 2412/2412/2412 1459/1459/1459
f 2798/2798/2798 1524/1524/1524 2412/2412/2412
f 1514/1514/1514 1336/1336/1336 345/345/345
f 1334/1334/1334 1336/1336/1336 1514/1514/1514
f 2604/2604/2604 2168/2168/2168 2892/2892/2892
f 2782/2782/2782 2168/2168/2168 2604/2604/2604
f 2883/2883/2883 93/93/93 1133/1133/1133
f 1713/1713/1713 93/93/93 2883/2883/2883
f 369/369/369 1705/1705/1705 1703/1703/1703
f 369/369/369 709/709/709 1705/1705/1705
f 1672/1672/1672 2371/2371/2371 2720/2720/2720
f 2370/2370/2370 2371/2371/2371 1672/1672/1672
f 2801/2801/2801 2436/2436/2436 1008/1008/1008
f 2998/2998/2998 2436/2436/2436 2801/2801/2801
f 2683/2683/2683 534/534/534 1207/1207/1207
f 2683/2683/2683 474/474/474 534/534/534
f 166/166/166 2698/2698/2698 354/354/354
f 168/168/168 2698/2698/2698 166/166/166
f 3035/3035/3035 55/55/55 2885/2885/2885
f 1206/1206/1206 533/533/533 651/651/651
f 534/534/534 533/533/533 1206/1206/1206
f 3024/3024/3024 2283/2283/2283 627/627/627
f 3024/3024/3024 3036/3036/3036 2283/2283/2283
f 3036/3036/3036 1330/1330/1330 2283/2283/2283
f 1330/1330/1330 1331/1331/1331 2283/2283/2283
f 1331/1331/1331 1761/1761/1761 2283/2283/2283
f 773/773/773 834/834/834 831/831/831
f 773/773/773 775/775/775 834/834/834
f 2510/2510/2510 2246/2246/2246 1408/1408/1408
f 2727/2727/2727 2246/2246/2246 2510/2510/2510
f 2760/2760/2760 3005/3005/3005 28/28/28
f 2760/2760/2760 2244/2244/2244 3005/3005/3005
f 2034/2034/2034 85/85/85 976/976/976
f 2034/2034/2034 88/88/88 85/85/85
f 47/47/47 2814/2814/2814 1280/1280/1280
f 1741/1741/1741 1536/1536/1536 1742/1742/1742
f 1741/1741/1741 2228/2228/2228 1536/1536/1536
f 2431/2431/2431 2776/2776/2776 1779/1779/1779
f 1531/1531/1531 2776/2776/2776 2431/2431/2431
f 47/47/47 3006/3006/3006 2153/2153/2153
f 2966/2966/2966 1312/1312/1312 2068/2068/2068
f 2996/2996/2996 1312/1312/1312 2966/2966/2966
f 1969/1969/1969 138/138/138 1209/1209/1209
f 136/136/136 138/138/138 1969/1969/1969
f 761/761/761 55/55/55 2644/2644/2644
f 1699/1699/1699 2592/2592/2592 2590/2590/2590
f 1699/1699/1699 2589/2589/2589 2592/2592/2592
f 2548/2548/2548 2084/2084/2084 2929/2929/2929
f 2548/2548/2548 2085/2085/2085 2084/2084/2084
f 2586/2586/2586 1535/1535/1535 2587/2587/2587
f 2586/2586/2586 2747/2747/2747 1535/1535/1535
f 422/422/422 326/326/326 425/425/425
f 327/327/327 326/326/326 422/422/422
f 1124/1124/1124 132/132/132 134/134/134
f 1446/1446/1446 132/132/132 1124/1124/1124
f 671/671/671 1730/1730/1730 1684/1684/1684
f 673/673/673 1730/1730/1730 671/671/671
f 47/47/47 2499/2499/2499 1502/1502/1502
f 2565/2565/2565 762/762/762 2378/2378/2378
f 2565/2565/2565 908/908/908 762/762/762
f 55/55/55 1933/1933/1933 2202/2202/2202
f 2858/2858/2858 797/797/797 2624/2624/2624
f 2858/2858/2858 795/795/795 797/797/797
f 353/353/353 1878/1878/1878 2421/2421/2421
f 354/354/354 1878/1878/1878 353/353/353
f 2047/2047/2047 988/988/988 2048/2048/2048
f 989/989/989 988/988/988 2047/2047/2047
f 3034/3034/3034 1124/1124/1124 1126/1126/1126
f 3034/3034/3034 1446/1446/1446 1124/1124/1124
f 724/724/724 3014/3014/3014 727/727/727
f 1994/1994/1994 3014/3014/3014 724/724/724
f 2120/2120/2120 2179/2179/2179 2221/2221/2221
f 2121/2121/2121 2179/2179/2179 2120/2120/2120
f 2727/2727/2727 2245/2245/2245 2246/2246/2246
f 1456/1456/1456 2245/2245/2245 2727/2727/2727
f 2562/2562/2562 1632/1632/1632 1837/1837/1837
f 54/54/54 56/56/56 2562/2562/2562
f 56/56/56 3001/3001/3001 2562/2562/2562
f 3001/3001/3001 1631/1631/1631 2562/2562/2562
f 1631/1631/1631 1632/1632/1632 2562/2562/2562
f 2301/2301/2301 2882/2882/2882 1545/1545/1545
f 2301/2301/2301 2914/2914/2914 2882/2882/2882
f 479/479/479 993/993/993 1297/1297/1297
f 479/479/479 587/587/587 993/993/993
f 172/172/172 658/658/658 170/170/170
f 172/172/172 923/923/923 658/658/658
f 1225/1225/1225 2838/2838/2838 628/628/628
f 1230/1230/1230 1718/1718/1718 1225/1225/1225
f 1718/1718/1718 1719/1719/1719 1225/1225/1225
f 1719/1719/1719 2837/2837/2837 1225/1225/1225
f 2837/2837/2837 2838/2838/2838 1225/1225/1225
f 1954/1954/1954 951/951/951 948/948/948
f 1954/1954/1954 2963/2963/2963 951/951/951
f 2963/2963/2963 2962/2962/2962 951/951/951
f 2962/2962/2962 3037/3037/3037 951/951/951
f 3037/3037/3037 1108/1108/1108 951/951/951
f 1286/1286/1286 2934/2934/2934 1285/1285/1285
f 1286/1286/1286 1680/1680/1680 2934/2934/2934
f 1356/1356/1356 2205/2205/2205 1358/1358/1358
f 2203/2203/2203 2205/2205/2205 1356/1356/1356
f 1445/1445/1445 21/21/21 23/23/23
f 1833/1833/1833 21/21/21 1445/1445/1445
f 2957/2957/2957 478/478/478 480/480/480
f 2766/2766/2766 478/478/478 2957/2957/2957
f 2897/2897/2897 2743/2743/2743 2744/2744/2744
f 2897/2897/2897 2991/2991/2991 2743/2743/2743
f 1414/1414/1414 369/369/369 1703/1703/1703
f 367/367/367 369/369/369 1414/1414/1414
f 1420/1420/1420 401/401/401 2944/2944/2944
f 1420/1420/1420 1419/1419/1419 401/401/401
f 2918/2918/2918 55/55/55 2919/2919/2919
f 391/391/391 853/853/853 3028/3028/3028
f 1710/1710/1710 853/853/853 391/391/391
f 934/934/934 1459/1459/1459 935/935/935
f 934/934/934 2798/2798/2798 1459/1459/1459
f 47/47/47 2148/2148/2148 2150/2150/2150
f 2681/2681/2681 177/177/177 179/179/179
f 2750/2750/2750 177/177/177 2681/2681/2681
f 1913/1913/1913 2476/2476/2476 1648/1648/1648
f 1913/1913/1913 2696/2696/2696 2476/2476/2476
f 2985/2985/2985 2010/2010/2010 2842/2842/2842
f 1064/1064/1064 2010/2010/2010 2985/2985/2985
f 293/293/293 1233/1233/1233 151/151/151
f 293/293/293 2916/2916/2916 1233/1233/1233
f 2904/2904/2904 2591/2591/2591 2024/2024/2024
f 2839/2839/2839 2591/2591/2591 2904/2904/2904
f 1763/1763/1763 2898/2898/2898 2899/2899/2899
f 1763/1763/1763 1762/1762/1762 2898/2898/2898
f 2584/2584/2584 2287/2287/2287 2582/2582/2582
f 2584/2584/2584 2994/2994/2994 2287/2287/2287
f 55/55/55 218/218/218 760/760/760
f 55/55/55 3012/3012/3012 3011/3011/3011
f 125/125/125 2360/2360/2360 806/806/806
f 125/125/125 2361/2361/2361 2360/2360/2360
f 2810/2810/2810 401/401/401 403/403/403
f 2944/2944/2944 401/401/401 2810/2810/2810
f 2207/2207/2207 2356/2356/2356 2210/2210/2210
f 2082/2082/2082 2356/2356/2356 2207/2207/2207
f 1313/1313/1313 2832/2832/2832 1528/1528/1528
f 2975/2975/2975 2832/2832/2832 1313/1313/1313
f 1462/1462/1462 2600/2600/2600 2734/2734/2734
f 1461/1461/1461 2600/2600/2600 1462/1462/1462
f 1305/1305/1305 2268/2268/2268 2270/2270/2270
f 1305/1305/1305 2812/2812/2812 2268/2268/2268
f 70/70/70 1845/1845/1845 1099/1099/1099
f 2741/2741/2741 1845/1845/1845 70/70/70
f 2480/2480/2480 1801/1801/1801 1803/1803/1803
f 2480/2480/2480 2682/2682/2682 1801/1801/1801
f 1351/1351/1351 2290/2290/2290 2650/2650/2650
f 1351/1351/1351 2293/2293/2293 2290/2290/2290
f 459/459/459 2638/2638/2638 435/435/435
f 2/2/2 2638/2638/2638 459/459/459
f 288/288/288 2664/2664/2664 2075/2075/2075
f 288/288/288 290/290/290 2664/2664/2664
f 2519/2519/2519 502/502/502 504/504/504
f 2519/2519/2519 765/765/765 502/502/502
f 517/517/517 937/937/937 2841/2841/2841
f 449/449/449 937/937/937 517/517/517
f 47/47/47 2363/2363/2363 3038/3038/3038
f 2787/2787/2787 514/514/514 516/516/516
f 2787/2787/2787 2788/2788/2788 514/514/514
f 2874/2874/2874 1555/1555/1555 2477/2477/2477
f 2874/2874/2874 1553/1553/1553 1555/1555/1555
f 942/942/942 263/263/263 607/607/607
f 942/942/942 266/266/266 263/263/263
f 55/55/55 2536/2536/2536 1737/1737/1737
f 2622/2622/2622 55/55/55 2623/2623/2623
f 1454/1454/1454 334/334/334 331/331/331
f 2654/2654/2654 334/334/334 1454/1454/1454
f 1772/1772/1772 55/55/55 1773/1773/1773
f 1998/1998/1998 1804/1804/1804 712/712/712
f 1998/1998/1998 1807/1807/1807 1804/1804/1804
f 2629/2629/2629 1120/1120/1120 2986/2986/2986
f 2629/2629/2629 1122/1122/1122 1120/1120/1120
f 814/814/814 55/55/55 815/815/815
f 1392/1392/1392 2899/2899/2899 242/242/242
f 1392/1392/1392 1763/1763/1763 2899/2899/2899
f 2611/2611/2611 112/112/112 114/114/114
f 2890/2890/2890 112/112/112 2611/2611/2611
f 2133/2133/2133 2168/2168/2168 2782/2782/2782
f 2133/2133/2133 2167/2167/2167 2168/2168/2168
f 2457/2457/2457 2098/2098/2098 2076/2076/2076
f 2949/2949/2949 2098/2098/2098 2457/2457/2457
f 55/55/55 1935/1935/1935 1934/1934/1934
f 1636/1636/1636 2027/2027/2027 2182/2182/2182
f 1636/1636/1636 3029/3029/3029 2027/2027/2027
f 448/448/448 371/371/371 598/598/598
f 1840/1840/1840 371/371/371 448/448/448
f 2247/2247/2247 313/313/313 315/315/315
f 2329/2329/2329 313/313/313 2247/2247/2247
f 785/785/785 1106/1106/1106 494/494/494
f 785/785/785 2972/2972/2972 1106/1106/1106
f 2889/2889/2889 2157/2157/2157 2724/2724/2724
f 1554/1554/1554 2157/2157/2157 2889/2889/2889
f 3039/3039/3039 1080/1080/1080 2689/2689/2689
f 3039/3039/3039 2487/2487/2487 1080/1080/1080
f 1600/1600/1600 2347/2347/2347 1601/1601/1601
f 2567/2567/2567 2347/2347/2347 1600/1600/1600
f 3027/3027/3027 1017/1017/1017 1019/1019/1019
f 1444/1444/1444 1017/1017/1017 3027/3027/3027
f 2373/2373/2373 1382/1382/1382 2977/2977/2977
f 420/420/420 1382/1382/1382 2373/2373/2373
f 1500/1500/1500 1248/1248/1248 2169/2169/2169
f 616/616/616 1248/1248/1248 1500/1500/1500
f 2318/2318/2318 3040/3040/3040 2316/2316/2316
f 2993/2993/2993 3040/3040/3040 2318/2318/2318
f 2196/2196/2196 2864/2864/2864 2984/2984/2984
f 2196/2196/2196 2197/2197/2197 2864/2864/2864
f 2471/2471/2471 527/527/527 529/529/529
f 2471/2471/2471 1165/1165/1165 527/527/527
f 2180/2180/2180 1650/1650/1650 1647/1647/1647
f 2896/2896/2896 1650/1650/1650 2180/2180/2180
f 1789/1789/1789 421/421/421 419/419/419
f 1168/1168/1168 421/421/421 1789/1789/1789
f 2495/2495/2495 562/562/562 2951/2951/2951
f 563/563/563 562/562/562 2495/2495/2495
f 55/55/55 1224/1224/1224 1097/1097/1097
f 1033/1033/1033 2318/2318/2318 2233/2233/2233
f 2941/2941/2941 2318/2318/2318 1033/1033/1033
f 47/47/47 2469/2469/2469 2468/2468/2468
f 587/587/587 238/238/238 235/235/235
f 586/586/586 238/238/238 587/587/587
f 2410/2410/2410 36/36/36 2408/2408/2408
f 1783/1783/1783 36/36/36 2410/2410/2410
f 2587/2587/2587 1532/1532/1532 2697/2697/2697
f 2587/2587/2587 1535/1535/1535 1532/1532/1532
f 1225/1225/1225 313/313/313 2329/2329/2329
f 1225/1225/1225 628/628/628 313/313/313
f 2785/2785/2785 1619/1619/1619 2978/2978/2978
f 2785/2785/2785 743/743/743 1619/1619/1619
f 1376/1376/1376 1201/1201/1201 2718/2718/2718
f 1376/1376/1376 606/606/606 1201/1201/1201
f 55/55/55 930/930/930 929/929/929
f 519/519/519 1562/1562/1562 520/520/520
f 519/519/519 1916/1916/1916 1562/1562/1562
f 55/55/55 3041/3041/3041 2838/2838/2838
f 770/770/770 1849/1849/1849 768/768/768
f 1541/1541/1541 1849/1849/1849 770/770/770
f 55/55/55 1214/1214/1214 1778/1778/1778
f 1108/1108/1108 1113/1113/1113 951/951/951
f 1108/1108/1108 1107/1107/1107 1113/1113/1113
f 1107/1107/1107 3042/3042/3042 1113/1113/1113
f 3042/3042/3042 2534/2534/2534 1113/1113/1113
f 2534/2534/2534 1116/1116/1116 1113/1113/1113
f 2790/2790/2790 747/747/747 2799/2799/2799
f 2790/2790/2790 745/745/745 747/747/747
f 3027/3027/3027 687/687/687 684/684/684
f 3027/3027/3027 1019/1019/1019 687/687/687
f 731/731/731 2194/2194/2194 1609/1609/1609
f 2860/2860/2860 2194/2194/2194 731/731/731
f 2823/2823/2823 321/321/321 1221/1221/1221
f 2823/2823/2823 324/324/324 321/321/321
f 1233/1233/1233 787/787/787 1237/1237/1237
f 2916/2916/2916 787/787/787 1233/1233/1233
f 343/343/343 143/143/143 145/145/145
f 343/343/343 342/342/342 143/143/143
f 2930/2930/2930 1678/1678/1678 1973/1973/1973
f 1679/1679/1679 1678/1678/1678 2930/2930/2930
f 2073/2073/2073 402/402/402 2074/2074/2074
f 403/403/403 3043/3043/3043 2811/2811/2811
f 403/403/403 2553/2553/2553 3043/3043/3043
f 2553/2553/2553 402/402/402 2073/2073/2073
f 403/403/403 402/402/402 2553/2553/2553
f 55/55/55 1597/1597/1597 1211/1211/1211
f 2271/2271/2271 452/452/452 2348/2348/2348
f 453/453/453 452/452/452 2271/2271/2271
f 817/817/817 2324/2324/2324 2345/2345/2345
f 817/817/817 696/696/696 2324/2324/2324
f 1650/1650/1650 1913/1913/1913 1648/1648/1648
f 1912/1912/1912 1913/1913/1913 1650/1650/1650
f 1185/1185/1185 584/584/584 1183/1183/1183
f 2417/2417/2417 584/584/584 1185/1185/1185
f 1917/1917/1917 1451/1451/1451 1918/1918/1918
f 1917/1917/1917 2653/2653/2653 1451/1451/1451
f 2663/2663/2663 2744/2744/2744 2046/2046/2046
f 2663/2663/2663 2897/2897/2897 2744/2744/2744
f 1551/1551/1551 1868/1868/1868 2020/2020/2020
f 1341/1341/1341 1868/1868/1868 1551/1551/1551
f 998/998/998 3044/3044/3044 1001/1001/1001
f 3017/3017/3017 3044/3044/3044 998/998/998
f 2751/2751/2751 2909/2909/2909 2494/2494/2494
f 2752/2752/2752 2909/2909/2909 2751/2751/2751
f 417/417/417 2986/2986/2986 418/418/418
f 2763/2763/2763 2986/2986/2986 417/417/417
f 1793/1793/1793 2508/2508/2508 2728/2728/2728
f 1793/1793/1793 1198/1198/1198 2508/2508/2508
f 2059/2059/2059 3040/3040/3040 2993/2993/2993
f 2059/2059/2059 2877/2877/2877 3040/3040/3040
f 2971/2971/2971 2155/2155/2155 2684/2684/2684
f 2971/2971/2971 2156/2156/2156 2155/2155/2155
f 931/931/931 219/219/219 932/932/932
f 931/931/931 1177/1177/1177 219/219/219
f 55/55/55 2677/2677/2677 2676/2676/2676
f 864/864/864 2390/2390/2390 2391/2391/2391
f 2054/2054/2054 329/329/329 864/864/864
f 329/329/329 330/330/330 864/864/864
f 330/330/330 2415/2415/2415 864/864/864
f 2415/2415/2415 2390/2390/2390 864/864/864
f 1206/1206/1206 1159/1159/1159 1158/1158/1158
f 1206/1206/1206 651/651/651 1159/1159/1159
f 2903/2903/2903 754/754/754 1787/1787/1787
f 755/755/755 754/754/754 2903/2903/2903
f 2892/2892/2892 2144/2144/2144 2146/2146/2146
f 2168/2168/2168 2144/2144/2144 2892/2892/2892
f 124/124/124 2559/2559/2559 127/127/127
f 82/82/82 2559/2559/2559 124/124/124
f 2101/2101/2101 1593/1593/1593 2598/2598/2598
f 2101/2101/2101 1595/1595/1595 1593/1593/1593
f 3024/3024/3024 55/55/55 3036/3036/3036
f 2367/2367/2367 2428/2428/2428 1764/1764/1764
f 2369/2369/2369 2428/2428/2428 2367/2367/2367
f 84/84/84 1271/1271/1271 1852/1852/1852
f 1863/1863/1863 1271/1271/1271 84/84/84
f 2722/2722/2722 2944/2944/2944 2810/2810/2810
f 2529/2529/2529 2944/2944/2944 2722/2722/2722
f 1276/1276/1276 2999/2999/2999 2441/2441/2441
f 1275/1275/1275 2999/2999/2999 1276/1276/1276
f 359/359/359 172/172/172 169/169/169
f 359/359/359 361/361/361 172/172/172
f 2095/2095/2095 1977/1977/1977 1979/1979/1979
f 2095/2095/2095 1987/1987/1987 1977/1977/1977
f 55/55/55 678/678/678 2628/2628/2628
f 1973/1973/1973 2226/2226/2226 1721/1721/1721
f 1678/1678/1678 2226/2226/2226 1973/1973/1973
f 2365/2365/2365 2699/2699/2699 2364/2364/2364
f 2365/2365/2365 17/17/17 2699/2699/2699
f 1946/1946/1946 2435/2435/2435 2434/2434/2434
f 1947/1947/1947 2435/2435/2435 1946/1946/1946
f 1144/1144/1144 2948/2948/2948 1145/1145/1145
f 1144/1144/1144 2554/2554/2554 2948/2948/2948
f 2063/2063/2063 2861/2861/2861 2064/2064/2064
f 2063/2063/2063 2906/2906/2906 2861/2861/2861
f 55/55/55 845/845/845 844/844/844
f 2157/2157/2157 2722/2722/2722 2724/2724/2724
f 2157/2157/2157 2529/2529/2529 2722/2722/2722
f 55/55/55 1565/1565/1565 2631/2631/2631
f 465/465/465 3/3/3 2809/2809/2809
f 1104/1104/1104 3/3/3 465/465/465
f 1465/1465/1465 2849/2849/2849 748/748/748
f 1465/1465/1465 2612/2612/2612 2849/2849/2849
f 2942/2942/2942 666/666/666 3013/3013/3013
f 2459/2459/2459 666/666/666 2942/2942/2942
f 2903/2903/2903 2523/2523/2523 2524/2524/2524
f 2903/2903/2903 1787/1787/1787 2523/2523/2523
f 2777/2777/2777 1278/1278/1278 2569/2569/2569
f 444/444/444 1278/1278/1278 2777/2777/2777
f 493/493/493 1915/1915/1915 653/653/653
f 493/493/493 495/495/495 1915/1915/1915
f 1304/1304/1304 2514/2514/2514 2813/2813/2813
f 2512/2512/2512 2514/2514/2514 1304/1304/1304
f 509/509/509 1090/1090/1090 358/358/358
f 509/509/509 2976/2976/2976 1090/1090/1090
f 2328/2328/2328 2247/2247/2247 713/713/713
f 2328/2328/2328 2329/2329/2329 2247/2247/2247
f 47/47/47 2936/2936/2936 2184/2184/2184
f 2883/2883/2883 2343/2343/2343 295/295/295
f 2883/2883/2883 1133/1133/1133 2343/2343/2343
f 1661/1661/1661 697/697/697 694/694/694
f 1661/1661/1661 2579/2579/2579 697/697/697
f 2999/2999/2999 2439/2439/2439 2441/2441/2441
f 2999/2999/2999 2028/2028/2028 2439/2439/2439
f 2246/2246/2246 1026/1026/1026 1408/1408/1408
f 2246/2246/2246 2127/2127/2127 1026/1026/1026
f 2143/2143/2143 1475/1475/1475 1677/1677/1677
f 2143/2143/2143 1478/1478/1478 1475/1475/1475
f 2578/2578/2578 1871/1871/1871 2580/2580/2580
f 1872/1872/1872 1871/1871/1871 2578/2578/2578
f 1827/1827/1827 1361/1361/1361 2037/2037/2037
f 1827/1827/1827 1359/1359/1359 1361/1361/1361
f 47/47/47 2803/2803/2803 272/272/272
f 1767/1767/1767 501/501/501 1765/1765/1765
f 1767/1767/1767 504/504/504 501/501/501
f 3045/3045/3045 2953/2953/2953 2954/2954/2954
f 2236/2236/2236 2235/2235/2235 3045/3045/3045
f 2235/2235/2235 2711/2711/2711 3045/3045/3045
f 2711/2711/2711 2710/2710/2710 3045/3045/3045
f 2710/2710/2710 2953/2953/2953 3045/3045/3045
f 1841/1841/1841 448/448/448 450/450/450
f 1841/1841/1841 1840/1840/1840 448/448/448
f 3026/3026/3026 1444/1444/1444 3027/3027/3027
f 237/237/237 1444/1444/1444 3026/3026/3026
f 47/47/47 1082/1082/1082 1081/1081/1081
f 2252/2252/2252 462/462/462 2125/2125/2125
f 2252/2252/2252 2424/2424/2424 462/462/462
f 2227/2227/2227 1468/1468/1468 2860/2860/2860
f 1469/1469/1469 1468/1468/1468 2227/2227/2227
f 1521/1521/1521 2613/2613/2613 1020/1020/1020
f 1521/1521/1521 1520/1520/1520 2613/2613/2613
f 55/55/55 2631/2631/2631 1675/1675/1675
f 1555/1555/1555 2889/2889/2889 2478/2478/2478
f 1555/1555/1555 1554/1554/1554 2889/2889/2889
f 123/123/123 412/412/412 121/121/121
f 1328/1328/1328 412/412/412 123/123/123
f 1723/1723/1723 2895/2895/2895 2888/2888/2888
f 2845/2845/2845 2895/2895/2895 1723/1723/1723
f 47/47/47 2492/2492/2492 2490/2490/2490
f 554/554/554 785/785/785 555/555/555
f 554/554/554 2973/2973/2973 785/785/785
f 2952/2952/2952 1295/1295/1295 2513/2513/2513
f 2952/2952/2952 1297/1297/1297 1295/1295/1295
f 18/18/18 2683/2683/2683 1207/1207/1207
f 752/752/752 2683/2683/2683 18/18/18
f 47/47/47 2970/2970/2970 2965/2965/2965
f 196/196/196 278/278/278 280/280/280
f 198/198/198 278/278/278 196/196/196
f 2570/2570/2570 2903/2903/2903 2104/2104/2104
f 2570/2570/2570 755/755/755 2903/2903/2903
f 2931/2931/2931 2231/2231/2231 605/605/605
f 302/302/302 2231/2231/2231 2931/2931/2931
f 312/312/312 55/55/55 308/308/308
f 410/410/410 1315/1315/1315 411/411/411
f 410/410/410 2974/2974/2974 1315/1315/1315
f 2297/2297/2297 1637/1637/1637 2212/2212/2212
f 2297/2297/2297 1635/1635/1635 1637/1637/1637
f 47/47/47 184/184/184 560/560/560
f 2340/2340/2340 2889/2889/2889 1858/1858/1858
f 2478/2478/2478 3019/3019/3019 1281/1281/1281
f 2478/2478/2478 3020/3020/3020 3019/3019/3019
f 3020/3020/3020 2889/2889/2889 2340/2340/2340
f 2478/2478/2478 2889/2889/2889 3020/3020/3020
f 1106/1106/1106 2047/2047/2047 622/622/622
f 2972/2972/2972 2047/2047/2047 1106/1106/1106
f 120/120/120 2968/2968/2968 2463/2463/2463
f 120/120/120 122/122/122 2968/2968/2968
f 2934/2934/2934 367/367/367 1413/1413/1413
f 2934/2934/2934 370/370/370 367/367/367
f 2976/2976/2976 1088/1088/1088 1090/1090/1090
f 2976/2976/2976 1254/1254/1254 1088/1088/1088
f 55/55/55 2995/2995/2995 2836/2836/2836
f 992/992/992 237/237/237 3026/3026/3026
f 235/235/235 237/237/237 992/992/992
f 973/973/973 2034/2034/2034 976/976/976
f 2208/2208/2208 2034/2034/2034 973/973/973
f 2919/2919/2919 55/55/55 2764/2764/2764
f 575/575/575 1431/1431/1431 576/576/576
f 575/575/575 1429/1429/1429 1431/1431/1431
f 47/47/47 249/249/249 248/248/248
f 275/275/275 76/76/76 719/719/719
f 275/275/275 1344/1344/1344 76/76/76
f 47/47/47 2924/2924/2924 2960/2960/2960
f 144/144/144 2639/2639/2639 4/4/4
f 144/144/144 1250/1250/1250 2639/2639/2639
f 3046/3046/3046 55/55/55 2726/2726/2726
f 2327/2327/2327 2143/2143/2143 1677/1677/1677
f 695/695/695 2143/2143/2143 2327/2327/2327
f 2964/2964/2964 247/247/247 249/249/249
f 41/41/41 3047/3047/3047 42/42/42
f 3048/3048/3048 247/247/247 2964/2964/2964
f 41/41/41 3048/3048/3048 3047/3047/3047
f 41/41/41 247/247/247 3048/3048/3048
f 55/55/55 1956/1956/1956 1955/1955/1955
f 469/469/469 1262/1262/1262 470/470/470
f 469/469/469 1263/1263/1263 1262/1262/1262
f 1105/1105/1105 622/622/622 619/619/619
f 1106/1106/1106 622/622/622 1105/1105/1105
f 1449/1449/1449 752/752/752 751/751/751
f 1449/1449/1449 2684/2684/2684 752/752/752
f 230/230/230 3013/3013/3013 791/791/791
f 2942/2942/2942 3013/3013/3013 230/230/230
f 1603/1603/1603 2313/2313/2313 2830/2830/2830
f 1603/1603/1603 887/887/887 2313/2313/2313
f 418/418/418 1578/1578/1578 297/297/297
f 418/418/418 2418/2418/2418 1578/1578/1578
f 1700/1700/1700 1499/1499/1499 1698/1698/1698
f 2311/2311/2311 1499/1499/1499 1700/1700/1700
f 55/55/55 2628/2628/2628 2627/2627/2627
f 2451/2451/2451 2707/2707/2707 8/8/8
f 2451/2451/2451 592/592/592 2707/2707/2707
f 55/55/55 3037/3037/3037 2962/2962/2962
f 81/81/81 1863/1863/1863 84/84/84
f 1383/1383/1383 1863/1863/1863 81/81/81
f 786/786/786 3049/3049/3049 788/788/788
f 1134/1134/1134 3049/3049/3049 786/786/786
f 846/846/846 55/55/55 847/847/847
f 2599/2599/2599 256/256/256 258/258/258
f 2599/2599/2599 1320/1320/1320 256/256/256
f 722/722/722 1867/1867/1867 1343/1343/1343
f 722/722/722 1751/1751/1751 1867/1867/1867
f 2974/2974/2974 2717/2717/2717 2975/2975/2975
f 645/645/645 2717/2717/2717 2974/2974/2974
f 2099/2099/2099 1407/1407/1407 2078/2078/2078
f 2099/2099/2099 463/463/463 1407/1407/1407
f 1616/1616/1616 2932/2932/2932 1617/1617/1617
f 2540/2540/2540 2932/2932/2932 1616/1616/1616
f 47/47/47 2547/2547/2547 3006/3006/3006
f 1998/1998/1998 1640/1640/1640 1807/1807/1807
f 1641/1641/1641 1640/1640/1640 1998/1998/1998
f 47/47/47 40/40/40 42/42/42
f 1810/1810/1810 1898/1898/1898 1813/1813/1813
f 1896/1896/1896 1898/1898/1898 1810/1810/1810
f 2229/2229/2229 1262/1262/1262 2061/2061/2061
f 470/470/470 1262/1262/1262 2229/2229/2229
f 1432/1432/1432 2709/2709/2709 1430/1430/1430
f 1432/1432/1432 1192/1192/1192 2709/2709/2709
f 47/47/47 557/557/557 559/559/559
f 3037/3037/3037 55/55/55 1108/1108/1108
f 2533/2533/2533 2278/2278/2278 776/776/776
f 2526/2526/2526 2278/2278/2278 2533/2533/2533
f 408/408/408 430/430/430 406/406/406
f 2856/2856/2856 430/430/430 408/408/408
f 910/910/910 576/576/576 2353/2353/2353
f 574/574/574 576/576/576 910/910/910
f 47/47/47 1236/1236/1236 1238/1238/1238
f 2375/2375/2375 251/251/251 247/247/247
f 2375/2375/2375 1733/1733/1733 251/251/251
f 1617/1617/1617 2869/2869/2869 2870/2870/2870
f 2932/2932/2932 2869/2869/2869 1617/1617/1617
f 255/255/255 1079/1079/1079 1076/1076/1076
f 255/255/255 257/257/257 1079/1079/1079
f 1075/1075/1075 317/317/317 319/319/319
f 1768/1768/1768 317/317/317 1075/1075/1075
f 47/47/47 3050/3050/3050 3051/3051/3051
f 939/939/939 2573/2573/2573 2574/2574/2574
f 941/941/941 2573/2573/2573 939/939/939
f 2947/2947/2947 2692/2692/2692 2691/2691/2691
f 2947/2947/2947 2422/2422/2422 2692/2692/2692
f 939/939/939 674/674/674 2768/2768/2768
f 939/939/939 2574/2574/2574 674/674/674
f 2604/2604/2604 2805/2805/2805 1775/1775/1775
f 2604/2604/2604 2892/2892/2892 2805/2805/2805
f 1958/1958/1958 2086/2086/2086 1384/1384/1384
f 1958/1958/1958 2981/2981/2981 2086/2086/2086
f 2981/2981/2981 1527/1527/1527 2086/2086/2086
f 1527/1527/1527 1526/1526/1526 2086/2086/2086
f 1526/1526/1526 2053/2053/2053 2086/2086/2086
f 2847/2847/2847 738/738/738 955/955/955
f 739/739/739 738/738/738 2847/2847/2847
f 1754/1754/1754 441/441/441 1667/1667/1667
f 1540/1540/1540 441/441/441 1754/1754/1754
f 47/47/47 2688/2688/2688 1082/1082/1082
f 605/605/605 2230/2230/2230 603/603/603
f 2231/2231/2231 2230/2230/2230 605/605/605
f 47/47/47 2641/2641/2641 2469/2469/2469
f 919/919/919 1722/1722/1722 2570/2570/2570
f 921/921/921 1722/1722/1722 919/919/919
f 898/898/898 328/328/328 325/325/325
f 898/898/898 900/900/900 328/328/328
f 2957/2957/2957 2952/2952/2952 2958/2958/2958
f 2957/2957/2957 480/480/480 2952/2952/2952
f 47/47/47 883/883/883 2826/2826/2826
f 2372/2372/2372 564/564/564 561/561/561
f 2372/2372/2372 1162/1162/1162 564/564/564
f 55/55/55 3011/3011/3011 842/842/842
f 2632/2632/2632 55/55/55 2918/2918/2918
f 1800/1800/1800 2857/2857/2857 2541/2541/2541
f 1800/1800/1800 1802/1802/1802 2857/2857/2857
f 1222/1222/1222 1020/1020/1020 1017/1017/1017
f 1222/1222/1222 1521/1521/1521 1020/1020/1020
f 1638/1638/1638 1927/1927/1927 3018/3018/3018
f 423/423/423 1927/1927/1927 1638/1638/1638
f 1965/1965/1965 2300/2300/2300 2358/2358/2358
f 1797/1797/1797 2300/2300/2300 1965/1965/1965
f 188/188/188 1383/1383/1383 189/189/189
f 188/188/188 1291/1291/1291 1383/1383/1383
f 55/55/55 2087/2087/2087 2091/2091/2091
f 1088/1088/1088 2458/2458/2458 1089/1089/1089
f 1088/1088/1088 888/888/888 2458/2458/2458
f 55/55/55 2448/2448/2448 2447/2447/2447
f 47/47/47 3052/3052/3052 2320/2320/2320
f 1780/1780/1780 387/387/387 389/389/389
f 1780/1780/1780 859/859/859 387/387/387
f 55/55/55 2393/2393/2393 2392/2392/2392
f 47/47/47 150/150/150 152/152/152
f 2916/2916/2916 786/786/786 787/787/787
f 2343/2343/2343 786/786/786 2916/2916/2916
f 2980/2980/2980 1170/1170/1170 1172/1172/1172
f 1716/1716/1716 1170/1170/1170 2980/2980/2980
f 164/164/164 1666/1666/1666 162/162/162
f 164/164/164 540/540/540 1666/1666/1666
f 2471/2471/2471 523/523/523 1165/1165/1165
f 524/524/524 523/523/523 2471/2471/2471
f 1857/1857/1857 2322/2322/2322 2008/2008/2008
f 1857/1857/1857 1856/1856/1856 2322/2322/2322
f 2834/2834/2834 262/262/262 259/259/259
f 2281/2281/2281 262/262/262 2834/2834/2834
f 2144/2144/2144 1364/1364/1364 2147/2147/2147
f 1365/1365/1365 1364/1364/1364 2144/2144/2144
f 697/697/697 2049/2049/2049 2050/2050/2050
f 2579/2579/2579 2049/2049/2049 697/697/697
f 47/47/47 2151/2151/2151 2148/2148/2148
f 1658/1658/1658 1620/1620/1620 511/511/511
f 1658/1658/1658 1659/1659/1659 1620/1620/1620
f 148/148/148 2602/2602/2602 2603/2603/2603
f 148/148/148 1132/1132/1132 2602/2602/2602
f 2192/2192/2192 2165/2165/2165 2193/2193/2193
f 2192/2192/2192 602/602/602 2165/2165/2165
f 1053/1053/1053 1993/1993/1993 1995/1995/1995
f 1053/1053/1053 1055/1055/1055 1993/1993/1993
f 47/47/47 1081/1081/1081 253/253/253
f 300/300/300 2931/2931/2931 2416/2416/2416
f 300/300/300 302/302/302 2931/2931/2931
f 2616/2616/2616 2041/2041/2041 352/352/352
f 2616/2616/2616 2039/2039/2039 2041/2041/2041
f 2411/2411/2411 2600/2600/2600 1461/1461/1461
f 2411/2411/2411 1921/1921/1921 2600/2600/2600
f 1388/1388/1388 1439/1439/1439 750/750/750
f 1387/1387/1387 1439/1439/1439 1388/1388/1388
f 47/47/47 216/216/216 1951/1951/1951
f 2013/2013/2013 1185/1185/1185 2014/2014/2014
f 2013/2013/2013 2417/2417/2417 1185/1185/1185
f 55/55/55 1737/1737/1737 1740/1740/1740
f 55/55/55 141/141/141 2282/2282/2282
f 47/47/47 33/33/33 35/35/35
f 2685/2685/2685 743/743/743 2785/2785/2785
f 2685/2685/2685 741/741/741 743/743/743
f 558/558/558 2214/2214/2214 2149/2149/2149
f 1735/1735/1735 2214/2214/2214 558/558/558
f 55/55/55 1957/1957/1957 1956/1956/1956
f 55/55/55 1588/1588/1588 3053/3053/3053
f 1931/1931/1931 55/55/55 2646/2646/2646
f 2178/2178/2178 3045/3045/3045 2173/2173/2173
f 2178/2178/2178 3010/3010/3010 3045/3045/3045
f 3010/3010/3010 2338/2338/2338 3045/3045/3045
f 2338/2338/2338 2339/2339/2339 3045/3045/3045
f 2339/2339/2339 2236/2236/2236 3045/3045/3045
f 2296/2296/2296 324/324/324 2823/2823/2823
f 2296/2296/2296 2772/2772/2772 324/324/324
f 47/47/47 2757/2757/2757 2924/2924/2924
f 2743/2743/2743 2003/2003/2003 2005/2005/2005
f 2991/2991/2991 2003/2003/2003 2743/2743/2743
f 2934/2934/2934 304/304/304 370/370/370
f 1680/1680/1680 304/304/304 2934/2934/2934
f 2987/2987/2987 862/862/862 2800/2800/2800
f 2987/2987/2987 3054/3054/3054 862/862/862
f 3054/3054/3054 3053/3053/3053 862/862/862
f 3053/3053/3053 1588/1588/1588 862/862/862
f 1588/1588/1588 994/994/994 862/862/862
f 1375/1375/1375 2193/2193/2193 1378/1378/1378
f 1609/1609/1609 2193/2193/2193 1375/1375/1375
f 1524/1524/1524 1920/1920/1920 2412/2412/2412
f 1524/1524/1524 1525/1525/1525 1920/1920/1920
f 47/47/47 2468/2468/2468 2470/2470/2470
f 47/47/47 2923/2923/2923 2756/2756/2756
f 119/119/119 926/926/926 991/991/991
f 2674/2674/2674 926/926/926 119/119/119
f 566/566/566 1188/1188/1188 567/567/567
f 566/566/566 920/920/920 1188/1188/1188
f 3039/3039/3039 2337/2337/2337 2487/2487/2487
f 2335/2335/2335 2337/2337/2337 3039/3039/3039
f 531/531/531 2792/2792/2792 532/532/532
f 531/531/531 1732/1732/1732 2792/2792/2792
f 1439/1439/1439 213/213/213 750/750/750
f 1439/1439/1439 1441/1441/1441 213/213/213
f 726/726/726 1745/1745/1745 1743/1743/1743
f 726/726/726 725/725/725 1745/1745/1745
f 2501/2501/2501 55/55/55 2668/2668/2668
f 47/47/47 601/601/601 2992/2992/2992
f 1845/1845/1845 3002/3002/3002 1843/1843/1843
f 3033/3033/3033 3002/3002/3002 1845/1845/1845
f 475/475/475 2372/2372/2372 476/476/476
f 475/475/475 2374/2374/2374 2372/2372/2372
f 2917/2917/2917 1417/1417/1417 1416/1416/1416
f 3000/3000/3000 2042/2042/2042 2713/2713/2713
f 2917/2917/2917 2935/2935/2935 1417/1417/1417
f 2935/2935/2935 2042/2042/2042 3000/3000/3000
f 2917/2917/2917 2042/2042/2042 2935/2935/2935
f 158/158/158 2520/2520/2520 1727/1727/1727
f 158/158/158 932/932/932 2520/2520/2520
f 2693/2693/2693 1743/1743/1743 2833/2833/2833
f 2693/2693/2693 726/726/726 1743/1743/1743
f 2709/2709/2709 2199/2199/2199 2137/2137/2137
f 2709/2709/2709 1924/1924/1924 2199/2199/2199
f 55/55/55 2447/2447/2447 2446/2446/2446
f 47/47/47 1864/1864/1864 826/826/826
f 2616/2616/2616 1861/1861/1861 2039/2039/2039
f 1862/1862/1862 1861/1861/1861 2616/2616/2616
f 2735/2735/2735 1394/1394/1394 1516/1516/1516
f 2735/2735/2735 2645/2645/2645 1394/1394/1394
f 1734/1734/1734 2214/2214/2214 1735/1735/1735
f 1734/1734/1734 2215/2215/2215 2214/2214/2214
f 2054/2054/2054 55/55/55 329/329/329
f 603/603/603 943/943/943 604/604/604
f 603/603/603 2530/2530/2530 943/943/943
f 1016/1016/1016 1782/1782/1782 2375/2375/2375
f 1786/1786/1786 1782/1782/1782 1016/1016/1016
f 1861/1861/1861 1604/1604/1604 2039/2039/2039
f 1861/1861/1861 1602/1602/1602 1604/1604/1604
f 2558/2558/2558 2471/2471/2471 529/529/529
f 1853/1853/1853 2471/2471/2471 2558/2558/2558
f 930/930/930 55/55/55 811/811/811
f 712/712/712 1049/1049/1049 442/442/442
f 712/712/712 1804/1804/1804 1049/1049/1049
f 784/784/784 3039/3039/3039 2689/2689/2689
f 102/102/102 3039/3039/3039 784/784/784
f 2404/2404/2404 413/413/413 415/415/415
f 2581/2581/2581 413/413/413 2404/2404/2404
f 878/878/878 2251/2251/2251 1879/1879/1879
f 878/878/878 877/877/877 2251/2251/2251
f 396/396/396 2369/2369/2369 2366/2366/2366
f 396/396/396 395/395/395 2369/2369/2369
f 3028/3028/3028 962/962/962 964/964/964
f 3028/3028/3028 2748/2748/2748 962/962/962
f 934/934/934 2799/2799/2799 2798/2798/2798
f 2506/2506/2506 2799/2799/2799 934/934/934
f 1630/1630/1630 2604/2604/2604 1628/1628/1628
f 1630/1630/1630 2782/2782/2782 2604/2604/2604
f 95/95/95 3049/3049/3049 1134/1134/1134
f 95/95/95 1552/1552/1552 3049/3049/3049
f 2159/2159/2159 1485/1485/1485 1483/1483/1483
f 2988/2988/2988 1485/1485/1485 2159/2159/2159
f 823/823/823 2585/2585/2585 2695/2695/2695
f 825/825/825 2585/2585/2585 823/823/823
f 398/398/398 2549/2549/2549 2112/2112/2112
f 398/398/398 2544/2544/2544 2549/2549/2549
f 2670/2670/2670 55/55/55 1273/1273/1273
f 2275/2275/2275 335/335/335 1506/1506/1506
f 2275/2275/2275 1186/1186/1186 335/335/335
f 1661/1661/1661 2578/2578/2578 2579/2579/2579
f 1663/1663/1663 2578/2578/2578 1661/1661/1661
f 1091/1091/1091 2653/2653/2653 1917/1917/1917
f 1091/1091/1091 1092/1092/1092 2653/2653/2653
f 2745/2745/2745 1922/1922/1922 1389/1389/1389
f 1923/1923/1923 1922/1922/1922 2745/2745/2745
f 2841/2841/2841 112/112/112 2890/2890/2890
f 2841/2841/2841 1059/1059/1059 112/112/112
f 1894/1894/1894 510/510/510 2200/2200/2200
f 1894/1894/1894 1895/1895/1895 510/510/510
f 1519/1519/1519 397/397/397 399/399/399
f 2523/2523/2523 397/397/397 1519/1519/1519
f 656/656/656 2850/2850/2850 2956/2956/2956
f 656/656/656 655/655/655 2850/2850/2850
f 1957/1957/1957 55/55/55 1954/1954/1954
f 1817/1817/1817 2068/2068/2068 1818/1818/1818
f 2966/2966/2966 2945/2945/2945 2967/2967/2967
f 2966/2966/2966 2946/2946/2946 2945/2945/2945
f 2946/2946/2946 2068/2068/2068 1817/1817/1817
f 2966/2966/2966 2068/2068/2068 2946/2946/2946
f 3017/3017/3017 2256/2256/2256 3044/3044/3044
f 2257/2257/2257 2256/2256/2256 3017/3017/3017
f 55/55/55 2449/2449/2449 2448/2448/2448
f 1926/1926/1926 515/515/515 2456/2456/2456
f 513/513/513 515/515/515 1926/1926/1926
f 2080/2080/2080 2664/2664/2664 2079/2079/2079
f 2075/2075/2075 2664/2664/2664 2080/2080/2080
f 1745/1745/1745 197/197/197 1559/1559/1559
f 725/725/725 197/197/197 1745/1745/1745
f 2497/2497/2497 1911/1911/1911 2873/2873/2873
f 2497/2497/2497 2170/2170/2170 1911/1911/1911
f 2419/2419/2419 2162/2162/2162 2164/2164/2164
f 2419/2419/2419 2925/2925/2925 2162/2162/2162
f 589/589/589 77/77/77 1625/1625/1625
f 2132/2132/2132 77/77/77 589/589/589
f 1193/1193/1193 2987/2987/2987 2800/2800/2800
f 2807/2807/2807 3035/3035/3035 1193/1193/1193
f 3035/3035/3035 2885/2885/2885 1193/1193/1193
f 2885/2885/2885 2886/2886/2886 1193/1193/1193
f 2886/2886/2886 2987/2987/2987 1193/1193/1193
f 612/612/612 1651/1651/1651 614/614/614
f 1963/1963/1963 1651/1651/1651 612/612/612
f 894/894/894 728/728/728 1292/1292/1292
f 894/894/894 7/7/7 728/728/728
f 2251/2251/2251 623/623/623 2249/2249/2249
f 2251/2251/2251 626/626/626 623/623/623
f 55/55/55 927/927/927 2677/2677/2677
f 1346/1346/1346 55/55/55 2808/2808/2808
f 306/306/306 707/707/707 368/368/368
f 306/306/306 2989/2989/2989 707/707/707
f 1174/1174/1174 969/969/969 181/181/181
f 1806/1806/1806 969/969/969 1174/1174/1174
f 2383/2383/2383 2204/2204/2204 2206/2206/2206
f 2383/2383/2383 2445/2445/2445 2204/2204/2204
f 47/47/47 1031/1031/1031 1494/1494/1494
f 1479/1479/1479 2294/2294/2294 1481/1481/1481
f 2926/2926/2926 2294/2294/2294 1479/1479/1479
f 55/55/55 473/473/473 2563/2563/2563
f 2205/2205/2205 299/299/299 1358/1358/1358
f 2205/2205/2205 417/417/417 299/299/299
f 2299/2299/2299 1889/1889/1889 1645/1645/1645
f 1890/1890/1890 1889/1889/1889 2299/2299/2299
f 55/55/55 2902/2902/2902 2901/2901/2901
f 1290/1290/1290 2269/2269/2269 1870/1870/1870
f 2267/2267/2267 2269/2269/2269 1290/1290/1290
f 260/260/260 635/635/635 261/261/261
f 260/260/260 633/633/633 635/635/635
f 47/47/47 1494/1494/1494 1493/1493/1493
f 834/834/834 1710/1710/1710 832/832/832
f 834/834/834 767/767/767 1710/1710/1710
f 47/47/47 3020/3020/3020 2340/2340/2340
f 2925/2925/2925 1561/1561/1561 1100/1100/1100
f 1051/1051/1051 1561/1561/1561 2925/2925/2925
f 55/55/55 1824/1824/1824 1823/1823/1823
f 1335/1335/1335 2482/2482/2482 3055/3055/3055
f 1006/1006/1006 2482/2482/2482 1335/1335/1335
f 1440/1440/1440 1021/1021/1021 59/59/59
f 2108/2108/2108 1021/1021/1021 1440/1440/1440
f 1751/1751/1751 3017/3017/3017 998/998/998
f 1752/1752/1752 3017/3017/3017 1751/1751/1751
f 646/646/646 2974/2974/2974 410/410/410
f 646/646/646 645/645/645 2974/2974/2974
f 714/714/714 2247/2247/2247 2248/2248/2248
f 713/713/713 2247/2247/2247 714/714/714
f 2884/2884/2884 55/55/55 2615/2615/2615
f 1988/1988/1988 699/699/699 2891/2891/2891
f 436/436/436 699/699/699 1988/1988/1988
f 1241/1241/1241 3034/3034/3034 1242/1242/1242
f 1241/1241/1241 1832/1832/1832 3034/3034/3034
f 39/39/39 2200/2200/2200 37/37/37
f 1949/1949/1949 2200/2200/2200 39/39/39
f 2829/2829/2829 1066/1066/1066 2361/2361/2361
f 2829/2829/2829 526/526/526 1066/1066/1066
f 47/47/47 827/827/827 155/155/155
f 55/55/55 3010/3010/3010 2178/2178/2178
f 633/633/633 1959/1959/1959 636/636/636
f 997/997/997 996/996/996 633/633/633
f 996/996/996 2715/2715/2715 633/633/633
f 2715/2715/2715 3004/3004/3004 633/633/633
f 3004/3004/3004 1959/1959/1959 633/633/633
f 2453/2453/2453 1706/1706/1706 2158/2158/2158
f 2453/2453/2453 1707/1707/1707 1706/1706/1706
f 1990/1990/1990 1410/1410/1410 1411/1411/1411
f 1522/1522/1522 1410/1410/1410 1990/1990/1990
f 913/913/913 862/862/862 863/863/863
f 2800/2800/2800 862/862/862 913/913/913
f 736/736/736 973/973/973 975/975/975
f 735/735/735 973/973/973 736/736/736
f 1914/1914/1914 2912/2912/2912 14/14/14
f 1914/1914/1914 2166/2166/2166 2912/2912/2912
f 1343/1343/1343 1868/1868/1868 1341/1341/1341
f 1343/1343/1343 1867/1867/1867 1868/1868/1868
f 186/186/186 1121/1121/1121 1122/1122/1122
f 186/186/186 185/185/185 1121/1121/1121
f 185/185/185 2517/2517/2517 1121/1121/1121
f 2517/2517/2517 3046/3046/3046 1121/1121/1121
f 3046/3046/3046 2726/2726/2726 1121/1121/1121
f 992/992/992 2671/2671/2671 1443/1443/1443
f 992/992/992 3026/3026/3026 2671/2671/2671
f 2705/2705/2705 1897/1897/1897 1899/1899/1899
f 2705/2705/2705 2704/2704/2704 1897/1897/1897
f 97/97/97 2239/2239/2239 2532/2532/2532
f 97/97/97 99/99/99 2239/2239/2239
f 47/47/47 1302/1302/1302 2666/2666/2666
f 635/635/635 2824/2824/2824 851/851/851
f 635/635/635 634/634/634 2824/2824/2824
f 1944/1944/1944 70/70/70 72/72/72
f 1944/1944/1944 2741/2741/2741 70/70/70
f 3002/3002/3002 2333/2333/2333 2766/2766/2766
f 2331/2331/2331 2333/2333/2333 3002/3002/3002
f 2238/2238/2238 2488/2488/2488 2509/2509/2509
f 2237/2237/2237 2488/2488/2488 2238/2238/2238
f 47/47/47 611/611/611 1489/1489/1489
f 2278/2278/2278 774/774/774 776/776/776
f 2278/2278/2278 956/956/956 774/774/774
f 2725/2725/2725 55/55/55 2853/2853/2853
f 2381/2381/2381 187/187/187 421/421/421
f 2381/2381/2381 190/190/190 187/187/187
f 50/50/50 1212/1212/1212 705/705/705
f 50/50/50 52/52/52 1212/1212/1212
f 47/47/47 49/49/49 3007/3007/3007
f 2986/2986/2986 2418/2418/2418 418/418/418
f 2986/2986/2986 1120/1120/1120 2418/2418/2418
f 505/505/505 2835/2835/2835 508/508/508
f 1601/1601/1601 2835/2835/2835 505/505/505
f 2893/2893/2893 2484/2484/2484 2483/2483/2483
f 2893/2893/2893 2801/2801/2801 2484/2484/2484
f 1597/1597/1597 55/55/55 1598/1598/1598
f 289/289/289 2601/2601/2601 2083/2083/2083
f 1268/1268/1268 2601/2601/2601 289/289/289
f 2235/2235/2235 55/55/55 2711/2711/2711
f 55/55/55 2572/2572/2572 2571/2571/2571
f 55/55/55 2563/2563/2563 2561/2561/2561
f 2905/2905/2905 2330/2330/2330 2736/2736/2736
f 2905/2905/2905 2026/2026/2026 2330/2330/2330
f 862/862/862 2054/2054/2054 864/864/864
f 994/994/994 995/995/995 862/862/862
f 995/995/995 3056/3056/3056 862/862/862
f 3056/3056/3056 2055/2055/2055 862/862/862
f 2055/2055/2055 2054/2054/2054 862/862/862
f 485/485/485 55/55/55 486/486/486
f 47/47/47 35/35/35 29/29/29
f 55/55/55 3016/3016/3016 2107/2107/2107
f 780/780/780 537/537/537 809/809/809
f 535/535/535 537/537/537 780/780/780
f 2613/2613/2613 1857/1857/1857 2009/2009/2009
f 2613/2613/2613 1240/1240/1240 1857/1857/1857
f 350/350/350 2041/2041/2041 740/740/740
f 352/352/352 2041/2041/2041 350/350/350
f 2844/2844/2844 1356/1356/1356 1391/1391/1391
f 2844/2844/2844 2203/2203/2203 1356/1356/1356
f 995/995/995 55/55/55 3056/3056/3056
f 2420/2420/2420 2932/2932/2932 2540/2540/2540
f 2420/2420/2420 2007/2007/2007 2932/2932/2932
f 954/954/954 2821/2821/2821 2607/2607/2607
f 953/953/953 2821/2821/2821 954/954/954
f 47/47/47 849/849/849 2983/2983/2983
f 55/55/55 1772/1772/1772 1771/1771/1771
f 506/506/506 2728/2728/2728 2730/2730/2730
f 508/508/508 2728/2728/2728 506/506/506
f 2767/2767/2767 2706/2706/2706 2703/2703/2703
f 2767/2767/2767 2769/2769/2769 2706/2706/2706
f 2948/2948/2948 2900/2900/2900 2949/2949/2949
f 2554/2554/2554 2900/2900/2900 2948/2948/2948
f 1212/1212/1212 2598/2598/2598 1213/1213/1213
f 52/52/52 2598/2598/2598 1212/1212/1212
f 1321/1321/1321 2289/2289/2289 1322/1322/1322
f 1321/1321/1321 2410/2410/2410 2289/2289/2289
f 3014/3014/3014 2785/2785/2785 2978/2978/2978
f 2786/2786/2786 2785/2785/2785 3014/3014/3014
f 1694/1694/1694 1990/1990/1990 1455/1455/1455
f 1991/1991/1991 1990/1990/1990 1694/1694/1694
f 3056/3056/3056 55/55/55 2055/2055/2055
f 55/55/55 2852/2852/2852 2854/2854/2854
f 119/119/119 1715/1715/1715 117/117/117
f 119/119/119 991/991/991 1715/1715/1715
f 2669/2669/2669 427/427/427 1783/1783/1783
f 428/428/428 427/427/427 2669/2669/2669
f 2307/2307/2307 3045/3045/3045 2310/2310/2310
f 2173/2173/2173 3045/3045/3045 2307/2307/2307
f 47/47/47 571/571/571 573/573/573
f 785/785/785 2950/2950/2950 2972/2972/2972
f 2973/2973/2973 2950/2950/2950 785/785/785
f 1622/1622/1622 1365/1365/1365 2167/2167/2167
f 1622/1622/1622 1363/1363/1363 1365/1365/1365
f 1596/1596/1596 2328/2328/2328 2594/2594/2594
f 1596/1596/1596 1226/1226/1226 2328/2328/2328
f 2115/2115/2115 2044/2044/2044 2686/2686/2686
f 2045/2045/2045 2044/2044/2044 2115/2115/2115
f 784/784/784 2432/2432/2432 2118/2118/2118
f 3003/3003/3003 2689/2689/2689 1557/1557/1557
f 784/784/784 2433/2433/2433 2432/2432/2432
f 2433/2433/2433 2689/2689/2689 3003/3003/3003
f 784/784/784 2689/2689/2689 2433/2433/2433
f 2739/2739/2739 2834/2834/2834 1542/1542/1542
f 2341/2341/2341 2834/2834/2834 2739/2739/2739
f 1769/1769/1769 320/320/320 317/317/317
f 1769/1769/1769 2910/2910/2910 320/320/320
f 2910/2910/2910 2911/2911/2911 320/320/320
f 2911/2911/2911 2982/2982/2982 320/320/320
f 2982/2982/2982 844/844/844 320/320/320
f 2638/2638/2638 438/438/438 435/435/435
f 2638/2638/2638 904/904/904 438/438/438
f 840/840/840 2411/2411/2411 1461/1461/1461
f 839/839/839 2411/2411/2411 840/840/840
f 1632/1632/1632 55/55/55 2556/2556/2556
f 55/55/55 1959/1959/1959 3004/3004/3004
f 2538/2538/2538 55/55/55 2539/2539/2539
f 508/508/508 1793/1793/1793 2728/2728/2728
f 2835/2835/2835 1793/1793/1793 508/508/508
f 61/61/61 139/139/139 204/204/204
f 61/61/61 60/60/60 139/139/139
f 55/55/55 3031/3031/3031 3030/3030/3030
f 621/621/621 2801/2801/2801 2893/2893/2893
f 621/621/621 2998/2998/2998 2801/2801/2801
f 55/55/55 2110/2110/2110 2109/2109/2109
f 2739/2739/2739 1543/1543/1543 2771/2771/2771
f 2739/2739/2739 1542/1542/1542 1543/1543/1543
f 1132/1132/1132 1402/1402/1402 1518/1518/1518
f 1131/1131/1131 1402/1402/1402 1132/1132/1132
f 47/47/47 2749/2749/2749 3052/3052/3052
f 893/893/893 2452/2452/2452 5/5/5
f 974/974/974 2452/2452/2452 893/893/893
f 2027/2027/2027 1231/1231/1231 876/876/876
f 3029/3029/3029 1231/1231/1231 2027/2027/2027
f 55/55/55 1355/1355/1355 1354/1354/1354
f 2737/2737/2737 2824/2824/2824 2754/2754/2754
f 851/851/851 2824/2824/2824 2737/2737/2737
f 711/711/711 1998/1998/1998 712/712/712
f 1608/1608/1608 1998/1998/1998 711/711/711
f 2451/2451/2451 595/595/595 592/592/592
f 87/87/87 595/595/595 2451/2451/2451
f 2646/2646/2646 55/55/55 2647/2647/2647
f 838/838/838 2483/2483/2483 836/836/836
f 2912/2912/2912 2483/2483/2483 838/838/838
f 1889/1889/1889 1902/1902/1902 2915/2915/2915
f 1891/1891/1891 1902/1902/1902 1889/1889/1889
f 941/941/941 2879/2879/2879 2573/2573/2573
f 1941/1941/1941 2879/2879/2879 941/941/941
f 279/279/279 2626/2626/2626 641/641/641
f 281/281/281 2626/2626/2626 279/279/279
f 413/413/413 2309/2309/2309 416/416/416
f 2434/2434/2434 2309/2309/2309 413/413/413
f 2868/2868/2868 1587/1587/1587 1904/1904/1904
f 3005/3005/3005 1587/1587/1587 2868/2868/2868
f 77/77/77 1626/1626/1626 1625/1625/1625
f 77/77/77 79/79/79 1626/1626/1626
f 55/55/55 2955/2955/2955 2953/2953/2953
f 55/55/55 2571/2571/2571 1791/1791/1791
f 1624/1624/1624 2913/2913/2913 2943/2943/2943
f 2606/2606/2606 2913/2913/2913 1624/1624/1624
f 1636/1636/1636 3018/3018/3018 3029/3029/3029
f 1638/1638/1638 3018/3018/3018 1636/1636/1636
f 55/55/55 3015/3015/3015 483/483/483
f 782/782/782 1548/1548/1548 650/650/650
f 782/782/782 897/897/897 1548/1548/1548
f 116/116/116 2674/2674/2674 119/119/119
f 3008/3008/3008 2674/2674/2674 116/116/116
f 1314/1314/1314 1274/1274/1274 2067/2067/2067
f 1314/1314/1314 1277/1277/1277 1274/1274/1274
f 3014/3014/3014 195/195/195 727/727/727
f 3014/3014/3014 2978/2978/2978 195/195/195
f 2096/2096/2096 2745/2745/2745 2851/2851/2851
f 2096/2096/2096 1923/1923/1923 2745/2745/2745
f 2463/2463/2463 3038/3038/3038 2363/2363/2363
f 2092/2092/2092 2968/2968/2968 2093/2093/2093
f 3057/3057/3057 2968/2968/2968 2092/2092/2092
f 2463/2463/2463 3057/3057/3057 3038/3038/3038
f 2463/2463/2463 2968/2968/2968 3057/3057/3057
f 1745/1745/1745 547/547/547 1252/1252/1252
f 1745/1745/1745 1559/1559/1559 547/547/547
f 47/47/47 2398/2398/2398 2394/2394/2394
f 47/47/47 2811/2811/2811 3043/3043/3043
f 1452/1452/1452 331/331/331 1833/1833/1833
f 1454/1454/1454 331/331/331 1452/1452/1452
f 233/233/233 1904/1904/1904 209/209/209
f 2868/2868/2868 1904/1904/1904 233/233/233
f 47/47/47 42/42/42 3047/3047/3047
f 47/47/47 2946/2946/2946 1817/1817/1817
f 1773/1773/1773 55/55/55 1769/1769/1769
f 2049/2049/2049 1754/1754/1754 131/131/131
f 2580/2580/2580 1754/1754/1754 2049/2049/2049
f 47/47/47 2396/2396/2396 2398/2398/2398
f 55/55/55 2982/2982/2982 2911/2911/2911
f 102/102/102 2335/2335/2335 3039/3039/3039
f 104/104/104 2335/2335/2335 102/102/102
f 2592/2592/2592 1712/1712/1712 1714/1714/1714
f 2592/2592/2592 2532/2532/2532 1712/1712/1712
f 2504/2504/2504 2188/2188/2188 2505/2505/2505
f 2504/2504/2504 2062/2062/2062 2188/2188/2188
f 734/734/734 1720/1720/1720 1390/1390/1390
f 734/734/734 736/736/736 1720/1720/1720
f 2484/2484/2484 1656/1656/1656 1615/1615/1615
f 2484/2484/2484 1010/1010/1010 1656/1656/1656
f 1374/1374/1374 2080/2080/2080 2797/2797/2797
f 1374/1374/1374 2075/2075/2075 2080/2080/2080
f 2556/2556/2556 55/55/55 2557/2557/2557
f 1796/1796/1796 1890/1890/1890 2299/2299/2299
f 2880/2880/2880 1890/1890/1890 1796/1796/1796
f 1257/1257/1257 1012/1012/1012 2275/2275/2275
f 1259/1259/1259 1012/1012/1012 1257/1257/1257
f 1467/1467/1467 1980/1980/1980 1470/1470/1470
f 1981/1981/1981 1980/1980/1980 1467/1467/1467
f 1642/1642/1642 685/685/685 2753/2753/2753
f 686/686/686 685/685/685 1642/1642/1642
f 1874/1874/1874 126/126/126 1151/1151/1151
f 1874/1874/1874 124/124/124 126/126/126
f 514/514/514 1750/1750/1750 194/194/194
f 2788/2788/2788 1750/1750/1750 514/514/514
f 2122/2122/2122 386/386/386 1950/1950/1950
f 2122/2122/2122 389/389/389 386/386/386
f 47/47/47 254/254/254 1083/1083/1083
f 2813/2813/2813 1671/1671/1671 2812/2812/2812
f 2813/2813/2813 1674/1674/1674 1671/1671/1671
f 47/47/47 2969/2969/2969 2970/2970/2970
f 47/47/47 1301/1301/1301 1300/1300/1300
f 2044/2044/2044 225/225/225 2686/2686/2686
f 2044/2044/2044 223/223/223 225/225/225
f 562/562/562 987/987/987 2951/2951/2951
f 562/562/562 1150/1150/1150 987/987/987
f 644/644/644 2985/2985/2985 647/647/647
f 2791/2791/2791 2985/2985/2985 644/644/644
f 2143/2143/2143 128/128/128 1478/1478/1478
f 2050/2050/2050 128/128/128 2143/2143/2143
f 423/423/423 1925/1925/1925 1927/1927/1927
f 425/425/425 1925/1925/1925 423/423/423
f 1000/1000/1000 3023/3023/3023 1869/1869/1869
f 1000/1000/1000 999/999/999 3023/3023/3023
f 2838/2838/2838 627/627/627 628/628/628
f 2838/2838/2838 3041/3041/3041 627/627/627
f 3041/3041/3041 3058/3058/3058 627/627/627
f 3058/3058/3058 3025/3025/3025 627/627/627
f 3025/3025/3025 3024/3024/3024 627/627/627
f 47/47/47 2465/2465/2465 2467/2467/2467
f 1517/1517/1517 2301/2301/2301 959/959/959
f 1517/1517/1517 1396/1396/1396 2301/2301/2301
f 2113/2113/2113 1338/1338/1338 404/404/404
f 2113/2113/2113 2551/2551/2551 1338/1338/1338
f 1187/1187/1187 2948/2948/2948 2577/2577/2577
f 1145/1145/1145 2948/2948/2948 1187/1187/1187
f 811/811/811 55/55/55 812/812/812
f 3013/3013/3013 2399/2399/2399 791/791/791
f 3013/3013/3013 2400/2400/2400 2399/2399/2399
f 1397/1397/1397 1473/1473/1473 1395/1395/1395
f 1397/1397/1397 1471/1471/1471 1473/1473/1473
f 1320/1320/1320 1568/1568/1568 1318/1318/1318
f 1370/1370/1370 1568/1568/1568 1320/1320/1320
f 625/625/625 2887/2887/2887 270/270/270
f 624/624/624 2887/2887/2887 625/625/625
f 47/47/47 1952/1952/1952 34/34/34
f 2400/2400/2400 1040/1040/1040 855/855/855
f 668/668/668 1040/1040/1040 2400/2400/2400
f 1388/1388/1388 749/749/749 2124/2124/2124
f 1388/1388/1388 750/750/750 749/749/749
f 55/55/55 1118/1118/1118 1117/1117/1117
f 2875/2875/2875 1435/1435/1435 1883/1883/1883
f 1261/1261/1261 1435/1435/1435 2875/2875/2875
f 47/47/47 107/107/107 106/106/106
f 1124/1124/1124 2765/2765/2765 1125/1125/1125
f 1124/1124/1124 134/134/134 2765/2765/2765
f 326/326/326 1925/1925/1925 425/425/425
f 326/326/326 2576/2576/2576 1925/1925/1925
f 47/47/47 2938/2938/2938 2939/2939/2939
f 55/55/55 2670/2670/2670 2531/2531/2531
f 402/402/402 2749/2749/2749 2074/2074/2074
f 2320/2320/2320 1339/1339/1339 2321/2321/2321
f 402/402/402 3052/3052/3052 2749/2749/2749
f 3052/3052/3052 1339/1339/1339 2320/2320/2320
f 402/402/402 1339/1339/1339 3052/3052/3052
f 47/47/47 3051/3051/3051 2443/2443/2443
f 55/55/55 2661/2661/2661 2660/2660/2660
f 1005/1005/1005 3022/3022/3022 2481/2481/2481
f 2021/2021/2021 3022/3022/3022 1005/1005/1005
f 2613/2613/2613 1243/1243/1243 1240/1240/1240
f 1520/1520/1520 1243/1243/1243 2613/2613/2613
f 47/47/47 1758/1758/1758 2816/2816/2816
f 1856/1856/1856 3034/3034/3034 1126/1126/1126
f 1242/1242/1242 3034/3034/3034 1856/1856/1856
f 3005/3005/3005 1585/1585/1585 1587/1587/1587
f 2244/2244/2244 1585/1585/1585 3005/3005/3005
f 2900/2900/2900 2098/2098/2098 2949/2949/2949
f 2900/2900/2900 2126/2126/2126 2098/2098/2098
f 305/305/305 2989/2989/2989 306/306/306
f 305/305/305 649/649/649 2989/2989/2989
f 2559/2559/2559 2829/2829/2829 127/127/127
f 2559/2559/2559 2558/2558/2558 2829/2829/2829
f 1188/1188/1188 1436/1436/1436 1438/1438/1438
f 1188/1188/1188 1189/1189/1189 1436/1436/1436
f 2832/2832/2832 1529/1529/1529 1528/1528/1528
f 2832/2832/2832 1744/1744/1744 1529/1529/1529
f 47/47/47 2802/2802/2802 2804/2804/2804
f 55/55/55 3025/3025/3025 3058/3058/3058
f 36/36/36 2450/2450/2450 2408/2408/2408
f 36/36/36 38/38/38 2450/2450/2450
f 693/693/693 1976/1976/1976 691/691/691
f 693/693/693 1979/1979/1979 1976/1976/1976
f 82/82/82 1852/1852/1852 2559/2559/2559
f 84/84/84 1852/1852/1852 82/82/82
f 47/47/47 336/336/336 340/340/340
f 2390/2390/2390 55/55/55 2392/2392/2392
f 2665/2665/2665 1821/1821/1821 1442/1442/1442
f 1819/1819/1819 1821/1821/1821 2665/2665/2665
f 55/55/55 2260/2260/2260 2386/2386/2386
f 2280/2280/2280 55/55/55 2282/2282/2282
f 2095/2095/2095 1087/1087/1087 1987/1987/1987
f 356/356/356 1087/1087/1087 2095/2095/2095
f 758/758/758 1154/1154/1154 3008/3008/3008
f 761/761/761 2644/2644/2644 758/758/758
f 2644/2644/2644 2643/2643/2643 758/758/758
f 2643/2643/2643 3021/3021/3021 758/758/758
f 3021/3021/3021 1154/1154/1154 758/758/758
f 47/47/47 31/31/31 880/880/880
f 199/199/199 2542/2542/2542 2626/2626/2626
f 199/199/199 201/201/201 2542/2542/2542
f 47/47/47 271/271/271 273/273/273
f 580/580/580 2128/2128/2128 2129/2129/2129
f 580/580/580 2907/2907/2907 2128/2128/2128
f 742/742/742 2625/2625/2625 1618/1618/1618
f 742/742/742 1308/1308/1308 2625/2625/2625
f 292/292/292 2883/2883/2883 295/295/295
f 2025/2025/2025 2883/2883/2883 292/292/292
f 2358/2358/2358 1644/1644/1644 2750/2750/2750
f 2300/2300/2300 1644/1644/1644 2358/2358/2358
f 47/47/47 2894/2894/2894 3059/3059/3059
f 1275/1275/1275 1251/1251/1251 2999/2999/2999
f 1529/1529/1529 1251/1251/1251 1275/1275/1275
f 2772/2772/2772 322/322/322 324/324/324
f 2772/2772/2772 1919/1919/1919 322/322/322
f 47/47/47 34/34/34 33/33/33
f 47/47/47 2438/2438/2438 2440/2440/2440
f 2668/2668/2668 55/55/55 2280/2280/2280
f 2536/2536/2536 55/55/55 2537/2537/2537
f 1274/1274/1274 793/793/793 1643/1643/1643
f 1892/1892/1892 1276/1276/1276 1893/1893/1893
f 1274/1274/1274 794/794/794 793/793/793
f 794/794/794 1276/1276/1276 1892/1892/1892
f 1274/1274/1274 1276/1276/1276 794/794/794
f 539/539/539 2533/2533/2533 2429/2429/2429
f 1753/1753/1753 2533/2533/2533 539/539/539
f 47/47/47 2185/2185/2185 916/916/916
f 47/47/47 68/68/68 1574/1574/1574
f 47/47/47 2265/2265/2265 2923/2923/2923
f 1456/1456/1456 578/578/578 2245/2245/2245
f 1458/1458/1458 578/578/578 1456/1456/1456
f 2456/2456/2456 191/191/191 2103/2103/2103
f 515/515/515 191/191/191 2456/2456/2456
f 55/55/55 830/830/830 1025/1025/1025
f 47/47/47 2093/2093/2093 2969/2969/2969
f 1/1/1 144/144/144 4/4/4
f 142/142/142 144/144/144 1/1/1
f 2341/2341/2341 2281/2281/2281 2834/2834/2834
f 2342/2342/2342 2281/2281/2281 2341/2341/2341
f 1156/1156/1156 2401/2401/2401 2423/2423/2423
f 1156/1156/1156 1157/1157/1157 2401/2401/2401
f 65/65/65 1612/1612/1612 2793/2793/2793
f 64/64/64 1612/1612/1612 65/65/65
f 3031/3031/3031 55/55/55 3032/3032/3032
f 2955/2955/2955 55/55/55 981/981/981
f 2415/2415/2415 55/55/55 2390/2390/2390
f 74/74/74 1379/1379/1379 75/75/75
f 74/74/74 1381/1381/1381 1379/1379/1379
f 2195/2195/2195 2738/2738/2738 2506/2506/2506
f 2266/2266/2266 2738/2738/2738 2195/2195/2195
f 895/895/895 974/974/974 893/893/893
f 975/975/975 974/974/974 895/895/895
f 2005/2005/2005 1485/1485/1485 2988/2988/2988
f 2005/2005/2005 2004/2004/2004 1485/1485/1485
f 47/47/47 1489/1489/1489 1060/1060/1060
f 2401/2401/2401 2581/2581/2581 2404/2404/2404
f 1157/1157/1157 2581/2581/2581 2401/2401/2401
f 2780/2780/2780 2699/2699/2699 2701/2701/2701
f 2364/2364/2364 2699/2699/2699 2780/2780/2780
f 2133/2133/2133 1622/1622/1622 2167/2167/2167
f 1623/1623/1623 1622/1622/1622 2133/2133/2133
f 1037/1037/1037 2407/2407/2407 2880/2880/2880
f 792/792/792 2407/2407/2407 1037/1037/1037
f 1059/1059/1059 115/115/115 112/112/112
f 1059/1059/1059 1058/1058/1058 115/115/115
f 1335/1335/1335 3060/3060/3060 1336/1336/1336
f 1335/1335/1335 3055/3055/3055 3060/3060/3060
f 2233/2233/2233 2466/2466/2466 2234/2234/2234
f 2233/2233/2233 2317/2317/2317 2466/2466/2466
f 492/492/492 2512/2512/2512 490/490/490
f 492/492/492 2515/2515/2515 2512/2512/2512
f 1186/1186/1186 980/980/980 977/977/977
f 1013/1013/1013 980/980/980 1186/1186/1186
f 47/47/47 2394/2394/2394 2395/2395/2395
f 55/55/55 1825/1825/1825 1824/1824/1824
f 55/55/55 2385/2385/2385 2384/2384/2384
f 65/65/65 1746/1746/1746 78/78/78
f 65/65/65 2793/2793/2793 1746/1746/1746
f 1986/1986/1986 230/230/230 227/227/227
f 1986/1986/1986 2942/2942/2942 230/230/230
f 2172/2172/2172 55/55/55 2175/2175/2175
f 461/461/461 2331/2331/2331 460/460/460
f 461/461/461 2334/2334/2334 2331/2331/2331
f 47/47/47 560/560/560 557/557/557
f 2980/2980/2980 2909/2909/2909 2752/2752/2752
f 2980/2980/2980 1172/1172/1172 2909/2909/2909
f 1155/1155/1155 55/55/55 3009/3009/3009
f 47/47/47 2723/2723/2723 3061/3061/3061
f 2943/2943/2943 2873/2873/2873 2355/2355/2355
f 2913/2913/2913 2873/2873/2873 2943/2943/2943
f 47/47/47 1073/1073/1073 2323/2323/2323
f 3054/3054/3054 55/55/55 3053/3053/3053
f 2722/2722/2722 3061/3061/3061 2723/2723/2723
f 2022/2022/2022 2810/2810/2810 2023/2023/2023
f 2672/2672/2672 2810/2810/2810 2022/2022/2022
f 2722/2722/2722 2672/2672/2672 3061/3061/3061
f 2722/2722/2722 2810/2810/2810 2672/2672/2672
f 1367/1367/1367 920/920/920 566/566/566
f 1367/1367/1367 918/918/918 920/920/920
f 222/222/222 766/766/766 220/220/220
f 222/222/222 1681/1681/1681 766/766/766
f 55/55/55 1354/1354/1354 1353/1353/1353
f 1228/1228/1228 55/55/55 1229/1229/1229
f 1748/1748/1748 2848/2848/2848 1756/1756/1756
f 3059/3059/3059 2917/2917/2917 1416/1416/1416
f 2894/2894/2894 2917/2917/2917 3059/3059/3059
f 1748/1748/1748 2894/2894/2894 2848/2848/2848
f 1748/1748/1748 2917/2917/2917 2894/2894/2894
f 221/221/221 765/765/765 2519/2519/2519
f 221/221/221 220/220/220 765/765/765
f 2602/2602/2602 868/868/868 865/865/865
f 2602/2602/2602 1515/1515/1515 868/868/868
f 2990/2990/2990 1697/1697/1697 710/710/710
f 2990/2990/2990 1700/1700/1700 1697/1697/1697
f 47/47/47 2815/2815/2815 1643/1643/1643
f 55/55/55 3001/3001/3001 56/56/56
f 2048/2048/2048 2012/2012/2012 2121/2121/2121
f 988/988/988 2012/2012/2012 2048/2048/2048
f 1049/1049/1049 1806/1806/1806 1174/1174/1174
f 1804/1804/1804 1806/1806/1806 1049/1049/1049
f 55/55/55 2953/2953/2953 2710/2710/2710
f 1500/1500/1500 100/100/100 1948/1948/1948
f 1500/1500/1500 2169/2169/2169 100/100/100
f 1962/1962/1962 55/55/55 1958/1958/1958
f 1213/1213/1213 1593/1593/1593 1875/1875/1875
f 2598/2598/2598 1593/1593/1593 1213/1213/1213
f 3051/3051/3051 2441/2441/2441 2443/2443/2443
f 1276/1276/1276 3062/3062/3062 1893/1893/1893
f 1276/1276/1276 3050/3050/3050 3062/3062/3062
f 3050/3050/3050 2441/2441/2441 3051/3051/3051
f 1276/1276/1276 2441/2441/2441 3050/3050/3050
f 92/92/92 2077/2077/2077 2259/2259/2259
f 548/548/548 2077/2077/2077 92/92/92
f 47/47/47 2967/2967/2967 2945/2945/2945
f 2238/2238/2238 2346/2346/2346 2859/2859/2859
f 2238/2238/2238 2509/2509/2509 2346/2346/2346
f 47/47/47 3043/3043/3043 2553/2553/2553
f 2712/2712/2712 182/182/182 873/873/873
f 1175/1175/1175 182/182/182 2712/2712/2712
f 1799/1799/1799 577/577/577 574/574/574
f 2142/2142/2142 577/577/577 1799/1799/1799
f 966/966/966 1997/1997/1997 1608/1608/1608
f 1673/1673/1673 1997/1997/1997 966/966/966
f 47/47/47 1558/1558/1558 2690/2690/2690
f 852/852/852 1906/1906/1906 2748/2748/2748
f 852/852/852 1575/1575/1575 1906/1906/1906
f 47/47/47 3059/3059/3059 1416/1416/1416
f 1605/1605/1605 887/887/887 1603/1603/1603
f 1605/1605/1605 885/885/885 887/887/887
f 2454/2454/2454 2984/2984/2984 1232/1232/1232
f 2454/2454/2454 2196/2196/2196 2984/2984/2984
f 2138/2138/2138 2059/2059/2059 2993/2993/2993
f 1939/1939/1939 2059/2059/2059 2138/2138/2138
f 55/55/55 2090/2090/2090 2089/2089/2089
f 47/47/47 110/110/110 2240/2240/2240
f 256/256/256 1629/1629/1629 257/257/257
f 256/256/256 1319/1319/1319 1629/1629/1629
f 3015/3015/3015 55/55/55 2997/2997/2997
f 922/922/922 1996/1996/1996 923/923/923
f 922/922/922 1550/1550/1550 1996/1996/1996
f 2915/2915/2915 1901/1901/1901 2876/2876/2876
f 1902/1902/1902 1901/1901/1901 2915/2915/2915
f 121/121/121 2996/2996/2996 122/122/122
f 121/121/121 411/411/411 2996/2996/2996
f 2719/2719/2719 1795/1795/1795 1966/1966/1966
f 2130/2130/2130 1795/1795/1795 2719/2719/2719
f 2667/2667/2667 671/671/671 1687/1687/1687
f 672/672/672 1302/1302/1302 1083/1083/1083
f 672/672/672 2666/2666/2666 1302/1302/1302
f 2666/2666/2666 671/671/671 2667/2667/2667
f 672/672/672 671/671/671 2666/2666/2666
f 55/55/55 3035/3035/3035 2807/2807/2807
f 55/55/55 2854/2854/2854 2853/2853/2853
f 1210/1210/1210 2248/2248/2248 2253/2253/2253
f 714/714/714 2248/2248/2248 1210/1210/1210
f 47/47/47 2395/2395/2395 1865/1865/1865
f 1103/1103/1103 1074/1074/1074 2637/2637/2637
f 1563/1563/1563 1074/1074/1074 1103/1103/1103
f 2568/2568/2568 210/210/210 551/551/551
f 211/211/211 210/210/210 2568/2568/2568
f 47/47/47 2992/2992/2992 2775/2775/2775
f 2473/2473/2473 244/244/244 246/246/246
f 2473/2473/2473 2472/2472/2472 244/244/244
f 1598/1598/1598 55/55/55 1599/1599/1599
f 424/424/424 1638/1638/1638 1635/1635/1635
f 424/424/424 423/423/423 1638/1638/1638
f 2515/2515/2515 2952/2952/2952 2513/2513/2513
f 2958/2958/2958 2952/2952/2952 2515/2515/2515
f 55/55/55 3054/3054/3054 2987/2987/2987
f 47/47/47 3062/3062/3062 3050/3050/3050
f 1219/1219/1219 783/783/783 1217/1217/1217
f 1219/1219/1219 103/103/103 783/783/783
f 390/390/390 2862/2862/2862 810/810/810
f 390/390/390 392/392/392 2862/2862/2862
f 55/55/55 2111/2111/2111 2110/2110/2110
f 1913/1913/1913 2695/2695/2695 2696/2696/2696
f 823/823/823 2695/2695/2695 1913/1913/1913
f 2902/2902/2902 55/55/55 2071/2071/2071
f 55/55/55 2927/2927/2927 2995/2995/2995
f 738/738/738 953/953/953 955/955/955
f 738/738/738 639/639/639 953/953/953
f 2230/2230/2230 688/688/688 2560/2560/2560
f 2000/2000/2000 688/688/688 2230/2230/2230
f 1719/1719/1719 55/55/55 2837/2837/2837
f 47/47/47 1235/1235/1235 1234/1234/1234
f 2780/2780/2780 2787/2787/2787 2781/2781/2781
f 2780/2780/2780 2701/2701/2701 2787/2787/2787
f 55/55/55 2619/2619/2619 3032/3032/3032
f 2201/2201/2201 55/55/55 2202/2202/2202
f 55/55/55 3042/3042/3042 1107/1107/1107
f 55/55/55 2866/2866/2866 2865/2865/2865
f 55/55/55 1929/1929/1929 58/58/58
f 834/834/834 770/770/770 767/767/767
f 775/775/775 770/770/770 834/834/834
f 47/47/47 2721/2721/2721 2723/2723/2723
f 2640/2640/2640 2994/2994/2994 2584/2584/2584
f 2640/2640/2640 1766/1766/1766 2994/2994/2994
f 47/47/47 1399/1399/1399 2119/2119/2119
f 460/460/460 3002/3002/3002 3033/3033/3033
f 460/460/460 2331/2331/2331 3002/3002/3002
f 1634/1634/1634 3008/3008/3008 116/116/116
f 758/758/758 3008/3008/3008 1634/1634/1634
f 2700/2700/2700 1750/1750/1750 2788/2788/2788
f 2700/2700/2700 1749/1749/1749 1750/1750/1750
f 47/47/47 29/29/29 31/31/31
f 47/47/47 884/884/884 881/881/881
f 3049/3049/3049 1392/1392/1392 788/788/788
f 3049/3049/3049 2611/2611/2611 1392/1392/1392
f 1284/1284/1284 2164/2164/2164 1283/1283/1283
f 1579/1579/1579 2164/2164/2164 1284/1284/1284
f 47/47/47 2521/2521/2521 848/848/848
f 2981/2981/2981 55/55/55 1527/1527/1527
f 853/853/853 2748/2748/2748 3028/3028/3028
f 853/853/853 852/852/852 2748/2748/2748
f 47/47/47 2433/2433/2433 3003/3003/3003
f 2230/2230/2230 2530/2530/2530 603/603/603
f 2230/2230/2230 2560/2560/2560 2530/2530/2530
f 47/47/47 2442/2442/2442 2444/2444/2444
f 47/47/47 2491/2491/2491 2492/2492/2492
f 47/47/47 2827/2827/2827 2284/2284/2284
f 2921/2921/2921 1707/1707/1707 2453/2453/2453
f 2921/2921/2921 2522/2522/2522 1707/1707/1707
f 47/47/47 3038/3038/3038 3057/3057/3057
f 3012/3012/3012 55/55/55 1043/1043/1043
f 47/47/47 2219/2219/2219 2218/2218/2218
f 2351/2351/2351 2496/2496/2496 1045/1045/1045
f 2351/2351/2351 2719/2719/2719 2496/2496/2496
f 1601/1601/1601 1886/1886/1886 2835/2835/2835
f 2347/2347/2347 1886/1886/1886 1601/1601/1601
f 2111/2111/2111 55/55/55 2107/2107/2107
f 47/47/47 2965/2965/2965 2967/2967/2967
f 487/487/487 55/55/55 488/488/488
f 1671/1671/1671 966/966/966 968/968/968
f 1671/1671/1671 1673/1673/1673 966/966/966
f 1339/1339/1339 2878/2878/2878 2321/2321/2321
f 1755/1755/1755 1748/1748/1748 1756/1756/1756
f 2867/2867/2867 1748/1748/1748 1755/1755/1755
f 1339/1339/1339 2867/2867/2867 2878/2878/2878
f 1339/1339/1339 1748/1748/1748 2867/2867/2867
f 47/47/47 1574/1574/1574 1572/1572/1572
f 685/685/685 1616/1616/1616 2753/2753/2753
f 685/685/685 2540/2540/2540 1616/1616/1616
f 484/484/484 2665/2665/2665 1922/1922/1922
f 484/484/484 1819/1819/1819 2665/2665/2665
f 47/47/47 2464/2464/2464 2362/2362/2362
f 804/804/804 55/55/55 805/805/805
f 1247/1247/1247 506/506/506 2856/2856/2856
f 507/507/507 506/506/506 1247/1247/1247
f 2900/2900/2900 1208/1208/1208 2126/2126/2126
f 1209/1209/1209 1208/1208/1208 2900/2900/2900
f 2895/2895/2895 13/13/13 1194/1194/1194
f 2863/2863/2863 13/13/13 2895/2895/2895
f 3036/3036/3036 55/55/55 1330/1330/1330
f 3049/3049/3049 2890/2890/2890 2611/2611/2611
f 1552/1552/1552 2890/2890/2890 3049/3049/3049
f 47/47/47 2804/2804/2804 2803/2803/2803
f 2863/2863/2863 16/16/16 13/13/13
f 2527/2527/2527 16/16/16 2863/2863/2863
f 47/47/47 409/409/409 1301/1301/1301
f 2273/2273/2273 2262/2262/2262 2617/2617/2617
f 2274/2274/2274 2262/2262/2262 2273/2273/2273
f 2930/2930/2930 921/921/921 918/918/918
f 2930/2930/2930 1973/1973/1973 921/921/921
f 22/22/22 1794/1794/1794 2414/2414/2414
f 24/24/24 1794/1794/1794 22/22/22
f 1378/1378/1378 606/606/606 1376/1376/1376
f 1378/1378/1378 609/609/609 606/606/606
f 47/47/47 1688/1688/1688 1683/1683/1683
f 47/47/47 881/881/881 883/883/883
f 1954/1954/1954 55/55/55 2963/2963/2963
f 47/47/47 1406/1406/1406 2814/2814/2814
f 1095/1095/1095 2586/2586/2586 2588/2588/2588
f 1095/1095/1095 1078/1078/1078 2586/2586/2586
f 47/47/47 2714/2714/2714 2651/2651/2651
f 47/47/47 3061/3061/3061 2672/2672/2672
f 2572/2572/2572 55/55/55 2354/2354/2354
f 1498/1498/1498 55/55/55 2201/2201/2201
f 55/55/55 2236/2236/2236 2339/2339/2339
f 3045/3045/3045 2908/2908/2908 2310/2310/2310
f 3045/3045/3045 2954/2954/2954 2908/2908/2908
f 2852/2852/2852 55/55/55 3030/3030/3030
f 47/47/47 1893/1893/1893 3062/3062/3062
f 1606/1606/1606 2122/2122/2122 1950/1950/1950
f 1246/1246/1246 2122/2122/2122 1606/1606/1606
f 2289/2289/2289 1860/1860/1860 2263/2263/2263
f 2289/2289/2289 2409/2409/2409 1860/1860/1860
f 140/140/140 55/55/55 309/309/309
f 1283/1283/1283 344/344/344 341/341/341
f 1283/1283/1283 2163/2163/2163 344/344/344
f 2599/2599/2599 1370/1370/1370 1320/1320/1320
f 1371/1371/1371 1370/1370/1370 2599/2599/2599
f 47/47/47 2397/2397/2397 2396/2396/2396
f 69/69/69 2405/2405/2405 1412/1412/1412
f 69/69/69 71/71/71 2405/2405/2405
f 55/55/55 2659/2659/2659 3016/3016/3016
f 47/47/47 3057/3057/3057 2092/2092/2092
f 1336/1336/1336 348/348/348 345/345/345
f 1336/1336/1336 3060/3060/3060 348/348/348
f 1202/1202/1202 2293/2293/2293 1351/1351/1351
f 1202/1202/1202 2596/2596/2596 2293/2293/2293
f 1485/1485/1485 777/777/777 779/779/779
f 2004/2004/2004 777/777/777 1485/1485/1485
f 1564/1564/1564 55/55/55 2632/2632/2632
f 3009/3009/3009 55/55/55 2846/2846/2846
f 47/47/47 2816/2816/2816 2815/2815/2815
f 47/47/47 1685/1685/1685 282/282/282
f 1504/1504/1504 2504/2504/2504 2336/2336/2336
f 1504/1504/1504 1702/1702/1702 2504/2504/2504
f 47/47/47 1881/1881/1881 2151/2151/2151
f 55/55/55 804/804/804 803/803/803
f 777/777/777 535/535/535 780/780/780
f 2116/2116/2116 535/535/535 777/777/777
f 47/47/47 2939/2939/2939 2936/2936/2936
f 323/323/323 1243/1243/1243 1520/1520/1520
f 323/323/323 2507/2507/2507 1243/1243/1243
f 47/47/47 2220/2220/2220 2216/2216/2216
f 1900/1900/1900 2577/2577/2577 1903/1903/1903
f 1187/1187/1187 2577/2577/2577 1900/1900/1900
f 55/55/55 1022/1022/1022 829/829/829
f 47/47/47 2657/2657/2657 2655/2655/2655
f 1183/1183/1183 1607/1607/1607 1184/1184/1184
f 1183/1183/1183 1244/1244/1244 1607/1607/1607
f 55/55/55 803/803/803 802/802/802
f 1063/1063/1063 2806/2806/2806 2011/2011/2011
f 1776/1776/1776 2806/2806/2806 1063/1063/1063
f 47/47/47 2444/2444/2444 2438/2438/2438
f 55/55/55 1936/1936/1936 1935/1935/1935
f 3042/3042/3042 55/55/55 2534/2534/2534
f 47/47/47 3048/3048/3048 2964/2964/2964
f 47/47/47 1683/1683/1683 1685/1685/1685
f 1224/1224/1224 55/55/55 1227/1227/1227
f 47/47/47 3047/3047/3047 3048/3048/3048
f 310/310/310 55/55/55 311/311/311
f 55/55/55 842/842/842 847/847/847
f 3041/3041/3041 55/55/55 3058/3058/3058
f 55/55/55 1718/1718/1718 1230/1230/1230
f 55/55/55 3046/3046/3046 2517/2517/2517
f 55/55/55 451/451/451 1355/1355/1355
f 1197/1197/1197 838/838/838 835/835/835
f 15/15/15 838/838/838 1197/1197/1197
# Vertices: 3062, normals: 3062, texture coordinates: 3062, faces: 6048

