mtllib AsteroidModel.mtl

v 0.285255 0.276741 0.167348
v 0.288139 0.264148 0.174877
v 0.279129 0.269427 0.184438
v 0.276068 0.281541 0.178039
v 0.290636 0.253313 0.183122
v 0.281742 0.259002 0.191516
v 0.271564 0.274485 0.194636
v 0.268300 0.286188 0.189389
v 0.274330 0.264412 0.200418
v 0.292549 0.243915 0.192218
v 0.293685 0.235636 0.202299
v 0.284851 0.242279 0.208568
v 0.283713 0.250030 0.199488
v 0.277591 0.248703 0.214768
v 0.276432 0.255849 0.206983
v 0.268078 0.258821 0.225104
v 0.265927 0.264454 0.222848
v 0.270578 0.260958 0.214595
v 0.271863 0.254558 0.220641
v 0.262924 0.272619 0.219979
v 0.268149 0.269129 0.209847
v 0.259497 0.282414 0.217015
v 0.255659 0.293717 0.213960
v 0.261610 0.290354 0.201371
v 0.265126 0.278941 0.205489
v 0.271334 0.343629 0.143136
v 0.275267 0.325278 0.148285
v 0.265248 0.328091 0.161621
v 0.261001 0.345902 0.157067
v 0.278866 0.307730 0.154043
v 0.269156 0.311206 0.166633
v 0.256519 0.330833 0.175394
v 0.251930 0.348103 0.171337
v 0.260777 0.314599 0.179760
v 0.282180 0.291409 0.160400
v 0.272753 0.295579 0.172105
v 0.264704 0.299638 0.184428
v 0.251425 0.306409 0.210819
v 0.257704 0.303333 0.197342
v 0.246830 0.320420 0.207638
v 0.253434 0.317729 0.193428
v 0.241909 0.335681 0.204461
v 0.236698 0.352122 0.201336
v 0.243902 0.350190 0.186057
v 0.248825 0.333397 0.189657
v 0.326080 0.335332 0.091552
v 0.329626 0.315276 0.100327
v 0.314127 0.317400 0.111201
v 0.310660 0.337066 0.103456
v 0.333060 0.295586 0.110210
v 0.317394 0.298193 0.119953
v 0.299823 0.319838 0.122922
v 0.296303 0.339100 0.116145
v 0.303078 0.301140 0.130585
v 0.336271 0.276912 0.120870
v 0.339148 0.259907 0.131976
v 0.323193 0.263626 0.139600
v 0.320427 0.280061 0.129493
v 0.308863 0.267716 0.148074
v 0.306085 0.283577 0.139011
v 0.293314 0.287384 0.149341
v 0.296202 0.272110 0.157341
v 0.290204 0.304347 0.141988
v 0.283148 0.341325 0.129433
v 0.286830 0.322495 0.135334
v 0.341578 0.245223 0.143197
v 0.325657 0.249505 0.150057
v 0.343484 0.232405 0.154701
v 0.327693 0.237252 0.160978
v 0.311427 0.254127 0.157649
v 0.313617 0.242387 0.167826
v 0.344788 0.221001 0.166657
v 0.345413 0.210558 0.179233
v 0.329979 0.216569 0.184668
v 0.329175 0.226422 0.172477
v 0.316228 0.222764 0.190334
v 0.315271 0.232073 0.178691
v 0.303065 0.237917 0.185278
v 0.304137 0.229125 0.196215
v 0.301263 0.247757 0.175216
v 0.298913 0.259028 0.165935
v 0.253238 0.421831 0.127149
v 0.241952 0.423589 0.142172
v 0.237477 0.444880 0.138662
v 0.248837 0.443082 0.123527
v 0.231884 0.425248 0.157408
v 0.227258 0.446586 0.154065
v 0.233481 0.466791 0.135445
v 0.244860 0.464960 0.120249
v 0.223130 0.468548 0.150972
v 0.222800 0.426834 0.173063
v 0.214466 0.428376 0.189342
v 0.209138 0.449749 0.186243
v 0.217904 0.448207 0.169878
v 0.204204 0.471753 0.183232
v 0.213480 0.470210 0.166883
v 0.196256 0.516734 0.178158
v 0.206755 0.515210 0.162355
v 0.209706 0.492619 0.164302
v 0.199848 0.494158 0.180479
v 0.217103 0.513531 0.146657
v 0.219684 0.490931 0.148410
v 0.227742 0.511766 0.131205
v 0.239114 0.509983 0.116138
v 0.241542 0.487312 0.117669
v 0.230168 0.489146 0.132850
v 0.311374 0.415236 0.069085
v 0.295200 0.416478 0.082912
v 0.290962 0.437700 0.079474
v 0.307302 0.436403 0.065747
v 0.280017 0.418105 0.097327
v 0.275694 0.439344 0.093780
v 0.286894 0.459610 0.076747
v 0.303336 0.458251 0.063293
v 0.271627 0.461257 0.090795
v 0.265978 0.419946 0.112137
v 0.261614 0.441188 0.108515
v 0.257596 0.463078 0.105331
v 0.251662 0.508251 0.101598
v 0.254190 0.485479 0.102914
v 0.265448 0.506614 0.087632
v 0.268113 0.483721 0.088651
v 0.280534 0.505113 0.074290
v 0.296982 0.503791 0.061621
v 0.299791 0.480730 0.061868
v 0.283313 0.482113 0.074947
v 0.307029 0.356570 0.096937
v 0.322534 0.355102 0.084216
v 0.292503 0.358358 0.110380
v 0.303239 0.376149 0.091461
v 0.318937 0.374839 0.078144
v 0.288481 0.377811 0.105444
v 0.267022 0.362360 0.138603
v 0.279114 0.360333 0.124338
v 0.262474 0.381570 0.134532
v 0.274836 0.379671 0.119874
v 0.270421 0.399491 0.115865
v 0.257831 0.401361 0.130766
v 0.284299 0.397660 0.101154
v 0.315234 0.394799 0.073159
v 0.299294 0.396039 0.086847
v 0.256388 0.364306 0.152968
v 0.247011 0.366172 0.167597
v 0.251568 0.383354 0.149201
v 0.241922 0.385048 0.164087
v 0.231233 0.369675 0.198306
v 0.238692 0.367961 0.182655
v 0.225629 0.388276 0.195328
v 0.233341 0.386680 0.179394
v 0.227995 0.406315 0.176216
v 0.220001 0.407864 0.192355
v 0.236826 0.404737 0.160719
v 0.246702 0.403098 0.145643
v 0.390543 0.412533 0.021648
v 0.385616 0.435398 0.019660
v 0.409233 0.437860 0.011893
v 0.414746 0.421235 0.013017
v 0.382229 0.456477 0.018622
v 0.406003 0.457293 0.011020
v 0.434106 0.440448 0.006211
v 0.438220 0.425484 0.007621
v 0.431259 0.458158 0.005321
v 0.379633 0.478080 0.018584
v 0.377708 0.500707 0.019791
v 0.401968 0.500478 0.012357
v 0.403648 0.478080 0.011081
v 0.427728 0.500360 0.006540
v 0.429194 0.478144 0.005335
v 0.482952 0.500032 0.000729
v 0.484046 0.477704 0.000000
v 0.456062 0.478082 0.001568
v 0.454790 0.500246 0.002582
v 0.485314 0.457998 0.000332
v 0.457752 0.458450 0.001702
v 0.486580 0.440997 0.001503
v 0.487667 0.426785 0.003289
v 0.462531 0.427204 0.004383
v 0.459895 0.441456 0.002726
v 0.338858 0.354088 0.072425
v 0.342422 0.334010 0.080618
v 0.335403 0.374039 0.065709
v 0.355285 0.353363 0.061936
v 0.358861 0.333120 0.070883
v 0.352154 0.373448 0.054549
v 0.328383 0.414550 0.056039
v 0.331947 0.394111 0.060302
v 0.346617 0.414121 0.043841
v 0.349427 0.393633 0.048504
v 0.385172 0.390902 0.030132
v 0.367665 0.393022 0.037991
v 0.366466 0.413650 0.032558
v 0.384205 0.371432 0.037911
v 0.368706 0.372766 0.045057
v 0.385585 0.352126 0.046345
v 0.388720 0.332719 0.055934
v 0.374569 0.332683 0.062579
v 0.371099 0.352764 0.053119
v 0.324601 0.435602 0.052754
v 0.320893 0.457292 0.050537
v 0.343240 0.435116 0.040602
v 0.339773 0.456674 0.038687
v 0.314854 0.502691 0.049674
v 0.317547 0.479647 0.049480
v 0.334220 0.501812 0.038612
v 0.336696 0.478852 0.037996
v 0.357353 0.478333 0.027627
v 0.355148 0.501151 0.028596
v 0.360186 0.456337 0.027946
v 0.363598 0.434765 0.029400
v 0.420288 0.250236 0.105520
v 0.445888 0.239844 0.105110
v 0.445043 0.224760 0.117242
v 0.421620 0.230485 0.121055
v 0.469185 0.232988 0.102734
v 0.469122 0.218512 0.113755
v 0.445601 0.209506 0.129727
v 0.422570 0.214760 0.134095
v 0.469533 0.203871 0.125483
v 0.492423 0.227582 0.099425
v 0.515776 0.222998 0.095727
v 0.517961 0.207644 0.105785
v 0.493386 0.212926 0.109831
v 0.519304 0.192288 0.116848
v 0.494129 0.198160 0.121167
v 0.519697 0.162251 0.141715
v 0.494329 0.169066 0.146409
v 0.494495 0.183475 0.133378
v 0.519864 0.177101 0.128848
v 0.469635 0.175521 0.150895
v 0.469794 0.189509 0.137836
v 0.445803 0.181681 0.155293
v 0.423020 0.187608 0.159725
v 0.423074 0.200652 0.146781
v 0.445930 0.195227 0.142283
v 0.356683 0.256627 0.125254
v 0.359168 0.241340 0.137105
v 0.375752 0.253844 0.119022
v 0.378418 0.237789 0.131463
v 0.360986 0.227896 0.149023
v 0.380086 0.223585 0.143774
v 0.396309 0.251618 0.112867
v 0.399324 0.234499 0.125954
v 0.400672 0.219329 0.138788
v 0.401472 0.193367 0.164313
v 0.401398 0.205808 0.151391
v 0.381277 0.199050 0.169078
v 0.381034 0.210828 0.156191
v 0.362551 0.204749 0.174044
v 0.362120 0.215848 0.161254
v 0.346203 0.313560 0.090452
v 0.362920 0.312460 0.081612
v 0.349984 0.293402 0.101473
v 0.367292 0.291949 0.093573
v 0.393021 0.312947 0.067180
v 0.378839 0.312186 0.073843
v 0.399034 0.292883 0.079471
v 0.384111 0.291534 0.086342
v 0.390586 0.270987 0.099506
v 0.407309 0.272602 0.092199
v 0.371806 0.272154 0.106218
v 0.353550 0.274203 0.113225
v 0.613525 0.214827 0.077598
v 0.619055 0.189665 0.089645
v 0.593769 0.193563 0.093758
v 0.587298 0.213315 0.083975
v 0.621236 0.169619 0.100120
v 0.596332 0.174670 0.104174
v 0.568290 0.197434 0.098009
v 0.563282 0.215143 0.088400
v 0.570771 0.180180 0.108384
v 0.621890 0.151689 0.110776
v 0.621638 0.135271 0.122198
v 0.596966 0.141071 0.126674
v 0.597183 0.157285 0.115010
v 0.571458 0.147802 0.131590
v 0.571649 0.163634 0.119525
v 0.545729 0.170363 0.124184
v 0.545554 0.155013 0.136689
v 0.544973 0.186174 0.112598
v 0.539418 0.218612 0.092185
v 0.542975 0.202304 0.101931
v 0.512692 0.238183 0.086745
v 0.533990 0.234956 0.083362
v 0.509179 0.252631 0.079151
v 0.527591 0.250621 0.075832
v 0.554824 0.233055 0.079558
v 0.544806 0.250204 0.071913
v 0.505710 0.265776 0.073256
v 0.502757 0.277052 0.069373
v 0.515493 0.277039 0.066131
v 0.521124 0.264887 0.069965
v 0.526839 0.278562 0.061981
v 0.535116 0.265625 0.065899
v 0.543863 0.286783 0.052783
v 0.556005 0.273782 0.056328
v 0.546979 0.268440 0.061280
v 0.536421 0.281762 0.057379
v 0.571454 0.257582 0.061950
v 0.559981 0.252104 0.067342
v 0.589955 0.238574 0.069057
v 0.574728 0.233279 0.075038
v 0.704541 0.288330 0.052757
v 0.706683 0.264084 0.055596
v 0.685115 0.266289 0.051490
v 0.682814 0.290872 0.047376
v 0.708033 0.240379 0.060369
v 0.686863 0.242219 0.057442
v 0.662321 0.269838 0.048910
v 0.659896 0.294334 0.043405
v 0.664337 0.245792 0.056168
v 0.708713 0.217679 0.066773
v 0.708841 0.196449 0.074502
v 0.688710 0.197449 0.073257
v 0.688059 0.219119 0.064830
v 0.666625 0.200572 0.074076
v 0.665707 0.222567 0.064747
v 0.618435 0.237506 0.064923
v 0.641959 0.228215 0.065497
v 0.642449 0.205930 0.075951
v 0.618866 0.259108 0.054637
v 0.641286 0.251263 0.055632
v 0.617420 0.281117 0.045763
v 0.615187 0.303470 0.038469
v 0.636962 0.298580 0.040538
v 0.639392 0.274768 0.047213
v 0.708539 0.177154 0.083251
v 0.688818 0.177670 0.082321
v 0.708035 0.159490 0.093033
v 0.688584 0.159507 0.092164
v 0.667282 0.180218 0.083580
v 0.667589 0.161429 0.093520
v 0.707556 0.143155 0.103858
v 0.707331 0.127845 0.115738
v 0.687898 0.126944 0.114742
v 0.688211 0.142690 0.102924
v 0.667124 0.128012 0.115785
v 0.667452 0.144130 0.104153
v 0.645329 0.147217 0.106964
v 0.645030 0.130853 0.118420
v 0.645064 0.165003 0.096370
v 0.643794 0.184717 0.086137
v 0.595995 0.399470 0.019176
v 0.566853 0.412644 0.012118
v 0.570365 0.430370 0.010985
v 0.597752 0.424874 0.017835
v 0.540100 0.420102 0.007322
v 0.542192 0.435736 0.005829
v 0.570770 0.451436 0.009765
v 0.597837 0.448263 0.016624
v 0.542486 0.454421 0.004601
v 0.513614 0.424617 0.004324
v 0.514138 0.439184 0.002603
v 0.513780 0.456631 0.001378
v 0.512016 0.499612 0.001223
v 0.512939 0.476820 0.000850
v 0.541189 0.498979 0.003870
v 0.541970 0.475530 0.003885
v 0.569678 0.498125 0.008478
v 0.596691 0.497042 0.014850
v 0.597353 0.472128 0.015573
v 0.570365 0.473932 0.008871
v 0.690927 0.386959 0.055734
v 0.670921 0.390016 0.045874
v 0.668726 0.415155 0.045532
v 0.688296 0.412477 0.056028
v 0.648962 0.393294 0.036480
v 0.647194 0.418062 0.035510
v 0.667022 0.440579 0.044707
v 0.686250 0.438394 0.055642
v 0.645950 0.442977 0.034390
v 0.624871 0.396532 0.027682
v 0.623449 0.421037 0.026143
v 0.622893 0.445491 0.024931
v 0.621435 0.495721 0.022795
v 0.622162 0.470216 0.023759
v 0.644044 0.494258 0.032110
v 0.644906 0.468280 0.033195
v 0.664649 0.492748 0.042596
v 0.683384 0.491286 0.054051
v 0.684657 0.464675 0.054881
v 0.665700 0.466405 0.043647
v 0.679954 0.315506 0.045499
v 0.701487 0.312650 0.052158
v 0.657299 0.318909 0.040087
v 0.676825 0.340222 0.045116
v 0.697929 0.337135 0.052992
v 0.654527 0.343597 0.038259
v 0.613259 0.326103 0.032927
v 0.634681 0.322547 0.035903
v 0.610500 0.349184 0.028443
v 0.631957 0.346845 0.032578
v 0.628197 0.371654 0.029832
v 0.605776 0.372879 0.024320
v 0.651577 0.368432 0.037227
v 0.694273 0.361875 0.054453
v 0.673717 0.365049 0.045489
v 0.817123 0.381899 0.145826
v 0.801633 0.381198 0.133392
v 0.799578 0.407505 0.135586
v 0.815607 0.408231 0.147920
v 0.786606 0.380514 0.121364
v 0.784021 0.406814 0.123627
v 0.797992 0.434591 0.137455
v 0.814495 0.435299 0.149758
v 0.781943 0.433924 0.125492
v 0.771791 0.380082 0.109695
v 0.756937 0.380137 0.098339
v 0.753613 0.406388 0.100469
v 0.768759 0.406371 0.111952
v 0.750840 0.433435 0.102033
v 0.766257 0.433479 0.113730
v 0.746805 0.487572 0.104587
v 0.762710 0.487532 0.116909
v 0.764252 0.460751 0.115295
v 0.748583 0.460691 0.103312
v 0.779147 0.487814 0.129016
v 0.780332 0.461154 0.127206
v 0.796041 0.488309 0.141117
v 0.813317 0.488913 0.153419
v 0.813746 0.462419 0.151529
v 0.796829 0.461758 0.139224
v 0.771539 0.286794 0.088827
v 0.768608 0.308811 0.089861
v 0.782523 0.309229 0.101244
v 0.785189 0.287589 0.100174
v 0.764893 0.331564 0.092289
v 0.779110 0.331719 0.103650
v 0.795999 0.309867 0.113220
v 0.798295 0.288444 0.112156
v 0.793009 0.332228 0.115529
v 0.760850 0.355267 0.095364
v 0.775387 0.355268 0.106697
v 0.789740 0.355715 0.118454
v 0.819083 0.356982 0.143290
v 0.804207 0.356367 0.130648
v 0.821141 0.333356 0.140796
v 0.806912 0.332853 0.127916
v 0.822950 0.310894 0.138830
v 0.824163 0.289470 0.137878
v 0.811179 0.289143 0.124736
v 0.809365 0.310498 0.125758
v 0.720742 0.310656 0.060086
v 0.723902 0.286847 0.059854
v 0.716920 0.334755 0.061730
v 0.738096 0.309421 0.069120
v 0.741271 0.286227 0.068406
v 0.734166 0.333053 0.071247
v 0.709160 0.384382 0.065928
v 0.712904 0.359284 0.063954
v 0.725993 0.382347 0.076438
v 0.729969 0.357301 0.073961
v 0.745831 0.355954 0.084441
v 0.741795 0.380911 0.087247
v 0.750034 0.331999 0.081461
v 0.757025 0.286275 0.078150
v 0.753925 0.308841 0.079099
v 0.706159 0.410191 0.066818
v 0.703776 0.436519 0.066955
v 0.722724 0.408368 0.077854
v 0.720070 0.435023 0.078533
v 0.700381 0.489966 0.066276
v 0.701891 0.463175 0.066665
v 0.716226 0.488859 0.078973
v 0.717935 0.461968 0.078798
v 0.733321 0.461118 0.091080
v 0.731505 0.488038 0.091842
v 0.735601 0.433972 0.090263
v 0.738405 0.407077 0.089087
v 0.773113 0.206703 0.103543
v 0.786070 0.209913 0.113496
v 0.784876 0.193947 0.119893
v 0.772105 0.190063 0.110664
v 0.798185 0.212526 0.123904
v 0.796725 0.197125 0.129460
v 0.783832 0.179388 0.127212
v 0.771208 0.174810 0.118813
v 0.795387 0.183236 0.135753
v 0.809671 0.214266 0.134810
v 0.820739 0.214860 0.146255
v 0.818392 0.199957 0.149999
v 0.807835 0.199245 0.139463
v 0.815794 0.186902 0.153796
v 0.805978 0.185944 0.144521
v 0.811125 0.168136 0.159901
v 0.804703 0.164475 0.156046
v 0.804514 0.174389 0.149819
v 0.813174 0.175848 0.157318
v 0.795369 0.159367 0.150633
v 0.794692 0.170710 0.142751
v 0.784233 0.153608 0.144467
v 0.771530 0.147486 0.137813
v 0.770868 0.160699 0.127895
v 0.783447 0.166015 0.135416
v 0.727157 0.197458 0.078817
v 0.726587 0.178753 0.087260
v 0.743847 0.199892 0.085539
v 0.743102 0.181849 0.093638
v 0.725925 0.161632 0.096856
v 0.742352 0.165312 0.102911
v 0.759102 0.203168 0.094002
v 0.758228 0.185825 0.101676
v 0.757414 0.169912 0.110471
v 0.757495 0.141289 0.130935
v 0.757043 0.155157 0.120265
v 0.742123 0.135577 0.124512
v 0.741919 0.149987 0.113241
v 0.725404 0.130909 0.119220
v 0.725441 0.145787 0.107534
v 0.725930 0.263186 0.061865
v 0.743206 0.263291 0.069926
v 0.727021 0.240110 0.065866
v 0.744127 0.240999 0.073447
v 0.773228 0.265297 0.089932
v 0.758856 0.264096 0.079406
v 0.773902 0.244598 0.092922
v 0.759654 0.242632 0.082627
v 0.759657 0.222213 0.087573
v 0.773788 0.224974 0.097544
v 0.744265 0.219737 0.078730
v 0.727366 0.218055 0.071601
v 0.786670 0.266591 0.101131
v 0.799483 0.267771 0.112969
v 0.787173 0.246482 0.103848
v 0.799743 0.248076 0.115382
v 0.824432 0.268959 0.138423
v 0.811970 0.268629 0.125411
v 0.823874 0.249557 0.140188
v 0.811885 0.249170 0.127503
v 0.811069 0.230978 0.130729
v 0.822605 0.231458 0.142892
v 0.799251 0.229585 0.119119
v 0.786905 0.227507 0.108059
v 0.238325 0.601023 0.121659
v 0.237649 0.578471 0.119006
v 0.226099 0.579668 0.133025
v 0.226671 0.601915 0.135111
v 0.237400 0.555693 0.117043
v 0.225935 0.557147 0.131524
v 0.214815 0.580961 0.147164
v 0.215177 0.602942 0.148600
v 0.214877 0.558658 0.146231
v 0.237811 0.532820 0.116009
v 0.226407 0.534473 0.130841
v 0.215570 0.536144 0.145997
v 0.193612 0.539249 0.176439
v 0.204804 0.537760 0.161266
v 0.191808 0.561590 0.175282
v 0.203682 0.560161 0.160903
v 0.190732 0.583643 0.174648
v 0.190275 0.605293 0.174496
v 0.203246 0.604078 0.161828
v 0.203220 0.582303 0.161134
v 0.241482 0.687212 0.134271
v 0.240927 0.666361 0.131328
v 0.228982 0.666135 0.142631
v 0.229540 0.686571 0.144842
v 0.240116 0.645015 0.128075
v 0.228235 0.645188 0.140129
v 0.217135 0.666154 0.153994
v 0.217727 0.686209 0.155524
v 0.216443 0.645570 0.152204
v 0.239198 0.623220 0.124767
v 0.227424 0.623768 0.137551
v 0.215755 0.624489 0.150343
v 0.190327 0.626427 0.174785
v 0.203590 0.625378 0.162852
v 0.190764 0.647033 0.175324
v 0.204149 0.646179 0.164027
v 0.191461 0.667098 0.175922
v 0.192294 0.686610 0.176387
v 0.205494 0.686198 0.166109
v 0.204819 0.666460 0.165172
v 0.297942 0.691461 0.095874
v 0.297391 0.669127 0.090056
v 0.281575 0.668187 0.099604
v 0.282136 0.690224 0.104755
v 0.296491 0.646270 0.084029
v 0.280654 0.645660 0.094170
v 0.267025 0.667402 0.109724
v 0.267586 0.689077 0.114160
v 0.266117 0.645249 0.104973
v 0.295495 0.622969 0.078163
v 0.294655 0.599301 0.072833
v 0.278697 0.599416 0.083969
v 0.279615 0.622713 0.088833
v 0.264129 0.599754 0.095926
v 0.265080 0.622679 0.100257
v 0.251679 0.622853 0.112286
v 0.250742 0.600297 0.108544
v 0.252674 0.645035 0.116316
v 0.254099 0.688060 0.124021
v 0.253542 0.666789 0.120329
v 0.294223 0.575344 0.068409
v 0.278141 0.575836 0.079956
v 0.294359 0.551303 0.064996
v 0.278137 0.552145 0.076921
v 0.263479 0.576534 0.092331
v 0.263342 0.553171 0.089639
v 0.295225 0.527384 0.062698
v 0.278871 0.528514 0.074990
v 0.263928 0.529814 0.088016
v 0.250280 0.531258 0.101712
v 0.249816 0.554361 0.103047
v 0.250045 0.577420 0.105394
v 0.241154 0.763309 0.143589
v 0.229980 0.760726 0.151567
v 0.230301 0.776330 0.154189
v 0.241203 0.779562 0.146898
v 0.219173 0.758599 0.159771
v 0.219880 0.773625 0.161671
v 0.230485 0.790571 0.157742
v 0.241195 0.794542 0.151150
v 0.220431 0.787160 0.164419
v 0.208270 0.757164 0.168195
v 0.196805 0.756659 0.176832
v 0.198765 0.770996 0.177502
v 0.209512 0.771747 0.169417
v 0.200908 0.783531 0.178587
v 0.210704 0.784636 0.171297
v 0.204507 0.801079 0.181564
v 0.210676 0.804736 0.178119
v 0.211470 0.795632 0.173987
v 0.202974 0.793968 0.180095
v 0.219239 0.809654 0.173586
v 0.220417 0.799167 0.168267
v 0.229031 0.815048 0.168680
v 0.239953 0.820775 0.163418
v 0.240866 0.808272 0.156578
v 0.230179 0.803470 0.162485
v 0.296288 0.774117 0.115889
v 0.280513 0.771685 0.121808
v 0.280203 0.789828 0.126709
v 0.295982 0.792765 0.121359
v 0.266207 0.768959 0.128523
v 0.265950 0.786514 0.132912
v 0.280024 0.806957 0.132400
v 0.295836 0.810503 0.127496
v 0.265774 0.802963 0.138177
v 0.253159 0.766110 0.135845
v 0.253018 0.783024 0.139724
v 0.252895 0.798749 0.144528
v 0.251906 0.826693 0.157818
v 0.252590 0.813299 0.150484
v 0.265057 0.832553 0.152248
v 0.265527 0.818308 0.144547
v 0.279576 0.838105 0.147076
v 0.295631 0.843100 0.142669
v 0.295752 0.827293 0.134525
v 0.279855 0.823054 0.139112
v 0.282098 0.711702 0.109246
v 0.297893 0.713197 0.101110
v 0.267587 0.710213 0.117928
v 0.281673 0.732512 0.113381
v 0.297458 0.734264 0.106020
v 0.267225 0.730666 0.121359
v 0.241628 0.707521 0.136651
v 0.254162 0.708796 0.127087
v 0.241520 0.727099 0.138784
v 0.253908 0.728828 0.129859
v 0.253514 0.747989 0.132668
v 0.241310 0.745758 0.140991
v 0.266699 0.750296 0.124781
v 0.296851 0.754593 0.110861
v 0.281074 0.752543 0.117467
v 0.229787 0.706455 0.146547
v 0.218111 0.705704 0.156605
v 0.229855 0.725582 0.148040
v 0.218404 0.724416 0.157499
v 0.193137 0.705557 0.176528
v 0.206070 0.705370 0.166656
v 0.194098 0.723704 0.176528
v 0.206655 0.723743 0.167037
v 0.207352 0.741085 0.167476
v 0.195285 0.740817 0.176568
v 0.218719 0.742122 0.158467
v 0.229875 0.743741 0.149615
v 0.375837 0.779742 0.098949
v 0.375787 0.799322 0.107103
v 0.399603 0.799964 0.103398
v 0.399649 0.780395 0.094852
v 0.375859 0.818460 0.115272
v 0.399680 0.819155 0.111882
v 0.424728 0.800127 0.099650
v 0.424808 0.780693 0.090810
v 0.424784 0.819216 0.108400
v 0.375999 0.837023 0.123612
v 0.376155 0.854882 0.132277
v 0.399994 0.855717 0.129442
v 0.399829 0.837796 0.120498
v 0.425084 0.855526 0.126630
v 0.424921 0.837752 0.117310
v 0.478380 0.851393 0.123179
v 0.478242 0.834484 0.112822
v 0.451114 0.836708 0.114575
v 0.451266 0.854141 0.124367
v 0.478169 0.816762 0.103073
v 0.451003 0.818475 0.105304
v 0.478215 0.798453 0.093616
v 0.478434 0.779780 0.084136
v 0.451132 0.780524 0.087135
v 0.450990 0.799670 0.096257
v 0.376543 0.696738 0.065993
v 0.376538 0.718502 0.074074
v 0.400400 0.719642 0.068348
v 0.400482 0.698042 0.059790
v 0.376336 0.739487 0.082330
v 0.400159 0.740434 0.077157
v 0.425766 0.720629 0.063111
v 0.425968 0.699239 0.054198
v 0.425434 0.741178 0.072326
v 0.376061 0.759848 0.090657
v 0.399871 0.760618 0.086048
v 0.425079 0.761121 0.081631
v 0.478881 0.760969 0.074317
v 0.451483 0.761268 0.077642
v 0.479452 0.741747 0.064415
v 0.451939 0.741642 0.068019
v 0.480044 0.721844 0.054684
v 0.480553 0.700988 0.045379
v 0.452744 0.700248 0.049350
v 0.452395 0.721388 0.058508
v 0.315167 0.714627 0.093594
v 0.315197 0.692751 0.087586
v 0.314782 0.735819 0.099373
v 0.333988 0.715991 0.086628
v 0.333989 0.694073 0.079862
v 0.333681 0.737197 0.093300
v 0.313745 0.776084 0.110953
v 0.314242 0.756310 0.105100
v 0.332848 0.777640 0.106690
v 0.333243 0.757733 0.099960
v 0.353850 0.758899 0.095220
v 0.353557 0.778842 0.102792
v 0.354188 0.738414 0.087665
v 0.354409 0.695408 0.072674
v 0.354423 0.717284 0.080144
v 0.313492 0.795123 0.117109
v 0.313402 0.813374 0.123768
v 0.332670 0.796962 0.113573
v 0.332644 0.815622 0.120779
v 0.313390 0.847287 0.139395
v 0.313394 0.830780 0.131130
v 0.332779 0.850655 0.136844
v 0.332703 0.833544 0.128479
v 0.353598 0.835616 0.126122
v 0.353726 0.853191 0.134608
v 0.353488 0.817299 0.118092
v 0.353456 0.798342 0.110366
v 0.374998 0.601208 0.037304
v 0.399468 0.602238 0.030266
v 0.399559 0.576276 0.024309
v 0.375037 0.575641 0.031459
v 0.425503 0.603363 0.024130
v 0.425620 0.577034 0.018214
v 0.399972 0.550227 0.019192
v 0.375465 0.550016 0.026446
v 0.425995 0.550576 0.013178
v 0.452862 0.604459 0.019146
v 0.481306 0.605407 0.015561
v 0.481461 0.578517 0.010249
v 0.452996 0.577814 0.013439
v 0.481736 0.551370 0.005945
v 0.453320 0.550983 0.008673
v 0.453897 0.524837 0.005002
v 0.482208 0.524898 0.002741
v 0.426680 0.524761 0.009220
v 0.376337 0.524862 0.022484
v 0.400759 0.524745 0.015135
v 0.312213 0.599430 0.062680
v 0.311914 0.575080 0.057830
v 0.331422 0.599796 0.053430
v 0.331254 0.575042 0.048175
v 0.312168 0.550667 0.053967
v 0.331598 0.550239 0.043853
v 0.352333 0.600391 0.044999
v 0.352282 0.575229 0.039400
v 0.352686 0.550021 0.034673
v 0.353617 0.525188 0.031009
v 0.332554 0.525718 0.040614
v 0.313105 0.526451 0.051209
v 0.314671 0.670206 0.081172
v 0.333510 0.671401 0.072920
v 0.313836 0.647080 0.074670
v 0.332773 0.648069 0.066042
v 0.376229 0.674039 0.058192
v 0.353998 0.672687 0.065270
v 0.375757 0.650494 0.050754
v 0.353386 0.649214 0.058088
v 0.352766 0.625084 0.051279
v 0.375292 0.626188 0.043764
v 0.332003 0.624170 0.059465
v 0.312935 0.623459 0.068400
v 0.400294 0.675433 0.051653
v 0.425932 0.676773 0.045803
v 0.399972 0.651885 0.043987
v 0.425769 0.653276 0.037965
v 0.480877 0.678907 0.036756
v 0.452880 0.677963 0.040788
v 0.481072 0.655611 0.028873
v 0.452889 0.654555 0.032868
v 0.452854 0.630047 0.025638
v 0.481196 0.631108 0.021788
v 0.425589 0.628791 0.030727
v 0.399651 0.627464 0.036842
v 0.595109 0.605427 0.019485
v 0.595561 0.578522 0.016687
v 0.568677 0.579148 0.012059
v 0.568338 0.606202 0.015407
v 0.595903 0.550989 0.015152
v 0.568942 0.551563 0.009901
v 0.540140 0.579287 0.009489
v 0.539886 0.606386 0.013512
v 0.540375 0.551755 0.006594
v 0.596244 0.523579 0.014625
v 0.569240 0.524279 0.008764
v 0.540691 0.524687 0.004747
v 0.511409 0.524871 0.002698
v 0.511030 0.551659 0.005264
v 0.510595 0.606085 0.013623
v 0.510788 0.579043 0.008909
v 0.591724 0.698746 0.044898
v 0.592687 0.677665 0.036603
v 0.566369 0.679047 0.033312
v 0.565508 0.700425 0.041645
v 0.593612 0.655050 0.029539
v 0.567150 0.656192 0.026110
v 0.538425 0.679609 0.032551
v 0.537719 0.701246 0.040995
v 0.539024 0.656571 0.025111
v 0.594440 0.630953 0.023801
v 0.567818 0.631897 0.020116
v 0.539513 0.632155 0.018742
v 0.510360 0.631851 0.019395
v 0.510058 0.656330 0.026160
v 0.509140 0.701377 0.042417
v 0.509660 0.679509 0.033855
v 0.676057 0.684275 0.084581
v 0.676708 0.664551 0.075821
v 0.658281 0.668522 0.062894
v 0.657444 0.688550 0.071592
v 0.677565 0.643330 0.068180
v 0.659269 0.646956 0.055423
v 0.638339 0.672180 0.051787
v 0.637387 0.692556 0.060338
v 0.639376 0.650243 0.044517
v 0.678535 0.620670 0.061928
v 0.679522 0.596630 0.057338
v 0.661308 0.599423 0.045063
v 0.660310 0.623905 0.049404
v 0.641338 0.601907 0.034523
v 0.640406 0.626801 0.038703
v 0.618542 0.629203 0.030083
v 0.619357 0.603952 0.025927
v 0.617589 0.653005 0.035782
v 0.615582 0.696038 0.051284
v 0.616575 0.675301 0.042893
v 0.680435 0.571267 0.054678
v 0.662165 0.573564 0.042622
v 0.681339 0.544986 0.053526
v 0.662957 0.546830 0.041672
v 0.642080 0.575615 0.032151
v 0.642719 0.548516 0.031210
v 0.682300 0.518191 0.053459
v 0.663760 0.519724 0.041801
v 0.643344 0.521200 0.031323
v 0.620892 0.522519 0.022204
v 0.620432 0.549938 0.022313
v 0.619954 0.577306 0.023445
v 0.588660 0.769519 0.087038
v 0.562336 0.773265 0.083071
v 0.561968 0.789559 0.094223
v 0.588372 0.784978 0.098625
v 0.534729 0.776194 0.081601
v 0.534366 0.793358 0.092193
v 0.561814 0.805312 0.105594
v 0.588308 0.799830 0.110476
v 0.534206 0.810050 0.102927
v 0.506530 0.778352 0.082123
v 0.506227 0.796336 0.092126
v 0.506113 0.813910 0.102183
v 0.506268 0.847114 0.123595
v 0.506143 0.830896 0.112579
v 0.534350 0.841589 0.125699
v 0.534212 0.826163 0.114023
v 0.562045 0.835103 0.129576
v 0.588771 0.827940 0.135311
v 0.588449 0.814132 0.122677
v 0.561849 0.820502 0.117330
v 0.676224 0.748855 0.126312
v 0.656587 0.754291 0.114301
v 0.657007 0.767905 0.125899
v 0.676851 0.762038 0.137521
v 0.635582 0.759741 0.103313
v 0.635744 0.773871 0.115110
v 0.657657 0.780758 0.137695
v 0.677679 0.774407 0.148907
v 0.636144 0.787289 0.127142
v 0.613008 0.764914 0.094005
v 0.612914 0.779656 0.105803
v 0.613057 0.793734 0.117864
v 0.613950 0.820386 0.142990
v 0.613410 0.807271 0.130243
v 0.637551 0.812672 0.152082
v 0.636756 0.800165 0.139452
v 0.659545 0.805029 0.162059
v 0.679901 0.797687 0.172390
v 0.678699 0.786208 0.160515
v 0.658511 0.793062 0.149734
v 0.656853 0.706987 0.081294
v 0.675704 0.702444 0.094189
v 0.636613 0.711317 0.069994
v 0.656512 0.723986 0.091787
v 0.675629 0.719181 0.104467
v 0.636039 0.728647 0.080527
v 0.590784 0.718241 0.054327
v 0.614689 0.715160 0.060826
v 0.589922 0.736382 0.064652
v 0.613935 0.732875 0.071283
v 0.613361 0.749390 0.082421
v 0.589196 0.753397 0.075635
v 0.635688 0.744727 0.091709
v 0.675810 0.734610 0.115234
v 0.656423 0.739703 0.102860
v 0.564604 0.720285 0.051033
v 0.536911 0.721457 0.050376
v 0.563726 0.738878 0.061231
v 0.536087 0.740509 0.060439
v 0.508470 0.721922 0.051783
v 0.507748 0.741418 0.061694
v 0.507069 0.760137 0.071893
v 0.535331 0.758667 0.070932
v 0.562946 0.756455 0.071992
v 0.743866 0.731322 0.174134
v 0.743849 0.743170 0.182651
v 0.757674 0.740008 0.191981
v 0.758413 0.728570 0.184108
v 0.743877 0.753919 0.191380
v 0.757035 0.750267 0.199997
v 0.770434 0.737746 0.200571
v 0.772110 0.726709 0.193280
v 0.768915 0.747503 0.207825
v 0.744168 0.763909 0.200358
v 0.744941 0.773479 0.209623
v 0.757247 0.768635 0.216733
v 0.756794 0.759694 0.208225
v 0.767885 0.764429 0.222599
v 0.767894 0.756289 0.215082
v 0.782810 0.758809 0.229882
v 0.785511 0.753411 0.226982
v 0.777426 0.753941 0.221014
v 0.776740 0.761031 0.227088
v 0.789132 0.745764 0.222514
v 0.779580 0.745875 0.215160
v 0.793045 0.736709 0.216988
v 0.797053 0.726144 0.210707
v 0.784982 0.725860 0.202021
v 0.782201 0.736581 0.208785
v 0.742958 0.669475 0.141789
v 0.743182 0.687121 0.149617
v 0.759576 0.685114 0.161072
v 0.759719 0.667585 0.153695
v 0.743458 0.703305 0.157617
v 0.759332 0.701122 0.168622
v 0.775909 0.684041 0.171358
v 0.776657 0.666628 0.164368
v 0.774880 0.699858 0.178574
v 0.743711 0.718036 0.165789
v 0.758955 0.715608 0.176311
v 0.773603 0.714080 0.185914
v 0.800957 0.713967 0.203977
v 0.787617 0.713513 0.195001
v 0.804569 0.700138 0.197076
v 0.789995 0.699525 0.187912
v 0.807706 0.684618 0.190285
v 0.810179 0.667367 0.183882
v 0.793550 0.666568 0.174275
v 0.792009 0.683882 0.180941
v 0.693461 0.697964 0.108142
v 0.693530 0.679983 0.098836
v 0.693667 0.714521 0.117968
v 0.710426 0.693768 0.122479
v 0.710248 0.675921 0.113617
v 0.710841 0.710194 0.131712
v 0.694699 0.743724 0.138686
v 0.694097 0.729744 0.128190
v 0.712082 0.739014 0.151037
v 0.711418 0.725258 0.141252
v 0.727911 0.721304 0.153944
v 0.728447 0.734842 0.162981
v 0.727366 0.706393 0.145121
v 0.726596 0.672336 0.128182
v 0.726899 0.690079 0.136529
v 0.695423 0.756550 0.149331
v 0.696295 0.768499 0.160163
v 0.712757 0.751521 0.161004
v 0.713523 0.763083 0.171182
v 0.698591 0.790877 0.182547
v 0.697343 0.779849 0.171223
v 0.715642 0.784583 0.192295
v 0.714458 0.774002 0.181602
v 0.730062 0.768683 0.191399
v 0.731082 0.778789 0.201398
v 0.729378 0.758207 0.181681
v 0.728888 0.747034 0.172218
v 0.696238 0.593658 0.071139
v 0.697116 0.568839 0.068137
v 0.712052 0.590730 0.085811
v 0.712828 0.566464 0.082420
v 0.698057 0.543090 0.066601
v 0.713738 0.541281 0.080404
v 0.727565 0.588070 0.100700
v 0.743374 0.585901 0.115152
v 0.743829 0.562610 0.111149
v 0.728192 0.564326 0.096950
v 0.744502 0.538487 0.108234
v 0.729010 0.539701 0.094445
v 0.730092 0.514251 0.092853
v 0.745469 0.513489 0.106137
v 0.714849 0.515355 0.079381
v 0.699124 0.516701 0.066118
v 0.693923 0.660490 0.090175
v 0.710383 0.656597 0.105190
v 0.694560 0.639556 0.082466
v 0.710769 0.635893 0.097526
v 0.742861 0.650360 0.134130
v 0.726543 0.653134 0.120097
v 0.742895 0.629946 0.126940
v 0.726709 0.632603 0.112603
v 0.727060 0.610872 0.106027
v 0.743065 0.608403 0.120515
v 0.711345 0.613905 0.090956
v 0.695358 0.617254 0.076018
v 0.759792 0.648534 0.146522
v 0.777090 0.647617 0.157702
v 0.759844 0.628183 0.139782
v 0.777305 0.627277 0.151500
v 0.811803 0.648343 0.178148
v 0.794509 0.647567 0.168101
v 0.812752 0.627895 0.173044
v 0.795025 0.627193 0.162463
v 0.813316 0.584110 0.164580
v 0.795276 0.583578 0.152972
v 0.795234 0.605759 0.157406
v 0.813199 0.606369 0.168534
v 0.777455 0.583681 0.141034
v 0.777395 0.605876 0.145897
v 0.760079 0.584447 0.128512
v 0.759924 0.606747 0.133703
v 0.287461 0.269171 0.803054
v 0.269322 0.271164 0.798103
v 0.269637 0.257152 0.792394
v 0.287150 0.254646 0.796613
v 0.251672 0.272428 0.793085
v 0.252703 0.258913 0.788170
v 0.268451 0.244377 0.786809
v 0.285170 0.241262 0.790360
v 0.252530 0.246789 0.783304
v 0.234877 0.272969 0.787401
v 0.219303 0.272793 0.780453
v 0.221894 0.259906 0.777243
v 0.236679 0.259856 0.783325
v 0.224255 0.248765 0.774127
v 0.237738 0.248360 0.779293
v 0.228101 0.233343 0.768763
v 0.236013 0.230434 0.770600
v 0.237931 0.238585 0.775215
v 0.226416 0.239564 0.771142
v 0.247587 0.226565 0.772775
v 0.250977 0.236031 0.778276
v 0.261249 0.222317 0.775004
v 0.276437 0.217755 0.777463
v 0.281580 0.228979 0.784056
v 0.265682 0.232783 0.781097
v 0.361137 0.255671 0.827958
v 0.342572 0.259513 0.821009
v 0.341013 0.243825 0.812825
v 0.359272 0.239721 0.819317
v 0.324097 0.263164 0.814528
v 0.322879 0.247801 0.806858
v 0.337773 0.229179 0.804596
v 0.355823 0.224781 0.810537
v 0.319921 0.233501 0.799253
v 0.305723 0.266444 0.808536
v 0.304911 0.251468 0.801444
v 0.302357 0.237582 0.794508
v 0.292592 0.212947 0.780327
v 0.298203 0.224753 0.787533
v 0.309526 0.207971 0.783708
v 0.315408 0.220234 0.791580
v 0.327052 0.202909 0.787720
v 0.344983 0.197840 0.792473
v 0.350993 0.210828 0.801597
v 0.333052 0.215549 0.796251
v 0.354154 0.323693 0.857139
v 0.335673 0.326287 0.849956
v 0.338233 0.310320 0.844094
v 0.357386 0.307275 0.851497
v 0.316983 0.329522 0.843381
v 0.318974 0.313545 0.837214
v 0.340615 0.293426 0.837046
v 0.359854 0.290058 0.844470
v 0.321451 0.296599 0.830081
v 0.297845 0.334131 0.837350
v 0.276226 0.342201 0.831384
v 0.280007 0.320326 0.824071
v 0.299409 0.317319 0.830742
v 0.283395 0.301890 0.816998
v 0.302332 0.299566 0.823474
v 0.304650 0.282542 0.815976
v 0.286045 0.284879 0.809921
v 0.323390 0.279618 0.822394
v 0.361218 0.272654 0.836483
v 0.342250 0.276268 0.829217
v 0.256547 0.340400 0.821695
v 0.261233 0.321250 0.816595
v 0.239140 0.339461 0.812813
v 0.243232 0.321037 0.808457
v 0.264775 0.303138 0.810429
v 0.246729 0.303595 0.803464
v 0.222467 0.338666 0.803461
v 0.206567 0.337790 0.793203
v 0.210061 0.319938 0.790162
v 0.226150 0.320632 0.799802
v 0.213364 0.303016 0.786979
v 0.229512 0.303546 0.795799
v 0.232455 0.287595 0.791612
v 0.216452 0.287232 0.783720
v 0.249611 0.287357 0.798262
v 0.267586 0.286468 0.804190
v 0.435932 0.240629 0.857640
v 0.433308 0.223963 0.847741
v 0.452149 0.220251 0.854215
v 0.454635 0.237155 0.864238
v 0.429606 0.207944 0.837869
v 0.448697 0.203874 0.844387
v 0.471269 0.216790 0.860033
v 0.473503 0.233952 0.870131
v 0.468178 0.200043 0.850308
v 0.425035 0.192596 0.827908
v 0.419803 0.177946 0.817744
v 0.439739 0.172887 0.824487
v 0.444490 0.188070 0.834546
v 0.460263 0.168055 0.830771
v 0.464439 0.183775 0.840655
v 0.503090 0.160249 0.840368
v 0.505985 0.176853 0.850011
v 0.484924 0.179955 0.845916
v 0.481378 0.163743 0.836198
v 0.508646 0.193871 0.859441
v 0.488133 0.196644 0.855402
v 0.510878 0.211222 0.869074
v 0.512487 0.228824 0.879328
v 0.492724 0.231136 0.875200
v 0.490802 0.213731 0.865037
v 0.430025 0.320581 0.896551
v 0.435052 0.296261 0.887198
v 0.454523 0.292407 0.895714
v 0.452613 0.312821 0.906104
v 0.437061 0.276302 0.877618
v 0.455950 0.272818 0.885236
v 0.473870 0.288424 0.903227
v 0.472217 0.308113 0.914218
v 0.474784 0.269541 0.892040
v 0.437268 0.257917 0.867682
v 0.455945 0.254539 0.874662
v 0.474668 0.251459 0.880904
v 0.513278 0.246593 0.890621
v 0.493693 0.248777 0.886270
v 0.513317 0.264724 0.902545
v 0.493779 0.266836 0.897874
v 0.512667 0.283413 0.914695
v 0.511394 0.302853 0.926665
v 0.491572 0.304930 0.921194
v 0.493049 0.285493 0.909639
v 0.376632 0.304036 0.859539
v 0.372666 0.321011 0.864996
v 0.379200 0.286510 0.852457
v 0.395996 0.301062 0.868279
v 0.391218 0.318956 0.873761
v 0.398574 0.282969 0.860811
v 0.379782 0.251821 0.835355
v 0.380280 0.268936 0.844234
v 0.398479 0.248004 0.842940
v 0.399360 0.265191 0.852198
v 0.418381 0.261492 0.860104
v 0.417205 0.244259 0.850454
v 0.417898 0.279626 0.869336
v 0.409822 0.318246 0.883673
v 0.415507 0.298808 0.877776
v 0.377614 0.235671 0.826303
v 0.373981 0.220468 0.817076
v 0.396057 0.231686 0.833536
v 0.392298 0.216231 0.823972
v 0.363132 0.192845 0.798080
v 0.369086 0.206198 0.807670
v 0.381591 0.187889 0.804313
v 0.387408 0.201634 0.814236
v 0.406033 0.197109 0.821060
v 0.400451 0.182934 0.810944
v 0.410823 0.212060 0.830984
v 0.414616 0.227779 0.840765
v 0.425981 0.406120 0.933231
v 0.442160 0.401522 0.942710
v 0.437771 0.427494 0.949871
v 0.421554 0.430772 0.939982
v 0.460308 0.397510 0.952058
v 0.456281 0.423852 0.959475
v 0.432611 0.454879 0.956034
v 0.415885 0.456821 0.945640
v 0.451989 0.451404 0.965953
v 0.480301 0.394141 0.960504
v 0.502018 0.391472 0.967279
v 0.499260 0.417041 0.974915
v 0.476854 0.420238 0.968066
v 0.496505 0.443742 0.981426
v 0.473359 0.447476 0.974622
v 0.491142 0.499047 0.991157
v 0.466469 0.503116 0.984740
v 0.469877 0.475289 0.980178
v 0.493787 0.471201 0.986833
v 0.442902 0.507255 0.975943
v 0.447397 0.479496 0.971401
v 0.420193 0.510832 0.964918
v 0.396395 0.512858 0.950583
v 0.408308 0.483726 0.949614
v 0.426302 0.483123 0.960876
v 0.356466 0.457956 0.887410
v 0.352480 0.460686 0.885171
v 0.353721 0.454810 0.881431
v 0.358681 0.453258 0.885623
v 0.346402 0.463800 0.881693
v 0.347445 0.457075 0.877419
v 0.355486 0.447729 0.878221
v 0.361024 0.446521 0.883042
v 0.348753 0.449304 0.873674
v 0.339134 0.466360 0.877316
v 0.331172 0.467880 0.872027
v 0.331985 0.460176 0.867950
v 0.340063 0.459031 0.872966
v 0.332694 0.451413 0.864272
v 0.341061 0.450678 0.869088
v 0.334259 0.432402 0.858451
v 0.342998 0.432504 0.862920
v 0.342061 0.441702 0.865725
v 0.333413 0.442015 0.861078
v 0.350973 0.432230 0.867502
v 0.349994 0.440883 0.870358
v 0.357983 0.431707 0.872277
v 0.363826 0.431060 0.877320
v 0.362804 0.438935 0.880191
v 0.356984 0.439860 0.875130
v 0.360480 0.406195 0.870025
v 0.361882 0.410374 0.870881
v 0.357391 0.409802 0.866797
v 0.357144 0.404269 0.867003
v 0.363181 0.416444 0.872467
v 0.357987 0.416369 0.867873
v 0.351778 0.408413 0.862737
v 0.351952 0.402012 0.863187
v 0.351716 0.415740 0.863477
v 0.363890 0.423451 0.874679
v 0.358251 0.423773 0.869779
v 0.351498 0.423764 0.865137
v 0.335345 0.422999 0.856472
v 0.343804 0.423485 0.860715
v 0.336499 0.414060 0.855251
v 0.344494 0.414896 0.859273
v 0.337549 0.405839 0.854898
v 0.338322 0.398590 0.855523
v 0.345578 0.400011 0.859328
v 0.345081 0.406988 0.858756
v 0.451171 0.333576 0.916421
v 0.433083 0.341899 0.908628
v 0.470113 0.328611 0.924767
v 0.449315 0.355024 0.926173
v 0.432423 0.362154 0.917890
v 0.467446 0.350169 0.934686
v 0.509561 0.323239 0.938048
v 0.489416 0.325327 0.932166
v 0.507299 0.344711 0.948705
v 0.486724 0.346871 0.942446
v 0.483638 0.369747 0.951928
v 0.504741 0.367409 0.958495
v 0.464103 0.373042 0.943789
v 0.429830 0.383404 0.925979
v 0.446160 0.377519 0.934874
v 0.247344 0.421591 0.834807
v 0.245311 0.440667 0.835032
v 0.233546 0.439747 0.828771
v 0.235794 0.420025 0.828684
v 0.245176 0.459818 0.835325
v 0.232696 0.459568 0.828452
v 0.220103 0.438395 0.820949
v 0.222453 0.418365 0.820992
v 0.218673 0.458478 0.820086
v 0.247342 0.479226 0.836240
v 0.253393 0.500877 0.839097
v 0.234533 0.500062 0.826590
v 0.233442 0.479710 0.828026
v 0.218127 0.499097 0.815861
v 0.218142 0.478708 0.818469
v 0.187132 0.497773 0.794320
v 0.187674 0.476729 0.797428
v 0.202841 0.477612 0.808358
v 0.202376 0.498267 0.805273
v 0.188807 0.455963 0.799631
v 0.203888 0.457161 0.810482
v 0.190543 0.435461 0.800869
v 0.192893 0.415209 0.801078
v 0.207946 0.416722 0.811774
v 0.205572 0.436878 0.811628
v 0.264017 0.363638 0.832143
v 0.250307 0.360182 0.824738
v 0.256294 0.383097 0.833124
v 0.244031 0.380232 0.826534
v 0.234469 0.358640 0.816105
v 0.229809 0.378332 0.818496
v 0.250870 0.402408 0.834091
v 0.239241 0.400183 0.827894
v 0.225746 0.398292 0.820150
v 0.195870 0.395195 0.800194
v 0.211063 0.396655 0.810902
v 0.199273 0.375540 0.798440
v 0.214683 0.376845 0.809139
v 0.202905 0.356364 0.796036
v 0.218565 0.357460 0.806616
v 0.310170 0.400559 0.845427
v 0.315406 0.399324 0.846511
v 0.313668 0.405298 0.845743
v 0.307138 0.404870 0.844456
v 0.322644 0.398354 0.848731
v 0.321281 0.405153 0.848038
v 0.310916 0.412405 0.845443
v 0.303503 0.411526 0.843880
v 0.319215 0.412946 0.848034
v 0.330480 0.398074 0.851862
v 0.329428 0.405280 0.851208
v 0.327908 0.413454 0.851404
v 0.324957 0.431799 0.854017
v 0.326292 0.422369 0.852368
v 0.315561 0.430873 0.849983
v 0.317124 0.421596 0.848713
v 0.306538 0.429806 0.846712
v 0.298355 0.428778 0.844568
v 0.300343 0.419630 0.843980
v 0.308315 0.420682 0.845814
v 0.595400 0.227257 0.883185
v 0.574781 0.226198 0.884533
v 0.573789 0.208415 0.873869
v 0.594515 0.209490 0.872548
v 0.553860 0.226206 0.884202
v 0.552713 0.208433 0.873634
v 0.572632 0.190898 0.863616
v 0.593617 0.192047 0.862171
v 0.551243 0.190891 0.863605
v 0.532980 0.227131 0.882398
v 0.531628 0.209412 0.871988
v 0.529798 0.191918 0.862194
v 0.525401 0.157867 0.842881
v 0.527664 0.174714 0.852623
v 0.547943 0.156655 0.843851
v 0.549603 0.173619 0.853786
v 0.570345 0.156670 0.843392
v 0.592237 0.157969 0.841618
v 0.592819 0.174887 0.851909
v 0.571441 0.173650 0.853536
v 0.671627 0.240121 0.863967
v 0.653461 0.236314 0.869837
v 0.652575 0.218809 0.860123
v 0.670575 0.222903 0.854608
v 0.634716 0.232667 0.875333
v 0.633903 0.215000 0.865241
v 0.652053 0.201835 0.850279
v 0.670017 0.206253 0.845068
v 0.633330 0.197803 0.855121
v 0.615370 0.229530 0.879950
v 0.614551 0.211789 0.869527
v 0.613850 0.194444 0.859212
v 0.613250 0.160611 0.838644
v 0.613379 0.177412 0.848939
v 0.633373 0.164336 0.834780
v 0.633114 0.180955 0.844969
v 0.652593 0.168886 0.830339
v 0.670899 0.174002 0.825633
v 0.670082 0.190007 0.835394
v 0.652017 0.185244 0.840340
v 0.680878 0.313833 0.902926
v 0.660791 0.311065 0.910326
v 0.658110 0.292083 0.899304
v 0.677528 0.295174 0.892198
v 0.640355 0.307921 0.917582
v 0.638358 0.288683 0.906313
v 0.656088 0.273159 0.889100
v 0.674963 0.276504 0.882382
v 0.636829 0.269640 0.895656
v 0.619495 0.304894 0.923991
v 0.598138 0.302480 0.928847
v 0.597475 0.282951 0.917147
v 0.618178 0.285472 0.912502
v 0.596830 0.263938 0.905576
v 0.617104 0.266412 0.901374
v 0.616195 0.247751 0.890545
v 0.596155 0.245390 0.894225
v 0.635653 0.250924 0.885400
v 0.673043 0.258071 0.873098
v 0.654585 0.254500 0.879387
v 0.576211 0.301174 0.931447
v 0.576156 0.281619 0.919526
v 0.554152 0.300870 0.931887
v 0.554638 0.281342 0.919802
v 0.575926 0.262683 0.907585
v 0.554780 0.262497 0.907610
v 0.532400 0.301465 0.930261
v 0.533336 0.281984 0.918137
v 0.533780 0.263228 0.905860
v 0.533680 0.245006 0.893818
v 0.554535 0.244173 0.895635
v 0.575481 0.244249 0.895846
v 0.738117 0.252465 0.840673
v 0.735474 0.237553 0.832514
v 0.749706 0.240058 0.826780
v 0.752886 0.254348 0.834338
v 0.733833 0.223240 0.824365
v 0.747558 0.226483 0.819239
v 0.763042 0.241755 0.820621
v 0.766773 0.255537 0.827421
v 0.760273 0.228890 0.813873
v 0.733378 0.209411 0.816132
v 0.734296 0.195949 0.807719
v 0.747403 0.201005 0.803690
v 0.746703 0.213504 0.811585
v 0.759073 0.205582 0.799982
v 0.758780 0.216873 0.807081
v 0.775941 0.212334 0.794279
v 0.778635 0.219614 0.797172
v 0.769411 0.219268 0.802531
v 0.769021 0.209534 0.796693
v 0.782424 0.229931 0.801211
v 0.771900 0.230197 0.808007
v 0.786796 0.241918 0.805820
v 0.791585 0.255362 0.810782
v 0.779699 0.255914 0.819658
v 0.775423 0.242441 0.813735
v 0.755869 0.318405 0.874537
v 0.750547 0.301144 0.865851
v 0.766516 0.301888 0.857691
v 0.771986 0.319031 0.865548
v 0.745750 0.284345 0.857323
v 0.761422 0.285341 0.849839
v 0.781287 0.302426 0.848407
v 0.786757 0.319583 0.855344
v 0.776038 0.285969 0.841390
v 0.741574 0.268090 0.848937
v 0.756835 0.269468 0.842039
v 0.771152 0.270307 0.834370
v 0.796626 0.270054 0.815878
v 0.784444 0.270528 0.825719
v 0.801805 0.285844 0.821032
v 0.789525 0.286159 0.831835
v 0.807008 0.302582 0.826170
v 0.812123 0.320116 0.831218
v 0.800148 0.319974 0.843907
v 0.794804 0.302683 0.837925
v 0.696705 0.297456 0.885718
v 0.700687 0.315730 0.896086
v 0.693536 0.279211 0.876180
v 0.715417 0.299098 0.879446
v 0.719961 0.316976 0.889368
v 0.711638 0.281364 0.870159
v 0.689237 0.243736 0.858227
v 0.691080 0.261227 0.867130
v 0.706231 0.247063 0.852506
v 0.708587 0.263957 0.861261
v 0.725455 0.266249 0.855270
v 0.722544 0.250004 0.846692
v 0.729099 0.283047 0.863985
v 0.738441 0.317794 0.882331
v 0.733439 0.300271 0.872963
v 0.687908 0.226970 0.849130
v 0.687221 0.210769 0.839868
v 0.704532 0.230864 0.843648
v 0.703621 0.215217 0.834682
v 0.688279 0.179427 0.820974
v 0.687302 0.194975 0.830472
v 0.704677 0.185000 0.816406
v 0.703626 0.199977 0.825603
v 0.719002 0.204846 0.820814
v 0.720035 0.190561 0.811973
v 0.719172 0.219430 0.829514
v 0.720402 0.234440 0.838123
v 0.775520 0.396606 0.911864
v 0.793152 0.395466 0.895322
v 0.797915 0.417082 0.899357
v 0.784306 0.419490 0.912619
v 0.807231 0.395699 0.880410
v 0.811217 0.417125 0.884857
v 0.801849 0.439391 0.901963
v 0.788909 0.440688 0.914039
v 0.814430 0.439464 0.888396
v 0.819437 0.396448 0.865351
v 0.829898 0.397355 0.849819
v 0.833343 0.418754 0.854099
v 0.823057 0.417828 0.869807
v 0.836322 0.441031 0.858068
v 0.826036 0.440150 0.873707
v 0.840881 0.488139 0.864392
v 0.829980 0.487426 0.879290
v 0.828352 0.463366 0.876914
v 0.838834 0.464166 0.861556
v 0.817903 0.486545 0.893093
v 0.816645 0.462604 0.891196
v 0.805120 0.485504 0.905577
v 0.792100 0.484312 0.916518
v 0.791352 0.462221 0.915508
v 0.804162 0.462137 0.904146
v 0.697181 0.478028 0.950249
v 0.697212 0.471135 0.950526
v 0.702942 0.471171 0.948304
v 0.703000 0.478060 0.948021
v 0.697309 0.464306 0.951021
v 0.702871 0.464380 0.948838
v 0.708577 0.471285 0.946411
v 0.708755 0.478101 0.946158
v 0.708269 0.464652 0.946969
v 0.697563 0.457764 0.951850
v 0.698063 0.451734 0.953128
v 0.703567 0.451937 0.950922
v 0.703005 0.457899 0.949689
v 0.708658 0.452794 0.949033
v 0.708159 0.458430 0.947849
v 0.716542 0.455482 0.946881
v 0.717486 0.459244 0.945837
v 0.712977 0.459133 0.946513
v 0.713229 0.454129 0.947636
v 0.718631 0.464793 0.944839
v 0.713514 0.464905 0.945583
v 0.719601 0.471248 0.944234
v 0.720037 0.478206 0.944076
v 0.714437 0.478150 0.944798
v 0.714127 0.471352 0.945003
v 0.705581 0.333801 0.907626
v 0.685152 0.332234 0.914947
v 0.725305 0.334813 0.900170
v 0.710568 0.351332 0.919415
v 0.689787 0.350044 0.927174
v 0.730526 0.352364 0.911207
v 0.761619 0.336042 0.883401
v 0.744069 0.335488 0.892215
v 0.767231 0.354404 0.892429
v 0.749530 0.353427 0.902332
v 0.755136 0.388839 0.922230
v 0.754033 0.371682 0.912397
v 0.772141 0.373840 0.901607
v 0.736505 0.385247 0.931432
v 0.734704 0.369381 0.921834
v 0.717544 0.383431 0.940048
v 0.697887 0.382556 0.947895
v 0.694220 0.366929 0.938519
v 0.714829 0.367988 0.930530
v 0.777701 0.336691 0.873365
v 0.792304 0.337344 0.862124
v 0.783282 0.355177 0.881134
v 0.797695 0.355863 0.868666
v 0.817035 0.338298 0.836101
v 0.805419 0.337910 0.849697
v 0.821679 0.357190 0.840825
v 0.810482 0.356576 0.855239
v 0.815200 0.376060 0.860476
v 0.825988 0.376855 0.845396
v 0.802698 0.375296 0.874887
v 0.788354 0.374800 0.888850
v 0.606517 0.391539 0.973896
v 0.598410 0.416577 0.982009
v 0.574189 0.413455 0.982277
v 0.576445 0.389024 0.974514
v 0.594755 0.439901 0.987659
v 0.571494 0.438524 0.988454
v 0.548404 0.413357 0.981610
v 0.550174 0.388659 0.973894
v 0.546517 0.439030 0.987968
v 0.593063 0.463631 0.991889
v 0.592390 0.488011 0.994728
v 0.568897 0.490342 0.996498
v 0.569912 0.464088 0.993185
v 0.543457 0.492840 0.996710
v 0.544911 0.465542 0.993000
v 0.519167 0.467933 0.990994
v 0.517172 0.495681 0.995038
v 0.521206 0.440848 0.985750
v 0.525337 0.389560 0.971612
v 0.523269 0.414650 0.979293
v 0.598868 0.322573 0.940584
v 0.576129 0.321464 0.943125
v 0.600070 0.343554 0.952085
v 0.576199 0.342771 0.954379
v 0.553366 0.321246 0.943541
v 0.552413 0.342603 0.954571
v 0.602147 0.365742 0.963077
v 0.576710 0.365377 0.965029
v 0.551430 0.365074 0.964785
v 0.527390 0.365802 0.962694
v 0.529321 0.343269 0.952713
v 0.531027 0.321858 0.941844
v 0.664271 0.329897 0.922495
v 0.668316 0.348209 0.934700
v 0.642934 0.327221 0.929677
v 0.646183 0.346285 0.941639
v 0.677166 0.381788 0.954787
v 0.672692 0.365629 0.945834
v 0.655405 0.382098 0.961059
v 0.650190 0.364812 0.952510
v 0.626658 0.365202 0.958581
v 0.632626 0.384459 0.967047
v 0.623416 0.344729 0.947636
v 0.621135 0.324636 0.935904
v 0.691879 0.458252 0.954152
v 0.692251 0.452359 0.955477
v 0.691578 0.464641 0.953354
v 0.686383 0.459107 0.956582
v 0.686675 0.453587 0.957878
v 0.685974 0.465162 0.955885
v 0.691306 0.478008 0.952704
v 0.691377 0.471301 0.952924
v 0.685605 0.478006 0.955428
v 0.685680 0.471545 0.955559
v 0.675649 0.478083 0.961857
v 0.675682 0.471777 0.961785
v 0.680367 0.471746 0.958492
v 0.680309 0.478028 0.958465
v 0.676278 0.465745 0.961775
v 0.680796 0.465645 0.958666
v 0.677416 0.460405 0.961892
v 0.678705 0.456695 0.962072
v 0.681878 0.455195 0.960236
v 0.681505 0.460070 0.959126
v 0.250284 0.581617 0.821226
v 0.234765 0.580914 0.808275
v 0.234669 0.560989 0.813657
v 0.250614 0.561970 0.826354
v 0.219348 0.580925 0.796650
v 0.218940 0.560690 0.802131
v 0.234574 0.540886 0.818690
v 0.250996 0.542336 0.831029
v 0.218510 0.540240 0.807329
v 0.204107 0.581553 0.785937
v 0.189114 0.582699 0.775723
v 0.188325 0.561788 0.780848
v 0.203476 0.560985 0.791340
v 0.187622 0.540519 0.785805
v 0.202864 0.540130 0.796524
v 0.202441 0.519165 0.801248
v 0.187170 0.519108 0.790371
v 0.218245 0.519659 0.812027
v 0.251713 0.522582 0.835231
v 0.234719 0.520515 0.823240
v 0.312935 0.591591 0.887188
v 0.297126 0.588217 0.869215
v 0.299281 0.568990 0.872989
v 0.315632 0.572232 0.890473
v 0.281435 0.585366 0.852017
v 0.282964 0.566108 0.856293
v 0.301514 0.551086 0.875604
v 0.318372 0.554219 0.892289
v 0.284606 0.547948 0.859693
v 0.265831 0.583133 0.835913
v 0.266727 0.563723 0.840657
v 0.267720 0.544861 0.844765
v 0.272013 0.511203 0.851847
v 0.269076 0.526703 0.848344
v 0.289165 0.517254 0.864843
v 0.286535 0.531356 0.862440
v 0.306181 0.521298 0.878636
v 0.323008 0.523952 0.893040
v 0.320911 0.537983 0.893016
v 0.303817 0.535018 0.877379
v 0.304311 0.673173 0.860643
v 0.289192 0.668418 0.843495
v 0.291112 0.648834 0.850684
v 0.306273 0.653161 0.868266
v 0.274846 0.664285 0.827117
v 0.276531 0.645145 0.833873
v 0.293062 0.628620 0.857645
v 0.308321 0.632558 0.875572
v 0.278202 0.625320 0.840487
v 0.260984 0.660932 0.811810
v 0.247321 0.658515 0.797875
v 0.248179 0.640173 0.803836
v 0.262297 0.642216 0.818150
v 0.249002 0.621033 0.809815
v 0.263571 0.622758 0.824432
v 0.264764 0.602938 0.830429
v 0.249725 0.601409 0.815662
v 0.279842 0.605248 0.846642
v 0.310519 0.611867 0.882050
v 0.295060 0.608254 0.863962
v 0.233567 0.657187 0.785610
v 0.233944 0.639139 0.791248
v 0.219795 0.656906 0.774749
v 0.219680 0.639052 0.780085
v 0.234323 0.620241 0.796971
v 0.219627 0.620304 0.785559
v 0.206076 0.657627 0.765022
v 0.192480 0.659305 0.756160
v 0.191407 0.641469 0.760838
v 0.205472 0.639849 0.770049
v 0.190555 0.622670 0.765682
v 0.205007 0.621141 0.775243
v 0.204584 0.601657 0.780555
v 0.189824 0.603036 0.770656
v 0.219547 0.600863 0.791103
v 0.234623 0.600749 0.802680
v 0.383291 0.605851 0.956908
v 0.386530 0.583835 0.958766
v 0.408419 0.584604 0.972034
v 0.405491 0.607865 0.970445
v 0.390217 0.561721 0.958242
v 0.411934 0.561019 0.971328
v 0.432208 0.584399 0.982906
v 0.429690 0.608998 0.981501
v 0.435355 0.559424 0.982183
v 0.393774 0.538968 0.955664
v 0.415631 0.536613 0.968679
v 0.438904 0.533803 0.979699
v 0.488606 0.526906 0.994419
v 0.463195 0.530392 0.988316
v 0.486259 0.554618 0.996351
v 0.460185 0.557159 0.990576
v 0.484181 0.582025 0.996686
v 0.482450 0.608967 0.995155
v 0.455480 0.609336 0.989822
v 0.457570 0.583460 0.991188
v 0.378228 0.694495 0.928828
v 0.378792 0.673013 0.937652
v 0.401771 0.677321 0.952035
v 0.401485 0.699213 0.943214
v 0.379663 0.650822 0.945704
v 0.402387 0.654569 0.959886
v 0.426572 0.680909 0.964083
v 0.426437 0.703219 0.955352
v 0.427044 0.657562 0.971646
v 0.381083 0.628307 0.952338
v 0.403553 0.631302 0.966209
v 0.428026 0.633489 0.977600
v 0.481146 0.635285 0.991490
v 0.454043 0.634829 0.986148
v 0.480231 0.660747 0.985942
v 0.453153 0.659667 0.980495
v 0.479669 0.685121 0.978760
v 0.479420 0.708175 0.970193
v 0.452582 0.706282 0.964569
v 0.452702 0.683576 0.973192
v 0.322246 0.658000 0.886299
v 0.320491 0.678396 0.878262
v 0.324148 0.637037 0.893933
v 0.339406 0.663094 0.904238
v 0.338014 0.683849 0.895841
v 0.341006 0.641767 0.912136
v 0.328889 0.595389 0.905613
v 0.326322 0.616001 0.900569
v 0.345557 0.599264 0.923822
v 0.342997 0.620335 0.918881
v 0.361074 0.624544 0.936350
v 0.363502 0.602868 0.941143
v 0.359357 0.646458 0.929590
v 0.357165 0.689295 0.912867
v 0.358129 0.668184 0.921538
v 0.331975 0.575695 0.908472
v 0.335103 0.557291 0.909538
v 0.348866 0.579023 0.926306
v 0.352286 0.559814 0.926708
v 0.339596 0.525833 0.907867
v 0.337802 0.540546 0.909205
v 0.356581 0.525773 0.922608
v 0.355179 0.541844 0.925401
v 0.373730 0.541015 0.941063
v 0.374602 0.522609 0.936751
v 0.370496 0.561306 0.943155
v 0.366865 0.581856 0.943297
v 0.377296 0.768009 0.890483
v 0.401768 0.773494 0.902763
v 0.402352 0.788125 0.890820
v 0.377723 0.782526 0.879230
v 0.427611 0.778144 0.912951
v 0.428362 0.792873 0.900359
v 0.402999 0.801438 0.878158
v 0.378254 0.795760 0.867281
v 0.429155 0.806257 0.887043
v 0.454222 0.781872 0.920661
v 0.480992 0.784593 0.925512
v 0.481931 0.799609 0.912205
v 0.455104 0.796717 0.907578
v 0.482946 0.813232 0.898194
v 0.456033 0.810196 0.893775
v 0.484721 0.837387 0.868275
v 0.457502 0.834268 0.864306
v 0.456876 0.822612 0.879327
v 0.483917 0.825734 0.883532
v 0.430279 0.830366 0.858616
v 0.429843 0.818641 0.873096
v 0.403777 0.825636 0.851162
v 0.378718 0.820032 0.841905
v 0.378661 0.808124 0.854789
v 0.403532 0.813814 0.864898
v 0.298513 0.741468 0.829981
v 0.315480 0.748212 0.845673
v 0.315612 0.762152 0.836234
v 0.298501 0.755194 0.821207
v 0.334221 0.755077 0.861367
v 0.334453 0.769232 0.851323
v 0.316002 0.774994 0.826282
v 0.298741 0.767897 0.812004
v 0.334907 0.782218 0.840690
v 0.354804 0.761773 0.876494
v 0.355124 0.776125 0.865860
v 0.355607 0.789246 0.854574
v 0.355829 0.813511 0.830803
v 0.355945 0.801565 0.842825
v 0.334885 0.806411 0.818537
v 0.335183 0.794466 0.829687
v 0.315663 0.799071 0.805789
v 0.297939 0.791830 0.793238
v 0.298723 0.779976 0.802605
v 0.316176 0.787160 0.816054
v 0.318760 0.697730 0.870418
v 0.302369 0.692092 0.853217
v 0.336653 0.703566 0.887596
v 0.317231 0.715886 0.862528
v 0.300632 0.709835 0.845773
v 0.335469 0.722103 0.879263
v 0.377731 0.714888 0.919881
v 0.356244 0.709364 0.904251
v 0.377366 0.734038 0.910628
v 0.355471 0.728237 0.895466
v 0.354955 0.745758 0.886288
v 0.377199 0.751796 0.900889
v 0.334609 0.739320 0.870600
v 0.299284 0.726321 0.838099
v 0.316079 0.732752 0.854359
v 0.401311 0.719900 0.933985
v 0.426468 0.724182 0.945898
v 0.401279 0.739258 0.924238
v 0.426670 0.743714 0.935696
v 0.479447 0.729677 0.960491
v 0.452685 0.727514 0.954955
v 0.479731 0.749600 0.949748
v 0.453001 0.747222 0.944400
v 0.453517 0.765357 0.932952
v 0.480252 0.767914 0.938057
v 0.427049 0.761729 0.924721
v 0.401420 0.757164 0.913867
v 0.244426 0.720784 0.775311
v 0.243955 0.733591 0.769782
v 0.232595 0.730721 0.760066
v 0.232721 0.718274 0.764847
v 0.243296 0.745554 0.764201
v 0.232172 0.742272 0.755312
v 0.221779 0.729184 0.751551
v 0.221345 0.717100 0.755658
v 0.221880 0.740242 0.747588
v 0.242136 0.756933 0.758516
v 0.240161 0.767983 0.752673
v 0.229178 0.763670 0.745365
v 0.231137 0.753174 0.750455
v 0.219688 0.760111 0.739359
v 0.221346 0.750466 0.743625
v 0.206296 0.755539 0.731859
v 0.204981 0.749453 0.732875
v 0.212739 0.748944 0.737967
v 0.211766 0.757328 0.734739
v 0.203202 0.740802 0.734672
v 0.212293 0.739635 0.740822
v 0.201272 0.730620 0.737123
v 0.199288 0.718981 0.740133
v 0.210225 0.717318 0.747500
v 0.211380 0.729108 0.743986
v 0.246493 0.675744 0.792083
v 0.233273 0.674135 0.780159
v 0.245719 0.691863 0.786420
v 0.233044 0.689971 0.774886
v 0.220065 0.673670 0.769617
v 0.220443 0.689312 0.764711
v 0.245022 0.706876 0.780843
v 0.232866 0.704688 0.769785
v 0.220885 0.703799 0.760051
v 0.197348 0.705957 0.743607
v 0.209054 0.704219 0.751405
v 0.195520 0.691621 0.747480
v 0.207930 0.689867 0.755656
v 0.193874 0.676046 0.751686
v 0.206916 0.674318 0.760209
v 0.287281 0.686889 0.836495
v 0.285544 0.704198 0.829508
v 0.273162 0.682306 0.820540
v 0.271605 0.699185 0.814008
v 0.283249 0.735135 0.814864
v 0.284145 0.720297 0.822356
v 0.269364 0.729432 0.800556
v 0.270298 0.714901 0.807391
v 0.257378 0.710354 0.793466
v 0.256532 0.724576 0.787293
v 0.258451 0.695004 0.799554
v 0.259678 0.678529 0.805640
v 0.283019 0.748664 0.806853
v 0.282973 0.761246 0.798511
v 0.268928 0.742757 0.793369
v 0.268564 0.755200 0.785948
v 0.281491 0.785027 0.781566
v 0.282624 0.773245 0.790020
v 0.266354 0.778735 0.770858
v 0.267848 0.767084 0.778406
v 0.254362 0.761608 0.767869
v 0.252565 0.773030 0.761199
v 0.255382 0.749916 0.774462
v 0.255986 0.737668 0.780947
v 0.601161 0.595128 0.988639
v 0.568199 0.602175 0.993688
v 0.568125 0.573714 0.997174
v 0.594502 0.565895 0.993965
v 0.538755 0.605876 0.996590
v 0.539813 0.577767 0.999211
v 0.567466 0.545332 0.998722
v 0.592191 0.539299 0.996041
v 0.540767 0.549294 1.000000
v 0.510190 0.607977 0.997245
v 0.511713 0.580332 0.999204
v 0.513409 0.552193 0.999351
v 0.515240 0.523872 0.997893
v 0.542028 0.520871 0.999105
v 0.591793 0.513286 0.996204
v 0.567902 0.517482 0.998420
v 0.697127 0.484761 0.950074
v 0.691396 0.484538 0.952535
v 0.697130 0.491230 0.950160
v 0.691607 0.490799 0.952613
v 0.685851 0.484292 0.955320
v 0.686296 0.490286 0.955427
v 0.697272 0.497331 0.950665
v 0.697637 0.502959 0.951744
v 0.692238 0.502141 0.954299
v 0.691901 0.496697 0.953135
v 0.687191 0.500964 0.957152
v 0.686818 0.495870 0.955946
v 0.679977 0.498333 0.962186
v 0.678619 0.494914 0.962094
v 0.682338 0.495058 0.958922
v 0.682867 0.499577 0.959999
v 0.677224 0.489952 0.961997
v 0.681436 0.489899 0.958555
v 0.676198 0.484241 0.961922
v 0.680712 0.484151 0.958444
v 0.677435 0.683921 0.913549
v 0.655462 0.688452 0.924514
v 0.658779 0.666693 0.934609
v 0.681173 0.662733 0.923728
v 0.632904 0.693400 0.935724
v 0.635765 0.671043 0.945614
v 0.662835 0.644593 0.944309
v 0.685400 0.641250 0.933663
v 0.639540 0.648106 0.954983
v 0.609559 0.698268 0.946489
v 0.585225 0.702560 0.956113
v 0.587111 0.679257 0.965416
v 0.611940 0.675369 0.956098
v 0.589917 0.654350 0.974111
v 0.615314 0.651336 0.965161
v 0.627650 0.600858 0.978494
v 0.620014 0.626012 0.973148
v 0.594052 0.627383 0.981879
v 0.650562 0.601857 0.968954
v 0.644332 0.624829 0.963095
v 0.672416 0.600838 0.959409
v 0.693405 0.598878 0.949979
v 0.689637 0.619841 0.942649
v 0.667444 0.622519 0.952835
v 0.559697 0.705778 0.963903
v 0.561084 0.682295 0.972926
v 0.533323 0.707841 0.969252
v 0.534244 0.684363 0.978043
v 0.563112 0.657215 0.981100
v 0.535528 0.659472 0.985704
v 0.506449 0.708667 0.971551
v 0.506978 0.685344 0.980182
v 0.507795 0.660666 0.987498
v 0.508875 0.634816 0.993264
v 0.537179 0.633211 0.991987
v 0.566006 0.630258 0.988175
v 0.775564 0.581674 0.914023
v 0.784735 0.554861 0.914963
v 0.800022 0.559816 0.903721
v 0.795788 0.585035 0.900232
v 0.789355 0.530738 0.915943
v 0.803412 0.534497 0.905278
v 0.815587 0.561699 0.891870
v 0.812625 0.586535 0.888463
v 0.817522 0.536457 0.893556
v 0.791623 0.507186 0.916562
v 0.804990 0.509675 0.905926
v 0.818245 0.511284 0.893921
v 0.842461 0.512931 0.866409
v 0.830898 0.512280 0.880699
v 0.843315 0.538148 0.867336
v 0.830957 0.537515 0.880913
v 0.843184 0.563400 0.866905
v 0.841810 0.588293 0.864847
v 0.827908 0.587472 0.876848
v 0.830009 0.562717 0.879705
v 0.759194 0.674602 0.876892
v 0.764237 0.654616 0.886030
v 0.782251 0.654359 0.877141
v 0.776942 0.674314 0.868431
v 0.769051 0.633093 0.895187
v 0.787292 0.632843 0.885668
v 0.799077 0.654765 0.868122
v 0.793538 0.674787 0.859892
v 0.804269 0.633312 0.875933
v 0.773100 0.609696 0.904260
v 0.791675 0.609556 0.893790
v 0.808819 0.610487 0.882932
v 0.838933 0.612438 0.860893
v 0.824504 0.611365 0.872114
v 0.834815 0.635589 0.855480
v 0.820064 0.634210 0.865952
v 0.829719 0.657503 0.849045
v 0.823907 0.677937 0.842025
v 0.809141 0.676002 0.851136
v 0.814854 0.655818 0.858810
v 0.703140 0.659577 0.913613
v 0.699026 0.680302 0.903524
v 0.707434 0.638527 0.923570
v 0.724457 0.657193 0.904081
v 0.720005 0.677564 0.894220
v 0.728826 0.636278 0.913899
v 0.713725 0.597058 0.940781
v 0.711199 0.617554 0.932819
v 0.733682 0.594465 0.931826
v 0.732303 0.615127 0.923267
v 0.753123 0.612031 0.913917
v 0.753583 0.590190 0.923122
v 0.749464 0.634352 0.904517
v 0.740138 0.675675 0.885415
v 0.744897 0.655550 0.894948
v 0.716286 0.501355 0.947146
v 0.712862 0.502329 0.947529
v 0.712729 0.497249 0.946407
v 0.717332 0.497571 0.946169
v 0.708161 0.503067 0.948402
v 0.707813 0.497498 0.947281
v 0.713373 0.491463 0.945540
v 0.718564 0.491897 0.945156
v 0.708055 0.491398 0.946556
v 0.703015 0.503273 0.949793
v 0.702619 0.497561 0.948707
v 0.702626 0.491375 0.948119
v 0.702824 0.484834 0.947925
v 0.708475 0.484869 0.946194
v 0.719578 0.485265 0.944421
v 0.714064 0.484976 0.944990
v 0.743172 0.741903 0.842016
v 0.758562 0.740263 0.834961
v 0.755486 0.753102 0.827426
v 0.740733 0.755222 0.833928
v 0.772900 0.739822 0.828169
v 0.769133 0.752230 0.821268
v 0.753393 0.764738 0.820113
v 0.739190 0.767363 0.825966
v 0.766356 0.763322 0.814722
v 0.786286 0.740576 0.821445
v 0.798821 0.742520 0.814591
v 0.793440 0.754421 0.808956
v 0.781756 0.752653 0.815196
v 0.788715 0.764593 0.804080
v 0.778101 0.763186 0.809519
v 0.781818 0.778743 0.797252
v 0.774911 0.780283 0.799012
v 0.775488 0.772263 0.804331
v 0.784673 0.772994 0.800024
v 0.764908 0.782604 0.801758
v 0.764802 0.773340 0.808330
v 0.753004 0.785573 0.805316
v 0.739447 0.789290 0.809753
v 0.738707 0.778622 0.817964
v 0.752495 0.775464 0.812813
v 0.670608 0.759239 0.875882
v 0.690299 0.753540 0.866358
v 0.689464 0.768228 0.857227
v 0.670153 0.774328 0.866428
v 0.708990 0.748667 0.857609
v 0.707688 0.762921 0.848777
v 0.689162 0.781547 0.847925
v 0.670138 0.787965 0.856708
v 0.707037 0.775891 0.839874
v 0.726632 0.744746 0.849530
v 0.724789 0.758540 0.841027
v 0.723726 0.771122 0.832554
v 0.724482 0.793859 0.815133
v 0.723578 0.782795 0.823969
v 0.708176 0.799229 0.821372
v 0.707159 0.787890 0.830779
v 0.690597 0.805350 0.828389
v 0.671812 0.812171 0.836101
v 0.670659 0.800472 0.846629
v 0.689503 0.793814 0.838348
v 0.695802 0.700302 0.893882
v 0.674665 0.704442 0.903835
v 0.716282 0.697083 0.884719
v 0.693351 0.719336 0.884558
v 0.672708 0.724019 0.894426
v 0.713238 0.715563 0.875503
v 0.754461 0.693393 0.867880
v 0.735902 0.694781 0.876126
v 0.750142 0.710920 0.859035
v 0.732218 0.712743 0.867061
v 0.729118 0.729439 0.858202
v 0.746344 0.727112 0.850399
v 0.710824 0.732819 0.866492
v 0.671408 0.742377 0.885161
v 0.691555 0.737162 0.875426
v 0.771757 0.692917 0.859760
v 0.787948 0.693322 0.851635
v 0.766858 0.710134 0.851226
v 0.782510 0.710351 0.843499
v 0.817642 0.696647 0.834858
v 0.803191 0.694575 0.843378
v 0.811192 0.713642 0.827755
v 0.797241 0.711532 0.835720
v 0.791527 0.726867 0.828348
v 0.804829 0.728930 0.820929
v 0.777427 0.725857 0.835628
v 0.762406 0.725928 0.842927
v 0.582484 0.782635 0.915289
v 0.582836 0.798567 0.903828
v 0.558722 0.801231 0.909610
v 0.558176 0.785435 0.921724
v 0.583530 0.812970 0.891784
v 0.559553 0.815525 0.896867
v 0.533815 0.802122 0.913049
v 0.533082 0.786567 0.925761
v 0.534760 0.816211 0.899673
v 0.584524 0.826109 0.879148
v 0.585780 0.838252 0.865908
v 0.561794 0.840623 0.869521
v 0.560600 0.828571 0.883501
v 0.536921 0.840987 0.871024
v 0.535826 0.829083 0.885657
v 0.510249 0.828014 0.885655
v 0.511212 0.839768 0.870561
v 0.509207 0.815342 0.900138
v 0.507317 0.786222 0.927117
v 0.508193 0.801496 0.913971
v 0.583852 0.724709 0.946518
v 0.558729 0.727943 0.954281
v 0.582959 0.745546 0.936563
v 0.558164 0.748681 0.944050
v 0.532760 0.729866 0.959580
v 0.532541 0.750373 0.949075
v 0.582514 0.764908 0.926177
v 0.557985 0.767882 0.933200
v 0.532653 0.769295 0.937785
v 0.506687 0.769266 0.939536
v 0.506321 0.750665 0.951140
v 0.506235 0.730453 0.961842
v 0.653072 0.709504 0.914801
v 0.651460 0.729571 0.905303
v 0.630853 0.714937 0.926053
v 0.629495 0.735401 0.916447
v 0.649968 0.765638 0.886286
v 0.650476 0.748375 0.895854
v 0.628393 0.772097 0.896821
v 0.628714 0.754539 0.906754
v 0.606075 0.760255 0.917112
v 0.605894 0.777976 0.906738
v 0.606699 0.740923 0.927115
v 0.607836 0.720190 0.936868
v 0.649788 0.781082 0.876432
v 0.650002 0.795022 0.866220
v 0.628416 0.787822 0.886496
v 0.628815 0.802013 0.875726
v 0.651888 0.819641 0.844425
v 0.650679 0.807771 0.855575
v 0.630876 0.826991 0.852644
v 0.629624 0.814969 0.864460
v 0.607552 0.821329 0.872559
v 0.608823 0.833451 0.860044
v 0.606637 0.808230 0.884493
v 0.606083 0.793874 0.895875
v 0.289495 0.208773 0.254230
v 0.280284 0.218761 0.258336
v 0.282561 0.223991 0.243833
v 0.291652 0.214900 0.239423
v 0.272177 0.229131 0.262238
v 0.274657 0.233436 0.247978
v 0.284159 0.229496 0.230719
v 0.293137 0.221303 0.225860
v 0.276476 0.237934 0.235288
v 0.264915 0.239797 0.265700
v 0.258240 0.250673 0.268487
v 0.261418 0.253233 0.254303
v 0.267691 0.243196 0.251565
v 0.264141 0.255496 0.242036
v 0.269886 0.246569 0.239235
v 0.271455 0.250059 0.228890
v 0.266455 0.257448 0.231933
v 0.277530 0.242877 0.224211
v 0.293848 0.228157 0.213499
v 0.284961 0.235513 0.218971
v 0.340607 0.172808 0.237865
v 0.325556 0.181342 0.241997
v 0.327726 0.189743 0.226281
v 0.342850 0.181852 0.221868
v 0.312065 0.190134 0.246085
v 0.314185 0.197840 0.230666
v 0.329214 0.198341 0.211520
v 0.344417 0.191088 0.206794
v 0.315625 0.205767 0.216268
v 0.300066 0.199254 0.250155
v 0.302177 0.206204 0.235040
v 0.303612 0.213407 0.221046
v 0.304293 0.221002 0.208121
v 0.316326 0.214035 0.202842
v 0.345280 0.200622 0.192597
v 0.329978 0.207245 0.197666
v 0.325778 0.137865 0.311855
v 0.310934 0.148927 0.315158
v 0.315386 0.156782 0.295275
v 0.330236 0.146346 0.291791
v 0.297594 0.160495 0.318523
v 0.302067 0.167692 0.298799
v 0.319339 0.164826 0.276470
v 0.334236 0.155020 0.272793
v 0.305984 0.175042 0.280152
v 0.285609 0.172535 0.321991
v 0.274830 0.185012 0.325605
v 0.279461 0.190895 0.306080
v 0.290138 0.179066 0.302392
v 0.283429 0.196798 0.287628
v 0.294053 0.185691 0.283863
v 0.297360 0.192419 0.266440
v 0.286763 0.202748 0.270322
v 0.309324 0.182529 0.262581
v 0.337714 0.163853 0.254829
v 0.322745 0.173025 0.258719
v 0.265107 0.197894 0.329407
v 0.269898 0.203170 0.309891
v 0.256204 0.211037 0.333217
v 0.261205 0.215752 0.313653
v 0.273995 0.208385 0.291470
v 0.265501 0.220320 0.295212
v 0.247884 0.224300 0.336856
v 0.239910 0.237541 0.340145
v 0.245461 0.241275 0.320343
v 0.253140 0.228501 0.317195
v 0.250325 0.244702 0.301682
v 0.257695 0.232470 0.298675
v 0.261601 0.236229 0.281457
v 0.254564 0.247832 0.284338
v 0.269141 0.224769 0.278028
v 0.277443 0.213570 0.274250
v 0.416429 0.140130 0.220773
v 0.418958 0.151375 0.204012
v 0.441528 0.143867 0.199634
v 0.438971 0.132112 0.216428
v 0.420924 0.163010 0.188287
v 0.443553 0.156029 0.183895
v 0.465260 0.136298 0.195189
v 0.462707 0.124074 0.211976
v 0.467307 0.148935 0.179476
v 0.422291 0.175074 0.173542
v 0.444994 0.168624 0.169139
v 0.468785 0.162003 0.164744
v 0.518863 0.147908 0.155378
v 0.493473 0.155126 0.160206
v 0.517432 0.134059 0.169962
v 0.491997 0.141641 0.174882
v 0.515474 0.120688 0.185591
v 0.513060 0.107782 0.202388
v 0.487463 0.115977 0.207326
v 0.489970 0.128596 0.190550
v 0.401573 0.097960 0.298310
v 0.405894 0.108216 0.277432
v 0.428660 0.098984 0.273458
v 0.424566 0.088541 0.294580
v 0.409844 0.118617 0.257523
v 0.432470 0.109704 0.253371
v 0.452736 0.089843 0.269306
v 0.448941 0.079314 0.290700
v 0.456355 0.100826 0.249046
v 0.413373 0.129233 0.238624
v 0.435929 0.120736 0.234351
v 0.459709 0.112243 0.229932
v 0.510260 0.095328 0.220478
v 0.484543 0.103769 0.225323
v 0.507213 0.083430 0.239875
v 0.481327 0.092047 0.244547
v 0.504059 0.072196 0.260592
v 0.500937 0.061730 0.282646
v 0.474473 0.070353 0.286708
v 0.477932 0.080884 0.265007
v 0.346754 0.136392 0.288321
v 0.342276 0.127343 0.308570
v 0.350791 0.145600 0.269099
v 0.364898 0.126799 0.284808
v 0.360416 0.117255 0.305253
v 0.368949 0.136462 0.265349
v 0.357283 0.164462 0.233663
v 0.354323 0.154959 0.250887
v 0.375521 0.156262 0.229404
v 0.372509 0.146273 0.246880
v 0.392213 0.137721 0.242796
v 0.395258 0.148166 0.225103
v 0.388652 0.127502 0.261503
v 0.380186 0.107496 0.301850
v 0.384625 0.117447 0.281197
v 0.359607 0.174101 0.217407
v 0.361274 0.183968 0.202080
v 0.377926 0.166460 0.212926
v 0.379701 0.176940 0.197406
v 0.362262 0.194153 0.187639
v 0.380825 0.187779 0.182803
v 0.400868 0.181439 0.178101
v 0.399612 0.169967 0.192799
v 0.397733 0.158895 0.208452
v 0.383485 0.060902 0.391746
v 0.407974 0.051773 0.389603
v 0.404752 0.045113 0.416240
v 0.379946 0.054219 0.417905
v 0.434296 0.043661 0.387626
v 0.431466 0.037220 0.414759
v 0.402060 0.039755 0.443856
v 0.376979 0.048878 0.445031
v 0.429094 0.032003 0.442844
v 0.461957 0.036233 0.385696
v 0.490465 0.029155 0.383694
v 0.488503 0.023604 0.411831
v 0.459559 0.030173 0.413333
v 0.486842 0.019167 0.440841
v 0.457536 0.025261 0.441879
v 0.484451 0.013725 0.500629
v 0.454617 0.019139 0.500840
v 0.455888 0.021561 0.471120
v 0.485488 0.015867 0.470511
v 0.425671 0.025487 0.500984
v 0.427167 0.028071 0.471660
v 0.398133 0.033067 0.501126
v 0.372521 0.042181 0.501331
v 0.374523 0.044868 0.472912
v 0.399866 0.035729 0.472226
v 0.306149 0.108254 0.402048
v 0.322914 0.095326 0.399442
v 0.318860 0.089619 0.424322
v 0.301862 0.102944 0.426556
v 0.341217 0.082946 0.396780
v 0.337325 0.076823 0.422060
v 0.315231 0.084993 0.449893
v 0.297916 0.098571 0.451654
v 0.333934 0.071909 0.448141
v 0.361320 0.071382 0.394177
v 0.357579 0.064906 0.419883
v 0.354393 0.059733 0.446490
v 0.349353 0.053129 0.501666
v 0.351679 0.055822 0.473814
v 0.328235 0.065437 0.502111
v 0.330939 0.068137 0.474875
v 0.308771 0.078630 0.502649
v 0.290566 0.092236 0.503259
v 0.294191 0.095036 0.477251
v 0.311908 0.081360 0.476040
v 0.337424 0.118461 0.329868
v 0.320927 0.129613 0.333017
v 0.355562 0.107800 0.326681
v 0.332426 0.109998 0.352154
v 0.315895 0.121792 0.355174
v 0.350581 0.098732 0.349083
v 0.396935 0.087782 0.320117
v 0.375385 0.097588 0.323436
v 0.392217 0.078002 0.342916
v 0.370474 0.088049 0.345993
v 0.365702 0.079205 0.369560
v 0.387654 0.068936 0.366771
v 0.345718 0.090349 0.372452
v 0.310898 0.114605 0.378219
v 0.327513 0.102202 0.375365
v 0.420255 0.078342 0.316706
v 0.445060 0.069260 0.313216
v 0.415922 0.068644 0.339885
v 0.441232 0.059852 0.336867
v 0.497986 0.052139 0.306049
v 0.471065 0.060528 0.309659
v 0.495237 0.043477 0.330736
v 0.467790 0.051504 0.333828
v 0.464727 0.043374 0.359184
v 0.492720 0.035797 0.356640
v 0.437598 0.051262 0.361666
v 0.411763 0.059702 0.364168
v 0.251093 0.162554 0.412391
v 0.244714 0.157775 0.435580
v 0.232854 0.171742 0.438616
v 0.239954 0.176662 0.415761
v 0.238374 0.153393 0.459131
v 0.225693 0.167068 0.461736
v 0.221733 0.185757 0.441897
v 0.229578 0.190876 0.419369
v 0.213724 0.180732 0.464578
v 0.232116 0.149355 0.482941
v 0.225984 0.145612 0.506909
v 0.211693 0.158483 0.508451
v 0.218597 0.162646 0.485041
v 0.198079 0.171270 0.510200
v 0.205766 0.175878 0.487361
v 0.172789 0.197188 0.513882
v 0.181887 0.202547 0.492079
v 0.193554 0.189146 0.489755
v 0.185119 0.184123 0.512047
v 0.191424 0.208159 0.470237
v 0.202342 0.194418 0.467472
v 0.201010 0.213810 0.448337
v 0.210257 0.219289 0.426361
v 0.219750 0.205113 0.422981
v 0.211177 0.199790 0.445210
v 0.269506 0.179124 0.346135
v 0.259580 0.192521 0.349913
v 0.263660 0.173342 0.367533
v 0.253455 0.187135 0.371248
v 0.250447 0.206142 0.353767
v 0.244028 0.201118 0.375107
v 0.257465 0.167781 0.389663
v 0.246867 0.181821 0.393251
v 0.237041 0.196013 0.397040
v 0.218776 0.224385 0.404288
v 0.227755 0.210240 0.400797
v 0.226562 0.229114 0.382383
v 0.235144 0.215155 0.378892
v 0.233609 0.233493 0.360914
v 0.241869 0.219847 0.357500
v 0.306029 0.141296 0.336145
v 0.300877 0.134061 0.358110
v 0.292588 0.153470 0.339324
v 0.287248 0.146767 0.361075
v 0.290659 0.121464 0.404485
v 0.295685 0.127393 0.380932
v 0.276370 0.134933 0.406914
v 0.281775 0.140538 0.383647
v 0.269068 0.154010 0.386510
v 0.263206 0.148637 0.409496
v 0.274883 0.159874 0.364178
v 0.280461 0.166093 0.342630
v 0.286005 0.116447 0.428648
v 0.281618 0.112232 0.453332
v 0.271232 0.130103 0.430748
v 0.266291 0.125943 0.455055
v 0.273226 0.105779 0.503925
v 0.277393 0.108712 0.478454
v 0.256710 0.119218 0.504712
v 0.261474 0.122350 0.479740
v 0.246395 0.135911 0.481205
v 0.240976 0.132509 0.505684
v 0.251892 0.139674 0.456945
v 0.257488 0.143887 0.433008
v 0.617890 0.078565 0.182213
v 0.592160 0.084349 0.186647
v 0.593895 0.097352 0.169472
v 0.619213 0.091422 0.164892
v 0.565830 0.091475 0.191713
v 0.567875 0.104550 0.174690
v 0.595294 0.111126 0.153813
v 0.620287 0.105151 0.149172
v 0.569525 0.118282 0.159066
v 0.539323 0.099450 0.197072
v 0.541588 0.112500 0.180184
v 0.543423 0.126099 0.164570
v 0.544765 0.140264 0.150111
v 0.570735 0.132692 0.144735
v 0.621099 0.119762 0.134969
v 0.596327 0.125692 0.139578
v 0.710765 0.074564 0.175596
v 0.689020 0.072537 0.175291
v 0.688433 0.084738 0.157901
v 0.709354 0.086542 0.158447
v 0.666303 0.072580 0.176389
v 0.666454 0.085016 0.158918
v 0.688033 0.097911 0.142099
v 0.708279 0.099465 0.142866
v 0.666635 0.098422 0.143063
v 0.642599 0.074616 0.178745
v 0.643390 0.087277 0.161311
v 0.644060 0.100875 0.145504
v 0.644607 0.115403 0.131237
v 0.666855 0.112765 0.128720
v 0.707588 0.113257 0.128685
v 0.687847 0.111999 0.127757
v 0.718306 0.035931 0.261986
v 0.692538 0.033014 0.262191
v 0.691576 0.041705 0.237838
v 0.716333 0.044375 0.237631
v 0.666030 0.031893 0.263271
v 0.666023 0.040902 0.239042
v 0.690638 0.051121 0.215246
v 0.714353 0.053569 0.215144
v 0.666074 0.050621 0.216472
v 0.638935 0.032628 0.265142
v 0.611405 0.035278 0.267721
v 0.612968 0.044965 0.244037
v 0.639783 0.041982 0.241143
v 0.614648 0.055379 0.221848
v 0.640724 0.052046 0.218710
v 0.641686 0.062898 0.197894
v 0.616329 0.066565 0.201219
v 0.666172 0.061147 0.195581
v 0.712464 0.063602 0.194480
v 0.689770 0.061365 0.194402
v 0.583592 0.039904 0.270925
v 0.585685 0.049866 0.247622
v 0.555745 0.046115 0.274590
v 0.558238 0.056298 0.251706
v 0.587908 0.060599 0.225774
v 0.560855 0.067291 0.230248
v 0.528111 0.053521 0.278552
v 0.530929 0.063871 0.256094
v 0.533839 0.075040 0.235028
v 0.536689 0.086932 0.215354
v 0.563438 0.079036 0.210241
v 0.590115 0.072096 0.205432
v 0.786338 0.100925 0.188031
v 0.781273 0.111669 0.173269
v 0.795578 0.120470 0.177694
v 0.801448 0.110459 0.191808
v 0.776963 0.122995 0.160187
v 0.790570 0.130933 0.165302
v 0.808279 0.130003 0.181623
v 0.814914 0.120886 0.195193
v 0.802596 0.139352 0.169833
v 0.773638 0.134926 0.148473
v 0.786698 0.141947 0.154328
v 0.798148 0.149027 0.159582
v 0.815467 0.164075 0.166329
v 0.807805 0.156097 0.163895
v 0.821663 0.158332 0.175636
v 0.812981 0.148365 0.173441
v 0.828931 0.151738 0.186815
v 0.837138 0.144582 0.199861
v 0.826792 0.132247 0.197955
v 0.819392 0.140387 0.184762
v 0.809739 0.064222 0.267686
v 0.803837 0.072316 0.244545
v 0.821598 0.083002 0.246584
v 0.828328 0.075083 0.269220
v 0.797829 0.081178 0.223601
v 0.814708 0.091613 0.226183
v 0.837605 0.094963 0.248335
v 0.845097 0.087301 0.270445
v 0.829877 0.103215 0.228473
v 0.791926 0.090738 0.204785
v 0.807908 0.100802 0.207948
v 0.822213 0.111906 0.210784
v 0.846152 0.137152 0.214771
v 0.834932 0.124029 0.213118
v 0.855552 0.129672 0.231654
v 0.843453 0.115921 0.230340
v 0.864914 0.122367 0.250622
v 0.873817 0.115464 0.271784
v 0.860206 0.100790 0.271316
v 0.851998 0.108112 0.249710
v 0.740184 0.048894 0.238523
v 0.743182 0.040584 0.262736
v 0.737158 0.057983 0.216278
v 0.762883 0.055139 0.240189
v 0.766894 0.046899 0.264140
v 0.758826 0.064179 0.218299
v 0.731556 0.078740 0.177450
v 0.734238 0.067911 0.195941
v 0.751206 0.084742 0.180425
v 0.754880 0.074039 0.198399
v 0.774180 0.081732 0.201475
v 0.769528 0.092244 0.184094
v 0.779126 0.071972 0.220856
v 0.789171 0.054803 0.265891
v 0.784183 0.062987 0.242305
v 0.729245 0.090530 0.160745
v 0.727392 0.103205 0.145613
v 0.747960 0.096308 0.164306
v 0.745276 0.108676 0.149787
v 0.726083 0.116690 0.131843
v 0.743286 0.121786 0.136608
v 0.759153 0.128035 0.142359
v 0.761832 0.115424 0.154830
v 0.765351 0.103485 0.168644
v 0.825995 0.042436 0.377447
v 0.846330 0.053869 0.377082
v 0.846197 0.052395 0.405519
v 0.826120 0.040741 0.406465
v 0.864403 0.066778 0.376251
v 0.863924 0.065530 0.404104
v 0.844093 0.052534 0.433937
v 0.824526 0.040623 0.435498
v 0.861252 0.065919 0.431927
v 0.880475 0.081194 0.375070
v 0.894808 0.097151 0.373660
v 0.893495 0.096421 0.400518
v 0.879592 0.080190 0.402383
v 0.889636 0.097302 0.427387
v 0.876325 0.080826 0.429675
v 0.876908 0.102962 0.481304
v 0.864870 0.086164 0.484291
v 0.871232 0.082888 0.456971
v 0.883888 0.099560 0.454303
v 0.851163 0.070862 0.487471
v 0.856846 0.067758 0.459717
v 0.835426 0.057003 0.490571
v 0.817298 0.044532 0.493321
v 0.821493 0.041935 0.464474
v 0.840382 0.054124 0.462299
v 0.723861 0.011396 0.375165
v 0.751628 0.016901 0.375876
v 0.751887 0.014560 0.406228
v 0.724025 0.008889 0.405719
v 0.778201 0.023926 0.376634
v 0.778500 0.021785 0.406641
v 0.751311 0.013690 0.436834
v 0.723629 0.007844 0.436639
v 0.777667 0.021142 0.436804
v 0.803138 0.032447 0.377227
v 0.803399 0.030525 0.406780
v 0.802228 0.030139 0.436406
v 0.796417 0.033392 0.495451
v 0.799831 0.031143 0.465999
v 0.773197 0.023701 0.497027
v 0.775850 0.021835 0.466979
v 0.748053 0.015574 0.498114
v 0.721400 0.009128 0.498780
v 0.722734 0.008007 0.467727
v 0.750000 0.014094 0.467520
v 0.746019 0.032991 0.288979
v 0.720173 0.028148 0.288253
v 0.770700 0.039436 0.290217
v 0.748501 0.026355 0.316851
v 0.721807 0.021289 0.316096
v 0.774033 0.032973 0.317964
v 0.815326 0.056966 0.293090
v 0.793907 0.047442 0.291682
v 0.820178 0.050769 0.320215
v 0.798045 0.041119 0.319172
v 0.801238 0.036050 0.347856
v 0.823875 0.045852 0.348515
v 0.776623 0.027730 0.346922
v 0.723080 0.015617 0.345178
v 0.750435 0.020912 0.345950
v 0.834646 0.067968 0.294159
v 0.852050 0.080382 0.294880
v 0.840074 0.061898 0.320830
v 0.857938 0.074474 0.321051
v 0.881839 0.109186 0.295253
v 0.867720 0.094143 0.295247
v 0.888399 0.103838 0.320444
v 0.873977 0.088465 0.320911
v 0.878416 0.084051 0.347716
v 0.892915 0.099725 0.346774
v 0.862231 0.069849 0.348370
v 0.844128 0.057118 0.348662
v 0.607319 0.006394 0.375840
v 0.606739 0.003146 0.405743
v 0.576962 0.006446 0.406886
v 0.577830 0.010176 0.377365
v 0.606292 0.001357 0.436449
v 0.576290 0.004086 0.437248
v 0.547280 0.011269 0.408412
v 0.548476 0.015588 0.379321
v 0.546316 0.008210 0.438358
v 0.605957 0.000597 0.467706
v 0.605712 0.000433 0.499263
v 0.575464 0.002095 0.499520
v 0.575797 0.002751 0.468207
v 0.545053 0.005000 0.499888
v 0.545576 0.006193 0.468926
v 0.515429 0.010655 0.469737
v 0.514656 0.008944 0.500284
v 0.516468 0.013361 0.439611
v 0.519329 0.022094 0.381500
v 0.517769 0.017146 0.410126
v 0.610079 0.026276 0.292838
v 0.581776 0.030720 0.295630
v 0.608969 0.018260 0.319293
v 0.580221 0.022547 0.321658
v 0.553533 0.036801 0.298871
v 0.551591 0.028506 0.324472
v 0.608056 0.011532 0.346992
v 0.578911 0.015621 0.348929
v 0.549909 0.021385 0.351315
v 0.521146 0.028289 0.353951
v 0.523217 0.035647 0.327558
v 0.525539 0.044085 0.302399
v 0.693477 0.024947 0.288321
v 0.694312 0.017799 0.315960
v 0.666109 0.023497 0.289138
v 0.666210 0.016033 0.316446
v 0.695344 0.007437 0.374710
v 0.694962 0.011865 0.344845
v 0.666279 0.005180 0.374608
v 0.666284 0.009821 0.345001
v 0.637248 0.009655 0.345700
v 0.636870 0.004780 0.374952
v 0.637698 0.016138 0.317556
v 0.638250 0.023904 0.290658
v 0.695378 0.004812 0.405291
v 0.695089 0.003662 0.436364
v 0.666147 0.002429 0.405069
v 0.665888 0.001170 0.436147
v 0.693650 0.004478 0.499092
v 0.694504 0.003660 0.467705
v 0.664994 0.001538 0.499185
v 0.665503 0.001006 0.467599
v 0.635923 0.000000 0.467551
v 0.635618 0.000218 0.499197
v 0.636223 0.000394 0.436128
v 0.636534 0.001840 0.405179
v 0.207659 0.136819 0.601743
v 0.191809 0.148204 0.601029
v 0.194711 0.149073 0.578304
v 0.210411 0.137338 0.578513
v 0.176791 0.159708 0.600540
v 0.179775 0.160841 0.578327
v 0.199296 0.151324 0.555213
v 0.214682 0.139227 0.554857
v 0.184623 0.163388 0.555792
v 0.162657 0.171517 0.600226
v 0.149462 0.183816 0.600035
v 0.152376 0.185264 0.578832
v 0.165647 0.172839 0.578522
v 0.157555 0.188204 0.557347
v 0.170698 0.175616 0.556527
v 0.177345 0.179495 0.534337
v 0.164519 0.192293 0.535668
v 0.190878 0.166986 0.533047
v 0.220023 0.142110 0.530935
v 0.205108 0.154584 0.531885
v 0.279555 0.090690 0.606835
v 0.260164 0.102294 0.605332
v 0.262075 0.101235 0.580677
v 0.281047 0.088965 0.581743
v 0.241765 0.113855 0.603947
v 0.244024 0.113400 0.579750
v 0.265161 0.101694 0.555349
v 0.283625 0.088869 0.555872
v 0.247555 0.114382 0.554973
v 0.224287 0.125367 0.602733
v 0.226826 0.125441 0.579012
v 0.230749 0.126903 0.554793
v 0.235613 0.129383 0.530282
v 0.251927 0.116442 0.529875
v 0.286921 0.090070 0.529589
v 0.269013 0.103324 0.529661
v 0.287712 0.114504 0.693439
v 0.267880 0.123036 0.691308
v 0.263737 0.115800 0.672271
v 0.283641 0.106551 0.674313
v 0.249188 0.131859 0.689288
v 0.244975 0.125289 0.670289
v 0.261040 0.109789 0.651409
v 0.280895 0.099752 0.653351
v 0.242297 0.119979 0.649526
v 0.231646 0.141013 0.687367
v 0.215262 0.150537 0.685536
v 0.210787 0.145071 0.666603
v 0.227333 0.135039 0.668392
v 0.207956 0.140852 0.646111
v 0.224618 0.130331 0.647746
v 0.223577 0.127052 0.625752
v 0.206877 0.138046 0.624383
v 0.241208 0.116108 0.627309
v 0.279519 0.094375 0.630781
v 0.259834 0.105216 0.629003
v 0.200045 0.160474 0.683783
v 0.195315 0.155406 0.664949
v 0.186041 0.170921 0.682087
v 0.180964 0.166163 0.663397
v 0.192263 0.151552 0.644668
v 0.177592 0.162573 0.643376
v 0.173292 0.181975 0.680423
v 0.161844 0.193736 0.678769
v 0.155821 0.189425 0.660474
v 0.167783 0.177463 0.661916
v 0.151524 0.186160 0.641095
v 0.163995 0.174061 0.642198
v 0.162196 0.172002 0.621543
v 0.149291 0.184202 0.620869
v 0.176132 0.160354 0.622323
v 0.191044 0.149091 0.623255
v 0.369607 0.047104 0.613371
v 0.369342 0.043016 0.586584
v 0.395778 0.034304 0.587778
v 0.396168 0.038495 0.615072
v 0.369816 0.041001 0.558656
v 0.396021 0.032143 0.559374
v 0.423824 0.026885 0.588910
v 0.424200 0.030977 0.616730
v 0.423967 0.024721 0.560051
v 0.370914 0.040808 0.530075
v 0.396829 0.031801 0.530333
v 0.424593 0.024312 0.530595
v 0.483737 0.012765 0.530984
v 0.453724 0.018060 0.530825
v 0.483328 0.013155 0.561198
v 0.453215 0.018477 0.560666
v 0.483204 0.015064 0.590896
v 0.483345 0.018660 0.619699
v 0.453370 0.024412 0.618291
v 0.453095 0.020543 0.589957
v 0.378445 0.081576 0.704480
v 0.375220 0.071273 0.684059
v 0.401261 0.062646 0.687501
v 0.404030 0.072995 0.708527
v 0.372621 0.061749 0.662084
v 0.398980 0.053134 0.664923
v 0.428395 0.054338 0.691153
v 0.430617 0.064554 0.712822
v 0.426545 0.045083 0.667890
v 0.370725 0.053521 0.638529
v 0.397259 0.044928 0.640783
v 0.425126 0.037169 0.643069
v 0.483732 0.024113 0.647231
v 0.454045 0.030235 0.645261
v 0.484342 0.031233 0.673328
v 0.455077 0.037736 0.670764
v 0.485150 0.039833 0.697827
v 0.486134 0.049724 0.720563
v 0.458041 0.056661 0.716967
v 0.456423 0.046637 0.694700
v 0.304710 0.097521 0.676391
v 0.308675 0.106221 0.695690
v 0.301911 0.089859 0.655306
v 0.326975 0.088663 0.678626
v 0.330778 0.098059 0.698193
v 0.324157 0.080182 0.657358
v 0.300009 0.079054 0.608403
v 0.300327 0.083587 0.632591
v 0.321713 0.067700 0.610024
v 0.322382 0.073049 0.634465
v 0.345807 0.062961 0.636434
v 0.344850 0.056945 0.611684
v 0.347703 0.070788 0.659590
v 0.354031 0.089887 0.701079
v 0.350468 0.079929 0.681141
v 0.301007 0.076610 0.582899
v 0.303008 0.075937 0.556494
v 0.322209 0.064568 0.584112
v 0.323624 0.063348 0.557186
v 0.305700 0.076717 0.529605
v 0.325715 0.063739 0.529700
v 0.347331 0.051612 0.529861
v 0.345789 0.051553 0.557916
v 0.344903 0.053237 0.585351
v 0.396585 0.125938 0.771172
v 0.419341 0.118561 0.777283
v 0.424261 0.131235 0.790673
v 0.402287 0.138076 0.784247
v 0.442940 0.111351 0.783267
v 0.447032 0.124593 0.796870
v 0.429430 0.144496 0.802822
v 0.408207 0.150749 0.796186
v 0.451393 0.138460 0.809145
v 0.467272 0.104764 0.788629
v 0.492227 0.099256 0.792875
v 0.494610 0.113600 0.806608
v 0.470511 0.118574 0.802346
v 0.497290 0.128577 0.818928
v 0.474034 0.133025 0.814673
v 0.477702 0.148091 0.825871
v 0.500154 0.144142 0.830094
v 0.455859 0.152949 0.820357
v 0.414119 0.164017 0.807261
v 0.434654 0.158372 0.814003
v 0.314349 0.153247 0.751734
v 0.333738 0.146614 0.755575
v 0.341328 0.157460 0.767277
v 0.322361 0.163704 0.762992
v 0.353857 0.139897 0.760184
v 0.360912 0.151140 0.772369
v 0.348956 0.168659 0.778111
v 0.330350 0.174485 0.773388
v 0.368068 0.162789 0.783623
v 0.374781 0.133028 0.765428
v 0.381201 0.144695 0.778086
v 0.387786 0.156832 0.789717
v 0.394286 0.169544 0.800583
v 0.375053 0.174989 0.794190
v 0.337996 0.185794 0.783143
v 0.356323 0.180393 0.788302
v 0.313755 0.115611 0.713046
v 0.293065 0.123342 0.710496
v 0.335504 0.107936 0.715981
v 0.319756 0.125559 0.728671
v 0.299454 0.132874 0.725733
v 0.341017 0.118239 0.732141
v 0.382223 0.092142 0.723372
v 0.358323 0.100165 0.719392
v 0.386524 0.103023 0.740764
v 0.363264 0.110773 0.736165
v 0.368776 0.121724 0.751482
v 0.391321 0.114271 0.756688
v 0.347180 0.128911 0.746825
v 0.306631 0.142906 0.739397
v 0.326482 0.135937 0.742777
v 0.407215 0.083713 0.728011
v 0.433152 0.075351 0.732858
v 0.410825 0.094848 0.745960
v 0.436031 0.086742 0.751271
v 0.487269 0.060718 0.741374
v 0.459886 0.067529 0.737463
v 0.488620 0.072709 0.760320
v 0.462007 0.079198 0.756218
v 0.464453 0.091624 0.773263
v 0.490251 0.085590 0.777467
v 0.439283 0.098738 0.768071
v 0.414864 0.106448 0.762381
v 0.245023 0.180822 0.743194
v 0.253686 0.189307 0.753471
v 0.239284 0.196313 0.751875
v 0.230580 0.188578 0.741670
v 0.262082 0.198142 0.762434
v 0.247598 0.204341 0.760657
v 0.226313 0.203824 0.750454
v 0.217542 0.196917 0.740223
v 0.234591 0.210875 0.759141
v 0.269802 0.207551 0.770343
v 0.255070 0.212923 0.768279
v 0.241904 0.218317 0.766489
v 0.222040 0.230143 0.764339
v 0.230734 0.223806 0.764958
v 0.213967 0.225845 0.757372
v 0.223298 0.217925 0.757964
v 0.205197 0.221057 0.748474
v 0.196017 0.215818 0.737756
v 0.205993 0.205957 0.738901
v 0.214907 0.212014 0.749292
v 0.221271 0.157084 0.702585
v 0.206304 0.166575 0.700853
v 0.228466 0.164472 0.717826
v 0.213723 0.173459 0.716178
v 0.192618 0.176642 0.699143
v 0.200314 0.183059 0.714538
v 0.236500 0.172464 0.731337
v 0.221937 0.180876 0.729777
v 0.208748 0.189906 0.728241
v 0.186715 0.210168 0.725331
v 0.196989 0.199641 0.726751
v 0.177667 0.204405 0.711293
v 0.188281 0.193349 0.712908
v 0.169251 0.198828 0.695741
v 0.180254 0.187365 0.697443
v 0.273424 0.131285 0.708240
v 0.280084 0.140322 0.723306
v 0.254879 0.139509 0.706213
v 0.261737 0.148004 0.721264
v 0.295617 0.159864 0.748794
v 0.287577 0.149923 0.736745
v 0.277708 0.166585 0.746537
v 0.269450 0.157108 0.734639
v 0.252381 0.164581 0.732897
v 0.260787 0.173531 0.744743
v 0.244501 0.156020 0.719480
v 0.237479 0.148085 0.704350
v 0.303920 0.169921 0.759692
v 0.312150 0.180307 0.769664
v 0.286198 0.176201 0.757156
v 0.294567 0.186164 0.766733
v 0.319973 0.191232 0.778932
v 0.302461 0.196684 0.775505
v 0.285668 0.202131 0.772697
v 0.277808 0.192096 0.764391
v 0.269389 0.182633 0.755157
v 0.604498 0.005924 0.622564
v 0.574715 0.006863 0.622398
v 0.574987 0.003753 0.592731
v 0.605020 0.002732 0.592859
v 0.544364 0.009534 0.621820
v 0.544464 0.006356 0.592329
v 0.575145 0.002191 0.562130
v 0.605335 0.001052 0.562180
v 0.544566 0.004757 0.561942
v 0.513792 0.013583 0.620898
v 0.513765 0.010231 0.591702
v 0.513869 0.008497 0.561627
v 0.514151 0.008147 0.531035
v 0.544739 0.004413 0.531011
v 0.605535 0.000436 0.530868
v 0.575276 0.001773 0.530944
v 0.712637 0.022230 0.618138
v 0.687620 0.015298 0.620067
v 0.689556 0.010940 0.591068
v 0.715266 0.017347 0.589530
v 0.661135 0.010218 0.621428
v 0.662488 0.006351 0.592092
v 0.691194 0.007857 0.561053
v 0.717628 0.013641 0.559934
v 0.663544 0.003853 0.561737
v 0.633366 0.007068 0.622251
v 0.634248 0.003607 0.592668
v 0.634863 0.001595 0.562081
v 0.635292 0.000608 0.530815
v 0.664360 0.002368 0.530666
v 0.719685 0.010954 0.529600
v 0.692553 0.005791 0.530301
v 0.699334 0.055818 0.717176
v 0.676539 0.048482 0.720219
v 0.679845 0.037748 0.698137
v 0.703176 0.045169 0.695324
v 0.652231 0.042902 0.722714
v 0.654966 0.032159 0.700365
v 0.682782 0.028664 0.673892
v 0.706641 0.036070 0.671335
v 0.657366 0.023128 0.675847
v 0.626579 0.039191 0.724542
v 0.599751 0.037466 0.725581
v 0.601273 0.026931 0.702728
v 0.628716 0.028516 0.701924
v 0.602593 0.018107 0.677764
v 0.630575 0.019571 0.677153
v 0.632133 0.012406 0.650504
v 0.603679 0.011077 0.650954
v 0.659425 0.015812 0.649441
v 0.709778 0.028447 0.645506
v 0.685368 0.021194 0.647772
v 0.571915 0.037840 0.725713
v 0.572817 0.027517 0.702695
v 0.543448 0.040130 0.724927
v 0.543725 0.030026 0.701850
v 0.573603 0.018846 0.677634
v 0.543980 0.021483 0.676817
v 0.514729 0.044153 0.723214
v 0.514377 0.034214 0.700219
v 0.514101 0.025714 0.675364
v 0.513905 0.018791 0.648854
v 0.544198 0.014614 0.650061
v 0.574245 0.011928 0.650784
v 0.794919 0.065225 0.605219
v 0.800706 0.058722 0.578064
v 0.816720 0.071907 0.574099
v 0.810410 0.078546 0.601075
v 0.806581 0.053034 0.550264
v 0.823234 0.066020 0.546602
v 0.830715 0.086135 0.570016
v 0.824023 0.092793 0.596894
v 0.837721 0.080177 0.542739
v 0.812219 0.048267 0.521967
v 0.829590 0.061011 0.518716
v 0.844663 0.075044 0.515185
v 0.869356 0.107275 0.508428
v 0.857798 0.090441 0.511660
v 0.861578 0.112396 0.535564
v 0.850387 0.095602 0.538964
v 0.853922 0.118223 0.562603
v 0.846736 0.124653 0.589434
v 0.836038 0.108113 0.592930
v 0.843009 0.101532 0.566092
v 0.773893 0.098781 0.702176
v 0.779230 0.089164 0.680432
v 0.793932 0.102288 0.676484
v 0.788473 0.111535 0.698442
v 0.784380 0.080398 0.656775
v 0.799251 0.093719 0.652669
v 0.807039 0.116129 0.672712
v 0.801533 0.124968 0.694950
v 0.812448 0.107808 0.648671
v 0.789544 0.072434 0.631580
v 0.804665 0.085811 0.627399
v 0.818021 0.100023 0.623256
v 0.840366 0.131584 0.615947
v 0.829844 0.115229 0.619367
v 0.834541 0.138926 0.641689
v 0.824151 0.122824 0.644954
v 0.828989 0.146590 0.666206
v 0.823438 0.154483 0.689044
v 0.813160 0.139233 0.691787
v 0.818682 0.130844 0.669243
v 0.724778 0.054312 0.692010
v 0.720448 0.064794 0.713705
v 0.728758 0.045233 0.668221
v 0.744654 0.064886 0.688332
v 0.739899 0.075132 0.709952
v 0.749106 0.055867 0.664675
v 0.736002 0.030938 0.615612
v 0.732471 0.037471 0.642651
v 0.757589 0.041173 0.612564
v 0.753377 0.047992 0.639309
v 0.772424 0.059737 0.635585
v 0.777270 0.052685 0.609074
v 0.767656 0.067685 0.660818
v 0.757708 0.086554 0.706061
v 0.762804 0.076599 0.684427
v 0.739436 0.025548 0.587415
v 0.742662 0.021235 0.558285
v 0.761865 0.035324 0.584768
v 0.766017 0.030456 0.556116
v 0.745571 0.017933 0.528443
v 0.769857 0.026578 0.526804
v 0.792191 0.036740 0.524654
v 0.787416 0.041117 0.553439
v 0.782355 0.046455 0.581636
v 0.750585 0.144600 0.767683
v 0.764550 0.154112 0.764656
v 0.758876 0.165475 0.776284
v 0.745213 0.157069 0.779380
v 0.777247 0.164149 0.762123
v 0.771278 0.174321 0.773742
v 0.753872 0.177043 0.786416
v 0.740510 0.169781 0.789709
v 0.765933 0.184559 0.783689
v 0.788675 0.174914 0.760181
v 0.798838 0.186607 0.758924
v 0.792248 0.194346 0.770954
v 0.782407 0.183860 0.771911
v 0.785889 0.201541 0.780915
v 0.776628 0.192565 0.781735
v 0.771796 0.200878 0.789878
v 0.780136 0.207849 0.788926
v 0.761661 0.194895 0.792309
v 0.736772 0.182740 0.799033
v 0.749920 0.188869 0.795425
v 0.681953 0.111258 0.782611
v 0.701039 0.118596 0.778690
v 0.696797 0.133503 0.790619
v 0.678226 0.126653 0.794681
v 0.718835 0.126696 0.774817
v 0.714161 0.140947 0.786647
v 0.693165 0.148643 0.801405
v 0.675073 0.142275 0.805636
v 0.710124 0.155443 0.797285
v 0.735348 0.135413 0.771108
v 0.730304 0.148847 0.782868
v 0.725917 0.162535 0.793359
v 0.722416 0.176448 0.802941
v 0.706902 0.170141 0.807085
v 0.672597 0.158075 0.815834
v 0.690279 0.163967 0.811404
v 0.715682 0.076766 0.732994
v 0.695066 0.068086 0.736589
v 0.734720 0.086693 0.729207
v 0.710708 0.089925 0.750104
v 0.690598 0.081640 0.753806
v 0.729335 0.099312 0.746300
v 0.768171 0.109298 0.721636
v 0.752207 0.097621 0.725372
v 0.762253 0.120550 0.738948
v 0.746508 0.109591 0.742535
v 0.740819 0.122258 0.757722
v 0.756328 0.132372 0.754251
v 0.723967 0.112732 0.761435
v 0.686152 0.096142 0.769066
v 0.705751 0.103969 0.765260
v 0.782640 0.121476 0.718143
v 0.795667 0.134305 0.714956
v 0.776598 0.131976 0.735681
v 0.789575 0.144025 0.732784
v 0.817616 0.162518 0.709749
v 0.807308 0.147935 0.712137
v 0.811553 0.170607 0.728307
v 0.801216 0.156850 0.730309
v 0.794975 0.165877 0.746319
v 0.805284 0.178665 0.744703
v 0.783390 0.154012 0.748489
v 0.770513 0.142900 0.751153
v 0.593450 0.092938 0.795298
v 0.592567 0.108673 0.808340
v 0.568593 0.107602 0.809856
v 0.568679 0.092085 0.796567
v 0.592087 0.124799 0.820178
v 0.568873 0.123582 0.821875
v 0.544025 0.108085 0.810190
v 0.543304 0.092878 0.796689
v 0.545085 0.123826 0.822351
v 0.591985 0.141252 0.831156
v 0.569473 0.139959 0.832946
v 0.546414 0.140036 0.833472
v 0.523183 0.141444 0.832575
v 0.521099 0.125501 0.821428
v 0.517695 0.095281 0.795510
v 0.519240 0.110094 0.809165
v 0.598058 0.049627 0.746058
v 0.570924 0.049715 0.746433
v 0.596345 0.063121 0.764364
v 0.569971 0.062884 0.765031
v 0.543164 0.051680 0.745810
v 0.542976 0.064463 0.764638
v 0.594758 0.077656 0.780709
v 0.569181 0.077093 0.781684
v 0.542988 0.078267 0.781552
v 0.516554 0.081118 0.780188
v 0.515735 0.067767 0.763098
v 0.515154 0.055391 0.744140
v 0.672845 0.060905 0.739846
v 0.668978 0.074670 0.757265
v 0.649170 0.055350 0.742611
v 0.645976 0.069161 0.760299
v 0.661572 0.104830 0.786463
v 0.665149 0.089427 0.772722
v 0.639975 0.099505 0.790016
v 0.642847 0.083994 0.776020
v 0.619348 0.080013 0.778751
v 0.617241 0.095476 0.793037
v 0.621722 0.065263 0.762726
v 0.624191 0.051548 0.744733
v 0.658461 0.120531 0.798735
v 0.655882 0.136476 0.809898
v 0.637558 0.115351 0.802529
v 0.635629 0.131477 0.813921
v 0.653904 0.152612 0.820312
v 0.634223 0.147824 0.824551
v 0.613576 0.143955 0.828262
v 0.614351 0.127507 0.817437
v 0.615575 0.111327 0.805814
v 0.865846 0.204877 0.199070
v 0.860153 0.187997 0.200039
v 0.849137 0.192648 0.186029
v 0.853866 0.208859 0.184570
v 0.853610 0.172376 0.200658
v 0.843564 0.177782 0.187113
v 0.838720 0.196378 0.173124
v 0.842548 0.211973 0.171015
v 0.834129 0.182275 0.174896
v 0.846008 0.157931 0.200680
v 0.836908 0.164174 0.187487
v 0.828578 0.169614 0.175927
v 0.820931 0.173880 0.165946
v 0.825025 0.185496 0.163856
v 0.831601 0.214034 0.158284
v 0.828579 0.198908 0.161167
v 0.881918 0.284966 0.196057
v 0.878961 0.263224 0.196298
v 0.864245 0.265655 0.180861
v 0.866284 0.286951 0.180599
v 0.875278 0.242574 0.197008
v 0.861466 0.245469 0.181760
v 0.850379 0.267441 0.166101
v 0.851554 0.288368 0.165773
v 0.848443 0.247641 0.167252
v 0.870897 0.223097 0.197996
v 0.857991 0.226502 0.183072
v 0.845810 0.229106 0.168974
v 0.834100 0.230796 0.155610
v 0.835986 0.249025 0.153416
v 0.837567 0.289210 0.151545
v 0.837172 0.268553 0.151971
v 0.945585 0.274090 0.268322
v 0.939272 0.250373 0.268744
v 0.925767 0.253455 0.248337
v 0.931402 0.276710 0.247943
v 0.932316 0.227647 0.269233
v 0.919452 0.231233 0.248851
v 0.910617 0.256824 0.229690
v 0.915429 0.279575 0.229355
v 0.905103 0.235132 0.230233
v 0.924677 0.205991 0.269775
v 0.916317 0.185488 0.270358
v 0.904707 0.190178 0.250016
v 0.912439 0.210116 0.249429
v 0.891962 0.195199 0.231529
v 0.898886 0.214567 0.230880
v 0.884784 0.219006 0.213834
v 0.878777 0.200211 0.214635
v 0.890101 0.239020 0.213058
v 0.898617 0.282417 0.212185
v 0.894716 0.260181 0.212459
v 0.907195 0.166216 0.270971
v 0.896239 0.171492 0.250554
v 0.897167 0.148144 0.271492
v 0.886884 0.154000 0.250918
v 0.884330 0.177096 0.232076
v 0.875827 0.160188 0.232377
v 0.886089 0.131237 0.271803
v 0.876493 0.137644 0.250982
v 0.866288 0.144404 0.232284
v 0.855964 0.151254 0.215565
v 0.864550 0.166412 0.215685
v 0.872093 0.182706 0.215313
v 0.830902 0.489518 0.166132
v 0.831087 0.462995 0.164299
v 0.848831 0.490082 0.179220
v 0.848908 0.463444 0.177488
v 0.831546 0.435867 0.162538
v 0.849206 0.436253 0.175760
v 0.867143 0.490560 0.192651
v 0.885873 0.490910 0.206391
v 0.886201 0.463793 0.204934
v 0.867261 0.463724 0.191049
v 0.886611 0.436301 0.203385
v 0.867540 0.436412 0.189387
v 0.886971 0.382066 0.200219
v 0.868172 0.382514 0.185899
v 0.867878 0.409163 0.187670
v 0.886926 0.408903 0.201795
v 0.850316 0.382604 0.172069
v 0.849688 0.409107 0.173974
v 0.833325 0.382383 0.158715
v 0.832288 0.408781 0.160720
v 0.961933 0.377630 0.267853
v 0.945313 0.378855 0.248319
v 0.945622 0.406437 0.248990
v 0.962362 0.405469 0.268256
v 0.926584 0.380097 0.230892
v 0.926801 0.407415 0.231877
v 0.944854 0.434526 0.249844
v 0.961476 0.433823 0.268868
v 0.926209 0.435247 0.232999
v 0.906789 0.381214 0.215037
v 0.906901 0.408279 0.216338
v 0.906481 0.435876 0.217717
v 0.905059 0.491087 0.220406
v 0.905782 0.463610 0.219099
v 0.923916 0.491152 0.235340
v 0.925138 0.463267 0.234179
v 0.941659 0.491165 0.251837
v 0.957502 0.491186 0.270543
v 0.959711 0.462470 0.269645
v 0.943403 0.462857 0.250815
v 0.936377 0.300924 0.247727
v 0.951294 0.298717 0.267979
v 0.919541 0.303316 0.229332
v 0.940488 0.326052 0.247705
v 0.956113 0.324211 0.267757
v 0.922845 0.328009 0.229596
v 0.884120 0.307715 0.196478
v 0.901789 0.305658 0.212386
v 0.885645 0.331478 0.197411
v 0.904218 0.329884 0.212981
v 0.905890 0.355076 0.213892
v 0.886570 0.356260 0.198708
v 0.925229 0.353615 0.230124
v 0.959755 0.350530 0.267701
v 0.943534 0.352044 0.247896
v 0.867536 0.309253 0.181200
v 0.851902 0.310286 0.166520
v 0.868161 0.332592 0.182436
v 0.851656 0.333256 0.168028
v 0.837084 0.310828 0.152407
v 0.836019 0.333500 0.154157
v 0.834667 0.357321 0.156393
v 0.851049 0.357341 0.169982
v 0.868320 0.357001 0.184079
v 0.996734 0.375052 0.369376
v 0.998399 0.403442 0.369750
v 0.999637 0.403653 0.399788
v 0.997427 0.375370 0.399081
v 0.998257 0.432496 0.370176
v 1.000000 0.432632 0.400448
v 0.998305 0.404164 0.430829
v 0.995466 0.376089 0.429698
v 0.999293 0.432961 0.431808
v 0.996728 0.461988 0.370702
v 0.994230 0.491696 0.371377
v 0.996848 0.491803 0.401837
v 0.998932 0.462088 0.401114
v 0.997357 0.491907 0.433492
v 0.998840 0.462277 0.432680
v 0.994035 0.492221 0.497768
v 0.993856 0.462959 0.496679
v 0.996974 0.462564 0.464751
v 0.996253 0.492036 0.465687
v 0.992670 0.434148 0.495307
v 0.996671 0.433471 0.463634
v 0.990120 0.405939 0.493627
v 0.985849 0.378484 0.491616
v 0.991417 0.377147 0.460714
v 0.994951 0.404939 0.462300
v 0.972853 0.269608 0.368020
v 0.980402 0.294906 0.368318
v 0.979353 0.295620 0.396564
v 0.971290 0.270406 0.395752
v 0.987233 0.320861 0.368650
v 0.986752 0.321452 0.397421
v 0.975561 0.296966 0.425455
v 0.966963 0.271921 0.424046
v 0.983544 0.322601 0.426925
v 0.992845 0.347551 0.369006
v 0.992954 0.348003 0.398276
v 0.990362 0.348938 0.428368
v 0.979502 0.351932 0.489250
v 0.985675 0.350275 0.458839
v 0.971595 0.326169 0.486673
v 0.978271 0.324206 0.456796
v 0.962648 0.301082 0.484028
v 0.953177 0.276555 0.481459
v 0.960662 0.274016 0.452686
v 0.969751 0.298825 0.454705
v 0.963292 0.296929 0.290498
v 0.957024 0.271986 0.290867
v 0.968683 0.322687 0.290202
v 0.972234 0.295643 0.314951
v 0.965517 0.270482 0.315230
v 0.978115 0.321563 0.314716
v 0.975403 0.376560 0.290030
v 0.972839 0.349238 0.290029
v 0.985705 0.375723 0.314546
v 0.982744 0.348254 0.314567
v 0.989427 0.347663 0.340998
v 0.992821 0.375195 0.341096
v 0.984327 0.320926 0.340973
v 0.970861 0.269661 0.341064
v 0.977983 0.294941 0.341002
v 0.976017 0.404634 0.290254
v 0.975132 0.433249 0.290685
v 0.986581 0.403983 0.314694
v 0.985818 0.432824 0.315022
v 0.970662 0.491275 0.292100
v 0.973197 0.462199 0.291305
v 0.981157 0.491406 0.316258
v 0.983861 0.462034 0.315540
v 0.991704 0.461967 0.342092
v 0.989006 0.491555 0.342768
v 0.993528 0.432566 0.341610
v 0.994044 0.403569 0.341289
v 0.939454 0.175244 0.368342
v 0.936917 0.175733 0.394700
v 0.927383 0.154099 0.395619
v 0.929775 0.153872 0.369331
v 0.931488 0.177415 0.421319
v 0.922133 0.155648 0.422093
v 0.917137 0.133551 0.396991
v 0.919247 0.133635 0.370644
v 0.912239 0.134910 0.423456
v 0.924104 0.180077 0.448172
v 0.915700 0.183506 0.475233
v 0.906663 0.161803 0.475619
v 0.914925 0.158292 0.448759
v 0.897433 0.140999 0.476843
v 0.905392 0.137472 0.450065
v 0.895160 0.117825 0.451957
v 0.887639 0.121313 0.478780
v 0.901507 0.115395 0.425267
v 0.907662 0.114680 0.372136
v 0.905926 0.114267 0.398672
v 0.926095 0.181464 0.292821
v 0.916571 0.161591 0.293552
v 0.933544 0.178293 0.316944
v 0.923824 0.157842 0.317803
v 0.906118 0.142916 0.294283
v 0.913164 0.138580 0.318759
v 0.938163 0.176158 0.342271
v 0.928406 0.155194 0.343228
v 0.917732 0.135399 0.344390
v 0.905961 0.116875 0.345619
v 0.901408 0.120561 0.319683
v 0.894589 0.125446 0.294891
v 0.950236 0.247879 0.291259
v 0.958379 0.246070 0.315513
v 0.942862 0.224697 0.291699
v 0.950732 0.222503 0.315856
v 0.965089 0.244890 0.367768
v 0.963424 0.245041 0.341139
v 0.957006 0.220856 0.367667
v 0.955566 0.221183 0.341309
v 0.947181 0.198188 0.341659
v 0.948496 0.197606 0.367823
v 0.942483 0.199879 0.316314
v 0.934837 0.202529 0.292211
v 0.963097 0.245713 0.395034
v 0.958300 0.247355 0.422781
v 0.954692 0.221638 0.394534
v 0.949529 0.223357 0.421809
v 0.943701 0.252476 0.479109
v 0.951551 0.249661 0.450858
v 0.934265 0.228902 0.477164
v 0.942419 0.225836 0.449386
v 0.933269 0.202617 0.448436
v 0.924916 0.205892 0.475810
v 0.940605 0.200014 0.421273
v 0.945992 0.198279 0.394381
v 0.884725 0.591494 0.212391
v 0.885471 0.567420 0.210540
v 0.867498 0.565495 0.197634
v 0.867125 0.589028 0.199803
v 0.885750 0.542668 0.209032
v 0.867480 0.541321 0.195809
v 0.849438 0.563809 0.185202
v 0.849311 0.586920 0.187781
v 0.849279 0.540086 0.182981
v 0.885804 0.517183 0.207703
v 0.867289 0.516385 0.194193
v 0.849016 0.515569 0.181019
v 0.813169 0.514098 0.155617
v 0.830979 0.514790 0.168165
v 0.813192 0.538206 0.158174
v 0.831174 0.539025 0.170464
v 0.813278 0.561466 0.161144
v 0.831351 0.585252 0.176112
v 0.831346 0.562441 0.173091
v 0.872289 0.678265 0.226203
v 0.877287 0.658662 0.221518
v 0.861466 0.655129 0.209718
v 0.857330 0.674488 0.214596
v 0.880868 0.637446 0.217744
v 0.864330 0.634197 0.205714
v 0.845279 0.652188 0.198716
v 0.842023 0.671379 0.203821
v 0.847440 0.631473 0.194420
v 0.883269 0.614946 0.214747
v 0.866143 0.612047 0.202453
v 0.848715 0.609595 0.190815
v 0.831046 0.607675 0.179589
v 0.830236 0.629347 0.183613
v 0.826321 0.668987 0.193657
v 0.828726 0.649905 0.188273
v 0.925195 0.697065 0.286317
v 0.932641 0.675623 0.282659
v 0.920852 0.671452 0.264570
v 0.913791 0.692304 0.268607
v 0.938566 0.652552 0.279730
v 0.926329 0.648933 0.261353
v 0.907410 0.667071 0.248588
v 0.900912 0.687420 0.252894
v 0.912327 0.645051 0.245163
v 0.943271 0.628047 0.277393
v 0.947054 0.602307 0.275510
v 0.933726 0.599818 0.256823
v 0.930520 0.624977 0.258817
v 0.918547 0.597067 0.240405
v 0.915945 0.621627 0.242482
v 0.900032 0.618212 0.227941
v 0.902039 0.594233 0.225760
v 0.897020 0.641142 0.230761
v 0.886947 0.682658 0.238864
v 0.892745 0.662725 0.234356
v 0.950215 0.575531 0.273943
v 0.936246 0.573685 0.255232
v 0.952908 0.547937 0.272632
v 0.938277 0.546751 0.253941
v 0.920417 0.571637 0.238793
v 0.921784 0.545439 0.237506
v 0.955286 0.519749 0.271519
v 0.940016 0.519187 0.252845
v 0.922874 0.518577 0.236402
v 0.904568 0.517911 0.221564
v 0.904063 0.544059 0.222733
v 0.903302 0.569508 0.224078
v 0.839858 0.739111 0.250357
v 0.829520 0.734239 0.239362
v 0.821578 0.745528 0.244468
v 0.830677 0.750865 0.255216
v 0.819093 0.730406 0.229205
v 0.812457 0.741306 0.234640
v 0.813446 0.755690 0.248437
v 0.821357 0.761601 0.258936
v 0.805638 0.750947 0.238988
v 0.808347 0.727683 0.219711
v 0.803039 0.738325 0.225543
v 0.797676 0.747546 0.230402
v 0.786127 0.762078 0.235437
v 0.792275 0.755462 0.233948
v 0.790718 0.767084 0.243150
v 0.798498 0.759493 0.241956
v 0.795975 0.773351 0.252078
v 0.801832 0.780736 0.262312
v 0.811780 0.771499 0.261355
v 0.804965 0.764905 0.251048
v 0.881348 0.766270 0.305851
v 0.871208 0.758730 0.289966
v 0.859229 0.772091 0.294424
v 0.868937 0.780294 0.310072
v 0.860828 0.751556 0.275516
v 0.849570 0.764330 0.280117
v 0.847157 0.784592 0.297905
v 0.856371 0.793434 0.313431
v 0.838234 0.776225 0.283656
v 0.850336 0.744950 0.262361
v 0.840030 0.757193 0.267073
v 0.829627 0.768504 0.270671
v 0.808223 0.789096 0.273942
v 0.819050 0.779073 0.273009
v 0.815170 0.798235 0.286917
v 0.826781 0.787455 0.285975
v 0.822695 0.807957 0.301186
v 0.830818 0.818068 0.316697
v 0.843661 0.805940 0.315712
v 0.834982 0.796469 0.300221
v 0.904846 0.711258 0.273602
v 0.915930 0.716677 0.290843
v 0.892547 0.705832 0.258221
v 0.894467 0.728513 0.279118
v 0.905258 0.734634 0.295860
v 0.882774 0.722519 0.264088
v 0.865641 0.695925 0.231936
v 0.879367 0.700641 0.244425
v 0.857747 0.711828 0.238211
v 0.870445 0.716880 0.250531
v 0.860621 0.731581 0.256678
v 0.849018 0.726161 0.244519
v 0.872048 0.737689 0.270013
v 0.893593 0.751107 0.300988
v 0.883104 0.744270 0.284718
v 0.851702 0.691925 0.220479
v 0.837461 0.688680 0.209852
v 0.844948 0.707592 0.226888
v 0.831909 0.704208 0.216380
v 0.822826 0.686231 0.199855
v 0.818495 0.701711 0.206504
v 0.813584 0.715504 0.213244
v 0.825682 0.718078 0.222975
v 0.837432 0.721645 0.233342
v 0.916562 0.794922 0.387471
v 0.905049 0.812020 0.389554
v 0.912123 0.817844 0.415004
v 0.923179 0.800115 0.413544
v 0.892624 0.827768 0.391433
v 0.899885 0.834073 0.416399
v 0.917919 0.822426 0.442412
v 0.928560 0.804175 0.441521
v 0.905847 0.839040 0.443352
v 0.879335 0.842381 0.392889
v 0.865228 0.856073 0.393703
v 0.872170 0.862784 0.418227
v 0.886542 0.848990 0.417537
v 0.877833 0.867986 0.444733
v 0.892450 0.854175 0.444179
v 0.884581 0.874046 0.501954
v 0.899461 0.860288 0.501603
v 0.896831 0.857940 0.472354
v 0.882032 0.871726 0.472787
v 0.912878 0.844874 0.501227
v 0.910261 0.842648 0.471794
v 0.924715 0.827735 0.500931
v 0.934851 0.808802 0.500822
v 0.932515 0.807079 0.470811
v 0.922197 0.825734 0.471236
v 0.953584 0.711623 0.379944
v 0.945571 0.734537 0.381570
v 0.949710 0.737372 0.409888
v 0.957096 0.713754 0.408881
v 0.936767 0.756107 0.383412
v 0.941746 0.759734 0.410995
v 0.952797 0.739490 0.439803
v 0.959595 0.715302 0.439302
v 0.945614 0.762502 0.440291
v 0.927116 0.776260 0.385401
v 0.932977 0.780696 0.412210
v 0.937663 0.784132 0.440839
v 0.943169 0.788006 0.501005
v 0.941089 0.786569 0.470649
v 0.950212 0.765606 0.501330
v 0.948421 0.764448 0.470627
v 0.956525 0.741862 0.501649
v 0.962653 0.717032 0.501812
v 0.961356 0.716362 0.470510
v 0.955010 0.740963 0.470622
v 0.925464 0.721850 0.310222
v 0.934732 0.701454 0.306339
v 0.914881 0.740652 0.314550
v 0.933529 0.726641 0.331777
v 0.942546 0.705395 0.328640
v 0.923338 0.746368 0.335299
v 0.891124 0.773978 0.323315
v 0.903321 0.757986 0.319017
v 0.900365 0.781535 0.342586
v 0.912206 0.764644 0.338979
v 0.920165 0.770823 0.361049
v 0.908901 0.788623 0.363895
v 0.930632 0.751586 0.358217
v 0.948782 0.708811 0.353186
v 0.940204 0.730915 0.355546
v 0.878628 0.788756 0.327137
v 0.865855 0.802576 0.330249
v 0.888047 0.797109 0.345892
v 0.875279 0.811615 0.348656
v 0.839561 0.828371 0.333398
v 0.852826 0.815695 0.332414
v 0.848495 0.838431 0.351595
v 0.862086 0.825305 0.350637
v 0.871053 0.834343 0.370692
v 0.857194 0.847810 0.371594
v 0.884312 0.820147 0.368952
v 0.896939 0.804986 0.366608
v 0.978679 0.608200 0.375403
v 0.982183 0.608821 0.405407
v 0.986864 0.580290 0.404494
v 0.983414 0.579867 0.374327
v 0.984433 0.609207 0.436601
v 0.988875 0.580533 0.435845
v 0.990847 0.551128 0.403568
v 0.987580 0.550857 0.373255
v 0.992455 0.551269 0.435075
v 0.985730 0.609432 0.468414
v 0.986377 0.609571 0.500274
v 0.989918 0.580728 0.499775
v 0.989781 0.580657 0.467799
v 0.992251 0.551375 0.499241
v 0.992794 0.551333 0.467168
v 0.994906 0.521709 0.466479
v 0.993562 0.521783 0.498597
v 0.995256 0.521649 0.434290
v 0.991183 0.521392 0.372250
v 0.994164 0.521558 0.402669
v 0.958009 0.604358 0.296962
v 0.961752 0.577051 0.295470
v 0.966796 0.606002 0.320929
v 0.971022 0.578268 0.319552
v 0.965041 0.548942 0.294171
v 0.974789 0.549763 0.318295
v 0.973618 0.607272 0.347160
v 0.978188 0.579199 0.345926
v 0.982265 0.550402 0.344743
v 0.985865 0.521110 0.343671
v 0.978150 0.520729 0.317186
v 0.967977 0.520269 0.293051
v 0.942346 0.679338 0.303209
v 0.950158 0.682565 0.326119
v 0.948581 0.655670 0.300695
v 0.956587 0.658294 0.324081
v 0.960861 0.687440 0.378600
v 0.956266 0.685276 0.351283
v 0.967442 0.662080 0.377453
v 0.962803 0.660429 0.349722
v 0.968538 0.634388 0.348387
v 0.973368 0.635636 0.376416
v 0.962059 0.632725 0.322395
v 0.953710 0.630620 0.298658
v 0.964132 0.689027 0.407966
v 0.966394 0.690142 0.438712
v 0.970722 0.663253 0.407107
v 0.972957 0.664049 0.438053
v 0.969140 0.691377 0.501669
v 0.967959 0.690891 0.470170
v 0.975549 0.664907 0.501308
v 0.974461 0.664567 0.469664
v 0.980504 0.637408 0.469057
v 0.981441 0.637635 0.500814
v 0.979048 0.637058 0.437344
v 0.976771 0.636497 0.406266
v 0.882535 0.202276 0.583744
v 0.873960 0.181592 0.583703
v 0.881707 0.175911 0.556854
v 0.890504 0.196926 0.556888
v 0.865360 0.161612 0.584711
v 0.872915 0.155638 0.557870
v 0.889865 0.170676 0.529801
v 0.898773 0.191980 0.529747
v 0.880945 0.150159 0.530866
v 0.856397 0.142559 0.586657
v 0.863772 0.136333 0.559824
v 0.871640 0.130657 0.532826
v 0.879697 0.125621 0.505773
v 0.889201 0.145254 0.503817
v 0.907214 0.187491 0.502477
v 0.898247 0.165952 0.502678
v 0.919202 0.289710 0.593298
v 0.909832 0.267179 0.589941
v 0.918669 0.263006 0.563034
v 0.928320 0.285992 0.566314
v 0.900547 0.245086 0.587083
v 0.909084 0.240489 0.560213
v 0.927260 0.259157 0.535435
v 0.937016 0.282553 0.538516
v 0.917569 0.236247 0.532793
v 0.891423 0.223447 0.584944
v 0.899663 0.218457 0.558086
v 0.908040 0.213846 0.530821
v 0.916483 0.209646 0.503333
v 0.925972 0.232378 0.505038
v 0.945298 0.279405 0.510150
v 0.935604 0.255644 0.507380
v 0.881116 0.305669 0.690228
v 0.874308 0.285125 0.687481
v 0.882756 0.280833 0.664764
v 0.890335 0.301840 0.667736
v 0.867705 0.264833 0.685494
v 0.875412 0.260094 0.662531
v 0.891646 0.276284 0.640883
v 0.899937 0.297796 0.644054
v 0.883557 0.255090 0.638382
v 0.861169 0.244894 0.684271
v 0.854564 0.225410 0.683815
v 0.861044 0.219732 0.660491
v 0.868206 0.239701 0.661090
v 0.867842 0.213862 0.635841
v 0.875634 0.234265 0.636663
v 0.883393 0.228781 0.611209
v 0.874993 0.207983 0.610161
v 0.891987 0.250020 0.613186
v 0.909650 0.293699 0.619227
v 0.900748 0.271669 0.615916
v 0.847752 0.206481 0.684130
v 0.853830 0.200265 0.660787
v 0.840470 0.188253 0.685150
v 0.846275 0.181471 0.661894
v 0.860143 0.193934 0.636029
v 0.852231 0.174674 0.637131
v 0.832453 0.170872 0.686810
v 0.838091 0.163522 0.663728
v 0.843799 0.156274 0.639049
v 0.849820 0.149246 0.613212
v 0.858528 0.168006 0.611267
v 0.866812 0.187655 0.610215
v 0.953444 0.385208 0.607513
v 0.963185 0.383480 0.579984
v 0.969261 0.409743 0.582700
v 0.959531 0.411005 0.610254
v 0.971793 0.381730 0.551396
v 0.977472 0.408423 0.553977
v 0.974122 0.436799 0.585003
v 0.964521 0.437635 0.612556
v 0.981767 0.435888 0.556163
v 0.979327 0.380038 0.521891
v 0.984359 0.407128 0.524236
v 0.987826 0.434979 0.526207
v 0.991199 0.492490 0.529080
v 0.990011 0.463472 0.527817
v 0.987057 0.492781 0.559402
v 0.984891 0.464036 0.557966
v 0.980924 0.493034 0.588515
v 0.972111 0.493185 0.616198
v 0.968639 0.465046 0.614508
v 0.977949 0.464584 0.586929
v 0.906312 0.391702 0.704692
v 0.918569 0.390020 0.682515
v 0.922414 0.414232 0.684940
v 0.909374 0.415352 0.707125
v 0.930760 0.388417 0.658867
v 0.935515 0.413181 0.661390
v 0.925203 0.439467 0.686815
v 0.911466 0.440037 0.709055
v 0.939199 0.438913 0.663376
v 0.942511 0.386833 0.633837
v 0.948085 0.412128 0.636489
v 0.952593 0.438321 0.638652
v 0.959931 0.493175 0.642233
v 0.956415 0.465356 0.640507
v 0.945686 0.493012 0.666866
v 0.942395 0.465547 0.665108
v 0.930679 0.492711 0.690345
v 0.916210 0.492281 0.712918
v 0.913455 0.465699 0.710860
v 0.927702 0.465650 0.688498
v 0.898245 0.323036 0.671396
v 0.888266 0.326363 0.693733
v 0.908468 0.319572 0.647781
v 0.905946 0.344647 0.675345
v 0.895212 0.347443 0.697586
v 0.916763 0.341806 0.651720
v 0.928581 0.312663 0.596936
v 0.918668 0.316079 0.622943
v 0.937636 0.336152 0.600653
v 0.927412 0.338960 0.626795
v 0.935489 0.362494 0.630516
v 0.946035 0.360296 0.604245
v 0.924352 0.364689 0.655530
v 0.901409 0.369144 0.701375
v 0.912900 0.366900 0.679184
v 0.937938 0.309431 0.569817
v 0.946738 0.306408 0.541809
v 0.947183 0.333425 0.573375
v 0.956035 0.330823 0.545156
v 0.954976 0.303617 0.513137
v 0.964178 0.328389 0.516191
v 0.972448 0.353827 0.519159
v 0.964517 0.355897 0.548404
v 0.955712 0.358075 0.576820
v 0.862777 0.397959 0.781229
v 0.865397 0.419700 0.784819
v 0.857268 0.420003 0.802861
v 0.854461 0.398467 0.799039
v 0.867949 0.442197 0.788498
v 0.860031 0.442281 0.806786
v 0.849708 0.419904 0.820503
v 0.846689 0.398467 0.816509
v 0.852600 0.442107 0.824530
v 0.870738 0.465576 0.792201
v 0.874068 0.489962 0.795867
v 0.866126 0.489518 0.814386
v 0.862926 0.465415 0.810675
v 0.858350 0.489114 0.831964
v 0.855451 0.465152 0.828409
v 0.847644 0.464748 0.845379
v 0.850136 0.488678 0.848625
v 0.844936 0.441687 0.841650
v 0.838742 0.398063 0.833487
v 0.841980 0.419467 0.837624
v 0.848669 0.316790 0.768726
v 0.852717 0.336317 0.771506
v 0.844552 0.337513 0.788928
v 0.840606 0.318311 0.785918
v 0.856426 0.356320 0.774539
v 0.848147 0.357252 0.792100
v 0.836171 0.338185 0.805588
v 0.832038 0.319337 0.802128
v 0.839962 0.357636 0.809104
v 0.859783 0.376850 0.777791
v 0.851435 0.377560 0.795461
v 0.843454 0.377721 0.812727
v 0.835189 0.377447 0.829425
v 0.831322 0.357580 0.825396
v 0.822648 0.319921 0.817260
v 0.827142 0.338418 0.821355
v 0.878798 0.329445 0.714738
v 0.872552 0.309120 0.711486
v 0.884817 0.350150 0.718360
v 0.869766 0.332193 0.734586
v 0.864430 0.312153 0.731597
v 0.874837 0.352626 0.737934
v 0.894365 0.393525 0.725308
v 0.890157 0.371441 0.722001
v 0.882968 0.395300 0.744707
v 0.879339 0.373610 0.741392
v 0.869149 0.375473 0.759878
v 0.872359 0.396841 0.763233
v 0.865348 0.354730 0.756572
v 0.856539 0.314724 0.750648
v 0.861098 0.334514 0.753450
v 0.896989 0.416609 0.727930
v 0.898852 0.440681 0.730182
v 0.885422 0.417853 0.747630
v 0.887380 0.441312 0.750357
v 0.903583 0.491734 0.734834
v 0.900775 0.465727 0.732378
v 0.892529 0.491127 0.756015
v 0.889522 0.465722 0.753086
v 0.879556 0.465675 0.773016
v 0.882780 0.490517 0.776384
v 0.877072 0.441846 0.769742
v 0.874837 0.418933 0.766501
v 0.828675 0.244326 0.760607
v 0.820826 0.248083 0.775532
v 0.814857 0.232926 0.773512
v 0.822472 0.228326 0.759398
v 0.812076 0.251284 0.788810
v 0.806428 0.236899 0.785856
v 0.808252 0.218902 0.771947
v 0.815554 0.213349 0.758642
v 0.800355 0.223776 0.783361
v 0.802353 0.253764 0.800530
v 0.797103 0.239983 0.796576
v 0.791828 0.227622 0.793055
v 0.786493 0.216837 0.790245
v 0.793654 0.211968 0.781585
v 0.807737 0.199431 0.758448
v 0.800790 0.206035 0.771030
v 0.848364 0.230713 0.705518
v 0.841788 0.212416 0.705698
v 0.842167 0.235636 0.725570
v 0.835727 0.218050 0.725456
v 0.834625 0.194874 0.706490
v 0.828611 0.201292 0.725876
v 0.835696 0.240176 0.743943
v 0.829359 0.223360 0.743368
v 0.822297 0.207465 0.743273
v 0.814331 0.192547 0.743703
v 0.820619 0.185450 0.726828
v 0.826644 0.178203 0.707853
v 0.866531 0.288968 0.708956
v 0.859130 0.292351 0.729219
v 0.860589 0.269105 0.707129
v 0.853740 0.272913 0.727434
v 0.844291 0.297687 0.766231
v 0.851815 0.295261 0.748301
v 0.839534 0.279147 0.764037
v 0.846830 0.276260 0.746405
v 0.841488 0.257853 0.744954
v 0.834345 0.261314 0.762158
v 0.848128 0.253966 0.726224
v 0.854582 0.249648 0.705989
v 0.836266 0.299616 0.783040
v 0.827522 0.301064 0.798671
v 0.831525 0.281579 0.780329
v 0.822663 0.283525 0.795266
v 0.817842 0.302047 0.813067
v 0.812803 0.284957 0.808838
v 0.807614 0.268809 0.804638
v 0.817501 0.266879 0.791963
v 0.826380 0.264351 0.777815
v 0.978008 0.609039 0.620755
v 0.978486 0.580275 0.620039
v 0.984671 0.580664 0.591529
v 0.983238 0.609527 0.592022
v 0.977411 0.551147 0.619010
v 0.984572 0.551406 0.590794
v 0.988128 0.580814 0.561845
v 0.985878 0.609715 0.562250
v 0.988916 0.551483 0.561278
v 0.975160 0.522001 0.617714
v 0.983227 0.522085 0.589796
v 0.988479 0.522034 0.560484
v 0.991672 0.521912 0.530008
v 0.991217 0.551449 0.530685
v 0.986675 0.609697 0.531610
v 0.989622 0.580808 0.531192
v 0.959476 0.715705 0.620603
v 0.966066 0.690552 0.620978
v 0.969424 0.691413 0.592239
v 0.962821 0.716853 0.591943
v 0.971530 0.664306 0.621167
v 0.975263 0.664988 0.592361
v 0.970583 0.691758 0.562746
v 0.964034 0.717385 0.562566
v 0.976686 0.665237 0.562732
v 0.975600 0.637092 0.621112
v 0.979984 0.637664 0.592294
v 0.981924 0.637872 0.562556
v 0.982162 0.637826 0.532021
v 0.976536 0.665170 0.532355
v 0.963761 0.717409 0.532510
v 0.970252 0.691706 0.532542
v 0.924275 0.705227 0.724137
v 0.930042 0.681767 0.725036
v 0.941134 0.684562 0.701247
v 0.935150 0.708460 0.700628
v 0.933549 0.656793 0.725308
v 0.945020 0.659239 0.701357
v 0.951270 0.687025 0.675778
v 0.945042 0.711374 0.675299
v 0.955668 0.661356 0.675877
v 0.934778 0.630596 0.724850
v 0.933714 0.603465 0.723556
v 0.946294 0.605332 0.699680
v 0.946757 0.632744 0.700866
v 0.958536 0.606907 0.674587
v 0.958126 0.634579 0.675508
v 0.968027 0.636046 0.648887
v 0.969441 0.608154 0.648277
v 0.964751 0.663070 0.649076
v 0.953350 0.713834 0.648506
v 0.959797 0.689056 0.648923
v 0.930338 0.575692 0.721323
v 0.943581 0.577255 0.697708
v 0.925638 0.547653 0.718543
v 0.939492 0.548881 0.695277
v 0.956788 0.578552 0.673025
v 0.953591 0.549877 0.671060
v 0.920600 0.519724 0.715611
v 0.934900 0.520577 0.692714
v 0.949654 0.521243 0.668928
v 0.963522 0.521719 0.644010
v 0.966658 0.550635 0.645702
v 0.968807 0.579565 0.647170
v 0.924689 0.803680 0.618767
v 0.930441 0.806753 0.590272
v 0.919935 0.825690 0.590270
v 0.913958 0.822308 0.618705
v 0.933957 0.808634 0.560890
v 0.923666 0.827719 0.560877
v 0.908217 0.842993 0.590458
v 0.902291 0.839397 0.618817
v 0.911916 0.845081 0.561067
v 0.935380 0.809319 0.530961
v 0.925232 0.828399 0.530954
v 0.913450 0.845697 0.531154
v 0.885295 0.874992 0.531803
v 0.900112 0.861224 0.531468
v 0.884091 0.874441 0.561713
v 0.898721 0.860672 0.561375
v 0.880888 0.872272 0.591068
v 0.875604 0.868362 0.619250
v 0.889552 0.854799 0.619026
v 0.895222 0.858555 0.590752
v 0.884824 0.782622 0.717227
v 0.895934 0.788581 0.695596
v 0.884909 0.805394 0.694509
v 0.873896 0.798659 0.715623
v 0.906743 0.794284 0.671757
v 0.895732 0.811812 0.671120
v 0.873658 0.820878 0.693618
v 0.862881 0.813391 0.714253
v 0.884296 0.827961 0.670660
v 0.916558 0.799420 0.646038
v 0.905652 0.817566 0.645754
v 0.894079 0.834260 0.645639
v 0.868157 0.862588 0.645640
v 0.881645 0.849327 0.645624
v 0.859216 0.855380 0.670050
v 0.872202 0.842545 0.670321
v 0.849447 0.847167 0.692292
v 0.839518 0.838377 0.712179
v 0.851511 0.826677 0.713107
v 0.861923 0.834860 0.692891
v 0.927118 0.730681 0.699591
v 0.916263 0.726883 0.722716
v 0.937093 0.734190 0.674527
v 0.917558 0.751355 0.698299
v 0.906613 0.746894 0.720964
v 0.927805 0.755557 0.673591
v 0.952029 0.739635 0.620098
v 0.945594 0.737233 0.647903
v 0.943739 0.762302 0.619560
v 0.936738 0.759280 0.647219
v 0.926990 0.780000 0.646562
v 0.934621 0.783664 0.619084
v 0.917561 0.775560 0.672624
v 0.895932 0.765420 0.719071
v 0.906990 0.770611 0.696913
v 0.955805 0.741221 0.591492
v 0.957457 0.742069 0.562162
v 0.948192 0.764404 0.590991
v 0.950492 0.765626 0.561662
v 0.957518 0.742256 0.532188
v 0.951034 0.766013 0.531725
v 0.943817 0.788445 0.531267
v 0.942779 0.787876 0.561195
v 0.939799 0.786286 0.590548
v 0.842997 0.759763 0.779972
v 0.833867 0.772824 0.776193
v 0.824260 0.767045 0.786265
v 0.832538 0.754511 0.790498
v 0.824690 0.784426 0.772963
v 0.815949 0.778050 0.782701
v 0.814469 0.761878 0.794846
v 0.821792 0.749727 0.799513
v 0.807222 0.772417 0.790948
v 0.815192 0.794645 0.770408
v 0.805099 0.803563 0.768650
v 0.797927 0.795853 0.778185
v 0.807280 0.787621 0.779958
v 0.791467 0.788915 0.786196
v 0.799731 0.781415 0.787977
v 0.792475 0.776292 0.794619
v 0.785838 0.782945 0.792755
v 0.798283 0.767801 0.797982
v 0.810605 0.745650 0.807413
v 0.804270 0.757583 0.802291
v 0.877113 0.690920 0.797045
v 0.869878 0.710862 0.792942
v 0.857498 0.706807 0.805379
v 0.864505 0.687235 0.810290
v 0.861469 0.728902 0.788575
v 0.849563 0.724483 0.800288
v 0.844717 0.702956 0.816250
v 0.851497 0.683727 0.821962
v 0.837270 0.720326 0.810449
v 0.852353 0.745163 0.784176
v 0.841108 0.740354 0.795250
v 0.829511 0.735897 0.804792
v 0.817454 0.732014 0.813214
v 0.824508 0.716643 0.819468
v 0.837995 0.680570 0.832420
v 0.831458 0.699505 0.825945
v 0.905120 0.722970 0.743524
v 0.913014 0.701810 0.745473
v 0.895588 0.742395 0.741210
v 0.893681 0.718975 0.762104
v 0.901387 0.698255 0.764697
v 0.884426 0.737882 0.759151
v 0.874107 0.776717 0.736323
v 0.885042 0.760254 0.738740
v 0.863650 0.770910 0.753041
v 0.874218 0.755138 0.756056
v 0.863356 0.750099 0.771157
v 0.853324 0.765244 0.767538
v 0.873072 0.733376 0.774901
v 0.889414 0.694609 0.781867
v 0.881936 0.714929 0.778547
v 0.863407 0.791954 0.734169
v 0.852680 0.805878 0.732301
v 0.853319 0.785359 0.750325
v 0.842971 0.798463 0.747966
v 0.830097 0.829441 0.729520
v 0.841664 0.818402 0.730743
v 0.821206 0.820538 0.744555
v 0.832351 0.810198 0.746023
v 0.823538 0.802225 0.759171
v 0.812867 0.811852 0.757519
v 0.833669 0.791271 0.761453
v 0.843513 0.778956 0.764273
v 0.888384 0.594604 0.805837
v 0.877486 0.592631 0.822592
v 0.876112 0.566673 0.822226
v 0.886153 0.568222 0.804783
v 0.866294 0.590902 0.837895
v 0.865857 0.565363 0.838302
v 0.873345 0.540560 0.820506
v 0.882524 0.541706 0.802524
v 0.864053 0.539619 0.837234
v 0.854504 0.589447 0.851921
v 0.855007 0.564277 0.853150
v 0.854195 0.538832 0.852810
v 0.852446 0.513503 0.851202
v 0.861384 0.514070 0.835013
v 0.878247 0.515479 0.799430
v 0.869808 0.514704 0.817777
v 0.921795 0.601341 0.746212
v 0.918212 0.573883 0.743972
v 0.910376 0.599077 0.767545
v 0.906965 0.571951 0.765521
v 0.913310 0.546202 0.741050
v 0.902212 0.544647 0.762648
v 0.899293 0.596792 0.787454
v 0.896358 0.570023 0.785836
v 0.892048 0.543108 0.783189
v 0.887233 0.516467 0.779907
v 0.897079 0.517570 0.759340
v 0.908097 0.518689 0.737864
v 0.918644 0.678743 0.746849
v 0.906949 0.675556 0.766708
v 0.921995 0.654094 0.747518
v 0.910328 0.651228 0.767967
v 0.882708 0.668957 0.800655
v 0.894968 0.672272 0.784636
v 0.886535 0.645339 0.803504
v 0.898519 0.648281 0.786636
v 0.899987 0.623000 0.787648
v 0.888470 0.620432 0.805321
v 0.911484 0.625619 0.768303
v 0.923051 0.628186 0.747350
v 0.870179 0.665677 0.814788
v 0.857256 0.662578 0.827352
v 0.874348 0.642487 0.818552
v 0.861783 0.639838 0.832050
v 0.843811 0.659805 0.838665
v 0.848663 0.637502 0.844269
v 0.852309 0.613952 0.848824
v 0.864866 0.615837 0.835688
v 0.876841 0.618021 0.821260
v 0.754902 0.813829 0.251449
v 0.768153 0.805943 0.256061
v 0.764227 0.795795 0.245074
v 0.751407 0.802856 0.239974
v 0.780243 0.797862 0.259511
v 0.775799 0.788633 0.248912
v 0.761045 0.786391 0.234978
v 0.748573 0.792665 0.229279
v 0.772139 0.780174 0.239347
v 0.791394 0.789492 0.261646
v 0.786318 0.781206 0.251306
v 0.781981 0.773858 0.242176
v 0.778524 0.767402 0.234123
v 0.769401 0.772249 0.230632
v 0.746414 0.782968 0.219212
v 0.758692 0.777436 0.225591
v 0.686898 0.845497 0.224393
v 0.706377 0.837338 0.232157
v 0.703907 0.824812 0.218853
v 0.684728 0.832732 0.210442
v 0.724128 0.829415 0.239352
v 0.721346 0.817261 0.226693
v 0.701820 0.813079 0.206235
v 0.682869 0.820684 0.197216
v 0.719037 0.805928 0.214714
v 0.740266 0.821615 0.245831
v 0.737147 0.809977 0.233790
v 0.734596 0.799150 0.222460
v 0.732584 0.788850 0.211707
v 0.717152 0.795130 0.203290
v 0.681276 0.809091 0.184578
v 0.700066 0.801861 0.194176
v 0.699073 0.901543 0.290435
v 0.720496 0.893216 0.295216
v 0.716357 0.879372 0.277631
v 0.695521 0.887753 0.272067
v 0.740233 0.884182 0.299820
v 0.735508 0.870548 0.282873
v 0.712616 0.865114 0.261374
v 0.692302 0.873493 0.255044
v 0.731233 0.856548 0.267265
v 0.758379 0.874481 0.304152
v 0.775028 0.864149 0.308114
v 0.769145 0.851458 0.292046
v 0.753072 0.861252 0.287707
v 0.763807 0.838557 0.277341
v 0.748262 0.847720 0.272619
v 0.743982 0.834352 0.258717
v 0.759047 0.825871 0.263857
v 0.727432 0.842674 0.252816
v 0.689425 0.859246 0.239207
v 0.709285 0.850938 0.246273
v 0.790278 0.853226 0.311613
v 0.783827 0.841138 0.295802
v 0.804446 0.841827 0.314384
v 0.797434 0.830386 0.298737
v 0.777975 0.828983 0.281334
v 0.791062 0.819042 0.284395
v 0.817852 0.830069 0.316167
v 0.810285 0.819294 0.300612
v 0.803362 0.808778 0.286323
v 0.797070 0.798764 0.273327
v 0.785331 0.808100 0.271329
v 0.772743 0.817128 0.268117
v 0.591783 0.880227 0.193053
v 0.590749 0.867312 0.177127
v 0.563499 0.875775 0.171052
v 0.564321 0.888744 0.187121
v 0.589910 0.854388 0.162331
v 0.562855 0.862603 0.156238
v 0.535413 0.883646 0.166307
v 0.536052 0.896705 0.182350
v 0.534930 0.870196 0.151647
v 0.589255 0.841311 0.148461
v 0.562375 0.849091 0.142479
v 0.534582 0.856222 0.138176
v 0.478528 0.867266 0.134460
v 0.506444 0.862387 0.135515
v 0.478711 0.882191 0.146911
v 0.506695 0.876836 0.148543
v 0.478954 0.896256 0.160780
v 0.479280 0.909550 0.176314
v 0.507524 0.903758 0.178746
v 0.507047 0.890586 0.162885
v 0.597228 0.928891 0.271896
v 0.595824 0.918039 0.249557
v 0.567552 0.925260 0.244920
v 0.568560 0.934978 0.268108
v 0.594397 0.906023 0.229090
v 0.566445 0.913984 0.223838
v 0.538574 0.932064 0.240961
v 0.539238 0.940673 0.264838
v 0.537746 0.921486 0.219423
v 0.593025 0.893275 0.210315
v 0.565335 0.901646 0.204644
v 0.536868 0.909509 0.199971
v 0.479715 0.922161 0.193760
v 0.508152 0.916476 0.196331
v 0.480140 0.933493 0.213362
v 0.508809 0.928124 0.215910
v 0.480437 0.942948 0.235365
v 0.480486 0.949931 0.260014
v 0.509725 0.945737 0.262127
v 0.509374 0.938083 0.237752
v 0.672901 0.895719 0.266266
v 0.675869 0.909126 0.285573
v 0.670186 0.881758 0.248372
v 0.648647 0.903360 0.260441
v 0.651049 0.916114 0.280769
v 0.646405 0.889925 0.241636
v 0.665575 0.854003 0.216206
v 0.667739 0.867701 0.231736
v 0.642534 0.862719 0.207991
v 0.644357 0.876235 0.224202
v 0.619409 0.884782 0.216948
v 0.617895 0.871506 0.200142
v 0.621096 0.898008 0.235115
v 0.624780 0.922653 0.276163
v 0.622905 0.910770 0.254801
v 0.663710 0.841123 0.201630
v 0.662108 0.828824 0.187850
v 0.640967 0.849804 0.192850
v 0.639631 0.837292 0.178604
v 0.660732 0.816871 0.174712
v 0.638501 0.824981 0.165073
v 0.614653 0.833201 0.156158
v 0.615533 0.845882 0.169942
v 0.616609 0.858595 0.184538
v 0.601706 0.959553 0.378969
v 0.571178 0.960099 0.379633
v 0.571756 0.966345 0.409979
v 0.602460 0.965639 0.408773
v 0.540231 0.960077 0.380276
v 0.540618 0.966359 0.411116
v 0.572242 0.972464 0.440719
v 0.602981 0.970895 0.439270
v 0.541025 0.973213 0.442091
v 0.509243 0.960305 0.380531
v 0.478595 0.961605 0.380032
v 0.478388 0.967675 0.411653
v 0.509383 0.966522 0.411802
v 0.478312 0.975189 0.443184
v 0.509618 0.973876 0.443030
v 0.478011 0.989501 0.506019
v 0.509748 0.987154 0.505362
v 0.509792 0.981157 0.474217
v 0.478231 0.982885 0.474636
v 0.541299 0.984475 0.504207
v 0.541301 0.979598 0.473140
v 0.572461 0.981141 0.502796
v 0.603031 0.976826 0.501371
v 0.603195 0.974798 0.470217
v 0.572516 0.977660 0.471707
v 0.713306 0.942992 0.380597
v 0.687487 0.949385 0.379382
v 0.689021 0.954470 0.407449
v 0.715259 0.947849 0.408113
v 0.660113 0.954244 0.378761
v 0.661323 0.959666 0.407406
v 0.689830 0.957376 0.437004
v 0.716358 0.950359 0.437295
v 0.661965 0.963223 0.437307
v 0.631435 0.957617 0.378651
v 0.632392 0.963401 0.407881
v 0.632952 0.967772 0.438097
v 0.632810 0.971207 0.500177
v 0.633097 0.970463 0.468972
v 0.661700 0.964574 0.499285
v 0.662078 0.964873 0.468066
v 0.689609 0.957216 0.498771
v 0.716442 0.949423 0.498706
v 0.716715 0.950794 0.467655
v 0.689998 0.958245 0.467595
v 0.679072 0.921524 0.306444
v 0.702950 0.914377 0.310312
v 0.653581 0.927757 0.302769
v 0.682251 0.932585 0.328973
v 0.706830 0.925841 0.331857
v 0.656058 0.938111 0.326438
v 0.598535 0.938147 0.296286
v 0.626670 0.933242 0.299360
v 0.599727 0.946128 0.322446
v 0.628475 0.942574 0.324260
v 0.630096 0.950687 0.350733
v 0.600789 0.953156 0.350100
v 0.658296 0.947000 0.351770
v 0.710389 0.935518 0.355231
v 0.685143 0.941981 0.353255
v 0.569371 0.942640 0.293619
v 0.539624 0.946741 0.291308
v 0.570041 0.948927 0.321007
v 0.539844 0.951305 0.319771
v 0.480168 0.953845 0.287553
v 0.509741 0.950469 0.289303
v 0.479642 0.956133 0.317234
v 0.509569 0.953596 0.318570
v 0.509354 0.956436 0.349217
v 0.479065 0.958238 0.348310
v 0.540010 0.955405 0.349627
v 0.570624 0.954520 0.349827
v 0.799732 0.904566 0.389539
v 0.804240 0.910098 0.415215
v 0.822967 0.899152 0.416709
v 0.817740 0.893230 0.391460
v 0.807692 0.913684 0.442759
v 0.827084 0.903267 0.443854
v 0.840471 0.887716 0.417751
v 0.834567 0.881420 0.392873
v 0.845203 0.892320 0.444557
v 0.810093 0.915607 0.471704
v 0.811448 0.916148 0.501584
v 0.831810 0.906972 0.502036
v 0.830046 0.905799 0.472445
v 0.850774 0.897093 0.502218
v 0.848668 0.895392 0.472856
v 0.865987 0.884122 0.472962
v 0.868358 0.886216 0.502175
v 0.862101 0.880631 0.444855
v 0.850351 0.869061 0.393659
v 0.856842 0.875643 0.418278
v 0.781421 0.876203 0.325692
v 0.797305 0.864877 0.328857
v 0.787931 0.887222 0.344984
v 0.804498 0.875694 0.347761
v 0.812094 0.853063 0.331365
v 0.819949 0.863682 0.349936
v 0.794165 0.896809 0.366197
v 0.811447 0.885278 0.368553
v 0.827584 0.873272 0.370353
v 0.842769 0.860784 0.371424
v 0.834533 0.851242 0.351287
v 0.826081 0.840861 0.332963
v 0.725018 0.906149 0.314302
v 0.729568 0.917725 0.335080
v 0.745383 0.896962 0.318283
v 0.750585 0.908445 0.338463
v 0.737318 0.935017 0.382486
v 0.733786 0.927497 0.357744
v 0.759644 0.925757 0.384785
v 0.755463 0.918190 0.360562
v 0.775547 0.907870 0.363457
v 0.780408 0.915508 0.387225
v 0.769999 0.898208 0.341824
v 0.764149 0.886939 0.322123
v 0.739804 0.939840 0.409500
v 0.741357 0.942301 0.438285
v 0.762753 0.930703 0.411332
v 0.764879 0.933382 0.439705
v 0.742104 0.941486 0.499166
v 0.742086 0.942738 0.468340
v 0.766533 0.933339 0.499939
v 0.766109 0.934143 0.469407
v 0.788779 0.925077 0.470610
v 0.789668 0.924914 0.500815
v 0.786974 0.923782 0.441286
v 0.784200 0.920702 0.413329
v 0.375873 0.915975 0.177349
v 0.400036 0.917003 0.175679
v 0.400172 0.903539 0.161503
v 0.376185 0.902652 0.163399
v 0.425409 0.916234 0.174882
v 0.425384 0.902754 0.160296
v 0.400192 0.888737 0.149421
v 0.376301 0.887896 0.151610
v 0.425319 0.888096 0.147685
v 0.451866 0.913729 0.175060
v 0.451688 0.900320 0.159986
v 0.451539 0.885930 0.146737
v 0.451402 0.870542 0.134975
v 0.425218 0.872331 0.136608
v 0.376273 0.871906 0.141423
v 0.400124 0.872747 0.138908
v 0.292531 0.895581 0.190771
v 0.311382 0.902661 0.186602
v 0.312427 0.890638 0.172054
v 0.293953 0.884182 0.175992
v 0.331552 0.908574 0.182909
v 0.332299 0.896002 0.168655
v 0.313028 0.877327 0.159545
v 0.294859 0.871599 0.163190
v 0.332683 0.882048 0.156509
v 0.353047 0.913089 0.179792
v 0.353557 0.900073 0.165776
v 0.353786 0.885619 0.153918
v 0.353815 0.869925 0.143701
v 0.332808 0.866878 0.146047
v 0.295376 0.857887 0.152153
v 0.313309 0.862840 0.148763
v 0.281041 0.930150 0.270497
v 0.302000 0.938383 0.266707
v 0.305036 0.930984 0.243712
v 0.284658 0.922887 0.247734
v 0.324143 0.945132 0.263377
v 0.326606 0.937706 0.240115
v 0.307642 0.922672 0.222590
v 0.287821 0.914796 0.226773
v 0.328679 0.929253 0.218825
v 0.347465 0.950255 0.260676
v 0.371956 0.953610 0.258773
v 0.373370 0.946417 0.234896
v 0.349379 0.942901 0.237118
v 0.374483 0.937791 0.213259
v 0.350952 0.934354 0.215656
v 0.352177 0.924466 0.196483
v 0.375311 0.927666 0.194023
v 0.330336 0.919600 0.199695
v 0.290466 0.905739 0.207742
v 0.309772 0.913285 0.203500
v 0.397611 0.955055 0.257838
v 0.398593 0.948102 0.233624
v 0.424322 0.954790 0.257788
v 0.424925 0.948035 0.233287
v 0.399293 0.939380 0.211811
v 0.425257 0.939164 0.211333
v 0.451982 0.953016 0.258541
v 0.452247 0.946291 0.233872
v 0.452248 0.937187 0.211843
v 0.452087 0.926176 0.192292
v 0.425393 0.928467 0.191879
v 0.399759 0.928982 0.192472
v 0.228112 0.859928 0.208391
v 0.232243 0.851536 0.194270
v 0.218895 0.842717 0.197946
v 0.213682 0.850204 0.211607
v 0.235613 0.842290 0.182146
v 0.223270 0.834485 0.186307
v 0.206381 0.833613 0.200921
v 0.199939 0.840186 0.214068
v 0.211908 0.826493 0.189831
v 0.238193 0.832076 0.171901
v 0.226689 0.825324 0.176586
v 0.216298 0.818635 0.180747
v 0.199797 0.804438 0.186642
v 0.207188 0.811949 0.184321
v 0.192879 0.808874 0.194538
v 0.201698 0.818093 0.192649
v 0.184643 0.813629 0.204612
v 0.175439 0.818563 0.216745
v 0.187115 0.829697 0.215779
v 0.194899 0.823994 0.203156
v 0.206350 0.886835 0.285242
v 0.212159 0.880968 0.263132
v 0.194905 0.869461 0.265206
v 0.188575 0.874926 0.287160
v 0.217861 0.874575 0.242900
v 0.201394 0.863542 0.245272
v 0.178019 0.857716 0.266298
v 0.171157 0.862797 0.288074
v 0.185366 0.852247 0.246726
v 0.223248 0.867585 0.224628
v 0.207751 0.857135 0.227394
v 0.192803 0.846400 0.229326
v 0.165618 0.823536 0.230821
v 0.178670 0.835246 0.230457
v 0.155784 0.828431 0.247072
v 0.170066 0.840581 0.247310
v 0.146540 0.833128 0.265735
v 0.138492 0.837508 0.287042
v 0.154371 0.850355 0.288023
v 0.161799 0.845637 0.266458
v 0.265458 0.913566 0.252008
v 0.261274 0.920575 0.274579
v 0.269194 0.905807 0.231197
v 0.247159 0.903291 0.256212
v 0.242422 0.909963 0.278619
v 0.251499 0.895948 0.235561
v 0.274993 0.887563 0.195320
v 0.272400 0.897180 0.212262
v 0.258553 0.878812 0.199963
v 0.255334 0.887824 0.216775
v 0.239030 0.877886 0.220992
v 0.242998 0.869532 0.204415
v 0.234475 0.885457 0.239563
v 0.224207 0.898615 0.282284
v 0.229484 0.892335 0.260027
v 0.276891 0.876835 0.180487
v 0.278210 0.865008 0.167607
v 0.261048 0.868804 0.185236
v 0.262905 0.857776 0.172461
v 0.279067 0.852094 0.156522
v 0.264213 0.845701 0.161509
v 0.250644 0.838948 0.166755
v 0.248765 0.850129 0.177419
v 0.246230 0.860301 0.189931
v 0.183125 0.907637 0.388496
v 0.165916 0.894201 0.390592
v 0.159982 0.899175 0.418232
v 0.176812 0.913126 0.416413
v 0.149548 0.880493 0.392092
v 0.144146 0.884942 0.419608
v 0.154250 0.903870 0.446056
v 0.170702 0.918338 0.444675
v 0.138936 0.889110 0.447146
v 0.133951 0.866442 0.392941
v 0.119050 0.851975 0.393081
v 0.114757 0.855474 0.420802
v 0.129130 0.870387 0.420483
v 0.110653 0.858733 0.448269
v 0.124493 0.874062 0.447898
v 0.104954 0.863249 0.502690
v 0.117690 0.879151 0.502414
v 0.120520 0.877104 0.475203
v 0.107223 0.861432 0.475545
v 0.131029 0.894904 0.502125
v 0.134403 0.892572 0.474665
v 0.145373 0.910417 0.501830
v 0.161122 0.925597 0.501537
v 0.165303 0.922690 0.473108
v 0.149215 0.907785 0.473957
v 0.262660 0.955105 0.377221
v 0.240860 0.945040 0.379977
v 0.234823 0.951611 0.409445
v 0.257091 0.961723 0.407299
v 0.220441 0.933486 0.382940
v 0.214106 0.939822 0.411815
v 0.228908 0.957877 0.439669
v 0.251602 0.968034 0.438228
v 0.207929 0.945863 0.441327
v 0.201248 0.920876 0.385863
v 0.194811 0.926835 0.414206
v 0.188561 0.932509 0.443047
v 0.178679 0.940355 0.501253
v 0.183012 0.937237 0.472144
v 0.198098 0.954157 0.501035
v 0.202422 0.950883 0.471168
v 0.219433 0.966474 0.500937
v 0.242741 0.976772 0.501017
v 0.246663 0.973297 0.469602
v 0.223613 0.963084 0.470286
v 0.256725 0.926958 0.298793
v 0.277031 0.936723 0.294932
v 0.237398 0.916069 0.302671
v 0.251808 0.932983 0.324519
v 0.272631 0.942886 0.320933
v 0.232071 0.921859 0.328192
v 0.200644 0.892244 0.309154
v 0.218791 0.904387 0.306234
v 0.194940 0.897387 0.334547
v 0.213191 0.909873 0.331639
v 0.207359 0.915296 0.358262
v 0.189134 0.902454 0.361101
v 0.226424 0.927582 0.355007
v 0.267840 0.948919 0.348398
v 0.246520 0.938920 0.351624
v 0.182698 0.879972 0.311100
v 0.165171 0.867479 0.312085
v 0.177087 0.884760 0.336601
v 0.159768 0.871898 0.337787
v 0.132243 0.841454 0.311229
v 0.148279 0.854670 0.312123
v 0.127269 0.845094 0.337496
v 0.143118 0.858707 0.338090
v 0.138477 0.862590 0.365253
v 0.123046 0.848558 0.365047
v 0.154658 0.876191 0.364637
v 0.171555 0.889449 0.363240
v 0.363396 0.973924 0.372698
v 0.360673 0.979483 0.404594
v 0.389065 0.977674 0.406186
v 0.391045 0.972134 0.374157
v 0.357942 0.985204 0.437256
v 0.387114 0.983800 0.438749
v 0.418181 0.974363 0.408274
v 0.419475 0.968698 0.376257
v 0.416963 0.981058 0.440558
v 0.355403 0.990537 0.470318
v 0.353253 0.994933 0.503418
v 0.383706 0.994947 0.504415
v 0.385294 0.989795 0.471580
v 0.414786 0.993787 0.505326
v 0.415830 0.987845 0.472959
v 0.446860 0.985328 0.474097
v 0.446289 0.991842 0.505934
v 0.447395 0.977885 0.442199
v 0.448665 0.964795 0.378412
v 0.447971 0.970659 0.410287
v 0.370224 0.959439 0.284730
v 0.396301 0.960144 0.284381
v 0.368200 0.964421 0.312528
v 0.394728 0.964160 0.312871
v 0.423370 0.959141 0.284878
v 0.422175 0.962181 0.314016
v 0.365915 0.969076 0.341930
v 0.392954 0.967893 0.342924
v 0.420842 0.965002 0.344657
v 0.449553 0.961439 0.346621
v 0.450496 0.959250 0.315593
v 0.451352 0.956889 0.286007
v 0.298577 0.945031 0.291416
v 0.294768 0.951206 0.317749
v 0.321319 0.951704 0.288425
v 0.318134 0.957719 0.315159
v 0.285997 0.963253 0.374922
v 0.290575 0.957187 0.345615
v 0.310689 0.969257 0.373273
v 0.314590 0.963471 0.343475
v 0.339748 0.967518 0.342180
v 0.336550 0.972889 0.372468
v 0.342640 0.962199 0.313354
v 0.345215 0.956566 0.286137
v 0.281036 0.969682 0.405581
v 0.276113 0.975811 0.437158
v 0.306432 0.975371 0.404452
v 0.302181 0.981243 0.436568
v 0.268076 0.984520 0.501330
v 0.271653 0.980978 0.469219
v 0.295139 0.989966 0.501851
v 0.298296 0.986298 0.469182
v 0.326308 0.989428 0.469534
v 0.323631 0.993354 0.502555
v 0.329544 0.984362 0.436565
v 0.333053 0.978677 0.404069
v 0.805424 0.905426 0.619759
v 0.825314 0.898197 0.619640
v 0.829196 0.902830 0.591610
v 0.808851 0.910415 0.591622
v 0.843579 0.889790 0.619532
v 0.847941 0.894131 0.591507
v 0.831498 0.905697 0.562247
v 0.810929 0.913740 0.562146
v 0.850521 0.896662 0.562185
v 0.860311 0.879935 0.619410
v 0.865149 0.884038 0.591323
v 0.868038 0.886340 0.561995
v 0.869075 0.887011 0.532066
v 0.851428 0.897583 0.532208
v 0.811760 0.915588 0.531932
v 0.832332 0.907008 0.532180
v 0.710635 0.929978 0.620630
v 0.736224 0.923551 0.620348
v 0.738573 0.929858 0.591334
v 0.712701 0.936659 0.591358
v 0.760682 0.917631 0.620111
v 0.763349 0.923502 0.591415
v 0.740340 0.934989 0.561144
v 0.714388 0.942218 0.560991
v 0.765189 0.928054 0.561470
v 0.783815 0.911746 0.619915
v 0.786838 0.917164 0.591534
v 0.788772 0.921082 0.561845
v 0.789690 0.923624 0.531416
v 0.766238 0.931321 0.530802
v 0.715651 0.946519 0.529963
v 0.741519 0.938884 0.530261
v 0.698881 0.895249 0.720300
v 0.721589 0.889127 0.717954
v 0.725931 0.898712 0.696698
v 0.702378 0.904765 0.698423
v 0.742860 0.883202 0.715616
v 0.748095 0.892928 0.694933
v 0.729852 0.907777 0.673219
v 0.705491 0.913848 0.674377
v 0.752909 0.902082 0.672020
v 0.762636 0.877250 0.713543
v 0.780864 0.871049 0.711994
v 0.787900 0.880983 0.692161
v 0.768781 0.887118 0.693347
v 0.794582 0.890298 0.670118
v 0.774530 0.896383 0.670935
v 0.779627 0.904706 0.646420
v 0.800546 0.898583 0.645954
v 0.757154 0.910404 0.647029
v 0.708238 0.922313 0.648375
v 0.733300 0.916124 0.647706
v 0.797487 0.864374 0.711225
v 0.805361 0.874227 0.691593
v 0.812685 0.856912 0.711095
v 0.821330 0.866544 0.691513
v 0.812933 0.883448 0.669723
v 0.829726 0.875539 0.669648
v 0.826636 0.848351 0.711460
v 0.835970 0.857626 0.691789
v 0.845105 0.866281 0.669792
v 0.853424 0.873867 0.645616
v 0.837324 0.883441 0.645617
v 0.819738 0.891587 0.645708
v 0.599309 0.962239 0.622737
v 0.600412 0.969039 0.593461
v 0.570270 0.976667 0.594614
v 0.569418 0.970328 0.623759
v 0.601496 0.973821 0.563282
v 0.571171 0.980607 0.564543
v 0.539473 0.983524 0.595903
v 0.538877 0.977764 0.624922
v 0.540199 0.986513 0.565902
v 0.602417 0.976459 0.532489
v 0.571957 0.982110 0.533839
v 0.540870 0.986805 0.535232
v 0.477519 0.993778 0.537344
v 0.509332 0.990657 0.536468
v 0.476951 0.995390 0.568239
v 0.508739 0.991466 0.567190
v 0.476507 0.994009 0.598329
v 0.476384 0.989311 0.627243
v 0.507820 0.984205 0.626120
v 0.508170 0.989382 0.597188
v 0.595797 0.921880 0.726565
v 0.596608 0.932790 0.702869
v 0.567992 0.939818 0.703436
v 0.567753 0.928043 0.727044
v 0.597441 0.943538 0.677576
v 0.568322 0.951235 0.678279
v 0.538741 0.946332 0.703854
v 0.539046 0.933582 0.727162
v 0.538571 0.958434 0.678986
v 0.598330 0.953547 0.650820
v 0.568783 0.961628 0.651684
v 0.538596 0.969156 0.652646
v 0.476781 0.980970 0.654607
v 0.507889 0.975734 0.653642
v 0.477587 0.969766 0.680367
v 0.508292 0.964742 0.679685
v 0.478692 0.956480 0.704470
v 0.479988 0.941895 0.726862
v 0.509762 0.938273 0.727056
v 0.508944 0.951998 0.704180
v 0.677526 0.911386 0.699889
v 0.674789 0.901792 0.722395
v 0.679961 0.920674 0.675339
v 0.651519 0.918388 0.701110
v 0.649473 0.908548 0.724179
v 0.653370 0.928042 0.676158
v 0.684112 0.937383 0.620960
v 0.682141 0.929419 0.648958
v 0.656692 0.945443 0.621387
v 0.655078 0.937173 0.649519
v 0.627118 0.945305 0.650119
v 0.628412 0.953837 0.621963
v 0.625827 0.935735 0.676886
v 0.623089 0.915313 0.725589
v 0.624498 0.925585 0.702099
v 0.685923 0.944329 0.591558
v 0.687494 0.950073 0.561136
v 0.658264 0.952518 0.591958
v 0.659691 0.958197 0.561571
v 0.688749 0.954430 0.530079
v 0.660871 0.962282 0.530567
v 0.632074 0.969737 0.531385
v 0.631014 0.966232 0.562289
v 0.629752 0.960872 0.592584
v 0.591852 0.881067 0.805480
v 0.566364 0.883780 0.806565
v 0.565451 0.873280 0.823551
v 0.590407 0.870916 0.821975
v 0.539936 0.884738 0.806118
v 0.539535 0.873718 0.823388
v 0.564319 0.862743 0.839641
v 0.588836 0.860500 0.837455
v 0.538849 0.862974 0.839933
v 0.512700 0.884396 0.804567
v 0.484786 0.883208 0.802338
v 0.485296 0.870873 0.819460
v 0.512777 0.872744 0.821890
v 0.485437 0.859457 0.836189
v 0.512523 0.861707 0.838669
v 0.511985 0.850856 0.854897
v 0.485237 0.848461 0.852477
v 0.537953 0.852174 0.855797
v 0.587255 0.849663 0.852055
v 0.563067 0.851935 0.854933
v 0.682833 0.855097 0.787405
v 0.661785 0.862458 0.792820
v 0.658739 0.852257 0.807016
v 0.679288 0.844744 0.800800
v 0.639588 0.869706 0.798026
v 0.637065 0.859636 0.813053
v 0.656011 0.841786 0.820267
v 0.676212 0.834206 0.813303
v 0.634702 0.849226 0.827076
v 0.616269 0.876142 0.802440
v 0.614283 0.866112 0.818258
v 0.612304 0.855729 0.833036
v 0.610445 0.844880 0.846917
v 0.632604 0.838377 0.840228
v 0.673691 0.823382 0.825031
v 0.653697 0.830947 0.832696
v 0.671703 0.892127 0.742643
v 0.694981 0.885483 0.739792
v 0.647182 0.898857 0.745171
v 0.668411 0.882367 0.760932
v 0.690876 0.875508 0.757245
v 0.644721 0.889219 0.764319
v 0.594972 0.911383 0.748527
v 0.621559 0.905376 0.747192
v 0.594078 0.901169 0.768903
v 0.619910 0.895631 0.767084
v 0.618145 0.885934 0.785441
v 0.593057 0.891108 0.787839
v 0.642165 0.879534 0.781859
v 0.686761 0.865365 0.773001
v 0.665057 0.872486 0.777558
v 0.567563 0.916581 0.748994
v 0.539427 0.920917 0.748823
v 0.567329 0.905402 0.769453
v 0.539774 0.908468 0.769056
v 0.481364 0.926791 0.747490
v 0.510661 0.924338 0.748244
v 0.482702 0.911652 0.766708
v 0.511527 0.910505 0.768033
v 0.512245 0.897087 0.786711
v 0.483882 0.896963 0.784872
v 0.539980 0.896365 0.788081
v 0.566960 0.894478 0.788588
v 0.754562 0.830077 0.771000
v 0.749305 0.819950 0.782002
v 0.763366 0.814527 0.779473
v 0.769019 0.824206 0.768975
v 0.744919 0.809848 0.791986
v 0.758663 0.804959 0.788876
v 0.776082 0.808944 0.777973
v 0.782161 0.818035 0.767919
v 0.770981 0.800120 0.786821
v 0.741575 0.799664 0.801165
v 0.755135 0.795356 0.797414
v 0.767112 0.791436 0.794668
v 0.777365 0.787646 0.792943
v 0.781900 0.794961 0.785869
v 0.794139 0.811257 0.767816
v 0.787564 0.802840 0.777534
v 0.773841 0.860906 0.729527
v 0.789775 0.854334 0.728529
v 0.767002 0.850640 0.745029
v 0.782365 0.844220 0.743754
v 0.804338 0.847103 0.728282
v 0.796397 0.837257 0.743318
v 0.760518 0.840335 0.758764
v 0.775399 0.834140 0.757152
v 0.788969 0.827520 0.756449
v 0.801401 0.820187 0.756592
v 0.809283 0.829461 0.743619
v 0.817717 0.838906 0.728656
v 0.716878 0.879224 0.736799
v 0.712014 0.869075 0.753582
v 0.737349 0.873165 0.733919
v 0.731780 0.862898 0.750172
v 0.702707 0.848323 0.782363
v 0.707218 0.858750 0.768653
v 0.721334 0.841991 0.777846
v 0.726369 0.852480 0.764704
v 0.744156 0.846395 0.761345
v 0.738643 0.835957 0.774007
v 0.750124 0.856810 0.747244
v 0.756351 0.867121 0.731410
v 0.698699 0.837864 0.795060
v 0.695285 0.827280 0.806876
v 0.716892 0.831511 0.789927
v 0.713148 0.820950 0.801103
v 0.692554 0.816473 0.817942
v 0.710207 0.810220 0.811533
v 0.726573 0.804617 0.805906
v 0.729719 0.815159 0.796101
v 0.733787 0.825576 0.785530
v 0.351286 0.992060 0.628107
v 0.381847 0.994210 0.628799
v 0.381406 0.998748 0.599618
v 0.350633 0.996965 0.598980
v 0.413089 0.994407 0.628764
v 0.412836 0.998787 0.599651
v 0.381646 1.000000 0.568870
v 0.350793 0.998705 0.568193
v 0.413136 0.999790 0.569093
v 0.444704 0.992743 0.628185
v 0.444633 0.997176 0.599186
v 0.444994 0.998209 0.568878
v 0.445606 0.996283 0.537661
v 0.413837 0.997946 0.537511
v 0.351692 0.997842 0.536191
v 0.382452 0.998541 0.536990
v 0.241710 0.964538 0.618495
v 0.266651 0.973950 0.621480
v 0.265114 0.980677 0.593579
v 0.239813 0.971688 0.591264
v 0.293411 0.981777 0.624225
v 0.292205 0.987903 0.595766
v 0.264826 0.984556 0.563956
v 0.239338 0.976053 0.562304
v 0.292092 0.991093 0.565588
v 0.321715 0.987865 0.626509
v 0.320805 0.993341 0.597632
v 0.320845 0.995773 0.567050
v 0.321798 0.995623 0.535209
v 0.293071 0.991672 0.534135
v 0.240307 0.977719 0.532070
v 0.265807 0.985775 0.533058
v 0.260403 0.911821 0.704724
v 0.282716 0.921308 0.710495
v 0.277688 0.937408 0.691811
v 0.254645 0.927700 0.686739
v 0.307099 0.929602 0.715655
v 0.302765 0.945808 0.696312
v 0.273176 0.951855 0.670687
v 0.249416 0.942085 0.666317
v 0.298900 0.960235 0.674575
v 0.333275 0.936387 0.719981
v 0.360964 0.941347 0.723251
v 0.357849 0.957465 0.702734
v 0.329582 0.952595 0.700025
v 0.355076 0.971698 0.680017
v 0.326296 0.966943 0.677759
v 0.323610 0.978883 0.653236
v 0.352828 0.983434 0.655130
v 0.295712 0.972389 0.650520
v 0.245008 0.954517 0.643540
v 0.269418 0.964189 0.647213
v 0.389890 0.944165 0.725243
v 0.387274 0.960112 0.704223
v 0.419643 0.945054 0.726287
v 0.417477 0.960713 0.704802
v 0.384949 0.974218 0.681126
v 0.415561 0.974643 0.681368
v 0.449812 0.944226 0.726716
v 0.448077 0.959444 0.704781
v 0.446559 0.973112 0.681021
v 0.445390 0.984467 0.655476
v 0.414048 0.986116 0.656012
v 0.383084 0.985809 0.655976
v 0.162735 0.915010 0.607816
v 0.159366 0.921377 0.583489
v 0.144462 0.906717 0.582321
v 0.148100 0.900876 0.606176
v 0.158045 0.925135 0.557291
v 0.142876 0.910105 0.556592
v 0.131236 0.891635 0.581559
v 0.135128 0.886354 0.605090
v 0.129332 0.894667 0.556162
v 0.158667 0.926477 0.529786
v 0.143219 0.911264 0.529568
v 0.129301 0.895679 0.529487
v 0.104330 0.863861 0.529765
v 0.116482 0.879839 0.529550
v 0.105391 0.863064 0.556172
v 0.116982 0.878945 0.556016
v 0.108176 0.860652 0.581311
v 0.112722 0.856418 0.604584
v 0.123456 0.871512 0.604560
v 0.119277 0.876244 0.581218
v 0.191826 0.867992 0.681845
v 0.183404 0.881681 0.666616
v 0.169675 0.869800 0.663482
v 0.178446 0.857001 0.678222
v 0.175351 0.894513 0.649273
v 0.161299 0.881795 0.646639
v 0.157211 0.857875 0.661382
v 0.166207 0.846044 0.675736
v 0.148666 0.868911 0.644894
v 0.168262 0.905839 0.629708
v 0.153910 0.892361 0.627576
v 0.141121 0.878592 0.626166
v 0.119068 0.850157 0.625392
v 0.129604 0.864526 0.625449
v 0.126806 0.842275 0.643806
v 0.137239 0.855769 0.643972
v 0.135528 0.833176 0.659896
v 0.144826 0.823266 0.673732
v 0.155027 0.834879 0.674276
v 0.145875 0.845726 0.660218
v 0.233925 0.916990 0.681313
v 0.240439 0.901459 0.698564
v 0.227909 0.931207 0.661687
v 0.215298 0.905560 0.675902
v 0.222542 0.890508 0.692425
v 0.208500 0.919479 0.657100
v 0.218866 0.953694 0.615493
v 0.222765 0.943609 0.639732
v 0.198100 0.941662 0.612618
v 0.202612 0.931701 0.636008
v 0.184471 0.919031 0.632593
v 0.179396 0.928686 0.610011
v 0.191032 0.907161 0.652861
v 0.206432 0.879257 0.686716
v 0.198535 0.893696 0.670880
v 0.216584 0.960962 0.589017
v 0.215918 0.965474 0.560780
v 0.195430 0.948801 0.586918
v 0.194564 0.953204 0.559416
v 0.216868 0.967291 0.531261
v 0.195466 0.954961 0.530619
v 0.176074 0.941199 0.530132
v 0.175274 0.939630 0.558243
v 0.176356 0.935506 0.585048
v 0.221897 0.813750 0.725308
v 0.210030 0.806420 0.719924
v 0.216295 0.795142 0.727338
v 0.227837 0.801622 0.733121
v 0.199382 0.798993 0.715699
v 0.206072 0.788588 0.722731
v 0.221647 0.784416 0.733952
v 0.232921 0.790102 0.740162
v 0.211799 0.778796 0.728960
v 0.189867 0.791193 0.712652
v 0.181400 0.782748 0.710802
v 0.189247 0.773988 0.717278
v 0.197084 0.781642 0.719358
v 0.196208 0.766302 0.723034
v 0.203326 0.772935 0.725276
v 0.208424 0.765077 0.730456
v 0.202143 0.759898 0.728111
v 0.216422 0.769429 0.734487
v 0.237060 0.778965 0.746617
v 0.225978 0.774005 0.739913
v 0.283744 0.844405 0.755886
v 0.265861 0.836627 0.747354
v 0.271113 0.822451 0.756491
v 0.288612 0.829801 0.765709
v 0.249680 0.828897 0.739258
v 0.255189 0.815293 0.747871
v 0.275576 0.809327 0.765064
v 0.292714 0.816399 0.775042
v 0.259893 0.802575 0.755842
v 0.235070 0.821256 0.731831
v 0.240783 0.808345 0.740024
v 0.245672 0.796161 0.747500
v 0.249634 0.784469 0.754484
v 0.263658 0.790478 0.763421
v 0.295879 0.803856 0.784134
v 0.279088 0.796953 0.773335
v 0.247078 0.885116 0.713395
v 0.266401 0.894907 0.720185
v 0.229765 0.874886 0.706678
v 0.253655 0.868501 0.726205
v 0.272430 0.877603 0.733570
v 0.236805 0.859123 0.719005
v 0.200021 0.854093 0.695067
v 0.214175 0.864463 0.700435
v 0.207854 0.840246 0.706543
v 0.221624 0.849645 0.712331
v 0.228636 0.835133 0.722698
v 0.215191 0.826711 0.716536
v 0.243498 0.843650 0.729750
v 0.278281 0.860554 0.745322
v 0.259979 0.852158 0.737392
v 0.187018 0.844021 0.690976
v 0.175102 0.833983 0.688063
v 0.195240 0.831102 0.702004
v 0.183716 0.821948 0.698646
v 0.154290 0.812950 0.685385
v 0.164213 0.823714 0.686233
v 0.163693 0.802547 0.695211
v 0.173222 0.812518 0.696404
v 0.181843 0.801582 0.705105
v 0.172805 0.792373 0.703565
v 0.191870 0.810199 0.707764
v 0.202961 0.818488 0.711567
v 0.373293 0.872024 0.787664
v 0.375476 0.857413 0.801691
v 0.401687 0.862102 0.807892
v 0.400019 0.876294 0.792841
v 0.377115 0.844197 0.815387
v 0.402863 0.849269 0.822642
v 0.429137 0.865765 0.812737
v 0.427884 0.879412 0.796797
v 0.429943 0.853397 0.828386
v 0.378200 0.831897 0.828781
v 0.403557 0.837283 0.837071
v 0.430318 0.841774 0.843696
v 0.457780 0.845467 0.848788
v 0.457689 0.856740 0.832832
v 0.456327 0.881632 0.799855
v 0.457211 0.868618 0.816501
v 0.364240 0.923957 0.741535
v 0.392629 0.927050 0.744160
v 0.367502 0.906083 0.758053
v 0.395333 0.909527 0.761429
v 0.421907 0.928391 0.745795
v 0.424128 0.911427 0.763760
v 0.370578 0.888509 0.773274
v 0.397849 0.892355 0.777504
v 0.426167 0.894867 0.780616
v 0.455017 0.896313 0.782956
v 0.453410 0.912048 0.765402
v 0.451632 0.928223 0.746789
v 0.288020 0.904016 0.726646
v 0.293388 0.886251 0.740737
v 0.311694 0.912112 0.732526
v 0.316344 0.894106 0.747407
v 0.303463 0.852185 0.764619
v 0.298607 0.868734 0.753238
v 0.324982 0.859617 0.773117
v 0.320842 0.876351 0.760777
v 0.344870 0.883059 0.767577
v 0.348270 0.866347 0.780944
v 0.341110 0.900829 0.753279
v 0.337181 0.918869 0.737573
v 0.307742 0.837325 0.775353
v 0.311299 0.823773 0.785651
v 0.328559 0.844671 0.784907
v 0.331470 0.831098 0.796303
v 0.313988 0.811148 0.795725
v 0.333613 0.818483 0.807461
v 0.354951 0.825514 0.818696
v 0.353363 0.838023 0.806411
v 0.351119 0.851485 0.793858
v 0.142199 0.764591 0.215685
v 0.148559 0.779746 0.216196
v 0.162021 0.776293 0.205123
v 0.156862 0.761456 0.204878
v 0.156196 0.793711 0.216707
v 0.168304 0.789872 0.205334
v 0.174933 0.773517 0.195132
v 0.170951 0.758975 0.194950
v 0.179816 0.786662 0.195323
v 0.165144 0.806609 0.216973
v 0.175812 0.802286 0.205251
v 0.185692 0.798422 0.195278
v 0.194564 0.795274 0.187042
v 0.190648 0.784377 0.186502
v 0.184315 0.757319 0.185676
v 0.187210 0.771669 0.185999
v 0.127216 0.692578 0.215559
v 0.129788 0.711940 0.215413
v 0.146845 0.709624 0.205206
v 0.144752 0.690564 0.205416
v 0.133011 0.730513 0.215349
v 0.149447 0.727924 0.204996
v 0.163263 0.707746 0.195515
v 0.161636 0.688855 0.195720
v 0.165261 0.725874 0.195248
v 0.137082 0.748121 0.215421
v 0.152728 0.745267 0.204861
v 0.167775 0.743022 0.195024
v 0.182027 0.741500 0.185672
v 0.180223 0.724441 0.185845
v 0.177578 0.687517 0.186151
v 0.178781 0.706370 0.186052
v 0.061073 0.701148 0.272756
v 0.065826 0.722427 0.273308
v 0.079566 0.720130 0.254470
v 0.075477 0.699315 0.254175
v 0.071796 0.742531 0.274301
v 0.084739 0.739863 0.255152
v 0.095343 0.717448 0.239143
v 0.091812 0.697146 0.239045
v 0.099816 0.736775 0.239537
v 0.079122 0.761392 0.275757
v 0.087946 0.778939 0.277699
v 0.099123 0.775686 0.257825
v 0.091192 0.758414 0.256258
v 0.112466 0.772008 0.241382
v 0.105451 0.755003 0.240269
v 0.121036 0.751470 0.226940
v 0.127113 0.768209 0.227594
v 0.116187 0.733561 0.226566
v 0.109314 0.694837 0.226471
v 0.112352 0.714633 0.226425
v 0.098409 0.795102 0.280149
v 0.108727 0.791581 0.259889
v 0.110397 0.810104 0.282755
v 0.119900 0.806312 0.262117
v 0.121079 0.787665 0.242917
v 0.131218 0.802162 0.244577
v 0.123796 0.824165 0.285170
v 0.132539 0.820090 0.264177
v 0.142810 0.815687 0.246062
v 0.153911 0.811135 0.230452
v 0.143575 0.797885 0.229614
v 0.134634 0.783629 0.228573
v 0.125327 0.609277 0.220360
v 0.142860 0.608692 0.208858
v 0.145567 0.586814 0.212054
v 0.128884 0.587130 0.224592
v 0.159750 0.607740 0.197632
v 0.161624 0.586036 0.199774
v 0.149660 0.564547 0.216173
v 0.134121 0.564671 0.229948
v 0.164591 0.563909 0.202649
v 0.175666 0.606561 0.186304
v 0.176773 0.584933 0.187416
v 0.178709 0.562881 0.189108
v 0.185163 0.518033 0.193925
v 0.181498 0.540538 0.191303
v 0.173480 0.519007 0.209765
v 0.168570 0.541514 0.206049
v 0.161211 0.519554 0.225786
v 0.148362 0.519571 0.242098
v 0.140719 0.542088 0.235945
v 0.154941 0.542069 0.220866
v 0.057970 0.607931 0.279865
v 0.073218 0.608543 0.261574
v 0.078786 0.585147 0.268103
v 0.063752 0.584066 0.286530
v 0.089918 0.609063 0.246023
v 0.094989 0.586129 0.252029
v 0.086708 0.561858 0.276233
v 0.071992 0.560407 0.294851
v 0.102239 0.563161 0.259517
v 0.107484 0.609354 0.232516
v 0.111857 0.586846 0.237721
v 0.118179 0.564154 0.244243
v 0.134936 0.518957 0.258809
v 0.126016 0.541463 0.251474
v 0.121127 0.517805 0.276107
v 0.111131 0.540330 0.267779
v 0.107126 0.516205 0.294180
v 0.093126 0.514252 0.313218
v 0.082010 0.537090 0.304017
v 0.096362 0.538826 0.285185
v 0.072276 0.677513 0.254231
v 0.057395 0.678767 0.272624
v 0.089007 0.675996 0.239200
v 0.070484 0.654961 0.255145
v 0.055308 0.655574 0.273424
v 0.087425 0.654158 0.240092
v 0.125098 0.672603 0.215731
v 0.106858 0.674324 0.226657
v 0.123820 0.652042 0.216325
v 0.105435 0.653181 0.227430
v 0.105493 0.631495 0.229235
v 0.123768 0.630924 0.217736
v 0.087563 0.631793 0.242205
v 0.055327 0.631865 0.275667
v 0.070624 0.631892 0.257423
v 0.142995 0.670941 0.205549
v 0.160233 0.669417 0.195756
v 0.141886 0.650755 0.205943
v 0.159292 0.649423 0.195902
v 0.176494 0.668110 0.185999
v 0.175699 0.648148 0.185822
v 0.175365 0.627632 0.185848
v 0.159052 0.628867 0.196434
v 0.141737 0.630006 0.206933
v 0.015344 0.606915 0.381622
v 0.019109 0.581273 0.385236
v 0.011207 0.581383 0.413963
v 0.008257 0.607498 0.411331
v 0.025145 0.555693 0.390026
v 0.016351 0.555241 0.417530
v 0.005062 0.581718 0.443381
v 0.002959 0.608284 0.441662
v 0.009287 0.555043 0.445780
v 0.032835 0.530349 0.395455
v 0.041557 0.505416 0.400988
v 0.031014 0.503751 0.425882
v 0.023137 0.529291 0.421636
v 0.022200 0.502425 0.451614
v 0.015158 0.528524 0.448608
v 0.011910 0.500633 0.504177
v 0.006635 0.527551 0.503341
v 0.009467 0.527969 0.475975
v 0.015652 0.501398 0.477830
v 0.002674 0.554898 0.502730
v 0.004534 0.554971 0.474329
v 0.000353 0.582342 0.502337
v 0.000000 0.609551 0.502153
v 0.000018 0.609044 0.472106
v 0.001252 0.582099 0.473002
v 0.026395 0.705564 0.380815
v 0.020277 0.682047 0.379659
v 0.014893 0.683419 0.410342
v 0.021441 0.707114 0.411406
v 0.016208 0.657580 0.379178
v 0.010348 0.658757 0.409793
v 0.011277 0.684926 0.441316
v 0.018126 0.708782 0.442146
v 0.006307 0.660089 0.440827
v 0.014471 0.632443 0.379717
v 0.008053 0.633370 0.410032
v 0.003454 0.634475 0.440877
v 0.001943 0.636191 0.502168
v 0.001232 0.635501 0.471754
v 0.005892 0.662123 0.502324
v 0.004637 0.661302 0.471822
v 0.011556 0.687207 0.502563
v 0.018645 0.711301 0.502827
v 0.017008 0.710276 0.472724
v 0.009981 0.686283 0.472187
v 0.045095 0.679650 0.295252
v 0.049367 0.702455 0.295682
v 0.042589 0.655985 0.295763
v 0.035037 0.680359 0.321225
v 0.039954 0.703470 0.321981
v 0.032032 0.656352 0.321366
v 0.044763 0.607366 0.301591
v 0.042321 0.631784 0.297711
v 0.033393 0.606945 0.326176
v 0.031347 0.631772 0.322863
v 0.022150 0.631951 0.350430
v 0.023655 0.606762 0.353045
v 0.023337 0.656831 0.349437
v 0.032432 0.704428 0.350682
v 0.026878 0.681092 0.349657
v 0.050390 0.583053 0.307897
v 0.058495 0.558974 0.315832
v 0.038577 0.582194 0.331763
v 0.046200 0.557651 0.338884
v 0.079321 0.512037 0.333408
v 0.068373 0.535259 0.324602
v 0.065959 0.509719 0.354761
v 0.055560 0.533448 0.346797
v 0.043678 0.531773 0.370462
v 0.053288 0.507459 0.377284
v 0.035089 0.556527 0.363713
v 0.028191 0.581572 0.357690
v 0.065887 0.787458 0.387779
v 0.062207 0.789854 0.417194
v 0.074556 0.807550 0.418578
v 0.078176 0.804934 0.389629
v 0.059093 0.792293 0.446245
v 0.071324 0.810144 0.447127
v 0.087447 0.824253 0.419725
v 0.091145 0.821395 0.391247
v 0.084024 0.827010 0.447808
v 0.057144 0.794436 0.474964
v 0.056959 0.795940 0.503379
v 0.068327 0.813946 0.503308
v 0.069055 0.812386 0.475346
v 0.080179 0.830958 0.503156
v 0.081420 0.829350 0.475588
v 0.094166 0.845607 0.475664
v 0.092419 0.847288 0.502944
v 0.097148 0.843128 0.448214
v 0.104776 0.837017 0.392458
v 0.100855 0.840162 0.420507
v 0.079800 0.781465 0.301783
v 0.090960 0.797954 0.304359
v 0.073918 0.783541 0.328924
v 0.085614 0.800380 0.331413
v 0.103485 0.813307 0.307014
v 0.098449 0.816123 0.333866
v 0.069536 0.785446 0.357973
v 0.081607 0.802625 0.360205
v 0.094574 0.818752 0.362286
v 0.108399 0.834004 0.363979
v 0.112357 0.830964 0.335991
v 0.117279 0.827737 0.309415
v 0.054930 0.724082 0.296559
v 0.046375 0.725361 0.323174
v 0.061828 0.744487 0.297874
v 0.054225 0.746015 0.324759
v 0.034283 0.727855 0.382300
v 0.039660 0.726530 0.352104
v 0.043673 0.748928 0.384020
v 0.048377 0.747400 0.353845
v 0.058397 0.767038 0.355827
v 0.054297 0.768792 0.385878
v 0.063431 0.765414 0.326691
v 0.070104 0.763628 0.299618
v 0.029743 0.729600 0.412712
v 0.026613 0.731457 0.443122
v 0.039503 0.750883 0.414172
v 0.036457 0.752940 0.444175
v 0.026870 0.734265 0.503057
v 0.025464 0.733115 0.473310
v 0.036090 0.756056 0.503237
v 0.035123 0.754773 0.473906
v 0.045758 0.775222 0.474470
v 0.046166 0.776629 0.503350
v 0.047377 0.773222 0.445239
v 0.050424 0.770966 0.415695
v 0.182938 0.433052 0.262022
v 0.174345 0.453946 0.258028
v 0.183574 0.453441 0.239260
v 0.191215 0.432371 0.242860
v 0.165501 0.475398 0.253281
v 0.175827 0.475093 0.235121
v 0.192259 0.452491 0.220997
v 0.199007 0.431276 0.224312
v 0.185583 0.474309 0.217376
v 0.156731 0.497307 0.247924
v 0.168273 0.497180 0.230584
v 0.179237 0.496543 0.213586
v 0.189727 0.495501 0.196896
v 0.194974 0.473157 0.200071
v 0.206646 0.429901 0.206449
v 0.200686 0.451218 0.203304
v 0.211800 0.357183 0.270428
v 0.205359 0.374773 0.269188
v 0.211761 0.373965 0.250085
v 0.217865 0.356459 0.251701
v 0.198419 0.393354 0.267465
v 0.205295 0.392525 0.248153
v 0.218032 0.372778 0.231951
v 0.223894 0.355327 0.234029
v 0.211915 0.391320 0.229699
v 0.190954 0.412818 0.265122
v 0.198451 0.412029 0.245785
v 0.205566 0.410853 0.227183
v 0.212637 0.409421 0.209358
v 0.218590 0.389863 0.212093
v 0.230100 0.353858 0.217283
v 0.224434 0.371314 0.214715
v 0.180968 0.354066 0.352611
v 0.171891 0.371739 0.351438
v 0.182216 0.373728 0.330908
v 0.190477 0.355994 0.331887
v 0.161884 0.390155 0.349186
v 0.173049 0.392244 0.328920
v 0.190976 0.374799 0.310053
v 0.198514 0.357074 0.310978
v 0.182635 0.393370 0.308266
v 0.151140 0.409271 0.345842
v 0.139852 0.429042 0.341389
v 0.152477 0.431311 0.321678
v 0.163096 0.411465 0.325863
v 0.163747 0.432650 0.301700
v 0.173541 0.412686 0.305515
v 0.182739 0.413087 0.285150
v 0.173841 0.433188 0.281725
v 0.190979 0.393688 0.287641
v 0.205485 0.357429 0.290339
v 0.198561 0.375099 0.289328
v 0.128216 0.449425 0.335814
v 0.141311 0.451704 0.316304
v 0.116421 0.470421 0.329203
v 0.129859 0.472648 0.309853
v 0.153304 0.453161 0.296721
v 0.142518 0.474203 0.290709
v 0.104661 0.492029 0.321642
v 0.118378 0.494147 0.302441
v 0.131690 0.495756 0.283794
v 0.144506 0.496821 0.265641
v 0.154398 0.475110 0.271831
v 0.164285 0.453881 0.277239
v 0.234386 0.297380 0.272247
v 0.239617 0.297632 0.256061
v 0.244804 0.285515 0.256555
v 0.240014 0.284828 0.272070
v 0.244809 0.297206 0.241092
v 0.249523 0.285485 0.242344
v 0.250090 0.274203 0.256576
v 0.245836 0.272991 0.271499
v 0.254203 0.274732 0.243115
v 0.250108 0.295951 0.227130
v 0.254358 0.284523 0.229232
v 0.258378 0.274345 0.230992
v 0.262253 0.265431 0.232263
v 0.258994 0.264809 0.243171
v 0.251896 0.261672 0.270363
v 0.255589 0.263505 0.255899
v 0.209737 0.291076 0.349028
v 0.216835 0.293448 0.328480
v 0.223546 0.279800 0.326875
v 0.216899 0.277166 0.347243
v 0.223183 0.295289 0.308683
v 0.229523 0.281961 0.307426
v 0.230598 0.266702 0.325063
v 0.224356 0.263754 0.345236
v 0.236191 0.269231 0.305927
v 0.228971 0.296599 0.289863
v 0.234966 0.283640 0.289092
v 0.241237 0.271331 0.288011
v 0.247772 0.259464 0.286475
v 0.243141 0.256884 0.304056
v 0.232047 0.250619 0.342904
v 0.237925 0.253935 0.322926
v 0.197710 0.339121 0.331919
v 0.188920 0.337181 0.352721
v 0.205195 0.340292 0.311140
v 0.204276 0.323087 0.331218
v 0.196119 0.321065 0.352003
v 0.211328 0.324422 0.310703
v 0.217768 0.340697 0.271324
v 0.211754 0.340787 0.290803
v 0.223418 0.325266 0.271904
v 0.217600 0.325130 0.290814
v 0.223261 0.310415 0.290469
v 0.228906 0.310843 0.272202
v 0.217221 0.309432 0.309830
v 0.202934 0.305703 0.350693
v 0.210531 0.307870 0.330000
v 0.223619 0.340115 0.253120
v 0.229478 0.339066 0.236023
v 0.229107 0.324890 0.254329
v 0.234810 0.323974 0.237891
v 0.235518 0.337579 0.219860
v 0.240670 0.322493 0.222393
v 0.245539 0.308612 0.224833
v 0.239912 0.310028 0.239595
v 0.234412 0.310743 0.255314
v 0.172825 0.276275 0.434730
v 0.182237 0.261641 0.433506
v 0.171559 0.256330 0.455047
v 0.161890 0.271256 0.456172
v 0.191568 0.247381 0.431671
v 0.181261 0.241900 0.453322
v 0.160557 0.250674 0.476358
v 0.150777 0.265920 0.477433
v 0.170567 0.236093 0.474753
v 0.200886 0.233321 0.429273
v 0.191058 0.227787 0.451063
v 0.180844 0.221986 0.472688
v 0.161068 0.210615 0.515595
v 0.170696 0.216176 0.494186
v 0.149969 0.224610 0.517121
v 0.159974 0.230237 0.496005
v 0.139509 0.239382 0.518394
v 0.129702 0.255138 0.519349
v 0.139907 0.260478 0.498497
v 0.149713 0.244936 0.497466
v 0.131660 0.340026 0.432646
v 0.142885 0.323355 0.434296
v 0.131657 0.319652 0.455434
v 0.120279 0.336624 0.453716
v 0.153353 0.307156 0.435166
v 0.142206 0.303027 0.456396
v 0.121137 0.315973 0.476860
v 0.109935 0.333390 0.475263
v 0.131434 0.298781 0.477726
v 0.163265 0.291455 0.435298
v 0.152195 0.286858 0.456632
v 0.141192 0.282027 0.477902
v 0.120564 0.272085 0.519921
v 0.130550 0.277067 0.499026
v 0.111575 0.289874 0.520034
v 0.121177 0.294402 0.498992
v 0.102216 0.308153 0.519611
v 0.091968 0.326572 0.518577
v 0.100529 0.330111 0.496985
v 0.111325 0.312184 0.498333
v 0.178443 0.334380 0.373129
v 0.169578 0.351167 0.372694
v 0.186532 0.318301 0.372704
v 0.166878 0.330972 0.393374
v 0.157062 0.347635 0.392490
v 0.175932 0.314954 0.393407
v 0.201703 0.288170 0.370099
v 0.194176 0.302906 0.371624
v 0.192817 0.284734 0.391521
v 0.184489 0.299551 0.392739
v 0.174108 0.295710 0.413982
v 0.183163 0.280768 0.413123
v 0.164733 0.311185 0.414199
v 0.144172 0.343809 0.412356
v 0.154826 0.327213 0.413686
v 0.209443 0.274070 0.368335
v 0.217363 0.260396 0.366262
v 0.201180 0.270475 0.389905
v 0.209588 0.256581 0.387862
v 0.225429 0.246940 0.363811
v 0.218046 0.242858 0.385364
v 0.209873 0.238331 0.407279
v 0.201000 0.252258 0.409758
v 0.192112 0.266344 0.411710
v 0.081967 0.413625 0.419418
v 0.069617 0.410296 0.440993
v 0.058560 0.431866 0.437359
v 0.070759 0.434965 0.415245
v 0.059084 0.407502 0.463521
v 0.048202 0.429288 0.460436
v 0.048554 0.454795 0.433675
v 0.060380 0.457516 0.410823
v 0.038546 0.452545 0.457464
v 0.050544 0.405143 0.486672
v 0.044173 0.403121 0.510116
v 0.034172 0.425465 0.508194
v 0.039977 0.427173 0.484154
v 0.025548 0.449335 0.506579
v 0.030746 0.450735 0.481873
v 0.022691 0.475565 0.479780
v 0.018171 0.474476 0.505249
v 0.029937 0.477011 0.454545
v 0.050692 0.481069 0.406091
v 0.039430 0.478837 0.429872
v 0.125696 0.425717 0.360564
v 0.113926 0.446242 0.355082
v 0.110800 0.421758 0.379658
v 0.099128 0.442523 0.374488
v 0.102203 0.467493 0.348696
v 0.087756 0.464166 0.368612
v 0.095960 0.417586 0.399124
v 0.084511 0.438641 0.394415
v 0.073631 0.460740 0.389228
v 0.063248 0.483730 0.383528
v 0.076695 0.486594 0.362034
v 0.090633 0.489436 0.341456
v 0.159610 0.368687 0.371190
v 0.146218 0.364972 0.390604
v 0.148799 0.386947 0.368648
v 0.134674 0.383056 0.387788
v 0.119473 0.357146 0.430175
v 0.132557 0.360992 0.410119
v 0.106807 0.374958 0.427041
v 0.120383 0.378914 0.407091
v 0.108051 0.397728 0.403388
v 0.094144 0.393703 0.423403
v 0.122758 0.401960 0.384115
v 0.137407 0.405955 0.365096
v 0.107807 0.353834 0.451211
v 0.097460 0.350823 0.472893
v 0.094820 0.371621 0.448121
v 0.084381 0.368699 0.469988
v 0.080310 0.344780 0.516855
v 0.088328 0.347882 0.494887
v 0.067972 0.363276 0.514701
v 0.075446 0.365986 0.492296
v 0.062609 0.384910 0.489472
v 0.055683 0.382557 0.512370
v 0.071366 0.387449 0.466785
v 0.081897 0.390328 0.444648
v 0.076201 0.791263 0.608379
v 0.084235 0.808857 0.607247
v 0.077905 0.812071 0.583663
v 0.069118 0.794218 0.584615
v 0.093045 0.825385 0.606113
v 0.087402 0.828882 0.582691
v 0.072987 0.813909 0.558074
v 0.063308 0.795922 0.558798
v 0.083293 0.830876 0.557317
v 0.102562 0.841140 0.605164
v 0.097521 0.844970 0.581854
v 0.094128 0.847151 0.556644
v 0.092417 0.847863 0.530139
v 0.080845 0.831517 0.530603
v 0.059134 0.796466 0.531522
v 0.069716 0.814494 0.531087
v 0.050107 0.707837 0.610883
v 0.056199 0.730540 0.610591
v 0.046824 0.732750 0.586396
v 0.040146 0.709825 0.586623
v 0.062421 0.752049 0.610067
v 0.053758 0.754498 0.585984
v 0.038307 0.734098 0.560086
v 0.031035 0.711069 0.560227
v 0.046053 0.755956 0.559802
v 0.069009 0.772309 0.609324
v 0.061130 0.775007 0.585390
v 0.054358 0.776584 0.559373
v 0.049202 0.777104 0.531839
v 0.039948 0.756463 0.532044
v 0.023594 0.711563 0.532145
v 0.031403 0.734598 0.532144
v 0.091608 0.693391 0.683127
v 0.096000 0.714073 0.682194
v 0.085445 0.719104 0.667903
v 0.080708 0.697800 0.668569
v 0.100907 0.733456 0.680890
v 0.090566 0.739128 0.666860
v 0.075380 0.723602 0.651261
v 0.070250 0.701736 0.651748
v 0.080752 0.744216 0.650429
v 0.106399 0.751521 0.679358
v 0.112547 0.768249 0.677742
v 0.102477 0.775238 0.664101
v 0.096199 0.757848 0.665555
v 0.092990 0.781551 0.648045
v 0.086558 0.763545 0.649331
v 0.077490 0.768427 0.630613
v 0.084195 0.786967 0.629496
v 0.071395 0.748573 0.631523
v 0.060095 0.705111 0.632555
v 0.065675 0.727452 0.632185
v 0.119422 0.783620 0.676184
v 0.109529 0.791271 0.662614
v 0.127065 0.797803 0.674873
v 0.117375 0.806143 0.661288
v 0.100239 0.798200 0.646649
v 0.108298 0.813718 0.645345
v 0.135519 0.810962 0.673993
v 0.126035 0.820046 0.660317
v 0.117156 0.828333 0.644330
v 0.109220 0.835480 0.625967
v 0.100099 0.820231 0.626975
v 0.091744 0.804148 0.628218
v 0.028950 0.607247 0.609170
v 0.018533 0.608376 0.585210
v 0.016575 0.581295 0.584057
v 0.026613 0.580462 0.607830
v 0.009844 0.609168 0.559114
v 0.008517 0.581907 0.558277
v 0.016242 0.553950 0.582725
v 0.025737 0.553429 0.606275
v 0.008951 0.554377 0.557342
v 0.003471 0.609576 0.531292
v 0.002942 0.582268 0.530900
v 0.004287 0.554696 0.530540
v 0.011514 0.500090 0.530305
v 0.007235 0.527193 0.530309
v 0.014200 0.499751 0.555802
v 0.010921 0.526887 0.556466
v 0.019704 0.499594 0.580261
v 0.027763 0.499601 0.603272
v 0.026171 0.526393 0.604693
v 0.017348 0.526623 0.581398
v 0.079069 0.600147 0.682673
v 0.065864 0.602253 0.667024
v 0.063970 0.576881 0.665938
v 0.077482 0.575357 0.681993
v 0.052912 0.604158 0.649766
v 0.050717 0.578246 0.648444
v 0.062920 0.551302 0.664734
v 0.076559 0.550357 0.681234
v 0.049572 0.552119 0.646956
v 0.040508 0.605832 0.630585
v 0.038130 0.579443 0.629183
v 0.037013 0.552823 0.627578
v 0.038114 0.499751 0.624427
v 0.037045 0.526188 0.625936
v 0.050130 0.499974 0.644018
v 0.049402 0.525965 0.645437
v 0.063182 0.500195 0.662340
v 0.076644 0.500344 0.679686
v 0.076284 0.525302 0.680448
v 0.062671 0.525684 0.663504
v 0.076223 0.675244 0.668744
v 0.087661 0.671427 0.683546
v 0.065169 0.678657 0.651810
v 0.072148 0.651654 0.668498
v 0.084217 0.648412 0.683545
v 0.060406 0.654566 0.651480
v 0.043906 0.683994 0.610925
v 0.054422 0.681597 0.632589
v 0.038026 0.659175 0.610679
v 0.049021 0.657091 0.632278
v 0.044261 0.631775 0.631613
v 0.032897 0.633539 0.610107
v 0.056231 0.629665 0.650788
v 0.081333 0.624576 0.683222
v 0.068643 0.627251 0.667901
v 0.033544 0.685781 0.586662
v 0.024154 0.686929 0.560229
v 0.027452 0.660762 0.586468
v 0.018062 0.661811 0.560062
v 0.016552 0.687413 0.532053
v 0.010621 0.662279 0.531876
v 0.006146 0.636290 0.531619
v 0.013159 0.635846 0.559700
v 0.022303 0.634913 0.585999
v 0.132245 0.590642 0.734022
v 0.131118 0.568168 0.736338
v 0.144952 0.566300 0.748084
v 0.146023 0.588319 0.744920
v 0.130289 0.545365 0.738544
v 0.144129 0.543918 0.751132
v 0.159084 0.564546 0.759339
v 0.160085 0.586165 0.755387
v 0.158281 0.542542 0.763167
v 0.129815 0.522404 0.740582
v 0.129748 0.499452 0.742390
v 0.143557 0.498836 0.756466
v 0.143637 0.521366 0.753960
v 0.157723 0.498233 0.769855
v 0.157789 0.520366 0.766721
v 0.172293 0.519561 0.778860
v 0.172248 0.497820 0.782493
v 0.172770 0.541366 0.774705
v 0.174444 0.584264 0.765598
v 0.173535 0.563008 0.770221
v 0.140031 0.673744 0.724070
v 0.137430 0.654357 0.726704
v 0.150583 0.650412 0.735339
v 0.152855 0.669255 0.732113
v 0.135319 0.633921 0.729227
v 0.148747 0.630535 0.738548
v 0.163963 0.646869 0.743737
v 0.165871 0.665258 0.739968
v 0.162427 0.627465 0.747572
v 0.133619 0.612621 0.731659
v 0.147257 0.609784 0.741741
v 0.161167 0.607184 0.751460
v 0.175353 0.604907 0.761028
v 0.176362 0.624811 0.756537
v 0.179079 0.661895 0.747897
v 0.177571 0.643849 0.752152
v 0.099559 0.667275 0.696371
v 0.103088 0.688595 0.695530
v 0.096579 0.644894 0.696837
v 0.111859 0.662943 0.707592
v 0.115050 0.683599 0.706204
v 0.109224 0.641224 0.708677
v 0.092231 0.597869 0.697023
v 0.094139 0.621682 0.697022
v 0.105428 0.595482 0.710248
v 0.107097 0.618664 0.709537
v 0.120244 0.615612 0.721003
v 0.118740 0.593051 0.722523
v 0.122141 0.637525 0.719372
v 0.127397 0.678587 0.715575
v 0.124502 0.658585 0.717579
v 0.090847 0.573683 0.696934
v 0.089992 0.549271 0.696778
v 0.104171 0.571900 0.710889
v 0.103344 0.548062 0.711454
v 0.089888 0.500349 0.696351
v 0.089671 0.524777 0.696577
v 0.103058 0.500204 0.712346
v 0.102966 0.524115 0.711941
v 0.116303 0.523323 0.726593
v 0.116296 0.499907 0.727688
v 0.116735 0.546754 0.725347
v 0.117559 0.570048 0.723981
v 0.156006 0.738581 0.713644
v 0.166887 0.732150 0.720317
v 0.171465 0.744485 0.718281
v 0.161309 0.751414 0.711785
v 0.177685 0.726603 0.726790
v 0.181432 0.738549 0.724510
v 0.176605 0.755505 0.716954
v 0.167234 0.762975 0.710562
v 0.185621 0.749121 0.722963
v 0.188463 0.722145 0.733312
v 0.191329 0.733847 0.730711
v 0.194399 0.744092 0.728794
v 0.197736 0.752839 0.727742
v 0.190427 0.758368 0.722367
v 0.173893 0.773380 0.710170
v 0.182477 0.765307 0.716548
v 0.123090 0.760805 0.689044
v 0.129725 0.775505 0.687433
v 0.133952 0.753191 0.698480
v 0.140260 0.767229 0.696814
v 0.137100 0.788995 0.686166
v 0.147277 0.780041 0.695595
v 0.144975 0.745689 0.706522
v 0.150848 0.759097 0.704780
v 0.157389 0.771261 0.703585
v 0.164681 0.782309 0.703119
v 0.155066 0.791767 0.695001
v 0.145270 0.801427 0.685423
v 0.107173 0.708626 0.694219
v 0.118845 0.702973 0.704438
v 0.111847 0.727349 0.692595
v 0.123254 0.721043 0.702454
v 0.143206 0.691900 0.721303
v 0.130896 0.697327 0.713312
v 0.146938 0.708784 0.718547
v 0.134995 0.714776 0.710944
v 0.139689 0.730905 0.708629
v 0.151210 0.724358 0.715946
v 0.128286 0.737789 0.700414
v 0.117142 0.744748 0.690817
v 0.155655 0.686904 0.728871
v 0.168247 0.682494 0.736281
v 0.158949 0.703306 0.725739
v 0.171042 0.698508 0.732783
v 0.180986 0.678823 0.743798
v 0.183228 0.694557 0.739943
v 0.185742 0.709023 0.736419
v 0.174204 0.713233 0.729583
v 0.162704 0.718406 0.722845
v 0.044146 0.398902 0.600521
v 0.038563 0.422791 0.600882
v 0.033222 0.422703 0.578922
v 0.039932 0.399077 0.579026
v 0.033966 0.447642 0.601423
v 0.027624 0.447452 0.579065
v 0.030743 0.423164 0.555923
v 0.038666 0.399938 0.556593
v 0.024059 0.447680 0.555553
v 0.030364 0.473298 0.602201
v 0.023124 0.473143 0.579497
v 0.018562 0.473279 0.555505
v 0.016853 0.473718 0.530623
v 0.023343 0.448312 0.531266
v 0.040147 0.401336 0.533523
v 0.031077 0.424106 0.532232
v 0.073539 0.313422 0.600014
v 0.065679 0.333507 0.600063
v 0.065256 0.335144 0.580177
v 0.074105 0.315411 0.580517
v 0.057978 0.354374 0.600143
v 0.056346 0.355518 0.579750
v 0.068041 0.337905 0.559608
v 0.077921 0.318648 0.560404
v 0.057850 0.357647 0.558599
v 0.050709 0.376134 0.600285
v 0.047773 0.376756 0.579334
v 0.047880 0.378212 0.557539
v 0.050645 0.380235 0.535138
v 0.061915 0.360365 0.536859
v 0.084154 0.322560 0.539737
v 0.073303 0.341286 0.538465
v 0.103249 0.319529 0.672610
v 0.097934 0.339438 0.673439
v 0.087056 0.336850 0.655674
v 0.092801 0.316722 0.654996
v 0.092972 0.360229 0.674492
v 0.081675 0.357872 0.656574
v 0.077464 0.334743 0.637638
v 0.083775 0.314492 0.637116
v 0.071503 0.355886 0.638348
v 0.088503 0.381861 0.675629
v 0.084666 0.404293 0.676706
v 0.072550 0.402486 0.658613
v 0.076794 0.379760 0.657590
v 0.061237 0.400834 0.640056
v 0.066043 0.377918 0.639177
v 0.057073 0.376615 0.620154
v 0.051508 0.399564 0.620779
v 0.063317 0.354608 0.619607
v 0.077058 0.313254 0.618835
v 0.070044 0.333501 0.619159
v 0.081599 0.427484 0.677580
v 0.069082 0.426020 0.659534
v 0.079264 0.451308 0.678322
v 0.066374 0.450235 0.660420
v 0.057239 0.424630 0.640917
v 0.054053 0.449173 0.641821
v 0.077625 0.475637 0.679001
v 0.064412 0.475003 0.661334
v 0.051682 0.474332 0.642834
v 0.040108 0.473729 0.623218
v 0.043013 0.448262 0.622248
v 0.046817 0.423493 0.621456
v 0.106080 0.240856 0.599855
v 0.108135 0.242574 0.580291
v 0.117907 0.226829 0.579964
v 0.115618 0.225205 0.599842
v 0.113180 0.245791 0.560310
v 0.123033 0.229972 0.559715
v 0.128525 0.212122 0.579588
v 0.125993 0.210553 0.599858
v 0.133717 0.215213 0.558990
v 0.120581 0.250110 0.539975
v 0.130425 0.234275 0.539168
v 0.141041 0.219489 0.538142
v 0.152412 0.205560 0.536956
v 0.145226 0.201347 0.558185
v 0.137257 0.196793 0.599918
v 0.140008 0.198313 0.579199
v 0.127524 0.249202 0.673052
v 0.119031 0.245577 0.655560
v 0.126894 0.230197 0.656505
v 0.134775 0.233995 0.674141
v 0.112187 0.242730 0.637513
v 0.120689 0.227235 0.638191
v 0.135538 0.215744 0.657691
v 0.142781 0.219707 0.675525
v 0.129996 0.212684 0.639045
v 0.107650 0.241032 0.618937
v 0.116737 0.225456 0.619277
v 0.126649 0.210847 0.619722
v 0.137471 0.197124 0.620257
v 0.140233 0.199013 0.640028
v 0.151739 0.206300 0.677102
v 0.145127 0.202169 0.659040
v 0.098773 0.297518 0.654648
v 0.108780 0.300541 0.672149
v 0.090281 0.295138 0.636851
v 0.105069 0.279251 0.654628
v 0.114613 0.282485 0.672065
v 0.097104 0.276708 0.636835
v 0.081284 0.294005 0.599965
v 0.084165 0.293825 0.618657
v 0.089138 0.275365 0.599920
v 0.091525 0.275274 0.618620
v 0.099300 0.257657 0.618715
v 0.097329 0.257612 0.599882
v 0.104366 0.259230 0.637058
v 0.120832 0.265369 0.672363
v 0.111789 0.261933 0.654933
v 0.082496 0.296100 0.580673
v 0.086954 0.299538 0.560823
v 0.090751 0.277397 0.580671
v 0.095561 0.280844 0.560913
v 0.093810 0.303746 0.540455
v 0.102770 0.285179 0.540688
v 0.111528 0.267189 0.540505
v 0.104163 0.262838 0.560726
v 0.099190 0.259492 0.580535
v 0.169316 0.265068 0.735912
v 0.174683 0.251197 0.735868
v 0.185454 0.254559 0.748471
v 0.180681 0.268030 0.749183
v 0.180698 0.238394 0.736193
v 0.190867 0.242276 0.748094
v 0.196661 0.257182 0.759667
v 0.192562 0.270313 0.761156
v 0.201292 0.245413 0.758454
v 0.187698 0.226615 0.736838
v 0.197316 0.231126 0.748085
v 0.206846 0.234988 0.757612
v 0.216300 0.238083 0.765286
v 0.212264 0.247680 0.767156
v 0.205317 0.271904 0.771642
v 0.208681 0.258989 0.769307
v 0.150356 0.330992 0.739808
v 0.154840 0.313078 0.738360
v 0.167591 0.315452 0.753037
v 0.163446 0.333226 0.754801
v 0.159455 0.296075 0.737199
v 0.171807 0.298588 0.751494
v 0.180940 0.317371 0.766650
v 0.177129 0.335090 0.768768
v 0.184750 0.300564 0.764664
v 0.164260 0.280049 0.736369
v 0.176151 0.282744 0.750200
v 0.188608 0.284826 0.762827
v 0.201939 0.286315 0.774063
v 0.198523 0.302031 0.776546
v 0.191479 0.336605 0.781604
v 0.195044 0.318859 0.779068
v 0.119445 0.303783 0.689457
v 0.114232 0.322497 0.690097
v 0.124928 0.285994 0.689207
v 0.130713 0.307069 0.706384
v 0.125746 0.325489 0.707258
v 0.135910 0.289569 0.705888
v 0.137007 0.253233 0.689967
v 0.130756 0.269141 0.689370
v 0.147271 0.257400 0.706171
v 0.141406 0.273006 0.705806
v 0.152626 0.276723 0.721522
v 0.158110 0.261434 0.721530
v 0.147454 0.292999 0.721942
v 0.137789 0.328367 0.723894
v 0.142530 0.310226 0.722747
v 0.143755 0.238282 0.691020
v 0.151228 0.224253 0.692412
v 0.153573 0.242770 0.707018
v 0.160570 0.229083 0.708232
v 0.159651 0.211113 0.694025
v 0.168515 0.216305 0.709696
v 0.177981 0.221574 0.724004
v 0.170496 0.233896 0.722865
v 0.163970 0.247171 0.722009
v 0.134959 0.410527 0.745479
v 0.148805 0.411703 0.760997
v 0.146537 0.432866 0.760937
v 0.132663 0.432104 0.745576
v 0.163175 0.412806 0.775537
v 0.160895 0.433590 0.775373
v 0.144947 0.454499 0.760079
v 0.131086 0.454191 0.745011
v 0.159247 0.454791 0.774295
v 0.177920 0.413939 0.788948
v 0.175607 0.434410 0.788734
v 0.173897 0.455226 0.787524
v 0.172780 0.476369 0.785412
v 0.158199 0.476357 0.772417
v 0.130144 0.476677 0.743908
v 0.143973 0.476518 0.758547
v 0.096801 0.406027 0.694594
v 0.094044 0.428841 0.695326
v 0.109120 0.407662 0.712123
v 0.106588 0.430075 0.712653
v 0.092013 0.452252 0.695808
v 0.104787 0.453055 0.712801
v 0.121785 0.409171 0.729136
v 0.119404 0.431168 0.729442
v 0.117756 0.453705 0.729227
v 0.116751 0.476660 0.728604
v 0.103638 0.476475 0.712666
v 0.090648 0.476131 0.696122
v 0.109212 0.342126 0.691106
v 0.120941 0.344809 0.708474
v 0.104535 0.362622 0.692309
v 0.116459 0.364979 0.709828
v 0.145942 0.349749 0.741502
v 0.133168 0.347385 0.725340
v 0.141782 0.369294 0.743184
v 0.128843 0.367227 0.726852
v 0.124990 0.387840 0.728195
v 0.138060 0.389572 0.744596
v 0.112465 0.385947 0.711113
v 0.100348 0.383938 0.693530
v 0.159313 0.351799 0.756758
v 0.173270 0.353564 0.771002
v 0.155374 0.371109 0.758629
v 0.169539 0.372722 0.773066
v 0.187804 0.355076 0.784130
v 0.184199 0.374182 0.786376
v 0.180844 0.393833 0.788072
v 0.166115 0.392493 0.774673
v 0.151811 0.391098 0.760135
v 0.324277 0.441518 0.856266
v 0.323937 0.451072 0.859036
v 0.315083 0.440551 0.851750
v 0.315206 0.450078 0.854001
v 0.323012 0.467872 0.865813
v 0.323621 0.460008 0.862245
v 0.315179 0.466583 0.859717
v 0.315447 0.458905 0.856721
v 0.303315 0.461797 0.851843
v 0.301394 0.456272 0.849298
v 0.307942 0.457242 0.852248
v 0.308199 0.464259 0.854779
v 0.299430 0.448044 0.846934
v 0.306914 0.448855 0.849793
v 0.298234 0.438564 0.845455
v 0.306259 0.439454 0.847993
v 0.287032 0.474812 0.854274
v 0.281150 0.478830 0.853529
v 0.274607 0.467762 0.848802
v 0.280743 0.464626 0.849668
v 0.274111 0.483852 0.851166
v 0.267337 0.471439 0.846449
v 0.270569 0.454534 0.846077
v 0.276575 0.452511 0.846915
v 0.263638 0.456624 0.843983
v 0.265474 0.490487 0.846882
v 0.258444 0.475864 0.842321
v 0.255332 0.458611 0.840450
v 0.256479 0.422951 0.839312
v 0.254808 0.440890 0.839672
v 0.263767 0.424120 0.842377
v 0.262531 0.440610 0.842853
v 0.269772 0.425114 0.844175
v 0.275061 0.425951 0.844882
v 0.274643 0.439331 0.845494
v 0.268978 0.440026 0.844740
v 0.298468 0.383647 0.847343
v 0.294726 0.376432 0.846312
v 0.305672 0.370110 0.849351
v 0.308301 0.378162 0.850215
v 0.290285 0.367523 0.843700
v 0.302829 0.360225 0.846976
v 0.317811 0.366231 0.853448
v 0.318969 0.374839 0.853983
v 0.316969 0.355821 0.851542
v 0.284661 0.356703 0.839176
v 0.299603 0.348333 0.842869
v 0.316504 0.343600 0.848171
v 0.350498 0.338704 0.860976
v 0.333503 0.340659 0.854230
v 0.346815 0.352113 0.863179
v 0.331789 0.353351 0.857007
v 0.343499 0.363728 0.863921
v 0.340948 0.373356 0.863373
v 0.330007 0.373348 0.858440
v 0.330601 0.364276 0.858380
v 0.367392 0.336928 0.868343
v 0.383831 0.336140 0.876415
v 0.361572 0.351408 0.869865
v 0.375372 0.351959 0.876922
v 0.411292 0.342625 0.894310
v 0.399460 0.337146 0.885278
v 0.396693 0.360195 0.891403
v 0.387528 0.354491 0.884208
v 0.375302 0.386759 0.884143
v 0.368882 0.381066 0.879121
v 0.377135 0.369262 0.882076
v 0.384617 0.375035 0.887990
v 0.360764 0.377047 0.873877
v 0.367379 0.365760 0.875963
v 0.351326 0.374533 0.868573
v 0.355963 0.364069 0.869847
v 0.382268 0.425188 0.901332
v 0.390023 0.421246 0.908476
v 0.387417 0.436478 0.913185
v 0.380351 0.437323 0.905385
v 0.399901 0.416445 0.916150
v 0.396534 0.435169 0.921586
v 0.383453 0.451675 0.916996
v 0.377056 0.449466 0.908763
v 0.391832 0.454036 0.925936
v 0.411891 0.411249 0.924390
v 0.407861 0.433299 0.930536
v 0.402467 0.456146 0.935546
v 0.384977 0.497400 0.937513
v 0.395128 0.478862 0.938625
v 0.376934 0.486373 0.927480
v 0.385440 0.471785 0.928317
v 0.370626 0.477612 0.918681
v 0.365860 0.470883 0.910789
v 0.372265 0.460895 0.910789
v 0.377926 0.465749 0.919098
v 0.308595 0.510441 0.879694
v 0.324423 0.512557 0.892741
v 0.292910 0.506565 0.867213
v 0.311026 0.501887 0.880290
v 0.325387 0.503352 0.891944
v 0.297146 0.498475 0.869090
v 0.277749 0.500317 0.855727
v 0.284445 0.492664 0.859048
v 0.295328 0.482205 0.861259
v 0.290260 0.486862 0.860872
v 0.305094 0.487016 0.869790
v 0.301251 0.492173 0.870019
v 0.315792 0.489458 0.879034
v 0.326885 0.489743 0.888160
v 0.326130 0.495895 0.890476
v 0.313436 0.495079 0.880158
v 0.415138 0.390924 0.917901
v 0.402286 0.399127 0.910510
v 0.416866 0.372275 0.910817
v 0.403042 0.383604 0.904558
v 0.382925 0.413787 0.897277
v 0.391481 0.407065 0.903678
v 0.382120 0.403398 0.893125
v 0.391356 0.394356 0.898716
v 0.389213 0.383540 0.893511
v 0.379647 0.394296 0.888779
v 0.401521 0.370263 0.898188
v 0.416339 0.355255 0.902888
v 0.340012 0.513521 0.905919
v 0.339534 0.503320 0.903353
v 0.355530 0.512264 0.918549
v 0.353142 0.501040 0.913701
v 0.337836 0.488082 0.896337
v 0.338647 0.494938 0.900161
v 0.348247 0.484422 0.903125
v 0.350536 0.491826 0.908539
v 0.361346 0.486177 0.914937
v 0.357721 0.478707 0.908089
v 0.365889 0.495758 0.922175
v 0.371148 0.507712 0.929951
v 0.272891 0.410678 0.843769
v 0.277942 0.413235 0.844555
v 0.267095 0.407875 0.841869
v 0.278188 0.397338 0.843802
v 0.282998 0.401641 0.844719
v 0.272572 0.392514 0.841666
v 0.259955 0.405045 0.838696
v 0.265540 0.387479 0.838137
v 0.273541 0.370559 0.837948
v 0.280250 0.378674 0.842103
v 0.289937 0.391625 0.845580
v 0.285516 0.385715 0.844556
v 0.286237 0.461824 0.849329
v 0.292200 0.471186 0.853703
v 0.282107 0.450725 0.846677
v 0.291287 0.459361 0.848613
v 0.296682 0.467805 0.852643
v 0.287507 0.449282 0.846107
v 0.280198 0.426645 0.844673
v 0.280022 0.438722 0.845281
v 0.285550 0.427288 0.844150
v 0.285495 0.438314 0.844761
v 0.291439 0.438223 0.844599
v 0.291481 0.427969 0.843914
v 0.293122 0.448288 0.845949
v 0.300509 0.464522 0.851919
v 0.296091 0.457244 0.848344
v 0.282849 0.415326 0.844388
v 0.287608 0.405112 0.844590
v 0.287975 0.417035 0.843848
v 0.292328 0.407863 0.844014
v 0.301991 0.389380 0.847125
v 0.294111 0.396347 0.845447
v 0.305214 0.393970 0.846332
v 0.298168 0.400081 0.844808
v 0.302241 0.403027 0.844311
v 0.308058 0.397756 0.845642
v 0.297466 0.410007 0.843590
v 0.293685 0.418442 0.843518
v 0.310883 0.384555 0.849788
v 0.320380 0.381660 0.853239
v 0.313184 0.389810 0.848692
v 0.321710 0.387379 0.851768
v 0.339557 0.380805 0.861709
v 0.330074 0.380481 0.857279
v 0.338924 0.386925 0.859479
v 0.330426 0.386457 0.855437
v 0.330687 0.392060 0.853452
v 0.338646 0.392570 0.857233
v 0.322626 0.392687 0.850119
v 0.314968 0.394447 0.847547
v 0.348422 0.382419 0.866329
v 0.356436 0.385321 0.871000
v 0.346797 0.388667 0.863670
v 0.353862 0.391566 0.867887
v 0.368987 0.394984 0.879931
v 0.363368 0.389510 0.875581
v 0.364878 0.400494 0.875836
v 0.359936 0.395506 0.872004
v 0.357927 0.399964 0.868942
v 0.362187 0.404076 0.872341
v 0.352507 0.396763 0.865093
v 0.346000 0.394218 0.861152
v 0.373059 0.401741 0.883909
v 0.375650 0.409591 0.887622
v 0.368547 0.406539 0.879196
v 0.370987 0.413485 0.882303
v 0.376646 0.427810 0.894680
v 0.376824 0.418345 0.891177
v 0.372282 0.429442 0.888486
v 0.372241 0.421179 0.885378
v 0.368242 0.422734 0.879879
v 0.368300 0.430415 0.882711
v 0.367173 0.415626 0.877264
v 0.365211 0.409352 0.874934
v 0.375179 0.437798 0.898239
v 0.372364 0.447814 0.901275
v 0.371079 0.438097 0.891693
v 0.368636 0.446735 0.894513
v 0.362445 0.465951 0.903474
v 0.368140 0.457363 0.903213
v 0.359960 0.462384 0.896930
v 0.364954 0.454947 0.896458
v 0.362113 0.453442 0.890613
v 0.357983 0.459754 0.891352
v 0.365132 0.446247 0.888454
v 0.367229 0.438412 0.885695
v 0.355220 0.473082 0.901482
v 0.346816 0.478629 0.897520
v 0.353582 0.468695 0.895331
v 0.346099 0.473748 0.891940
v 0.327882 0.484450 0.884823
v 0.337586 0.482461 0.891873
v 0.329005 0.479432 0.880798
v 0.337789 0.477411 0.887037
v 0.338341 0.472265 0.882095
v 0.330141 0.474104 0.876421
v 0.345957 0.469081 0.886599
v 0.352551 0.464939 0.889849
v 0.318056 0.484465 0.876654
v 0.308544 0.482358 0.868193
v 0.320101 0.479562 0.873401
v 0.311478 0.477732 0.865703
v 0.299780 0.477982 0.860267
v 0.303542 0.473871 0.858562
v 0.306540 0.469549 0.856808
v 0.313773 0.472666 0.862794
v 0.321796 0.474211 0.869660
v 0.734736 0.439926 0.945654
v 0.743129 0.432448 0.941667
v 0.749065 0.441633 0.939590
v 0.739815 0.447637 0.943748
v 0.752795 0.423093 0.935165
v 0.759759 0.434402 0.933049
v 0.753075 0.453078 0.938603
v 0.743399 0.457086 0.942615
v 0.764158 0.448601 0.932482
v 0.763361 0.411747 0.925847
v 0.771547 0.426142 0.923954
v 0.776224 0.444115 0.924253
v 0.779313 0.482975 0.925690
v 0.778662 0.463111 0.925023
v 0.767142 0.481622 0.933052
v 0.766512 0.464528 0.932656
v 0.755970 0.480383 0.938563
v 0.746180 0.479388 0.942180
v 0.745512 0.467821 0.942133
v 0.755323 0.466191 0.938372
v 0.778630 0.503550 0.925679
v 0.776084 0.524285 0.925409
v 0.766365 0.499324 0.933148
v 0.763810 0.516618 0.933351
v 0.762429 0.561155 0.926990
v 0.771145 0.544629 0.925302
v 0.751669 0.545211 0.936011
v 0.759106 0.532492 0.934069
v 0.734031 0.521218 0.946618
v 0.739413 0.513071 0.944835
v 0.748471 0.521820 0.940594
v 0.742146 0.531851 0.942527
v 0.743191 0.502836 0.943513
v 0.752748 0.509218 0.939443
v 0.745426 0.491334 0.942634
v 0.755179 0.495066 0.938843
v 0.665473 0.519147 0.975670
v 0.655444 0.532215 0.979649
v 0.649748 0.522430 0.982274
v 0.660651 0.511422 0.977786
v 0.641888 0.548981 0.983290
v 0.635162 0.536185 0.986584
v 0.646374 0.510084 0.983619
v 0.657539 0.501906 0.978832
v 0.631711 0.519840 0.988270
v 0.624683 0.569152 0.986317
v 0.616797 0.552029 0.990458
v 0.613628 0.530190 0.992484
v 0.612835 0.485667 0.991726
v 0.612633 0.507862 0.992822
v 0.630158 0.483451 0.987828
v 0.630318 0.501909 0.988612
v 0.644285 0.481505 0.983372
v 0.655141 0.479971 0.978696
v 0.655811 0.491216 0.979054
v 0.644745 0.496127 0.983910
v 0.644418 0.467165 0.982231
v 0.655205 0.468790 0.978002
v 0.630405 0.465526 0.986138
v 0.645819 0.453781 0.980514
v 0.656451 0.458195 0.976902
v 0.631956 0.448773 0.983634
v 0.613257 0.464229 0.989449
v 0.614922 0.443732 0.986034
v 0.627442 0.409086 0.976453
v 0.618852 0.424357 0.981526
v 0.642898 0.422031 0.976682
v 0.635707 0.433829 0.980411
v 0.655133 0.432572 0.975466
v 0.664277 0.440845 0.973191
v 0.659325 0.448706 0.975322
v 0.649166 0.442026 0.978250
v 0.700224 0.396592 0.954213
v 0.681504 0.396313 0.960449
v 0.701460 0.408969 0.957963
v 0.685452 0.409116 0.963409
v 0.662277 0.397434 0.966058
v 0.669544 0.410782 0.968266
v 0.701820 0.419618 0.959632
v 0.701532 0.428470 0.959707
v 0.691162 0.429188 0.963567
v 0.688756 0.420104 0.964252
v 0.680976 0.431329 0.967186
v 0.675943 0.422100 0.968446
v 0.664398 0.426093 0.972191
v 0.671754 0.435133 0.970436
v 0.654768 0.414718 0.972663
v 0.643087 0.400902 0.971345
v 0.728138 0.434407 0.948455
v 0.735106 0.426110 0.945166
v 0.720251 0.430826 0.951899
v 0.725326 0.422164 0.949632
v 0.742742 0.415832 0.939637
v 0.730391 0.411653 0.945504
v 0.711305 0.428932 0.955733
v 0.714120 0.420152 0.954606
v 0.716535 0.409590 0.951803
v 0.717894 0.397324 0.947045
v 0.734592 0.399342 0.939379
v 0.750395 0.403482 0.931651
v 0.696226 0.578732 0.954944
v 0.714303 0.577439 0.946880
v 0.698177 0.560119 0.957865
v 0.713445 0.559359 0.951212
v 0.731756 0.575014 0.939216
v 0.727839 0.557316 0.945140
v 0.699340 0.543756 0.959063
v 0.699793 0.530360 0.958857
v 0.709473 0.530455 0.954968
v 0.711664 0.543478 0.953876
v 0.718668 0.529342 0.951653
v 0.723241 0.541913 0.949302
v 0.733569 0.538293 0.945474
v 0.726985 0.526452 0.948880
v 0.740914 0.553043 0.939887
v 0.748549 0.570434 0.932107
v 0.672330 0.524460 0.972238
v 0.664036 0.538493 0.975519
v 0.680690 0.527805 0.967973
v 0.674740 0.542011 0.970381
v 0.653109 0.556269 0.978128
v 0.667185 0.559604 0.971763
v 0.690021 0.529624 0.963352
v 0.686770 0.543517 0.964730
v 0.682483 0.560545 0.964862
v 0.677564 0.579916 0.963254
v 0.658653 0.579834 0.971566
v 0.639831 0.577333 0.979637
v 0.708744 0.435853 0.955469
v 0.700823 0.435458 0.958677
v 0.716018 0.437594 0.952441
v 0.706534 0.441562 0.954272
v 0.699882 0.441231 0.956959
v 0.712653 0.443083 0.951798
v 0.727988 0.445642 0.947428
v 0.722486 0.440813 0.949720
v 0.722758 0.449959 0.947738
v 0.718115 0.445836 0.949615
v 0.714986 0.449986 0.948795
v 0.718924 0.453242 0.947332
v 0.710178 0.447914 0.950506
v 0.698899 0.446440 0.954970
v 0.704776 0.446708 0.952603
v 0.732361 0.452214 0.945692
v 0.735551 0.460166 0.944515
v 0.726422 0.455593 0.946182
v 0.729108 0.462425 0.945034
v 0.738155 0.478764 0.943862
v 0.737501 0.469137 0.943904
v 0.731433 0.478420 0.944286
v 0.730823 0.470144 0.944380
v 0.725011 0.470846 0.944258
v 0.725548 0.478265 0.944132
v 0.723649 0.463966 0.944899
v 0.721716 0.458000 0.945978
v 0.737458 0.488685 0.944394
v 0.735434 0.498224 0.945393
v 0.730807 0.486922 0.944816
v 0.729048 0.495060 0.945809
v 0.727498 0.513450 0.948361
v 0.732106 0.506704 0.946751
v 0.722416 0.507905 0.948520
v 0.726261 0.502244 0.947104
v 0.721590 0.499218 0.946656
v 0.718655 0.503940 0.947857
v 0.723607 0.493023 0.945487
v 0.725003 0.485848 0.944594
v 0.721635 0.517785 0.950116
v 0.714827 0.520142 0.952147
v 0.717486 0.511474 0.949874
v 0.711760 0.513351 0.951381
v 0.699616 0.520647 0.957568
v 0.707384 0.520952 0.954587
v 0.699042 0.513553 0.955650
v 0.705526 0.513940 0.953252
v 0.704027 0.508390 0.951481
v 0.698304 0.508012 0.953558
v 0.709507 0.508006 0.949950
v 0.714505 0.506696 0.948849
v 0.691833 0.519659 0.961223
v 0.684405 0.517736 0.965091
v 0.692565 0.512503 0.958739
v 0.686401 0.510674 0.962089
v 0.672100 0.510070 0.971628
v 0.677704 0.514623 0.968712
v 0.676193 0.504110 0.967807
v 0.680854 0.507949 0.965270
v 0.682474 0.503404 0.962241
v 0.678621 0.500396 0.964488
v 0.687190 0.505491 0.959321
v 0.692580 0.507036 0.956299
v 0.667964 0.503822 0.973377
v 0.665125 0.496287 0.974212
v 0.672687 0.498940 0.969222
v 0.670207 0.492736 0.969829
v 0.662653 0.478990 0.974135
v 0.663411 0.487874 0.974381
v 0.667873 0.478435 0.969762
v 0.668625 0.485800 0.969937
v 0.672528 0.484690 0.965769
v 0.671854 0.478175 0.965646
v 0.673861 0.490761 0.965756
v 0.675821 0.496089 0.965495
v 0.662679 0.470044 0.973726
v 0.663788 0.461450 0.973025
v 0.667885 0.470946 0.969520
v 0.668850 0.463705 0.969088
v 0.670458 0.446984 0.970242
v 0.666281 0.453625 0.971906
v 0.674459 0.451431 0.967076
v 0.670959 0.457082 0.968347
v 0.674286 0.459376 0.964987
v 0.677065 0.454625 0.964151
v 0.672655 0.465118 0.965294
v 0.671871 0.471518 0.965500
v 0.676617 0.441944 0.967904
v 0.684142 0.438407 0.965076
v 0.679594 0.447105 0.965057
v 0.685877 0.444010 0.962541
v 0.692417 0.436277 0.961940
v 0.692818 0.442050 0.959778
v 0.692663 0.447184 0.957488
v 0.686613 0.448812 0.960003
v 0.681294 0.451198 0.962357
v 0.398026 0.351284 0.041987
v 0.400488 0.333249 0.051179
v 0.397796 0.368888 0.033789
v 0.408613 0.350399 0.039704
v 0.410224 0.334159 0.048154
v 0.409509 0.365900 0.032072
v 0.408381 0.399993 0.019580
v 0.400455 0.385895 0.026296
v 0.421355 0.391729 0.019434
v 0.413438 0.380057 0.025277
v 0.439960 0.381077 0.022857
v 0.432487 0.371959 0.027751
v 0.424042 0.375445 0.025868
v 0.431803 0.385579 0.020583
v 0.427489 0.361111 0.033591
v 0.419372 0.363232 0.032138
v 0.424990 0.349145 0.040013
v 0.425014 0.336671 0.046652
v 0.418282 0.335338 0.046698
v 0.417537 0.349632 0.039160
v 0.491801 0.341818 0.054520
v 0.480799 0.342573 0.055072
v 0.479904 0.352254 0.050251
v 0.490682 0.351612 0.049792
v 0.469626 0.342718 0.055230
v 0.469089 0.352127 0.050415
v 0.479471 0.361546 0.045215
v 0.489831 0.361058 0.044838
v 0.469264 0.361105 0.045399
v 0.459010 0.342364 0.054856
v 0.449679 0.341621 0.053809
v 0.449910 0.350701 0.048967
v 0.458877 0.351516 0.050061
v 0.451574 0.359184 0.044071
v 0.459789 0.360127 0.045142
v 0.456697 0.371036 0.036236
v 0.462058 0.373499 0.035761
v 0.461240 0.367568 0.040372
v 0.454154 0.366346 0.039535
v 0.469971 0.375810 0.035229
v 0.469748 0.369143 0.040316
v 0.479120 0.377036 0.034789
v 0.488900 0.376848 0.034507
v 0.489240 0.369641 0.039722
v 0.479282 0.369967 0.040037
v 0.491396 0.241932 0.090003
v 0.470341 0.246857 0.092503
v 0.490413 0.255508 0.081927
v 0.472003 0.259786 0.083596
v 0.432008 0.263765 0.091267
v 0.449768 0.253610 0.093612
v 0.439626 0.274900 0.081003
v 0.454663 0.265995 0.083594
v 0.449762 0.293000 0.068284
v 0.461702 0.286234 0.070743
v 0.458553 0.276938 0.075902
v 0.445344 0.284693 0.073315
v 0.475054 0.281452 0.071718
v 0.473580 0.271441 0.076543
v 0.489008 0.278457 0.071248
v 0.489581 0.267840 0.075555
v 0.462157 0.312235 0.065936
v 0.458529 0.317149 0.064501
v 0.466420 0.317098 0.065722
v 0.468508 0.310491 0.067335
v 0.454526 0.324342 0.061833
v 0.463357 0.324746 0.062970
v 0.475881 0.316089 0.066571
v 0.477601 0.308636 0.068404
v 0.473536 0.324411 0.063590
v 0.451397 0.332667 0.058183
v 0.460695 0.333304 0.059253
v 0.471280 0.333383 0.059716
v 0.493197 0.332190 0.058958
v 0.482373 0.332985 0.059606
v 0.494717 0.322950 0.062808
v 0.484272 0.323734 0.063558
v 0.496209 0.314316 0.065773
v 0.497522 0.306509 0.067554
v 0.487634 0.307227 0.068542
v 0.486143 0.315067 0.066635
v 0.501905 0.340342 0.053713
v 0.502975 0.331081 0.057806
v 0.511046 0.338383 0.052533
v 0.511709 0.329690 0.056152
v 0.504022 0.322289 0.061271
v 0.512210 0.321599 0.059109
v 0.519159 0.336179 0.050858
v 0.526182 0.333966 0.048567
v 0.526058 0.326199 0.051345
v 0.519402 0.328052 0.053998
v 0.525374 0.319410 0.053523
v 0.519300 0.320728 0.056484
v 0.523116 0.309822 0.056260
v 0.519351 0.308727 0.058887
v 0.519045 0.314304 0.058252
v 0.524276 0.313698 0.055201
v 0.513496 0.307568 0.062172
v 0.512708 0.314206 0.061210
v 0.506181 0.306726 0.065246
v 0.505080 0.314120 0.063841
v 0.511808 0.413067 0.006339
v 0.488401 0.415446 0.005468
v 0.535219 0.408146 0.008832
v 0.509201 0.404075 0.008752
v 0.488840 0.406546 0.008101
v 0.528979 0.399144 0.010647
v 0.576263 0.387937 0.017309
v 0.557934 0.400165 0.012753
v 0.561420 0.380661 0.017229
v 0.547020 0.391484 0.013589
v 0.539695 0.371788 0.020660
v 0.529726 0.380590 0.018006
v 0.537518 0.385150 0.015324
v 0.549266 0.375446 0.018367
v 0.517358 0.387326 0.016196
v 0.522809 0.392372 0.013060
v 0.503503 0.391928 0.015194
v 0.489070 0.394330 0.014966
v 0.489043 0.399652 0.011246
v 0.506272 0.397182 0.011669
v 0.520528 0.364137 0.034622
v 0.522471 0.358877 0.037503
v 0.515939 0.361522 0.038856
v 0.515470 0.367717 0.034581
v 0.524356 0.351224 0.041276
v 0.517246 0.353733 0.043044
v 0.508089 0.364885 0.039342
v 0.507800 0.371714 0.034511
v 0.508993 0.356636 0.044008
v 0.525604 0.342614 0.045087
v 0.518380 0.345013 0.047125
v 0.510059 0.347584 0.048445
v 0.500780 0.349919 0.049262
v 0.499763 0.359249 0.044521
v 0.498701 0.374916 0.034451
v 0.499016 0.367769 0.039561
v 0.586515 0.370272 0.021705
v 0.591540 0.349829 0.026222
v 0.570275 0.366240 0.021218
v 0.575148 0.349577 0.025625
v 0.595748 0.308867 0.036893
v 0.594190 0.329265 0.031139
v 0.578798 0.314362 0.035996
v 0.577600 0.332030 0.030515
v 0.552981 0.324008 0.036992
v 0.552351 0.336356 0.032669
v 0.563612 0.334394 0.031033
v 0.564491 0.319545 0.035966
v 0.550359 0.348929 0.028300
v 0.561394 0.349224 0.026362
v 0.546357 0.360987 0.024194
v 0.556918 0.363189 0.022093
v 0.548789 0.293767 0.048651
v 0.561489 0.282102 0.051261
v 0.551650 0.302465 0.044778
v 0.564211 0.292861 0.046139
v 0.577562 0.267899 0.055570
v 0.579862 0.281627 0.048784
v 0.552897 0.312628 0.040960
v 0.564951 0.305521 0.041022
v 0.579913 0.297338 0.042172
v 0.597499 0.288922 0.043917
v 0.598236 0.269802 0.051985
v 0.596756 0.251884 0.060869
v 0.404527 0.314952 0.061658
v 0.413817 0.317788 0.057398
v 0.410658 0.296725 0.072656
v 0.419687 0.301938 0.066595
v 0.427585 0.324300 0.053142
v 0.421350 0.321042 0.054520
v 0.432622 0.312552 0.059140
v 0.426827 0.307399 0.061987
v 0.434797 0.295065 0.068465
v 0.440041 0.301945 0.064301
v 0.428129 0.287261 0.074899
v 0.419395 0.278900 0.083404
v 0.465696 0.415801 0.006414
v 0.469051 0.406824 0.008892
v 0.444084 0.413740 0.009166
v 0.450591 0.404652 0.011088
v 0.474969 0.394463 0.015474
v 0.472255 0.399852 0.011888
v 0.461731 0.392311 0.016863
v 0.456635 0.397657 0.013632
v 0.442909 0.392941 0.016517
v 0.449885 0.387855 0.019276
v 0.434216 0.399774 0.014653
v 0.423951 0.408872 0.013712
v 0.454997 0.383996 0.022901
v 0.446063 0.377756 0.026086
v 0.465393 0.388171 0.020848
v 0.458605 0.380770 0.027034
v 0.450624 0.375182 0.029779
v 0.467857 0.384528 0.025368
v 0.488978 0.390145 0.019319
v 0.476853 0.390236 0.019722
v 0.488859 0.386342 0.024138
v 0.478066 0.386422 0.024467
v 0.478768 0.382271 0.029544
v 0.488803 0.382162 0.029257
v 0.469362 0.380673 0.030204
v 0.454155 0.372919 0.033443
v 0.461069 0.377586 0.031318
v 0.501371 0.387853 0.019434
v 0.513276 0.383501 0.020183
v 0.499868 0.384179 0.024189
v 0.510402 0.380146 0.024738
v 0.532598 0.369184 0.024044
v 0.523937 0.377230 0.021681
v 0.527354 0.367235 0.027938
v 0.519772 0.374458 0.025906
v 0.516848 0.371657 0.030235
v 0.523342 0.365546 0.031759
v 0.508574 0.376509 0.029579
v 0.498982 0.380126 0.029261
v 0.538504 0.359502 0.027388
v 0.542127 0.348855 0.031307
v 0.532526 0.358600 0.031081
v 0.535719 0.349107 0.034839
v 0.544421 0.327342 0.039259
v 0.543942 0.337912 0.035399
v 0.537786 0.329887 0.042273
v 0.537362 0.339310 0.038717
v 0.531590 0.340795 0.042115
v 0.532049 0.331982 0.045541
v 0.530154 0.349789 0.038352
v 0.527591 0.358148 0.034682
v 0.544039 0.317815 0.042482
v 0.542551 0.309400 0.045426
v 0.537318 0.321515 0.045067
v 0.535856 0.314196 0.047484
v 0.535278 0.296194 0.051909
v 0.539712 0.302170 0.048449
v 0.529437 0.302742 0.052819
v 0.533298 0.307931 0.049911
v 0.528591 0.311674 0.052291
v 0.525527 0.307155 0.054626
v 0.530512 0.317383 0.050353
v 0.531677 0.324165 0.048195
v 0.529005 0.291544 0.056163
v 0.521057 0.288254 0.060623
v 0.524065 0.298649 0.056679
v 0.517241 0.295660 0.060857
v 0.500792 0.285892 0.067812
v 0.511598 0.286358 0.064702
v 0.499484 0.293168 0.067622
v 0.509025 0.293786 0.064717
v 0.507358 0.300261 0.065218
v 0.498504 0.299750 0.067854
v 0.514864 0.301742 0.061714
v 0.520936 0.303942 0.057975
v 0.488803 0.286890 0.069365
v 0.476405 0.289453 0.069492
v 0.488688 0.293953 0.068935
v 0.477444 0.296154 0.068865
v 0.453482 0.299675 0.065984
v 0.464373 0.293681 0.068322
v 0.456729 0.304998 0.065444
v 0.466557 0.299785 0.067624
v 0.468245 0.305054 0.067632
v 0.459725 0.309250 0.065687
v 0.477982 0.302270 0.068836
v 0.488391 0.300461 0.068985
v 0.444507 0.307536 0.062609
v 0.437617 0.316837 0.058356
v 0.448661 0.311948 0.062558
v 0.442469 0.320253 0.058970
v 0.430774 0.338046 0.047855
v 0.432982 0.327149 0.053385
v 0.436307 0.339382 0.049793
v 0.438266 0.329532 0.054683
v 0.444163 0.331391 0.056471
v 0.442360 0.340601 0.051949
v 0.447834 0.322800 0.060315
v 0.452972 0.315292 0.063318
v 0.431162 0.349099 0.041927
v 0.433962 0.359764 0.036033
v 0.436844 0.349402 0.044394
v 0.439584 0.359053 0.038947
v 0.438990 0.369497 0.030608
v 0.444230 0.367794 0.033912
v 0.448884 0.366582 0.037135
v 0.445146 0.358842 0.041816
v 0.442830 0.349967 0.046909
v 0.761598 0.513168 0.118837
v 0.760840 0.537782 0.121280
v 0.778346 0.513212 0.131171
v 0.777851 0.537533 0.133804
v 0.760359 0.561500 0.124438
v 0.777580 0.560962 0.137047
v 0.795288 0.560962 0.149206
v 0.795360 0.537691 0.146028
v 0.795581 0.513547 0.143358
# 6914 vertices

vn -0.7397 -0.4322 -0.5157
vn -0.7217 -0.4908 -0.4882
vn -0.7890 -0.4469 -0.4215
vn -0.8035 -0.4002 -0.4407
vn -0.7033 -0.5429 -0.4590
vn -0.7713 -0.4919 -0.4039
vn -0.8353 -0.4119 -0.3641
vn -0.8456 -0.3794 -0.3757
vn -0.8210 -0.4464 -0.3559
vn -0.6888 -0.5828 -0.4311
vn -0.6826 -0.6055 -0.4091
vn -0.7451 -0.5557 -0.3687
vn -0.7546 -0.5305 -0.3862
vn -0.7960 -0.5059 -0.3323
vn -0.8061 -0.4800 -0.3462
vn -0.8501 -0.4388 -0.2910
vn -0.8570 -0.4242 -0.2926
vn -0.8413 -0.4416 -0.3118
vn -0.8324 -0.4632 -0.3042
vn -0.8660 -0.4022 -0.2972
vn -0.8523 -0.4153 -0.3178
vn -0.8731 -0.3826 -0.3023
vn -0.8766 -0.3701 -0.3074
vn -0.8686 -0.3703 -0.3291
vn -0.8624 -0.3904 -0.3222
vn -0.7681 -0.3136 -0.5583
vn -0.7660 -0.3262 -0.5539
vn -0.8103 -0.3223 -0.4894
vn -0.8068 -0.3139 -0.5005
vn -0.7611 -0.3482 -0.5473
vn -0.8121 -0.3378 -0.4758
vn -0.8429 -0.3267 -0.4276
vn -0.8378 -0.3197 -0.4426
vn -0.8471 -0.3377 -0.4103
vn -0.7527 -0.3823 -0.5360
vn -0.8106 -0.3625 -0.4600
vn -0.8488 -0.3543 -0.3926
vn -0.8776 -0.3608 -0.3155
vn -0.8698 -0.3553 -0.3424
vn -0.8776 -0.3520 -0.3254
vn -0.8678 -0.3442 -0.3584
vn -0.8773 -0.3432 -0.3356
vn -0.8771 -0.3341 -0.3450
vn -0.8608 -0.3276 -0.3894
vn -0.8644 -0.3352 -0.3747
vn -0.5648 -0.3917 -0.7263
vn -0.5287 -0.4328 -0.7301
vn -0.5955 -0.3969 -0.6985
vn -0.6234 -0.3626 -0.6927
vn -0.4892 -0.4739 -0.7322
vn -0.5630 -0.4361 -0.7021
vn -0.6570 -0.3654 -0.6594
vn -0.6761 -0.3389 -0.6543
vn -0.6331 -0.4005 -0.6624
vn -0.4524 -0.5173 -0.7264
vn -0.4250 -0.5658 -0.7066
vn -0.5031 -0.5381 -0.6763
vn -0.5304 -0.4823 -0.6972
vn -0.5827 -0.5053 -0.6365
vn -0.6073 -0.4461 -0.6574
vn -0.6820 -0.4118 -0.6044
vn -0.6624 -0.4693 -0.5839
vn -0.6994 -0.3702 -0.6114
vn -0.7240 -0.3222 -0.6099
vn -0.7137 -0.3412 -0.6117
vn -0.4134 -0.6159 -0.6706
vn -0.4868 -0.5967 -0.6379
vn -0.4148 -0.6591 -0.6273
vn -0.4813 -0.6456 -0.5929
vn -0.5637 -0.5691 -0.5987
vn -0.5520 -0.6222 -0.5551
vn -0.4255 -0.6907 -0.5848
vn -0.4415 -0.7083 -0.5508
vn -0.4944 -0.6979 -0.5182
vn -0.4846 -0.6801 -0.5502
vn -0.5523 -0.6781 -0.4849
vn -0.5484 -0.6593 -0.5144
vn -0.6167 -0.6274 -0.4755
vn -0.6152 -0.6479 -0.4492
vn -0.6265 -0.5881 -0.5115
vn -0.6427 -0.5335 -0.5498
vn -0.7710 -0.2642 -0.5795
vn -0.8040 -0.2639 -0.5328
vn -0.8078 -0.2398 -0.5384
vn -0.7742 -0.2416 -0.5850
vn -0.8337 -0.2649 -0.4846
vn -0.8357 -0.2399 -0.4940
vn -0.8126 -0.2038 -0.5461
vn -0.7787 -0.2049 -0.5930
vn -0.8377 -0.2055 -0.5061
vn -0.8578 -0.2698 -0.4375
vn -0.8750 -0.2812 -0.3940
vn -0.8689 -0.2618 -0.4202
vn -0.8564 -0.2460 -0.4539
vn -0.8591 -0.2361 -0.4541
vn -0.8533 -0.2149 -0.4750
vn -0.8234 -0.1609 -0.5441
vn -0.8352 -0.1254 -0.5354
vn -0.8470 -0.1752 -0.5019
vn -0.8446 -0.2030 -0.4954
vn -0.8323 -0.1037 -0.5446
vn -0.8374 -0.1606 -0.5225
vn -0.8150 -0.0920 -0.5722
vn -0.7825 -0.0857 -0.6167
vn -0.7823 -0.1534 -0.6037
vn -0.8159 -0.1550 -0.5570
vn -0.6214 -0.2487 -0.7430
vn -0.6629 -0.2549 -0.7039
vn -0.6610 -0.2274 -0.7151
vn -0.6187 -0.2154 -0.7555
vn -0.7010 -0.2598 -0.6642
vn -0.7005 -0.2359 -0.6735
vn -0.6569 -0.1858 -0.7307
vn -0.6121 -0.1697 -0.7724
vn -0.6995 -0.1970 -0.6870
vn -0.7367 -0.2629 -0.6230
vn -0.7380 -0.2406 -0.6304
vn -0.7400 -0.2032 -0.6412
vn -0.7397 -0.0798 -0.6682
vn -0.7411 -0.1499 -0.6544
vn -0.6925 -0.0719 -0.7178
vn -0.6971 -0.1425 -0.7027
vn -0.6415 -0.0599 -0.7648
vn -0.5875 -0.0424 -0.8081
vn -0.6015 -0.1118 -0.7910
vn -0.6504 -0.1300 -0.7484
vn -0.6430 -0.3314 -0.6905
vn -0.5915 -0.3508 -0.7260
vn -0.6887 -0.3168 -0.6521
vn -0.6554 -0.3028 -0.6919
vn -0.6092 -0.3126 -0.7288
vn -0.6965 -0.2962 -0.6536
vn -0.7687 -0.3042 -0.5627
vn -0.7302 -0.3076 -0.6100
vn -0.7691 -0.2926 -0.5682
vn -0.7340 -0.2928 -0.6128
vn -0.7359 -0.2778 -0.6175
vn -0.7698 -0.2791 -0.5741
vn -0.7003 -0.2771 -0.6579
vn -0.6188 -0.2783 -0.7346
vn -0.6617 -0.2772 -0.6967
vn -0.8039 -0.3064 -0.5098
vn -0.8343 -0.3119 -0.4546
vn -0.8025 -0.2952 -0.5185
vn -0.8328 -0.2997 -0.4654
vn -0.8778 -0.3237 -0.3531
vn -0.8589 -0.3183 -0.4012
vn -0.8784 -0.3113 -0.3625
vn -0.8584 -0.3052 -0.4123
vn -0.8583 -0.2890 -0.4240
vn -0.8779 -0.2970 -0.3755
vn -0.8327 -0.2839 -0.4753
vn -0.8025 -0.2809 -0.5263
vn -0.3421 -0.2059 -0.9168
vn -0.3501 -0.1290 -0.9278
vn -0.2564 -0.1143 -0.9598
vn -0.2347 -0.1773 -0.9557
vn -0.3469 -0.0715 -0.9352
vn -0.2617 -0.0552 -0.9636
vn -0.1712 -0.1046 -0.9797
vn -0.1565 -0.1650 -0.9738
vn -0.1775 -0.0456 -0.9831
vn -0.3391 -0.0095 -0.9407
vn -0.3289 0.0554 -0.9427
vn -0.2570 0.0677 -0.9640
vn -0.2603 0.0058 -0.9655
vn -0.1827 0.0716 -0.9806
vn -0.1800 0.0134 -0.9836
vn -0.0233 0.0568 -0.9981
vn -0.0125 0.0087 -0.9999
vn -0.0975 0.0140 -0.9951
vn -0.1049 0.0677 -0.9922
vn -0.0072 -0.0412 -0.9991
vn -0.0927 -0.0409 -0.9949
vn -0.0063 -0.0943 -0.9955
vn -0.0090 -0.1533 -0.9881
vn -0.0827 -0.1592 -0.9838
vn -0.0886 -0.0980 -0.9912
vn -0.5384 -0.3733 -0.7555
vn -0.5065 -0.4232 -0.7512
vn -0.5597 -0.3252 -0.7622
vn -0.4870 -0.3942 -0.7794
vn -0.4536 -0.4515 -0.7684
vn -0.5086 -0.3362 -0.7926
vn -0.5732 -0.2419 -0.7829
vn -0.5707 -0.2809 -0.7716
vn -0.5175 -0.2323 -0.8235
vn -0.5176 -0.2813 -0.8080
vn -0.3796 -0.2884 -0.8790
vn -0.4586 -0.2813 -0.8429
vn -0.4492 -0.2206 -0.8658
vn -0.3812 -0.3586 -0.8521
vn -0.4524 -0.3456 -0.8221
vn -0.3683 -0.4255 -0.8266
vn -0.3446 -0.4888 -0.8014
vn -0.4020 -0.4740 -0.7835
vn -0.4331 -0.4115 -0.8019
vn -0.5696 -0.2006 -0.7970
vn -0.5610 -0.1489 -0.8143
vn -0.5112 -0.1824 -0.8399
vn -0.4999 -0.1247 -0.8570
vn -0.5294 -0.0184 -0.8482
vn -0.5474 -0.0876 -0.8323
vn -0.4663 0.0085 -0.8846
vn -0.4850 -0.0603 -0.8724
vn -0.4151 -0.0329 -0.9092
vn -0.3990 0.0344 -0.9163
vn -0.4285 -0.0970 -0.8983
vn -0.4395 -0.1589 -0.8841
vn -0.2595 -0.5989 -0.7576
vn -0.2537 -0.5862 -0.7694
vn -0.2703 -0.6034 -0.7502
vn -0.2746 -0.6120 -0.7416
vn -0.2490 -0.5724 -0.7812
vn -0.2647 -0.5939 -0.7597
vn -0.2814 -0.6238 -0.7292
vn -0.2864 -0.6319 -0.7202
vn -0.2771 -0.6159 -0.7375
vn -0.2415 -0.5570 -0.7946
vn -0.2303 -0.5411 -0.8088
vn -0.2491 -0.5662 -0.7858
vn -0.2581 -0.5820 -0.7712
vn -0.2701 -0.5891 -0.7616
vn -0.2735 -0.6052 -0.7477
vn -0.3114 -0.6317 -0.7099
vn -0.3032 -0.6477 -0.6990
vn -0.2884 -0.6270 -0.7237
vn -0.2915 -0.6105 -0.7364
vn -0.3009 -0.6597 -0.6887
vn -0.2884 -0.6380 -0.7140
vn -0.3052 -0.6697 -0.6770
vn -0.3172 -0.6794 -0.6616
vn -0.3007 -0.6557 -0.6926
vn -0.2923 -0.6466 -0.7047
vn -0.3578 -0.5862 -0.7269
vn -0.3516 -0.6255 -0.6965
vn -0.3095 -0.5989 -0.7386
vn -0.3085 -0.6264 -0.7158
vn -0.3596 -0.6616 -0.6580
vn -0.3211 -0.6551 -0.6839
vn -0.2779 -0.6044 -0.7467
vn -0.2838 -0.6214 -0.7303
vn -0.2974 -0.6436 -0.7052
vn -0.3364 -0.6909 -0.6399
vn -0.3159 -0.6685 -0.6733
vn -0.3625 -0.7017 -0.6134
vn -0.3405 -0.6814 -0.6479
vn -0.3969 -0.7087 -0.5833
vn -0.3762 -0.6902 -0.6181
vn -0.4655 -0.4692 -0.7504
vn -0.4120 -0.5008 -0.7612
vn -0.4222 -0.5096 -0.7497
vn -0.3683 -0.5400 -0.7568
vn -0.3146 -0.5397 -0.7809
vn -0.3634 -0.5254 -0.7694
vn -0.2854 -0.5737 -0.7677
vn -0.3239 -0.5627 -0.7605
vn -0.2929 -0.5874 -0.7545
vn -0.2640 -0.5926 -0.7610
vn -0.3307 -0.5717 -0.7509
vn -0.3835 -0.5476 -0.7437
vn -0.1795 -0.4597 -0.8697
vn -0.2150 -0.4627 -0.8601
vn -0.2162 -0.4894 -0.8448
vn -0.1878 -0.4886 -0.8520
vn -0.2335 -0.4842 -0.8432
vn -0.2438 -0.5053 -0.8278
vn -0.2242 -0.5173 -0.8259
vn -0.2017 -0.5073 -0.8379
vn -0.2547 -0.5353 -0.8054
vn -0.2483 -0.5241 -0.8147
vn -0.2585 -0.5777 -0.7743
vn -0.2905 -0.5808 -0.7604
vn -0.2698 -0.5376 -0.7989
vn -0.3090 -0.5936 -0.7431
vn -0.2842 -0.5608 -0.7777
vn -0.2917 -0.5867 -0.7554
vn -0.3160 -0.6118 -0.7252
vn -0.2642 -0.5647 -0.7819
vn -0.2160 -0.5247 -0.8234
vn -0.2372 -0.5442 -0.8047
vn -0.2156 -0.5108 -0.8322
vn -0.2064 -0.5023 -0.8397
vn -0.2045 -0.4691 -0.8591
vn -0.2081 -0.4704 -0.8576
vn -0.1949 -0.4971 -0.8455
vn -0.2036 -0.4782 -0.8543
vn -0.1980 -0.4068 -0.8918
vn -0.1981 -0.2993 -0.9334
vn -0.2592 -0.3346 -0.9060
vn -0.2238 -0.4222 -0.8784
vn -0.2847 -0.3790 -0.8805
vn -0.2308 -0.4459 -0.8648
vn -0.2422 -0.3950 -0.8862
vn -0.1846 -0.4458 -0.8759
vn -0.2169 -0.4583 -0.8619
vn -0.2768 -0.4047 -0.8715
vn -0.1619 -0.4670 -0.8693
vn -0.1883 -0.4803 -0.8567
vn -0.1596 -0.4711 -0.8675
vn -0.1794 -0.4891 -0.8536
vn 0.2893 -0.0368 -0.9565
vn 0.2362 -0.1351 -0.9623
vn 0.1230 -0.1905 -0.9740
vn 0.1928 -0.0983 -0.9763
vn 0.1906 -0.2211 -0.9565
vn 0.0597 -0.2671 -0.9618
vn 0.0444 -0.2492 -0.9674
vn 0.1195 -0.1632 -0.9793
vn -0.0260 -0.3179 -0.9478
vn 0.1554 -0.2987 -0.9416
vn 0.1340 -0.3723 -0.9184
vn -0.0290 -0.3875 -0.9214
vn 0.0066 -0.3315 -0.9434
vn -0.1284 -0.4054 -0.9051
vn -0.0873 -0.3691 -0.9253
vn -0.1422 -0.4406 -0.8864
vn -0.1336 -0.4066 -0.9038
vn -0.1753 -0.4264 -0.8874
vn -0.0970 -0.4007 -0.9111
vn -0.0773 -0.3666 -0.9271
vn -0.0433 -0.3438 -0.9380
vn 0.0171 -0.2717 -0.9622
vn 0.0621 -0.2232 -0.9728
vn -0.0099 -0.3034 -0.9528
vn 0.1297 -0.4450 -0.8861
vn -0.0406 -0.4439 -0.8952
vn 0.1369 -0.5146 -0.8465
vn -0.0350 -0.5050 -0.8624
vn -0.1456 -0.4414 -0.8854
vn -0.1463 -0.4887 -0.8601
vn 0.1489 -0.5769 -0.8032
vn 0.1590 -0.6289 -0.7611
vn -0.0036 -0.6272 -0.7788
vn -0.0201 -0.5676 -0.8231
vn -0.1240 -0.6086 -0.7837
vn -0.1369 -0.5462 -0.8264
vn -0.2094 -0.5285 -0.8227
vn -0.2063 -0.5888 -0.7815
vn -0.2082 -0.4796 -0.8524
vn -0.1991 -0.4459 -0.8726
vn 0.2251 -0.0941 -0.9698
vn 0.1632 -0.1233 -0.9789
vn 0.1973 -0.0787 -0.9772
vn 0.2663 -0.0600 -0.9620
vn 0.1145 -0.1352 -0.9842
vn 0.1345 -0.0871 -0.9871
vn 0.2086 -0.0472 -0.9769
vn 0.2766 -0.0434 -0.9600
vn 0.1424 -0.0473 -0.9887
vn 0.0578 -0.1457 -0.9876
vn 0.0692 -0.0914 -0.9934
vn 0.0722 -0.0439 -0.9964
vn 0.0550 0.0399 -0.9977
vn 0.0674 -0.0008 -0.9977
vn 0.1264 0.0206 -0.9918
vn 0.1388 -0.0122 -0.9902
vn 0.1957 0.0023 -0.9807
vn 0.2681 -0.0120 -0.9633
vn 0.2764 -0.0284 -0.9606
vn 0.2068 -0.0221 -0.9781
vn 0.4755 0.0826 -0.8758
vn 0.4249 0.0426 -0.9043
vn 0.4511 0.0138 -0.8924
vn 0.5013 0.0435 -0.8642
vn 0.3701 0.0003 -0.9290
vn 0.3947 -0.0148 -0.9187
vn 0.4690 -0.0050 -0.8832
vn 0.5223 0.0173 -0.8526
vn 0.4095 -0.0234 -0.9120
vn 0.3082 -0.0414 -0.9504
vn 0.3340 -0.0394 -0.9418
vn 0.3452 -0.0363 -0.9378
vn 0.3439 -0.0195 -0.9388
vn 0.3477 -0.0297 -0.9371
vn 0.4182 -0.0198 -0.9081
vn 0.4164 -0.0249 -0.9088
vn 0.4894 -0.0125 -0.8720
vn 0.5557 0.0022 -0.8314
vn 0.5401 0.0037 -0.8416
vn 0.4810 -0.0137 -0.8766
vn 0.2639 -0.0123 -0.9645
vn 0.3442 0.0505 -0.9375
vn 0.1962 -0.0805 -0.9773
vn 0.3291 0.0407 -0.9434
vn 0.3953 0.0996 -0.9132
vn 0.2677 -0.0248 -0.9632
vn 0.0813 -0.2047 -0.9754
vn 0.1363 -0.1469 -0.9797
vn 0.1433 -0.1564 -0.9773
vn 0.2070 -0.0929 -0.9739
vn 0.2677 -0.0567 -0.9618
vn 0.1954 -0.1228 -0.9730
vn 0.3280 0.0026 -0.9447
vn 0.4399 0.1098 -0.8913
vn 0.3840 0.0589 -0.9214
vn 0.6209 0.1113 -0.7759
vn 0.6197 0.1298 -0.7740
vn 0.6069 0.1006 -0.7884
vn 0.6080 0.0874 -0.7891
vn 0.6149 0.1460 -0.7749
vn 0.6052 0.1128 -0.7881
vn 0.5965 0.0831 -0.7983
vn 0.5985 0.0732 -0.7978
vn 0.5973 0.0922 -0.7967
vn 0.6073 0.1575 -0.7787
vn 0.5973 0.1616 -0.7856
vn 0.6021 0.1224 -0.7889
vn 0.6035 0.1210 -0.7881
vn 0.6092 0.0967 -0.7871
vn 0.6015 0.0977 -0.7929
vn 0.6283 0.0778 -0.7741
vn 0.6034 0.0835 -0.7931
vn 0.6015 0.0855 -0.7943
vn 0.6181 0.0822 -0.7818
vn 0.5875 0.0832 -0.8049
vn 0.5915 0.0825 -0.8021
vn 0.5809 0.0782 -0.8102
vn 0.5831 0.0701 -0.8093
vn 0.5909 0.0675 -0.8039
vn 0.5881 0.0757 -0.8052
vn 0.6161 0.0633 -0.7851
vn 0.6073 0.1491 -0.7804
vn 0.6417 0.1463 -0.7529
vn 0.6566 0.0650 -0.7514
vn 0.5998 0.1905 -0.7771
vn 0.6266 0.1851 -0.7571
vn 0.6676 0.1357 -0.7320
vn 0.6867 0.0604 -0.7244
vn 0.6469 0.1716 -0.7430
vn 0.5962 0.1930 -0.7793
vn 0.6146 0.1872 -0.7663
vn 0.6286 0.1735 -0.7581
vn 0.6407 0.1304 -0.7566
vn 0.6375 0.1538 -0.7549
vn 0.6658 0.1260 -0.7355
vn 0.6602 0.1513 -0.7357
vn 0.6923 0.0944 -0.7154
vn 0.7152 0.0317 -0.6982
vn 0.7062 0.0492 -0.7063
vn 0.6846 0.1181 -0.7193
vn 0.4284 0.0966 -0.8984
vn 0.3951 0.0084 -0.9186
vn 0.4611 0.1427 -0.8758
vn 0.5015 0.1268 -0.8558
vn 0.4867 0.0380 -0.8727
vn 0.5180 0.1711 -0.8381
vn 0.5194 0.1154 -0.8467
vn 0.4920 0.1482 -0.8579
vn 0.5552 0.1400 -0.8199
vn 0.5361 0.1743 -0.8260
vn 0.5710 0.1890 -0.7989
vn 0.5813 0.1556 -0.7987
vn 0.5644 0.1865 -0.8041
vn 0.5609 0.0554 -0.8260
vn 0.5615 0.1435 -0.8150
vn 0.5434 0.0718 -0.8364
vn 0.5661 0.0426 -0.8232
vn 0.5751 0.0960 -0.8124
vn 0.5962 0.0666 -0.8000
vn 0.6086 0.0230 -0.7931
vn 0.5880 0.0267 -0.8084
vn 0.6389 0.0448 -0.7680
vn 0.6179 0.0499 -0.7847
vn 0.6281 0.0695 -0.7751
vn 0.6455 0.0640 -0.7610
vn 0.6107 0.0856 -0.7872
vn 0.5949 0.1136 -0.7958
vn 0.6103 -0.3029 -0.7320
vn 0.6464 -0.2867 -0.7070
vn 0.6329 -0.3538 -0.6886
vn 0.6019 -0.3722 -0.7065
vn 0.6754 -0.2695 -0.6864
vn 0.6581 -0.3338 -0.6749
vn 0.6186 -0.4040 -0.6739
vn 0.5920 -0.4247 -0.6850
vn 0.6399 -0.3824 -0.6665
vn 0.6969 -0.2538 -0.6707
vn 0.7105 -0.2422 -0.6607
vn 0.6906 -0.2975 -0.6592
vn 0.6774 -0.3142 -0.6652
vn 0.6681 -0.3424 -0.6607
vn 0.6563 -0.3613 -0.6624
vn 0.6313 -0.3895 -0.6706
vn 0.6241 -0.4022 -0.6698
vn 0.6376 -0.3918 -0.6633
vn 0.6467 -0.3741 -0.6647
vn 0.6097 -0.4223 -0.6707
vn 0.6238 -0.4125 -0.6639
vn 0.5902 -0.4470 -0.6722
vn 0.5657 -0.4754 -0.6737
vn 0.5804 -0.4589 -0.6727
vn 0.6047 -0.4351 -0.6671
vn 0.3152 -0.3552 -0.8801
vn 0.3154 -0.4337 -0.8440
vn 0.4559 -0.3365 -0.8240
vn 0.4558 -0.4136 -0.7882
vn 0.3195 -0.5027 -0.8032
vn 0.4549 -0.4771 -0.7519
vn 0.5528 -0.3185 -0.7701
vn 0.5493 -0.3914 -0.7383
vn 0.5437 -0.4487 -0.7093
vn 0.5214 -0.5129 -0.6819
vn 0.5350 -0.4889 -0.6891
vn 0.4415 -0.5582 -0.7025
vn 0.4509 -0.5252 -0.7217
vn 0.3214 -0.6013 -0.7315
vn 0.3229 -0.5588 -0.7638
vn 0.3644 -0.0946 -0.9264
vn 0.4736 -0.0679 -0.8781
vn 0.3400 -0.1872 -0.9216
vn 0.4638 -0.1640 -0.8706
vn 0.6205 -0.0414 -0.7831
vn 0.5594 -0.0512 -0.8273
vn 0.6201 -0.1367 -0.7725
vn 0.5571 -0.1481 -0.8171
vn 0.5550 -0.2365 -0.7975
vn 0.6164 -0.2233 -0.7551
vn 0.4580 -0.2526 -0.8523
vn 0.3233 -0.2728 -0.9061
vn 0.6641 -0.0348 -0.7468
vn 0.6964 -0.0324 -0.7169
vn 0.6635 -0.1262 -0.7374
vn 0.6963 -0.1177 -0.7080
vn 0.7275 -0.0446 -0.6847
vn 0.7174 -0.0354 -0.6957
vn 0.7299 -0.1150 -0.6739
vn 0.7184 -0.1135 -0.6863
vn 0.7111 -0.1858 -0.6781
vn 0.7239 -0.1805 -0.6659
vn 0.6888 -0.1963 -0.6979
vn 0.6571 -0.2097 -0.7240
vn -0.7359 0.1108 -0.6680
vn -0.7526 0.0814 -0.6535
vn -0.7750 0.0627 -0.6288
vn -0.7550 0.0888 -0.6497
vn -0.7664 0.0392 -0.6412
vn -0.7927 0.0240 -0.6091
vn -0.7758 0.0387 -0.6298
vn -0.7505 0.0638 -0.6578
vn -0.7994 0.0023 -0.6007
vn -0.7768 -0.0164 -0.6295
vn -0.8067 -0.0276 -0.5903
vn -0.8191 -0.0453 -0.5718
vn -0.7924 -0.1158 -0.5990
vn -0.8147 -0.0735 -0.5752
vn -0.7529 -0.0745 -0.6539
vn -0.7867 -0.0294 -0.6166
vn -0.7092 -0.0372 -0.7040
vn -0.6670 -0.0039 -0.7450
vn -0.7217 0.0336 -0.6914
vn -0.7545 0.0063 -0.6563
vn -0.6498 0.1078 -0.7524
vn -0.6716 0.1281 -0.7297
vn -0.6896 0.1027 -0.7169
vn -0.6694 0.0845 -0.7380
vn -0.6941 0.1345 -0.7072
vn -0.7112 0.1087 -0.6945
vn -0.6824 0.0804 -0.7266
vn -0.6647 0.0651 -0.7442
vn -0.7030 0.0846 -0.7062
vn -0.7159 0.1284 -0.6863
vn -0.7334 0.1037 -0.6718
vn -0.7260 0.0788 -0.6832
vn -0.6335 0.0226 -0.7734
vn -0.6930 0.0521 -0.7191
vn -0.6092 0.0388 -0.7921
vn -0.6690 0.0614 -0.7408
vn -0.5933 0.0441 -0.8038
vn -0.5848 0.0379 -0.8103
vn -0.6361 0.0494 -0.7700
vn -0.6501 0.0608 -0.7574
vn -0.4659 0.2193 -0.8573
vn -0.4869 0.2349 -0.8413
vn -0.5431 0.2100 -0.8130
vn -0.5207 0.1898 -0.8324
vn -0.5031 0.2338 -0.8320
vn -0.5627 0.2123 -0.7989
vn -0.5935 0.1831 -0.7837
vn -0.5706 0.1610 -0.8053
vn -0.6153 0.1877 -0.7656
vn -0.5170 0.2164 -0.8282
vn -0.5303 0.1828 -0.8279
vn -0.5965 0.1665 -0.7852
vn -0.5805 0.1977 -0.7899
vn -0.6532 0.1493 -0.7423
vn -0.6355 0.1762 -0.7517
vn -0.6808 0.1529 -0.7163
vn -0.6997 0.1309 -0.7023
vn -0.6593 0.1614 -0.7343
vn -0.6140 0.1335 -0.7779
vn -0.6367 0.1555 -0.7553
vn -0.5438 0.1379 -0.8278
vn -0.6096 0.1233 -0.7831
vn -0.5577 0.0863 -0.8256
vn -0.6209 0.0721 -0.7805
vn -0.6667 0.1102 -0.7371
vn -0.6772 0.0610 -0.7332
vn -0.5724 0.0267 -0.8195
vn -0.6315 0.0114 -0.7753
vn -0.6858 0.0006 -0.7278
vn -0.7344 -0.0078 -0.6787
vn -0.7258 0.0508 -0.6861
vn -0.7143 0.0968 -0.6931
vn -0.5810 0.1377 -0.8022
vn -0.6082 0.1175 -0.7850
vn -0.5963 0.1715 -0.7843
vn -0.5703 0.1931 -0.7984
vn -0.6186 0.1014 -0.7792
vn -0.6090 0.1526 -0.7784
vn -0.5848 0.2338 -0.7768
vn -0.5623 0.2573 -0.7859
vn -0.5983 0.2111 -0.7730
vn -0.6121 0.0921 -0.7854
vn -0.5898 0.0919 -0.8023
vn -0.5942 0.1410 -0.7919
vn -0.6083 0.1410 -0.7811
vn -0.5972 0.1954 -0.7779
vn -0.6029 0.1961 -0.7734
vn -0.5988 0.2862 -0.7480
vn -0.5912 0.3150 -0.7425
vn -0.5971 0.2560 -0.7602
vn -0.5982 0.2497 -0.7614
vn -0.5801 0.3486 -0.7362
vn -0.5885 0.2773 -0.7595
vn -0.5679 0.3795 -0.7304
vn -0.5561 0.4038 -0.7265
vn -0.5576 0.3287 -0.7622
vn -0.5750 0.3042 -0.7595
vn -0.3327 0.2420 -0.9115
vn -0.4119 0.2093 -0.8868
vn -0.3962 0.2580 -0.8812
vn -0.3097 0.2843 -0.9073
vn -0.4813 0.1818 -0.8575
vn -0.4702 0.2345 -0.8508
vn -0.3903 0.3171 -0.8644
vn -0.2985 0.3369 -0.8930
vn -0.4666 0.2973 -0.8330
vn -0.5382 0.1584 -0.8278
vn -0.5288 0.2133 -0.8215
vn -0.5246 0.2774 -0.8049
vn -0.5307 0.4238 -0.7340
vn -0.5256 0.3489 -0.7759
vn -0.4812 0.4433 -0.7562
vn -0.4707 0.3682 -0.8018
vn -0.4095 0.4594 -0.7882
vn -0.3177 0.4688 -0.8242
vn -0.3010 0.3993 -0.8660
vn -0.3949 0.3855 -0.8339
vn -0.4941 0.1679 -0.8530
vn -0.4365 0.2020 -0.8767
vn -0.5465 0.1377 -0.8261
vn -0.4649 0.1629 -0.8703
vn -0.4015 0.1996 -0.8938
vn -0.5220 0.1320 -0.8427
vn -0.6298 0.0875 -0.7718
vn -0.5921 0.1110 -0.7982
vn -0.6113 0.0839 -0.7870
vn -0.5712 0.1060 -0.8139
vn -0.5527 0.1208 -0.8246
vn -0.5948 0.0994 -0.7977
vn -0.4994 0.1459 -0.8540
vn -0.3652 0.2128 -0.9063
vn -0.4362 0.1762 -0.8824
vn -0.6517 0.0668 -0.7555
vn -0.6504 0.0504 -0.7580
vn -0.6356 0.0645 -0.7693
vn -0.6383 0.0496 -0.7682
vn -0.5815 0.0310 -0.8130
vn -0.6265 0.0383 -0.7785
vn -0.5819 0.0359 -0.8124
vn -0.6199 0.0399 -0.7837
vn -0.6155 0.0565 -0.7861
vn -0.5852 0.0549 -0.8090
vn -0.6279 0.0652 -0.7755
vn -0.6212 0.0801 -0.7796
vn -0.1710 0.3764 -0.9105
vn -0.1524 0.3825 -0.9113
vn -0.1458 0.3965 -0.9064
vn -0.1593 0.3959 -0.9044
vn -0.1392 0.3963 -0.9075
vn -0.1343 0.4072 -0.9034
vn -0.1242 0.4105 -0.9034
vn -0.1371 0.4128 -0.9004
vn -0.1107 0.4211 -0.9002
vn -0.1302 0.4187 -0.8987
vn -0.1245 0.4503 -0.8842
vn -0.1086 0.4623 -0.8800
vn -0.1227 0.4289 -0.8950
vn -0.0719 0.4848 -0.8717
vn -0.0941 0.4456 -0.8902
vn 0.0591 0.5478 -0.8345
vn 0.0219 0.5001 -0.8657
vn -0.0457 0.4694 -0.8818
vn -0.0155 0.5146 -0.8573
vn -0.0111 0.4687 -0.8833
vn -0.0695 0.4408 -0.8949
vn -0.0394 0.4535 -0.8904
vn -0.0630 0.4543 -0.8886
vn -0.1050 0.4311 -0.8962
vn -0.0887 0.4283 -0.8993
vn -0.2741 0.3238 -0.9055
vn -0.2519 0.3430 -0.9049
vn -0.2191 0.3670 -0.9041
vn -0.2364 0.3424 -0.9094
vn -0.2248 0.3591 -0.9058
vn -0.1986 0.3850 -0.9013
vn -0.1855 0.3864 -0.9035
vn -0.1991 0.3577 -0.9124
vn -0.1694 0.4060 -0.8980
vn -0.1965 0.3706 -0.9078
vn -0.1777 0.3950 -0.9013
vn -0.1526 0.4152 -0.8968
vn -0.0830 0.4553 -0.8864
vn -0.1211 0.4343 -0.8926
vn -0.1001 0.4422 -0.8913
vn -0.1367 0.4244 -0.8951
vn -0.1131 0.4163 -0.9021
vn -0.1214 0.3790 -0.9174
vn -0.1611 0.3699 -0.9150
vn -0.1505 0.4025 -0.9030
vn -0.3802 0.2397 -0.8933
vn -0.4111 0.2486 -0.8770
vn -0.3414 0.2421 -0.9082
vn -0.3307 0.2775 -0.9020
vn -0.3606 0.2764 -0.8908
vn -0.2925 0.2850 -0.9128
vn -0.2617 0.2795 -0.9238
vn -0.2999 0.2555 -0.9191
vn -0.2133 0.3162 -0.9244
vn -0.2514 0.2983 -0.9208
vn -0.2175 0.3377 -0.9158
vn -0.1841 0.3493 -0.9187
vn -0.2539 0.3250 -0.9110
vn -0.3149 0.3017 -0.8999
vn -0.2880 0.3126 -0.9052
vn -0.2333 0.3128 -0.9207
vn -0.2174 0.3553 -0.9091
vn -0.1846 0.3395 -0.9223
vn -0.1672 0.3707 -0.9136
vn -0.2311 0.4667 -0.8537
vn -0.2162 0.4070 -0.8875
vn -0.1723 0.4580 -0.8721
vn -0.1627 0.4102 -0.8974
vn -0.1357 0.4133 -0.9004
vn -0.1381 0.4507 -0.8819
vn -0.1428 0.3843 -0.9121
vn -0.1591 0.3632 -0.9180
vn -0.3010 0.2260 -0.9265
vn -0.2569 0.2293 -0.9389
vn -0.2554 0.1981 -0.9463
vn -0.3045 0.1941 -0.9325
vn -0.2093 0.2287 -0.9507
vn -0.2025 0.1963 -0.9594
vn -0.2542 0.1631 -0.9533
vn -0.3102 0.1571 -0.9376
vn -0.1947 0.1618 -0.9674
vn -0.1572 0.2232 -0.9620
vn -0.0998 0.2118 -0.9722
vn -0.0813 0.1732 -0.9815
vn -0.1448 0.1881 -0.9714
vn -0.0605 0.1370 -0.9887
vn -0.1304 0.1531 -0.9796
vn -0.1164 0.1145 -0.9866
vn -0.0402 0.0996 -0.9942
vn -0.1876 0.1218 -0.9747
vn -0.3185 0.1122 -0.9413
vn -0.2546 0.1211 -0.9594
vn -0.4626 0.1976 -0.8643
vn -0.4758 0.1544 -0.8659
vn -0.4013 0.2100 -0.8916
vn -0.4126 0.1707 -0.8948
vn -0.4918 0.1053 -0.8643
vn -0.4278 0.1254 -0.8951
vn -0.3474 0.2195 -0.9117
vn -0.3553 0.1845 -0.9163
vn -0.3670 0.1437 -0.9191
vn -0.3820 0.0948 -0.9193
vn -0.4462 0.0722 -0.8920
vn -0.5101 0.0483 -0.8588
vn -0.4304 0.2563 -0.8655
vn -0.3780 0.2743 -0.8842
vn -0.4429 0.2504 -0.8609
vn -0.3879 0.2627 -0.8835
vn -0.2877 0.3028 -0.9086
vn -0.3304 0.2896 -0.8983
vn -0.2951 0.2799 -0.9136
vn -0.3386 0.2722 -0.9007
vn -0.3430 0.2490 -0.9057
vn -0.2987 0.2544 -0.9198
vn -0.3943 0.2415 -0.8867
vn -0.4525 0.2309 -0.8613
vn -0.2478 0.3149 -0.9162
vn -0.2080 0.3252 -0.9225
vn -0.2543 0.2872 -0.9235
vn -0.2125 0.2930 -0.9322
vn -0.1242 0.3366 -0.9334
vn -0.1672 0.3327 -0.9281
vn -0.1214 0.2946 -0.9479
vn -0.1685 0.2960 -0.9402
vn -0.1652 0.2595 -0.9515
vn -0.1132 0.2531 -0.9608
vn -0.2128 0.2609 -0.9416
vn -0.2569 0.2587 -0.9311
vn 0.2075 0.1352 -0.9688
vn 0.2206 0.0802 -0.9721
vn 0.1306 0.1003 -0.9863
vn 0.1098 0.1511 -0.9824
vn 0.2372 0.0392 -0.9707
vn 0.1541 0.0605 -0.9862
vn 0.0541 0.1254 -0.9906
vn 0.0303 0.1719 -0.9846
vn 0.0803 0.0866 -0.9930
vn 0.2541 0.0090 -0.9671
vn 0.1770 0.0285 -0.9838
vn 0.1056 0.0526 -0.9930
vn 0.0347 0.0776 -0.9964
vn 0.0103 0.1135 -0.9935
vn -0.0378 0.1935 -0.9804
vn -0.0149 0.1510 -0.9884
vn 0.2087 0.3980 -0.8933
vn 0.2024 0.3311 -0.9216
vn 0.0828 0.3316 -0.9398
vn 0.0852 0.3949 -0.9148
vn 0.1994 0.2648 -0.9435
vn 0.0861 0.2698 -0.9591
vn -0.0064 0.3335 -0.9427
vn -0.0060 0.3901 -0.9207
vn -0.0002 0.2782 -0.9605
vn 0.2008 0.1994 -0.9591
vn 0.0950 0.2096 -0.9732
vn 0.0122 0.2244 -0.9744
vn -0.0554 0.2401 -0.9692
vn -0.0674 0.2876 -0.9554
vn -0.0729 0.3851 -0.9200
vn -0.0733 0.3359 -0.9391
vn 0.6189 0.3544 -0.7010
vn 0.6243 0.3088 -0.7175
vn 0.5511 0.3218 -0.7699
vn 0.5521 0.3749 -0.7448
vn 0.6245 0.2580 -0.7372
vn 0.5454 0.2639 -0.7955
vn 0.4545 0.3291 -0.8277
vn 0.4607 0.3894 -0.7976
vn 0.4453 0.2654 -0.8551
vn 0.6196 0.2010 -0.7588
vn 0.6103 0.1371 -0.7802
vn 0.5250 0.1318 -0.8408
vn 0.5363 0.2006 -0.8199
vn 0.4259 0.1279 -0.8957
vn 0.4351 0.1982 -0.8783
vn 0.3209 0.1967 -0.9265
vn 0.3180 0.1281 -0.9394
vn 0.3275 0.2647 -0.9070
vn 0.3446 0.3971 -0.8507
vn 0.3360 0.3316 -0.8816
vn 0.5980 0.0794 -0.7976
vn 0.5143 0.0708 -0.8547
vn 0.5846 0.0388 -0.8104
vn 0.5052 0.0279 -0.8626
vn 0.4205 0.0666 -0.9048
vn 0.4185 0.0234 -0.9079
vn 0.5705 0.0135 -0.8212
vn 0.4972 0.0006 -0.8676
vn 0.4183 -0.0049 -0.9083
vn 0.3365 -0.0022 -0.9417
vn 0.3280 0.0268 -0.9443
vn 0.3210 0.0692 -0.9446
vn 0.2644 0.5703 -0.7777
vn 0.1526 0.5523 -0.8196
vn 0.1854 0.5653 -0.8038
vn 0.2889 0.5860 -0.7571
vn 0.0627 0.5210 -0.8513
vn 0.0972 0.5298 -0.8426
vn 0.2215 0.5823 -0.7822
vn 0.3150 0.6018 -0.7339
vn 0.1366 0.5475 -0.8256
vn -0.0083 0.4860 -0.8739
vn 0.0227 0.4897 -0.8716
vn 0.0592 0.5068 -0.8600
vn 0.1394 0.5803 -0.8023
vn 0.0990 0.5372 -0.8376
vn 0.2153 0.6083 -0.7639
vn 0.1772 0.5738 -0.7996
vn 0.2883 0.6278 -0.7230
vn 0.3604 0.6348 -0.6835
vn 0.3397 0.6180 -0.7090
vn 0.2570 0.6031 -0.7551
vn 0.5633 0.5067 -0.6526
vn 0.5241 0.5308 -0.6660
vn 0.5195 0.5526 -0.6517
vn 0.5534 0.5326 -0.6404
vn 0.4621 0.5531 -0.6932
vn 0.4650 0.5723 -0.6755
vn 0.5165 0.5711 -0.6380
vn 0.5464 0.5537 -0.6283
vn 0.4688 0.5889 -0.6584
vn 0.3759 0.5683 -0.7319
vn 0.3887 0.5855 -0.7114
vn 0.4022 0.6012 -0.6905
vn 0.4251 0.6282 -0.6517
vn 0.4149 0.6152 -0.6703
vn 0.4753 0.6143 -0.6299
vn 0.4725 0.6028 -0.6429
vn 0.5124 0.5972 -0.6171
vn 0.5370 0.5807 -0.6119
vn 0.5414 0.5698 -0.6183
vn 0.5145 0.5860 -0.6260
vn 0.5477 0.4235 -0.7216
vn 0.6077 0.3973 -0.6876
vn 0.4627 0.4442 -0.7672
vn 0.5401 0.4666 -0.7004
vn 0.5931 0.4380 -0.6756
vn 0.4624 0.4905 -0.7386
vn 0.2174 0.4600 -0.8609
vn 0.3516 0.4570 -0.8170
vn 0.2291 0.5103 -0.8289
vn 0.3583 0.5063 -0.7844
vn 0.3660 0.5436 -0.7553
vn 0.2446 0.5474 -0.8003
vn 0.4616 0.5271 -0.7135
vn 0.5774 0.4751 -0.6640
vn 0.5315 0.5028 -0.6817
vn 0.0930 0.4536 -0.8863
vn 0.0010 0.4421 -0.8969
vn 0.1067 0.5004 -0.8592
vn 0.0149 0.4823 -0.8759
vn -0.0658 0.4294 -0.9007
vn -0.0524 0.4619 -0.8854
vn -0.0331 0.4812 -0.8760
vn 0.0355 0.5090 -0.8600
vn 0.1265 0.5337 -0.8362
vn 0.5787 0.4507 -0.6796
vn 0.5740 0.4952 -0.6522
vn 0.5524 0.5133 -0.6567
vn 0.5498 0.4699 -0.6906
vn 0.5728 0.5257 -0.6289
vn 0.5574 0.5415 -0.6294
vn 0.5295 0.5373 -0.6564
vn 0.5226 0.4964 -0.6932
vn 0.5373 0.5623 -0.6286
vn 0.5744 0.5401 -0.6151
vn 0.5754 0.5389 -0.6152
vn 0.5692 0.5422 -0.6181
vn 0.5641 0.5512 -0.6148
vn 0.5525 0.5532 -0.6235
vn 0.5456 0.5681 -0.6161
vn 0.5051 0.5828 -0.6366
vn 0.4955 0.5936 -0.6342
vn 0.5207 0.5841 -0.6227
vn 0.5275 0.5690 -0.6308
vn 0.4863 0.5967 -0.6383
vn 0.5131 0.5818 -0.6311
vn 0.4810 0.5836 -0.6542
vn 0.4776 0.5529 -0.6828
vn 0.4980 0.5256 -0.6897
vn 0.5054 0.5623 -0.6546
vn 0.6118 0.3014 -0.7313
vn 0.6017 0.3300 -0.7274
vn 0.5449 0.3448 -0.7643
vn 0.5503 0.3101 -0.7752
vn 0.5932 0.3639 -0.7182
vn 0.5445 0.3823 -0.7465
vn 0.5001 0.3613 -0.7870
vn 0.5030 0.3163 -0.8043
vn 0.5048 0.4058 -0.7620
vn 0.5856 0.4039 -0.7027
vn 0.5470 0.4236 -0.7221
vn 0.5136 0.4504 -0.7303
vn 0.4705 0.5100 -0.7201
vn 0.4875 0.4804 -0.7291
vn 0.4636 0.4576 -0.7588
vn 0.4770 0.4315 -0.7657
vn 0.4609 0.3961 -0.7941
vn 0.4661 0.3259 -0.8225
vn 0.4741 0.3208 -0.8199
vn 0.4712 0.3783 -0.7967
vn 0.6442 0.3674 -0.6709
vn 0.6598 0.3302 -0.6750
vn 0.6251 0.4062 -0.6665
vn 0.6569 0.3419 -0.6720
vn 0.6733 0.3100 -0.6712
vn 0.6376 0.3784 -0.6710
vn 0.5865 0.4822 -0.6508
vn 0.6049 0.4452 -0.6603
vn 0.5986 0.4605 -0.6555
vn 0.6174 0.4184 -0.6662
vn 0.6125 0.4023 -0.6805
vn 0.5973 0.4479 -0.6653
vn 0.6287 0.3620 -0.6883
vn 0.6590 0.2992 -0.6901
vn 0.6445 0.3276 -0.6909
vn 0.5733 0.5141 -0.6380
vn 0.5643 0.5390 -0.6253
vn 0.5849 0.4985 -0.6399
vn 0.5760 0.5270 -0.6250
vn 0.5533 0.5664 -0.6108
vn 0.5583 0.5563 -0.6155
vn 0.5660 0.5532 -0.6112
vn 0.5705 0.5450 -0.6144
vn 0.5765 0.5387 -0.6144
vn 0.5740 0.5433 -0.6127
vn 0.5797 0.5213 -0.6263
vn 0.5862 0.4906 -0.6448
vn 0.6696 0.1421 -0.7290
vn 0.6587 0.0901 -0.7470
vn 0.6956 0.1474 -0.7031
vn 0.6873 0.1014 -0.7192
vn 0.6444 0.0539 -0.7628
vn 0.6745 0.0698 -0.7350
vn 0.6911 0.1537 -0.7062
vn 0.6550 0.1611 -0.7383
vn 0.6540 0.1237 -0.7463
vn 0.6859 0.1128 -0.7189
vn 0.6480 0.0981 -0.7553
vn 0.6757 0.0849 -0.7322
vn 0.6619 0.0690 -0.7464
vn 0.6389 0.0831 -0.7648
vn 0.6581 0.0512 -0.7512
vn 0.6275 0.0318 -0.7779
vn 0.6701 0.2919 -0.6825
vn 0.6857 0.2780 -0.6727
vn 0.6753 0.2485 -0.6945
vn 0.6941 0.2406 -0.6785
vn 0.6247 0.2726 -0.7318
vn 0.6720 0.2709 -0.6892
vn 0.6378 0.2395 -0.7320
vn 0.6826 0.2373 -0.6912
vn 0.6895 0.1984 -0.6966
vn 0.6487 0.2024 -0.7336
vn 0.6977 0.1974 -0.6887
vn 0.6752 0.1989 -0.7103
vn 0.5633 0.2755 -0.7790
vn 0.5165 0.2726 -0.8118
vn 0.5794 0.2397 -0.7790
vn 0.5347 0.2325 -0.8124
vn 0.4801 0.2599 -0.8378
vn 0.4880 0.2662 -0.8312
vn 0.4972 0.2083 -0.8422
vn 0.5068 0.2209 -0.8333
vn 0.5333 0.1376 -0.8346
vn 0.5444 0.1510 -0.8251
vn 0.5267 0.1828 -0.8302
vn 0.5156 0.1682 -0.8401
vn 0.5691 0.1605 -0.8064
vn 0.5535 0.1953 -0.8096
vn 0.6065 0.1643 -0.7779
vn 0.5950 0.2027 -0.7778
vn -0.3026 -0.3916 0.8690
vn -0.2826 -0.3734 0.8836
vn -0.2663 -0.3657 0.8918
vn -0.2891 -0.3753 0.8807
vn -0.2972 -0.3461 0.8899
vn -0.2774 -0.3490 0.8951
vn -0.2580 -0.3704 0.8923
vn -0.2782 -0.3717 0.8857
vn -0.2679 -0.3639 0.8921
vn -0.3507 -0.3150 0.8819
vn -0.4453 -0.2876 0.8479
vn -0.4209 -0.3091 0.8528
vn -0.3276 -0.3281 0.8860
vn -0.3995 -0.3416 0.8507
vn -0.3135 -0.3528 0.8816
vn -0.3648 -0.4273 0.8272
vn -0.3255 -0.4265 0.8439
vn -0.3107 -0.3891 0.8672
vn -0.3802 -0.3848 0.8411
vn -0.2889 -0.4228 0.8589
vn -0.2708 -0.3906 0.8798
vn -0.2707 -0.4152 0.8685
vn -0.2726 -0.4073 0.8717
vn -0.2719 -0.3825 0.8830
vn -0.2590 -0.3877 0.8846
vn -0.4037 -0.4027 0.8215
vn -0.3860 -0.4028 0.8299
vn -0.3778 -0.3926 0.8385
vn -0.3969 -0.3971 0.8275
vn -0.3635 -0.4026 0.8401
vn -0.3537 -0.3872 0.8514
vn -0.3642 -0.3918 0.8449
vn -0.3862 -0.3986 0.8318
vn -0.3389 -0.3833 0.8592
vn -0.3357 -0.3998 0.8529
vn -0.3243 -0.3814 0.8656
vn -0.3103 -0.3757 0.8732
vn -0.2873 -0.4085 0.8664
vn -0.2968 -0.3847 0.8740
vn -0.3077 -0.4149 0.8563
vn -0.3223 -0.3925 0.8614
vn -0.3323 -0.4216 0.8437
vn -0.3605 -0.4247 0.8305
vn -0.3734 -0.4078 0.8332
vn -0.3480 -0.4015 0.8472
vn -0.3983 -0.3417 0.8512
vn -0.3758 -0.3440 0.8605
vn -0.3791 -0.3853 0.8413
vn -0.4011 -0.3796 0.8337
vn -0.3632 -0.3437 0.8660
vn -0.3644 -0.3890 0.8461
vn -0.3835 -0.4055 0.8298
vn -0.4040 -0.3994 0.8230
vn -0.3654 -0.4103 0.8356
vn -0.3637 -0.3359 0.8688
vn -0.3841 -0.3008 0.8729
vn -0.3589 -0.3677 0.8579
vn -0.3573 -0.3857 0.8506
vn -0.3373 -0.3961 0.8540
vn -0.3498 -0.4084 0.8431
vn -0.3431 -0.4133 0.8435
vn -0.3184 -0.4030 0.8580
vn -0.3659 -0.4144 0.8333
vn -0.4054 -0.4063 0.8189
vn -0.3867 -0.4107 0.8257
vn -0.4132 -0.2939 0.8619
vn -0.3756 -0.3412 0.8617
vn -0.4455 -0.2750 0.8520
vn -0.4090 -0.3083 0.8589
vn -0.3395 -0.3684 0.8655
vn -0.3675 -0.3306 0.8693
vn -0.4923 -0.2535 0.8327
vn -0.5527 -0.2355 0.7994
vn -0.5307 -0.2469 0.8108
vn -0.4603 -0.2745 0.8443
vn -0.5036 -0.2587 0.8243
vn -0.4225 -0.2914 0.8583
vn -0.3842 -0.3048 0.8715
vn -0.4741 -0.2720 0.8374
vn -0.3288 -0.3431 0.8799
vn -0.3078 -0.3782 0.8731
vn -0.3858 -0.4321 0.8151
vn -0.3827 -0.4218 0.8220
vn -0.3536 -0.4307 0.8303
vn -0.3556 -0.4480 0.8203
vn -0.3851 -0.4176 0.8230
vn -0.3584 -0.4223 0.8326
vn -0.3128 -0.4410 0.8412
vn -0.3146 -0.4653 0.8273
vn -0.3178 -0.4291 0.8455
vn -0.3898 -0.4211 0.8190
vn -0.3940 -0.4340 0.8102
vn -0.3740 -0.4399 0.8165
vn -0.3664 -0.4247 0.8279
vn -0.3349 -0.4504 0.8276
vn -0.3262 -0.4316 0.8410
vn -0.1959 -0.4828 0.8535
vn -0.1942 -0.4581 0.8674
vn -0.2690 -0.4425 0.8555
vn -0.2759 -0.4650 0.8412
vn -0.1950 -0.4529 0.8700
vn -0.2633 -0.4389 0.8591
vn -0.1980 -0.4667 0.8620
vn -0.2022 -0.4978 0.8434
vn -0.2631 -0.4824 0.8355
vn -0.2607 -0.4529 0.8526
vn -0.4831 -0.3734 0.7920
vn -0.4389 -0.4093 0.7999
vn -0.4203 -0.4452 0.7907
vn -0.4572 -0.4272 0.7800
vn -0.4156 -0.4298 0.8016
vn -0.3910 -0.4567 0.7991
vn -0.3762 -0.4787 0.7933
vn -0.4033 -0.4594 0.7914
vn -0.3478 -0.4884 0.8003
vn -0.3973 -0.4373 0.8068
vn -0.3684 -0.4600 0.8078
vn -0.3265 -0.4854 0.8110
vn -0.2073 -0.5262 0.8247
vn -0.2722 -0.5085 0.8169
vn -0.2134 -0.5353 0.8172
vn -0.2872 -0.5162 0.8069
vn -0.2210 -0.5275 0.8203
vn -0.2298 -0.5037 0.8327
vn -0.3259 -0.4858 0.8110
vn -0.3064 -0.5080 0.8050
vn -0.4227 -0.3771 0.8241
vn -0.4236 -0.3410 0.8392
vn -0.4207 -0.3972 0.8156
vn -0.4373 -0.3802 0.8150
vn -0.4451 -0.3433 0.8271
vn -0.4284 -0.4010 0.8097
vn -0.4140 -0.4047 0.8154
vn -0.4181 -0.4058 0.8128
vn -0.4145 -0.4101 0.8124
vn -0.4210 -0.4104 0.8089
vn -0.4142 -0.4209 0.8070
vn -0.4052 -0.4192 0.8125
vn -0.4268 -0.4119 0.8051
vn -0.4661 -0.3508 0.8122
vn -0.4429 -0.3898 0.8074
vn -0.4084 -0.4012 0.8199
vn -0.4012 -0.4030 0.8226
vn -0.4097 -0.4066 0.8166
vn -0.4056 -0.4077 0.8181
vn -0.3843 -0.4247 0.8197
vn -0.3930 -0.4108 0.8227
vn -0.3972 -0.4267 0.8125
vn -0.4017 -0.4141 0.8168
vn -0.4005 -0.4177 0.8155
vn -0.4002 -0.4300 0.8093
vn -0.4002 -0.4127 0.8182
vn -0.4011 -0.4135 0.8174
vn -0.5673 -0.3210 0.7584
vn -0.5195 -0.3224 0.7913
vn -0.5151 -0.2913 0.8061
vn -0.5617 -0.2984 0.7717
vn -0.4540 -0.3240 0.8300
vn -0.4507 -0.2857 0.8457
vn -0.5060 -0.2646 0.8210
vn -0.5510 -0.2785 0.7867
vn -0.4424 -0.2533 0.8603
vn -0.3682 -0.3259 0.8708
vn -0.2597 -0.3275 0.9085
vn -0.2594 -0.2763 0.9254
vn -0.3664 -0.2808 0.8871
vn -0.2528 -0.2310 0.9395
vn -0.3583 -0.2423 0.9016
vn -0.2198 -0.1508 0.9638
vn -0.3257 -0.1756 0.9290
vn -0.3447 -0.2078 0.9154
vn -0.2394 -0.1897 0.9522
vn -0.4167 -0.1992 0.8869
vn -0.4312 -0.2248 0.8738
vn -0.4905 -0.2191 0.8435
vn -0.5552 -0.2261 0.8004
vn -0.5411 -0.2561 0.8010
vn -0.4955 -0.2405 0.8347
vn -0.6757 -0.5255 0.5170
vn -0.6343 -0.5344 0.5586
vn -0.6219 -0.4749 0.6227
vn -0.6851 -0.4784 0.5493
vn -0.5897 -0.5336 0.6063
vn -0.5693 -0.4646 0.6782
vn -0.6131 -0.4143 0.6727
vn -0.6931 -0.4185 0.5870
vn -0.5503 -0.4029 0.7313
vn -0.5565 -0.5177 0.6499
vn -0.5403 -0.4864 0.6867
vn -0.5200 -0.4009 0.7542
vn -0.5348 -0.4412 0.7207
vn -0.4848 -0.3410 0.8055
vn -0.5072 -0.3795 0.7737
vn -0.4231 -0.2523 0.8703
vn -0.4631 -0.2745 0.8428
vn -0.4817 -0.3256 0.8136
vn -0.4494 -0.2937 0.8437
vn -0.5212 -0.2890 0.8030
vn -0.5337 -0.3461 0.7716
vn -0.6002 -0.2931 0.7442
vn -0.7026 -0.2804 0.6541
vn -0.6979 -0.3542 0.6225
vn -0.6056 -0.3560 0.7117
vn -0.7221 0.1226 0.6809
vn -0.7230 0.0243 0.6905
vn -0.6292 -0.0124 0.7772
vn -0.6606 0.1251 0.7402
vn -0.7184 -0.0905 0.6897
vn -0.6101 -0.1290 0.7818
vn -0.5455 -0.0269 0.8377
vn -0.5836 0.1254 0.8023
vn -0.5243 -0.1401 0.8399
vn -0.7104 -0.1928 0.6769
vn -0.6018 -0.2196 0.7679
vn -0.5179 -0.2237 0.8257
vn -0.4133 -0.2039 0.8875
vn -0.4565 -0.2162 0.8631
vn -0.4179 -0.1350 0.8984
vn -0.4619 -0.1388 0.8760
vn -0.4340 -0.0348 0.9003
vn -0.4553 0.1174 0.8826
vn -0.5129 0.1222 0.8497
vn -0.4810 -0.0313 0.8762
vn -0.4871 -0.4040 0.7742
vn -0.5289 -0.3620 0.7676
vn -0.4247 -0.4328 0.7952
vn -0.5062 -0.3805 0.7740
vn -0.5518 -0.3564 0.7540
vn -0.4408 -0.4011 0.8030
vn -0.2390 -0.4688 0.8504
vn -0.3420 -0.4540 0.8228
vn -0.2479 -0.4273 0.8694
vn -0.3547 -0.4163 0.8372
vn -0.3638 -0.3733 0.8534
vn -0.2553 -0.3800 0.8891
vn -0.4505 -0.3647 0.8149
vn -0.5643 -0.3425 0.7511
vn -0.5169 -0.3544 0.7793
vn -0.4485 -0.0861 0.8896
vn -0.4573 -0.0376 0.8885
vn -0.4883 -0.0327 0.8721
vn -0.4778 -0.0872 0.8741
vn -0.4715 -0.0030 0.8819
vn -0.5021 0.0147 0.8647
vn -0.5232 -0.0295 0.8517
vn -0.5124 -0.0881 0.8542
vn -0.5338 0.0261 0.8452
vn -0.4972 0.0189 0.8675
vn -0.5627 0.0559 0.8248
vn -0.5538 0.1134 0.8249
vn -0.5229 0.0623 0.8501
vn -0.5561 0.1299 0.8209
vn -0.5460 0.0791 0.8340
vn -0.6028 0.1236 0.7882
vn -0.6102 0.0756 0.7887
vn -0.5732 0.0820 0.8153
vn -0.5727 0.1323 0.8090
vn -0.6118 0.0236 0.7906
vn -0.5697 0.0279 0.8214
vn -0.6083 -0.0322 0.7931
vn -0.6004 -0.0916 0.7944
vn -0.5530 -0.0894 0.8283
vn -0.5628 -0.0295 0.8260
vn -0.4030 -0.2314 0.8855
vn -0.4342 -0.2397 0.8684
vn -0.4201 -0.1851 0.8884
vn -0.4507 -0.1915 0.8719
vn -0.4695 -0.2351 0.8511
vn -0.4868 -0.1922 0.8521
vn -0.4349 -0.1385 0.8897
vn -0.4653 -0.1421 0.8737
vn -0.5008 -0.1438 0.8535
vn -0.5907 -0.1463 0.7935
vn -0.5422 -0.1449 0.8277
vn -0.5801 -0.1882 0.7925
vn -0.5298 -0.1900 0.8265
vn -0.5679 -0.2179 0.7937
vn -0.5140 -0.2260 0.8275
vn -0.1477 0.1435 0.9786
vn -0.2337 0.1318 0.9633
vn -0.2473 -0.0050 0.9689
vn -0.1364 0.0570 0.9890
vn -0.3255 0.1212 0.9378
vn -0.3299 -0.0317 0.9435
vn -0.2489 -0.0899 0.9644
vn -0.1325 -0.0284 0.9908
vn -0.3245 -0.1194 0.9383
vn -0.3991 0.1162 0.9095
vn -0.3897 -0.0371 0.9202
vn -0.3775 -0.1304 0.9168
vn -0.3898 -0.2216 0.8938
vn -0.3750 -0.1882 0.9077
vn -0.3476 -0.1836 0.9195
vn -0.3263 -0.1663 0.9305
vn -0.2837 -0.1403 0.9486
vn -0.1720 -0.0949 0.9805
vn -0.1434 -0.0814 0.9863
vn -0.2565 -0.1332 0.9573
vn 0.1391 -0.5147 0.8460
vn 0.0344 -0.5219 0.8523
vn 0.0356 -0.5093 0.8599
vn 0.1340 -0.5111 0.8490
vn -0.0557 -0.5196 0.8526
vn -0.0509 -0.4986 0.8653
vn 0.0434 -0.5048 0.8621
vn 0.1360 -0.5106 0.8490
vn -0.0410 -0.4904 0.8705
vn -0.1336 -0.5108 0.8492
vn -0.1278 -0.4832 0.8661
vn -0.1195 -0.4718 0.8736
vn -0.1079 -0.5008 0.8588
vn -0.1119 -0.4777 0.8714
vn -0.0237 -0.5140 0.8574
vn -0.0305 -0.4956 0.8680
vn 0.0589 -0.5213 0.8513
vn 0.1424 -0.5205 0.8419
vn 0.1403 -0.5137 0.8464
vn 0.0528 -0.5088 0.8593
vn 0.3618 -0.4518 0.8155
vn 0.3477 -0.4586 0.8177
vn 0.3408 -0.4726 0.8127
vn 0.3623 -0.4655 0.8075
vn 0.3065 -0.4754 0.8247
vn 0.2960 -0.4861 0.8223
vn 0.3360 -0.4807 0.8100
vn 0.3615 -0.4726 0.8037
vn 0.2900 -0.4929 0.8204
vn 0.2374 -0.4964 0.8350
vn 0.2272 -0.5010 0.8351
vn 0.2234 -0.5046 0.8339
vn 0.2194 -0.5103 0.8316
vn 0.2220 -0.5076 0.8325
vn 0.2805 -0.4951 0.8223
vn 0.2858 -0.4958 0.8201
vn 0.3254 -0.4793 0.8151
vn 0.3541 -0.4666 0.8105
vn 0.3590 -0.4729 0.8046
vn 0.3315 -0.4829 0.8105
vn 0.3410 -0.5396 0.7698
vn 0.3588 -0.5277 0.7699
vn 0.3694 -0.4865 0.7917
vn 0.3520 -0.4914 0.7966
vn 0.3405 -0.5147 0.7868
vn 0.3485 -0.4879 0.8003
vn 0.3676 -0.4603 0.8081
vn 0.3580 -0.4593 0.8130
vn 0.3409 -0.4722 0.8129
vn 0.2851 -0.5056 0.8143
vn 0.1902 -0.5030 0.8431
vn 0.1888 -0.5105 0.8389
vn 0.2892 -0.4965 0.8184
vn 0.1749 -0.5156 0.8388
vn 0.2774 -0.4924 0.8250
vn 0.2572 -0.4926 0.8314
vn 0.1556 -0.5173 0.8415
vn 0.3243 -0.4681 0.8220
vn 0.3607 -0.4455 0.8194
vn 0.3585 -0.4507 0.8175
vn 0.0786 -0.5062 0.8588
vn 0.0730 -0.5241 0.8485
vn -0.0269 -0.5100 0.8598
vn -0.0323 -0.5330 0.8455
vn 0.0597 -0.5333 0.8438
vn -0.0417 -0.5428 0.8389
vn -0.1287 -0.5105 0.8502
vn -0.1292 -0.5349 0.8350
vn -0.1317 -0.5438 0.8288
vn -0.1340 -0.5362 0.8334
vn -0.0510 -0.5386 0.8410
vn 0.0447 -0.5328 0.8451
vn 0.3907 -0.4931 0.7773
vn 0.3979 -0.4888 0.7764
vn 0.4101 -0.4917 0.7682
vn 0.4109 -0.4940 0.7662
vn 0.4049 -0.4805 0.7779
vn 0.4133 -0.4851 0.7706
vn 0.4334 -0.4878 0.7578
vn 0.4444 -0.4855 0.7529
vn 0.4294 -0.4852 0.7617
vn 0.4110 -0.4681 0.7823
vn 0.4155 -0.4516 0.7895
vn 0.4256 -0.4556 0.7818
vn 0.4192 -0.4732 0.7748
vn 0.4364 -0.4606 0.7729
vn 0.4307 -0.4766 0.7664
vn 0.4596 -0.4685 0.7545
vn 0.4747 -0.4655 0.7470
vn 0.4477 -0.4746 0.7578
vn 0.4487 -0.4651 0.7631
vn 0.4956 -0.4627 0.7351
vn 0.4556 -0.4781 0.7509
vn 0.5227 -0.4558 0.7205
vn 0.5564 -0.4422 0.7035
vn 0.4928 -0.4678 0.7337
vn 0.4703 -0.4759 0.7432
vn 0.4032 -0.5075 0.7615
vn 0.3853 -0.5024 0.7741
vn 0.4492 -0.4868 0.7492
vn 0.4788 -0.4811 0.7344
vn 0.3797 -0.4986 0.7792
vn 0.4289 -0.4908 0.7584
vn 0.5199 -0.4608 0.7193
vn 0.5573 -0.4471 0.6996
vn 0.4883 -0.4715 0.7343
vn 0.3829 -0.4957 0.7795
vn 0.4166 -0.4934 0.7635
vn 0.4629 -0.4797 0.7454
vn 0.5943 -0.4252 0.6827
vn 0.5226 -0.4562 0.7202
vn 0.6339 -0.4069 0.6577
vn 0.5574 -0.4427 0.7024
vn 0.6741 -0.3865 0.6294
vn 0.7139 -0.3635 0.5985
vn 0.6367 -0.4072 0.6548
vn 0.5958 -0.4266 0.6805
vn 0.3250 -0.4988 0.8035
vn 0.3163 -0.5430 0.7779
vn 0.3373 -0.4687 0.8165
vn 0.3200 -0.5044 0.8020
vn 0.3168 -0.5378 0.7813
vn 0.3329 -0.4815 0.8108
vn 0.3639 -0.4576 0.8113
vn 0.3511 -0.4544 0.8187
vn 0.3695 -0.4695 0.8019
vn 0.3513 -0.4696 0.8100
vn 0.3615 -0.4855 0.7960
vn 0.3784 -0.4830 0.7896
vn 0.3464 -0.4933 0.7979
vn 0.3450 -0.5258 0.7775
vn 0.3392 -0.5066 0.7927
vn 0.3720 -0.4671 0.8021
vn 0.3759 -0.4704 0.7984
vn 0.3814 -0.4732 0.7941
vn 0.3882 -0.4717 0.7917
vn 0.3734 -0.4583 0.8066
vn 0.3762 -0.4675 0.8000
vn 0.3900 -0.4530 0.8017
vn 0.3907 -0.4648 0.7945
vn 0.4025 -0.4650 0.7885
vn 0.4041 -0.4507 0.7960
vn 0.3981 -0.4754 0.7846
vn 0.3902 -0.4814 0.7849
vn 0.5873 -0.3305 0.7389
vn 0.6664 -0.3158 0.6754
vn 0.6900 -0.2378 0.6836
vn 0.6252 -0.2242 0.7476
vn 0.7261 -0.2935 0.6219
vn 0.7459 -0.2343 0.6235
vn 0.6974 -0.1691 0.6964
vn 0.6351 -0.1543 0.7569
vn 0.7527 -0.1767 0.6342
vn 0.7829 -0.2700 0.5606
vn 0.8363 -0.2462 0.4899
vn 0.8486 -0.2142 0.4838
vn 0.7988 -0.2252 0.5579
vn 0.8527 -0.1818 0.4898
vn 0.8042 -0.1803 0.5664
vn 0.8344 -0.1147 0.5392
vn 0.7825 -0.0877 0.6164
vn 0.7990 -0.1347 0.5861
vn 0.8483 -0.1489 0.5081
vn 0.7303 -0.0616 0.6804
vn 0.7477 -0.1193 0.6532
vn 0.6766 -0.0390 0.7354
vn 0.6191 -0.0220 0.7850
vn 0.6320 -0.0892 0.7698
vn 0.6930 -0.1042 0.7134
vn 0.3740 0.0329 0.9268
vn 0.3736 0.0553 0.9259
vn 0.3419 0.0525 0.9383
vn 0.3354 0.0288 0.9416
vn 0.3741 0.1006 0.9219
vn 0.3449 0.0986 0.9335
vn 0.2842 0.0473 0.9576
vn 0.2733 0.0173 0.9618
vn 0.2888 0.0967 0.9525
vn 0.3741 0.1740 0.9109
vn 0.3697 0.2855 0.8842
vn 0.3230 0.2844 0.9027
vn 0.3409 0.1729 0.9241
vn 0.2530 0.2807 0.9258
vn 0.2815 0.1726 0.9439
vn 0.0928 0.2602 0.9611
vn 0.0858 0.1943 0.9772
vn 0.1941 0.1778 0.9647
vn 0.1670 0.2716 0.9478
vn 0.0784 0.1179 0.9899
vn 0.2006 0.1012 0.9744
vn 0.0710 0.0491 0.9963
vn 0.0604 -0.0131 0.9981
vn 0.1830 0.0018 0.9831
vn 0.1953 0.0444 0.9797
vn 0.3168 -0.5775 0.7524
vn 0.3267 -0.5778 0.7479
vn 0.3308 -0.5628 0.7575
vn 0.3274 -0.5832 0.7434
vn 0.3160 -0.5861 0.7461
vn 0.3600 -0.5614 0.7451
vn 0.4386 -0.5045 0.7437
vn 0.3711 -0.5372 0.7574
vn 0.4865 -0.4828 0.7282
vn 0.4133 -0.5252 0.7439
vn 0.5049 -0.4030 0.7633
vn 0.4625 -0.4867 0.7411
vn 0.5390 -0.4351 0.7212
vn 0.4375 -0.4516 0.7776
vn 0.3995 -0.5297 0.7482
vn 0.3745 -0.4824 0.7919
vn 0.3187 -0.4907 0.8109
vn 0.3123 -0.5624 0.7656
vn 0.3476 -0.5571 0.7542
vn 0.5200 -0.4673 0.7150
vn 0.6011 -0.4260 0.6761
vn 0.5687 -0.4384 0.6960
vn 0.6472 -0.3935 0.6529
vn 0.7524 -0.3374 0.5658
vn 0.6794 -0.3824 0.6263
vn 0.7868 -0.3086 0.5345
vn 0.7203 -0.3506 0.5985
vn 0.7558 -0.3128 0.5753
vn 0.8153 -0.2779 0.5080
vn 0.6911 -0.3490 0.6329
vn 0.6198 -0.3888 0.6817
vn 0.0965 -0.3392 0.9358
vn 0.0792 -0.2540 0.9639
vn 0.0098 -0.2690 0.9631
vn 0.0173 -0.3354 0.9419
vn 0.0787 -0.1955 0.9775
vn 0.0101 -0.2089 0.9779
vn -0.0632 -0.2716 0.9603
vn -0.0575 -0.3303 0.9421
vn -0.0629 -0.2158 0.9744
vn 0.0862 -0.1401 0.9864
vn 0.0996 -0.0832 0.9915
vn 0.0310 -0.0959 0.9949
vn 0.0169 -0.1519 0.9883
vn -0.0399 -0.1111 0.9930
vn -0.0554 -0.1624 0.9852
vn -0.1381 -0.1744 0.9749
vn -0.1209 -0.1292 0.9842
vn -0.1483 -0.2219 0.9637
vn -0.1486 -0.3279 0.9329
vn -0.1512 -0.2727 0.9501
vn 0.1732 -0.4894 0.8547
vn 0.0715 -0.4798 0.8745
vn 0.1453 -0.4641 0.8738
vn 0.0560 -0.4446 0.8940
vn -0.0294 -0.4766 0.8786
vn -0.0369 -0.4355 0.8994
vn 0.1155 -0.4221 0.8991
vn 0.0364 -0.3975 0.9169
vn -0.0473 -0.3868 0.9209
vn -0.1434 -0.3830 0.9126
vn -0.1373 -0.4321 0.8913
vn -0.1319 -0.4748 0.8702
vn 0.3339 -0.5614 0.7572
vn 0.3053 -0.5680 0.7643
vn 0.3121 -0.5363 0.7842
vn 0.2741 -0.5353 0.7990
vn 0.2674 -0.4736 0.8391
vn 0.2800 -0.5439 0.7911
vn 0.2154 -0.4393 0.8721
vn 0.2362 -0.5073 0.8288
vn 0.1832 -0.4635 0.8669
vn 0.1620 -0.3954 0.9041
vn 0.2215 -0.4967 0.8392
vn 0.2592 -0.5098 0.8203
vn 0.4044 0.1763 0.8974
vn 0.4112 0.2882 0.8648
vn 0.4015 0.1005 0.9103
vn 0.4537 0.1768 0.8735
vn 0.4665 0.2870 0.8366
vn 0.4501 0.0978 0.8876
vn 0.4111 0.0261 0.9112
vn 0.4038 0.0523 0.9134
vn 0.4671 0.0103 0.8841
vn 0.4553 0.0444 0.8892
vn 0.6497 -0.0349 0.7594
vn 0.6388 0.0271 0.7689
vn 0.5321 0.0343 0.8460
vn 0.5455 -0.0118 0.8380
vn 0.6273 0.1016 0.7721
vn 0.5242 0.0962 0.8462
vn 0.6113 0.1869 0.7690
vn 0.5934 0.2606 0.7615
vn 0.5336 0.2771 0.7991
vn 0.5236 0.1781 0.8331
vn -0.6640 0.1810 0.7255
vn -0.6143 0.2084 0.7610
vn -0.6032 0.2026 0.7714
vn -0.6462 0.1731 0.7433
vn -0.5740 0.2238 0.7877
vn -0.5710 0.2184 0.7914
vn -0.5902 0.1845 0.7859
vn -0.6255 0.1543 0.7648
vn -0.5676 0.2012 0.7984
vn -0.5482 0.2272 0.8049
vn -0.5411 0.2191 0.8119
vn -0.5570 0.2106 0.8034
vn -0.5545 0.2206 0.8024
vn -0.5739 0.1921 0.7960
vn -0.5617 0.2029 0.8021
vn -0.5683 0.1739 0.8043
vn -0.5899 0.1635 0.7907
vn -0.5627 0.1721 0.8085
vn -0.6029 0.1184 0.7890
vn -0.5752 0.1553 0.8031
vn -0.7595 0.0406 0.6492
vn -0.7520 0.0702 0.6554
vn -0.7283 0.0323 0.6845
vn -0.7368 -0.0140 0.6759
vn -0.7355 0.1063 0.6691
vn -0.7119 0.0828 0.6973
vn -0.6975 0.0002 0.7166
vn -0.7074 -0.0555 0.7046
vn -0.6819 0.0592 0.7291
vn -0.7073 0.1447 0.6919
vn -0.6854 0.1315 0.7162
vn -0.6588 0.1125 0.7439
vn -0.5962 0.0300 0.8023
vn -0.6297 0.0825 0.7725
vn -0.6190 -0.0066 0.7854
vn -0.6486 0.0319 0.7605
vn -0.6365 -0.0500 0.7696
vn -0.6509 -0.0969 0.7530
vn -0.6767 -0.0843 0.7314
vn -0.6645 -0.0271 0.7468
vn -0.7589 0.1670 0.6294
vn -0.7648 0.1560 0.6251
vn -0.7676 0.1471 0.6238
vn -0.7659 0.1538 0.6243
vn -0.7585 0.1579 0.6322
vn -0.7578 0.1523 0.6345
vn -0.7681 0.1304 0.6269
vn -0.7704 0.1293 0.6244
vn -0.7553 0.1420 0.6399
vn -0.7369 0.1717 0.6538
vn -0.6944 0.1953 0.6926
vn -0.6895 0.1910 0.6987
vn -0.7335 0.1677 0.6587
vn -0.6839 0.1872 0.7051
vn -0.7288 0.1618 0.6653
vn -0.7208 0.1543 0.6757
vn -0.6760 0.1839 0.7136
vn -0.7487 0.1271 0.6506
vn -0.7695 0.0928 0.6319
vn -0.7640 0.1056 0.6366
vn -0.6380 0.2206 0.7377
vn -0.6333 0.2148 0.7435
vn -0.5825 0.2401 0.7765
vn -0.5802 0.2321 0.7807
vn -0.6286 0.2109 0.7486
vn -0.5785 0.2270 0.7835
vn -0.5323 0.2517 0.8083
vn -0.4919 0.2540 0.8327
vn -0.5022 0.2409 0.8305
vn -0.5349 0.2412 0.8097
vn -0.5140 0.2310 0.8261
vn -0.5387 0.2340 0.8094
vn -0.5433 0.2294 0.8076
vn -0.5270 0.2238 0.8199
vn -0.5766 0.2243 0.7856
vn -0.6227 0.2088 0.7541
vn -0.5786 0.0472 0.8142
vn -0.5680 -0.0633 0.8206
vn -0.4693 -0.0472 0.8818
vn -0.4737 0.0603 0.8786
vn -0.5601 -0.1454 0.8156
vn -0.4728 -0.1308 0.8714
vn -0.3662 -0.0286 0.9301
vn -0.3650 0.0692 0.9284
vn -0.3785 -0.1074 0.9193
vn -0.5572 -0.1954 0.8071
vn -0.4815 -0.1871 0.8562
vn -0.3976 -0.1643 0.9027
vn -0.1945 -0.1076 0.9750
vn -0.3010 -0.1360 0.9439
vn -0.1687 -0.0537 0.9842
vn -0.2765 -0.0805 0.9576
vn -0.1470 0.0115 0.9891
vn -0.1328 0.0884 0.9872
vn -0.2517 0.0771 0.9647
vn -0.2587 -0.0091 0.9659
vn -0.5870 0.3025 0.7509
vn -0.5922 0.2725 0.7584
vn -0.5027 0.2924 0.8135
vn -0.5034 0.3313 0.7980
vn -0.5923 0.2232 0.7742
vn -0.4955 0.2372 0.8356
vn -0.4000 0.3021 0.8653
vn -0.4050 0.3520 0.8439
vn -0.3886 0.2406 0.8895
vn -0.5877 0.1503 0.7950
vn -0.4846 0.1617 0.8597
vn -0.3749 0.1641 0.9124
vn -0.1279 0.1677 0.9775
vn -0.2568 0.1640 0.9525
vn -0.1288 0.2408 0.9620
vn -0.2675 0.2396 0.9333
vn -0.1325 0.3090 0.9418
vn -0.1367 0.3737 0.9174
vn -0.2849 0.3659 0.8860
vn -0.2784 0.3062 0.9104
vn -0.7506 0.1748 0.6372
vn -0.7402 0.1923 0.6443
vn -0.7583 0.1425 0.6362
vn -0.7178 0.2060 0.6651
vn -0.7063 0.2270 0.6705
vn -0.7262 0.1671 0.6668
vn -0.7519 0.0245 0.6588
vn -0.7601 0.0941 0.6430
vn -0.7214 0.0227 0.6922
vn -0.7288 0.1080 0.6761
vn -0.6727 0.1291 0.7286
vn -0.6652 0.0318 0.7460
vn -0.6719 0.1965 0.7141
vn -0.6558 0.2656 0.7067
vn -0.6657 0.2408 0.7063
vn -0.7306 -0.0478 0.6811
vn -0.7033 -0.1005 0.7037
vn -0.7019 -0.0666 0.7092
vn -0.6778 -0.1311 0.7234
vn -0.6528 -0.1427 0.7439
vn -0.6756 -0.1336 0.7250
vn -0.6390 -0.1799 0.7479
vn -0.6556 -0.1698 0.7358
vn -0.6177 -0.1904 0.7630
vn -0.6100 -0.2073 0.7648
vn -0.6311 -0.1462 0.7618
vn -0.6490 -0.0713 0.7574
vn -0.5182 0.4970 0.6960
vn -0.4342 0.5446 0.7176
vn -0.4111 0.6109 0.6766
vn -0.4965 0.5652 0.6588
vn -0.3469 0.5852 0.7330
vn -0.3272 0.6483 0.6875
vn -0.3892 0.6615 0.6411
vn -0.4758 0.6149 0.6289
vn -0.3086 0.6980 0.6462
vn -0.2526 0.6145 0.7474
vn -0.1458 0.6281 0.7643
vn -0.1490 0.6861 0.7121
vn -0.2415 0.6745 0.6977
vn -0.1518 0.7343 0.6617
vn -0.2311 0.7228 0.6512
vn -0.1512 0.7994 0.5814
vn -0.2070 0.7849 0.5840
vn -0.2201 0.7594 0.6123
vn -0.1529 0.7719 0.6171
vn -0.2699 0.7575 0.5944
vn -0.2901 0.7340 0.6140
vn -0.3438 0.7166 0.6069
vn -0.4321 0.6604 0.6141
vn -0.4551 0.6462 0.6127
vn -0.3673 0.6963 0.6166
vn -0.7217 0.3338 0.6064
vn -0.6921 0.3696 0.6200
vn -0.6746 0.4400 0.5926
vn -0.7023 0.4032 0.5867
vn -0.6496 0.4081 0.6415
vn -0.6322 0.4781 0.6097
vn -0.6571 0.4809 0.5805
vn -0.6812 0.4420 0.5836
vn -0.6156 0.5217 0.5907
vn -0.5923 0.4505 0.6680
vn -0.5736 0.5195 0.6333
vn -0.5557 0.5663 0.6087
vn -0.5177 0.5951 0.6146
vn -0.5380 0.5910 0.6011
vn -0.5808 0.5309 0.6171
vn -0.5995 0.5389 0.5918
vn -0.6209 0.4720 0.6259
vn -0.6369 0.4219 0.6453
vn -0.6600 0.4486 0.6027
vn -0.6402 0.4914 0.5905
vn -0.7295 0.2094 0.6512
vn -0.7520 0.1814 0.6338
vn -0.6936 0.2464 0.6769
vn -0.7185 0.2431 0.6517
vn -0.7445 0.2121 0.6331
vn -0.6801 0.2819 0.6768
vn -0.5758 0.3303 0.7479
vn -0.6429 0.2881 0.7097
vn -0.5597 0.3715 0.7408
vn -0.6277 0.3255 0.7071
vn -0.6109 0.3793 0.6949
vn -0.5402 0.4270 0.7252
vn -0.6657 0.3353 0.6666
vn -0.7352 0.2620 0.6251
vn -0.7066 0.2958 0.6428
vn -0.4948 0.3687 0.7869
vn -0.3995 0.4006 0.8245
vn -0.4790 0.4166 0.7727
vn -0.3863 0.4560 0.8018
vn -0.1395 0.4374 0.8884
vn -0.2835 0.4245 0.8599
vn -0.1416 0.5014 0.8535
vn -0.2761 0.4859 0.8293
vn -0.2650 0.5495 0.7923
vn -0.1435 0.5652 0.8124
vn -0.3678 0.5178 0.7724
vn -0.4581 0.4754 0.7511
vn -0.7016 0.2477 0.6682
vn -0.6878 0.2699 0.6739
vn -0.6463 0.2680 0.7145
vn -0.6531 0.2579 0.7120
vn -0.6675 0.2801 0.6900
vn -0.6345 0.2682 0.7249
vn -0.5971 0.2752 0.7535
vn -0.5979 0.2721 0.7540
vn -0.5936 0.2692 0.7584
vn -0.6423 0.2770 0.7147
vn -0.6142 0.2607 0.7448
vn -0.5960 0.2403 0.7662
vn -0.6178 0.2583 0.7427
vn -0.5704 0.2318 0.7880
vn -0.5859 0.2535 0.7697
vn -0.5096 0.2386 0.8267
vn -0.4994 0.2604 0.8263
vn -0.5448 0.2571 0.7982
vn -0.5381 0.2333 0.8100
vn -0.4890 0.2805 0.8259
vn -0.5441 0.2761 0.7923
vn -0.4820 0.2912 0.8264
vn -0.4788 0.2919 0.8280
vn -0.5383 0.2850 0.7931
vn -0.5411 0.2851 0.7912
vn -0.7004 0.2010 0.6849
vn -0.6441 0.2276 0.7303
vn -0.7051 0.2104 0.6771
vn -0.6499 0.2357 0.7226
vn -0.5865 0.2492 0.7707
vn -0.5912 0.2574 0.7643
vn -0.7064 0.2254 0.6710
vn -0.6536 0.2454 0.7160
vn -0.5955 0.2650 0.7584
vn -0.4782 0.2869 0.8301
vn -0.5354 0.2798 0.7969
vn -0.4800 0.2787 0.8319
vn -0.5329 0.2724 0.8011
vn -0.4844 0.2677 0.8329
vn -0.5316 0.2630 0.8051
vn -0.7622 0.1667 0.6255
vn -0.7585 0.1920 0.6227
vn -0.7596 0.1655 0.6289
vn -0.7592 0.1847 0.6241
vn -0.7393 0.2992 0.6033
vn -0.7519 0.2352 0.6160
vn -0.7440 0.2701 0.6111
vn -0.7550 0.2185 0.6182
vn -0.7419 0.2146 0.6353
vn -0.7332 0.2514 0.6318
vn -0.7435 0.1910 0.6409
vn -0.7410 0.1775 0.6476
vn -0.7182 0.3627 0.5939
vn -0.6930 0.3985 0.6008
vn -0.7231 0.3225 0.6108
vn -0.6962 0.3524 0.6254
vn -0.6380 0.3766 0.6717
vn -0.6663 0.4037 0.6270
vn -0.6349 0.3324 0.6974
vn -0.6663 0.3563 0.6551
vn -0.6588 0.3118 0.6847
vn -0.6271 0.2927 0.7219
vn -0.6887 0.3102 0.6553
vn -0.7144 0.2892 0.6372
vn 0.2431 0.1930 0.9506
vn 0.1532 0.1601 0.9751
vn 0.1146 0.0858 0.9897
vn 0.1814 0.1003 0.9783
vn 0.0745 0.1317 0.9885
vn 0.0435 0.0613 0.9972
vn 0.0816 0.0217 0.9964
vn 0.1462 0.0345 0.9887
vn 0.0116 -0.0014 0.9999
vn -0.0196 0.1069 0.9941
vn -0.0430 0.0351 0.9985
vn -0.0700 -0.0274 0.9972
vn -0.0971 -0.0817 0.9919
vn -0.0173 -0.0587 0.9981
vn 0.1198 -0.0248 0.9925
vn 0.0527 -0.0388 0.9979
vn 0.3766 0.0077 0.9264
vn 0.4248 -0.0035 0.9053
vn 0.3821 -0.0475 0.9229
vn 0.4438 -0.0622 0.8940
vn 0.4877 -0.0270 0.8726
vn 0.5114 -0.0882 0.8548
vn 0.3905 -0.1390 0.9100
vn 0.3982 -0.2740 0.8754
vn 0.4863 -0.2833 0.8266
vn 0.4657 -0.1545 0.8713
vn 0.5576 -0.2926 0.7768
vn 0.5348 -0.1770 0.8262
vn 0.6688 -0.2965 0.6818
vn 0.6744 -0.2344 0.7001
vn 0.6057 -0.2028 0.7694
vn 0.6205 -0.2973 0.7257
vn 0.6730 -0.1623 0.7216
vn 0.5883 -0.1214 0.7995
vn 0.6634 -0.0956 0.7422
vn 0.5670 -0.0593 0.8216
vn 0.4586 0.4378 0.7733
vn 0.4780 0.4185 0.7722
vn 0.4581 0.4264 0.7799
vn 0.4435 0.4464 0.7772
vn 0.4672 0.4011 0.7879
vn 0.4455 0.4028 0.7996
vn 0.4371 0.4128 0.7991
vn 0.4310 0.4319 0.7923
vn 0.4191 0.3861 0.8218
vn 0.4276 0.3874 0.8167
vn 0.3583 0.3785 0.8534
vn 0.3396 0.3561 0.8705
vn 0.4061 0.3785 0.8317
vn 0.3119 0.3234 0.8934
vn 0.3776 0.3550 0.8552
vn 0.3304 0.2534 0.9092
vn 0.3487 0.3161 0.8823
vn 0.2800 0.2769 0.9192
vn 0.3788 0.2841 0.8808
vn 0.3934 0.3484 0.8508
vn 0.4062 0.3049 0.8614
vn 0.4166 0.3193 0.8512
vn 0.4221 0.3920 0.8174
vn 0.4183 0.3746 0.8274
vn 0.2654 0.3747 0.8884
vn 0.2515 0.3372 0.9072
vn 0.1530 0.3743 0.9146
vn 0.1449 0.3231 0.9352
vn 0.2275 0.2922 0.9289
vn 0.1283 0.2665 0.9553
vn 0.0187 0.3753 0.9267
vn 0.0170 0.3143 0.9492
vn 0.0100 0.2499 0.9682
vn -0.0020 0.1810 0.9835
vn 0.1039 0.2030 0.9737
vn 0.1950 0.2346 0.9523
vn 0.4942 0.2638 0.8284
vn 0.5322 0.1733 0.8287
vn 0.5703 0.1649 0.8047
vn 0.5305 0.2489 0.8103
vn 0.5661 0.1080 0.8172
vn 0.6107 0.0941 0.7862
vn 0.6140 0.1379 0.7771
vn 0.5658 0.2223 0.7940
vn 0.6602 0.0647 0.7483
vn 0.5955 0.0446 0.8021
vn 0.6483 0.0269 0.7609
vn 0.7007 -0.0013 0.7135
vn 0.8091 -0.0730 0.5831
vn 0.7539 -0.0357 0.6560
vn 0.7735 -0.0171 0.6335
vn 0.7147 0.0261 0.6989
vn 0.7282 0.0553 0.6831
vn 0.6737 0.1461 0.7245
vn 0.6141 0.1877 0.7666
vn 0.6671 0.1000 0.7382
vn 0.3874 0.4668 0.7950
vn 0.3996 0.4452 0.8013
vn 0.4132 0.4332 0.8010
vn 0.3940 0.4623 0.7944
vn 0.4228 0.4090 0.8087
vn 0.4426 0.3905 0.8073
vn 0.4336 0.4181 0.7983
vn 0.4057 0.4534 0.7936
vn 0.4706 0.3690 0.8015
vn 0.4535 0.3548 0.8176
vn 0.4814 0.3306 0.8118
vn 0.5160 0.3045 0.8006
vn 0.6135 0.2380 0.7530
vn 0.5593 0.2742 0.7823
vn 0.5534 0.3136 0.7717
vn 0.5074 0.3441 0.7900
vn 0.4971 0.3740 0.7830
vn 0.4482 0.4210 0.7886
vn 0.4236 0.4397 0.7920
vn 0.4614 0.3987 0.7925
vn 0.4184 0.4578 0.7845
vn 0.4268 0.4533 0.7825
vn 0.4161 0.4406 0.7954
vn 0.4018 0.4603 0.7916
vn 0.4034 0.4629 0.7893
vn 0.4098 0.4386 0.7999
vn 0.4208 0.3273 0.8460
vn 0.4184 0.3996 0.8157
vn 0.4325 0.3268 0.8404
vn 0.4233 0.3962 0.8148
vn 0.4346 0.3820 0.8156
vn 0.4544 0.3136 0.8338
vn 0.4120 0.4263 0.8054
vn 0.3896 0.4672 0.7937
vn 0.3950 0.4552 0.7980
vn 0.0177 -0.2584 0.9659
vn 0.0932 -0.2643 0.9599
vn 0.1165 -0.1728 0.9780
vn 0.0174 -0.2010 0.9794
vn 0.1925 -0.2692 0.9436
vn 0.2164 -0.1537 0.9641
vn 0.1372 -0.0985 0.9856
vn 0.0261 -0.1354 0.9904
vn 0.2351 -0.0709 0.9694
vn 0.2961 -0.2715 0.9157
vn 0.3069 -0.1417 0.9411
vn 0.3159 -0.0529 0.9473
vn 0.3259 0.0022 0.9454
vn 0.2548 -0.0155 0.9669
vn 0.0424 -0.0737 0.9964
vn 0.1604 -0.0421 0.9862
vn 0.4173 0.5178 0.7468
vn 0.3917 0.5268 0.7544
vn 0.3934 0.5339 0.7484
vn 0.4237 0.5275 0.7364
vn 0.3695 0.5288 0.7641
vn 0.3667 0.5345 0.7614
vn 0.3925 0.5373 0.7464
vn 0.4254 0.5330 0.7314
vn 0.3632 0.5377 0.7609
vn 0.3535 0.5252 0.7741
vn 0.3456 0.5182 0.7823
vn 0.3365 0.5232 0.7830
vn 0.3468 0.5301 0.7738
vn 0.3290 0.5281 0.7829
vn 0.3406 0.5342 0.7737
vn 0.3209 0.5324 0.7833
vn 0.3324 0.5332 0.7780
vn 0.3360 0.5357 0.7747
vn 0.3235 0.5316 0.7828
vn 0.3534 0.5331 0.7687
vn 0.3596 0.5372 0.7630
vn 0.3810 0.5325 0.7558
vn 0.4131 0.5319 0.7392
vn 0.4221 0.5342 0.7324
vn 0.3888 0.5366 0.7489
vn 0.5040 0.4498 0.7373
vn 0.4852 0.4643 0.7409
vn 0.4921 0.4908 0.7191
vn 0.5070 0.4827 0.7142
vn 0.4650 0.4826 0.7422
vn 0.4740 0.5025 0.7231
vn 0.4932 0.5144 0.7015
vn 0.5056 0.5131 0.6936
vn 0.4767 0.5190 0.7095
vn 0.4425 0.5017 0.7433
vn 0.4516 0.5156 0.7281
vn 0.4548 0.5257 0.7189
vn 0.4420 0.5340 0.7208
vn 0.4517 0.5316 0.7165
vn 0.4628 0.5405 0.7026
vn 0.4731 0.5316 0.7026
vn 0.4780 0.5502 0.6847
vn 0.4889 0.5621 0.6671
vn 0.4997 0.5399 0.6774
vn 0.4886 0.5344 0.6897
vn 0.4410 0.4413 0.7815
vn 0.4737 0.4221 0.7730
vn 0.4149 0.4583 0.7860
vn 0.4570 0.4378 0.7742
vn 0.4866 0.4173 0.7675
vn 0.4314 0.4593 0.7765
vn 0.3874 0.4804 0.7868
vn 0.3965 0.4718 0.7876
vn 0.3948 0.4937 0.7749
vn 0.4103 0.4788 0.7762
vn 0.4271 0.4885 0.7609
vn 0.4061 0.5062 0.7608
vn 0.4494 0.4667 0.7617
vn 0.4969 0.4256 0.7563
vn 0.4726 0.4446 0.7609
vn 0.3856 0.4830 0.7862
vn 0.3879 0.4798 0.7870
vn 0.3842 0.5010 0.7755
vn 0.3772 0.5017 0.7785
vn 0.4097 0.4579 0.7890
vn 0.3957 0.4712 0.7883
vn 0.3803 0.4867 0.7864
vn 0.3755 0.4965 0.7826
vn 0.3619 0.5149 0.7771
vn 0.3591 0.5073 0.7834
vn 0.3718 0.5184 0.7701
vn 0.3873 0.5159 0.7641
vn 0.3317 0.5180 0.7885
vn 0.3118 0.5736 0.7575
vn 0.1901 0.6184 0.7625
vn 0.2162 0.5589 0.8005
vn 0.2900 0.6272 0.7229
vn 0.1629 0.6739 0.7206
vn 0.0690 0.6551 0.7523
vn 0.0947 0.5952 0.7980
vn 0.0435 0.7088 0.7041
vn 0.2670 0.6761 0.6867
vn 0.2434 0.7183 0.6517
vn 0.1105 0.7632 0.6366
vn 0.1360 0.7228 0.6775
vn -0.0008 0.7897 0.6135
vn 0.0199 0.7540 0.6566
vn -0.0765 0.7699 0.6336
vn -0.0874 0.8008 0.5926
vn -0.0621 0.7291 0.6815
vn -0.0276 0.6202 0.7839
vn -0.0453 0.6788 0.7329
vn 0.3646 0.3997 0.8410
vn 0.2667 0.4109 0.8718
vn 0.3608 0.4290 0.8281
vn 0.2575 0.4531 0.8535
vn 0.1502 0.4244 0.8929
vn 0.1382 0.4777 0.8676
vn 0.3491 0.4680 0.8119
vn 0.2398 0.5022 0.8308
vn 0.1188 0.5347 0.8367
vn -0.0106 0.5582 0.8296
vn 0.0038 0.4965 0.8680
vn 0.0140 0.4355 0.9001
vn 0.4923 0.4055 0.7702
vn 0.5011 0.4043 0.7652
vn 0.4799 0.3961 0.7828
vn 0.4849 0.4025 0.7764
vn 0.5066 0.4464 0.7376
vn 0.5055 0.4170 0.7553
vn 0.4800 0.4577 0.7484
vn 0.4844 0.4223 0.7662
vn 0.4334 0.4398 0.7866
vn 0.4233 0.4822 0.7670
vn 0.4390 0.4111 0.7989
vn 0.4378 0.3943 0.8080
vn 0.5050 0.4848 0.7141
vn 0.5003 0.5213 0.6913
vn 0.4735 0.5016 0.7240
vn 0.4647 0.5440 0.6986
vn 0.4807 0.5824 0.6556
vn 0.4924 0.5542 0.6712
vn 0.4392 0.6173 0.6527
vn 0.4534 0.5831 0.6741
vn 0.3803 0.6251 0.6816
vn 0.3620 0.6645 0.6537
vn 0.3966 0.5803 0.7113
vn 0.4109 0.5319 0.7404
vn -0.7313 -0.5873 -0.3468
vn -0.7840 -0.5350 -0.3150
vn -0.7708 -0.5498 -0.3219
vn -0.7143 -0.6015 -0.3578
vn -0.8211 -0.4906 -0.2916
vn -0.8126 -0.5033 -0.2938
vn -0.7576 -0.5609 -0.3337
vn -0.6986 -0.6109 -0.3725
vn -0.8035 -0.5135 -0.3013
vn -0.8440 -0.4587 -0.2780
vn -0.8536 -0.4435 -0.2733
vn -0.8538 -0.4448 -0.2704
vn -0.8401 -0.4667 -0.2765
vn -0.8530 -0.4438 -0.2745
vn -0.8356 -0.4719 -0.2810
vn -0.8326 -0.4711 -0.2912
vn -0.8515 -0.4412 -0.2834
vn -0.7965 -0.5161 -0.3150
vn -0.6870 -0.6129 -0.3904
vn -0.7476 -0.5643 -0.3503
vn -0.5118 -0.7174 -0.4727
vn -0.5592 -0.6983 -0.4468
vn -0.5405 -0.7049 -0.4593
vn -0.4945 -0.7206 -0.4860
vn -0.6126 -0.6718 -0.4163
vn -0.5930 -0.6813 -0.4291
vn -0.5231 -0.7073 -0.4755
vn -0.4768 -0.7206 -0.5035
vn -0.5758 -0.6858 -0.4450
vn -0.6708 -0.6355 -0.3824
vn -0.6516 -0.6476 -0.3951
vn -0.6347 -0.6544 -0.4109
vn -0.6220 -0.6547 -0.4294
vn -0.5620 -0.6849 -0.4639
vn -0.4589 -0.7167 -0.5251
vn -0.5076 -0.7051 -0.4952
vn -0.5780 -0.7022 -0.4158
vn -0.6344 -0.6635 -0.3966
vn -0.6179 -0.6709 -0.4101
vn -0.5614 -0.7058 -0.4320
vn -0.6879 -0.6196 -0.3780
vn -0.6734 -0.6304 -0.3861
vn -0.5991 -0.6798 -0.4230
vn -0.5449 -0.7094 -0.4469
vn -0.6549 -0.6441 -0.3952
vn -0.7369 -0.5716 -0.3609
vn -0.7798 -0.5216 -0.3462
vn -0.7730 -0.5353 -0.3405
vn -0.7258 -0.5849 -0.3622
vn -0.7621 -0.5521 -0.3382
vn -0.7101 -0.6015 -0.3659
vn -0.6912 -0.6193 -0.3726
vn -0.7479 -0.5701 -0.3401
vn -0.6340 -0.6586 -0.4053
vn -0.5285 -0.7132 -0.4605
vn -0.5792 -0.6892 -0.4353
vn -0.8127 -0.4766 -0.3352
vn -0.8099 -0.4889 -0.3240
vn -0.8334 -0.4443 -0.3286
vn -0.8337 -0.4544 -0.3138
vn -0.8040 -0.5034 -0.3164
vn -0.8318 -0.4657 -0.3022
vn -0.8434 -0.4270 -0.3260
vn -0.8436 -0.4264 -0.3266
vn -0.8478 -0.4315 -0.3084
vn -0.8460 -0.4345 -0.3090
vn -0.8507 -0.4363 -0.2931
vn -0.8469 -0.4424 -0.2949
vn -0.8462 -0.4506 -0.2843
vn -0.8526 -0.4404 -0.2812
vn -0.8276 -0.4779 -0.2945
vn -0.7953 -0.5192 -0.3130
vn -0.3862 -0.7466 -0.5417
vn -0.3707 -0.7334 -0.5698
vn -0.3531 -0.7283 -0.5872
vn -0.3684 -0.7443 -0.5571
vn -0.3533 -0.7182 -0.5995
vn -0.3368 -0.7107 -0.6176
vn -0.3440 -0.7206 -0.6021
vn -0.3572 -0.7393 -0.5708
vn -0.3296 -0.7010 -0.6324
vn -0.3351 -0.7003 -0.6303
vn -0.3204 -0.6912 -0.6478
vn -0.3149 -0.6806 -0.6615
vn -0.3273 -0.6541 -0.6819
vn -0.3174 -0.6684 -0.6726
vn -0.3394 -0.6783 -0.6517
vn -0.3307 -0.6900 -0.6439
vn -0.3478 -0.7038 -0.6195
vn -0.3524 -0.7301 -0.5854
vn -0.3521 -0.7339 -0.5809
vn -0.3424 -0.7119 -0.6132
vn -0.4153 -0.7830 -0.4630
vn -0.4138 -0.7750 -0.4776
vn -0.3952 -0.7835 -0.4794
vn -0.3923 -0.7977 -0.4581
vn -0.4082 -0.7669 -0.4953
vn -0.3911 -0.7708 -0.5028
vn -0.3778 -0.7929 -0.4781
vn -0.3715 -0.8135 -0.4475
vn -0.3762 -0.7744 -0.5087
vn -0.3989 -0.7577 -0.5165
vn -0.3816 -0.7582 -0.5286
vn -0.3687 -0.7569 -0.5396
vn -0.3536 -0.7574 -0.5490
vn -0.3594 -0.7560 -0.5471
vn -0.3509 -0.7859 -0.5091
vn -0.3629 -0.7790 -0.5113
vn -0.3441 -0.8153 -0.4657
vn -0.3328 -0.8450 -0.4187
vn -0.3519 -0.8295 -0.4336
vn -0.3609 -0.8034 -0.4735
vn -0.5102 -0.7331 -0.4498
vn -0.5248 -0.7321 -0.4343
vn -0.4973 -0.7326 -0.4648
vn -0.4690 -0.7521 -0.4631
vn -0.4799 -0.7534 -0.4495
vn -0.4593 -0.7489 -0.4777
vn -0.4715 -0.7308 -0.4936
vn -0.4848 -0.7316 -0.4793
vn -0.4377 -0.7397 -0.5111
vn -0.4494 -0.7446 -0.4936
vn -0.4211 -0.7532 -0.5054
vn -0.4096 -0.7449 -0.5267
vn -0.4300 -0.7600 -0.4874
vn -0.4436 -0.7694 -0.4597
vn -0.4372 -0.7654 -0.4723
vn -0.4555 -0.7298 -0.5099
vn -0.4373 -0.7264 -0.5302
vn -0.4225 -0.7342 -0.5314
vn -0.4044 -0.7267 -0.5553
vn -0.4176 -0.7196 -0.5548
vn -0.3841 -0.7162 -0.5827
vn -0.3570 -0.7090 -0.6082
vn -0.3767 -0.7235 -0.5785
vn -0.3945 -0.7352 -0.5512
vn -0.3983 -0.8636 -0.3092
vn -0.3321 -0.8955 -0.2964
vn -0.3210 -0.9165 -0.2387
vn -0.3952 -0.8844 -0.2484
vn -0.2876 -0.9169 -0.2766
vn -0.2705 -0.9363 -0.2239
vn -0.3134 -0.9316 -0.1840
vn -0.3926 -0.8994 -0.1920
vn -0.2578 -0.9506 -0.1729
vn -0.2615 -0.9315 -0.2529
vn -0.2516 -0.9406 -0.2278
vn -0.2270 -0.9567 -0.1823
vn -0.2401 -0.9489 -0.2049
vn -0.2036 -0.9692 -0.1388
vn -0.2222 -0.9621 -0.1580
vn -0.1698 -0.9839 -0.0556
vn -0.1986 -0.9779 -0.0648
vn -0.2082 -0.9717 -0.1116
vn -0.1838 -0.9782 -0.0967
vn -0.2421 -0.9676 -0.0725
vn -0.2486 -0.9608 -0.1227
vn -0.3027 -0.9497 -0.0802
vn -0.3839 -0.9190 -0.0896
vn -0.3893 -0.9105 -0.1394
vn -0.3078 -0.9423 -0.1315
vn -0.6340 -0.7164 -0.2912
vn -0.5925 -0.7488 -0.2972
vn -0.5996 -0.7612 -0.2472
vn -0.6368 -0.7301 -0.2480
vn -0.5383 -0.7855 -0.3055
vn -0.5460 -0.7998 -0.2494
vn -0.6001 -0.7735 -0.2041
vn -0.6331 -0.7446 -0.2117
vn -0.5482 -0.8121 -0.1999
vn -0.4729 -0.8244 -0.3111
vn -0.4772 -0.8422 -0.2511
vn -0.4783 -0.8559 -0.1967
vn -0.4686 -0.8775 -0.1023
vn -0.4757 -0.8672 -0.1474
vn -0.5353 -0.8364 -0.1180
vn -0.5448 -0.8239 -0.1563
vn -0.5820 -0.8016 -0.1367
vn -0.6078 -0.7782 -0.1579
vn -0.6234 -0.7605 -0.1818
vn -0.5942 -0.7867 -0.1675
vn -0.5427 -0.7309 -0.4139
vn -0.5952 -0.6996 -0.3954
vn -0.4942 -0.7552 -0.4306
vn -0.5615 -0.7327 -0.3844
vn -0.6114 -0.7005 -0.3682
vn -0.5102 -0.7612 -0.4004
vn -0.4128 -0.7956 -0.4435
vn -0.4508 -0.7757 -0.4417
vn -0.4082 -0.8150 -0.4113
vn -0.4588 -0.7878 -0.4110
vn -0.4664 -0.8046 -0.3675
vn -0.4030 -0.8386 -0.3665
vn -0.5256 -0.7714 -0.3588
vn -0.6248 -0.7059 -0.3337
vn -0.5789 -0.7385 -0.3457
vn -0.3811 -0.8170 -0.4326
vn -0.3555 -0.8381 -0.4138
vn -0.3653 -0.8420 -0.3970
vn -0.3337 -0.8653 -0.3739
vn -0.3168 -0.8733 -0.3702
vn -0.3344 -0.8573 -0.3915
vn -0.2972 -0.8987 -0.3224
vn -0.3115 -0.8845 -0.3473
vn -0.2862 -0.9097 -0.3010
vn -0.2752 -0.9212 -0.2749
vn -0.3098 -0.8924 -0.3280
vn -0.3478 -0.8692 -0.3515
vn -0.7647 -0.5525 -0.3316
vn -0.7451 -0.5870 -0.3167
vn -0.7648 -0.5416 -0.3488
vn -0.7879 -0.5040 -0.3539
vn -0.7190 -0.6263 -0.3015
vn -0.7351 -0.5869 -0.3394
vn -0.7755 -0.5020 -0.3829
vn -0.8003 -0.4656 -0.3778
vn -0.7450 -0.5487 -0.3793
vn -0.6888 -0.6661 -0.2861
vn -0.6575 -0.7030 -0.2709
vn -0.6678 -0.6777 -0.3079
vn -0.7015 -0.6340 -0.3255
vn -0.6795 -0.6469 -0.3461
vn -0.7118 -0.5990 -0.3669
vn -0.7045 -0.5761 -0.4145
vn -0.7232 -0.5318 -0.4405
vn -0.7190 -0.5639 -0.4064
vn -0.6919 -0.6123 -0.3826
vn -0.7465 -0.4898 -0.4504
vn -0.7486 -0.5151 -0.4174
vn -0.7717 -0.4549 -0.4444
vn -0.7966 -0.4320 -0.4228
vn -0.8029 -0.4406 -0.4014
vn -0.7775 -0.4720 -0.4157
vn -0.7827 -0.5143 -0.3506
vn -0.8129 -0.4688 -0.3456
vn -0.7818 -0.5163 -0.3496
vn -0.8098 -0.4694 -0.3520
vn -0.8313 -0.4369 -0.3436
vn -0.8262 -0.4362 -0.3564
vn -0.7762 -0.5288 -0.3434
vn -0.8020 -0.4805 -0.3548
vn -0.8166 -0.4449 -0.3678
vn -0.8161 -0.4221 -0.3948
vn -0.8210 -0.4247 -0.3815
vn -0.8292 -0.4192 -0.3697
vn -0.8325 -0.4189 -0.3625
vn -0.8378 -0.4214 -0.3471
vn -0.8394 -0.4206 -0.3442
vn -0.6481 -0.6600 -0.3800
vn -0.6589 -0.6620 -0.3574
vn -0.6979 -0.6147 -0.3675
vn -0.7038 -0.6174 -0.3513
vn -0.6687 -0.6838 -0.2921
vn -0.6660 -0.6698 -0.3283
vn -0.7025 -0.6456 -0.2996
vn -0.7055 -0.6278 -0.3289
vn -0.7425 -0.5805 -0.3343
vn -0.7347 -0.6019 -0.3131
vn -0.7451 -0.5684 -0.3491
vn -0.7431 -0.5654 -0.3579
vn -0.6654 -0.7015 -0.2553
vn -0.6561 -0.7204 -0.2249
vn -0.6932 -0.6685 -0.2693
vn -0.6782 -0.6932 -0.2442
vn -0.6225 -0.7613 -0.1815
vn -0.6416 -0.7404 -0.2004
vn -0.6357 -0.7434 -0.2081
vn -0.6586 -0.7184 -0.2238
vn -0.6744 -0.6939 -0.2523
vn -0.6473 -0.7242 -0.2378
vn -0.6992 -0.6621 -0.2697
vn -0.7199 -0.6306 -0.2899
vn -0.2433 -0.7902 -0.5624
vn -0.2973 -0.7652 -0.5710
vn -0.3064 -0.7219 -0.6205
vn -0.2560 -0.7427 -0.6188
vn -0.3310 -0.7455 -0.5785
vn -0.3360 -0.7077 -0.6215
vn -0.3087 -0.6762 -0.6689
vn -0.2628 -0.6907 -0.6737
vn -0.3345 -0.6693 -0.6634
vn -0.3486 -0.7333 -0.5837
vn -0.3492 -0.7014 -0.6214
vn -0.3443 -0.6701 -0.6576
vn -0.3334 -0.6401 -0.6922
vn -0.3257 -0.6311 -0.7040
vn -0.2636 -0.6353 -0.7259
vn -0.3035 -0.6289 -0.7158
vn 0.1499 -0.8270 -0.5418
vn 0.0282 -0.8402 -0.5415
vn 0.0218 -0.7926 -0.6094
vn 0.1547 -0.7793 -0.6073
vn -0.0788 -0.8340 -0.5461
vn -0.0916 -0.7851 -0.6125
vn 0.0156 -0.7399 -0.6726
vn 0.1592 -0.7285 -0.6663
vn -0.1026 -0.7302 -0.6755
vn -0.1693 -0.8153 -0.5537
vn -0.1838 -0.7660 -0.6160
vn -0.1944 -0.7110 -0.6758
vn -0.2016 -0.6514 -0.7315
vn -0.1130 -0.6708 -0.7330
vn 0.1615 -0.6774 -0.7176
vn 0.0077 -0.6841 -0.7294
vn 0.1455 -0.9385 -0.3132
vn 0.0661 -0.9458 -0.3179
vn 0.0548 -0.9303 -0.3627
vn 0.1432 -0.9216 -0.3606
vn -0.0114 -0.9441 -0.3295
vn -0.0290 -0.9274 -0.3729
vn 0.0447 -0.9087 -0.4151
vn 0.1435 -0.8984 -0.4150
vn -0.0466 -0.9047 -0.4235
vn -0.0870 -0.9344 -0.3454
vn -0.1605 -0.9180 -0.3626
vn -0.1813 -0.8953 -0.4069
vn -0.1079 -0.9151 -0.3886
vn -0.2036 -0.8668 -0.4552
vn -0.1296 -0.8896 -0.4379
vn -0.1506 -0.8568 -0.4931
vn -0.2251 -0.8319 -0.5072
vn -0.0635 -0.8741 -0.4815
vn 0.1460 -0.8674 -0.4757
vn 0.0359 -0.8793 -0.4749
vn -0.2242 -0.8982 -0.3780
vn -0.2430 -0.8721 -0.4247
vn -0.2728 -0.8786 -0.3919
vn -0.2890 -0.8498 -0.4408
vn -0.2631 -0.8411 -0.4726
vn -0.3055 -0.8175 -0.4883
vn -0.3084 -0.8607 -0.4051
vn -0.3220 -0.8305 -0.4546
vn -0.3340 -0.7985 -0.5009
vn -0.3432 -0.7657 -0.5439
vn -0.3201 -0.7824 -0.5343
vn -0.2821 -0.8053 -0.5215
vn 0.5071 -0.6287 -0.5895
vn 0.5186 -0.5760 -0.6319
vn 0.5615 -0.5273 -0.6377
vn 0.5576 -0.5737 -0.6000
vn 0.5321 -0.5291 -0.6610
vn 0.5671 -0.4875 -0.6639
vn 0.5990 -0.4808 -0.6403
vn 0.6007 -0.5189 -0.6082
vn 0.5978 -0.4504 -0.6631
vn 0.5483 -0.4937 -0.6750
vn 0.5765 -0.4591 -0.6759
vn 0.6003 -0.4300 -0.6744
vn 0.6372 -0.3878 -0.6660
vn 0.6208 -0.4060 -0.6707
vn 0.6449 -0.3908 -0.6568
vn 0.6242 -0.4181 -0.6600
vn 0.6529 -0.4013 -0.6424
vn 0.6591 -0.4209 -0.6233
vn 0.6348 -0.4670 -0.6156
vn 0.6298 -0.4382 -0.6414
vn 0.4569 -0.8112 -0.3649
vn 0.4687 -0.7745 -0.4248
vn 0.5372 -0.7165 -0.4451
vn 0.5301 -0.7559 -0.3842
vn 0.4817 -0.7310 -0.4834
vn 0.5448 -0.6715 -0.5023
vn 0.5963 -0.6551 -0.4640
vn 0.5951 -0.6958 -0.4021
vn 0.5983 -0.6099 -0.5197
vn 0.4948 -0.6818 -0.5388
vn 0.5519 -0.6231 -0.5543
vn 0.6000 -0.5633 -0.5680
vn 0.6640 -0.4531 -0.5949
vn 0.6376 -0.5055 -0.5813
vn 0.6713 -0.4937 -0.5529
vn 0.6406 -0.5495 -0.5364
vn 0.6812 -0.5364 -0.4983
vn 0.6943 -0.5757 -0.4319
vn 0.6500 -0.6346 -0.4181
vn 0.6444 -0.5939 -0.4816
vn 0.2313 -0.9004 -0.3685
vn 0.2249 -0.9212 -0.3175
vn 0.2413 -0.8725 -0.4249
vn 0.3149 -0.8681 -0.3837
vn 0.3029 -0.8944 -0.3290
vn 0.3303 -0.8341 -0.4417
vn 0.2680 -0.7918 -0.5489
vn 0.2538 -0.8365 -0.4856
vn 0.3664 -0.7424 -0.5609
vn 0.3478 -0.7922 -0.5015
vn 0.4279 -0.7391 -0.5203
vn 0.4456 -0.6858 -0.5754
vn 0.4104 -0.7860 -0.4623
vn 0.3802 -0.8579 -0.3456
vn 0.3941 -0.8258 -0.4035
vn 0.2831 -0.7411 -0.6088
vn 0.2984 -0.6898 -0.6596
vn 0.3857 -0.6884 -0.6143
vn 0.4058 -0.6364 -0.6560
vn 0.3121 -0.6420 -0.7003
vn 0.4252 -0.5915 -0.6851
vn 0.5027 -0.5386 -0.6762
vn 0.4826 -0.5795 -0.6567
vn 0.4634 -0.6305 -0.6226
vn 0.4466 -0.8896 -0.0960
vn 0.5361 -0.8394 -0.0894
vn 0.5534 -0.8329 0.0019
vn 0.4593 -0.8881 -0.0163
vn 0.6249 -0.7766 -0.0793
vn 0.6458 -0.7631 0.0244
vn 0.5757 -0.8134 0.0834
vn 0.4783 -0.8764 0.0559
vn 0.6686 -0.7348 0.1140
vn 0.7070 -0.7042 -0.0650
vn 0.7774 -0.6272 -0.0471
vn 0.7967 -0.5993 0.0778
vn 0.7288 -0.6829 0.0503
vn 0.8097 -0.5598 0.1763
vn 0.7483 -0.6471 0.1458
vn 0.8263 -0.4832 0.2892
vn 0.7796 -0.5659 0.2684
vn 0.7653 -0.6054 0.2186
vn 0.8189 -0.5184 0.2464
vn 0.7126 -0.6584 0.2421
vn 0.6916 -0.6977 0.1870
vn 0.6273 -0.7497 0.2109
vn 0.5306 -0.8290 0.1766
vn 0.5026 -0.8561 0.1204
vn 0.6012 -0.7843 0.1534
vn 0.1691 -0.9792 -0.1120
vn 0.2289 -0.9674 -0.1079
vn 0.2337 -0.9710 -0.0502
vn 0.1728 -0.9833 -0.0564
vn 0.2933 -0.9503 -0.1042
vn 0.2997 -0.9531 -0.0417
vn 0.2419 -0.9703 -0.0000
vn 0.1779 -0.9840 -0.0104
vn 0.3111 -0.9503 0.0143
vn 0.3649 -0.9256 -0.1005
vn 0.3737 -0.9270 -0.0306
vn 0.3887 -0.9208 0.0329
vn 0.4370 -0.8882 0.1416
vn 0.4099 -0.9076 0.0902
vn 0.3529 -0.9293 0.1091
vn 0.3286 -0.9423 0.0644
vn 0.2758 -0.9579 0.0805
vn 0.2030 -0.9775 0.0567
vn 0.1871 -0.9820 0.0271
vn 0.2553 -0.9659 0.0433
vn 0.2226 -0.9370 -0.2692
vn 0.1510 -0.9514 -0.2683
vn 0.2953 -0.9145 -0.2765
vn 0.2232 -0.9498 -0.2195
vn 0.1576 -0.9625 -0.2208
vn 0.2914 -0.9302 -0.2231
vn 0.4478 -0.8407 -0.3046
vn 0.3701 -0.8829 -0.2889
vn 0.4422 -0.8637 -0.2416
vn 0.3639 -0.9024 -0.2309
vn 0.3619 -0.9167 -0.1691
vn 0.4414 -0.8804 -0.1733
vn 0.2907 -0.9422 -0.1664
vn 0.1640 -0.9719 -0.1692
vn 0.2255 -0.9600 -0.1663
vn 0.5250 -0.7883 -0.3208
vn 0.5960 -0.7295 -0.3357
vn 0.5232 -0.8138 -0.2530
vn 0.6003 -0.7554 -0.2627
vn 0.7108 -0.6063 -0.3568
vn 0.6583 -0.6675 -0.3479
vn 0.7305 -0.6266 -0.2714
vn 0.6701 -0.6917 -0.2691
vn 0.6865 -0.7054 -0.1768
vn 0.7535 -0.6350 -0.1702
vn 0.6096 -0.7723 -0.1790
vn 0.5264 -0.8316 -0.1773
vn -0.0971 -0.9849 -0.1434
vn -0.0802 -0.9932 -0.0843
vn -0.1410 -0.9845 -0.1042
vn -0.1637 -0.9734 -0.1603
vn -0.0630 -0.9971 -0.0420
vn -0.1167 -0.9912 -0.0622
vn -0.1855 -0.9741 -0.1290
vn -0.2111 -0.9606 -0.1806
vn -0.1580 -0.9836 -0.0873
vn -0.0465 -0.9988 -0.0152
vn -0.0316 -0.9995 -0.0028
vn -0.0762 -0.9970 -0.0162
vn -0.0941 -0.9950 -0.0332
vn -0.1137 -0.9931 -0.0301
vn -0.1327 -0.9897 -0.0546
vn -0.1625 -0.9837 -0.0767
vn -0.1447 -0.9885 -0.0436
vn -0.1869 -0.9757 -0.1140
vn -0.2403 -0.9491 -0.2035
vn -0.2141 -0.9643 -0.1561
vn -0.1428 -0.9375 -0.3175
vn -0.2091 -0.9205 -0.3302
vn -0.1271 -0.9555 -0.2661
vn -0.1954 -0.9405 -0.2781
vn -0.2590 -0.9034 -0.3418
vn -0.2456 -0.9250 -0.2900
vn -0.1123 -0.9716 -0.2081
vn -0.1811 -0.9582 -0.2215
vn -0.2304 -0.9440 -0.2363
vn -0.2616 -0.9312 -0.2538
vn -0.2792 -0.9108 -0.3040
vn -0.2945 -0.8875 -0.3544
vn 0.0790 -0.9582 -0.2750
vn 0.0914 -0.9694 -0.2278
vn 0.0061 -0.9579 -0.2870
vn 0.0221 -0.9708 -0.2388
vn 0.1091 -0.9872 -0.1165
vn 0.1018 -0.9792 -0.1753
vn 0.0451 -0.9914 -0.1225
vn 0.0353 -0.9823 -0.1842
vn -0.0359 -0.9801 -0.1954
vn -0.0234 -0.9911 -0.1311
vn -0.0507 -0.9663 -0.2523
vn -0.0679 -0.9508 -0.3021
vn 0.1128 -0.9918 -0.0606
vn 0.1164 -0.9931 -0.0168
vn 0.0511 -0.9966 -0.0649
vn 0.0562 -0.9982 -0.0223
vn 0.1352 -0.9901 0.0380
vn 0.1229 -0.9923 0.0158
vn 0.0742 -0.9970 0.0230
vn 0.0631 -0.9980 0.0067
vn 0.0070 -1.0000 -0.0027
vn 0.0189 -0.9998 0.0098
vn -0.0033 -0.9996 -0.0297
vn -0.0130 -0.9973 -0.0720
vn -0.5788 -0.8149 -0.0316
vn -0.5987 -0.7995 -0.0481
vn -0.6060 -0.7809 -0.1516
vn -0.5908 -0.7964 -0.1289
vn -0.6273 -0.7764 -0.0601
vn -0.6292 -0.7580 -0.1718
vn -0.6192 -0.7517 -0.2272
vn -0.6075 -0.7689 -0.1992
vn -0.6376 -0.7272 -0.2542
vn -0.6641 -0.7446 -0.0674
vn -0.7078 -0.7030 -0.0694
vn -0.6974 -0.6876 -0.2021
vn -0.6601 -0.7270 -0.1890
vn -0.6917 -0.6567 -0.3004
vn -0.6621 -0.6955 -0.2791
vn -0.6725 -0.6562 -0.3423
vn -0.6938 -0.6182 -0.3695
vn -0.6542 -0.6893 -0.3112
vn -0.6297 -0.7369 -0.2458
vn -0.6398 -0.7164 -0.2784
vn -0.5117 -0.8556 0.0790
vn -0.5295 -0.8471 0.0457
vn -0.5536 -0.8316 -0.0449
vn -0.5390 -0.8422 -0.0124
vn -0.5466 -0.8372 0.0158
vn -0.5670 -0.8202 -0.0753
vn -0.5770 -0.8091 -0.1111
vn -0.5641 -0.8218 -0.0805
vn -0.5885 -0.7961 -0.1412
vn -0.5630 -0.8264 -0.0102
vn -0.5794 -0.8084 -0.1035
vn -0.5986 -0.7826 -0.1707
vn -0.6214 -0.7535 -0.2148
vn -0.6115 -0.7693 -0.1848
vn -0.5873 -0.7991 -0.1282
vn -0.6002 -0.7845 -0.1560
vn -0.3830 -0.7954 0.4698
vn -0.4105 -0.7919 0.4521
vn -0.4421 -0.8256 0.3506
vn -0.4130 -0.8294 0.3763
vn -0.4422 -0.7853 0.4332
vn -0.4731 -0.8181 0.3269
vn -0.4734 -0.8447 0.2499
vn -0.4466 -0.8496 0.2807
vn -0.5006 -0.8365 0.2230
vn -0.4779 -0.7738 0.4158
vn -0.5172 -0.7552 0.4027
vn -0.5401 -0.7886 0.2939
vn -0.5059 -0.8060 0.3073
vn -0.5561 -0.8100 0.1865
vn -0.5281 -0.8249 0.2014
vn -0.5467 -0.8318 0.0961
vn -0.5682 -0.8191 0.0786
vn -0.5250 -0.8427 0.1198
vn -0.4805 -0.8580 0.1817
vn -0.5029 -0.8515 0.1486
vn -0.5607 -0.7265 0.3972
vn -0.5781 -0.7631 0.2889
vn -0.6088 -0.6858 0.3988
vn -0.6221 -0.7265 0.2920
vn -0.5879 -0.7887 0.1797
vn -0.6271 -0.7577 0.1808
vn -0.6598 -0.6319 0.4066
vn -0.7107 -0.5646 0.4197
vn -0.7205 -0.6152 0.3200
vn -0.6704 -0.6774 0.3026
vn -0.7219 -0.6608 0.2056
vn -0.6725 -0.7154 0.1895
vn -0.6695 -0.7398 0.0662
vn -0.7171 -0.6929 0.0754
vn -0.6279 -0.7757 0.0638
vn -0.5939 -0.8017 0.0679
vn -0.3471 -0.9172 0.1955
vn -0.3552 -0.9291 0.1028
vn -0.2899 -0.9508 0.1097
vn -0.2923 -0.9359 0.1966
vn -0.3651 -0.9306 0.0265
vn -0.2920 -0.9557 0.0365
vn -0.2388 -0.9650 0.1080
vn -0.2477 -0.9506 0.1873
vn -0.2359 -0.9709 0.0399
vn -0.3752 -0.9262 -0.0367
vn -0.2969 -0.9546 -0.0259
vn -0.2375 -0.9712 -0.0194
vn -0.1639 -0.9864 -0.0123
vn -0.1939 -0.9809 -0.0154
vn -0.1649 -0.9856 0.0365
vn -0.1942 -0.9802 0.0393
vn -0.1716 -0.9808 0.0928
vn -0.1830 -0.9703 0.1583
vn -0.2117 -0.9619 0.1730
vn -0.2000 -0.9745 0.1014
vn -0.3473 -0.8006 0.4883
vn -0.3419 -0.8317 0.4374
vn -0.3292 -0.8437 0.4239
vn -0.3443 -0.8106 0.4737
vn -0.3402 -0.8638 0.3717
vn -0.3141 -0.8780 0.3612
vn -0.3066 -0.8623 0.4030
vn -0.3256 -0.8282 0.4561
vn -0.2849 -0.8960 0.3406
vn -0.3421 -0.8935 0.2909
vn -0.3011 -0.9099 0.2853
vn -0.2642 -0.9263 0.2686
vn -0.1984 -0.9532 0.2282
vn -0.2301 -0.9412 0.2475
vn -0.2153 -0.9305 0.2964
vn -0.2520 -0.9144 0.3168
vn -0.2309 -0.9025 0.3636
vn -0.2422 -0.8694 0.4306
vn -0.2917 -0.8492 0.4402
vn -0.2738 -0.8832 0.3808
vn -0.3873 -0.8297 0.4020
vn -0.3621 -0.7968 0.4837
vn -0.4196 -0.8517 0.3139
vn -0.3669 -0.8283 0.4233
vn -0.3498 -0.7970 0.4923
vn -0.3924 -0.8532 0.3435
vn -0.4871 -0.8657 0.1155
vn -0.4543 -0.8637 0.2182
vn -0.4506 -0.8799 0.1505
vn -0.4216 -0.8710 0.2523
vn -0.3839 -0.8804 0.2783
vn -0.4035 -0.8974 0.1787
vn -0.3658 -0.8564 0.3644
vn -0.3452 -0.7978 0.4943
vn -0.3519 -0.8282 0.4362
vn -0.5156 -0.8565 0.0221
vn -0.5410 -0.8396 -0.0489
vn -0.4764 -0.8775 0.0555
vn -0.4995 -0.8661 -0.0187
vn -0.5635 -0.8199 -0.1010
vn -0.5195 -0.8511 -0.0756
vn -0.4561 -0.8883 -0.0537
vn -0.4403 -0.8978 0.0073
vn -0.4225 -0.9025 0.0836
vn -0.3867 -0.6155 0.6867
vn -0.3791 -0.6291 0.6786
vn -0.3810 -0.5684 0.7292
vn -0.3920 -0.5550 0.7337
vn -0.3503 -0.6471 0.6771
vn -0.3487 -0.5869 0.7307
vn -0.3807 -0.5139 0.7687
vn -0.3948 -0.5018 0.7696
vn -0.3456 -0.5314 0.7734
vn -0.2999 -0.6666 0.6825
vn -0.2258 -0.6838 0.6938
vn -0.2161 -0.6259 0.7494
vn -0.2944 -0.6073 0.7379
vn -0.2074 -0.5709 0.7944
vn -0.2885 -0.5515 0.7827
vn -0.2824 -0.5031 0.8168
vn -0.2005 -0.5223 0.8289
vn -0.3412 -0.4848 0.8053
vn -0.3955 -0.4605 0.7947
vn -0.3785 -0.4700 0.7974
vn -0.3377 -0.5826 0.7393
vn -0.3570 -0.5834 0.7295
vn -0.3632 -0.5313 0.7654
vn -0.3386 -0.5342 0.7745
vn -0.3716 -0.5917 0.7154
vn -0.3799 -0.5357 0.7541
vn -0.3693 -0.4851 0.7927
vn -0.3424 -0.4891 0.8022
vn -0.3864 -0.4871 0.7832
vn -0.3813 -0.6036 0.7002
vn -0.3892 -0.5446 0.7429
vn -0.3946 -0.4934 0.7751
vn -0.3981 -0.4544 0.7969
vn -0.3920 -0.4499 0.8024
vn -0.3497 -0.4514 0.8209
vn -0.3762 -0.4486 0.8107
vn -0.3494 -0.7518 0.5593
vn -0.3613 -0.7475 0.5574
vn -0.3454 -0.7566 0.5552
vn -0.3464 -0.6981 0.6266
vn -0.3472 -0.6924 0.6325
vn -0.3501 -0.7070 0.6145
vn -0.3563 -0.7668 0.5340
vn -0.3481 -0.7618 0.5464
vn -0.3669 -0.7248 0.5831
vn -0.3572 -0.7166 0.5991
vn -0.3695 -0.6632 0.6509
vn -0.3777 -0.6743 0.6345
vn -0.3603 -0.6507 0.6685
vn -0.3398 -0.6355 0.6933
vn -0.3502 -0.6402 0.6838
vn -0.3569 -0.7763 0.5196
vn -0.3385 -0.7928 0.5069
vn -0.3669 -0.7354 0.5697
vn -0.3463 -0.7517 0.5613
vn -0.2457 -0.8315 0.4982
vn -0.3017 -0.8124 0.4989
vn -0.2429 -0.7881 0.5655
vn -0.3054 -0.7705 0.5596
vn -0.3042 -0.7221 0.6213
vn -0.2355 -0.7389 0.6313
vn -0.3499 -0.7035 0.6186
vn -0.3744 -0.6866 0.6232
vn -0.3674 -0.5804 0.7267
vn -0.3319 -0.5357 0.7764
vn -0.3681 -0.5265 0.7663
vn -0.4122 -0.5632 0.7162
vn -0.3027 -0.4890 0.8180
vn -0.3269 -0.4885 0.8090
vn -0.4151 -0.5131 0.7513
vn -0.4650 -0.5378 0.7032
vn -0.3645 -0.4870 0.7937
vn -0.2825 -0.4443 0.8502
vn -0.2934 -0.4501 0.8434
vn -0.3208 -0.4558 0.8302
vn -0.4163 -0.4337 0.7991
vn -0.3627 -0.4542 0.8137
vn -0.4796 -0.4409 0.7587
vn -0.4160 -0.4745 0.7757
vn -0.5382 -0.4439 0.7164
vn -0.5870 -0.4460 0.6757
vn -0.5244 -0.5000 0.6892
vn -0.4729 -0.4881 0.7336
vn -0.4856 -0.7129 0.5060
vn -0.5331 -0.6836 0.4985
vn -0.4478 -0.6681 0.5942
vn -0.4974 -0.6407 0.5849
vn -0.5845 -0.6420 0.4962
vn -0.5512 -0.6013 0.5784
vn -0.4071 -0.6236 0.6673
vn -0.4562 -0.6004 0.6569
vn -0.5107 -0.5664 0.6468
vn -0.6273 -0.4581 0.6298
vn -0.5689 -0.5195 0.6376
vn -0.6620 -0.4828 0.5733
vn -0.6071 -0.5488 0.5747
vn -0.6903 -0.5189 0.5041
vn -0.6379 -0.5871 0.4984
vn -0.3813 -0.7444 0.5482
vn -0.3560 -0.6910 0.6292
vn -0.4087 -0.7399 0.5344
vn -0.3753 -0.6894 0.6196
vn -0.3227 -0.5873 0.7422
vn -0.3360 -0.6370 0.6938
vn -0.3215 -0.5905 0.7402
vn -0.3452 -0.6384 0.6879
vn -0.3686 -0.6356 0.6783
vn -0.3358 -0.5894 0.7347
vn -0.4059 -0.6834 0.6068
vn -0.4435 -0.7306 0.5191
vn -0.3160 -0.5402 0.7799
vn -0.3153 -0.4938 0.8104
vn -0.3060 -0.5429 0.7821
vn -0.2983 -0.4943 0.8165
vn -0.3209 -0.4527 0.8319
vn -0.2990 -0.4497 0.8417
vn -0.2854 -0.4457 0.8485
vn -0.2932 -0.4922 0.8196
vn -0.3105 -0.5418 0.7811
vn 0.0039 -0.9897 0.1429
vn -0.0618 -0.9884 0.1390
vn -0.0610 -0.9952 0.0771
vn -0.0024 -0.9967 0.0808
vn -0.1134 -0.9835 0.1408
vn -0.1076 -0.9910 0.0791
vn -0.0617 -0.9976 0.0318
vn -0.0101 -0.9993 0.0371
vn -0.1039 -0.9941 0.0312
vn -0.1532 -0.9771 0.1474
vn -0.1440 -0.9859 0.0848
vn -0.1379 -0.9899 0.0333
vn -0.1374 -0.9905 -0.0090
vn -0.1050 -0.9945 -0.0047
vn -0.0196 -0.9998 0.0098
vn -0.0661 -0.9978 0.0012
vn 0.3219 -0.9220 0.2150
vn 0.2373 -0.9526 0.1904
vn 0.2110 -0.9681 0.1353
vn 0.2917 -0.9423 0.1645
vn 0.1564 -0.9730 0.1696
vn 0.1355 -0.9846 0.1109
vn 0.1826 -0.9789 0.0923
vn 0.2589 -0.9582 0.1216
vn 0.1129 -0.9913 0.0680
vn 0.0788 -0.9850 0.1534
vn 0.0646 -0.9936 0.0924
vn 0.0490 -0.9976 0.0494
vn 0.0333 -0.9992 0.0224
vn 0.0916 -0.9950 0.0391
vn 0.2280 -0.9699 0.0858
vn 0.1562 -0.9859 0.0602
vn 0.3690 -0.7792 0.5067
vn 0.2862 -0.8157 0.5027
vn 0.2805 -0.8677 0.4104
vn 0.3677 -0.8308 0.4177
vn 0.2024 -0.8456 0.4939
vn 0.1937 -0.8955 0.4006
vn 0.2711 -0.9049 0.3283
vn 0.3595 -0.8689 0.3403
vn 0.1841 -0.9307 0.3161
vn 0.1177 -0.8684 0.4817
vn 0.0322 -0.8835 0.4673
vn 0.0220 -0.9256 0.3778
vn 0.1075 -0.9147 0.3895
vn 0.0148 -0.9555 0.2946
vn 0.0987 -0.9473 0.3047
vn 0.0897 -0.9699 0.2264
vn 0.0092 -0.9762 0.2168
vn 0.1722 -0.9555 0.2395
vn 0.3444 -0.8982 0.2733
vn 0.2570 -0.9320 0.2554
vn -0.0480 -0.8907 0.4521
vn -0.0562 -0.9287 0.3666
vn -0.1189 -0.8905 0.4392
vn -0.1228 -0.9253 0.3589
vn -0.0605 -0.9561 0.2868
vn -0.1221 -0.9512 0.2833
vn -0.1829 -0.8835 0.4312
vn -0.1802 -0.9165 0.3572
vn -0.1730 -0.9425 0.2859
vn -0.1634 -0.9626 0.2163
vn -0.1186 -0.9703 0.2110
vn -0.0620 -0.9754 0.2114
vn 0.6347 -0.7065 0.3131
vn 0.6145 -0.7327 0.2926
vn 0.6894 -0.6538 0.3120
vn 0.7020 -0.6343 0.3237
vn 0.5889 -0.7642 0.2630
vn 0.6722 -0.6814 0.2896
vn 0.7533 -0.5729 0.3230
vn 0.7605 -0.5611 0.3269
vn 0.7430 -0.5941 0.3082
vn 0.5602 -0.7975 0.2242
vn 0.6513 -0.7144 0.2560
vn 0.7297 -0.6232 0.2815
vn 0.8315 -0.4588 0.3131
vn 0.7899 -0.5347 0.3003
vn 0.8352 -0.4430 0.3259
vn 0.7973 -0.5119 0.3196
vn 0.8384 -0.4349 0.3285
vn 0.8422 -0.4331 0.3212
vn 0.8074 -0.4924 0.3251
vn 0.8029 -0.4979 0.3277
vn 0.6275 -0.6198 0.4713
vn 0.6448 -0.6450 0.4101
vn 0.6974 -0.5971 0.3963
vn 0.6770 -0.5815 0.4511
vn 0.6507 -0.6657 0.3653
vn 0.7072 -0.6092 0.3588
vn 0.7484 -0.5449 0.3780
vn 0.7272 -0.5378 0.4266
vn 0.7596 -0.5499 0.3472
vn 0.6471 -0.6855 0.3338
vn 0.7084 -0.6210 0.3354
vn 0.7633 -0.5549 0.3309
vn 0.8448 -0.4331 0.3144
vn 0.8091 -0.4910 0.3228
vn 0.8431 -0.4328 0.3191
vn 0.8055 -0.4902 0.3330
vn 0.8357 -0.4333 0.3373
vn 0.8198 -0.4352 0.3723
vn 0.7756 -0.4886 0.3996
vn 0.7953 -0.4897 0.3575
vn 0.4506 -0.7869 0.4216
vn 0.4469 -0.7385 0.5049
vn 0.4447 -0.8240 0.3512
vn 0.5241 -0.7398 0.4219
vn 0.5155 -0.6973 0.4980
vn 0.5214 -0.7737 0.3599
vn 0.4064 -0.8811 0.2419
vn 0.4299 -0.8544 0.2919
vn 0.4867 -0.8311 0.2691
vn 0.5087 -0.8033 0.3097
vn 0.5810 -0.7465 0.3245
vn 0.5627 -0.7727 0.2938
vn 0.5899 -0.7203 0.3650
vn 0.5755 -0.6572 0.4867
vn 0.5885 -0.6919 0.4182
vn 0.3744 -0.9060 0.1972
vn 0.3390 -0.9279 0.1554
vn 0.4556 -0.8596 0.2314
vn 0.4201 -0.8870 0.1919
vn 0.3048 -0.9453 0.1164
vn 0.3845 -0.9107 0.1509
vn 0.4692 -0.8629 0.1877
vn 0.5032 -0.8333 0.2289
vn 0.5355 -0.8021 0.2644
vn 0.4866 -0.5055 0.7125
vn 0.5187 -0.5025 0.6917
vn 0.4798 -0.4757 0.7372
vn 0.4553 -0.4756 0.7527
vn 0.5576 -0.4958 0.6658
vn 0.5102 -0.4749 0.7170
vn 0.4512 -0.4548 0.7678
vn 0.4333 -0.4530 0.7791
vn 0.4727 -0.4581 0.7528
vn 0.6035 -0.4827 0.6347
vn 0.6551 -0.4606 0.5990
vn 0.5937 -0.4597 0.6604
vn 0.5482 -0.4709 0.6912
vn 0.5375 -0.4602 0.7066
vn 0.5006 -0.4616 0.7324
vn 0.4654 -0.4584 0.7572
vn 0.4908 -0.4630 0.7380
vn 0.4482 -0.4510 0.7718
vn 0.4209 -0.4434 0.7913
vn 0.4339 -0.4461 0.7828
vn 0.3450 -0.5482 0.7619
vn 0.3857 -0.5300 0.7552
vn 0.3756 -0.4932 0.7846
vn 0.3429 -0.5085 0.7898
vn 0.4226 -0.5171 0.7443
vn 0.4051 -0.4828 0.7764
vn 0.3706 -0.4670 0.8029
vn 0.3440 -0.4799 0.8070
vn 0.3942 -0.4583 0.7966
vn 0.4562 -0.5090 0.7299
vn 0.4316 -0.4770 0.7656
vn 0.4151 -0.4537 0.7886
vn 0.4067 -0.4437 0.7986
vn 0.3898 -0.4474 0.8049
vn 0.3481 -0.4653 0.8138
vn 0.3703 -0.4546 0.8101
vn 0.4346 -0.6819 0.5883
vn 0.3647 -0.7170 0.5941
vn 0.4966 -0.6487 0.5767
vn 0.4180 -0.6263 0.6581
vn 0.3577 -0.6549 0.6657
vn 0.4721 -0.6015 0.6444
vn 0.5990 -0.5915 0.5398
vn 0.5512 -0.6184 0.5602
vn 0.5636 -0.5638 0.6037
vn 0.5205 -0.5807 0.6260
vn 0.4874 -0.5442 0.6828
vn 0.5248 -0.5356 0.6617
vn 0.4462 -0.5571 0.7004
vn 0.3504 -0.5974 0.7214
vn 0.4006 -0.5748 0.7135
vn 0.6456 -0.5638 0.5151
vn 0.6950 -0.5298 0.4860
vn 0.6068 -0.5463 0.5773
vn 0.6548 -0.5224 0.5462
vn 0.7931 -0.4410 0.4200
vn 0.7451 -0.4888 0.4537
vn 0.7572 -0.4497 0.4737
vn 0.7059 -0.4904 0.5112
vn 0.6583 -0.4897 0.5716
vn 0.7115 -0.4576 0.5333
vn 0.6082 -0.5122 0.6064
vn 0.5633 -0.5267 0.6366
vn 0.1012 -0.6561 0.7479
vn 0.1169 -0.6064 0.7865
vn 0.0376 -0.6243 0.7803
vn 0.0214 -0.6763 0.7363
vn 0.1296 -0.5655 0.8145
vn 0.0501 -0.5792 0.8136
vn -0.0434 -0.6345 0.7717
vn -0.0589 -0.6887 0.7226
vn -0.0315 -0.5853 0.8102
vn 0.1384 -0.5363 0.8326
vn 0.0576 -0.5443 0.8369
vn -0.0245 -0.5444 0.8384
vn -0.1099 -0.5373 0.8362
vn -0.1168 -0.5831 0.8040
vn -0.1408 -0.6919 0.7081
vn -0.1275 -0.6357 0.7613
vn 0.0468 -0.8300 0.5557
vn -0.0344 -0.8426 0.5375
vn 0.0643 -0.7715 0.6330
vn -0.0169 -0.7887 0.6146
vn -0.1089 -0.8471 0.5202
vn -0.0942 -0.7977 0.5957
vn 0.0831 -0.7120 0.6972
vn 0.0024 -0.7321 0.6812
vn -0.0767 -0.7441 0.6636
vn -0.1556 -0.7470 0.6464
vn -0.1690 -0.7979 0.5786
vn -0.1787 -0.8436 0.5063
vn 0.2897 -0.7517 0.5925
vn 0.2922 -0.6863 0.6660
vn 0.2118 -0.7831 0.5847
vn 0.2217 -0.7179 0.6600
vn 0.2982 -0.5725 0.7638
vn 0.2947 -0.6251 0.7228
vn 0.2423 -0.6007 0.7618
vn 0.2319 -0.6554 0.7188
vn 0.1613 -0.6854 0.7100
vn 0.1766 -0.6297 0.7565
vn 0.1457 -0.7471 0.6486
vn 0.1307 -0.8098 0.5720
vn 0.3033 -0.5299 0.7920
vn 0.3097 -0.4986 0.8096
vn 0.2526 -0.5556 0.7921
vn 0.2627 -0.5214 0.8119
vn 0.3174 -0.4812 0.8171
vn 0.2722 -0.5007 0.8217
vn 0.2124 -0.5204 0.8271
vn 0.2026 -0.5449 0.8136
vn 0.1905 -0.5823 0.7904
vn 0.7105 -0.2527 -0.6568
vn 0.7038 -0.2930 -0.6471
vn 0.7072 -0.2842 -0.6474
vn 0.7179 -0.2421 -0.6527
vn 0.6927 -0.3352 -0.6386
vn 0.6916 -0.3260 -0.6445
vn 0.7057 -0.2820 -0.6500
vn 0.7205 -0.2364 -0.6519
vn 0.6864 -0.3246 -0.6508
vn 0.6774 -0.3783 -0.6308
vn 0.6727 -0.3658 -0.6432
vn 0.6651 -0.3619 -0.6531
vn 0.6557 -0.3648 -0.6610
vn 0.6781 -0.3295 -0.6570
vn 0.7179 -0.2363 -0.6548
vn 0.6997 -0.2864 -0.6545
vn 0.6942 -0.0766 -0.7157
vn 0.7061 -0.1247 -0.6970
vn 0.7182 -0.1015 -0.6884
vn 0.7057 -0.0471 -0.7070
vn 0.7120 -0.1699 -0.6813
vn 0.7237 -0.1520 -0.6732
vn 0.7262 -0.0794 -0.6829
vn 0.7133 -0.0182 -0.7006
vn 0.7310 -0.1359 -0.6688
vn 0.7132 -0.2125 -0.6680
vn 0.7233 -0.1987 -0.6614
vn 0.7288 -0.1880 -0.6584
vn 0.7291 -0.1816 -0.6598
vn 0.7332 -0.1230 -0.6688
vn 0.7166 0.0086 -0.6975
vn 0.7294 -0.0599 -0.6814
vn 0.8305 -0.2120 -0.5151
vn 0.8302 -0.2439 -0.5012
vn 0.7730 -0.2124 -0.5977
vn 0.7684 -0.1774 -0.6148
vn 0.8257 -0.2793 -0.4902
vn 0.7732 -0.2494 -0.5831
vn 0.7294 -0.1802 -0.6600
vn 0.7210 -0.1418 -0.6783
vn 0.7330 -0.2189 -0.6440
vn 0.8168 -0.3188 -0.4809
vn 0.8034 -0.3627 -0.4723
vn 0.7615 -0.3314 -0.5570
vn 0.7693 -0.2888 -0.5699
vn 0.7293 -0.2992 -0.6153
vn 0.7328 -0.2584 -0.6295
vn 0.7127 -0.2321 -0.6620
vn 0.7109 -0.2717 -0.6487
vn 0.7112 -0.1918 -0.6763
vn 0.6948 -0.1078 -0.7110
vn 0.7056 -0.1506 -0.6924
vn 0.7850 -0.4113 -0.4633
vn 0.7496 -0.3780 -0.5433
vn 0.7608 -0.4639 -0.4538
vn 0.7325 -0.4285 -0.5289
vn 0.7223 -0.3431 -0.6005
vn 0.7106 -0.3908 -0.5851
vn 0.7306 -0.5192 -0.4435
vn 0.7097 -0.4818 -0.5139
vn 0.6936 -0.4415 -0.5692
vn 0.6826 -0.4047 -0.6085
vn 0.6966 -0.3576 -0.6219
vn 0.7060 -0.3130 -0.6353
vn 0.5885 0.0611 -0.8062
vn 0.5949 0.0605 -0.8015
vn 0.5919 0.0530 -0.8043
vn 0.5961 0.0554 -0.8010
vn 0.6003 0.0655 -0.7971
vn 0.5994 0.0599 -0.7982
vn 0.5933 0.0475 -0.8036
vn 0.5928 0.0459 -0.8040
vn 0.5911 0.0520 -0.8049
vn 0.5948 0.0524 -0.8022
vn 0.5911 0.0535 -0.8048
vn 0.5963 0.0560 -0.8008
vn 0.6059 0.0423 -0.7944
vn 0.6117 0.0592 -0.7888
vn 0.6009 0.0583 -0.7972
vn 0.5952 0.0505 -0.8020
vn 0.6163 0.0762 -0.7838
vn 0.6051 0.0667 -0.7934
vn 0.6194 0.0935 -0.7795
vn 0.6075 0.0762 -0.7907
vn 0.8120 -0.0322 -0.5827
vn 0.7250 -0.0137 -0.6886
vn 0.7185 0.0248 -0.6951
vn 0.8077 0.0171 -0.5893
vn 0.6570 0.0055 -0.7538
vn 0.6484 0.0333 -0.7606
vn 0.7161 0.0502 -0.6962
vn 0.8054 0.0513 -0.5905
vn 0.6453 0.0503 -0.7623
vn 0.6160 0.0245 -0.7874
vn 0.6059 0.0421 -0.7944
vn 0.6022 0.0516 -0.7967
vn 0.6078 0.0492 -0.7926
vn 0.6033 0.0539 -0.7957
vn 0.6535 0.0566 -0.7548
vn 0.6473 0.0579 -0.7600
vn 0.7247 0.0676 -0.6858
vn 0.8109 0.0807 -0.5795
vn 0.8062 0.0722 -0.5872
vn 0.7182 0.0643 -0.6929
vn 0.7592 -0.1410 -0.6354
vn 0.8273 -0.1775 -0.5330
vn 0.7068 -0.1034 -0.6999
vn 0.7476 -0.1011 -0.6564
vn 0.8227 -0.1356 -0.5521
vn 0.6894 -0.0656 -0.7214
vn 0.6741 -0.0320 -0.7380
vn 0.6771 -0.0666 -0.7329
vn 0.6496 0.0024 -0.7603
vn 0.6554 -0.0308 -0.7546
vn 0.6338 -0.0005 -0.7735
vn 0.6254 0.0269 -0.7798
vn 0.6718 -0.0293 -0.7402
vn 0.8173 -0.0869 -0.5696
vn 0.7355 -0.0585 -0.6750
vn 0.6840 0.0015 -0.7294
vn 0.6906 0.0346 -0.7224
vn 0.6577 0.0345 -0.7525
vn 0.6632 0.0664 -0.7455
vn 0.6934 0.0661 -0.7175
vn 0.6659 0.0973 -0.7397
vn 0.6398 0.1055 -0.7613
vn 0.6369 0.0796 -0.7668
vn 0.6321 0.0532 -0.7731
vn 0.9923 -0.0963 -0.0779
vn 0.9952 -0.0247 -0.0943
vn 0.9990 -0.0444 0.0020
vn 0.9927 -0.1183 0.0227
vn 0.9937 0.0297 -0.1084
vn 0.9998 0.0123 -0.0168
vn 0.9948 -0.0689 0.0754
vn 0.9845 -0.1442 0.0994
vn 0.9986 -0.0107 0.0523
vn 0.9903 0.0689 -0.1204
vn 0.9870 0.0943 -0.1303
vn 0.9955 0.0801 -0.0500
vn 0.9980 0.0533 -0.0340
vn 0.9982 0.0592 0.0090
vn 0.9990 0.0315 0.0303
vn 0.9969 0.0024 0.0788
vn 0.9936 -0.0277 0.1092
vn 0.9970 0.0043 0.0769
vn 0.9982 0.0330 0.0510
vn 0.9876 -0.0714 0.1402
vn 0.9939 -0.0388 0.1035
vn 0.9769 -0.1294 0.1703
vn 0.9592 -0.2021 0.1976
vn 0.9725 -0.1727 0.1565
vn 0.9867 -0.0976 0.1303
vn 0.9572 -0.2892 -0.0035
vn 0.9636 -0.2666 -0.0203
vn 0.9533 -0.2880 0.0905
vn 0.9451 -0.3073 0.1113
vn 0.9732 -0.2266 -0.0393
vn 0.9659 -0.2498 0.0681
vn 0.9348 -0.3115 0.1704
vn 0.9249 -0.3280 0.1921
vn 0.9500 -0.2753 0.1474
vn 0.9838 -0.1695 -0.0591
vn 0.9802 -0.1929 0.0452
vn 0.9678 -0.2193 0.1236
vn 0.9367 -0.2726 0.2198
vn 0.9521 -0.2467 0.1806
vn 0.9156 -0.3239 0.2384
vn 0.9318 -0.3009 0.2029
vn 0.8990 -0.3561 0.2548
vn 0.8890 -0.3693 0.2705
vn 0.9046 -0.3496 0.2438
vn 0.9152 -0.3352 0.2238
vn 0.8896 -0.2073 -0.4069
vn 0.8880 -0.2394 -0.3927
vn 0.8910 -0.1643 -0.4233
vn 0.9326 -0.2299 -0.2781
vn 0.9285 -0.2592 -0.2659
vn 0.9376 -0.1870 -0.2930
vn 0.8908 -0.0486 -0.4518
vn 0.8915 -0.1112 -0.4391
vn 0.9448 -0.0635 -0.3213
vn 0.9422 -0.1313 -0.3082
vn 0.9720 -0.1498 -0.1808
vn 0.9775 -0.0787 -0.1960
vn 0.9645 -0.2067 -0.1644
vn 0.9519 -0.2745 -0.1358
vn 0.9572 -0.2484 -0.1487
vn 0.8883 0.0095 -0.4591
vn 0.8854 0.0512 -0.4620
vn 0.9438 0.0009 -0.3306
vn 0.9405 0.0484 -0.3363
vn 0.8857 0.0922 -0.4549
vn 0.8841 0.0784 -0.4606
vn 0.9363 0.0993 -0.3367
vn 0.9375 0.0807 -0.3385
vn 0.9713 0.0779 -0.2246
vn 0.9684 0.1004 -0.2283
vn 0.9751 0.0415 -0.2179
vn 0.9780 -0.0100 -0.2083
vn 0.9212 -0.3886 0.0186
vn 0.9142 -0.3759 0.1518
vn 0.9011 -0.4093 0.1433
vn 0.9019 -0.4319 0.0084
vn 0.8987 -0.3649 0.2433
vn 0.8911 -0.3864 0.2378
vn 0.8798 -0.4581 0.1269
vn 0.8734 -0.4870 -0.0074
vn 0.8766 -0.4258 0.2240
vn 0.8845 -0.3592 0.2976
vn 0.8766 -0.3596 0.3197
vn 0.8764 -0.3597 0.3202
vn 0.8813 -0.3690 0.2952
vn 0.8701 -0.3791 0.3151
vn 0.8719 -0.3979 0.2854
vn 0.8528 -0.4476 0.2689
vn 0.8549 -0.4198 0.3047
vn 0.8512 -0.4839 0.2030
vn 0.8328 -0.5529 -0.0268
vn 0.8465 -0.5221 0.1043
vn 0.8458 -0.3846 -0.3698
vn 0.8222 -0.4345 -0.3676
vn 0.8820 -0.3955 -0.2561
vn 0.8566 -0.4457 -0.2601
vn 0.7921 -0.4890 -0.3653
vn 0.8233 -0.5019 -0.2649
vn 0.9092 -0.3965 -0.1273
vn 0.8852 -0.4450 -0.1358
vn 0.8523 -0.5019 -0.1472
vn 0.8088 -0.5660 -0.1594
vn 0.7815 -0.5629 -0.2693
vn 0.7550 -0.5468 -0.3620
vn 0.8840 -0.2680 -0.3830
vn 0.9233 -0.2842 -0.2583
vn 0.8760 -0.3015 -0.3765
vn 0.9143 -0.3150 -0.2546
vn 0.9521 -0.3056 0.0095
vn 0.9468 -0.2955 -0.1273
vn 0.9448 -0.3273 0.0182
vn 0.9385 -0.3225 -0.1230
vn 0.9263 -0.3560 -0.1230
vn 0.9347 -0.3547 0.0215
vn 0.9009 -0.3519 -0.2541
vn 0.8634 -0.3402 -0.3725
vn 0.9390 -0.3187 0.1293
vn 0.9180 -0.3351 0.2121
vn 0.9318 -0.3336 0.1431
vn 0.9110 -0.3434 0.2286
vn 0.8830 -0.3716 0.2866
vn 0.8977 -0.3535 0.2630
vn 0.8785 -0.3709 0.3013
vn 0.8915 -0.3563 0.2796
vn 0.8869 -0.3581 0.2918
vn 0.8761 -0.3669 0.3129
vn 0.9044 -0.3531 0.2396
vn 0.9235 -0.3525 0.1512
vn 0.5875 0.0977 -0.8033
vn 0.5910 0.0673 -0.8038
vn 0.5720 0.0723 -0.8171
vn 0.5621 0.1008 -0.8209
vn 0.5928 0.0491 -0.8038
vn 0.5810 0.0542 -0.8121
vn 0.5580 0.0839 -0.8256
vn 0.5438 0.1100 -0.8320
vn 0.5716 0.0657 -0.8179
vn 0.5934 0.0422 -0.8038
vn 0.5884 0.0461 -0.8073
vn 0.5833 0.0555 -0.8104
vn 0.5734 0.0797 -0.8154
vn 0.5782 0.0677 -0.8131
vn 0.5619 0.0942 -0.8219
vn 0.5650 0.0802 -0.8212
vn 0.5486 0.1136 -0.8284
vn 0.5340 0.1231 -0.8365
vn 0.5499 0.0988 -0.8294
vn 0.5261 0.3748 -0.7634
vn 0.5549 0.2769 -0.7845
vn 0.5254 0.2673 -0.8077
vn 0.5028 0.3604 -0.7857
vn 0.5717 0.1999 -0.7957
vn 0.5405 0.1953 -0.8184
vn 0.5024 0.2606 -0.8244
vn 0.4846 0.3465 -0.8032
vn 0.5168 0.1951 -0.8336
vn 0.5816 0.1411 -0.8012
vn 0.5519 0.1408 -0.8219
vn 0.5302 0.1459 -0.8352
vn 0.5178 0.1554 -0.8412
vn 0.5021 0.1995 -0.8415
vn 0.4722 0.3345 -0.8155
vn 0.4870 0.2579 -0.8345
vn 0.7554 0.4056 -0.5146
vn 0.8031 0.3128 -0.5072
vn 0.7275 0.3095 -0.6123
vn 0.6807 0.4076 -0.6087
vn 0.8289 0.2386 -0.5060
vn 0.7526 0.2305 -0.6168
vn 0.6561 0.3002 -0.6924
vn 0.6140 0.4006 -0.6801
vn 0.6786 0.2195 -0.7009
vn 0.8400 0.1828 -0.5109
vn 0.8413 0.1439 -0.5211
vn 0.7629 0.1281 -0.6336
vn 0.7628 0.1707 -0.6237
vn 0.6882 0.1134 -0.7166
vn 0.6879 0.1580 -0.7084
vn 0.6253 0.1474 -0.7663
vn 0.6275 0.1025 -0.7718
vn 0.6163 0.2085 -0.7594
vn 0.5612 0.3886 -0.7308
vn 0.5969 0.2884 -0.7487
vn 0.8363 0.1171 -0.5356
vn 0.7562 0.0990 -0.6468
vn 0.8282 0.0982 -0.5518
vn 0.7460 0.0798 -0.6612
vn 0.6821 0.0828 -0.7265
vn 0.6728 0.0638 -0.7370
vn 0.8190 0.0862 -0.5672
vn 0.7347 0.0695 -0.6748
vn 0.6626 0.0553 -0.7469
vn 0.6136 0.0459 -0.7883
vn 0.6198 0.0530 -0.7830
vn 0.6250 0.0716 -0.7774
vn 0.4311 0.6046 -0.6698
vn 0.4366 0.5978 -0.6723
vn 0.4375 0.6041 -0.6661
vn 0.4348 0.6060 -0.6661
vn 0.4466 0.5881 -0.6743
vn 0.4452 0.6021 -0.6628
vn 0.4420 0.5996 -0.6672
vn 0.4437 0.5986 -0.6669
vn 0.4466 0.6031 -0.6609
vn 0.4608 0.5735 -0.6773
vn 0.4600 0.5964 -0.6578
vn 0.4619 0.6037 -0.6498
vn 0.4959 0.5732 -0.6523
vn 0.4730 0.5951 -0.6497
vn 0.4866 0.5625 -0.6684
vn 0.4589 0.5895 -0.6648
vn 0.4832 0.5563 -0.6761
vn 0.4875 0.5561 -0.6731
vn 0.4608 0.5818 -0.6702
vn 0.4560 0.5832 -0.6723
vn 0.5199 0.6166 -0.5912
vn 0.4772 0.6204 -0.6224
vn 0.4659 0.6204 -0.6309
vn 0.4960 0.6193 -0.6086
vn 0.4486 0.6175 -0.6461
vn 0.4466 0.6167 -0.6483
vn 0.4686 0.6111 -0.6379
vn 0.4888 0.6117 -0.6220
vn 0.4554 0.6072 -0.6511
vn 0.4334 0.6114 -0.6621
vn 0.4366 0.6109 -0.6604
vn 0.4477 0.6022 -0.6610
vn 0.4964 0.5577 -0.6653
vn 0.4675 0.5846 -0.6631
vn 0.5064 0.5596 -0.6560
vn 0.4755 0.5884 -0.6540
vn 0.5165 0.5626 -0.6456
vn 0.5258 0.5670 -0.6341
vn 0.4990 0.5942 -0.6308
vn 0.4858 0.5919 -0.6431
vn 0.6178 0.5007 -0.6064
vn 0.6895 0.4949 -0.5288
vn 0.5585 0.4960 -0.6649
vn 0.5571 0.5659 -0.6078
vn 0.6222 0.5591 -0.5479
vn 0.5072 0.5627 -0.6528
vn 0.4900 0.4708 -0.7336
vn 0.5152 0.4850 -0.7067
vn 0.4591 0.5410 -0.7046
vn 0.4743 0.5535 -0.6846
vn 0.4449 0.5953 -0.6691
vn 0.4379 0.5857 -0.6821
vn 0.4683 0.6025 -0.6463
vn 0.5628 0.5990 -0.5696
vn 0.5077 0.6049 -0.6135
vn 0.4765 0.4542 -0.7528
vn 0.4673 0.4352 -0.7696
vn 0.4553 0.5254 -0.7187
vn 0.4554 0.5057 -0.7327
vn 0.4622 0.4153 -0.7835
vn 0.4585 0.4826 -0.7462
vn 0.4589 0.5357 -0.7088
vn 0.4486 0.5571 -0.6989
vn 0.4412 0.5737 -0.6901
vn 0.7838 0.5172 -0.3438
vn 0.7290 0.5700 -0.3790
vn 0.7789 0.5523 -0.2973
vn 0.8344 0.4824 -0.2666
vn 0.6803 0.6127 -0.4021
vn 0.7241 0.6127 -0.3166
vn 0.8152 0.5357 -0.2203
vn 0.8707 0.4512 -0.1959
vn 0.7555 0.6113 -0.2354
vn 0.6417 0.6461 -0.4134
vn 0.6153 0.6717 -0.4126
vn 0.6328 0.7049 -0.3203
vn 0.6745 0.6633 -0.3243
vn 0.6404 0.7312 -0.2352
vn 0.6961 0.6765 -0.2405
vn 0.6424 0.7624 -0.0776
vn 0.7191 0.6905 -0.0781
vn 0.7101 0.6859 -0.1593
vn 0.6424 0.7506 -0.1550
vn 0.7911 0.6073 -0.0735
vn 0.7773 0.6097 -0.1554
vn 0.8548 0.5147 -0.0662
vn 0.9075 0.4160 -0.0584
vn 0.8947 0.4279 -0.1277
vn 0.8401 0.5228 -0.1444
vn 0.9360 0.3104 -0.1663
vn 0.9126 0.3561 -0.2008
vn 0.9381 0.3157 -0.1424
vn 0.9519 0.2848 -0.1133
vn 0.8796 0.4066 -0.2468
vn 0.9156 0.3587 -0.1818
vn 0.9545 0.2812 -0.0993
vn 0.9616 0.2632 -0.0771
vn 0.9394 0.3174 -0.1295
vn 0.8364 0.4607 -0.2971
vn 0.8817 0.4144 -0.2255
vn 0.9131 0.3737 -0.1634
vn 0.9425 0.3302 -0.0523
vn 0.9329 0.3440 -0.1069
vn 0.9606 0.2738 -0.0478
vn 0.9539 0.2875 -0.0859
vn 0.9686 0.2445 -0.0443
vn 0.9701 0.2393 -0.0414
vn 0.9674 0.2474 -0.0538
vn 0.9643 0.2562 -0.0675
vn 0.7627 0.4732 -0.4409
vn 0.8233 0.3904 -0.4119
vn 0.6962 0.5366 -0.4769
vn 0.8254 0.4393 -0.3545
vn 0.8745 0.3663 -0.3179
vn 0.7675 0.5006 -0.4005
vn 0.5790 0.6029 -0.5489
vn 0.6321 0.5794 -0.5145
vn 0.6485 0.5807 -0.4922
vn 0.7061 0.5478 -0.4487
vn 0.7763 0.5068 -0.3747
vn 0.7194 0.5512 -0.4226
vn 0.8298 0.4556 -0.3223
vn 0.9110 0.3384 -0.2356
vn 0.8754 0.3987 -0.2735
vn 0.5424 0.6120 -0.5756
vn 0.5229 0.6104 -0.5949
vn 0.6021 0.6012 -0.5254
vn 0.5709 0.6108 -0.5486
vn 0.5397 0.5794 -0.6108
vn 0.5222 0.5991 -0.6069
vn 0.5619 0.6034 -0.5658
vn 0.5574 0.6109 -0.5622
vn 0.5993 0.6273 -0.4973
vn 0.5888 0.6355 -0.4995
vn 0.6259 0.6118 -0.4838
vn 0.6670 0.5869 -0.4590
vn 0.9730 0.1785 -0.1467
vn 0.9798 0.1766 -0.0943
vn 0.9849 0.1488 -0.0883
vn 0.9770 0.1552 -0.1464
vn 0.9838 0.1703 -0.0566
vn 0.9896 0.1365 -0.0460
vn 0.9892 0.1238 -0.0782
vn 0.9806 0.1337 -0.1435
vn 0.9938 0.1071 -0.0305
vn 0.9867 0.1599 -0.0308
vn 0.9892 0.1457 -0.0153
vn 0.9951 0.0991 0.0022
vn 0.9927 0.1195 -0.0164
vn 0.9979 0.0604 0.0245
vn 0.9963 0.0854 0.0030
vn 0.9980 0.0568 0.0260
vn 0.9983 0.0285 0.0503
vn 0.9966 0.0815 -0.0117
vn 0.9839 0.1135 -0.1381
vn 0.9928 0.1010 -0.0650
vn 0.9021 0.1575 -0.4017
vn 0.8999 0.1335 -0.4152
vn 0.9392 0.1681 -0.2994
vn 0.9395 0.1463 -0.3098
vn 0.8954 0.1151 -0.4301
vn 0.9385 0.1279 -0.3207
vn 0.9607 0.1754 -0.2150
vn 0.9631 0.1539 -0.2206
vn 0.9649 0.1346 -0.2254
vn 0.9665 0.1169 -0.2283
vn 0.9372 0.1124 -0.3303
vn 0.8902 0.1015 -0.4442
vn 0.8657 0.3070 -0.3953
vn 0.9078 0.2958 -0.2974
vn 0.8889 0.2409 -0.3896
vn 0.9265 0.2399 -0.2899
vn 0.9512 0.2701 -0.1489
vn 0.9347 0.2827 -0.2154
vn 0.9614 0.2351 -0.1432
vn 0.9488 0.2377 -0.2083
vn 0.9567 0.2022 -0.2096
vn 0.9682 0.2048 -0.1441
vn 0.9358 0.1978 -0.2918
vn 0.8996 0.1916 -0.3925
vn 0.9607 0.2593 -0.0994
vn 0.9659 0.2502 -0.0665
vn 0.9679 0.2329 -0.0949
vn 0.9712 0.2301 -0.0624
vn 0.9706 0.2374 -0.0385
vn 0.9690 0.2428 -0.0467
vn 0.9747 0.2208 -0.0341
vn 0.9731 0.2262 -0.0426
vn 0.9794 0.1985 -0.0384
vn 0.9814 0.1901 -0.0269
vn 0.9772 0.2035 -0.0606
vn 0.9741 0.2054 -0.0949
vn 0.8701 -0.3680 0.3280
vn 0.8766 -0.3579 0.3218
vn 0.8733 -0.3595 0.3287
vn 0.8680 -0.3711 0.3300
vn 0.8749 -0.3646 0.3186
vn 0.8712 -0.3652 0.3281
vn 0.8730 -0.3586 0.3305
vn 0.8692 -0.3690 0.3290
vn 0.8698 -0.3662 0.3306
vn 0.8642 -0.3894 0.3186
vn 0.8604 -0.3898 0.3282
vn 0.8583 -0.3937 0.3292
vn 0.8568 -0.4031 0.3215
vn 0.8698 -0.3700 0.3263
vn 0.8725 -0.3643 0.3256
vn 0.8744 -0.3578 0.3277
vn 0.8460 -0.3985 0.3543
vn 0.8476 -0.3984 0.3505
vn 0.8546 -0.4007 0.3303
vn 0.8563 -0.3986 0.3285
vn 0.8526 -0.3934 0.3440
vn 0.8560 -0.3971 0.3311
vn 0.8631 -0.3963 0.3131
vn 0.8667 -0.3938 0.3062
vn 0.8620 -0.3933 0.3198
vn 0.8603 -0.3834 0.3361
vn 0.8604 -0.3874 0.3310
vn 0.8639 -0.3844 0.3253
vn 0.8695 -0.3768 0.3193
vn 0.8698 -0.3840 0.3098
vn 0.8775 -0.3841 0.2871
vn 0.8727 -0.3863 0.2987
vn 0.8494 -0.3442 0.4000
vn 0.8678 -0.3247 0.3761
vn 0.8555 -0.3493 0.3823
vn 0.8390 -0.3668 0.4020
vn 0.8816 -0.3123 0.3540
vn 0.8703 -0.3359 0.3602
vn 0.8475 -0.3711 0.3795
vn 0.8353 -0.3830 0.3944
vn 0.8606 -0.3597 0.3605
vn 0.8903 -0.3072 0.3363
vn 0.8936 -0.3093 0.3253
vn 0.8899 -0.3227 0.3223
vn 0.8821 -0.3270 0.3392
vn 0.8834 -0.3400 0.3225
vn 0.8730 -0.3494 0.3404
vn 0.8650 -0.3695 0.3395
vn 0.8761 -0.3565 0.3247
vn 0.8542 -0.3800 0.3550
vn 0.8379 -0.3934 0.3784
vn 0.8447 -0.3880 0.3687
vn 0.8897 -0.3215 0.3240
vn 0.8911 -0.3281 0.3136
vn 0.8771 -0.3471 0.3320
vn 0.8833 -0.3485 0.3136
vn 0.8879 -0.3390 0.3110
vn 0.8835 -0.3540 0.3067
vn 0.8544 -0.3854 0.3486
vn 0.8655 -0.3838 0.3218
vn 0.8693 -0.3853 0.3096
vn 0.8683 -0.3879 0.3091
vn 0.8802 -0.3604 0.3088
vn 0.8825 -0.3501 0.3141
vn 0.8922 -0.2765 0.3570
vn 0.9105 -0.2711 0.3121
vn 0.9280 -0.2163 0.3034
vn 0.9046 -0.2234 0.3631
vn 0.9283 -0.2546 0.2710
vn 0.9481 -0.1944 0.2515
vn 0.9416 -0.1696 0.2908
vn 0.9121 -0.1806 0.3681
vn 0.9633 -0.1431 0.2271
vn 0.9448 -0.2305 0.2329
vn 0.9645 -0.1635 0.2072
vn 0.9783 -0.1081 0.1769
vn 0.9932 -0.0320 0.1118
vn 0.9874 -0.0643 0.1444
vn 0.9833 -0.0674 0.1692
vn 0.9748 -0.1008 0.1992
vn 0.9626 -0.0997 0.2519
vn 0.9250 -0.1246 0.3588
vn 0.9180 -0.1478 0.3681
vn 0.9528 -0.1308 0.2739
vn 0.8464 -0.2049 0.4916
vn 0.8542 -0.2262 0.4682
vn 0.8561 -0.1560 0.4927
vn 0.8514 -0.1352 0.5069
vn 0.8639 -0.2490 0.4378
vn 0.8668 -0.1842 0.4635
vn 0.8490 -0.1216 0.5142
vn 0.8503 -0.1061 0.5154
vn 0.8602 -0.1461 0.4886
vn 0.8763 -0.2675 0.4007
vn 0.8829 -0.2098 0.4202
vn 0.8819 -0.1693 0.4401
vn 0.8800 -0.1377 0.4547
vn 0.8792 -0.1456 0.4537
vn 0.8481 -0.1439 0.5100
vn 0.8520 -0.1333 0.5063
vn 0.8360 -0.1485 0.5283
vn 0.8471 -0.1551 0.5082
vn 0.8486 -0.1141 0.5166
vn 0.8408 -0.1202 0.5278
vn 0.8293 -0.3722 0.4168
vn 0.8345 -0.3522 0.4237
vn 0.8311 -0.3835 0.4027
vn 0.8316 -0.3504 0.4308
vn 0.8307 -0.3314 0.4473
vn 0.8376 -0.3612 0.4098
vn 0.8502 -0.3890 0.3547
vn 0.8386 -0.3884 0.3820
vn 0.8609 -0.3655 0.3540
vn 0.8477 -0.3657 0.3843
vn 0.8617 -0.3253 0.3893
vn 0.8758 -0.3279 0.3542
vn 0.8505 -0.3163 0.4203
vn 0.8361 -0.2822 0.4705
vn 0.8420 -0.3016 0.4473
vn 0.8626 -0.3869 0.3259
vn 0.8745 -0.3812 0.3000
vn 0.8747 -0.3617 0.3225
vn 0.8882 -0.3539 0.2931
vn 0.8865 -0.3712 0.2764
vn 0.9017 -0.3414 0.2652
vn 0.9220 -0.2946 0.2515
vn 0.9067 -0.3117 0.2841
vn 0.8913 -0.3231 0.3181
vn 0.8770 -0.1858 0.4432
vn 0.8863 -0.1726 0.4298
vn 0.9009 -0.1824 0.3939
vn 0.8932 -0.1917 0.4067
vn 0.8960 -0.1687 0.4107
vn 0.9068 -0.1771 0.3826
vn 0.9007 -0.1917 0.3899
vn 0.8927 -0.2043 0.4016
vn 0.9049 -0.1804 0.3855
vn 0.9024 -0.1746 0.3940
vn 0.9023 -0.1898 0.3871
vn 0.9046 -0.1801 0.3864
vn 0.9087 -0.1763 0.3784
vn 0.8968 -0.1626 0.4114
vn 0.9042 -0.1708 0.3916
vn 0.8857 -0.1611 0.4355
vn 0.8751 -0.1401 0.4633
vn 0.8883 -0.1816 0.4218
vn 0.8749 -0.2231 0.4299
vn 0.8845 -0.2023 0.4204
vn 0.8752 -0.2451 0.4171
vn 0.8753 -0.2317 0.4245
vn 0.8707 -0.2347 0.4322
vn 0.8593 -0.2541 0.4438
vn 0.8738 -0.2175 0.4350
vn 0.8792 -0.2180 0.4237
vn 0.8500 -0.2570 0.4598
vn 0.8283 -0.2805 0.4851
vn 0.8678 -0.2364 0.4372
vn 0.8733 -0.2024 0.4431
vn 0.8863 -0.2037 0.4159
vn 0.8819 -0.2188 0.4176
vn 0.8593 -0.2448 0.4491
vn 0.8380 -0.2684 0.4752
vn 0.7801 -0.3190 0.5382
vn 0.8113 -0.2932 0.5057
vn 0.8460 -0.3207 0.4259
vn 0.8633 -0.3144 0.3948
vn 0.8362 -0.3021 0.4577
vn 0.8585 -0.2844 0.4267
vn 0.8739 -0.2833 0.3951
vn 0.8464 -0.2683 0.4600
vn 0.8419 -0.1916 0.5044
vn 0.8349 -0.2589 0.4857
vn 0.8446 -0.1851 0.5023
vn 0.8408 -0.2352 0.4876
vn 0.8538 -0.2150 0.4741
vn 0.8562 -0.1838 0.4829
vn 0.8594 -0.2375 0.4528
vn 0.8786 -0.2576 0.4022
vn 0.8689 -0.2517 0.4262
vn 0.8514 -0.1322 0.5075
vn 0.8589 -0.1104 0.5001
vn 0.8564 -0.1417 0.4964
vn 0.8689 -0.1277 0.4782
vn 0.8677 -0.1667 0.4684
vn 0.8651 -0.1232 0.4863
vn 0.8833 -0.1791 0.4333
vn 0.8792 -0.1411 0.4551
vn 0.8913 -0.1608 0.4239
vn 0.8945 -0.1882 0.4054
vn 0.8810 -0.1501 0.4486
vn 0.8678 -0.1575 0.4713
vn 0.8207 -0.3304 0.4662
vn 0.7682 -0.3510 0.5354
vn 0.7325 -0.3806 0.5644
vn 0.7912 -0.3620 0.4929
vn 0.7033 -0.3784 0.6018
vn 0.6633 -0.4033 0.6304
vn 0.6904 -0.4112 0.5952
vn 0.7533 -0.3964 0.5248
vn 0.6218 -0.4265 0.6568
vn 0.6301 -0.4103 0.6593
vn 0.5901 -0.4291 0.6838
vn 0.5539 -0.4426 0.7052
vn 0.5214 -0.4545 0.7222
vn 0.5802 -0.4472 0.6807
vn 0.7072 -0.4304 0.5610
vn 0.6432 -0.4391 0.6273
vn 0.8907 -0.3048 0.3373
vn 0.8808 -0.3240 0.3453
vn 0.8794 -0.3074 0.3636
vn 0.8631 -0.3329 0.3796
vn 0.8621 -0.3539 0.3628
vn 0.8379 -0.3664 0.4045
vn 0.8573 -0.3162 0.4062
vn 0.8346 -0.3462 0.4285
vn 0.8028 -0.3815 0.4583
vn 0.7615 -0.4196 0.4941
vn 0.8028 -0.4061 0.4367
vn 0.8333 -0.3935 0.3884
vn 0.8797 -0.2996 0.3693
vn 0.8854 -0.2775 0.3730
vn 0.8895 -0.2931 0.3505
vn 0.8899 -0.2798 0.3604
vn 0.8699 -0.2603 0.4189
vn 0.8829 -0.2627 0.3891
vn 0.8592 -0.2797 0.4285
vn 0.8808 -0.2744 0.3860
vn 0.8724 -0.2923 0.3919
vn 0.8429 -0.3031 0.4445
vn 0.8879 -0.2899 0.3572
vn 0.8932 -0.2949 0.3394
vn 0.8434 -0.2757 0.4612
vn 0.8023 -0.3052 0.5130
vn 0.8230 -0.2990 0.4830
vn 0.7727 -0.3295 0.5425
vn 0.7456 -0.3441 0.5707
vn 0.7088 -0.3673 0.6023
vn 0.6701 -0.3892 0.6320
vn 0.7397 -0.3539 0.5723
vn 0.7980 -0.3241 0.5081
vn 0.9705 0.0442 0.2371
vn 0.9622 -0.0179 0.2717
vn 0.9866 0.0189 0.1623
vn 0.9880 0.0784 0.1327
vn 0.9497 -0.0657 0.3063
vn 0.9806 -0.0296 0.1936
vn 0.9955 0.0499 0.0811
vn 0.9928 0.1059 0.0563
vn 0.9940 0.0033 0.1090
vn 0.9362 -0.1008 0.3368
vn 0.9721 -0.0687 0.2243
vn 0.9897 -0.0353 0.1387
vn 0.9967 -0.0025 0.0812
vn 0.9980 0.0332 0.0532
vn 0.9917 0.1280 0.0076
vn 0.9967 0.0763 0.0284
vn 0.9473 0.2705 0.1718
vn 0.9595 0.2240 0.1710
vn 0.9699 0.2303 0.0794
vn 0.9618 0.2608 0.0825
vn 0.9680 0.1709 0.1837
vn 0.9778 0.1897 0.0886
vn 0.9724 0.2329 0.0145
vn 0.9682 0.2496 0.0175
vn 0.9789 0.2033 0.0212
vn 0.9721 0.1109 0.2069
vn 0.9844 0.1391 0.1073
vn 0.9863 0.1609 0.0358
vn 0.9841 0.1776 -0.0083
vn 0.9768 0.2133 -0.0191
vn 0.9702 0.2411 -0.0233
vn 0.9718 0.2347 -0.0242
vn 0.8457 0.2783 0.4554
vn 0.8751 0.1763 0.4506
vn 0.8967 0.1834 0.4029
vn 0.8726 0.2762 0.4029
vn 0.8899 0.0797 0.4491
vn 0.9067 0.0941 0.4111
vn 0.9189 0.1966 0.3420
vn 0.8991 0.2758 0.3399
vn 0.9271 0.1178 0.3557
vn 0.8928 -0.0120 0.4503
vn 0.8855 -0.0997 0.4538
vn 0.8930 -0.0756 0.4436
vn 0.9050 0.0079 0.4253
vn 0.9132 -0.0394 0.4056
vn 0.9250 0.0392 0.3779
vn 0.9491 0.0756 0.3059
vn 0.9412 0.0026 0.3377
vn 0.9488 0.1452 0.2807
vn 0.9246 0.2746 0.2638
vn 0.9406 0.2115 0.2655
vn 0.8714 -0.1657 0.4617
vn 0.8736 -0.1401 0.4661
vn 0.8579 -0.1956 0.4751
vn 0.8542 -0.1722 0.4906
vn 0.8933 -0.1034 0.4374
vn 0.8720 -0.1405 0.4689
vn 0.8492 -0.1924 0.4918
vn 0.8404 -0.1750 0.5130
vn 0.8553 -0.1537 0.4948
vn 0.8899 -0.1291 0.4376
vn 0.9066 -0.1040 0.4089
vn 0.9255 -0.0609 0.3739
vn 0.8505 0.4516 0.2696
vn 0.8805 0.4394 0.1776
vn 0.8407 0.5079 0.1877
vn 0.8158 0.5046 0.2825
vn 0.8996 0.4267 0.0928
vn 0.8546 0.5097 0.0991
vn 0.7899 0.5836 0.1883
vn 0.7710 0.5689 0.2863
vn 0.7980 0.5948 0.0971
vn 0.9086 0.4173 0.0146
vn 0.8593 0.5113 0.0151
vn 0.7980 0.6026 0.0106
vn 0.6439 0.7651 0.0002
vn 0.7255 0.6882 0.0045
vn 0.6453 0.7594 0.0826
vn 0.7283 0.6793 0.0903
vn 0.6434 0.7457 0.1733
vn 0.6334 0.7231 0.2755
vn 0.7116 0.6430 0.2833
vn 0.7250 0.6642 0.1823
vn 0.6916 0.5058 0.5156
vn 0.7304 0.4904 0.4755
vn 0.7044 0.5097 0.4941
vn 0.6657 0.5201 0.5350
vn 0.7712 0.4759 0.4229
vn 0.7436 0.5035 0.4400
vn 0.6688 0.5428 0.5081
vn 0.6302 0.5463 0.5518
vn 0.7064 0.5455 0.4510
vn 0.8121 0.4629 0.3552
vn 0.7815 0.5020 0.3705
vn 0.7412 0.5546 0.3781
vn 0.6128 0.6958 0.3747
vn 0.6867 0.6202 0.3792
vn 0.5858 0.6703 0.4556
vn 0.6554 0.6019 0.4563
vn 0.5547 0.6492 0.5204
vn 0.5212 0.6336 0.5717
vn 0.5827 0.5845 0.5646
vn 0.6202 0.5898 0.5172
vn 0.8360 0.3608 0.4133
vn 0.8038 0.3715 0.4646
vn 0.8687 0.3481 0.3523
vn 0.7960 0.4249 0.4312
vn 0.7597 0.4407 0.4782
vn 0.8340 0.4058 0.3738
vn 0.9302 0.3143 0.1893
vn 0.9009 0.3329 0.2786
vn 0.9078 0.3593 0.2163
vn 0.8721 0.3840 0.3032
vn 0.8414 0.4272 0.3309
vn 0.8808 0.4050 0.2454
vn 0.7999 0.4483 0.3991
vn 0.7204 0.4853 0.4956
vn 0.7588 0.4679 0.4531
vn 0.9514 0.2909 0.1007
vn 0.9630 0.2674 0.0323
vn 0.9352 0.3305 0.1272
vn 0.9518 0.3022 0.0535
vn 0.9681 0.2500 -0.0157
vn 0.9597 0.2809 -0.0045
vn 0.9418 0.3362 0.0068
vn 0.9318 0.3550 0.0756
vn 0.9119 0.3799 0.1552
vn 0.4955 0.5255 0.6916
vn 0.4673 0.5403 0.6997
vn 0.4133 0.5313 0.7395
vn 0.4356 0.5181 0.7361
vn 0.4363 0.5554 0.7080
vn 0.3909 0.5448 0.7419
vn 0.3699 0.5230 0.7679
vn 0.3863 0.5129 0.7666
vn 0.3557 0.5335 0.7674
vn 0.4046 0.5694 0.7157
vn 0.3754 0.5817 0.7216
vn 0.3507 0.5667 0.7455
vn 0.3694 0.5570 0.7438
vn 0.3332 0.5513 0.7649
vn 0.3436 0.5434 0.7659
vn 0.3272 0.5333 0.7801
vn 0.3233 0.5389 0.7779
vn 0.3337 0.5268 0.7817
vn 0.3545 0.5129 0.7819
vn 0.3427 0.5198 0.7825
vn 0.6703 0.3248 0.6672
vn 0.6159 0.4009 0.6782
vn 0.5486 0.4117 0.7277
vn 0.6045 0.3472 0.7170
vn 0.5674 0.4599 0.6830
vn 0.5013 0.4617 0.7318
vn 0.4867 0.4256 0.7629
vn 0.5404 0.3722 0.7546
vn 0.4429 0.4668 0.7655
vn 0.5267 0.5017 0.6862
vn 0.4632 0.4973 0.7336
vn 0.4092 0.4961 0.7658
vn 0.3726 0.4997 0.7820
vn 0.4006 0.4756 0.7832
vn 0.4862 0.3975 0.7782
vn 0.4383 0.4416 0.7829
vn 0.7692 0.3797 0.5139
vn 0.8150 0.2838 0.5051
vn 0.7228 0.4511 0.5235
vn 0.7276 0.3864 0.5668
vn 0.7766 0.2931 0.5577
vn 0.6800 0.4568 0.5735
vn 0.6522 0.5187 0.5528
vn 0.6821 0.4974 0.5361
vn 0.6069 0.5267 0.5952
vn 0.6384 0.5036 0.5821
vn 0.5873 0.5047 0.6327
vn 0.5549 0.5291 0.6420
vn 0.6289 0.4592 0.6274
vn 0.7288 0.3068 0.6122
vn 0.6771 0.3930 0.6222
vn 0.6247 0.5316 0.5720
vn 0.5878 0.5531 0.5903
vn 0.5773 0.5400 0.6125
vn 0.5397 0.5583 0.6301
vn 0.4847 0.6212 0.6158
vn 0.5412 0.5832 0.6058
vn 0.4459 0.6086 0.6563
vn 0.4953 0.5813 0.6456
vn 0.4483 0.5771 0.6826
vn 0.4081 0.5954 0.6920
vn 0.4880 0.5597 0.6697
vn 0.5243 0.5434 0.6556
vn 0.8531 -0.0427 0.5200
vn 0.8257 -0.0010 0.5641
vn 0.8573 -0.0875 0.5073
vn 0.8736 -0.1248 0.4704
vn 0.7862 0.0470 0.6161
vn 0.8289 -0.0429 0.5577
vn 0.8787 -0.1440 0.4551
vn 0.8865 -0.1745 0.4287
vn 0.8597 -0.1059 0.4997
vn 0.7347 0.0976 0.6714
vn 0.7860 0.0061 0.6183
vn 0.8255 -0.0625 0.5609
vn 0.8549 -0.1104 0.5070
vn 0.8817 -0.1449 0.4490
vn 0.8956 -0.1956 0.3995
vn 0.8939 -0.1741 0.4132
vn 0.8843 -0.1059 0.4547
vn 0.8780 -0.1749 0.4456
vn 0.8798 -0.0971 0.4653
vn 0.8815 -0.1700 0.4406
vn 0.8714 -0.2066 0.4449
vn 0.8811 -0.2063 0.4257
vn 0.8702 -0.0754 0.4868
vn 0.8807 -0.1528 0.4484
vn 0.8865 -0.1953 0.4196
vn 0.8909 -0.2070 0.4042
vn 0.8817 -0.2096 0.4228
vn 0.8679 -0.2044 0.4528
vn 0.8506 0.1791 0.4943
vn 0.8186 0.1911 0.5416
vn 0.8727 0.0798 0.4816
vn 0.8495 0.0927 0.5194
vn 0.7262 0.2391 0.6446
vn 0.7777 0.2115 0.5920
vn 0.7773 0.1496 0.6111
vn 0.8183 0.1165 0.5628
vn 0.8497 0.0210 0.5268
vn 0.8207 0.0556 0.5687
vn 0.8698 -0.0032 0.4933
vn 0.8836 -0.0148 0.4680
vn 0.6657 0.2722 0.6948
vn 0.6027 0.3079 0.7362
vn 0.7260 0.1895 0.6610
vn 0.6679 0.2328 0.7069
vn 0.5443 0.3428 0.7657
vn 0.6082 0.2754 0.7444
vn 0.6734 0.1939 0.7134
vn 0.7309 0.1458 0.6667
vn 0.7809 0.0983 0.6169
vn 0.5392 0.5131 -0.6678
vn 0.5398 0.5085 -0.6708
vn 0.5474 0.5131 -0.6611
vn 0.5503 0.5193 -0.6538
vn 0.5318 0.5142 -0.6729
vn 0.5355 0.5162 -0.6684
vn 0.5577 0.5186 -0.6481
vn 0.5617 0.5251 -0.6393
vn 0.5440 0.5209 -0.6579
vn 0.5144 0.5303 -0.6739
vn 0.5138 0.5305 -0.6743
vn 0.5196 0.5354 -0.6658
vn 0.5262 0.5486 -0.6498
vn 0.5515 0.5326 -0.6420
vn 0.5709 0.5315 -0.6258
vn 0.5664 0.5278 -0.6330
vn 0.4956 0.5958 -0.6320
vn 0.5103 0.5695 -0.6444
vn 0.5263 0.5718 -0.6293
vn 0.5122 0.5941 -0.6202
vn 0.5229 0.5461 -0.6545
vn 0.5381 0.5509 -0.6379
vn 0.5383 0.5727 -0.6182
vn 0.5237 0.5918 -0.6128
vn 0.5503 0.5543 -0.6244
vn 0.5328 0.5267 -0.6623
vn 0.5465 0.5328 -0.6461
vn 0.5586 0.5378 -0.6314
vn 0.5680 0.5414 -0.6198
vn 0.5596 0.5553 -0.6152
vn 0.5316 0.5877 -0.6100
vn 0.5470 0.5713 -0.6119
vn 0.3857 0.7195 -0.5775
vn 0.4273 0.6784 -0.5977
vn 0.4480 0.6329 -0.6315
vn 0.4173 0.6707 -0.6132
vn 0.4662 0.6412 -0.6095
vn 0.4775 0.5996 -0.6422
vn 0.4693 0.5980 -0.6497
vn 0.4468 0.6321 -0.6331
vn 0.4910 0.5683 -0.6603
vn 0.5022 0.6073 -0.6157
vn 0.5345 0.5757 -0.6188
vn 0.5327 0.5446 -0.6477
vn 0.5058 0.5703 -0.6472
vn 0.5314 0.5234 -0.6661
vn 0.5116 0.5433 -0.6656
vn 0.5206 0.5280 -0.6710
vn 0.5328 0.5125 -0.6734
vn 0.5064 0.5495 -0.6645
vn 0.4733 0.6063 -0.6391
vn 0.4905 0.5759 -0.6540
vn 0.5568 0.5503 -0.6222
vn 0.5519 0.5270 -0.6463
vn 0.5627 0.5388 -0.6269
vn 0.5561 0.5234 -0.6456
vn 0.5451 0.5128 -0.6632
vn 0.5463 0.5153 -0.6603
vn 0.5523 0.5439 -0.6317
vn 0.5445 0.5352 -0.6458
vn 0.5338 0.5312 -0.6579
vn 0.5227 0.5301 -0.6676
vn 0.5368 0.5128 -0.6700
vn 0.5398 0.5068 -0.6722
vn 0.3773 0.7155 -0.5880
vn 0.3834 0.6939 -0.6095
vn 0.3345 0.7101 -0.6196
vn 0.3345 0.7365 -0.5880
vn 0.3825 0.6730 -0.6331
vn 0.3269 0.6828 -0.6534
vn 0.2837 0.7193 -0.6342
vn 0.2894 0.7517 -0.5926
vn 0.2693 0.6841 -0.6779
vn 0.3747 0.6532 -0.6580
vn 0.3116 0.6551 -0.6883
vn 0.2464 0.6467 -0.7218
vn 0.0986 0.6050 -0.7901
vn 0.1762 0.6296 -0.7566
vn 0.1351 0.6633 -0.7361
vn 0.2064 0.6776 -0.7059
vn 0.1637 0.7191 -0.6754
vn 0.1806 0.7701 -0.6118
vn 0.2392 0.7626 -0.6010
vn 0.2279 0.7223 -0.6530
vn 0.2532 0.8826 -0.3961
vn 0.3042 0.8309 -0.4659
vn 0.2781 0.8620 -0.4239
vn 0.2293 0.9135 -0.3360
vn 0.3402 0.7831 -0.5206
vn 0.3097 0.8118 -0.4951
vn 0.2464 0.8892 -0.3855
vn 0.2025 0.9387 -0.2791
vn 0.2737 0.8369 -0.4740
vn 0.3637 0.7437 -0.5610
vn 0.3272 0.7687 -0.5496
vn 0.2869 0.7892 -0.5430
vn 0.1833 0.8226 -0.5383
vn 0.2401 0.8069 -0.5397
vn 0.1748 0.8788 -0.4441
vn 0.2299 0.8592 -0.4570
vn 0.1581 0.9305 -0.3305
vn 0.1365 0.9697 -0.2027
vn 0.1721 0.9573 -0.2323
vn 0.2073 0.9122 -0.3534
vn 0.3867 0.7126 -0.5853
vn 0.3454 0.7637 -0.5454
vn 0.4228 0.6707 -0.6094
vn 0.3574 0.7551 -0.5497
vn 0.3098 0.8068 -0.5030
vn 0.3966 0.7107 -0.5810
vn 0.4764 0.6255 -0.6180
vn 0.4528 0.6408 -0.6199
vn 0.4499 0.6571 -0.6048
vn 0.4273 0.6773 -0.5990
vn 0.3974 0.7124 -0.5784
vn 0.4168 0.6880 -0.5942
vn 0.3688 0.7490 -0.5504
vn 0.2789 0.8470 -0.4525
vn 0.3296 0.7952 -0.5090
vn 0.4926 0.6189 -0.6118
vn 0.5030 0.6126 -0.6097
vn 0.4644 0.6454 -0.6065
vn 0.4726 0.6347 -0.6114
vn 0.5091 0.6057 -0.6115
vn 0.4757 0.6245 -0.6194
vn 0.4313 0.6413 -0.6346
vn 0.4326 0.6556 -0.6189
vn 0.4281 0.6711 -0.6053
vn 0.0373 0.9770 -0.2099
vn 0.0043 0.9810 -0.1938
vn 0.0039 0.9799 -0.1993
vn 0.0418 0.9816 -0.1864
vn 0.0007 0.9844 -0.1762
vn -0.0033 0.9780 -0.2087
vn 0.0289 0.9830 -0.1814
vn 0.0708 0.9864 -0.1485
vn 0.0145 0.9776 -0.2098
vn 0.0254 0.9868 -0.1598
vn 0.0792 0.9860 -0.1467
vn 0.0718 0.9750 -0.2104
vn 0.0191 0.9768 -0.2132
vn 0.0665 0.9697 -0.2351
vn 0.0270 0.9730 -0.2294
vn 0.0720 0.9827 -0.1707
vn 0.0750 0.9858 -0.1506
vn 0.0466 0.9768 -0.2091
vn 0.0657 0.9728 -0.2223
vn 0.0914 0.9892 -0.1147
vn 0.0483 0.9826 -0.1792
vn 0.1210 0.9902 -0.0702
vn 0.1634 0.9863 -0.0244
vn 0.1147 0.9889 -0.0950
vn 0.0710 0.9878 -0.1390
vn 0.2860 0.9268 -0.2433
vn 0.2115 0.9488 -0.2347
vn 0.2162 0.9658 -0.1433
vn 0.2827 0.9491 -0.1390
vn 0.1462 0.9626 -0.2281
vn 0.1547 0.9757 -0.1552
vn 0.2325 0.9704 -0.0649
vn 0.2850 0.9570 -0.0545
vn 0.1798 0.9799 -0.0867
vn 0.0886 0.9713 -0.2206
vn 0.0968 0.9805 -0.1707
vn 0.1259 0.9852 -0.1159
vn 0.2075 0.9781 0.0148
vn 0.1661 0.9846 -0.0544
vn 0.2429 0.9690 0.0450
vn 0.2120 0.9770 -0.0205
vn 0.2700 0.9607 0.0643
vn 0.2892 0.9546 0.0707
vn 0.2885 0.9574 0.0143
vn 0.2526 0.9676 0.0034
vn 0.3002 0.8192 -0.4886
vn 0.3532 0.7758 -0.5228
vn 0.2551 0.8592 -0.4435
vn 0.2582 0.8719 -0.4160
vn 0.3235 0.8338 -0.4474
vn 0.2034 0.9040 -0.3761
vn 0.1869 0.9265 -0.3266
vn 0.2174 0.8952 -0.3891
vn 0.1204 0.9546 -0.2725
vn 0.1577 0.9314 -0.3282
vn 0.1116 0.9559 -0.2716
vn 0.0669 0.9700 -0.2338
vn 0.1644 0.9386 -0.3034
vn 0.3002 0.8862 -0.3529
vn 0.2267 0.9163 -0.3302
vn 0.1627 0.9527 -0.2569
vn 0.1431 0.9712 -0.1904
vn 0.0947 0.9734 -0.2088
vn 0.0831 0.9855 -0.1476
vn 0.1160 0.9876 -0.1058
vn 0.1276 0.9823 -0.1371
vn 0.0998 0.9925 -0.0703
vn 0.0847 0.9915 -0.0987
vn 0.0491 0.9930 -0.1078
vn 0.0879 0.9925 -0.0854
vn 0.0328 0.9890 -0.1443
vn 0.0383 0.9813 -0.1886
vn 0.5166 0.7936 -0.3214
vn 0.4934 0.8420 -0.2181
vn 0.5263 0.8129 -0.2495
vn 0.5461 0.7612 -0.3499
vn 0.4627 0.8764 -0.1334
vn 0.4989 0.8509 -0.1648
vn 0.5609 0.7793 -0.2796
vn 0.5723 0.7281 -0.3773
vn 0.5413 0.8181 -0.1943
vn 0.4292 0.9008 -0.0651
vn 0.3963 0.9181 -0.0106
vn 0.4408 0.8969 -0.0350
vn 0.4690 0.8782 -0.0940
vn 0.4981 0.8654 -0.0551
vn 0.5189 0.8464 -0.1201
vn 0.5775 0.8041 -0.1412
vn 0.5665 0.8211 -0.0697
vn 0.5889 0.7780 -0.2189
vn 0.5950 0.6974 -0.3995
vn 0.5964 0.7427 -0.3044
vn 0.5350 0.6191 -0.5749
vn 0.5585 0.5880 -0.5851
vn 0.5340 0.6736 -0.5109
vn 0.5588 0.6397 -0.5277
vn 0.5666 0.5687 -0.5963
vn 0.5710 0.6141 -0.5448
vn 0.5289 0.7340 -0.4260
vn 0.5556 0.6998 -0.4491
vn 0.5739 0.6695 -0.4716
vn 0.5844 0.6471 -0.4897
vn 0.5714 0.6011 -0.5587
vn 0.5599 0.5651 -0.6060
vn 0.4079 0.7328 -0.5447
vn 0.3905 0.7921 -0.4692
vn 0.4569 0.6925 -0.5582
vn 0.4487 0.7508 -0.4848
vn 0.3612 0.8965 -0.2565
vn 0.3750 0.8491 -0.3720
vn 0.4259 0.8622 -0.2742
vn 0.4392 0.8097 -0.3892
vn 0.4909 0.7705 -0.4066
vn 0.4782 0.8269 -0.2960
vn 0.4969 0.7110 -0.4976
vn 0.4996 0.6548 -0.5672
vn 0.3486 0.9258 -0.1464
vn 0.3362 0.9399 -0.0594
vn 0.4067 0.8987 -0.1638
vn 0.3836 0.9203 -0.0767
vn 0.3073 0.9496 0.0622
vn 0.3229 0.9464 0.0088
vn 0.3312 0.9426 0.0428
vn 0.3582 0.9336 -0.0091
vn 0.3940 0.9184 -0.0352
vn 0.3609 0.9324 0.0170
vn 0.4263 0.8987 -0.1028
vn 0.4556 0.8700 -0.1886
vn -0.1204 0.7657 -0.6318
vn -0.0360 0.7705 -0.6364
vn -0.0481 0.6780 -0.7335
vn -0.1182 0.6683 -0.7344
vn 0.0419 0.7734 -0.6326
vn 0.0225 0.6931 -0.7205
vn -0.0675 0.5885 -0.8057
vn -0.1183 0.5754 -0.8093
vn -0.0077 0.6126 -0.7904
vn 0.1139 0.7736 -0.6234
vn 0.0934 0.7084 -0.6996
vn 0.0605 0.6399 -0.7661
vn 0.0219 0.5734 -0.8189
vn -0.0414 0.5408 -0.8401
vn -0.1204 0.5003 -0.8574
vn -0.0891 0.5142 -0.8530
vn -0.4337 0.7217 -0.5395
vn -0.3645 0.7397 -0.5657
vn -0.3374 0.6754 -0.6557
vn -0.4114 0.6691 -0.6189
vn -0.2883 0.7521 -0.5926
vn -0.2628 0.6734 -0.6909
vn -0.3007 0.6053 -0.7371
vn -0.3806 0.6082 -0.6966
vn -0.2296 0.5926 -0.7721
vn -0.2065 0.7602 -0.6159
vn -0.1895 0.6689 -0.7188
vn -0.1690 0.5796 -0.7972
vn -0.1503 0.5043 -0.8504
vn -0.1967 0.5183 -0.8323
vn -0.3469 0.5402 -0.7667
vn -0.2621 0.5337 -0.8040
vn -0.4351 0.8424 -0.3178
vn -0.3613 0.8799 -0.3088
vn -0.3720 0.8580 -0.3542
vn -0.4423 0.8223 -0.3581
vn -0.2811 0.9128 -0.2962
vn -0.2945 0.8899 -0.3484
vn -0.3780 0.8296 -0.4110
vn -0.4461 0.7968 -0.4075
vn -0.3015 0.8588 -0.4141
vn -0.1960 0.9399 -0.2798
vn -0.1079 0.9599 -0.2588
vn -0.1239 0.9347 -0.3332
vn -0.2112 0.9159 -0.3413
vn -0.1283 0.8984 -0.4201
vn -0.2177 0.8824 -0.4171
vn -0.2161 0.8333 -0.5089
vn -0.1254 0.8447 -0.5204
vn -0.3004 0.8151 -0.4953
vn -0.4442 0.7643 -0.4675
vn -0.3767 0.7916 -0.4811
vn -0.0266 0.9721 -0.2329
vn -0.0403 0.9449 -0.3248
vn 0.0399 0.9769 -0.2101
vn 0.0339 0.9470 -0.3194
vn -0.0410 0.9049 -0.4236
vn 0.0381 0.9029 -0.4282
vn 0.0934 0.9758 -0.1977
vn 0.0995 0.9421 -0.3203
vn 0.1098 0.8938 -0.4348
vn 0.1170 0.8357 -0.5366
vn 0.0440 0.8446 -0.5336
vn -0.0366 0.8482 -0.5285
vn -0.5613 0.6512 -0.5108
vn -0.5609 0.6037 -0.5665
vn -0.5636 0.5888 -0.5793
vn -0.5610 0.6399 -0.5253
vn -0.5588 0.5458 -0.6244
vn -0.5639 0.5274 -0.6355
vn -0.5733 0.5596 -0.5984
vn -0.5676 0.6151 -0.5473
vn -0.5749 0.4963 -0.6505
vn -0.5566 0.4780 -0.6796
vn -0.5641 0.4562 -0.6882
vn -0.5748 0.4246 -0.6995
vn -0.5986 0.3287 -0.7305
vn -0.5889 0.3810 -0.7128
vn -0.5991 0.3880 -0.7004
vn -0.5895 0.4501 -0.6707
vn -0.5958 0.4535 -0.6628
vn -0.5874 0.5198 -0.6203
vn -0.5780 0.5752 -0.5789
vn -0.5863 0.5144 -0.6258
vn -0.5586 0.7626 -0.3263
vn -0.5555 0.7462 -0.3668
vn -0.5506 0.7477 -0.3713
vn -0.5561 0.7658 -0.3229
vn -0.5562 0.7222 -0.4111
vn -0.5512 0.7200 -0.4215
vn -0.5546 0.7409 -0.3789
vn -0.5628 0.7622 -0.3199
vn -0.5544 0.7080 -0.4375
vn -0.5589 0.6906 -0.4591
vn -0.5556 0.6837 -0.4732
vn -0.5596 0.6651 -0.4945
vn -0.5796 0.5876 -0.5646
vn -0.5688 0.6334 -0.5247
vn -0.5786 0.6499 -0.4929
vn -0.5642 0.6851 -0.4609
vn -0.5857 0.6987 -0.4107
vn -0.6030 0.7298 -0.3221
vn -0.5786 0.7507 -0.3190
vn -0.5666 0.7250 -0.3915
vn -0.4993 0.7881 -0.3599
vn -0.4955 0.8061 -0.3235
vn -0.5009 0.7655 -0.4038
vn -0.5370 0.7622 -0.3615
vn -0.5358 0.7786 -0.3268
vn -0.5377 0.7409 -0.4025
vn -0.4913 0.6996 -0.5189
vn -0.4989 0.7367 -0.4564
vn -0.5324 0.6782 -0.5066
vn -0.5367 0.7134 -0.4505
vn -0.5569 0.6972 -0.4513
vn -0.5561 0.6610 -0.5038
vn -0.5562 0.7258 -0.4048
vn -0.5566 0.7634 -0.3278
vn -0.5556 0.7476 -0.3638
vn -0.4760 0.6532 -0.5889
vn -0.4550 0.5973 -0.6605
vn -0.5232 0.6341 -0.5694
vn -0.5103 0.5800 -0.6350
vn -0.4313 0.5319 -0.7287
vn -0.4954 0.5158 -0.6989
vn -0.5377 0.4963 -0.6816
vn -0.5454 0.5613 -0.6226
vn -0.5519 0.6162 -0.5619
vn -0.6069 0.7444 -0.2784
vn -0.6283 0.7328 -0.2613
vn -0.6498 0.7140 -0.2606
vn -0.6218 0.7327 -0.2766
vn -0.6513 0.7203 -0.2387
vn -0.6763 0.6969 -0.2388
vn -0.6722 0.7012 -0.2377
vn -0.6378 0.7279 -0.2518
vn -0.7019 0.6783 -0.2176
vn -0.6755 0.7057 -0.2135
vn -0.7002 0.6884 -0.1890
vn -0.7213 0.6659 -0.1908
vn -0.7004 0.6808 -0.2144
vn -0.7431 0.6467 -0.1721
vn -0.7257 0.6599 -0.1946
vn -0.7861 0.6143 -0.0692
vn -0.7736 0.6274 -0.0887
vn -0.7508 0.6425 -0.1532
vn -0.7652 0.6301 -0.1320
vn -0.7497 0.6532 -0.1064
vn -0.7270 0.6642 -0.1740
vn -0.7146 0.6893 -0.1197
vn -0.6691 0.7323 -0.1268
vn -0.6542 0.7286 -0.2028
vn -0.6945 0.6935 -0.1914
vn -0.3904 0.8822 -0.2633
vn -0.4719 0.8363 -0.2791
vn -0.4639 0.8424 -0.2741
vn -0.3746 0.8909 -0.2570
vn -0.5343 0.7951 -0.2870
vn -0.5338 0.7968 -0.2831
vn -0.4572 0.8548 -0.2455
vn -0.3603 0.9044 -0.2286
vn -0.5347 0.8056 -0.2552
vn -0.5788 0.7634 -0.2869
vn -0.5858 0.7591 -0.2840
vn -0.5941 0.7620 -0.2575
vn -0.6124 0.7804 -0.1262
vn -0.6035 0.7703 -0.2059
vn -0.5413 0.8322 -0.1202
vn -0.5374 0.8188 -0.2020
vn -0.4538 0.8842 -0.1111
vn -0.3493 0.9315 -0.1015
vn -0.3509 0.9194 -0.1777
vn -0.4535 0.8703 -0.1922
vn -0.4909 0.8191 -0.2967
vn -0.4263 0.8575 -0.2880
vn -0.5353 0.7892 -0.3011
vn -0.4855 0.8278 -0.2813
vn -0.4160 0.8684 -0.2699
vn -0.5351 0.7946 -0.2869
vn -0.5670 0.7689 -0.2955
vn -0.5603 0.7717 -0.3009
vn -0.5787 0.7665 -0.2785
vn -0.5657 0.7733 -0.2862
vn -0.5722 0.7701 -0.2820
vn -0.5925 0.7578 -0.2733
vn -0.5349 0.7962 -0.2826
vn -0.4042 0.8763 -0.2621
vn -0.4793 0.8332 -0.2758
vn -0.5692 0.7712 -0.2852
vn -0.5799 0.7676 -0.2729
vn -0.5866 0.7656 -0.2641
vn -0.6014 0.7601 -0.2459
vn -0.6272 0.7377 -0.2498
vn -0.5993 0.7570 -0.2605
vn -0.6521 0.7293 -0.2072
vn -0.6234 0.7485 -0.2262
vn -0.6496 0.7304 -0.2111
vn -0.6771 0.7116 -0.1878
vn -0.6260 0.7435 -0.2351
vn -0.6070 0.7521 -0.2567
vn 0.0189 0.9864 -0.1630
vn 0.0244 0.9850 -0.1709
vn 0.0995 0.9801 -0.1718
vn 0.1023 0.9839 -0.1466
vn 0.0161 0.9861 -0.1653
vn 0.0798 0.9808 -0.1781
vn 0.1304 0.9744 -0.1831
vn 0.1369 0.9807 -0.1393
vn 0.1083 0.9738 -0.2000
vn -0.0011 0.9893 -0.1462
vn -0.0232 0.9934 -0.1120
vn 0.0228 0.9910 -0.1321
vn 0.0517 0.9849 -0.1653
vn 0.0533 0.9867 -0.1535
vn 0.0798 0.9784 -0.1905
vn 0.0842 0.9735 -0.2127
vn 0.0694 0.9832 -0.1689
vn 0.1035 0.9695 -0.2221
vn 0.1283 0.9818 -0.1397
vn 0.1207 0.9727 -0.1982
vn -0.0763 0.9763 -0.2025
vn 0.0061 0.9865 -0.1636
vn -0.0391 0.9847 -0.1696
vn 0.0453 0.9906 -0.1292
vn 0.0631 0.9897 -0.1283
vn 0.0930 0.9912 -0.0937
vn -0.0048 0.9876 -0.1571
vn 0.0806 0.9889 -0.1245
vn 0.1206 0.9878 -0.0987
vn 0.1217 0.9890 -0.0842
vn 0.1097 0.9914 -0.0715
vn 0.0985 0.9895 -0.1061
vn -0.3479 0.8963 -0.2751
vn -0.3324 0.9085 -0.2534
vn -0.2624 0.9300 -0.2573
vn -0.2407 0.9426 -0.2316
vn -0.2959 0.9245 -0.2402
vn -0.3151 0.9176 -0.2422
vn -0.1953 0.9572 -0.2136
vn -0.2178 0.9515 -0.2175
vn -0.1137 0.9754 -0.1888
vn -0.0898 0.9783 -0.1868
vn -0.1422 0.9686 -0.2039
vn -0.1712 0.9572 -0.2336
vn -0.2750 0.9329 -0.2324
vn -0.2566 0.9443 -0.2059
vn -0.1747 0.9627 -0.2064
vn -0.1593 0.9699 -0.1843
vn -0.2446 0.9649 -0.0951
vn -0.2452 0.9560 -0.1608
vn -0.1563 0.9832 -0.0942
vn -0.1522 0.9773 -0.1475
vn -0.0714 0.9874 -0.1415
vn -0.0831 0.9915 -0.0996
vn -0.0686 0.9832 -0.1692
vn -0.0748 0.9800 -0.1843
vn 0.3057 0.9194 0.2475
vn 0.3724 0.8934 0.2511
vn 0.3842 0.9092 0.1604
vn 0.3195 0.9330 0.1656
vn 0.4529 0.8535 0.2575
vn 0.4629 0.8718 0.1605
vn 0.3989 0.9130 0.0853
vn 0.3402 0.9352 0.0979
vn 0.4718 0.8782 0.0789
vn 0.5425 0.7968 0.2661
vn 0.5517 0.8175 0.1653
vn 0.5560 0.8275 0.0782
vn 0.5599 0.8285 0.0012
vn 0.4828 0.8757 0.0083
vn 0.3663 0.9296 0.0402
vn 0.4176 0.9084 0.0215
vn 0.2539 0.9329 0.2555
vn 0.2371 0.9383 0.2517
vn 0.2491 0.9474 0.2011
vn 0.2631 0.9415 0.2106
vn 0.2382 0.9389 0.2485
vn 0.2521 0.9491 0.1887
vn 0.2672 0.9512 0.1540
vn 0.2739 0.9473 0.1659
vn 0.2749 0.9518 0.1363
vn 0.2600 0.9336 0.2468
vn 0.2746 0.9453 0.1759
vn 0.2986 0.9473 0.1163
vn 0.3283 0.9424 0.0642
vn 0.3024 0.9491 0.0884
vn 0.2835 0.9514 0.1198
vn 0.2878 0.9515 0.1083
vn 0.2760 0.8507 0.4473
vn 0.2825 0.8356 0.4712
vn 0.2607 0.8725 0.4132
vn 0.2600 0.8809 0.3955
vn 0.2933 0.8171 0.4963
vn 0.2697 0.8589 0.4354
vn 0.2444 0.9011 0.3582
vn 0.2515 0.9034 0.3474
vn 0.2500 0.8930 0.3742
vn 0.3080 0.7966 0.5202
vn 0.3265 0.7755 0.5404
vn 0.3154 0.8184 0.4804
vn 0.2878 0.8406 0.4589
vn 0.3060 0.8585 0.4116
vn 0.2699 0.8791 0.3929
vn 0.2593 0.9105 0.3222
vn 0.3018 0.8930 0.3339
vn 0.2384 0.9196 0.3121
vn 0.2497 0.9203 0.3012
vn 0.2360 0.9227 0.3048
vn 0.3544 0.7523 0.5554
vn 0.3560 0.7915 0.4968
vn 0.3976 0.7223 0.5659
vn 0.4119 0.7557 0.5092
vn 0.3589 0.8300 0.4270
vn 0.4264 0.7905 0.4397
vn 0.4547 0.6830 0.5717
vn 0.4801 0.7084 0.5173
vn 0.5044 0.7372 0.4496
vn 0.5257 0.7677 0.3664
vn 0.4402 0.8242 0.3561
vn 0.3640 0.8651 0.3452
vn 0.2704 0.9266 0.2612
vn 0.2610 0.9455 0.1946
vn 0.2372 0.9558 0.1736
vn 0.2523 0.9338 0.2537
vn 0.2391 0.9629 0.1255
vn 0.2083 0.9736 0.0933
vn 0.2068 0.9670 0.1486
vn 0.2247 0.9435 0.2435
vn 0.1756 0.9828 0.0574
vn 0.2059 0.9772 0.0527
vn 0.1684 0.9856 0.0121
vn 0.1356 0.9903 -0.0305
vn 0.0870 0.9919 -0.0928
vn 0.1083 0.9918 -0.0677
vn 0.1065 0.9943 -0.0020
vn 0.1416 0.9896 0.0236
vn 0.1259 0.9867 0.1033
vn 0.1396 0.9646 0.2239
vn 0.1874 0.9543 0.2327
vn 0.1697 0.9777 0.1237
vn 0.2163 0.8802 0.4223
vn 0.2355 0.8853 0.4011
vn 0.2159 0.8800 0.4230
vn 0.1872 0.8735 0.4494
vn 0.2534 0.8951 0.3669
vn 0.2381 0.8931 0.3817
vn 0.1881 0.8727 0.4505
vn 0.1538 0.8602 0.4861
vn 0.2127 0.8920 0.3988
vn 0.2664 0.9090 0.3204
vn 0.2513 0.9115 0.3257
vn 0.2258 0.9164 0.3304
vn 0.1416 0.9295 0.3404
vn 0.1894 0.9229 0.3352
vn 0.1319 0.8909 0.4346
vn 0.1773 0.8915 0.4170
vn 0.1109 0.8539 0.5085
vn 0.0794 0.8215 0.5647
vn 0.1174 0.8420 0.5265
vn 0.1529 0.8638 0.4802
vn 0.2607 0.8852 0.3853
vn 0.2692 0.8632 0.4270
vn 0.2607 0.9020 0.3443
vn 0.2568 0.8875 0.3826
vn 0.2571 0.8732 0.4140
vn 0.2637 0.9000 0.3472
vn 0.2727 0.9264 0.2596
vn 0.2658 0.9153 0.3027
vn 0.2810 0.9231 0.2627
vn 0.2731 0.9115 0.3074
vn 0.2731 0.9094 0.3138
vn 0.2800 0.9231 0.2636
vn 0.2610 0.8976 0.3552
vn 0.2397 0.8794 0.4114
vn 0.2484 0.8876 0.3878
vn 0.2786 0.9360 0.2151
vn 0.2814 0.9446 0.1688
vn 0.2829 0.9349 0.2143
vn 0.2777 0.9467 0.1630
vn 0.2791 0.9529 0.1190
vn 0.2647 0.9584 0.1070
vn 0.2404 0.9670 0.0847
vn 0.2636 0.9531 0.1486
vn 0.2769 0.9382 0.2078
vn 0.1731 0.8408 0.5130
vn 0.0674 0.8508 0.5211
vn 0.0620 0.8393 0.5401
vn 0.1813 0.8182 0.5457
vn -0.0106 0.8406 0.5416
vn -0.0259 0.8398 0.5422
vn 0.0695 0.8212 0.5664
vn 0.1976 0.7896 0.5810
vn -0.0274 0.8319 0.5543
vn -0.0624 0.8190 0.5703
vn -0.0902 0.7920 0.6038
vn -0.1171 0.8107 0.5737
vn -0.0844 0.8286 0.5534
vn -0.1350 0.8187 0.5581
vn -0.0942 0.8295 0.5504
vn -0.0943 0.8208 0.5634
vn -0.1458 0.8154 0.5603
vn -0.0179 0.8156 0.5783
vn 0.2193 0.7557 0.6171
vn 0.0869 0.7959 0.5992
vn 0.3969 0.6821 0.6142
vn 0.3887 0.7177 0.5778
vn 0.4190 0.6799 0.6018
vn 0.4267 0.6467 0.6323
vn 0.3484 0.7625 0.5452
vn 0.3760 0.7254 0.5765
vn 0.4444 0.6436 0.6231
vn 0.4522 0.6138 0.6472
vn 0.4006 0.6876 0.6056
vn 0.2767 0.8069 0.5219
vn 0.2973 0.7750 0.5577
vn 0.3194 0.7394 0.5927
vn 0.3414 0.7018 0.6252
vn 0.4217 0.6509 0.6313
vn 0.4730 0.5851 0.6587
vn 0.4649 0.6107 0.6411
vn 0.2897 0.8339 0.4698
vn 0.3002 0.8120 0.5004
vn 0.2693 0.8542 0.4448
vn 0.3192 0.7980 0.5112
vn 0.3304 0.7680 0.5486
vn 0.2908 0.8288 0.4780
vn 0.1990 0.8763 0.4387
vn 0.2393 0.8693 0.4324
vn 0.1845 0.8690 0.4592
vn 0.2460 0.8542 0.4580
vn 0.2589 0.8335 0.4880
vn 0.1750 0.8574 0.4840
vn 0.3184 0.7977 0.5121
vn 0.3637 0.7228 0.5876
vn 0.3537 0.7578 0.5482
vn 0.1538 0.8701 0.4682
vn 0.1109 0.8522 0.5113
vn 0.1192 0.8652 0.4870
vn 0.0647 0.8454 0.5303
vn 0.0380 0.7958 0.6043
vn 0.0717 0.8259 0.5592
vn -0.0076 0.7800 0.6258
vn 0.0220 0.8149 0.5791
vn -0.0249 0.8117 0.5836
vn -0.0521 0.7776 0.6266
vn 0.0219 0.8409 0.5408
vn 0.0885 0.8586 0.5049
vn 0.3571 0.6094 0.7079
vn 0.3690 0.5780 0.7279
vn 0.3513 0.5744 0.7394
vn 0.3474 0.6030 0.7181
vn 0.3834 0.5520 0.7405
vn 0.3588 0.5503 0.7540
vn 0.3406 0.5730 0.7454
vn 0.3457 0.5976 0.7234
vn 0.3398 0.5514 0.7619
vn 0.3990 0.5355 0.7443
vn 0.3695 0.5349 0.7598
vn 0.3446 0.5361 0.7706
vn 0.3273 0.5383 0.7766
vn 0.3301 0.5533 0.7648
vn 0.3546 0.5912 0.7244
vn 0.3398 0.5717 0.7468
vn 0.3352 0.7317 0.5936
vn 0.3520 0.7132 0.6062
vn 0.3419 0.6876 0.6406
vn 0.3490 0.6738 0.6514
vn 0.3829 0.6897 0.6146
vn 0.3682 0.6569 0.6580
vn 0.3485 0.6458 0.6793
vn 0.3468 0.6362 0.6892
vn 0.3551 0.6254 0.6948
vn 0.3753 0.6124 0.6958
vn 0.4007 0.6355 0.6599
vn 0.4280 0.6593 0.6181
vn 0.3070 0.7911 0.5291
vn 0.3333 0.7432 0.5801
vn 0.3155 0.7699 0.5548
vn 0.3366 0.7209 0.6057
vn 0.3883 0.6569 0.6462
vn 0.3606 0.6966 0.6203
vn 0.3792 0.6357 0.6723
vn 0.3574 0.6746 0.6458
vn 0.3536 0.6576 0.6652
vn 0.3690 0.6196 0.6928
vn 0.3397 0.7022 0.6257
vn 0.3251 0.7497 0.5765
vn 0.4154 0.6234 0.6624
vn 0.4402 0.5930 0.6742
vn 0.4026 0.6031 0.6887
vn 0.4255 0.5744 0.6993
vn 0.4614 0.5680 0.6815
vn 0.4462 0.5528 0.7037
vn 0.4261 0.5413 0.7249
vn 0.4070 0.5600 0.7216
vn 0.3874 0.5873 0.7106
vn -0.1123 0.9648 0.2379
vn -0.0399 0.9734 0.2257
vn -0.0306 0.9948 0.0967
vn -0.0931 0.9894 0.1110
vn 0.0252 0.9752 0.2197
vn 0.0257 0.9956 0.0903
vn -0.0176 0.9998 -0.0036
vn -0.0706 0.9974 0.0128
vn 0.0286 0.9995 -0.0131
vn 0.0846 0.9720 0.2193
vn 0.0774 0.9927 0.0923
vn 0.0695 0.9975 -0.0134
vn 0.0656 0.9929 -0.0996
vn 0.0370 0.9950 -0.0931
vn -0.0468 0.9971 -0.0601
vn -0.0000 0.9969 -0.0785
vn -0.4076 0.8544 0.3221
vn -0.3352 0.8923 0.3023
vn -0.3085 0.9335 0.1826
vn -0.3890 0.8989 0.2014
vn -0.2622 0.9236 0.2796
vn -0.2327 0.9596 0.1584
vn -0.2811 0.9565 0.0778
vn -0.3712 0.9240 0.0915
vn -0.2015 0.9778 0.0573
vn -0.1880 0.9479 0.2570
vn -0.1610 0.9779 0.1330
vn -0.1317 0.9907 0.0343
vn -0.1045 0.9936 -0.0419
vn -0.1744 0.9843 -0.0258
vn -0.3571 0.9340 -0.0087
vn -0.2582 0.9660 -0.0138
vn -0.4594 0.5475 0.6994
vn -0.3957 0.6006 0.6948
vn -0.3851 0.6844 0.6191
vn -0.4513 0.6329 0.6291
vn -0.3262 0.6495 0.6869
vn -0.3133 0.7292 0.6083
vn -0.3724 0.7628 0.5287
vn -0.4395 0.7153 0.5433
vn -0.3002 0.8033 0.5143
vn -0.2493 0.6935 0.6759
vn -0.1638 0.7317 0.6616
vn -0.1482 0.7986 0.5833
vn -0.2347 0.7675 0.5965
vn -0.1366 0.8626 0.4871
vn -0.2219 0.8369 0.5004
vn -0.2075 0.8985 0.3869
vn -0.1258 0.9198 0.3716
vn -0.2841 0.8693 0.4044
vn -0.4247 0.7908 0.4409
vn -0.3562 0.8333 0.4228
vn -0.0823 0.7608 0.6437
vn -0.0651 0.8201 0.5685
vn -0.0162 0.7829 0.6219
vn 0.0042 0.8341 0.5516
vn -0.0540 0.8785 0.4747
vn 0.0169 0.8865 0.4625
vn 0.0368 0.8022 0.5959
vn 0.0621 0.8445 0.5320
vn 0.0782 0.8899 0.4495
vn 0.0855 0.9344 0.3458
vn 0.0233 0.9357 0.3521
vn -0.0466 0.9317 0.3603
vn -0.6500 0.6737 0.3516
vn -0.6700 0.7134 0.2053
vn -0.7227 0.6618 0.1993
vn -0.6963 0.6295 0.3448
vn -0.6784 0.7305 0.0784
vn -0.7315 0.6777 0.0758
vn -0.7634 0.6158 0.1948
vn -0.7346 0.5902 0.3348
vn -0.7715 0.6314 0.0777
vn -0.6776 0.7347 -0.0310
vn -0.7277 0.6852 -0.0290
vn -0.7656 0.6430 -0.0210
vn -0.8026 0.5964 0.0086
vn -0.7905 0.6124 -0.0080
vn -0.8109 0.5772 0.0961
vn -0.7980 0.5967 0.0845
vn -0.8062 0.5576 0.1980
vn -0.7809 0.5366 0.3197
vn -0.7632 0.5584 0.3253
vn -0.7913 0.5798 0.1939
vn -0.5539 0.4129 0.7230
vn -0.5700 0.4723 0.6723
vn -0.5682 0.4692 0.6760
vn -0.5389 0.4183 0.7312
vn -0.5931 0.5405 0.5967
vn -0.6082 0.5244 0.5959
vn -0.5731 0.4686 0.6723
vn -0.5304 0.4239 0.7341
vn -0.6270 0.5123 0.5869
vn -0.6213 0.6108 0.4909
vn -0.6537 0.5799 0.4862
vn -0.6843 0.5537 0.4746
vn -0.7316 0.5148 0.4470
vn -0.7110 0.5319 0.4600
vn -0.6687 0.4904 0.5589
vn -0.6480 0.5016 0.5732
vn -0.6010 0.4608 0.6530
vn -0.5368 0.4237 0.7296
vn -0.5297 0.4267 0.7330
vn -0.5846 0.4668 0.6636
vn -0.5071 0.5781 0.6393
vn -0.5121 0.4948 0.7021
vn -0.4980 0.6630 0.5589
vn -0.5457 0.5284 0.6504
vn -0.5462 0.4508 0.7060
vn -0.5431 0.6124 0.5744
vn -0.4771 0.8118 0.3367
vn -0.4874 0.7433 0.4582
vn -0.5406 0.7665 0.3467
vn -0.5409 0.6950 0.4736
vn -0.5852 0.6496 0.4854
vn -0.5980 0.7201 0.3519
vn -0.5745 0.5695 0.5879
vn -0.5605 0.4214 0.7129
vn -0.5666 0.4907 0.6620
vn -0.4689 0.8578 0.2106
vn -0.4620 0.8818 0.0948
vn -0.5422 0.8128 0.2129
vn -0.5433 0.8345 0.0914
vn -0.4569 0.8894 -0.0117
vn -0.5433 0.8393 -0.0188
vn -0.6165 0.7869 -0.0265
vn -0.6153 0.7838 0.0848
vn -0.6092 0.7646 0.2105
vn -0.5395 0.2588 0.8012
vn -0.5201 0.2549 0.8152
vn -0.5342 0.2366 0.8116
vn -0.5507 0.2453 0.7978
vn -0.4952 0.2519 0.8315
vn -0.5111 0.2309 0.8279
vn -0.5518 0.2259 0.8028
vn -0.5668 0.2396 0.7882
vn -0.5298 0.2181 0.8196
vn -0.4647 0.2531 0.8485
vn -0.4305 0.2613 0.8639
vn -0.4437 0.2440 0.8623
vn -0.4806 0.2323 0.8456
vn -0.4634 0.2352 0.8544
vn -0.5000 0.2205 0.8375
vn -0.5204 0.2201 0.8251
vn -0.4878 0.2349 0.8408
vn -0.5500 0.2174 0.8063
vn -0.5882 0.2440 0.7710
vn -0.5728 0.2262 0.7879
vn -0.5103 0.3494 0.7859
vn -0.5309 0.3087 0.7893
vn -0.5521 0.3067 0.7753
vn -0.5410 0.3497 0.7649
vn -0.5441 0.2813 0.7904
vn -0.5585 0.2766 0.7821
vn -0.5784 0.3159 0.7521
vn -0.5746 0.3605 0.7347
vn -0.5789 0.2821 0.7650
vn -0.5481 0.2653 0.7932
vn -0.5588 0.2569 0.7885
vn -0.5756 0.2573 0.7762
vn -0.5986 0.2688 0.7546
vn -0.6049 0.3005 0.7374
vn -0.6079 0.3845 0.6947
vn -0.6080 0.3391 0.7179
vn -0.5118 0.4220 0.7483
vn -0.4645 0.4691 0.7511
vn -0.5420 0.3861 0.7464
vn -0.5124 0.3653 0.7772
vn -0.4726 0.4077 0.7813
vn -0.5378 0.3353 0.7735
vn -0.5424 0.3623 0.7580
vn -0.5531 0.3648 0.7490
vn -0.5353 0.3180 0.7825
vn -0.5467 0.3189 0.7742
vn -0.5442 0.2850 0.7890
vn -0.5339 0.2825 0.7970
vn -0.5375 0.2997 0.7882
vn -0.4872 0.3665 0.7927
vn -0.5177 0.3266 0.7908
vn -0.5206 0.3701 0.7695
vn -0.5026 0.3762 0.7784
vn -0.5113 0.3238 0.7961
vn -0.4877 0.3277 0.8092
vn -0.4847 0.3782 0.7887
vn -0.4902 0.3793 0.7848
vn -0.4485 0.3315 0.8300
vn -0.4661 0.3302 0.8208
vn -0.4577 0.2858 0.8419
vn -0.4301 0.2903 0.8548
vn -0.4856 0.2842 0.8267
vn -0.5113 0.2838 0.8112
vn -0.2897 0.6190 0.7300
vn -0.3302 0.6417 0.6922
vn -0.2491 0.7041 0.6650
vn -0.2117 0.6776 0.7043
vn -0.3687 0.6566 0.6580
vn -0.2841 0.7199 0.6332
vn -0.1883 0.7507 0.6333
vn -0.1540 0.7236 0.6728
vn -0.2190 0.7659 0.6046
vn -0.4031 0.6628 0.6310
vn -0.3159 0.7242 0.6129
vn -0.2462 0.7683 0.5908
vn -0.1906 0.7982 0.5714
vn -0.1702 0.7981 0.5779
vn -0.1141 0.7610 0.6386
vn -0.1450 0.7855 0.6016
vn -0.1863 0.6709 0.7177
vn -0.1071 0.7086 0.6974
vn -0.2154 0.6282 0.7476
vn -0.1382 0.6738 0.7258
vn -0.0451 0.7393 0.6719
vn -0.0794 0.7117 0.6980
vn -0.2505 0.6091 0.7525
vn -0.1738 0.6619 0.7292
vn -0.1167 0.7050 0.6995
vn -0.0768 0.7427 0.6652
vn -0.0366 0.7461 0.6648
vn 0.0025 0.7674 0.6411
vn -0.4068 0.5217 0.7499
vn -0.4232 0.4602 0.7805
vn -0.3424 0.5741 0.7437
vn -0.3651 0.5167 0.7744
vn -0.4796 0.4071 0.7773
vn -0.4472 0.4204 0.7895
vn -0.4335 0.4759 0.7652
vn -0.3956 0.4822 0.7817
vn -0.3303 0.5467 0.7694
vn -0.3703 0.5487 0.7496
vn -0.2963 0.5739 0.7634
vn -0.2694 0.6246 0.7330
vn -0.5184 0.4113 0.7497
vn -0.5576 0.4223 0.7147
vn -0.4760 0.4861 0.7328
vn -0.5173 0.4981 0.6960
vn -0.5931 0.4424 0.6727
vn -0.5533 0.5128 0.6564
vn -0.4896 0.5886 0.6433
vn -0.4539 0.5788 0.6775
vn -0.4131 0.5655 0.7138
vn -0.5626 0.2210 -0.7967
vn -0.5756 0.2997 -0.7608
vn -0.5733 0.2404 -0.7833
vn -0.5570 0.1715 -0.8126
vn -0.5859 0.3777 -0.7170
vn -0.5876 0.3114 -0.7468
vn -0.5738 0.1921 -0.7962
vn -0.5578 0.1321 -0.8194
vn -0.5884 0.2554 -0.7672
vn -0.5904 0.4523 -0.6684
vn -0.5962 0.3834 -0.7054
vn -0.5977 0.3211 -0.7346
vn -0.5967 0.2739 -0.7543
vn -0.5901 0.2157 -0.7780
vn -0.5675 0.1051 -0.8166
vn -0.5794 0.1582 -0.7995
vn -0.5084 0.0529 -0.8595
vn -0.5179 0.0734 -0.8523
vn -0.5084 0.0534 -0.8595
vn -0.4987 0.0414 -0.8658
vn -0.5314 0.1059 -0.8405
vn -0.5225 0.0769 -0.8492
vn -0.5142 0.0388 -0.8568
vn -0.5066 0.0341 -0.8615
vn -0.5262 0.0547 -0.8486
vn -0.5474 0.1538 -0.8226
vn -0.5396 0.1149 -0.8341
vn -0.5415 0.0844 -0.8365
vn -0.5556 0.0640 -0.8290
vn -0.5451 0.0407 -0.8374
vn -0.5346 0.0327 -0.8445
vn -0.5377 0.0311 -0.8426
vn -0.8308 0.1667 -0.5310
vn -0.8317 0.2315 -0.5046
vn -0.7336 0.1811 -0.6550
vn -0.7282 0.1267 -0.6736
vn -0.8258 0.3077 -0.4726
vn -0.7357 0.2498 -0.6296
vn -0.6338 0.1358 -0.7615
vn -0.6264 0.0934 -0.7739
vn -0.6415 0.1926 -0.7426
vn -0.8081 0.3945 -0.4374
vn -0.7740 0.4892 -0.4020
vn -0.7094 0.4310 -0.5576
vn -0.7296 0.3335 -0.5971
vn -0.6418 0.3579 -0.6782
vn -0.6460 0.2662 -0.7154
vn -0.5799 0.2038 -0.7888
vn -0.5882 0.2838 -0.7573
vn -0.5680 0.1435 -0.8104
vn -0.5484 0.0690 -0.8334
vn -0.5567 0.0996 -0.8247
vn -0.7273 0.5772 -0.3713
vn -0.6775 0.5255 -0.5146
vn -0.6797 0.6459 -0.3476
vn -0.6434 0.6014 -0.4737
vn -0.6292 0.4529 -0.6317
vn -0.6130 0.5343 -0.5820
vn -0.6369 0.6961 -0.3313
vn -0.6116 0.6586 -0.4383
vn -0.5954 0.6001 -0.5343
vn -0.5880 0.5275 -0.6131
vn -0.5923 0.4549 -0.6650
vn -0.5920 0.3726 -0.7147
vn -0.5514 -0.1902 -0.8123
vn -0.5528 -0.1452 -0.8205
vn -0.5973 -0.2181 -0.7718
vn -0.5853 -0.2769 -0.7620
vn -0.5713 -0.0971 -0.8150
vn -0.6211 -0.1552 -0.7682
vn -0.6486 -0.2734 -0.7103
vn -0.6267 -0.3386 -0.7018
vn -0.6766 -0.2035 -0.7076
vn -0.6090 -0.0487 -0.7917
vn -0.6581 -0.0930 -0.7472
vn -0.7112 -0.1348 -0.6899
vn -0.8021 -0.2136 -0.5577
vn -0.7610 -0.1749 -0.6248
vn -0.7768 -0.2763 -0.5659
vn -0.7305 -0.2434 -0.6381
vn -0.7473 -0.3419 -0.5697
vn -0.7145 -0.4042 -0.5711
vn -0.6712 -0.3799 -0.6366
vn -0.7004 -0.3138 -0.6410
vn -0.7847 -0.2635 -0.5611
vn -0.6981 -0.2710 -0.6627
vn -0.6738 -0.3886 -0.6284
vn -0.7426 -0.3877 -0.5461
vn -0.6243 -0.2581 -0.7373
vn -0.6218 -0.3672 -0.6918
vn -0.6570 -0.4641 -0.5941
vn -0.7053 -0.4679 -0.5326
vn -0.6273 -0.4385 -0.6436
vn -0.5734 -0.2295 -0.7865
vn -0.5914 -0.3283 -0.7365
vn -0.6172 -0.3953 -0.6803
vn -0.6840 -0.4588 -0.5672
vn -0.6490 -0.4373 -0.6225
vn -0.6631 -0.5009 -0.5562
vn -0.6415 -0.4812 -0.5974
vn -0.6555 -0.5268 -0.5411
vn -0.6641 -0.5335 -0.5238
vn -0.6784 -0.5144 -0.5245
vn -0.6508 -0.5081 -0.5642
vn -0.7251 0.0656 -0.6855
vn -0.8296 0.0956 -0.5501
vn -0.6235 0.0439 -0.7806
vn -0.7233 -0.0222 -0.6902
vn -0.8265 -0.0004 -0.5629
vn -0.6252 -0.0326 -0.7798
vn -0.5055 0.0256 -0.8624
vn -0.5460 0.0310 -0.8372
vn -0.5120 -0.0250 -0.8586
vn -0.5510 -0.0326 -0.8339
vn -0.5610 -0.1205 -0.8190
vn -0.5276 -0.0976 -0.8438
vn -0.6270 -0.1347 -0.7673
vn -0.8143 -0.1213 -0.5677
vn -0.7165 -0.1360 -0.6842
vn -0.4956 0.0238 -0.8682
vn -0.5054 0.0257 -0.8625
vn -0.5028 -0.0138 -0.8643
vn -0.5145 0.0005 -0.8575
vn -0.5373 0.0323 -0.8428
vn -0.5494 0.0182 -0.8354
vn -0.5728 -0.0090 -0.8196
vn -0.5360 -0.0407 -0.8432
vn -0.5217 -0.0706 -0.8502
vn -0.9615 -0.1129 -0.2505
vn -0.9339 -0.2222 -0.2803
vn -0.9580 -0.1734 -0.2282
vn -0.9774 -0.0734 -0.1983
vn -0.8987 -0.3025 -0.3176
vn -0.9312 -0.2495 -0.2656
vn -0.9785 -0.1273 -0.1621
vn -0.9906 -0.0360 -0.1322
vn -0.9595 -0.1992 -0.1989
vn -0.8621 -0.3560 -0.3605
vn -0.8292 -0.3839 -0.4063
vn -0.8740 -0.3357 -0.3513
vn -0.9018 -0.3032 -0.3079
vn -0.9143 -0.2912 -0.2814
vn -0.9371 -0.2535 -0.2400
vn -0.9739 -0.2119 -0.0815
vn -0.9851 -0.1666 -0.0425
vn -0.9661 -0.2079 -0.1529
vn -0.9488 -0.2503 -0.1928
vn -0.9936 -0.1126 -0.0049
vn -0.9817 -0.1533 -0.1134
vn -0.9984 -0.0479 0.0290
vn -0.9979 0.0293 0.0575
vn -0.9988 -0.0015 -0.0484
vn -0.9933 -0.0851 -0.0778
vn -0.9385 0.2937 -0.1815
vn -0.9585 0.2075 -0.1957
vn -0.9632 0.2231 -0.1499
vn -0.9414 0.3061 -0.1420
vn -0.9711 0.1120 -0.2109
vn -0.9779 0.1329 -0.1612
vn -0.9682 0.2343 -0.0872
vn -0.9466 0.3112 -0.0840
vn -0.9838 0.1514 -0.0961
vn -0.9735 0.0054 -0.2285
vn -0.9836 0.0343 -0.1769
vn -0.9919 0.0615 -0.1108
vn -0.9908 0.1094 0.0792
vn -0.9959 0.0867 -0.0268
vn -0.9789 0.1814 0.0938
vn -0.9858 0.1678 -0.0122
vn -0.9641 0.2458 0.1003
vn -0.9478 0.3035 0.0976
vn -0.9506 0.3103 -0.0049
vn -0.9703 0.2420 -0.0047
vn -0.9006 0.1289 -0.4151
vn -0.8966 0.2074 -0.3913
vn -0.9004 0.0293 -0.4340
vn -0.9356 0.1594 -0.3150
vn -0.9253 0.2427 -0.2913
vn -0.9402 0.0592 -0.3354
vn -0.8580 -0.2352 -0.4566
vn -0.8891 -0.0927 -0.4482
vn -0.9073 -0.1970 -0.3715
vn -0.9334 -0.0597 -0.3540
vn -0.9590 -0.0262 -0.2820
vn -0.9401 -0.1548 -0.3036
vn -0.9609 0.0872 -0.2627
vn -0.9360 0.2719 -0.2236
vn -0.9518 0.1859 -0.2438
vn -0.8096 -0.3621 -0.4619
vn -0.7613 -0.4464 -0.4703
vn -0.8625 -0.3215 -0.3909
vn -0.8135 -0.4072 -0.4153
vn -0.6915 -0.5165 -0.5051
vn -0.7206 -0.4961 -0.4843
vn -0.7322 -0.4818 -0.4814
vn -0.7684 -0.4595 -0.4454
vn -0.8171 -0.4106 -0.4047
vn -0.7802 -0.4353 -0.4492
vn -0.8599 -0.3571 -0.3648
vn -0.9033 -0.2729 -0.3309
vn -0.8223 0.5510 -0.1421
vn -0.8246 0.5480 -0.1406
vn -0.7959 0.5872 -0.1475
vn -0.7903 0.5953 -0.1451
vn -0.8339 0.5397 -0.1155
vn -0.8065 0.5774 -0.1269
vn -0.7680 0.6207 -0.1578
vn -0.7579 0.6338 -0.1543
vn -0.7813 0.6084 -0.1394
vn -0.8479 0.5262 -0.0652
vn -0.8626 0.5057 0.0119
vn -0.8367 0.5476 -0.0110
vn -0.8211 0.5650 -0.0818
vn -0.8139 0.5802 -0.0314
vn -0.7972 0.5958 -0.0976
vn -0.7782 0.6177 -0.1139
vn -0.7965 0.6025 -0.0504
vn -0.7597 0.6318 -0.1540
vn -0.7273 0.6652 -0.1691
vn -0.7427 0.6472 -0.1720
vn -0.8098 0.5224 -0.2671
vn -0.7604 0.5993 -0.2502
vn -0.8210 0.5393 -0.1871
vn -0.7764 0.6041 -0.1797
vn -0.7103 0.6607 -0.2429
vn -0.7308 0.6579 -0.1820
vn -0.8232 0.5481 -0.1480
vn -0.7852 0.6016 -0.1468
vn -0.7464 0.6475 -0.1540
vn -0.7094 0.6844 -0.1682
vn -0.6882 0.6997 -0.1918
vn -0.6646 0.7065 -0.2433
vn -0.8899 0.2792 -0.3608
vn -0.9108 0.3186 -0.2624
vn -0.8752 0.3566 -0.3270
vn -0.8892 0.3941 -0.2325
vn -0.9133 0.3715 -0.1671
vn -0.9151 0.3499 -0.2004
vn -0.8845 0.4403 -0.1546
vn -0.8889 0.4222 -0.1778
vn -0.8580 0.4882 -0.1593
vn -0.8537 0.5000 -0.1457
vn -0.8594 0.4680 -0.2060
vn -0.8493 0.4384 -0.2942
vn -0.9143 0.3811 -0.1370
vn -0.9204 0.3811 -0.0867
vn -0.8846 0.4463 -0.1351
vn -0.8919 0.4424 -0.0938
vn -0.9302 0.3572 0.0841
vn -0.9277 0.3731 -0.0136
vn -0.9104 0.4089 0.0630
vn -0.9023 0.4301 -0.0283
vn -0.8755 0.4811 -0.0464
vn -0.8879 0.4585 0.0378
vn -0.8625 0.4952 -0.1039
vn -0.8542 0.5018 -0.1364
vn -0.8417 -0.3981 -0.3647
vn -0.8147 -0.4145 -0.4055
vn -0.8432 -0.3701 -0.3899
vn -0.8649 -0.3613 -0.3484
vn -0.7854 -0.4203 -0.4545
vn -0.8173 -0.3695 -0.4421
vn -0.8622 -0.3275 -0.3866
vn -0.8785 -0.3284 -0.3468
vn -0.8407 -0.3186 -0.4378
vn -0.7524 -0.4167 -0.5102
vn -0.7859 -0.3601 -0.5027
vn -0.8128 -0.3017 -0.4983
vn -0.8324 -0.2473 -0.4960
vn -0.8547 -0.2724 -0.4418
vn -0.8823 -0.3012 -0.3617
vn -0.8710 -0.2902 -0.3965
vn -0.8986 -0.3403 -0.2769
vn -0.8919 -0.3491 -0.2874
vn -0.8975 -0.3367 -0.2848
vn -0.8995 -0.3360 -0.2792
vn -0.8807 -0.3617 -0.3059
vn -0.8916 -0.3412 -0.2975
vn -0.8971 -0.3299 -0.2939
vn -0.8962 -0.3353 -0.2905
vn -0.8951 -0.3271 -0.3030
vn -0.8643 -0.3780 -0.3319
vn -0.8812 -0.3494 -0.3184
vn -0.8894 -0.3266 -0.3200
vn -0.8887 -0.3092 -0.3386
vn -0.8910 -0.3177 -0.3243
vn -0.8888 -0.3356 -0.3122
vn -0.8907 -0.3265 -0.3163
vn -0.7955 -0.4036 -0.4520
vn -0.7593 -0.4415 -0.4781
vn -0.8136 -0.4189 -0.4032
vn -0.8420 -0.3832 -0.3797
vn -0.7255 -0.4705 -0.5022
vn -0.7835 -0.4490 -0.4295
vn -0.8520 -0.3936 -0.3452
vn -0.8724 -0.3650 -0.3252
vn -0.8279 -0.4204 -0.3714
vn -0.6961 -0.4934 -0.5216
vn -0.6731 -0.5120 -0.5337
vn -0.7231 -0.4993 -0.4773
vn -0.7529 -0.4754 -0.4552
vn -0.7691 -0.4726 -0.4302
vn -0.8001 -0.4464 -0.4007
vn -0.8373 -0.4121 -0.3593
vn -0.8092 -0.4371 -0.3926
vn -0.8599 -0.3896 -0.3298
vn -0.8905 -0.3504 -0.2903
vn -0.8775 -0.3692 -0.3060
vn -0.6598 -0.5261 -0.5366
vn -0.6983 -0.5179 -0.4942
vn -0.6552 -0.5344 -0.5339
vn -0.6797 -0.5280 -0.5091
vn -0.7390 -0.4935 -0.4586
vn -0.7121 -0.5043 -0.4886
vn -0.6574 -0.5368 -0.5288
vn -0.6659 -0.5308 -0.5242
vn -0.6872 -0.5064 -0.5209
vn -0.7173 -0.4671 -0.5169
vn -0.7485 -0.4669 -0.4708
vn -0.7788 -0.4574 -0.4293
vn -0.8832 -0.3708 -0.2872
vn -0.8814 -0.3726 -0.2903
vn -0.8743 -0.3920 -0.2861
vn -0.8730 -0.3959 -0.2847
vn -0.8798 -0.3730 -0.2946
vn -0.8754 -0.3871 -0.2894
vn -0.8677 -0.4114 -0.2790
vn -0.8646 -0.4174 -0.2798
vn -0.8700 -0.4046 -0.2818
vn -0.8783 -0.3720 -0.3003
vn -0.8753 -0.3832 -0.2951
vn -0.8697 -0.4006 -0.2884
vn -0.8610 -0.4220 -0.2839
vn -0.8624 -0.4244 -0.2759
vn -0.8580 -0.4338 -0.2751
vn -0.8609 -0.4296 -0.2727
vn -0.8574 -0.3713 -0.3564
vn -0.8726 -0.3632 -0.3265
vn -0.8608 -0.3968 -0.3187
vn -0.8495 -0.4014 -0.3423
vn -0.8808 -0.3628 -0.3043
vn -0.8677 -0.3959 -0.3005
vn -0.8518 -0.4199 -0.3131
vn -0.8436 -0.4209 -0.3335
vn -0.8576 -0.4200 -0.2969
vn -0.8838 -0.3666 -0.2906
vn -0.8714 -0.3965 -0.2888
vn -0.8616 -0.4197 -0.2854
vn -0.8551 -0.4348 -0.2824
vn -0.8516 -0.4337 -0.2943
vn -0.8412 -0.4292 -0.3288
vn -0.8472 -0.4316 -0.3099
vn -0.8640 -0.3503 -0.3617
vn -0.8270 -0.3670 -0.4259
vn -0.8862 -0.3407 -0.3140
vn -0.8764 -0.3337 -0.3473
vn -0.8482 -0.3471 -0.4000
vn -0.8921 -0.3301 -0.3085
vn -0.9006 -0.3363 -0.2752
vn -0.8977 -0.3365 -0.2846
vn -0.8985 -0.3391 -0.2788
vn -0.8988 -0.3330 -0.2850
vn -0.8943 -0.3423 -0.2883
vn -0.8926 -0.3500 -0.2841
vn -0.8905 -0.3366 -0.3062
vn -0.8587 -0.3478 -0.3763
vn -0.8795 -0.3370 -0.3359
vn -0.8982 -0.3390 -0.2798
vn -0.8933 -0.3427 -0.2907
vn -0.8944 -0.3455 -0.2839
vn -0.8893 -0.3513 -0.2928
vn -0.8863 -0.3449 -0.3090
vn -0.8836 -0.3541 -0.3064
vn -0.8809 -0.3631 -0.3036
vn -0.8846 -0.3613 -0.2949
vn -0.8886 -0.3565 -0.2885
vn -0.7591 -0.4487 -0.4716
vn -0.7675 -0.4426 -0.4637
vn -0.7511 -0.4419 -0.4905
vn -0.7492 -0.4437 -0.4917
vn -0.7766 -0.4373 -0.4534
vn -0.7560 -0.4429 -0.4820
vn -0.7444 -0.4429 -0.4997
vn -0.7511 -0.4336 -0.4978
vn -0.7420 -0.4553 -0.4920
vn -0.7864 -0.4336 -0.4400
vn -0.7631 -0.4472 -0.4666
vn -0.7430 -0.4711 -0.4754
vn -0.7188 -0.5389 -0.4392
vn -0.7278 -0.5027 -0.4665
vn -0.7360 -0.5003 -0.4562
vn -0.7353 -0.4746 -0.4838
vn -0.7556 -0.4614 -0.4651
vn -0.7775 -0.4229 -0.4655
vn -0.7616 -0.4247 -0.4895
vn -0.7464 -0.4486 -0.4917
vn -0.6913 -0.5321 -0.4889
vn -0.7153 -0.5030 -0.4852
vn -0.7302 -0.5068 -0.4583
vn -0.7112 -0.5445 -0.4447
vn -0.7344 -0.4782 -0.4817
vn -0.7417 -0.4757 -0.4729
vn -0.7516 -0.4920 -0.4393
vn -0.7338 -0.5390 -0.4137
vn -0.7588 -0.4567 -0.4644
vn -0.7490 -0.4595 -0.4774
vn -0.7476 -0.4538 -0.4850
vn -0.7580 -0.4361 -0.4850
vn -0.7943 -0.4002 -0.4570
vn -0.7750 -0.4155 -0.4761
vn -0.8007 -0.4058 -0.4407
vn -0.7800 -0.4305 -0.4542
vn -0.7972 -0.4369 -0.4167
vn -0.7822 -0.4906 -0.3842
vn -0.7580 -0.5198 -0.3940
vn -0.7753 -0.4663 -0.4260
vn -0.7812 -0.3979 -0.4811
vn -0.7431 -0.4314 -0.5116
vn -0.8101 -0.3784 -0.4478
vn -0.7429 -0.4375 -0.5067
vn -0.7049 -0.4662 -0.5347
vn -0.7739 -0.4186 -0.4753
vn -0.8341 -0.3919 -0.3882
vn -0.8282 -0.3759 -0.4156
vn -0.8075 -0.4171 -0.4172
vn -0.7959 -0.4114 -0.4442
vn -0.7673 -0.4426 -0.4641
vn -0.7811 -0.4385 -0.4446
vn -0.7462 -0.4554 -0.4856
vn -0.6864 -0.5020 -0.5262
vn -0.7188 -0.4757 -0.5069
vn -0.8327 -0.4127 -0.3693
vn -0.8318 -0.4245 -0.3576
vn -0.8123 -0.4262 -0.3981
vn -0.8168 -0.4293 -0.3854
vn -0.8332 -0.4273 -0.3509
vn -0.8222 -0.4268 -0.3767
vn -0.8070 -0.4286 -0.4063
vn -0.7984 -0.4340 -0.4173
vn -0.7900 -0.4375 -0.4295
vn -0.6971 -0.4925 -0.5211
vn -0.7444 -0.4918 -0.4516
vn -0.7824 -0.4380 -0.4426
vn -0.7306 -0.4541 -0.5098
vn -0.7860 -0.4871 -0.3807
vn -0.8282 -0.4221 -0.3687
vn -0.8164 -0.3950 -0.4213
vn -0.7647 -0.4244 -0.4849
vn -0.8624 -0.3685 -0.3472
vn -0.8251 -0.4746 -0.3067
vn -0.8640 -0.4495 -0.2268
vn -0.9071 -0.3754 -0.1906
vn -0.8696 -0.4027 -0.2857
vn -0.9376 -0.3114 -0.1547
vn -0.9032 -0.3418 -0.2595
vn -0.9289 -0.2913 -0.2284
vn -0.9590 -0.2572 -0.1186
vn -0.8907 -0.3252 -0.3177
vn -0.7981 -0.4014 -0.4494
vn -0.8469 -0.3613 -0.3902
vn -0.6376 -0.5098 -0.5776
vn -0.6396 -0.5161 -0.5696
vn -0.6320 -0.5027 -0.5898
vn -0.6479 -0.4972 -0.5771
vn -0.6512 -0.5201 -0.5527
vn -0.6721 -0.4931 -0.5524
vn -0.6534 -0.4960 -0.5719
vn -0.6804 -0.4749 -0.5582
vn -0.7123 -0.4592 -0.5308
vn -0.7466 -0.4464 -0.4932
vn -0.7013 -0.4884 -0.5193
vn -0.6694 -0.5205 -0.5300
vn -0.7037 -0.4640 -0.5380
vn -0.6687 -0.4910 -0.5584
vn -0.6716 -0.4860 -0.5593
vn -0.6431 -0.5034 -0.5771
vn -0.6708 -0.5505 -0.4970
vn -0.6575 -0.5210 -0.5442
vn -0.6643 -0.5480 -0.5083
vn -0.6412 -0.5244 -0.5602
vn -0.6393 -0.5155 -0.5706
vn -0.6727 -0.5283 -0.5181
vn -0.6301 -0.5067 -0.5884
vn -0.6488 -0.5006 -0.5732
vn -0.6949 -0.5690 -0.4397
vn -0.7183 -0.5720 -0.3960
vn -0.6950 -0.5664 -0.4429
vn -0.7225 -0.5725 -0.3876
vn -0.7717 -0.5343 -0.3451
vn -0.7434 -0.5605 -0.3650
vn -0.7842 -0.5406 -0.3046
vn -0.7510 -0.5647 -0.3421
vn -0.7798 -0.5358 -0.3238
vn -0.8171 -0.5121 -0.2650
vn -0.7460 -0.5438 -0.3844
vn -0.7118 -0.5402 -0.4489
vn -0.8602 0.3734 0.3472
vn -0.8381 0.4305 0.3351
vn -0.8552 0.4586 0.2414
vn -0.8760 0.4036 0.2640
vn -0.8157 0.4780 0.3258
vn -0.8349 0.5035 0.2224
vn -0.8575 0.4905 0.1552
vn -0.8794 0.4396 0.1827
vn -0.8370 0.5311 0.1315
vn -0.7958 0.5138 0.3204
vn -0.8177 0.5368 0.2078
vn -0.8208 0.5602 0.1118
vn -0.8121 0.5828 0.0271
vn -0.8286 0.5578 0.0481
vn -0.8741 0.4754 0.0995
vn -0.8501 0.5216 0.0721
vn -0.8841 0.2334 0.4049
vn -0.8857 0.2507 0.3908
vn -0.9006 0.2757 0.3359
vn -0.9008 0.2534 0.3526
vn -0.8837 0.2789 0.3759
vn -0.8982 0.3076 0.3141
vn -0.9140 0.3044 0.2681
vn -0.9187 0.2730 0.2856
vn -0.9075 0.3425 0.2430
vn -0.8761 0.3194 0.3610
vn -0.8910 0.3500 0.2893
vn -0.8968 0.3876 0.2133
vn -0.8955 0.4256 0.1302
vn -0.9119 0.3781 0.1599
vn -0.9355 0.2903 0.2014
vn -0.9247 0.3329 0.1849
vn -0.7337 0.1624 0.6597
vn -0.7169 0.2013 0.6675
vn -0.7848 0.2088 0.5835
vn -0.7935 0.1758 0.5826
vn -0.6931 0.2412 0.6793
vn -0.7680 0.2461 0.5913
vn -0.8327 0.2189 0.5085
vn -0.8357 0.1937 0.5139
vn -0.8225 0.2517 0.5101
vn -0.6640 0.2817 0.6926
vn -0.6316 0.3223 0.7051
vn -0.7129 0.3346 0.6162
vn -0.7437 0.2880 0.6032
vn -0.7786 0.3438 0.5250
vn -0.8046 0.2932 0.5164
vn -0.8481 0.3020 0.4354
vn -0.8276 0.3550 0.4347
vn -0.8599 0.2615 0.4383
vn -0.8647 0.2134 0.4547
vn -0.8651 0.2325 0.4445
vn -0.6002 0.3601 0.7142
vn -0.6801 0.3804 0.6267
vn -0.5728 0.3904 0.7207
vn -0.6491 0.4181 0.6355
vn -0.7481 0.3959 0.5325
vn -0.7181 0.4393 0.5398
vn -0.5512 0.4119 0.7257
vn -0.6221 0.4454 0.6439
vn -0.6909 0.4714 0.5482
vn -0.7509 0.4930 0.4394
vn -0.7750 0.4578 0.4356
vn -0.8014 0.4110 0.4345
vn -0.8962 0.0861 0.4353
vn -0.9307 0.0853 0.3556
vn -0.9398 0.0235 0.3410
vn -0.9028 0.0302 0.4289
vn -0.9606 0.0746 0.2678
vn -0.9691 0.0077 0.2466
vn -0.9465 -0.0288 0.3214
vn -0.9088 -0.0167 0.4169
vn -0.9741 -0.0492 0.2206
vn -0.9841 0.0554 0.1690
vn -0.9896 -0.0165 0.1431
vn -0.9907 -0.0774 0.1122
vn -0.9838 -0.1744 0.0403
vn -0.9886 -0.1295 0.0775
vn -0.9775 -0.1403 0.1575
vn -0.9768 -0.0980 0.1906
vn -0.9562 -0.1115 0.2706
vn -0.9203 -0.0895 0.3808
vn -0.9145 -0.0562 0.4006
vn -0.9518 -0.0733 0.2977
vn -0.7501 0.0415 0.6600
vn -0.7816 0.0474 0.6220
vn -0.7834 0.0169 0.6213
vn -0.7571 0.0189 0.6530
vn -0.8187 0.0608 0.5710
vn -0.8194 0.0211 0.5728
vn -0.7884 -0.0094 0.6151
vn -0.7666 -0.0016 0.6422
vn -0.8227 -0.0121 0.5684
vn -0.8580 0.0758 0.5080
vn -0.8608 0.0273 0.5082
vn -0.8647 -0.0131 0.5020
vn -0.8755 -0.0751 0.4773
vn -0.8697 -0.0469 0.4913
vn -0.8342 -0.0638 0.5477
vn -0.8279 -0.0401 0.5595
vn -0.8035 -0.0525 0.5929
vn -0.7883 -0.0388 0.6141
vn -0.7773 -0.0207 0.6288
vn -0.7955 -0.0322 0.6051
vn -0.7937 0.1444 0.5909
vn -0.7421 0.1265 0.6583
vn -0.8326 0.1685 0.5276
vn -0.7896 0.1126 0.6032
vn -0.7453 0.0948 0.6599
vn -0.8273 0.1377 0.5446
vn -0.8829 0.2146 0.4177
vn -0.8614 0.1934 0.4696
vn -0.8849 0.1837 0.4280
vn -0.8587 0.1634 0.4857
vn -0.8573 0.1241 0.4996
vn -0.8896 0.1409 0.4344
vn -0.8219 0.1017 0.5604
vn -0.7470 0.0667 0.6614
vn -0.7846 0.0803 0.6148
vn -0.9033 0.2296 0.3624
vn -0.9256 0.2397 0.2928
vn -0.9102 0.1938 0.3661
vn -0.9362 0.1959 0.2917
vn -0.9473 0.2450 0.2064
vn -0.9606 0.1913 0.2018
vn -0.9736 0.1283 0.1890
vn -0.9486 0.1411 0.2831
vn -0.9199 0.1459 0.3639
vn -0.6212 0.1157 0.7750
vn -0.6522 0.1025 0.7511
vn -0.6222 0.1336 0.7714
vn -0.5904 0.1461 0.7937
vn -0.6811 0.0863 0.7271
vn -0.6524 0.1163 0.7489
vn -0.5952 0.1639 0.7867
vn -0.5657 0.1755 0.8057
vn -0.6240 0.1458 0.7677
vn -0.7065 0.0670 0.7046
vn -0.7273 0.0444 0.6849
vn -0.7004 0.0671 0.7105
vn -0.6790 0.0943 0.7280
vn -0.6705 0.0887 0.7365
vn -0.6498 0.1208 0.7504
vn -0.6198 0.1446 0.7713
vn -0.6379 0.1080 0.7625
vn -0.5974 0.1719 0.7833
vn -0.5489 0.2007 0.8114
vn -0.5730 0.1905 0.7971
vn -0.4854 0.1957 0.8521
vn -0.5210 0.1687 0.8367
vn -0.4940 0.1920 0.8480
vn -0.4622 0.2152 0.8603
vn -0.5557 0.1468 0.8183
vn -0.5263 0.1731 0.8325
vn -0.4814 0.2135 0.8501
vn -0.4553 0.2330 0.8593
vn -0.5089 0.1977 0.8378
vn -0.5892 0.1293 0.7976
vn -0.5586 0.1579 0.8143
vn -0.5371 0.1851 0.8230
vn -0.5264 0.2080 0.8244
vn -0.5047 0.2179 0.8353
vn -0.4655 0.2469 0.8499
vn -0.4843 0.2307 0.8439
vn -0.6807 0.1216 0.7224
vn -0.6611 0.1582 0.7334
vn -0.6955 0.0917 0.7127
vn -0.6188 0.1290 0.7749
vn -0.5895 0.1636 0.7910
vn -0.6442 0.1015 0.7581
vn -0.7209 0.0475 0.6914
vn -0.7082 0.0674 0.7028
vn -0.6888 0.0633 0.7222
vn -0.6672 0.0800 0.7406
vn -0.6265 0.1018 0.7728
vn -0.6551 0.0869 0.7506
vn -0.5960 0.1213 0.7938
vn -0.5281 0.1771 0.8305
vn -0.5633 0.1460 0.8133
vn -0.7353 0.0300 0.6771
vn -0.7505 0.0130 0.6607
vn -0.7103 0.0486 0.7022
vn -0.7310 0.0331 0.6816
vn -0.7800 -0.0213 0.6255
vn -0.7657 -0.0040 0.6432
vn -0.7673 -0.0010 0.6413
vn -0.7502 0.0167 0.6610
vn -0.7306 0.0407 0.6816
vn -0.7499 0.0213 0.6612
vn -0.7078 0.0580 0.7040
vn -0.6824 0.0733 0.7273
vn -0.3855 0.2768 0.8802
vn -0.3818 0.2800 0.8808
vn -0.3793 0.2821 0.8812
vn -0.3788 0.2829 0.8812
vn -0.3959 0.2857 0.8728
vn -0.3959 0.2854 0.8728
vn -0.3879 0.2754 0.8796
vn -0.3835 0.2812 0.8797
vn -0.4057 0.2755 0.8715
vn -0.4287 0.2910 0.8553
vn -0.4305 0.2901 0.8547
vn -0.4395 0.2792 0.8537
vn -0.4586 0.2584 0.8502
vn -0.4282 0.2569 0.8664
vn -0.4011 0.2731 0.8744
vn -0.4097 0.2614 0.8740
vn -0.5450 0.3056 0.7808
vn -0.5188 0.3345 0.7867
vn -0.4690 0.2898 0.8343
vn -0.4498 0.3099 0.8377
vn -0.4992 0.3564 0.7898
vn -0.4393 0.3233 0.8382
vn -0.4134 0.2793 0.8666
vn -0.4010 0.2915 0.8685
vn -0.3992 0.2966 0.8676
vn -0.4090 0.2956 0.8633
vn -0.4388 0.3301 0.8357
vn -0.4875 0.3710 0.7904
vn -0.6353 0.1980 0.7464
vn -0.5571 0.2008 0.8058
vn -0.6060 0.2363 0.7595
vn -0.5249 0.2346 0.8182
vn -0.4519 0.2234 0.8636
vn -0.4929 0.2097 0.8444
vn -0.4235 0.2463 0.8718
vn -0.4610 0.2379 0.8549
vn -0.4341 0.2611 0.8622
vn -0.4010 0.2641 0.8772
vn -0.4949 0.2644 0.8277
vn -0.5752 0.2723 0.7714
vn -0.4334 0.2385 0.8691
vn -0.4326 0.2526 0.8655
vn -0.4101 0.2572 0.8750
vn -0.4151 0.2680 0.8694
vn -0.4501 0.2633 0.8533
vn -0.4389 0.2762 0.8550
vn -0.4318 0.2856 0.8556
vn -0.4027 0.2791 0.8717
vn -0.3927 0.2711 0.8788
vn -0.9345 -0.2434 0.2598
vn -0.9333 -0.1979 0.2996
vn -0.9569 -0.2404 0.1630
vn -0.9489 -0.2957 0.1104
vn -0.9301 -0.1577 0.3317
vn -0.9597 -0.1920 0.2054
vn -0.9569 -0.2883 0.0349
vn -0.9354 -0.3528 -0.0220
vn -0.9693 -0.2319 0.0819
vn -0.9257 -0.1218 0.3582
vn -0.9591 -0.1493 0.2405
vn -0.9755 -0.1829 0.1220
vn -0.9755 -0.2199 0.0023
vn -0.9612 -0.2733 -0.0383
vn -0.9037 -0.4067 -0.1342
vn -0.9384 -0.3353 -0.0831
vn -0.9304 -0.3629 0.0506
vn -0.9316 -0.3498 0.0987
vn -0.9114 -0.4002 -0.0965
vn -0.9054 -0.3965 -0.1519
vn -0.9333 -0.3243 0.1544
vn -0.9232 -0.3834 -0.0275
vn -0.8630 -0.4491 -0.2316
vn -0.8584 -0.4266 -0.2849
vn -0.8812 -0.4435 -0.1638
vn -0.9342 -0.2882 0.2101
vn -0.9366 -0.3476 0.0445
vn -0.9073 -0.4105 -0.0909
vn -0.8624 -0.4680 -0.1930
vn -0.8293 -0.4978 -0.2538
vn -0.8138 -0.4577 -0.3581
vn -0.8115 -0.4948 -0.3109
vn -0.8120 -0.2411 0.5315
vn -0.8121 -0.2272 0.5376
vn -0.8303 -0.2408 0.5026
vn -0.8328 -0.2576 0.4899
vn -0.8135 -0.2065 0.5437
vn -0.8290 -0.2186 0.5147
vn -0.8656 -0.2659 0.4244
vn -0.8695 -0.2857 0.4029
vn -0.8620 -0.2409 0.4459
vn -0.8152 -0.1792 0.5508
vn -0.8158 -0.1457 0.5597
vn -0.8270 -0.1587 0.5393
vn -0.8282 -0.1911 0.5269
vn -0.8559 -0.1772 0.4858
vn -0.8589 -0.2113 0.4665
vn -0.8996 -0.2427 0.3630
vn -0.8960 -0.2044 0.3942
vn -0.9035 -0.2758 0.3282
vn -0.9104 -0.3231 0.2584
vn -0.9071 -0.3030 0.2922
vn -0.8131 -0.1118 0.5712
vn -0.8238 -0.1260 0.5527
vn -0.8070 -0.0829 0.5846
vn -0.8184 -0.0977 0.5663
vn -0.8520 -0.1433 0.5036
vn -0.8467 -0.1134 0.5198
vn -0.7985 -0.0587 0.5991
vn -0.8114 -0.0733 0.5799
vn -0.8407 -0.0871 0.5345
vn -0.8814 -0.1022 0.4612
vn -0.8870 -0.1324 0.4424
vn -0.8920 -0.1662 0.4204
vn -0.8732 -0.4864 -0.0304
vn -0.8522 -0.4784 -0.2117
vn -0.8172 -0.5352 -0.2137
vn -0.8381 -0.5437 -0.0438
vn -0.8233 -0.4562 -0.3377
vn -0.7920 -0.5107 -0.3346
vn -0.7787 -0.5900 -0.2135
vn -0.7980 -0.6001 -0.0561
vn -0.7586 -0.5631 -0.3277
vn -0.7973 -0.4349 -0.4186
vn -0.7706 -0.4835 -0.4153
vn -0.7437 -0.5310 -0.4060
vn -0.7178 -0.5763 -0.3908
vn -0.7246 -0.6121 -0.3165
vn -0.7539 -0.6537 -0.0652
vn -0.7381 -0.6412 -0.2101
vn -0.8075 -0.3265 0.4913
vn -0.8284 -0.3684 0.4219
vn -0.8172 -0.4182 0.3966
vn -0.7995 -0.3687 0.4741
vn -0.8522 -0.4181 0.3148
vn -0.8333 -0.4731 0.2860
vn -0.7967 -0.4783 0.3694
vn -0.7825 -0.4247 0.4553
vn -0.8056 -0.5341 0.2563
vn -0.8713 -0.4629 0.1633
vn -0.8429 -0.5201 0.1382
vn -0.8072 -0.5792 0.1134
vn -0.7648 -0.6377 0.0917
vn -0.7683 -0.5979 0.2286
vn -0.7535 -0.4917 0.4365
vn -0.7646 -0.5456 0.3431
vn -0.8353 -0.2746 0.4764
vn -0.8127 -0.2538 0.5245
vn -0.8717 -0.3064 0.3824
vn -0.8358 -0.2981 0.4610
vn -0.8124 -0.2717 0.5159
vn -0.8701 -0.3348 0.3617
vn -0.9268 -0.3751 0.0178
vn -0.9103 -0.3436 0.2308
vn -0.9169 -0.3990 -0.0039
vn -0.9043 -0.3732 0.2072
vn -0.8917 -0.4128 0.1855
vn -0.8998 -0.4360 -0.0185
vn -0.8640 -0.3718 0.3396
vn -0.8109 -0.2956 0.5051
vn -0.8338 -0.3291 0.4432
vn -0.9018 -0.3905 -0.1850
vn -0.8600 -0.4004 -0.3164
vn -0.8933 -0.4013 -0.2025
vn -0.8562 -0.3954 -0.3326
vn -0.8227 -0.4143 -0.3892
vn -0.8236 -0.3946 -0.4075
vn -0.8161 -0.4007 -0.4165
vn -0.8453 -0.4136 -0.3383
vn -0.8780 -0.4304 -0.2097
vn -0.7168 -0.2668 0.6442
vn -0.7041 -0.2898 0.6482
vn -0.6682 -0.2897 0.6852
vn -0.6840 -0.2644 0.6799
vn -0.6802 -0.3298 0.6547
vn -0.6406 -0.3314 0.6927
vn -0.6103 -0.2908 0.7368
vn -0.6296 -0.2642 0.7307
vn -0.5819 -0.3320 0.7424
vn -0.6416 -0.3840 0.6640
vn -0.5977 -0.3860 0.7027
vn -0.5398 -0.3864 0.7479
vn -0.4653 -0.3836 0.7977
vn -0.5007 -0.3331 0.7990
vn -0.5496 -0.2708 0.7903
vn -0.5271 -0.2960 0.7966
vn -0.7331 -0.2302 0.6399
vn -0.7309 -0.2356 0.6405
vn -0.7000 -0.2310 0.6757
vn -0.7017 -0.2266 0.6755
vn -0.7279 -0.2434 0.6411
vn -0.6972 -0.2385 0.6760
vn -0.6577 -0.2282 0.7179
vn -0.6621 -0.2241 0.7151
vn -0.6512 -0.2358 0.7213
vn -0.7235 -0.2537 0.6421
vn -0.6923 -0.2494 0.6771
vn -0.6422 -0.2475 0.7255
vn -0.5695 -0.2535 0.7820
vn -0.5869 -0.2411 0.7729
vn -0.6127 -0.2263 0.7572
vn -0.6015 -0.2323 0.7643
vn -0.7967 -0.2439 0.5529
vn -0.7985 -0.2341 0.5546
vn -0.7944 -0.2574 0.5502
vn -0.7777 -0.2393 0.5813
vn -0.7809 -0.2316 0.5802
vn -0.7740 -0.2497 0.5819
vn -0.7871 -0.2986 0.5397
vn -0.7913 -0.2754 0.5459
vn -0.7646 -0.2806 0.5802
vn -0.7697 -0.2633 0.5816
vn -0.7469 -0.2569 0.6133
vn -0.7409 -0.2706 0.6147
vn -0.7517 -0.2459 0.6119
vn -0.7592 -0.2311 0.6085
vn -0.7557 -0.2374 0.6103
vn -0.7792 -0.3329 0.5311
vn -0.7625 -0.3830 0.5215
vn -0.7557 -0.3085 0.5778
vn -0.7377 -0.3532 0.5753
vn -0.7336 -0.4466 0.5122
vn -0.7074 -0.4129 0.5737
vn -0.6764 -0.3919 0.6236
vn -0.7100 -0.3356 0.6191
vn -0.7303 -0.2945 0.6164
vn -0.7564 -0.1095 0.6449
vn -0.7241 -0.1033 0.6819
vn -0.7266 -0.0500 0.6853
vn -0.7574 -0.0594 0.6503
vn -0.6882 -0.0985 0.7188
vn -0.6923 -0.0427 0.7204
vn -0.7236 -0.0043 0.6902
vn -0.7526 -0.0175 0.6582
vn -0.6911 0.0067 0.7228
vn -0.6475 -0.0948 0.7562
vn -0.6533 -0.0369 0.7562
vn -0.6542 0.0161 0.7562
vn -0.6493 0.0643 0.7578
vn -0.6841 0.0504 0.7277
vn -0.7425 0.0169 0.6696
vn -0.7150 0.0345 0.6982
vn -0.8115 -0.1351 0.5686
vn -0.8093 -0.0979 0.5791
vn -0.8007 -0.1256 0.5858
vn -0.7993 -0.0842 0.5950
vn -0.8027 -0.0668 0.5927
vn -0.7926 -0.0499 0.6077
vn -0.7826 -0.1171 0.6113
vn -0.7823 -0.0711 0.6188
vn -0.7762 -0.0331 0.6296
vn -0.7652 -0.0025 0.6438
vn -0.7817 -0.0223 0.6233
vn -0.7926 -0.0414 0.6084
vn -0.8012 -0.2216 0.5559
vn -0.7852 -0.2198 0.5789
vn -0.8053 -0.2007 0.5579
vn -0.7912 -0.1979 0.5787
vn -0.7372 -0.2190 0.6393
vn -0.7641 -0.2196 0.6066
vn -0.7436 -0.1948 0.6396
vn -0.7709 -0.1964 0.6059
vn -0.7778 -0.1621 0.6073
vn -0.7507 -0.1582 0.6414
vn -0.7970 -0.1664 0.5807
vn -0.8092 -0.1718 0.5618
vn -0.7048 -0.2162 0.6756
vn -0.6667 -0.2139 0.7140
vn -0.7107 -0.1918 0.6768
vn -0.6733 -0.1892 0.7147
vn -0.6214 -0.2141 0.7536
vn -0.6302 -0.1880 0.7533
vn -0.6391 -0.1482 0.7547
vn -0.6810 -0.1507 0.7166
vn -0.7178 -0.1541 0.6790
vn -0.4264 -0.2478 0.8700
vn -0.4720 -0.2850 0.8342
vn -0.3935 -0.1943 0.8986
vn -0.4449 -0.2250 0.8669
vn -0.5264 -0.4437 0.7253
vn -0.5121 -0.3439 0.7871
vn -0.4852 -0.3998 0.7776
vn -0.4814 -0.2863 0.8284
vn -0.3427 -0.3161 0.8847
vn -0.3059 -0.2419 0.9208
vn -0.4186 -0.2471 0.8739
vn -0.4151 -0.3555 0.8374
vn -0.2609 -0.1597 0.9521
vn -0.3854 -0.1795 0.9051
vn -0.2152 -0.1068 0.9707
vn -0.3339 -0.1435 0.9316
vn -0.2695 -0.3643 0.8914
vn -0.3887 -0.2443 0.8884
vn -0.3070 -0.1547 0.9391
vn -0.1664 -0.2373 0.9571
vn -0.4745 -0.1363 0.8696
vn -0.4095 -0.0831 0.9085
vn -0.2495 -0.0906 0.9641
vn -0.0980 -0.1385 0.9855
vn -0.3610 -0.0525 0.9311
vn -0.5336 -0.0450 0.8446
vn -0.4671 -0.0308 0.8837
vn -0.4308 -0.0238 0.9021
vn -0.4094 -0.0827 0.9086
vn -0.4161 -0.0421 0.9083
vn -0.3343 -0.0741 0.9395
vn -0.3414 -0.0475 0.9387
vn -0.2086 -0.0596 0.9762
vn -0.0420 -0.0410 0.9983
vn -0.0579 -0.0726 0.9957
vn -0.2202 -0.0568 0.9738
vn -0.2082 0.0543 0.9766
vn -0.2856 -0.0719 0.9557
vn -0.3258 -0.0713 0.9427
vn -0.2815 0.0714 0.9569
vn -0.3373 -0.1638 0.9270
vn -0.3507 -0.1760 0.9198
vn -0.3589 -0.0816 0.9298
vn -0.3425 0.0689 0.9370
vn -0.3643 -0.1908 0.9115
vn -0.3714 -0.2317 0.8991
vn -0.3632 -0.2600 0.8947
vn -0.3638 -0.2751 0.8899
vn -0.3979 -0.2858 0.8717
vn -0.3763 -0.2822 0.8825
vn -0.4017 -0.2152 0.8901
vn -0.3803 -0.2039 0.9021
vn -0.4126 -0.1207 0.9029
vn -0.4329 0.0175 0.9013
vn -0.3923 0.0495 0.9185
vn -0.3867 -0.0994 0.9168
vn -0.4235 -0.2894 0.8584
vn -0.4479 -0.2928 0.8448
vn -0.4263 -0.2255 0.8760
vn -0.4515 -0.2345 0.8609
vn -0.5041 -0.3147 0.8043
vn -0.4729 -0.2993 0.8287
vn -0.5186 -0.2635 0.8134
vn -0.4803 -0.2460 0.8419
vn -0.5777 -0.1223 0.8070
vn -0.5357 -0.0915 0.8394
vn -0.4971 -0.1827 0.8482
vn -0.5370 -0.2042 0.8185
vn -0.5010 -0.0586 0.8634
vn -0.4661 -0.1628 0.8696
vn -0.4682 -0.0214 0.8834
vn -0.4388 -0.1426 0.8872
vn -0.7553 -0.2841 0.5906
vn -0.7001 -0.3034 0.6463
vn -0.6929 -0.3268 0.6428
vn -0.7461 -0.3336 0.5762
vn -0.6519 -0.3139 0.6903
vn -0.6450 -0.3169 0.6954
vn -0.6660 -0.3460 0.6608
vn -0.7129 -0.3764 0.5916
vn -0.6255 -0.3175 0.7127
vn -0.6080 -0.3189 0.7271
vn -0.6015 -0.3070 0.7376
vn -0.5876 -0.2952 0.7533
vn -0.5839 -0.2477 0.7731
vn -0.5756 -0.2774 0.7692
vn -0.5941 -0.2866 0.7516
vn -0.6030 -0.3092 0.7354
vn -0.6072 -0.3411 0.7176
vn -0.6335 -0.4117 0.6551
vn -0.6694 -0.4042 0.6233
vn -0.6312 -0.3528 0.6907
vn -0.6202 -0.0867 0.7797
vn -0.6333 -0.1127 0.7657
vn -0.6001 -0.0724 0.7966
vn -0.6060 -0.1652 0.7781
vn -0.6182 -0.1665 0.7682
vn -0.5791 -0.1768 0.7958
vn -0.5730 -0.0633 0.8171
vn -0.5349 -0.1764 0.8263
vn -0.3816 -0.4583 0.8027
vn -0.4724 -0.3117 0.8244
vn -0.4723 -0.4830 0.7373
vn -0.5383 -0.3212 0.7791
vn -0.5393 -0.4629 0.7035
vn -0.5772 -0.4288 0.6950
vn -0.6019 -0.2731 0.7504
vn -0.5825 -0.2966 0.7568
vn -0.6020 -0.3282 0.7279
vn -0.6397 -0.3078 0.7043
vn -0.5836 -0.3302 0.7419
vn -0.6109 -0.2960 0.7343
vn -0.7325 -0.2347 0.6390
vn -0.6806 -0.2782 0.6778
vn -0.6868 -0.1904 0.7015
vn -0.6406 -0.2512 0.7256
vn -0.5885 -0.2263 0.7762
vn -0.6310 -0.1534 0.7605
vn -0.5670 -0.2813 0.7742
vn -0.5513 -0.3238 0.7689
vn -0.6353 -0.1495 0.7577
vn -0.6186 -0.1903 0.7623
vn -0.6251 -0.1859 0.7581
vn -0.6115 -0.2226 0.7593
vn -0.5931 -0.4088 0.6936
vn -0.6044 -0.2760 0.7473
vn -0.6029 -0.4040 0.6880
vn -0.6023 -0.2948 0.7419
vn -0.6013 -0.3184 0.7329
vn -0.6140 -0.4077 0.6758
vn -0.6014 -0.2551 0.7571
vn -0.6075 -0.2181 0.7638
vn -0.2062 -0.0747 0.9756
vn -0.0516 -0.0233 0.9984
vn -0.3231 -0.1099 0.9399
vn -0.2179 -0.0782 0.9728
vn -0.0846 0.0007 0.9964
vn -0.3181 -0.1340 0.9385
vn -0.3953 -0.1297 0.9094
vn -0.3822 -0.1682 0.9086
vn -0.3739 -0.1989 0.9059
vn -0.3249 -0.1517 0.9335
vn -0.1375 0.0271 0.9901
vn -0.2460 -0.0766 0.9662
vn -0.0551 -0.2988 0.9527
vn -0.1774 -0.4447 0.8779
vn 0.0204 -0.1770 0.9840
vn -0.0499 -0.3092 0.9497
vn -0.1764 -0.4503 0.8753
vn 0.0239 -0.1854 0.9824
vn 0.0739 -0.0291 0.9968
vn 0.0595 -0.0870 0.9944
vn 0.0717 -0.0343 0.9968
vn 0.0558 -0.0929 0.9941
vn -0.0527 -0.0949 0.9941
vn -0.0261 -0.0572 0.9980
vn -0.0867 -0.1714 0.9814
vn -0.2531 -0.3930 0.8840
vn -0.1513 -0.2792 0.9483
vn 0.0640 0.0179 0.9978
vn 0.0276 0.0716 0.9971
vn 0.0751 0.0189 0.9970
vn 0.0566 0.0896 0.9944
vn -0.1280 0.1777 0.9757
vn -0.0369 0.1256 0.9914
vn -0.0898 0.2347 0.9679
vn 0.0015 0.1652 0.9863
vn -0.0343 0.1358 0.9901
vn -0.1051 0.2110 0.9718
vn -0.0041 0.0489 0.9988
vn -0.0065 -0.0201 0.9998
vn -0.2261 0.2171 0.9496
vn -0.3133 0.2297 0.9215
vn -0.1938 0.2903 0.9371
vn -0.2944 0.3134 0.9028
vn -0.4534 0.1825 0.8724
vn -0.3890 0.2164 0.8954
vn -0.4643 0.2824 0.8394
vn -0.3850 0.3065 0.8705
vn -0.3917 0.2711 0.8793
vn -0.4659 0.2616 0.8453
vn -0.3029 0.2766 0.9120
vn -0.2004 0.2616 0.9441
vn -0.5083 0.1330 0.8508
vn -0.5550 0.0796 0.8280
vn -0.5357 0.2445 0.8082
vn -0.5995 0.1956 0.7761
vn -0.6412 -0.0185 0.7672
vn -0.5971 0.0281 0.8017
vn -0.6982 0.0761 0.7119
vn -0.6531 0.1354 0.7450
vn -0.6797 0.1889 0.7088
vn -0.7276 0.1293 0.6737
vn -0.6109 0.2292 0.7578
vn -0.5372 0.2499 0.8055
vn -0.6944 -0.0630 0.7168
vn -0.7480 -0.1172 0.6533
vn -0.7477 0.0181 0.6638
vn -0.7916 -0.0585 0.6083
vn -0.8046 -0.2600 0.5338
vn -0.7883 -0.1839 0.5872
vn -0.8215 -0.2467 0.5141
vn -0.8169 -0.1494 0.5571
vn -0.7969 -0.1541 0.5841
vn -0.7905 -0.2559 0.5565
vn -0.7918 -0.0470 0.6090
vn -0.7685 0.0570 0.6374
vn -0.7909 -0.3351 0.5120
vn -0.7552 -0.3997 0.5195
vn -0.8045 -0.3371 0.4891
vn -0.7723 -0.4130 0.4827
vn -0.6652 -0.4768 0.5746
vn -0.7084 -0.4482 0.5453
vn -0.6841 -0.5165 0.5150
vn -0.7285 -0.4747 0.4940
vn -0.7243 -0.4834 0.4916
vn -0.6862 -0.5305 0.4977
vn -0.7551 -0.4182 0.5049
vn -0.7760 -0.3441 0.5285
vn -0.6345 -0.4945 0.5940
vn -0.6088 -0.5115 0.6064
vn -0.6470 -0.5466 0.5316
vn -0.6101 -0.5711 0.5492
vn -0.5487 -0.5555 0.6248
vn -0.5818 -0.5315 0.6156
vn -0.5368 -0.5973 0.5959
vn -0.5733 -0.5873 0.5713
vn -0.5664 -0.5804 0.5851
vn -0.5386 -0.5692 0.6212
vn -0.6038 -0.5794 0.5475
vn -0.6470 -0.5623 0.5150
vn -0.4967 -0.5795 0.6461
vn -0.4167 -0.5870 0.6942
vn -0.4881 -0.6037 0.6304
vn -0.4115 -0.5997 0.6864
vn -0.3103 -0.5514 0.7743
vn -0.3071 -0.5579 0.7710
vn -0.3587 -0.4841 0.7981
vn -0.4470 -0.5312 0.7198
vn -0.5066 -0.5523 0.6620
vn 0.3662 0.0104 0.9305
vn 0.4475 -0.0787 0.8908
vn 0.4352 -0.0745 0.8972
vn 0.3427 -0.0052 0.9394
vn 0.5055 -0.1577 0.8483
vn 0.5052 -0.1329 0.8527
vn 0.4203 -0.0610 0.9053
vn 0.3173 -0.0129 0.9482
vn 0.4991 -0.0993 0.8608
vn 0.5499 -0.2358 0.8012
vn 0.5641 -0.1818 0.8055
vn 0.5680 -0.1313 0.8125
vn 0.5564 -0.0130 0.8308
vn 0.5650 -0.0746 0.8217
vn 0.4868 -0.0102 0.8734
vn 0.4928 -0.0589 0.8681
vn 0.4032 -0.0129 0.9150
vn 0.2889 -0.0193 0.9572
vn 0.2959 -0.0179 0.9550
vn 0.4084 -0.0414 0.9119
vn 0.5410 0.0474 0.8397
vn 0.5240 0.1020 0.8456
vn 0.4817 0.0378 0.8755
vn 0.4785 0.0792 0.8745
vn 0.4861 0.1966 0.8515
vn 0.5066 0.1490 0.8492
vn 0.4560 0.1513 0.8770
vn 0.4736 0.1177 0.8728
vn 0.3403 0.0292 0.9399
vn 0.3450 0.0119 0.9385
vn 0.4240 0.0736 0.9026
vn 0.4114 0.1002 0.9060
vn 0.3303 -0.0049 0.9439
vn 0.4200 0.0449 0.9064
vn 0.3062 -0.0153 0.9518
vn 0.4098 0.0175 0.9120
vn 0.4342 -0.0024 0.9008
vn 0.3753 0.0577 0.9251
vn 0.3507 0.0253 0.9361
vn 0.4204 -0.0254 0.9070
vn 0.3297 0.1024 0.9385
vn 0.2942 0.0608 0.9538
vn 0.3420 -0.0060 0.9397
vn 0.4247 -0.0439 0.9043
vn 0.2740 0.0184 0.9616
vn 0.2893 0.1429 0.9465
vn 0.2400 0.0851 0.9670
vn 0.2100 0.0325 0.9772
vn 0.1720 -0.0732 0.9824
vn 0.1891 -0.0200 0.9818
vn 0.2501 -0.0648 0.9661
vn 0.2616 -0.0227 0.9649
vn 0.3381 -0.0580 0.9393
vn 0.4457 -0.0536 0.8936
vn 0.4382 -0.0528 0.8973
vn 0.3413 -0.0327 0.9394
vn 0.3226 -0.0792 0.9432
vn 0.4309 -0.0483 0.9011
vn 0.2356 -0.1042 0.9662
vn 0.2997 -0.0938 0.9494
vn 0.4018 -0.0401 0.9148
vn 0.2193 -0.1375 0.9659
vn 0.1585 -0.1245 0.9795
vn 0.1478 -0.1722 0.9739
vn 0.1481 -0.2611 0.9539
vn 0.1425 -0.2151 0.9661
vn 0.1992 -0.1917 0.9610
vn 0.2039 -0.1673 0.9646
vn 0.2613 -0.1161 0.9582
vn 0.3454 -0.0240 0.9382
vn 0.3697 -0.0330 0.9286
vn 0.2757 -0.1068 0.9553
vn 0.3323 -0.3731 0.8663
vn 0.2725 -0.3616 0.8916
vn 0.3456 -0.2364 0.9081
vn 0.2887 -0.2345 0.9283
vn 0.2211 -0.3365 0.9154
vn 0.2452 -0.2250 0.9430
vn 0.3569 -0.0841 0.9303
vn 0.3648 0.0783 0.9278
vn 0.3507 0.0547 0.9349
vn 0.3150 -0.0959 0.9442
vn 0.3424 0.0232 0.9393
vn 0.2862 -0.1073 0.9521
vn 0.2667 -0.1152 0.9569
vn 0.3386 -0.0044 0.9409
vn 0.2138 -0.2104 0.9539
vn 0.1792 -0.3024 0.9362
vn 0.3790 0.0361 0.9247
vn 0.4462 -0.0751 0.8918
vn 0.3822 0.0604 0.9221
vn 0.4296 -0.0745 0.8999
vn 0.4901 -0.1802 0.8529
vn 0.4551 -0.2051 0.8665
vn 0.3782 0.0773 0.9225
vn 0.4002 -0.0778 0.9131
vn 0.4058 -0.2257 0.8856
vn 0.3965 -0.3622 0.8436
vn 0.4577 -0.3328 0.8245
vn 0.5103 -0.2887 0.8101
vn 0.4120 0.2287 0.8820
vn 0.4168 0.2385 0.8772
vn 0.4067 0.1416 0.9025
vn 0.4047 0.1538 0.9014
vn 0.4289 0.2437 0.8699
vn 0.4114 0.1672 0.8960
vn 0.4020 0.0519 0.9142
vn 0.4000 -0.0542 0.9149
vn 0.3571 -0.0376 0.9333
vn 0.3844 0.0669 0.9207
vn 0.3302 -0.0031 0.9439
vn 0.3781 0.0911 0.9213
vn 0.3885 0.1072 0.9152
vn 0.3260 0.0256 0.9450
vn 0.4298 0.1694 0.8869
vn 0.4529 0.2340 0.8603
vn 0.4530 0.0030 0.8915
vn 0.4041 0.0730 0.9118
vn 0.4551 -0.0143 0.8903
vn 0.4183 0.0679 0.9058
vn 0.3681 0.1293 0.9208
vn 0.3937 0.1370 0.9090
vn 0.4376 -0.0398 0.8983
vn 0.4168 0.0562 0.9072
vn 0.4061 0.1379 0.9033
vn 0.4029 0.2191 0.8886
vn 0.3803 0.2073 0.9013
vn 0.3437 0.1862 0.9204
vn 0.3433 0.2328 0.9099
vn 0.3657 0.2395 0.8994
vn 0.3172 0.2017 0.9267
vn 0.3103 0.3448 0.8859
vn 0.3620 0.3525 0.8630
vn 0.2542 0.3129 0.9152
vn 0.2631 0.1120 0.9582
vn 0.2915 0.1571 0.9436
vn 0.1616 0.2024 0.9659
vn 0.2038 0.2592 0.9441
vn 0.1514 0.3109 0.9383
vn 0.0969 0.2561 0.9618
vn 0.2279 0.3500 0.9086
vn 0.3623 0.3722 0.8545
vn 0.3022 0.3680 0.8794
vn 0.2250 0.0782 0.9712
vn 0.1855 0.0476 0.9815
vn 0.1122 0.1555 0.9814
vn 0.0655 0.1027 0.9926
vn 0.1441 -0.0244 0.9893
vn 0.1545 0.0132 0.9879
vn 0.0226 -0.0258 0.9994
vn 0.0343 0.0415 0.9985
vn -0.0077 0.0543 0.9985
vn -0.0182 -0.0222 0.9996
vn 0.0111 0.1293 0.9915
vn 0.0453 0.2013 0.9785
vn 0.1648 -0.0544 0.9848
vn 0.1985 -0.0691 0.9777
vn 0.0359 -0.0856 0.9957
vn 0.0650 -0.1280 0.9896
vn 0.2399 -0.0689 0.9684
vn 0.2282 -0.0710 0.9710
vn 0.1294 -0.1704 0.9768
vn 0.1023 -0.1543 0.9827
vn 0.0071 -0.2081 0.9781
vn 0.0433 -0.2424 0.9692
vn -0.0146 -0.1553 0.9878
vn -0.0213 -0.0938 0.9954
vn 0.2435 -0.0887 0.9658
vn 0.2718 -0.1321 0.9532
vn 0.1540 -0.2076 0.9660
vn 0.2133 -0.2619 0.9412
vn 0.4015 -0.1879 0.8964
vn 0.3279 -0.1734 0.9287
vn 0.4024 -0.3130 0.8603
vn 0.3013 -0.3021 0.9044
vn 0.2887 -0.3542 0.8895
vn 0.4006 -0.3615 0.8419
vn 0.1807 -0.3296 0.9267
vn 0.0901 -0.2883 0.9533
vn 0.4656 -0.1649 0.8695
vn 0.5028 -0.1268 0.8550
vn 0.4894 -0.2906 0.8222
vn 0.5477 -0.2513 0.7980
vn 0.5102 -0.0863 0.8557
vn 0.5159 -0.0947 0.8514
vn 0.5900 -0.1848 0.7859
vn 0.5804 -0.2084 0.7872
vn 0.6220 -0.3044 0.7214
vn 0.6498 -0.2686 0.7111
vn 0.5678 -0.3350 0.7519
vn 0.4960 -0.3537 0.7930
vn 0.5115 -0.0962 0.8539
vn 0.5317 -0.0971 0.8413
vn 0.6065 -0.1780 0.7749
vn 0.6379 -0.1538 0.7546
vn 0.5724 -0.0531 0.8182
vn 0.5574 -0.0823 0.8261
vn 0.6776 -0.0538 0.7335
vn 0.6647 -0.1105 0.7389
vn 0.7129 -0.1182 0.6912
vn 0.7139 -0.0493 0.6985
vn 0.7014 -0.1835 0.6887
vn 0.6778 -0.2395 0.6952
vn 0.5611 -0.0163 0.8276
vn 0.5294 0.0211 0.8481
vn 0.6690 0.0100 0.7432
vn 0.6403 0.0758 0.7644
vn 0.4473 0.0871 0.8901
vn 0.4871 0.0547 0.8716
vn 0.5388 0.1910 0.8205
vn 0.5921 0.1375 0.7941
vn 0.6468 0.1882 0.7391
vn 0.5905 0.2544 0.7659
vn 0.6859 0.1044 0.7202
vn 0.7057 0.0237 0.7081
vn 0.4227 0.1280 0.8972
vn 0.4047 0.1730 0.8979
vn 0.4966 0.2485 0.8316
vn 0.4541 0.3006 0.8387
vn 0.3856 0.2142 0.8975
vn 0.4086 0.3357 0.8487
vn 0.4156 0.3680 0.8318
vn 0.4743 0.3521 0.8069
vn 0.5370 0.3147 0.7827
vn -0.2817 -0.4361 -0.8547
vn -0.2684 -0.4933 -0.8274
vn -0.2883 -0.3772 -0.8801
vn -0.1667 -0.4469 -0.8789
vn -0.1597 -0.4885 -0.8578
vn -0.1770 -0.4057 -0.8967
vn -0.2460 -0.2607 -0.9336
vn -0.2803 -0.3177 -0.9058
vn -0.1643 -0.3280 -0.9303
vn -0.1799 -0.3637 -0.9140
vn 0.0505 -0.5102 -0.8586
vn 0.0717 -0.5046 -0.8604
vn -0.0661 -0.4277 -0.9015
vn -0.0691 -0.4102 -0.9094
vn 0.1120 -0.4968 -0.8606
vn -0.0444 -0.4469 -0.8935
vn 0.1583 -0.4760 -0.8651
vn 0.1794 -0.4434 -0.8782
vn -0.0090 -0.4725 -0.8813
vn -0.0188 -0.4604 -0.8875
vn -0.1045 -0.4338 -0.8949
vn -0.0471 -0.4394 -0.8970
vn -0.0369 -0.4610 -0.8866
vn -0.0937 -0.4534 -0.8864
vn 0.0133 -0.4416 -0.8971
vn 0.0247 -0.4693 -0.8827
vn -0.0250 -0.4983 -0.8667
vn -0.0860 -0.4893 -0.8679
vn 0.0404 -0.5094 -0.8596
vn 0.0887 -0.4402 -0.8935
vn 0.2011 -0.4311 -0.8796
vn 0.2152 -0.4893 -0.8451
vn 0.1024 -0.4790 -0.8718
vn 0.2329 -0.5455 -0.8051
vn 0.1215 -0.5241 -0.8430
vn 0.2587 -0.6550 -0.7100
vn 0.1829 -0.6558 -0.7324
vn 0.1463 -0.5827 -0.7994
vn 0.2488 -0.6042 -0.7570
vn 0.0939 -0.6530 -0.7515
vn 0.0611 -0.5679 -0.8208
vn 0.0066 -0.6469 -0.7625
vn -0.0834 -0.6390 -0.7646
vn -0.0820 -0.5472 -0.8329
vn -0.0111 -0.5567 -0.8306
vn -0.2219 -0.5273 -0.8202
vn -0.2263 -0.5486 -0.8049
vn -0.1974 -0.4862 -0.8513
vn -0.1923 -0.5149 -0.8354
vn -0.2325 -0.5872 -0.7753
vn -0.2291 -0.5702 -0.7889
vn -0.1928 -0.5642 -0.8028
vn -0.1919 -0.5453 -0.8160
vn -0.0377 -0.4211 -0.9062
vn -0.0566 -0.3940 -0.9174
vn -0.1366 -0.4953 -0.8579
vn -0.1332 -0.5175 -0.8452
vn -0.0837 -0.3505 -0.9328
vn -0.1460 -0.4582 -0.8768
vn -0.1303 -0.3099 -0.9418
vn -0.1674 -0.4227 -0.8907
vn 0.2005 -0.1154 -0.9729
vn 0.2001 -0.1991 -0.9593
vn 0.0997 -0.2574 -0.9612
vn 0.1262 -0.1362 -0.9826
vn 0.1983 -0.2895 -0.9364
vn 0.0884 -0.3410 -0.9359
vn 0.0147 -0.2872 -0.9578
vn 0.0359 -0.1557 -0.9872
vn 0.0085 -0.3650 -0.9310
vn 0.1972 -0.3658 -0.9095
vn 0.0855 -0.3979 -0.9134
vn 0.0088 -0.4122 -0.9110
vn -0.1182 -0.4129 -0.9031
vn -0.0546 -0.4168 -0.9074
vn -0.1348 -0.3711 -0.9188
vn -0.0606 -0.3740 -0.9255
vn -0.1553 -0.2969 -0.9422
vn -0.1784 -0.1656 -0.9699
vn -0.0604 -0.1667 -0.9842
vn -0.0641 -0.2990 -0.9521
vn -0.1690 -0.4216 -0.8909
vn -0.1914 -0.3963 -0.8979
vn -0.2453 -0.4008 -0.8827
vn -0.2760 -0.3656 -0.8889
vn -0.2214 -0.3495 -0.9104
vn -0.3154 -0.3115 -0.8964
vn -0.3379 -0.3693 -0.8657
vn -0.4529 -0.3271 -0.8294
vn -0.4819 -0.2575 -0.8375
vn -0.3730 -0.3191 -0.8712
vn -0.5167 -0.1840 -0.8361
vn -0.4165 -0.2578 -0.8718
vn -0.5772 -0.0375 -0.8158
vn -0.5134 -0.0697 -0.8553
vn -0.4629 -0.1751 -0.8689
vn -0.5510 -0.1070 -0.8276
vn -0.4217 -0.1082 -0.9003
vn -0.3616 -0.2290 -0.9037
vn -0.3098 -0.1432 -0.9400
vn -0.2603 -0.2712 -0.9267
vn 0.0364 -0.2170 -0.9755
vn -0.0155 -0.2311 -0.9728
vn 0.0812 -0.1968 -0.9771
vn 0.0014 -0.3172 -0.9484
vn -0.0271 -0.3430 -0.9389
vn 0.0297 -0.2791 -0.9598
vn 0.1421 -0.1572 -0.9773
vn 0.1162 -0.1752 -0.9776
vn 0.0691 -0.2292 -0.9709
vn 0.0579 -0.2428 -0.9683
vn -0.1526 -0.4103 -0.8991
vn -0.1447 -0.4564 -0.8779
vn -0.0277 -0.3365 -0.9413
vn -0.0226 -0.3112 -0.9501
vn -0.1388 -0.5243 -0.8402
vn -0.0430 -0.3884 -0.9205
vn -0.1151 -0.5977 -0.7934
vn -0.0655 -0.6439 -0.7623
vn -0.0445 -0.4883 -0.8715
vn -0.0496 -0.4482 -0.8925
vn -0.4155 -0.5606 -0.7163
vn -0.4206 -0.5085 -0.7514
vn -0.3214 -0.5179 -0.7928
vn -0.3480 -0.5876 -0.7305
vn -0.4265 -0.4463 -0.7867
vn -0.3131 -0.4599 -0.8309
vn -0.2323 -0.5296 -0.8158
vn -0.2607 -0.6129 -0.7459
vn -0.2235 -0.4718 -0.8529
vn -0.4359 -0.3872 -0.8125
vn -0.3194 -0.4124 -0.8532
vn -0.2286 -0.4312 -0.8728
vn -0.1554 -0.4443 -0.8823
vn -0.1503 -0.4817 -0.8633
vn -0.1730 -0.6292 -0.7578
vn -0.1548 -0.5398 -0.8274
vn 0.1201 -0.1798 -0.9764
vn 0.0760 -0.2092 -0.9749
vn 0.0456 -0.2408 -0.9695
vn 0.0008 -0.2610 -0.9653
vn -0.0264 -0.3025 -0.9528
vn 0.0242 -0.2486 -0.9683
vn -0.0829 -0.3210 -0.9434
vn -0.0451 -0.2853 -0.9574
vn -0.2763 -0.3213 -0.9058
vn -0.2637 -0.3407 -0.9024
vn -0.1357 -0.3164 -0.9389
vn -0.1603 -0.3279 -0.9310
vn -0.2268 -0.3639 -0.9034
vn -0.0945 -0.3137 -0.9448
vn -0.1840 -0.3855 -0.9042
vn -0.0499 -0.3108 -0.9492
vn -0.2147 -0.3567 -0.9092
vn -0.1565 -0.4109 -0.8981
vn -0.2213 -0.3255 -0.9193
vn -0.1504 -0.3760 -0.9143
vn -0.1357 -0.4376 -0.8889
vn -0.1186 -0.4019 -0.9079
vn -0.2515 -0.3140 -0.9155
vn -0.1582 -0.3489 -0.9237
vn -0.1047 -0.3633 -0.9258
vn -0.0688 -0.3618 -0.9297
vn -0.1031 -0.4107 -0.9059
vn -0.1324 -0.4468 -0.8848
vn -0.2535 -0.5396 -0.8029
vn -0.1654 -0.5239 -0.8356
vn -0.2409 -0.5698 -0.7857
vn -0.1771 -0.5483 -0.8173
vn 0.1353 -0.4203 -0.8973
vn -0.0387 -0.4870 -0.8726
vn 0.0615 -0.4168 -0.9069
vn -0.0828 -0.5022 -0.8608
vn -0.1172 -0.5158 -0.8487
vn -0.0010 -0.4227 -0.9062
vn -0.1878 -0.5634 -0.8045
vn -0.2330 -0.5854 -0.7765
vn -0.0723 -0.2362 -0.9690
vn -0.0566 -0.3433 -0.9375
vn -0.1301 -0.2358 -0.9630
vn -0.0894 -0.3287 -0.9402
vn -0.0070 -0.6318 -0.7751
vn -0.0350 -0.4809 -0.8761
vn 0.0321 -0.5846 -0.8107
vn -0.0353 -0.4476 -0.8935
vn -0.0510 -0.4166 -0.9077
vn 0.0465 -0.5365 -0.8426
vn -0.1289 -0.3162 -0.9399
vn -0.1868 -0.2396 -0.9527
vn 0.1454 -0.6429 -0.7520
vn 0.1734 -0.6016 -0.7798
vn 0.0974 -0.6970 -0.7104
vn 0.2078 -0.6994 -0.6838
vn 0.2556 -0.6548 -0.7113
vn 0.1319 -0.7443 -0.6547
vn -0.0816 -0.7492 -0.6573
vn 0.0189 -0.7405 -0.6717
vn -0.0888 -0.7743 -0.6265
vn 0.0301 -0.7721 -0.6348
vn 0.0240 -0.7369 -0.6756
vn -0.0884 -0.7332 -0.6742
vn 0.1272 -0.7280 -0.6736
vn 0.2785 -0.6677 -0.6904
vn 0.2187 -0.7043 -0.6754
vn -0.1721 -0.7096 -0.6832
vn -0.2329 -0.6422 -0.7303
vn -0.1992 -0.7450 -0.6366
vn -0.2859 -0.6940 -0.6608
vn -0.2964 -0.5009 -0.8132
vn -0.2689 -0.5672 -0.7784
vn -0.3961 -0.5527 -0.7332
vn -0.3500 -0.6256 -0.6972
vn -0.3747 -0.6324 -0.6780
vn -0.4310 -0.5680 -0.7011
vn -0.2914 -0.6834 -0.6693
vn -0.1962 -0.7153 -0.6708
vn -0.3366 -0.4499 -0.8272
vn -0.3801 -0.4021 -0.8330
vn -0.4450 -0.4874 -0.7513
vn -0.4870 -0.4218 -0.7648
vn -0.4187 -0.3024 -0.8563
vn -0.4122 -0.3525 -0.8401
vn -0.5203 -0.2847 -0.8051
vn -0.5126 -0.3553 -0.7816
vn -0.5242 -0.3644 -0.7697
vn -0.5367 -0.2909 -0.7920
vn -0.5073 -0.4331 -0.7450
vn -0.4776 -0.5036 -0.7199
vn -0.3867 -0.2627 -0.8840
vn -0.3442 -0.2497 -0.9051
vn -0.5024 -0.2158 -0.8373
vn -0.4711 -0.1696 -0.8656
vn -0.3417 -0.3029 -0.8896
vn -0.3227 -0.2681 -0.9077
vn -0.4553 -0.1850 -0.8709
vn -0.4462 -0.1612 -0.8803
vn -0.5467 -0.0835 -0.8332
vn -0.5457 -0.0773 -0.8344
vn -0.5480 -0.1358 -0.8254
vn -0.5448 -0.2098 -0.8119
vn -0.3705 -0.3038 -0.8777
vn -0.3639 -0.2601 -0.8944
vn -0.4706 -0.1766 -0.8645
vn -0.4380 -0.1269 -0.8900
vn -0.2032 -0.1454 -0.9683
vn -0.3096 -0.1962 -0.9304
vn -0.2049 -0.0304 -0.9783
vn -0.3490 -0.0705 -0.9345
vn -0.3496 -0.0378 -0.9361
vn -0.1966 -0.0335 -0.9799
vn -0.4632 -0.0466 -0.8850
vn -0.5333 -0.0623 -0.8436
vn -0.0903 -0.1482 -0.9848
vn -0.0106 -0.1880 -0.9821
vn -0.0608 -0.0297 -0.9977
vn 0.0446 -0.0563 -0.9974
vn 0.0842 -0.2740 -0.9580
vn 0.0425 -0.2374 -0.9705
vn 0.1782 -0.1447 -0.9733
vn 0.1211 -0.1003 -0.9876
vn 0.1509 -0.0536 -0.9871
vn 0.2140 -0.0927 -0.9724
vn 0.0589 -0.0374 -0.9976
vn -0.0523 -0.0335 -0.9981
vn 0.1445 -0.2871 -0.9469
vn 0.2244 -0.3034 -0.9261
vn 0.2446 -0.1769 -0.9533
vn 0.3131 -0.2282 -0.9219
vn 0.3376 -0.4121 -0.8463
vn 0.2998 -0.3432 -0.8901
vn 0.3856 -0.4010 -0.8309
vn 0.3624 -0.3053 -0.8806
vn 0.3174 -0.3210 -0.8923
vn 0.3274 -0.4124 -0.8501
vn 0.3005 -0.2296 -0.9257
vn 0.2666 -0.1451 -0.9528
vn 0.3143 -0.4871 -0.8148
vn 0.2634 -0.5409 -0.7988
vn 0.3752 -0.4926 -0.7852
vn 0.3447 -0.5628 -0.7513
vn 0.2114 -0.5752 -0.7902
vn 0.3008 -0.6155 -0.7285
vn 0.3164 -0.6233 -0.7151
vn 0.3324 -0.5627 -0.7569
vn 0.3332 -0.4942 -0.8030
vn 0.6070 0.0907 -0.7895
vn 0.6101 0.1060 -0.7852
vn 0.5852 0.0923 -0.8057
vn 0.5826 0.1079 -0.8055
vn 0.6107 0.1303 -0.7810
vn 0.5780 0.1305 -0.8055
vn 0.5571 0.1247 -0.8210
vn 0.5664 0.1038 -0.8175
vn 0.5740 0.0884 -0.8141
# 6914 vertex normals

vt 0.9265 0.1420 0.0000
vt 0.9269 0.1331 0.0000
vt 0.9332 0.1350 0.0000
vt 0.9332 0.1435 0.0000
vt 0.9277 0.1250 0.0000
vt 0.9337 0.1273 0.0000
vt 0.9394 0.1366 0.0000
vt 0.9397 0.1446 0.0000
vt 0.9393 0.1294 0.0000
vt 0.9289 0.1175 0.0000
vt 0.9309 0.1106 0.0000
vt 0.9353 0.1134 0.0000
vt 0.9344 0.1202 0.0000
vt 0.9397 0.1161 0.0000
vt 0.9395 0.1227 0.0000
vt 0.9485 0.1217 0.0000
vt 0.9494 0.1274 0.0000
vt 0.9444 0.1250 0.0000
vt 0.9441 0.1189 0.0000
vt 0.9503 0.1330 0.0000
vt 0.9448 0.1313 0.0000
vt 0.9511 0.1387 0.0000
vt 0.9520 0.1444 0.0000
vt 0.9460 0.1451 0.0000
vt 0.9453 0.1378 0.0000
vt 0.9285 0.1857 0.0000
vt 0.9276 0.1740 0.0000
vt 0.9351 0.1742 0.0000
vt 0.9362 0.1857 0.0000
vt 0.9269 0.1626 0.0000
vt 0.9342 0.1632 0.0000
vt 0.9424 0.1741 0.0000
vt 0.9437 0.1853 0.0000
vt 0.9413 0.1635 0.0000
vt 0.9265 0.1519 0.0000
vt 0.9335 0.1530 0.0000
vt 0.9403 0.1536 0.0000
vt 0.9535 0.1540 0.0000
vt 0.9470 0.1539 0.0000
vt 0.9551 0.1635 0.0000
vt 0.9482 0.1636 0.0000
vt 0.9567 0.1731 0.0000
vt 0.9582 0.1826 0.0000
vt 0.9510 0.1845 0.0000
vt 0.9496 0.1737 0.0000
vt 0.8952 0.1836 0.0000
vt 0.8951 0.1707 0.0000
vt 0.9035 0.1717 0.0000
vt 0.9037 0.1843 0.0000
vt 0.8953 0.1577 0.0000
vt 0.9035 0.1592 0.0000
vt 0.9117 0.1727 0.0000
vt 0.9122 0.1849 0.0000
vt 0.9116 0.1606 0.0000
vt 0.8958 0.1450 0.0000
vt 0.8966 0.1331 0.0000
vt 0.9046 0.1357 0.0000
vt 0.9039 0.1471 0.0000
vt 0.9122 0.1381 0.0000
vt 0.9117 0.1490 0.0000
vt 0.9193 0.1506 0.0000
vt 0.9195 0.1402 0.0000
vt 0.9194 0.1617 0.0000
vt 0.9205 0.1854 0.0000
vt 0.9198 0.1734 0.0000
vt 0.8977 0.1224 0.0000
vt 0.9057 0.1255 0.0000
vt 0.8993 0.1126 0.0000
vt 0.9071 0.1160 0.0000
vt 0.9132 0.1283 0.0000
vt 0.9144 0.1193 0.0000
vt 0.9013 0.1034 0.0000
vt 0.9042 0.0946 0.0000
vt 0.9109 0.0986 0.0000
vt 0.9089 0.1072 0.0000
vt 0.9175 0.1026 0.0000
vt 0.9159 0.1108 0.0000
vt 0.9227 0.1143 0.0000
vt 0.9242 0.1066 0.0000
vt 0.9213 0.1223 0.0000
vt 0.9202 0.1308 0.0000
vt 0.9329 0.2354 0.0000
vt 0.9411 0.2357 0.0000
vt 0.9418 0.2494 0.0000
vt 0.9336 0.2488 0.0000
vt 0.9490 0.2358 0.0000
vt 0.9498 0.2498 0.0000
vt 0.9422 0.2634 0.0000
vt 0.9341 0.2626 0.0000
vt 0.9503 0.2641 0.0000
vt 0.9569 0.2355 0.0000
vt 0.9651 0.2345 0.0000
vt 0.9656 0.2499 0.0000
vt 0.9577 0.2499 0.0000
vt 0.9662 0.2653 0.0000
vt 0.9583 0.2647 0.0000
vt 0.9673 0.2961 0.0000
vt 0.9587 0.2946 0.0000
vt 0.9586 0.2797 0.0000
vt 0.9668 0.2807 0.0000
vt 0.9505 0.2933 0.0000
vt 0.9505 0.2787 0.0000
vt 0.9424 0.2921 0.0000
vt 0.9343 0.2909 0.0000
vt 0.9343 0.2767 0.0000
vt 0.9424 0.2777 0.0000
vt 0.8977 0.2330 0.0000
vt 0.9067 0.2335 0.0000
vt 0.9076 0.2464 0.0000
vt 0.8986 0.2457 0.0000
vt 0.9156 0.2342 0.0000
vt 0.9164 0.2473 0.0000
vt 0.9083 0.2597 0.0000
vt 0.8994 0.2588 0.0000
vt 0.9171 0.2607 0.0000
vt 0.9244 0.2348 0.0000
vt 0.9251 0.2481 0.0000
vt 0.9257 0.2617 0.0000
vt 0.9261 0.2896 0.0000
vt 0.9260 0.2756 0.0000
vt 0.9178 0.2884 0.0000
vt 0.9176 0.2744 0.0000
vt 0.9094 0.2871 0.0000
vt 0.9007 0.2859 0.0000
vt 0.9002 0.2722 0.0000
vt 0.9090 0.2733 0.0000
vt 0.9043 0.1966 0.0000
vt 0.8956 0.1961 0.0000
vt 0.9129 0.1971 0.0000
vt 0.9050 0.2088 0.0000
vt 0.8961 0.2084 0.0000
vt 0.9138 0.2092 0.0000
vt 0.9296 0.1976 0.0000
vt 0.9214 0.1974 0.0000
vt 0.9308 0.2098 0.0000
vt 0.9224 0.2096 0.0000
vt 0.9235 0.2220 0.0000
vt 0.9319 0.2224 0.0000
vt 0.9147 0.2216 0.0000
vt 0.8969 0.2206 0.0000
vt 0.9058 0.2210 0.0000
vt 0.9375 0.1976 0.0000
vt 0.9451 0.1972 0.0000
vt 0.9388 0.2098 0.0000
vt 0.9466 0.2096 0.0000
vt 0.9599 0.1956 0.0000
vt 0.9526 0.1965 0.0000
vt 0.9617 0.2086 0.0000
vt 0.9541 0.2091 0.0000
vt 0.9557 0.2220 0.0000
vt 0.9634 0.2215 0.0000
vt 0.9479 0.2224 0.0000
vt 0.9400 0.2225 0.0000
vt 0.8590 0.2307 0.0000
vt 0.8606 0.2439 0.0000
vt 0.8502 0.2446 0.0000
vt 0.8482 0.2350 0.0000
vt 0.8617 0.2560 0.0000
vt 0.8513 0.2557 0.0000
vt 0.8396 0.2452 0.0000
vt 0.8381 0.2365 0.0000
vt 0.8405 0.2553 0.0000
vt 0.8624 0.2684 0.0000
vt 0.8629 0.2815 0.0000
vt 0.8524 0.2804 0.0000
vt 0.8520 0.2676 0.0000
vt 0.8415 0.2794 0.0000
vt 0.8411 0.2667 0.0000
vt 0.8185 0.2771 0.0000
vt 0.8182 0.2643 0.0000
vt 0.8299 0.2656 0.0000
vt 0.8301 0.2783 0.0000
vt 0.8179 0.2531 0.0000
vt 0.8294 0.2544 0.0000
vt 0.8176 0.2433 0.0000
vt 0.8173 0.2352 0.0000
vt 0.8278 0.2365 0.0000
vt 0.8287 0.2447 0.0000
vt 0.8869 0.1957 0.0000
vt 0.8866 0.1829 0.0000
vt 0.8874 0.2081 0.0000
vt 0.8785 0.1953 0.0000
vt 0.8783 0.1823 0.0000
vt 0.8788 0.2078 0.0000
vt 0.8887 0.2326 0.0000
vt 0.8880 0.2203 0.0000
vt 0.8796 0.2323 0.0000
vt 0.8791 0.2201 0.0000
vt 0.8622 0.2180 0.0000
vt 0.8703 0.2195 0.0000
vt 0.8701 0.2318 0.0000
vt 0.8635 0.2062 0.0000
vt 0.8707 0.2073 0.0000
vt 0.8640 0.1941 0.0000
vt 0.8639 0.1815 0.0000
vt 0.8706 0.1818 0.0000
vt 0.8708 0.1948 0.0000
vt 0.8896 0.2451 0.0000
vt 0.8904 0.2580 0.0000
vt 0.8803 0.2446 0.0000
vt 0.8812 0.2573 0.0000
vt 0.8918 0.2847 0.0000
vt 0.8912 0.2712 0.0000
vt 0.8825 0.2836 0.0000
vt 0.8819 0.2702 0.0000
vt 0.8724 0.2693 0.0000
vt 0.8729 0.2825 0.0000
vt 0.8716 0.2566 0.0000
vt 0.8707 0.2441 0.0000
vt 0.8582 0.1231 0.0000
vt 0.8471 0.1151 0.0000
vt 0.8493 0.1044 0.0000
vt 0.8600 0.1090 0.0000
vt 0.8366 0.1099 0.0000
vt 0.8382 0.0997 0.0000
vt 0.8509 0.0933 0.0000
vt 0.8617 0.0975 0.0000
vt 0.8396 0.0891 0.0000
vt 0.8260 0.1059 0.0000
vt 0.8153 0.1027 0.0000
vt 0.8155 0.0920 0.0000
vt 0.8270 0.0957 0.0000
vt 0.8162 0.0811 0.0000
vt 0.8281 0.0850 0.0000
vt 0.8188 0.0585 0.0000
vt 0.8306 0.0631 0.0000
vt 0.8293 0.0741 0.0000
vt 0.8173 0.0699 0.0000
vt 0.8424 0.0676 0.0000
vt 0.8410 0.0784 0.0000
vt 0.8542 0.0721 0.0000
vt 0.8660 0.0767 0.0000
vt 0.8635 0.0869 0.0000
vt 0.8525 0.0826 0.0000
vt 0.8881 0.1304 0.0000
vt 0.8892 0.1192 0.0000
vt 0.8790 0.1277 0.0000
vt 0.8801 0.1159 0.0000
vt 0.8907 0.1090 0.0000
vt 0.8816 0.1053 0.0000
vt 0.8694 0.1251 0.0000
vt 0.8703 0.1127 0.0000
vt 0.8719 0.1015 0.0000
vt 0.8756 0.0812 0.0000
vt 0.8737 0.0911 0.0000
vt 0.8851 0.0856 0.0000
vt 0.8833 0.0953 0.0000
vt 0.8946 0.0901 0.0000
vt 0.8926 0.0994 0.0000
vt 0.8865 0.1695 0.0000
vt 0.8782 0.1686 0.0000
vt 0.8868 0.1560 0.0000
vt 0.8783 0.1546 0.0000
vt 0.8638 0.1680 0.0000
vt 0.8705 0.1680 0.0000
vt 0.8631 0.1540 0.0000
vt 0.8703 0.1537 0.0000
vt 0.8696 0.1391 0.0000
vt 0.8616 0.1394 0.0000
vt 0.8785 0.1408 0.0000
vt 0.8873 0.1428 0.0000
vt 0.7706 0.0980 0.0000
vt 0.7689 0.0816 0.0000
vt 0.7805 0.0835 0.0000
vt 0.7825 0.0965 0.0000
vt 0.7682 0.0683 0.0000
vt 0.7799 0.0707 0.0000
vt 0.7922 0.0856 0.0000
vt 0.7935 0.0975 0.0000
vt 0.7920 0.0738 0.0000
vt 0.7678 0.0555 0.0000
vt 0.7668 0.0422 0.0000
vt 0.7798 0.0463 0.0000
vt 0.7798 0.0584 0.0000
vt 0.7928 0.0503 0.0000
vt 0.7923 0.0620 0.0000
vt 0.8049 0.0659 0.0000
vt 0.8058 0.0544 0.0000
vt 0.8041 0.0773 0.0000
vt 0.8044 0.0997 0.0000
vt 0.8039 0.0886 0.0000
vt 0.8154 0.1130 0.0000
vt 0.8057 0.1107 0.0000
vt 0.8159 0.1225 0.0000
vt 0.8075 0.1210 0.0000
vt 0.7961 0.1094 0.0000
vt 0.7995 0.1207 0.0000
vt 0.8166 0.1310 0.0000
vt 0.8172 0.1382 0.0000
vt 0.8113 0.1380 0.0000
vt 0.8095 0.1303 0.0000
vt 0.8059 0.1391 0.0000
vt 0.8029 0.1308 0.0000
vt 0.7976 0.1446 0.0000
vt 0.7929 0.1363 0.0000
vt 0.7972 0.1327 0.0000
vt 0.8012 0.1413 0.0000
vt 0.7870 0.1257 0.0000
vt 0.7924 0.1220 0.0000
vt 0.7799 0.1133 0.0000
vt 0.7870 0.1097 0.0000
vt 0.7302 0.1455 0.0000
vt 0.7298 0.1309 0.0000
vt 0.7390 0.1324 0.0000
vt 0.7394 0.1473 0.0000
vt 0.7293 0.1167 0.0000
vt 0.7385 0.1176 0.0000
vt 0.7485 0.1345 0.0000
vt 0.7490 0.1496 0.0000
vt 0.7481 0.1195 0.0000
vt 0.7288 0.1028 0.0000
vt 0.7283 0.0897 0.0000
vt 0.7375 0.0898 0.0000
vt 0.7380 0.1034 0.0000
vt 0.7474 0.0909 0.0000
vt 0.7477 0.1049 0.0000
vt 0.7677 0.1130 0.0000
vt 0.7579 0.1077 0.0000
vt 0.7580 0.0933 0.0000
vt 0.7669 0.1272 0.0000
vt 0.7577 0.1226 0.0000
vt 0.7669 0.1414 0.0000
vt 0.7673 0.1556 0.0000
vt 0.7584 0.1524 0.0000
vt 0.7580 0.1375 0.0000
vt 0.7279 0.0774 0.0000
vt 0.7371 0.0771 0.0000
vt 0.7273 0.0655 0.0000
vt 0.7367 0.0650 0.0000
vt 0.7470 0.0778 0.0000
vt 0.7467 0.0654 0.0000
vt 0.7265 0.0538 0.0000
vt 0.7253 0.0413 0.0000
vt 0.7357 0.0415 0.0000
vt 0.7362 0.0532 0.0000
vt 0.7461 0.0417 0.0000
vt 0.7463 0.0534 0.0000
vt 0.7567 0.0541 0.0000
vt 0.7564 0.0420 0.0000
vt 0.7571 0.0665 0.0000
vt 0.7577 0.0795 0.0000
vt 0.7725 0.2144 0.0000
vt 0.7844 0.2233 0.0000
vt 0.7828 0.2336 0.0000
vt 0.7714 0.2294 0.0000
vt 0.7955 0.2289 0.0000
vt 0.7945 0.2379 0.0000
vt 0.7825 0.2459 0.0000
vt 0.7711 0.2431 0.0000
vt 0.7942 0.2487 0.0000
vt 0.8065 0.2327 0.0000
vt 0.8061 0.2411 0.0000
vt 0.8061 0.2511 0.0000
vt 0.8064 0.2758 0.0000
vt 0.8063 0.2627 0.0000
vt 0.7944 0.2745 0.0000
vt 0.7943 0.2609 0.0000
vt 0.7825 0.2730 0.0000
vt 0.7712 0.2716 0.0000
vt 0.7711 0.2571 0.0000
vt 0.7825 0.2590 0.0000
vt 0.7318 0.2049 0.0000
vt 0.7406 0.2070 0.0000
vt 0.7409 0.2220 0.0000
vt 0.7322 0.2201 0.0000
vt 0.7501 0.2093 0.0000
vt 0.7503 0.2241 0.0000
vt 0.7412 0.2371 0.0000
vt 0.7325 0.2356 0.0000
vt 0.7505 0.2389 0.0000
vt 0.7604 0.2118 0.0000
vt 0.7605 0.2264 0.0000
vt 0.7605 0.2408 0.0000
vt 0.7607 0.2703 0.0000
vt 0.7606 0.2554 0.0000
vt 0.7509 0.2691 0.0000
vt 0.7507 0.2538 0.0000
vt 0.7417 0.2680 0.0000
vt 0.7331 0.2670 0.0000
vt 0.7328 0.2512 0.0000
vt 0.7415 0.2524 0.0000
vt 0.7398 0.1622 0.0000
vt 0.7306 0.1601 0.0000
vt 0.7492 0.1646 0.0000
vt 0.7401 0.1771 0.0000
vt 0.7310 0.1749 0.0000
vt 0.7495 0.1795 0.0000
vt 0.7674 0.1696 0.0000
vt 0.7586 0.1671 0.0000
vt 0.7678 0.1837 0.0000
vt 0.7589 0.1819 0.0000
vt 0.7597 0.1969 0.0000
vt 0.7691 0.1981 0.0000
vt 0.7498 0.1945 0.0000
vt 0.7314 0.1898 0.0000
vt 0.7403 0.1920 0.0000
vt 0.6719 0.2002 0.0000
vt 0.6794 0.2001 0.0000
vt 0.6793 0.2160 0.0000
vt 0.6716 0.2162 0.0000
vt 0.6868 0.1999 0.0000
vt 0.6868 0.2158 0.0000
vt 0.6791 0.2324 0.0000
vt 0.6712 0.2325 0.0000
vt 0.6867 0.2322 0.0000
vt 0.6940 0.1998 0.0000
vt 0.7012 0.2001 0.0000
vt 0.7015 0.2160 0.0000
vt 0.6942 0.2158 0.0000
vt 0.7016 0.2323 0.0000
vt 0.6942 0.2322 0.0000
vt 0.7016 0.2650 0.0000
vt 0.6938 0.2649 0.0000
vt 0.6941 0.2487 0.0000
vt 0.7017 0.2488 0.0000
vt 0.6860 0.2648 0.0000
vt 0.6865 0.2487 0.0000
vt 0.6780 0.2649 0.0000
vt 0.6699 0.2649 0.0000
vt 0.6707 0.2489 0.0000
vt 0.6787 0.2488 0.0000
vt 0.6996 0.1431 0.0000
vt 0.7001 0.1565 0.0000
vt 0.6931 0.1565 0.0000
vt 0.6927 0.1433 0.0000
vt 0.7005 0.1704 0.0000
vt 0.6935 0.1703 0.0000
vt 0.6862 0.1566 0.0000
vt 0.6857 0.1435 0.0000
vt 0.6865 0.1703 0.0000
vt 0.7009 0.1849 0.0000
vt 0.6938 0.1847 0.0000
vt 0.6867 0.1847 0.0000
vt 0.6720 0.1851 0.0000
vt 0.6794 0.1849 0.0000
vt 0.6719 0.1706 0.0000
vt 0.6793 0.1705 0.0000
vt 0.6718 0.1569 0.0000
vt 0.6715 0.1438 0.0000
vt 0.6787 0.1437 0.0000
vt 0.6791 0.1568 0.0000
vt 0.7222 0.1586 0.0000
vt 0.7218 0.1443 0.0000
vt 0.7227 0.1731 0.0000
vt 0.7145 0.1575 0.0000
vt 0.7140 0.1435 0.0000
vt 0.7149 0.1718 0.0000
vt 0.7236 0.2031 0.0000
vt 0.7231 0.1880 0.0000
vt 0.7158 0.2017 0.0000
vt 0.7154 0.1865 0.0000
vt 0.7080 0.1855 0.0000
vt 0.7084 0.2007 0.0000
vt 0.7076 0.1709 0.0000
vt 0.7067 0.1432 0.0000
vt 0.7071 0.1568 0.0000
vt 0.7240 0.2186 0.0000
vt 0.7243 0.2344 0.0000
vt 0.7162 0.2174 0.0000
vt 0.7166 0.2334 0.0000
vt 0.7248 0.2662 0.0000
vt 0.7246 0.2503 0.0000
vt 0.7169 0.2657 0.0000
vt 0.7168 0.2496 0.0000
vt 0.7092 0.2491 0.0000
vt 0.7092 0.2652 0.0000
vt 0.7090 0.2327 0.0000
vt 0.7088 0.2165 0.0000
vt 0.6969 0.0943 0.0000
vt 0.6900 0.0958 0.0000
vt 0.6891 0.0855 0.0000
vt 0.6960 0.0837 0.0000
vt 0.6832 0.0970 0.0000
vt 0.6824 0.0871 0.0000
vt 0.6880 0.0759 0.0000
vt 0.6948 0.0735 0.0000
vt 0.6816 0.0780 0.0000
vt 0.6766 0.0977 0.0000
vt 0.6699 0.0979 0.0000
vt 0.6696 0.0886 0.0000
vt 0.6760 0.0882 0.0000
vt 0.6693 0.0802 0.0000
vt 0.6754 0.0796 0.0000
vt 0.6686 0.0681 0.0000
vt 0.6741 0.0645 0.0000
vt 0.6748 0.0718 0.0000
vt 0.6690 0.0730 0.0000
vt 0.6797 0.0609 0.0000
vt 0.6806 0.0693 0.0000
vt 0.6852 0.0574 0.0000
vt 0.6907 0.0538 0.0000
vt 0.6932 0.0636 0.0000
vt 0.6866 0.0665 0.0000
vt 0.7198 0.0903 0.0000
vt 0.7192 0.0783 0.0000
vt 0.7117 0.0914 0.0000
vt 0.7110 0.0798 0.0000
vt 0.7184 0.0669 0.0000
vt 0.7101 0.0688 0.0000
vt 0.7041 0.0928 0.0000
vt 0.7033 0.0817 0.0000
vt 0.7022 0.0711 0.0000
vt 0.6993 0.0507 0.0000
vt 0.7008 0.0608 0.0000
vt 0.7080 0.0476 0.0000
vt 0.7091 0.0581 0.0000
vt 0.7167 0.0444 0.0000
vt 0.7176 0.0556 0.0000
vt 0.7213 0.1301 0.0000
vt 0.7135 0.1298 0.0000
vt 0.7208 0.1163 0.0000
vt 0.7130 0.1165 0.0000
vt 0.6991 0.1301 0.0000
vt 0.7061 0.1298 0.0000
vt 0.6985 0.1176 0.0000
vt 0.7056 0.1169 0.0000
vt 0.7049 0.1046 0.0000
vt 0.6977 0.1057 0.0000
vt 0.7124 0.1036 0.0000
vt 0.7203 0.1030 0.0000
vt 0.6921 0.1305 0.0000
vt 0.6852 0.1309 0.0000
vt 0.6915 0.1183 0.0000
vt 0.6846 0.1189 0.0000
vt 0.6712 0.1312 0.0000
vt 0.6783 0.1312 0.0000
vt 0.6708 0.1194 0.0000
vt 0.6778 0.1193 0.0000
vt 0.6772 0.1081 0.0000
vt 0.6703 0.1082 0.0000
vt 0.6840 0.1076 0.0000
vt 0.6908 0.1067 0.0000
vt 0.9327 0.3471 0.0000
vt 0.9334 0.3332 0.0000
vt 0.9412 0.3347 0.0000
vt 0.9404 0.3485 0.0000
vt 0.9338 0.3192 0.0000
vt 0.9417 0.3206 0.0000
vt 0.9489 0.3362 0.0000
vt 0.9481 0.3501 0.0000
vt 0.9496 0.3221 0.0000
vt 0.9341 0.3051 0.0000
vt 0.9422 0.3064 0.0000
vt 0.9502 0.3078 0.0000
vt 0.9664 0.3106 0.0000
vt 0.9583 0.3092 0.0000
vt 0.9654 0.3252 0.0000
vt 0.9575 0.3236 0.0000
vt 0.9645 0.3397 0.0000
vt 0.9636 0.3543 0.0000
vt 0.9557 0.3519 0.0000
vt 0.9567 0.3380 0.0000
vt 0.9291 0.4001 0.0000
vt 0.9301 0.3873 0.0000
vt 0.9373 0.3883 0.0000
vt 0.9362 0.4008 0.0000
vt 0.9311 0.3742 0.0000
vt 0.9385 0.3754 0.0000
vt 0.9445 0.3894 0.0000
vt 0.9431 0.4017 0.0000
vt 0.9458 0.3767 0.0000
vt 0.9320 0.3608 0.0000
vt 0.9395 0.3621 0.0000
vt 0.9470 0.3636 0.0000
vt 0.9619 0.3669 0.0000
vt 0.9545 0.3652 0.0000
vt 0.9603 0.3796 0.0000
vt 0.9530 0.3781 0.0000
vt 0.9586 0.3923 0.0000
vt 0.9570 0.4049 0.0000
vt 0.9500 0.4030 0.0000
vt 0.9516 0.3908 0.0000
vt 0.8987 0.3987 0.0000
vt 0.8992 0.3851 0.0000
vt 0.9074 0.3855 0.0000
vt 0.9068 0.3989 0.0000
vt 0.8998 0.3712 0.0000
vt 0.9080 0.3717 0.0000
vt 0.9152 0.3860 0.0000
vt 0.9145 0.3992 0.0000
vt 0.9159 0.3724 0.0000
vt 0.9003 0.3570 0.0000
vt 0.9007 0.3427 0.0000
vt 0.9090 0.3436 0.0000
vt 0.9086 0.3577 0.0000
vt 0.9171 0.3447 0.0000
vt 0.9166 0.3586 0.0000
vt 0.9243 0.3597 0.0000
vt 0.9250 0.3458 0.0000
vt 0.9236 0.3733 0.0000
vt 0.9219 0.3995 0.0000
vt 0.9228 0.3866 0.0000
vt 0.9010 0.3283 0.0000
vt 0.9094 0.3294 0.0000
vt 0.9011 0.3140 0.0000
vt 0.9096 0.3152 0.0000
vt 0.9175 0.3306 0.0000
vt 0.9178 0.3165 0.0000
vt 0.9010 0.2999 0.0000
vt 0.9096 0.3011 0.0000
vt 0.9179 0.3024 0.0000
vt 0.9261 0.3037 0.0000
vt 0.9259 0.3178 0.0000
vt 0.9255 0.3319 0.0000
vt 0.9256 0.4459 0.0000
vt 0.9318 0.4455 0.0000
vt 0.9311 0.4549 0.0000
vt 0.9251 0.4558 0.0000
vt 0.9378 0.4454 0.0000
vt 0.9369 0.4543 0.0000
vt 0.9307 0.4637 0.0000
vt 0.9249 0.4651 0.0000
vt 0.9361 0.4625 0.0000
vt 0.9436 0.4457 0.0000
vt 0.9492 0.4473 0.0000
vt 0.9478 0.4539 0.0000
vt 0.9424 0.4540 0.0000
vt 0.9464 0.4604 0.0000
vt 0.9413 0.4615 0.0000
vt 0.9437 0.4736 0.0000
vt 0.9393 0.4758 0.0000
vt 0.9403 0.4687 0.0000
vt 0.9451 0.4670 0.0000
vt 0.9348 0.4781 0.0000
vt 0.9354 0.4704 0.0000
vt 0.9304 0.4804 0.0000
vt 0.9260 0.4826 0.0000
vt 0.9251 0.4740 0.0000
vt 0.9305 0.4722 0.0000
vt 0.8973 0.4489 0.0000
vt 0.9050 0.4482 0.0000
vt 0.9049 0.4592 0.0000
vt 0.8972 0.4603 0.0000
vt 0.9123 0.4474 0.0000
vt 0.9121 0.4580 0.0000
vt 0.9049 0.4699 0.0000
vt 0.8972 0.4714 0.0000
vt 0.9120 0.4683 0.0000
vt 0.9191 0.4466 0.0000
vt 0.9188 0.4569 0.0000
vt 0.9187 0.4667 0.0000
vt 0.9192 0.4854 0.0000
vt 0.9189 0.4761 0.0000
vt 0.9123 0.4881 0.0000
vt 0.9121 0.4783 0.0000
vt 0.9055 0.4909 0.0000
vt 0.8987 0.4936 0.0000
vt 0.8976 0.4824 0.0000
vt 0.9052 0.4804 0.0000
vt 0.9062 0.4119 0.0000
vt 0.8982 0.4119 0.0000
vt 0.9138 0.4119 0.0000
vt 0.9057 0.4245 0.0000
vt 0.8978 0.4247 0.0000
vt 0.9132 0.4243 0.0000
vt 0.9281 0.4123 0.0000
vt 0.9211 0.4121 0.0000
vt 0.9271 0.4241 0.0000
vt 0.9203 0.4241 0.0000
vt 0.9196 0.4357 0.0000
vt 0.9263 0.4354 0.0000
vt 0.9127 0.4361 0.0000
vt 0.8975 0.4370 0.0000
vt 0.9053 0.4366 0.0000
vt 0.9350 0.4128 0.0000
vt 0.9417 0.4135 0.0000
vt 0.9338 0.4244 0.0000
vt 0.9403 0.4248 0.0000
vt 0.9550 0.4155 0.0000
vt 0.9484 0.4145 0.0000
vt 0.9531 0.4261 0.0000
vt 0.9467 0.4254 0.0000
vt 0.9451 0.4360 0.0000
vt 0.9511 0.4367 0.0000
vt 0.9390 0.4354 0.0000
vt 0.9327 0.4353 0.0000
vt 0.8604 0.4501 0.0000
vt 0.8602 0.4624 0.0000
vt 0.8493 0.4621 0.0000
vt 0.8496 0.4497 0.0000
vt 0.8601 0.4748 0.0000
vt 0.8490 0.4744 0.0000
vt 0.8378 0.4613 0.0000
vt 0.8381 0.4489 0.0000
vt 0.8374 0.4736 0.0000
vt 0.8602 0.4873 0.0000
vt 0.8612 0.5006 0.0000
vt 0.8489 0.4994 0.0000
vt 0.8489 0.4869 0.0000
vt 0.8367 0.4982 0.0000
vt 0.8370 0.4859 0.0000
vt 0.8122 0.4958 0.0000
vt 0.8122 0.4826 0.0000
vt 0.8248 0.4846 0.0000
vt 0.8245 0.4970 0.0000
vt 0.8127 0.4703 0.0000
vt 0.8252 0.4722 0.0000
vt 0.8133 0.4582 0.0000
vt 0.8139 0.4461 0.0000
vt 0.8262 0.4477 0.0000
vt 0.8257 0.4600 0.0000
vt 0.8616 0.3981 0.0000
vt 0.8613 0.4116 0.0000
vt 0.8505 0.4112 0.0000
vt 0.8509 0.3978 0.0000
vt 0.8610 0.4247 0.0000
vt 0.8502 0.4243 0.0000
vt 0.8392 0.4107 0.0000
vt 0.8396 0.3973 0.0000
vt 0.8388 0.4237 0.0000
vt 0.8607 0.4375 0.0000
vt 0.8499 0.4371 0.0000
vt 0.8385 0.4364 0.0000
vt 0.8144 0.4339 0.0000
vt 0.8267 0.4354 0.0000
vt 0.8149 0.4215 0.0000
vt 0.8270 0.4228 0.0000
vt 0.8154 0.4088 0.0000
vt 0.8158 0.3957 0.0000
vt 0.8279 0.3966 0.0000
vt 0.8274 0.4099 0.0000
vt 0.8898 0.4119 0.0000
vt 0.8902 0.3986 0.0000
vt 0.8895 0.4249 0.0000
vt 0.8809 0.4119 0.0000
vt 0.8812 0.3985 0.0000
vt 0.8806 0.4250 0.0000
vt 0.8890 0.4495 0.0000
vt 0.8892 0.4374 0.0000
vt 0.8801 0.4499 0.0000
vt 0.8803 0.4376 0.0000
vt 0.8708 0.4377 0.0000
vt 0.8706 0.4501 0.0000
vt 0.8711 0.4249 0.0000
vt 0.8717 0.3983 0.0000
vt 0.8714 0.4118 0.0000
vt 0.8889 0.4612 0.0000
vt 0.8889 0.4727 0.0000
vt 0.8800 0.4620 0.0000
vt 0.8799 0.4737 0.0000
vt 0.8893 0.4954 0.0000
vt 0.8890 0.4841 0.0000
vt 0.8799 0.4971 0.0000
vt 0.8799 0.4854 0.0000
vt 0.8704 0.4866 0.0000
vt 0.8706 0.4988 0.0000
vt 0.8703 0.4745 0.0000
vt 0.8704 0.4624 0.0000
vt 0.8633 0.3403 0.0000
vt 0.8526 0.3398 0.0000
vt 0.8528 0.3245 0.0000
vt 0.8635 0.3252 0.0000
vt 0.8414 0.3394 0.0000
vt 0.8416 0.3239 0.0000
vt 0.8528 0.3093 0.0000
vt 0.8634 0.3101 0.0000
vt 0.8417 0.3084 0.0000
vt 0.8297 0.3388 0.0000
vt 0.8178 0.3382 0.0000
vt 0.8181 0.3225 0.0000
vt 0.8300 0.3232 0.0000
vt 0.8184 0.3067 0.0000
vt 0.8302 0.3076 0.0000
vt 0.8303 0.2925 0.0000
vt 0.8185 0.2914 0.0000
vt 0.8417 0.2935 0.0000
vt 0.8632 0.2955 0.0000
vt 0.8527 0.2945 0.0000
vt 0.8920 0.3419 0.0000
vt 0.8922 0.3274 0.0000
vt 0.8829 0.3413 0.0000
vt 0.8831 0.3266 0.0000
vt 0.8923 0.3130 0.0000
vt 0.8831 0.3120 0.0000
vt 0.8734 0.3408 0.0000
vt 0.8735 0.3259 0.0000
vt 0.8735 0.3110 0.0000
vt 0.8733 0.2965 0.0000
vt 0.8829 0.2976 0.0000
vt 0.8921 0.2987 0.0000
vt 0.8907 0.3848 0.0000
vt 0.8817 0.3846 0.0000
vt 0.8912 0.3707 0.0000
vt 0.8822 0.3704 0.0000
vt 0.8621 0.3841 0.0000
vt 0.8722 0.3844 0.0000
vt 0.8626 0.3698 0.0000
vt 0.8727 0.3701 0.0000
vt 0.8731 0.3555 0.0000
vt 0.8630 0.3552 0.0000
vt 0.8826 0.3559 0.0000
vt 0.8917 0.3564 0.0000
vt 0.8513 0.3838 0.0000
vt 0.8401 0.3834 0.0000
vt 0.8518 0.3695 0.0000
vt 0.8405 0.3692 0.0000
vt 0.8163 0.3821 0.0000
vt 0.8284 0.3829 0.0000
vt 0.8168 0.3680 0.0000
vt 0.8289 0.3687 0.0000
vt 0.8293 0.3540 0.0000
vt 0.8173 0.3534 0.0000
vt 0.8410 0.3545 0.0000
vt 0.8523 0.3548 0.0000
vt 0.7704 0.3345 0.0000
vt 0.7707 0.3189 0.0000
vt 0.7819 0.3199 0.0000
vt 0.7816 0.3356 0.0000
vt 0.7710 0.3029 0.0000
vt 0.7823 0.3039 0.0000
vt 0.7938 0.3208 0.0000
vt 0.7934 0.3366 0.0000
vt 0.7941 0.3049 0.0000
vt 0.7712 0.2871 0.0000
vt 0.7825 0.2882 0.0000
vt 0.7943 0.2893 0.0000
vt 0.8064 0.2904 0.0000
vt 0.8062 0.3058 0.0000
vt 0.8055 0.3375 0.0000
vt 0.8059 0.3217 0.0000
vt 0.7681 0.3899 0.0000
vt 0.7688 0.3770 0.0000
vt 0.7801 0.3785 0.0000
vt 0.7795 0.3915 0.0000
vt 0.7694 0.3635 0.0000
vt 0.7807 0.3649 0.0000
vt 0.7920 0.3799 0.0000
vt 0.7914 0.3931 0.0000
vt 0.7925 0.3661 0.0000
vt 0.7699 0.3494 0.0000
vt 0.7811 0.3506 0.0000
vt 0.7930 0.3516 0.0000
vt 0.8051 0.3526 0.0000
vt 0.8046 0.3671 0.0000
vt 0.8036 0.3945 0.0000
vt 0.8041 0.3811 0.0000
vt 0.7279 0.3832 0.0000
vt 0.7295 0.3707 0.0000
vt 0.7388 0.3723 0.0000
vt 0.7375 0.3848 0.0000
vt 0.7308 0.3576 0.0000
vt 0.7399 0.3591 0.0000
vt 0.7484 0.3739 0.0000
vt 0.7472 0.3865 0.0000
vt 0.7493 0.3606 0.0000
vt 0.7319 0.3438 0.0000
vt 0.7326 0.3294 0.0000
vt 0.7414 0.3307 0.0000
vt 0.7408 0.3452 0.0000
vt 0.7505 0.3320 0.0000
vt 0.7500 0.3467 0.0000
vt 0.7596 0.3480 0.0000
vt 0.7601 0.3333 0.0000
vt 0.7590 0.3621 0.0000
vt 0.7574 0.3882 0.0000
vt 0.7583 0.3755 0.0000
vt 0.7331 0.3143 0.0000
vt 0.7418 0.3154 0.0000
vt 0.7332 0.2987 0.0000
vt 0.7419 0.2997 0.0000
vt 0.7508 0.3166 0.0000
vt 0.7510 0.3008 0.0000
vt 0.7332 0.2829 0.0000
vt 0.7419 0.2838 0.0000
vt 0.7510 0.2848 0.0000
vt 0.7607 0.2859 0.0000
vt 0.7606 0.3019 0.0000
vt 0.7604 0.3178 0.0000
vt 0.7638 0.4363 0.0000
vt 0.7761 0.4390 0.0000
vt 0.7750 0.4501 0.0000
vt 0.7624 0.4471 0.0000
vt 0.7887 0.4416 0.0000
vt 0.7877 0.4531 0.0000
vt 0.7737 0.4611 0.0000
vt 0.7609 0.4577 0.0000
vt 0.7867 0.4645 0.0000
vt 0.8013 0.4440 0.0000
vt 0.8006 0.4558 0.0000
vt 0.7998 0.4676 0.0000
vt 0.7984 0.4915 0.0000
vt 0.7991 0.4795 0.0000
vt 0.7846 0.4872 0.0000
vt 0.7856 0.4758 0.0000
vt 0.7707 0.4829 0.0000
vt 0.7569 0.4786 0.0000
vt 0.7591 0.4682 0.0000
vt 0.7722 0.4720 0.0000
vt 0.7195 0.4265 0.0000
vt 0.7299 0.4288 0.0000
vt 0.7277 0.4386 0.0000
vt 0.7170 0.4359 0.0000
vt 0.7408 0.4312 0.0000
vt 0.7388 0.4414 0.0000
vt 0.7252 0.4481 0.0000
vt 0.7143 0.4450 0.0000
vt 0.7366 0.4512 0.0000
vt 0.7521 0.4337 0.0000
vt 0.7504 0.4442 0.0000
vt 0.7485 0.4544 0.0000
vt 0.7444 0.4745 0.0000
vt 0.7465 0.4645 0.0000
vt 0.7320 0.4704 0.0000
vt 0.7344 0.4608 0.0000
vt 0.7196 0.4663 0.0000
vt 0.7071 0.4622 0.0000
vt 0.7113 0.4537 0.0000
vt 0.7224 0.4572 0.0000
vt 0.7359 0.3967 0.0000
vt 0.7261 0.3949 0.0000
vt 0.7459 0.3985 0.0000
vt 0.7341 0.4079 0.0000
vt 0.7240 0.4060 0.0000
vt 0.7444 0.4099 0.0000
vt 0.7672 0.4022 0.0000
vt 0.7563 0.4003 0.0000
vt 0.7662 0.4139 0.0000
vt 0.7550 0.4119 0.0000
vt 0.7536 0.4230 0.0000
vt 0.7651 0.4253 0.0000
vt 0.7426 0.4208 0.0000
vt 0.7218 0.4165 0.0000
vt 0.7321 0.4186 0.0000
vt 0.7788 0.4040 0.0000
vt 0.7909 0.4058 0.0000
vt 0.7780 0.4160 0.0000
vt 0.7902 0.4180 0.0000
vt 0.8031 0.4074 0.0000
vt 0.8026 0.4199 0.0000
vt 0.8020 0.4321 0.0000
vt 0.7895 0.4299 0.0000
vt 0.7771 0.4276 0.0000
vt 0.6823 0.4181 0.0000
vt 0.6802 0.4264 0.0000
vt 0.6726 0.4246 0.0000
vt 0.6745 0.4165 0.0000
vt 0.6779 0.4341 0.0000
vt 0.6708 0.4320 0.0000
vt 0.6657 0.4231 0.0000
vt 0.6672 0.4153 0.0000
vt 0.6643 0.4303 0.0000
vt 0.6752 0.4413 0.0000
vt 0.6714 0.4480 0.0000
vt 0.6665 0.4457 0.0000
vt 0.6687 0.4390 0.0000
vt 0.6615 0.4434 0.0000
vt 0.6629 0.4370 0.0000
vt 0.6516 0.4388 0.0000
vt 0.6522 0.4349 0.0000
vt 0.6574 0.4354 0.0000
vt 0.6565 0.4411 0.0000
vt 0.6526 0.4291 0.0000
vt 0.6583 0.4293 0.0000
vt 0.6531 0.4222 0.0000
vt 0.6537 0.4144 0.0000
vt 0.6603 0.4145 0.0000
vt 0.6593 0.4223 0.0000
vt 0.6909 0.3773 0.0000
vt 0.6887 0.3887 0.0000
vt 0.6802 0.3875 0.0000
vt 0.6823 0.3762 0.0000
vt 0.6866 0.3992 0.0000
vt 0.6783 0.3980 0.0000
vt 0.6721 0.3865 0.0000
vt 0.6740 0.3752 0.0000
vt 0.6704 0.3969 0.0000
vt 0.6844 0.4090 0.0000
vt 0.6763 0.4076 0.0000
vt 0.6687 0.4065 0.0000
vt 0.6545 0.4057 0.0000
vt 0.6615 0.4058 0.0000
vt 0.6555 0.3961 0.0000
vt 0.6628 0.3963 0.0000
vt 0.6567 0.3856 0.0000
vt 0.6581 0.3742 0.0000
vt 0.6659 0.3746 0.0000
vt 0.6643 0.3858 0.0000
vt 0.7164 0.3932 0.0000
vt 0.7184 0.3816 0.0000
vt 0.7142 0.4042 0.0000
vt 0.7069 0.3916 0.0000
vt 0.7090 0.3801 0.0000
vt 0.7046 0.4024 0.0000
vt 0.7094 0.4242 0.0000
vt 0.7119 0.4145 0.0000
vt 0.6998 0.4220 0.0000
vt 0.7023 0.4125 0.0000
vt 0.6931 0.4107 0.0000
vt 0.6908 0.4199 0.0000
vt 0.6954 0.4007 0.0000
vt 0.6998 0.3786 0.0000
vt 0.6976 0.3901 0.0000
vt 0.7069 0.4333 0.0000
vt 0.7042 0.4420 0.0000
vt 0.6973 0.4308 0.0000
vt 0.6948 0.4392 0.0000
vt 0.6982 0.4586 0.0000
vt 0.7013 0.4504 0.0000
vt 0.6892 0.4551 0.0000
vt 0.6920 0.4472 0.0000
vt 0.6832 0.4441 0.0000
vt 0.6803 0.4516 0.0000
vt 0.6859 0.4365 0.0000
vt 0.6884 0.4285 0.0000
vt 0.7240 0.3281 0.0000
vt 0.7246 0.3132 0.0000
vt 0.7154 0.3269 0.0000
vt 0.7162 0.3122 0.0000
vt 0.7249 0.2978 0.0000
vt 0.7167 0.2971 0.0000
vt 0.7069 0.3259 0.0000
vt 0.6984 0.3249 0.0000
vt 0.6997 0.3106 0.0000
vt 0.7079 0.3113 0.0000
vt 0.7006 0.2958 0.0000
vt 0.7086 0.2964 0.0000
vt 0.7090 0.2810 0.0000
vt 0.7012 0.2807 0.0000
vt 0.7169 0.2815 0.0000
vt 0.7249 0.2821 0.0000
vt 0.7202 0.3692 0.0000
vt 0.7110 0.3678 0.0000
vt 0.7218 0.3562 0.0000
vt 0.7127 0.3548 0.0000
vt 0.6930 0.3652 0.0000
vt 0.7019 0.3664 0.0000
vt 0.6950 0.3523 0.0000
vt 0.7038 0.3535 0.0000
vt 0.7055 0.3399 0.0000
vt 0.6969 0.3388 0.0000
vt 0.7142 0.3412 0.0000
vt 0.7230 0.3425 0.0000
vt 0.6844 0.3641 0.0000
vt 0.6760 0.3632 0.0000
vt 0.6864 0.3512 0.0000
vt 0.6779 0.3504 0.0000
vt 0.6597 0.3621 0.0000
vt 0.6677 0.3625 0.0000
vt 0.6614 0.3494 0.0000
vt 0.6696 0.3497 0.0000
vt 0.6648 0.3226 0.0000
vt 0.6732 0.3229 0.0000
vt 0.6714 0.3365 0.0000
vt 0.6631 0.3362 0.0000
vt 0.6816 0.3233 0.0000
vt 0.6798 0.3371 0.0000
vt 0.6900 0.3240 0.0000
vt 0.6883 0.3379 0.0000
vt 0.1203 0.0759 0.0000
vt 0.1119 0.0754 0.0000
vt 0.1126 0.0665 0.0000
vt 0.1207 0.0666 0.0000
vt 0.1037 0.0746 0.0000
vt 0.1046 0.0662 0.0000
vt 0.1126 0.0582 0.0000
vt 0.1203 0.0578 0.0000
vt 0.1052 0.0585 0.0000
vt 0.0955 0.0731 0.0000
vt 0.0877 0.0705 0.0000
vt 0.0892 0.0646 0.0000
vt 0.0969 0.0655 0.0000
vt 0.0907 0.0587 0.0000
vt 0.0979 0.0586 0.0000
vt 0.0937 0.0468 0.0000
vt 0.0996 0.0454 0.0000
vt 0.0988 0.0520 0.0000
vt 0.0922 0.0527 0.0000
vt 0.1056 0.0440 0.0000
vt 0.1055 0.0512 0.0000
vt 0.1116 0.0426 0.0000
vt 0.1175 0.0412 0.0000
vt 0.1194 0.0493 0.0000
vt 0.1122 0.0503 0.0000
vt 0.1556 0.0760 0.0000
vt 0.1466 0.0760 0.0000
vt 0.1464 0.0656 0.0000
vt 0.1553 0.0653 0.0000
vt 0.1377 0.0761 0.0000
vt 0.1376 0.0660 0.0000
vt 0.1454 0.0556 0.0000
vt 0.1542 0.0550 0.0000
vt 0.1368 0.0564 0.0000
vt 0.1289 0.0761 0.0000
vt 0.1291 0.0664 0.0000
vt 0.1284 0.0571 0.0000
vt 0.1258 0.0395 0.0000
vt 0.1272 0.0482 0.0000
vt 0.1340 0.0377 0.0000
vt 0.1355 0.0470 0.0000
vt 0.1423 0.0360 0.0000
vt 0.1505 0.0343 0.0000
vt 0.1526 0.0448 0.0000
vt 0.1440 0.0458 0.0000
vt 0.1499 0.1191 0.0000
vt 0.1411 0.1185 0.0000
vt 0.1429 0.1086 0.0000
vt 0.1521 0.1091 0.0000
vt 0.1322 0.1184 0.0000
vt 0.1337 0.1084 0.0000
vt 0.1446 0.0979 0.0000
vt 0.1539 0.0982 0.0000
vt 0.1354 0.0977 0.0000
vt 0.1230 0.1193 0.0000
vt 0.1124 0.1221 0.0000
vt 0.1151 0.1085 0.0000
vt 0.1244 0.1087 0.0000
vt 0.1174 0.0968 0.0000
vt 0.1264 0.0974 0.0000
vt 0.1280 0.0865 0.0000
vt 0.1192 0.0860 0.0000
vt 0.1369 0.0868 0.0000
vt 0.1551 0.0871 0.0000
vt 0.1459 0.0869 0.0000
vt 0.1032 0.1186 0.0000
vt 0.1063 0.1069 0.0000
vt 0.0948 0.1158 0.0000
vt 0.0977 0.1047 0.0000
vt 0.1087 0.0956 0.0000
vt 0.1001 0.0940 0.0000
vt 0.0867 0.1130 0.0000
vt 0.0788 0.1098 0.0000
vt 0.0810 0.1000 0.0000
vt 0.0893 0.1023 0.0000
vt 0.0833 0.0901 0.0000
vt 0.0916 0.0921 0.0000
vt 0.0938 0.0822 0.0000
vt 0.0855 0.0803 0.0000
vt 0.1021 0.0839 0.0000
vt 0.1106 0.0851 0.0000
vt 0.1923 0.0771 0.0000
vt 0.1918 0.0658 0.0000
vt 0.2010 0.0662 0.0000
vt 0.2013 0.0776 0.0000
vt 0.1907 0.0547 0.0000
vt 0.2001 0.0549 0.0000
vt 0.2102 0.0666 0.0000
vt 0.2103 0.0782 0.0000
vt 0.2097 0.0552 0.0000
vt 0.1892 0.0438 0.0000
vt 0.1872 0.0328 0.0000
vt 0.1976 0.0328 0.0000
vt 0.1990 0.0438 0.0000
vt 0.2080 0.0328 0.0000
vt 0.2089 0.0440 0.0000
vt 0.2288 0.0328 0.0000
vt 0.2290 0.0448 0.0000
vt 0.2189 0.0442 0.0000
vt 0.2184 0.0328 0.0000
vt 0.2291 0.0565 0.0000
vt 0.2193 0.0557 0.0000
vt 0.2290 0.0681 0.0000
vt 0.2286 0.0800 0.0000
vt 0.2194 0.0790 0.0000
vt 0.2195 0.0672 0.0000
vt 0.1861 0.1287 0.0000
vt 0.1896 0.1137 0.0000
vt 0.1988 0.1144 0.0000
vt 0.1971 0.1276 0.0000
vt 0.1913 0.1009 0.0000
vt 0.2004 0.1016 0.0000
vt 0.2079 0.1149 0.0000
vt 0.2063 0.1278 0.0000
vt 0.2092 0.1023 0.0000
vt 0.1922 0.0887 0.0000
vt 0.2012 0.0894 0.0000
vt 0.2100 0.0901 0.0000
vt 0.2278 0.0921 0.0000
vt 0.2189 0.0910 0.0000
vt 0.2268 0.1045 0.0000
vt 0.2180 0.1033 0.0000
vt 0.2255 0.1172 0.0000
vt 0.2239 0.1301 0.0000
vt 0.2151 0.1288 0.0000
vt 0.2167 0.1159 0.0000
vt 0.1614 0.1096 0.0000
vt 0.1588 0.1199 0.0000
vt 0.1633 0.0986 0.0000
vt 0.1708 0.1106 0.0000
vt 0.1677 0.1213 0.0000
vt 0.1727 0.0992 0.0000
vt 0.1648 0.0761 0.0000
vt 0.1644 0.0873 0.0000
vt 0.1740 0.0763 0.0000
vt 0.1738 0.0877 0.0000
vt 0.1830 0.0882 0.0000
vt 0.1831 0.0767 0.0000
vt 0.1821 0.1000 0.0000
vt 0.1766 0.1238 0.0000
vt 0.1802 0.1122 0.0000
vt 0.1643 0.0653 0.0000
vt 0.1631 0.0547 0.0000
vt 0.1734 0.0653 0.0000
vt 0.1722 0.0546 0.0000
vt 0.1597 0.0339 0.0000
vt 0.1615 0.0443 0.0000
vt 0.1689 0.0336 0.0000
vt 0.1706 0.0440 0.0000
vt 0.1798 0.0439 0.0000
vt 0.1780 0.0332 0.0000
vt 0.1814 0.0546 0.0000
vt 0.1826 0.0655 0.0000
vt 0.1807 0.1827 0.0000
vt 0.1885 0.1827 0.0000
vt 0.1855 0.1980 0.0000
vt 0.1778 0.1974 0.0000
vt 0.1969 0.1831 0.0000
vt 0.1940 0.1986 0.0000
vt 0.1821 0.2140 0.0000
vt 0.1743 0.2126 0.0000
vt 0.1909 0.2146 0.0000
vt 0.2058 0.1839 0.0000
vt 0.2151 0.1850 0.0000
vt 0.2127 0.1999 0.0000
vt 0.2031 0.1992 0.0000
vt 0.2103 0.2153 0.0000
vt 0.2004 0.2149 0.0000
vt 0.2054 0.2465 0.0000
vt 0.1949 0.2464 0.0000
vt 0.1976 0.2307 0.0000
vt 0.2078 0.2309 0.0000
vt 0.1846 0.2463 0.0000
vt 0.1877 0.2306 0.0000
vt 0.1743 0.2457 0.0000
vt 0.1631 0.2440 0.0000
vt 0.1698 0.2280 0.0000
vt 0.1782 0.2301 0.0000
vt 0.1419 0.2013 0.0000
vt 0.1398 0.2024 0.0000
vt 0.1400 0.1983 0.0000
vt 0.1428 0.1984 0.0000
vt 0.1366 0.2034 0.0000
vt 0.1367 0.1988 0.0000
vt 0.1406 0.1938 0.0000
vt 0.1437 0.1941 0.0000
vt 0.1372 0.1938 0.0000
vt 0.1328 0.2039 0.0000
vt 0.1288 0.2036 0.0000
vt 0.1290 0.1985 0.0000
vt 0.1330 0.1989 0.0000
vt 0.1294 0.1930 0.0000
vt 0.1334 0.1936 0.0000
vt 0.1307 0.1816 0.0000
vt 0.1347 0.1826 0.0000
vt 0.1340 0.1881 0.0000
vt 0.1300 0.1873 0.0000
vt 0.1384 0.1834 0.0000
vt 0.1378 0.1886 0.0000
vt 0.1419 0.1840 0.0000
vt 0.1450 0.1846 0.0000
vt 0.1445 0.1894 0.0000
vt 0.1413 0.1890 0.0000
vt 0.1451 0.1694 0.0000
vt 0.1452 0.1719 0.0000
vt 0.1429 0.1710 0.0000
vt 0.1435 0.1678 0.0000
vt 0.1453 0.1756 0.0000
vt 0.1426 0.1748 0.0000
vt 0.1402 0.1695 0.0000
vt 0.1411 0.1658 0.0000
vt 0.1396 0.1737 0.0000
vt 0.1453 0.1799 0.0000
vt 0.1423 0.1792 0.0000
vt 0.1390 0.1784 0.0000
vt 0.1317 0.1762 0.0000
vt 0.1354 0.1774 0.0000
vt 0.1328 0.1711 0.0000
vt 0.1363 0.1724 0.0000
vt 0.1340 0.1665 0.0000
vt 0.1352 0.1623 0.0000
vt 0.1383 0.1640 0.0000
vt 0.1373 0.1679 0.0000
vt 0.1955 0.1409 0.0000
vt 0.1866 0.1429 0.0000
vt 0.2044 0.1410 0.0000
vt 0.1937 0.1545 0.0000
vt 0.1855 0.1559 0.0000
vt 0.2022 0.1545 0.0000
vt 0.2220 0.1432 0.0000
vt 0.2131 0.1419 0.0000
vt 0.2198 0.1567 0.0000
vt 0.2109 0.1554 0.0000
vt 0.2084 0.1693 0.0000
vt 0.2175 0.1706 0.0000
vt 0.1997 0.1685 0.0000
vt 0.1834 0.1690 0.0000
vt 0.1913 0.1683 0.0000
vt 0.0934 0.1674 0.0000
vt 0.0907 0.1787 0.0000
vt 0.0850 0.1768 0.0000
vt 0.0879 0.1651 0.0000
vt 0.0888 0.1903 0.0000
vt 0.0826 0.1887 0.0000
vt 0.0785 0.1742 0.0000
vt 0.0815 0.1624 0.0000
vt 0.0758 0.1862 0.0000
vt 0.0878 0.2023 0.0000
vt 0.0885 0.2164 0.0000
vt 0.0788 0.2135 0.0000
vt 0.0808 0.2010 0.0000
vt 0.0705 0.2108 0.0000
vt 0.0732 0.1984 0.0000
vt 0.0546 0.2044 0.0000
vt 0.0578 0.1923 0.0000
vt 0.0655 0.1954 0.0000
vt 0.0625 0.2078 0.0000
vt 0.0610 0.1802 0.0000
vt 0.0685 0.1833 0.0000
vt 0.0642 0.1681 0.0000
vt 0.0674 0.1560 0.0000
vt 0.0746 0.1593 0.0000
vt 0.0715 0.1713 0.0000
vt 0.1054 0.1340 0.0000
vt 0.0991 0.1302 0.0000
vt 0.1005 0.1451 0.0000
vt 0.0948 0.1418 0.0000
vt 0.0915 0.1272 0.0000
vt 0.0881 0.1388 0.0000
vt 0.0966 0.1562 0.0000
vt 0.0911 0.1535 0.0000
vt 0.0847 0.1506 0.0000
vt 0.0703 0.1445 0.0000
vt 0.0776 0.1475 0.0000
vt 0.0731 0.1329 0.0000
vt 0.0807 0.1358 0.0000
vt 0.0759 0.1214 0.0000
vt 0.0838 0.1242 0.0000
vt 0.1227 0.1607 0.0000
vt 0.1250 0.1605 0.0000
vt 0.1236 0.1638 0.0000
vt 0.1209 0.1629 0.0000
vt 0.1282 0.1606 0.0000
vt 0.1269 0.1644 0.0000
vt 0.1218 0.1676 0.0000
vt 0.1187 0.1664 0.0000
vt 0.1253 0.1687 0.0000
vt 0.1317 0.1612 0.0000
vt 0.1304 0.1653 0.0000
vt 0.1291 0.1699 0.0000
vt 0.1266 0.1803 0.0000
vt 0.1277 0.1749 0.0000
vt 0.1225 0.1787 0.0000
vt 0.1238 0.1735 0.0000
vt 0.1186 0.1772 0.0000
vt 0.1151 0.1758 0.0000
vt 0.1167 0.1707 0.0000
vt 0.1200 0.1721 0.0000
vt 0.2660 0.0868 0.0000
vt 0.2567 0.0846 0.0000
vt 0.2578 0.0728 0.0000
vt 0.2673 0.0749 0.0000
vt 0.2473 0.0828 0.0000
vt 0.2482 0.0709 0.0000
vt 0.2588 0.0610 0.0000
vt 0.2685 0.0632 0.0000
vt 0.2490 0.0592 0.0000
vt 0.2379 0.0812 0.0000
vt 0.2385 0.0694 0.0000
vt 0.2390 0.0577 0.0000
vt 0.2395 0.0344 0.0000
vt 0.2393 0.0460 0.0000
vt 0.2503 0.0359 0.0000
vt 0.2496 0.0475 0.0000
vt 0.2610 0.0375 0.0000
vt 0.2718 0.0391 0.0000
vt 0.2700 0.0514 0.0000
vt 0.2599 0.0493 0.0000
vt 0.3008 0.0976 0.0000
vt 0.2925 0.0946 0.0000
vt 0.2940 0.0832 0.0000
vt 0.3024 0.0864 0.0000
vt 0.2839 0.0918 0.0000
vt 0.2854 0.0802 0.0000
vt 0.2958 0.0721 0.0000
vt 0.3042 0.0755 0.0000
vt 0.2870 0.0689 0.0000
vt 0.2751 0.0892 0.0000
vt 0.2765 0.0774 0.0000
vt 0.2779 0.0659 0.0000
vt 0.2811 0.0428 0.0000
vt 0.2795 0.0543 0.0000
vt 0.2904 0.0464 0.0000
vt 0.2887 0.0576 0.0000
vt 0.2997 0.0500 0.0000
vt 0.3090 0.0537 0.0000
vt 0.3063 0.0647 0.0000
vt 0.2977 0.0610 0.0000
vt 0.2964 0.1456 0.0000
vt 0.2877 0.1433 0.0000
vt 0.2887 0.1306 0.0000
vt 0.2973 0.1331 0.0000
vt 0.2788 0.1410 0.0000
vt 0.2800 0.1283 0.0000
vt 0.2899 0.1183 0.0000
vt 0.2983 0.1209 0.0000
vt 0.2812 0.1158 0.0000
vt 0.2698 0.1388 0.0000
vt 0.2606 0.1367 0.0000
vt 0.2620 0.1238 0.0000
vt 0.2711 0.1260 0.0000
vt 0.2634 0.1112 0.0000
vt 0.2724 0.1134 0.0000
vt 0.2737 0.1012 0.0000
vt 0.2647 0.0989 0.0000
vt 0.2825 0.1036 0.0000
vt 0.2994 0.1090 0.0000
vt 0.2911 0.1063 0.0000
vt 0.2513 0.1348 0.0000
vt 0.2528 0.1219 0.0000
vt 0.2421 0.1331 0.0000
vt 0.2436 0.1201 0.0000
vt 0.2542 0.1092 0.0000
vt 0.2450 0.1074 0.0000
vt 0.2329 0.1315 0.0000
vt 0.2345 0.1186 0.0000
vt 0.2359 0.1059 0.0000
vt 0.2370 0.0934 0.0000
vt 0.2463 0.0950 0.0000
vt 0.2555 0.0968 0.0000
vt 0.3309 0.1093 0.0000
vt 0.3321 0.0994 0.0000
vt 0.3387 0.1021 0.0000
vt 0.3377 0.1117 0.0000
vt 0.3337 0.0900 0.0000
vt 0.3399 0.0931 0.0000
vt 0.3449 0.1044 0.0000
vt 0.3442 0.1136 0.0000
vt 0.3458 0.0957 0.0000
vt 0.3356 0.0809 0.0000
vt 0.3384 0.0722 0.0000
vt 0.3432 0.0759 0.0000
vt 0.3415 0.0844 0.0000
vt 0.3479 0.0795 0.0000
vt 0.3468 0.0875 0.0000
vt 0.3575 0.0869 0.0000
vt 0.3574 0.0916 0.0000
vt 0.3521 0.0902 0.0000
vt 0.3527 0.0832 0.0000
vt 0.3572 0.0985 0.0000
vt 0.3516 0.0977 0.0000
vt 0.3571 0.1065 0.0000
vt 0.3570 0.1155 0.0000
vt 0.3507 0.1149 0.0000
vt 0.3511 0.1059 0.0000
vt 0.3287 0.1535 0.0000
vt 0.3289 0.1419 0.0000
vt 0.3362 0.1435 0.0000
vt 0.3361 0.1550 0.0000
vt 0.3294 0.1306 0.0000
vt 0.3365 0.1324 0.0000
vt 0.3433 0.1448 0.0000
vt 0.3432 0.1561 0.0000
vt 0.3434 0.1339 0.0000
vt 0.3300 0.1197 0.0000
vt 0.3370 0.1218 0.0000
vt 0.3437 0.1234 0.0000
vt 0.3570 0.1251 0.0000
vt 0.3504 0.1246 0.0000
vt 0.3571 0.1353 0.0000
vt 0.3503 0.1349 0.0000
vt 0.3571 0.1461 0.0000
vt 0.3572 0.1574 0.0000
vt 0.3502 0.1569 0.0000
vt 0.3502 0.1457 0.0000
vt 0.3056 0.1355 0.0000
vt 0.3049 0.1478 0.0000
vt 0.3064 0.1235 0.0000
vt 0.3136 0.1378 0.0000
vt 0.3131 0.1499 0.0000
vt 0.3143 0.1260 0.0000
vt 0.3088 0.1006 0.0000
vt 0.3075 0.1119 0.0000
vt 0.3164 0.1037 0.0000
vt 0.3153 0.1146 0.0000
vt 0.3228 0.1173 0.0000
vt 0.3238 0.1066 0.0000
vt 0.3220 0.1284 0.0000
vt 0.3211 0.1518 0.0000
vt 0.3214 0.1399 0.0000
vt 0.3103 0.0898 0.0000
vt 0.3121 0.0792 0.0000
vt 0.3179 0.0931 0.0000
vt 0.3197 0.0829 0.0000
vt 0.3163 0.0583 0.0000
vt 0.3142 0.0687 0.0000
vt 0.3237 0.0630 0.0000
vt 0.3216 0.0729 0.0000
vt 0.3289 0.0770 0.0000
vt 0.3311 0.0676 0.0000
vt 0.3269 0.0865 0.0000
vt 0.3252 0.0964 0.0000
vt 0.3266 0.2052 0.0000
vt 0.3354 0.2047 0.0000
vt 0.3352 0.2180 0.0000
vt 0.3284 0.2192 0.0000
vt 0.3428 0.2050 0.0000
vt 0.3422 0.2181 0.0000
vt 0.3349 0.2315 0.0000
vt 0.3286 0.2320 0.0000
vt 0.3415 0.2317 0.0000
vt 0.3497 0.2054 0.0000
vt 0.3565 0.2058 0.0000
vt 0.3557 0.2190 0.0000
vt 0.3490 0.2186 0.0000
vt 0.3547 0.2326 0.0000
vt 0.3481 0.2321 0.0000
vt 0.3525 0.2611 0.0000
vt 0.3459 0.2606 0.0000
vt 0.3470 0.2462 0.0000
vt 0.3536 0.2466 0.0000
vt 0.3395 0.2599 0.0000
vt 0.3405 0.2456 0.0000
vt 0.3332 0.2591 0.0000
vt 0.3273 0.2580 0.0000
vt 0.3281 0.2448 0.0000
vt 0.3342 0.2451 0.0000
vt 0.2916 0.2503 0.0000
vt 0.2917 0.2465 0.0000
vt 0.2939 0.2468 0.0000
vt 0.2938 0.2506 0.0000
vt 0.2918 0.2426 0.0000
vt 0.2939 0.2430 0.0000
vt 0.2960 0.2471 0.0000
vt 0.2959 0.2510 0.0000
vt 0.2959 0.2434 0.0000
vt 0.2919 0.2389 0.0000
vt 0.2920 0.2354 0.0000
vt 0.2941 0.2358 0.0000
vt 0.2940 0.2393 0.0000
vt 0.2960 0.2365 0.0000
vt 0.2959 0.2398 0.0000
vt 0.2989 0.2383 0.0000
vt 0.2992 0.2406 0.0000
vt 0.2976 0.2404 0.0000
vt 0.2977 0.2375 0.0000
vt 0.2996 0.2438 0.0000
vt 0.2978 0.2437 0.0000
vt 0.2999 0.2476 0.0000
vt 0.2999 0.2516 0.0000
vt 0.2979 0.2513 0.0000
vt 0.2980 0.2474 0.0000
vt 0.3044 0.1604 0.0000
vt 0.2957 0.1584 0.0000
vt 0.3128 0.1623 0.0000
vt 0.3039 0.1728 0.0000
vt 0.2952 0.1710 0.0000
vt 0.3124 0.1745 0.0000
vt 0.3286 0.1654 0.0000
vt 0.3209 0.1639 0.0000
vt 0.3285 0.1778 0.0000
vt 0.3206 0.1763 0.0000
vt 0.3183 0.1998 0.0000
vt 0.3200 0.1886 0.0000
vt 0.3280 0.1906 0.0000
vt 0.3104 0.1969 0.0000
vt 0.3117 0.1863 0.0000
vt 0.3024 0.1951 0.0000
vt 0.2942 0.1937 0.0000
vt 0.2947 0.1829 0.0000
vt 0.3033 0.1845 0.0000
vt 0.3361 0.1667 0.0000
vt 0.3433 0.1677 0.0000
vt 0.3360 0.1789 0.0000
vt 0.3433 0.1797 0.0000
vt 0.3572 0.1689 0.0000
vt 0.3503 0.1685 0.0000
vt 0.3572 0.1808 0.0000
vt 0.3503 0.1804 0.0000
vt 0.3501 0.1927 0.0000
vt 0.3570 0.1931 0.0000
vt 0.3431 0.1922 0.0000
vt 0.3357 0.1916 0.0000
vt 0.2567 0.1937 0.0000
vt 0.2522 0.2080 0.0000
vt 0.2429 0.2044 0.0000
vt 0.2451 0.1901 0.0000
vt 0.2497 0.2213 0.0000
vt 0.2406 0.2188 0.0000
vt 0.2327 0.2023 0.0000
vt 0.2347 0.1878 0.0000
vt 0.2307 0.2171 0.0000
vt 0.2479 0.2348 0.0000
vt 0.2464 0.2487 0.0000
vt 0.2370 0.2482 0.0000
vt 0.2387 0.2333 0.0000
vt 0.2268 0.2476 0.0000
vt 0.2287 0.2322 0.0000
vt 0.2183 0.2314 0.0000
vt 0.2161 0.2470 0.0000
vt 0.2205 0.2160 0.0000
vt 0.2247 0.1862 0.0000
vt 0.2226 0.2009 0.0000
vt 0.2591 0.1499 0.0000
vt 0.2497 0.1480 0.0000
vt 0.2578 0.1634 0.0000
vt 0.2481 0.1615 0.0000
vt 0.2403 0.1463 0.0000
vt 0.2385 0.1598 0.0000
vt 0.2568 0.1775 0.0000
vt 0.2467 0.1757 0.0000
vt 0.2366 0.1736 0.0000
vt 0.2269 0.1720 0.0000
vt 0.2290 0.1582 0.0000
vt 0.2310 0.1447 0.0000
vt 0.2868 0.1562 0.0000
vt 0.2861 0.1690 0.0000
vt 0.2777 0.1541 0.0000
vt 0.2769 0.1670 0.0000
vt 0.2857 0.1922 0.0000
vt 0.2857 0.1811 0.0000
vt 0.2768 0.1911 0.0000
vt 0.2765 0.1796 0.0000
vt 0.2668 0.1786 0.0000
vt 0.2675 0.1912 0.0000
vt 0.2674 0.1652 0.0000
vt 0.2685 0.1519 0.0000
vt 0.2897 0.2389 0.0000
vt 0.2897 0.2355 0.0000
vt 0.2896 0.2425 0.0000
vt 0.2875 0.2391 0.0000
vt 0.2874 0.2359 0.0000
vt 0.2873 0.2425 0.0000
vt 0.2893 0.2500 0.0000
vt 0.2894 0.2462 0.0000
vt 0.2870 0.2496 0.0000
vt 0.2871 0.2461 0.0000
vt 0.2826 0.2491 0.0000
vt 0.2828 0.2455 0.0000
vt 0.2849 0.2458 0.0000
vt 0.2847 0.2493 0.0000
vt 0.2831 0.2422 0.0000
vt 0.2851 0.2425 0.0000
vt 0.2836 0.2392 0.0000
vt 0.2840 0.2372 0.0000
vt 0.2854 0.2365 0.0000
vt 0.2854 0.2393 0.0000
vt 0.0755 0.2657 0.0000
vt 0.0669 0.2634 0.0000
vt 0.0699 0.2510 0.0000
vt 0.0786 0.2537 0.0000
vt 0.0585 0.2615 0.0000
vt 0.0615 0.2489 0.0000
vt 0.0730 0.2386 0.0000
vt 0.0817 0.2416 0.0000
vt 0.0646 0.2361 0.0000
vt 0.0503 0.2600 0.0000
vt 0.0420 0.2591 0.0000
vt 0.0451 0.2454 0.0000
vt 0.0533 0.2471 0.0000
vt 0.0483 0.2317 0.0000
vt 0.0564 0.2339 0.0000
vt 0.0594 0.2207 0.0000
vt 0.0514 0.2181 0.0000
vt 0.0676 0.2234 0.0000
vt 0.0848 0.2295 0.0000
vt 0.0761 0.2261 0.0000
vt 0.1130 0.2797 0.0000
vt 0.1033 0.2757 0.0000
vt 0.1065 0.2643 0.0000
vt 0.1162 0.2684 0.0000
vt 0.0938 0.2719 0.0000
vt 0.0970 0.2604 0.0000
vt 0.1094 0.2537 0.0000
vt 0.1190 0.2579 0.0000
vt 0.0999 0.2495 0.0000
vt 0.0845 0.2686 0.0000
vt 0.0876 0.2568 0.0000
vt 0.0907 0.2454 0.0000
vt 0.0971 0.2252 0.0000
vt 0.0937 0.2344 0.0000
vt 0.1057 0.2313 0.0000
vt 0.1028 0.2396 0.0000
vt 0.1145 0.2363 0.0000
vt 0.1235 0.2404 0.0000
vt 0.1215 0.2485 0.0000
vt 0.1121 0.2443 0.0000
vt 0.0987 0.3277 0.0000
vt 0.0892 0.3233 0.0000
vt 0.0927 0.3116 0.0000
vt 0.1022 0.3159 0.0000
vt 0.0801 0.3193 0.0000
vt 0.0835 0.3078 0.0000
vt 0.0963 0.2996 0.0000
vt 0.1059 0.3037 0.0000
vt 0.0870 0.2959 0.0000
vt 0.0714 0.3158 0.0000
vt 0.0631 0.3128 0.0000
vt 0.0661 0.3016 0.0000
vt 0.0746 0.3044 0.0000
vt 0.0692 0.2899 0.0000
vt 0.0779 0.2926 0.0000
vt 0.0812 0.2806 0.0000
vt 0.0723 0.2778 0.0000
vt 0.0904 0.2839 0.0000
vt 0.1095 0.2916 0.0000
vt 0.0999 0.2875 0.0000
vt 0.0552 0.3104 0.0000
vt 0.0579 0.2993 0.0000
vt 0.0475 0.3086 0.0000
vt 0.0500 0.2975 0.0000
vt 0.0608 0.2876 0.0000
vt 0.0528 0.2858 0.0000
vt 0.0399 0.3074 0.0000
vt 0.0320 0.3071 0.0000
vt 0.0345 0.2951 0.0000
vt 0.0422 0.2962 0.0000
vt 0.0370 0.2831 0.0000
vt 0.0448 0.2844 0.0000
vt 0.0475 0.2724 0.0000
vt 0.0395 0.2711 0.0000
vt 0.0556 0.2738 0.0000
vt 0.0638 0.2756 0.0000
vt 0.1526 0.2965 0.0000
vt 0.1556 0.2842 0.0000
vt 0.1659 0.2869 0.0000
vt 0.1631 0.2998 0.0000
vt 0.1583 0.2719 0.0000
vt 0.1686 0.2738 0.0000
vt 0.1764 0.2891 0.0000
vt 0.1738 0.3027 0.0000
vt 0.1791 0.2753 0.0000
vt 0.1609 0.2590 0.0000
vt 0.1713 0.2602 0.0000
vt 0.1818 0.2611 0.0000
vt 0.2029 0.2620 0.0000
vt 0.1923 0.2616 0.0000
vt 0.2005 0.2774 0.0000
vt 0.1897 0.2764 0.0000
vt 0.1981 0.2925 0.0000
vt 0.1958 0.3074 0.0000
vt 0.1847 0.3052 0.0000
vt 0.1871 0.2909 0.0000
vt 0.1405 0.3470 0.0000
vt 0.1434 0.3346 0.0000
vt 0.1546 0.3389 0.0000
vt 0.1520 0.3515 0.0000
vt 0.1465 0.3219 0.0000
vt 0.1574 0.3260 0.0000
vt 0.1660 0.3429 0.0000
vt 0.1636 0.3558 0.0000
vt 0.1685 0.3297 0.0000
vt 0.1496 0.3091 0.0000
vt 0.1602 0.3129 0.0000
vt 0.1711 0.3162 0.0000
vt 0.1935 0.3220 0.0000
vt 0.1822 0.3193 0.0000
vt 0.1913 0.3362 0.0000
vt 0.1799 0.3331 0.0000
vt 0.1892 0.3500 0.0000
vt 0.1872 0.3633 0.0000
vt 0.1754 0.3597 0.0000
vt 0.1776 0.3466 0.0000
vt 0.1120 0.3204 0.0000
vt 0.1086 0.3324 0.0000
vt 0.1157 0.3082 0.0000
vt 0.1222 0.3252 0.0000
vt 0.1188 0.3373 0.0000
vt 0.1257 0.3128 0.0000
vt 0.1227 0.2840 0.0000
vt 0.1192 0.2959 0.0000
vt 0.1325 0.2884 0.0000
vt 0.1291 0.3004 0.0000
vt 0.1392 0.3049 0.0000
vt 0.1424 0.2926 0.0000
vt 0.1359 0.3174 0.0000
vt 0.1295 0.3422 0.0000
vt 0.1326 0.3299 0.0000
vt 0.1258 0.2727 0.0000
vt 0.1286 0.2621 0.0000
vt 0.1356 0.2769 0.0000
vt 0.1383 0.2660 0.0000
vt 0.1326 0.2439 0.0000
vt 0.1309 0.2525 0.0000
vt 0.1419 0.2463 0.0000
vt 0.1405 0.2557 0.0000
vt 0.1506 0.2577 0.0000
vt 0.1516 0.2469 0.0000
vt 0.1483 0.2692 0.0000
vt 0.1455 0.2808 0.0000
vt 0.1301 0.3919 0.0000
vt 0.1424 0.3973 0.0000
vt 0.1398 0.4075 0.0000
vt 0.1274 0.4018 0.0000
vt 0.1549 0.4024 0.0000
vt 0.1526 0.4128 0.0000
vt 0.1371 0.4172 0.0000
vt 0.1244 0.4112 0.0000
vt 0.1503 0.4230 0.0000
vt 0.1675 0.4071 0.0000
vt 0.1799 0.4115 0.0000
vt 0.1782 0.4225 0.0000
vt 0.1655 0.4179 0.0000
vt 0.1766 0.4333 0.0000
vt 0.1635 0.4284 0.0000
vt 0.1739 0.4562 0.0000
vt 0.1596 0.4495 0.0000
vt 0.1616 0.4390 0.0000
vt 0.1750 0.4443 0.0000
vt 0.1454 0.4428 0.0000
vt 0.1479 0.4330 0.0000
vt 0.1311 0.4362 0.0000
vt 0.1169 0.4295 0.0000
vt 0.1211 0.4204 0.0000
vt 0.1342 0.4268 0.0000
vt 0.0862 0.3691 0.0000
vt 0.0962 0.3747 0.0000
vt 0.0932 0.3837 0.0000
vt 0.0832 0.3779 0.0000
vt 0.1070 0.3805 0.0000
vt 0.1040 0.3898 0.0000
vt 0.0901 0.3923 0.0000
vt 0.0801 0.3862 0.0000
vt 0.1009 0.3986 0.0000
vt 0.1183 0.3862 0.0000
vt 0.1154 0.3958 0.0000
vt 0.1123 0.4049 0.0000
vt 0.1057 0.4225 0.0000
vt 0.1091 0.4138 0.0000
vt 0.0944 0.4155 0.0000
vt 0.0977 0.4071 0.0000
vt 0.0831 0.4085 0.0000
vt 0.0719 0.4015 0.0000
vt 0.0765 0.3941 0.0000
vt 0.0867 0.4005 0.0000
vt 0.1053 0.3439 0.0000
vt 0.0954 0.3390 0.0000
vt 0.1157 0.3489 0.0000
vt 0.1022 0.3547 0.0000
vt 0.0922 0.3496 0.0000
vt 0.1127 0.3600 0.0000
vt 0.1378 0.3590 0.0000
vt 0.1266 0.3540 0.0000
vt 0.1352 0.3705 0.0000
vt 0.1238 0.3653 0.0000
vt 0.1210 0.3761 0.0000
vt 0.1327 0.3815 0.0000
vt 0.1098 0.3705 0.0000
vt 0.0892 0.3596 0.0000
vt 0.0992 0.3650 0.0000
vt 0.1495 0.3637 0.0000
vt 0.1614 0.3681 0.0000
vt 0.1471 0.3754 0.0000
vt 0.1592 0.3800 0.0000
vt 0.1853 0.3761 0.0000
vt 0.1733 0.3723 0.0000
vt 0.1834 0.3884 0.0000
vt 0.1714 0.3844 0.0000
vt 0.1694 0.3960 0.0000
vt 0.1817 0.4002 0.0000
vt 0.1571 0.3914 0.0000
vt 0.1447 0.3866 0.0000
vt 0.0530 0.3510 0.0000
vt 0.0507 0.3588 0.0000
vt 0.0443 0.3557 0.0000
vt 0.0462 0.3481 0.0000
vt 0.0483 0.3659 0.0000
vt 0.0422 0.3626 0.0000
vt 0.0382 0.3534 0.0000
vt 0.0398 0.3461 0.0000
vt 0.0367 0.3601 0.0000
vt 0.0455 0.3724 0.0000
vt 0.0417 0.3777 0.0000
vt 0.0377 0.3750 0.0000
vt 0.0400 0.3690 0.0000
vt 0.0336 0.3724 0.0000
vt 0.0351 0.3663 0.0000
vt 0.0255 0.3670 0.0000
vt 0.0259 0.3615 0.0000
vt 0.0305 0.3638 0.0000
vt 0.0296 0.3697 0.0000
vt 0.0263 0.3559 0.0000
vt 0.0314 0.3579 0.0000
vt 0.0268 0.3504 0.0000
vt 0.0272 0.3449 0.0000
vt 0.0335 0.3448 0.0000
vt 0.0324 0.3518 0.0000
vt 0.0604 0.3233 0.0000
vt 0.0527 0.3209 0.0000
vt 0.0578 0.3332 0.0000
vt 0.0504 0.3307 0.0000
vt 0.0453 0.3190 0.0000
vt 0.0433 0.3287 0.0000
vt 0.0554 0.3424 0.0000
vt 0.0483 0.3398 0.0000
vt 0.0415 0.3378 0.0000
vt 0.0284 0.3354 0.0000
vt 0.0349 0.3365 0.0000
vt 0.0296 0.3260 0.0000
vt 0.0364 0.3273 0.0000
vt 0.0308 0.3166 0.0000
vt 0.0380 0.3177 0.0000
vt 0.0859 0.3344 0.0000
vt 0.0828 0.3448 0.0000
vt 0.0770 0.3302 0.0000
vt 0.0740 0.3404 0.0000
vt 0.0769 0.3638 0.0000
vt 0.0798 0.3546 0.0000
vt 0.0683 0.3589 0.0000
vt 0.0711 0.3500 0.0000
vt 0.0630 0.3459 0.0000
vt 0.0604 0.3546 0.0000
vt 0.0657 0.3365 0.0000
vt 0.0685 0.3265 0.0000
vt 0.0740 0.3723 0.0000
vt 0.0710 0.3804 0.0000
vt 0.0656 0.3672 0.0000
vt 0.0627 0.3750 0.0000
vt 0.0644 0.3955 0.0000
vt 0.0677 0.3881 0.0000
vt 0.0568 0.3896 0.0000
vt 0.0598 0.3824 0.0000
vt 0.0522 0.3770 0.0000
vt 0.0492 0.3837 0.0000
vt 0.0551 0.3701 0.0000
vt 0.0578 0.3626 0.0000
vt 0.2440 0.3105 0.0000
vt 0.2304 0.3115 0.0000
vt 0.2320 0.2953 0.0000
vt 0.2429 0.2931 0.0000
vt 0.2185 0.3109 0.0000
vt 0.2205 0.2951 0.0000
vt 0.2333 0.2792 0.0000
vt 0.2434 0.2778 0.0000
vt 0.2226 0.2792 0.0000
vt 0.2070 0.3094 0.0000
vt 0.2092 0.2940 0.0000
vt 0.2115 0.2784 0.0000
vt 0.2138 0.2627 0.0000
vt 0.2247 0.2633 0.0000
vt 0.2448 0.2630 0.0000
vt 0.2351 0.2635 0.0000
vt 0.2914 0.2541 0.0000
vt 0.2891 0.2536 0.0000
vt 0.2911 0.2577 0.0000
vt 0.2890 0.2571 0.0000
vt 0.2869 0.2531 0.0000
vt 0.2868 0.2565 0.0000
vt 0.2908 0.2611 0.0000
vt 0.2905 0.2644 0.0000
vt 0.2884 0.2636 0.0000
vt 0.2887 0.2604 0.0000
vt 0.2863 0.2626 0.0000
vt 0.2866 0.2597 0.0000
vt 0.2832 0.2607 0.0000
vt 0.2829 0.2586 0.0000
vt 0.2847 0.2589 0.0000
vt 0.2844 0.2615 0.0000
vt 0.2827 0.2558 0.0000
vt 0.2847 0.2560 0.0000
vt 0.2826 0.2525 0.0000
vt 0.2847 0.2528 0.0000
vt 0.2771 0.3757 0.0000
vt 0.2665 0.3756 0.0000
vt 0.2680 0.3616 0.0000
vt 0.2786 0.3619 0.0000
vt 0.2556 0.3752 0.0000
vt 0.2572 0.3612 0.0000
vt 0.2698 0.3476 0.0000
vt 0.2801 0.3480 0.0000
vt 0.2591 0.3469 0.0000
vt 0.2444 0.3745 0.0000
vt 0.2331 0.3734 0.0000
vt 0.2349 0.3593 0.0000
vt 0.2461 0.3605 0.0000
vt 0.2371 0.3445 0.0000
vt 0.2482 0.3459 0.0000
vt 0.2549 0.3163 0.0000
vt 0.2509 0.3308 0.0000
vt 0.2398 0.3288 0.0000
vt 0.2646 0.3191 0.0000
vt 0.2615 0.3327 0.0000
vt 0.2742 0.3205 0.0000
vt 0.2834 0.3212 0.0000
vt 0.2818 0.3343 0.0000
vt 0.2718 0.3338 0.0000
vt 0.2218 0.3716 0.0000
vt 0.2236 0.3577 0.0000
vt 0.2104 0.3693 0.0000
vt 0.2122 0.3555 0.0000
vt 0.2257 0.3430 0.0000
vt 0.2142 0.3412 0.0000
vt 0.1988 0.3665 0.0000
vt 0.2007 0.3530 0.0000
vt 0.2027 0.3389 0.0000
vt 0.2048 0.3243 0.0000
vt 0.2163 0.3263 0.0000
vt 0.2282 0.3275 0.0000
vt 0.3192 0.3160 0.0000
vt 0.3230 0.3000 0.0000
vt 0.3296 0.3035 0.0000
vt 0.3280 0.3189 0.0000
vt 0.3250 0.2857 0.0000
vt 0.3311 0.2883 0.0000
vt 0.3365 0.3050 0.0000
vt 0.3354 0.3202 0.0000
vt 0.3375 0.2898 0.0000
vt 0.3263 0.2716 0.0000
vt 0.3323 0.2735 0.0000
vt 0.3385 0.2747 0.0000
vt 0.3515 0.2760 0.0000
vt 0.3450 0.2755 0.0000
vt 0.3506 0.2912 0.0000
vt 0.3441 0.2907 0.0000
vt 0.3498 0.3065 0.0000
vt 0.3490 0.3217 0.0000
vt 0.3423 0.3211 0.0000
vt 0.3432 0.3059 0.0000
vt 0.3153 0.3761 0.0000
vt 0.3165 0.3628 0.0000
vt 0.3246 0.3632 0.0000
vt 0.3235 0.3764 0.0000
vt 0.3177 0.3487 0.0000
vt 0.3258 0.3491 0.0000
vt 0.3322 0.3637 0.0000
vt 0.3311 0.3770 0.0000
vt 0.3333 0.3498 0.0000
vt 0.3187 0.3337 0.0000
vt 0.3268 0.3342 0.0000
vt 0.3343 0.3352 0.0000
vt 0.3482 0.3367 0.0000
vt 0.3414 0.3360 0.0000
vt 0.3473 0.3513 0.0000
vt 0.3405 0.3504 0.0000
vt 0.3465 0.3653 0.0000
vt 0.3455 0.3787 0.0000
vt 0.3385 0.3777 0.0000
vt 0.3395 0.3644 0.0000
vt 0.2887 0.3621 0.0000
vt 0.2874 0.3758 0.0000
vt 0.2901 0.3483 0.0000
vt 0.2985 0.3623 0.0000
vt 0.2972 0.3758 0.0000
vt 0.2998 0.3486 0.0000
vt 0.2924 0.3217 0.0000
vt 0.2914 0.3348 0.0000
vt 0.3011 0.3216 0.0000
vt 0.3008 0.3348 0.0000
vt 0.3100 0.3341 0.0000
vt 0.3098 0.3202 0.0000
vt 0.3090 0.3486 0.0000
vt 0.3065 0.3759 0.0000
vt 0.3078 0.3625 0.0000
vt 0.2974 0.2647 0.0000
vt 0.2962 0.2650 0.0000
vt 0.2965 0.2621 0.0000
vt 0.2980 0.2626 0.0000
vt 0.2945 0.2651 0.0000
vt 0.2948 0.2619 0.0000
vt 0.2970 0.2588 0.0000
vt 0.2988 0.2594 0.0000
vt 0.2952 0.2584 0.0000
vt 0.2926 0.2649 0.0000
vt 0.2929 0.2616 0.0000
vt 0.2932 0.2581 0.0000
vt 0.2935 0.2544 0.0000
vt 0.2956 0.2548 0.0000
vt 0.2994 0.2556 0.0000
vt 0.2976 0.2551 0.0000
vt 0.3122 0.4220 0.0000
vt 0.3202 0.4217 0.0000
vt 0.3200 0.4307 0.0000
vt 0.3121 0.4313 0.0000
vt 0.3277 0.4217 0.0000
vt 0.3273 0.4305 0.0000
vt 0.3201 0.4390 0.0000
vt 0.3125 0.4400 0.0000
vt 0.3271 0.4385 0.0000
vt 0.3347 0.4222 0.0000
vt 0.3415 0.4232 0.0000
vt 0.3407 0.4317 0.0000
vt 0.3341 0.4308 0.0000
vt 0.3400 0.4390 0.0000
vt 0.3337 0.4384 0.0000
vt 0.3393 0.4497 0.0000
vt 0.3333 0.4513 0.0000
vt 0.3335 0.4450 0.0000
vt 0.3395 0.4453 0.0000
vt 0.3273 0.4528 0.0000
vt 0.3271 0.4458 0.0000
vt 0.3212 0.4543 0.0000
vt 0.3152 0.4559 0.0000
vt 0.3133 0.4481 0.0000
vt 0.3206 0.4468 0.0000
vt 0.2741 0.4251 0.0000
vt 0.2846 0.4243 0.0000
vt 0.2846 0.4345 0.0000
vt 0.2740 0.4355 0.0000
vt 0.2944 0.4234 0.0000
vt 0.2944 0.4334 0.0000
vt 0.2849 0.4440 0.0000
vt 0.2743 0.4453 0.0000
vt 0.2947 0.4426 0.0000
vt 0.3036 0.4226 0.0000
vt 0.3036 0.4323 0.0000
vt 0.3040 0.4412 0.0000
vt 0.3056 0.4580 0.0000
vt 0.3047 0.4497 0.0000
vt 0.2960 0.4601 0.0000
vt 0.2953 0.4515 0.0000
vt 0.2864 0.4622 0.0000
vt 0.2768 0.4643 0.0000
vt 0.2751 0.4548 0.0000
vt 0.2856 0.4532 0.0000
vt 0.2863 0.3889 0.0000
vt 0.2760 0.3890 0.0000
vt 0.2961 0.3887 0.0000
vt 0.2854 0.4014 0.0000
vt 0.2751 0.4017 0.0000
vt 0.2953 0.4010 0.0000
vt 0.3142 0.3887 0.0000
vt 0.3054 0.3886 0.0000
vt 0.3133 0.4006 0.0000
vt 0.3046 0.4007 0.0000
vt 0.3040 0.4121 0.0000
vt 0.3126 0.4117 0.0000
vt 0.2947 0.4126 0.0000
vt 0.2744 0.4138 0.0000
vt 0.2848 0.4133 0.0000
vt 0.3224 0.3890 0.0000
vt 0.3301 0.3895 0.0000
vt 0.3215 0.4007 0.0000
vt 0.3291 0.4011 0.0000
vt 0.3445 0.3913 0.0000
vt 0.3374 0.3902 0.0000
vt 0.3434 0.4029 0.0000
vt 0.3364 0.4019 0.0000
vt 0.3355 0.4126 0.0000
vt 0.3424 0.4136 0.0000
vt 0.3283 0.4119 0.0000
vt 0.3207 0.4116 0.0000
vt 0.2276 0.4240 0.0000
vt 0.2269 0.4351 0.0000
vt 0.2148 0.4331 0.0000
vt 0.2158 0.4219 0.0000
vt 0.2264 0.4460 0.0000
vt 0.2141 0.4440 0.0000
vt 0.2028 0.4302 0.0000
vt 0.2040 0.4190 0.0000
vt 0.2017 0.4412 0.0000
vt 0.2261 0.4570 0.0000
vt 0.2259 0.4692 0.0000
vt 0.2129 0.4660 0.0000
vt 0.2135 0.4550 0.0000
vt 0.1999 0.4627 0.0000
vt 0.2008 0.4520 0.0000
vt 0.1881 0.4485 0.0000
vt 0.1869 0.4595 0.0000
vt 0.1893 0.4376 0.0000
vt 0.1921 0.4155 0.0000
vt 0.1906 0.4267 0.0000
vt 0.2315 0.3869 0.0000
vt 0.2201 0.3850 0.0000
vt 0.2300 0.3998 0.0000
vt 0.2185 0.3978 0.0000
vt 0.2086 0.3825 0.0000
vt 0.2069 0.3952 0.0000
vt 0.2287 0.4122 0.0000
vt 0.2170 0.4101 0.0000
vt 0.2054 0.4074 0.0000
vt 0.1936 0.4040 0.0000
vt 0.1953 0.3920 0.0000
vt 0.1970 0.3795 0.0000
vt 0.2652 0.3890 0.0000
vt 0.2642 0.4019 0.0000
vt 0.2542 0.3887 0.0000
vt 0.2530 0.4017 0.0000
vt 0.2629 0.4256 0.0000
vt 0.2634 0.4141 0.0000
vt 0.2514 0.4257 0.0000
vt 0.2520 0.4140 0.0000
vt 0.2404 0.4135 0.0000
vt 0.2395 0.4252 0.0000
vt 0.2415 0.4011 0.0000
vt 0.2429 0.3881 0.0000
vt 0.2628 0.4362 0.0000
vt 0.2629 0.4463 0.0000
vt 0.2510 0.4365 0.0000
vt 0.2510 0.4469 0.0000
vt 0.2641 0.4655 0.0000
vt 0.2634 0.4560 0.0000
vt 0.2513 0.4667 0.0000
vt 0.2511 0.4569 0.0000
vt 0.2386 0.4574 0.0000
vt 0.2386 0.4680 0.0000
vt 0.2387 0.4469 0.0000
vt 0.2390 0.4362 0.0000
vt 0.6795 0.6014 0.0000
vt 0.6730 0.6030 0.0000
vt 0.6726 0.5939 0.0000
vt 0.6788 0.5920 0.0000
vt 0.6667 0.6043 0.0000
vt 0.6666 0.5955 0.0000
vt 0.6719 0.5855 0.0000
vt 0.6779 0.5832 0.0000
vt 0.6663 0.5874 0.0000
vt 0.6607 0.6053 0.0000
vt 0.6547 0.6059 0.0000
vt 0.6552 0.5973 0.0000
vt 0.6608 0.5966 0.0000
vt 0.6555 0.5897 0.0000
vt 0.6608 0.5889 0.0000
vt 0.6561 0.5783 0.0000
vt 0.6607 0.5755 0.0000
vt 0.6608 0.5820 0.0000
vt 0.6559 0.5831 0.0000
vt 0.6653 0.5726 0.0000
vt 0.6658 0.5799 0.0000
vt 0.6700 0.5698 0.0000
vt 0.6746 0.5669 0.0000
vt 0.6766 0.5749 0.0000
vt 0.6710 0.5775 0.0000
vt 0.7088 0.5936 0.0000
vt 0.7008 0.5958 0.0000
vt 0.6998 0.5855 0.0000
vt 0.7078 0.5830 0.0000
vt 0.6933 0.5978 0.0000
vt 0.6924 0.5878 0.0000
vt 0.6985 0.5756 0.0000
vt 0.7064 0.5728 0.0000
vt 0.6912 0.5783 0.0000
vt 0.6862 0.5997 0.0000
vt 0.6854 0.5900 0.0000
vt 0.6843 0.5808 0.0000
vt 0.6815 0.5635 0.0000
vt 0.6829 0.5721 0.0000
vt 0.6883 0.5601 0.0000
vt 0.6898 0.5691 0.0000
vt 0.6952 0.5567 0.0000
vt 0.7020 0.5533 0.0000
vt 0.7047 0.5629 0.0000
vt 0.6969 0.5661 0.0000
vt 0.7105 0.6416 0.0000
vt 0.7024 0.6429 0.0000
vt 0.7023 0.6302 0.0000
vt 0.7104 0.6287 0.0000
vt 0.6946 0.6440 0.0000
vt 0.6946 0.6315 0.0000
vt 0.7021 0.6181 0.0000
vt 0.7101 0.6164 0.0000
vt 0.6944 0.6197 0.0000
vt 0.6872 0.6451 0.0000
vt 0.6799 0.6462 0.0000
vt 0.6801 0.6339 0.0000
vt 0.6873 0.6328 0.0000
vt 0.6801 0.6224 0.0000
vt 0.6871 0.6211 0.0000
vt 0.6868 0.6100 0.0000
vt 0.6799 0.6115 0.0000
vt 0.6940 0.6084 0.0000
vt 0.7096 0.6047 0.0000
vt 0.7016 0.6066 0.0000
vt 0.6728 0.6472 0.0000
vt 0.6731 0.6350 0.0000
vt 0.6658 0.6482 0.0000
vt 0.6662 0.6360 0.0000
vt 0.6733 0.6236 0.0000
vt 0.6666 0.6246 0.0000
vt 0.6589 0.6490 0.0000
vt 0.6522 0.6498 0.0000
vt 0.6529 0.6376 0.0000
vt 0.6595 0.6369 0.0000
vt 0.6536 0.6261 0.0000
vt 0.6600 0.6255 0.0000
vt 0.6604 0.6149 0.0000
vt 0.6542 0.6155 0.0000
vt 0.6667 0.6140 0.0000
vt 0.6732 0.6129 0.0000
vt 0.7467 0.5837 0.0000
vt 0.7458 0.5721 0.0000
vt 0.7568 0.5694 0.0000
vt 0.7576 0.5813 0.0000
vt 0.7445 0.5607 0.0000
vt 0.7556 0.5578 0.0000
vt 0.7683 0.5668 0.0000
vt 0.7691 0.5788 0.0000
vt 0.7672 0.5551 0.0000
vt 0.7429 0.5495 0.0000
vt 0.7405 0.5382 0.0000
vt 0.7526 0.5352 0.0000
vt 0.7542 0.5465 0.0000
vt 0.7648 0.5322 0.0000
vt 0.7660 0.5436 0.0000
vt 0.7890 0.5261 0.0000
vt 0.7906 0.5381 0.0000
vt 0.7781 0.5407 0.0000
vt 0.7769 0.5291 0.0000
vt 0.7917 0.5500 0.0000
vt 0.7793 0.5524 0.0000
vt 0.7926 0.5620 0.0000
vt 0.7932 0.5743 0.0000
vt 0.7810 0.5765 0.0000
vt 0.7802 0.5643 0.0000
vt 0.7480 0.6351 0.0000
vt 0.7479 0.6216 0.0000
vt 0.7588 0.6196 0.0000
vt 0.7588 0.6333 0.0000
vt 0.7477 0.6085 0.0000
vt 0.7586 0.6064 0.0000
vt 0.7701 0.6177 0.0000
vt 0.7702 0.6315 0.0000
vt 0.7699 0.6043 0.0000
vt 0.7473 0.5959 0.0000
vt 0.7582 0.5936 0.0000
vt 0.7696 0.5913 0.0000
vt 0.7937 0.5870 0.0000
vt 0.7814 0.5891 0.0000
vt 0.7939 0.6002 0.0000
vt 0.7817 0.6022 0.0000
vt 0.7941 0.6138 0.0000
vt 0.7941 0.6279 0.0000
vt 0.7820 0.6297 0.0000
vt 0.7819 0.6157 0.0000
vt 0.7190 0.6271 0.0000
vt 0.7191 0.6401 0.0000
vt 0.7187 0.6146 0.0000
vt 0.7281 0.6254 0.0000
vt 0.7282 0.6386 0.0000
vt 0.7278 0.6127 0.0000
vt 0.7174 0.5912 0.0000
vt 0.7182 0.6027 0.0000
vt 0.7266 0.5888 0.0000
vt 0.7273 0.6005 0.0000
vt 0.7370 0.5982 0.0000
vt 0.7364 0.5863 0.0000
vt 0.7375 0.6106 0.0000
vt 0.7378 0.6369 0.0000
vt 0.7377 0.6235 0.0000
vt 0.7164 0.5803 0.0000
vt 0.7151 0.5698 0.0000
vt 0.7256 0.5776 0.0000
vt 0.7243 0.5668 0.0000
vt 0.7116 0.5495 0.0000
vt 0.7134 0.5596 0.0000
vt 0.7212 0.5458 0.0000
vt 0.7228 0.5562 0.0000
vt 0.7326 0.5528 0.0000
vt 0.7309 0.5420 0.0000
vt 0.7341 0.5637 0.0000
vt 0.7354 0.5748 0.0000
vt 0.7473 0.6935 0.0000
vt 0.7583 0.6923 0.0000
vt 0.7581 0.7080 0.0000
vt 0.7471 0.7090 0.0000
vt 0.7699 0.6911 0.0000
vt 0.7698 0.7071 0.0000
vt 0.7580 0.7241 0.0000
vt 0.7468 0.7248 0.0000
vt 0.7697 0.7233 0.0000
vt 0.7819 0.6899 0.0000
vt 0.7942 0.6888 0.0000
vt 0.7943 0.7051 0.0000
vt 0.7819 0.7060 0.0000
vt 0.7943 0.7217 0.0000
vt 0.7818 0.7225 0.0000
vt 0.7942 0.7556 0.0000
vt 0.7817 0.7560 0.0000
vt 0.7817 0.7392 0.0000
vt 0.7943 0.7386 0.0000
vt 0.7694 0.7564 0.0000
vt 0.7695 0.7398 0.0000
vt 0.7576 0.7568 0.0000
vt 0.7463 0.7570 0.0000
vt 0.7466 0.7408 0.0000
vt 0.7578 0.7403 0.0000
vt 0.7094 0.6977 0.0000
vt 0.7182 0.6968 0.0000
vt 0.7177 0.7117 0.0000
vt 0.7089 0.7124 0.0000
vt 0.7273 0.6958 0.0000
vt 0.7270 0.7109 0.0000
vt 0.7173 0.7268 0.0000
vt 0.7084 0.7273 0.0000
vt 0.7266 0.7262 0.0000
vt 0.7370 0.6947 0.0000
vt 0.7367 0.7100 0.0000
vt 0.7364 0.7255 0.0000
vt 0.7357 0.7572 0.0000
vt 0.7361 0.7413 0.0000
vt 0.7257 0.7574 0.0000
vt 0.7262 0.7417 0.0000
vt 0.7162 0.7575 0.0000
vt 0.7071 0.7576 0.0000
vt 0.7078 0.7423 0.0000
vt 0.7168 0.7420 0.0000
vt 0.7190 0.6537 0.0000
vt 0.7105 0.6550 0.0000
vt 0.7281 0.6523 0.0000
vt 0.7188 0.6677 0.0000
vt 0.7102 0.6689 0.0000
vt 0.7279 0.6664 0.0000
vt 0.7479 0.6491 0.0000
vt 0.7377 0.6507 0.0000
vt 0.7478 0.6635 0.0000
vt 0.7375 0.6650 0.0000
vt 0.7373 0.6797 0.0000
vt 0.7475 0.6783 0.0000
vt 0.7276 0.6809 0.0000
vt 0.7099 0.6831 0.0000
vt 0.7185 0.6821 0.0000
vt 0.7588 0.6475 0.0000
vt 0.7702 0.6458 0.0000
vt 0.7587 0.6620 0.0000
vt 0.7701 0.6605 0.0000
vt 0.7942 0.6425 0.0000
vt 0.7820 0.6441 0.0000
vt 0.7942 0.6575 0.0000
vt 0.7820 0.6590 0.0000
vt 0.7820 0.6742 0.0000
vt 0.7942 0.6729 0.0000
vt 0.7700 0.6756 0.0000
vt 0.7585 0.6770 0.0000
vt 0.6776 0.7004 0.0000
vt 0.6767 0.7147 0.0000
vt 0.6692 0.7156 0.0000
vt 0.6701 0.7013 0.0000
vt 0.6758 0.7292 0.0000
vt 0.6683 0.7300 0.0000
vt 0.6619 0.7166 0.0000
vt 0.6628 0.7023 0.0000
vt 0.6610 0.7309 0.0000
vt 0.6748 0.7438 0.0000
vt 0.6739 0.7584 0.0000
vt 0.6663 0.7589 0.0000
vt 0.6673 0.7445 0.0000
vt 0.6590 0.7597 0.0000
vt 0.6600 0.7453 0.0000
vt 0.6450 0.7613 0.0000
vt 0.6459 0.7472 0.0000
vt 0.6529 0.7463 0.0000
vt 0.6519 0.7605 0.0000
vt 0.6468 0.7329 0.0000
vt 0.6538 0.7319 0.0000
vt 0.6477 0.7185 0.0000
vt 0.6487 0.7042 0.0000
vt 0.6557 0.7033 0.0000
vt 0.6548 0.7176 0.0000
vt 0.6795 0.6590 0.0000
vt 0.6723 0.6600 0.0000
vt 0.6790 0.6724 0.0000
vt 0.6717 0.6734 0.0000
vt 0.6652 0.6610 0.0000
vt 0.6645 0.6744 0.0000
vt 0.6783 0.6863 0.0000
vt 0.6709 0.6872 0.0000
vt 0.6637 0.6882 0.0000
vt 0.6496 0.6901 0.0000
vt 0.6566 0.6891 0.0000
vt 0.6505 0.6762 0.0000
vt 0.6574 0.6753 0.0000
vt 0.6514 0.6627 0.0000
vt 0.6582 0.6619 0.0000
vt 0.7023 0.6561 0.0000
vt 0.7020 0.6698 0.0000
vt 0.6944 0.6571 0.0000
vt 0.6941 0.6707 0.0000
vt 0.7011 0.6984 0.0000
vt 0.7016 0.6840 0.0000
vt 0.6930 0.6990 0.0000
vt 0.6936 0.6847 0.0000
vt 0.6859 0.6855 0.0000
vt 0.6852 0.6997 0.0000
vt 0.6864 0.6716 0.0000
vt 0.6869 0.6581 0.0000
vt 0.7005 0.7130 0.0000
vt 0.6998 0.7277 0.0000
vt 0.6923 0.7135 0.0000
vt 0.6915 0.7281 0.0000
vt 0.6983 0.7577 0.0000
vt 0.6991 0.7426 0.0000
vt 0.6899 0.7578 0.0000
vt 0.6907 0.7429 0.0000
vt 0.6826 0.7433 0.0000
vt 0.6817 0.7580 0.0000
vt 0.6835 0.7286 0.0000
vt 0.6844 0.7141 0.0000
vt 0.8433 0.5671 0.0000
vt 0.8311 0.5685 0.0000
vt 0.8308 0.5561 0.0000
vt 0.8429 0.5547 0.0000
vt 0.8186 0.5702 0.0000
vt 0.8181 0.5578 0.0000
vt 0.8303 0.5440 0.0000
vt 0.8426 0.5425 0.0000
vt 0.8175 0.5458 0.0000
vt 0.8059 0.5722 0.0000
vt 0.8053 0.5598 0.0000
vt 0.8046 0.5478 0.0000
vt 0.8026 0.5241 0.0000
vt 0.8036 0.5359 0.0000
vt 0.8161 0.5221 0.0000
vt 0.8169 0.5339 0.0000
vt 0.8297 0.5202 0.0000
vt 0.8433 0.5182 0.0000
vt 0.8425 0.5305 0.0000
vt 0.8300 0.5321 0.0000
vt 0.8863 0.5642 0.0000
vt 0.8761 0.5645 0.0000
vt 0.8756 0.5522 0.0000
vt 0.8856 0.5521 0.0000
vt 0.8657 0.5650 0.0000
vt 0.8652 0.5527 0.0000
vt 0.8752 0.5403 0.0000
vt 0.8852 0.5403 0.0000
vt 0.8649 0.5407 0.0000
vt 0.8548 0.5659 0.0000
vt 0.8544 0.5535 0.0000
vt 0.8541 0.5414 0.0000
vt 0.8539 0.5177 0.0000
vt 0.8539 0.5295 0.0000
vt 0.8644 0.5171 0.0000
vt 0.8646 0.5289 0.0000
vt 0.8750 0.5165 0.0000
vt 0.8855 0.5160 0.0000
vt 0.8850 0.5284 0.0000
vt 0.8750 0.5284 0.0000
vt 0.8909 0.6183 0.0000
vt 0.8795 0.6188 0.0000
vt 0.8786 0.6042 0.0000
vt 0.8896 0.6037 0.0000
vt 0.8679 0.6196 0.0000
vt 0.8673 0.6050 0.0000
vt 0.8777 0.5904 0.0000
vt 0.8883 0.5899 0.0000
vt 0.8667 0.5911 0.0000
vt 0.8560 0.6206 0.0000
vt 0.8439 0.6218 0.0000
vt 0.8438 0.6073 0.0000
vt 0.8557 0.6061 0.0000
vt 0.8436 0.5934 0.0000
vt 0.8554 0.5921 0.0000
vt 0.8551 0.5788 0.0000
vt 0.8435 0.5800 0.0000
vt 0.8662 0.5778 0.0000
vt 0.8872 0.5768 0.0000
vt 0.8768 0.5771 0.0000
vt 0.8315 0.6231 0.0000
vt 0.8315 0.6087 0.0000
vt 0.8190 0.6246 0.0000
vt 0.8190 0.6103 0.0000
vt 0.8314 0.5948 0.0000
vt 0.8190 0.5965 0.0000
vt 0.8065 0.6262 0.0000
vt 0.8065 0.6120 0.0000
vt 0.8064 0.5983 0.0000
vt 0.8062 0.5850 0.0000
vt 0.8189 0.5831 0.0000
vt 0.8314 0.5814 0.0000
vt 0.9236 0.5645 0.0000
vt 0.9221 0.5534 0.0000
vt 0.9300 0.5533 0.0000
vt 0.9319 0.5639 0.0000
vt 0.9209 0.5430 0.0000
vt 0.9285 0.5433 0.0000
vt 0.9375 0.5527 0.0000
vt 0.9398 0.5628 0.0000
vt 0.9357 0.5433 0.0000
vt 0.9203 0.5329 0.0000
vt 0.9207 0.5233 0.0000
vt 0.9267 0.5245 0.0000
vt 0.9275 0.5338 0.0000
vt 0.9326 0.5257 0.0000
vt 0.9341 0.5344 0.0000
vt 0.9445 0.5281 0.0000
vt 0.9469 0.5354 0.0000
vt 0.9405 0.5349 0.0000
vt 0.9385 0.5269 0.0000
vt 0.9492 0.5428 0.0000
vt 0.9425 0.5431 0.0000
vt 0.9516 0.5502 0.0000
vt 0.9539 0.5575 0.0000
vt 0.9472 0.5610 0.0000
vt 0.9446 0.5515 0.0000
vt 0.9334 0.6170 0.0000
vt 0.9307 0.6025 0.0000
vt 0.9400 0.6014 0.0000
vt 0.9430 0.6159 0.0000
vt 0.9281 0.5889 0.0000
vt 0.9371 0.5879 0.0000
vt 0.9490 0.5997 0.0000
vt 0.9523 0.6141 0.0000
vt 0.9457 0.5864 0.0000
vt 0.9257 0.5763 0.0000
vt 0.9343 0.5754 0.0000
vt 0.9425 0.5741 0.0000
vt 0.9581 0.5700 0.0000
vt 0.9504 0.5722 0.0000
vt 0.9623 0.5825 0.0000
vt 0.9540 0.5845 0.0000
vt 0.9665 0.5949 0.0000
vt 0.9707 0.6074 0.0000
vt 0.9614 0.6116 0.0000
vt 0.9578 0.5975 0.0000
vt 0.9004 0.6035 0.0000
vt 0.9020 0.6181 0.0000
vt 0.8988 0.5897 0.0000
vt 0.9108 0.6033 0.0000
vt 0.9129 0.6179 0.0000
vt 0.9089 0.5896 0.0000
vt 0.8961 0.5643 0.0000
vt 0.8973 0.5767 0.0000
vt 0.9057 0.5645 0.0000
vt 0.9071 0.5767 0.0000
vt 0.9166 0.5766 0.0000
vt 0.9149 0.5646 0.0000
vt 0.9187 0.5894 0.0000
vt 0.9234 0.6176 0.0000
vt 0.9210 0.6031 0.0000
vt 0.8953 0.5524 0.0000
vt 0.8947 0.5408 0.0000
vt 0.9046 0.5528 0.0000
vt 0.9039 0.5415 0.0000
vt 0.8943 0.5178 0.0000
vt 0.8944 0.5293 0.0000
vt 0.9031 0.5196 0.0000
vt 0.9034 0.5305 0.0000
vt 0.9122 0.5318 0.0000
vt 0.9119 0.5215 0.0000
vt 0.9127 0.5423 0.0000
vt 0.9136 0.5532 0.0000
vt 0.9420 0.6834 0.0000
vt 0.9523 0.6824 0.0000
vt 0.9530 0.6998 0.0000
vt 0.9426 0.7007 0.0000
vt 0.9624 0.6811 0.0000
vt 0.9629 0.6985 0.0000
vt 0.9528 0.7171 0.0000
vt 0.9425 0.7180 0.0000
vt 0.9625 0.7160 0.0000
vt 0.9725 0.6796 0.0000
vt 0.9838 0.6779 0.0000
vt 0.9826 0.6955 0.0000
vt 0.9728 0.6971 0.0000
vt 0.9814 0.7132 0.0000
vt 0.9721 0.7146 0.0000
vt 0.9791 0.7485 0.0000
vt 0.9695 0.7499 0.0000
vt 0.9710 0.7322 0.0000
vt 0.9803 0.7308 0.0000
vt 0.9601 0.7510 0.0000
vt 0.9616 0.7335 0.0000
vt 0.9506 0.7520 0.0000
vt 0.9407 0.7527 0.0000
vt 0.9419 0.7354 0.0000
vt 0.9520 0.7345 0.0000
vt 0.8952 0.6840 0.0000
vt 0.9075 0.6841 0.0000
vt 0.9080 0.7015 0.0000
vt 0.8957 0.7014 0.0000
vt 0.9195 0.6841 0.0000
vt 0.9200 0.7015 0.0000
vt 0.9082 0.7190 0.0000
vt 0.8959 0.7190 0.0000
vt 0.9201 0.7189 0.0000
vt 0.9310 0.6839 0.0000
vt 0.9316 0.7012 0.0000
vt 0.9316 0.7186 0.0000
vt 0.9301 0.7533 0.0000
vt 0.9311 0.7360 0.0000
vt 0.9190 0.7538 0.0000
vt 0.9197 0.7363 0.0000
vt 0.9074 0.7540 0.0000
vt 0.8955 0.7541 0.0000
vt 0.8958 0.7366 0.0000
vt 0.9080 0.7365 0.0000
vt 0.9037 0.6336 0.0000
vt 0.8922 0.6338 0.0000
vt 0.9149 0.6335 0.0000
vt 0.9052 0.6500 0.0000
vt 0.8934 0.6500 0.0000
vt 0.9167 0.6499 0.0000
vt 0.9361 0.6327 0.0000
vt 0.9257 0.6333 0.0000
vt 0.9386 0.6491 0.0000
vt 0.9279 0.6497 0.0000
vt 0.9297 0.6666 0.0000
vt 0.9406 0.6661 0.0000
vt 0.9183 0.6668 0.0000
vt 0.8944 0.6668 0.0000
vt 0.9065 0.6668 0.0000
vt 0.9460 0.6315 0.0000
vt 0.9555 0.6299 0.0000
vt 0.9486 0.6480 0.0000
vt 0.9584 0.6465 0.0000
vt 0.9740 0.6250 0.0000
vt 0.9648 0.6276 0.0000
vt 0.9772 0.6427 0.0000
vt 0.9679 0.6447 0.0000
vt 0.9707 0.6620 0.0000
vt 0.9805 0.6603 0.0000
vt 0.9608 0.6637 0.0000
vt 0.9508 0.6651 0.0000
vt 0.8449 0.6849 0.0000
vt 0.8451 0.7018 0.0000
vt 0.8323 0.7024 0.0000
vt 0.8321 0.6856 0.0000
vt 0.8453 0.7191 0.0000
vt 0.8325 0.7195 0.0000
vt 0.8195 0.7032 0.0000
vt 0.8194 0.6865 0.0000
vt 0.8196 0.7201 0.0000
vt 0.8455 0.7365 0.0000
vt 0.8455 0.7541 0.0000
vt 0.8327 0.7544 0.0000
vt 0.8326 0.7369 0.0000
vt 0.8198 0.7547 0.0000
vt 0.8197 0.7374 0.0000
vt 0.8069 0.7379 0.0000
vt 0.8070 0.7552 0.0000
vt 0.8069 0.7209 0.0000
vt 0.8068 0.6876 0.0000
vt 0.8068 0.7041 0.0000
vt 0.8441 0.6368 0.0000
vt 0.8316 0.6380 0.0000
vt 0.8443 0.6523 0.0000
vt 0.8318 0.6534 0.0000
vt 0.8191 0.6394 0.0000
vt 0.8192 0.6546 0.0000
vt 0.8446 0.6684 0.0000
vt 0.8319 0.6693 0.0000
vt 0.8193 0.6704 0.0000
vt 0.8067 0.6716 0.0000
vt 0.8066 0.6560 0.0000
vt 0.8066 0.6409 0.0000
vt 0.8804 0.6342 0.0000
vt 0.8814 0.6503 0.0000
vt 0.8685 0.6349 0.0000
vt 0.8692 0.6508 0.0000
vt 0.8828 0.6840 0.0000
vt 0.8822 0.6670 0.0000
vt 0.8702 0.6841 0.0000
vt 0.8697 0.6672 0.0000
vt 0.8572 0.6677 0.0000
vt 0.8576 0.6844 0.0000
vt 0.8568 0.6515 0.0000
vt 0.8564 0.6357 0.0000
vt 0.8832 0.7014 0.0000
vt 0.8835 0.7189 0.0000
vt 0.8706 0.7014 0.0000
vt 0.8708 0.7188 0.0000
vt 0.8833 0.7541 0.0000
vt 0.8835 0.7365 0.0000
vt 0.8709 0.7541 0.0000
vt 0.8709 0.7364 0.0000
vt 0.8582 0.7364 0.0000
vt 0.8583 0.7540 0.0000
vt 0.8581 0.7189 0.0000
vt 0.8579 0.7015 0.0000
vt 0.6706 0.8156 0.0000
vt 0.6631 0.8152 0.0000
vt 0.6637 0.8015 0.0000
vt 0.6713 0.8016 0.0000
vt 0.6559 0.8149 0.0000
vt 0.6565 0.8015 0.0000
vt 0.6645 0.7875 0.0000
vt 0.6720 0.7874 0.0000
vt 0.6572 0.7878 0.0000
vt 0.6490 0.8148 0.0000
vt 0.6422 0.8147 0.0000
vt 0.6427 0.8019 0.0000
vt 0.6495 0.8017 0.0000
vt 0.6433 0.7886 0.0000
vt 0.6502 0.7882 0.0000
vt 0.6510 0.7745 0.0000
vt 0.6441 0.7751 0.0000
vt 0.6581 0.7738 0.0000
vt 0.6729 0.7729 0.0000
vt 0.6654 0.7733 0.0000
vt 0.7043 0.8184 0.0000
vt 0.6953 0.8176 0.0000
vt 0.6959 0.8030 0.0000
vt 0.7049 0.8036 0.0000
vt 0.6867 0.8168 0.0000
vt 0.6873 0.8024 0.0000
vt 0.6967 0.7880 0.0000
vt 0.7056 0.7884 0.0000
vt 0.6881 0.7877 0.0000
vt 0.6785 0.8161 0.0000
vt 0.6791 0.8020 0.0000
vt 0.6799 0.7875 0.0000
vt 0.6808 0.7728 0.0000
vt 0.6890 0.7728 0.0000
vt 0.7064 0.7730 0.0000
vt 0.6975 0.7728 0.0000
vt 0.7034 0.8724 0.0000
vt 0.6944 0.8709 0.0000
vt 0.6943 0.8584 0.0000
vt 0.7033 0.8598 0.0000
vt 0.6859 0.8694 0.0000
vt 0.6857 0.8571 0.0000
vt 0.6944 0.8454 0.0000
vt 0.7034 0.8466 0.0000
vt 0.6858 0.8442 0.0000
vt 0.6778 0.8680 0.0000
vt 0.6700 0.8667 0.0000
vt 0.6699 0.8547 0.0000
vt 0.6776 0.8558 0.0000
vt 0.6699 0.8421 0.0000
vt 0.6777 0.8431 0.0000
vt 0.6780 0.8299 0.0000
vt 0.6702 0.8291 0.0000
vt 0.6862 0.8308 0.0000
vt 0.7038 0.8328 0.0000
vt 0.6947 0.8318 0.0000
vt 0.6627 0.8655 0.0000
vt 0.6625 0.8536 0.0000
vt 0.6556 0.8645 0.0000
vt 0.6554 0.8527 0.0000
vt 0.6625 0.8413 0.0000
vt 0.6554 0.8405 0.0000
vt 0.6488 0.8635 0.0000
vt 0.6422 0.8628 0.0000
vt 0.6419 0.8513 0.0000
vt 0.6486 0.8519 0.0000
vt 0.6418 0.8394 0.0000
vt 0.6485 0.8399 0.0000
vt 0.6487 0.8275 0.0000
vt 0.6419 0.8272 0.0000
vt 0.6556 0.8279 0.0000
vt 0.6627 0.8284 0.0000
vt 0.7450 0.8214 0.0000
vt 0.7454 0.8057 0.0000
vt 0.7569 0.8061 0.0000
vt 0.7566 0.8220 0.0000
vt 0.7457 0.7897 0.0000
vt 0.7571 0.7898 0.0000
vt 0.7688 0.8064 0.0000
vt 0.7686 0.8225 0.0000
vt 0.7690 0.7899 0.0000
vt 0.7460 0.7734 0.0000
vt 0.7574 0.7733 0.0000
vt 0.7692 0.7732 0.0000
vt 0.7941 0.7727 0.0000
vt 0.7815 0.7730 0.0000
vt 0.7940 0.7898 0.0000
vt 0.7814 0.7899 0.0000
vt 0.7939 0.8066 0.0000
vt 0.7937 0.8231 0.0000
vt 0.7810 0.8228 0.0000
vt 0.7812 0.8065 0.0000
vt 0.7442 0.8785 0.0000
vt 0.7443 0.8651 0.0000
vt 0.7559 0.8663 0.0000
vt 0.7558 0.8799 0.0000
vt 0.7444 0.8511 0.0000
vt 0.7560 0.8521 0.0000
vt 0.7679 0.8675 0.0000
vt 0.7678 0.8813 0.0000
vt 0.7681 0.8530 0.0000
vt 0.7447 0.8365 0.0000
vt 0.7563 0.8373 0.0000
vt 0.7683 0.8380 0.0000
vt 0.7934 0.8390 0.0000
vt 0.7808 0.8386 0.0000
vt 0.7932 0.8544 0.0000
vt 0.7805 0.8538 0.0000
vt 0.7929 0.8692 0.0000
vt 0.7926 0.8834 0.0000
vt 0.7802 0.8825 0.0000
vt 0.7803 0.8685 0.0000
vt 0.7127 0.8612 0.0000
vt 0.7128 0.8739 0.0000
vt 0.7129 0.8478 0.0000
vt 0.7227 0.8625 0.0000
vt 0.7228 0.8754 0.0000
vt 0.7229 0.8489 0.0000
vt 0.7137 0.8193 0.0000
vt 0.7132 0.8338 0.0000
vt 0.7236 0.8200 0.0000
vt 0.7232 0.8348 0.0000
vt 0.7337 0.8357 0.0000
vt 0.7341 0.8208 0.0000
vt 0.7334 0.8500 0.0000
vt 0.7332 0.8770 0.0000
vt 0.7332 0.8638 0.0000
vt 0.7143 0.8042 0.0000
vt 0.7149 0.7888 0.0000
vt 0.7241 0.8048 0.0000
vt 0.7247 0.7891 0.0000
vt 0.7156 0.7731 0.0000
vt 0.7252 0.7733 0.0000
vt 0.7353 0.7733 0.0000
vt 0.7349 0.7894 0.0000
vt 0.7345 0.8053 0.0000
vt 0.7460 0.9267 0.0000
vt 0.7571 0.9290 0.0000
vt 0.7577 0.9403 0.0000
vt 0.7467 0.9378 0.0000
vt 0.7686 0.9311 0.0000
vt 0.7690 0.9425 0.0000
vt 0.7583 0.9512 0.0000
vt 0.7475 0.9486 0.0000
vt 0.7694 0.9536 0.0000
vt 0.7803 0.9328 0.0000
vt 0.7921 0.9341 0.0000
vt 0.7922 0.9457 0.0000
vt 0.7805 0.9443 0.0000
vt 0.7924 0.9572 0.0000
vt 0.7808 0.9557 0.0000
vt 0.7924 0.9810 0.0000
vt 0.7814 0.9783 0.0000
vt 0.7811 0.9670 0.0000
vt 0.7925 0.9688 0.0000
vt 0.7703 0.9756 0.0000
vt 0.7699 0.9646 0.0000
vt 0.7593 0.9729 0.0000
vt 0.7482 0.9702 0.0000
vt 0.7481 0.9593 0.0000
vt 0.7588 0.9621 0.0000
vt 0.7062 0.9170 0.0000
vt 0.7156 0.9194 0.0000
vt 0.7166 0.9297 0.0000
vt 0.7073 0.9271 0.0000
vt 0.7253 0.9218 0.0000
vt 0.7263 0.9324 0.0000
vt 0.7177 0.9398 0.0000
vt 0.7083 0.9369 0.0000
vt 0.7272 0.9427 0.0000
vt 0.7354 0.9243 0.0000
vt 0.7363 0.9351 0.0000
vt 0.7372 0.9457 0.0000
vt 0.7387 0.9666 0.0000
vt 0.7380 0.9562 0.0000
vt 0.7293 0.9630 0.0000
vt 0.7282 0.9529 0.0000
vt 0.7198 0.9594 0.0000
vt 0.7103 0.9558 0.0000
vt 0.7094 0.9465 0.0000
vt 0.7187 0.9496 0.0000
vt 0.7132 0.8860 0.0000
vt 0.7038 0.8843 0.0000
vt 0.7231 0.8878 0.0000
vt 0.7138 0.8976 0.0000
vt 0.7044 0.8957 0.0000
vt 0.7237 0.8996 0.0000
vt 0.7445 0.8913 0.0000
vt 0.7335 0.8895 0.0000
vt 0.7448 0.9035 0.0000
vt 0.7340 0.9016 0.0000
vt 0.7347 0.9132 0.0000
vt 0.7454 0.9154 0.0000
vt 0.7244 0.9109 0.0000
vt 0.7053 0.9065 0.0000
vt 0.7146 0.9087 0.0000
vt 0.7560 0.8930 0.0000
vt 0.7679 0.8945 0.0000
vt 0.7562 0.9054 0.0000
vt 0.7680 0.9072 0.0000
vt 0.7924 0.8969 0.0000
vt 0.7801 0.8958 0.0000
vt 0.7923 0.9098 0.0000
vt 0.7801 0.9086 0.0000
vt 0.7801 0.9209 0.0000
vt 0.7922 0.9222 0.0000
vt 0.7682 0.9193 0.0000
vt 0.7566 0.9174 0.0000
vt 0.6724 0.9091 0.0000
vt 0.6732 0.9183 0.0000
vt 0.6657 0.9165 0.0000
vt 0.6650 0.9075 0.0000
vt 0.6740 0.9272 0.0000
vt 0.6665 0.9250 0.0000
vt 0.6586 0.9150 0.0000
vt 0.6578 0.9062 0.0000
vt 0.6594 0.9232 0.0000
vt 0.6745 0.9358 0.0000
vt 0.6744 0.9442 0.0000
vt 0.6677 0.9413 0.0000
vt 0.6671 0.9333 0.0000
vt 0.6609 0.9384 0.0000
vt 0.6602 0.9309 0.0000
vt 0.6475 0.9327 0.0000
vt 0.6470 0.9278 0.0000
vt 0.6535 0.9288 0.0000
vt 0.6542 0.9356 0.0000
vt 0.6462 0.9210 0.0000
vt 0.6527 0.9217 0.0000
vt 0.6453 0.9132 0.0000
vt 0.6444 0.9045 0.0000
vt 0.6510 0.9051 0.0000
vt 0.6518 0.9138 0.0000
vt 0.6704 0.8781 0.0000
vt 0.6631 0.8769 0.0000
vt 0.6710 0.8890 0.0000
vt 0.6636 0.8877 0.0000
vt 0.6560 0.8757 0.0000
vt 0.6565 0.8865 0.0000
vt 0.6716 0.8993 0.0000
vt 0.6642 0.8979 0.0000
vt 0.6571 0.8967 0.0000
vt 0.6437 0.8950 0.0000
vt 0.6503 0.8957 0.0000
vt 0.6431 0.8848 0.0000
vt 0.6497 0.8855 0.0000
vt 0.6426 0.8740 0.0000
vt 0.6492 0.8748 0.0000
vt 0.6948 0.8826 0.0000
vt 0.6955 0.8938 0.0000
vt 0.6863 0.8810 0.0000
vt 0.6869 0.8921 0.0000
vt 0.6972 0.9148 0.0000
vt 0.6963 0.9045 0.0000
vt 0.6886 0.9127 0.0000
vt 0.6877 0.9026 0.0000
vt 0.6795 0.9009 0.0000
vt 0.6803 0.9108 0.0000
vt 0.6787 0.8905 0.0000
vt 0.6782 0.8795 0.0000
vt 0.6982 0.9247 0.0000
vt 0.6993 0.9343 0.0000
vt 0.6895 0.9224 0.0000
vt 0.6905 0.9318 0.0000
vt 0.7013 0.9529 0.0000
vt 0.7003 0.9436 0.0000
vt 0.6924 0.9500 0.0000
vt 0.6914 0.9409 0.0000
vt 0.6827 0.9383 0.0000
vt 0.6834 0.9471 0.0000
vt 0.6820 0.9294 0.0000
vt 0.6812 0.9203 0.0000
vt 0.8448 0.8230 0.0000
vt 0.8322 0.8231 0.0000
vt 0.8325 0.8064 0.0000
vt 0.8452 0.8063 0.0000
vt 0.8194 0.8232 0.0000
vt 0.8196 0.8065 0.0000
vt 0.8326 0.7893 0.0000
vt 0.8454 0.7891 0.0000
vt 0.8198 0.7895 0.0000
vt 0.8065 0.8232 0.0000
vt 0.8067 0.8066 0.0000
vt 0.8068 0.7896 0.0000
vt 0.8069 0.7724 0.0000
vt 0.8198 0.7721 0.0000
vt 0.8455 0.7717 0.0000
vt 0.8327 0.7719 0.0000
vt 0.8916 0.8222 0.0000
vt 0.8804 0.8224 0.0000
vt 0.8814 0.8059 0.0000
vt 0.8929 0.8057 0.0000
vt 0.8689 0.8227 0.0000
vt 0.8696 0.8061 0.0000
vt 0.8822 0.7890 0.0000
vt 0.8940 0.7888 0.0000
vt 0.8702 0.7890 0.0000
vt 0.8570 0.8229 0.0000
vt 0.8576 0.8062 0.0000
vt 0.8579 0.7891 0.0000
vt 0.8582 0.7716 0.0000
vt 0.8706 0.7717 0.0000
vt 0.8948 0.7716 0.0000
vt 0.8829 0.7717 0.0000
vt 0.8856 0.8822 0.0000
vt 0.8752 0.8826 0.0000
vt 0.8766 0.8685 0.0000
vt 0.8871 0.8681 0.0000
vt 0.8644 0.8830 0.0000
vt 0.8656 0.8689 0.0000
vt 0.8779 0.8537 0.0000
vt 0.8887 0.8534 0.0000
vt 0.8668 0.8541 0.0000
vt 0.8533 0.8835 0.0000
vt 0.8417 0.8839 0.0000
vt 0.8426 0.8696 0.0000
vt 0.8543 0.8693 0.0000
vt 0.8434 0.8547 0.0000
vt 0.8553 0.8544 0.0000
vt 0.8562 0.8389 0.0000
vt 0.8442 0.8392 0.0000
vt 0.8679 0.8387 0.0000
vt 0.8902 0.8381 0.0000
vt 0.8792 0.8384 0.0000
vt 0.8298 0.8841 0.0000
vt 0.8305 0.8698 0.0000
vt 0.8176 0.8841 0.0000
vt 0.8181 0.8698 0.0000
vt 0.8312 0.8549 0.0000
vt 0.8186 0.8549 0.0000
vt 0.8051 0.8839 0.0000
vt 0.8055 0.8697 0.0000
vt 0.8059 0.8548 0.0000
vt 0.8062 0.8393 0.0000
vt 0.8190 0.8393 0.0000
vt 0.8317 0.8393 0.0000
vt 0.9327 0.8213 0.0000
vt 0.9350 0.8045 0.0000
vt 0.9444 0.8042 0.0000
vt 0.9419 0.8212 0.0000
vt 0.9371 0.7874 0.0000
vt 0.9467 0.7869 0.0000
vt 0.9534 0.8040 0.0000
vt 0.9508 0.8213 0.0000
vt 0.9559 0.7864 0.0000
vt 0.9391 0.7701 0.0000
vt 0.9488 0.7695 0.0000
vt 0.9582 0.7687 0.0000
vt 0.9764 0.7669 0.0000
vt 0.9673 0.7678 0.0000
vt 0.9736 0.7853 0.0000
vt 0.9648 0.7859 0.0000
vt 0.9708 0.8038 0.0000
vt 0.9681 0.8222 0.0000
vt 0.9595 0.8216 0.0000
vt 0.9622 0.8039 0.0000
vt 0.9236 0.8832 0.0000
vt 0.9258 0.8688 0.0000
vt 0.9346 0.8696 0.0000
vt 0.9322 0.8843 0.0000
vt 0.9281 0.8535 0.0000
vt 0.9370 0.8541 0.0000
vt 0.9431 0.8709 0.0000
vt 0.9405 0.8859 0.0000
vt 0.9457 0.8549 0.0000
vt 0.9304 0.8376 0.0000
vt 0.9395 0.8379 0.0000
vt 0.9482 0.8384 0.0000
vt 0.9653 0.8397 0.0000
vt 0.9568 0.8390 0.0000
vt 0.9625 0.8571 0.0000
vt 0.9541 0.8559 0.0000
vt 0.9596 0.8745 0.0000
vt 0.9568 0.8920 0.0000
vt 0.9487 0.8881 0.0000
vt 0.9514 0.8726 0.0000
vt 0.8974 0.8680 0.0000
vt 0.8956 0.8821 0.0000
vt 0.8991 0.8532 0.0000
vt 0.9072 0.8680 0.0000
vt 0.9053 0.8822 0.0000
vt 0.9091 0.8531 0.0000
vt 0.9025 0.8219 0.0000
vt 0.9008 0.8378 0.0000
vt 0.9129 0.8216 0.0000
vt 0.9111 0.8376 0.0000
vt 0.9209 0.8376 0.0000
vt 0.9230 0.8214 0.0000
vt 0.9188 0.8532 0.0000
vt 0.9147 0.8826 0.0000
vt 0.9167 0.8682 0.0000
vt 0.9040 0.8054 0.0000
vt 0.9054 0.7886 0.0000
vt 0.9148 0.8051 0.0000
vt 0.9164 0.7882 0.0000
vt 0.9065 0.7714 0.0000
vt 0.9178 0.7711 0.0000
vt 0.9287 0.7707 0.0000
vt 0.9270 0.7878 0.0000
vt 0.9251 0.8048 0.0000
vt 0.9162 0.9328 0.0000
vt 0.9240 0.9337 0.0000
vt 0.9226 0.9439 0.0000
vt 0.9151 0.9434 0.0000
vt 0.9313 0.9350 0.0000
vt 0.9296 0.9448 0.0000
vt 0.9216 0.9536 0.0000
vt 0.9144 0.9536 0.0000
vt 0.9282 0.9539 0.0000
vt 0.9383 0.9371 0.0000
vt 0.9449 0.9408 0.0000
vt 0.9428 0.9479 0.0000
vt 0.9363 0.9462 0.0000
vt 0.9408 0.9549 0.0000
vt 0.9346 0.9544 0.0000
vt 0.9367 0.9691 0.0000
vt 0.9313 0.9700 0.0000
vt 0.9329 0.9623 0.0000
vt 0.9387 0.9620 0.0000
vt 0.9259 0.9710 0.0000
vt 0.9270 0.9625 0.0000
vt 0.9204 0.9719 0.0000
vt 0.9150 0.9729 0.0000
vt 0.9142 0.9634 0.0000
vt 0.9209 0.9629 0.0000
vt 0.8808 0.9329 0.0000
vt 0.8903 0.9325 0.0000
vt 0.8897 0.9439 0.0000
vt 0.8803 0.9444 0.0000
vt 0.8994 0.9323 0.0000
vt 0.8987 0.9435 0.0000
vt 0.8895 0.9549 0.0000
vt 0.8802 0.9556 0.0000
vt 0.8983 0.9543 0.0000
vt 0.9080 0.9324 0.0000
vt 0.9072 0.9433 0.0000
vt 0.9066 0.9538 0.0000
vt 0.9066 0.9741 0.0000
vt 0.9065 0.9640 0.0000
vt 0.8981 0.9753 0.0000
vt 0.8981 0.9649 0.0000
vt 0.8897 0.9765 0.0000
vt 0.8813 0.9777 0.0000
vt 0.8804 0.9667 0.0000
vt 0.8895 0.9658 0.0000
vt 0.8940 0.8956 0.0000
vt 0.8841 0.8957 0.0000
vt 0.9035 0.8957 0.0000
vt 0.8925 0.9084 0.0000
vt 0.8828 0.9086 0.0000
vt 0.9019 0.9085 0.0000
vt 0.9215 0.8968 0.0000
vt 0.9127 0.8961 0.0000
vt 0.9195 0.9096 0.0000
vt 0.9109 0.9088 0.0000
vt 0.9093 0.9209 0.0000
vt 0.9177 0.9215 0.0000
vt 0.9005 0.9207 0.0000
vt 0.8816 0.9210 0.0000
vt 0.8913 0.9207 0.0000
vt 0.9299 0.8980 0.0000
vt 0.9380 0.8996 0.0000
vt 0.9277 0.9107 0.0000
vt 0.9356 0.9123 0.0000
vt 0.9538 0.9042 0.0000
vt 0.9460 0.9018 0.0000
vt 0.9509 0.9164 0.0000
vt 0.9433 0.9143 0.0000
vt 0.9407 0.9262 0.0000
vt 0.9479 0.9286 0.0000
vt 0.9333 0.9242 0.0000
vt 0.9257 0.9226 0.0000
vt 0.8388 0.9350 0.0000
vt 0.8386 0.9467 0.0000
vt 0.8273 0.9470 0.0000
vt 0.8275 0.9353 0.0000
vt 0.8386 0.9583 0.0000
vt 0.8273 0.9586 0.0000
vt 0.8157 0.9470 0.0000
vt 0.8158 0.9353 0.0000
vt 0.8157 0.9585 0.0000
vt 0.8389 0.9698 0.0000
vt 0.8397 0.9816 0.0000
vt 0.8279 0.9814 0.0000
vt 0.8275 0.9700 0.0000
vt 0.8160 0.9813 0.0000
vt 0.8159 0.9699 0.0000
vt 0.8041 0.9696 0.0000
vt 0.8042 0.9812 0.0000
vt 0.8041 0.9581 0.0000
vt 0.8040 0.9349 0.0000
vt 0.8040 0.9466 0.0000
vt 0.8409 0.8974 0.0000
vt 0.8291 0.8977 0.0000
vt 0.8400 0.9104 0.0000
vt 0.8284 0.9107 0.0000
vt 0.8170 0.8977 0.0000
vt 0.8165 0.9107 0.0000
vt 0.8393 0.9229 0.0000
vt 0.8279 0.9232 0.0000
vt 0.8161 0.9232 0.0000
vt 0.8042 0.9229 0.0000
vt 0.8044 0.9104 0.0000
vt 0.8048 0.8975 0.0000
vt 0.8739 0.8961 0.0000
vt 0.8726 0.9090 0.0000
vt 0.8632 0.8965 0.0000
vt 0.8622 0.9095 0.0000
vt 0.8709 0.9334 0.0000
vt 0.8716 0.9214 0.0000
vt 0.8606 0.9340 0.0000
vt 0.8612 0.9219 0.0000
vt 0.8505 0.9225 0.0000
vt 0.8499 0.9345 0.0000
vt 0.8513 0.9100 0.0000
vt 0.8522 0.8970 0.0000
vt 0.8705 0.9450 0.0000
vt 0.8704 0.9564 0.0000
vt 0.8602 0.9457 0.0000
vt 0.8601 0.9571 0.0000
vt 0.8709 0.9787 0.0000
vt 0.8706 0.9676 0.0000
vt 0.8605 0.9797 0.0000
vt 0.8603 0.9684 0.0000
vt 0.8498 0.9692 0.0000
vt 0.8501 0.9806 0.0000
vt 0.8496 0.9578 0.0000
vt 0.8496 0.9463 0.0000
vt 0.6407 0.0927 0.0000
vt 0.6415 0.0821 0.0000
vt 0.6492 0.0845 0.0000
vt 0.6486 0.0946 0.0000
vt 0.6427 0.0721 0.0000
vt 0.6501 0.0750 0.0000
vt 0.6563 0.0865 0.0000
vt 0.6561 0.0963 0.0000
vt 0.6568 0.0775 0.0000
vt 0.6445 0.0626 0.0000
vt 0.6475 0.0534 0.0000
vt 0.6528 0.0571 0.0000
vt 0.6513 0.0659 0.0000
vt 0.6581 0.0608 0.0000
vt 0.6574 0.0690 0.0000
vt 0.6632 0.0717 0.0000
vt 0.6633 0.0644 0.0000
vt 0.6631 0.0793 0.0000
vt 0.6631 0.0974 0.0000
vt 0.6631 0.0879 0.0000
vt 0.6391 0.1416 0.0000
vt 0.6393 0.1285 0.0000
vt 0.6480 0.1295 0.0000
vt 0.6479 0.1425 0.0000
vt 0.6396 0.1159 0.0000
vt 0.6481 0.1172 0.0000
vt 0.6561 0.1304 0.0000
vt 0.6562 0.1431 0.0000
vt 0.6560 0.1183 0.0000
vt 0.6401 0.1039 0.0000
vt 0.6483 0.1056 0.0000
vt 0.6560 0.1069 0.0000
vt 0.6633 0.1078 0.0000
vt 0.6635 0.1190 0.0000
vt 0.6640 0.1436 0.0000
vt 0.6638 0.1310 0.0000
vt 0.5995 0.1373 0.0000
vt 0.6001 0.1233 0.0000
vt 0.6105 0.1245 0.0000
vt 0.6098 0.1384 0.0000
vt 0.6009 0.1096 0.0000
vt 0.6112 0.1111 0.0000
vt 0.6205 0.1259 0.0000
vt 0.6200 0.1395 0.0000
vt 0.6211 0.1128 0.0000
vt 0.6017 0.0964 0.0000
vt 0.6027 0.0836 0.0000
vt 0.6130 0.0859 0.0000
vt 0.6120 0.0982 0.0000
vt 0.6228 0.0882 0.0000
vt 0.6219 0.1002 0.0000
vt 0.6312 0.1021 0.0000
vt 0.6320 0.0905 0.0000
vt 0.6306 0.1144 0.0000
vt 0.6298 0.1406 0.0000
vt 0.6302 0.1272 0.0000
vt 0.6038 0.0714 0.0000
vt 0.6142 0.0740 0.0000
vt 0.6052 0.0594 0.0000
vt 0.6156 0.0625 0.0000
vt 0.6239 0.0767 0.0000
vt 0.6253 0.0658 0.0000
vt 0.6070 0.0476 0.0000
vt 0.6099 0.0356 0.0000
vt 0.6193 0.0400 0.0000
vt 0.6174 0.0512 0.0000
vt 0.6287 0.0445 0.0000
vt 0.6270 0.0551 0.0000
vt 0.6362 0.0589 0.0000
vt 0.6381 0.0490 0.0000
vt 0.6344 0.0690 0.0000
vt 0.6331 0.0795 0.0000
vt 0.6616 0.2649 0.0000
vt 0.6624 0.2489 0.0000
vt 0.6531 0.2648 0.0000
vt 0.6540 0.2488 0.0000
vt 0.6631 0.2326 0.0000
vt 0.6547 0.2325 0.0000
vt 0.6444 0.2646 0.0000
vt 0.6354 0.2644 0.0000
vt 0.6362 0.2483 0.0000
vt 0.6452 0.2486 0.0000
vt 0.6368 0.2321 0.0000
vt 0.6459 0.2324 0.0000
vt 0.6378 0.1998 0.0000
vt 0.6469 0.2001 0.0000
vt 0.6465 0.2161 0.0000
vt 0.6374 0.2158 0.0000
vt 0.6556 0.2003 0.0000
vt 0.6552 0.2162 0.0000
vt 0.6639 0.2003 0.0000
vt 0.6636 0.2163 0.0000
vt 0.5977 0.1977 0.0000
vt 0.6081 0.1983 0.0000
vt 0.6079 0.2143 0.0000
vt 0.5976 0.2138 0.0000
vt 0.6183 0.1988 0.0000
vt 0.6180 0.2148 0.0000
vt 0.6077 0.2306 0.0000
vt 0.5975 0.2302 0.0000
vt 0.6177 0.2311 0.0000
vt 0.6282 0.1994 0.0000
vt 0.6278 0.2153 0.0000
vt 0.6274 0.2316 0.0000
vt 0.6263 0.2641 0.0000
vt 0.6269 0.2479 0.0000
vt 0.6169 0.2637 0.0000
vt 0.6173 0.2475 0.0000
vt 0.6072 0.2634 0.0000
vt 0.5973 0.2632 0.0000
vt 0.5975 0.2467 0.0000
vt 0.6075 0.2470 0.0000
vt 0.6093 0.1527 0.0000
vt 0.5989 0.1518 0.0000
vt 0.6195 0.1536 0.0000
vt 0.6088 0.1675 0.0000
vt 0.5983 0.1668 0.0000
vt 0.6190 0.1682 0.0000
vt 0.6388 0.1553 0.0000
vt 0.6294 0.1545 0.0000
vt 0.6385 0.1696 0.0000
vt 0.6290 0.1689 0.0000
vt 0.6286 0.1839 0.0000
vt 0.6382 0.1844 0.0000
vt 0.6186 0.1833 0.0000
vt 0.5979 0.1821 0.0000
vt 0.6084 0.1827 0.0000
vt 0.6477 0.1560 0.0000
vt 0.6562 0.1565 0.0000
vt 0.6475 0.1701 0.0000
vt 0.6561 0.1704 0.0000
vt 0.6642 0.1568 0.0000
vt 0.6642 0.1706 0.0000
vt 0.6641 0.1851 0.0000
vt 0.6559 0.1850 0.0000
vt 0.6473 0.1848 0.0000
vt 0.5544 0.1967 0.0000
vt 0.5543 0.2131 0.0000
vt 0.5424 0.2133 0.0000
vt 0.5427 0.1968 0.0000
vt 0.5542 0.2298 0.0000
vt 0.5423 0.2301 0.0000
vt 0.5302 0.2136 0.0000
vt 0.5306 0.1971 0.0000
vt 0.5300 0.2304 0.0000
vt 0.5542 0.2468 0.0000
vt 0.5542 0.2639 0.0000
vt 0.5421 0.2642 0.0000
vt 0.5422 0.2470 0.0000
vt 0.5296 0.2645 0.0000
vt 0.5298 0.2473 0.0000
vt 0.5044 0.2652 0.0000
vt 0.5047 0.2481 0.0000
vt 0.5172 0.2477 0.0000
vt 0.5170 0.2648 0.0000
vt 0.5051 0.2312 0.0000
vt 0.5175 0.2308 0.0000
vt 0.5055 0.2146 0.0000
vt 0.5061 0.1982 0.0000
vt 0.5183 0.1976 0.0000
vt 0.5179 0.2140 0.0000
vt 0.5561 0.1346 0.0000
vt 0.5556 0.1496 0.0000
vt 0.5440 0.1495 0.0000
vt 0.5446 0.1343 0.0000
vt 0.5551 0.1650 0.0000
vt 0.5435 0.1650 0.0000
vt 0.5322 0.1496 0.0000
vt 0.5328 0.1343 0.0000
vt 0.5316 0.1651 0.0000
vt 0.5547 0.1807 0.0000
vt 0.5430 0.1807 0.0000
vt 0.5310 0.1810 0.0000
vt 0.5067 0.1820 0.0000
vt 0.5189 0.1814 0.0000
vt 0.5074 0.1661 0.0000
vt 0.5195 0.1655 0.0000
vt 0.5081 0.1505 0.0000
vt 0.5088 0.1351 0.0000
vt 0.5208 0.1345 0.0000
vt 0.5202 0.1499 0.0000
vt 0.5884 0.1511 0.0000
vt 0.5890 0.1364 0.0000
vt 0.5878 0.1661 0.0000
vt 0.5777 0.1504 0.0000
vt 0.5782 0.1356 0.0000
vt 0.5772 0.1656 0.0000
vt 0.5872 0.1973 0.0000
vt 0.5875 0.1815 0.0000
vt 0.5766 0.1970 0.0000
vt 0.5768 0.1811 0.0000
vt 0.5659 0.1808 0.0000
vt 0.5657 0.1968 0.0000
vt 0.5663 0.1652 0.0000
vt 0.5673 0.1350 0.0000
vt 0.5668 0.1500 0.0000
vt 0.5872 0.2134 0.0000
vt 0.5872 0.2299 0.0000
vt 0.5766 0.2132 0.0000
vt 0.5766 0.2297 0.0000
vt 0.5872 0.2632 0.0000
vt 0.5872 0.2465 0.0000
vt 0.5766 0.2633 0.0000
vt 0.5767 0.2465 0.0000
vt 0.5657 0.2466 0.0000
vt 0.5657 0.2636 0.0000
vt 0.5657 0.2297 0.0000
vt 0.5656 0.2131 0.0000
vt 0.5581 0.0772 0.0000
vt 0.5463 0.0763 0.0000
vt 0.5464 0.0627 0.0000
vt 0.5583 0.0637 0.0000
vt 0.5345 0.0759 0.0000
vt 0.5343 0.0621 0.0000
vt 0.5462 0.0492 0.0000
vt 0.5584 0.0503 0.0000
vt 0.5340 0.0486 0.0000
vt 0.5224 0.0759 0.0000
vt 0.5103 0.0764 0.0000
vt 0.5099 0.0627 0.0000
vt 0.5222 0.0621 0.0000
vt 0.5093 0.0492 0.0000
vt 0.5217 0.0486 0.0000
vt 0.5078 0.0212 0.0000
vt 0.5204 0.0215 0.0000
vt 0.5211 0.0350 0.0000
vt 0.5085 0.0356 0.0000
vt 0.5329 0.0219 0.0000
vt 0.5335 0.0352 0.0000
vt 0.5455 0.0222 0.0000
vt 0.5581 0.0225 0.0000
vt 0.5583 0.0368 0.0000
vt 0.5459 0.0357 0.0000
vt 0.5920 0.0816 0.0000
vt 0.5930 0.0690 0.0000
vt 0.5810 0.0799 0.0000
vt 0.5817 0.0669 0.0000
vt 0.5941 0.0566 0.0000
vt 0.5824 0.0542 0.0000
vt 0.5697 0.0784 0.0000
vt 0.5701 0.0651 0.0000
vt 0.5705 0.0520 0.0000
vt 0.5710 0.0258 0.0000
vt 0.5708 0.0389 0.0000
vt 0.5840 0.0291 0.0000
vt 0.5832 0.0416 0.0000
vt 0.5969 0.0323 0.0000
vt 0.5955 0.0444 0.0000
vt 0.5896 0.1221 0.0000
vt 0.5789 0.1212 0.0000
vt 0.5904 0.1082 0.0000
vt 0.5796 0.1070 0.0000
vt 0.5567 0.1198 0.0000
vt 0.5679 0.1204 0.0000
vt 0.5572 0.1053 0.0000
vt 0.5685 0.1060 0.0000
vt 0.5691 0.0920 0.0000
vt 0.5577 0.0911 0.0000
vt 0.5803 0.0933 0.0000
vt 0.5912 0.0947 0.0000
vt 0.5451 0.1194 0.0000
vt 0.5334 0.1192 0.0000
vt 0.5457 0.1047 0.0000
vt 0.5339 0.1045 0.0000
vt 0.5094 0.1199 0.0000
vt 0.5215 0.1194 0.0000
vt 0.5100 0.1051 0.0000
vt 0.5220 0.1046 0.0000
vt 0.5223 0.0900 0.0000
vt 0.5103 0.0905 0.0000
vt 0.5343 0.0900 0.0000
vt 0.5461 0.0904 0.0000
vt 0.6312 0.3238 0.0000
vt 0.6323 0.3095 0.0000
vt 0.6409 0.3092 0.0000
vt 0.6397 0.3232 0.0000
vt 0.6335 0.2949 0.0000
vt 0.6422 0.2948 0.0000
vt 0.6495 0.3089 0.0000
vt 0.6481 0.3228 0.0000
vt 0.6508 0.2947 0.0000
vt 0.6345 0.2799 0.0000
vt 0.6433 0.2800 0.0000
vt 0.6520 0.2800 0.0000
vt 0.6689 0.2801 0.0000
vt 0.6605 0.2801 0.0000
vt 0.6677 0.2947 0.0000
vt 0.6593 0.2947 0.0000
vt 0.6663 0.3088 0.0000
vt 0.6564 0.3226 0.0000
vt 0.6579 0.3088 0.0000
vt 0.6274 0.3768 0.0000
vt 0.6281 0.3642 0.0000
vt 0.6360 0.3632 0.0000
vt 0.6351 0.3756 0.0000
vt 0.6290 0.3512 0.0000
vt 0.6371 0.3503 0.0000
vt 0.6439 0.3625 0.0000
vt 0.6428 0.3748 0.0000
vt 0.6452 0.3497 0.0000
vt 0.6301 0.3377 0.0000
vt 0.6384 0.3369 0.0000
vt 0.6466 0.3364 0.0000
vt 0.6548 0.3361 0.0000
vt 0.6533 0.3494 0.0000
vt 0.6504 0.3743 0.0000
vt 0.6518 0.3622 0.0000
vt 0.5941 0.3843 0.0000
vt 0.5943 0.3708 0.0000
vt 0.6032 0.3689 0.0000
vt 0.6029 0.3820 0.0000
vt 0.5946 0.3568 0.0000
vt 0.6037 0.3552 0.0000
vt 0.6117 0.3671 0.0000
vt 0.6113 0.3800 0.0000
vt 0.6123 0.3537 0.0000
vt 0.5951 0.3424 0.0000
vt 0.5956 0.3274 0.0000
vt 0.6049 0.3264 0.0000
vt 0.6043 0.3410 0.0000
vt 0.6139 0.3254 0.0000
vt 0.6131 0.3398 0.0000
vt 0.6217 0.3386 0.0000
vt 0.6226 0.3245 0.0000
vt 0.6208 0.3523 0.0000
vt 0.6195 0.3783 0.0000
vt 0.6200 0.3655 0.0000
vt 0.5961 0.3119 0.0000
vt 0.6056 0.3112 0.0000
vt 0.5966 0.2959 0.0000
vt 0.6062 0.2956 0.0000
vt 0.6147 0.3105 0.0000
vt 0.6155 0.2953 0.0000
vt 0.5970 0.2797 0.0000
vt 0.6068 0.2796 0.0000
vt 0.6163 0.2797 0.0000
vt 0.6255 0.2798 0.0000
vt 0.6246 0.2951 0.0000
vt 0.6236 0.3100 0.0000
vt 0.6276 0.4206 0.0000
vt 0.6344 0.4182 0.0000
vt 0.6350 0.4269 0.0000
vt 0.6284 0.4297 0.0000
vt 0.6409 0.4163 0.0000
vt 0.6411 0.4246 0.0000
vt 0.6359 0.4349 0.0000
vt 0.6297 0.4381 0.0000
vt 0.6416 0.4322 0.0000
vt 0.6473 0.4151 0.0000
vt 0.6471 0.4231 0.0000
vt 0.6471 0.4302 0.0000
vt 0.6473 0.4424 0.0000
vt 0.6472 0.4365 0.0000
vt 0.6430 0.4459 0.0000
vt 0.6423 0.4392 0.0000
vt 0.6387 0.4495 0.0000
vt 0.6344 0.4530 0.0000
vt 0.6315 0.4460 0.0000
vt 0.6372 0.4423 0.0000
vt 0.5958 0.4333 0.0000
vt 0.6044 0.4298 0.0000
vt 0.6056 0.4403 0.0000
vt 0.5969 0.4442 0.0000
vt 0.6126 0.4264 0.0000
vt 0.6138 0.4365 0.0000
vt 0.6072 0.4504 0.0000
vt 0.5985 0.4548 0.0000
vt 0.6153 0.4461 0.0000
vt 0.6203 0.4233 0.0000
vt 0.6214 0.4329 0.0000
vt 0.6228 0.4419 0.0000
vt 0.6267 0.4587 0.0000
vt 0.6247 0.4504 0.0000
vt 0.6190 0.4643 0.0000
vt 0.6171 0.4553 0.0000
vt 0.6113 0.4700 0.0000
vt 0.6036 0.4757 0.0000
vt 0.6006 0.4652 0.0000
vt 0.6092 0.4603 0.0000
vt 0.6028 0.3948 0.0000
vt 0.5941 0.3973 0.0000
vt 0.6112 0.3925 0.0000
vt 0.6031 0.4070 0.0000
vt 0.5944 0.4098 0.0000
vt 0.6113 0.4044 0.0000
vt 0.6270 0.3887 0.0000
vt 0.6192 0.3904 0.0000
vt 0.6269 0.4000 0.0000
vt 0.6193 0.4020 0.0000
vt 0.6196 0.4130 0.0000
vt 0.6270 0.4107 0.0000
vt 0.6118 0.4157 0.0000
vt 0.5949 0.4218 0.0000
vt 0.6036 0.4187 0.0000
vt 0.6345 0.3873 0.0000
vt 0.6419 0.3863 0.0000
vt 0.6342 0.3984 0.0000
vt 0.6413 0.3971 0.0000
vt 0.6493 0.3857 0.0000
vt 0.6484 0.3964 0.0000
vt 0.6477 0.4061 0.0000
vt 0.6410 0.4072 0.0000
vt 0.6341 0.4087 0.0000
vt 0.5553 0.4470 0.0000
vt 0.5560 0.4591 0.0000
vt 0.5438 0.4619 0.0000
vt 0.5432 0.4497 0.0000
vt 0.5569 0.4709 0.0000
vt 0.5446 0.4739 0.0000
vt 0.5311 0.4643 0.0000
vt 0.5306 0.4518 0.0000
vt 0.5316 0.4763 0.0000
vt 0.5582 0.4827 0.0000
vt 0.5604 0.4950 0.0000
vt 0.5466 0.4975 0.0000
vt 0.5456 0.4857 0.0000
vt 0.5329 0.5001 0.0000
vt 0.5322 0.4882 0.0000
vt 0.5054 0.5051 0.0000
vt 0.5048 0.4919 0.0000
vt 0.5187 0.4904 0.0000
vt 0.5192 0.5026 0.0000
vt 0.5045 0.4794 0.0000
vt 0.5182 0.4782 0.0000
vt 0.5043 0.4671 0.0000
vt 0.5042 0.4544 0.0000
vt 0.5175 0.4534 0.0000
vt 0.5178 0.4660 0.0000
vt 0.5538 0.3934 0.0000
vt 0.5540 0.4076 0.0000
vt 0.5420 0.4096 0.0000
vt 0.5418 0.3952 0.0000
vt 0.5543 0.4213 0.0000
vt 0.5424 0.4235 0.0000
vt 0.5295 0.4112 0.0000
vt 0.5292 0.3966 0.0000
vt 0.5298 0.4253 0.0000
vt 0.5547 0.4344 0.0000
vt 0.5428 0.4369 0.0000
vt 0.5302 0.4388 0.0000
vt 0.5040 0.4412 0.0000
vt 0.5171 0.4403 0.0000
vt 0.5038 0.4274 0.0000
vt 0.5168 0.4266 0.0000
vt 0.5036 0.4131 0.0000
vt 0.5035 0.3983 0.0000
vt 0.5164 0.3976 0.0000
vt 0.5166 0.4124 0.0000
vt 0.5850 0.3999 0.0000
vt 0.5849 0.3866 0.0000
vt 0.5853 0.4128 0.0000
vt 0.5754 0.4026 0.0000
vt 0.5752 0.3890 0.0000
vt 0.5757 0.4158 0.0000
vt 0.5866 0.4369 0.0000
vt 0.5858 0.4251 0.0000
vt 0.5769 0.4405 0.0000
vt 0.5762 0.4284 0.0000
vt 0.5658 0.4315 0.0000
vt 0.5664 0.4439 0.0000
vt 0.5654 0.4187 0.0000
vt 0.5649 0.3913 0.0000
vt 0.5651 0.4053 0.0000
vt 0.5877 0.4482 0.0000
vt 0.5891 0.4592 0.0000
vt 0.5778 0.4521 0.0000
vt 0.5790 0.4634 0.0000
vt 0.5928 0.4805 0.0000
vt 0.5909 0.4699 0.0000
vt 0.5820 0.4854 0.0000
vt 0.5805 0.4744 0.0000
vt 0.5697 0.4788 0.0000
vt 0.5712 0.4902 0.0000
vt 0.5683 0.4673 0.0000
vt 0.5673 0.4558 0.0000
vt 0.5536 0.3316 0.0000
vt 0.5416 0.3324 0.0000
vt 0.5417 0.3156 0.0000
vt 0.5537 0.3150 0.0000
vt 0.5292 0.3330 0.0000
vt 0.5292 0.3161 0.0000
vt 0.5418 0.2986 0.0000
vt 0.5539 0.2981 0.0000
vt 0.5293 0.2990 0.0000
vt 0.5165 0.3336 0.0000
vt 0.5040 0.3340 0.0000
vt 0.5041 0.3170 0.0000
vt 0.5166 0.3166 0.0000
vt 0.5041 0.2997 0.0000
vt 0.5167 0.2994 0.0000
vt 0.5168 0.2821 0.0000
vt 0.5043 0.2824 0.0000
vt 0.5294 0.2818 0.0000
vt 0.5540 0.2810 0.0000
vt 0.5419 0.2814 0.0000
vt 0.5859 0.3285 0.0000
vt 0.5863 0.3127 0.0000
vt 0.5756 0.3296 0.0000
vt 0.5759 0.3134 0.0000
vt 0.5866 0.2964 0.0000
vt 0.5762 0.2969 0.0000
vt 0.5649 0.3306 0.0000
vt 0.5651 0.3142 0.0000
vt 0.5653 0.2975 0.0000
vt 0.5655 0.2806 0.0000
vt 0.5765 0.2802 0.0000
vt 0.5870 0.2799 0.0000
vt 0.5850 0.3728 0.0000
vt 0.5752 0.3749 0.0000
vt 0.5852 0.3586 0.0000
vt 0.5752 0.3603 0.0000
vt 0.5536 0.3787 0.0000
vt 0.5648 0.3769 0.0000
vt 0.5535 0.3635 0.0000
vt 0.5647 0.3620 0.0000
vt 0.5648 0.3465 0.0000
vt 0.5535 0.3477 0.0000
vt 0.5754 0.3452 0.0000
vt 0.5855 0.3438 0.0000
vt 0.5416 0.3802 0.0000
vt 0.5291 0.3814 0.0000
vt 0.5416 0.3647 0.0000
vt 0.5291 0.3657 0.0000
vt 0.5035 0.3829 0.0000
vt 0.5163 0.3823 0.0000
vt 0.5037 0.3670 0.0000
vt 0.5164 0.3665 0.0000
vt 0.5164 0.3502 0.0000
vt 0.5038 0.3507 0.0000
vt 0.5291 0.3496 0.0000
vt 0.5415 0.3488 0.0000
vt 0.4617 0.0841 0.0000
vt 0.4608 0.0710 0.0000
vt 0.4729 0.0681 0.0000
vt 0.4736 0.0814 0.0000
vt 0.4596 0.0581 0.0000
vt 0.4718 0.0550 0.0000
vt 0.4852 0.0657 0.0000
vt 0.4858 0.0792 0.0000
vt 0.4843 0.0525 0.0000
vt 0.4580 0.0452 0.0000
vt 0.4559 0.0316 0.0000
vt 0.4689 0.0290 0.0000
vt 0.4704 0.0420 0.0000
vt 0.4818 0.0264 0.0000
vt 0.4831 0.0394 0.0000
vt 0.4959 0.0371 0.0000
vt 0.4948 0.0238 0.0000
vt 0.4968 0.0505 0.0000
vt 0.4980 0.0775 0.0000
vt 0.4976 0.0639 0.0000
vt 0.4613 0.1402 0.0000
vt 0.4618 0.1257 0.0000
vt 0.4734 0.1238 0.0000
vt 0.4729 0.1386 0.0000
vt 0.4621 0.1115 0.0000
vt 0.4738 0.1093 0.0000
vt 0.4853 0.1222 0.0000
vt 0.4847 0.1371 0.0000
vt 0.4858 0.1075 0.0000
vt 0.4620 0.0976 0.0000
vt 0.4739 0.0952 0.0000
vt 0.4859 0.0931 0.0000
vt 0.4981 0.0916 0.0000
vt 0.4978 0.1061 0.0000
vt 0.4967 0.1359 0.0000
vt 0.4974 0.1208 0.0000
vt 0.4193 0.1481 0.0000
vt 0.4193 0.1351 0.0000
vt 0.4292 0.1327 0.0000
vt 0.4290 0.1461 0.0000
vt 0.4191 0.1224 0.0000
vt 0.4291 0.1196 0.0000
vt 0.4396 0.1303 0.0000
vt 0.4393 0.1440 0.0000
vt 0.4396 0.1168 0.0000
vt 0.4186 0.1100 0.0000
vt 0.4177 0.0980 0.0000
vt 0.4279 0.0943 0.0000
vt 0.4286 0.1068 0.0000
vt 0.4387 0.0907 0.0000
vt 0.4393 0.1036 0.0000
vt 0.4505 0.1005 0.0000
vt 0.4500 0.0873 0.0000
vt 0.4506 0.1140 0.0000
vt 0.4501 0.1421 0.0000
vt 0.4505 0.1279 0.0000
vt 0.4165 0.0862 0.0000
vt 0.4267 0.0822 0.0000
vt 0.4147 0.0748 0.0000
vt 0.4251 0.0704 0.0000
vt 0.4376 0.0783 0.0000
vt 0.4361 0.0661 0.0000
vt 0.4125 0.0636 0.0000
vt 0.4091 0.0525 0.0000
vt 0.4208 0.0473 0.0000
vt 0.4230 0.0588 0.0000
vt 0.4325 0.0420 0.0000
vt 0.4344 0.0540 0.0000
vt 0.4460 0.0493 0.0000
vt 0.4442 0.0368 0.0000
vt 0.4477 0.0619 0.0000
vt 0.4490 0.0745 0.0000
vt 0.4590 0.2009 0.0000
vt 0.4704 0.2003 0.0000
vt 0.4698 0.2163 0.0000
vt 0.4584 0.2167 0.0000
vt 0.4821 0.1996 0.0000
vt 0.4815 0.2158 0.0000
vt 0.4693 0.2326 0.0000
vt 0.4579 0.2328 0.0000
vt 0.4810 0.2322 0.0000
vt 0.4940 0.1988 0.0000
vt 0.4934 0.2152 0.0000
vt 0.4929 0.2317 0.0000
vt 0.4922 0.2655 0.0000
vt 0.4925 0.2485 0.0000
vt 0.4803 0.2658 0.0000
vt 0.4806 0.2489 0.0000
vt 0.4686 0.2659 0.0000
vt 0.4570 0.2658 0.0000
vt 0.4574 0.2491 0.0000
vt 0.4689 0.2491 0.0000
vt 0.4171 0.2027 0.0000
vt 0.4268 0.2022 0.0000
vt 0.4260 0.2170 0.0000
vt 0.4162 0.2171 0.0000
vt 0.4371 0.2018 0.0000
vt 0.4364 0.2170 0.0000
vt 0.4252 0.2322 0.0000
vt 0.4153 0.2320 0.0000
vt 0.4357 0.2325 0.0000
vt 0.4478 0.2014 0.0000
vt 0.4472 0.2169 0.0000
vt 0.4466 0.2327 0.0000
vt 0.4456 0.2654 0.0000
vt 0.4461 0.2489 0.0000
vt 0.4345 0.2648 0.0000
vt 0.4351 0.2484 0.0000
vt 0.4238 0.2641 0.0000
vt 0.4137 0.2634 0.0000
vt 0.4144 0.2475 0.0000
vt 0.4245 0.2479 0.0000
vt 0.4287 0.1597 0.0000
vt 0.4190 0.1613 0.0000
vt 0.4389 0.1581 0.0000
vt 0.4282 0.1736 0.0000
vt 0.4185 0.1748 0.0000
vt 0.4384 0.1724 0.0000
vt 0.4608 0.1550 0.0000
vt 0.4496 0.1565 0.0000
vt 0.4602 0.1701 0.0000
vt 0.4491 0.1712 0.0000
vt 0.4485 0.1861 0.0000
vt 0.4596 0.1853 0.0000
vt 0.4377 0.1869 0.0000
vt 0.4178 0.1886 0.0000
vt 0.4275 0.1877 0.0000
vt 0.4723 0.1536 0.0000
vt 0.4841 0.1524 0.0000
vt 0.4717 0.1689 0.0000
vt 0.4834 0.1679 0.0000
vt 0.4960 0.1513 0.0000
vt 0.4953 0.1669 0.0000
vt 0.4946 0.1827 0.0000
vt 0.4827 0.1836 0.0000
vt 0.4710 0.1845 0.0000
vt 0.3841 0.2053 0.0000
vt 0.3830 0.2186 0.0000
vt 0.3759 0.2189 0.0000
vt 0.3769 0.2057 0.0000
vt 0.3818 0.2324 0.0000
vt 0.3746 0.2326 0.0000
vt 0.3690 0.2191 0.0000
vt 0.3700 0.2059 0.0000
vt 0.3678 0.2328 0.0000
vt 0.3805 0.2467 0.0000
vt 0.3793 0.2617 0.0000
vt 0.3722 0.2615 0.0000
vt 0.3734 0.2468 0.0000
vt 0.3654 0.2615 0.0000
vt 0.3666 0.2469 0.0000
vt 0.3600 0.2468 0.0000
vt 0.3589 0.2614 0.0000
vt 0.3612 0.2328 0.0000
vt 0.3632 0.2060 0.0000
vt 0.3623 0.2192 0.0000
vt 0.3858 0.1552 0.0000
vt 0.3857 0.1672 0.0000
vt 0.3783 0.1681 0.0000
vt 0.3783 0.1563 0.0000
vt 0.3854 0.1796 0.0000
vt 0.3781 0.1803 0.0000
vt 0.3712 0.1687 0.0000
vt 0.3712 0.1570 0.0000
vt 0.3710 0.1808 0.0000
vt 0.3849 0.1923 0.0000
vt 0.3776 0.1928 0.0000
vt 0.3706 0.1932 0.0000
vt 0.3638 0.1933 0.0000
vt 0.3641 0.1809 0.0000
vt 0.3641 0.1574 0.0000
vt 0.3642 0.1690 0.0000
vt 0.4099 0.1630 0.0000
vt 0.4102 0.1501 0.0000
vt 0.4095 0.1761 0.0000
vt 0.4014 0.1646 0.0000
vt 0.4016 0.1520 0.0000
vt 0.4010 0.1774 0.0000
vt 0.4080 0.2033 0.0000
vt 0.4088 0.1895 0.0000
vt 0.3996 0.2040 0.0000
vt 0.4004 0.1905 0.0000
vt 0.3924 0.1915 0.0000
vt 0.3916 0.2047 0.0000
vt 0.3930 0.1786 0.0000
vt 0.3935 0.1537 0.0000
vt 0.3934 0.1660 0.0000
vt 0.4071 0.2174 0.0000
vt 0.4060 0.2320 0.0000
vt 0.3985 0.2178 0.0000
vt 0.3974 0.2321 0.0000
vt 0.4042 0.2628 0.0000
vt 0.4050 0.2471 0.0000
vt 0.3953 0.2623 0.0000
vt 0.3963 0.2469 0.0000
vt 0.3881 0.2467 0.0000
vt 0.3870 0.2619 0.0000
vt 0.3893 0.2322 0.0000
vt 0.3905 0.2182 0.0000
vt 0.3838 0.1103 0.0000
vt 0.3767 0.1125 0.0000
vt 0.3759 0.1028 0.0000
vt 0.3828 0.1002 0.0000
vt 0.3699 0.1141 0.0000
vt 0.3694 0.1049 0.0000
vt 0.3748 0.0937 0.0000
vt 0.3814 0.0906 0.0000
vt 0.3687 0.0961 0.0000
vt 0.3634 0.1152 0.0000
vt 0.3632 0.1062 0.0000
vt 0.3629 0.0979 0.0000
vt 0.3623 0.0834 0.0000
vt 0.3626 0.0904 0.0000
vt 0.3672 0.0799 0.0000
vt 0.3680 0.0879 0.0000
vt 0.3720 0.0763 0.0000
vt 0.3768 0.0728 0.0000
vt 0.3796 0.0814 0.0000
vt 0.3735 0.0849 0.0000
vt 0.4083 0.1014 0.0000
vt 0.4070 0.0901 0.0000
vt 0.3995 0.1047 0.0000
vt 0.3983 0.0938 0.0000
vt 0.4053 0.0791 0.0000
vt 0.3967 0.0832 0.0000
vt 0.3914 0.1077 0.0000
vt 0.3902 0.0972 0.0000
vt 0.3887 0.0871 0.0000
vt 0.3849 0.0677 0.0000
vt 0.3869 0.0773 0.0000
vt 0.3929 0.0627 0.0000
vt 0.3949 0.0729 0.0000
vt 0.4010 0.0576 0.0000
vt 0.4033 0.0683 0.0000
vt 0.4101 0.1375 0.0000
vt 0.4015 0.1397 0.0000
vt 0.4098 0.1252 0.0000
vt 0.4011 0.1277 0.0000
vt 0.3856 0.1434 0.0000
vt 0.3933 0.1417 0.0000
vt 0.3852 0.1319 0.0000
vt 0.3930 0.1300 0.0000
vt 0.3923 0.1186 0.0000
vt 0.3846 0.1209 0.0000
vt 0.4005 0.1160 0.0000
vt 0.4092 0.1131 0.0000
vt 0.3782 0.1447 0.0000
vt 0.3710 0.1456 0.0000
vt 0.3779 0.1335 0.0000
vt 0.3708 0.1346 0.0000
vt 0.3640 0.1461 0.0000
vt 0.3639 0.1352 0.0000
vt 0.3636 0.1249 0.0000
vt 0.3704 0.1241 0.0000
vt 0.3774 0.1227 0.0000
vt 0.4559 0.3340 0.0000
vt 0.4562 0.3170 0.0000
vt 0.4679 0.3173 0.0000
vt 0.4676 0.3343 0.0000
vt 0.4565 0.2999 0.0000
vt 0.4681 0.3001 0.0000
vt 0.4797 0.3173 0.0000
vt 0.4795 0.3343 0.0000
vt 0.4799 0.3001 0.0000
vt 0.4567 0.2828 0.0000
vt 0.4683 0.2830 0.0000
vt 0.4800 0.2829 0.0000
vt 0.4920 0.2827 0.0000
vt 0.4919 0.3000 0.0000
vt 0.4916 0.3342 0.0000
vt 0.4918 0.3172 0.0000
vt 0.4543 0.3973 0.0000
vt 0.4548 0.3822 0.0000
vt 0.4667 0.3828 0.0000
vt 0.4663 0.3981 0.0000
vt 0.4552 0.3666 0.0000
vt 0.4670 0.3671 0.0000
vt 0.4787 0.3831 0.0000
vt 0.4785 0.3985 0.0000
vt 0.4790 0.3673 0.0000
vt 0.4556 0.3505 0.0000
vt 0.4674 0.3509 0.0000
vt 0.4793 0.3510 0.0000
vt 0.4914 0.3509 0.0000
vt 0.4912 0.3673 0.0000
vt 0.4909 0.3986 0.0000
vt 0.4910 0.3832 0.0000
vt 0.4090 0.3920 0.0000
vt 0.4100 0.3776 0.0000
vt 0.4205 0.3791 0.0000
vt 0.4196 0.3937 0.0000
vt 0.4107 0.3626 0.0000
vt 0.4212 0.3639 0.0000
vt 0.4316 0.3803 0.0000
vt 0.4308 0.3951 0.0000
vt 0.4322 0.3650 0.0000
vt 0.4113 0.3470 0.0000
vt 0.4118 0.3307 0.0000
vt 0.4222 0.3318 0.0000
vt 0.4217 0.3481 0.0000
vt 0.4331 0.3327 0.0000
vt 0.4327 0.3491 0.0000
vt 0.4440 0.3499 0.0000
vt 0.4444 0.3334 0.0000
vt 0.4436 0.3659 0.0000
vt 0.4424 0.3963 0.0000
vt 0.4430 0.3814 0.0000
vt 0.4122 0.3140 0.0000
vt 0.4226 0.3150 0.0000
vt 0.4126 0.2970 0.0000
vt 0.4229 0.2979 0.0000
vt 0.4334 0.3158 0.0000
vt 0.4338 0.2988 0.0000
vt 0.4131 0.2800 0.0000
vt 0.4233 0.2809 0.0000
vt 0.4341 0.2817 0.0000
vt 0.4453 0.2823 0.0000
vt 0.4450 0.2994 0.0000
vt 0.4447 0.3165 0.0000
vt 0.4512 0.4523 0.0000
vt 0.4643 0.4537 0.0000
vt 0.4636 0.4662 0.0000
vt 0.4502 0.4647 0.0000
vt 0.4775 0.4545 0.0000
vt 0.4771 0.4671 0.0000
vt 0.4626 0.4785 0.0000
vt 0.4489 0.4769 0.0000
vt 0.4766 0.4794 0.0000
vt 0.4908 0.4548 0.0000
vt 0.4907 0.4674 0.0000
vt 0.4906 0.4798 0.0000
vt 0.4904 0.5044 0.0000
vt 0.4905 0.4921 0.0000
vt 0.4754 0.5037 0.0000
vt 0.4760 0.4916 0.0000
vt 0.4603 0.5029 0.0000
vt 0.4453 0.5022 0.0000
vt 0.4474 0.4891 0.0000
vt 0.4615 0.4907 0.0000
vt 0.4030 0.4430 0.0000
vt 0.4140 0.4458 0.0000
vt 0.4124 0.4573 0.0000
vt 0.4013 0.4541 0.0000
vt 0.4259 0.4483 0.0000
vt 0.4244 0.4602 0.0000
vt 0.4106 0.4684 0.0000
vt 0.3994 0.4648 0.0000
vt 0.4228 0.4716 0.0000
vt 0.4384 0.4505 0.0000
vt 0.4371 0.4627 0.0000
vt 0.4356 0.4745 0.0000
vt 0.4323 0.4981 0.0000
vt 0.4340 0.4863 0.0000
vt 0.4193 0.4941 0.0000
vt 0.4211 0.4829 0.0000
vt 0.4063 0.4900 0.0000
vt 0.3933 0.4859 0.0000
vt 0.3970 0.4753 0.0000
vt 0.4085 0.4792 0.0000
vt 0.4184 0.4076 0.0000
vt 0.4078 0.4058 0.0000
vt 0.4298 0.4093 0.0000
vt 0.4171 0.4210 0.0000
vt 0.4063 0.4189 0.0000
vt 0.4286 0.4229 0.0000
vt 0.4537 0.4119 0.0000
vt 0.4416 0.4107 0.0000
vt 0.4530 0.4259 0.0000
vt 0.4406 0.4245 0.0000
vt 0.4395 0.4378 0.0000
vt 0.4522 0.4394 0.0000
vt 0.4273 0.4359 0.0000
vt 0.4047 0.4313 0.0000
vt 0.4156 0.4337 0.0000
vt 0.4659 0.4128 0.0000
vt 0.4783 0.4133 0.0000
vt 0.4655 0.4269 0.0000
vt 0.4781 0.4276 0.0000
vt 0.4908 0.4134 0.0000
vt 0.4908 0.4277 0.0000
vt 0.4909 0.4415 0.0000
vt 0.4778 0.4413 0.0000
vt 0.4649 0.4406 0.0000
vt 0.3683 0.4314 0.0000
vt 0.3667 0.4408 0.0000
vt 0.3598 0.4379 0.0000
vt 0.3613 0.4288 0.0000
vt 0.3649 0.4495 0.0000
vt 0.3583 0.4461 0.0000
vt 0.3533 0.4353 0.0000
vt 0.3546 0.4265 0.0000
vt 0.3521 0.4432 0.0000
vt 0.3629 0.4576 0.0000
vt 0.3598 0.4650 0.0000
vt 0.3547 0.4612 0.0000
vt 0.3565 0.4538 0.0000
vt 0.3496 0.4574 0.0000
vt 0.3508 0.4504 0.0000
vt 0.3452 0.4473 0.0000
vt 0.3444 0.4535 0.0000
vt 0.3461 0.4407 0.0000
vt 0.3480 0.4246 0.0000
vt 0.3470 0.4332 0.0000
vt 0.3738 0.3848 0.0000
vt 0.3727 0.3977 0.0000
vt 0.3653 0.3959 0.0000
vt 0.3664 0.3830 0.0000
vt 0.3713 0.4098 0.0000
vt 0.3641 0.4078 0.0000
vt 0.3583 0.3941 0.0000
vt 0.3593 0.3814 0.0000
vt 0.3571 0.4059 0.0000
vt 0.3699 0.4210 0.0000
vt 0.3627 0.4188 0.0000
vt 0.3558 0.4167 0.0000
vt 0.3491 0.4150 0.0000
vt 0.3503 0.4043 0.0000
vt 0.3524 0.3800 0.0000
vt 0.3514 0.3926 0.0000
vt 0.3980 0.4038 0.0000
vt 0.3992 0.3903 0.0000
vt 0.3965 0.4166 0.0000
vt 0.3889 0.4018 0.0000
vt 0.3901 0.3885 0.0000
vt 0.3874 0.4143 0.0000
vt 0.3931 0.4401 0.0000
vt 0.3948 0.4287 0.0000
vt 0.3841 0.4371 0.0000
vt 0.3858 0.4261 0.0000
vt 0.3775 0.4235 0.0000
vt 0.3759 0.4342 0.0000
vt 0.3791 0.4120 0.0000
vt 0.3817 0.3866 0.0000
vt 0.3805 0.3997 0.0000
vt 0.3914 0.4508 0.0000
vt 0.3895 0.4610 0.0000
vt 0.3823 0.4474 0.0000
vt 0.3805 0.4571 0.0000
vt 0.3849 0.4807 0.0000
vt 0.3873 0.4709 0.0000
vt 0.3766 0.4755 0.0000
vt 0.3786 0.4663 0.0000
vt 0.3703 0.4618 0.0000
vt 0.3682 0.4702 0.0000
vt 0.3724 0.4532 0.0000
vt 0.3742 0.4440 0.0000
vt 0.3764 0.3257 0.0000
vt 0.3691 0.3245 0.0000
vt 0.3697 0.3087 0.0000
vt 0.3769 0.3096 0.0000
vt 0.3622 0.3234 0.0000
vt 0.3628 0.3079 0.0000
vt 0.3704 0.2927 0.0000
vt 0.3776 0.2934 0.0000
vt 0.3636 0.2922 0.0000
vt 0.3556 0.3225 0.0000
vt 0.3563 0.3071 0.0000
vt 0.3571 0.2917 0.0000
vt 0.3579 0.2764 0.0000
vt 0.3644 0.2767 0.0000
vt 0.3784 0.2773 0.0000
vt 0.3712 0.2769 0.0000
vt 0.4020 0.3295 0.0000
vt 0.4025 0.3129 0.0000
vt 0.3929 0.3282 0.0000
vt 0.3933 0.3118 0.0000
vt 0.4029 0.2960 0.0000
vt 0.3939 0.2951 0.0000
vt 0.3843 0.3269 0.0000
vt 0.3848 0.3106 0.0000
vt 0.3854 0.2942 0.0000
vt 0.3861 0.2778 0.0000
vt 0.3945 0.2785 0.0000
vt 0.4035 0.2792 0.0000
vt 0.4002 0.3761 0.0000
vt 0.3911 0.3744 0.0000
vt 0.4010 0.3612 0.0000
vt 0.3918 0.3596 0.0000
vt 0.3746 0.3710 0.0000
vt 0.3826 0.3727 0.0000
vt 0.3753 0.3565 0.0000
vt 0.3833 0.3581 0.0000
vt 0.3838 0.3428 0.0000
vt 0.3759 0.3413 0.0000
vt 0.3924 0.3442 0.0000
vt 0.4015 0.3456 0.0000
vt 0.3672 0.3694 0.0000
vt 0.3602 0.3679 0.0000
vt 0.3679 0.3550 0.0000
vt 0.3609 0.3536 0.0000
vt 0.3533 0.3665 0.0000
vt 0.3541 0.3523 0.0000
vt 0.3548 0.3376 0.0000
vt 0.3615 0.3387 0.0000
vt 0.3685 0.3400 0.0000
vt 0.0726 0.5686 0.0000
vt 0.0653 0.5694 0.0000
vt 0.0656 0.5603 0.0000
vt 0.0726 0.5591 0.0000
vt 0.0586 0.5695 0.0000
vt 0.0592 0.5609 0.0000
vt 0.0657 0.5520 0.0000
vt 0.0723 0.5504 0.0000
vt 0.0597 0.5532 0.0000
vt 0.0522 0.5688 0.0000
vt 0.0463 0.5664 0.0000
vt 0.0474 0.5605 0.0000
vt 0.0532 0.5608 0.0000
vt 0.0486 0.5545 0.0000
vt 0.0541 0.5539 0.0000
vt 0.0508 0.5427 0.0000
vt 0.0556 0.5408 0.0000
vt 0.0548 0.5473 0.0000
vt 0.0497 0.5486 0.0000
vt 0.0604 0.5389 0.0000
vt 0.0601 0.5459 0.0000
vt 0.0651 0.5370 0.0000
vt 0.0699 0.5351 0.0000
vt 0.0717 0.5423 0.0000
vt 0.0655 0.5444 0.0000
vt 0.1082 0.5600 0.0000
vt 0.0982 0.5628 0.0000
vt 0.0977 0.5521 0.0000
vt 0.1077 0.5490 0.0000
vt 0.0889 0.5652 0.0000
vt 0.0886 0.5548 0.0000
vt 0.0971 0.5420 0.0000
vt 0.1070 0.5386 0.0000
vt 0.0881 0.5451 0.0000
vt 0.0804 0.5672 0.0000
vt 0.0802 0.5572 0.0000
vt 0.0798 0.5480 0.0000
vt 0.0783 0.5310 0.0000
vt 0.0792 0.5394 0.0000
vt 0.0868 0.5269 0.0000
vt 0.0875 0.5359 0.0000
vt 0.0952 0.5228 0.0000
vt 0.1037 0.5187 0.0000
vt 0.1059 0.5285 0.0000
vt 0.0962 0.5323 0.0000
vt 0.1088 0.6111 0.0000
vt 0.0985 0.6127 0.0000
vt 0.0988 0.5994 0.0000
vt 0.1090 0.5975 0.0000
vt 0.0887 0.6140 0.0000
vt 0.0891 0.6009 0.0000
vt 0.0988 0.5865 0.0000
vt 0.1089 0.5844 0.0000
vt 0.0893 0.5883 0.0000
vt 0.0794 0.6148 0.0000
vt 0.0705 0.6151 0.0000
vt 0.0714 0.6024 0.0000
vt 0.0800 0.6019 0.0000
vt 0.0720 0.5904 0.0000
vt 0.0804 0.5896 0.0000
vt 0.0805 0.5780 0.0000
vt 0.0724 0.5791 0.0000
vt 0.0892 0.5764 0.0000
vt 0.1086 0.5719 0.0000
vt 0.0985 0.5743 0.0000
vt 0.0620 0.6149 0.0000
vt 0.0633 0.6023 0.0000
vt 0.0539 0.6140 0.0000
vt 0.0554 0.6016 0.0000
vt 0.0642 0.5905 0.0000
vt 0.0567 0.5901 0.0000
vt 0.0461 0.6125 0.0000
vt 0.0385 0.6097 0.0000
vt 0.0404 0.5989 0.0000
vt 0.0479 0.6004 0.0000
vt 0.0424 0.5881 0.0000
vt 0.0495 0.5892 0.0000
vt 0.0510 0.5784 0.0000
vt 0.0444 0.5772 0.0000
vt 0.0577 0.5793 0.0000
vt 0.0649 0.5795 0.0000
vt 0.1557 0.5491 0.0000
vt 0.1553 0.5373 0.0000
vt 0.1687 0.5354 0.0000
vt 0.1690 0.5473 0.0000
vt 0.1546 0.5258 0.0000
vt 0.1681 0.5238 0.0000
vt 0.1823 0.5341 0.0000
vt 0.1826 0.5460 0.0000
vt 0.1820 0.5226 0.0000
vt 0.1536 0.5143 0.0000
vt 0.1519 0.5020 0.0000
vt 0.1664 0.5011 0.0000
vt 0.1673 0.5124 0.0000
vt 0.1809 0.5001 0.0000
vt 0.1815 0.5113 0.0000
vt 0.2099 0.4983 0.0000
vt 0.2095 0.5104 0.0000
vt 0.1956 0.5105 0.0000
vt 0.1954 0.4992 0.0000
vt 0.2095 0.5218 0.0000
vt 0.1958 0.5219 0.0000
vt 0.2094 0.5333 0.0000
vt 0.2093 0.5450 0.0000
vt 0.1961 0.5452 0.0000
vt 0.1960 0.5334 0.0000
vt 0.1557 0.6036 0.0000
vt 0.1559 0.5889 0.0000
vt 0.1689 0.5872 0.0000
vt 0.1686 0.6020 0.0000
vt 0.1560 0.5750 0.0000
vt 0.1691 0.5732 0.0000
vt 0.1821 0.5858 0.0000
vt 0.1816 0.6008 0.0000
vt 0.1824 0.5718 0.0000
vt 0.1560 0.5617 0.0000
vt 0.1692 0.5599 0.0000
vt 0.1826 0.5585 0.0000
vt 0.2090 0.5573 0.0000
vt 0.1959 0.5577 0.0000
vt 0.2086 0.5704 0.0000
vt 0.1956 0.5708 0.0000
vt 0.2081 0.5843 0.0000
vt 0.2076 0.5993 0.0000
vt 0.1947 0.5999 0.0000
vt 0.1952 0.5849 0.0000
vt 0.1199 0.5954 0.0000
vt 0.1197 0.6093 0.0000
vt 0.1198 0.5820 0.0000
vt 0.1314 0.5931 0.0000
vt 0.1312 0.6073 0.0000
vt 0.1313 0.5795 0.0000
vt 0.1190 0.5571 0.0000
vt 0.1195 0.5692 0.0000
vt 0.1306 0.5542 0.0000
vt 0.1310 0.5666 0.0000
vt 0.1432 0.5640 0.0000
vt 0.1429 0.5515 0.0000
vt 0.1434 0.5771 0.0000
vt 0.1432 0.6054 0.0000
vt 0.1434 0.5909 0.0000
vt 0.1185 0.5458 0.0000
vt 0.1178 0.5351 0.0000
vt 0.1301 0.5427 0.0000
vt 0.1295 0.5316 0.0000
vt 0.1157 0.5145 0.0000
vt 0.1168 0.5247 0.0000
vt 0.1278 0.5103 0.0000
vt 0.1287 0.5209 0.0000
vt 0.1408 0.5173 0.0000
vt 0.1398 0.5062 0.0000
vt 0.1417 0.5284 0.0000
vt 0.1424 0.5398 0.0000
vt 0.1535 0.6688 0.0000
vt 0.1664 0.6687 0.0000
vt 0.1659 0.6866 0.0000
vt 0.1530 0.6864 0.0000
vt 0.1794 0.6688 0.0000
vt 0.1790 0.6869 0.0000
vt 0.1656 0.7047 0.0000
vt 0.1527 0.7043 0.0000
vt 0.1786 0.7051 0.0000
vt 0.1925 0.6687 0.0000
vt 0.2054 0.6684 0.0000
vt 0.2050 0.6868 0.0000
vt 0.1920 0.6870 0.0000
vt 0.2046 0.7053 0.0000
vt 0.1916 0.7053 0.0000
vt 0.2044 0.7420 0.0000
vt 0.1914 0.7419 0.0000
vt 0.1914 0.7237 0.0000
vt 0.2044 0.7237 0.0000
vt 0.1783 0.7416 0.0000
vt 0.1783 0.7234 0.0000
vt 0.1653 0.7412 0.0000
vt 0.1524 0.7407 0.0000
vt 0.1524 0.7225 0.0000
vt 0.1653 0.7229 0.0000
vt 0.1054 0.6703 0.0000
vt 0.1168 0.6698 0.0000
vt 0.1161 0.6865 0.0000
vt 0.1046 0.6869 0.0000
vt 0.1287 0.6693 0.0000
vt 0.1281 0.6863 0.0000
vt 0.1156 0.7039 0.0000
vt 0.1039 0.7041 0.0000
vt 0.1276 0.7039 0.0000
vt 0.1409 0.6689 0.0000
vt 0.1404 0.6863 0.0000
vt 0.1400 0.7041 0.0000
vt 0.1397 0.7404 0.0000
vt 0.1398 0.7221 0.0000
vt 0.1272 0.7401 0.0000
vt 0.1273 0.7219 0.0000
vt 0.1150 0.7400 0.0000
vt 0.1031 0.7399 0.0000
vt 0.1034 0.7218 0.0000
vt 0.1152 0.7218 0.0000
vt 0.1192 0.6236 0.0000
vt 0.1082 0.6251 0.0000
vt 0.1308 0.6220 0.0000
vt 0.1185 0.6383 0.0000
vt 0.1074 0.6395 0.0000
vt 0.1301 0.6371 0.0000
vt 0.1552 0.6189 0.0000
vt 0.1428 0.6204 0.0000
vt 0.1547 0.6350 0.0000
vt 0.1422 0.6360 0.0000
vt 0.1416 0.6522 0.0000
vt 0.1541 0.6516 0.0000
vt 0.1294 0.6529 0.0000
vt 0.1064 0.6546 0.0000
vt 0.1177 0.6537 0.0000
vt 0.1681 0.6177 0.0000
vt 0.1811 0.6168 0.0000
vt 0.1675 0.6342 0.0000
vt 0.1806 0.6335 0.0000
vt 0.2070 0.6154 0.0000
vt 0.1942 0.6160 0.0000
vt 0.2065 0.6325 0.0000
vt 0.1936 0.6330 0.0000
vt 0.1930 0.6506 0.0000
vt 0.2059 0.6502 0.0000
vt 0.1800 0.6509 0.0000
vt 0.1670 0.6512 0.0000
vt 0.0643 0.6721 0.0000
vt 0.0627 0.6883 0.0000
vt 0.0533 0.6880 0.0000
vt 0.0550 0.6718 0.0000
vt 0.0614 0.7051 0.0000
vt 0.0518 0.7049 0.0000
vt 0.0441 0.6874 0.0000
vt 0.0459 0.6711 0.0000
vt 0.0424 0.7045 0.0000
vt 0.0603 0.7225 0.0000
vt 0.0596 0.7404 0.0000
vt 0.0498 0.7403 0.0000
vt 0.0506 0.7224 0.0000
vt 0.0402 0.7400 0.0000
vt 0.0411 0.7220 0.0000
vt 0.0202 0.7385 0.0000
vt 0.0221 0.7207 0.0000
vt 0.0316 0.7214 0.0000
vt 0.0306 0.7395 0.0000
vt 0.0240 0.7030 0.0000
vt 0.0332 0.7038 0.0000
vt 0.0260 0.6853 0.0000
vt 0.0279 0.6675 0.0000
vt 0.0370 0.6698 0.0000
vt 0.0350 0.6864 0.0000
vt 0.0692 0.6284 0.0000
vt 0.0605 0.6280 0.0000
vt 0.0677 0.6422 0.0000
vt 0.0587 0.6419 0.0000
vt 0.0521 0.6272 0.0000
vt 0.0501 0.6411 0.0000
vt 0.0660 0.6568 0.0000
vt 0.0569 0.6564 0.0000
vt 0.0480 0.6557 0.0000
vt 0.0305 0.6531 0.0000
vt 0.0392 0.6545 0.0000
vt 0.0332 0.6386 0.0000
vt 0.0416 0.6399 0.0000
vt 0.0358 0.6242 0.0000
vt 0.0439 0.6258 0.0000
vt 0.0977 0.6264 0.0000
vt 0.0967 0.6406 0.0000
vt 0.0878 0.6275 0.0000
vt 0.0866 0.6415 0.0000
vt 0.0945 0.6710 0.0000
vt 0.0956 0.6554 0.0000
vt 0.0840 0.6715 0.0000
vt 0.0853 0.6561 0.0000
vt 0.0755 0.6566 0.0000
vt 0.0740 0.6720 0.0000
vt 0.0769 0.6421 0.0000
vt 0.0783 0.6281 0.0000
vt 0.0935 0.6873 0.0000
vt 0.0926 0.7044 0.0000
vt 0.0828 0.6878 0.0000
vt 0.0818 0.7047 0.0000
vt 0.0916 0.7400 0.0000
vt 0.0920 0.7220 0.0000
vt 0.0805 0.7402 0.0000
vt 0.0810 0.7223 0.0000
vt 0.0704 0.7225 0.0000
vt 0.0698 0.7403 0.0000
vt 0.0714 0.7050 0.0000
vt 0.0726 0.6881 0.0000
vt 0.2573 0.5485 0.0000
vt 0.2460 0.5472 0.0000
vt 0.2468 0.5358 0.0000
vt 0.2583 0.5373 0.0000
vt 0.2343 0.5461 0.0000
vt 0.2348 0.5346 0.0000
vt 0.2476 0.5248 0.0000
vt 0.2594 0.5264 0.0000
vt 0.2354 0.5235 0.0000
vt 0.2221 0.5453 0.0000
vt 0.2224 0.5337 0.0000
vt 0.2226 0.5224 0.0000
vt 0.2232 0.5001 0.0000
vt 0.2229 0.5112 0.0000
vt 0.2365 0.5018 0.0000
vt 0.2359 0.5126 0.0000
vt 0.2498 0.5035 0.0000
vt 0.2631 0.5053 0.0000
vt 0.2609 0.5158 0.0000
vt 0.2487 0.5141 0.0000
vt 0.2981 0.5552 0.0000
vt 0.2884 0.5533 0.0000
vt 0.2898 0.5423 0.0000
vt 0.2995 0.5443 0.0000
vt 0.2785 0.5516 0.0000
vt 0.2797 0.5405 0.0000
vt 0.2915 0.5317 0.0000
vt 0.3013 0.5339 0.0000
vt 0.2813 0.5298 0.0000
vt 0.2681 0.5500 0.0000
vt 0.2692 0.5388 0.0000
vt 0.2706 0.5281 0.0000
vt 0.2740 0.5073 0.0000
vt 0.2722 0.5176 0.0000
vt 0.2849 0.5092 0.0000
vt 0.2830 0.5195 0.0000
vt 0.2957 0.5112 0.0000
vt 0.3066 0.5132 0.0000
vt 0.3035 0.5236 0.0000
vt 0.2935 0.5214 0.0000
vt 0.2957 0.6061 0.0000
vt 0.2859 0.6044 0.0000
vt 0.2862 0.5905 0.0000
vt 0.2959 0.5922 0.0000
vt 0.2759 0.6028 0.0000
vt 0.2762 0.5888 0.0000
vt 0.2867 0.5774 0.0000
vt 0.2963 0.5791 0.0000
vt 0.2767 0.5757 0.0000
vt 0.2655 0.6014 0.0000
vt 0.2548 0.6003 0.0000
vt 0.2552 0.5862 0.0000
vt 0.2659 0.5874 0.0000
vt 0.2558 0.5729 0.0000
vt 0.2664 0.5742 0.0000
vt 0.2672 0.5618 0.0000
vt 0.2565 0.5604 0.0000
vt 0.2775 0.5633 0.0000
vt 0.2970 0.5668 0.0000
vt 0.2874 0.5650 0.0000
vt 0.2436 0.5995 0.0000
vt 0.2441 0.5852 0.0000
vt 0.2320 0.5991 0.0000
vt 0.2326 0.5845 0.0000
vt 0.2447 0.5718 0.0000
vt 0.2331 0.5709 0.0000
vt 0.2200 0.5990 0.0000
vt 0.2206 0.5842 0.0000
vt 0.2211 0.5704 0.0000
vt 0.2216 0.5575 0.0000
vt 0.2337 0.5582 0.0000
vt 0.2453 0.5591 0.0000
vt 0.3339 0.5632 0.0000
vt 0.3348 0.5531 0.0000
vt 0.3429 0.5551 0.0000
vt 0.3423 0.5650 0.0000
vt 0.3361 0.5437 0.0000
vt 0.3438 0.5460 0.0000
vt 0.3509 0.5569 0.0000
vt 0.3506 0.5666 0.0000
vt 0.3513 0.5480 0.0000
vt 0.3377 0.5349 0.0000
vt 0.3401 0.5266 0.0000
vt 0.3463 0.5293 0.0000
vt 0.3450 0.5375 0.0000
vt 0.3525 0.5319 0.0000
vt 0.3519 0.5398 0.0000
vt 0.3649 0.5372 0.0000
vt 0.3656 0.5430 0.0000
vt 0.3587 0.5419 0.0000
vt 0.3587 0.5345 0.0000
vt 0.3660 0.5506 0.0000
vt 0.3587 0.5496 0.0000
vt 0.3664 0.5591 0.0000
vt 0.3668 0.5687 0.0000
vt 0.3588 0.5679 0.0000
vt 0.3587 0.5583 0.0000
vt 0.3330 0.6134 0.0000
vt 0.3330 0.5995 0.0000
vt 0.3420 0.6010 0.0000
vt 0.3421 0.6150 0.0000
vt 0.3330 0.5865 0.0000
vt 0.3419 0.5880 0.0000
vt 0.3509 0.6023 0.0000
vt 0.3510 0.6162 0.0000
vt 0.3507 0.5893 0.0000
vt 0.3333 0.5744 0.0000
vt 0.3420 0.5760 0.0000
vt 0.3506 0.5774 0.0000
vt 0.3673 0.5794 0.0000
vt 0.3590 0.5786 0.0000
vt 0.3678 0.5911 0.0000
vt 0.3594 0.5904 0.0000
vt 0.3682 0.6039 0.0000
vt 0.3683 0.6179 0.0000
vt 0.3598 0.6172 0.0000
vt 0.3597 0.6033 0.0000
vt 0.3054 0.5941 0.0000
vt 0.3053 0.6080 0.0000
vt 0.3057 0.5810 0.0000
vt 0.3147 0.5960 0.0000
vt 0.3147 0.6099 0.0000
vt 0.3150 0.5829 0.0000
vt 0.3074 0.5572 0.0000
vt 0.3064 0.5687 0.0000
vt 0.3164 0.5592 0.0000
vt 0.3155 0.5706 0.0000
vt 0.3245 0.5726 0.0000
vt 0.3253 0.5613 0.0000
vt 0.3241 0.5848 0.0000
vt 0.3239 0.6117 0.0000
vt 0.3239 0.5978 0.0000
vt 0.3088 0.5464 0.0000
vt 0.3106 0.5362 0.0000
vt 0.3178 0.5487 0.0000
vt 0.3194 0.5387 0.0000
vt 0.3150 0.5165 0.0000
vt 0.3127 0.5263 0.0000
vt 0.3234 0.5199 0.0000
vt 0.3213 0.5292 0.0000
vt 0.3297 0.5321 0.0000
vt 0.3317 0.5232 0.0000
vt 0.3279 0.5413 0.0000
vt 0.3264 0.5509 0.0000
vt 0.3339 0.6761 0.0000
vt 0.3424 0.6778 0.0000
vt 0.3426 0.6944 0.0000
vt 0.3343 0.6929 0.0000
vt 0.3505 0.6793 0.0000
vt 0.3506 0.6958 0.0000
vt 0.3429 0.7110 0.0000
vt 0.3347 0.7097 0.0000
vt 0.3507 0.7123 0.0000
vt 0.3585 0.6807 0.0000
vt 0.3664 0.6817 0.0000
vt 0.3660 0.6981 0.0000
vt 0.3584 0.6971 0.0000
vt 0.3658 0.7144 0.0000
vt 0.3583 0.7134 0.0000
vt 0.3653 0.7466 0.0000
vt 0.3582 0.7457 0.0000
vt 0.3582 0.7296 0.0000
vt 0.3656 0.7305 0.0000
vt 0.3509 0.7448 0.0000
vt 0.3508 0.7286 0.0000
vt 0.3433 0.7440 0.0000
vt 0.3354 0.7433 0.0000
vt 0.3351 0.7266 0.0000
vt 0.3431 0.7276 0.0000
vt 0.2968 0.6693 0.0000
vt 0.3066 0.6709 0.0000
vt 0.3071 0.6882 0.0000
vt 0.2973 0.6869 0.0000
vt 0.3160 0.6726 0.0000
vt 0.3166 0.6897 0.0000
vt 0.3077 0.7060 0.0000
vt 0.2979 0.7049 0.0000
vt 0.3172 0.7072 0.0000
vt 0.3251 0.6744 0.0000
vt 0.3256 0.6913 0.0000
vt 0.3261 0.7084 0.0000
vt 0.3271 0.7426 0.0000
vt 0.3266 0.7256 0.0000
vt 0.3182 0.7420 0.0000
vt 0.3177 0.7247 0.0000
vt 0.3089 0.7414 0.0000
vt 0.2991 0.7410 0.0000
vt 0.2985 0.7230 0.0000
vt 0.3083 0.7238 0.0000
vt 0.3054 0.6226 0.0000
vt 0.2958 0.6208 0.0000
vt 0.3148 0.6245 0.0000
vt 0.3057 0.6380 0.0000
vt 0.2960 0.6362 0.0000
vt 0.3151 0.6399 0.0000
vt 0.3331 0.6282 0.0000
vt 0.3240 0.6264 0.0000
vt 0.3333 0.6437 0.0000
vt 0.3243 0.6418 0.0000
vt 0.3247 0.6578 0.0000
vt 0.3336 0.6597 0.0000
vt 0.3155 0.6560 0.0000
vt 0.2963 0.6524 0.0000
vt 0.3061 0.6541 0.0000
vt 0.3421 0.6298 0.0000
vt 0.3509 0.6311 0.0000
vt 0.3422 0.6453 0.0000
vt 0.3508 0.6468 0.0000
vt 0.3680 0.6329 0.0000
vt 0.3596 0.6322 0.0000
vt 0.3675 0.6488 0.0000
vt 0.3593 0.6479 0.0000
vt 0.3589 0.6642 0.0000
vt 0.3669 0.6652 0.0000
vt 0.3506 0.6629 0.0000
vt 0.3422 0.6614 0.0000
vt 0.2541 0.6659 0.0000
vt 0.2542 0.6842 0.0000
vt 0.2424 0.6846 0.0000
vt 0.2424 0.6662 0.0000
vt 0.2544 0.7029 0.0000
vt 0.2424 0.7034 0.0000
vt 0.2302 0.6854 0.0000
vt 0.2304 0.6669 0.0000
vt 0.2301 0.7041 0.0000
vt 0.2546 0.7218 0.0000
vt 0.2549 0.7406 0.0000
vt 0.2427 0.7410 0.0000
vt 0.2425 0.7222 0.0000
vt 0.2302 0.7414 0.0000
vt 0.2301 0.7228 0.0000
vt 0.2173 0.7234 0.0000
vt 0.2174 0.7418 0.0000
vt 0.2174 0.7048 0.0000
vt 0.2181 0.6677 0.0000
vt 0.2177 0.6862 0.0000
vt 0.2544 0.6154 0.0000
vt 0.2432 0.6149 0.0000
vt 0.2542 0.6314 0.0000
vt 0.2428 0.6313 0.0000
vt 0.2315 0.6148 0.0000
vt 0.2311 0.6315 0.0000
vt 0.2541 0.6483 0.0000
vt 0.2426 0.6484 0.0000
vt 0.2307 0.6489 0.0000
vt 0.2185 0.6496 0.0000
vt 0.2190 0.6319 0.0000
vt 0.2195 0.6150 0.0000
vt 0.2859 0.6191 0.0000
vt 0.2860 0.6346 0.0000
vt 0.2757 0.6175 0.0000
vt 0.2758 0.6332 0.0000
vt 0.2867 0.6679 0.0000
vt 0.2863 0.6508 0.0000
vt 0.2762 0.6668 0.0000
vt 0.2759 0.6496 0.0000
vt 0.2652 0.6487 0.0000
vt 0.2653 0.6661 0.0000
vt 0.2652 0.6321 0.0000
vt 0.2653 0.6163 0.0000
vt 0.2871 0.6857 0.0000
vt 0.2877 0.7040 0.0000
vt 0.2765 0.6848 0.0000
vt 0.2770 0.7033 0.0000
vt 0.2887 0.7407 0.0000
vt 0.2882 0.7224 0.0000
vt 0.2779 0.7405 0.0000
vt 0.2775 0.7219 0.0000
vt 0.2663 0.7217 0.0000
vt 0.2667 0.7405 0.0000
vt 0.2659 0.7029 0.0000
vt 0.2656 0.6843 0.0000
vt 0.0616 0.8117 0.0000
vt 0.0523 0.8118 0.0000
vt 0.0509 0.7945 0.0000
vt 0.0604 0.7944 0.0000
vt 0.0433 0.8123 0.0000
vt 0.0416 0.7948 0.0000
vt 0.0500 0.7766 0.0000
vt 0.0597 0.7766 0.0000
vt 0.0406 0.7766 0.0000
vt 0.0342 0.8132 0.0000
vt 0.0244 0.8152 0.0000
vt 0.0234 0.7960 0.0000
vt 0.0325 0.7953 0.0000
vt 0.0223 0.7768 0.0000
vt 0.0314 0.7767 0.0000
vt 0.0307 0.7580 0.0000
vt 0.0212 0.7577 0.0000
vt 0.0401 0.7583 0.0000
vt 0.0594 0.7585 0.0000
vt 0.0496 0.7584 0.0000
vt 0.1042 0.8125 0.0000
vt 0.0928 0.8123 0.0000
vt 0.0921 0.7947 0.0000
vt 0.1037 0.7948 0.0000
vt 0.0819 0.8120 0.0000
vt 0.0811 0.7946 0.0000
vt 0.0917 0.7766 0.0000
vt 0.1033 0.7767 0.0000
vt 0.0806 0.7766 0.0000
vt 0.0715 0.8118 0.0000
vt 0.0705 0.7944 0.0000
vt 0.0699 0.7766 0.0000
vt 0.0697 0.7585 0.0000
vt 0.0804 0.7584 0.0000
vt 0.1031 0.7583 0.0000
vt 0.0915 0.7583 0.0000
vt 0.1079 0.8753 0.0000
vt 0.0975 0.8742 0.0000
vt 0.0961 0.8602 0.0000
vt 0.1068 0.8610 0.0000
vt 0.0877 0.8731 0.0000
vt 0.0860 0.8593 0.0000
vt 0.0949 0.8451 0.0000
vt 0.1058 0.8458 0.0000
vt 0.0845 0.8444 0.0000
vt 0.0785 0.8723 0.0000
vt 0.0699 0.8719 0.0000
vt 0.0676 0.8583 0.0000
vt 0.0765 0.8586 0.0000
vt 0.0654 0.8437 0.0000
vt 0.0746 0.8439 0.0000
vt 0.0729 0.8283 0.0000
vt 0.0633 0.8281 0.0000
vt 0.0831 0.8287 0.0000
vt 0.1050 0.8296 0.0000
vt 0.0938 0.8291 0.0000
vt 0.0620 0.8722 0.0000
vt 0.0593 0.8586 0.0000
vt 0.0545 0.8732 0.0000
vt 0.0515 0.8594 0.0000
vt 0.0567 0.8439 0.0000
vt 0.0485 0.8446 0.0000
vt 0.0475 0.8750 0.0000
vt 0.0411 0.8786 0.0000
vt 0.0369 0.8627 0.0000
vt 0.0441 0.8609 0.0000
vt 0.0327 0.8469 0.0000
vt 0.0406 0.8457 0.0000
vt 0.0371 0.8299 0.0000
vt 0.0286 0.8310 0.0000
vt 0.0457 0.8289 0.0000
vt 0.0543 0.8283 0.0000
vt 0.1536 0.8125 0.0000
vt 0.1532 0.7949 0.0000
vt 0.1662 0.7950 0.0000
vt 0.1666 0.8125 0.0000
vt 0.1529 0.7770 0.0000
vt 0.1658 0.7772 0.0000
vt 0.1793 0.7951 0.0000
vt 0.1797 0.8125 0.0000
vt 0.1789 0.7775 0.0000
vt 0.1526 0.7589 0.0000
vt 0.1655 0.7593 0.0000
vt 0.1785 0.7597 0.0000
vt 0.2047 0.7601 0.0000
vt 0.1916 0.7599 0.0000
vt 0.2051 0.7779 0.0000
vt 0.1920 0.7777 0.0000
vt 0.2055 0.7953 0.0000
vt 0.2059 0.8124 0.0000
vt 0.1928 0.8125 0.0000
vt 0.1924 0.7952 0.0000
vt 0.1548 0.8778 0.0000
vt 0.1545 0.8626 0.0000
vt 0.1672 0.8625 0.0000
vt 0.1674 0.8778 0.0000
vt 0.1542 0.8466 0.0000
vt 0.1670 0.8464 0.0000
vt 0.1800 0.8622 0.0000
vt 0.1801 0.8776 0.0000
vt 0.1800 0.8461 0.0000
vt 0.1539 0.8298 0.0000
vt 0.1668 0.8297 0.0000
vt 0.1799 0.8295 0.0000
vt 0.2060 0.8292 0.0000
vt 0.1930 0.8294 0.0000
vt 0.2061 0.8456 0.0000
vt 0.1930 0.8459 0.0000
vt 0.2060 0.8614 0.0000
vt 0.2060 0.8768 0.0000
vt 0.1930 0.8772 0.0000
vt 0.1930 0.8618 0.0000
vt 0.1181 0.8617 0.0000
vt 0.1189 0.8762 0.0000
vt 0.1173 0.8462 0.0000
vt 0.1298 0.8622 0.0000
vt 0.1305 0.8770 0.0000
vt 0.1293 0.8465 0.0000
vt 0.1161 0.8126 0.0000
vt 0.1166 0.8298 0.0000
vt 0.1283 0.8126 0.0000
vt 0.1288 0.8299 0.0000
vt 0.1412 0.8299 0.0000
vt 0.1408 0.8126 0.0000
vt 0.1416 0.8466 0.0000
vt 0.1425 0.8775 0.0000
vt 0.1420 0.8625 0.0000
vt 0.1156 0.7949 0.0000
vt 0.1152 0.7767 0.0000
vt 0.1279 0.7949 0.0000
vt 0.1275 0.7768 0.0000
vt 0.1150 0.7583 0.0000
vt 0.1273 0.7585 0.0000
vt 0.1398 0.7587 0.0000
vt 0.1401 0.7769 0.0000
vt 0.1404 0.7949 0.0000
vt 0.1564 0.9295 0.0000
vt 0.1684 0.9306 0.0000
vt 0.1686 0.9422 0.0000
vt 0.1567 0.9408 0.0000
vt 0.1807 0.9314 0.0000
vt 0.1809 0.9432 0.0000
vt 0.1688 0.9534 0.0000
vt 0.1569 0.9517 0.0000
vt 0.1810 0.9546 0.0000
vt 0.1934 0.9318 0.0000
vt 0.2064 0.9318 0.0000
vt 0.2064 0.9439 0.0000
vt 0.1935 0.9438 0.0000
vt 0.2064 0.9558 0.0000
vt 0.1935 0.9555 0.0000
vt 0.2051 0.9802 0.0000
vt 0.1930 0.9785 0.0000
vt 0.1933 0.9670 0.0000
vt 0.2061 0.9676 0.0000
vt 0.1810 0.9769 0.0000
vt 0.1810 0.9658 0.0000
vt 0.1689 0.9753 0.0000
vt 0.1569 0.9736 0.0000
vt 0.1570 0.9625 0.0000
vt 0.1689 0.9644 0.0000
vt 0.1122 0.9223 0.0000
vt 0.1225 0.9243 0.0000
vt 0.1230 0.9347 0.0000
vt 0.1128 0.9324 0.0000
vt 0.1333 0.9262 0.0000
vt 0.1338 0.9369 0.0000
vt 0.1232 0.9447 0.0000
vt 0.1130 0.9422 0.0000
vt 0.1341 0.9472 0.0000
vt 0.1446 0.9280 0.0000
vt 0.1450 0.9390 0.0000
vt 0.1453 0.9496 0.0000
vt 0.1456 0.9704 0.0000
vt 0.1455 0.9600 0.0000
vt 0.1343 0.9671 0.0000
vt 0.1342 0.9572 0.0000
vt 0.1230 0.9639 0.0000
vt 0.1117 0.9607 0.0000
vt 0.1128 0.9516 0.0000
vt 0.1232 0.9544 0.0000
vt 0.1199 0.8896 0.0000
vt 0.1091 0.8884 0.0000
vt 0.1312 0.8906 0.0000
vt 0.1208 0.9019 0.0000
vt 0.1102 0.9004 0.0000
vt 0.1320 0.9033 0.0000
vt 0.1552 0.8920 0.0000
vt 0.1430 0.8914 0.0000
vt 0.1556 0.9053 0.0000
vt 0.1436 0.9044 0.0000
vt 0.1441 0.9165 0.0000
vt 0.1560 0.9177 0.0000
vt 0.1327 0.9151 0.0000
vt 0.1113 0.9117 0.0000
vt 0.1217 0.9134 0.0000
vt 0.1676 0.8922 0.0000
vt 0.1802 0.8921 0.0000
vt 0.1678 0.9057 0.0000
vt 0.1804 0.9059 0.0000
vt 0.2061 0.8915 0.0000
vt 0.1931 0.8919 0.0000
vt 0.2061 0.9055 0.0000
vt 0.1932 0.9058 0.0000
vt 0.1933 0.9191 0.0000
vt 0.2063 0.9190 0.0000
vt 0.1805 0.9190 0.0000
vt 0.1681 0.9185 0.0000
vt 0.0774 0.9165 0.0000
vt 0.0785 0.9257 0.0000
vt 0.0716 0.9251 0.0000
vt 0.0704 0.9162 0.0000
vt 0.0791 0.9344 0.0000
vt 0.0725 0.9334 0.0000
vt 0.0654 0.9250 0.0000
vt 0.0639 0.9166 0.0000
vt 0.0666 0.9328 0.0000
vt 0.0792 0.9427 0.0000
vt 0.0782 0.9505 0.0000
vt 0.0733 0.9489 0.0000
vt 0.0730 0.9413 0.0000
vt 0.0684 0.9474 0.0000
vt 0.0675 0.9402 0.0000
vt 0.0586 0.9443 0.0000
vt 0.0570 0.9383 0.0000
vt 0.0622 0.9392 0.0000
vt 0.0635 0.9459 0.0000
vt 0.0554 0.9323 0.0000
vt 0.0609 0.9325 0.0000
vt 0.0539 0.9262 0.0000
vt 0.0523 0.9202 0.0000
vt 0.0578 0.9177 0.0000
vt 0.0595 0.9255 0.0000
vt 0.0721 0.8844 0.0000
vt 0.0644 0.8846 0.0000
vt 0.0741 0.8959 0.0000
vt 0.0667 0.8961 0.0000
vt 0.0573 0.8855 0.0000
vt 0.0597 0.8968 0.0000
vt 0.0759 0.9066 0.0000
vt 0.0687 0.9066 0.0000
vt 0.0620 0.9071 0.0000
vt 0.0495 0.9098 0.0000
vt 0.0556 0.9083 0.0000
vt 0.0467 0.8994 0.0000
vt 0.0531 0.8980 0.0000
vt 0.0439 0.8890 0.0000
vt 0.0505 0.8871 0.0000
vt 0.0989 0.8870 0.0000
vt 0.1003 0.8989 0.0000
vt 0.0893 0.8858 0.0000
vt 0.0909 0.8976 0.0000
vt 0.1025 0.9204 0.0000
vt 0.1015 0.9100 0.0000
vt 0.0935 0.9187 0.0000
vt 0.0923 0.9085 0.0000
vt 0.0838 0.9073 0.0000
vt 0.0851 0.9174 0.0000
vt 0.0822 0.8965 0.0000
vt 0.0804 0.8849 0.0000
vt 0.1032 0.9303 0.0000
vt 0.1035 0.9398 0.0000
vt 0.0943 0.9284 0.0000
vt 0.0947 0.9377 0.0000
vt 0.1033 0.9582 0.0000
vt 0.1035 0.9491 0.0000
vt 0.0949 0.9556 0.0000
vt 0.0949 0.9467 0.0000
vt 0.0867 0.9446 0.0000
vt 0.0866 0.9531 0.0000
vt 0.0866 0.9359 0.0000
vt 0.0860 0.9269 0.0000
vt 0.2564 0.8117 0.0000
vt 0.2442 0.8121 0.0000
vt 0.2438 0.7951 0.0000
vt 0.2561 0.7947 0.0000
vt 0.2316 0.8123 0.0000
vt 0.2313 0.7953 0.0000
vt 0.2435 0.7775 0.0000
vt 0.2557 0.7772 0.0000
vt 0.2309 0.7777 0.0000
vt 0.2188 0.8124 0.0000
vt 0.2185 0.7953 0.0000
vt 0.2181 0.7778 0.0000
vt 0.2177 0.7600 0.0000
vt 0.2305 0.7598 0.0000
vt 0.2553 0.7591 0.0000
vt 0.2431 0.7594 0.0000
vt 0.3008 0.8084 0.0000
vt 0.2905 0.8093 0.0000
vt 0.2901 0.7929 0.0000
vt 0.3004 0.7923 0.0000
vt 0.2796 0.8102 0.0000
vt 0.2792 0.7936 0.0000
vt 0.2897 0.7760 0.0000
vt 0.3000 0.7757 0.0000
vt 0.2788 0.7764 0.0000
vt 0.2682 0.8110 0.0000
vt 0.2679 0.7942 0.0000
vt 0.2675 0.7768 0.0000
vt 0.2671 0.7589 0.0000
vt 0.2784 0.7587 0.0000
vt 0.2996 0.7586 0.0000
vt 0.2892 0.7586 0.0000
vt 0.3028 0.8677 0.0000
vt 0.2923 0.8695 0.0000
vt 0.2917 0.8552 0.0000
vt 0.3022 0.8537 0.0000
vt 0.2812 0.8712 0.0000
vt 0.2807 0.8567 0.0000
vt 0.2912 0.8404 0.0000
vt 0.3016 0.8391 0.0000
vt 0.2803 0.8417 0.0000
vt 0.2696 0.8727 0.0000
vt 0.2574 0.8740 0.0000
vt 0.2571 0.8592 0.0000
vt 0.2691 0.8580 0.0000
vt 0.2568 0.8439 0.0000
vt 0.2688 0.8429 0.0000
vt 0.2685 0.8273 0.0000
vt 0.2566 0.8281 0.0000
vt 0.2799 0.8262 0.0000
vt 0.3012 0.8240 0.0000
vt 0.2908 0.8251 0.0000
vt 0.2449 0.8750 0.0000
vt 0.2447 0.8600 0.0000
vt 0.2321 0.8757 0.0000
vt 0.2320 0.8606 0.0000
vt 0.2445 0.8445 0.0000
vt 0.2319 0.8450 0.0000
vt 0.2191 0.8763 0.0000
vt 0.2190 0.8610 0.0000
vt 0.2191 0.8453 0.0000
vt 0.2190 0.8291 0.0000
vt 0.2318 0.8289 0.0000
vt 0.2444 0.8286 0.0000
vt 0.3363 0.8063 0.0000
vt 0.3361 0.7912 0.0000
vt 0.3436 0.7914 0.0000
vt 0.3438 0.8063 0.0000
vt 0.3359 0.7756 0.0000
vt 0.3435 0.7760 0.0000
vt 0.3508 0.7918 0.0000
vt 0.3509 0.8066 0.0000
vt 0.3508 0.7766 0.0000
vt 0.3357 0.7596 0.0000
vt 0.3435 0.7602 0.0000
vt 0.3509 0.7609 0.0000
vt 0.3650 0.7625 0.0000
vt 0.3580 0.7616 0.0000
vt 0.3647 0.7781 0.0000
vt 0.3578 0.7773 0.0000
vt 0.3644 0.7933 0.0000
vt 0.3643 0.8079 0.0000
vt 0.3577 0.8071 0.0000
vt 0.3577 0.7925 0.0000
vt 0.3383 0.8614 0.0000
vt 0.3376 0.8485 0.0000
vt 0.3450 0.8477 0.0000
vt 0.3457 0.8602 0.0000
vt 0.3371 0.8350 0.0000
vt 0.3445 0.8345 0.0000
vt 0.3519 0.8471 0.0000
vt 0.3526 0.8593 0.0000
vt 0.3514 0.8343 0.0000
vt 0.3366 0.8209 0.0000
vt 0.3441 0.8207 0.0000
vt 0.3511 0.8208 0.0000
vt 0.3643 0.8217 0.0000
vt 0.3578 0.8211 0.0000
vt 0.3646 0.8347 0.0000
vt 0.3581 0.8343 0.0000
vt 0.3650 0.8470 0.0000
vt 0.3656 0.8586 0.0000
vt 0.3592 0.8587 0.0000
vt 0.3586 0.8469 0.0000
vt 0.3119 0.8522 0.0000
vt 0.3127 0.8660 0.0000
vt 0.3114 0.8379 0.0000
vt 0.3211 0.8508 0.0000
vt 0.3218 0.8643 0.0000
vt 0.3205 0.8367 0.0000
vt 0.3105 0.8076 0.0000
vt 0.3109 0.8230 0.0000
vt 0.3197 0.8070 0.0000
vt 0.3201 0.8221 0.0000
vt 0.3286 0.8214 0.0000
vt 0.3283 0.8065 0.0000
vt 0.3291 0.8358 0.0000
vt 0.3304 0.8627 0.0000
vt 0.3297 0.8496 0.0000
vt 0.3101 0.7918 0.0000
vt 0.3098 0.7754 0.0000
vt 0.3193 0.7914 0.0000
vt 0.3190 0.7754 0.0000
vt 0.3094 0.7587 0.0000
vt 0.3186 0.7589 0.0000
vt 0.3274 0.7592 0.0000
vt 0.3277 0.7754 0.0000
vt 0.3280 0.7912 0.0000
vt 0.3423 0.9053 0.0000
vt 0.3495 0.9028 0.0000
vt 0.3506 0.9114 0.0000
vt 0.3435 0.9143 0.0000
vt 0.3562 0.9006 0.0000
vt 0.3572 0.9089 0.0000
vt 0.3519 0.9193 0.0000
vt 0.3448 0.9225 0.0000
vt 0.3583 0.9165 0.0000
vt 0.3625 0.8990 0.0000
vt 0.3687 0.8979 0.0000
vt 0.3694 0.9058 0.0000
vt 0.3634 0.9070 0.0000
vt 0.3702 0.9128 0.0000
vt 0.3643 0.9142 0.0000
vt 0.3716 0.9232 0.0000
vt 0.3661 0.9268 0.0000
vt 0.3652 0.9207 0.0000
vt 0.3709 0.9189 0.0000
vt 0.3606 0.9304 0.0000
vt 0.3594 0.9235 0.0000
vt 0.3551 0.9339 0.0000
vt 0.3496 0.9375 0.0000
vt 0.3466 0.9303 0.0000
vt 0.3534 0.9267 0.0000
vt 0.3067 0.9177 0.0000
vt 0.3167 0.9145 0.0000
vt 0.3176 0.9245 0.0000
vt 0.3075 0.9280 0.0000
vt 0.3259 0.9113 0.0000
vt 0.3270 0.9210 0.0000
vt 0.3187 0.9338 0.0000
vt 0.3085 0.9377 0.0000
vt 0.3281 0.9299 0.0000
vt 0.3345 0.9082 0.0000
vt 0.3356 0.9175 0.0000
vt 0.3369 0.9261 0.0000
vt 0.3401 0.9421 0.0000
vt 0.3384 0.9342 0.0000
vt 0.3306 0.9467 0.0000
vt 0.3293 0.9384 0.0000
vt 0.3210 0.9512 0.0000
vt 0.3115 0.9558 0.0000
vt 0.3096 0.9468 0.0000
vt 0.3198 0.9426 0.0000
vt 0.3135 0.8792 0.0000
vt 0.3037 0.8813 0.0000
vt 0.3227 0.8772 0.0000
vt 0.3145 0.8918 0.0000
vt 0.3047 0.8942 0.0000
vt 0.3237 0.8893 0.0000
vt 0.3391 0.8735 0.0000
vt 0.3312 0.8752 0.0000
vt 0.3401 0.8849 0.0000
vt 0.3322 0.8870 0.0000
vt 0.3333 0.8980 0.0000
vt 0.3412 0.8955 0.0000
vt 0.3248 0.9007 0.0000
vt 0.3057 0.9064 0.0000
vt 0.3156 0.9036 0.0000
vt 0.3465 0.8720 0.0000
vt 0.3533 0.8708 0.0000
vt 0.3474 0.8830 0.0000
vt 0.3542 0.8815 0.0000
vt 0.3663 0.8695 0.0000
vt 0.3599 0.8699 0.0000
vt 0.3671 0.8797 0.0000
vt 0.3607 0.8804 0.0000
vt 0.3616 0.8901 0.0000
vt 0.3679 0.8892 0.0000
vt 0.3552 0.8915 0.0000
vt 0.3484 0.8933 0.0000
vt 0.2596 0.9281 0.0000
vt 0.2601 0.9398 0.0000
vt 0.2468 0.9416 0.0000
vt 0.2465 0.9297 0.0000
vt 0.2606 0.9509 0.0000
vt 0.2472 0.9529 0.0000
vt 0.2333 0.9429 0.0000
vt 0.2331 0.9308 0.0000
vt 0.2335 0.9544 0.0000
vt 0.2612 0.9618 0.0000
vt 0.2625 0.9732 0.0000
vt 0.2481 0.9750 0.0000
vt 0.2477 0.9640 0.0000
vt 0.2338 0.9767 0.0000
vt 0.2337 0.9656 0.0000
vt 0.2197 0.9669 0.0000
vt 0.2194 0.9785 0.0000
vt 0.2198 0.9554 0.0000
vt 0.2197 0.9315 0.0000
vt 0.2198 0.9436 0.0000
vt 0.2579 0.8884 0.0000
vt 0.2452 0.8895 0.0000
vt 0.2585 0.9023 0.0000
vt 0.2457 0.9036 0.0000
vt 0.2323 0.8904 0.0000
vt 0.2326 0.9045 0.0000
vt 0.2591 0.9156 0.0000
vt 0.2461 0.9170 0.0000
vt 0.2328 0.9180 0.0000
vt 0.2195 0.9186 0.0000
vt 0.2193 0.9051 0.0000
vt 0.2192 0.8910 0.0000
vt 0.2931 0.8833 0.0000
vt 0.2940 0.8965 0.0000
vt 0.2819 0.8852 0.0000
vt 0.2827 0.8987 0.0000
vt 0.2959 0.9207 0.0000
vt 0.2950 0.9091 0.0000
vt 0.2844 0.9236 0.0000
vt 0.2836 0.9116 0.0000
vt 0.2716 0.9138 0.0000
vt 0.2723 0.9261 0.0000
vt 0.2709 0.9007 0.0000
vt 0.2702 0.8870 0.0000
vt 0.2966 0.9314 0.0000
vt 0.2974 0.9414 0.0000
vt 0.2851 0.9346 0.0000
vt 0.2857 0.9449 0.0000
vt 0.2993 0.9602 0.0000
vt 0.2983 0.9509 0.0000
vt 0.2870 0.9645 0.0000
vt 0.2863 0.9548 0.0000
vt 0.2741 0.9586 0.0000
vt 0.2747 0.9689 0.0000
vt 0.2734 0.9481 0.0000
vt 0.2729 0.9374 0.0000
vt 0.3987 0.5684 0.0000
vt 0.3905 0.5689 0.0000
vt 0.3897 0.5587 0.0000
vt 0.3979 0.5580 0.0000
vt 0.3825 0.5691 0.0000
vt 0.3817 0.5592 0.0000
vt 0.3887 0.5490 0.0000
vt 0.3969 0.5479 0.0000
vt 0.3809 0.5500 0.0000
vt 0.3747 0.5691 0.0000
vt 0.3740 0.5594 0.0000
vt 0.3734 0.5506 0.0000
vt 0.3720 0.5350 0.0000
vt 0.3727 0.5426 0.0000
vt 0.3791 0.5328 0.0000
vt 0.3800 0.5413 0.0000
vt 0.3862 0.5305 0.0000
vt 0.3933 0.5283 0.0000
vt 0.3956 0.5381 0.0000
vt 0.3875 0.5397 0.0000
vt 0.4348 0.5672 0.0000
vt 0.4254 0.5672 0.0000
vt 0.4252 0.5560 0.0000
vt 0.4349 0.5559 0.0000
vt 0.4162 0.5675 0.0000
vt 0.4158 0.5565 0.0000
vt 0.4249 0.5451 0.0000
vt 0.4349 0.5447 0.0000
vt 0.4152 0.5459 0.0000
vt 0.4073 0.5679 0.0000
vt 0.4066 0.5572 0.0000
vt 0.4058 0.5468 0.0000
vt 0.4036 0.5266 0.0000
vt 0.4048 0.5367 0.0000
vt 0.4139 0.5250 0.0000
vt 0.4146 0.5354 0.0000
vt 0.4241 0.5234 0.0000
vt 0.4344 0.5217 0.0000
vt 0.4348 0.5335 0.0000
vt 0.4246 0.5342 0.0000
vt 0.4341 0.6182 0.0000
vt 0.4253 0.6179 0.0000
vt 0.4254 0.6039 0.0000
vt 0.4343 0.6042 0.0000
vt 0.4168 0.6178 0.0000
vt 0.4169 0.6038 0.0000
vt 0.4255 0.5909 0.0000
vt 0.4345 0.5912 0.0000
vt 0.4168 0.5909 0.0000
vt 0.4086 0.6178 0.0000
vt 0.4005 0.6180 0.0000
vt 0.4004 0.6040 0.0000
vt 0.4086 0.6039 0.0000
vt 0.4001 0.5913 0.0000
vt 0.4083 0.5911 0.0000
vt 0.4079 0.5791 0.0000
vt 0.3995 0.5795 0.0000
vt 0.4165 0.5789 0.0000
vt 0.4347 0.5789 0.0000
vt 0.4255 0.5787 0.0000
vt 0.3925 0.6181 0.0000
vt 0.3924 0.6042 0.0000
vt 0.3846 0.6182 0.0000
vt 0.3845 0.6043 0.0000
vt 0.3920 0.5915 0.0000
vt 0.3840 0.5916 0.0000
vt 0.3765 0.6182 0.0000
vt 0.3764 0.6042 0.0000
vt 0.3760 0.5915 0.0000
vt 0.3754 0.5798 0.0000
vt 0.3833 0.5799 0.0000
vt 0.3913 0.5797 0.0000
vt 0.4753 0.5715 0.0000
vt 0.4763 0.5599 0.0000
vt 0.4873 0.5619 0.0000
vt 0.4862 0.5736 0.0000
vt 0.4774 0.5483 0.0000
vt 0.4885 0.5503 0.0000
vt 0.4986 0.5642 0.0000
vt 0.4975 0.5760 0.0000
vt 0.4998 0.5526 0.0000
vt 0.4785 0.5368 0.0000
vt 0.4797 0.5248 0.0000
vt 0.4912 0.5273 0.0000
vt 0.4898 0.5388 0.0000
vt 0.5026 0.5299 0.0000
vt 0.5012 0.5412 0.0000
vt 0.5255 0.5349 0.0000
vt 0.5241 0.5462 0.0000
vt 0.5126 0.5437 0.0000
vt 0.5141 0.5324 0.0000
vt 0.5227 0.5577 0.0000
vt 0.5112 0.5551 0.0000
vt 0.5214 0.5693 0.0000
vt 0.5202 0.5813 0.0000
vt 0.5088 0.5786 0.0000
vt 0.5100 0.5667 0.0000
vt 0.4731 0.6226 0.0000
vt 0.4734 0.6089 0.0000
vt 0.4842 0.6112 0.0000
vt 0.4838 0.6249 0.0000
vt 0.4738 0.5959 0.0000
vt 0.4847 0.5982 0.0000
vt 0.4953 0.6140 0.0000
vt 0.4948 0.6277 0.0000
vt 0.4958 0.6008 0.0000
vt 0.4745 0.5835 0.0000
vt 0.4854 0.5857 0.0000
vt 0.4966 0.5882 0.0000
vt 0.5192 0.5937 0.0000
vt 0.5079 0.5909 0.0000
vt 0.5184 0.6065 0.0000
vt 0.5071 0.6037 0.0000
vt 0.5177 0.6198 0.0000
vt 0.5171 0.6336 0.0000
vt 0.5060 0.6306 0.0000
vt 0.5065 0.6169 0.0000
vt 0.4435 0.6048 0.0000
vt 0.4433 0.6187 0.0000
vt 0.4438 0.5918 0.0000
vt 0.4531 0.6057 0.0000
vt 0.4528 0.6196 0.0000
vt 0.4534 0.5927 0.0000
vt 0.4445 0.5677 0.0000
vt 0.4441 0.5794 0.0000
vt 0.4544 0.5685 0.0000
vt 0.4539 0.5804 0.0000
vt 0.4640 0.5817 0.0000
vt 0.4647 0.5698 0.0000
vt 0.4634 0.5941 0.0000
vt 0.4628 0.6208 0.0000
vt 0.4630 0.6071 0.0000
vt 0.4449 0.5562 0.0000
vt 0.4452 0.5450 0.0000
vt 0.4551 0.5570 0.0000
vt 0.4557 0.5457 0.0000
vt 0.4457 0.5225 0.0000
vt 0.4455 0.5337 0.0000
vt 0.4570 0.5232 0.0000
vt 0.4564 0.5344 0.0000
vt 0.4674 0.5354 0.0000
vt 0.4684 0.5240 0.0000
vt 0.4664 0.5468 0.0000
vt 0.4655 0.5582 0.0000
vt 0.4723 0.6850 0.0000
vt 0.4828 0.6865 0.0000
vt 0.4820 0.7033 0.0000
vt 0.4716 0.7020 0.0000
vt 0.4933 0.6885 0.0000
vt 0.4925 0.7049 0.0000
vt 0.4810 0.7203 0.0000
vt 0.4706 0.7193 0.0000
vt 0.4916 0.7216 0.0000
vt 0.5039 0.6908 0.0000
vt 0.5144 0.6931 0.0000
vt 0.5135 0.7088 0.0000
vt 0.5031 0.7068 0.0000
vt 0.5126 0.7246 0.0000
vt 0.5021 0.7231 0.0000
vt 0.5109 0.7562 0.0000
vt 0.5003 0.7555 0.0000
vt 0.5012 0.7393 0.0000
vt 0.5117 0.7405 0.0000
vt 0.4897 0.7549 0.0000
vt 0.4906 0.7383 0.0000
vt 0.4790 0.7544 0.0000
vt 0.4685 0.7539 0.0000
vt 0.4696 0.7367 0.0000
vt 0.4800 0.7374 0.0000
vt 0.4331 0.6833 0.0000
vt 0.4425 0.6833 0.0000
vt 0.4418 0.7006 0.0000
vt 0.4324 0.7006 0.0000
vt 0.4522 0.6835 0.0000
vt 0.4515 0.7008 0.0000
vt 0.4408 0.7181 0.0000
vt 0.4314 0.7180 0.0000
vt 0.4505 0.7183 0.0000
vt 0.4622 0.6840 0.0000
vt 0.4614 0.7012 0.0000
vt 0.4605 0.7187 0.0000
vt 0.4583 0.7536 0.0000
vt 0.4594 0.7362 0.0000
vt 0.4483 0.7534 0.0000
vt 0.4494 0.7359 0.0000
vt 0.4385 0.7531 0.0000
vt 0.4291 0.7527 0.0000
vt 0.4303 0.7354 0.0000
vt 0.4397 0.7357 0.0000
vt 0.4432 0.6337 0.0000
vt 0.4340 0.6333 0.0000
vt 0.4528 0.6344 0.0000
vt 0.4431 0.6496 0.0000
vt 0.4338 0.6494 0.0000
vt 0.4527 0.6501 0.0000
vt 0.4730 0.6371 0.0000
vt 0.4627 0.6355 0.0000
vt 0.4729 0.6524 0.0000
vt 0.4626 0.6510 0.0000
vt 0.4625 0.6672 0.0000
vt 0.4727 0.6684 0.0000
vt 0.4526 0.6666 0.0000
vt 0.4336 0.6661 0.0000
vt 0.4429 0.6662 0.0000
vt 0.4836 0.6394 0.0000
vt 0.4945 0.6421 0.0000
vt 0.4835 0.6545 0.0000
vt 0.4942 0.6570 0.0000
vt 0.5165 0.6479 0.0000
vt 0.5055 0.6450 0.0000
vt 0.5158 0.6626 0.0000
vt 0.5051 0.6598 0.0000
vt 0.5045 0.6751 0.0000
vt 0.5152 0.6777 0.0000
vt 0.4938 0.6725 0.0000
vt 0.4832 0.6703 0.0000
vt 0.3981 0.6833 0.0000
vt 0.3973 0.7002 0.0000
vt 0.3892 0.6999 0.0000
vt 0.3900 0.6832 0.0000
vt 0.3965 0.7169 0.0000
vt 0.3885 0.7165 0.0000
vt 0.3814 0.6995 0.0000
vt 0.3820 0.6829 0.0000
vt 0.3808 0.7159 0.0000
vt 0.3957 0.7336 0.0000
vt 0.3948 0.7501 0.0000
vt 0.3871 0.7492 0.0000
vt 0.3878 0.7329 0.0000
vt 0.3797 0.7484 0.0000
vt 0.3803 0.7322 0.0000
vt 0.3729 0.7314 0.0000
vt 0.3725 0.7475 0.0000
vt 0.3733 0.7152 0.0000
vt 0.3742 0.6824 0.0000
vt 0.3737 0.6989 0.0000
vt 0.4002 0.6332 0.0000
vt 0.3922 0.6333 0.0000
vt 0.3996 0.6494 0.0000
vt 0.3916 0.6495 0.0000
vt 0.3842 0.6334 0.0000
vt 0.3836 0.6495 0.0000
vt 0.3989 0.6663 0.0000
vt 0.3908 0.6662 0.0000
vt 0.3828 0.6661 0.0000
vt 0.3749 0.6658 0.0000
vt 0.3756 0.6493 0.0000
vt 0.3762 0.6333 0.0000
vt 0.4252 0.6331 0.0000
vt 0.4249 0.6493 0.0000
vt 0.4166 0.6331 0.0000
vt 0.4162 0.6493 0.0000
vt 0.4239 0.6833 0.0000
vt 0.4245 0.6661 0.0000
vt 0.4151 0.6833 0.0000
vt 0.4157 0.6662 0.0000
vt 0.4072 0.6662 0.0000
vt 0.4064 0.6833 0.0000
vt 0.4078 0.6494 0.0000
vt 0.4083 0.6331 0.0000
vt 0.4232 0.7006 0.0000
vt 0.4223 0.7178 0.0000
vt 0.4143 0.7005 0.0000
vt 0.4134 0.7176 0.0000
vt 0.4200 0.7522 0.0000
vt 0.4212 0.7351 0.0000
vt 0.4113 0.7516 0.0000
vt 0.4124 0.7346 0.0000
vt 0.4038 0.7341 0.0000
vt 0.4028 0.7509 0.0000
vt 0.4048 0.7173 0.0000
vt 0.4056 0.7004 0.0000
vt 0.5642 0.5912 0.0000
vt 0.5536 0.5888 0.0000
vt 0.5550 0.5769 0.0000
vt 0.5656 0.5792 0.0000
vt 0.5427 0.5864 0.0000
vt 0.5440 0.5744 0.0000
vt 0.5566 0.5652 0.0000
vt 0.5673 0.5677 0.0000
vt 0.5455 0.5627 0.0000
vt 0.5316 0.5839 0.0000
vt 0.5328 0.5719 0.0000
vt 0.5341 0.5602 0.0000
vt 0.5371 0.5374 0.0000
vt 0.5356 0.5488 0.0000
vt 0.5486 0.5400 0.0000
vt 0.5470 0.5513 0.0000
vt 0.5601 0.5425 0.0000
vt 0.5717 0.5451 0.0000
vt 0.5692 0.5564 0.0000
vt 0.5583 0.5538 0.0000
vt 0.6015 0.5989 0.0000
vt 0.5929 0.5972 0.0000
vt 0.5946 0.5858 0.0000
vt 0.6032 0.5878 0.0000
vt 0.5839 0.5953 0.0000
vt 0.5855 0.5837 0.0000
vt 0.5964 0.5749 0.0000
vt 0.6051 0.5773 0.0000
vt 0.5872 0.5726 0.0000
vt 0.5742 0.5933 0.0000
vt 0.5758 0.5815 0.0000
vt 0.5775 0.5702 0.0000
vt 0.5814 0.5481 0.0000
vt 0.5794 0.5591 0.0000
vt 0.5911 0.5511 0.0000
vt 0.5891 0.5618 0.0000
vt 0.6007 0.5541 0.0000
vt 0.6104 0.5571 0.0000
vt 0.6073 0.5671 0.0000
vt 0.5985 0.5644 0.0000
vt 0.5959 0.6497 0.0000
vt 0.5874 0.6486 0.0000
vt 0.5887 0.6351 0.0000
vt 0.5972 0.6363 0.0000
vt 0.5784 0.6473 0.0000
vt 0.5797 0.6336 0.0000
vt 0.5901 0.6220 0.0000
vt 0.5986 0.6233 0.0000
vt 0.5810 0.6204 0.0000
vt 0.5690 0.6456 0.0000
vt 0.5593 0.6436 0.0000
vt 0.5604 0.6299 0.0000
vt 0.5703 0.6319 0.0000
vt 0.5616 0.6165 0.0000
vt 0.5715 0.6186 0.0000
vt 0.5728 0.6057 0.0000
vt 0.5628 0.6036 0.0000
vt 0.5824 0.6076 0.0000
vt 0.6000 0.6108 0.0000
vt 0.5914 0.6093 0.0000
vt 0.5491 0.6415 0.0000
vt 0.5502 0.6277 0.0000
vt 0.5387 0.6390 0.0000
vt 0.5396 0.6252 0.0000
vt 0.5512 0.6143 0.0000
vt 0.5406 0.6119 0.0000
vt 0.5280 0.6364 0.0000
vt 0.5288 0.6226 0.0000
vt 0.5296 0.6093 0.0000
vt 0.5305 0.5963 0.0000
vt 0.5416 0.5989 0.0000
vt 0.5524 0.6013 0.0000
vt 0.6306 0.6043 0.0000
vt 0.6321 0.5946 0.0000
vt 0.6382 0.5959 0.0000
vt 0.6369 0.6052 0.0000
vt 0.6338 0.5856 0.0000
vt 0.6396 0.5873 0.0000
vt 0.6439 0.5968 0.0000
vt 0.6429 0.6058 0.0000
vt 0.6450 0.5886 0.0000
vt 0.6358 0.5772 0.0000
vt 0.6387 0.5692 0.0000
vt 0.6431 0.5715 0.0000
vt 0.6413 0.5793 0.0000
vt 0.6474 0.5738 0.0000
vt 0.6462 0.5810 0.0000
vt 0.6510 0.5826 0.0000
vt 0.6517 0.5760 0.0000
vt 0.6503 0.5895 0.0000
vt 0.6488 0.6060 0.0000
vt 0.6496 0.5973 0.0000
vt 0.6256 0.6512 0.0000
vt 0.6267 0.6384 0.0000
vt 0.6334 0.6385 0.0000
vt 0.6323 0.6511 0.0000
vt 0.6279 0.6263 0.0000
vt 0.6345 0.6266 0.0000
vt 0.6399 0.6383 0.0000
vt 0.6389 0.6508 0.0000
vt 0.6409 0.6266 0.0000
vt 0.6292 0.6149 0.0000
vt 0.6356 0.6154 0.0000
vt 0.6419 0.6157 0.0000
vt 0.6480 0.6158 0.0000
vt 0.6472 0.6265 0.0000
vt 0.6455 0.6504 0.0000
vt 0.6464 0.6381 0.0000
vt 0.6052 0.6372 0.0000
vt 0.6039 0.6505 0.0000
vt 0.6065 0.6244 0.0000
vt 0.6127 0.6378 0.0000
vt 0.6114 0.6509 0.0000
vt 0.6140 0.6252 0.0000
vt 0.6095 0.6005 0.0000
vt 0.6079 0.6121 0.0000
vt 0.6169 0.6020 0.0000
vt 0.6154 0.6132 0.0000
vt 0.6225 0.6141 0.0000
vt 0.6240 0.6032 0.0000
vt 0.6212 0.6259 0.0000
vt 0.6186 0.6511 0.0000
vt 0.6199 0.6382 0.0000
vt 0.6112 0.5897 0.0000
vt 0.6131 0.5795 0.0000
vt 0.6186 0.5915 0.0000
vt 0.6205 0.5817 0.0000
vt 0.6175 0.5601 0.0000
vt 0.6152 0.5697 0.0000
vt 0.6245 0.5631 0.0000
vt 0.6225 0.5723 0.0000
vt 0.6294 0.5748 0.0000
vt 0.6316 0.5662 0.0000
vt 0.6274 0.5838 0.0000
vt 0.6256 0.5931 0.0000
vt 0.6209 0.7065 0.0000
vt 0.6280 0.7062 0.0000
vt 0.6269 0.7206 0.0000
vt 0.6198 0.7209 0.0000
vt 0.6349 0.7057 0.0000
vt 0.6339 0.7201 0.0000
vt 0.6260 0.7350 0.0000
vt 0.6188 0.7353 0.0000
vt 0.6330 0.7345 0.0000
vt 0.6418 0.7051 0.0000
vt 0.6408 0.7194 0.0000
vt 0.6399 0.7338 0.0000
vt 0.6381 0.7620 0.0000
vt 0.6390 0.7480 0.0000
vt 0.6312 0.7627 0.0000
vt 0.6321 0.7487 0.0000
vt 0.6243 0.7632 0.0000
vt 0.6171 0.7634 0.0000
vt 0.6179 0.7495 0.0000
vt 0.6251 0.7492 0.0000
vt 0.5903 0.7055 0.0000
vt 0.5984 0.7061 0.0000
vt 0.5971 0.7203 0.0000
vt 0.5890 0.7197 0.0000
vt 0.6062 0.7064 0.0000
vt 0.6050 0.7207 0.0000
vt 0.5959 0.7345 0.0000
vt 0.5877 0.7339 0.0000
vt 0.6038 0.7350 0.0000
vt 0.6137 0.7066 0.0000
vt 0.6125 0.7209 0.0000
vt 0.6114 0.7353 0.0000
vt 0.6097 0.7633 0.0000
vt 0.6105 0.7494 0.0000
vt 0.6020 0.7629 0.0000
vt 0.6028 0.7491 0.0000
vt 0.5940 0.7624 0.0000
vt 0.5859 0.7618 0.0000
vt 0.5867 0.7480 0.0000
vt 0.5948 0.7486 0.0000
vt 0.6025 0.6640 0.0000
vt 0.5945 0.6634 0.0000
vt 0.6101 0.6644 0.0000
vt 0.6011 0.6779 0.0000
vt 0.5931 0.6773 0.0000
vt 0.6088 0.6782 0.0000
vt 0.6244 0.6645 0.0000
vt 0.6174 0.6645 0.0000
vt 0.6232 0.6782 0.0000
vt 0.6161 0.6783 0.0000
vt 0.6149 0.6923 0.0000
vt 0.6221 0.6923 0.0000
vt 0.6075 0.6922 0.0000
vt 0.5917 0.6913 0.0000
vt 0.5998 0.6919 0.0000
vt 0.6312 0.6643 0.0000
vt 0.6379 0.6639 0.0000
vt 0.6301 0.6779 0.0000
vt 0.6369 0.6775 0.0000
vt 0.6446 0.6634 0.0000
vt 0.6437 0.6769 0.0000
vt 0.6427 0.6908 0.0000
vt 0.6359 0.6915 0.0000
vt 0.6290 0.6920 0.0000
vt 0.5545 0.7012 0.0000
vt 0.5534 0.7159 0.0000
vt 0.5438 0.7144 0.0000
vt 0.5448 0.6995 0.0000
vt 0.5523 0.7305 0.0000
vt 0.5428 0.7292 0.0000
vt 0.5339 0.7126 0.0000
vt 0.5349 0.6975 0.0000
vt 0.5329 0.7278 0.0000
vt 0.5514 0.7451 0.0000
vt 0.5507 0.7594 0.0000
vt 0.5412 0.7586 0.0000
vt 0.5419 0.7440 0.0000
vt 0.5314 0.7578 0.0000
vt 0.5321 0.7429 0.0000
vt 0.5220 0.7417 0.0000
vt 0.5212 0.7570 0.0000
vt 0.5229 0.7262 0.0000
vt 0.5247 0.6954 0.0000
vt 0.5238 0.7108 0.0000
vt 0.5581 0.6577 0.0000
vt 0.5481 0.6556 0.0000
vt 0.5569 0.6720 0.0000
vt 0.5470 0.6700 0.0000
vt 0.5378 0.6532 0.0000
vt 0.5368 0.6677 0.0000
vt 0.5557 0.6866 0.0000
vt 0.5459 0.6847 0.0000
vt 0.5359 0.6825 0.0000
vt 0.5256 0.6802 0.0000
vt 0.5264 0.6653 0.0000
vt 0.5272 0.6507 0.0000
vt 0.5860 0.6624 0.0000
vt 0.5846 0.6764 0.0000
vt 0.5771 0.6611 0.0000
vt 0.5757 0.6752 0.0000
vt 0.5819 0.7048 0.0000
vt 0.5832 0.6905 0.0000
vt 0.5731 0.7038 0.0000
vt 0.5744 0.6895 0.0000
vt 0.5652 0.6882 0.0000
vt 0.5639 0.7026 0.0000
vt 0.5665 0.6738 0.0000
vt 0.5678 0.6596 0.0000
vt 0.5805 0.7190 0.0000
vt 0.5793 0.7333 0.0000
vt 0.5718 0.7182 0.0000
vt 0.5706 0.7325 0.0000
vt 0.5775 0.7613 0.0000
vt 0.5783 0.7474 0.0000
vt 0.5688 0.7607 0.0000
vt 0.5696 0.7467 0.0000
vt 0.5606 0.7460 0.0000
vt 0.5599 0.7601 0.0000
vt 0.5616 0.7316 0.0000
vt 0.5627 0.7171 0.0000
vt 0.3915 0.8128 0.0000
vt 0.3843 0.8114 0.0000
vt 0.3848 0.7968 0.0000
vt 0.3920 0.7982 0.0000
vt 0.3775 0.8101 0.0000
vt 0.3778 0.7956 0.0000
vt 0.3855 0.7814 0.0000
vt 0.3928 0.7826 0.0000
vt 0.3784 0.7803 0.0000
vt 0.3708 0.8089 0.0000
vt 0.3711 0.7944 0.0000
vt 0.3715 0.7792 0.0000
vt 0.3720 0.7635 0.0000
vt 0.3790 0.7645 0.0000
vt 0.3938 0.7665 0.0000
vt 0.3863 0.7655 0.0000
vt 0.4249 0.8176 0.0000
vt 0.4158 0.8167 0.0000
vt 0.4166 0.8018 0.0000
vt 0.4257 0.8026 0.0000
vt 0.4072 0.8156 0.0000
vt 0.4079 0.8007 0.0000
vt 0.4176 0.7858 0.0000
vt 0.4267 0.7866 0.0000
vt 0.4089 0.7849 0.0000
vt 0.3991 0.8143 0.0000
vt 0.3997 0.7995 0.0000
vt 0.4007 0.7838 0.0000
vt 0.4017 0.7675 0.0000
vt 0.4101 0.7684 0.0000
vt 0.4279 0.7699 0.0000
vt 0.4188 0.7692 0.0000
vt 0.4248 0.8670 0.0000
vt 0.4159 0.8658 0.0000
vt 0.4156 0.8549 0.0000
vt 0.4245 0.8560 0.0000
vt 0.4075 0.8644 0.0000
vt 0.4071 0.8535 0.0000
vt 0.4154 0.8431 0.0000
vt 0.4244 0.8442 0.0000
vt 0.4069 0.8419 0.0000
vt 0.3996 0.8630 0.0000
vt 0.3922 0.8616 0.0000
vt 0.3917 0.8507 0.0000
vt 0.3992 0.8521 0.0000
vt 0.3914 0.8390 0.0000
vt 0.3989 0.8404 0.0000
vt 0.3988 0.8279 0.0000
vt 0.3913 0.8264 0.0000
vt 0.4069 0.8293 0.0000
vt 0.4245 0.8314 0.0000
vt 0.4154 0.8305 0.0000
vt 0.3852 0.8605 0.0000
vt 0.3847 0.8494 0.0000
vt 0.3785 0.8595 0.0000
vt 0.3780 0.8483 0.0000
vt 0.3843 0.8376 0.0000
vt 0.3776 0.8364 0.0000
vt 0.3720 0.8589 0.0000
vt 0.3715 0.8475 0.0000
vt 0.3711 0.8354 0.0000
vt 0.3708 0.8226 0.0000
vt 0.3774 0.8237 0.0000
vt 0.3842 0.8250 0.0000
vt 0.4658 0.8180 0.0000
vt 0.4663 0.8030 0.0000
vt 0.4771 0.8026 0.0000
vt 0.4767 0.8175 0.0000
vt 0.4669 0.7872 0.0000
vt 0.4776 0.7871 0.0000
vt 0.4879 0.8022 0.0000
vt 0.4875 0.8169 0.0000
vt 0.4884 0.7869 0.0000
vt 0.4676 0.7708 0.0000
vt 0.4782 0.7710 0.0000
vt 0.4890 0.7711 0.0000
vt 0.5103 0.7716 0.0000
vt 0.4997 0.7713 0.0000
vt 0.5098 0.7866 0.0000
vt 0.4992 0.7867 0.0000
vt 0.5095 0.8013 0.0000
vt 0.5091 0.8156 0.0000
vt 0.4984 0.8162 0.0000
vt 0.4987 0.8017 0.0000
vt 0.4651 0.8695 0.0000
vt 0.4651 0.8577 0.0000
vt 0.4759 0.8575 0.0000
vt 0.4758 0.8695 0.0000
vt 0.4653 0.8452 0.0000
vt 0.4761 0.8448 0.0000
vt 0.4867 0.8570 0.0000
vt 0.4866 0.8693 0.0000
vt 0.4869 0.8443 0.0000
vt 0.4655 0.8320 0.0000
vt 0.4763 0.8315 0.0000
vt 0.4872 0.8309 0.0000
vt 0.5088 0.8295 0.0000
vt 0.4981 0.8302 0.0000
vt 0.5085 0.8429 0.0000
vt 0.4978 0.8436 0.0000
vt 0.5083 0.8559 0.0000
vt 0.5081 0.8685 0.0000
vt 0.4974 0.8690 0.0000
vt 0.4975 0.8565 0.0000
vt 0.4341 0.8568 0.0000
vt 0.4343 0.8680 0.0000
vt 0.4341 0.8449 0.0000
vt 0.4441 0.8574 0.0000
vt 0.4443 0.8687 0.0000
vt 0.4441 0.8453 0.0000
vt 0.4346 0.8181 0.0000
vt 0.4342 0.8320 0.0000
vt 0.4447 0.8184 0.0000
vt 0.4443 0.8323 0.0000
vt 0.4548 0.8323 0.0000
vt 0.4552 0.8183 0.0000
vt 0.4546 0.8454 0.0000
vt 0.4546 0.8692 0.0000
vt 0.4545 0.8576 0.0000
vt 0.4353 0.8031 0.0000
vt 0.4363 0.7870 0.0000
vt 0.4454 0.8033 0.0000
vt 0.4462 0.7873 0.0000
vt 0.4374 0.7703 0.0000
vt 0.4472 0.7706 0.0000
vt 0.4573 0.7707 0.0000
vt 0.4564 0.7873 0.0000
vt 0.4557 0.8032 0.0000
vt 0.4659 0.9126 0.0000
vt 0.4765 0.9138 0.0000
vt 0.4767 0.9243 0.0000
vt 0.4662 0.9228 0.0000
vt 0.4871 0.9147 0.0000
vt 0.4874 0.9255 0.0000
vt 0.4769 0.9348 0.0000
vt 0.4663 0.9330 0.0000
vt 0.4877 0.9363 0.0000
vt 0.4978 0.9154 0.0000
vt 0.5085 0.9158 0.0000
vt 0.5089 0.9272 0.0000
vt 0.4982 0.9265 0.0000
vt 0.5094 0.9385 0.0000
vt 0.4986 0.9375 0.0000
vt 0.5110 0.9616 0.0000
vt 0.4997 0.9596 0.0000
vt 0.4991 0.9486 0.0000
vt 0.5100 0.9499 0.0000
vt 0.4884 0.9577 0.0000
vt 0.4881 0.9470 0.0000
vt 0.4772 0.9557 0.0000
vt 0.4659 0.9537 0.0000
vt 0.4663 0.9432 0.0000
vt 0.4771 0.9452 0.0000
vt 0.4267 0.9060 0.0000
vt 0.4359 0.9078 0.0000
vt 0.4362 0.9172 0.0000
vt 0.4270 0.9152 0.0000
vt 0.4456 0.9096 0.0000
vt 0.4459 0.9192 0.0000
vt 0.4363 0.9265 0.0000
vt 0.4271 0.9242 0.0000
vt 0.4460 0.9288 0.0000
vt 0.4556 0.9112 0.0000
vt 0.4559 0.9211 0.0000
vt 0.4560 0.9310 0.0000
vt 0.4560 0.9508 0.0000
vt 0.4560 0.9409 0.0000
vt 0.4461 0.9479 0.0000
vt 0.4461 0.9384 0.0000
vt 0.4362 0.9450 0.0000
vt 0.4263 0.9421 0.0000
vt 0.4270 0.9332 0.0000
vt 0.4363 0.9358 0.0000
vt 0.4347 0.8786 0.0000
vt 0.4253 0.8774 0.0000
vt 0.4446 0.8795 0.0000
vt 0.4351 0.8886 0.0000
vt 0.4258 0.8873 0.0000
vt 0.4449 0.8898 0.0000
vt 0.4653 0.8808 0.0000
vt 0.4548 0.8803 0.0000
vt 0.4655 0.8917 0.0000
vt 0.4550 0.8909 0.0000
vt 0.4553 0.9011 0.0000
vt 0.4657 0.9022 0.0000
vt 0.4453 0.8998 0.0000
vt 0.4263 0.8968 0.0000
vt 0.4356 0.8983 0.0000
vt 0.4759 0.8811 0.0000
vt 0.4866 0.8811 0.0000
vt 0.4760 0.8923 0.0000
vt 0.4867 0.8926 0.0000
vt 0.5080 0.8807 0.0000
vt 0.4974 0.8810 0.0000
vt 0.5081 0.8926 0.0000
vt 0.4974 0.8927 0.0000
vt 0.4976 0.9042 0.0000
vt 0.5082 0.9043 0.0000
vt 0.4869 0.9038 0.0000
vt 0.4762 0.9031 0.0000
vt 0.3945 0.8995 0.0000
vt 0.3948 0.9078 0.0000
vt 0.3880 0.9066 0.0000
vt 0.3876 0.8984 0.0000
vt 0.3949 0.9159 0.0000
vt 0.3882 0.9144 0.0000
vt 0.3816 0.9057 0.0000
vt 0.3811 0.8977 0.0000
vt 0.3820 0.9132 0.0000
vt 0.3946 0.9237 0.0000
vt 0.3935 0.9312 0.0000
vt 0.3880 0.9292 0.0000
vt 0.3882 0.9218 0.0000
vt 0.3826 0.9272 0.0000
vt 0.3823 0.9203 0.0000
vt 0.3766 0.9191 0.0000
vt 0.3771 0.9252 0.0000
vt 0.3760 0.9126 0.0000
vt 0.3748 0.8975 0.0000
vt 0.3755 0.9054 0.0000
vt 0.3928 0.8719 0.0000
vt 0.3858 0.8708 0.0000
vt 0.3934 0.8816 0.0000
vt 0.3865 0.8806 0.0000
vt 0.3791 0.8700 0.0000
vt 0.3798 0.8799 0.0000
vt 0.3940 0.8908 0.0000
vt 0.3871 0.8898 0.0000
vt 0.3805 0.8891 0.0000
vt 0.3741 0.8889 0.0000
vt 0.3734 0.8796 0.0000
vt 0.3727 0.8695 0.0000
vt 0.4164 0.8761 0.0000
vt 0.4169 0.8858 0.0000
vt 0.4081 0.8746 0.0000
vt 0.4086 0.8843 0.0000
vt 0.4179 0.9042 0.0000
vt 0.4175 0.8951 0.0000
vt 0.4096 0.9025 0.0000
vt 0.4092 0.8935 0.0000
vt 0.4014 0.8920 0.0000
vt 0.4018 0.9009 0.0000
vt 0.4008 0.8829 0.0000
vt 0.4002 0.8732 0.0000
vt 0.4182 0.9131 0.0000
vt 0.4183 0.9219 0.0000
vt 0.4099 0.9112 0.0000
vt 0.4100 0.9198 0.0000
vt 0.4181 0.9394 0.0000
vt 0.4183 0.9307 0.0000
vt 0.4099 0.9367 0.0000
vt 0.4100 0.9282 0.0000
vt 0.4020 0.9259 0.0000
vt 0.4017 0.9339 0.0000
vt 0.4022 0.9177 0.0000
vt 0.4021 0.9094 0.0000
vt 0.5499 0.8141 0.0000
vt 0.5401 0.8144 0.0000
vt 0.5403 0.8008 0.0000
vt 0.5500 0.8008 0.0000
vt 0.5301 0.8147 0.0000
vt 0.5303 0.8009 0.0000
vt 0.5405 0.7870 0.0000
vt 0.5501 0.7872 0.0000
vt 0.5305 0.7868 0.0000
vt 0.5197 0.8151 0.0000
vt 0.5200 0.8011 0.0000
vt 0.5203 0.7867 0.0000
vt 0.5207 0.7720 0.0000
vt 0.5309 0.7724 0.0000
vt 0.5503 0.7735 0.0000
vt 0.5407 0.7730 0.0000
vt 0.5852 0.8140 0.0000
vt 0.5769 0.8139 0.0000
vt 0.5768 0.8012 0.0000
vt 0.5852 0.8014 0.0000
vt 0.5682 0.8139 0.0000
vt 0.5682 0.8010 0.0000
vt 0.5769 0.7882 0.0000
vt 0.5852 0.7885 0.0000
vt 0.5683 0.7878 0.0000
vt 0.5592 0.8140 0.0000
vt 0.5593 0.8009 0.0000
vt 0.5593 0.7875 0.0000
vt 0.5595 0.7739 0.0000
vt 0.5684 0.7744 0.0000
vt 0.5854 0.7753 0.0000
vt 0.5771 0.7749 0.0000
vt 0.5854 0.8627 0.0000
vt 0.5768 0.8633 0.0000
vt 0.5768 0.8511 0.0000
vt 0.5853 0.8506 0.0000
vt 0.5680 0.8641 0.0000
vt 0.5680 0.8517 0.0000
vt 0.5768 0.8388 0.0000
vt 0.5852 0.8386 0.0000
vt 0.5681 0.8392 0.0000
vt 0.5587 0.8649 0.0000
vt 0.5491 0.8657 0.0000
vt 0.5493 0.8530 0.0000
vt 0.5588 0.8523 0.0000
vt 0.5495 0.8402 0.0000
vt 0.5590 0.8397 0.0000
vt 0.5591 0.8269 0.0000
vt 0.5497 0.8273 0.0000
vt 0.5682 0.8266 0.0000
vt 0.5852 0.8264 0.0000
vt 0.5769 0.8265 0.0000
vt 0.5392 0.8665 0.0000
vt 0.5394 0.8537 0.0000
vt 0.5291 0.8672 0.0000
vt 0.5293 0.8545 0.0000
vt 0.5396 0.8408 0.0000
vt 0.5295 0.8415 0.0000
vt 0.5187 0.8679 0.0000
vt 0.5189 0.8552 0.0000
vt 0.5191 0.8422 0.0000
vt 0.5194 0.8288 0.0000
vt 0.5298 0.8282 0.0000
vt 0.5399 0.8277 0.0000
vt 0.6154 0.8147 0.0000
vt 0.6156 0.8024 0.0000
vt 0.6225 0.8024 0.0000
vt 0.6222 0.8147 0.0000
vt 0.6159 0.7898 0.0000
vt 0.6230 0.7897 0.0000
vt 0.6293 0.8023 0.0000
vt 0.6289 0.8147 0.0000
vt 0.6298 0.7895 0.0000
vt 0.6165 0.7768 0.0000
vt 0.6235 0.7766 0.0000
vt 0.6305 0.7763 0.0000
vt 0.6373 0.7757 0.0000
vt 0.6366 0.7891 0.0000
vt 0.6355 0.8147 0.0000
vt 0.6360 0.8021 0.0000
vt 0.6158 0.8613 0.0000
vt 0.6155 0.8499 0.0000
vt 0.6223 0.8500 0.0000
vt 0.6226 0.8614 0.0000
vt 0.6153 0.8383 0.0000
vt 0.6221 0.8385 0.0000
vt 0.6289 0.8503 0.0000
vt 0.6292 0.8617 0.0000
vt 0.6287 0.8387 0.0000
vt 0.6153 0.8266 0.0000
vt 0.6221 0.8267 0.0000
vt 0.6287 0.8269 0.0000
vt 0.6353 0.8270 0.0000
vt 0.6353 0.8390 0.0000
vt 0.6357 0.8622 0.0000
vt 0.6354 0.8507 0.0000
vt 0.5933 0.8502 0.0000
vt 0.5935 0.8621 0.0000
vt 0.5932 0.8384 0.0000
vt 0.6010 0.8500 0.0000
vt 0.6012 0.8617 0.0000
vt 0.6009 0.8383 0.0000
vt 0.5932 0.8142 0.0000
vt 0.5932 0.8264 0.0000
vt 0.6009 0.8144 0.0000
vt 0.6009 0.8264 0.0000
vt 0.6082 0.8265 0.0000
vt 0.6082 0.8146 0.0000
vt 0.6083 0.8383 0.0000
vt 0.6087 0.8614 0.0000
vt 0.6084 0.8499 0.0000
vt 0.5932 0.8017 0.0000
vt 0.5933 0.7889 0.0000
vt 0.6009 0.8020 0.0000
vt 0.6011 0.7893 0.0000
vt 0.5935 0.7758 0.0000
vt 0.6014 0.7763 0.0000
vt 0.6091 0.7767 0.0000
vt 0.6087 0.7897 0.0000
vt 0.6084 0.8023 0.0000
vt 0.6181 0.9059 0.0000
vt 0.6250 0.9051 0.0000
vt 0.6261 0.9148 0.0000
vt 0.6193 0.9160 0.0000
vt 0.6315 0.9045 0.0000
vt 0.6326 0.9138 0.0000
vt 0.6275 0.9239 0.0000
vt 0.6209 0.9257 0.0000
vt 0.6338 0.9224 0.0000
vt 0.6380 0.9043 0.0000
vt 0.6389 0.9132 0.0000
vt 0.6400 0.9213 0.0000
vt 0.6421 0.9356 0.0000
vt 0.6410 0.9287 0.0000
vt 0.6366 0.9385 0.0000
vt 0.6352 0.9306 0.0000
vt 0.6312 0.9415 0.0000
vt 0.6258 0.9444 0.0000
vt 0.6228 0.9351 0.0000
vt 0.6293 0.9328 0.0000
vt 0.5868 0.9107 0.0000
vt 0.5952 0.9094 0.0000
vt 0.5962 0.9206 0.0000
vt 0.5876 0.9222 0.0000
vt 0.6032 0.9081 0.0000
vt 0.6043 0.9190 0.0000
vt 0.5974 0.9316 0.0000
vt 0.5887 0.9335 0.0000
vt 0.6056 0.9296 0.0000
vt 0.6109 0.9069 0.0000
vt 0.6120 0.9175 0.0000
vt 0.6135 0.9276 0.0000
vt 0.6173 0.9474 0.0000
vt 0.6153 0.9376 0.0000
vt 0.6088 0.9504 0.0000
vt 0.6072 0.9400 0.0000
vt 0.6003 0.9533 0.0000
vt 0.5918 0.9563 0.0000
vt 0.5900 0.9448 0.0000
vt 0.5988 0.9425 0.0000
vt 0.5937 0.8741 0.0000
vt 0.5855 0.8748 0.0000
vt 0.6015 0.8735 0.0000
vt 0.5940 0.8860 0.0000
vt 0.5858 0.8869 0.0000
vt 0.6019 0.8852 0.0000
vt 0.6161 0.8728 0.0000
vt 0.6090 0.8731 0.0000
vt 0.6166 0.8842 0.0000
vt 0.6094 0.8846 0.0000
vt 0.6100 0.8959 0.0000
vt 0.6172 0.8952 0.0000
vt 0.6024 0.8968 0.0000
vt 0.5862 0.8989 0.0000
vt 0.5945 0.8978 0.0000
vt 0.6229 0.8728 0.0000
vt 0.6295 0.8730 0.0000
vt 0.6234 0.8840 0.0000
vt 0.6300 0.8840 0.0000
vt 0.6360 0.8734 0.0000
vt 0.6365 0.8843 0.0000
vt 0.6372 0.8946 0.0000
vt 0.6307 0.8946 0.0000
vt 0.6241 0.8948 0.0000
vt 0.5496 0.9150 0.0000
vt 0.5501 0.9270 0.0000
vt 0.5401 0.9275 0.0000
vt 0.5396 0.9156 0.0000
vt 0.5508 0.9390 0.0000
vt 0.5407 0.9394 0.0000
vt 0.5299 0.9277 0.0000
vt 0.5294 0.9159 0.0000
vt 0.5304 0.9394 0.0000
vt 0.5515 0.9512 0.0000
vt 0.5525 0.9641 0.0000
vt 0.5421 0.9635 0.0000
vt 0.5414 0.9514 0.0000
vt 0.5317 0.9628 0.0000
vt 0.5311 0.9511 0.0000
vt 0.5206 0.9507 0.0000
vt 0.5214 0.9622 0.0000
vt 0.5200 0.9391 0.0000
vt 0.5190 0.9160 0.0000
vt 0.5194 0.9276 0.0000
vt 0.5491 0.8782 0.0000
vt 0.5392 0.8790 0.0000
vt 0.5491 0.8906 0.0000
vt 0.5392 0.8914 0.0000
vt 0.5290 0.8797 0.0000
vt 0.5290 0.8920 0.0000
vt 0.5493 0.9029 0.0000
vt 0.5394 0.9036 0.0000
vt 0.5292 0.9040 0.0000
vt 0.5188 0.9043 0.0000
vt 0.5186 0.8924 0.0000
vt 0.5186 0.8803 0.0000
vt 0.5769 0.8756 0.0000
vt 0.5771 0.8878 0.0000
vt 0.5680 0.8765 0.0000
vt 0.5681 0.8888 0.0000
vt 0.5780 0.9119 0.0000
vt 0.5775 0.9000 0.0000
vt 0.5688 0.9131 0.0000
vt 0.5684 0.9010 0.0000
vt 0.5590 0.9020 0.0000
vt 0.5594 0.9142 0.0000
vt 0.5588 0.8898 0.0000
vt 0.5587 0.8774 0.0000
vt 0.5787 0.9237 0.0000
vt 0.5796 0.9352 0.0000
vt 0.5695 0.9250 0.0000
vt 0.5702 0.9368 0.0000
vt 0.5820 0.9583 0.0000
vt 0.5808 0.9468 0.0000
vt 0.5721 0.9602 0.0000
vt 0.5712 0.9485 0.0000
vt 0.5614 0.9501 0.0000
vt 0.5623 0.9621 0.0000
vt 0.5606 0.9381 0.0000
vt 0.5599 0.9262 0.0000
vt 0.1258 0.1859 0.0000
vt 0.1253 0.1917 0.0000
vt 0.1217 0.1843 0.0000
vt 0.1212 0.1900 0.0000
vt 0.1246 0.2023 0.0000
vt 0.1249 0.1972 0.0000
vt 0.1207 0.2003 0.0000
vt 0.1210 0.1954 0.0000
vt 0.1151 0.1959 0.0000
vt 0.1144 0.1922 0.0000
vt 0.1175 0.1935 0.0000
vt 0.1173 0.1979 0.0000
vt 0.1141 0.1870 0.0000
vt 0.1174 0.1883 0.0000
vt 0.1143 0.1814 0.0000
vt 0.1178 0.1827 0.0000
vt 0.1074 0.2036 0.0000
vt 0.1045 0.2057 0.0000
vt 0.1020 0.1980 0.0000
vt 0.1050 0.1964 0.0000
vt 0.1007 0.2082 0.0000
vt 0.0984 0.1997 0.0000
vt 0.1012 0.1895 0.0000
vt 0.1040 0.1886 0.0000
vt 0.0979 0.1902 0.0000
vt 0.0958 0.2114 0.0000
vt 0.0936 0.2015 0.0000
vt 0.0938 0.1906 0.0000
vt 0.0976 0.1692 0.0000
vt 0.0952 0.1799 0.0000
vt 0.1008 0.1706 0.0000
vt 0.0988 0.1804 0.0000
vt 0.1034 0.1717 0.0000
vt 0.1056 0.1725 0.0000
vt 0.1043 0.1805 0.0000
vt 0.1017 0.1805 0.0000
vt 0.1197 0.1494 0.0000
vt 0.1188 0.1448 0.0000
vt 0.1243 0.1421 0.0000
vt 0.1247 0.1471 0.0000
vt 0.1174 0.1391 0.0000
vt 0.1238 0.1359 0.0000
vt 0.1303 0.1409 0.0000
vt 0.1300 0.1462 0.0000
vt 0.1307 0.1346 0.0000
vt 0.1156 0.1320 0.0000
vt 0.1231 0.1283 0.0000
vt 0.1312 0.1272 0.0000
vt 0.1475 0.1280 0.0000
vt 0.1394 0.1272 0.0000
vt 0.1450 0.1357 0.0000
vt 0.1378 0.1347 0.0000
vt 0.1426 0.1423 0.0000
vt 0.1405 0.1477 0.0000
vt 0.1353 0.1464 0.0000
vt 0.1365 0.1411 0.0000
vt 0.1556 0.1291 0.0000
vt 0.1634 0.1310 0.0000
vt 0.1520 0.1372 0.0000
vt 0.1585 0.1395 0.0000
vt 0.1762 0.1394 0.0000
vt 0.1708 0.1340 0.0000
vt 0.1682 0.1479 0.0000
vt 0.1642 0.1429 0.0000
vt 0.1559 0.1605 0.0000
vt 0.1532 0.1561 0.0000
vt 0.1582 0.1503 0.0000
vt 0.1614 0.1550 0.0000
vt 0.1496 0.1525 0.0000
vt 0.1538 0.1467 0.0000
vt 0.1453 0.1497 0.0000
vt 0.1485 0.1441 0.0000
vt 0.1573 0.1859 0.0000
vt 0.1619 0.1852 0.0000
vt 0.1603 0.1946 0.0000
vt 0.1562 0.1935 0.0000
vt 0.1674 0.1842 0.0000
vt 0.1653 0.1957 0.0000
vt 0.1582 0.2039 0.0000
vt 0.1545 0.2010 0.0000
vt 0.1626 0.2070 0.0000
vt 0.1737 0.1833 0.0000
vt 0.1711 0.1966 0.0000
vt 0.1679 0.2101 0.0000
vt 0.1580 0.2332 0.0000
vt 0.1637 0.2231 0.0000
vt 0.1544 0.2253 0.0000
vt 0.1590 0.2173 0.0000
vt 0.1513 0.2188 0.0000
vt 0.1488 0.2136 0.0000
vt 0.1521 0.2079 0.0000
vt 0.1552 0.2122 0.0000
vt 0.1168 0.2301 0.0000
vt 0.1251 0.2338 0.0000
vt 0.1087 0.2253 0.0000
vt 0.1188 0.2252 0.0000
vt 0.1264 0.2284 0.0000
vt 0.1116 0.2208 0.0000
vt 0.1013 0.2192 0.0000
vt 0.1053 0.2152 0.0000
vt 0.1113 0.2095 0.0000
vt 0.1086 0.2122 0.0000
vt 0.1162 0.2143 0.0000
vt 0.1141 0.2173 0.0000
vt 0.1219 0.2177 0.0000
vt 0.1279 0.2198 0.0000
vt 0.1273 0.2238 0.0000
vt 0.1205 0.2212 0.0000
vt 0.1759 0.1710 0.0000
vt 0.1691 0.1736 0.0000
vt 0.1775 0.1593 0.0000
vt 0.1701 0.1638 0.0000
vt 0.1580 0.1786 0.0000
vt 0.1631 0.1763 0.0000
vt 0.1581 0.1719 0.0000
vt 0.1636 0.1682 0.0000
vt 0.1631 0.1610 0.0000
vt 0.1575 0.1658 0.0000
vt 0.1700 0.1551 0.0000
vt 0.1780 0.1483 0.0000
vt 0.1336 0.2367 0.0000
vt 0.1340 0.2305 0.0000
vt 0.1420 0.2382 0.0000
vt 0.1414 0.2311 0.0000
vt 0.1338 0.2206 0.0000
vt 0.1340 0.2252 0.0000
vt 0.1394 0.2198 0.0000
vt 0.1405 0.2250 0.0000
vt 0.1463 0.2230 0.0000
vt 0.1445 0.2175 0.0000
vt 0.1483 0.2296 0.0000
vt 0.1505 0.2376 0.0000
vt 0.1060 0.1633 0.0000
vt 0.1080 0.1652 0.0000
vt 0.1037 0.1612 0.0000
vt 0.1095 0.1558 0.0000
vt 0.1112 0.1587 0.0000
vt 0.1074 0.1524 0.0000
vt 0.1006 0.1588 0.0000
vt 0.1046 0.1487 0.0000
vt 0.1095 0.1393 0.0000
vt 0.1120 0.1448 0.0000
vt 0.1152 0.1534 0.0000
vt 0.1138 0.1495 0.0000
vt 0.1075 0.1949 0.0000
vt 0.1098 0.2014 0.0000
vt 0.1065 0.1877 0.0000
vt 0.1098 0.1935 0.0000
vt 0.1119 0.1993 0.0000
vt 0.1088 0.1870 0.0000
vt 0.1077 0.1732 0.0000
vt 0.1066 0.1803 0.0000
vt 0.1098 0.1739 0.0000
vt 0.1089 0.1804 0.0000
vt 0.1114 0.1807 0.0000
vt 0.1123 0.1747 0.0000
vt 0.1113 0.1867 0.0000
vt 0.1137 0.1974 0.0000
vt 0.1120 0.1924 0.0000
vt 0.1098 0.1668 0.0000
vt 0.1128 0.1612 0.0000
vt 0.1118 0.1681 0.0000
vt 0.1145 0.1632 0.0000
vt 0.1206 0.1532 0.0000
vt 0.1165 0.1566 0.0000
vt 0.1214 0.1563 0.0000
vt 0.1177 0.1592 0.0000
vt 0.1191 0.1613 0.0000
vt 0.1221 0.1588 0.0000
vt 0.1164 0.1649 0.0000
vt 0.1140 0.1694 0.0000
vt 0.1251 0.1512 0.0000
vt 0.1297 0.1504 0.0000
vt 0.1254 0.1546 0.0000
vt 0.1295 0.1540 0.0000
vt 0.1388 0.1520 0.0000
vt 0.1344 0.1507 0.0000
vt 0.1374 0.1555 0.0000
vt 0.1335 0.1543 0.0000
vt 0.1327 0.1577 0.0000
vt 0.1363 0.1588 0.0000
vt 0.1290 0.1573 0.0000
vt 0.1255 0.1575 0.0000
vt 0.1429 0.1540 0.0000
vt 0.1464 0.1568 0.0000
vt 0.1410 0.1575 0.0000
vt 0.1441 0.1601 0.0000
vt 0.1517 0.1644 0.0000
vt 0.1494 0.1602 0.0000
vt 0.1486 0.1669 0.0000
vt 0.1467 0.1632 0.0000
vt 0.1447 0.1655 0.0000
vt 0.1465 0.1685 0.0000
vt 0.1424 0.1629 0.0000
vt 0.1395 0.1606 0.0000
vt 0.1532 0.1691 0.0000
vt 0.1539 0.1743 0.0000
vt 0.1499 0.1710 0.0000
vt 0.1506 0.1755 0.0000
vt 0.1537 0.1860 0.0000
vt 0.1541 0.1799 0.0000
vt 0.1506 0.1857 0.0000
vt 0.1508 0.1805 0.0000
vt 0.1480 0.1804 0.0000
vt 0.1478 0.1852 0.0000
vt 0.1479 0.1759 0.0000
vt 0.1474 0.1719 0.0000
vt 0.1528 0.1923 0.0000
vt 0.1515 0.1986 0.0000
vt 0.1500 0.1912 0.0000
vt 0.1488 0.1966 0.0000
vt 0.1466 0.2093 0.0000
vt 0.1494 0.2044 0.0000
vt 0.1447 0.2059 0.0000
vt 0.1471 0.2016 0.0000
vt 0.1450 0.1995 0.0000
vt 0.1431 0.2032 0.0000
vt 0.1463 0.1951 0.0000
vt 0.1473 0.1902 0.0000
vt 0.1429 0.2130 0.0000
vt 0.1384 0.2153 0.0000
vt 0.1415 0.2091 0.0000
vt 0.1376 0.2113 0.0000
vt 0.1283 0.2160 0.0000
vt 0.1335 0.2164 0.0000
vt 0.1285 0.2122 0.0000
vt 0.1332 0.2123 0.0000
vt 0.1329 0.2083 0.0000
vt 0.1286 0.2081 0.0000
vt 0.1369 0.2074 0.0000
vt 0.1403 0.2058 0.0000
vt 0.1230 0.2143 0.0000
vt 0.1179 0.2112 0.0000
vt 0.1237 0.2107 0.0000
vt 0.1191 0.2080 0.0000
vt 0.1134 0.2069 0.0000
vt 0.1151 0.2042 0.0000
vt 0.1164 0.2013 0.0000
vt 0.1200 0.2044 0.0000
vt 0.1242 0.2068 0.0000
vt 0.3059 0.2296 0.0000
vt 0.3096 0.2256 0.0000
vt 0.3115 0.2312 0.0000
vt 0.3076 0.2344 0.0000
vt 0.3142 0.2205 0.0000
vt 0.3164 0.2273 0.0000
vt 0.3125 0.2381 0.0000
vt 0.3086 0.2401 0.0000
vt 0.3172 0.2359 0.0000
vt 0.3197 0.2141 0.0000
vt 0.3220 0.2228 0.0000
vt 0.3227 0.2336 0.0000
vt 0.3217 0.2568 0.0000
vt 0.3224 0.2450 0.0000
vt 0.3168 0.2555 0.0000
vt 0.3173 0.2454 0.0000
vt 0.3124 0.2544 0.0000
vt 0.3087 0.2534 0.0000
vt 0.3089 0.2465 0.0000
vt 0.3127 0.2459 0.0000
vt 0.3209 0.2690 0.0000
vt 0.3195 0.2813 0.0000
vt 0.3159 0.2661 0.0000
vt 0.3146 0.2763 0.0000
vt 0.3136 0.3029 0.0000
vt 0.3173 0.2934 0.0000
vt 0.3093 0.2928 0.0000
vt 0.3125 0.2856 0.0000
vt 0.3027 0.2777 0.0000
vt 0.3051 0.2731 0.0000
vt 0.3084 0.2787 0.0000
vt 0.3057 0.2844 0.0000
vt 0.3068 0.2672 0.0000
vt 0.3103 0.2714 0.0000
vt 0.3081 0.2605 0.0000
vt 0.3116 0.2631 0.0000
vt 0.2744 0.2717 0.0000
vt 0.2694 0.2785 0.0000
vt 0.2676 0.2724 0.0000
vt 0.2729 0.2669 0.0000
vt 0.2629 0.2871 0.0000
vt 0.2608 0.2792 0.0000
vt 0.2669 0.2652 0.0000
vt 0.2722 0.2613 0.0000
vt 0.2604 0.2697 0.0000
vt 0.2548 0.2974 0.0000
vt 0.2525 0.2869 0.0000
vt 0.2525 0.2742 0.0000
vt 0.2547 0.2489 0.0000
vt 0.2534 0.2615 0.0000
vt 0.2618 0.2488 0.0000
vt 0.2608 0.2594 0.0000
vt 0.2677 0.2487 0.0000
vt 0.2724 0.2486 0.0000
vt 0.2721 0.2551 0.0000
vt 0.2671 0.2571 0.0000
vt 0.2684 0.2405 0.0000
vt 0.2729 0.2422 0.0000
vt 0.2627 0.2386 0.0000
vt 0.2694 0.2329 0.0000
vt 0.2737 0.2362 0.0000
vt 0.2640 0.2290 0.0000
vt 0.2559 0.2366 0.0000
vt 0.2574 0.2249 0.0000
vt 0.2639 0.2056 0.0000
vt 0.2598 0.2140 0.0000
vt 0.2693 0.2143 0.0000
vt 0.2661 0.2207 0.0000
vt 0.2738 0.2212 0.0000
vt 0.2773 0.2267 0.0000
vt 0.2751 0.2309 0.0000
vt 0.2711 0.2263 0.0000
vt 0.2938 0.2027 0.0000
vt 0.2861 0.2016 0.0000
vt 0.2934 0.2103 0.0000
vt 0.2869 0.2095 0.0000
vt 0.2783 0.2011 0.0000
vt 0.2804 0.2095 0.0000
vt 0.2931 0.2165 0.0000
vt 0.2928 0.2216 0.0000
vt 0.2885 0.2215 0.0000
vt 0.2877 0.2161 0.0000
vt 0.2843 0.2221 0.0000
vt 0.2825 0.2165 0.0000
vt 0.2777 0.2181 0.0000
vt 0.2805 0.2238 0.0000
vt 0.2743 0.2108 0.0000
vt 0.2705 0.2019 0.0000
vt 0.3034 0.2262 0.0000
vt 0.3066 0.2216 0.0000
vt 0.3003 0.2238 0.0000
vt 0.3027 0.2190 0.0000
vt 0.3104 0.2159 0.0000
vt 0.3054 0.2130 0.0000
vt 0.2967 0.2223 0.0000
vt 0.2981 0.2174 0.0000
vt 0.2997 0.2113 0.0000
vt 0.3012 0.2039 0.0000
vt 0.3082 0.2058 0.0000
vt 0.3147 0.2088 0.0000
vt 0.2850 0.3090 0.0000
vt 0.2929 0.3096 0.0000
vt 0.2864 0.2980 0.0000
vt 0.2929 0.2987 0.0000
vt 0.3004 0.3094 0.0000
vt 0.2991 0.2985 0.0000
vt 0.2876 0.2885 0.0000
vt 0.2886 0.2808 0.0000
vt 0.2926 0.2815 0.0000
vt 0.2928 0.2893 0.0000
vt 0.2964 0.2815 0.0000
vt 0.2977 0.2891 0.0000
vt 0.3020 0.2877 0.0000
vt 0.2998 0.2803 0.0000
vt 0.3047 0.2968 0.0000
vt 0.3077 0.3077 0.0000
vt 0.2771 0.2753 0.0000
vt 0.2727 0.2827 0.0000
vt 0.2805 0.2778 0.0000
vt 0.2771 0.2856 0.0000
vt 0.2672 0.2922 0.0000
vt 0.2731 0.2953 0.0000
vt 0.2845 0.2796 0.0000
vt 0.2822 0.2874 0.0000
vt 0.2796 0.2970 0.0000
vt 0.2769 0.3082 0.0000
vt 0.2687 0.3065 0.0000
vt 0.2608 0.3034 0.0000
vt 0.2957 0.2263 0.0000
vt 0.2925 0.2257 0.0000
vt 0.2986 0.2276 0.0000
vt 0.2949 0.2296 0.0000
vt 0.2923 0.2291 0.0000
vt 0.2973 0.2308 0.0000
vt 0.3031 0.2328 0.0000
vt 0.3010 0.2297 0.0000
vt 0.3011 0.2352 0.0000
vt 0.2994 0.2326 0.0000
vt 0.2983 0.2350 0.0000
vt 0.2997 0.2371 0.0000
vt 0.2965 0.2336 0.0000
vt 0.2921 0.2323 0.0000
vt 0.2944 0.2327 0.0000
vt 0.3046 0.2368 0.0000
vt 0.3055 0.2416 0.0000
vt 0.3023 0.2387 0.0000
vt 0.3032 0.2428 0.0000
vt 0.3059 0.2527 0.0000
vt 0.3060 0.2470 0.0000
vt 0.3036 0.2522 0.0000
vt 0.3036 0.2473 0.0000
vt 0.3017 0.2475 0.0000
vt 0.3017 0.2519 0.0000
vt 0.3013 0.2435 0.0000
vt 0.3007 0.2400 0.0000
vt 0.3053 0.2585 0.0000
vt 0.3042 0.2641 0.0000
vt 0.3031 0.2572 0.0000
vt 0.3021 0.2619 0.0000
vt 0.3006 0.2727 0.0000
vt 0.3026 0.2689 0.0000
vt 0.2990 0.2690 0.0000
vt 0.3007 0.2659 0.0000
vt 0.2993 0.2638 0.0000
vt 0.2980 0.2664 0.0000
vt 0.3004 0.2603 0.0000
vt 0.3012 0.2562 0.0000
vt 0.2982 0.2749 0.0000
vt 0.2954 0.2758 0.0000
vt 0.2970 0.2708 0.0000
vt 0.2948 0.2715 0.0000
vt 0.2893 0.2750 0.0000
vt 0.2925 0.2758 0.0000
vt 0.2898 0.2708 0.0000
vt 0.2924 0.2715 0.0000
vt 0.2924 0.2680 0.0000
vt 0.2902 0.2674 0.0000
vt 0.2945 0.2682 0.0000
vt 0.2964 0.2678 0.0000
vt 0.2861 0.2739 0.0000
vt 0.2830 0.2722 0.0000
vt 0.2872 0.2697 0.0000
vt 0.2846 0.2682 0.0000
vt 0.2780 0.2669 0.0000
vt 0.2802 0.2700 0.0000
vt 0.2805 0.2638 0.0000
vt 0.2823 0.2663 0.0000
vt 0.2837 0.2637 0.0000
vt 0.2822 0.2618 0.0000
vt 0.2857 0.2652 0.0000
vt 0.2879 0.2665 0.0000
vt 0.2767 0.2631 0.0000
vt 0.2760 0.2586 0.0000
vt 0.2794 0.2606 0.0000
vt 0.2787 0.2569 0.0000
vt 0.2759 0.2486 0.0000
vt 0.2758 0.2537 0.0000
vt 0.2786 0.2487 0.0000
vt 0.2785 0.2529 0.0000
vt 0.2806 0.2525 0.0000
vt 0.2807 0.2488 0.0000
vt 0.2808 0.2560 0.0000
vt 0.2813 0.2592 0.0000
vt 0.2763 0.2435 0.0000
vt 0.2769 0.2386 0.0000
vt 0.2788 0.2444 0.0000
vt 0.2793 0.2404 0.0000
vt 0.2799 0.2307 0.0000
vt 0.2781 0.2343 0.0000
vt 0.2818 0.2337 0.0000
vt 0.2803 0.2367 0.0000
vt 0.2820 0.2384 0.0000
vt 0.2831 0.2358 0.0000
vt 0.2813 0.2415 0.0000
vt 0.2809 0.2451 0.0000
vt 0.2825 0.2282 0.0000
vt 0.2857 0.2265 0.0000
vt 0.2840 0.2315 0.0000
vt 0.2866 0.2300 0.0000
vt 0.2891 0.2257 0.0000
vt 0.2894 0.2293 0.0000
vt 0.2896 0.2324 0.0000
vt 0.2872 0.2330 0.0000
vt 0.2849 0.2341 0.0000
vt 0.8583 0.1932 0.0000
vt 0.8585 0.1814 0.0000
vt 0.8575 0.2043 0.0000
vt 0.8538 0.1921 0.0000
vt 0.8541 0.1814 0.0000
vt 0.8525 0.2019 0.0000
vt 0.8516 0.2228 0.0000
vt 0.8555 0.2146 0.0000
vt 0.8463 0.2174 0.0000
vt 0.8501 0.2106 0.0000
vt 0.8388 0.2096 0.0000
vt 0.8424 0.2042 0.0000
vt 0.8458 0.2072 0.0000
vt 0.8420 0.2131 0.0000
vt 0.8451 0.1974 0.0000
vt 0.8484 0.1996 0.0000
vt 0.8469 0.1897 0.0000
vt 0.8477 0.1815 0.0000
vt 0.8506 0.1815 0.0000
vt 0.8500 0.1909 0.0000
vt 0.8191 0.1773 0.0000
vt 0.8237 0.1782 0.0000
vt 0.8236 0.1843 0.0000
vt 0.8191 0.1834 0.0000
vt 0.8283 0.1790 0.0000
vt 0.8280 0.1850 0.0000
vt 0.8232 0.1903 0.0000
vt 0.8190 0.1895 0.0000
vt 0.8275 0.1907 0.0000
vt 0.8328 0.1797 0.0000
vt 0.8367 0.1802 0.0000
vt 0.8361 0.1860 0.0000
vt 0.8323 0.1855 0.0000
vt 0.8350 0.1914 0.0000
vt 0.8315 0.1910 0.0000
vt 0.8322 0.1991 0.0000
vt 0.8298 0.2001 0.0000
vt 0.8305 0.1959 0.0000
vt 0.8335 0.1960 0.0000
vt 0.8264 0.2008 0.0000
vt 0.8269 0.1960 0.0000
vt 0.8225 0.2009 0.0000
vt 0.8185 0.2002 0.0000
vt 0.8188 0.1951 0.0000
vt 0.8229 0.1959 0.0000
vt 0.8252 0.1158 0.0000
vt 0.8347 0.1195 0.0000
vt 0.8245 0.1248 0.0000
vt 0.8327 0.1282 0.0000
vt 0.8511 0.1322 0.0000
vt 0.8438 0.1246 0.0000
vt 0.8464 0.1396 0.0000
vt 0.8403 0.1329 0.0000
vt 0.8400 0.1511 0.0000
vt 0.8352 0.1460 0.0000
vt 0.8375 0.1401 0.0000
vt 0.8428 0.1460 0.0000
vt 0.8295 0.1421 0.0000
vt 0.8310 0.1358 0.0000
vt 0.8234 0.1395 0.0000
vt 0.8239 0.1328 0.0000
vt 0.8331 0.1613 0.0000
vt 0.8344 0.1645 0.0000
vt 0.8311 0.1637 0.0000
vt 0.8305 0.1597 0.0000
vt 0.8357 0.1691 0.0000
vt 0.8319 0.1685 0.0000
vt 0.8271 0.1624 0.0000
vt 0.8268 0.1579 0.0000
vt 0.8277 0.1675 0.0000
vt 0.8365 0.1745 0.0000
vt 0.8326 0.1739 0.0000
vt 0.8281 0.1731 0.0000
vt 0.8191 0.1712 0.0000
vt 0.8235 0.1722 0.0000
vt 0.8189 0.1655 0.0000
vt 0.8232 0.1665 0.0000
vt 0.8187 0.1602 0.0000
vt 0.8184 0.1556 0.0000
vt 0.8226 0.1564 0.0000
vt 0.8229 0.1611 0.0000
vt 0.8150 0.1761 0.0000
vt 0.8150 0.1703 0.0000
vt 0.8112 0.1747 0.0000
vt 0.8113 0.1694 0.0000
vt 0.8150 0.1649 0.0000
vt 0.8114 0.1645 0.0000
vt 0.8078 0.1735 0.0000
vt 0.8047 0.1724 0.0000
vt 0.8050 0.1677 0.0000
vt 0.8080 0.1685 0.0000
vt 0.8055 0.1636 0.0000
vt 0.8083 0.1641 0.0000
vt 0.8067 0.1579 0.0000
vt 0.8085 0.1571 0.0000
vt 0.8086 0.1603 0.0000
vt 0.8061 0.1602 0.0000
vt 0.8113 0.1561 0.0000
vt 0.8115 0.1600 0.0000
vt 0.8146 0.1556 0.0000
vt 0.8149 0.1599 0.0000
vt 0.8073 0.2260 0.0000
vt 0.8171 0.2285 0.0000
vt 0.7976 0.2220 0.0000
vt 0.8085 0.2207 0.0000
vt 0.8170 0.2232 0.0000
vt 0.8003 0.2169 0.0000
vt 0.7809 0.2081 0.0000
vt 0.7882 0.2163 0.0000
vt 0.7871 0.2042 0.0000
vt 0.7929 0.2114 0.0000
vt 0.7964 0.1989 0.0000
vt 0.8003 0.2048 0.0000
vt 0.7969 0.2077 0.0000
vt 0.7923 0.2013 0.0000
vt 0.8054 0.2094 0.0000
vt 0.8029 0.2128 0.0000
vt 0.8111 0.2128 0.0000
vt 0.8172 0.2150 0.0000
vt 0.8171 0.2188 0.0000
vt 0.8098 0.2164 0.0000
vt 0.8057 0.1918 0.0000
vt 0.8052 0.1883 0.0000
vt 0.8079 0.1896 0.0000
vt 0.8077 0.1939 0.0000
vt 0.8048 0.1833 0.0000
vt 0.8078 0.1845 0.0000
vt 0.8111 0.1917 0.0000
vt 0.8108 0.1964 0.0000
vt 0.8112 0.1862 0.0000
vt 0.8046 0.1778 0.0000
vt 0.8077 0.1790 0.0000
vt 0.8112 0.1805 0.0000
vt 0.8150 0.1820 0.0000
vt 0.8150 0.1880 0.0000
vt 0.8145 0.1986 0.0000
vt 0.8148 0.1936 0.0000
vt 0.7771 0.1971 0.0000
vt 0.7756 0.1845 0.0000
vt 0.7838 0.1951 0.0000
vt 0.7823 0.1846 0.0000
vt 0.7751 0.1591 0.0000
vt 0.7751 0.1718 0.0000
vt 0.7819 0.1626 0.0000
vt 0.7819 0.1737 0.0000
vt 0.7924 0.1684 0.0000
vt 0.7923 0.1762 0.0000
vt 0.7876 0.1752 0.0000
vt 0.7877 0.1658 0.0000
vt 0.7927 0.1842 0.0000
vt 0.7880 0.1845 0.0000
vt 0.7940 0.1919 0.0000
vt 0.7894 0.1934 0.0000
vt 0.7951 0.1492 0.0000
vt 0.7901 0.1417 0.0000
vt 0.7936 0.1547 0.0000
vt 0.7886 0.1487 0.0000
vt 0.7839 0.1325 0.0000
vt 0.7824 0.1415 0.0000
vt 0.7928 0.1612 0.0000
vt 0.7879 0.1569 0.0000
vt 0.7819 0.1517 0.0000
vt 0.7749 0.1464 0.0000
vt 0.7752 0.1339 0.0000
vt 0.7764 0.1222 0.0000
vt 0.8583 0.1689 0.0000
vt 0.8539 0.1703 0.0000
vt 0.8573 0.1561 0.0000
vt 0.8528 0.1592 0.0000
vt 0.8474 0.1732 0.0000
vt 0.8503 0.1718 0.0000
vt 0.8461 0.1651 0.0000
vt 0.8491 0.1623 0.0000
vt 0.8466 0.1535 0.0000
vt 0.8436 0.1576 0.0000
vt 0.8504 0.1486 0.0000
vt 0.8553 0.1433 0.0000
vt 0.8266 0.2298 0.0000
vt 0.8254 0.2243 0.0000
vt 0.8358 0.2296 0.0000
vt 0.8333 0.2239 0.0000
vt 0.8232 0.2158 0.0000
vt 0.8242 0.2198 0.0000
vt 0.8290 0.2153 0.0000
vt 0.8309 0.2193 0.0000
vt 0.8370 0.2171 0.0000
vt 0.8342 0.2132 0.0000
vt 0.8404 0.2217 0.0000
vt 0.8446 0.2275 0.0000
vt 0.8322 0.2098 0.0000
vt 0.8363 0.2064 0.0000
vt 0.8276 0.2117 0.0000
vt 0.8309 0.2066 0.0000
vt 0.8345 0.2036 0.0000
vt 0.8268 0.2083 0.0000
vt 0.8175 0.2115 0.0000
vt 0.8226 0.2123 0.0000
vt 0.8178 0.2081 0.0000
vt 0.8224 0.2088 0.0000
vt 0.8224 0.2051 0.0000
vt 0.8182 0.2044 0.0000
vt 0.8264 0.2048 0.0000
vt 0.8331 0.2011 0.0000
vt 0.8300 0.2035 0.0000
vt 0.8123 0.2095 0.0000
vt 0.8074 0.2064 0.0000
vt 0.8132 0.2063 0.0000
vt 0.8089 0.2034 0.0000
vt 0.7997 0.1968 0.0000
vt 0.8031 0.2021 0.0000
vt 0.8022 0.1949 0.0000
vt 0.8052 0.1996 0.0000
vt 0.8067 0.1971 0.0000
vt 0.8042 0.1932 0.0000
vt 0.8101 0.2002 0.0000
vt 0.8140 0.2028 0.0000
vt 0.7975 0.1905 0.0000
vt 0.7964 0.1837 0.0000
vt 0.8004 0.1893 0.0000
vt 0.7994 0.1832 0.0000
vt 0.7962 0.1700 0.0000
vt 0.7960 0.1767 0.0000
vt 0.7993 0.1710 0.0000
vt 0.7991 0.1769 0.0000
vt 0.8019 0.1772 0.0000
vt 0.8020 0.1717 0.0000
vt 0.8021 0.1829 0.0000
vt 0.8028 0.1883 0.0000
vt 0.7966 0.1641 0.0000
vt 0.7974 0.1588 0.0000
vt 0.7997 0.1658 0.0000
vt 0.8005 0.1614 0.0000
vt 0.8011 0.1504 0.0000
vt 0.7989 0.1543 0.0000
vt 0.8037 0.1542 0.0000
vt 0.8018 0.1575 0.0000
vt 0.8040 0.1594 0.0000
vt 0.8055 0.1566 0.0000
vt 0.8030 0.1628 0.0000
vt 0.8024 0.1669 0.0000
vt 0.8042 0.1473 0.0000
vt 0.8081 0.1450 0.0000
vt 0.8063 0.1515 0.0000
vt 0.8097 0.1494 0.0000
vt 0.8177 0.1436 0.0000
vt 0.8126 0.1437 0.0000
vt 0.8180 0.1478 0.0000
vt 0.8136 0.1481 0.0000
vt 0.8142 0.1518 0.0000
vt 0.8182 0.1516 0.0000
vt 0.8107 0.1529 0.0000
vt 0.8078 0.1544 0.0000
vt 0.8230 0.1446 0.0000
vt 0.8284 0.1469 0.0000
vt 0.8227 0.1488 0.0000
vt 0.8275 0.1508 0.0000
vt 0.8378 0.1550 0.0000
vt 0.8334 0.1504 0.0000
vt 0.8359 0.1578 0.0000
vt 0.8320 0.1538 0.0000
vt 0.8310 0.1567 0.0000
vt 0.8343 0.1599 0.0000
vt 0.8270 0.1542 0.0000
vt 0.8226 0.1525 0.0000
vt 0.8412 0.1607 0.0000
vt 0.8435 0.1671 0.0000
vt 0.8390 0.1628 0.0000
vt 0.8411 0.1684 0.0000
vt 0.8451 0.1814 0.0000
vt 0.8448 0.1741 0.0000
vt 0.8426 0.1811 0.0000
vt 0.8424 0.1746 0.0000
vt 0.8397 0.1747 0.0000
vt 0.8399 0.1807 0.0000
vt 0.8386 0.1691 0.0000
vt 0.8369 0.1641 0.0000
vt 0.8443 0.1886 0.0000
vt 0.8425 0.1955 0.0000
vt 0.8418 0.1876 0.0000
vt 0.8401 0.1938 0.0000
vt 0.8398 0.2015 0.0000
vt 0.8376 0.1992 0.0000
vt 0.8357 0.1973 0.0000
vt 0.8377 0.1924 0.0000
vt 0.8392 0.1867 0.0000
vt 0.6933 0.2804 0.0000
vt 0.6925 0.2954 0.0000
vt 0.6853 0.2802 0.0000
vt 0.6843 0.2951 0.0000
vt 0.6914 0.3099 0.0000
vt 0.6831 0.3094 0.0000
vt 0.6747 0.3090 0.0000
vt 0.6760 0.2948 0.0000
vt 0.6771 0.2802 0.0000
# 7170 texture coords

g 10464_Asteroid_v1
usemtl _10464_Asteroid_v1_max201010464_Asteroid_v1
s 2
f 1/1/1 2/2/2 3/3/3 4/4/4 
f 2/2/2 5/5/5 6/6/6 3/3/3 
f 4/4/4 3/3/3 7/7/7 8/8/8 
f 3/3/3 6/6/6 9/9/9 7/7/7 
f 10/10/10 11/11/11 12/12/12 13/13/13 
f 13/13/13 12/12/12 14/14/14 15/15/15 
f 5/5/5 10/10/10 13/13/13 6/6/6 
f 6/6/6 13/13/13 15/15/15 9/9/9 
f 16/16/16 17/17/17 18/18/18 19/19/19 
f 17/17/17 20/20/20 21/21/21 18/18/18 
f 19/19/19 18/18/18 15/15/15 14/14/14 
f 18/18/18 21/21/21 9/9/9 15/15/15 
f 22/22/22 23/23/23 24/24/24 25/25/25 
f 25/25/25 24/24/24 8/8/8 7/7/7 
f 20/20/20 22/22/22 25/25/25 21/21/21 
f 21/21/21 25/25/25 7/7/7 9/9/9 
f 26/26/26 27/27/27 28/28/28 29/29/29 
f 27/27/27 30/30/30 31/31/31 28/28/28 
f 29/29/29 28/28/28 32/32/32 33/33/33 
f 28/28/28 31/31/31 34/34/34 32/32/32 
f 35/35/35 1/1/1 4/4/4 36/36/36 
f 36/36/36 4/4/4 8/8/8 37/37/37 
f 30/30/30 35/35/35 36/36/36 31/31/31 
f 31/31/31 36/36/36 37/37/37 34/34/34 
f 23/23/23 38/38/38 39/39/39 24/24/24 
f 38/38/38 40/40/40 41/41/41 39/39/39 
f 24/24/24 39/39/39 37/37/37 8/8/8 
f 39/39/39 41/41/41 34/34/34 37/37/37 
f 42/42/42 43/43/43 44/44/44 45/45/45 
f 45/45/45 44/44/44 33/33/33 32/32/32 
f 40/40/40 42/42/42 45/45/45 41/41/41 
f 41/41/41 45/45/45 32/32/32 34/34/34 
f 46/46/46 47/47/47 48/48/48 49/49/49 
f 47/47/47 50/50/50 51/51/51 48/48/48 
f 49/49/49 48/48/48 52/52/52 53/53/53 
f 48/48/48 51/51/51 54/54/54 52/52/52 
f 55/55/55 56/56/56 57/57/57 58/58/58 
f 58/58/58 57/57/57 59/59/59 60/60/60 
f 50/50/50 55/55/55 58/58/58 51/51/51 
f 51/51/51 58/58/58 60/60/60 54/54/54 
f 1/1/1 35/35/35 61/61/61 62/62/62 
f 35/35/35 30/30/30 63/63/63 61/61/61 
f 62/62/62 61/61/61 60/60/60 59/59/59 
f 61/61/61 63/63/63 54/54/54 60/60/60 
f 27/27/27 26/26/26 64/64/64 65/65/65 
f 65/65/65 64/64/64 53/53/53 52/52/52 
f 30/30/30 27/27/27 65/65/65 63/63/63 
f 63/63/63 65/65/65 52/52/52 54/54/54 
f 56/56/56 66/66/66 67/67/67 57/57/57 
f 66/66/66 68/68/68 69/69/69 67/67/67 
f 57/57/57 67/67/67 70/70/70 59/59/59 
f 67/67/67 69/69/69 71/71/71 70/70/70 
f 72/72/72 73/73/73 74/74/74 75/75/75 
f 75/75/75 74/74/74 76/76/76 77/77/77 
f 68/68/68 72/72/72 75/75/75 69/69/69 
f 69/69/69 75/75/75 77/77/77 71/71/71 
f 11/11/11 10/10/10 78/78/78 79/79/79 
f 10/10/10 5/5/5 80/80/80 78/78/78 
f 79/79/79 78/78/78 77/77/77 76/76/76 
f 78/78/78 80/80/80 71/71/71 77/77/77 
f 2/2/2 1/1/1 62/62/62 81/81/81 
f 81/81/81 62/62/62 59/59/59 70/70/70 
f 5/5/5 2/2/2 81/81/81 80/80/80 
f 80/80/80 81/81/81 70/70/70 71/71/71 
f 82/82/82 83/83/83 84/84/84 85/85/85 
f 83/83/83 86/86/86 87/87/87 84/84/84 
f 85/85/85 84/84/84 88/88/88 89/89/89 
f 84/84/84 87/87/87 90/90/90 88/88/88 
f 91/91/91 92/92/92 93/93/93 94/94/94 
f 94/94/94 93/93/93 95/95/95 96/96/96 
f 86/86/86 91/91/91 94/94/94 87/87/87 
f 87/87/87 94/94/94 96/96/96 90/90/90 
f 97/97/97 98/98/98 99/99/99 100/100/100 
f 98/98/98 101/101/101 102/102/102 99/99/99 
f 100/100/100 99/99/99 96/96/96 95/95/95 
f 99/99/99 102/102/102 90/90/90 96/96/96 
f 103/103/103 104/104/104 105/105/105 106/106/106 
f 106/106/106 105/105/105 89/89/89 88/88/88 
f 101/101/101 103/103/103 106/106/106 102/102/102 
f 102/102/102 106/106/106 88/88/88 90/90/90 
f 107/107/107 108/108/108 109/109/109 110/110/110 
f 108/108/108 111/111/111 112/112/112 109/109/109 
f 110/110/110 109/109/109 113/113/113 114/114/114 
f 109/109/109 112/112/112 115/115/115 113/113/113 
f 116/116/116 82/82/82 85/85/85 117/117/117 
f 117/117/117 85/85/85 89/89/89 118/118/118 
f 111/111/111 116/116/116 117/117/117 112/112/112 
f 112/112/112 117/117/117 118/118/118 115/115/115 
f 104/104/104 119/119/119 120/120/120 105/105/105 
f 119/119/119 121/121/121 122/122/122 120/120/120 
f 105/105/105 120/120/120 118/118/118 89/89/89 
f 120/120/120 122/122/122 115/115/115 118/118/118 
f 123/123/123 124/124/124 125/125/125 126/126/126 
f 126/126/126 125/125/125 114/114/114 113/113/113 
f 121/121/121 123/123/123 126/126/126 122/122/122 
f 122/122/122 126/126/126 113/113/113 115/115/115 
f 46/46/46 49/49/49 127/127/127 128/128/128 
f 49/49/49 53/53/53 129/129/129 127/127/127 
f 128/128/128 127/127/127 130/130/130 131/131/131 
f 127/127/127 129/129/129 132/132/132 130/130/130 
f 64/64/64 26/26/26 133/133/133 134/134/134 
f 134/134/134 133/133/133 135/135/135 136/136/136 
f 53/53/53 64/64/64 134/134/134 129/129/129 
f 129/129/129 134/134/134 136/136/136 132/132/132 
f 82/82/82 116/116/116 137/137/137 138/138/138 
f 116/116/116 111/111/111 139/139/139 137/137/137 
f 138/138/138 137/137/137 136/136/136 135/135/135 
f 137/137/137 139/139/139 132/132/132 136/136/136 
f 108/108/108 107/107/107 140/140/140 141/141/141 
f 141/141/141 140/140/140 131/131/131 130/130/130 
f 111/111/111 108/108/108 141/141/141 139/139/139 
f 139/139/139 141/141/141 130/130/130 132/132/132 
f 26/26/26 29/29/29 142/142/142 133/133/133 
f 29/29/29 33/33/33 143/143/143 142/142/142 
f 133/133/133 142/142/142 144/144/144 135/135/135 
f 142/142/142 143/143/143 145/145/145 144/144/144 
f 44/44/44 43/43/43 146/146/146 147/147/147 
f 147/147/147 146/146/146 148/148/148 149/149/149 
f 33/33/33 44/44/44 147/147/147 143/143/143 
f 143/143/143 147/147/147 149/149/149 145/145/145 
f 92/92/92 91/91/91 150/150/150 151/151/151 
f 91/91/91 86/86/86 152/152/152 150/150/150 
f 151/151/151 150/150/150 149/149/149 148/148/148 
f 150/150/150 152/152/152 145/145/145 149/149/149 
f 83/83/83 82/82/82 138/138/138 153/153/153 
f 153/153/153 138/138/138 135/135/135 144/144/144 
f 86/86/86 83/83/83 153/153/153 152/152/152 
f 152/152/152 153/153/153 144/144/144 145/145/145 
f 154/154/154 155/155/155 156/156/156 157/157/157 
f 155/155/155 158/158/158 159/159/159 156/156/156 
f 157/157/157 156/156/156 160/160/160 161/161/161 
f 156/156/156 159/159/159 162/162/162 160/160/160 
f 163/163/163 164/164/164 165/165/165 166/166/166 
f 166/166/166 165/165/165 167/167/167 168/168/168 
f 158/158/158 163/163/163 166/166/166 159/159/159 
f 159/159/159 166/166/166 168/168/168 162/162/162 
f 169/169/169 170/170/170 171/171/171 172/172/172 
f 170/170/170 173/173/173 174/174/174 171/171/171 
f 172/172/172 171/171/171 168/168/168 167/167/167 
f 171/171/171 174/174/174 162/162/162 168/168/168 
f 175/175/175 176/176/176 177/177/177 178/178/178 
f 178/178/178 177/177/177 161/161/161 160/160/160 
f 173/173/173 175/175/175 178/178/178 174/174/174 
f 174/174/174 178/178/178 160/160/160 162/162/162 
f 46/46/46 128/128/128 179/179/179 180/180/180 
f 128/128/128 131/131/131 181/181/181 179/179/179 
f 180/180/180 179/179/179 182/182/182 183/183/183 
f 179/179/179 181/181/181 184/184/184 182/182/182 
f 140/140/140 107/107/107 185/185/185 186/186/186 
f 186/186/186 185/185/185 187/187/187 188/188/188 
f 131/131/131 140/140/140 186/186/186 181/181/181 
f 181/181/181 186/186/186 188/188/188 184/184/184 
f 154/154/154 189/189/189 190/190/190 191/191/191 
f 189/189/189 192/192/192 193/193/193 190/190/190 
f 191/191/191 190/190/190 188/188/188 187/187/187 
f 190/190/190 193/193/193 184/184/184 188/188/188 
f 194/194/194 195/195/195 196/196/196 197/197/197 
f 197/197/197 196/196/196 183/183/183 182/182/182 
f 192/192/192 194/194/194 197/197/197 193/193/193 
f 193/193/193 197/197/197 182/182/182 184/184/184 
f 107/107/107 110/110/110 198/198/198 185/185/185 
f 110/110/110 114/114/114 199/199/199 198/198/198 
f 185/185/185 198/198/198 200/200/200 187/187/187 
f 198/198/198 199/199/199 201/201/201 200/200/200 
f 125/125/125 124/124/124 202/202/202 203/203/203 
f 203/203/203 202/202/202 204/204/204 205/205/205 
f 114/114/114 125/125/125 203/203/203 199/199/199 
f 199/199/199 203/203/203 205/205/205 201/201/201 
f 164/164/164 163/163/163 206/206/206 207/207/207 
f 163/163/163 158/158/158 208/208/208 206/206/206 
f 207/207/207 206/206/206 205/205/205 204/204/204 
f 206/206/206 208/208/208 201/201/201 205/205/205 
f 155/155/155 154/154/154 191/191/191 209/209/209 
f 209/209/209 191/191/191 187/187/187 200/200/200 
f 158/158/158 155/155/155 209/209/209 208/208/208 
f 208/208/208 209/209/209 200/200/200 201/201/201 
f 210/210/210 211/211/211 212/212/212 213/213/213 
f 211/211/211 214/214/214 215/215/215 212/212/212 
f 213/213/213 212/212/212 216/216/216 217/217/217 
f 212/212/212 215/215/215 218/218/218 216/216/216 
f 219/219/219 220/220/220 221/221/221 222/222/222 
f 222/222/222 221/221/221 223/223/223 224/224/224 
f 214/214/214 219/219/219 222/222/222 215/215/215 
f 215/215/215 222/222/222 224/224/224 218/218/218 
f 225/225/225 226/226/226 227/227/227 228/228/228 
f 226/226/226 229/229/229 230/230/230 227/227/227 
f 228/228/228 227/227/227 224/224/224 223/223/223 
f 227/227/227 230/230/230 218/218/218 224/224/224 
f 231/231/231 232/232/232 233/233/233 234/234/234 
f 234/234/234 233/233/233 217/217/217 216/216/216 
f 229/229/229 231/231/231 234/234/234 230/230/230 
f 230/230/230 234/234/234 216/216/216 218/218/218 
f 56/56/56 235/235/235 236/236/236 66/66/66 
f 235/235/235 237/237/237 238/238/238 236/236/236 
f 66/66/66 236/236/236 239/239/239 68/68/68 
f 236/236/236 238/238/238 240/240/240 239/239/239 
f 241/241/241 210/210/210 213/213/213 242/242/242 
f 242/242/242 213/213/213 217/217/217 243/243/243 
f 237/237/237 241/241/241 242/242/242 238/238/238 
f 238/238/238 242/242/242 243/243/243 240/240/240 
f 232/232/232 244/244/244 245/245/245 233/233/233 
f 244/244/244 246/246/246 247/247/247 245/245/245 
f 233/233/233 245/245/245 243/243/243 217/217/217 
f 245/245/245 247/247/247 240/240/240 243/243/243 
f 248/248/248 73/73/73 72/72/72 249/249/249 
f 249/249/249 72/72/72 68/68/68 239/239/239 
f 246/246/246 248/248/248 249/249/249 247/247/247 
f 247/247/247 249/249/249 239/239/239 240/240/240 
f 46/46/46 180/180/180 250/250/250 47/47/47 
f 180/180/180 183/183/183 251/251/251 250/250/250 
f 47/47/47 250/250/250 252/252/252 50/50/50 
f 250/250/250 251/251/251 253/253/253 252/252/252 
f 196/196/196 195/195/195 254/254/254 255/255/255 
f 255/255/255 254/254/254 256/256/256 257/257/257 
f 183/183/183 196/196/196 255/255/255 251/251/251 
f 251/251/251 255/255/255 257/257/257 253/253/253 
f 210/210/210 241/241/241 258/258/258 259/259/259 
f 241/241/241 237/237/237 260/260/260 258/258/258 
f 259/259/259 258/258/258 257/257/257 256/256/256 
f 258/258/258 260/260/260 253/253/253 257/257/257 
f 235/235/235 56/56/56 55/55/55 261/261/261 
f 261/261/261 55/55/55 50/50/50 252/252/252 
f 237/237/237 235/235/235 261/261/261 260/260/260 
f 260/260/260 261/261/261 252/252/252 253/253/253 
f 262/262/262 263/263/263 264/264/264 265/265/265 
f 263/263/263 266/266/266 267/267/267 264/264/264 
f 265/265/265 264/264/264 268/268/268 269/269/269 
f 264/264/264 267/267/267 270/270/270 268/268/268 
f 271/271/271 272/272/272 273/273/273 274/274/274 
f 274/274/274 273/273/273 275/275/275 276/276/276 
f 266/266/266 271/271/271 274/274/274 267/267/267 
f 267/267/267 274/274/274 276/276/276 270/270/270 
f 225/225/225 228/228/228 277/277/277 278/278/278 
f 228/228/228 223/223/223 279/279/279 277/277/277 
f 278/278/278 277/277/277 276/276/276 275/275/275 
f 277/277/277 279/279/279 270/270/270 276/276/276 
f 221/221/221 220/220/220 280/280/280 281/281/281 
f 281/281/281 280/280/280 269/269/269 268/268/268 
f 223/223/223 221/221/221 281/281/281 279/279/279 
f 279/279/279 281/281/281 268/268/268 270/270/270 
f 220/220/220 282/282/282 283/283/283 280/280/280 
f 282/282/282 284/284/284 285/285/285 283/283/283 
f 280/280/280 283/283/283 286/286/286 269/269/269 
f 283/283/283 285/285/285 287/287/287 286/286/286 
f 288/288/288 289/289/289 290/290/290 291/291/291 
f 291/291/291 290/290/290 292/292/292 293/293/293 
f 284/284/284 288/288/288 291/291/291 285/285/285 
f 285/285/285 291/291/291 293/293/293 287/287/287 
f 294/294/294 295/295/295 296/296/296 297/297/297 
f 295/295/295 298/298/298 299/299/299 296/296/296 
f 297/297/297 296/296/296 293/293/293 292/292/292 
f 296/296/296 299/299/299 287/287/287 293/293/293 
f 300/300/300 262/262/262 265/265/265 301/301/301 
f 301/301/301 265/265/265 269/269/269 286/286/286 
f 298/298/298 300/300/300 301/301/301 299/299/299 
f 299/299/299 301/301/301 286/286/286 287/287/287 
f 302/302/302 303/303/303 304/304/304 305/305/305 
f 303/303/303 306/306/306 307/307/307 304/304/304 
f 305/305/305 304/304/304 308/308/308 309/309/309 
f 304/304/304 307/307/307 310/310/310 308/308/308 
f 311/311/311 312/312/312 313/313/313 314/314/314 
f 314/314/314 313/313/313 315/315/315 316/316/316 
f 306/306/306 311/311/311 314/314/314 307/307/307 
f 307/307/307 314/314/314 316/316/316 310/310/310 
f 262/262/262 317/317/317 318/318/318 319/319/319 
f 317/317/317 320/320/320 321/321/321 318/318/318 
f 319/319/319 318/318/318 316/316/316 315/315/315 
f 318/318/318 321/321/321 310/310/310 316/316/316 
f 322/322/322 323/323/323 324/324/324 325/325/325 
f 325/325/325 324/324/324 309/309/309 308/308/308 
f 320/320/320 322/322/322 325/325/325 321/321/321 
f 321/321/321 325/325/325 308/308/308 310/310/310 
f 312/312/312 326/326/326 327/327/327 313/313/313 
f 326/326/326 328/328/328 329/329/329 327/327/327 
f 313/313/313 327/327/327 330/330/330 315/315/315 
f 327/327/327 329/329/329 331/331/331 330/330/330 
f 332/332/332 333/333/333 334/334/334 335/335/335 
f 335/335/335 334/334/334 336/336/336 337/337/337 
f 328/328/328 332/332/332 335/335/335 329/329/329 
f 329/329/329 335/335/335 337/337/337 331/331/331 
f 272/272/272 271/271/271 338/338/338 339/339/339 
f 271/271/271 266/266/266 340/340/340 338/338/338 
f 339/339/339 338/338/338 337/337/337 336/336/336 
f 338/338/338 340/340/340 331/331/331 337/337/337 
f 263/263/263 262/262/262 319/319/319 341/341/341 
f 341/341/341 319/319/319 315/315/315 330/330/330 
f 266/266/266 263/263/263 341/341/341 340/340/340 
f 340/340/340 341/341/341 330/330/330 331/331/331 
f 342/342/342 343/343/343 344/344/344 345/345/345 
f 343/343/343 346/346/346 347/347/347 344/344/344 
f 345/345/345 344/344/344 348/348/348 349/349/349 
f 344/344/344 347/347/347 350/350/350 348/348/348 
f 351/351/351 176/176/176 175/175/175 352/352/352 
f 352/352/352 175/175/175 173/173/173 353/353/353 
f 346/346/346 351/351/351 352/352/352 347/347/347 
f 347/347/347 352/352/352 353/353/353 350/350/350 
f 169/169/169 354/354/354 355/355/355 170/170/170 
f 354/354/354 356/356/356 357/357/357 355/355/355 
f 170/170/170 355/355/355 353/353/353 173/173/173 
f 355/355/355 357/357/357 350/350/350 353/353/353 
f 358/358/358 359/359/359 360/360/360 361/361/361 
f 361/361/361 360/360/360 349/349/349 348/348/348 
f 356/356/356 358/358/358 361/361/361 357/357/357 
f 357/357/357 361/361/361 348/348/348 350/350/350 
f 362/362/362 363/363/363 364/364/364 365/365/365 
f 363/363/363 366/366/366 367/367/367 364/364/364 
f 365/365/365 364/364/364 368/368/368 369/369/369 
f 364/364/364 367/367/367 370/370/370 368/368/368 
f 371/371/371 342/342/342 345/345/345 372/372/372 
f 372/372/372 345/345/345 349/349/349 373/373/373 
f 366/366/366 371/371/371 372/372/372 367/367/367 
f 367/367/367 372/372/372 373/373/373 370/370/370 
f 359/359/359 374/374/374 375/375/375 360/360/360 
f 374/374/374 376/376/376 377/377/377 375/375/375 
f 360/360/360 375/375/375 373/373/373 349/349/349 
f 375/375/375 377/377/377 370/370/370 373/373/373 
f 378/378/378 379/379/379 380/380/380 381/381/381 
f 381/381/381 380/380/380 369/369/369 368/368/368 
f 376/376/376 378/378/378 381/381/381 377/377/377 
f 377/377/377 381/381/381 368/368/368 370/370/370 
f 302/302/302 305/305/305 382/382/382 383/383/383 
f 305/305/305 309/309/309 384/384/384 382/382/382 
f 383/383/383 382/382/382 385/385/385 386/386/386 
f 382/382/382 384/384/384 387/387/387 385/385/385 
f 324/324/324 323/323/323 388/388/388 389/389/389 
f 389/389/389 388/388/388 390/390/390 391/391/391 
f 309/309/309 324/324/324 389/389/389 384/384/384 
f 384/384/384 389/389/389 391/391/391 387/387/387 
f 342/342/342 371/371/371 392/392/392 393/393/393 
f 371/371/371 366/366/366 394/394/394 392/392/392 
f 393/393/393 392/392/392 391/391/391 390/390/390 
f 392/392/392 394/394/394 387/387/387 391/391/391 
f 363/363/363 362/362/362 395/395/395 396/396/396 
f 396/396/396 395/395/395 386/386/386 385/385/385 
f 366/366/366 363/363/363 396/396/396 394/394/394 
f 394/394/394 396/396/396 385/385/385 387/387/387 
f 397/397/397 398/398/398 399/399/399 400/400/400 
f 398/398/398 401/401/401 402/402/402 399/399/399 
f 400/400/400 399/399/399 403/403/403 404/404/404 
f 399/399/399 402/402/402 405/405/405 403/403/403 
f 406/406/406 407/407/407 408/408/408 409/409/409 
f 409/409/409 408/408/408 410/410/410 411/411/411 
f 401/401/401 406/406/406 409/409/409 402/402/402 
f 402/402/402 409/409/409 411/411/411 405/405/405 
f 412/412/412 413/413/413 414/414/414 415/415/415 
f 413/413/413 416/416/416 417/417/417 414/414/414 
f 415/415/415 414/414/414 411/411/411 410/410/410 
f 414/414/414 417/417/417 405/405/405 411/411/411 
f 418/418/418 419/419/419 420/420/420 421/421/421 
f 421/421/421 420/420/420 404/404/404 403/403/403 
f 416/416/416 418/418/418 421/421/421 417/417/417 
f 417/417/417 421/421/421 403/403/403 405/405/405 
f 422/422/422 423/423/423 424/424/424 425/425/425 
f 423/423/423 426/426/426 427/427/427 424/424/424 
f 425/425/425 424/424/424 428/428/428 429/429/429 
f 424/424/424 427/427/427 430/430/430 428/428/428 
f 431/431/431 407/407/407 406/406/406 432/432/432 
f 432/432/432 406/406/406 401/401/401 433/433/433 
f 426/426/426 431/431/431 432/432/432 427/427/427 
f 427/427/427 432/432/432 433/433/433 430/430/430 
f 397/397/397 434/434/434 435/435/435 398/398/398 
f 434/434/434 436/436/436 437/437/437 435/435/435 
f 398/398/398 435/435/435 433/433/433 401/401/401 
f 435/435/435 437/437/437 430/430/430 433/433/433 
f 438/438/438 439/439/439 440/440/440 441/441/441 
f 441/441/441 440/440/440 429/429/429 428/428/428 
f 436/436/436 438/438/438 441/441/441 437/437/437 
f 437/437/437 441/441/441 428/428/428 430/430/430 
f 302/302/302 383/383/383 442/442/442 443/443/443 
f 383/383/383 386/386/386 444/444/444 442/442/442 
f 443/443/443 442/442/442 445/445/445 446/446/446 
f 442/442/442 444/444/444 447/447/447 445/445/445 
f 395/395/395 362/362/362 448/448/448 449/449/449 
f 449/449/449 448/448/448 450/450/450 451/451/451 
f 386/386/386 395/395/395 449/449/449 444/444/444 
f 444/444/444 449/449/449 451/451/451 447/447/447 
f 407/407/407 431/431/431 452/452/452 453/453/453 
f 431/431/431 426/426/426 454/454/454 452/452/452 
f 453/453/453 452/452/452 451/451/451 450/450/450 
f 452/452/452 454/454/454 447/447/447 451/451/451 
f 423/423/423 422/422/422 455/455/455 456/456/456 
f 456/456/456 455/455/455 446/446/446 445/445/445 
f 426/426/426 423/423/423 456/456/456 454/454/454 
f 454/454/454 456/456/456 445/445/445 447/447/447 
f 362/362/362 365/365/365 457/457/457 448/448/448 
f 365/365/365 369/369/369 458/458/458 457/457/457 
f 448/448/448 457/457/457 459/459/459 450/450/450 
f 457/457/457 458/458/458 460/460/460 459/459/459 
f 380/380/380 379/379/379 461/461/461 462/462/462 
f 462/462/462 461/461/461 463/463/463 464/464/464 
f 369/369/369 380/380/380 462/462/462 458/458/458 
f 458/458/458 462/462/462 464/464/464 460/460/460 
f 412/412/412 415/415/415 465/465/465 466/466/466 
f 415/415/415 410/410/410 467/467/467 465/465/465 
f 466/466/466 465/465/465 464/464/464 463/463/463 
f 465/465/465 467/467/467 460/460/460 464/464/464 
f 408/408/408 407/407/407 453/453/453 468/468/468 
f 468/468/468 453/453/453 450/450/450 459/459/459 
f 410/410/410 408/408/408 468/468/468 467/467/467 
f 467/467/467 468/468/468 459/459/459 460/460/460 
f 469/469/469 470/470/470 471/471/471 472/472/472 
f 470/470/470 473/473/473 474/474/474 471/471/471 
f 472/472/472 471/471/471 475/475/475 476/476/476 
f 471/471/471 474/474/474 477/477/477 475/475/475 
f 478/478/478 479/479/479 480/480/480 481/481/481 
f 481/481/481 480/480/480 482/482/482 483/483/483 
f 473/473/473 478/478/478 481/481/481 474/474/474 
f 474/474/474 481/481/481 483/483/483 477/477/477 
f 484/484/484 485/485/485 486/486/486 487/487/487 
f 485/485/485 488/488/488 489/489/489 486/486/486 
f 487/487/487 486/486/486 483/483/483 482/482/482 
f 486/486/486 489/489/489 477/477/477 483/483/483 
f 490/490/490 491/491/491 492/492/492 493/493/493 
f 493/493/493 492/492/492 476/476/476 475/475/475 
f 488/488/488 490/490/490 493/493/493 489/489/489 
f 489/489/489 493/493/493 475/475/475 477/477/477 
f 312/312/312 494/494/494 495/495/495 326/326/326 
f 494/494/494 496/496/496 497/497/497 495/495/495 
f 326/326/326 495/495/495 498/498/498 328/328/328 
f 495/495/495 497/497/497 499/499/499 498/498/498 
f 500/500/500 469/469/469 472/472/472 501/501/501 
f 501/501/501 472/472/472 476/476/476 502/502/502 
f 496/496/496 500/500/500 501/501/501 497/497/497 
f 497/497/497 501/501/501 502/502/502 499/499/499 
f 491/491/491 503/503/503 504/504/504 492/492/492 
f 503/503/503 505/505/505 506/506/506 504/504/504 
f 492/492/492 504/504/504 502/502/502 476/476/476 
f 504/504/504 506/506/506 499/499/499 502/502/502 
f 507/507/507 333/333/333 332/332/332 508/508/508 
f 508/508/508 332/332/332 328/328/328 498/498/498 
f 505/505/505 507/507/507 508/508/508 506/506/506 
f 506/506/506 508/508/508 498/498/498 499/499/499 
f 302/302/302 443/443/443 509/509/509 303/303/303 
f 443/443/443 446/446/446 510/510/510 509/509/509 
f 303/303/303 509/509/509 511/511/511 306/306/306 
f 509/509/509 510/510/510 512/512/512 511/511/511 
f 455/455/455 422/422/422 513/513/513 514/514/514 
f 514/514/514 513/513/513 515/515/515 516/516/516 
f 446/446/446 455/455/455 514/514/514 510/510/510 
f 510/510/510 514/514/514 516/516/516 512/512/512 
f 469/469/469 500/500/500 517/517/517 518/518/518 
f 500/500/500 496/496/496 519/519/519 517/517/517 
f 518/518/518 517/517/517 516/516/516 515/515/515 
f 517/517/517 519/519/519 512/512/512 516/516/516 
f 494/494/494 312/312/312 311/311/311 520/520/520 
f 520/520/520 311/311/311 306/306/306 511/511/511 
f 496/496/496 494/494/494 520/520/520 519/519/519 
f 519/519/519 520/520/520 511/511/511 512/512/512 
f 422/422/422 425/425/425 521/521/521 513/513/513 
f 425/425/425 429/429/429 522/522/522 521/521/521 
f 513/513/513 521/521/521 523/523/523 515/515/515 
f 521/521/521 522/522/522 524/524/524 523/523/523 
f 440/440/440 439/439/439 525/525/525 526/526/526 
f 526/526/526 525/525/525 527/527/527 528/528/528 
f 429/429/429 440/440/440 526/526/526 522/522/522 
f 522/522/522 526/526/526 528/528/528 524/524/524 
f 479/479/479 478/478/478 529/529/529 530/530/530 
f 478/478/478 473/473/473 531/531/531 529/529/529 
f 530/530/530 529/529/529 528/528/528 527/527/527 
f 529/529/529 531/531/531 524/524/524 528/528/528 
f 470/470/470 469/469/469 518/518/518 532/532/532 
f 532/532/532 518/518/518 515/515/515 523/523/523 
f 473/473/473 470/470/470 532/532/532 531/531/531 
f 531/531/531 532/532/532 523/523/523 524/524/524 
f 533/533/533 534/534/534 535/535/535 536/536/536 
f 534/534/534 537/537/537 538/538/538 535/535/535 
f 536/536/536 535/535/535 539/539/539 540/540/540 
f 535/535/535 538/538/538 541/541/541 539/539/539 
f 542/542/542 104/104/104 103/103/103 543/543/543 
f 543/543/543 103/103/103 101/101/101 544/544/544 
f 537/537/537 542/542/542 543/543/543 538/538/538 
f 538/538/538 543/543/543 544/544/544 541/541/541 
f 97/97/97 545/545/545 546/546/546 98/98/98 
f 545/545/545 547/547/547 548/548/548 546/546/546 
f 98/98/98 546/546/546 544/544/544 101/101/101 
f 546/546/546 548/548/548 541/541/541 544/544/544 
f 549/549/549 550/550/550 551/551/551 552/552/552 
f 552/552/552 551/551/551 540/540/540 539/539/539 
f 547/547/547 549/549/549 552/552/552 548/548/548 
f 548/548/548 552/552/552 539/539/539 541/541/541 
f 553/553/553 554/554/554 555/555/555 556/556/556 
f 554/554/554 557/557/557 558/558/558 555/555/555 
f 556/556/556 555/555/555 559/559/559 560/560/560 
f 555/555/555 558/558/558 561/561/561 559/559/559 
f 562/562/562 533/533/533 536/536/536 563/563/563 
f 563/563/563 536/536/536 540/540/540 564/564/564 
f 557/557/557 562/562/562 563/563/563 558/558/558 
f 558/558/558 563/563/563 564/564/564 561/561/561 
f 550/550/550 565/565/565 566/566/566 551/551/551 
f 565/565/565 567/567/567 568/568/568 566/566/566 
f 551/551/551 566/566/566 564/564/564 540/540/540 
f 566/566/566 568/568/568 561/561/561 564/564/564 
f 569/569/569 570/570/570 571/571/571 572/572/572 
f 572/572/572 571/571/571 560/560/560 559/559/559 
f 567/567/567 569/569/569 572/572/572 568/568/568 
f 568/568/568 572/572/572 559/559/559 561/561/561 
f 573/573/573 574/574/574 575/575/575 576/576/576 
f 574/574/574 577/577/577 578/578/578 575/575/575 
f 576/576/576 575/575/575 579/579/579 580/580/580 
f 575/575/575 578/578/578 581/581/581 579/579/579 
f 582/582/582 583/583/583 584/584/584 585/585/585 
f 585/585/585 584/584/584 586/586/586 587/587/587 
f 577/577/577 582/582/582 585/585/585 578/578/578 
f 578/578/578 585/585/585 587/587/587 581/581/581 
f 533/533/533 562/562/562 588/588/588 589/589/589 
f 562/562/562 557/557/557 590/590/590 588/588/588 
f 589/589/589 588/588/588 587/587/587 586/586/586 
f 588/588/588 590/590/590 581/581/581 587/587/587 
f 554/554/554 553/553/553 591/591/591 592/592/592 
f 592/592/592 591/591/591 580/580/580 579/579/579 
f 557/557/557 554/554/554 592/592/592 590/590/590 
f 590/590/590 592/592/592 579/579/579 581/581/581 
f 583/583/583 593/593/593 594/594/594 584/584/584 
f 593/593/593 595/595/595 596/596/596 594/594/594 
f 584/584/584 594/594/594 597/597/597 586/586/586 
f 594/594/594 596/596/596 598/598/598 597/597/597 
f 599/599/599 124/124/124 123/123/123 600/600/600 
f 600/600/600 123/123/123 121/121/121 601/601/601 
f 595/595/595 599/599/599 600/600/600 596/596/596 
f 596/596/596 600/600/600 601/601/601 598/598/598 
f 104/104/104 542/542/542 602/602/602 119/119/119 
f 542/542/542 537/537/537 603/603/603 602/602/602 
f 119/119/119 602/602/602 601/601/601 121/121/121 
f 602/602/602 603/603/603 598/598/598 601/601/601 
f 534/534/534 533/533/533 589/589/589 604/604/604 
f 604/604/604 589/589/589 586/586/586 597/597/597 
f 537/537/537 534/534/534 604/604/604 603/603/603 
f 603/603/603 604/604/604 597/597/597 598/598/598 
f 605/605/605 606/606/606 607/607/607 608/608/608 
f 606/606/606 609/609/609 610/610/610 607/607/607 
f 608/608/608 607/607/607 611/611/611 612/612/612 
f 607/607/607 610/610/610 613/613/613 611/611/611 
f 614/614/614 615/615/615 616/616/616 617/617/617 
f 617/617/617 616/616/616 618/618/618 619/619/619 
f 609/609/609 614/614/614 617/617/617 610/610/610 
f 610/610/610 617/617/617 619/619/619 613/613/613 
f 620/620/620 621/621/621 622/622/622 623/623/623 
f 621/621/621 624/624/624 625/625/625 622/622/622 
f 623/623/623 622/622/622 619/619/619 618/618/618 
f 622/622/622 625/625/625 613/613/613 619/619/619 
f 626/626/626 627/627/627 628/628/628 629/629/629 
f 629/629/629 628/628/628 612/612/612 611/611/611 
f 624/624/624 626/626/626 629/629/629 625/625/625 
f 625/625/625 629/629/629 611/611/611 613/613/613 
f 630/630/630 631/631/631 632/632/632 633/633/633 
f 631/631/631 634/634/634 635/635/635 632/632/632 
f 633/633/633 632/632/632 636/636/636 637/637/637 
f 632/632/632 635/635/635 638/638/638 636/636/636 
f 639/639/639 605/605/605 608/608/608 640/640/640 
f 640/640/640 608/608/608 612/612/612 641/641/641 
f 634/634/634 639/639/639 640/640/640 635/635/635 
f 635/635/635 640/640/640 641/641/641 638/638/638 
f 627/627/627 642/642/642 643/643/643 628/628/628 
f 642/642/642 644/644/644 645/645/645 643/643/643 
f 628/628/628 643/643/643 641/641/641 612/612/612 
f 643/643/643 645/645/645 638/638/638 641/641/641 
f 646/646/646 647/647/647 648/648/648 649/649/649 
f 649/649/649 648/648/648 637/637/637 636/636/636 
f 644/644/644 646/646/646 649/649/649 645/645/645 
f 645/645/645 649/649/649 636/636/636 638/638/638 
f 573/573/573 576/576/576 650/650/650 651/651/651 
f 576/576/576 580/580/580 652/652/652 650/650/650 
f 651/651/651 650/650/650 653/653/653 654/654/654 
f 650/650/650 652/652/652 655/655/655 653/653/653 
f 591/591/591 553/553/553 656/656/656 657/657/657 
f 657/657/657 656/656/656 658/658/658 659/659/659 
f 580/580/580 591/591/591 657/657/657 652/652/652 
f 652/652/652 657/657/657 659/659/659 655/655/655 
f 605/605/605 639/639/639 660/660/660 661/661/661 
f 639/639/639 634/634/634 662/662/662 660/660/660 
f 661/661/661 660/660/660 659/659/659 658/658/658 
f 660/660/660 662/662/662 655/655/655 659/659/659 
f 631/631/631 630/630/630 663/663/663 664/664/664 
f 664/664/664 663/663/663 654/654/654 653/653/653 
f 634/634/634 631/631/631 664/664/664 662/662/662 
f 662/662/662 664/664/664 653/653/653 655/655/655 
f 553/553/553 556/556/556 665/665/665 656/656/656 
f 556/556/556 560/560/560 666/666/666 665/665/665 
f 656/656/656 665/665/665 667/667/667 658/658/658 
f 665/665/665 666/666/666 668/668/668 667/667/667 
f 571/571/571 570/570/570 669/669/669 670/670/670 
f 670/670/670 669/669/669 671/671/671 672/672/672 
f 560/560/560 571/571/571 670/670/670 666/666/666 
f 666/666/666 670/670/670 672/672/672 668/668/668 
f 615/615/615 614/614/614 673/673/673 674/674/674 
f 614/614/614 609/609/609 675/675/675 673/673/673 
f 674/674/674 673/673/673 672/672/672 671/671/671 
f 673/673/673 675/675/675 668/668/668 672/672/672 
f 606/606/606 605/605/605 661/661/661 676/676/676 
f 676/676/676 661/661/661 658/658/658 667/667/667 
f 609/609/609 606/606/606 676/676/676 675/675/675 
f 675/675/675 676/676/676 667/667/667 668/668/668 
f 677/677/677 678/678/678 679/679/679 680/680/680 
f 678/678/678 681/681/681 682/682/682 679/679/679 
f 680/680/680 679/679/679 683/683/683 684/684/684 
f 679/679/679 682/682/682 685/685/685 683/683/683 
f 686/686/686 687/687/687 688/688/688 689/689/689 
f 689/689/689 688/688/688 690/690/690 691/691/691 
f 681/681/681 686/686/686 689/689/689 682/682/682 
f 682/682/682 689/689/689 691/691/691 685/685/685 
f 692/692/692 693/693/693 694/694/694 695/695/695 
f 693/693/693 696/696/696 697/697/697 694/694/694 
f 695/695/695 694/694/694 691/691/691 690/690/690 
f 694/694/694 697/697/697 685/685/685 691/691/691 
f 698/698/698 699/699/699 700/700/700 701/701/701 
f 701/701/701 700/700/700 684/684/684 683/683/683 
f 696/696/696 698/698/698 701/701/701 697/697/697 
f 697/697/697 701/701/701 683/683/683 685/685/685 
f 702/702/702 703/703/703 704/704/704 705/705/705 
f 703/703/703 706/706/706 707/707/707 704/704/704 
f 705/705/705 704/704/704 708/708/708 709/709/709 
f 704/704/704 707/707/707 710/710/710 708/708/708 
f 711/711/711 677/677/677 680/680/680 712/712/712 
f 712/712/712 680/680/680 684/684/684 713/713/713 
f 706/706/706 711/711/711 712/712/712 707/707/707 
f 707/707/707 712/712/712 713/713/713 710/710/710 
f 699/699/699 714/714/714 715/715/715 700/700/700 
f 714/714/714 716/716/716 717/717/717 715/715/715 
f 700/700/700 715/715/715 713/713/713 684/684/684 
f 715/715/715 717/717/717 710/710/710 713/713/713 
f 718/718/718 719/719/719 720/720/720 721/721/721 
f 721/721/721 720/720/720 709/709/709 708/708/708 
f 716/716/716 718/718/718 721/721/721 717/717/717 
f 717/717/717 721/721/721 708/708/708 710/710/710 
f 573/573/573 651/651/651 722/722/722 723/723/723 
f 651/651/651 654/654/654 724/724/724 722/722/722 
f 723/723/723 722/722/722 725/725/725 726/726/726 
f 722/722/722 724/724/724 727/727/727 725/725/725 
f 663/663/663 630/630/630 728/728/728 729/729/729 
f 729/729/729 728/728/728 730/730/730 731/731/731 
f 654/654/654 663/663/663 729/729/729 724/724/724 
f 724/724/724 729/729/729 731/731/731 727/727/727 
f 677/677/677 711/711/711 732/732/732 733/733/733 
f 711/711/711 706/706/706 734/734/734 732/732/732 
f 733/733/733 732/732/732 731/731/731 730/730/730 
f 732/732/732 734/734/734 727/727/727 731/731/731 
f 703/703/703 702/702/702 735/735/735 736/736/736 
f 736/736/736 735/735/735 726/726/726 725/725/725 
f 706/706/706 703/703/703 736/736/736 734/734/734 
f 734/734/734 736/736/736 725/725/725 727/727/727 
f 630/630/630 633/633/633 737/737/737 728/728/728 
f 633/633/633 637/637/637 738/738/738 737/737/737 
f 728/728/728 737/737/737 739/739/739 730/730/730 
f 737/737/737 738/738/738 740/740/740 739/739/739 
f 648/648/648 647/647/647 741/741/741 742/742/742 
f 742/742/742 741/741/741 743/743/743 744/744/744 
f 637/637/637 648/648/648 742/742/742 738/738/738 
f 738/738/738 742/742/742 744/744/744 740/740/740 
f 687/687/687 686/686/686 745/745/745 746/746/746 
f 686/686/686 681/681/681 747/747/747 745/745/745 
f 746/746/746 745/745/745 744/744/744 743/743/743 
f 745/745/745 747/747/747 740/740/740 744/744/744 
f 678/678/678 677/677/677 733/733/733 748/748/748 
f 748/748/748 733/733/733 730/730/730 739/739/739 
f 681/681/681 678/678/678 748/748/748 747/747/747 
f 747/747/747 748/748/748 739/739/739 740/740/740 
f 749/749/749 750/750/750 751/751/751 752/752/752 
f 750/750/750 753/753/753 754/754/754 751/751/751 
f 752/752/752 751/751/751 755/755/755 756/756/756 
f 751/751/751 754/754/754 757/757/757 755/755/755 
f 758/758/758 759/759/759 760/760/760 761/761/761 
f 761/761/761 760/760/760 762/762/762 763/763/763 
f 753/753/753 758/758/758 761/761/761 754/754/754 
f 754/754/754 761/761/761 763/763/763 757/757/757 
f 169/169/169 172/172/172 764/764/764 765/765/765 
f 172/172/172 167/167/167 766/766/766 764/764/764 
f 765/765/765 764/764/764 763/763/763 762/762/762 
f 764/764/764 766/766/766 757/757/757 763/763/763 
f 165/165/165 164/164/164 767/767/767 768/768/768 
f 768/768/768 767/767/767 756/756/756 755/755/755 
f 167/167/167 165/165/165 768/768/768 766/766/766 
f 766/766/766 768/768/768 755/755/755 757/757/757 
f 583/583/583 769/769/769 770/770/770 593/593/593 
f 769/769/769 771/771/771 772/772/772 770/770/770 
f 593/593/593 770/770/770 773/773/773 595/595/595 
f 770/770/770 772/772/772 774/774/774 773/773/773 
f 775/775/775 749/749/749 752/752/752 776/776/776 
f 776/776/776 752/752/752 756/756/756 777/777/777 
f 771/771/771 775/775/775 776/776/776 772/772/772 
f 772/772/772 776/776/776 777/777/777 774/774/774 
f 164/164/164 207/207/207 778/778/778 767/767/767 
f 207/207/207 204/204/204 779/779/779 778/778/778 
f 767/767/767 778/778/778 777/777/777 756/756/756 
f 778/778/778 779/779/779 774/774/774 777/777/777 
f 202/202/202 124/124/124 599/599/599 780/780/780 
f 780/780/780 599/599/599 595/595/595 773/773/773 
f 204/204/204 202/202/202 780/780/780 779/779/779 
f 779/779/779 780/780/780 773/773/773 774/774/774 
f 573/573/573 723/723/723 781/781/781 574/574/574 
f 723/723/723 726/726/726 782/782/782 781/781/781 
f 574/574/574 781/781/781 783/783/783 577/577/577 
f 781/781/781 782/782/782 784/784/784 783/783/783 
f 735/735/735 702/702/702 785/785/785 786/786/786 
f 786/786/786 785/785/785 787/787/787 788/788/788 
f 726/726/726 735/735/735 786/786/786 782/782/782 
f 782/782/782 786/786/786 788/788/788 784/784/784 
f 749/749/749 775/775/775 789/789/789 790/790/790 
f 775/775/775 771/771/771 791/791/791 789/789/789 
f 790/790/790 789/789/789 788/788/788 787/787/787 
f 789/789/789 791/791/791 784/784/784 788/788/788 
f 769/769/769 583/583/583 582/582/582 792/792/792 
f 792/792/792 582/582/582 577/577/577 783/783/783 
f 771/771/771 769/769/769 792/792/792 791/791/791 
f 791/791/791 792/792/792 783/783/783 784/784/784 
f 702/702/702 705/705/705 793/793/793 785/785/785 
f 705/705/705 709/709/709 794/794/794 793/793/793 
f 785/785/785 793/793/793 795/795/795 787/787/787 
f 793/793/793 794/794/794 796/796/796 795/795/795 
f 720/720/720 719/719/719 797/797/797 798/798/798 
f 798/798/798 797/797/797 799/799/799 800/800/800 
f 709/709/709 720/720/720 798/798/798 794/794/794 
f 794/794/794 798/798/798 800/800/800 796/796/796 
f 759/759/759 758/758/758 801/801/801 802/802/802 
f 758/758/758 753/753/753 803/803/803 801/801/801 
f 802/802/802 801/801/801 800/800/800 799/799/799 
f 801/801/801 803/803/803 796/796/796 800/800/800 
f 750/750/750 749/749/749 790/790/790 804/804/804 
f 804/804/804 790/790/790 787/787/787 795/795/795 
f 753/753/753 750/750/750 804/804/804 803/803/803 
f 803/803/803 804/804/804 795/795/795 796/796/796 
f 805/805/805 806/806/806 807/807/807 808/808/808 
f 806/806/806 809/809/809 810/810/810 807/807/807 
f 808/808/808 807/807/807 811/811/811 812/812/812 
f 807/807/807 810/810/810 813/813/813 811/811/811 
f 814/814/814 359/359/359 358/358/358 815/815/815 
f 815/815/815 358/358/358 356/356/356 816/816/816 
f 809/809/809 814/814/814 815/815/815 810/810/810 
f 810/810/810 815/815/815 816/816/816 813/813/813 
f 169/169/169 765/765/765 817/817/817 354/354/354 
f 765/765/765 762/762/762 818/818/818 817/817/817 
f 354/354/354 817/817/817 816/816/816 356/356/356 
f 817/817/817 818/818/818 813/813/813 816/816/816 
f 760/760/760 759/759/759 819/819/819 820/820/820 
f 820/820/820 819/819/819 812/812/812 811/811/811 
f 762/762/762 760/760/760 820/820/820 818/818/818 
f 818/818/818 820/820/820 811/811/811 813/813/813 
f 821/821/821 822/822/822 823/823/823 824/824/824 
f 822/822/822 825/825/825 826/826/826 823/823/823 
f 824/824/824 823/823/823 827/827/827 828/828/828 
f 823/823/823 826/826/826 829/829/829 827/827/827 
f 830/830/830 805/805/805 808/808/808 831/831/831 
f 831/831/831 808/808/808 812/812/812 832/832/832 
f 825/825/825 830/830/830 831/831/831 826/826/826 
f 826/826/826 831/831/831 832/832/832 829/829/829 
f 759/759/759 802/802/802 833/833/833 819/819/819 
f 802/802/802 799/799/799 834/834/834 833/833/833 
f 819/819/819 833/833/833 832/832/832 812/812/812 
f 833/833/833 834/834/834 829/829/829 832/832/832 
f 797/797/797 719/719/719 835/835/835 836/836/836 
f 836/836/836 835/835/835 828/828/828 827/827/827 
f 799/799/799 797/797/797 836/836/836 834/834/834 
f 834/834/834 836/836/836 827/827/827 829/829/829 
f 837/837/837 838/838/838 839/839/839 840/840/840 
f 838/838/838 841/841/841 842/842/842 839/839/839 
f 840/840/840 839/839/839 843/843/843 844/844/844 
f 839/839/839 842/842/842 845/845/845 843/843/843 
f 846/846/846 847/847/847 848/848/848 849/849/849 
f 849/849/849 848/848/848 850/850/850 851/851/851 
f 841/841/841 846/846/846 849/849/849 842/842/842 
f 842/842/842 849/849/849 851/851/851 845/845/845 
f 805/805/805 830/830/830 852/852/852 853/853/853 
f 830/830/830 825/825/825 854/854/854 852/852/852 
f 853/853/853 852/852/852 851/851/851 850/850/850 
f 852/852/852 854/854/854 845/845/845 851/851/851 
f 822/822/822 821/821/821 855/855/855 856/856/856 
f 856/856/856 855/855/855 844/844/844 843/843/843 
f 825/825/825 822/822/822 856/856/856 854/854/854 
f 854/854/854 856/856/856 843/843/843 845/845/845 
f 847/847/847 857/857/857 858/858/858 848/848/848 
f 857/857/857 859/859/859 860/860/860 858/858/858 
f 848/848/848 858/858/858 861/861/861 850/850/850 
f 858/858/858 860/860/860 862/862/862 861/861/861 
f 863/863/863 379/379/379 378/378/378 864/864/864 
f 864/864/864 378/378/378 376/376/376 865/865/865 
f 859/859/859 863/863/863 864/864/864 860/860/860 
f 860/860/860 864/864/864 865/865/865 862/862/862 
f 359/359/359 814/814/814 866/866/866 374/374/374 
f 814/814/814 809/809/809 867/867/867 866/866/866 
f 374/374/374 866/866/866 865/865/865 376/376/376 
f 866/866/866 867/867/867 862/862/862 865/865/865 
f 806/806/806 805/805/805 853/853/853 868/868/868 
f 868/868/868 853/853/853 850/850/850 861/861/861 
f 809/809/809 806/806/806 868/868/868 867/867/867 
f 867/867/867 868/868/868 861/861/861 862/862/862 
f 869/869/869 870/870/870 871/871/871 872/872/872 
f 870/870/870 873/873/873 874/874/874 871/871/871 
f 872/872/872 871/871/871 875/875/875 876/876/876 
f 871/871/871 874/874/874 877/877/877 875/875/875 
f 878/878/878 699/699/699 698/698/698 879/879/879 
f 879/879/879 698/698/698 696/696/696 880/880/880 
f 873/873/873 878/878/878 879/879/879 874/874/874 
f 874/874/874 879/879/879 880/880/880 877/877/877 
f 692/692/692 881/881/881 882/882/882 693/693/693 
f 881/881/881 883/883/883 884/884/884 882/882/882 
f 693/693/693 882/882/882 880/880/880 696/696/696 
f 882/882/882 884/884/884 877/877/877 880/880/880 
f 885/885/885 886/886/886 887/887/887 888/888/888 
f 888/888/888 887/887/887 876/876/876 875/875/875 
f 883/883/883 885/885/885 888/888/888 884/884/884 
f 884/884/884 888/888/888 875/875/875 877/877/877 
f 889/889/889 890/890/890 891/891/891 892/892/892 
f 890/890/890 893/893/893 894/894/894 891/891/891 
f 892/892/892 891/891/891 895/895/895 896/896/896 
f 891/891/891 894/894/894 897/897/897 895/895/895 
f 898/898/898 869/869/869 872/872/872 899/899/899 
f 899/899/899 872/872/872 876/876/876 900/900/900 
f 893/893/893 898/898/898 899/899/899 894/894/894 
f 894/894/894 899/899/899 900/900/900 897/897/897 
f 886/886/886 901/901/901 902/902/902 887/887/887 
f 901/901/901 903/903/903 904/904/904 902/902/902 
f 887/887/887 902/902/902 900/900/900 876/876/876 
f 902/902/902 904/904/904 897/897/897 900/900/900 
f 905/905/905 906/906/906 907/907/907 908/908/908 
f 908/908/908 907/907/907 896/896/896 895/895/895 
f 903/903/903 905/905/905 908/908/908 904/904/904 
f 904/904/904 908/908/908 895/895/895 897/897/897 
f 837/837/837 840/840/840 909/909/909 910/910/910 
f 840/840/840 844/844/844 911/911/911 909/909/909 
f 910/910/910 909/909/909 912/912/912 913/913/913 
f 909/909/909 911/911/911 914/914/914 912/912/912 
f 855/855/855 821/821/821 915/915/915 916/916/916 
f 916/916/916 915/915/915 917/917/917 918/918/918 
f 844/844/844 855/855/855 916/916/916 911/911/911 
f 911/911/911 916/916/916 918/918/918 914/914/914 
f 869/869/869 898/898/898 919/919/919 920/920/920 
f 898/898/898 893/893/893 921/921/921 919/919/919 
f 920/920/920 919/919/919 918/918/918 917/917/917 
f 919/919/919 921/921/921 914/914/914 918/918/918 
f 890/890/890 889/889/889 922/922/922 923/923/923 
f 923/923/923 922/922/922 913/913/913 912/912/912 
f 893/893/893 890/890/890 923/923/923 921/921/921 
f 921/921/921 923/923/923 912/912/912 914/914/914 
f 821/821/821 824/824/824 924/924/924 915/915/915 
f 824/824/824 828/828/828 925/925/925 924/924/924 
f 915/915/915 924/924/924 926/926/926 917/917/917 
f 924/924/924 925/925/925 927/927/927 926/926/926 
f 835/835/835 719/719/719 718/718/718 928/928/928 
f 928/928/928 718/718/718 716/716/716 929/929/929 
f 828/828/828 835/835/835 928/928/928 925/925/925 
f 925/925/925 928/928/928 929/929/929 927/927/927 
f 699/699/699 878/878/878 930/930/930 714/714/714 
f 878/878/878 873/873/873 931/931/931 930/930/930 
f 714/714/714 930/930/930 929/929/929 716/716/716 
f 930/930/930 931/931/931 927/927/927 929/929/929 
f 870/870/870 869/869/869 920/920/920 932/932/932 
f 932/932/932 920/920/920 917/917/917 926/926/926 
f 873/873/873 870/870/870 932/932/932 931/931/931 
f 931/931/931 932/932/932 926/926/926 927/927/927 
f 933/933/933 934/934/934 935/935/935 936/936/936 
f 934/934/934 937/937/937 938/938/938 935/935/935 
f 936/936/936 935/935/935 939/939/939 940/940/940 
f 935/935/935 938/938/938 941/941/941 939/939/939 
f 942/942/942 943/943/943 944/944/944 945/945/945 
f 945/945/945 944/944/944 946/946/946 947/947/947 
f 937/937/937 942/942/942 945/945/945 938/938/938 
f 938/938/938 945/945/945 947/947/947 941/941/941 
f 948/948/948 949/949/949 950/950/950 951/951/951 
f 949/949/949 952/952/952 953/953/953 950/950/950 
f 951/951/951 950/950/950 947/947/947 946/946/946 
f 950/950/950 953/953/953 941/941/941 947/947/947 
f 954/954/954 955/955/955 956/956/956 957/957/957 
f 957/957/957 956/956/956 940/940/940 939/939/939 
f 952/952/952 954/954/954 957/957/957 953/953/953 
f 953/953/953 957/957/957 939/939/939 941/941/941 
f 958/958/958 959/959/959 960/960/960 961/961/961 
f 959/959/959 962/962/962 963/963/963 960/960/960 
f 961/961/961 960/960/960 964/964/964 965/965/965 
f 960/960/960 963/963/963 966/966/966 964/964/964 
f 967/967/967 933/933/933 936/936/936 968/968/968 
f 968/968/968 936/936/936 940/940/940 969/969/969 
f 962/962/962 967/967/967 968/968/968 963/963/963 
f 963/963/963 968/968/968 969/969/969 966/966/966 
f 955/955/955 970/970/970 971/971/971 956/956/956 
f 970/970/970 972/972/972 973/973/973 971/971/971 
f 956/956/956 971/971/971 969/969/969 940/940/940 
f 971/971/971 973/973/973 966/966/966 969/969/969 
f 974/974/974 975/975/975 976/976/976 977/977/977 
f 977/977/977 976/976/976 965/965/965 964/964/964 
f 972/972/972 974/974/974 977/977/977 973/973/973 
f 973/973/973 977/977/977 964/964/964 966/966/966 
f 837/837/837 910/910/910 978/978/978 979/979/979 
f 910/910/910 913/913/913 980/980/980 978/978/978 
f 979/979/979 978/978/978 981/981/981 982/982/982 
f 978/978/978 980/980/980 983/983/983 981/981/981 
f 922/922/922 889/889/889 984/984/984 985/985/985 
f 985/985/985 984/984/984 986/986/986 987/987/987 
f 913/913/913 922/922/922 985/985/985 980/980/980 
f 980/980/980 985/985/985 987/987/987 983/983/983 
f 933/933/933 967/967/967 988/988/988 989/989/989 
f 967/967/967 962/962/962 990/990/990 988/988/988 
f 989/989/989 988/988/988 987/987/987 986/986/986 
f 988/988/988 990/990/990 983/983/983 987/987/987 
f 959/959/959 958/958/958 991/991/991 992/992/992 
f 992/992/992 991/991/991 982/982/982 981/981/981 
f 962/962/962 959/959/959 992/992/992 990/990/990 
f 990/990/990 992/992/992 981/981/981 983/983/983 
f 889/889/889 892/892/892 993/993/993 984/984/984 
f 892/892/892 896/896/896 994/994/994 993/993/993 
f 984/984/984 993/993/993 995/995/995 986/986/986 
f 993/993/993 994/994/994 996/996/996 995/995/995 
f 907/907/907 906/906/906 997/997/997 998/998/998 
f 998/998/998 997/997/997 999/999/999 1000/1000/1000 
f 896/896/896 907/907/907 998/998/998 994/994/994 
f 994/994/994 998/998/998 1000/1000/1000 996/996/996 
f 943/943/943 942/942/942 1001/1001/1001 1002/1002/1002 
f 942/942/942 937/937/937 1003/1003/1003 1001/1001/1001 
f 1002/1002/1002 1001/1001/1001 1000/1000/1000 999/999/999 
f 1001/1001/1001 1003/1003/1003 996/996/996 1000/1000/1000 
f 934/934/934 933/933/933 989/989/989 1004/1004/1004 
f 1004/1004/1004 989/989/989 986/986/986 995/995/995 
f 937/937/937 934/934/934 1004/1004/1004 1003/1003/1003 
f 1003/1003/1003 1004/1004/1004 995/995/995 996/996/996 
f 847/847/847 1005/1005/1005 1006/1006/1006 857/857/857 
f 1005/1005/1005 1007/1007/1007 1008/1008/1008 1006/1006/1006 
f 857/857/857 1006/1006/1006 1009/1009/1009 859/859/859 
f 1006/1006/1006 1008/1008/1008 1010/1010/1010 1009/1009/1009 
f 1011/1011/1011 1012/1012/1012 1013/1013/1013 1014/1014/1014 
f 1014/1014/1014 1013/1013/1013 1015/1015/1015 1016/1016/1016 
f 1007/1007/1007 1011/1011/1011 1014/1014/1014 1008/1008/1008 
f 1008/1008/1008 1014/1014/1014 1016/1016/1016 1010/1010/1010 
f 412/412/412 466/466/466 1017/1017/1017 1018/1018/1018 
f 466/466/466 463/463/463 1019/1019/1019 1017/1017/1017 
f 1018/1018/1018 1017/1017/1017 1016/1016/1016 1015/1015/1015 
f 1017/1017/1017 1019/1019/1019 1010/1010/1010 1016/1016/1016 
f 461/461/461 379/379/379 863/863/863 1020/1020/1020 
f 1020/1020/1020 863/863/863 859/859/859 1009/1009/1009 
f 463/463/463 461/461/461 1020/1020/1020 1019/1019/1019 
f 1019/1019/1019 1020/1020/1020 1009/1009/1009 1010/1010/1010 
f 837/837/837 979/979/979 1021/1021/1021 838/838/838 
f 979/979/979 982/982/982 1022/1022/1022 1021/1021/1021 
f 838/838/838 1021/1021/1021 1023/1023/1023 841/841/841 
f 1021/1021/1021 1022/1022/1022 1024/1024/1024 1023/1023/1023 
f 991/991/991 958/958/958 1025/1025/1025 1026/1026/1026 
f 1026/1026/1026 1025/1025/1025 1027/1027/1027 1028/1028/1028 
f 982/982/982 991/991/991 1026/1026/1026 1022/1022/1022 
f 1022/1022/1022 1026/1026/1026 1028/1028/1028 1024/1024/1024 
f 1012/1012/1012 1011/1011/1011 1029/1029/1029 1030/1030/1030 
f 1011/1011/1011 1007/1007/1007 1031/1031/1031 1029/1029/1029 
f 1030/1030/1030 1029/1029/1029 1028/1028/1028 1027/1027/1027 
f 1029/1029/1029 1031/1031/1031 1024/1024/1024 1028/1028/1028 
f 1005/1005/1005 847/847/847 846/846/846 1032/1032/1032 
f 1032/1032/1032 846/846/846 841/841/841 1023/1023/1023 
f 1007/1007/1007 1005/1005/1005 1032/1032/1032 1031/1031/1031 
f 1031/1031/1031 1032/1032/1032 1023/1023/1023 1024/1024/1024 
f 958/958/958 961/961/961 1033/1033/1033 1025/1025/1025 
f 961/961/961 965/965/965 1034/1034/1034 1033/1033/1033 
f 1025/1025/1025 1033/1033/1033 1035/1035/1035 1027/1027/1027 
f 1033/1033/1033 1034/1034/1034 1036/1036/1036 1035/1035/1035 
f 976/976/976 975/975/975 1037/1037/1037 1038/1038/1038 
f 1038/1038/1038 1037/1037/1037 1039/1039/1039 1040/1040/1040 
f 965/965/965 976/976/976 1038/1038/1038 1034/1034/1034 
f 1034/1034/1034 1038/1038/1038 1040/1040/1040 1036/1036/1036 
f 1041/1041/1041 1042/1042/1042 1043/1043/1043 1044/1044/1044 
f 1042/1042/1042 1045/1045/1045 1046/1046/1046 1043/1043/1043 
f 1044/1044/1044 1043/1043/1043 1040/1040/1040 1039/1039/1039 
f 1043/1043/1043 1046/1046/1046 1036/1036/1036 1040/1040/1040 
f 1047/1047/1047 1012/1012/1012 1030/1030/1030 1048/1048/1048 
f 1048/1048/1048 1030/1030/1030 1027/1027/1027 1035/1035/1035 
f 1045/1045/1045 1047/1047/1047 1048/1048/1048 1046/1046/1046 
f 1046/1046/1046 1048/1048/1048 1035/1035/1035 1036/1036/1036 
f 1049/1049/1049 1050/1050/1050 1051/1051/1051 1052/1052/1052 
f 1050/1050/1050 1053/1053/1053 1054/1054/1054 1051/1051/1051 
f 1052/1052/1052 1051/1051/1051 1055/1055/1055 1056/1056/1056 
f 1051/1051/1051 1054/1054/1054 1057/1057/1057 1055/1055/1055 
f 1058/1058/1058 1059/1059/1059 1060/1060/1060 1061/1061/1061 
f 1061/1061/1061 1060/1060/1060 1062/1062/1062 1063/1063/1063 
f 1053/1053/1053 1058/1058/1058 1061/1061/1061 1054/1054/1054 
f 1054/1054/1054 1061/1061/1061 1063/1063/1063 1057/1057/1057 
f 1064/1064/1064 1065/1065/1065 1066/1066/1066 1067/1067/1067 
f 1065/1065/1065 1068/1068/1068 1069/1069/1069 1066/1066/1066 
f 1067/1067/1067 1066/1066/1066 1063/1063/1063 1062/1062/1062 
f 1066/1066/1066 1069/1069/1069 1057/1057/1057 1063/1063/1063 
f 1070/1070/1070 1071/1071/1071 1072/1072/1072 1073/1073/1073 
f 1073/1073/1073 1072/1072/1072 1056/1056/1056 1055/1055/1055 
f 1068/1068/1068 1070/1070/1070 1073/1073/1073 1069/1069/1069 
f 1069/1069/1069 1073/1073/1073 1055/1055/1055 1057/1057/1057 
f 1074/1074/1074 1075/1075/1075 1076/1076/1076 1077/1077/1077 
f 1075/1075/1075 1078/1078/1078 1079/1079/1079 1076/1076/1076 
f 1077/1077/1077 1076/1076/1076 1080/1080/1080 1081/1081/1081 
f 1076/1076/1076 1079/1079/1079 1082/1082/1082 1080/1080/1080 
f 1083/1083/1083 1049/1049/1049 1052/1052/1052 1084/1084/1084 
f 1084/1084/1084 1052/1052/1052 1056/1056/1056 1085/1085/1085 
f 1078/1078/1078 1083/1083/1083 1084/1084/1084 1079/1079/1079 
f 1079/1079/1079 1084/1084/1084 1085/1085/1085 1082/1082/1082 
f 1071/1071/1071 1086/1086/1086 1087/1087/1087 1072/1072/1072 
f 1086/1086/1086 1088/1088/1088 1089/1089/1089 1087/1087/1087 
f 1072/1072/1072 1087/1087/1087 1085/1085/1085 1056/1056/1056 
f 1087/1087/1087 1089/1089/1089 1082/1082/1082 1085/1085/1085 
f 1090/1090/1090 1091/1091/1091 1092/1092/1092 1093/1093/1093 
f 1093/1093/1093 1092/1092/1092 1081/1081/1081 1080/1080/1080 
f 1088/1088/1088 1090/1090/1090 1093/1093/1093 1089/1089/1089 
f 1089/1089/1089 1093/1093/1093 1080/1080/1080 1082/1082/1082 
f 1094/1094/1094 1095/1095/1095 1096/1096/1096 1097/1097/1097 
f 1095/1095/1095 1098/1098/1098 1099/1099/1099 1096/1096/1096 
f 1097/1097/1097 1096/1096/1096 1100/1100/1100 1101/1101/1101 
f 1096/1096/1096 1099/1099/1099 1102/1102/1102 1100/1100/1100 
f 1103/1103/1103 1104/1104/1104 1105/1105/1105 1106/1106/1106 
f 1106/1106/1106 1105/1105/1105 1107/1107/1107 1108/1108/1108 
f 1098/1098/1098 1103/1103/1103 1106/1106/1106 1099/1099/1099 
f 1099/1099/1099 1106/1106/1106 1108/1108/1108 1102/1102/1102 
f 1049/1049/1049 1083/1083/1083 1109/1109/1109 1110/1110/1110 
f 1083/1083/1083 1078/1078/1078 1111/1111/1111 1109/1109/1109 
f 1110/1110/1110 1109/1109/1109 1108/1108/1108 1107/1107/1107 
f 1109/1109/1109 1111/1111/1111 1102/1102/1102 1108/1108/1108 
f 1075/1075/1075 1074/1074/1074 1112/1112/1112 1113/1113/1113 
f 1113/1113/1113 1112/1112/1112 1101/1101/1101 1100/1100/1100 
f 1078/1078/1078 1075/1075/1075 1113/1113/1113 1111/1111/1111 
f 1111/1111/1111 1113/1113/1113 1100/1100/1100 1102/1102/1102 
f 1104/1104/1104 1114/1114/1114 1115/1115/1115 1105/1105/1105 
f 1114/1114/1114 1116/1116/1116 1117/1117/1117 1115/1115/1115 
f 1105/1105/1105 1115/1115/1115 1118/1118/1118 1107/1107/1107 
f 1115/1115/1115 1117/1117/1117 1119/1119/1119 1118/1118/1118 
f 1120/1120/1120 1121/1121/1121 1122/1122/1122 1123/1123/1123 
f 1123/1123/1123 1122/1122/1122 1124/1124/1124 1125/1125/1125 
f 1116/1116/1116 1120/1120/1120 1123/1123/1123 1117/1117/1117 
f 1117/1117/1117 1123/1123/1123 1125/1125/1125 1119/1119/1119 
f 1059/1059/1059 1058/1058/1058 1126/1126/1126 1127/1127/1127 
f 1058/1058/1058 1053/1053/1053 1128/1128/1128 1126/1126/1126 
f 1127/1127/1127 1126/1126/1126 1125/1125/1125 1124/1124/1124 
f 1126/1126/1126 1128/1128/1128 1119/1119/1119 1125/1125/1125 
f 1050/1050/1050 1049/1049/1049 1110/1110/1110 1129/1129/1129 
f 1129/1129/1129 1110/1110/1110 1107/1107/1107 1118/1118/1118 
f 1053/1053/1053 1050/1050/1050 1129/1129/1129 1128/1128/1128 
f 1128/1128/1128 1129/1129/1129 1118/1118/1118 1119/1119/1119 
f 1130/1130/1130 1131/1131/1131 1132/1132/1132 1133/1133/1133 
f 1131/1131/1131 1134/1134/1134 1135/1135/1135 1132/1132/1132 
f 1133/1133/1133 1132/1132/1132 1136/1136/1136 1137/1137/1137 
f 1132/1132/1132 1135/1135/1135 1138/1138/1138 1136/1136/1136 
f 1139/1139/1139 1140/1140/1140 1141/1141/1141 1142/1142/1142 
f 1142/1142/1142 1141/1141/1141 1143/1143/1143 1144/1144/1144 
f 1134/1134/1134 1139/1139/1139 1142/1142/1142 1135/1135/1135 
f 1135/1135/1135 1142/1142/1142 1144/1144/1144 1138/1138/1138 
f 1145/1145/1145 1146/1146/1146 1147/1147/1147 1148/1148/1148 
f 1146/1146/1146 1149/1149/1149 1150/1150/1150 1147/1147/1147 
f 1148/1148/1148 1147/1147/1147 1144/1144/1144 1143/1143/1143 
f 1147/1147/1147 1150/1150/1150 1138/1138/1138 1144/1144/1144 
f 1151/1151/1151 1152/1152/1152 1153/1153/1153 1154/1154/1154 
f 1154/1154/1154 1153/1153/1153 1137/1137/1137 1136/1136/1136 
f 1149/1149/1149 1151/1151/1151 1154/1154/1154 1150/1150/1150 
f 1150/1150/1150 1154/1154/1154 1136/1136/1136 1138/1138/1138 
f 1155/1155/1155 1156/1156/1156 1157/1157/1157 1158/1158/1158 
f 1156/1156/1156 1159/1159/1159 1160/1160/1160 1157/1157/1157 
f 1158/1158/1158 1157/1157/1157 1161/1161/1161 1162/1162/1162 
f 1157/1157/1157 1160/1160/1160 1163/1163/1163 1161/1161/1161 
f 1164/1164/1164 1130/1130/1130 1133/1133/1133 1165/1165/1165 
f 1165/1165/1165 1133/1133/1133 1137/1137/1137 1166/1166/1166 
f 1159/1159/1159 1164/1164/1164 1165/1165/1165 1160/1160/1160 
f 1160/1160/1160 1165/1165/1165 1166/1166/1166 1163/1163/1163 
f 1152/1152/1152 1167/1167/1167 1168/1168/1168 1153/1153/1153 
f 1167/1167/1167 1169/1169/1169 1170/1170/1170 1168/1168/1168 
f 1153/1153/1153 1168/1168/1168 1166/1166/1166 1137/1137/1137 
f 1168/1168/1168 1170/1170/1170 1163/1163/1163 1166/1166/1166 
f 1171/1171/1171 1172/1172/1172 1173/1173/1173 1174/1174/1174 
f 1174/1174/1174 1173/1173/1173 1162/1162/1162 1161/1161/1161 
f 1169/1169/1169 1171/1171/1171 1174/1174/1174 1170/1170/1170 
f 1170/1170/1170 1174/1174/1174 1161/1161/1161 1163/1163/1163 
f 1094/1094/1094 1097/1097/1097 1175/1175/1175 1176/1176/1176 
f 1097/1097/1097 1101/1101/1101 1177/1177/1177 1175/1175/1175 
f 1176/1176/1176 1175/1175/1175 1178/1178/1178 1179/1179/1179 
f 1175/1175/1175 1177/1177/1177 1180/1180/1180 1178/1178/1178 
f 1112/1112/1112 1074/1074/1074 1181/1181/1181 1182/1182/1182 
f 1182/1182/1182 1181/1181/1181 1183/1183/1183 1184/1184/1184 
f 1101/1101/1101 1112/1112/1112 1182/1182/1182 1177/1177/1177 
f 1177/1177/1177 1182/1182/1182 1184/1184/1184 1180/1180/1180 
f 1130/1130/1130 1164/1164/1164 1185/1185/1185 1186/1186/1186 
f 1164/1164/1164 1159/1159/1159 1187/1187/1187 1185/1185/1185 
f 1186/1186/1186 1185/1185/1185 1184/1184/1184 1183/1183/1183 
f 1185/1185/1185 1187/1187/1187 1180/1180/1180 1184/1184/1184 
f 1156/1156/1156 1155/1155/1155 1188/1188/1188 1189/1189/1189 
f 1189/1189/1189 1188/1188/1188 1179/1179/1179 1178/1178/1178 
f 1159/1159/1159 1156/1156/1156 1189/1189/1189 1187/1187/1187 
f 1187/1187/1187 1189/1189/1189 1178/1178/1178 1180/1180/1180 
f 1074/1074/1074 1077/1077/1077 1190/1190/1190 1181/1181/1181 
f 1077/1077/1077 1081/1081/1081 1191/1191/1191 1190/1190/1190 
f 1181/1181/1181 1190/1190/1190 1192/1192/1192 1183/1183/1183 
f 1190/1190/1190 1191/1191/1191 1193/1193/1193 1192/1192/1192 
f 1092/1092/1092 1091/1091/1091 1194/1194/1194 1195/1195/1195 
f 1195/1195/1195 1194/1194/1194 1196/1196/1196 1197/1197/1197 
f 1081/1081/1081 1092/1092/1092 1195/1195/1195 1191/1191/1191 
f 1191/1191/1191 1195/1195/1195 1197/1197/1197 1193/1193/1193 
f 1140/1140/1140 1139/1139/1139 1198/1198/1198 1199/1199/1199 
f 1139/1139/1139 1134/1134/1134 1200/1200/1200 1198/1198/1198 
f 1199/1199/1199 1198/1198/1198 1197/1197/1197 1196/1196/1196 
f 1198/1198/1198 1200/1200/1200 1193/1193/1193 1197/1197/1197 
f 1131/1131/1131 1130/1130/1130 1186/1186/1186 1201/1201/1201 
f 1201/1201/1201 1186/1186/1186 1183/1183/1183 1192/1192/1192 
f 1134/1134/1134 1131/1131/1131 1201/1201/1201 1200/1200/1200 
f 1200/1200/1200 1201/1201/1201 1192/1192/1192 1193/1193/1193 
f 1202/1202/1202 1203/1203/1203 1204/1204/1204 1205/1205/1205 
f 1203/1203/1203 1206/1206/1206 1207/1207/1207 1204/1204/1204 
f 1205/1205/1205 1204/1204/1204 1208/1208/1208 1209/1209/1209 
f 1204/1204/1204 1207/1207/1207 1210/1210/1210 1208/1208/1208 
f 1211/1211/1211 1212/1212/1212 1213/1213/1213 1214/1214/1214 
f 1214/1214/1214 1213/1213/1213 1215/1215/1215 1216/1216/1216 
f 1206/1206/1206 1211/1211/1211 1214/1214/1214 1207/1207/1207 
f 1207/1207/1207 1214/1214/1214 1216/1216/1216 1210/1210/1210 
f 1217/1217/1217 1218/1218/1218 1219/1219/1219 1220/1220/1220 
f 1218/1218/1218 1221/1221/1221 1222/1222/1222 1219/1219/1219 
f 1220/1220/1220 1219/1219/1219 1216/1216/1216 1215/1215/1215 
f 1219/1219/1219 1222/1222/1222 1210/1210/1210 1216/1216/1216 
f 1223/1223/1223 1224/1224/1224 1225/1225/1225 1226/1226/1226 
f 1226/1226/1226 1225/1225/1225 1209/1209/1209 1208/1208/1208 
f 1221/1221/1221 1223/1223/1223 1226/1226/1226 1222/1222/1222 
f 1222/1222/1222 1226/1226/1226 1208/1208/1208 1210/1210/1210 
f 1227/1227/1227 1228/1228/1228 1229/1229/1229 1230/1230/1230 
f 1228/1228/1228 1231/1231/1231 1232/1232/1232 1229/1229/1229 
f 1230/1230/1230 1229/1229/1229 1233/1233/1233 1234/1234/1234 
f 1229/1229/1229 1232/1232/1232 1235/1235/1235 1233/1233/1233 
f 1236/1236/1236 1237/1237/1237 1238/1238/1238 1239/1239/1239 
f 1239/1239/1239 1238/1238/1238 1240/1240/1240 1241/1241/1241 
f 1231/1231/1231 1236/1236/1236 1239/1239/1239 1232/1232/1232 
f 1232/1232/1232 1239/1239/1239 1241/1241/1241 1235/1235/1235 
f 1242/1242/1242 1243/1243/1243 1244/1244/1244 1245/1245/1245 
f 1243/1243/1243 1246/1246/1246 1247/1247/1247 1244/1244/1244 
f 1245/1245/1245 1244/1244/1244 1241/1241/1241 1240/1240/1240 
f 1244/1244/1244 1247/1247/1247 1235/1235/1235 1241/1241/1241 
f 1248/1248/1248 1249/1249/1249 1250/1250/1250 1251/1251/1251 
f 1251/1251/1251 1250/1250/1250 1234/1234/1234 1233/1233/1233 
f 1246/1246/1246 1248/1248/1248 1251/1251/1251 1247/1247/1247 
f 1247/1247/1247 1251/1251/1251 1233/1233/1233 1235/1235/1235 
f 1252/1252/1252 1253/1253/1253 1254/1254/1254 1255/1255/1255 
f 1253/1253/1253 1256/1256/1256 1257/1257/1257 1254/1254/1254 
f 1255/1255/1255 1254/1254/1254 1258/1258/1258 1259/1259/1259 
f 1254/1254/1254 1257/1257/1257 1260/1260/1260 1258/1258/1258 
f 1261/1261/1261 1249/1249/1249 1248/1248/1248 1262/1262/1262 
f 1262/1262/1262 1248/1248/1248 1246/1246/1246 1263/1263/1263 
f 1256/1256/1256 1261/1261/1261 1262/1262/1262 1257/1257/1257 
f 1257/1257/1257 1262/1262/1262 1263/1263/1263 1260/1260/1260 
f 1242/1242/1242 1264/1264/1264 1265/1265/1265 1243/1243/1243 
f 1264/1264/1264 1266/1266/1266 1267/1267/1267 1265/1265/1265 
f 1243/1243/1243 1265/1265/1265 1263/1263/1263 1246/1246/1246 
f 1265/1265/1265 1267/1267/1267 1260/1260/1260 1263/1263/1263 
f 1268/1268/1268 1269/1269/1269 1270/1270/1270 1271/1271/1271 
f 1271/1271/1271 1270/1270/1270 1259/1259/1259 1258/1258/1258 
f 1266/1266/1266 1268/1268/1268 1271/1271/1271 1267/1267/1267 
f 1267/1267/1267 1271/1271/1271 1258/1258/1258 1260/1260/1260 
f 1155/1155/1155 1158/1158/1158 1272/1272/1272 1273/1273/1273 
f 1158/1158/1158 1162/1162/1162 1274/1274/1274 1272/1272/1272 
f 1273/1273/1273 1272/1272/1272 1275/1275/1275 1276/1276/1276 
f 1272/1272/1272 1274/1274/1274 1277/1277/1277 1275/1275/1275 
f 1173/1173/1173 1172/1172/1172 1278/1278/1278 1279/1279/1279 
f 1279/1279/1279 1278/1278/1278 1280/1280/1280 1281/1281/1281 
f 1162/1162/1162 1173/1173/1173 1279/1279/1279 1274/1274/1274 
f 1274/1274/1274 1279/1279/1279 1281/1281/1281 1277/1277/1277 
f 1212/1212/1212 1211/1211/1211 1282/1282/1282 1283/1283/1283 
f 1211/1211/1211 1206/1206/1206 1284/1284/1284 1282/1282/1282 
f 1283/1283/1283 1282/1282/1282 1281/1281/1281 1280/1280/1280 
f 1282/1282/1282 1284/1284/1284 1277/1277/1277 1281/1281/1281 
f 1203/1203/1203 1202/1202/1202 1285/1285/1285 1286/1286/1286 
f 1286/1286/1286 1285/1285/1285 1276/1276/1276 1275/1275/1275 
f 1206/1206/1206 1203/1203/1203 1286/1286/1286 1284/1284/1284 
f 1284/1284/1284 1286/1286/1286 1275/1275/1275 1277/1277/1277 
f 1287/1287/1287 1288/1288/1288 1289/1289/1289 1290/1290/1290 
f 1288/1288/1288 1291/1291/1291 1292/1292/1292 1289/1289/1289 
f 1290/1290/1290 1289/1289/1289 1293/1293/1293 1294/1294/1294 
f 1289/1289/1289 1292/1292/1292 1295/1295/1295 1293/1293/1293 
f 1296/1296/1296 1297/1297/1297 1298/1298/1298 1299/1299/1299 
f 1299/1299/1299 1298/1298/1298 1300/1300/1300 1301/1301/1301 
f 1291/1291/1291 1296/1296/1296 1299/1299/1299 1292/1292/1292 
f 1292/1292/1292 1299/1299/1299 1301/1301/1301 1295/1295/1295 
f 1302/1302/1302 1303/1303/1303 1304/1304/1304 1305/1305/1305 
f 1303/1303/1303 1306/1306/1306 1307/1307/1307 1304/1304/1304 
f 1305/1305/1305 1304/1304/1304 1301/1301/1301 1300/1300/1300 
f 1304/1304/1304 1307/1307/1307 1295/1295/1295 1301/1301/1301 
f 1308/1308/1308 1309/1309/1309 1310/1310/1310 1311/1311/1311 
f 1311/1311/1311 1310/1310/1310 1294/1294/1294 1293/1293/1293 
f 1306/1306/1306 1308/1308/1308 1311/1311/1311 1307/1307/1307 
f 1307/1307/1307 1311/1311/1311 1293/1293/1293 1295/1295/1295 
f 1104/1104/1104 1312/1312/1312 1313/1313/1313 1114/1114/1114 
f 1312/1312/1312 1314/1314/1314 1315/1315/1315 1313/1313/1313 
f 1114/1114/1114 1313/1313/1313 1316/1316/1316 1116/1116/1116 
f 1313/1313/1313 1315/1315/1315 1317/1317/1317 1316/1316/1316 
f 1318/1318/1318 1287/1287/1287 1290/1290/1290 1319/1319/1319 
f 1319/1319/1319 1290/1290/1290 1294/1294/1294 1320/1320/1320 
f 1314/1314/1314 1318/1318/1318 1319/1319/1319 1315/1315/1315 
f 1315/1315/1315 1319/1319/1319 1320/1320/1320 1317/1317/1317 
f 1309/1309/1309 1321/1321/1321 1322/1322/1322 1310/1310/1310 
f 1321/1321/1321 1323/1323/1323 1324/1324/1324 1322/1322/1322 
f 1310/1310/1310 1322/1322/1322 1320/1320/1320 1294/1294/1294 
f 1322/1322/1322 1324/1324/1324 1317/1317/1317 1320/1320/1320 
f 1325/1325/1325 1121/1121/1121 1120/1120/1120 1326/1326/1326 
f 1326/1326/1326 1120/1120/1120 1116/1116/1116 1316/1316/1316 
f 1323/1323/1323 1325/1325/1325 1326/1326/1326 1324/1324/1324 
f 1324/1324/1324 1326/1326/1326 1316/1316/1316 1317/1317/1317 
f 1327/1327/1327 1328/1328/1328 1329/1329/1329 1330/1330/1330 
f 1328/1328/1328 1331/1331/1331 1332/1332/1332 1329/1329/1329 
f 1330/1330/1330 1329/1329/1329 1333/1333/1333 1334/1334/1334 
f 1329/1329/1329 1332/1332/1332 1335/1335/1335 1333/1333/1333 
f 1336/1336/1336 1269/1269/1269 1268/1268/1268 1337/1337/1337 
f 1337/1337/1337 1268/1268/1268 1266/1266/1266 1338/1338/1338 
f 1331/1331/1331 1336/1336/1336 1337/1337/1337 1332/1332/1332 
f 1332/1332/1332 1337/1337/1337 1338/1338/1338 1335/1335/1335 
f 1242/1242/1242 1339/1339/1339 1340/1340/1340 1264/1264/1264 
f 1339/1339/1339 1341/1341/1341 1342/1342/1342 1340/1340/1340 
f 1264/1264/1264 1340/1340/1340 1338/1338/1338 1266/1266/1266 
f 1340/1340/1340 1342/1342/1342 1335/1335/1335 1338/1338/1338 
f 1343/1343/1343 1344/1344/1344 1345/1345/1345 1346/1346/1346 
f 1346/1346/1346 1345/1345/1345 1334/1334/1334 1333/1333/1333 
f 1341/1341/1341 1343/1343/1343 1346/1346/1346 1342/1342/1342 
f 1342/1342/1342 1346/1346/1346 1333/1333/1333 1335/1335/1335 
f 1347/1347/1347 1348/1348/1348 1349/1349/1349 1350/1350/1350 
f 1348/1348/1348 1351/1351/1351 1352/1352/1352 1349/1349/1349 
f 1350/1350/1350 1349/1349/1349 1353/1353/1353 1354/1354/1354 
f 1349/1349/1349 1352/1352/1352 1355/1355/1355 1353/1353/1353 
f 1356/1356/1356 1152/1152/1152 1151/1151/1151 1357/1357/1357 
f 1357/1357/1357 1151/1151/1151 1149/1149/1149 1358/1358/1358 
f 1351/1351/1351 1356/1356/1356 1357/1357/1357 1352/1352/1352 
f 1352/1352/1352 1357/1357/1357 1358/1358/1358 1355/1355/1355 
f 1145/1145/1145 1359/1359/1359 1360/1360/1360 1146/1146/1146 
f 1359/1359/1359 1361/1361/1361 1362/1362/1362 1360/1360/1360 
f 1146/1146/1146 1360/1360/1360 1358/1358/1358 1149/1149/1149 
f 1360/1360/1360 1362/1362/1362 1355/1355/1355 1358/1358/1358 
f 1363/1363/1363 1364/1364/1364 1365/1365/1365 1366/1366/1366 
f 1366/1366/1366 1365/1365/1365 1354/1354/1354 1353/1353/1353 
f 1361/1361/1361 1363/1363/1363 1366/1366/1366 1362/1362/1362 
f 1362/1362/1362 1366/1366/1366 1353/1353/1353 1355/1355/1355 
f 1367/1367/1367 1368/1368/1368 1369/1369/1369 1370/1370/1370 
f 1368/1368/1368 1371/1371/1371 1372/1372/1372 1369/1369/1369 
f 1370/1370/1370 1369/1369/1369 1373/1373/1373 1374/1374/1374 
f 1369/1369/1369 1372/1372/1372 1375/1375/1375 1373/1373/1373 
f 1376/1376/1376 1347/1347/1347 1350/1350/1350 1377/1377/1377 
f 1377/1377/1377 1350/1350/1350 1354/1354/1354 1378/1378/1378 
f 1371/1371/1371 1376/1376/1376 1377/1377/1377 1372/1372/1372 
f 1372/1372/1372 1377/1377/1377 1378/1378/1378 1375/1375/1375 
f 1364/1364/1364 1379/1379/1379 1380/1380/1380 1365/1365/1365 
f 1379/1379/1379 1381/1381/1381 1382/1382/1382 1380/1380/1380 
f 1365/1365/1365 1380/1380/1380 1378/1378/1378 1354/1354/1354 
f 1380/1380/1380 1382/1382/1382 1375/1375/1375 1378/1378/1378 
f 1383/1383/1383 1384/1384/1384 1385/1385/1385 1386/1386/1386 
f 1386/1386/1386 1385/1385/1385 1374/1374/1374 1373/1373/1373 
f 1381/1381/1381 1383/1383/1383 1386/1386/1386 1382/1382/1382 
f 1382/1382/1382 1386/1386/1386 1373/1373/1373 1375/1375/1375 
f 1387/1387/1387 1388/1388/1388 1389/1389/1389 1390/1390/1390 
f 1388/1388/1388 1391/1391/1391 1392/1392/1392 1389/1389/1389 
f 1390/1390/1390 1389/1389/1389 1393/1393/1393 1394/1394/1394 
f 1389/1389/1389 1392/1392/1392 1395/1395/1395 1393/1393/1393 
f 1396/1396/1396 1397/1397/1397 1398/1398/1398 1399/1399/1399 
f 1399/1399/1399 1398/1398/1398 1400/1400/1400 1401/1401/1401 
f 1391/1391/1391 1396/1396/1396 1399/1399/1399 1392/1392/1392 
f 1392/1392/1392 1399/1399/1399 1401/1401/1401 1395/1395/1395 
f 1347/1347/1347 1376/1376/1376 1402/1402/1402 1403/1403/1403 
f 1376/1376/1376 1371/1371/1371 1404/1404/1404 1402/1402/1402 
f 1403/1403/1403 1402/1402/1402 1401/1401/1401 1400/1400/1400 
f 1402/1402/1402 1404/1404/1404 1395/1395/1395 1401/1401/1401 
f 1368/1368/1368 1367/1367/1367 1405/1405/1405 1406/1406/1406 
f 1406/1406/1406 1405/1405/1405 1394/1394/1394 1393/1393/1393 
f 1371/1371/1371 1368/1368/1368 1406/1406/1406 1404/1404/1404 
f 1404/1404/1404 1406/1406/1406 1393/1393/1393 1395/1395/1395 
f 1397/1397/1397 1407/1407/1407 1408/1408/1408 1398/1398/1398 
f 1407/1407/1407 1409/1409/1409 1410/1410/1410 1408/1408/1408 
f 1398/1398/1398 1408/1408/1408 1411/1411/1411 1400/1400/1400 
f 1408/1408/1408 1410/1410/1410 1412/1412/1412 1411/1411/1411 
f 1413/1413/1413 1172/1172/1172 1171/1171/1171 1414/1414/1414 
f 1414/1414/1414 1171/1171/1171 1169/1169/1169 1415/1415/1415 
f 1409/1409/1409 1413/1413/1413 1414/1414/1414 1410/1410/1410 
f 1410/1410/1410 1414/1414/1414 1415/1415/1415 1412/1412/1412 
f 1152/1152/1152 1356/1356/1356 1416/1416/1416 1167/1167/1167 
f 1356/1356/1356 1351/1351/1351 1417/1417/1417 1416/1416/1416 
f 1167/1167/1167 1416/1416/1416 1415/1415/1415 1169/1169/1169 
f 1416/1416/1416 1417/1417/1417 1412/1412/1412 1415/1415/1415 
f 1348/1348/1348 1347/1347/1347 1403/1403/1403 1418/1418/1418 
f 1418/1418/1418 1403/1403/1403 1400/1400/1400 1411/1411/1411 
f 1351/1351/1351 1348/1348/1348 1418/1418/1418 1417/1417/1417 
f 1417/1417/1417 1418/1418/1418 1411/1411/1411 1412/1412/1412 
f 1419/1419/1419 1420/1420/1420 1421/1421/1421 1422/1422/1422 
f 1420/1420/1420 1423/1423/1423 1424/1424/1424 1421/1421/1421 
f 1422/1422/1422 1421/1421/1421 1425/1425/1425 1426/1426/1426 
f 1421/1421/1421 1424/1424/1424 1427/1427/1427 1425/1425/1425 
f 1428/1428/1428 1429/1429/1429 1430/1430/1430 1431/1431/1431 
f 1431/1431/1431 1430/1430/1430 1432/1432/1432 1433/1433/1433 
f 1423/1423/1423 1428/1428/1428 1431/1431/1431 1424/1424/1424 
f 1424/1424/1424 1431/1431/1431 1433/1433/1433 1427/1427/1427 
f 1434/1434/1434 1435/1435/1435 1436/1436/1436 1437/1437/1437 
f 1435/1435/1435 1438/1438/1438 1439/1439/1439 1436/1436/1436 
f 1437/1437/1437 1436/1436/1436 1433/1433/1433 1432/1432/1432 
f 1436/1436/1436 1439/1439/1439 1427/1427/1427 1433/1433/1433 
f 1440/1440/1440 1441/1441/1441 1442/1442/1442 1443/1443/1443 
f 1443/1443/1443 1442/1442/1442 1426/1426/1426 1425/1425/1425 
f 1438/1438/1438 1440/1440/1440 1443/1443/1443 1439/1439/1439 
f 1439/1439/1439 1443/1443/1443 1425/1425/1425 1427/1427/1427 
f 1444/1444/1444 1445/1445/1445 1446/1446/1446 1447/1447/1447 
f 1445/1445/1445 1448/1448/1448 1449/1449/1449 1446/1446/1446 
f 1447/1447/1447 1446/1446/1446 1450/1450/1450 1451/1451/1451 
f 1446/1446/1446 1449/1449/1449 1452/1452/1452 1450/1450/1450 
f 1453/1453/1453 1419/1419/1419 1422/1422/1422 1454/1454/1454 
f 1454/1454/1454 1422/1422/1422 1426/1426/1426 1455/1455/1455 
f 1448/1448/1448 1453/1453/1453 1454/1454/1454 1449/1449/1449 
f 1449/1449/1449 1454/1454/1454 1455/1455/1455 1452/1452/1452 
f 1441/1441/1441 1456/1456/1456 1457/1457/1457 1442/1442/1442 
f 1456/1456/1456 1458/1458/1458 1459/1459/1459 1457/1457/1457 
f 1442/1442/1442 1457/1457/1457 1455/1455/1455 1426/1426/1426 
f 1457/1457/1457 1459/1459/1459 1452/1452/1452 1455/1455/1455 
f 1460/1460/1460 1461/1461/1461 1462/1462/1462 1463/1463/1463 
f 1463/1463/1463 1462/1462/1462 1451/1451/1451 1450/1450/1450 
f 1458/1458/1458 1460/1460/1460 1463/1463/1463 1459/1459/1459 
f 1459/1459/1459 1463/1463/1463 1450/1450/1450 1452/1452/1452 
f 1387/1387/1387 1390/1390/1390 1464/1464/1464 1465/1465/1465 
f 1390/1390/1390 1394/1394/1394 1466/1466/1466 1464/1464/1464 
f 1465/1465/1465 1464/1464/1464 1467/1467/1467 1468/1468/1468 
f 1464/1464/1464 1466/1466/1466 1469/1469/1469 1467/1467/1467 
f 1405/1405/1405 1367/1367/1367 1470/1470/1470 1471/1471/1471 
f 1471/1471/1471 1470/1470/1470 1472/1472/1472 1473/1473/1473 
f 1394/1394/1394 1405/1405/1405 1471/1471/1471 1466/1466/1466 
f 1466/1466/1466 1471/1471/1471 1473/1473/1473 1469/1469/1469 
f 1419/1419/1419 1453/1453/1453 1474/1474/1474 1475/1475/1475 
f 1453/1453/1453 1448/1448/1448 1476/1476/1476 1474/1474/1474 
f 1475/1475/1475 1474/1474/1474 1473/1473/1473 1472/1472/1472 
f 1474/1474/1474 1476/1476/1476 1469/1469/1469 1473/1473/1473 
f 1445/1445/1445 1444/1444/1444 1477/1477/1477 1478/1478/1478 
f 1478/1478/1478 1477/1477/1477 1468/1468/1468 1467/1467/1467 
f 1448/1448/1448 1445/1445/1445 1478/1478/1478 1476/1476/1476 
f 1476/1476/1476 1478/1478/1478 1467/1467/1467 1469/1469/1469 
f 1367/1367/1367 1370/1370/1370 1479/1479/1479 1470/1470/1470 
f 1370/1370/1370 1374/1374/1374 1480/1480/1480 1479/1479/1479 
f 1470/1470/1470 1479/1479/1479 1481/1481/1481 1472/1472/1472 
f 1479/1479/1479 1480/1480/1480 1482/1482/1482 1481/1481/1481 
f 1385/1385/1385 1384/1384/1384 1483/1483/1483 1484/1484/1484 
f 1484/1484/1484 1483/1483/1483 1485/1485/1485 1486/1486/1486 
f 1374/1374/1374 1385/1385/1385 1484/1484/1484 1480/1480/1480 
f 1480/1480/1480 1484/1484/1484 1486/1486/1486 1482/1482/1482 
f 1429/1429/1429 1428/1428/1428 1487/1487/1487 1488/1488/1488 
f 1428/1428/1428 1423/1423/1423 1489/1489/1489 1487/1487/1487 
f 1488/1488/1488 1487/1487/1487 1486/1486/1486 1485/1485/1485 
f 1487/1487/1487 1489/1489/1489 1482/1482/1482 1486/1486/1486 
f 1420/1420/1420 1419/1419/1419 1475/1475/1475 1490/1490/1490 
f 1490/1490/1490 1475/1475/1475 1472/1472/1472 1481/1481/1481 
f 1423/1423/1423 1420/1420/1420 1490/1490/1490 1489/1489/1489 
f 1489/1489/1489 1490/1490/1490 1481/1481/1481 1482/1482/1482 
f 1491/1491/1491 1492/1492/1492 1493/1493/1493 1494/1494/1494 
f 1492/1492/1492 1495/1495/1495 1496/1496/1496 1493/1493/1493 
f 1494/1494/1494 1493/1493/1493 1497/1497/1497 1498/1498/1498 
f 1493/1493/1493 1496/1496/1496 1499/1499/1499 1497/1497/1497 
f 1500/1500/1500 1501/1501/1501 1502/1502/1502 1503/1503/1503 
f 1503/1503/1503 1502/1502/1502 1504/1504/1504 1505/1505/1505 
f 1495/1495/1495 1500/1500/1500 1503/1503/1503 1496/1496/1496 
f 1496/1496/1496 1503/1503/1503 1505/1505/1505 1499/1499/1499 
f 1506/1506/1506 1507/1507/1507 1508/1508/1508 1509/1509/1509 
f 1507/1507/1507 1510/1510/1510 1511/1511/1511 1508/1508/1508 
f 1509/1509/1509 1508/1508/1508 1505/1505/1505 1504/1504/1504 
f 1508/1508/1508 1511/1511/1511 1499/1499/1499 1505/1505/1505 
f 1512/1512/1512 1513/1513/1513 1514/1514/1514 1515/1515/1515 
f 1515/1515/1515 1514/1514/1514 1498/1498/1498 1497/1497/1497 
f 1510/1510/1510 1512/1512/1512 1515/1515/1515 1511/1511/1511 
f 1511/1511/1511 1515/1515/1515 1497/1497/1497 1499/1499/1499 
f 1516/1516/1516 1517/1517/1517 1518/1518/1518 1519/1519/1519 
f 1517/1517/1517 1520/1520/1520 1521/1521/1521 1518/1518/1518 
f 1519/1519/1519 1518/1518/1518 1522/1522/1522 1523/1523/1523 
f 1518/1518/1518 1521/1521/1521 1524/1524/1524 1522/1522/1522 
f 1525/1525/1525 1526/1526/1526 1527/1527/1527 1528/1528/1528 
f 1528/1528/1528 1527/1527/1527 1529/1529/1529 1530/1530/1530 
f 1520/1520/1520 1525/1525/1525 1528/1528/1528 1521/1521/1521 
f 1521/1521/1521 1528/1528/1528 1530/1530/1530 1524/1524/1524 
f 1531/1531/1531 1532/1532/1532 1533/1533/1533 1534/1534/1534 
f 1532/1532/1532 1535/1535/1535 1536/1536/1536 1533/1533/1533 
f 1534/1534/1534 1533/1533/1533 1530/1530/1530 1529/1529/1529 
f 1533/1533/1533 1536/1536/1536 1524/1524/1524 1530/1530/1530 
f 1537/1537/1537 1538/1538/1538 1539/1539/1539 1540/1540/1540 
f 1540/1540/1540 1539/1539/1539 1523/1523/1523 1522/1522/1522 
f 1535/1535/1535 1537/1537/1537 1540/1540/1540 1536/1536/1536 
f 1536/1536/1536 1540/1540/1540 1522/1522/1522 1524/1524/1524 
f 1387/1387/1387 1465/1465/1465 1541/1541/1541 1542/1542/1542 
f 1465/1465/1465 1468/1468/1468 1543/1543/1543 1541/1541/1541 
f 1542/1542/1542 1541/1541/1541 1544/1544/1544 1545/1545/1545 
f 1541/1541/1541 1543/1543/1543 1546/1546/1546 1544/1544/1544 
f 1477/1477/1477 1444/1444/1444 1547/1547/1547 1548/1548/1548 
f 1548/1548/1548 1547/1547/1547 1549/1549/1549 1550/1550/1550 
f 1468/1468/1468 1477/1477/1477 1548/1548/1548 1543/1543/1543 
f 1543/1543/1543 1548/1548/1548 1550/1550/1550 1546/1546/1546 
f 1491/1491/1491 1551/1551/1551 1552/1552/1552 1553/1553/1553 
f 1551/1551/1551 1554/1554/1554 1555/1555/1555 1552/1552/1552 
f 1553/1553/1553 1552/1552/1552 1550/1550/1550 1549/1549/1549 
f 1552/1552/1552 1555/1555/1555 1546/1546/1546 1550/1550/1550 
f 1556/1556/1556 1557/1557/1557 1558/1558/1558 1559/1559/1559 
f 1559/1559/1559 1558/1558/1558 1545/1545/1545 1544/1544/1544 
f 1554/1554/1554 1556/1556/1556 1559/1559/1559 1555/1555/1555 
f 1555/1555/1555 1559/1559/1559 1544/1544/1544 1546/1546/1546 
f 1444/1444/1444 1447/1447/1447 1560/1560/1560 1547/1547/1547 
f 1447/1447/1447 1451/1451/1451 1561/1561/1561 1560/1560/1560 
f 1547/1547/1547 1560/1560/1560 1562/1562/1562 1549/1549/1549 
f 1560/1560/1560 1561/1561/1561 1563/1563/1563 1562/1562/1562 
f 1462/1462/1462 1461/1461/1461 1564/1564/1564 1565/1565/1565 
f 1565/1565/1565 1564/1564/1564 1566/1566/1566 1567/1567/1567 
f 1451/1451/1451 1462/1462/1462 1565/1565/1565 1561/1561/1561 
f 1561/1561/1561 1565/1565/1565 1567/1567/1567 1563/1563/1563 
f 1501/1501/1501 1500/1500/1500 1568/1568/1568 1569/1569/1569 
f 1500/1500/1500 1495/1495/1495 1570/1570/1570 1568/1568/1568 
f 1569/1569/1569 1568/1568/1568 1567/1567/1567 1566/1566/1566 
f 1568/1568/1568 1570/1570/1570 1563/1563/1563 1567/1567/1567 
f 1492/1492/1492 1491/1491/1491 1553/1553/1553 1571/1571/1571 
f 1571/1571/1571 1553/1553/1553 1549/1549/1549 1562/1562/1562 
f 1495/1495/1495 1492/1492/1492 1571/1571/1571 1570/1570/1570 
f 1570/1570/1570 1571/1571/1571 1562/1562/1562 1563/1563/1563 
f 1572/1572/1572 1573/1573/1573 1574/1574/1574 1575/1575/1575 
f 1573/1573/1573 1576/1576/1576 1577/1577/1577 1574/1574/1574 
f 1575/1575/1575 1574/1574/1574 1578/1578/1578 1579/1579/1579 
f 1574/1574/1574 1577/1577/1577 1580/1580/1580 1578/1578/1578 
f 1581/1581/1581 1582/1582/1582 1583/1583/1583 1584/1584/1584 
f 1584/1584/1584 1583/1583/1583 1585/1585/1585 1586/1586/1586 
f 1576/1576/1576 1581/1581/1581 1584/1584/1584 1577/1577/1577 
f 1577/1577/1577 1584/1584/1584 1586/1586/1586 1580/1580/1580 
f 1217/1217/1217 1220/1220/1220 1587/1587/1587 1588/1588/1588 
f 1220/1220/1220 1215/1215/1215 1589/1589/1589 1587/1587/1587 
f 1588/1588/1588 1587/1587/1587 1586/1586/1586 1585/1585/1585 
f 1587/1587/1587 1589/1589/1589 1580/1580/1580 1586/1586/1586 
f 1213/1213/1213 1212/1212/1212 1590/1590/1590 1591/1591/1591 
f 1591/1591/1591 1590/1590/1590 1579/1579/1579 1578/1578/1578 
f 1215/1215/1215 1213/1213/1213 1591/1591/1591 1589/1589/1589 
f 1589/1589/1589 1591/1591/1591 1578/1578/1578 1580/1580/1580 
f 1397/1397/1397 1592/1592/1592 1593/1593/1593 1407/1407/1407 
f 1592/1592/1592 1594/1594/1594 1595/1595/1595 1593/1593/1593 
f 1407/1407/1407 1593/1593/1593 1596/1596/1596 1409/1409/1409 
f 1593/1593/1593 1595/1595/1595 1597/1597/1597 1596/1596/1596 
f 1598/1598/1598 1572/1572/1572 1575/1575/1575 1599/1599/1599 
f 1599/1599/1599 1575/1575/1575 1579/1579/1579 1600/1600/1600 
f 1594/1594/1594 1598/1598/1598 1599/1599/1599 1595/1595/1595 
f 1595/1595/1595 1599/1599/1599 1600/1600/1600 1597/1597/1597 
f 1212/1212/1212 1283/1283/1283 1601/1601/1601 1590/1590/1590 
f 1283/1283/1283 1280/1280/1280 1602/1602/1602 1601/1601/1601 
f 1590/1590/1590 1601/1601/1601 1600/1600/1600 1579/1579/1579 
f 1601/1601/1601 1602/1602/1602 1597/1597/1597 1600/1600/1600 
f 1278/1278/1278 1172/1172/1172 1413/1413/1413 1603/1603/1603 
f 1603/1603/1603 1413/1413/1413 1409/1409/1409 1596/1596/1596 
f 1280/1280/1280 1278/1278/1278 1603/1603/1603 1602/1602/1602 
f 1602/1602/1602 1603/1603/1603 1596/1596/1596 1597/1597/1597 
f 1387/1387/1387 1542/1542/1542 1604/1604/1604 1388/1388/1388 
f 1542/1542/1542 1545/1545/1545 1605/1605/1605 1604/1604/1604 
f 1388/1388/1388 1604/1604/1604 1606/1606/1606 1391/1391/1391 
f 1604/1604/1604 1605/1605/1605 1607/1607/1607 1606/1606/1606 
f 1558/1558/1558 1557/1557/1557 1608/1608/1608 1609/1609/1609 
f 1609/1609/1609 1608/1608/1608 1610/1610/1610 1611/1611/1611 
f 1545/1545/1545 1558/1558/1558 1609/1609/1609 1605/1605/1605 
f 1605/1605/1605 1609/1609/1609 1611/1611/1611 1607/1607/1607 
f 1572/1572/1572 1598/1598/1598 1612/1612/1612 1613/1613/1613 
f 1598/1598/1598 1594/1594/1594 1614/1614/1614 1612/1612/1612 
f 1613/1613/1613 1612/1612/1612 1611/1611/1611 1610/1610/1610 
f 1612/1612/1612 1614/1614/1614 1607/1607/1607 1611/1611/1611 
f 1592/1592/1592 1397/1397/1397 1396/1396/1396 1615/1615/1615 
f 1615/1615/1615 1396/1396/1396 1391/1391/1391 1606/1606/1606 
f 1594/1594/1594 1592/1592/1592 1615/1615/1615 1614/1614/1614 
f 1614/1614/1614 1615/1615/1615 1606/1606/1606 1607/1607/1607 
f 1526/1526/1526 1525/1525/1525 1616/1616/1616 1617/1617/1617 
f 1525/1525/1525 1520/1520/1520 1618/1618/1618 1616/1616/1616 
f 1617/1617/1617 1616/1616/1616 1619/1619/1619 1620/1620/1620 
f 1616/1616/1616 1618/1618/1618 1621/1621/1621 1619/1619/1619 
f 1517/1517/1517 1516/1516/1516 1622/1622/1622 1623/1623/1623 
f 1623/1623/1623 1622/1622/1622 1624/1624/1624 1625/1625/1625 
f 1520/1520/1520 1517/1517/1517 1623/1623/1623 1618/1618/1618 
f 1618/1618/1618 1623/1623/1623 1625/1625/1625 1621/1621/1621 
f 1626/1626/1626 1627/1627/1627 1628/1628/1628 1629/1629/1629 
f 1627/1627/1627 1630/1630/1630 1631/1631/1631 1628/1628/1628 
f 1629/1629/1629 1628/1628/1628 1625/1625/1625 1624/1624/1624 
f 1628/1628/1628 1631/1631/1631 1621/1621/1621 1625/1625/1625 
f 1632/1632/1632 1633/1633/1633 1634/1634/1634 1635/1635/1635 
f 1635/1635/1635 1634/1634/1634 1620/1620/1620 1619/1619/1619 
f 1630/1630/1630 1632/1632/1632 1635/1635/1635 1631/1631/1631 
f 1631/1631/1631 1635/1635/1635 1619/1619/1619 1621/1621/1621 
f 1636/1636/1636 1637/1637/1637 1638/1638/1638 1639/1639/1639 
f 1637/1637/1637 1640/1640/1640 1641/1641/1641 1638/1638/1638 
f 1639/1639/1639 1638/1638/1638 1642/1642/1642 1643/1643/1643 
f 1638/1638/1638 1641/1641/1641 1644/1644/1644 1642/1642/1642 
f 1645/1645/1645 1646/1646/1646 1647/1647/1647 1648/1648/1648 
f 1648/1648/1648 1647/1647/1647 1649/1649/1649 1650/1650/1650 
f 1640/1640/1640 1645/1645/1645 1648/1648/1648 1641/1641/1641 
f 1641/1641/1641 1648/1648/1648 1650/1650/1650 1644/1644/1644 
f 1302/1302/1302 1305/1305/1305 1651/1651/1651 1652/1652/1652 
f 1305/1305/1305 1300/1300/1300 1653/1653/1653 1651/1651/1651 
f 1652/1652/1652 1651/1651/1651 1650/1650/1650 1649/1649/1649 
f 1651/1651/1651 1653/1653/1653 1644/1644/1644 1650/1650/1650 
f 1298/1298/1298 1297/1297/1297 1654/1654/1654 1655/1655/1655 
f 1655/1655/1655 1654/1654/1654 1643/1643/1643 1642/1642/1642 
f 1300/1300/1300 1298/1298/1298 1655/1655/1655 1653/1653/1653 
f 1653/1653/1653 1655/1655/1655 1642/1642/1642 1644/1644/1644 
f 1656/1656/1656 1657/1657/1657 1658/1658/1658 1659/1659/1659 
f 1657/1657/1657 1660/1660/1660 1661/1661/1661 1658/1658/1658 
f 1659/1659/1659 1658/1658/1658 1662/1662/1662 1663/1663/1663 
f 1658/1658/1658 1661/1661/1661 1664/1664/1664 1662/1662/1662 
f 1665/1665/1665 1636/1636/1636 1639/1639/1639 1666/1666/1666 
f 1666/1666/1666 1639/1639/1639 1643/1643/1643 1667/1667/1667 
f 1660/1660/1660 1665/1665/1665 1666/1666/1666 1661/1661/1661 
f 1661/1661/1661 1666/1666/1666 1667/1667/1667 1664/1664/1664 
f 1297/1297/1297 1668/1668/1668 1669/1669/1669 1654/1654/1654 
f 1668/1668/1668 1670/1670/1670 1671/1671/1671 1669/1669/1669 
f 1654/1654/1654 1669/1669/1669 1667/1667/1667 1643/1643/1643 
f 1669/1669/1669 1671/1671/1671 1664/1664/1664 1667/1667/1667 
f 1672/1672/1672 1673/1673/1673 1674/1674/1674 1675/1675/1675 
f 1675/1675/1675 1674/1674/1674 1663/1663/1663 1662/1662/1662 
f 1670/1670/1670 1672/1672/1672 1675/1675/1675 1671/1671/1671 
f 1671/1671/1671 1675/1675/1675 1662/1662/1662 1664/1664/1664 
f 1676/1676/1676 1677/1677/1677 1678/1678/1678 1679/1679/1679 
f 1677/1677/1677 1680/1680/1680 1681/1681/1681 1678/1678/1678 
f 1679/1679/1679 1678/1678/1678 1682/1682/1682 1683/1683/1683 
f 1678/1678/1678 1681/1681/1681 1684/1684/1684 1682/1682/1682 
f 1685/1685/1685 1686/1686/1686 1687/1687/1687 1688/1688/1688 
f 1688/1688/1688 1687/1687/1687 1689/1689/1689 1690/1690/1690 
f 1680/1680/1680 1685/1685/1685 1688/1688/1688 1681/1681/1681 
f 1681/1681/1681 1688/1688/1688 1690/1690/1690 1684/1684/1684 
f 1636/1636/1636 1665/1665/1665 1691/1691/1691 1692/1692/1692 
f 1665/1665/1665 1660/1660/1660 1693/1693/1693 1691/1691/1691 
f 1692/1692/1692 1691/1691/1691 1690/1690/1690 1689/1689/1689 
f 1691/1691/1691 1693/1693/1693 1684/1684/1684 1690/1690/1690 
f 1657/1657/1657 1656/1656/1656 1694/1694/1694 1695/1695/1695 
f 1695/1695/1695 1694/1694/1694 1683/1683/1683 1682/1682/1682 
f 1660/1660/1660 1657/1657/1657 1695/1695/1695 1693/1693/1693 
f 1693/1693/1693 1695/1695/1695 1682/1682/1682 1684/1684/1684 
f 1686/1686/1686 1696/1696/1696 1697/1697/1697 1687/1687/1687 
f 1696/1696/1696 1698/1698/1698 1699/1699/1699 1697/1697/1697 
f 1687/1687/1687 1697/1697/1697 1700/1700/1700 1689/1689/1689 
f 1697/1697/1697 1699/1699/1699 1701/1701/1701 1700/1700/1700 
f 1702/1702/1702 1703/1703/1703 1704/1704/1704 1705/1705/1705 
f 1705/1705/1705 1704/1704/1704 1706/1706/1706 1707/1707/1707 
f 1698/1698/1698 1702/1702/1702 1705/1705/1705 1699/1699/1699 
f 1699/1699/1699 1705/1705/1705 1707/1707/1707 1701/1701/1701 
f 1646/1646/1646 1645/1645/1645 1708/1708/1708 1709/1709/1709 
f 1645/1645/1645 1640/1640/1640 1710/1710/1710 1708/1708/1708 
f 1709/1709/1709 1708/1708/1708 1707/1707/1707 1706/1706/1706 
f 1708/1708/1708 1710/1710/1710 1701/1701/1701 1707/1707/1707 
f 1637/1637/1637 1636/1636/1636 1692/1692/1692 1711/1711/1711 
f 1711/1711/1711 1692/1692/1692 1689/1689/1689 1700/1700/1700 
f 1640/1640/1640 1637/1637/1637 1711/1711/1711 1710/1710/1710 
f 1710/1710/1710 1711/1711/1711 1700/1700/1700 1701/1701/1701 
f 1712/1712/1712 1713/1713/1713 1714/1714/1714 1715/1715/1715 
f 1713/1713/1713 1716/1716/1716 1717/1717/1717 1714/1714/1714 
f 1715/1715/1715 1714/1714/1714 1718/1718/1718 1719/1719/1719 
f 1714/1714/1714 1717/1717/1717 1720/1720/1720 1718/1718/1718 
f 1721/1721/1721 1224/1224/1224 1223/1223/1223 1722/1722/1722 
f 1722/1722/1722 1223/1223/1223 1221/1221/1221 1723/1723/1723 
f 1716/1716/1716 1721/1721/1721 1722/1722/1722 1717/1717/1717 
f 1717/1717/1717 1722/1722/1722 1723/1723/1723 1720/1720/1720 
f 1217/1217/1217 1724/1724/1724 1725/1725/1725 1218/1218/1218 
f 1724/1724/1724 1726/1726/1726 1727/1727/1727 1725/1725/1725 
f 1218/1218/1218 1725/1725/1725 1723/1723/1723 1221/1221/1221 
f 1725/1725/1725 1727/1727/1727 1720/1720/1720 1723/1723/1723 
f 1728/1728/1728 1729/1729/1729 1730/1730/1730 1731/1731/1731 
f 1731/1731/1731 1730/1730/1730 1719/1719/1719 1718/1718/1718 
f 1726/1726/1726 1728/1728/1728 1731/1731/1731 1727/1727/1727 
f 1727/1727/1727 1731/1731/1731 1718/1718/1718 1720/1720/1720 
f 1732/1732/1732 1733/1733/1733 1734/1734/1734 1735/1735/1735 
f 1733/1733/1733 1736/1736/1736 1737/1737/1737 1734/1734/1734 
f 1735/1735/1735 1734/1734/1734 1738/1738/1738 1739/1739/1739 
f 1734/1734/1734 1737/1737/1737 1740/1740/1740 1738/1738/1738 
f 1741/1741/1741 1712/1712/1712 1715/1715/1715 1742/1742/1742 
f 1742/1742/1742 1715/1715/1715 1719/1719/1719 1743/1743/1743 
f 1736/1736/1736 1741/1741/1741 1742/1742/1742 1737/1737/1737 
f 1737/1737/1737 1742/1742/1742 1743/1743/1743 1740/1740/1740 
f 1729/1729/1729 1744/1744/1744 1745/1745/1745 1730/1730/1730 
f 1744/1744/1744 1746/1746/1746 1747/1747/1747 1745/1745/1745 
f 1730/1730/1730 1745/1745/1745 1743/1743/1743 1719/1719/1719 
f 1745/1745/1745 1747/1747/1747 1740/1740/1740 1743/1743/1743 
f 1748/1748/1748 1749/1749/1749 1750/1750/1750 1751/1751/1751 
f 1751/1751/1751 1750/1750/1750 1739/1739/1739 1738/1738/1738 
f 1746/1746/1746 1748/1748/1748 1751/1751/1751 1747/1747/1747 
f 1747/1747/1747 1751/1751/1751 1738/1738/1738 1740/1740/1740 
f 1676/1676/1676 1679/1679/1679 1752/1752/1752 1753/1753/1753 
f 1679/1679/1679 1683/1683/1683 1754/1754/1754 1752/1752/1752 
f 1753/1753/1753 1752/1752/1752 1755/1755/1755 1756/1756/1756 
f 1752/1752/1752 1754/1754/1754 1757/1757/1757 1755/1755/1755 
f 1694/1694/1694 1656/1656/1656 1758/1758/1758 1759/1759/1759 
f 1759/1759/1759 1758/1758/1758 1760/1760/1760 1761/1761/1761 
f 1683/1683/1683 1694/1694/1694 1759/1759/1759 1754/1754/1754 
f 1754/1754/1754 1759/1759/1759 1761/1761/1761 1757/1757/1757 
f 1712/1712/1712 1741/1741/1741 1762/1762/1762 1763/1763/1763 
f 1741/1741/1741 1736/1736/1736 1764/1764/1764 1762/1762/1762 
f 1763/1763/1763 1762/1762/1762 1761/1761/1761 1760/1760/1760 
f 1762/1762/1762 1764/1764/1764 1757/1757/1757 1761/1761/1761 
f 1733/1733/1733 1732/1732/1732 1765/1765/1765 1766/1766/1766 
f 1766/1766/1766 1765/1765/1765 1756/1756/1756 1755/1755/1755 
f 1736/1736/1736 1733/1733/1733 1766/1766/1766 1764/1764/1764 
f 1764/1764/1764 1766/1766/1766 1755/1755/1755 1757/1757/1757 
f 1656/1656/1656 1659/1659/1659 1767/1767/1767 1758/1758/1758 
f 1659/1659/1659 1663/1663/1663 1768/1768/1768 1767/1767/1767 
f 1758/1758/1758 1767/1767/1767 1769/1769/1769 1760/1760/1760 
f 1767/1767/1767 1768/1768/1768 1770/1770/1770 1769/1769/1769 
f 1674/1674/1674 1673/1673/1673 1771/1771/1771 1772/1772/1772 
f 1772/1772/1772 1771/1771/1771 1773/1773/1773 1774/1774/1774 
f 1663/1663/1663 1674/1674/1674 1772/1772/1772 1768/1768/1768 
f 1768/1768/1768 1772/1772/1772 1774/1774/1774 1770/1770/1770 
f 1224/1224/1224 1721/1721/1721 1775/1775/1775 1776/1776/1776 
f 1721/1721/1721 1716/1716/1716 1777/1777/1777 1775/1775/1775 
f 1776/1776/1776 1775/1775/1775 1774/1774/1774 1773/1773/1773 
f 1775/1775/1775 1777/1777/1777 1770/1770/1770 1774/1774/1774 
f 1713/1713/1713 1712/1712/1712 1763/1763/1763 1778/1778/1778 
f 1778/1778/1778 1763/1763/1763 1760/1760/1760 1769/1769/1769 
f 1716/1716/1716 1713/1713/1713 1778/1778/1778 1777/1777/1777 
f 1777/1777/1777 1778/1778/1778 1769/1769/1769 1770/1770/1770 
f 1779/1779/1779 1780/1780/1780 1781/1781/1781 1782/1782/1782 
f 1780/1780/1780 1783/1783/1783 1784/1784/1784 1781/1781/1781 
f 1782/1782/1782 1781/1781/1781 1785/1785/1785 1786/1786/1786 
f 1781/1781/1781 1784/1784/1784 1787/1787/1787 1785/1785/1785 
f 1788/1788/1788 1789/1789/1789 1790/1790/1790 1791/1791/1791 
f 1791/1791/1791 1790/1790/1790 1792/1792/1792 1793/1793/1793 
f 1783/1783/1783 1788/1788/1788 1791/1791/1791 1784/1784/1784 
f 1784/1784/1784 1791/1791/1791 1793/1793/1793 1787/1787/1787 
f 1794/1794/1794 1795/1795/1795 1796/1796/1796 1797/1797/1797 
f 1795/1795/1795 1798/1798/1798 1799/1799/1799 1796/1796/1796 
f 1797/1797/1797 1796/1796/1796 1793/1793/1793 1792/1792/1792 
f 1796/1796/1796 1799/1799/1799 1787/1787/1787 1793/1793/1793 
f 1800/1800/1800 1801/1801/1801 1802/1802/1802 1803/1803/1803 
f 1803/1803/1803 1802/1802/1802 1786/1786/1786 1785/1785/1785 
f 1798/1798/1798 1800/1800/1800 1803/1803/1803 1799/1799/1799 
f 1799/1799/1799 1803/1803/1803 1785/1785/1785 1787/1787/1787 
f 1804/1804/1804 1805/1805/1805 1806/1806/1806 1807/1807/1807 
f 1805/1805/1805 1808/1808/1808 1809/1809/1809 1806/1806/1806 
f 1807/1807/1807 1806/1806/1806 1810/1810/1810 1811/1811/1811 
f 1806/1806/1806 1809/1809/1809 1812/1812/1812 1810/1810/1810 
f 1813/1813/1813 1779/1779/1779 1782/1782/1782 1814/1814/1814 
f 1814/1814/1814 1782/1782/1782 1786/1786/1786 1815/1815/1815 
f 1808/1808/1808 1813/1813/1813 1814/1814/1814 1809/1809/1809 
f 1809/1809/1809 1814/1814/1814 1815/1815/1815 1812/1812/1812 
f 1801/1801/1801 1816/1816/1816 1817/1817/1817 1802/1802/1802 
f 1816/1816/1816 1818/1818/1818 1819/1819/1819 1817/1817/1817 
f 1802/1802/1802 1817/1817/1817 1815/1815/1815 1786/1786/1786 
f 1817/1817/1817 1819/1819/1819 1812/1812/1812 1815/1815/1815 
f 1820/1820/1820 1821/1821/1821 1822/1822/1822 1823/1823/1823 
f 1823/1823/1823 1822/1822/1822 1811/1811/1811 1810/1810/1810 
f 1818/1818/1818 1820/1820/1820 1823/1823/1823 1819/1819/1819 
f 1819/1819/1819 1823/1823/1823 1810/1810/1810 1812/1812/1812 
f 1676/1676/1676 1753/1753/1753 1824/1824/1824 1825/1825/1825 
f 1753/1753/1753 1756/1756/1756 1826/1826/1826 1824/1824/1824 
f 1825/1825/1825 1824/1824/1824 1827/1827/1827 1828/1828/1828 
f 1824/1824/1824 1826/1826/1826 1829/1829/1829 1827/1827/1827 
f 1765/1765/1765 1732/1732/1732 1830/1830/1830 1831/1831/1831 
f 1831/1831/1831 1830/1830/1830 1832/1832/1832 1833/1833/1833 
f 1756/1756/1756 1765/1765/1765 1831/1831/1831 1826/1826/1826 
f 1826/1826/1826 1831/1831/1831 1833/1833/1833 1829/1829/1829 
f 1779/1779/1779 1813/1813/1813 1834/1834/1834 1835/1835/1835 
f 1813/1813/1813 1808/1808/1808 1836/1836/1836 1834/1834/1834 
f 1835/1835/1835 1834/1834/1834 1833/1833/1833 1832/1832/1832 
f 1834/1834/1834 1836/1836/1836 1829/1829/1829 1833/1833/1833 
f 1805/1805/1805 1804/1804/1804 1837/1837/1837 1838/1838/1838 
f 1838/1838/1838 1837/1837/1837 1828/1828/1828 1827/1827/1827 
f 1808/1808/1808 1805/1805/1805 1838/1838/1838 1836/1836/1836 
f 1836/1836/1836 1838/1838/1838 1827/1827/1827 1829/1829/1829 
f 1732/1732/1732 1735/1735/1735 1839/1839/1839 1830/1830/1830 
f 1735/1735/1735 1739/1739/1739 1840/1840/1840 1839/1839/1839 
f 1830/1830/1830 1839/1839/1839 1841/1841/1841 1832/1832/1832 
f 1839/1839/1839 1840/1840/1840 1842/1842/1842 1841/1841/1841 
f 1750/1750/1750 1749/1749/1749 1843/1843/1843 1844/1844/1844 
f 1844/1844/1844 1843/1843/1843 1845/1845/1845 1846/1846/1846 
f 1739/1739/1739 1750/1750/1750 1844/1844/1844 1840/1840/1840 
f 1840/1840/1840 1844/1844/1844 1846/1846/1846 1842/1842/1842 
f 1789/1789/1789 1788/1788/1788 1847/1847/1847 1848/1848/1848 
f 1788/1788/1788 1783/1783/1783 1849/1849/1849 1847/1847/1847 
f 1848/1848/1848 1847/1847/1847 1846/1846/1846 1845/1845/1845 
f 1847/1847/1847 1849/1849/1849 1842/1842/1842 1846/1846/1846 
f 1780/1780/1780 1779/1779/1779 1835/1835/1835 1850/1850/1850 
f 1850/1850/1850 1835/1835/1835 1832/1832/1832 1841/1841/1841 
f 1783/1783/1783 1780/1780/1780 1850/1850/1850 1849/1849/1849 
f 1849/1849/1849 1850/1850/1850 1841/1841/1841 1842/1842/1842 
f 1851/1851/1851 1852/1852/1852 1853/1853/1853 1854/1854/1854 
f 1852/1852/1852 1855/1855/1855 1856/1856/1856 1853/1853/1853 
f 1854/1854/1854 1853/1853/1853 1857/1857/1857 1858/1858/1858 
f 1853/1853/1853 1856/1856/1856 1859/1859/1859 1857/1857/1857 
f 1860/1860/1860 1861/1861/1861 1862/1862/1862 1863/1863/1863 
f 1863/1863/1863 1862/1862/1862 1864/1864/1864 1865/1865/1865 
f 1855/1855/1855 1860/1860/1860 1863/1863/1863 1856/1856/1856 
f 1856/1856/1856 1863/1863/1863 1865/1865/1865 1859/1859/1859 
f 1866/1866/1866 1867/1867/1867 1868/1868/1868 1869/1869/1869 
f 1867/1867/1867 1870/1870/1870 1871/1871/1871 1868/1868/1868 
f 1869/1869/1869 1868/1868/1868 1865/1865/1865 1864/1864/1864 
f 1868/1868/1868 1871/1871/1871 1859/1859/1859 1865/1865/1865 
f 1872/1872/1872 1873/1873/1873 1874/1874/1874 1875/1875/1875 
f 1875/1875/1875 1874/1874/1874 1858/1858/1858 1857/1857/1857 
f 1870/1870/1870 1872/1872/1872 1875/1875/1875 1871/1871/1871 
f 1871/1871/1871 1875/1875/1875 1857/1857/1857 1859/1859/1859 
f 1686/1686/1686 1876/1876/1876 1877/1877/1877 1696/1696/1696 
f 1876/1876/1876 1878/1878/1878 1879/1879/1879 1877/1877/1877 
f 1696/1696/1696 1877/1877/1877 1880/1880/1880 1698/1698/1698 
f 1877/1877/1877 1879/1879/1879 1881/1881/1881 1880/1880/1880 
f 1882/1882/1882 1851/1851/1851 1854/1854/1854 1883/1883/1883 
f 1883/1883/1883 1854/1854/1854 1858/1858/1858 1884/1884/1884 
f 1878/1878/1878 1882/1882/1882 1883/1883/1883 1879/1879/1879 
f 1879/1879/1879 1883/1883/1883 1884/1884/1884 1881/1881/1881 
f 1873/1873/1873 1885/1885/1885 1886/1886/1886 1874/1874/1874 
f 1885/1885/1885 1887/1887/1887 1888/1888/1888 1886/1886/1886 
f 1874/1874/1874 1886/1886/1886 1884/1884/1884 1858/1858/1858 
f 1886/1886/1886 1888/1888/1888 1881/1881/1881 1884/1884/1884 
f 1889/1889/1889 1703/1703/1703 1702/1702/1702 1890/1890/1890 
f 1890/1890/1890 1702/1702/1702 1698/1698/1698 1880/1880/1880 
f 1887/1887/1887 1889/1889/1889 1890/1890/1890 1888/1888/1888 
f 1888/1888/1888 1890/1890/1890 1880/1880/1880 1881/1881/1881 
f 1676/1676/1676 1825/1825/1825 1891/1891/1891 1677/1677/1677 
f 1825/1825/1825 1828/1828/1828 1892/1892/1892 1891/1891/1891 
f 1677/1677/1677 1891/1891/1891 1893/1893/1893 1680/1680/1680 
f 1891/1891/1891 1892/1892/1892 1894/1894/1894 1893/1893/1893 
f 1837/1837/1837 1804/1804/1804 1895/1895/1895 1896/1896/1896 
f 1896/1896/1896 1895/1895/1895 1897/1897/1897 1898/1898/1898 
f 1828/1828/1828 1837/1837/1837 1896/1896/1896 1892/1892/1892 
f 1892/1892/1892 1896/1896/1896 1898/1898/1898 1894/1894/1894 
f 1851/1851/1851 1882/1882/1882 1899/1899/1899 1900/1900/1900 
f 1882/1882/1882 1878/1878/1878 1901/1901/1901 1899/1899/1899 
f 1900/1900/1900 1899/1899/1899 1898/1898/1898 1897/1897/1897 
f 1899/1899/1899 1901/1901/1901 1894/1894/1894 1898/1898/1898 
f 1876/1876/1876 1686/1686/1686 1685/1685/1685 1902/1902/1902 
f 1902/1902/1902 1685/1685/1685 1680/1680/1680 1893/1893/1893 
f 1878/1878/1878 1876/1876/1876 1902/1902/1902 1901/1901/1901 
f 1901/1901/1901 1902/1902/1902 1893/1893/1893 1894/1894/1894 
f 1804/1804/1804 1807/1807/1807 1903/1903/1903 1895/1895/1895 
f 1807/1807/1807 1811/1811/1811 1904/1904/1904 1903/1903/1903 
f 1895/1895/1895 1903/1903/1903 1905/1905/1905 1897/1897/1897 
f 1903/1903/1903 1904/1904/1904 1906/1906/1906 1905/1905/1905 
f 1822/1822/1822 1821/1821/1821 1907/1907/1907 1908/1908/1908 
f 1908/1908/1908 1907/1907/1907 1909/1909/1909 1910/1910/1910 
f 1811/1811/1811 1822/1822/1822 1908/1908/1908 1904/1904/1904 
f 1904/1904/1904 1908/1908/1908 1910/1910/1910 1906/1906/1906 
f 1861/1861/1861 1860/1860/1860 1911/1911/1911 1912/1912/1912 
f 1860/1860/1860 1855/1855/1855 1913/1913/1913 1911/1911/1911 
f 1912/1912/1912 1911/1911/1911 1910/1910/1910 1909/1909/1909 
f 1911/1911/1911 1913/1913/1913 1906/1906/1906 1910/1910/1910 
f 1852/1852/1852 1851/1851/1851 1900/1900/1900 1914/1914/1914 
f 1914/1914/1914 1900/1900/1900 1897/1897/1897 1905/1905/1905 
f 1855/1855/1855 1852/1852/1852 1914/1914/1914 1913/1913/1913 
f 1913/1913/1913 1914/1914/1914 1905/1905/1905 1906/1906/1906 
f 1915/1915/1915 1916/1916/1916 1917/1917/1917 1918/1918/1918 
f 1916/1916/1916 1919/1919/1919 1920/1920/1920 1917/1917/1917 
f 1918/1918/1918 1917/1917/1917 1921/1921/1921 1922/1922/1922 
f 1917/1917/1917 1920/1920/1920 1923/1923/1923 1921/1921/1921 
f 1924/1924/1924 1729/1729/1729 1728/1728/1728 1925/1925/1925 
f 1925/1925/1925 1728/1728/1728 1726/1726/1726 1926/1926/1926 
f 1919/1919/1919 1924/1924/1924 1925/1925/1925 1920/1920/1920 
f 1920/1920/1920 1925/1925/1925 1926/1926/1926 1923/1923/1923 
f 1217/1217/1217 1588/1588/1588 1927/1927/1927 1724/1724/1724 
f 1588/1588/1588 1585/1585/1585 1928/1928/1928 1927/1927/1927 
f 1724/1724/1724 1927/1927/1927 1926/1926/1926 1726/1726/1726 
f 1927/1927/1927 1928/1928/1928 1923/1923/1923 1926/1926/1926 
f 1583/1583/1583 1582/1582/1582 1929/1929/1929 1930/1930/1930 
f 1930/1930/1930 1929/1929/1929 1922/1922/1922 1921/1921/1921 
f 1585/1585/1585 1583/1583/1583 1930/1930/1930 1928/1928/1928 
f 1928/1928/1928 1930/1930/1930 1921/1921/1921 1923/1923/1923 
f 1516/1516/1516 1931/1931/1931 1932/1932/1932 1622/1622/1622 
f 1931/1931/1931 1933/1933/1933 1934/1934/1934 1932/1932/1932 
f 1622/1622/1622 1932/1932/1932 1935/1935/1935 1624/1624/1624 
f 1932/1932/1932 1934/1934/1934 1936/1936/1936 1935/1935/1935 
f 1937/1937/1937 1938/1938/1938 1939/1939/1939 1940/1940/1940 
f 1940/1940/1940 1939/1939/1939 1941/1941/1941 1942/1942/1942 
f 1933/1933/1933 1937/1937/1937 1940/1940/1940 1934/1934/1934 
f 1934/1934/1934 1940/1940/1940 1942/1942/1942 1936/1936/1936 
f 1943/1943/1943 1944/1944/1944 1945/1945/1945 1946/1946/1946 
f 1944/1944/1944 1947/1947/1947 1948/1948/1948 1945/1945/1945 
f 1946/1946/1946 1945/1945/1945 1942/1942/1942 1941/1941/1941 
f 1945/1945/1945 1948/1948/1948 1936/1936/1936 1942/1942/1942 
f 1949/1949/1949 1626/1626/1626 1629/1629/1629 1950/1950/1950 
f 1950/1950/1950 1629/1629/1629 1624/1624/1624 1935/1935/1935 
f 1947/1947/1947 1949/1949/1949 1950/1950/1950 1948/1948/1948 
f 1948/1948/1948 1950/1950/1950 1935/1935/1935 1936/1936/1936 
f 1951/1951/1951 1952/1952/1952 1953/1953/1953 1954/1954/1954 
f 1952/1952/1952 1955/1955/1955 1956/1956/1956 1953/1953/1953 
f 1954/1954/1954 1953/1953/1953 1957/1957/1957 1958/1958/1958 
f 1953/1953/1953 1956/1956/1956 1959/1959/1959 1957/1957/1957 
f 1960/1960/1960 1961/1961/1961 1962/1962/1962 1963/1963/1963 
f 1963/1963/1963 1962/1962/1962 1964/1964/1964 1965/1965/1965 
f 1955/1955/1955 1960/1960/1960 1963/1963/1963 1956/1956/1956 
f 1956/1956/1956 1963/1963/1963 1965/1965/1965 1959/1959/1959 
f 1915/1915/1915 1966/1966/1966 1967/1967/1967 1968/1968/1968 
f 1966/1966/1966 1969/1969/1969 1970/1970/1970 1967/1967/1967 
f 1968/1968/1968 1967/1967/1967 1965/1965/1965 1964/1964/1964 
f 1967/1967/1967 1970/1970/1970 1959/1959/1959 1965/1965/1965 
f 1971/1971/1971 1972/1972/1972 1973/1973/1973 1974/1974/1974 
f 1974/1974/1974 1973/1973/1973 1958/1958/1958 1957/1957/1957 
f 1969/1969/1969 1971/1971/1971 1974/1974/1974 1970/1970/1970 
f 1970/1970/1970 1974/1974/1974 1957/1957/1957 1959/1959/1959 
f 1961/1961/1961 1975/1975/1975 1976/1976/1976 1962/1962/1962 
f 1975/1975/1975 1977/1977/1977 1978/1978/1978 1976/1976/1976 
f 1962/1962/1962 1976/1976/1976 1979/1979/1979 1964/1964/1964 
f 1976/1976/1976 1978/1978/1978 1980/1980/1980 1979/1979/1979 
f 1981/1981/1981 1749/1749/1749 1748/1748/1748 1982/1982/1982 
f 1982/1982/1982 1748/1748/1748 1746/1746/1746 1983/1983/1983 
f 1977/1977/1977 1981/1981/1981 1982/1982/1982 1978/1978/1978 
f 1978/1978/1978 1982/1982/1982 1983/1983/1983 1980/1980/1980 
f 1729/1729/1729 1924/1924/1924 1984/1984/1984 1744/1744/1744 
f 1924/1924/1924 1919/1919/1919 1985/1985/1985 1984/1984/1984 
f 1744/1744/1744 1984/1984/1984 1983/1983/1983 1746/1746/1746 
f 1984/1984/1984 1985/1985/1985 1980/1980/1980 1983/1983/1983 
f 1916/1916/1916 1915/1915/1915 1968/1968/1968 1986/1986/1986 
f 1986/1986/1986 1968/1968/1968 1964/1964/1964 1979/1979/1979 
f 1919/1919/1919 1916/1916/1916 1986/1986/1986 1985/1985/1985 
f 1985/1985/1985 1986/1986/1986 1979/1979/1979 1980/1980/1980 
f 1987/1987/1987 1988/1988/1988 1989/1989/1989 1990/1990/1990 
f 1988/1988/1988 1991/1991/1991 1992/1992/1992 1989/1989/1989 
f 1990/1990/1990 1989/1989/1989 1993/1993/1993 1994/1994/1994 
f 1989/1989/1989 1992/1992/1992 1995/1995/1995 1993/1993/1993 
f 1996/1996/1996 1513/1513/1513 1512/1512/1512 1997/1997/1997 
f 1997/1997/1997 1512/1512/1512 1510/1510/1510 1998/1998/1998 
f 1991/1991/1991 1996/1996/1996 1997/1997/1997 1992/1992/1992 
f 1992/1992/1992 1997/1997/1997 1998/1998/1998 1995/1995/1995 
f 1506/1506/1506 1999/1999/1999 2000/2000/2000 1507/1507/1507 
f 1999/1999/1999 2001/2001/2001 2002/2002/2002 2000/2000/2000 
f 1507/1507/1507 2000/2000/2000 1998/1998/1998 1510/1510/1510 
f 2000/2000/2000 2002/2002/2002 1995/1995/1995 1998/1998/1998 
f 2003/2003/2003 2004/2004/2004 2005/2005/2005 2006/2006/2006 
f 2006/2006/2006 2005/2005/2005 1994/1994/1994 1993/1993/1993 
f 2001/2001/2001 2003/2003/2003 2006/2006/2006 2002/2002/2002 
f 2002/2002/2002 2006/2006/2006 1993/1993/1993 1995/1995/1995 
f 2007/2007/2007 2008/2008/2008 2009/2009/2009 2010/2010/2010 
f 2008/2008/2008 2011/2011/2011 2012/2012/2012 2009/2009/2009 
f 2010/2010/2010 2009/2009/2009 2013/2013/2013 2014/2014/2014 
f 2009/2009/2009 2012/2012/2012 2015/2015/2015 2013/2013/2013 
f 2016/2016/2016 1987/1987/1987 1990/1990/1990 2017/2017/2017 
f 2017/2017/2017 1990/1990/1990 1994/1994/1994 2018/2018/2018 
f 2011/2011/2011 2016/2016/2016 2017/2017/2017 2012/2012/2012 
f 2012/2012/2012 2017/2017/2017 2018/2018/2018 2015/2015/2015 
f 2004/2004/2004 2019/2019/2019 2020/2020/2020 2005/2005/2005 
f 2019/2019/2019 2021/2021/2021 2022/2022/2022 2020/2020/2020 
f 2005/2005/2005 2020/2020/2020 2018/2018/2018 1994/1994/1994 
f 2020/2020/2020 2022/2022/2022 2015/2015/2015 2018/2018/2018 
f 2023/2023/2023 2024/2024/2024 2025/2025/2025 2026/2026/2026 
f 2026/2026/2026 2025/2025/2025 2014/2014/2014 2013/2013/2013 
f 2021/2021/2021 2023/2023/2023 2026/2026/2026 2022/2022/2022 
f 2022/2022/2022 2026/2026/2026 2013/2013/2013 2015/2015/2015 
f 1951/1951/1951 1954/1954/1954 2027/2027/2027 2028/2028/2028 
f 1954/1954/1954 1958/1958/1958 2029/2029/2029 2027/2027/2027 
f 2028/2028/2028 2027/2027/2027 2030/2030/2030 2031/2031/2031 
f 2027/2027/2027 2029/2029/2029 2032/2032/2032 2030/2030/2030 
f 1973/1973/1973 1972/1972/1972 2033/2033/2033 2034/2034/2034 
f 2034/2034/2034 2033/2033/2033 2035/2035/2035 2036/2036/2036 
f 1958/1958/1958 1973/1973/1973 2034/2034/2034 2029/2029/2029 
f 2029/2029/2029 2034/2034/2034 2036/2036/2036 2032/2032/2032 
f 1987/1987/1987 2016/2016/2016 2037/2037/2037 2038/2038/2038 
f 2016/2016/2016 2011/2011/2011 2039/2039/2039 2037/2037/2037 
f 2038/2038/2038 2037/2037/2037 2036/2036/2036 2035/2035/2035 
f 2037/2037/2037 2039/2039/2039 2032/2032/2032 2036/2036/2036 
f 2008/2008/2008 2007/2007/2007 2040/2040/2040 2041/2041/2041 
f 2041/2041/2041 2040/2040/2040 2031/2031/2031 2030/2030/2030 
f 2011/2011/2011 2008/2008/2008 2041/2041/2041 2039/2039/2039 
f 2039/2039/2039 2041/2041/2041 2030/2030/2030 2032/2032/2032 
f 2042/2042/2042 2043/2043/2043 2044/2044/2044 2045/2045/2045 
f 2043/2043/2043 2046/2046/2046 2047/2047/2047 2044/2044/2044 
f 2045/2045/2045 2044/2044/2044 2048/2048/2048 2049/2049/2049 
f 2044/2044/2044 2047/2047/2047 2050/2050/2050 2048/2048/2048 
f 2051/2051/2051 1938/1938/1938 1937/1937/1937 2052/2052/2052 
f 2052/2052/2052 1937/1937/1937 1933/1933/1933 2053/2053/2053 
f 2046/2046/2046 2051/2051/2051 2052/2052/2052 2047/2047/2047 
f 2047/2047/2047 2052/2052/2052 2053/2053/2053 2050/2050/2050 
f 1516/1516/1516 1519/1519/1519 2054/2054/2054 1931/1931/1931 
f 1519/1519/1519 1523/1523/1523 2055/2055/2055 2054/2054/2054 
f 1931/1931/1931 2054/2054/2054 2053/2053/2053 1933/1933/1933 
f 2054/2054/2054 2055/2055/2055 2050/2050/2050 2053/2053/2053 
f 1539/1539/1539 1538/1538/1538 2056/2056/2056 2057/2057/2057 
f 2057/2057/2057 2056/2056/2056 2049/2049/2049 2048/2048/2048 
f 1523/1523/1523 1539/1539/1539 2057/2057/2057 2055/2055/2055 
f 2055/2055/2055 2057/2057/2057 2048/2048/2048 2050/2050/2050 
f 2058/2058/2058 2059/2059/2059 2060/2060/2060 2061/2061/2061 
f 2059/2059/2059 2062/2062/2062 2063/2063/2063 2060/2060/2060 
f 2061/2061/2061 2060/2060/2060 2064/2064/2064 2065/2065/2065 
f 2060/2060/2060 2063/2063/2063 2066/2066/2066 2064/2064/2064 
f 2067/2067/2067 2068/2068/2068 2069/2069/2069 2070/2070/2070 
f 2070/2070/2070 2069/2069/2069 2071/2071/2071 2072/2072/2072 
f 2062/2062/2062 2067/2067/2067 2070/2070/2070 2063/2063/2063 
f 2063/2063/2063 2070/2070/2070 2072/2072/2072 2066/2066/2066 
f 2073/2073/2073 2074/2074/2074 2075/2075/2075 2076/2076/2076 
f 2074/2074/2074 2077/2077/2077 2078/2078/2078 2075/2075/2075 
f 2076/2076/2076 2075/2075/2075 2072/2072/2072 2071/2071/2071 
f 2075/2075/2075 2078/2078/2078 2066/2066/2066 2072/2072/2072 
f 2079/2079/2079 2080/2080/2080 2081/2081/2081 2082/2082/2082 
f 2082/2082/2082 2081/2081/2081 2065/2065/2065 2064/2064/2064 
f 2077/2077/2077 2079/2079/2079 2082/2082/2082 2078/2078/2078 
f 2078/2078/2078 2082/2082/2082 2064/2064/2064 2066/2066/2066 
f 2083/2083/2083 2084/2084/2084 2085/2085/2085 2086/2086/2086 
f 2084/2084/2084 2087/2087/2087 2088/2088/2088 2085/2085/2085 
f 2086/2086/2086 2085/2085/2085 2089/2089/2089 2090/2090/2090 
f 2085/2085/2085 2088/2088/2088 2091/2091/2091 2089/2089/2089 
f 2092/2092/2092 2058/2058/2058 2061/2061/2061 2093/2093/2093 
f 2093/2093/2093 2061/2061/2061 2065/2065/2065 2094/2094/2094 
f 2087/2087/2087 2092/2092/2092 2093/2093/2093 2088/2088/2088 
f 2088/2088/2088 2093/2093/2093 2094/2094/2094 2091/2091/2091 
f 2080/2080/2080 2095/2095/2095 2096/2096/2096 2081/2081/2081 
f 2095/2095/2095 2097/2097/2097 2098/2098/2098 2096/2096/2096 
f 2081/2081/2081 2096/2096/2096 2094/2094/2094 2065/2065/2065 
f 2096/2096/2096 2098/2098/2098 2091/2091/2091 2094/2094/2094 
f 2099/2099/2099 2100/2100/2100 2101/2101/2101 2102/2102/2102 
f 2102/2102/2102 2101/2101/2101 2090/2090/2090 2089/2089/2089 
f 2097/2097/2097 2099/2099/2099 2102/2102/2102 2098/2098/2098 
f 2098/2098/2098 2102/2102/2102 2089/2089/2089 2091/2091/2091 
f 1951/1951/1951 2028/2028/2028 2103/2103/2103 2104/2104/2104 
f 2028/2028/2028 2031/2031/2031 2105/2105/2105 2103/2103/2103 
f 2104/2104/2104 2103/2103/2103 2106/2106/2106 2107/2107/2107 
f 2103/2103/2103 2105/2105/2105 2108/2108/2108 2106/2106/2106 
f 2040/2040/2040 2007/2007/2007 2109/2109/2109 2110/2110/2110 
f 2110/2110/2110 2109/2109/2109 2111/2111/2111 2112/2112/2112 
f 2031/2031/2031 2040/2040/2040 2110/2110/2110 2105/2105/2105 
f 2105/2105/2105 2110/2110/2110 2112/2112/2112 2108/2108/2108 
f 2058/2058/2058 2092/2092/2092 2113/2113/2113 2114/2114/2114 
f 2092/2092/2092 2087/2087/2087 2115/2115/2115 2113/2113/2113 
f 2114/2114/2114 2113/2113/2113 2112/2112/2112 2111/2111/2111 
f 2113/2113/2113 2115/2115/2115 2108/2108/2108 2112/2112/2112 
f 2084/2084/2084 2083/2083/2083 2116/2116/2116 2117/2117/2117 
f 2117/2117/2117 2116/2116/2116 2107/2107/2107 2106/2106/2106 
f 2087/2087/2087 2084/2084/2084 2117/2117/2117 2115/2115/2115 
f 2115/2115/2115 2117/2117/2117 2106/2106/2106 2108/2108/2108 
f 2007/2007/2007 2010/2010/2010 2118/2118/2118 2109/2109/2109 
f 2010/2010/2010 2014/2014/2014 2119/2119/2119 2118/2118/2118 
f 2109/2109/2109 2118/2118/2118 2120/2120/2120 2111/2111/2111 
f 2118/2118/2118 2119/2119/2119 2121/2121/2121 2120/2120/2120 
f 2025/2025/2025 2024/2024/2024 2122/2122/2122 2123/2123/2123 
f 2123/2123/2123 2122/2122/2122 2124/2124/2124 2125/2125/2125 
f 2014/2014/2014 2025/2025/2025 2123/2123/2123 2119/2119/2119 
f 2119/2119/2119 2123/2123/2123 2125/2125/2125 2121/2121/2121 
f 2068/2068/2068 2067/2067/2067 2126/2126/2126 2127/2127/2127 
f 2067/2067/2067 2062/2062/2062 2128/2128/2128 2126/2126/2126 
f 2127/2127/2127 2126/2126/2126 2125/2125/2125 2124/2124/2124 
f 2126/2126/2126 2128/2128/2128 2121/2121/2121 2125/2125/2125 
f 2059/2059/2059 2058/2058/2058 2114/2114/2114 2129/2129/2129 
f 2129/2129/2129 2114/2114/2114 2111/2111/2111 2120/2120/2120 
f 2062/2062/2062 2059/2059/2059 2129/2129/2129 2128/2128/2128 
f 2128/2128/2128 2129/2129/2129 2120/2120/2120 2121/2121/2121 
f 2130/2130/2130 2131/2131/2131 2132/2132/2132 2133/2133/2133 
f 2131/2131/2131 2134/2134/2134 2135/2135/2135 2132/2132/2132 
f 2133/2133/2133 2132/2132/2132 2136/2136/2136 2137/2137/2137 
f 2132/2132/2132 2135/2135/2135 2138/2138/2138 2136/2136/2136 
f 2139/2139/2139 2140/2140/2140 2141/2141/2141 2142/2142/2142 
f 2142/2142/2142 2141/2141/2141 2143/2143/2143 2144/2144/2144 
f 2134/2134/2134 2139/2139/2139 2142/2142/2142 2135/2135/2135 
f 2135/2135/2135 2142/2142/2142 2144/2144/2144 2138/2138/2138 
f 1794/1794/1794 1797/1797/1797 2145/2145/2145 2146/2146/2146 
f 1797/1797/1797 1792/1792/1792 2147/2147/2147 2145/2145/2145 
f 2146/2146/2146 2145/2145/2145 2144/2144/2144 2143/2143/2143 
f 2145/2145/2145 2147/2147/2147 2138/2138/2138 2144/2144/2144 
f 1790/1790/1790 1789/1789/1789 2148/2148/2148 2149/2149/2149 
f 2149/2149/2149 2148/2148/2148 2137/2137/2137 2136/2136/2136 
f 1792/1792/1792 1790/1790/1790 2149/2149/2149 2147/2147/2147 
f 2147/2147/2147 2149/2149/2149 2136/2136/2136 2138/2138/2138 
f 1961/1961/1961 2150/2150/2150 2151/2151/2151 1975/1975/1975 
f 2150/2150/2150 2152/2152/2152 2153/2153/2153 2151/2151/2151 
f 1975/1975/1975 2151/2151/2151 2154/2154/2154 1977/1977/1977 
f 2151/2151/2151 2153/2153/2153 2155/2155/2155 2154/2154/2154 
f 2156/2156/2156 2130/2130/2130 2133/2133/2133 2157/2157/2157 
f 2157/2157/2157 2133/2133/2133 2137/2137/2137 2158/2158/2158 
f 2152/2152/2152 2156/2156/2156 2157/2157/2157 2153/2153/2153 
f 2153/2153/2153 2157/2157/2157 2158/2158/2158 2155/2155/2155 
f 1789/1789/1789 1848/1848/1848 2159/2159/2159 2148/2148/2148 
f 1848/1848/1848 1845/1845/1845 2160/2160/2160 2159/2159/2159 
f 2148/2148/2148 2159/2159/2159 2158/2158/2158 2137/2137/2137 
f 2159/2159/2159 2160/2160/2160 2155/2155/2155 2158/2158/2158 
f 1843/1843/1843 1749/1749/1749 1981/1981/1981 2161/2161/2161 
f 2161/2161/2161 1981/1981/1981 1977/1977/1977 2154/2154/2154 
f 1845/1845/1845 1843/1843/1843 2161/2161/2161 2160/2160/2160 
f 2160/2160/2160 2161/2161/2161 2154/2154/2154 2155/2155/2155 
f 1951/1951/1951 2104/2104/2104 2162/2162/2162 1952/1952/1952 
f 2104/2104/2104 2107/2107/2107 2163/2163/2163 2162/2162/2162 
f 1952/1952/1952 2162/2162/2162 2164/2164/2164 1955/1955/1955 
f 2162/2162/2162 2163/2163/2163 2165/2165/2165 2164/2164/2164 
f 2116/2116/2116 2083/2083/2083 2166/2166/2166 2167/2167/2167 
f 2167/2167/2167 2166/2166/2166 2168/2168/2168 2169/2169/2169 
f 2107/2107/2107 2116/2116/2116 2167/2167/2167 2163/2163/2163 
f 2163/2163/2163 2167/2167/2167 2169/2169/2169 2165/2165/2165 
f 2130/2130/2130 2156/2156/2156 2170/2170/2170 2171/2171/2171 
f 2156/2156/2156 2152/2152/2152 2172/2172/2172 2170/2170/2170 
f 2171/2171/2171 2170/2170/2170 2169/2169/2169 2168/2168/2168 
f 2170/2170/2170 2172/2172/2172 2165/2165/2165 2169/2169/2169 
f 2150/2150/2150 1961/1961/1961 1960/1960/1960 2173/2173/2173 
f 2173/2173/2173 1960/1960/1960 1955/1955/1955 2164/2164/2164 
f 2152/2152/2152 2150/2150/2150 2173/2173/2173 2172/2172/2172 
f 2172/2172/2172 2173/2173/2173 2164/2164/2164 2165/2165/2165 
f 2083/2083/2083 2086/2086/2086 2174/2174/2174 2166/2166/2166 
f 2086/2086/2086 2090/2090/2090 2175/2175/2175 2174/2174/2174 
f 2166/2166/2166 2174/2174/2174 2176/2176/2176 2168/2168/2168 
f 2174/2174/2174 2175/2175/2175 2177/2177/2177 2176/2176/2176 
f 2101/2101/2101 2100/2100/2100 2178/2178/2178 2179/2179/2179 
f 2179/2179/2179 2178/2178/2178 2180/2180/2180 2181/2181/2181 
f 2090/2090/2090 2101/2101/2101 2179/2179/2179 2175/2175/2175 
f 2175/2175/2175 2179/2179/2179 2181/2181/2181 2177/2177/2177 
f 2140/2140/2140 2139/2139/2139 2182/2182/2182 2183/2183/2183 
f 2139/2139/2139 2134/2134/2134 2184/2184/2184 2182/2182/2182 
f 2183/2183/2183 2182/2182/2182 2181/2181/2181 2180/2180/2180 
f 2182/2182/2182 2184/2184/2184 2177/2177/2177 2181/2181/2181 
f 2131/2131/2131 2130/2130/2130 2171/2171/2171 2185/2185/2185 
f 2185/2185/2185 2171/2171/2171 2168/2168/2168 2176/2176/2176 
f 2134/2134/2134 2131/2131/2131 2185/2185/2185 2184/2184/2184 
f 2184/2184/2184 2185/2185/2185 2176/2176/2176 2177/2177/2177 
f 2186/2186/2186 2187/2187/2187 2188/2188/2188 2189/2189/2189 
f 2187/2187/2187 2190/2190/2190 2191/2191/2191 2188/2188/2188 
f 2189/2189/2189 2188/2188/2188 2192/2192/2192 2193/2193/2193 
f 2188/2188/2188 2191/2191/2191 2194/2194/2194 2192/2192/2192 
f 2195/2195/2195 2196/2196/2196 2197/2197/2197 2198/2198/2198 
f 2198/2198/2198 2197/2197/2197 2199/2199/2199 2200/2200/2200 
f 2190/2190/2190 2195/2195/2195 2198/2198/2198 2191/2191/2191 
f 2191/2191/2191 2198/2198/2198 2200/2200/2200 2194/2194/2194 
f 16/2201/16 19/2202/19 2201/2203/2201 2202/2204/2202 
f 19/2202/19 14/2205/14 2203/2206/2203 2201/2203/2201 
f 2202/2204/2202 2201/2203/2201 2200/2200/2200 2199/2199/2199 
f 2201/2203/2201 2203/2206/2203 2194/2194/2194 2200/2200/2200 
f 12/2207/12 11/2208/11 2204/2209/2204 2205/2210/2205 
f 2205/2210/2205 2204/2209/2204 2193/2193/2193 2192/2192/2192 
f 14/2205/14 12/2207/12 2205/2210/2205 2203/2206/2203 
f 2203/2206/2203 2205/2210/2205 2192/2192/2192 2194/2194/2194 
f 2206/2211/2206 2207/2212/2207 2208/2213/2208 2209/2214/2209 
f 2207/2212/2207 2210/2215/2210 2211/2216/2211 2208/2213/2208 
f 2209/2214/2209 2208/2213/2208 2212/2217/2212 2213/2218/2213 
f 2208/2213/2208 2211/2216/2211 2214/2219/2214 2212/2217/2212 
f 2215/2220/2215 2186/2186/2186 2189/2189/2189 2216/2221/2216 
f 2216/2221/2216 2189/2189/2189 2193/2193/2193 2217/2222/2217 
f 2210/2215/2210 2215/2220/2215 2216/2221/2216 2211/2216/2211 
f 2211/2216/2211 2216/2221/2216 2217/2222/2217 2214/2219/2214 
f 11/2208/11 79/2223/79 2218/2224/2218 2204/2209/2204 
f 79/2223/79 76/2225/76 2219/2226/2219 2218/2224/2218 
f 2204/2209/2204 2218/2224/2218 2217/2222/2217 2193/2193/2193 
f 2218/2224/2218 2219/2226/2219 2214/2219/2214 2217/2222/2217 
f 74/2227/74 73/2228/73 2220/2229/2220 2221/2230/2221 
f 2221/2230/2221 2220/2229/2220 2213/2218/2213 2212/2217/2212 
f 76/2225/76 74/2227/74 2221/2230/2221 2219/2226/2219 
f 2219/2226/2219 2221/2230/2221 2212/2217/2212 2214/2219/2214 
f 2222/2231/2222 2223/2232/2223 2224/2233/2224 2225/2234/2225 
f 2223/2232/2223 2226/2235/2226 2227/2236/2227 2224/2233/2224 
f 2225/2234/2225 2224/2233/2224 2228/2237/2228 2229/2238/2229 
f 2224/2233/2224 2227/2236/2227 2230/2239/2230 2228/2237/2228 
f 2231/2240/2231 2232/2241/2232 2233/2242/2233 2234/2243/2234 
f 2234/2243/2234 2233/2242/2233 2235/2244/2235 2236/2245/2236 
f 2226/2235/2226 2231/2240/2231 2234/2243/2234 2227/2236/2227 
f 2227/2236/2227 2234/2243/2234 2236/2245/2236 2230/2239/2230 
f 2186/2186/2186 2215/2220/2215 2237/2246/2237 2238/2247/2238 
f 2215/2220/2215 2210/2215/2210 2239/2248/2239 2237/2246/2237 
f 2238/2247/2238 2237/2246/2237 2236/2245/2236 2235/2244/2235 
f 2237/2246/2237 2239/2248/2239 2230/2239/2230 2236/2245/2236 
f 2207/2212/2207 2206/2211/2206 2240/2249/2240 2241/2250/2241 
f 2241/2250/2241 2240/2249/2240 2229/2238/2229 2228/2237/2228 
f 2210/2215/2210 2207/2212/2207 2241/2250/2241 2239/2248/2239 
f 2239/2248/2239 2241/2250/2241 2228/2237/2228 2230/2239/2230 
f 2232/2241/2232 2242/2251/2242 2243/2252/2243 2233/2242/2233 
f 2242/2251/2242 2244/2253/2244 2245/2254/2245 2243/2252/2243 
f 2233/2242/2233 2243/2252/2243 2246/2255/2246 2235/2244/2235 
f 2243/2252/2243 2245/2254/2245 2247/2256/2247 2246/2255/2246 
f 2248/2257/2248 2249/2258/2249 2250/2259/2250 2251/2260/2251 
f 2251/2260/2251 2250/2259/2250 2252/2261/2252 2253/2262/2253 
f 2244/2253/2244 2248/2257/2248 2251/2260/2251 2245/2254/2245 
f 2245/2254/2245 2251/2260/2251 2253/2262/2253 2247/2256/2247 
f 2196/2196/2196 2195/2195/2195 2254/2263/2254 2255/2264/2255 
f 2195/2195/2195 2190/2190/2190 2256/2265/2256 2254/2263/2254 
f 2255/2264/2255 2254/2263/2254 2253/2262/2253 2252/2261/2252 
f 2254/2263/2254 2256/2265/2256 2247/2256/2247 2253/2262/2253 
f 2187/2187/2187 2186/2186/2186 2238/2247/2238 2257/2266/2257 
f 2257/2266/2257 2238/2247/2238 2235/2244/2235 2246/2255/2246 
f 2190/2190/2190 2187/2187/2187 2257/2266/2257 2256/2265/2256 
f 2256/2265/2256 2257/2266/2257 2246/2255/2246 2247/2256/2247 
f 2258/2267/2258 2259/2268/2259 2260/2269/2260 2261/2270/2261 
f 2259/2268/2259 2262/2271/2262 2263/2272/2263 2260/2269/2260 
f 2261/2270/2261 2260/2269/2260 2264/2273/2264 2265/2274/2265 
f 2260/2269/2260 2263/2272/2263 2266/2275/2266 2264/2273/2264 
f 2267/2276/2267 232/2277/232 231/2278/231 2268/2279/2268 
f 2268/2279/2268 231/2278/231 229/2280/229 2269/2281/2269 
f 2262/2271/2262 2267/2276/2267 2268/2279/2268 2263/2272/2263 
f 2263/2272/2263 2268/2279/2268 2269/2281/2269 2266/2275/2266 
f 225/2282/225 2270/2283/2270 2271/2284/2271 226/2285/226 
f 2270/2283/2270 2272/2286/2272 2273/2287/2273 2271/2284/2271 
f 226/2285/226 2271/2284/2271 2269/2281/2269 229/2280/229 
f 2271/2284/2271 2273/2287/2273 2266/2275/2266 2269/2281/2269 
f 2274/2288/2274 2275/2289/2275 2276/2290/2276 2277/2291/2277 
f 2277/2291/2277 2276/2290/2276 2265/2274/2265 2264/2273/2264 
f 2272/2286/2272 2274/2288/2274 2277/2291/2277 2273/2287/2273 
f 2273/2287/2273 2277/2291/2277 2264/2273/2264 2266/2275/2266 
f 2278/2292/2278 2279/2293/2279 2280/2294/2280 2281/2295/2281 
f 2279/2293/2279 2282/2296/2282 2283/2297/2283 2280/2294/2280 
f 2281/2295/2281 2280/2294/2280 2284/2298/2284 2285/2299/2285 
f 2280/2294/2280 2283/2297/2283 2286/2300/2286 2284/2298/2284 
f 2287/2301/2287 2258/2267/2258 2261/2270/2261 2288/2302/2288 
f 2288/2302/2288 2261/2270/2261 2265/2274/2265 2289/2303/2289 
f 2282/2296/2282 2287/2301/2287 2288/2302/2288 2283/2297/2283 
f 2283/2297/2283 2288/2302/2288 2289/2303/2289 2286/2300/2286 
f 2275/2289/2275 2290/2304/2290 2291/2305/2291 2276/2290/2276 
f 2290/2304/2290 2292/2306/2292 2293/2307/2293 2291/2305/2291 
f 2276/2290/2276 2291/2305/2291 2289/2303/2289 2265/2274/2265 
f 2291/2305/2291 2293/2307/2293 2286/2300/2286 2289/2303/2289 
f 2294/2308/2294 2295/2309/2295 2296/2310/2296 2297/2311/2297 
f 2297/2311/2297 2296/2310/2296 2285/2299/2285 2284/2298/2284 
f 2292/2306/2292 2294/2308/2294 2297/2311/2297 2293/2307/2293 
f 2293/2307/2293 2297/2311/2297 2284/2298/2284 2286/2300/2286 
f 2222/2231/2222 2225/2234/2225 2298/2312/2298 2299/2313/2299 
f 2225/2234/2225 2229/2238/2229 2300/2314/2300 2298/2312/2298 
f 2299/2313/2299 2298/2312/2298 2301/2315/2301 2302/2316/2302 
f 2298/2312/2298 2300/2314/2300 2303/2317/2303 2301/2315/2301 
f 2240/2249/2240 2206/2211/2206 2304/2318/2304 2305/2319/2305 
f 2305/2319/2305 2304/2318/2304 2306/2320/2306 2307/2321/2307 
f 2229/2238/2229 2240/2249/2240 2305/2319/2305 2300/2314/2300 
f 2300/2314/2300 2305/2319/2305 2307/2321/2307 2303/2317/2303 
f 2258/2267/2258 2287/2301/2287 2308/2322/2308 2309/2323/2309 
f 2287/2301/2287 2282/2296/2282 2310/2324/2310 2308/2322/2308 
f 2309/2323/2309 2308/2322/2308 2307/2321/2307 2306/2320/2306 
f 2308/2322/2308 2310/2324/2310 2303/2317/2303 2307/2321/2307 
f 2279/2293/2279 2278/2292/2278 2311/2325/2311 2312/2326/2312 
f 2312/2326/2312 2311/2325/2311 2302/2316/2302 2301/2315/2301 
f 2282/2296/2282 2279/2293/2279 2312/2326/2312 2310/2324/2310 
f 2310/2324/2310 2312/2326/2312 2301/2315/2301 2303/2317/2303 
f 2206/2211/2206 2209/2214/2209 2313/2327/2313 2304/2318/2304 
f 2209/2214/2209 2213/2218/2213 2314/2328/2314 2313/2327/2313 
f 2304/2318/2304 2313/2327/2313 2315/2329/2315 2306/2320/2306 
f 2313/2327/2313 2314/2328/2314 2316/2330/2316 2315/2329/2315 
f 2220/2229/2220 73/2228/73 248/2331/248 2317/2332/2317 
f 2317/2332/2317 248/2331/248 246/2333/246 2318/2334/2318 
f 2213/2218/2213 2220/2229/2220 2317/2332/2317 2314/2328/2314 
f 2314/2328/2314 2317/2332/2317 2318/2334/2318 2316/2330/2316 
f 232/2277/232 2267/2276/2267 2319/2335/2319 244/2336/244 
f 2267/2276/2267 2262/2271/2262 2320/2337/2320 2319/2335/2319 
f 244/2336/244 2319/2335/2319 2318/2334/2318 246/2333/246 
f 2319/2335/2319 2320/2337/2320 2316/2330/2316 2318/2334/2318 
f 2259/2268/2259 2258/2267/2258 2309/2323/2309 2321/2338/2321 
f 2321/2338/2321 2309/2323/2309 2306/2320/2306 2315/2329/2315 
f 2262/2271/2262 2259/2268/2259 2321/2338/2321 2320/2337/2320 
f 2320/2337/2320 2321/2338/2321 2315/2329/2315 2316/2330/2316 
f 2322/2339/2322 2323/2340/2323 2324/2341/2324 2325/2342/2325 
f 2323/2340/2323 2326/2343/2326 2327/2344/2327 2324/2341/2324 
f 2325/2342/2325 2324/2341/2324 2328/2345/2328 2329/2346/2329 
f 2324/2341/2324 2327/2344/2327 2330/2347/2330 2328/2345/2328 
f 2331/2348/2331 2332/2349/2332 2333/2350/2333 2334/2351/2334 
f 2334/2351/2334 2333/2350/2333 2335/2352/2335 2336/2353/2336 
f 2326/2343/2326 2331/2348/2331 2334/2351/2334 2327/2344/2327 
f 2327/2344/2327 2334/2351/2334 2336/2353/2336 2330/2347/2330 
f 2337/2354/2337 2338/2355/2338 2339/2356/2339 2340/2357/2340 
f 2338/2355/2338 2341/2358/2341 2342/2359/2342 2339/2356/2339 
f 2340/2357/2340 2339/2356/2339 2336/2353/2336 2335/2352/2335 
f 2339/2356/2339 2342/2359/2342 2330/2347/2330 2336/2353/2336 
f 2343/2360/2343 2344/2361/2344 2345/2362/2345 2346/2363/2346 
f 2346/2363/2346 2345/2362/2345 2329/2346/2329 2328/2345/2328 
f 2341/2358/2341 2343/2360/2343 2346/2363/2346 2342/2359/2342 
f 2342/2359/2342 2346/2363/2346 2328/2345/2328 2330/2347/2330 
f 2347/2364/2347 2348/2365/2348 2349/2366/2349 2350/2367/2350 
f 2348/2365/2348 2351/2368/2351 2352/2369/2352 2349/2366/2349 
f 2350/2367/2350 2349/2366/2349 2353/2370/2353 2354/2371/2354 
f 2349/2366/2349 2352/2369/2352 2355/2372/2355 2353/2370/2353 
f 2356/2373/2356 2322/2339/2322 2325/2342/2325 2357/2374/2357 
f 2357/2374/2357 2325/2342/2325 2329/2346/2329 2358/2375/2358 
f 2351/2368/2351 2356/2373/2356 2357/2374/2357 2352/2369/2352 
f 2352/2369/2352 2357/2374/2357 2358/2375/2358 2355/2372/2355 
f 2344/2361/2344 2359/2376/2359 2360/2377/2360 2345/2362/2345 
f 2359/2376/2359 2361/2378/2361 2362/2379/2362 2360/2377/2360 
f 2345/2362/2345 2360/2377/2360 2358/2375/2358 2329/2346/2329 
f 2360/2377/2360 2362/2379/2362 2355/2372/2355 2358/2375/2358 
f 2363/2380/2363 2364/2381/2364 2365/2382/2365 2366/2383/2366 
f 2366/2383/2366 2365/2382/2365 2354/2371/2354 2353/2370/2353 
f 2361/2378/2361 2363/2380/2363 2366/2383/2366 2362/2379/2362 
f 2362/2379/2362 2366/2383/2366 2353/2370/2353 2355/2372/2355 
f 2222/2231/2222 2299/2313/2299 2367/2384/2367 2368/2385/2368 
f 2299/2313/2299 2302/2316/2302 2369/2386/2369 2367/2384/2367 
f 2368/2385/2368 2367/2384/2367 2370/2387/2370 2371/2388/2371 
f 2367/2384/2367 2369/2386/2369 2372/2389/2372 2370/2387/2370 
f 2311/2325/2311 2278/2292/2278 2373/2390/2373 2374/2391/2374 
f 2374/2391/2374 2373/2390/2373 2375/2392/2375 2376/2393/2376 
f 2302/2316/2302 2311/2325/2311 2374/2391/2374 2369/2386/2369 
f 2369/2386/2369 2374/2391/2374 2376/2393/2376 2372/2389/2372 
f 2322/2339/2322 2356/2373/2356 2377/2394/2377 2378/2395/2378 
f 2356/2373/2356 2351/2368/2351 2379/2396/2379 2377/2394/2377 
f 2378/2395/2378 2377/2394/2377 2376/2393/2376 2375/2392/2375 
f 2377/2394/2377 2379/2396/2379 2372/2389/2372 2376/2393/2376 
f 2348/2365/2348 2347/2364/2347 2380/2397/2380 2381/2398/2381 
f 2381/2398/2381 2380/2397/2380 2371/2388/2371 2370/2387/2370 
f 2351/2368/2351 2348/2365/2348 2381/2398/2381 2379/2396/2379 
f 2379/2396/2379 2381/2398/2381 2370/2387/2370 2372/2389/2372 
f 2278/2292/2278 2281/2295/2281 2382/2399/2382 2373/2390/2373 
f 2281/2295/2281 2285/2299/2285 2383/2400/2383 2382/2399/2382 
f 2373/2390/2373 2382/2399/2382 2384/2401/2384 2375/2392/2375 
f 2382/2399/2382 2383/2400/2383 2385/2402/2385 2384/2401/2384 
f 2296/2310/2296 2295/2309/2295 2386/2403/2386 2387/2404/2387 
f 2387/2404/2387 2386/2403/2386 2388/2405/2388 2389/2406/2389 
f 2285/2299/2285 2296/2310/2296 2387/2404/2387 2383/2400/2383 
f 2383/2400/2383 2387/2404/2387 2389/2406/2389 2385/2402/2385 
f 2332/2349/2332 2331/2348/2331 2390/2407/2390 2391/2408/2391 
f 2331/2348/2331 2326/2343/2326 2392/2409/2392 2390/2407/2390 
f 2391/2408/2391 2390/2407/2390 2389/2406/2389 2388/2405/2388 
f 2390/2407/2390 2392/2409/2392 2385/2402/2385 2389/2406/2389 
f 2323/2340/2323 2322/2339/2322 2378/2395/2378 2393/2410/2393 
f 2393/2410/2393 2378/2395/2378 2375/2392/2375 2384/2401/2384 
f 2326/2343/2326 2323/2340/2323 2393/2410/2393 2392/2409/2392 
f 2392/2409/2392 2393/2410/2393 2384/2401/2384 2385/2402/2385 
f 2394/2411/2394 2395/2412/2395 2396/2413/2396 2397/2414/2397 
f 2395/2412/2395 2398/2415/2398 2399/2416/2399 2396/2413/2396 
f 2397/2414/2397 2396/2413/2396 2400/2417/2400 2401/2418/2401 
f 2396/2413/2396 2399/2416/2399 2402/2419/2402 2400/2417/2400 
f 2403/2420/2403 2404/2421/2404 2405/2422/2405 2406/2423/2406 
f 2406/2423/2406 2405/2422/2405 2407/2424/2407 2408/2425/2408 
f 2398/2415/2398 2403/2420/2403 2406/2423/2406 2399/2416/2399 
f 2399/2416/2399 2406/2423/2406 2408/2425/2408 2402/2419/2402 
f 2409/2426/2409 2410/2427/2410 2411/2428/2411 2412/2429/2412 
f 2410/2427/2410 2413/2430/2413 2414/2431/2414 2411/2428/2411 
f 2412/2429/2412 2411/2428/2411 2408/2425/2408 2407/2424/2407 
f 2411/2428/2411 2414/2431/2414 2402/2419/2402 2408/2425/2408 
f 2415/2432/2415 2416/2433/2416 2417/2434/2417 2418/2435/2418 
f 2418/2435/2418 2417/2434/2417 2401/2418/2401 2400/2417/2400 
f 2413/2430/2413 2415/2432/2415 2418/2435/2418 2414/2431/2414 
f 2414/2431/2414 2418/2435/2418 2400/2417/2400 2402/2419/2402 
f 2232/2241/2232 2419/2436/2419 2420/2437/2420 2242/2251/2242 
f 2419/2436/2419 2421/2438/2421 2422/2439/2422 2420/2437/2420 
f 2242/2251/2242 2420/2437/2420 2423/2440/2423 2244/2253/2244 
f 2420/2437/2420 2422/2439/2422 2424/2441/2424 2423/2440/2423 
f 2425/2442/2425 2394/2411/2394 2397/2414/2397 2426/2443/2426 
f 2426/2443/2426 2397/2414/2397 2401/2418/2401 2427/2444/2427 
f 2421/2438/2421 2425/2442/2425 2426/2443/2426 2422/2439/2422 
f 2422/2439/2422 2426/2443/2426 2427/2444/2427 2424/2441/2424 
f 2416/2433/2416 2428/2445/2428 2429/2446/2429 2417/2434/2417 
f 2428/2445/2428 2430/2447/2430 2431/2448/2431 2429/2446/2429 
f 2417/2434/2417 2429/2446/2429 2427/2444/2427 2401/2418/2401 
f 2429/2446/2429 2431/2448/2431 2424/2441/2424 2427/2444/2427 
f 2432/2449/2432 2249/2258/2249 2248/2257/2248 2433/2450/2433 
f 2433/2450/2433 2248/2257/2248 2244/2253/2244 2423/2440/2423 
f 2430/2447/2430 2432/2449/2432 2433/2450/2433 2431/2448/2431 
f 2431/2448/2431 2433/2450/2433 2423/2440/2423 2424/2441/2424 
f 2222/2231/2222 2368/2385/2368 2434/2451/2434 2223/2232/2223 
f 2368/2385/2368 2371/2388/2371 2435/2452/2435 2434/2451/2434 
f 2223/2232/2223 2434/2451/2434 2436/2453/2436 2226/2235/2226 
f 2434/2451/2434 2435/2452/2435 2437/2454/2437 2436/2453/2436 
f 2380/2397/2380 2347/2364/2347 2438/2455/2438 2439/2456/2439 
f 2439/2456/2439 2438/2455/2438 2440/2457/2440 2441/2458/2441 
f 2371/2388/2371 2380/2397/2380 2439/2456/2439 2435/2452/2435 
f 2435/2452/2435 2439/2456/2439 2441/2458/2441 2437/2454/2437 
f 2394/2411/2394 2425/2442/2425 2442/2459/2442 2443/2460/2443 
f 2425/2442/2425 2421/2438/2421 2444/2461/2444 2442/2459/2442 
f 2443/2460/2443 2442/2459/2442 2441/2458/2441 2440/2457/2440 
f 2442/2459/2442 2444/2461/2444 2437/2454/2437 2441/2458/2441 
f 2419/2436/2419 2232/2241/2232 2231/2240/2231 2445/2462/2445 
f 2445/2462/2445 2231/2240/2231 2226/2235/2226 2436/2453/2436 
f 2421/2438/2421 2419/2436/2419 2445/2462/2445 2444/2461/2444 
f 2444/2461/2444 2445/2462/2445 2436/2453/2436 2437/2454/2437 
f 2347/2364/2347 2350/2367/2350 2446/2463/2446 2438/2455/2438 
f 2350/2367/2350 2354/2371/2354 2447/2464/2447 2446/2463/2446 
f 2438/2455/2438 2446/2463/2446 2448/2465/2448 2440/2457/2440 
f 2446/2463/2446 2447/2464/2447 2449/2466/2449 2448/2465/2448 
f 2365/2382/2365 2364/2381/2364 2450/2467/2450 2451/2468/2451 
f 2451/2468/2451 2450/2467/2450 2452/2469/2452 2453/2470/2453 
f 2354/2371/2354 2365/2382/2365 2451/2468/2451 2447/2464/2447 
f 2447/2464/2447 2451/2468/2451 2453/2470/2453 2449/2466/2449 
f 2404/2421/2404 2403/2420/2403 2454/2471/2454 2455/2472/2455 
f 2403/2420/2403 2398/2415/2398 2456/2473/2456 2454/2471/2454 
f 2455/2472/2455 2454/2471/2454 2453/2470/2453 2452/2469/2452 
f 2454/2471/2454 2456/2473/2456 2449/2466/2449 2453/2470/2453 
f 2395/2412/2395 2394/2411/2394 2443/2460/2443 2457/2474/2457 
f 2457/2474/2457 2443/2460/2443 2440/2457/2440 2448/2465/2448 
f 2398/2415/2398 2395/2412/2395 2457/2474/2457 2456/2473/2456 
f 2456/2473/2456 2457/2474/2457 2448/2465/2448 2449/2466/2449 
f 2458/2475/2458 2459/2476/2459 2460/2477/2460 2461/2478/2461 
f 2459/2476/2459 2462/2479/2462 2463/2480/2463 2460/2477/2460 
f 2461/2478/2461 2460/2477/2460 2464/2481/2464 2465/2482/2465 
f 2460/2477/2460 2463/2480/2463 2466/2483/2466 2464/2481/2464 
f 2467/2484/2467 2275/2289/2275 2274/2288/2274 2468/2485/2468 
f 2468/2485/2468 2274/2288/2274 2272/2286/2272 2469/2486/2469 
f 2462/2479/2462 2467/2484/2467 2468/2485/2468 2463/2480/2463 
f 2463/2480/2463 2468/2485/2468 2469/2486/2469 2466/2483/2466 
f 225/2282/225 278/2487/278 2470/2488/2470 2270/2283/2270 
f 278/2487/278 275/2489/275 2471/2490/2471 2470/2488/2470 
f 2270/2283/2270 2470/2488/2470 2469/2486/2469 2272/2286/2272 
f 2470/2488/2470 2471/2490/2471 2466/2483/2466 2469/2486/2469 
f 273/2491/273 272/2492/272 2472/2493/2472 2473/2494/2473 
f 2473/2494/2473 2472/2493/2472 2465/2482/2465 2464/2481/2464 
f 275/2489/275 273/2491/273 2473/2494/2473 2471/2490/2471 
f 2471/2490/2471 2473/2494/2473 2464/2481/2464 2466/2483/2466 
f 2474/2495/2474 2475/2496/2475 2476/2497/2476 2477/2498/2477 
f 2475/2496/2475 2478/2499/2478 2479/2500/2479 2476/2497/2476 
f 2477/2498/2477 2476/2497/2476 2480/2501/2480 2481/2502/2481 
f 2476/2497/2476 2479/2500/2479 2482/2503/2482 2480/2501/2480 
f 2483/2504/2483 2458/2475/2458 2461/2478/2461 2484/2505/2484 
f 2484/2505/2484 2461/2478/2461 2465/2482/2465 2485/2506/2485 
f 2478/2499/2478 2483/2504/2483 2484/2505/2484 2479/2500/2479 
f 2479/2500/2479 2484/2505/2484 2485/2506/2485 2482/2503/2482 
f 272/2492/272 339/2507/339 2486/2508/2486 2472/2493/2472 
f 339/2507/339 336/2509/336 2487/2510/2487 2486/2508/2486 
f 2472/2493/2472 2486/2508/2486 2485/2506/2485 2465/2482/2465 
f 2486/2508/2486 2487/2510/2487 2482/2503/2482 2485/2506/2485 
f 334/2511/334 333/2512/333 2488/2513/2488 2489/2514/2489 
f 2489/2514/2489 2488/2513/2488 2481/2502/2481 2480/2501/2480 
f 336/2509/336 334/2511/334 2489/2514/2489 2487/2510/2487 
f 2487/2510/2487 2489/2514/2489 2480/2501/2480 2482/2503/2482 
f 2490/2515/2490 2491/2516/2491 2492/2517/2492 2493/2518/2493 
f 2491/2516/2491 2494/2519/2494 2495/2520/2495 2492/2517/2492 
f 2493/2518/2493 2492/2517/2492 2496/2521/2496 2497/2522/2497 
f 2492/2517/2492 2495/2520/2495 2498/2523/2498 2496/2521/2496 
f 2499/2524/2499 2500/2525/2500 2501/2526/2501 2502/2527/2502 
f 2502/2527/2502 2501/2526/2501 2503/2528/2503 2504/2529/2504 
f 2494/2519/2494 2499/2524/2499 2502/2527/2502 2495/2520/2495 
f 2495/2520/2495 2502/2527/2502 2504/2529/2504 2498/2523/2498 
f 2458/2475/2458 2483/2504/2483 2505/2530/2505 2506/2531/2506 
f 2483/2504/2483 2478/2499/2478 2507/2532/2507 2505/2530/2505 
f 2506/2531/2506 2505/2530/2505 2504/2529/2504 2503/2528/2503 
f 2505/2530/2505 2507/2532/2507 2498/2523/2498 2504/2529/2504 
f 2475/2496/2475 2474/2495/2474 2508/2533/2508 2509/2534/2509 
f 2509/2534/2509 2508/2533/2508 2497/2522/2497 2496/2521/2496 
f 2478/2499/2478 2475/2496/2475 2509/2534/2509 2507/2532/2507 
f 2507/2532/2507 2509/2534/2509 2496/2521/2496 2498/2523/2498 
f 2500/2525/2500 2510/2535/2510 2511/2536/2511 2501/2526/2501 
f 2510/2535/2510 2512/2537/2512 2513/2538/2513 2511/2536/2511 
f 2501/2526/2501 2511/2536/2511 2514/2539/2514 2503/2528/2503 
f 2511/2536/2511 2513/2538/2513 2515/2540/2515 2514/2539/2514 
f 2516/2541/2516 2295/2309/2295 2294/2308/2294 2517/2542/2517 
f 2517/2542/2517 2294/2308/2294 2292/2306/2292 2518/2543/2518 
f 2512/2537/2512 2516/2541/2516 2517/2542/2517 2513/2538/2513 
f 2513/2538/2513 2517/2542/2517 2518/2543/2518 2515/2540/2515 
f 2275/2289/2275 2467/2484/2467 2519/2544/2519 2290/2304/2290 
f 2467/2484/2467 2462/2479/2462 2520/2545/2520 2519/2544/2519 
f 2290/2304/2290 2519/2544/2519 2518/2543/2518 2292/2306/2292 
f 2519/2544/2519 2520/2545/2520 2515/2540/2515 2518/2543/2518 
f 2459/2476/2459 2458/2475/2458 2506/2531/2506 2521/2546/2521 
f 2521/2546/2521 2506/2531/2506 2503/2528/2503 2514/2539/2514 
f 2462/2479/2462 2459/2476/2459 2521/2546/2521 2520/2545/2520 
f 2520/2545/2520 2521/2546/2521 2514/2539/2514 2515/2540/2515 
f 2522/2547/2522 2523/2548/2523 2524/2549/2524 2525/2550/2525 
f 2523/2548/2523 2526/2551/2526 2527/2552/2527 2524/2549/2524 
f 2525/2550/2525 2524/2549/2524 2528/2553/2528 2529/2554/2529 
f 2524/2549/2524 2527/2552/2527 2530/2555/2530 2528/2553/2528 
f 2531/2556/2531 491/2557/491 490/2558/490 2532/2559/2532 
f 2532/2559/2532 490/2558/490 488/2560/488 2533/2561/2533 
f 2526/2551/2526 2531/2556/2531 2532/2559/2532 2527/2552/2527 
f 2527/2552/2527 2532/2559/2532 2533/2561/2533 2530/2555/2530 
f 484/2562/484 2534/2563/2534 2535/2564/2535 485/2565/485 
f 2534/2563/2534 2536/2566/2536 2537/2567/2537 2535/2564/2535 
f 485/2565/485 2535/2564/2535 2533/2561/2533 488/2560/488 
f 2535/2564/2535 2537/2567/2537 2530/2555/2530 2533/2561/2533 
f 2538/2568/2538 2539/2569/2539 2540/2570/2540 2541/2571/2541 
f 2541/2571/2541 2540/2570/2540 2529/2554/2529 2528/2553/2528 
f 2536/2566/2536 2538/2568/2538 2541/2571/2541 2537/2567/2537 
f 2537/2567/2537 2541/2571/2541 2528/2553/2528 2530/2555/2530 
f 2542/2572/2542 2543/2573/2543 2544/2574/2544 2545/2575/2545 
f 2543/2573/2543 2546/2576/2546 2547/2577/2547 2544/2574/2544 
f 2545/2575/2545 2544/2574/2544 2548/2578/2548 2549/2579/2549 
f 2544/2574/2544 2547/2577/2547 2550/2580/2550 2548/2578/2548 
f 2551/2581/2551 2522/2547/2522 2525/2550/2525 2552/2582/2552 
f 2552/2582/2552 2525/2550/2525 2529/2554/2529 2553/2583/2553 
f 2546/2576/2546 2551/2581/2551 2552/2582/2552 2547/2577/2547 
f 2547/2577/2547 2552/2582/2552 2553/2583/2553 2550/2580/2550 
f 2539/2569/2539 2554/2584/2554 2555/2585/2555 2540/2570/2540 
f 2554/2584/2554 2556/2586/2556 2557/2587/2557 2555/2585/2555 
f 2540/2570/2540 2555/2585/2555 2553/2583/2553 2529/2554/2529 
f 2555/2585/2555 2557/2587/2557 2550/2580/2550 2553/2583/2553 
f 2558/2588/2558 2559/2589/2559 2560/2590/2560 2561/2591/2561 
f 2561/2591/2561 2560/2590/2560 2549/2579/2549 2548/2578/2548 
f 2556/2586/2556 2558/2588/2558 2561/2591/2561 2557/2587/2557 
f 2557/2587/2557 2561/2591/2561 2548/2578/2548 2550/2580/2550 
f 2490/2515/2490 2493/2518/2493 2562/2592/2562 2563/2593/2563 
f 2493/2518/2493 2497/2522/2497 2564/2594/2564 2562/2592/2562 
f 2563/2593/2563 2562/2592/2562 2565/2595/2565 2566/2596/2566 
f 2562/2592/2562 2564/2594/2564 2567/2597/2567 2565/2595/2565 
f 2508/2533/2508 2474/2495/2474 2568/2598/2568 2569/2599/2569 
f 2569/2599/2569 2568/2598/2568 2570/2600/2570 2571/2601/2571 
f 2497/2522/2497 2508/2533/2508 2569/2599/2569 2564/2594/2564 
f 2564/2594/2564 2569/2599/2569 2571/2601/2571 2567/2597/2567 
f 2522/2547/2522 2551/2581/2551 2572/2602/2572 2573/2603/2573 
f 2551/2581/2551 2546/2576/2546 2574/2604/2574 2572/2602/2572 
f 2573/2603/2573 2572/2602/2572 2571/2601/2571 2570/2600/2570 
f 2572/2602/2572 2574/2604/2574 2567/2597/2567 2571/2601/2571 
f 2543/2573/2543 2542/2572/2542 2575/2605/2575 2576/2606/2576 
f 2576/2606/2576 2575/2605/2575 2566/2596/2566 2565/2595/2565 
f 2546/2576/2546 2543/2573/2543 2576/2606/2576 2574/2604/2574 
f 2574/2604/2574 2576/2606/2576 2565/2595/2565 2567/2597/2567 
f 2474/2495/2474 2477/2498/2477 2577/2607/2577 2568/2598/2568 
f 2477/2498/2477 2481/2502/2481 2578/2608/2578 2577/2607/2577 
f 2568/2598/2568 2577/2607/2577 2579/2609/2579 2570/2600/2570 
f 2577/2607/2577 2578/2608/2578 2580/2610/2580 2579/2609/2579 
f 2488/2513/2488 333/2512/333 507/2611/507 2581/2612/2581 
f 2581/2612/2581 507/2611/507 505/2613/505 2582/2614/2582 
f 2481/2502/2481 2488/2513/2488 2581/2612/2581 2578/2608/2578 
f 2578/2608/2578 2581/2612/2581 2582/2614/2582 2580/2610/2580 
f 491/2557/491 2531/2556/2531 2583/2615/2583 503/2616/503 
f 2531/2556/2531 2526/2551/2526 2584/2617/2584 2583/2615/2583 
f 503/2616/503 2583/2615/2583 2582/2614/2582 505/2613/505 
f 2583/2615/2583 2584/2617/2584 2580/2610/2580 2582/2614/2582 
f 2523/2548/2523 2522/2547/2522 2573/2603/2573 2585/2618/2585 
f 2585/2618/2585 2573/2603/2573 2570/2600/2570 2579/2609/2579 
f 2526/2551/2526 2523/2548/2523 2585/2618/2585 2584/2617/2584 
f 2584/2617/2584 2585/2618/2585 2579/2609/2579 2580/2610/2580 
f 2586/2619/2586 2587/2620/2587 2588/2621/2588 2589/2622/2589 
f 2587/2620/2587 2590/2623/2590 2591/2624/2591 2588/2621/2588 
f 2589/2622/2589 2588/2621/2588 2592/2625/2592 2593/2626/2593 
f 2588/2621/2588 2591/2624/2591 2594/2627/2594 2592/2625/2592 
f 2595/2628/2595 2596/2629/2596 2597/2630/2597 2598/2631/2598 
f 2598/2631/2598 2597/2630/2597 2599/2632/2599 2600/2633/2600 
f 2590/2623/2590 2595/2628/2595 2598/2631/2598 2591/2624/2591 
f 2591/2624/2591 2598/2631/2598 2600/2633/2600 2594/2627/2594 
f 2601/2634/2601 2602/2635/2602 2603/2636/2603 2604/2637/2604 
f 2602/2635/2602 2605/2638/2605 2606/2639/2606 2603/2636/2603 
f 2604/2637/2604 2603/2636/2603 2600/2633/2600 2599/2632/2599 
f 2603/2636/2603 2606/2639/2606 2594/2627/2594 2600/2633/2600 
f 2607/2640/2607 2608/2641/2608 2609/2642/2609 2610/2643/2610 
f 2610/2643/2610 2609/2642/2609 2593/2626/2593 2592/2625/2592 
f 2605/2638/2605 2607/2640/2607 2610/2643/2610 2606/2639/2606 
f 2606/2639/2606 2610/2643/2610 2592/2625/2592 2594/2627/2594 
f 2611/2644/2611 2612/2645/2612 2613/2646/2613 2614/2647/2614 
f 2612/2645/2612 2615/2648/2615 2616/2649/2616 2613/2646/2613 
f 2614/2647/2614 2613/2646/2613 2617/2650/2617 2618/2651/2618 
f 2613/2646/2613 2616/2649/2616 2619/2652/2619 2617/2650/2617 
f 2620/2653/2620 2586/2619/2586 2589/2622/2589 2621/2654/2621 
f 2621/2654/2621 2589/2622/2589 2593/2626/2593 2622/2655/2622 
f 2615/2648/2615 2620/2653/2620 2621/2654/2621 2616/2649/2616 
f 2616/2649/2616 2621/2654/2621 2622/2655/2622 2619/2652/2619 
f 2608/2641/2608 2623/2656/2623 2624/2657/2624 2609/2642/2609 
f 2623/2656/2623 2625/2658/2625 2626/2659/2626 2624/2657/2624 
f 2609/2642/2609 2624/2657/2624 2622/2655/2622 2593/2626/2593 
f 2624/2657/2624 2626/2659/2626 2619/2652/2619 2622/2655/2622 
f 2627/2660/2627 2628/2661/2628 2629/2662/2629 2630/2663/2630 
f 2630/2663/2630 2629/2662/2629 2618/2651/2618 2617/2650/2617 
f 2625/2658/2625 2627/2660/2627 2630/2663/2630 2626/2659/2626 
f 2626/2659/2626 2630/2663/2630 2617/2650/2617 2619/2652/2619 
f 2490/2515/2490 2563/2593/2563 2631/2664/2631 2632/2665/2632 
f 2563/2593/2563 2566/2596/2566 2633/2666/2633 2631/2664/2631 
f 2632/2665/2632 2631/2664/2631 2634/2667/2634 2635/2668/2635 
f 2631/2664/2631 2633/2666/2633 2636/2669/2636 2634/2667/2634 
f 2575/2605/2575 2542/2572/2542 2637/2670/2637 2638/2671/2638 
f 2638/2671/2638 2637/2670/2637 2639/2672/2639 2640/2673/2640 
f 2566/2596/2566 2575/2605/2575 2638/2671/2638 2633/2666/2633 
f 2633/2666/2633 2638/2671/2638 2640/2673/2640 2636/2669/2636 
f 2586/2619/2586 2620/2653/2620 2641/2674/2641 2642/2675/2642 
f 2620/2653/2620 2615/2648/2615 2643/2676/2643 2641/2674/2641 
f 2642/2675/2642 2641/2674/2641 2640/2673/2640 2639/2672/2639 
f 2641/2674/2641 2643/2676/2643 2636/2669/2636 2640/2673/2640 
f 2612/2645/2612 2611/2644/2611 2644/2677/2644 2645/2678/2645 
f 2645/2678/2645 2644/2677/2644 2635/2668/2635 2634/2667/2634 
f 2615/2648/2615 2612/2645/2612 2645/2678/2645 2643/2676/2643 
f 2643/2676/2643 2645/2678/2645 2634/2667/2634 2636/2669/2636 
f 2542/2572/2542 2545/2575/2545 2646/2679/2646 2637/2670/2637 
f 2545/2575/2545 2549/2579/2549 2647/2680/2647 2646/2679/2646 
f 2637/2670/2637 2646/2679/2646 2648/2681/2648 2639/2672/2639 
f 2646/2679/2646 2647/2680/2647 2649/2682/2649 2648/2681/2648 
f 2560/2590/2560 2559/2589/2559 2650/2683/2650 2651/2684/2651 
f 2651/2684/2651 2650/2683/2650 2652/2685/2652 2653/2686/2653 
f 2549/2579/2549 2560/2590/2560 2651/2684/2651 2647/2680/2647 
f 2647/2680/2647 2651/2684/2651 2653/2686/2653 2649/2682/2649 
f 2596/2629/2596 2595/2628/2595 2654/2687/2654 2655/2688/2655 
f 2595/2628/2595 2590/2623/2590 2656/2689/2656 2654/2687/2654 
f 2655/2688/2655 2654/2687/2654 2653/2686/2653 2652/2685/2652 
f 2654/2687/2654 2656/2689/2656 2649/2682/2649 2653/2686/2653 
f 2587/2620/2587 2586/2619/2586 2642/2675/2642 2657/2690/2657 
f 2657/2690/2657 2642/2675/2642 2639/2672/2639 2648/2681/2648 
f 2590/2623/2590 2587/2620/2587 2657/2690/2657 2656/2689/2656 
f 2656/2689/2656 2657/2690/2657 2648/2681/2648 2649/2682/2649 
f 2658/2691/2658 2659/2692/2659 2660/2693/2660 2661/2694/2661 
f 2659/2692/2659 2662/2695/2662 2663/2696/2663 2660/2693/2660 
f 2661/2694/2661 2660/2693/2660 2664/2697/2664 2665/2698/2665 
f 2660/2693/2660 2663/2696/2663 2666/2699/2666 2664/2697/2664 
f 2667/2700/2667 2668/2701/2668 2669/2702/2669 2670/2703/2670 
f 2670/2703/2670 2669/2702/2669 2671/2704/2671 2672/2705/2672 
f 2662/2695/2662 2667/2700/2667 2670/2703/2670 2663/2696/2663 
f 2663/2696/2663 2670/2703/2670 2672/2705/2672 2666/2699/2666 
f 2337/2354/2337 2340/2357/2340 2673/2706/2673 2674/2707/2674 
f 2340/2357/2340 2335/2352/2335 2675/2708/2675 2673/2706/2673 
f 2674/2707/2674 2673/2706/2673 2672/2705/2672 2671/2704/2671 
f 2673/2706/2673 2675/2708/2675 2666/2699/2666 2672/2705/2672 
f 2333/2350/2333 2332/2349/2332 2676/2709/2676 2677/2710/2677 
f 2677/2710/2677 2676/2709/2676 2665/2698/2665 2664/2697/2664 
f 2335/2352/2335 2333/2350/2333 2677/2710/2677 2675/2708/2675 
f 2675/2708/2675 2677/2710/2677 2664/2697/2664 2666/2699/2666 
f 2500/2525/2500 2678/2711/2678 2679/2712/2679 2510/2535/2510 
f 2678/2711/2678 2680/2713/2680 2681/2714/2681 2679/2712/2679 
f 2510/2535/2510 2679/2712/2679 2682/2715/2682 2512/2537/2512 
f 2679/2712/2679 2681/2714/2681 2683/2716/2683 2682/2715/2682 
f 2684/2717/2684 2658/2691/2658 2661/2694/2661 2685/2718/2685 
f 2685/2718/2685 2661/2694/2661 2665/2698/2665 2686/2719/2686 
f 2680/2713/2680 2684/2717/2684 2685/2718/2685 2681/2714/2681 
f 2681/2714/2681 2685/2718/2685 2686/2719/2686 2683/2716/2683 
f 2332/2349/2332 2391/2408/2391 2687/2720/2687 2676/2709/2676 
f 2391/2408/2391 2388/2405/2388 2688/2721/2688 2687/2720/2687 
f 2676/2709/2676 2687/2720/2687 2686/2719/2686 2665/2698/2665 
f 2687/2720/2687 2688/2721/2688 2683/2716/2683 2686/2719/2686 
f 2386/2403/2386 2295/2309/2295 2516/2541/2516 2689/2722/2689 
f 2689/2722/2689 2516/2541/2516 2512/2537/2512 2682/2715/2682 
f 2388/2405/2388 2386/2403/2386 2689/2722/2689 2688/2721/2688 
f 2688/2721/2688 2689/2722/2689 2682/2715/2682 2683/2716/2683 
f 2490/2515/2490 2632/2665/2632 2690/2723/2690 2491/2516/2491 
f 2632/2665/2632 2635/2668/2635 2691/2724/2691 2690/2723/2690 
f 2491/2516/2491 2690/2723/2690 2692/2725/2692 2494/2519/2494 
f 2690/2723/2690 2691/2724/2691 2693/2726/2693 2692/2725/2692 
f 2644/2677/2644 2611/2644/2611 2694/2727/2694 2695/2728/2695 
f 2695/2728/2695 2694/2727/2694 2696/2729/2696 2697/2730/2697 
f 2635/2668/2635 2644/2677/2644 2695/2728/2695 2691/2724/2691 
f 2691/2724/2691 2695/2728/2695 2697/2730/2697 2693/2726/2693 
f 2658/2691/2658 2684/2717/2684 2698/2731/2698 2699/2732/2699 
f 2684/2717/2684 2680/2713/2680 2700/2733/2700 2698/2731/2698 
f 2699/2732/2699 2698/2731/2698 2697/2730/2697 2696/2729/2696 
f 2698/2731/2698 2700/2733/2700 2693/2726/2693 2697/2730/2697 
f 2678/2711/2678 2500/2525/2500 2499/2524/2499 2701/2734/2701 
f 2701/2734/2701 2499/2524/2499 2494/2519/2494 2692/2725/2692 
f 2680/2713/2680 2678/2711/2678 2701/2734/2701 2700/2733/2700 
f 2700/2733/2700 2701/2734/2701 2692/2725/2692 2693/2726/2693 
f 2611/2644/2611 2614/2647/2614 2702/2735/2702 2694/2727/2694 
f 2614/2647/2614 2618/2651/2618 2703/2736/2703 2702/2735/2702 
f 2694/2727/2694 2702/2735/2702 2704/2737/2704 2696/2729/2696 
f 2702/2735/2702 2703/2736/2703 2705/2738/2705 2704/2737/2704 
f 2629/2662/2629 2628/2661/2628 2706/2739/2706 2707/2740/2707 
f 2707/2740/2707 2706/2739/2706 2708/2741/2708 2709/2742/2709 
f 2618/2651/2618 2629/2662/2629 2707/2740/2707 2703/2736/2703 
f 2703/2736/2703 2707/2740/2707 2709/2742/2709 2705/2738/2705 
f 2668/2701/2668 2667/2700/2667 2710/2743/2710 2711/2744/2711 
f 2667/2700/2667 2662/2695/2662 2712/2745/2712 2710/2743/2710 
f 2711/2744/2711 2710/2743/2710 2709/2742/2709 2708/2741/2708 
f 2710/2743/2710 2712/2745/2712 2705/2738/2705 2709/2742/2709 
f 2659/2692/2659 2658/2691/2658 2699/2732/2699 2713/2746/2713 
f 2713/2746/2713 2699/2732/2699 2696/2729/2696 2704/2737/2704 
f 2662/2695/2662 2659/2692/2659 2713/2746/2713 2712/2745/2712 
f 2712/2745/2712 2713/2746/2713 2704/2737/2704 2705/2738/2705 
f 2714/2747/2714 2715/2748/2715 2716/2749/2716 2717/2750/2717 
f 2715/2748/2715 2718/2751/2718 2719/2752/2719 2716/2749/2716 
f 2717/2750/2717 2716/2749/2716 2720/2753/2720 2721/2754/2721 
f 2716/2749/2716 2719/2752/2719 2722/2755/2722 2720/2753/2720 
f 2723/2756/2723 2724/2757/2724 2725/2758/2725 2726/2759/2726 
f 2726/2759/2726 2725/2758/2725 2727/2760/2727 2728/2761/2728 
f 2718/2751/2718 2723/2756/2723 2726/2759/2726 2719/2752/2719 
f 2719/2752/2719 2726/2759/2726 2728/2761/2728 2722/2755/2722 
f 2409/2426/2409 2412/2429/2412 2729/2762/2729 2730/2763/2730 
f 2412/2429/2412 2407/2424/2407 2731/2764/2731 2729/2762/2729 
f 2730/2763/2730 2729/2762/2729 2728/2761/2728 2727/2760/2727 
f 2729/2762/2729 2731/2764/2731 2722/2755/2722 2728/2761/2728 
f 2405/2422/2405 2404/2421/2404 2732/2765/2732 2733/2766/2733 
f 2733/2766/2733 2732/2765/2732 2721/2754/2721 2720/2753/2720 
f 2407/2424/2407 2405/2422/2405 2733/2766/2733 2731/2764/2731 
f 2731/2764/2731 2733/2766/2733 2720/2753/2720 2722/2755/2722 
f 2734/2767/2734 2735/2768/2735 2736/2769/2736 2737/2770/2737 
f 2735/2768/2735 2738/2771/2738 2739/2772/2739 2736/2769/2736 
f 2737/2770/2737 2736/2769/2736 2740/2773/2740 2741/2774/2741 
f 2736/2769/2736 2739/2772/2739 2742/2775/2742 2740/2773/2740 
f 2743/2776/2743 2714/2747/2714 2717/2750/2717 2744/2777/2744 
f 2744/2777/2744 2717/2750/2717 2721/2754/2721 2745/2778/2745 
f 2738/2771/2738 2743/2776/2743 2744/2777/2744 2739/2772/2739 
f 2739/2772/2739 2744/2777/2744 2745/2778/2745 2742/2775/2742 
f 2404/2421/2404 2455/2472/2455 2746/2779/2746 2732/2765/2732 
f 2455/2472/2455 2452/2469/2452 2747/2780/2747 2746/2779/2746 
f 2732/2765/2732 2746/2779/2746 2745/2778/2745 2721/2754/2721 
f 2746/2779/2746 2747/2780/2747 2742/2775/2742 2745/2778/2745 
f 2450/2467/2450 2364/2381/2364 2748/2781/2748 2749/2782/2749 
f 2749/2782/2749 2748/2781/2748 2741/2774/2741 2740/2773/2740 
f 2452/2469/2452 2450/2467/2450 2749/2782/2749 2747/2780/2747 
f 2747/2780/2747 2749/2782/2749 2740/2773/2740 2742/2775/2742 
f 2750/2783/2750 2751/2784/2751 2752/2785/2752 2753/2786/2753 
f 2751/2784/2751 2754/2787/2754 2755/2788/2755 2752/2785/2752 
f 2753/2786/2753 2752/2785/2752 2756/2789/2756 2757/2790/2757 
f 2752/2785/2752 2755/2788/2755 2758/2791/2758 2756/2789/2756 
f 2759/2792/2759 2760/2793/2760 2761/2794/2761 2762/2795/2762 
f 2762/2795/2762 2761/2794/2761 2763/2796/2763 2764/2797/2764 
f 2754/2787/2754 2759/2792/2759 2762/2795/2762 2755/2788/2755 
f 2755/2788/2755 2762/2795/2762 2764/2797/2764 2758/2791/2758 
f 2714/2747/2714 2743/2776/2743 2765/2798/2765 2766/2799/2766 
f 2743/2776/2743 2738/2771/2738 2767/2800/2767 2765/2798/2765 
f 2766/2799/2766 2765/2798/2765 2764/2797/2764 2763/2796/2763 
f 2765/2798/2765 2767/2800/2767 2758/2791/2758 2764/2797/2764 
f 2735/2768/2735 2734/2767/2734 2768/2801/2768 2769/2802/2769 
f 2769/2802/2769 2768/2801/2768 2757/2790/2757 2756/2789/2756 
f 2738/2771/2738 2735/2768/2735 2769/2802/2769 2767/2800/2767 
f 2767/2800/2767 2769/2802/2769 2756/2789/2756 2758/2791/2758 
f 2760/2793/2760 2770/2803/2770 2771/2804/2771 2761/2794/2761 
f 2770/2803/2770 2772/2805/2772 2773/2806/2773 2771/2804/2771 
f 2761/2794/2761 2771/2804/2771 2774/2807/2774 2763/2796/2763 
f 2771/2804/2771 2773/2806/2773 2775/2808/2775 2774/2807/2774 
f 2776/2809/2776 2777/2810/2777 2778/2811/2778 2779/2812/2779 
f 2779/2812/2779 2778/2811/2778 2780/2813/2780 2781/2814/2781 
f 2772/2805/2772 2776/2809/2776 2779/2812/2779 2773/2806/2773 
f 2773/2806/2773 2779/2812/2779 2781/2814/2781 2775/2808/2775 
f 2724/2757/2724 2723/2756/2723 2782/2815/2782 2783/2816/2783 
f 2723/2756/2723 2718/2751/2718 2784/2817/2784 2782/2815/2782 
f 2783/2816/2783 2782/2815/2782 2781/2814/2781 2780/2813/2780 
f 2782/2815/2782 2784/2817/2784 2775/2808/2775 2781/2814/2781 
f 2715/2748/2715 2714/2747/2714 2766/2799/2766 2785/2818/2785 
f 2785/2818/2785 2766/2799/2766 2763/2796/2763 2774/2807/2774 
f 2718/2751/2718 2715/2748/2715 2785/2818/2785 2784/2817/2784 
f 2784/2817/2784 2785/2818/2785 2774/2807/2774 2775/2808/2775 
f 2786/2819/2786 2787/2820/2787 2788/2821/2788 2789/2822/2789 
f 2787/2820/2787 2790/2823/2790 2791/2824/2791 2788/2821/2788 
f 2789/2822/2789 2788/2821/2788 2792/2825/2792 2793/2826/2793 
f 2788/2821/2788 2791/2824/2791 2794/2827/2794 2792/2825/2792 
f 2795/2828/2795 2344/2361/2344 2343/2360/2343 2796/2829/2796 
f 2796/2829/2796 2343/2360/2343 2341/2358/2341 2797/2830/2797 
f 2790/2823/2790 2795/2828/2795 2796/2829/2796 2791/2824/2791 
f 2791/2824/2791 2796/2829/2796 2797/2830/2797 2794/2827/2794 
f 2337/2354/2337 2798/2831/2798 2799/2832/2799 2338/2355/2338 
f 2798/2831/2798 2800/2833/2800 2801/2834/2801 2799/2832/2799 
f 2338/2355/2338 2799/2832/2799 2797/2830/2797 2341/2358/2341 
f 2799/2832/2799 2801/2834/2801 2794/2827/2794 2797/2830/2797 
f 2802/2835/2802 2803/2836/2803 2804/2837/2804 2805/2838/2805 
f 2805/2838/2805 2804/2837/2804 2793/2826/2793 2792/2825/2792 
f 2800/2833/2800 2802/2835/2802 2805/2838/2805 2801/2834/2801 
f 2801/2834/2801 2805/2838/2805 2792/2825/2792 2794/2827/2794 
f 2806/2839/2806 2807/2840/2807 2808/2841/2808 2809/2842/2809 
f 2807/2840/2807 2810/2843/2810 2811/2844/2811 2808/2841/2808 
f 2809/2842/2809 2808/2841/2808 2812/2845/2812 2813/2846/2813 
f 2808/2841/2808 2811/2844/2811 2814/2847/2814 2812/2845/2812 
f 2815/2848/2815 2786/2819/2786 2789/2822/2789 2816/2849/2816 
f 2816/2849/2816 2789/2822/2789 2793/2826/2793 2817/2850/2817 
f 2810/2843/2810 2815/2848/2815 2816/2849/2816 2811/2844/2811 
f 2811/2844/2811 2816/2849/2816 2817/2850/2817 2814/2847/2814 
f 2803/2836/2803 2818/2851/2818 2819/2852/2819 2804/2837/2804 
f 2818/2851/2818 2820/2853/2820 2821/2854/2821 2819/2852/2819 
f 2804/2837/2804 2819/2852/2819 2817/2850/2817 2793/2826/2793 
f 2819/2852/2819 2821/2854/2821 2814/2847/2814 2817/2850/2817 
f 2822/2855/2822 2823/2856/2823 2824/2857/2824 2825/2858/2825 
f 2825/2858/2825 2824/2857/2824 2813/2846/2813 2812/2845/2812 
f 2820/2853/2820 2822/2855/2822 2825/2858/2825 2821/2854/2821 
f 2821/2854/2821 2825/2858/2825 2812/2845/2812 2814/2847/2814 
f 2750/2783/2750 2753/2786/2753 2826/2859/2826 2827/2860/2827 
f 2753/2786/2753 2757/2790/2757 2828/2861/2828 2826/2859/2826 
f 2827/2860/2827 2826/2859/2826 2829/2862/2829 2830/2863/2830 
f 2826/2859/2826 2828/2861/2828 2831/2864/2831 2829/2862/2829 
f 2768/2801/2768 2734/2767/2734 2832/2865/2832 2833/2866/2833 
f 2833/2866/2833 2832/2865/2832 2834/2867/2834 2835/2868/2835 
f 2757/2790/2757 2768/2801/2768 2833/2866/2833 2828/2861/2828 
f 2828/2861/2828 2833/2866/2833 2835/2868/2835 2831/2864/2831 
f 2786/2819/2786 2815/2848/2815 2836/2869/2836 2837/2870/2837 
f 2815/2848/2815 2810/2843/2810 2838/2871/2838 2836/2869/2836 
f 2837/2870/2837 2836/2869/2836 2835/2868/2835 2834/2867/2834 
f 2836/2869/2836 2838/2871/2838 2831/2864/2831 2835/2868/2835 
f 2807/2840/2807 2806/2839/2806 2839/2872/2839 2840/2873/2840 
f 2840/2873/2840 2839/2872/2839 2830/2863/2830 2829/2862/2829 
f 2810/2843/2810 2807/2840/2807 2840/2873/2840 2838/2871/2838 
f 2838/2871/2838 2840/2873/2840 2829/2862/2829 2831/2864/2831 
f 2734/2767/2734 2737/2770/2737 2841/2874/2841 2832/2865/2832 
f 2737/2770/2737 2741/2774/2741 2842/2875/2842 2841/2874/2841 
f 2832/2865/2832 2841/2874/2841 2843/2876/2843 2834/2867/2834 
f 2841/2874/2841 2842/2875/2842 2844/2877/2844 2843/2876/2843 
f 2748/2781/2748 2364/2381/2364 2363/2380/2363 2845/2878/2845 
f 2845/2878/2845 2363/2380/2363 2361/2378/2361 2846/2879/2846 
f 2741/2774/2741 2748/2781/2748 2845/2878/2845 2842/2875/2842 
f 2842/2875/2842 2845/2878/2845 2846/2879/2846 2844/2877/2844 
f 2344/2361/2344 2795/2828/2795 2847/2880/2847 2359/2376/2359 
f 2795/2828/2795 2790/2823/2790 2848/2881/2848 2847/2880/2847 
f 2359/2376/2359 2847/2880/2847 2846/2879/2846 2361/2378/2361 
f 2847/2880/2847 2848/2881/2848 2844/2877/2844 2846/2879/2846 
f 2787/2820/2787 2786/2819/2786 2837/2870/2837 2849/2882/2849 
f 2849/2882/2849 2837/2870/2837 2834/2867/2834 2843/2876/2843 
f 2790/2823/2790 2787/2820/2787 2849/2882/2849 2848/2881/2848 
f 2848/2881/2848 2849/2882/2849 2843/2876/2843 2844/2877/2844 
f 2850/2883/2850 2851/2884/2851 2852/2885/2852 2853/2886/2853 
f 2851/2884/2851 2854/2887/2854 2855/2888/2855 2852/2885/2852 
f 2853/2886/2853 2852/2885/2852 2856/2889/2856 2857/2890/2857 
f 2852/2885/2852 2855/2888/2855 2858/2891/2858 2856/2889/2856 
f 2859/2892/2859 2860/2893/2860 2861/2894/2861 2862/2895/2862 
f 2862/2895/2862 2861/2894/2861 2863/2896/2863 2864/2897/2864 
f 2854/2887/2854 2859/2892/2859 2862/2895/2862 2855/2888/2855 
f 2855/2888/2855 2862/2895/2862 2864/2897/2864 2858/2891/2858 
f 1145/2898/1145 1148/2899/1148 2865/2900/2865 2866/2901/2866 
f 1148/2899/1148 1143/2902/1143 2867/2903/2867 2865/2900/2865 
f 2866/2901/2866 2865/2900/2865 2864/2897/2864 2863/2896/2863 
f 2865/2900/2865 2867/2903/2867 2858/2891/2858 2864/2897/2864 
f 1141/2904/1141 1140/2905/1140 2868/2906/2868 2869/2907/2869 
f 2869/2907/2869 2868/2906/2868 2857/2890/2857 2856/2889/2856 
f 1143/2902/1143 1141/2904/1141 2869/2907/2869 2867/2903/2867 
f 2867/2903/2867 2869/2907/2869 2856/2889/2856 2858/2891/2858 
f 2870/2908/2870 2871/2909/2871 2872/2910/2872 2873/2911/2873 
f 2871/2909/2871 2874/2912/2874 2875/2913/2875 2872/2910/2872 
f 2873/2911/2873 2872/2910/2872 2876/2914/2876 2877/2915/2877 
f 2872/2910/2872 2875/2913/2875 2878/2916/2878 2876/2914/2876 
f 2879/2917/2879 2850/2883/2850 2853/2886/2853 2880/2918/2880 
f 2880/2918/2880 2853/2886/2853 2857/2890/2857 2881/2919/2881 
f 2874/2912/2874 2879/2917/2879 2880/2918/2880 2875/2913/2875 
f 2875/2913/2875 2880/2918/2880 2881/2919/2881 2878/2916/2878 
f 1140/2905/1140 1199/2920/1199 2882/2921/2882 2868/2906/2868 
f 1199/2920/1199 1196/2922/1196 2883/2923/2883 2882/2921/2882 
f 2868/2906/2868 2882/2921/2882 2881/2919/2881 2857/2890/2857 
f 2882/2921/2882 2883/2923/2883 2878/2916/2878 2881/2919/2881 
f 1194/2924/1194 1091/2925/1091 2884/2926/2884 2885/2927/2885 
f 2885/2927/2885 2884/2926/2884 2877/2915/2877 2876/2914/2876 
f 1196/2922/1196 1194/2924/1194 2885/2927/2885 2883/2923/2883 
f 2883/2923/2883 2885/2927/2885 2876/2914/2876 2878/2916/2878 
f 2750/2783/2750 2827/2860/2827 2886/2928/2886 2887/2929/2887 
f 2827/2860/2827 2830/2863/2830 2888/2930/2888 2886/2928/2886 
f 2887/2929/2887 2886/2928/2886 2889/2931/2889 2890/2932/2890 
f 2886/2928/2886 2888/2930/2888 2891/2933/2891 2889/2931/2889 
f 2839/2872/2839 2806/2839/2806 2892/2934/2892 2893/2935/2893 
f 2893/2935/2893 2892/2934/2892 2894/2936/2894 2895/2937/2895 
f 2830/2863/2830 2839/2872/2839 2893/2935/2893 2888/2930/2888 
f 2888/2930/2888 2893/2935/2893 2895/2937/2895 2891/2933/2891 
f 2850/2883/2850 2879/2917/2879 2896/2938/2896 2897/2939/2897 
f 2879/2917/2879 2874/2912/2874 2898/2940/2898 2896/2938/2896 
f 2897/2939/2897 2896/2938/2896 2895/2937/2895 2894/2936/2894 
f 2896/2938/2896 2898/2940/2898 2891/2933/2891 2895/2937/2895 
f 2871/2909/2871 2870/2908/2870 2899/2941/2899 2900/2942/2900 
f 2900/2942/2900 2899/2941/2899 2890/2932/2890 2889/2931/2889 
f 2874/2912/2874 2871/2909/2871 2900/2942/2900 2898/2940/2898 
f 2898/2940/2898 2900/2942/2900 2889/2931/2889 2891/2933/2891 
f 2806/2839/2806 2809/2842/2809 2901/2943/2901 2892/2934/2892 
f 2809/2842/2809 2813/2846/2813 2902/2944/2902 2901/2943/2901 
f 2892/2934/2892 2901/2943/2901 2903/2945/2903 2894/2936/2894 
f 2901/2943/2901 2902/2944/2902 2904/2946/2904 2903/2945/2903 
f 2824/2857/2824 2823/2856/2823 2905/2947/2905 2906/2948/2906 
f 2906/2948/2906 2905/2947/2905 2907/2949/2907 2908/2950/2908 
f 2813/2846/2813 2824/2857/2824 2906/2948/2906 2902/2944/2902 
f 2902/2944/2902 2906/2948/2906 2908/2950/2908 2904/2946/2904 
f 2860/2893/2860 2859/2892/2859 2909/2951/2909 2910/2952/2910 
f 2859/2892/2859 2854/2887/2854 2911/2953/2911 2909/2951/2909 
f 2910/2952/2910 2909/2951/2909 2908/2950/2908 2907/2949/2907 
f 2909/2951/2909 2911/2953/2911 2904/2946/2904 2908/2950/2908 
f 2851/2884/2851 2850/2883/2850 2897/2939/2897 2912/2954/2912 
f 2912/2954/2912 2897/2939/2897 2894/2936/2894 2903/2945/2903 
f 2854/2887/2854 2851/2884/2851 2912/2954/2912 2911/2953/2911 
f 2911/2953/2911 2912/2954/2912 2903/2945/2903 2904/2946/2904 
f 2913/2955/2913 2914/2956/2914 2915/2957/2915 2916/2958/2916 
f 2914/2956/2914 2917/2959/2917 2918/2960/2918 2915/2957/2915 
f 2916/2958/2916 2915/2957/2915 2919/2961/2919 2920/2962/2920 
f 2915/2957/2915 2918/2960/2918 2921/2963/2921 2919/2961/2919 
f 2922/2964/2922 1071/2965/1071 1070/2966/1070 2923/2967/2923 
f 2923/2967/2923 1070/2966/1070 1068/2968/1068 2924/2969/2924 
f 2917/2959/2917 2922/2964/2922 2923/2967/2923 2918/2960/2918 
f 2918/2960/2918 2923/2967/2923 2924/2969/2924 2921/2963/2921 
f 1064/2970/1064 2925/2971/2925 2926/2972/2926 1065/2973/1065 
f 2925/2971/2925 2927/2974/2927 2928/2975/2928 2926/2972/2926 
f 1065/2973/1065 2926/2972/2926 2924/2969/2924 1068/2968/1068 
f 2926/2972/2926 2928/2975/2928 2921/2963/2921 2924/2969/2924 
f 2929/2976/2929 2930/2977/2930 2931/2978/2931 2932/2979/2932 
f 2932/2979/2932 2931/2978/2931 2920/2962/2920 2919/2961/2919 
f 2927/2974/2927 2929/2976/2929 2932/2979/2932 2928/2975/2928 
f 2928/2975/2928 2932/2979/2932 2919/2961/2919 2921/2963/2921 
f 2760/2793/2760 2933/2980/2933 2934/2981/2934 2770/2803/2770 
f 2933/2980/2933 2935/2982/2935 2936/2983/2936 2934/2981/2934 
f 2770/2803/2770 2934/2981/2934 2937/2984/2937 2772/2805/2772 
f 2934/2981/2934 2936/2983/2936 2938/2985/2938 2937/2984/2937 
f 2939/2986/2939 2913/2955/2913 2916/2958/2916 2940/2987/2940 
f 2940/2987/2940 2916/2958/2916 2920/2962/2920 2941/2988/2941 
f 2935/2982/2935 2939/2986/2939 2940/2987/2940 2936/2983/2936 
f 2936/2983/2936 2940/2987/2940 2941/2988/2941 2938/2985/2938 
f 2930/2977/2930 2942/2989/2942 2943/2990/2943 2931/2978/2931 
f 2942/2989/2942 2944/2991/2944 2945/2992/2945 2943/2990/2943 
f 2931/2978/2931 2943/2990/2943 2941/2988/2941 2920/2962/2920 
f 2943/2990/2943 2945/2992/2945 2938/2985/2938 2941/2988/2941 
f 2946/2993/2946 2777/2810/2777 2776/2809/2776 2947/2994/2947 
f 2947/2994/2947 2776/2809/2776 2772/2805/2772 2937/2984/2937 
f 2944/2991/2944 2946/2993/2946 2947/2994/2947 2945/2992/2945 
f 2945/2992/2945 2947/2994/2947 2937/2984/2937 2938/2985/2938 
f 2750/2783/2750 2887/2929/2887 2948/2995/2948 2751/2784/2751 
f 2887/2929/2887 2890/2932/2890 2949/2996/2949 2948/2995/2948 
f 2751/2784/2751 2948/2995/2948 2950/2997/2950 2754/2787/2754 
f 2948/2995/2948 2949/2996/2949 2951/2998/2951 2950/2997/2950 
f 2899/2941/2899 2870/2908/2870 2952/2999/2952 2953/3000/2953 
f 2953/3000/2953 2952/2999/2952 2954/3001/2954 2955/3002/2955 
f 2890/2932/2890 2899/2941/2899 2953/3000/2953 2949/2996/2949 
f 2949/2996/2949 2953/3000/2953 2955/3002/2955 2951/2998/2951 
f 2913/2955/2913 2939/2986/2939 2956/3003/2956 2957/3004/2957 
f 2939/2986/2939 2935/2982/2935 2958/3005/2958 2956/3003/2956 
f 2957/3004/2957 2956/3003/2956 2955/3002/2955 2954/3001/2954 
f 2956/3003/2956 2958/3005/2958 2951/2998/2951 2955/3002/2955 
f 2933/2980/2933 2760/2793/2760 2759/2792/2759 2959/3006/2959 
f 2959/3006/2959 2759/2792/2759 2754/2787/2754 2950/2997/2950 
f 2935/2982/2935 2933/2980/2933 2959/3006/2959 2958/3005/2958 
f 2958/3005/2958 2959/3006/2959 2950/2997/2950 2951/2998/2951 
f 2870/2908/2870 2873/2911/2873 2960/3007/2960 2952/2999/2952 
f 2873/2911/2873 2877/2915/2877 2961/3008/2961 2960/3007/2960 
f 2952/2999/2952 2960/3007/2960 2962/3009/2962 2954/3001/2954 
f 2960/3007/2960 2961/3008/2961 2963/3010/2963 2962/3009/2962 
f 2884/2926/2884 1091/2925/1091 1090/3011/1090 2964/3012/2964 
f 2964/3012/2964 1090/3011/1090 1088/3013/1088 2965/3014/2965 
f 2877/2915/2877 2884/2926/2884 2964/3012/2964 2961/3008/2961 
f 2961/3008/2961 2964/3012/2964 2965/3014/2965 2963/3010/2963 
f 1071/2965/1071 2922/2964/2922 2966/3015/2966 1086/3016/1086 
f 2922/2964/2922 2917/2959/2917 2967/3017/2967 2966/3015/2966 
f 1086/3016/1086 2966/3015/2966 2965/3014/2965 1088/3013/1088 
f 2966/3015/2966 2967/3017/2967 2963/3010/2963 2965/3014/2965 
f 2914/2956/2914 2913/2955/2913 2957/3004/2957 2968/3018/2968 
f 2968/3018/2968 2957/3004/2957 2954/3001/2954 2962/3009/2962 
f 2917/2959/2917 2914/2956/2914 2968/3018/2968 2967/3017/2967 
f 2967/3017/2967 2968/3018/2968 2962/3009/2962 2963/3010/2963 
f 2969/3019/2969 2970/3020/2970 2971/3021/2971 2972/3022/2972 
f 2970/3020/2970 2973/3023/2973 2974/3024/2974 2971/3021/2971 
f 2972/3022/2972 2971/3021/2971 2975/3025/2975 2976/3026/2976 
f 2971/3021/2971 2974/3024/2974 2977/3027/2977 2975/3025/2975 
f 2978/3028/2978 2803/2836/2803 2802/2835/2802 2979/3029/2979 
f 2979/3029/2979 2802/2835/2802 2800/2833/2800 2980/3030/2980 
f 2973/3023/2973 2978/3028/2978 2979/3029/2979 2974/3024/2974 
f 2974/3024/2974 2979/3029/2979 2980/3030/2980 2977/3027/2977 
f 2337/2354/2337 2674/2707/2674 2981/3031/2981 2798/2831/2798 
f 2674/2707/2674 2671/2704/2671 2982/3032/2982 2981/3031/2981 
f 2798/2831/2798 2981/3031/2981 2980/3030/2980 2800/2833/2800 
f 2981/3031/2981 2982/3032/2982 2977/3027/2977 2980/3030/2980 
f 2669/2702/2669 2668/2701/2668 2983/3033/2983 2984/3034/2984 
f 2984/3034/2984 2983/3033/2983 2976/3026/2976 2975/3025/2975 
f 2671/2704/2671 2669/2702/2669 2984/3034/2984 2982/3032/2982 
f 2982/3032/2982 2984/3034/2984 2975/3025/2975 2977/3027/2977 
f 2985/3035/2985 2986/3036/2986 2987/3037/2987 2988/3038/2988 
f 2986/3036/2986 2989/3039/2989 2990/3040/2990 2987/3037/2987 
f 2988/3038/2988 2987/3037/2987 2991/3041/2991 2992/3042/2992 
f 2987/3037/2987 2990/3040/2990 2993/3043/2993 2991/3041/2991 
f 2994/3044/2994 2969/3019/2969 2972/3022/2972 2995/3045/2995 
f 2995/3045/2995 2972/3022/2972 2976/3026/2976 2996/3046/2996 
f 2989/3039/2989 2994/3044/2994 2995/3045/2995 2990/3040/2990 
f 2990/3040/2990 2995/3045/2995 2996/3046/2996 2993/3043/2993 
f 2668/2701/2668 2711/2744/2711 2997/3047/2997 2983/3033/2983 
f 2711/2744/2711 2708/2741/2708 2998/3048/2998 2997/3047/2997 
f 2983/3033/2983 2997/3047/2997 2996/3046/2996 2976/3026/2976 
f 2997/3047/2997 2998/3048/2998 2993/3043/2993 2996/3046/2996 
f 2706/2739/2706 2628/2661/2628 2999/3049/2999 3000/3050/3000 
f 3000/3050/3000 2999/3049/2999 2992/3042/2992 2991/3041/2991 
f 2708/2741/2708 2706/2739/2706 3000/3050/3000 2998/3048/2998 
f 2998/3048/2998 3000/3050/3000 2991/3041/2991 2993/3043/2993 
f 3001/3051/3001 3002/3052/3002 3003/3053/3003 3004/3054/3004 
f 3002/3052/3002 3005/3055/3005 3006/3056/3006 3003/3053/3003 
f 3004/3054/3004 3003/3053/3003 3007/3057/3007 3008/3058/3008 
f 3003/3053/3003 3006/3056/3006 3009/3059/3009 3007/3057/3007 
f 3010/3060/3010 3011/3061/3011 3012/3062/3012 3013/3063/3013 
f 3013/3063/3013 3012/3062/3012 3014/3064/3014 3015/3065/3015 
f 3005/3055/3005 3010/3060/3010 3013/3063/3013 3006/3056/3006 
f 3006/3056/3006 3013/3063/3013 3015/3065/3015 3009/3059/3009 
f 2969/3019/2969 2994/3044/2994 3016/3066/3016 3017/3067/3017 
f 2994/3044/2994 2989/3039/2989 3018/3068/3018 3016/3066/3016 
f 3017/3067/3017 3016/3066/3016 3015/3065/3015 3014/3064/3014 
f 3016/3066/3016 3018/3068/3018 3009/3059/3009 3015/3065/3015 
f 2986/3036/2986 2985/3035/2985 3019/3069/3019 3020/3070/3020 
f 3020/3070/3020 3019/3069/3019 3008/3058/3008 3007/3057/3007 
f 2989/3039/2989 2986/3036/2986 3020/3070/3020 3018/3068/3018 
f 3018/3068/3018 3020/3070/3020 3007/3057/3007 3009/3059/3009 
f 3011/3061/3011 3021/3071/3021 3022/3072/3022 3012/3062/3012 
f 3021/3071/3021 3023/3073/3023 3024/3074/3024 3022/3072/3022 
f 3012/3062/3012 3022/3072/3022 3025/3075/3025 3014/3064/3014 
f 3022/3072/3022 3024/3074/3024 3026/3076/3026 3025/3075/3025 
f 3027/3077/3027 2823/2856/2823 2822/2855/2822 3028/3078/3028 
f 3028/3078/3028 2822/2855/2822 2820/2853/2820 3029/3079/3029 
f 3023/3073/3023 3027/3077/3027 3028/3078/3028 3024/3074/3024 
f 3024/3074/3024 3028/3078/3028 3029/3079/3029 3026/3076/3026 
f 2803/2836/2803 2978/3028/2978 3030/3080/3030 2818/2851/2818 
f 2978/3028/2978 2973/3023/2973 3031/3081/3031 3030/3080/3030 
f 2818/2851/2818 3030/3080/3030 3029/3079/3029 2820/2853/2820 
f 3030/3080/3030 3031/3081/3031 3026/3076/3026 3029/3079/3029 
f 2970/3020/2970 2969/3019/2969 3017/3067/3017 3032/3082/3032 
f 3032/3082/3032 3017/3067/3017 3014/3064/3014 3025/3075/3025 
f 2973/3023/2973 2970/3020/2970 3032/3082/3032 3031/3081/3031 
f 3031/3081/3031 3032/3082/3032 3025/3075/3025 3026/3076/3026 
f 3033/3083/3033 3034/3084/3034 3035/3085/3035 3036/3086/3036 
f 3034/3084/3034 3037/3087/3037 3038/3088/3038 3035/3085/3035 
f 3036/3086/3036 3035/3085/3035 3039/3089/3039 3040/3090/3040 
f 3035/3085/3035 3038/3088/3038 3041/3091/3041 3039/3089/3039 
f 3042/3092/3042 2608/2641/2608 2607/2640/2607 3043/3093/3043 
f 3043/3093/3043 2607/2640/2607 2605/2638/2605 3044/3094/3044 
f 3037/3087/3037 3042/3092/3042 3043/3093/3043 3038/3088/3038 
f 3038/3088/3038 3043/3093/3043 3044/3094/3044 3041/3091/3041 
f 2601/2634/2601 3045/3095/3045 3046/3096/3046 2602/2635/2602 
f 3045/3095/3045 3047/3097/3047 3048/3098/3048 3046/3096/3046 
f 2602/2635/2602 3046/3096/3046 3044/3094/3044 2605/2638/2605 
f 3046/3096/3046 3048/3098/3048 3041/3091/3041 3044/3094/3044 
f 3049/3099/3049 3050/3100/3050 3051/3101/3051 3052/3102/3052 
f 3052/3102/3052 3051/3101/3051 3040/3090/3040 3039/3089/3039 
f 3047/3097/3047 3049/3099/3049 3052/3102/3052 3048/3098/3048 
f 3048/3098/3048 3052/3102/3052 3039/3089/3039 3041/3091/3041 
f 3053/3103/3053 3054/3104/3054 3055/3105/3055 3056/3106/3056 
f 3054/3104/3054 3057/3107/3057 3058/3108/3058 3055/3105/3055 
f 3056/3106/3056 3055/3105/3055 3059/3109/3059 3060/3110/3060 
f 3055/3105/3055 3058/3108/3058 3061/3111/3061 3059/3109/3059 
f 3062/3112/3062 3033/3083/3033 3036/3086/3036 3063/3113/3063 
f 3063/3113/3063 3036/3086/3036 3040/3090/3040 3064/3114/3064 
f 3057/3107/3057 3062/3112/3062 3063/3113/3063 3058/3108/3058 
f 3058/3108/3058 3063/3113/3063 3064/3114/3064 3061/3111/3061 
f 3050/3100/3050 3065/3115/3065 3066/3116/3066 3051/3101/3051 
f 3065/3115/3065 3067/3117/3067 3068/3118/3068 3066/3116/3066 
f 3051/3101/3051 3066/3116/3066 3064/3114/3064 3040/3090/3040 
f 3066/3116/3066 3068/3118/3068 3061/3111/3061 3064/3114/3064 
f 3069/3119/3069 3070/3120/3070 3071/3121/3071 3072/3122/3072 
f 3072/3122/3072 3071/3121/3071 3060/3110/3060 3059/3109/3059 
f 3067/3117/3067 3069/3119/3069 3072/3122/3072 3068/3118/3068 
f 3068/3118/3068 3072/3122/3072 3059/3109/3059 3061/3111/3061 
f 3001/3051/3001 3004/3054/3004 3073/3123/3073 3074/3124/3074 
f 3004/3054/3004 3008/3058/3008 3075/3125/3075 3073/3123/3073 
f 3074/3124/3074 3073/3123/3073 3076/3126/3076 3077/3127/3077 
f 3073/3123/3073 3075/3125/3075 3078/3128/3078 3076/3126/3076 
f 3019/3069/3019 2985/3035/2985 3079/3129/3079 3080/3130/3080 
f 3080/3130/3080 3079/3129/3079 3081/3131/3081 3082/3132/3082 
f 3008/3058/3008 3019/3069/3019 3080/3130/3080 3075/3125/3075 
f 3075/3125/3075 3080/3130/3080 3082/3132/3082 3078/3128/3078 
f 3033/3083/3033 3062/3112/3062 3083/3133/3083 3084/3134/3084 
f 3062/3112/3062 3057/3107/3057 3085/3135/3085 3083/3133/3083 
f 3084/3134/3084 3083/3133/3083 3082/3132/3082 3081/3131/3081 
f 3083/3133/3083 3085/3135/3085 3078/3128/3078 3082/3132/3082 
f 3054/3104/3054 3053/3103/3053 3086/3136/3086 3087/3137/3087 
f 3087/3137/3087 3086/3136/3086 3077/3127/3077 3076/3126/3076 
f 3057/3107/3057 3054/3104/3054 3087/3137/3087 3085/3135/3085 
f 3085/3135/3085 3087/3137/3087 3076/3126/3076 3078/3128/3078 
f 2985/3035/2985 2988/3038/2988 3088/3138/3088 3079/3129/3079 
f 2988/3038/2988 2992/3042/2992 3089/3139/3089 3088/3138/3088 
f 3079/3129/3079 3088/3138/3088 3090/3140/3090 3081/3131/3081 
f 3088/3138/3088 3089/3139/3089 3091/3141/3091 3090/3140/3090 
f 2999/3049/2999 2628/2661/2628 2627/2660/2627 3092/3142/3092 
f 3092/3142/3092 2627/2660/2627 2625/2658/2625 3093/3143/3093 
f 2992/3042/2992 2999/3049/2999 3092/3142/3092 3089/3139/3089 
f 3089/3139/3089 3092/3142/3092 3093/3143/3093 3091/3141/3091 
f 2608/2641/2608 3042/3092/3042 3094/3144/3094 2623/2656/2623 
f 3042/3092/3042 3037/3087/3037 3095/3145/3095 3094/3144/3094 
f 2623/2656/2623 3094/3144/3094 3093/3143/3093 2625/2658/2625 
f 3094/3144/3094 3095/3145/3095 3091/3141/3091 3093/3143/3093 
f 3034/3084/3034 3033/3083/3033 3084/3134/3084 3096/3146/3096 
f 3096/3146/3096 3084/3134/3084 3081/3131/3081 3090/3140/3090 
f 3037/3087/3037 3034/3084/3034 3096/3146/3096 3095/3145/3095 
f 3095/3145/3095 3096/3146/3096 3090/3140/3090 3091/3141/3091 
f 3097/3147/3097 3098/3148/3098 3099/3149/3099 3100/3150/3100 
f 3098/3148/3098 3101/3151/3101 3102/3152/3102 3099/3149/3099 
f 3100/3150/3100 3099/3149/3099 3103/3153/3103 3104/3154/3104 
f 3099/3149/3099 3102/3152/3102 3105/3155/3105 3103/3153/3103 
f 3106/3156/3106 3107/3157/3107 3108/3158/3108 3109/3159/3109 
f 3109/3159/3109 3108/3158/3108 3110/3160/3110 3111/3161/3111 
f 3101/3151/3101 3106/3156/3106 3109/3159/3109 3102/3152/3102 
f 3102/3152/3102 3109/3159/3109 3111/3161/3111 3105/3155/3105 
f 1434/3162/1434 1437/3163/1437 3112/3164/3112 3113/3165/3113 
f 1437/3163/1437 1432/3166/1432 3114/3167/3114 3112/3164/3112 
f 3113/3165/3113 3112/3164/3112 3111/3161/3111 3110/3160/3110 
f 3112/3164/3112 3114/3167/3114 3105/3155/3105 3111/3161/3111 
f 1430/3168/1430 1429/3169/1429 3115/3170/3115 3116/3171/3116 
f 3116/3171/3116 3115/3170/3115 3104/3154/3104 3103/3153/3103 
f 1432/3166/1432 1430/3168/1430 3116/3171/3116 3114/3167/3114 
f 3114/3167/3114 3116/3171/3116 3103/3153/3103 3105/3155/3105 
f 3117/3172/3117 3118/3173/3118 3119/3174/3119 3120/3175/3120 
f 3118/3173/3118 3121/3176/3121 3122/3177/3122 3119/3174/3119 
f 3120/3175/3120 3119/3174/3119 3123/3178/3123 3124/3179/3124 
f 3119/3174/3119 3122/3177/3122 3125/3180/3125 3123/3178/3123 
f 3126/3181/3126 3097/3147/3097 3100/3150/3100 3127/3182/3127 
f 3127/3182/3127 3100/3150/3100 3104/3154/3104 3128/3183/3128 
f 3121/3176/3121 3126/3181/3126 3127/3182/3127 3122/3177/3122 
f 3122/3177/3122 3127/3182/3127 3128/3183/3128 3125/3180/3125 
f 1429/3169/1429 1488/3184/1488 3129/3185/3129 3115/3170/3115 
f 1488/3184/1488 1485/3186/1485 3130/3187/3130 3129/3185/3129 
f 3115/3170/3115 3129/3185/3129 3128/3183/3128 3104/3154/3104 
f 3129/3185/3129 3130/3187/3130 3125/3180/3125 3128/3183/3128 
f 1483/3188/1483 1384/3189/1384 3131/3190/3131 3132/3191/3132 
f 3132/3191/3132 3131/3190/3131 3124/3179/3124 3123/3178/3123 
f 1485/3186/1485 1483/3188/1483 3132/3191/3132 3130/3187/3130 
f 3130/3187/3130 3132/3191/3132 3123/3178/3123 3125/3180/3125 
f 3001/3051/3001 3074/3124/3074 3133/3192/3133 3134/3193/3134 
f 3074/3124/3074 3077/3127/3077 3135/3194/3135 3133/3192/3133 
f 3134/3193/3134 3133/3192/3133 3136/3195/3136 3137/3196/3137 
f 3133/3192/3133 3135/3194/3135 3138/3197/3138 3136/3195/3136 
f 3086/3136/3086 3053/3103/3053 3139/3198/3139 3140/3199/3140 
f 3140/3199/3140 3139/3198/3139 3141/3200/3141 3142/3201/3142 
f 3077/3127/3077 3086/3136/3086 3140/3199/3140 3135/3194/3135 
f 3135/3194/3135 3140/3199/3140 3142/3201/3142 3138/3197/3138 
f 3097/3147/3097 3126/3181/3126 3143/3202/3143 3144/3203/3144 
f 3126/3181/3126 3121/3176/3121 3145/3204/3145 3143/3202/3143 
f 3144/3203/3144 3143/3202/3143 3142/3201/3142 3141/3200/3141 
f 3143/3202/3143 3145/3204/3145 3138/3197/3138 3142/3201/3142 
f 3118/3173/3118 3117/3172/3117 3146/3205/3146 3147/3206/3147 
f 3147/3206/3147 3146/3205/3146 3137/3196/3137 3136/3195/3136 
f 3121/3176/3121 3118/3173/3118 3147/3206/3147 3145/3204/3145 
f 3145/3204/3145 3147/3206/3147 3136/3195/3136 3138/3197/3138 
f 3053/3103/3053 3056/3106/3056 3148/3207/3148 3139/3198/3139 
f 3056/3106/3056 3060/3110/3060 3149/3208/3149 3148/3207/3148 
f 3139/3198/3139 3148/3207/3148 3150/3209/3150 3141/3200/3141 
f 3148/3207/3148 3149/3208/3149 3151/3210/3151 3150/3209/3150 
f 3071/3121/3071 3070/3120/3070 3152/3211/3152 3153/3212/3153 
f 3153/3212/3153 3152/3211/3152 3154/3213/3154 3155/3214/3155 
f 3060/3110/3060 3071/3121/3071 3153/3212/3153 3149/3208/3149 
f 3149/3208/3149 3153/3212/3153 3155/3214/3155 3151/3210/3151 
f 3107/3157/3107 3106/3156/3106 3156/3215/3156 3157/3216/3157 
f 3106/3156/3106 3101/3151/3101 3158/3217/3158 3156/3215/3156 
f 3157/3216/3157 3156/3215/3156 3155/3214/3155 3154/3213/3154 
f 3156/3215/3156 3158/3217/3158 3151/3210/3151 3155/3214/3155 
f 3098/3148/3098 3097/3147/3097 3144/3203/3144 3159/3218/3159 
f 3159/3218/3159 3144/3203/3144 3141/3200/3141 3150/3209/3150 
f 3101/3151/3101 3098/3148/3098 3159/3218/3159 3158/3217/3158 
f 3158/3217/3158 3159/3218/3159 3150/3209/3150 3151/3210/3151 
f 3160/3219/3160 3161/3220/3161 3162/3221/3162 3163/3222/3163 
f 3161/3220/3161 3164/3223/3164 3165/3224/3165 3162/3221/3162 
f 3163/3222/3163 3162/3221/3162 3166/3225/3166 3167/3226/3167 
f 3162/3221/3162 3165/3224/3165 3168/3227/3168 3166/3225/3166 
f 3169/3228/3169 1364/3229/1364 1363/3230/1363 3170/3231/3170 
f 3170/3231/3170 1363/3230/1363 1361/3232/1361 3171/3233/3171 
f 3164/3223/3164 3169/3228/3169 3170/3231/3170 3165/3224/3165 
f 3165/3224/3165 3170/3231/3170 3171/3233/3171 3168/3227/3168 
f 1145/2898/1145 2866/2901/2866 3172/3234/3172 1359/3235/1359 
f 2866/2901/2866 2863/2896/2863 3173/3236/3173 3172/3234/3172 
f 1359/3235/1359 3172/3234/3172 3171/3233/3171 1361/3232/1361 
f 3172/3234/3172 3173/3236/3173 3168/3227/3168 3171/3233/3171 
f 2861/2894/2861 2860/2893/2860 3174/3237/3174 3175/3238/3175 
f 3175/3238/3175 3174/3237/3174 3167/3226/3167 3166/3225/3166 
f 2863/2896/2863 2861/2894/2861 3175/3238/3175 3173/3236/3173 
f 3173/3236/3173 3175/3238/3175 3166/3225/3166 3168/3227/3168 
f 3011/3061/3011 3176/3239/3176 3177/3240/3177 3021/3071/3021 
f 3176/3239/3176 3178/3241/3178 3179/3242/3179 3177/3240/3177 
f 3021/3071/3021 3177/3240/3177 3180/3243/3180 3023/3073/3023 
f 3177/3240/3177 3179/3242/3179 3181/3244/3181 3180/3243/3180 
f 3182/3245/3182 3160/3219/3160 3163/3222/3163 3183/3246/3183 
f 3183/3246/3183 3163/3222/3163 3167/3226/3167 3184/3247/3184 
f 3178/3241/3178 3182/3245/3182 3183/3246/3183 3179/3242/3179 
f 3179/3242/3179 3183/3246/3183 3184/3247/3184 3181/3244/3181 
f 2860/2893/2860 2910/2952/2910 3185/3248/3185 3174/3237/3174 
f 2910/2952/2910 2907/2949/2907 3186/3249/3186 3185/3248/3185 
f 3174/3237/3174 3185/3248/3185 3184/3247/3184 3167/3226/3167 
f 3185/3248/3185 3186/3249/3186 3181/3244/3181 3184/3247/3184 
f 2905/2947/2905 2823/2856/2823 3027/3077/3027 3187/3250/3187 
f 3187/3250/3187 3027/3077/3027 3023/3073/3023 3180/3243/3180 
f 2907/2949/2907 2905/2947/2905 3187/3250/3187 3186/3249/3186 
f 3186/3249/3186 3187/3250/3187 3180/3243/3180 3181/3244/3181 
f 3001/3051/3001 3134/3193/3134 3188/3251/3188 3002/3052/3002 
f 3134/3193/3134 3137/3196/3137 3189/3252/3189 3188/3251/3188 
f 3002/3052/3002 3188/3251/3188 3190/3253/3190 3005/3055/3005 
f 3188/3251/3188 3189/3252/3189 3191/3254/3191 3190/3253/3190 
f 3146/3205/3146 3117/3172/3117 3192/3255/3192 3193/3256/3193 
f 3193/3256/3193 3192/3255/3192 3194/3257/3194 3195/3258/3195 
f 3137/3196/3137 3146/3205/3146 3193/3256/3193 3189/3252/3189 
f 3189/3252/3189 3193/3256/3193 3195/3258/3195 3191/3254/3191 
f 3160/3219/3160 3182/3245/3182 3196/3259/3196 3197/3260/3197 
f 3182/3245/3182 3178/3241/3178 3198/3261/3198 3196/3259/3196 
f 3197/3260/3197 3196/3259/3196 3195/3258/3195 3194/3257/3194 
f 3196/3259/3196 3198/3261/3198 3191/3254/3191 3195/3258/3195 
f 3176/3239/3176 3011/3061/3011 3010/3060/3010 3199/3262/3199 
f 3199/3262/3199 3010/3060/3010 3005/3055/3005 3190/3253/3190 
f 3178/3241/3178 3176/3239/3176 3199/3262/3199 3198/3261/3198 
f 3198/3261/3198 3199/3262/3199 3190/3253/3190 3191/3254/3191 
f 3117/3172/3117 3120/3175/3120 3200/3263/3200 3192/3255/3192 
f 3120/3175/3120 3124/3179/3124 3201/3264/3201 3200/3263/3200 
f 3192/3255/3192 3200/3263/3200 3202/3265/3202 3194/3257/3194 
f 3200/3263/3200 3201/3264/3201 3203/3266/3203 3202/3265/3202 
f 3131/3190/3131 1384/3189/1384 1383/3267/1383 3204/3268/3204 
f 3204/3268/3204 1383/3267/1383 1381/3269/1381 3205/3270/3205 
f 3124/3179/3124 3131/3190/3131 3204/3268/3204 3201/3264/3201 
f 3201/3264/3201 3204/3268/3204 3205/3270/3205 3203/3266/3203 
f 1364/3229/1364 3169/3228/3169 3206/3271/3206 1379/3272/1379 
f 3169/3228/3169 3164/3223/3164 3207/3273/3207 3206/3271/3206 
f 1379/3272/1379 3206/3271/3206 3205/3270/3205 1381/3269/1381 
f 3206/3271/3206 3207/3273/3207 3203/3266/3203 3205/3270/3205 
f 3161/3220/3161 3160/3219/3160 3197/3260/3197 3208/3274/3208 
f 3208/3274/3208 3197/3260/3197 3194/3257/3194 3202/3265/3202 
f 3164/3223/3164 3161/3220/3161 3208/3274/3208 3207/3273/3207 
f 3207/3273/3207 3208/3274/3208 3202/3265/3202 3203/3266/3203 
f 3209/3275/3209 3210/3276/3210 3211/3277/3211 3212/3278/3212 
f 3210/3276/3210 3213/3279/3213 3214/3280/3214 3211/3277/3211 
f 3212/3278/3212 3211/3277/3211 3215/3281/3215 3216/3282/3216 
f 3211/3277/3211 3214/3280/3214 3217/3283/3217 3215/3281/3215 
f 3218/3284/3218 2539/3285/2539 2538/3286/2538 3219/3287/3219 
f 3219/3287/3219 2538/3286/2538 2536/3288/2536 3220/3289/3220 
f 3213/3279/3213 3218/3284/3218 3219/3287/3219 3214/3280/3214 
f 3214/3280/3214 3219/3287/3219 3220/3289/3220 3217/3283/3217 
f 484/484/484 487/487/487 3221/3290/3221 2534/3291/2534 
f 487/487/487 482/482/482 3222/3292/3222 3221/3290/3221 
f 2534/3291/2534 3221/3290/3221 3220/3289/3220 2536/3288/2536 
f 3221/3290/3221 3222/3292/3222 3217/3283/3217 3220/3289/3220 
f 480/480/480 479/479/479 3223/3293/3223 3224/3294/3224 
f 3224/3294/3224 3223/3293/3223 3216/3282/3216 3215/3281/3215 
f 482/482/482 480/480/480 3224/3294/3224 3222/3292/3222 
f 3222/3292/3222 3224/3294/3224 3215/3281/3215 3217/3283/3217 
f 3225/3295/3225 3226/3296/3226 3227/3297/3227 3228/3298/3228 
f 3226/3296/3226 3229/3299/3229 3230/3300/3230 3227/3297/3227 
f 3228/3298/3228 3227/3297/3227 3231/3301/3231 3232/3302/3232 
f 3227/3297/3227 3230/3300/3230 3233/3303/3233 3231/3301/3231 
f 3234/3304/3234 3209/3275/3209 3212/3278/3212 3235/3305/3235 
f 3235/3305/3235 3212/3278/3212 3216/3282/3216 3236/3306/3236 
f 3229/3299/3229 3234/3304/3234 3235/3305/3235 3230/3300/3230 
f 3230/3300/3230 3235/3305/3235 3236/3306/3236 3233/3303/3233 
f 479/479/479 530/530/530 3237/3307/3237 3223/3293/3223 
f 530/530/530 527/527/527 3238/3308/3238 3237/3307/3237 
f 3223/3293/3223 3237/3307/3237 3236/3306/3236 3216/3282/3216 
f 3237/3307/3237 3238/3308/3238 3233/3303/3233 3236/3306/3236 
f 525/525/525 439/439/439 3239/3309/3239 3240/3310/3240 
f 3240/3310/3240 3239/3309/3239 3232/3302/3232 3231/3301/3231 
f 527/527/527 525/525/525 3240/3310/3240 3238/3308/3238 
f 3238/3308/3238 3240/3310/3240 3231/3301/3231 3233/3303/3233 
f 3241/3311/3241 3242/3312/3242 3243/3313/3243 3244/3314/3244 
f 3242/3312/3242 3245/3315/3245 3246/3316/3246 3243/3313/3243 
f 3244/3314/3244 3243/3313/3243 3247/3317/3247 3248/3318/3248 
f 3243/3313/3243 3246/3316/3246 3249/3319/3249 3247/3317/3247 
f 3250/3320/3250 3251/3321/3251 3252/3322/3252 3253/3323/3253 
f 3253/3323/3253 3252/3322/3252 3254/3324/3254 3255/3325/3255 
f 3245/3315/3245 3250/3320/3250 3253/3323/3253 3246/3316/3246 
f 3246/3316/3246 3253/3323/3253 3255/3325/3255 3249/3319/3249 
f 3209/3275/3209 3234/3304/3234 3256/3326/3256 3257/3327/3257 
f 3234/3304/3234 3229/3299/3229 3258/3328/3258 3256/3326/3256 
f 3257/3327/3257 3256/3326/3256 3255/3325/3255 3254/3324/3254 
f 3256/3326/3256 3258/3328/3258 3249/3319/3249 3255/3325/3255 
f 3226/3296/3226 3225/3295/3225 3259/3329/3259 3260/3330/3260 
f 3260/3330/3260 3259/3329/3259 3248/3318/3248 3247/3317/3247 
f 3229/3299/3229 3226/3296/3226 3260/3330/3260 3258/3328/3258 
f 3258/3328/3258 3260/3330/3260 3247/3317/3247 3249/3319/3249 
f 3251/3321/3251 3261/3331/3261 3262/3332/3262 3252/3322/3252 
f 3261/3331/3261 3263/3333/3263 3264/3334/3264 3262/3332/3262 
f 3252/3322/3252 3262/3332/3262 3265/3335/3265 3254/3324/3254 
f 3262/3332/3262 3264/3334/3264 3266/3336/3266 3265/3335/3265 
f 3267/3337/3267 2559/3338/2559 2558/3339/2558 3268/3340/3268 
f 3268/3340/3268 2558/3339/2558 2556/3341/2556 3269/3342/3269 
f 3263/3333/3263 3267/3337/3267 3268/3340/3268 3264/3334/3264 
f 3264/3334/3264 3268/3340/3268 3269/3342/3269 3266/3336/3266 
f 2539/3285/2539 3218/3284/3218 3270/3343/3270 2554/3344/2554 
f 3218/3284/3218 3213/3279/3213 3271/3345/3271 3270/3343/3270 
f 2554/3344/2554 3270/3343/3270 3269/3342/3269 2556/3341/2556 
f 3270/3343/3270 3271/3345/3271 3266/3336/3266 3269/3342/3269 
f 3210/3276/3210 3209/3275/3209 3257/3327/3257 3272/3346/3272 
f 3272/3346/3272 3257/3327/3257 3254/3324/3254 3265/3335/3265 
f 3213/3279/3213 3210/3276/3210 3272/3346/3272 3271/3345/3271 
f 3271/3345/3271 3272/3346/3272 3265/3335/3265 3266/3336/3266 
f 419/419/419 3273/3347/3273 3274/3348/3274 420/420/420 
f 3273/3347/3273 3275/3349/3275 3276/3350/3276 3274/3348/3274 
f 420/420/420 3274/3348/3274 3277/3351/3277 404/404/404 
f 3274/3348/3274 3276/3350/3276 3278/3352/3278 3277/3351/3277 
f 3279/3353/3279 3280/3354/3280 3281/3355/3281 3282/3356/3282 
f 3282/3356/3282 3281/3355/3281 3283/3357/3283 3284/3358/3284 
f 3275/3349/3275 3279/3353/3279 3282/3356/3282 3276/3350/3276 
f 3276/3350/3276 3282/3356/3282 3284/3358/3284 3278/3352/3278 
f 3285/3359/3285 3286/3360/3286 3287/3361/3287 3288/3362/3288 
f 3286/3360/3286 3289/3363/3289 3290/3364/3290 3287/3361/3287 
f 3288/3362/3288 3287/3361/3287 3284/3358/3284 3283/3357/3283 
f 3287/3361/3287 3290/3364/3290 3278/3352/3278 3284/3358/3284 
f 3291/3365/3291 397/397/397 400/400/400 3292/3366/3292 
f 3292/3366/3292 400/400/400 404/404/404 3277/3351/3277 
f 3289/3363/3289 3291/3365/3291 3292/3366/3292 3290/3364/3290 
f 3290/3364/3290 3292/3366/3292 3277/3351/3277 3278/3352/3278 
f 3293/3367/3293 3294/3368/3294 3295/3369/3295 3296/3370/3296 
f 3294/3368/3294 3297/3371/3297 3298/3372/3298 3295/3369/3295 
f 3296/3370/3296 3295/3369/3295 3299/3373/3299 3300/3374/3300 
f 3295/3369/3295 3298/3372/3298 3301/3375/3301 3299/3373/3299 
f 3302/3376/3302 3285/3359/3285 3288/3362/3288 3303/3377/3303 
f 3303/3377/3303 3288/3362/3288 3283/3357/3283 3304/3378/3304 
f 3297/3371/3297 3302/3376/3302 3303/3377/3303 3298/3372/3298 
f 3298/3372/3298 3303/3377/3303 3304/3378/3304 3301/3375/3301 
f 3280/3354/3280 3305/3379/3305 3306/3380/3306 3281/3355/3281 
f 3305/3379/3305 3307/3381/3307 3308/3382/3308 3306/3380/3306 
f 3281/3355/3281 3306/3380/3306 3304/3378/3304 3283/3357/3283 
f 3306/3380/3306 3308/3382/3308 3301/3375/3301 3304/3378/3304 
f 3309/3383/3309 3310/3384/3310 3311/3385/3311 3312/3386/3312 
f 3312/3386/3312 3311/3385/3311 3300/3374/3300 3299/3373/3299 
f 3307/3381/3307 3309/3383/3309 3312/3386/3312 3308/3382/3308 
f 3308/3382/3308 3312/3386/3312 3299/3373/3299 3301/3375/3301 
f 3241/3311/3241 3244/3314/3244 3313/3387/3313 3314/3388/3314 
f 3244/3314/3244 3248/3318/3248 3315/3389/3315 3313/3387/3313 
f 3314/3388/3314 3313/3387/3313 3316/3390/3316 3317/3391/3317 
f 3313/3387/3313 3315/3389/3315 3318/3392/3318 3316/3390/3316 
f 3259/3329/3259 3225/3295/3225 3319/3393/3319 3320/3394/3320 
f 3320/3394/3320 3319/3393/3319 3321/3395/3321 3322/3396/3322 
f 3248/3318/3248 3259/3329/3259 3320/3394/3320 3315/3389/3315 
f 3315/3389/3315 3320/3394/3320 3322/3396/3322 3318/3392/3318 
f 3285/3359/3285 3302/3376/3302 3323/3397/3323 3324/3398/3324 
f 3302/3376/3302 3297/3371/3297 3325/3399/3325 3323/3397/3323 
f 3324/3398/3324 3323/3397/3323 3322/3396/3322 3321/3395/3321 
f 3323/3397/3323 3325/3399/3325 3318/3392/3318 3322/3396/3322 
f 3294/3368/3294 3293/3367/3293 3326/3400/3326 3327/3401/3327 
f 3327/3401/3327 3326/3400/3326 3317/3391/3317 3316/3390/3316 
f 3297/3371/3297 3294/3368/3294 3327/3401/3327 3325/3399/3325 
f 3325/3399/3325 3327/3401/3327 3316/3390/3316 3318/3392/3318 
f 3225/3295/3225 3228/3298/3228 3328/3402/3328 3319/3393/3319 
f 3228/3298/3228 3232/3302/3232 3329/3403/3329 3328/3402/3328 
f 3319/3393/3319 3328/3402/3328 3330/3404/3330 3321/3395/3321 
f 3328/3402/3328 3329/3403/3329 3331/3405/3331 3330/3404/3330 
f 3239/3309/3239 439/439/439 438/438/438 3332/3406/3332 
f 3332/3406/3332 438/438/438 436/436/436 3333/3407/3333 
f 3232/3302/3232 3239/3309/3239 3332/3406/3332 3329/3403/3329 
f 3329/3403/3329 3332/3406/3332 3333/3407/3333 3331/3405/3331 
f 397/397/397 3291/3365/3291 3334/3408/3334 434/434/434 
f 3291/3365/3291 3289/3363/3289 3335/3409/3335 3334/3408/3334 
f 434/434/434 3334/3408/3334 3333/3407/3333 436/436/436 
f 3334/3408/3334 3335/3409/3335 3331/3405/3331 3333/3407/3333 
f 3286/3360/3286 3285/3359/3285 3324/3398/3324 3336/3410/3336 
f 3336/3410/3336 3324/3398/3324 3321/3395/3321 3330/3404/3330 
f 3289/3363/3289 3286/3360/3286 3336/3410/3336 3335/3409/3335 
f 3335/3409/3335 3336/3410/3336 3330/3404/3330 3331/3405/3331 
f 3337/3411/3337 3338/3412/3338 3339/3413/3339 3340/3414/3340 
f 3338/3412/3338 3341/3415/3341 3342/3416/3342 3339/3413/3339 
f 3340/3414/3340 3339/3413/3339 3343/3417/3343 3344/3418/3344 
f 3339/3413/3339 3342/3416/3342 3345/3419/3345 3343/3417/3343 
f 3346/3420/3346 3347/3421/3347 3348/3422/3348 3349/3423/3349 
f 3349/3423/3349 3348/3422/3348 3350/3424/3350 3351/3425/3351 
f 3341/3415/3341 3346/3420/3346 3349/3423/3349 3342/3416/3342 
f 3342/3416/3342 3349/3423/3349 3351/3425/3351 3345/3419/3345 
f 3352/3426/3352 3353/3427/3353 3354/3428/3354 3355/3429/3355 
f 3353/3427/3353 3356/3430/3356 3357/3431/3357 3354/3428/3354 
f 3355/3429/3355 3354/3428/3354 3351/3425/3351 3350/3424/3350 
f 3354/3428/3354 3357/3431/3357 3345/3419/3345 3351/3425/3351 
f 3358/3432/3358 3359/3433/3359 3360/3434/3360 3361/3435/3361 
f 3361/3435/3361 3360/3434/3360 3344/3418/3344 3343/3417/3343 
f 3356/3430/3356 3358/3432/3358 3361/3435/3361 3357/3431/3357 
f 3357/3431/3357 3361/3435/3361 3343/3417/3343 3345/3419/3345 
f 3362/3436/3362 3363/3437/3363 3364/3438/3364 3365/3439/3365 
f 3363/3437/3363 3366/3440/3366 3367/3441/3367 3364/3438/3364 
f 3365/3439/3365 3364/3438/3364 3368/3442/3368 3369/3443/3369 
f 3364/3438/3364 3367/3441/3367 3370/3444/3370 3368/3442/3368 
f 3371/3445/3371 3337/3411/3337 3340/3414/3340 3372/3446/3372 
f 3372/3446/3372 3340/3414/3340 3344/3418/3344 3373/3447/3373 
f 3366/3440/3366 3371/3445/3371 3372/3446/3372 3367/3441/3367 
f 3367/3441/3367 3372/3446/3372 3373/3447/3373 3370/3444/3370 
f 3359/3433/3359 3374/3448/3374 3375/3449/3375 3360/3434/3360 
f 3374/3448/3374 3376/3450/3376 3377/3451/3377 3375/3449/3375 
f 3360/3434/3360 3375/3449/3375 3373/3447/3373 3344/3418/3344 
f 3375/3449/3375 3377/3451/3377 3370/3444/3370 3373/3447/3373 
f 3378/3452/3378 3379/3453/3379 3380/3454/3380 3381/3455/3381 
f 3381/3455/3381 3380/3454/3380 3369/3443/3369 3368/3442/3368 
f 3376/3450/3376 3378/3452/3378 3381/3455/3381 3377/3451/3377 
f 3377/3451/3377 3381/3455/3381 3368/3442/3368 3370/3444/3370 
f 3241/3311/3241 3314/3388/3314 3382/3456/3382 3383/3457/3383 
f 3314/3388/3314 3317/3391/3317 3384/3458/3384 3382/3456/3382 
f 3383/3457/3383 3382/3456/3382 3385/3459/3385 3386/3460/3386 
f 3382/3456/3382 3384/3458/3384 3387/3461/3387 3385/3459/3385 
f 3326/3400/3326 3293/3367/3293 3388/3462/3388 3389/3463/3389 
f 3389/3463/3389 3388/3462/3388 3390/3464/3390 3391/3465/3391 
f 3317/3391/3317 3326/3400/3326 3389/3463/3389 3384/3458/3384 
f 3384/3458/3384 3389/3463/3389 3391/3465/3391 3387/3461/3387 
f 3337/3411/3337 3371/3445/3371 3392/3466/3392 3393/3467/3393 
f 3371/3445/3371 3366/3440/3366 3394/3468/3394 3392/3466/3392 
f 3393/3467/3393 3392/3466/3392 3391/3465/3391 3390/3464/3390 
f 3392/3466/3392 3394/3468/3394 3387/3461/3387 3391/3465/3391 
f 3363/3437/3363 3362/3436/3362 3395/3469/3395 3396/3470/3396 
f 3396/3470/3396 3395/3469/3395 3386/3460/3386 3385/3459/3385 
f 3366/3440/3366 3363/3437/3363 3396/3470/3396 3394/3468/3394 
f 3394/3468/3394 3396/3470/3396 3385/3459/3385 3387/3461/3387 
f 3293/3367/3293 3296/3370/3296 3397/3471/3397 3388/3462/3388 
f 3296/3370/3296 3300/3374/3300 3398/3472/3398 3397/3471/3397 
f 3388/3462/3388 3397/3471/3397 3399/3473/3399 3390/3464/3390 
f 3397/3471/3397 3398/3472/3398 3400/3474/3400 3399/3473/3399 
f 3311/3385/3311 3310/3384/3310 3401/3475/3401 3402/3476/3402 
f 3402/3476/3402 3401/3475/3401 3403/3477/3403 3404/3478/3404 
f 3300/3374/3300 3311/3385/3311 3402/3476/3402 3398/3472/3398 
f 3398/3472/3398 3402/3476/3402 3404/3478/3404 3400/3474/3400 
f 3347/3421/3347 3346/3420/3346 3405/3479/3405 3406/3480/3406 
f 3346/3420/3346 3341/3415/3341 3407/3481/3407 3405/3479/3405 
f 3406/3480/3406 3405/3479/3405 3404/3478/3404 3403/3477/3403 
f 3405/3479/3405 3407/3481/3407 3400/3474/3400 3404/3478/3404 
f 3338/3412/3338 3337/3411/3337 3393/3467/3393 3408/3482/3408 
f 3408/3482/3408 3393/3467/3393 3390/3464/3390 3399/3473/3399 
f 3341/3415/3341 3338/3412/3338 3408/3482/3408 3407/3481/3407 
f 3407/3481/3407 3408/3482/3408 3399/3473/3399 3400/3474/3400 
f 3409/3483/3409 3410/3484/3410 3411/3485/3411 3412/3486/3412 
f 3410/3484/3410 3413/3487/3413 3414/3488/3414 3411/3485/3411 
f 3412/3486/3412 3411/3485/3411 3415/3489/3415 3416/3490/3416 
f 3411/3485/3411 3414/3488/3414 3417/3491/3417 3415/3489/3415 
f 3418/3492/3418 3419/3493/3419 3420/3494/3420 3421/3495/3421 
f 3421/3495/3421 3420/3494/3420 3422/3496/3422 3423/3497/3423 
f 3413/3487/3413 3418/3492/3418 3421/3495/3421 3414/3488/3414 
f 3414/3488/3414 3421/3495/3421 3423/3497/3423 3417/3491/3417 
f 2601/3498/2601 2604/3499/2604 3424/3500/3424 3425/3501/3425 
f 2604/3499/2604 2599/3502/2599 3426/3503/3426 3424/3500/3424 
f 3425/3501/3425 3424/3500/3424 3423/3497/3423 3422/3496/3422 
f 3424/3500/3424 3426/3503/3426 3417/3491/3417 3423/3497/3423 
f 2597/3504/2597 2596/3505/2596 3427/3506/3427 3428/3507/3428 
f 3428/3507/3428 3427/3506/3427 3416/3490/3416 3415/3489/3415 
f 2599/3502/2599 2597/3504/2597 3428/3507/3428 3426/3503/3426 
f 3426/3503/3426 3428/3507/3428 3415/3489/3415 3417/3491/3417 
f 3251/3321/3251 3429/3508/3429 3430/3509/3430 3261/3331/3261 
f 3429/3508/3429 3431/3510/3431 3432/3511/3432 3430/3509/3430 
f 3261/3331/3261 3430/3509/3430 3433/3512/3433 3263/3333/3263 
f 3430/3509/3430 3432/3511/3432 3434/3513/3434 3433/3512/3433 
f 3435/3514/3435 3409/3483/3409 3412/3486/3412 3436/3515/3436 
f 3436/3515/3436 3412/3486/3412 3416/3490/3416 3437/3516/3437 
f 3431/3510/3431 3435/3514/3435 3436/3515/3436 3432/3511/3432 
f 3432/3511/3432 3436/3515/3436 3437/3516/3437 3434/3513/3434 
f 2596/3505/2596 2655/3517/2655 3438/3518/3438 3427/3506/3427 
f 2655/3517/2655 2652/3519/2652 3439/3520/3439 3438/3518/3438 
f 3427/3506/3427 3438/3518/3438 3437/3516/3437 3416/3490/3416 
f 3438/3518/3438 3439/3520/3439 3434/3513/3434 3437/3516/3437 
f 2650/3521/2650 2559/3338/2559 3267/3337/3267 3440/3522/3440 
f 3440/3522/3440 3267/3337/3267 3263/3333/3263 3433/3512/3433 
f 2652/3519/2652 2650/3521/2650 3440/3522/3440 3439/3520/3439 
f 3439/3520/3439 3440/3522/3440 3433/3512/3433 3434/3513/3434 
f 3241/3311/3241 3383/3457/3383 3441/3523/3441 3242/3312/3242 
f 3383/3457/3383 3386/3460/3386 3442/3524/3442 3441/3523/3441 
f 3242/3312/3242 3441/3523/3441 3443/3525/3443 3245/3315/3245 
f 3441/3523/3441 3442/3524/3442 3444/3526/3444 3443/3525/3443 
f 3395/3469/3395 3362/3436/3362 3445/3527/3445 3446/3528/3446 
f 3446/3528/3446 3445/3527/3445 3447/3529/3447 3448/3530/3448 
f 3386/3460/3386 3395/3469/3395 3446/3528/3446 3442/3524/3442 
f 3442/3524/3442 3446/3528/3446 3448/3530/3448 3444/3526/3444 
f 3409/3483/3409 3435/3514/3435 3449/3531/3449 3450/3532/3450 
f 3435/3514/3435 3431/3510/3431 3451/3533/3451 3449/3531/3449 
f 3450/3532/3450 3449/3531/3449 3448/3530/3448 3447/3529/3447 
f 3449/3531/3449 3451/3533/3451 3444/3526/3444 3448/3530/3448 
f 3429/3508/3429 3251/3321/3251 3250/3320/3250 3452/3534/3452 
f 3452/3534/3452 3250/3320/3250 3245/3315/3245 3443/3525/3443 
f 3431/3510/3431 3429/3508/3429 3452/3534/3452 3451/3533/3451 
f 3451/3533/3451 3452/3534/3452 3443/3525/3443 3444/3526/3444 
f 3362/3436/3362 3365/3439/3365 3453/3535/3453 3445/3527/3445 
f 3365/3439/3365 3369/3443/3369 3454/3536/3454 3453/3535/3453 
f 3445/3527/3445 3453/3535/3453 3455/3537/3455 3447/3529/3447 
f 3453/3535/3453 3454/3536/3454 3456/3538/3456 3455/3537/3455 
f 3380/3454/3380 3379/3453/3379 3457/3539/3457 3458/3540/3458 
f 3458/3540/3458 3457/3539/3457 3459/3541/3459 3460/3542/3460 
f 3369/3443/3369 3380/3454/3380 3458/3540/3458 3454/3536/3454 
f 3454/3536/3454 3458/3540/3458 3460/3542/3460 3456/3538/3456 
f 3419/3493/3419 3418/3492/3418 3461/3543/3461 3462/3544/3462 
f 3418/3492/3418 3413/3487/3413 3463/3545/3463 3461/3543/3461 
f 3462/3544/3462 3461/3543/3461 3460/3542/3460 3459/3541/3459 
f 3461/3543/3461 3463/3545/3463 3456/3538/3456 3460/3542/3460 
f 3410/3484/3410 3409/3483/3409 3450/3532/3450 3464/3546/3464 
f 3464/3546/3464 3450/3532/3450 3447/3529/3447 3455/3537/3455 
f 3413/3487/3413 3410/3484/3410 3464/3546/3464 3463/3545/3463 
f 3463/3545/3463 3464/3546/3464 3455/3537/3455 3456/3538/3456 
f 3465/3547/3465 3466/3548/3466 3467/3549/3467 3468/3550/3468 
f 3466/3548/3466 3469/3551/3469 3470/3552/3470 3467/3549/3467 
f 3468/3550/3468 3467/3549/3467 3471/3553/3471 3472/3554/3472 
f 3467/3549/3467 3470/3552/3470 3473/3555/3473 3471/3553/3471 
f 3474/3556/3474 3280/3354/3280 3279/3353/3279 3475/3557/3475 
f 3475/3557/3475 3279/3353/3279 3275/3349/3275 3476/3558/3476 
f 3469/3551/3469 3474/3556/3474 3475/3557/3475 3470/3552/3470 
f 3470/3552/3470 3475/3557/3475 3476/3558/3476 3473/3555/3473 
f 419/419/419 3477/3559/3477 3478/3560/3478 3273/3347/3273 
f 3477/3559/3477 3479/3561/3479 3480/3562/3480 3478/3560/3478 
f 3273/3347/3273 3478/3560/3478 3476/3558/3476 3275/3349/3275 
f 3478/3560/3478 3480/3562/3480 3473/3555/3473 3476/3558/3476 
f 3481/3563/3481 1041/1041/1041 3482/3564/3482 3483/3565/3483 
f 3483/3565/3483 3482/3564/3482 3472/3554/3472 3471/3553/3471 
f 3479/3561/3479 3481/3563/3481 3483/3565/3483 3480/3562/3480 
f 3480/3562/3480 3483/3565/3483 3471/3553/3471 3473/3555/3473 
f 3484/3566/3484 3485/3567/3485 3486/3568/3486 3487/3569/3487 
f 3485/3567/3485 3488/3570/3488 3489/3571/3489 3486/3568/3486 
f 3487/3569/3487 3486/3568/3486 3490/3572/3490 3491/3573/3491 
f 3486/3568/3486 3489/3571/3489 3492/3574/3492 3490/3572/3490 
f 3493/3575/3493 3465/3547/3465 3468/3550/3468 3494/3576/3494 
f 3494/3576/3494 3468/3550/3468 3472/3554/3472 3495/3577/3495 
f 3488/3570/3488 3493/3575/3493 3494/3576/3494 3489/3571/3489 
f 3489/3571/3489 3494/3576/3494 3495/3577/3495 3492/3574/3492 
f 1041/1041/1041 1044/1044/1044 3496/3578/3496 3482/3564/3482 
f 1044/1044/1044 1039/1039/1039 3497/3579/3497 3496/3578/3496 
f 3482/3564/3482 3496/3578/3496 3495/3577/3495 3472/3554/3472 
f 3496/3578/3496 3497/3579/3497 3492/3574/3492 3495/3577/3495 
f 1037/1037/1037 975/975/975 3498/3580/3498 3499/3581/3499 
f 3499/3581/3499 3498/3580/3498 3491/3573/3491 3490/3572/3490 
f 1039/1039/1039 1037/1037/1037 3499/3581/3499 3497/3579/3497 
f 3497/3579/3497 3499/3581/3499 3490/3572/3490 3492/3574/3492 
f 3500/3582/3500 3501/3583/3501 3502/3584/3502 3503/3585/3503 
f 3501/3583/3501 3504/3586/3504 3505/3587/3505 3502/3584/3502 
f 3503/3585/3503 3502/3584/3502 3506/3588/3506 3507/3589/3507 
f 3502/3584/3502 3505/3587/3505 3508/3590/3508 3506/3588/3506 
f 3509/3591/3509 3510/3592/3510 3511/3593/3511 3512/3594/3512 
f 3512/3594/3512 3511/3593/3511 3513/3595/3513 3514/3596/3514 
f 3504/3586/3504 3509/3591/3509 3512/3594/3512 3505/3587/3505 
f 3505/3587/3505 3512/3594/3512 3514/3596/3514 3508/3590/3508 
f 3465/3547/3465 3493/3575/3493 3515/3597/3515 3516/3598/3516 
f 3493/3575/3493 3488/3570/3488 3517/3599/3517 3515/3597/3515 
f 3516/3598/3516 3515/3597/3515 3514/3596/3514 3513/3595/3513 
f 3515/3597/3515 3517/3599/3517 3508/3590/3508 3514/3596/3514 
f 3485/3567/3485 3484/3566/3484 3518/3600/3518 3519/3601/3519 
f 3519/3601/3519 3518/3600/3518 3507/3589/3507 3506/3588/3506 
f 3488/3570/3488 3485/3567/3485 3519/3601/3519 3517/3599/3517 
f 3517/3599/3517 3519/3601/3519 3506/3588/3506 3508/3590/3508 
f 3510/3592/3510 3520/3602/3520 3521/3603/3521 3511/3593/3511 
f 3520/3602/3520 3522/3604/3522 3523/3605/3523 3521/3603/3521 
f 3511/3593/3511 3521/3603/3521 3524/3606/3524 3513/3595/3513 
f 3521/3603/3521 3523/3605/3523 3525/3607/3525 3524/3606/3524 
f 3526/3608/3526 3310/3384/3310 3309/3383/3309 3527/3609/3527 
f 3527/3609/3527 3309/3383/3309 3307/3381/3307 3528/3610/3528 
f 3522/3604/3522 3526/3608/3526 3527/3609/3527 3523/3605/3523 
f 3523/3605/3523 3527/3609/3527 3528/3610/3528 3525/3607/3525 
f 3280/3354/3280 3474/3556/3474 3529/3611/3529 3305/3379/3305 
f 3474/3556/3474 3469/3551/3469 3530/3612/3530 3529/3611/3529 
f 3305/3379/3305 3529/3611/3529 3528/3610/3528 3307/3381/3307 
f 3529/3611/3529 3530/3612/3530 3525/3607/3525 3528/3610/3528 
f 3466/3548/3466 3465/3547/3465 3516/3598/3516 3531/3613/3531 
f 3531/3613/3531 3516/3598/3516 3513/3595/3513 3524/3606/3524 
f 3469/3551/3469 3466/3548/3466 3531/3613/3531 3530/3612/3530 
f 3530/3612/3530 3531/3613/3531 3524/3606/3524 3525/3607/3525 
f 3532/3614/3532 3533/3615/3533 3534/3616/3534 3535/3617/3535 
f 3533/3615/3533 3536/3618/3536 3537/3619/3537 3534/3616/3534 
f 3535/3617/3535 3534/3616/3534 3538/3620/3538 3539/3621/3539 
f 3534/3616/3534 3537/3619/3537 3540/3622/3540 3538/3620/3538 
f 3541/3623/3541 955/955/955 954/954/954 3542/3624/3542 
f 3542/3624/3542 954/954/954 952/952/952 3543/3625/3543 
f 3536/3618/3536 3541/3623/3541 3542/3624/3542 3537/3619/3537 
f 3537/3619/3537 3542/3624/3542 3543/3625/3543 3540/3622/3540 
f 948/948/948 3544/3626/3544 3545/3627/3545 949/949/949 
f 3544/3626/3544 3546/3628/3546 3547/3629/3547 3545/3627/3545 
f 949/949/949 3545/3627/3545 3543/3625/3543 952/952/952 
f 3545/3627/3545 3547/3629/3547 3540/3622/3540 3543/3625/3543 
f 3548/3630/3548 3549/3631/3549 3550/3632/3550 3551/3633/3551 
f 3551/3633/3551 3550/3632/3550 3539/3621/3539 3538/3620/3538 
f 3546/3628/3546 3548/3630/3548 3551/3633/3551 3547/3629/3547 
f 3547/3629/3547 3551/3633/3551 3538/3620/3538 3540/3622/3540 
f 3552/3634/3552 3553/3635/3553 3554/3636/3554 3555/3637/3555 
f 3553/3635/3553 3556/3638/3556 3557/3639/3557 3554/3636/3554 
f 3555/3637/3555 3554/3636/3554 3558/3640/3558 3559/3641/3559 
f 3554/3636/3554 3557/3639/3557 3560/3642/3560 3558/3640/3558 
f 3561/3643/3561 3532/3614/3532 3535/3617/3535 3562/3644/3562 
f 3562/3644/3562 3535/3617/3535 3539/3621/3539 3563/3645/3563 
f 3556/3638/3556 3561/3643/3561 3562/3644/3562 3557/3639/3557 
f 3557/3639/3557 3562/3644/3562 3563/3645/3563 3560/3642/3560 
f 3549/3631/3549 3564/3646/3564 3565/3647/3565 3550/3632/3550 
f 3564/3646/3564 3566/3648/3566 3567/3649/3567 3565/3647/3565 
f 3550/3632/3550 3565/3647/3565 3563/3645/3563 3539/3621/3539 
f 3565/3647/3565 3567/3649/3567 3560/3642/3560 3563/3645/3563 
f 3568/3650/3568 3569/3651/3569 3570/3652/3570 3571/3653/3571 
f 3571/3653/3571 3570/3652/3570 3559/3641/3559 3558/3640/3558 
f 3566/3648/3566 3568/3650/3568 3571/3653/3571 3567/3649/3567 
f 3567/3649/3567 3571/3653/3571 3558/3640/3558 3560/3642/3560 
f 3500/3582/3500 3503/3585/3503 3572/3654/3572 3573/3655/3573 
f 3503/3585/3503 3507/3589/3507 3574/3656/3574 3572/3654/3572 
f 3573/3655/3573 3572/3654/3572 3575/3657/3575 3576/3658/3576 
f 3572/3654/3572 3574/3656/3574 3577/3659/3577 3575/3657/3575 
f 3518/3600/3518 3484/3566/3484 3578/3660/3578 3579/3661/3579 
f 3579/3661/3579 3578/3660/3578 3580/3662/3580 3581/3663/3581 
f 3507/3589/3507 3518/3600/3518 3579/3661/3579 3574/3656/3574 
f 3574/3656/3574 3579/3661/3579 3581/3663/3581 3577/3659/3577 
f 3532/3614/3532 3561/3643/3561 3582/3664/3582 3583/3665/3583 
f 3561/3643/3561 3556/3638/3556 3584/3666/3584 3582/3664/3582 
f 3583/3665/3583 3582/3664/3582 3581/3663/3581 3580/3662/3580 
f 3582/3664/3582 3584/3666/3584 3577/3659/3577 3581/3663/3581 
f 3553/3635/3553 3552/3634/3552 3585/3667/3585 3586/3668/3586 
f 3586/3668/3586 3585/3667/3585 3576/3658/3576 3575/3657/3575 
f 3556/3638/3556 3553/3635/3553 3586/3668/3586 3584/3666/3584 
f 3584/3666/3584 3586/3668/3586 3575/3657/3575 3577/3659/3577 
f 3484/3566/3484 3487/3569/3487 3587/3669/3587 3578/3660/3578 
f 3487/3569/3487 3491/3573/3491 3588/3670/3588 3587/3669/3587 
f 3578/3660/3578 3587/3669/3587 3589/3671/3589 3580/3662/3580 
f 3587/3669/3587 3588/3670/3588 3590/3672/3590 3589/3671/3589 
f 3498/3580/3498 975/975/975 974/974/974 3591/3673/3591 
f 3591/3673/3591 974/974/974 972/972/972 3592/3674/3592 
f 3491/3573/3491 3498/3580/3498 3591/3673/3591 3588/3670/3588 
f 3588/3670/3588 3591/3673/3591 3592/3674/3592 3590/3672/3590 
f 955/955/955 3541/3623/3541 3593/3675/3593 970/970/970 
f 3541/3623/3541 3536/3618/3536 3594/3676/3594 3593/3675/3593 
f 970/970/970 3593/3675/3593 3592/3674/3592 972/972/972 
f 3593/3675/3593 3594/3676/3594 3590/3672/3590 3592/3674/3592 
f 3533/3615/3533 3532/3614/3532 3583/3665/3583 3595/3677/3595 
f 3595/3677/3595 3583/3665/3583 3580/3662/3580 3589/3671/3589 
f 3536/3618/3536 3533/3615/3533 3595/3677/3595 3594/3676/3594 
f 3594/3676/3594 3595/3677/3595 3589/3671/3589 3590/3672/3590 
f 3596/3678/3596 3597/3679/3597 3598/3680/3598 3599/3681/3599 
f 3597/3679/3597 3600/3682/3600 3601/3683/3601 3598/3680/3598 
f 3599/3681/3599 3598/3680/3598 3602/3684/3602 3603/3685/3603 
f 3598/3680/3598 3601/3683/3601 3604/3686/3604 3602/3684/3602 
f 3605/3687/3605 3606/3688/3606 3607/3689/3607 3608/3690/3608 
f 3608/3690/3608 3607/3689/3607 3609/3691/3609 3610/3692/3610 
f 3600/3682/3600 3605/3687/3605 3608/3690/3608 3601/3683/3601 
f 3601/3683/3601 3608/3690/3608 3610/3692/3610 3604/3686/3604 
f 3611/3693/3611 3612/3694/3612 3613/3695/3613 3614/3696/3614 
f 3612/3694/3612 3615/3697/3615 3616/3698/3616 3613/3695/3613 
f 3614/3696/3614 3613/3695/3613 3610/3692/3610 3609/3691/3609 
f 3613/3695/3613 3616/3698/3616 3604/3686/3604 3610/3692/3610 
f 3617/3699/3617 3618/3700/3618 3619/3701/3619 3620/3702/3620 
f 3620/3702/3620 3619/3701/3619 3603/3685/3603 3602/3684/3602 
f 3615/3697/3615 3617/3699/3617 3620/3702/3620 3616/3698/3616 
f 3616/3698/3616 3620/3702/3620 3602/3684/3602 3604/3686/3604 
f 3621/3703/3621 3622/3704/3622 3623/3705/3623 3624/3706/3624 
f 3622/3704/3622 3625/3707/3625 3626/3708/3626 3623/3705/3623 
f 3624/3706/3624 3623/3705/3623 3627/3709/3627 3628/3710/3628 
f 3623/3705/3623 3626/3708/3626 3629/3711/3629 3627/3709/3627 
f 3630/3712/3630 3596/3678/3596 3599/3681/3599 3631/3713/3631 
f 3631/3713/3631 3599/3681/3599 3603/3685/3603 3632/3714/3632 
f 3625/3707/3625 3630/3712/3630 3631/3713/3631 3626/3708/3626 
f 3626/3708/3626 3631/3713/3631 3632/3714/3632 3629/3711/3629 
f 3618/3700/3618 3633/3715/3633 3634/3716/3634 3619/3701/3619 
f 3633/3715/3633 3635/3717/3635 3636/3718/3636 3634/3716/3634 
f 3619/3701/3619 3634/3716/3634 3632/3714/3632 3603/3685/3603 
f 3634/3716/3634 3636/3718/3636 3629/3711/3629 3632/3714/3632 
f 3637/3719/3637 3638/3720/3638 3639/3721/3639 3640/3722/3640 
f 3640/3722/3640 3639/3721/3639 3628/3710/3628 3627/3709/3627 
f 3635/3717/3635 3637/3719/3637 3640/3722/3640 3636/3718/3636 
f 3636/3718/3636 3640/3722/3640 3627/3709/3627 3629/3711/3629 
f 3500/3582/3500 3573/3655/3573 3641/3723/3641 3642/3724/3642 
f 3573/3655/3573 3576/3658/3576 3643/3725/3643 3641/3723/3641 
f 3642/3724/3642 3641/3723/3641 3644/3726/3644 3645/3727/3645 
f 3641/3723/3641 3643/3725/3643 3646/3728/3646 3644/3726/3644 
f 3585/3667/3585 3552/3634/3552 3647/3729/3647 3648/3730/3648 
f 3648/3730/3648 3647/3729/3647 3649/3731/3649 3650/3732/3650 
f 3576/3658/3576 3585/3667/3585 3648/3730/3648 3643/3725/3643 
f 3643/3725/3643 3648/3730/3648 3650/3732/3650 3646/3728/3646 
f 3596/3678/3596 3630/3712/3630 3651/3733/3651 3652/3734/3652 
f 3630/3712/3630 3625/3707/3625 3653/3735/3653 3651/3733/3651 
f 3652/3734/3652 3651/3733/3651 3650/3732/3650 3649/3731/3649 
f 3651/3733/3651 3653/3735/3653 3646/3728/3646 3650/3732/3650 
f 3622/3704/3622 3621/3703/3621 3654/3736/3654 3655/3737/3655 
f 3655/3737/3655 3654/3736/3654 3645/3727/3645 3644/3726/3644 
f 3625/3707/3625 3622/3704/3622 3655/3737/3655 3653/3735/3653 
f 3653/3735/3653 3655/3737/3655 3644/3726/3644 3646/3728/3646 
f 3552/3634/3552 3555/3637/3555 3656/3738/3656 3647/3729/3647 
f 3555/3637/3555 3559/3641/3559 3657/3739/3657 3656/3738/3656 
f 3647/3729/3647 3656/3738/3656 3658/3740/3658 3649/3731/3649 
f 3656/3738/3656 3657/3739/3657 3659/3741/3659 3658/3740/3658 
f 3570/3652/3570 3569/3651/3569 3660/3742/3660 3661/3743/3661 
f 3661/3743/3661 3660/3742/3660 3662/3744/3662 3663/3745/3663 
f 3559/3641/3559 3570/3652/3570 3661/3743/3661 3657/3739/3657 
f 3657/3739/3657 3661/3743/3661 3663/3745/3663 3659/3741/3659 
f 3606/3688/3606 3605/3687/3605 3664/3746/3664 3665/3747/3665 
f 3605/3687/3605 3600/3682/3600 3666/3748/3666 3664/3746/3664 
f 3665/3747/3665 3664/3746/3664 3663/3745/3663 3662/3744/3662 
f 3664/3746/3664 3666/3748/3666 3659/3741/3659 3663/3745/3663 
f 3597/3679/3597 3596/3678/3596 3652/3734/3652 3667/3749/3667 
f 3667/3749/3667 3652/3734/3652 3649/3731/3649 3658/3740/3658 
f 3600/3682/3600 3597/3679/3597 3667/3749/3667 3666/3748/3666 
f 3666/3748/3666 3667/3749/3667 3658/3740/3658 3659/3741/3659 
f 3668/3750/3668 3669/3751/3669 3670/3752/3670 3671/3753/3671 
f 3669/3751/3669 3672/3754/3672 3673/3755/3673 3670/3752/3670 
f 3671/3753/3671 3670/3752/3670 3674/3756/3674 3675/3757/3675 
f 3670/3752/3670 3673/3755/3673 3676/3758/3676 3674/3756/3674 
f 3677/3759/3677 3678/3760/3678 3679/3761/3679 3680/3762/3680 
f 3680/3762/3680 3679/3761/3679 3681/3763/3681 3682/3764/3682 
f 3672/3754/3672 3677/3759/3677 3680/3762/3680 3673/3755/3673 
f 3673/3755/3673 3680/3762/3680 3682/3764/3682 3676/3758/3676 
f 3352/3426/3352 3355/3429/3355 3683/3765/3683 3684/3766/3684 
f 3355/3429/3355 3350/3424/3350 3685/3767/3685 3683/3765/3683 
f 3684/3766/3684 3683/3765/3683 3682/3764/3682 3681/3763/3681 
f 3683/3765/3683 3685/3767/3685 3676/3758/3676 3682/3764/3682 
f 3348/3422/3348 3347/3421/3347 3686/3768/3686 3687/3769/3687 
f 3687/3769/3687 3686/3768/3686 3675/3757/3675 3674/3756/3674 
f 3350/3424/3350 3348/3422/3348 3687/3769/3687 3685/3767/3685 
f 3685/3767/3685 3687/3769/3687 3674/3756/3674 3676/3758/3676 
f 3510/3592/3510 3688/3770/3688 3689/3771/3689 3520/3602/3520 
f 3688/3770/3688 3690/3772/3690 3691/3773/3691 3689/3771/3689 
f 3520/3602/3520 3689/3771/3689 3692/3774/3692 3522/3604/3522 
f 3689/3771/3689 3691/3773/3691 3693/3775/3693 3692/3774/3692 
f 3694/3776/3694 3668/3750/3668 3671/3753/3671 3695/3777/3695 
f 3695/3777/3695 3671/3753/3671 3675/3757/3675 3696/3778/3696 
f 3690/3772/3690 3694/3776/3694 3695/3777/3695 3691/3773/3691 
f 3691/3773/3691 3695/3777/3695 3696/3778/3696 3693/3775/3693 
f 3347/3421/3347 3406/3480/3406 3697/3779/3697 3686/3768/3686 
f 3406/3480/3406 3403/3477/3403 3698/3780/3698 3697/3779/3697 
f 3686/3768/3686 3697/3779/3697 3696/3778/3696 3675/3757/3675 
f 3697/3779/3697 3698/3780/3698 3693/3775/3693 3696/3778/3696 
f 3401/3475/3401 3310/3384/3310 3526/3608/3526 3699/3781/3699 
f 3699/3781/3699 3526/3608/3526 3522/3604/3522 3692/3774/3692 
f 3403/3477/3403 3401/3475/3401 3699/3781/3699 3698/3780/3698 
f 3698/3780/3698 3699/3781/3699 3692/3774/3692 3693/3775/3693 
f 3500/3582/3500 3642/3724/3642 3700/3782/3700 3501/3583/3501 
f 3642/3724/3642 3645/3727/3645 3701/3783/3701 3700/3782/3700 
f 3501/3583/3501 3700/3782/3700 3702/3784/3702 3504/3586/3504 
f 3700/3782/3700 3701/3783/3701 3703/3785/3703 3702/3784/3702 
f 3654/3736/3654 3621/3703/3621 3704/3786/3704 3705/3787/3705 
f 3705/3787/3705 3704/3786/3704 3706/3788/3706 3707/3789/3707 
f 3645/3727/3645 3654/3736/3654 3705/3787/3705 3701/3783/3701 
f 3701/3783/3701 3705/3787/3705 3707/3789/3707 3703/3785/3703 
f 3668/3750/3668 3694/3776/3694 3708/3790/3708 3709/3791/3709 
f 3694/3776/3694 3690/3772/3690 3710/3792/3710 3708/3790/3708 
f 3709/3791/3709 3708/3790/3708 3707/3789/3707 3706/3788/3706 
f 3708/3790/3708 3710/3792/3710 3703/3785/3703 3707/3789/3707 
f 3688/3770/3688 3510/3592/3510 3509/3591/3509 3711/3793/3711 
f 3711/3793/3711 3509/3591/3509 3504/3586/3504 3702/3784/3702 
f 3690/3772/3690 3688/3770/3688 3711/3793/3711 3710/3792/3710 
f 3710/3792/3710 3711/3793/3711 3702/3784/3702 3703/3785/3703 
f 3621/3703/3621 3624/3706/3624 3712/3794/3712 3704/3786/3704 
f 3624/3706/3624 3628/3710/3628 3713/3795/3713 3712/3794/3712 
f 3704/3786/3704 3712/3794/3712 3714/3796/3714 3706/3788/3706 
f 3712/3794/3712 3713/3795/3713 3715/3797/3715 3714/3796/3714 
f 3639/3721/3639 3638/3720/3638 3716/3798/3716 3717/3799/3717 
f 3717/3799/3717 3716/3798/3716 3718/3800/3718 3719/3801/3719 
f 3628/3710/3628 3639/3721/3639 3717/3799/3717 3713/3795/3713 
f 3713/3795/3713 3717/3799/3717 3719/3801/3719 3715/3797/3715 
f 3678/3760/3678 3677/3759/3677 3720/3802/3720 3721/3803/3721 
f 3677/3759/3677 3672/3754/3672 3722/3804/3722 3720/3802/3720 
f 3721/3803/3721 3720/3802/3720 3719/3801/3719 3718/3800/3718 
f 3720/3802/3720 3722/3804/3722 3715/3797/3715 3719/3801/3719 
f 3669/3751/3669 3668/3750/3668 3709/3791/3709 3723/3805/3723 
f 3723/3805/3723 3709/3791/3709 3706/3788/3706 3714/3796/3714 
f 3672/3754/3672 3669/3751/3669 3723/3805/3723 3722/3804/3722 
f 3722/3804/3722 3723/3805/3723 3714/3796/3714 3715/3797/3715 
f 3724/3806/3724 3725/3807/3725 3726/3808/3726 3727/3809/3727 
f 3725/3807/3725 3728/3810/3728 3729/3811/3729 3726/3808/3726 
f 3727/3809/3727 3726/3808/3726 3730/3812/3730 3731/3813/3731 
f 3726/3808/3726 3729/3811/3729 3732/3814/3732 3730/3812/3730 
f 3733/3815/3733 3050/3816/3050 3049/3817/3049 3734/3818/3734 
f 3734/3818/3734 3049/3817/3049 3047/3819/3047 3735/3820/3735 
f 3728/3810/3728 3733/3815/3733 3734/3818/3734 3729/3811/3729 
f 3729/3811/3729 3734/3818/3734 3735/3820/3735 3732/3814/3732 
f 2601/3498/2601 3425/3501/3425 3736/3821/3736 3045/3822/3045 
f 3425/3501/3425 3422/3496/3422 3737/3823/3737 3736/3821/3736 
f 3045/3822/3045 3736/3821/3736 3735/3820/3735 3047/3819/3047 
f 3736/3821/3736 3737/3823/3737 3732/3814/3732 3735/3820/3735 
f 3420/3494/3420 3419/3493/3419 3738/3824/3738 3739/3825/3739 
f 3739/3825/3739 3738/3824/3738 3731/3813/3731 3730/3812/3730 
f 3422/3496/3422 3420/3494/3420 3739/3825/3739 3737/3823/3737 
f 3737/3823/3737 3739/3825/3739 3730/3812/3730 3732/3814/3732 
f 3740/3826/3740 3741/3827/3741 3742/3828/3742 3743/3829/3743 
f 3741/3827/3741 3744/3830/3744 3745/3831/3745 3742/3828/3742 
f 3743/3829/3743 3742/3828/3742 3746/3832/3746 3747/3833/3747 
f 3742/3828/3742 3745/3831/3745 3748/3834/3748 3746/3832/3746 
f 3749/3835/3749 3724/3806/3724 3727/3809/3727 3750/3836/3750 
f 3750/3836/3750 3727/3809/3727 3731/3813/3731 3751/3837/3751 
f 3744/3830/3744 3749/3835/3749 3750/3836/3750 3745/3831/3745 
f 3745/3831/3745 3750/3836/3750 3751/3837/3751 3748/3834/3748 
f 3419/3493/3419 3462/3544/3462 3752/3838/3752 3738/3824/3738 
f 3462/3544/3462 3459/3541/3459 3753/3839/3753 3752/3838/3752 
f 3738/3824/3738 3752/3838/3752 3751/3837/3751 3731/3813/3731 
f 3752/3838/3752 3753/3839/3753 3748/3834/3748 3751/3837/3751 
f 3457/3539/3457 3379/3453/3379 3754/3840/3754 3755/3841/3755 
f 3755/3841/3755 3754/3840/3754 3747/3833/3747 3746/3832/3746 
f 3459/3541/3459 3457/3539/3457 3755/3841/3755 3753/3839/3753 
f 3753/3839/3753 3755/3841/3755 3746/3832/3746 3748/3834/3748 
f 3756/3842/3756 3757/3843/3757 3758/3844/3758 3759/3845/3759 
f 3757/3843/3757 3760/3846/3760 3761/3847/3761 3758/3844/3758 
f 3759/3845/3759 3758/3844/3758 3762/3848/3762 3763/3849/3763 
f 3758/3844/3758 3761/3847/3761 3764/3850/3764 3762/3848/3762 
f 3765/3851/3765 3766/3852/3766 3767/3853/3767 3768/3854/3768 
f 3768/3854/3768 3767/3853/3767 3769/3855/3769 3770/3856/3770 
f 3760/3846/3760 3765/3851/3765 3768/3854/3768 3761/3847/3761 
f 3761/3847/3761 3768/3854/3768 3770/3856/3770 3764/3850/3764 
f 3724/3806/3724 3749/3835/3749 3771/3857/3771 3772/3858/3772 
f 3749/3835/3749 3744/3830/3744 3773/3859/3773 3771/3857/3771 
f 3772/3858/3772 3771/3857/3771 3770/3856/3770 3769/3855/3769 
f 3771/3857/3771 3773/3859/3773 3764/3850/3764 3770/3856/3770 
f 3741/3827/3741 3740/3826/3740 3774/3860/3774 3775/3861/3775 
f 3775/3861/3775 3774/3860/3774 3763/3849/3763 3762/3848/3762 
f 3744/3830/3744 3741/3827/3741 3775/3861/3775 3773/3859/3773 
f 3773/3859/3773 3775/3861/3775 3762/3848/3762 3764/3850/3764 
f 3766/3852/3766 3776/3862/3776 3777/3863/3777 3767/3853/3767 
f 3776/3862/3776 3778/3864/3778 3779/3865/3779 3777/3863/3777 
f 3767/3853/3767 3777/3863/3777 3780/3866/3780 3769/3855/3769 
f 3777/3863/3777 3779/3865/3779 3781/3867/3781 3780/3866/3780 
f 3782/3868/3782 3070/3869/3070 3069/3870/3069 3783/3871/3783 
f 3783/3871/3783 3069/3870/3069 3067/3872/3067 3784/3873/3784 
f 3778/3864/3778 3782/3868/3782 3783/3871/3783 3779/3865/3779 
f 3779/3865/3779 3783/3871/3783 3784/3873/3784 3781/3867/3781 
f 3050/3816/3050 3733/3815/3733 3785/3874/3785 3065/3875/3065 
f 3733/3815/3733 3728/3810/3728 3786/3876/3786 3785/3874/3785 
f 3065/3875/3065 3785/3874/3785 3784/3873/3784 3067/3872/3067 
f 3785/3874/3785 3786/3876/3786 3781/3867/3781 3784/3873/3784 
f 3725/3807/3725 3724/3806/3724 3772/3858/3772 3787/3877/3787 
f 3787/3877/3787 3772/3858/3772 3769/3855/3769 3780/3866/3780 
f 3728/3810/3728 3725/3807/3725 3787/3877/3787 3786/3876/3786 
f 3786/3876/3786 3787/3877/3787 3780/3866/3780 3781/3867/3781 
f 3788/3878/3788 3789/3879/3789 3790/3880/3790 3791/3881/3791 
f 3789/3879/3789 3792/3882/3792 3793/3883/3793 3790/3880/3790 
f 3791/3881/3791 3790/3880/3790 3794/3884/3794 3795/3885/3795 
f 3790/3880/3790 3793/3883/3793 3796/3886/3796 3794/3884/3794 
f 3797/3887/3797 3359/3433/3359 3358/3432/3358 3798/3888/3798 
f 3798/3888/3798 3358/3432/3358 3356/3430/3356 3799/3889/3799 
f 3792/3882/3792 3797/3887/3797 3798/3888/3798 3793/3883/3793 
f 3793/3883/3793 3798/3888/3798 3799/3889/3799 3796/3886/3796 
f 3352/3426/3352 3800/3890/3800 3801/3891/3801 3353/3427/3353 
f 3800/3890/3800 3802/3892/3802 3803/3893/3803 3801/3891/3801 
f 3353/3427/3353 3801/3891/3801 3799/3889/3799 3356/3430/3356 
f 3801/3891/3801 3803/3893/3803 3796/3886/3796 3799/3889/3799 
f 3804/3894/3804 3805/3895/3805 3806/3896/3806 3807/3897/3807 
f 3807/3897/3807 3806/3896/3806 3795/3885/3795 3794/3884/3794 
f 3802/3892/3802 3804/3894/3804 3807/3897/3807 3803/3893/3803 
f 3803/3893/3803 3807/3897/3807 3794/3884/3794 3796/3886/3796 
f 3808/3898/3808 3809/3899/3809 3810/3900/3810 3811/3901/3811 
f 3809/3899/3809 3812/3902/3812 3813/3903/3813 3810/3900/3810 
f 3811/3901/3811 3810/3900/3810 3814/3904/3814 3815/3905/3815 
f 3810/3900/3810 3813/3903/3813 3816/3906/3816 3814/3904/3814 
f 3817/3907/3817 3788/3878/3788 3791/3881/3791 3818/3908/3818 
f 3818/3908/3818 3791/3881/3791 3795/3885/3795 3819/3909/3819 
f 3812/3902/3812 3817/3907/3817 3818/3908/3818 3813/3903/3813 
f 3813/3903/3813 3818/3908/3818 3819/3909/3819 3816/3906/3816 
f 3805/3895/3805 3820/3910/3820 3821/3911/3821 3806/3896/3806 
f 3820/3910/3820 3822/3912/3822 3823/3913/3823 3821/3911/3821 
f 3806/3896/3806 3821/3911/3821 3819/3909/3819 3795/3885/3795 
f 3821/3911/3821 3823/3913/3823 3816/3906/3816 3819/3909/3819 
f 3824/3914/3824 3825/3915/3825 3826/3916/3826 3827/3917/3827 
f 3827/3917/3827 3826/3916/3826 3815/3905/3815 3814/3904/3814 
f 3822/3912/3822 3824/3914/3824 3827/3917/3827 3823/3913/3823 
f 3823/3913/3823 3827/3917/3827 3814/3904/3814 3816/3906/3816 
f 3756/3842/3756 3759/3845/3759 3828/3918/3828 3829/3919/3829 
f 3759/3845/3759 3763/3849/3763 3830/3920/3830 3828/3918/3828 
f 3829/3919/3829 3828/3918/3828 3831/3921/3831 3832/3922/3832 
f 3828/3918/3828 3830/3920/3830 3833/3923/3833 3831/3921/3831 
f 3774/3860/3774 3740/3826/3740 3834/3924/3834 3835/3925/3835 
f 3835/3925/3835 3834/3924/3834 3836/3926/3836 3837/3927/3837 
f 3763/3849/3763 3774/3860/3774 3835/3925/3835 3830/3920/3830 
f 3830/3920/3830 3835/3925/3835 3837/3927/3837 3833/3923/3833 
f 3788/3878/3788 3817/3907/3817 3838/3928/3838 3839/3929/3839 
f 3817/3907/3817 3812/3902/3812 3840/3930/3840 3838/3928/3838 
f 3839/3929/3839 3838/3928/3838 3837/3927/3837 3836/3926/3836 
f 3838/3928/3838 3840/3930/3840 3833/3923/3833 3837/3927/3837 
f 3809/3899/3809 3808/3898/3808 3841/3931/3841 3842/3932/3842 
f 3842/3932/3842 3841/3931/3841 3832/3922/3832 3831/3921/3831 
f 3812/3902/3812 3809/3899/3809 3842/3932/3842 3840/3930/3840 
f 3840/3930/3840 3842/3932/3842 3831/3921/3831 3833/3923/3833 
f 3740/3826/3740 3743/3829/3743 3843/3933/3843 3834/3924/3834 
f 3743/3829/3743 3747/3833/3747 3844/3934/3844 3843/3933/3843 
f 3834/3924/3834 3843/3933/3843 3845/3935/3845 3836/3926/3836 
f 3843/3933/3843 3844/3934/3844 3846/3936/3846 3845/3935/3845 
f 3754/3840/3754 3379/3453/3379 3378/3452/3378 3847/3937/3847 
f 3847/3937/3847 3378/3452/3378 3376/3450/3376 3848/3938/3848 
f 3747/3833/3747 3754/3840/3754 3847/3937/3847 3844/3934/3844 
f 3844/3934/3844 3847/3937/3847 3848/3938/3848 3846/3936/3846 
f 3359/3433/3359 3797/3887/3797 3849/3939/3849 3374/3448/3374 
f 3797/3887/3797 3792/3882/3792 3850/3940/3850 3849/3939/3849 
f 3374/3448/3374 3849/3939/3849 3848/3938/3848 3376/3450/3376 
f 3849/3939/3849 3850/3940/3850 3846/3936/3846 3848/3938/3848 
f 3789/3879/3789 3788/3878/3788 3839/3929/3839 3851/3941/3851 
f 3851/3941/3851 3839/3929/3839 3836/3926/3836 3845/3935/3845 
f 3792/3882/3792 3789/3879/3789 3851/3941/3851 3850/3940/3850 
f 3850/3940/3850 3851/3941/3851 3845/3935/3845 3846/3936/3846 
f 3852/3942/3852 3853/3943/3853 3854/3944/3854 3855/3945/3855 
f 3853/3943/3853 3856/3946/3856 3857/3947/3857 3854/3944/3854 
f 3855/3945/3855 3854/3944/3854 3858/3948/3858 3859/3949/3859 
f 3854/3944/3854 3857/3947/3857 3860/3950/3860 3858/3948/3858 
f 3861/3951/3861 3862/3952/3862 3863/3953/3863 3864/3954/3864 
f 3864/3954/3864 3863/3953/3863 3865/3955/3865 3866/3956/3866 
f 3856/3946/3856 3861/3951/3861 3864/3954/3864 3857/3947/3857 
f 3857/3947/3857 3864/3954/3864 3866/3956/3866 3860/3950/3860 
f 1506/1506/1506 1509/1509/1509 3867/3957/3867 3868/3958/3868 
f 1509/1509/1509 1504/1504/1504 3869/3959/3869 3867/3957/3867 
f 3868/3958/3868 3867/3957/3867 3866/3956/3866 3865/3955/3865 
f 3867/3957/3867 3869/3959/3869 3860/3950/3860 3866/3956/3866 
f 1502/1502/1502 1501/1501/1501 3870/3960/3870 3871/3961/3871 
f 3871/3961/3871 3870/3960/3870 3859/3949/3859 3858/3948/3858 
f 1504/1504/1504 1502/1502/1502 3871/3961/3871 3869/3959/3869 
f 3869/3959/3869 3871/3961/3871 3858/3948/3858 3860/3950/3860 
f 3872/3962/3872 3873/3963/3873 3874/3964/3874 3875/3965/3875 
f 3873/3963/3873 3876/3966/3876 3877/3967/3877 3874/3964/3874 
f 3875/3965/3875 3874/3964/3874 3878/3968/3878 3879/3969/3879 
f 3874/3964/3874 3877/3967/3877 3880/3970/3880 3878/3968/3878 
f 3881/3971/3881 3852/3942/3852 3855/3945/3855 3882/3972/3882 
f 3882/3972/3882 3855/3945/3855 3859/3949/3859 3883/3973/3883 
f 3876/3966/3876 3881/3971/3881 3882/3972/3882 3877/3967/3877 
f 3877/3967/3877 3882/3972/3882 3883/3973/3883 3880/3970/3880 
f 1501/1501/1501 1569/1569/1569 3884/3974/3884 3870/3960/3870 
f 1569/1569/1569 1566/1566/1566 3885/3975/3885 3884/3974/3884 
f 3870/3960/3870 3884/3974/3884 3883/3973/3883 3859/3949/3859 
f 3884/3974/3884 3885/3975/3885 3880/3970/3880 3883/3973/3883 
f 1564/1564/1564 1461/1461/1461 3886/3976/3886 3887/3977/3887 
f 3887/3977/3887 3886/3976/3886 3879/3969/3879 3878/3968/3878 
f 1566/1566/1566 1564/1564/1564 3887/3977/3887 3885/3975/3885 
f 3885/3975/3885 3887/3977/3887 3878/3968/3878 3880/3970/3880 
f 3756/3842/3756 3829/3919/3829 3888/3978/3888 3889/3979/3889 
f 3829/3919/3829 3832/3922/3832 3890/3980/3890 3888/3978/3888 
f 3889/3979/3889 3888/3978/3888 3891/3981/3891 3892/3982/3892 
f 3888/3978/3888 3890/3980/3890 3893/3983/3893 3891/3981/3891 
f 3841/3931/3841 3808/3898/3808 3894/3984/3894 3895/3985/3895 
f 3895/3985/3895 3894/3984/3894 3896/3986/3896 3897/3987/3897 
f 3832/3922/3832 3841/3931/3841 3895/3985/3895 3890/3980/3890 
f 3890/3980/3890 3895/3985/3895 3897/3987/3897 3893/3983/3893 
f 3852/3942/3852 3881/3971/3881 3898/3988/3898 3899/3989/3899 
f 3881/3971/3881 3876/3966/3876 3900/3990/3900 3898/3988/3898 
f 3899/3989/3899 3898/3988/3898 3897/3987/3897 3896/3986/3896 
f 3898/3988/3898 3900/3990/3900 3893/3983/3893 3897/3987/3897 
f 3873/3963/3873 3872/3962/3872 3901/3991/3901 3902/3992/3902 
f 3902/3992/3902 3901/3991/3901 3892/3982/3892 3891/3981/3891 
f 3876/3966/3876 3873/3963/3873 3902/3992/3902 3900/3990/3900 
f 3900/3990/3900 3902/3992/3902 3891/3981/3891 3893/3983/3893 
f 3808/3898/3808 3811/3901/3811 3903/3993/3903 3894/3984/3894 
f 3811/3901/3811 3815/3905/3815 3904/3994/3904 3903/3993/3903 
f 3894/3984/3894 3903/3993/3903 3905/3995/3905 3896/3986/3896 
f 3903/3993/3903 3904/3994/3904 3906/3996/3906 3905/3995/3905 
f 3826/3916/3826 3825/3915/3825 3907/3997/3907 3908/3998/3908 
f 3908/3998/3908 3907/3997/3907 3909/3999/3909 3910/4000/3910 
f 3815/3905/3815 3826/3916/3826 3908/3998/3908 3904/3994/3904 
f 3904/3994/3904 3908/3998/3908 3910/4000/3910 3906/3996/3906 
f 3862/3952/3862 3861/3951/3861 3911/4001/3911 3912/4002/3912 
f 3861/3951/3861 3856/3946/3856 3913/4003/3913 3911/4001/3911 
f 3912/4002/3912 3911/4001/3911 3910/4000/3910 3909/3999/3909 
f 3911/4001/3911 3913/4003/3913 3906/3996/3906 3910/4000/3910 
f 3853/3943/3853 3852/3942/3852 3899/3989/3899 3914/4004/3914 
f 3914/4004/3914 3899/3989/3899 3896/3986/3896 3905/3995/3905 
f 3856/3946/3856 3853/3943/3853 3914/4004/3914 3913/4003/3913 
f 3913/4003/3913 3914/4004/3914 3905/3995/3905 3906/3996/3906 
f 3915/4005/3915 3916/4006/3916 3917/4007/3917 3918/4008/3918 
f 3916/4006/3916 3919/4009/3919 3920/4010/3920 3917/4007/3917 
f 3918/4008/3918 3917/4007/3917 3921/4011/3921 3922/4012/3922 
f 3917/4007/3917 3920/4010/3920 3923/4013/3923 3921/4011/3921 
f 3924/4014/3924 1441/1441/1441 1440/1440/1440 3925/4015/3925 
f 3925/4015/3925 1440/1440/1440 1438/1438/1438 3926/4016/3926 
f 3919/4009/3919 3924/4014/3924 3925/4015/3925 3920/4010/3920 
f 3920/4010/3920 3925/4015/3925 3926/4016/3926 3923/4013/3923 
f 1434/1434/1434 3113/4017/3113 3927/4018/3927 1435/1435/1435 
f 3113/4017/3113 3110/4019/3110 3928/4020/3928 3927/4018/3927 
f 1435/1435/1435 3927/4018/3927 3926/4016/3926 1438/1438/1438 
f 3927/4018/3927 3928/4020/3928 3923/4013/3923 3926/4016/3926 
f 3108/4021/3108 3107/4022/3107 3929/4023/3929 3930/4024/3930 
f 3930/4024/3930 3929/4023/3929 3922/4012/3922 3921/4011/3921 
f 3110/4019/3110 3108/4021/3108 3930/4024/3930 3928/4020/3928 
f 3928/4020/3928 3930/4024/3930 3921/4011/3921 3923/4013/3923 
f 3766/3852/3766 3931/4025/3931 3932/4026/3932 3776/3862/3776 
f 3931/4025/3931 3933/4027/3933 3934/4028/3934 3932/4026/3932 
f 3776/3862/3776 3932/4026/3932 3935/4029/3935 3778/3864/3778 
f 3932/4026/3932 3934/4028/3934 3936/4030/3936 3935/4029/3935 
f 3937/4031/3937 3915/4005/3915 3918/4008/3918 3938/4032/3938 
f 3938/4032/3938 3918/4008/3918 3922/4012/3922 3939/4033/3939 
f 3933/4027/3933 3937/4031/3937 3938/4032/3938 3934/4028/3934 
f 3934/4028/3934 3938/4032/3938 3939/4033/3939 3936/4030/3936 
f 3107/4022/3107 3157/4034/3157 3940/4035/3940 3929/4023/3929 
f 3157/4034/3157 3154/4036/3154 3941/4037/3941 3940/4035/3940 
f 3929/4023/3929 3940/4035/3940 3939/4033/3939 3922/4012/3922 
f 3940/4035/3940 3941/4037/3941 3936/4030/3936 3939/4033/3939 
f 3152/4038/3152 3070/3869/3070 3782/3868/3782 3942/4039/3942 
f 3942/4039/3942 3782/3868/3782 3778/3864/3778 3935/4029/3935 
f 3154/4036/3154 3152/4038/3152 3942/4039/3942 3941/4037/3941 
f 3941/4037/3941 3942/4039/3942 3935/4029/3935 3936/4030/3936 
f 3756/3842/3756 3889/3979/3889 3943/4040/3943 3757/3843/3757 
f 3889/3979/3889 3892/3982/3892 3944/4041/3944 3943/4040/3943 
f 3757/3843/3757 3943/4040/3943 3945/4042/3945 3760/3846/3760 
f 3943/4040/3943 3944/4041/3944 3946/4043/3946 3945/4042/3945 
f 3901/3991/3901 3872/3962/3872 3947/4044/3947 3948/4045/3948 
f 3948/4045/3948 3947/4044/3947 3949/4046/3949 3950/4047/3950 
f 3892/3982/3892 3901/3991/3901 3948/4045/3948 3944/4041/3944 
f 3944/4041/3944 3948/4045/3948 3950/4047/3950 3946/4043/3946 
f 3915/4005/3915 3937/4031/3937 3951/4048/3951 3952/4049/3952 
f 3937/4031/3937 3933/4027/3933 3953/4050/3953 3951/4048/3951 
f 3952/4049/3952 3951/4048/3951 3950/4047/3950 3949/4046/3949 
f 3951/4048/3951 3953/4050/3953 3946/4043/3946 3950/4047/3950 
f 3931/4025/3931 3766/3852/3766 3765/3851/3765 3954/4051/3954 
f 3954/4051/3954 3765/3851/3765 3760/3846/3760 3945/4042/3945 
f 3933/4027/3933 3931/4025/3931 3954/4051/3954 3953/4050/3953 
f 3953/4050/3953 3954/4051/3954 3945/4042/3945 3946/4043/3946 
f 3872/3962/3872 3875/3965/3875 3955/4052/3955 3947/4044/3947 
f 3875/3965/3875 3879/3969/3879 3956/4053/3956 3955/4052/3955 
f 3947/4044/3947 3955/4052/3955 3957/4054/3957 3949/4046/3949 
f 3955/4052/3955 3956/4053/3956 3958/4055/3958 3957/4054/3957 
f 3886/3976/3886 1461/1461/1461 1460/1460/1460 3959/4056/3959 
f 3959/4056/3959 1460/1460/1460 1458/1458/1458 3960/4057/3960 
f 3879/3969/3879 3886/3976/3886 3959/4056/3959 3956/4053/3956 
f 3956/4053/3956 3959/4056/3959 3960/4057/3960 3958/4055/3958 
f 1441/1441/1441 3924/4014/3924 3961/4058/3961 1456/1456/1456 
f 3924/4014/3924 3919/4009/3919 3962/4059/3962 3961/4058/3961 
f 1456/1456/1456 3961/4058/3961 3960/4057/3960 1458/1458/1458 
f 3961/4058/3961 3962/4059/3962 3958/4055/3958 3960/4057/3960 
f 3916/4006/3916 3915/4005/3915 3952/4049/3952 3963/4060/3963 
f 3963/4060/3963 3952/4049/3952 3949/4046/3949 3957/4054/3957 
f 3919/4009/3919 3916/4006/3916 3963/4060/3963 3962/4059/3962 
f 3962/4059/3962 3963/4060/3963 3957/4054/3957 3958/4055/3958 
f 3964/4061/3964 3965/4062/3965 3966/4063/3966 3967/4064/3967 
f 3965/4062/3965 3968/4065/3968 3969/4066/3969 3966/4063/3966 
f 3967/4064/3967 3966/4063/3966 3970/4067/3970 3971/4068/3971 
f 3966/4063/3966 3969/4066/3969 3972/4069/3972 3970/4067/3970 
f 3973/4070/3973 3805/3895/3805 3804/3894/3804 3974/4071/3974 
f 3974/4071/3974 3804/3894/3804 3802/3892/3802 3975/4072/3975 
f 3968/4065/3968 3973/4070/3973 3974/4071/3974 3969/4066/3969 
f 3969/4066/3969 3974/4071/3974 3975/4072/3975 3972/4069/3972 
f 3352/3426/3352 3684/3766/3684 3976/4073/3976 3800/3890/3800 
f 3684/3766/3684 3681/3763/3681 3977/4074/3977 3976/4073/3976 
f 3800/3890/3800 3976/4073/3976 3975/4072/3975 3802/3892/3802 
f 3976/4073/3976 3977/4074/3977 3972/4069/3972 3975/4072/3975 
f 3679/3761/3679 3678/3760/3678 3978/4075/3978 3979/4076/3979 
f 3979/4076/3979 3978/4075/3978 3971/4068/3971 3970/4067/3970 
f 3681/3763/3681 3679/3761/3679 3979/4076/3979 3977/4074/3977 
f 3977/4074/3977 3979/4076/3979 3970/4067/3970 3972/4069/3972 
f 3980/4077/3980 3981/4078/3981 3982/4079/3982 3983/4080/3983 
f 3981/4078/3981 3984/4081/3984 3985/4082/3985 3982/4079/3982 
f 3983/4080/3983 3982/4079/3982 3986/4083/3986 3987/4084/3987 
f 3982/4079/3982 3985/4082/3985 3988/4085/3988 3986/4083/3986 
f 3989/4086/3989 3964/4061/3964 3967/4064/3967 3990/4087/3990 
f 3990/4087/3990 3967/4064/3967 3971/4068/3971 3991/4088/3991 
f 3984/4081/3984 3989/4086/3989 3990/4087/3990 3985/4082/3985 
f 3985/4082/3985 3990/4087/3990 3991/4088/3991 3988/4085/3988 
f 3678/3760/3678 3721/3803/3721 3992/4089/3992 3978/4075/3978 
f 3721/3803/3721 3718/3800/3718 3993/4090/3993 3992/4089/3992 
f 3978/4075/3978 3992/4089/3992 3991/4088/3991 3971/4068/3971 
f 3992/4089/3992 3993/4090/3993 3988/4085/3988 3991/4088/3991 
f 3716/3798/3716 3638/3720/3638 3994/4091/3994 3995/4092/3995 
f 3995/4092/3995 3994/4091/3994 3987/4084/3987 3986/4083/3986 
f 3718/3800/3718 3716/3798/3716 3995/4092/3995 3993/4090/3993 
f 3993/4090/3993 3995/4092/3995 3986/4083/3986 3988/4085/3988 
f 3996/4093/3996 3997/4094/3997 3998/4095/3998 3999/4096/3999 
f 3997/4094/3997 4000/4097/4000 4001/4098/4001 3998/4095/3998 
f 3999/4096/3999 3998/4095/3998 4002/4099/4002 4003/4100/4003 
f 3998/4095/3998 4001/4098/4001 4004/4101/4004 4002/4099/4002 
f 4005/4102/4005 4006/4103/4006 4007/4104/4007 4008/4105/4008 
f 4008/4105/4008 4007/4104/4007 4009/4106/4009 4010/4107/4010 
f 4000/4097/4000 4005/4102/4005 4008/4105/4008 4001/4098/4001 
f 4001/4098/4001 4008/4105/4008 4010/4107/4010 4004/4101/4004 
f 3964/4061/3964 3989/4086/3989 4011/4108/4011 4012/4109/4012 
f 3989/4086/3989 3984/4081/3984 4013/4110/4013 4011/4108/4011 
f 4012/4109/4012 4011/4108/4011 4010/4107/4010 4009/4106/4009 
f 4011/4108/4011 4013/4110/4013 4004/4101/4004 4010/4107/4010 
f 3981/4078/3981 3980/4077/3980 4014/4111/4014 4015/4112/4015 
f 4015/4112/4015 4014/4111/4014 4003/4100/4003 4002/4099/4002 
f 3984/4081/3984 3981/4078/3981 4015/4112/4015 4013/4110/4013 
f 4013/4110/4013 4015/4112/4015 4002/4099/4002 4004/4101/4004 
f 4006/4103/4006 4016/4113/4016 4017/4114/4017 4007/4104/4007 
f 4016/4113/4016 4018/4115/4018 4019/4116/4019 4017/4114/4017 
f 4007/4104/4007 4017/4114/4017 4020/4117/4020 4009/4106/4009 
f 4017/4114/4017 4019/4116/4019 4021/4118/4021 4020/4117/4020 
f 4022/4119/4022 3825/3915/3825 3824/3914/3824 4023/4120/4023 
f 4023/4120/4023 3824/3914/3824 3822/3912/3822 4024/4121/4024 
f 4018/4115/4018 4022/4119/4022 4023/4120/4023 4019/4116/4019 
f 4019/4116/4019 4023/4120/4023 4024/4121/4024 4021/4118/4021 
f 3805/3895/3805 3973/4070/3973 4025/4122/4025 3820/3910/3820 
f 3973/4070/3973 3968/4065/3968 4026/4123/4026 4025/4122/4025 
f 3820/3910/3820 4025/4122/4025 4024/4121/4024 3822/3912/3822 
f 4025/4122/4025 4026/4123/4026 4021/4118/4021 4024/4121/4024 
f 3965/4062/3965 3964/4061/3964 4012/4109/4012 4027/4124/4027 
f 4027/4124/4027 4012/4109/4012 4009/4106/4009 4020/4117/4020 
f 3968/4065/3968 3965/4062/3965 4027/4124/4027 4026/4123/4026 
f 4026/4123/4026 4027/4124/4027 4020/4117/4020 4021/4118/4021 
f 4028/4125/4028 4029/4126/4029 4030/4127/4030 4031/4128/4031 
f 4029/4126/4029 4032/4129/4032 4033/4130/4033 4030/4127/4030 
f 4031/4128/4031 4030/4127/4030 4034/4131/4034 4035/4132/4035 
f 4030/4127/4030 4033/4130/4033 4036/4133/4036 4034/4131/4034 
f 4037/4134/4037 3618/3700/3618 3617/3699/3617 4038/4135/4038 
f 4038/4135/4038 3617/3699/3617 3615/3697/3615 4039/4136/4039 
f 4032/4129/4032 4037/4134/4037 4038/4135/4038 4033/4130/4033 
f 4033/4130/4033 4038/4135/4038 4039/4136/4039 4036/4133/4036 
f 3611/3693/3611 4040/4137/4040 4041/4138/4041 3612/3694/3612 
f 4040/4137/4040 4042/4139/4042 4043/4140/4043 4041/4138/4041 
f 3612/3694/3612 4041/4138/4041 4039/4136/4039 3615/3697/3615 
f 4041/4138/4041 4043/4140/4043 4036/4133/4036 4039/4136/4039 
f 4044/4141/4044 4045/4142/4045 4046/4143/4046 4047/4144/4047 
f 4047/4144/4047 4046/4143/4046 4035/4132/4035 4034/4131/4034 
f 4042/4139/4042 4044/4141/4044 4047/4144/4047 4043/4140/4043 
f 4043/4140/4043 4047/4144/4047 4034/4131/4034 4036/4133/4036 
f 4048/4145/4048 4049/4146/4049 4050/4147/4050 4051/4148/4051 
f 4049/4146/4049 4052/4149/4052 4053/4150/4053 4050/4147/4050 
f 4051/4148/4051 4050/4147/4050 4054/4151/4054 4055/4152/4055 
f 4050/4147/4050 4053/4150/4053 4056/4153/4056 4054/4151/4054 
f 4057/4154/4057 4028/4125/4028 4031/4128/4031 4058/4155/4058 
f 4058/4155/4058 4031/4128/4031 4035/4132/4035 4059/4156/4059 
f 4052/4149/4052 4057/4154/4057 4058/4155/4058 4053/4150/4053 
f 4053/4150/4053 4058/4155/4058 4059/4156/4059 4056/4153/4056 
f 4045/4142/4045 4060/4157/4060 4061/4158/4061 4046/4143/4046 
f 4060/4157/4060 4062/4159/4062 4063/4160/4063 4061/4158/4061 
f 4046/4143/4046 4061/4158/4061 4059/4156/4059 4035/4132/4035 
f 4061/4158/4061 4063/4160/4063 4056/4153/4056 4059/4156/4059 
f 4064/4161/4064 4065/4162/4065 4066/4163/4066 4067/4164/4067 
f 4067/4164/4067 4066/4163/4066 4055/4152/4055 4054/4151/4054 
f 4062/4159/4062 4064/4161/4064 4067/4164/4067 4063/4160/4063 
f 4063/4160/4063 4067/4164/4067 4054/4151/4054 4056/4153/4056 
f 3996/4093/3996 3999/4096/3999 4068/4165/4068 4069/4166/4069 
f 3999/4096/3999 4003/4100/4003 4070/4167/4070 4068/4165/4068 
f 4069/4166/4069 4068/4165/4068 4071/4168/4071 4072/4169/4072 
f 4068/4165/4068 4070/4167/4070 4073/4170/4073 4071/4168/4071 
f 4014/4111/4014 3980/4077/3980 4074/4171/4074 4075/4172/4075 
f 4075/4172/4075 4074/4171/4074 4076/4173/4076 4077/4174/4077 
f 4003/4100/4003 4014/4111/4014 4075/4172/4075 4070/4167/4070 
f 4070/4167/4070 4075/4172/4075 4077/4174/4077 4073/4170/4073 
f 4028/4125/4028 4057/4154/4057 4078/4175/4078 4079/4176/4079 
f 4057/4154/4057 4052/4149/4052 4080/4177/4080 4078/4175/4078 
f 4079/4176/4079 4078/4175/4078 4077/4174/4077 4076/4173/4076 
f 4078/4175/4078 4080/4177/4080 4073/4170/4073 4077/4174/4077 
f 4049/4146/4049 4048/4145/4048 4081/4178/4081 4082/4179/4082 
f 4082/4179/4082 4081/4178/4081 4072/4169/4072 4071/4168/4071 
f 4052/4149/4052 4049/4146/4049 4082/4179/4082 4080/4177/4080 
f 4080/4177/4080 4082/4179/4082 4071/4168/4071 4073/4170/4073 
f 3980/4077/3980 3983/4080/3983 4083/4180/4083 4074/4171/4074 
f 3983/4080/3983 3987/4084/3987 4084/4181/4084 4083/4180/4083 
f 4074/4171/4074 4083/4180/4083 4085/4182/4085 4076/4173/4076 
f 4083/4180/4083 4084/4181/4084 4086/4183/4086 4085/4182/4085 
f 3994/4091/3994 3638/3720/3638 3637/3719/3637 4087/4184/4087 
f 4087/4184/4087 3637/3719/3637 3635/3717/3635 4088/4185/4088 
f 3987/4084/3987 3994/4091/3994 4087/4184/4087 4084/4181/4084 
f 4084/4181/4084 4087/4184/4087 4088/4185/4088 4086/4183/4086 
f 3618/3700/3618 4037/4134/4037 4089/4186/4089 3633/3715/3633 
f 4037/4134/4037 4032/4129/4032 4090/4187/4090 4089/4186/4089 
f 3633/3715/3633 4089/4186/4089 4088/4185/4088 3635/3717/3635 
f 4089/4186/4089 4090/4187/4090 4086/4183/4086 4088/4185/4088 
f 4029/4126/4029 4028/4125/4028 4079/4176/4079 4091/4188/4091 
f 4091/4188/4091 4079/4176/4079 4076/4173/4076 4085/4182/4085 
f 4032/4129/4032 4029/4126/4029 4091/4188/4091 4090/4187/4090 
f 4090/4187/4090 4091/4188/4091 4085/4182/4085 4086/4183/4086 
f 4092/4189/4092 4093/4190/4093 4094/4191/4094 4095/4192/4095 
f 4093/4190/4093 4096/4193/4096 4097/4194/4097 4094/4191/4094 
f 4095/4192/4095 4094/4191/4094 4098/4195/4098 4099/4196/4099 
f 4094/4191/4094 4097/4194/4097 4100/4197/4100 4098/4195/4098 
f 4101/4198/4101 4102/4199/4102 4103/4200/4103 4104/4201/4104 
f 4104/4201/4104 4103/4200/4103 4105/4202/4105 4106/4203/4106 
f 4096/4193/4096 4101/4198/4101 4104/4201/4104 4097/4194/4097 
f 4097/4194/4097 4104/4201/4104 4106/4203/4106 4100/4197/4100 
f 2073/2073/2073 2076/2076/2076 4107/4204/4107 4108/4205/4108 
f 2076/2076/2076 2071/2071/2071 4109/4206/4109 4107/4204/4107 
f 4108/4205/4108 4107/4204/4107 4106/4203/4106 4105/4202/4105 
f 4107/4204/4107 4109/4206/4109 4100/4197/4100 4106/4203/4106 
f 2069/2069/2069 2068/2068/2068 4110/4207/4110 4111/4208/4111 
f 4111/4208/4111 4110/4207/4110 4099/4196/4099 4098/4195/4098 
f 2071/2071/2071 2069/2069/2069 4111/4208/4111 4109/4206/4109 
f 4109/4206/4109 4111/4208/4111 4098/4195/4098 4100/4197/4100 
f 4112/4209/4112 4113/4210/4113 4114/4211/4114 4115/4212/4115 
f 4113/4210/4113 4116/4213/4116 4117/4214/4117 4114/4211/4114 
f 4115/4212/4115 4114/4211/4114 4118/4215/4118 4119/4216/4119 
f 4114/4211/4114 4117/4214/4117 4120/4217/4120 4118/4215/4118 
f 4121/4218/4121 4092/4189/4092 4095/4192/4095 4122/4219/4122 
f 4122/4219/4122 4095/4192/4095 4099/4196/4099 4123/4220/4123 
f 4116/4213/4116 4121/4218/4121 4122/4219/4122 4117/4214/4117 
f 4117/4214/4117 4122/4219/4122 4123/4220/4123 4120/4217/4120 
f 2068/2068/2068 2127/2127/2127 4124/4221/4124 4110/4207/4110 
f 2127/2127/2127 2124/2124/2124 4125/4222/4125 4124/4221/4124 
f 4110/4207/4110 4124/4221/4124 4123/4220/4123 4099/4196/4099 
f 4124/4221/4124 4125/4222/4125 4120/4217/4120 4123/4220/4123 
f 2122/2122/2122 2024/2024/2024 4126/4223/4126 4127/4224/4127 
f 4127/4224/4127 4126/4223/4126 4119/4216/4119 4118/4215/4118 
f 2124/2124/2124 2122/2122/2122 4127/4224/4127 4125/4222/4125 
f 4125/4222/4125 4127/4224/4127 4118/4215/4118 4120/4217/4120 
f 3996/4093/3996 4069/4166/4069 4128/4225/4128 4129/4226/4129 
f 4069/4166/4069 4072/4169/4072 4130/4227/4130 4128/4225/4128 
f 4129/4226/4129 4128/4225/4128 4131/4228/4131 4132/4229/4132 
f 4128/4225/4128 4130/4227/4130 4133/4230/4133 4131/4228/4131 
f 4081/4178/4081 4048/4145/4048 4134/4231/4134 4135/4232/4135 
f 4135/4232/4135 4134/4231/4134 4136/4233/4136 4137/4234/4137 
f 4072/4169/4072 4081/4178/4081 4135/4232/4135 4130/4227/4130 
f 4130/4227/4130 4135/4232/4135 4137/4234/4137 4133/4230/4133 
f 4092/4189/4092 4121/4218/4121 4138/4235/4138 4139/4236/4139 
f 4121/4218/4121 4116/4213/4116 4140/4237/4140 4138/4235/4138 
f 4139/4236/4139 4138/4235/4138 4137/4234/4137 4136/4233/4136 
f 4138/4235/4138 4140/4237/4140 4133/4230/4133 4137/4234/4137 
f 4113/4210/4113 4112/4209/4112 4141/4238/4141 4142/4239/4142 
f 4142/4239/4142 4141/4238/4141 4132/4229/4132 4131/4228/4131 
f 4116/4213/4116 4113/4210/4113 4142/4239/4142 4140/4237/4140 
f 4140/4237/4140 4142/4239/4142 4131/4228/4131 4133/4230/4133 
f 4048/4145/4048 4051/4148/4051 4143/4240/4143 4134/4231/4134 
f 4051/4148/4051 4055/4152/4055 4144/4241/4144 4143/4240/4143 
f 4134/4231/4134 4143/4240/4143 4145/4242/4145 4136/4233/4136 
f 4143/4240/4143 4144/4241/4144 4146/4243/4146 4145/4242/4145 
f 4066/4163/4066 4065/4162/4065 4147/4244/4147 4148/4245/4148 
f 4148/4245/4148 4147/4244/4147 4149/4246/4149 4150/4247/4150 
f 4055/4152/4055 4066/4163/4066 4148/4245/4148 4144/4241/4144 
f 4144/4241/4144 4148/4245/4148 4150/4247/4150 4146/4243/4146 
f 4102/4199/4102 4101/4198/4101 4151/4248/4151 4152/4249/4152 
f 4101/4198/4101 4096/4193/4096 4153/4250/4153 4151/4248/4151 
f 4152/4249/4152 4151/4248/4151 4150/4247/4150 4149/4246/4149 
f 4151/4248/4151 4153/4250/4153 4146/4243/4146 4150/4247/4150 
f 4093/4190/4093 4092/4189/4092 4139/4236/4139 4154/4251/4154 
f 4154/4251/4154 4139/4236/4139 4136/4233/4136 4145/4242/4145 
f 4096/4193/4096 4093/4190/4093 4154/4251/4154 4153/4250/4153 
f 4153/4250/4153 4154/4251/4154 4145/4242/4145 4146/4243/4146 
f 4155/4252/4155 4156/4253/4156 4157/4254/4157 4158/4255/4158 
f 4156/4253/4156 4159/4256/4159 4160/4257/4160 4157/4254/4157 
f 4158/4255/4158 4157/4254/4157 4161/4258/4161 4162/4259/4162 
f 4157/4254/4157 4160/4257/4160 4163/4260/4163 4161/4258/4161 
f 4164/4261/4164 2004/2004/2004 2003/2003/2003 4165/4262/4165 
f 4165/4262/4165 2003/2003/2003 2001/2001/2001 4166/4263/4166 
f 4159/4256/4159 4164/4261/4164 4165/4262/4165 4160/4257/4160 
f 4160/4257/4160 4165/4262/4165 4166/4263/4166 4163/4260/4163 
f 1506/1506/1506 3868/3958/3868 4167/4264/4167 1999/1999/1999 
f 3868/3958/3868 3865/3955/3865 4168/4265/4168 4167/4264/4167 
f 1999/1999/1999 4167/4264/4167 4166/4263/4166 2001/2001/2001 
f 4167/4264/4167 4168/4265/4168 4163/4260/4163 4166/4263/4166 
f 3863/3953/3863 3862/3952/3862 4169/4266/4169 4170/4267/4170 
f 4170/4267/4170 4169/4266/4169 4162/4259/4162 4161/4258/4161 
f 3865/3955/3865 3863/3953/3863 4170/4267/4170 4168/4265/4168 
f 4168/4265/4168 4170/4267/4170 4161/4258/4161 4163/4260/4163 
f 4006/4103/4006 4171/4268/4171 4172/4269/4172 4016/4113/4016 
f 4171/4268/4171 4173/4270/4173 4174/4271/4174 4172/4269/4172 
f 4016/4113/4016 4172/4269/4172 4175/4272/4175 4018/4115/4018 
f 4172/4269/4172 4174/4271/4174 4176/4273/4176 4175/4272/4175 
f 4177/4274/4177 4155/4252/4155 4158/4255/4158 4178/4275/4178 
f 4178/4275/4178 4158/4255/4158 4162/4259/4162 4179/4276/4179 
f 4173/4270/4173 4177/4274/4177 4178/4275/4178 4174/4271/4174 
f 4174/4271/4174 4178/4275/4178 4179/4276/4179 4176/4273/4176 
f 3862/3952/3862 3912/4002/3912 4180/4277/4180 4169/4266/4169 
f 3912/4002/3912 3909/3999/3909 4181/4278/4181 4180/4277/4180 
f 4169/4266/4169 4180/4277/4180 4179/4276/4179 4162/4259/4162 
f 4180/4277/4180 4181/4278/4181 4176/4273/4176 4179/4276/4179 
f 3907/3997/3907 3825/3915/3825 4022/4119/4022 4182/4279/4182 
f 4182/4279/4182 4022/4119/4022 4018/4115/4018 4175/4272/4175 
f 3909/3999/3909 3907/3997/3907 4182/4279/4182 4181/4278/4181 
f 4181/4278/4181 4182/4279/4182 4175/4272/4175 4176/4273/4176 
f 3996/4093/3996 4129/4226/4129 4183/4280/4183 3997/4094/3997 
f 4129/4226/4129 4132/4229/4132 4184/4281/4184 4183/4280/4183 
f 3997/4094/3997 4183/4280/4183 4185/4282/4185 4000/4097/4000 
f 4183/4280/4183 4184/4281/4184 4186/4283/4186 4185/4282/4185 
f 4141/4238/4141 4112/4209/4112 4187/4284/4187 4188/4285/4188 
f 4188/4285/4188 4187/4284/4187 4189/4286/4189 4190/4287/4190 
f 4132/4229/4132 4141/4238/4141 4188/4285/4188 4184/4281/4184 
f 4184/4281/4184 4188/4285/4188 4190/4287/4190 4186/4283/4186 
f 4155/4252/4155 4177/4274/4177 4191/4288/4191 4192/4289/4192 
f 4177/4274/4177 4173/4270/4173 4193/4290/4193 4191/4288/4191 
f 4192/4289/4192 4191/4288/4191 4190/4287/4190 4189/4286/4189 
f 4191/4288/4191 4193/4290/4193 4186/4283/4186 4190/4287/4190 
f 4171/4268/4171 4006/4103/4006 4005/4102/4005 4194/4291/4194 
f 4194/4291/4194 4005/4102/4005 4000/4097/4000 4185/4282/4185 
f 4173/4270/4173 4171/4268/4171 4194/4291/4194 4193/4290/4193 
f 4193/4290/4193 4194/4291/4194 4185/4282/4185 4186/4283/4186 
f 4112/4209/4112 4115/4212/4115 4195/4292/4195 4187/4284/4187 
f 4115/4212/4115 4119/4216/4119 4196/4293/4196 4195/4292/4195 
f 4187/4284/4187 4195/4292/4195 4197/4294/4197 4189/4286/4189 
f 4195/4292/4195 4196/4293/4196 4198/4295/4198 4197/4294/4197 
f 4126/4223/4126 2024/2024/2024 2023/2023/2023 4199/4296/4199 
f 4199/4296/4199 2023/2023/2023 2021/2021/2021 4200/4297/4200 
f 4119/4216/4119 4126/4223/4126 4199/4296/4199 4196/4293/4196 
f 4196/4293/4196 4199/4296/4199 4200/4297/4200 4198/4295/4198 
f 2004/2004/2004 4164/4261/4164 4201/4298/4201 2019/2019/2019 
f 4164/4261/4164 4159/4256/4159 4202/4299/4202 4201/4298/4201 
f 2019/2019/2019 4201/4298/4201 4200/4297/4200 2021/2021/2021 
f 4201/4298/4201 4202/4299/4202 4198/4295/4198 4200/4297/4200 
f 4156/4253/4156 4155/4252/4155 4192/4289/4192 4203/4300/4203 
f 4203/4300/4203 4192/4289/4192 4189/4286/4189 4197/4294/4197 
f 4159/4256/4159 4156/4253/4156 4203/4300/4203 4202/4299/4202 
f 4202/4299/4202 4203/4300/4203 4197/4294/4197 4198/4295/4198 
f 4204/4301/4204 4205/4302/4205 4206/4303/4206 4207/4304/4207 
f 4205/4302/4205 4208/4305/4208 4209/4306/4209 4206/4303/4206 
f 4207/4304/4207 4206/4303/4206 4210/4307/4210 4211/4308/4211 
f 4206/4303/4206 4209/4306/4209 4212/4309/4212 4210/4307/4210 
f 4213/4310/4213 3549/4311/3549 3548/4312/3548 4214/4313/4214 
f 4214/4313/4214 3548/4312/3548 3546/4314/3546 4215/4315/4215 
f 4208/4305/4208 4213/4310/4213 4214/4313/4214 4209/4306/4209 
f 4209/4306/4209 4214/4313/4214 4215/4315/4215 4212/4309/4212 
f 948/4316/948 951/4317/951 4216/4318/4216 3544/4319/3544 
f 951/4317/951 946/4320/946 4217/4321/4217 4216/4318/4216 
f 3544/4319/3544 4216/4318/4216 4215/4315/4215 3546/4314/3546 
f 4216/4318/4216 4217/4321/4217 4212/4309/4212 4215/4315/4215 
f 944/4322/944 943/4323/943 4218/4324/4218 4219/4325/4219 
f 4219/4325/4219 4218/4324/4218 4211/4308/4211 4210/4307/4210 
f 946/4320/946 944/4322/944 4219/4325/4219 4217/4321/4217 
f 4217/4321/4217 4219/4325/4219 4210/4307/4210 4212/4309/4212 
f 4220/4326/4220 4221/4327/4221 4222/4328/4222 4223/4329/4223 
f 4221/4327/4221 4224/4330/4224 4225/4331/4225 4222/4328/4222 
f 4223/4329/4223 4222/4328/4222 4226/4332/4226 4227/4333/4227 
f 4222/4328/4222 4225/4331/4225 4228/4334/4228 4226/4332/4226 
f 4229/4335/4229 4204/4301/4204 4207/4304/4207 4230/4336/4230 
f 4230/4336/4230 4207/4304/4207 4211/4308/4211 4231/4337/4231 
f 4224/4330/4224 4229/4335/4229 4230/4336/4230 4225/4331/4225 
f 4225/4331/4225 4230/4336/4230 4231/4337/4231 4228/4334/4228 
f 943/4323/943 1002/4338/1002 4232/4339/4232 4218/4324/4218 
f 1002/4338/1002 999/4340/999 4233/4341/4233 4232/4339/4232 
f 4218/4324/4218 4232/4339/4232 4231/4337/4231 4211/4308/4211 
f 4232/4339/4232 4233/4341/4233 4228/4334/4228 4231/4337/4231 
f 997/4342/997 906/4343/906 4234/4344/4234 4235/4345/4235 
f 4235/4345/4235 4234/4344/4234 4227/4333/4227 4226/4332/4226 
f 999/4340/999 997/4342/997 4235/4345/4235 4233/4341/4233 
f 4233/4341/4233 4235/4345/4235 4226/4332/4226 4228/4334/4228 
f 4236/4346/4236 4237/4347/4237 4238/4348/4238 4239/4349/4239 
f 4237/4347/4237 4240/4350/4240 4241/4351/4241 4238/4348/4238 
f 4239/4349/4239 4238/4348/4238 4242/4352/4242 4243/4353/4243 
f 4238/4348/4238 4241/4351/4241 4244/4354/4244 4242/4352/4242 
f 4245/4355/4245 4246/4356/4246 4247/4357/4247 4248/4358/4248 
f 4248/4358/4248 4247/4357/4247 4249/4359/4249 4250/4360/4250 
f 4240/4350/4240 4245/4355/4245 4248/4358/4248 4241/4351/4241 
f 4241/4351/4241 4248/4358/4248 4250/4360/4250 4244/4354/4244 
f 4204/4301/4204 4229/4335/4229 4251/4361/4251 4252/4362/4252 
f 4229/4335/4229 4224/4330/4224 4253/4363/4253 4251/4361/4251 
f 4252/4362/4252 4251/4361/4251 4250/4360/4250 4249/4359/4249 
f 4251/4361/4251 4253/4363/4253 4244/4354/4244 4250/4360/4250 
f 4221/4327/4221 4220/4326/4220 4254/4364/4254 4255/4365/4255 
f 4255/4365/4255 4254/4364/4254 4243/4353/4243 4242/4352/4242 
f 4224/4330/4224 4221/4327/4221 4255/4365/4255 4253/4363/4253 
f 4253/4363/4253 4255/4365/4255 4242/4352/4242 4244/4354/4244 
f 4246/4356/4246 4256/4366/4256 4257/4367/4257 4247/4357/4247 
f 4256/4366/4256 4258/4368/4258 4259/4369/4259 4257/4367/4257 
f 4247/4357/4247 4257/4367/4257 4260/4370/4260 4249/4359/4249 
f 4257/4367/4257 4259/4369/4259 4261/4371/4261 4260/4370/4260 
f 4262/4372/4262 3569/4373/3569 3568/4374/3568 4263/4375/4263 
f 4263/4375/4263 3568/4374/3568 3566/4376/3566 4264/4377/4264 
f 4258/4368/4258 4262/4372/4262 4263/4375/4263 4259/4369/4259 
f 4259/4369/4259 4263/4375/4263 4264/4377/4264 4261/4371/4261 
f 3549/4311/3549 4213/4310/4213 4265/4378/4265 3564/4379/3564 
f 4213/4310/4213 4208/4305/4208 4266/4380/4266 4265/4378/4265 
f 3564/4379/3564 4265/4378/4265 4264/4377/4264 3566/4376/3566 
f 4265/4378/4265 4266/4380/4266 4261/4371/4261 4264/4377/4264 
f 4205/4302/4205 4204/4301/4204 4252/4362/4252 4267/4381/4267 
f 4267/4381/4267 4252/4362/4252 4249/4359/4249 4260/4370/4260 
f 4208/4305/4208 4205/4302/4205 4267/4381/4267 4266/4380/4266 
f 4266/4380/4266 4267/4381/4267 4260/4370/4260 4261/4371/4261 
f 4268/4382/4268 4269/4383/4269 4270/4384/4270 4271/4385/4271 
f 4269/4383/4269 4272/4386/4272 4273/4387/4273 4270/4384/4270 
f 4271/4385/4271 4270/4384/4270 4274/4388/4274 4275/4389/4275 
f 4270/4384/4270 4273/4387/4273 4276/4390/4276 4274/4388/4274 
f 4277/4391/4277 886/4392/886 885/4393/885 4278/4394/4278 
f 4278/4394/4278 885/4393/885 883/4395/883 4279/4396/4279 
f 4272/4386/4272 4277/4391/4277 4278/4394/4278 4273/4387/4273 
f 4273/4387/4273 4278/4394/4278 4279/4396/4279 4276/4390/4276 
f 692/4397/692 4280/4398/4280 4281/4399/4281 881/4400/881 
f 4280/4398/4280 4282/4401/4282 4283/4402/4283 4281/4399/4281 
f 881/4400/881 4281/4399/4281 4279/4396/4279 883/4395/883 
f 4281/4399/4281 4283/4402/4283 4276/4390/4276 4279/4396/4279 
f 4284/4403/4284 4285/4404/4285 4286/4405/4286 4287/4406/4287 
f 4287/4406/4287 4286/4405/4286 4275/4389/4275 4274/4388/4274 
f 4282/4401/4282 4284/4403/4284 4287/4406/4287 4283/4402/4283 
f 4283/4402/4283 4287/4406/4287 4274/4388/4274 4276/4390/4276 
f 4288/4407/4288 4289/4408/4289 4290/4409/4290 4291/4410/4291 
f 4289/4408/4289 4292/4411/4292 4293/4412/4293 4290/4409/4290 
f 4291/4410/4291 4290/4409/4290 4294/4413/4294 4295/4414/4295 
f 4290/4409/4290 4293/4412/4293 4296/4415/4296 4294/4413/4294 
f 4297/4416/4297 4268/4382/4268 4271/4385/4271 4298/4417/4298 
f 4298/4417/4298 4271/4385/4271 4275/4389/4275 4299/4418/4299 
f 4292/4411/4292 4297/4416/4297 4298/4417/4298 4293/4412/4293 
f 4293/4412/4293 4298/4417/4298 4299/4418/4299 4296/4415/4296 
f 4285/4404/4285 4300/4419/4300 4301/4420/4301 4286/4405/4286 
f 4300/4419/4300 4302/4421/4302 4303/4422/4303 4301/4420/4301 
f 4286/4405/4286 4301/4420/4301 4299/4418/4299 4275/4389/4275 
f 4301/4420/4301 4303/4422/4303 4296/4415/4296 4299/4418/4299 
f 4304/4423/4304 4305/4424/4305 4306/4425/4306 4307/4426/4307 
f 4307/4426/4307 4306/4425/4306 4295/4414/4295 4294/4413/4294 
f 4302/4421/4302 4304/4423/4304 4307/4426/4307 4303/4422/4303 
f 4303/4422/4303 4307/4426/4307 4294/4413/4294 4296/4415/4296 
f 4236/4346/4236 4239/4349/4239 4308/4427/4308 4309/4428/4309 
f 4239/4349/4239 4243/4353/4243 4310/4429/4310 4308/4427/4308 
f 4309/4428/4309 4308/4427/4308 4311/4430/4311 4312/4431/4312 
f 4308/4427/4308 4310/4429/4310 4313/4432/4313 4311/4430/4311 
f 4254/4364/4254 4220/4326/4220 4314/4433/4314 4315/4434/4315 
f 4315/4434/4315 4314/4433/4314 4316/4435/4316 4317/4436/4317 
f 4243/4353/4243 4254/4364/4254 4315/4434/4315 4310/4429/4310 
f 4310/4429/4310 4315/4434/4315 4317/4436/4317 4313/4432/4313 
f 4268/4382/4268 4297/4416/4297 4318/4437/4318 4319/4438/4319 
f 4297/4416/4297 4292/4411/4292 4320/4439/4320 4318/4437/4318 
f 4319/4438/4319 4318/4437/4318 4317/4436/4317 4316/4435/4316 
f 4318/4437/4318 4320/4439/4320 4313/4432/4313 4317/4436/4317 
f 4289/4408/4289 4288/4407/4288 4321/4440/4321 4322/4441/4322 
f 4322/4441/4322 4321/4440/4321 4312/4431/4312 4311/4430/4311 
f 4292/4411/4292 4289/4408/4289 4322/4441/4322 4320/4439/4320 
f 4320/4439/4320 4322/4441/4322 4311/4430/4311 4313/4432/4313 
f 4220/4326/4220 4223/4329/4223 4323/4442/4323 4314/4433/4314 
f 4223/4329/4223 4227/4333/4227 4324/4443/4324 4323/4442/4323 
f 4314/4433/4314 4323/4442/4323 4325/4444/4325 4316/4435/4316 
f 4323/4442/4323 4324/4443/4324 4326/4445/4326 4325/4444/4325 
f 4234/4344/4234 906/4343/906 905/4446/905 4327/4447/4327 
f 4327/4447/4327 905/4446/905 903/4448/903 4328/4449/4328 
f 4227/4333/4227 4234/4344/4234 4327/4447/4327 4324/4443/4324 
f 4324/4443/4324 4327/4447/4327 4328/4449/4328 4326/4445/4326 
f 886/4392/886 4277/4391/4277 4329/4450/4329 901/4451/901 
f 4277/4391/4277 4272/4386/4272 4330/4452/4330 4329/4450/4329 
f 901/4451/901 4329/4450/4329 4328/4449/4328 903/4448/903 
f 4329/4450/4329 4330/4452/4330 4326/4445/4326 4328/4449/4328 
f 4269/4383/4269 4268/4382/4268 4319/4438/4319 4331/4453/4331 
f 4331/4453/4331 4319/4438/4319 4316/4435/4316 4325/4444/4325 
f 4272/4386/4272 4269/4383/4269 4331/4453/4331 4330/4452/4330 
f 4330/4452/4330 4331/4453/4331 4325/4444/4325 4326/4445/4326 
f 4332/4454/4332 4333/4455/4333 4334/4456/4334 4335/4457/4335 
f 4333/4455/4333 4336/4458/4336 4337/4459/4337 4334/4456/4334 
f 4335/4457/4335 4334/4456/4334 4338/4460/4338 4339/4461/4339 
f 4334/4456/4334 4337/4459/4337 4340/4462/4340 4338/4460/4338 
f 4341/4463/4341 4342/4464/4342 4343/4465/4343 4344/4466/4344 
f 4344/4466/4344 4343/4465/4343 4345/4467/4345 4346/4468/4346 
f 4336/4458/4336 4341/4463/4341 4344/4466/4344 4337/4459/4337 
f 4337/4459/4337 4344/4466/4344 4346/4468/4346 4340/4462/4340 
f 4347/4469/4347 4348/4470/4348 4349/4471/4349 4350/4472/4350 
f 4348/4470/4348 4351/4473/4351 4352/4474/4352 4349/4471/4349 
f 4350/4472/4350 4349/4471/4349 4346/4468/4346 4345/4467/4345 
f 4349/4471/4349 4352/4474/4352 4340/4462/4340 4346/4468/4346 
f 4353/4475/4353 4354/4476/4354 4355/4477/4355 4356/4478/4356 
f 4356/4478/4356 4355/4477/4355 4339/4461/4339 4338/4460/4338 
f 4351/4473/4351 4353/4475/4353 4356/4478/4356 4352/4474/4352 
f 4352/4474/4352 4356/4478/4356 4338/4460/4338 4340/4462/4340 
f 4357/4479/4357 4358/4480/4358 4359/4481/4359 4360/4482/4360 
f 4358/4480/4358 4361/4483/4361 4362/4484/4362 4359/4481/4359 
f 4360/4482/4360 4359/4481/4359 4363/4485/4363 4364/4486/4364 
f 4359/4481/4359 4362/4484/4362 4365/4487/4365 4363/4485/4363 
f 4366/4488/4366 4332/4454/4332 4335/4457/4335 4367/4489/4367 
f 4367/4489/4367 4335/4457/4335 4339/4461/4339 4368/4490/4368 
f 4361/4483/4361 4366/4488/4366 4367/4489/4367 4362/4484/4362 
f 4362/4484/4362 4367/4489/4367 4368/4490/4368 4365/4487/4365 
f 4354/4476/4354 4369/4491/4369 4370/4492/4370 4355/4477/4355 
f 4369/4491/4369 4371/4493/4371 4372/4494/4372 4370/4492/4370 
f 4355/4477/4355 4370/4492/4370 4368/4490/4368 4339/4461/4339 
f 4370/4492/4370 4372/4494/4372 4365/4487/4365 4368/4490/4368 
f 4373/4495/4373 4374/4496/4374 4375/4497/4375 4376/4498/4376 
f 4376/4498/4376 4375/4497/4375 4364/4486/4364 4363/4485/4363 
f 4371/4493/4371 4373/4495/4373 4376/4498/4376 4372/4494/4372 
f 4372/4494/4372 4376/4498/4376 4363/4485/4363 4365/4487/4365 
f 4236/4346/4236 4309/4428/4309 4377/4499/4377 4378/4500/4378 
f 4309/4428/4309 4312/4431/4312 4379/4501/4379 4377/4499/4377 
f 4378/4500/4378 4377/4499/4377 4380/4502/4380 4381/4503/4381 
f 4377/4499/4377 4379/4501/4379 4382/4504/4382 4380/4502/4380 
f 4321/4440/4321 4288/4407/4288 4383/4505/4383 4384/4506/4384 
f 4384/4506/4384 4383/4505/4383 4385/4507/4385 4386/4508/4386 
f 4312/4431/4312 4321/4440/4321 4384/4506/4384 4379/4501/4379 
f 4379/4501/4379 4384/4506/4384 4386/4508/4386 4382/4504/4382 
f 4332/4454/4332 4366/4488/4366 4387/4509/4387 4388/4510/4388 
f 4366/4488/4366 4361/4483/4361 4389/4511/4389 4387/4509/4387 
f 4388/4510/4388 4387/4509/4387 4386/4508/4386 4385/4507/4385 
f 4387/4509/4387 4389/4511/4389 4382/4504/4382 4386/4508/4386 
f 4358/4480/4358 4357/4479/4357 4390/4512/4390 4391/4513/4391 
f 4391/4513/4391 4390/4512/4390 4381/4503/4381 4380/4502/4380 
f 4361/4483/4361 4358/4480/4358 4391/4513/4391 4389/4511/4389 
f 4389/4511/4389 4391/4513/4391 4380/4502/4380 4382/4504/4382 
f 4288/4407/4288 4291/4410/4291 4392/4514/4392 4383/4505/4383 
f 4291/4410/4291 4295/4414/4295 4393/4515/4393 4392/4514/4392 
f 4383/4505/4383 4392/4514/4392 4394/4516/4394 4385/4507/4385 
f 4392/4514/4392 4393/4515/4393 4395/4517/4395 4394/4516/4394 
f 4306/4425/4306 4305/4424/4305 4396/4518/4396 4397/4519/4397 
f 4397/4519/4397 4396/4518/4396 4398/4520/4398 4399/4521/4399 
f 4295/4414/4295 4306/4425/4306 4397/4519/4397 4393/4515/4393 
f 4393/4515/4393 4397/4519/4397 4399/4521/4399 4395/4517/4395 
f 4342/4464/4342 4341/4463/4341 4400/4522/4400 4401/4523/4401 
f 4341/4463/4341 4336/4458/4336 4402/4524/4402 4400/4522/4400 
f 4401/4523/4401 4400/4522/4400 4399/4521/4399 4398/4520/4398 
f 4400/4522/4400 4402/4524/4402 4395/4517/4395 4399/4521/4399 
f 4333/4455/4333 4332/4454/4332 4388/4510/4388 4403/4525/4403 
f 4403/4525/4403 4388/4510/4388 4385/4507/4385 4394/4516/4394 
f 4336/4458/4336 4333/4455/4333 4403/4525/4403 4402/4524/4402 
f 4402/4524/4402 4403/4525/4403 4394/4516/4394 4395/4517/4395 
f 4404/4526/4404 4405/4527/4405 4406/4528/4406 4407/4529/4407 
f 4405/4527/4405 4408/4530/4408 4409/4531/4409 4406/4528/4406 
f 4407/4529/4407 4406/4528/4406 4410/4532/4410 4411/4533/4411 
f 4406/4528/4406 4409/4531/4409 4412/4534/4412 4410/4532/4410 
f 4413/4535/4413 4414/4536/4414 4415/4537/4415 4416/4538/4416 
f 4416/4538/4416 4415/4537/4415 4417/4539/4417 4418/4540/4418 
f 4408/4530/4408 4413/4535/4413 4416/4538/4416 4409/4531/4409 
f 4409/4531/4409 4416/4538/4416 4418/4540/4418 4412/4534/4412 
f 3611/4541/3611 3614/4542/3614 4419/4543/4419 4420/4544/4420 
f 3614/4542/3614 3609/4545/3609 4421/4546/4421 4419/4543/4419 
f 4420/4544/4420 4419/4543/4419 4418/4540/4418 4417/4539/4417 
f 4419/4543/4419 4421/4546/4421 4412/4534/4412 4418/4540/4418 
f 3607/4547/3607 3606/4548/3606 4422/4549/4422 4423/4550/4423 
f 4423/4550/4423 4422/4549/4422 4411/4533/4411 4410/4532/4410 
f 3609/4545/3609 3607/4547/3607 4423/4550/4423 4421/4546/4421 
f 4421/4546/4421 4423/4550/4423 4410/4532/4410 4412/4534/4412 
f 4246/4356/4246 4424/4551/4424 4425/4552/4425 4256/4366/4256 
f 4424/4551/4424 4426/4553/4426 4427/4554/4427 4425/4552/4425 
f 4256/4366/4256 4425/4552/4425 4428/4555/4428 4258/4368/4258 
f 4425/4552/4425 4427/4554/4427 4429/4556/4429 4428/4555/4428 
f 4430/4557/4430 4404/4526/4404 4407/4529/4407 4431/4558/4431 
f 4431/4558/4431 4407/4529/4407 4411/4533/4411 4432/4559/4432 
f 4426/4553/4426 4430/4557/4430 4431/4558/4431 4427/4554/4427 
f 4427/4554/4427 4431/4558/4431 4432/4559/4432 4429/4556/4429 
f 3606/4548/3606 3665/4560/3665 4433/4561/4433 4422/4549/4422 
f 3665/4560/3665 3662/4562/3662 4434/4563/4434 4433/4561/4433 
f 4422/4549/4422 4433/4561/4433 4432/4559/4432 4411/4533/4411 
f 4433/4561/4433 4434/4563/4434 4429/4556/4429 4432/4559/4432 
f 3660/4564/3660 3569/4373/3569 4262/4372/4262 4435/4565/4435 
f 4435/4565/4435 4262/4372/4262 4258/4368/4258 4428/4555/4428 
f 3662/4562/3662 3660/4564/3660 4435/4565/4435 4434/4563/4434 
f 4434/4563/4434 4435/4565/4435 4428/4555/4428 4429/4556/4429 
f 4236/4346/4236 4378/4500/4378 4436/4566/4436 4237/4347/4237 
f 4378/4500/4378 4381/4503/4381 4437/4567/4437 4436/4566/4436 
f 4237/4347/4237 4436/4566/4436 4438/4568/4438 4240/4350/4240 
f 4436/4566/4436 4437/4567/4437 4439/4569/4439 4438/4568/4438 
f 4390/4512/4390 4357/4479/4357 4440/4570/4440 4441/4571/4441 
f 4441/4571/4441 4440/4570/4440 4442/4572/4442 4443/4573/4443 
f 4381/4503/4381 4390/4512/4390 4441/4571/4441 4437/4567/4437 
f 4437/4567/4437 4441/4571/4441 4443/4573/4443 4439/4569/4439 
f 4404/4526/4404 4430/4557/4430 4444/4574/4444 4445/4575/4445 
f 4430/4557/4430 4426/4553/4426 4446/4576/4446 4444/4574/4444 
f 4445/4575/4445 4444/4574/4444 4443/4573/4443 4442/4572/4442 
f 4444/4574/4444 4446/4576/4446 4439/4569/4439 4443/4573/4443 
f 4424/4551/4424 4246/4356/4246 4245/4355/4245 4447/4577/4447 
f 4447/4577/4447 4245/4355/4245 4240/4350/4240 4438/4568/4438 
f 4426/4553/4426 4424/4551/4424 4447/4577/4447 4446/4576/4446 
f 4446/4576/4446 4447/4577/4447 4438/4568/4438 4439/4569/4439 
f 4357/4479/4357 4360/4482/4360 4448/4578/4448 4440/4570/4440 
f 4360/4482/4360 4364/4486/4364 4449/4579/4449 4448/4578/4448 
f 4440/4570/4440 4448/4578/4448 4450/4580/4450 4442/4572/4442 
f 4448/4578/4448 4449/4579/4449 4451/4581/4451 4450/4580/4450 
f 4375/4497/4375 4374/4496/4374 4452/4582/4452 4453/4583/4453 
f 4453/4583/4453 4452/4582/4452 4454/4584/4454 4455/4585/4455 
f 4364/4486/4364 4375/4497/4375 4453/4583/4453 4449/4579/4449 
f 4449/4579/4449 4453/4583/4453 4455/4585/4455 4451/4581/4451 
f 4414/4536/4414 4413/4535/4413 4456/4586/4456 4457/4587/4457 
f 4413/4535/4413 4408/4530/4408 4458/4588/4458 4456/4586/4456 
f 4457/4587/4457 4456/4586/4456 4455/4585/4455 4454/4584/4454 
f 4456/4586/4456 4458/4588/4458 4451/4581/4451 4455/4585/4455 
f 4405/4527/4405 4404/4526/4404 4445/4575/4445 4459/4589/4459 
f 4459/4589/4459 4445/4575/4445 4442/4572/4442 4450/4580/4450 
f 4408/4530/4408 4405/4527/4405 4459/4589/4459 4458/4588/4458 
f 4458/4588/4458 4459/4589/4459 4450/4580/4450 4451/4581/4451 
f 4460/4590/4460 4461/4591/4461 4462/4592/4462 4463/4593/4463 
f 4461/4591/4461 4464/4594/4464 4465/4595/4465 4462/4592/4462 
f 4463/4593/4463 4462/4592/4462 4466/4596/4466 4467/4597/4467 
f 4462/4592/4462 4465/4595/4465 4468/4598/4468 4466/4596/4466 
f 4469/4599/4469 4285/4404/4285 4284/4403/4284 4470/4600/4470 
f 4470/4600/4470 4284/4403/4284 4282/4401/4282 4471/4601/4471 
f 4464/4594/4464 4469/4599/4469 4470/4600/4470 4465/4595/4465 
f 4465/4595/4465 4470/4600/4470 4471/4601/4471 4468/4598/4468 
f 692/4397/692 695/4602/695 4472/4603/4472 4280/4398/4280 
f 695/4602/695 690/4604/690 4473/4605/4473 4472/4603/4472 
f 4280/4398/4280 4472/4603/4472 4471/4601/4471 4282/4401/4282 
f 4472/4603/4472 4473/4605/4473 4468/4598/4468 4471/4601/4471 
f 688/4606/688 687/4607/687 4474/4608/4474 4475/4609/4475 
f 4475/4609/4475 4474/4608/4474 4467/4597/4467 4466/4596/4466 
f 690/4604/690 688/4606/688 4475/4609/4475 4473/4605/4473 
f 4473/4605/4473 4475/4609/4475 4466/4596/4466 4468/4598/4468 
f 4476/4610/4476 4477/4611/4477 4478/4612/4478 4479/4613/4479 
f 4477/4611/4477 4480/4614/4480 4481/4615/4481 4478/4612/4478 
f 4479/4613/4479 4478/4612/4478 4482/4616/4482 4483/4617/4483 
f 4478/4612/4478 4481/4615/4481 4484/4618/4484 4482/4616/4482 
f 4485/4619/4485 4460/4590/4460 4463/4593/4463 4486/4620/4486 
f 4486/4620/4486 4463/4593/4463 4467/4597/4467 4487/4621/4487 
f 4480/4614/4480 4485/4619/4485 4486/4620/4486 4481/4615/4481 
f 4481/4615/4481 4486/4620/4486 4487/4621/4487 4484/4618/4484 
f 687/4607/687 746/4622/746 4488/4623/4488 4474/4608/4474 
f 746/4622/746 743/4624/743 4489/4625/4489 4488/4623/4488 
f 4474/4608/4474 4488/4623/4488 4487/4621/4487 4467/4597/4467 
f 4488/4623/4488 4489/4625/4489 4484/4618/4484 4487/4621/4487 
f 741/4626/741 647/4627/647 4490/4628/4490 4491/4629/4491 
f 4491/4629/4491 4490/4628/4490 4483/4617/4483 4482/4616/4482 
f 743/4624/743 741/4626/741 4491/4629/4491 4489/4625/4489 
f 4489/4625/4489 4491/4629/4491 4482/4616/4482 4484/4618/4484 
f 4492/4630/4492 4493/4631/4493 4494/4632/4494 4495/4633/4495 
f 4493/4631/4493 4496/4634/4496 4497/4635/4497 4494/4632/4494 
f 4495/4633/4495 4494/4632/4494 4498/4636/4498 4499/4637/4499 
f 4494/4632/4494 4497/4635/4497 4500/4638/4500 4498/4636/4498 
f 4501/4639/4501 4502/4640/4502 4503/4641/4503 4504/4642/4504 
f 4504/4642/4504 4503/4641/4503 4505/4643/4505 4506/4644/4506 
f 4496/4634/4496 4501/4639/4501 4504/4642/4504 4497/4635/4497 
f 4497/4635/4497 4504/4642/4504 4506/4644/4506 4500/4638/4500 
f 4460/4590/4460 4485/4619/4485 4507/4645/4507 4508/4646/4508 
f 4485/4619/4485 4480/4614/4480 4509/4647/4509 4507/4645/4507 
f 4508/4646/4508 4507/4645/4507 4506/4644/4506 4505/4643/4505 
f 4507/4645/4507 4509/4647/4509 4500/4638/4500 4506/4644/4506 
f 4477/4611/4477 4476/4610/4476 4510/4648/4510 4511/4649/4511 
f 4511/4649/4511 4510/4648/4510 4499/4637/4499 4498/4636/4498 
f 4480/4614/4480 4477/4611/4477 4511/4649/4511 4509/4647/4509 
f 4509/4647/4509 4511/4649/4511 4498/4636/4498 4500/4638/4500 
f 4502/4640/4502 4512/4650/4512 4513/4651/4513 4503/4641/4503 
f 4512/4650/4512 4514/4652/4514 4515/4653/4515 4513/4651/4513 
f 4503/4641/4503 4513/4651/4513 4516/4654/4516 4505/4643/4505 
f 4513/4651/4513 4515/4653/4515 4517/4655/4517 4516/4654/4516 
f 4518/4656/4518 4305/4424/4305 4304/4423/4304 4519/4657/4519 
f 4519/4657/4519 4304/4423/4304 4302/4421/4302 4520/4658/4520 
f 4514/4652/4514 4518/4656/4518 4519/4657/4519 4515/4653/4515 
f 4515/4653/4515 4519/4657/4519 4520/4658/4520 4517/4655/4517 
f 4285/4404/4285 4469/4599/4469 4521/4659/4521 4300/4419/4300 
f 4469/4599/4469 4464/4594/4464 4522/4660/4522 4521/4659/4521 
f 4300/4419/4300 4521/4659/4521 4520/4658/4520 4302/4421/4302 
f 4521/4659/4521 4522/4660/4522 4517/4655/4517 4520/4658/4520 
f 4461/4591/4461 4460/4590/4460 4508/4646/4508 4523/4661/4523 
f 4523/4661/4523 4508/4646/4508 4505/4643/4505 4516/4654/4516 
f 4464/4594/4464 4461/4591/4461 4523/4661/4523 4522/4660/4522 
f 4522/4660/4522 4523/4661/4523 4516/4654/4516 4517/4655/4517 
f 4524/4662/4524 4525/4663/4525 4526/4664/4526 4527/4665/4527 
f 4525/4663/4525 4528/4666/4528 4529/4667/4529 4526/4664/4526 
f 4527/4665/4527 4526/4664/4526 4530/4668/4530 4531/4669/4531 
f 4526/4664/4526 4529/4667/4529 4532/4670/4532 4530/4668/4530 
f 4533/4671/4533 627/4672/627 626/4673/626 4534/4674/4534 
f 4534/4674/4534 626/4673/626 624/4675/624 4535/4676/4535 
f 4528/4666/4528 4533/4671/4533 4534/4674/4534 4529/4667/4529 
f 4529/4667/4529 4534/4674/4534 4535/4676/4535 4532/4670/4532 
f 620/4677/620 4536/4678/4536 4537/4679/4537 621/4680/621 
f 4536/4678/4536 4538/4681/4538 4539/4682/4539 4537/4679/4537 
f 621/4680/621 4537/4679/4537 4535/4676/4535 624/4675/624 
f 4537/4679/4537 4539/4682/4539 4532/4670/4532 4535/4676/4535 
f 4540/4683/4540 4541/4684/4541 4542/4685/4542 4543/4686/4543 
f 4543/4686/4543 4542/4685/4542 4531/4669/4531 4530/4668/4530 
f 4538/4681/4538 4540/4683/4540 4543/4686/4543 4539/4682/4539 
f 4539/4682/4539 4543/4686/4543 4530/4668/4530 4532/4670/4532 
f 4544/4687/4544 4545/4688/4545 4546/4689/4546 4547/4690/4547 
f 4545/4688/4545 4548/4691/4548 4549/4692/4549 4546/4689/4546 
f 4547/4690/4547 4546/4689/4546 4550/4693/4550 4551/4694/4551 
f 4546/4689/4546 4549/4692/4549 4552/4695/4552 4550/4693/4550 
f 4553/4696/4553 4524/4662/4524 4527/4665/4527 4554/4697/4554 
f 4554/4697/4554 4527/4665/4527 4531/4669/4531 4555/4698/4555 
f 4548/4691/4548 4553/4696/4553 4554/4697/4554 4549/4692/4549 
f 4549/4692/4549 4554/4697/4554 4555/4698/4555 4552/4695/4552 
f 4541/4684/4541 4556/4699/4556 4557/4700/4557 4542/4685/4542 
f 4556/4699/4556 4558/4701/4558 4559/4702/4559 4557/4700/4557 
f 4542/4685/4542 4557/4700/4557 4555/4698/4555 4531/4669/4531 
f 4557/4700/4557 4559/4702/4559 4552/4695/4552 4555/4698/4555 
f 4560/4703/4560 4561/4704/4561 4562/4705/4562 4563/4706/4563 
f 4563/4706/4563 4562/4705/4562 4551/4694/4551 4550/4693/4550 
f 4558/4701/4558 4560/4703/4560 4563/4706/4563 4559/4702/4559 
f 4559/4702/4559 4563/4706/4563 4550/4693/4550 4552/4695/4552 
f 4492/4630/4492 4495/4633/4495 4564/4707/4564 4565/4708/4565 
f 4495/4633/4495 4499/4637/4499 4566/4709/4566 4564/4707/4564 
f 4565/4708/4565 4564/4707/4564 4567/4710/4567 4568/4711/4568 
f 4564/4707/4564 4566/4709/4566 4569/4712/4569 4567/4710/4567 
f 4510/4648/4510 4476/4610/4476 4570/4713/4570 4571/4714/4571 
f 4571/4714/4571 4570/4713/4570 4572/4715/4572 4573/4716/4573 
f 4499/4637/4499 4510/4648/4510 4571/4714/4571 4566/4709/4566 
f 4566/4709/4566 4571/4714/4571 4573/4716/4573 4569/4712/4569 
f 4524/4662/4524 4553/4696/4553 4574/4717/4574 4575/4718/4575 
f 4553/4696/4553 4548/4691/4548 4576/4719/4576 4574/4717/4574 
f 4575/4718/4575 4574/4717/4574 4573/4716/4573 4572/4715/4572 
f 4574/4717/4574 4576/4719/4576 4569/4712/4569 4573/4716/4573 
f 4545/4688/4545 4544/4687/4544 4577/4720/4577 4578/4721/4578 
f 4578/4721/4578 4577/4720/4577 4568/4711/4568 4567/4710/4567 
f 4548/4691/4548 4545/4688/4545 4578/4721/4578 4576/4719/4576 
f 4576/4719/4576 4578/4721/4578 4567/4710/4567 4569/4712/4569 
f 4476/4610/4476 4479/4613/4479 4579/4722/4579 4570/4713/4570 
f 4479/4613/4479 4483/4617/4483 4580/4723/4580 4579/4722/4579 
f 4570/4713/4570 4579/4722/4579 4581/4724/4581 4572/4715/4572 
f 4579/4722/4579 4580/4723/4580 4582/4725/4582 4581/4724/4581 
f 4490/4628/4490 647/4627/647 646/4726/646 4583/4727/4583 
f 4583/4727/4583 646/4726/646 644/4728/644 4584/4729/4584 
f 4483/4617/4483 4490/4628/4490 4583/4727/4583 4580/4723/4580 
f 4580/4723/4580 4583/4727/4583 4584/4729/4584 4582/4725/4582 
f 627/4672/627 4533/4671/4533 4585/4730/4585 642/4731/642 
f 4533/4671/4533 4528/4666/4528 4586/4732/4586 4585/4730/4585 
f 642/4731/642 4585/4730/4585 4584/4729/4584 644/4728/644 
f 4585/4730/4585 4586/4732/4586 4582/4725/4582 4584/4729/4584 
f 4525/4663/4525 4524/4662/4524 4575/4718/4575 4587/4733/4587 
f 4587/4733/4587 4575/4718/4575 4572/4715/4572 4581/4724/4581 
f 4528/4666/4528 4525/4663/4525 4587/4733/4587 4586/4732/4586 
f 4586/4732/4586 4587/4733/4587 4581/4724/4581 4582/4725/4582 
f 4588/4734/4588 4589/4735/4589 4590/4736/4590 4591/4737/4591 
f 4589/4735/4589 4592/4738/4592 4593/4739/4593 4590/4736/4590 
f 4591/4737/4591 4590/4736/4590 4594/4740/4594 4595/4741/4595 
f 4590/4736/4590 4593/4739/4593 4596/4742/4596 4594/4740/4594 
f 4597/4743/4597 4598/4744/4598 4599/4745/4599 4600/4746/4600 
f 4600/4746/4600 4599/4745/4599 4601/4747/4601 4602/4748/4602 
f 4592/4738/4592 4597/4743/4597 4600/4746/4600 4593/4739/4593 
f 4593/4739/4593 4600/4746/4600 4602/4748/4602 4596/4742/4596 
f 4603/4749/4603 4604/4750/4604 4605/4751/4605 4606/4752/4606 
f 4604/4750/4604 4607/4753/4607 4608/4754/4608 4605/4751/4605 
f 4606/4752/4606 4605/4751/4605 4602/4748/4602 4601/4747/4601 
f 4605/4751/4605 4608/4754/4608 4596/4742/4596 4602/4748/4602 
f 4609/4755/4609 4610/4756/4610 4611/4757/4611 4612/4758/4612 
f 4612/4758/4612 4611/4757/4611 4595/4741/4595 4594/4740/4594 
f 4607/4753/4607 4609/4755/4609 4612/4758/4612 4608/4754/4608 
f 4608/4754/4608 4612/4758/4612 4594/4740/4594 4596/4742/4596 
f 4613/4759/4613 4614/4760/4614 4615/4761/4615 4616/4762/4616 
f 4614/4760/4614 4617/4763/4617 4618/4764/4618 4615/4761/4615 
f 4616/4762/4616 4615/4761/4615 4619/4765/4619 4620/4766/4620 
f 4615/4761/4615 4618/4764/4618 4621/4767/4621 4619/4765/4619 
f 4622/4768/4622 4588/4734/4588 4591/4737/4591 4623/4769/4623 
f 4623/4769/4623 4591/4737/4591 4595/4741/4595 4624/4770/4624 
f 4617/4763/4617 4622/4768/4622 4623/4769/4623 4618/4764/4618 
f 4618/4764/4618 4623/4769/4623 4624/4770/4624 4621/4767/4621 
f 4610/4756/4610 4625/4771/4625 4626/4772/4626 4611/4757/4611 
f 4625/4771/4625 4627/4773/4627 4628/4774/4628 4626/4772/4626 
f 4611/4757/4611 4626/4772/4626 4624/4770/4624 4595/4741/4595 
f 4626/4772/4626 4628/4774/4628 4621/4767/4621 4624/4770/4624 
f 4629/4775/4629 4630/4776/4630 4631/4777/4631 4632/4778/4632 
f 4632/4778/4632 4631/4777/4631 4620/4766/4620 4619/4765/4619 
f 4627/4773/4627 4629/4775/4629 4632/4778/4632 4628/4774/4628 
f 4628/4774/4628 4632/4778/4632 4619/4765/4619 4621/4767/4621 
f 4492/4630/4492 4565/4708/4565 4633/4779/4633 4634/4780/4634 
f 4565/4708/4565 4568/4711/4568 4635/4781/4635 4633/4779/4633 
f 4634/4780/4634 4633/4779/4633 4636/4782/4636 4637/4783/4637 
f 4633/4779/4633 4635/4781/4635 4638/4784/4638 4636/4782/4636 
f 4577/4720/4577 4544/4687/4544 4639/4785/4639 4640/4786/4640 
f 4640/4786/4640 4639/4785/4639 4641/4787/4641 4642/4788/4642 
f 4568/4711/4568 4577/4720/4577 4640/4786/4640 4635/4781/4635 
f 4635/4781/4635 4640/4786/4640 4642/4788/4642 4638/4784/4638 
f 4588/4734/4588 4622/4768/4622 4643/4789/4643 4644/4790/4644 
f 4622/4768/4622 4617/4763/4617 4645/4791/4645 4643/4789/4643 
f 4644/4790/4644 4643/4789/4643 4642/4788/4642 4641/4787/4641 
f 4643/4789/4643 4645/4791/4645 4638/4784/4638 4642/4788/4642 
f 4614/4760/4614 4613/4759/4613 4646/4792/4646 4647/4793/4647 
f 4647/4793/4647 4646/4792/4646 4637/4783/4637 4636/4782/4636 
f 4617/4763/4617 4614/4760/4614 4647/4793/4647 4645/4791/4645 
f 4645/4791/4645 4647/4793/4647 4636/4782/4636 4638/4784/4638 
f 4544/4687/4544 4547/4690/4547 4648/4794/4648 4639/4785/4639 
f 4547/4690/4547 4551/4694/4551 4649/4795/4649 4648/4794/4648 
f 4639/4785/4639 4648/4794/4648 4650/4796/4650 4641/4787/4641 
f 4648/4794/4648 4649/4795/4649 4651/4797/4651 4650/4796/4650 
f 4562/4705/4562 4561/4704/4561 4652/4798/4652 4653/4799/4653 
f 4653/4799/4653 4652/4798/4652 4654/4800/4654 4655/4801/4655 
f 4551/4694/4551 4562/4705/4562 4653/4799/4653 4649/4795/4649 
f 4649/4795/4649 4653/4799/4653 4655/4801/4655 4651/4797/4651 
f 4598/4744/4598 4597/4743/4597 4656/4802/4656 4657/4803/4657 
f 4597/4743/4597 4592/4738/4592 4658/4804/4658 4656/4802/4656 
f 4657/4803/4657 4656/4802/4656 4655/4801/4655 4654/4800/4654 
f 4656/4802/4656 4658/4804/4658 4651/4797/4651 4655/4801/4655 
f 4589/4735/4589 4588/4734/4588 4644/4790/4644 4659/4805/4659 
f 4659/4805/4659 4644/4790/4644 4641/4787/4641 4650/4796/4650 
f 4592/4738/4592 4589/4735/4589 4659/4805/4659 4658/4804/4658 
f 4658/4804/4658 4659/4805/4659 4650/4796/4650 4651/4797/4651 
f 4660/4806/4660 4661/4807/4661 4662/4808/4662 4663/4809/4663 
f 4661/4807/4661 4664/4810/4664 4665/4811/4665 4662/4808/4662 
f 4663/4809/4663 4662/4808/4662 4666/4812/4666 4667/4813/4667 
f 4662/4808/4662 4665/4811/4665 4668/4814/4668 4666/4812/4666 
f 4669/4815/4669 4670/4816/4670 4671/4817/4671 4672/4818/4672 
f 4672/4818/4672 4671/4817/4671 4673/4819/4673 4674/4820/4674 
f 4664/4810/4664 4669/4815/4669 4672/4818/4672 4665/4811/4665 
f 4665/4811/4665 4672/4818/4672 4674/4820/4674 4668/4814/4668 
f 4347/4469/4347 4350/4472/4350 4675/4821/4675 4676/4822/4676 
f 4350/4472/4350 4345/4467/4345 4677/4823/4677 4675/4821/4675 
f 4676/4822/4676 4675/4821/4675 4674/4820/4674 4673/4819/4673 
f 4675/4821/4675 4677/4823/4677 4668/4814/4668 4674/4820/4674 
f 4343/4465/4343 4342/4464/4342 4678/4824/4678 4679/4825/4679 
f 4679/4825/4679 4678/4824/4678 4667/4813/4667 4666/4812/4666 
f 4345/4467/4345 4343/4465/4343 4679/4825/4679 4677/4823/4677 
f 4677/4823/4677 4679/4825/4679 4666/4812/4666 4668/4814/4668 
f 4502/4640/4502 4680/4826/4680 4681/4827/4681 4512/4650/4512 
f 4680/4826/4680 4682/4828/4682 4683/4829/4683 4681/4827/4681 
f 4512/4650/4512 4681/4827/4681 4684/4830/4684 4514/4652/4514 
f 4681/4827/4681 4683/4829/4683 4685/4831/4685 4684/4830/4684 
f 4686/4832/4686 4660/4806/4660 4663/4809/4663 4687/4833/4687 
f 4687/4833/4687 4663/4809/4663 4667/4813/4667 4688/4834/4688 
f 4682/4828/4682 4686/4832/4686 4687/4833/4687 4683/4829/4683 
f 4683/4829/4683 4687/4833/4687 4688/4834/4688 4685/4831/4685 
f 4342/4464/4342 4401/4523/4401 4689/4835/4689 4678/4824/4678 
f 4401/4523/4401 4398/4520/4398 4690/4836/4690 4689/4835/4689 
f 4678/4824/4678 4689/4835/4689 4688/4834/4688 4667/4813/4667 
f 4689/4835/4689 4690/4836/4690 4685/4831/4685 4688/4834/4688 
f 4396/4518/4396 4305/4424/4305 4518/4656/4518 4691/4837/4691 
f 4691/4837/4691 4518/4656/4518 4514/4652/4514 4684/4830/4684 
f 4398/4520/4398 4396/4518/4396 4691/4837/4691 4690/4836/4690 
f 4690/4836/4690 4691/4837/4691 4684/4830/4684 4685/4831/4685 
f 4492/4630/4492 4634/4780/4634 4692/4838/4692 4493/4631/4493 
f 4634/4780/4634 4637/4783/4637 4693/4839/4693 4692/4838/4692 
f 4493/4631/4493 4692/4838/4692 4694/4840/4694 4496/4634/4496 
f 4692/4838/4692 4693/4839/4693 4695/4841/4695 4694/4840/4694 
f 4646/4792/4646 4613/4759/4613 4696/4842/4696 4697/4843/4697 
f 4697/4843/4697 4696/4842/4696 4698/4844/4698 4699/4845/4699 
f 4637/4783/4637 4646/4792/4646 4697/4843/4697 4693/4839/4693 
f 4693/4839/4693 4697/4843/4697 4699/4845/4699 4695/4841/4695 
f 4660/4806/4660 4686/4832/4686 4700/4846/4700 4701/4847/4701 
f 4686/4832/4686 4682/4828/4682 4702/4848/4702 4700/4846/4700 
f 4701/4847/4701 4700/4846/4700 4699/4845/4699 4698/4844/4698 
f 4700/4846/4700 4702/4848/4702 4695/4841/4695 4699/4845/4699 
f 4680/4826/4680 4502/4640/4502 4501/4639/4501 4703/4849/4703 
f 4703/4849/4703 4501/4639/4501 4496/4634/4496 4694/4840/4694 
f 4682/4828/4682 4680/4826/4680 4703/4849/4703 4702/4848/4702 
f 4702/4848/4702 4703/4849/4703 4694/4840/4694 4695/4841/4695 
f 4613/4759/4613 4616/4762/4616 4704/4850/4704 4696/4842/4696 
f 4616/4762/4616 4620/4766/4620 4705/4851/4705 4704/4850/4704 
f 4696/4842/4696 4704/4850/4704 4706/4852/4706 4698/4844/4698 
f 4704/4850/4704 4705/4851/4705 4707/4853/4707 4706/4852/4706 
f 4631/4777/4631 4630/4776/4630 4708/4854/4708 4709/4855/4709 
f 4709/4855/4709 4708/4854/4708 4710/4856/4710 4711/4857/4711 
f 4620/4766/4620 4631/4777/4631 4709/4855/4709 4705/4851/4705 
f 4705/4851/4705 4709/4855/4709 4711/4857/4711 4707/4853/4707 
f 4670/4816/4670 4669/4815/4669 4712/4858/4712 4713/4859/4713 
f 4669/4815/4669 4664/4810/4664 4714/4860/4714 4712/4858/4712 
f 4713/4859/4713 4712/4858/4712 4711/4857/4711 4710/4856/4710 
f 4712/4858/4712 4714/4860/4714 4707/4853/4707 4711/4857/4711 
f 4661/4807/4661 4660/4806/4660 4701/4847/4701 4715/4861/4715 
f 4715/4861/4715 4701/4847/4701 4698/4844/4698 4706/4852/4706 
f 4664/4810/4664 4661/4807/4661 4715/4861/4715 4714/4860/4714 
f 4714/4860/4714 4715/4861/4715 4706/4852/4706 4707/4853/4707 
f 4716/4862/4716 4717/4863/4717 4718/4864/4718 4719/4865/4719 
f 4717/4863/4717 4720/4866/4720 4721/4867/4721 4718/4864/4718 
f 4719/4865/4719 4718/4864/4718 4722/4868/4722 4723/4869/4723 
f 4718/4864/4718 4721/4867/4721 4724/4870/4724 4722/4868/4722 
f 4725/4871/4725 4045/4872/4045 4044/4873/4044 4726/4874/4726 
f 4726/4874/4726 4044/4873/4044 4042/4875/4042 4727/4876/4727 
f 4720/4866/4720 4725/4871/4725 4726/4874/4726 4721/4867/4721 
f 4721/4867/4721 4726/4874/4726 4727/4876/4727 4724/4870/4724 
f 3611/4541/3611 4420/4544/4420 4728/4877/4728 4040/4878/4040 
f 4420/4544/4420 4417/4539/4417 4729/4879/4729 4728/4877/4728 
f 4040/4878/4040 4728/4877/4728 4727/4876/4727 4042/4875/4042 
f 4728/4877/4728 4729/4879/4729 4724/4870/4724 4727/4876/4727 
f 4415/4537/4415 4414/4536/4414 4730/4880/4730 4731/4881/4731 
f 4731/4881/4731 4730/4880/4730 4723/4869/4723 4722/4868/4722 
f 4417/4539/4417 4415/4537/4415 4731/4881/4731 4729/4879/4729 
f 4729/4879/4729 4731/4881/4731 4722/4868/4722 4724/4870/4724 
f 4732/4882/4732 4733/4883/4733 4734/4884/4734 4735/4885/4735 
f 4733/4883/4733 4736/4886/4736 4737/4887/4737 4734/4884/4734 
f 4735/4885/4735 4734/4884/4734 4738/4888/4738 4739/4889/4739 
f 4734/4884/4734 4737/4887/4737 4740/4890/4740 4738/4888/4738 
f 4741/4891/4741 4716/4862/4716 4719/4865/4719 4742/4892/4742 
f 4742/4892/4742 4719/4865/4719 4723/4869/4723 4743/4893/4743 
f 4736/4886/4736 4741/4891/4741 4742/4892/4742 4737/4887/4737 
f 4737/4887/4737 4742/4892/4742 4743/4893/4743 4740/4890/4740 
f 4414/4536/4414 4457/4587/4457 4744/4894/4744 4730/4880/4730 
f 4457/4587/4457 4454/4584/4454 4745/4895/4745 4744/4894/4744 
f 4730/4880/4730 4744/4894/4744 4743/4893/4743 4723/4869/4723 
f 4744/4894/4744 4745/4895/4745 4740/4890/4740 4743/4893/4743 
f 4452/4582/4452 4374/4496/4374 4746/4896/4746 4747/4897/4747 
f 4747/4897/4747 4746/4896/4746 4739/4889/4739 4738/4888/4738 
f 4454/4584/4454 4452/4582/4452 4747/4897/4747 4745/4895/4745 
f 4745/4895/4745 4747/4897/4747 4738/4888/4738 4740/4890/4740 
f 4748/4898/4748 4749/4899/4749 4750/4900/4750 4751/4901/4751 
f 4749/4899/4749 4752/4902/4752 4753/4903/4753 4750/4900/4750 
f 4751/4901/4751 4750/4900/4750 4754/4904/4754 4755/4905/4755 
f 4750/4900/4750 4753/4903/4753 4756/4906/4756 4754/4904/4754 
f 4757/4907/4757 4758/4908/4758 4759/4909/4759 4760/4910/4760 
f 4760/4910/4760 4759/4909/4759 4761/4911/4761 4762/4912/4762 
f 4752/4902/4752 4757/4907/4757 4760/4910/4760 4753/4903/4753 
f 4753/4903/4753 4760/4910/4760 4762/4912/4762 4756/4906/4756 
f 4716/4862/4716 4741/4891/4741 4763/4913/4763 4764/4914/4764 
f 4741/4891/4741 4736/4886/4736 4765/4915/4765 4763/4913/4763 
f 4764/4914/4764 4763/4913/4763 4762/4912/4762 4761/4911/4761 
f 4763/4913/4763 4765/4915/4765 4756/4906/4756 4762/4912/4762 
f 4733/4883/4733 4732/4882/4732 4766/4916/4766 4767/4917/4767 
f 4767/4917/4767 4766/4916/4766 4755/4905/4755 4754/4904/4754 
f 4736/4886/4736 4733/4883/4733 4767/4917/4767 4765/4915/4765 
f 4765/4915/4765 4767/4917/4767 4754/4904/4754 4756/4906/4756 
f 4758/4908/4758 4768/4918/4768 4769/4919/4769 4759/4909/4759 
f 4768/4918/4768 4770/4920/4770 4771/4921/4771 4769/4919/4769 
f 4759/4909/4759 4769/4919/4769 4772/4922/4772 4761/4911/4761 
f 4769/4919/4769 4771/4921/4771 4773/4923/4773 4772/4922/4772 
f 4774/4924/4774 4065/4925/4065 4064/4926/4064 4775/4927/4775 
f 4775/4927/4775 4064/4926/4064 4062/4928/4062 4776/4929/4776 
f 4770/4920/4770 4774/4924/4774 4775/4927/4775 4771/4921/4771 
f 4771/4921/4771 4775/4927/4775 4776/4929/4776 4773/4923/4773 
f 4045/4872/4045 4725/4871/4725 4777/4930/4777 4060/4931/4060 
f 4725/4871/4725 4720/4866/4720 4778/4932/4778 4777/4930/4777 
f 4060/4931/4060 4777/4930/4777 4776/4929/4776 4062/4928/4062 
f 4777/4930/4777 4778/4932/4778 4773/4923/4773 4776/4929/4776 
f 4717/4863/4717 4716/4862/4716 4764/4914/4764 4779/4933/4779 
f 4779/4933/4779 4764/4914/4764 4761/4911/4761 4772/4922/4772 
f 4720/4866/4720 4717/4863/4717 4779/4933/4779 4778/4932/4778 
f 4778/4932/4778 4779/4933/4779 4772/4922/4772 4773/4923/4773 
f 4780/4934/4780 4781/4935/4781 4782/4936/4782 4783/4937/4783 
f 4781/4935/4781 4784/4938/4784 4785/4939/4785 4782/4936/4782 
f 4783/4937/4783 4782/4936/4782 4786/4940/4786 4787/4941/4787 
f 4782/4936/4782 4785/4939/4785 4788/4942/4788 4786/4940/4786 
f 4789/4943/4789 4354/4476/4354 4353/4475/4353 4790/4944/4790 
f 4790/4944/4790 4353/4475/4353 4351/4473/4351 4791/4945/4791 
f 4784/4938/4784 4789/4943/4789 4790/4944/4790 4785/4939/4785 
f 4785/4939/4785 4790/4944/4790 4791/4945/4791 4788/4942/4788 
f 4347/4469/4347 4792/4946/4792 4793/4947/4793 4348/4470/4348 
f 4792/4946/4792 4794/4948/4794 4795/4949/4795 4793/4947/4793 
f 4348/4470/4348 4793/4947/4793 4791/4945/4791 4351/4473/4351 
f 4793/4947/4793 4795/4949/4795 4788/4942/4788 4791/4945/4791 
f 4796/4950/4796 4797/4951/4797 4798/4952/4798 4799/4953/4799 
f 4799/4953/4799 4798/4952/4798 4787/4941/4787 4786/4940/4786 
f 4794/4948/4794 4796/4950/4796 4799/4953/4799 4795/4949/4795 
f 4795/4949/4795 4799/4953/4799 4786/4940/4786 4788/4942/4788 
f 4800/4954/4800 4801/4955/4801 4802/4956/4802 4803/4957/4803 
f 4801/4955/4801 4804/4958/4804 4805/4959/4805 4802/4956/4802 
f 4803/4957/4803 4802/4956/4802 4806/4960/4806 4807/4961/4807 
f 4802/4956/4802 4805/4959/4805 4808/4962/4808 4806/4960/4806 
f 4809/4963/4809 4780/4934/4780 4783/4937/4783 4810/4964/4810 
f 4810/4964/4810 4783/4937/4783 4787/4941/4787 4811/4965/4811 
f 4804/4958/4804 4809/4963/4809 4810/4964/4810 4805/4959/4805 
f 4805/4959/4805 4810/4964/4810 4811/4965/4811 4808/4962/4808 
f 4797/4951/4797 4812/4966/4812 4813/4967/4813 4798/4952/4798 
f 4812/4966/4812 4814/4968/4814 4815/4969/4815 4813/4967/4813 
f 4798/4952/4798 4813/4967/4813 4811/4965/4811 4787/4941/4787 
f 4813/4967/4813 4815/4969/4815 4808/4962/4808 4811/4965/4811 
f 4816/4970/4816 4817/4971/4817 4818/4972/4818 4819/4973/4819 
f 4819/4973/4819 4818/4972/4818 4807/4961/4807 4806/4960/4806 
f 4814/4968/4814 4816/4970/4816 4819/4973/4819 4815/4969/4815 
f 4815/4969/4815 4819/4973/4819 4806/4960/4806 4808/4962/4808 
f 4748/4898/4748 4751/4901/4751 4820/4974/4820 4821/4975/4821 
f 4751/4901/4751 4755/4905/4755 4822/4976/4822 4820/4974/4820 
f 4821/4975/4821 4820/4974/4820 4823/4977/4823 4824/4978/4824 
f 4820/4974/4820 4822/4976/4822 4825/4979/4825 4823/4977/4823 
f 4766/4916/4766 4732/4882/4732 4826/4980/4826 4827/4981/4827 
f 4827/4981/4827 4826/4980/4826 4828/4982/4828 4829/4983/4829 
f 4755/4905/4755 4766/4916/4766 4827/4981/4827 4822/4976/4822 
f 4822/4976/4822 4827/4981/4827 4829/4983/4829 4825/4979/4825 
f 4780/4934/4780 4809/4963/4809 4830/4984/4830 4831/4985/4831 
f 4809/4963/4809 4804/4958/4804 4832/4986/4832 4830/4984/4830 
f 4831/4985/4831 4830/4984/4830 4829/4983/4829 4828/4982/4828 
f 4830/4984/4830 4832/4986/4832 4825/4979/4825 4829/4983/4829 
f 4801/4955/4801 4800/4954/4800 4833/4987/4833 4834/4988/4834 
f 4834/4988/4834 4833/4987/4833 4824/4978/4824 4823/4977/4823 
f 4804/4958/4804 4801/4955/4801 4834/4988/4834 4832/4986/4832 
f 4832/4986/4832 4834/4988/4834 4823/4977/4823 4825/4979/4825 
f 4732/4882/4732 4735/4885/4735 4835/4989/4835 4826/4980/4826 
f 4735/4885/4735 4739/4889/4739 4836/4990/4836 4835/4989/4835 
f 4826/4980/4826 4835/4989/4835 4837/4991/4837 4828/4982/4828 
f 4835/4989/4835 4836/4990/4836 4838/4992/4838 4837/4991/4837 
f 4746/4896/4746 4374/4496/4374 4373/4495/4373 4839/4993/4839 
f 4839/4993/4839 4373/4495/4373 4371/4493/4371 4840/4994/4840 
f 4739/4889/4739 4746/4896/4746 4839/4993/4839 4836/4990/4836 
f 4836/4990/4836 4839/4993/4839 4840/4994/4840 4838/4992/4838 
f 4354/4476/4354 4789/4943/4789 4841/4995/4841 4369/4491/4369 
f 4789/4943/4789 4784/4938/4784 4842/4996/4842 4841/4995/4841 
f 4369/4491/4369 4841/4995/4841 4840/4994/4840 4371/4493/4371 
f 4841/4995/4841 4842/4996/4842 4838/4992/4838 4840/4994/4840 
f 4781/4935/4781 4780/4934/4780 4831/4985/4831 4843/4997/4843 
f 4843/4997/4843 4831/4985/4831 4828/4982/4828 4837/4991/4837 
f 4784/4938/4784 4781/4935/4781 4843/4997/4843 4842/4996/4842 
f 4842/4996/4842 4843/4997/4843 4837/4991/4837 4838/4992/4838 
f 4844/4998/4844 4845/4999/4845 4846/5000/4846 4847/5001/4847 
f 4845/4999/4845 4848/5002/4848 4849/5003/4849 4846/5000/4846 
f 4847/5001/4847 4846/5000/4846 4850/5004/4850 4851/5005/4851 
f 4846/5000/4846 4849/5003/4849 4852/5006/4852 4850/5004/4850 
f 4853/5007/4853 4854/5008/4854 4855/5009/4855 4856/5010/4856 
f 4856/5010/4856 4855/5009/4855 4857/5011/4857 4858/5012/4858 
f 4848/5002/4848 4853/5007/4853 4856/5010/4856 4849/5003/4849 
f 4849/5003/4849 4856/5010/4856 4858/5012/4858 4852/5006/4852 
f 1794/5013/1794 2146/5014/2146 4859/5015/4859 4860/5016/4860 
f 2146/5014/2146 2143/5017/2143 4861/5018/4861 4859/5015/4859 
f 4860/5016/4860 4859/5015/4859 4858/5012/4858 4857/5011/4857 
f 4859/5015/4859 4861/5018/4861 4852/5006/4852 4858/5012/4858 
f 2141/5019/2141 2140/5020/2140 4862/5021/4862 4863/5022/4863 
f 4863/5022/4863 4862/5021/4862 4851/5005/4851 4850/5004/4850 
f 2143/5017/2143 2141/5019/2141 4863/5022/4863 4861/5018/4861 
f 4861/5018/4861 4863/5022/4863 4850/5004/4850 4852/5006/4852 
f 4864/5023/4864 4865/5024/4865 4866/5025/4866 4867/5026/4867 
f 4865/5024/4865 4868/5027/4868 4869/5028/4869 4866/5025/4866 
f 4867/5026/4867 4866/5025/4866 4870/5029/4870 4871/5030/4871 
f 4866/5025/4866 4869/5028/4869 4872/5031/4872 4870/5029/4870 
f 4873/5032/4873 4844/4998/4844 4847/5001/4847 4874/5033/4874 
f 4874/5033/4874 4847/5001/4847 4851/5005/4851 4875/5034/4875 
f 4868/5027/4868 4873/5032/4873 4874/5033/4874 4869/5028/4869 
f 4869/5028/4869 4874/5033/4874 4875/5034/4875 4872/5031/4872 
f 2140/5020/2140 2183/5035/2183 4876/5036/4876 4862/5021/4862 
f 2183/5035/2183 2180/5037/2180 4877/5038/4877 4876/5036/4876 
f 4862/5021/4862 4876/5036/4876 4875/5034/4875 4851/5005/4851 
f 4876/5036/4876 4877/5038/4877 4872/5031/4872 4875/5034/4875 
f 2178/5039/2178 2100/5040/2100 4878/5041/4878 4879/5042/4879 
f 4879/5042/4879 4878/5041/4878 4871/5030/4871 4870/5029/4870 
f 2180/5037/2180 2178/5039/2178 4879/5042/4879 4877/5038/4877 
f 4877/5038/4877 4879/5042/4879 4870/5029/4870 4872/5031/4872 
f 4748/4898/4748 4821/4975/4821 4880/5043/4880 4881/5044/4881 
f 4821/4975/4821 4824/4978/4824 4882/5045/4882 4880/5043/4880 
f 4881/5044/4881 4880/5043/4880 4883/5046/4883 4884/5047/4884 
f 4880/5043/4880 4882/5045/4882 4885/5048/4885 4883/5046/4883 
f 4833/4987/4833 4800/4954/4800 4886/5049/4886 4887/5050/4887 
f 4887/5050/4887 4886/5049/4886 4888/5051/4888 4889/5052/4889 
f 4824/4978/4824 4833/4987/4833 4887/5050/4887 4882/5045/4882 
f 4882/5045/4882 4887/5050/4887 4889/5052/4889 4885/5048/4885 
f 4844/4998/4844 4873/5032/4873 4890/5053/4890 4891/5054/4891 
f 4873/5032/4873 4868/5027/4868 4892/5055/4892 4890/5053/4890 
f 4891/5054/4891 4890/5053/4890 4889/5052/4889 4888/5051/4888 
f 4890/5053/4890 4892/5055/4892 4885/5048/4885 4889/5052/4889 
f 4865/5024/4865 4864/5023/4864 4893/5056/4893 4894/5057/4894 
f 4894/5057/4894 4893/5056/4893 4884/5047/4884 4883/5046/4883 
f 4868/5027/4868 4865/5024/4865 4894/5057/4894 4892/5055/4892 
f 4892/5055/4892 4894/5057/4894 4883/5046/4883 4885/5048/4885 
f 4800/4954/4800 4803/4957/4803 4895/5058/4895 4886/5049/4886 
f 4803/4957/4803 4807/4961/4807 4896/5059/4896 4895/5058/4895 
f 4886/5049/4886 4895/5058/4895 4897/5060/4897 4888/5051/4888 
f 4895/5058/4895 4896/5059/4896 4898/5061/4898 4897/5060/4897 
f 4818/4972/4818 4817/4971/4817 4899/5062/4899 4900/5063/4900 
f 4900/5063/4900 4899/5062/4899 4901/5064/4901 4902/5065/4902 
f 4807/4961/4807 4818/4972/4818 4900/5063/4900 4896/5059/4896 
f 4896/5059/4896 4900/5063/4900 4902/5065/4902 4898/5061/4898 
f 4854/5008/4854 4853/5007/4853 4903/5066/4903 4904/5067/4904 
f 4853/5007/4853 4848/5002/4848 4905/5068/4905 4903/5066/4903 
f 4904/5067/4904 4903/5066/4903 4902/5065/4902 4901/5064/4901 
f 4903/5066/4903 4905/5068/4905 4898/5061/4898 4902/5065/4902 
f 4845/4999/4845 4844/4998/4844 4891/5054/4891 4906/5069/4906 
f 4906/5069/4906 4891/5054/4891 4888/5051/4888 4897/5060/4897 
f 4848/5002/4848 4845/4999/4845 4906/5069/4906 4905/5068/4905 
f 4905/5068/4905 4906/5069/4906 4897/5060/4897 4898/5061/4898 
f 4907/5070/4907 4908/5071/4908 4909/5072/4909 4910/5073/4910 
f 4908/5071/4908 4911/5074/4911 4912/5075/4912 4909/5072/4909 
f 4910/5073/4910 4909/5072/4909 4913/5076/4913 4914/5077/4914 
f 4909/5072/4909 4912/5075/4912 4915/5078/4915 4913/5076/4913 
f 4916/5079/4916 2080/5080/2080 2079/5081/2079 4917/5082/4917 
f 4917/5082/4917 2079/5081/2079 2077/5083/2077 4918/5084/4918 
f 4911/5074/4911 4916/5079/4916 4917/5082/4917 4912/5075/4912 
f 4912/5075/4912 4917/5082/4917 4918/5084/4918 4915/5078/4915 
f 2073/5085/2073 4108/5086/4108 4919/5087/4919 2074/5088/2074 
f 4108/5086/4108 4105/5089/4105 4920/5090/4920 4919/5087/4919 
f 2074/5088/2074 4919/5087/4919 4918/5084/4918 2077/5083/2077 
f 4919/5087/4919 4920/5090/4920 4915/5078/4915 4918/5084/4918 
f 4103/5091/4103 4102/5092/4102 4921/5093/4921 4922/5094/4922 
f 4922/5094/4922 4921/5093/4921 4914/5077/4914 4913/5076/4913 
f 4105/5089/4105 4103/5091/4103 4922/5094/4922 4920/5090/4920 
f 4920/5090/4920 4922/5094/4922 4913/5076/4913 4915/5078/4915 
f 4758/4908/4758 4923/5095/4923 4924/5096/4924 4768/4918/4768 
f 4923/5095/4923 4925/5097/4925 4926/5098/4926 4924/5096/4924 
f 4768/4918/4768 4924/5096/4924 4927/5099/4927 4770/4920/4770 
f 4924/5096/4924 4926/5098/4926 4928/5100/4928 4927/5099/4927 
f 4929/5101/4929 4907/5070/4907 4910/5073/4910 4930/5102/4930 
f 4930/5102/4930 4910/5073/4910 4914/5077/4914 4931/5103/4931 
f 4925/5097/4925 4929/5101/4929 4930/5102/4930 4926/5098/4926 
f 4926/5098/4926 4930/5102/4930 4931/5103/4931 4928/5100/4928 
f 4102/5092/4102 4152/5104/4152 4932/5105/4932 4921/5093/4921 
f 4152/5104/4152 4149/5106/4149 4933/5107/4933 4932/5105/4932 
f 4921/5093/4921 4932/5105/4932 4931/5103/4931 4914/5077/4914 
f 4932/5105/4932 4933/5107/4933 4928/5100/4928 4931/5103/4931 
f 4147/5108/4147 4065/4925/4065 4774/4924/4774 4934/5109/4934 
f 4934/5109/4934 4774/4924/4774 4770/4920/4770 4927/5099/4927 
f 4149/5106/4149 4147/5108/4147 4934/5109/4934 4933/5107/4933 
f 4933/5107/4933 4934/5109/4934 4927/5099/4927 4928/5100/4928 
f 4748/4898/4748 4881/5044/4881 4935/5110/4935 4749/4899/4749 
f 4881/5044/4881 4884/5047/4884 4936/5111/4936 4935/5110/4935 
f 4749/4899/4749 4935/5110/4935 4937/5112/4937 4752/4902/4752 
f 4935/5110/4935 4936/5111/4936 4938/5113/4938 4937/5112/4937 
f 4893/5056/4893 4864/5023/4864 4939/5114/4939 4940/5115/4940 
f 4940/5115/4940 4939/5114/4939 4941/5116/4941 4942/5117/4942 
f 4884/5047/4884 4893/5056/4893 4940/5115/4940 4936/5111/4936 
f 4936/5111/4936 4940/5115/4940 4942/5117/4942 4938/5113/4938 
f 4907/5070/4907 4929/5101/4929 4943/5118/4943 4944/5119/4944 
f 4929/5101/4929 4925/5097/4925 4945/5120/4945 4943/5118/4943 
f 4944/5119/4944 4943/5118/4943 4942/5117/4942 4941/5116/4941 
f 4943/5118/4943 4945/5120/4945 4938/5113/4938 4942/5117/4942 
f 4923/5095/4923 4758/4908/4758 4757/4907/4757 4946/5121/4946 
f 4946/5121/4946 4757/4907/4757 4752/4902/4752 4937/5112/4937 
f 4925/5097/4925 4923/5095/4923 4946/5121/4946 4945/5120/4945 
f 4945/5120/4945 4946/5121/4946 4937/5112/4937 4938/5113/4938 
f 4864/5023/4864 4867/5026/4867 4947/5122/4947 4939/5114/4939 
f 4867/5026/4867 4871/5030/4871 4948/5123/4948 4947/5122/4947 
f 4939/5114/4939 4947/5122/4947 4949/5124/4949 4941/5116/4941 
f 4947/5122/4947 4948/5123/4948 4950/5125/4950 4949/5124/4949 
f 4878/5041/4878 2100/5040/2100 2099/5126/2099 4951/5127/4951 
f 4951/5127/4951 2099/5126/2099 2097/5128/2097 4952/5129/4952 
f 4871/5030/4871 4878/5041/4878 4951/5127/4951 4948/5123/4948 
f 4948/5123/4948 4951/5127/4951 4952/5129/4952 4950/5125/4950 
f 2080/5080/2080 4916/5079/4916 4953/5130/4953 2095/5131/2095 
f 4916/5079/4916 4911/5074/4911 4954/5132/4954 4953/5130/4953 
f 2095/5131/2095 4953/5130/4953 4952/5129/4952 2097/5128/2097 
f 4953/5130/4953 4954/5132/4954 4950/5125/4950 4952/5129/4952 
f 4908/5071/4908 4907/5070/4907 4944/5119/4944 4955/5133/4955 
f 4955/5133/4955 4944/5119/4944 4941/5116/4941 4949/5124/4949 
f 4911/5074/4911 4908/5071/4908 4955/5133/4955 4954/5132/4954 
f 4954/5132/4954 4955/5133/4955 4949/5124/4949 4950/5125/4950 
f 4956/5134/4956 4957/5135/4957 4958/5136/4958 4959/5137/4959 
f 4957/5135/4957 4960/5138/4960 4961/5139/4961 4958/5136/4958 
f 4959/5137/4959 4958/5136/4958 4962/5140/4962 4963/5141/4963 
f 4958/5136/4958 4961/5139/4961 4964/5142/4964 4962/5140/4962 
f 4965/5143/4965 4797/4951/4797 4796/4950/4796 4966/5144/4966 
f 4966/5144/4966 4796/4950/4796 4794/4948/4794 4967/5145/4967 
f 4960/5138/4960 4965/5143/4965 4966/5144/4966 4961/5139/4961 
f 4961/5139/4961 4966/5144/4966 4967/5145/4967 4964/5142/4964 
f 4347/4469/4347 4676/4822/4676 4968/5146/4968 4792/4946/4792 
f 4676/4822/4676 4673/4819/4673 4969/5147/4969 4968/5146/4968 
f 4792/4946/4792 4968/5146/4968 4967/5145/4967 4794/4948/4794 
f 4968/5146/4968 4969/5147/4969 4964/5142/4964 4967/5145/4967 
f 4671/4817/4671 4670/4816/4670 4970/5148/4970 4971/5149/4971 
f 4971/5149/4971 4970/5148/4970 4963/5141/4963 4962/5140/4962 
f 4673/4819/4673 4671/4817/4671 4971/5149/4971 4969/5147/4969 
f 4969/5147/4969 4971/5149/4971 4962/5140/4962 4964/5142/4964 
f 4972/5150/4972 4973/5151/4973 4974/5152/4974 4975/5153/4975 
f 4973/5151/4973 4976/5154/4976 4977/5155/4977 4974/5152/4974 
f 4975/5153/4975 4974/5152/4974 4978/5156/4978 4979/5157/4979 
f 4974/5152/4974 4977/5155/4977 4980/5158/4980 4978/5156/4978 
f 4981/5159/4981 4956/5134/4956 4959/5137/4959 4982/5160/4982 
f 4982/5160/4982 4959/5137/4959 4963/5141/4963 4983/5161/4983 
f 4976/5154/4976 4981/5159/4981 4982/5160/4982 4977/5155/4977 
f 4977/5155/4977 4982/5160/4982 4983/5161/4983 4980/5158/4980 
f 4670/4816/4670 4713/4859/4713 4984/5162/4984 4970/5148/4970 
f 4713/4859/4713 4710/4856/4710 4985/5163/4985 4984/5162/4984 
f 4970/5148/4970 4984/5162/4984 4983/5161/4983 4963/5141/4963 
f 4984/5162/4984 4985/5163/4985 4980/5158/4980 4983/5161/4983 
f 4708/4854/4708 4630/4776/4630 4986/5164/4986 4987/5165/4987 
f 4987/5165/4987 4986/5164/4986 4979/5157/4979 4978/5156/4978 
f 4710/4856/4710 4708/4854/4708 4987/5165/4987 4985/5163/4985 
f 4985/5163/4985 4987/5165/4987 4978/5156/4978 4980/5158/4980 
f 4988/5166/4988 4989/5167/4989 4990/5168/4990 4991/5169/4991 
f 4989/5167/4989 4992/5170/4992 4993/5171/4993 4990/5168/4990 
f 4991/5169/4991 4990/5168/4990 4994/5172/4994 4995/5173/4995 
f 4990/5168/4990 4993/5171/4993 4996/5174/4996 4994/5172/4994 
f 4997/5175/4997 4998/5176/4998 4999/5177/4999 5000/5178/5000 
f 5000/5178/5000 4999/5177/4999 5001/5179/5001 5002/5180/5002 
f 4992/5170/4992 4997/5175/4997 5000/5178/5000 4993/5171/4993 
f 4993/5171/4993 5000/5178/5000 5002/5180/5002 4996/5174/4996 
f 4956/5134/4956 4981/5159/4981 5003/5181/5003 5004/5182/5004 
f 4981/5159/4981 4976/5154/4976 5005/5183/5005 5003/5181/5003 
f 5004/5182/5004 5003/5181/5003 5002/5180/5002 5001/5179/5001 
f 5003/5181/5003 5005/5183/5005 4996/5174/4996 5002/5180/5002 
f 4973/5151/4973 4972/5150/4972 5006/5184/5006 5007/5185/5007 
f 5007/5185/5007 5006/5184/5006 4995/5173/4995 4994/5172/4994 
f 4976/5154/4976 4973/5151/4973 5007/5185/5007 5005/5183/5005 
f 5005/5183/5005 5007/5185/5007 4994/5172/4994 4996/5174/4996 
f 4998/5176/4998 5008/5186/5008 5009/5187/5009 4999/5177/4999 
f 5008/5186/5008 5010/5188/5010 5011/5189/5011 5009/5187/5009 
f 4999/5177/4999 5009/5187/5009 5012/5190/5012 5001/5179/5001 
f 5009/5187/5009 5011/5189/5011 5013/5191/5013 5012/5190/5012 
f 5014/5192/5014 4817/4971/4817 4816/4970/4816 5015/5193/5015 
f 5015/5193/5015 4816/4970/4816 4814/4968/4814 5016/5194/5016 
f 5010/5188/5010 5014/5192/5014 5015/5193/5015 5011/5189/5011 
f 5011/5189/5011 5015/5193/5015 5016/5194/5016 5013/5191/5013 
f 4797/4951/4797 4965/5143/4965 5017/5195/5017 4812/4966/4812 
f 4965/5143/4965 4960/5138/4960 5018/5196/5018 5017/5195/5017 
f 4812/4966/4812 5017/5195/5017 5016/5194/5016 4814/4968/4814 
f 5017/5195/5017 5018/5196/5018 5013/5191/5013 5016/5194/5016 
f 4957/5135/4957 4956/5134/4956 5004/5182/5004 5019/5197/5019 
f 5019/5197/5019 5004/5182/5004 5001/5179/5001 5012/5190/5012 
f 4960/5138/4960 4957/5135/4957 5019/5197/5019 5018/5196/5018 
f 5018/5196/5018 5019/5197/5019 5012/5190/5012 5013/5191/5013 
f 5020/5198/5020 5021/5199/5021 5022/5200/5022 5023/5201/5023 
f 5021/5199/5021 5024/5202/5024 5025/5203/5025 5022/5200/5022 
f 5023/5201/5023 5022/5200/5022 5026/5204/5026 5027/5205/5027 
f 5022/5200/5022 5025/5203/5025 5028/5206/5028 5026/5204/5026 
f 5029/5207/5029 4610/4756/4610 4609/4755/4609 5030/5208/5030 
f 5030/5208/5030 4609/4755/4609 4607/4753/4607 5031/5209/5031 
f 5024/5202/5024 5029/5207/5029 5030/5208/5030 5025/5203/5025 
f 5025/5203/5025 5030/5208/5030 5031/5209/5031 5028/5206/5028 
f 4603/4749/4603 5032/5210/5032 5033/5211/5033 4604/4750/4604 
f 5032/5210/5032 5034/5212/5034 5035/5213/5035 5033/5211/5033 
f 4604/4750/4604 5033/5211/5033 5031/5209/5031 4607/4753/4607 
f 5033/5211/5033 5035/5213/5035 5028/5206/5028 5031/5209/5031 
f 5036/5214/5036 5037/5215/5037 5038/5216/5038 5039/5217/5039 
f 5039/5217/5039 5038/5216/5038 5027/5205/5027 5026/5204/5026 
f 5034/5212/5034 5036/5214/5036 5039/5217/5039 5035/5213/5035 
f 5035/5213/5035 5039/5217/5039 5026/5204/5026 5028/5206/5028 
f 5040/5218/5040 5041/5219/5041 5042/5220/5042 5043/5221/5043 
f 5041/5219/5041 5044/5222/5044 5045/5223/5045 5042/5220/5042 
f 5043/5221/5043 5042/5220/5042 5046/5224/5046 5047/5225/5047 
f 5042/5220/5042 5045/5223/5045 5048/5226/5048 5046/5224/5046 
f 5049/5227/5049 5020/5198/5020 5023/5201/5023 5050/5228/5050 
f 5050/5228/5050 5023/5201/5023 5027/5205/5027 5051/5229/5051 
f 5044/5222/5044 5049/5227/5049 5050/5228/5050 5045/5223/5045 
f 5045/5223/5045 5050/5228/5050 5051/5229/5051 5048/5226/5048 
f 5037/5215/5037 5052/5230/5052 5053/5231/5053 5038/5216/5038 
f 5052/5230/5052 5054/5232/5054 5055/5233/5055 5053/5231/5053 
f 5038/5216/5038 5053/5231/5053 5051/5229/5051 5027/5205/5027 
f 5053/5231/5053 5055/5233/5055 5048/5226/5048 5051/5229/5051 
f 5056/5234/5056 5057/5235/5057 5058/5236/5058 5059/5237/5059 
f 5059/5237/5059 5058/5236/5058 5047/5225/5047 5046/5224/5046 
f 5054/5232/5054 5056/5234/5056 5059/5237/5059 5055/5233/5055 
f 5055/5233/5055 5059/5237/5059 5046/5224/5046 5048/5226/5048 
f 4988/5166/4988 4991/5169/4991 5060/5238/5060 5061/5239/5061 
f 4991/5169/4991 4995/5173/4995 5062/5240/5062 5060/5238/5060 
f 5061/5239/5061 5060/5238/5060 5063/5241/5063 5064/5242/5064 
f 5060/5238/5060 5062/5240/5062 5065/5243/5065 5063/5241/5063 
f 5006/5184/5006 4972/5150/4972 5066/5244/5066 5067/5245/5067 
f 5067/5245/5067 5066/5244/5066 5068/5246/5068 5069/5247/5069 
f 4995/5173/4995 5006/5184/5006 5067/5245/5067 5062/5240/5062 
f 5062/5240/5062 5067/5245/5067 5069/5247/5069 5065/5243/5065 
f 5020/5198/5020 5049/5227/5049 5070/5248/5070 5071/5249/5071 
f 5049/5227/5049 5044/5222/5044 5072/5250/5072 5070/5248/5070 
f 5071/5249/5071 5070/5248/5070 5069/5247/5069 5068/5246/5068 
f 5070/5248/5070 5072/5250/5072 5065/5243/5065 5069/5247/5069 
f 5041/5219/5041 5040/5218/5040 5073/5251/5073 5074/5252/5074 
f 5074/5252/5074 5073/5251/5073 5064/5242/5064 5063/5241/5063 
f 5044/5222/5044 5041/5219/5041 5074/5252/5074 5072/5250/5072 
f 5072/5250/5072 5074/5252/5074 5063/5241/5063 5065/5243/5065 
f 4972/5150/4972 4975/5153/4975 5075/5253/5075 5066/5244/5066 
f 4975/5153/4975 4979/5157/4979 5076/5254/5076 5075/5253/5075 
f 5066/5244/5066 5075/5253/5075 5077/5255/5077 5068/5246/5068 
f 5075/5253/5075 5076/5254/5076 5078/5256/5078 5077/5255/5077 
f 4986/5164/4986 4630/4776/4630 4629/4775/4629 5079/5257/5079 
f 5079/5257/5079 4629/4775/4629 4627/4773/4627 5080/5258/5080 
f 4979/5157/4979 4986/5164/4986 5079/5257/5079 5076/5254/5076 
f 5076/5254/5076 5079/5257/5079 5080/5258/5080 5078/5256/5078 
f 4610/4756/4610 5029/5207/5029 5081/5259/5081 4625/4771/4625 
f 5029/5207/5029 5024/5202/5024 5082/5260/5082 5081/5259/5081 
f 4625/4771/4625 5081/5259/5081 5080/5258/5080 4627/4773/4627 
f 5081/5259/5081 5082/5260/5082 5078/5256/5078 5080/5258/5080 
f 5021/5199/5021 5020/5198/5020 5071/5249/5071 5083/5261/5083 
f 5083/5261/5083 5071/5249/5071 5068/5246/5068 5077/5255/5077 
f 5024/5202/5024 5021/5199/5021 5083/5261/5083 5082/5260/5082 
f 5082/5260/5082 5083/5261/5083 5077/5255/5077 5078/5256/5078 
f 5084/5262/5084 5085/5263/5085 5086/5264/5086 5087/5265/5087 
f 5085/5263/5085 5088/5266/5088 5089/5267/5089 5086/5264/5086 
f 5087/5265/5087 5086/5264/5086 5090/5268/5090 5091/5269/5091 
f 5086/5264/5086 5089/5267/5089 5092/5270/5092 5090/5268/5090 
f 5093/5271/5093 5094/5272/5094 5095/5273/5095 5096/5274/5096 
f 5096/5274/5096 5095/5273/5095 5097/5275/5097 5098/5276/5098 
f 5088/5266/5088 5093/5271/5093 5096/5274/5096 5089/5267/5089 
f 5089/5267/5089 5096/5274/5096 5098/5276/5098 5092/5270/5092 
f 1866/5277/1866 1869/5278/1869 5099/5279/5099 5100/5280/5100 
f 1869/5278/1869 1864/5281/1864 5101/5282/5101 5099/5279/5099 
f 5100/5280/5100 5099/5279/5099 5098/5276/5098 5097/5275/5097 
f 5099/5279/5099 5101/5282/5101 5092/5270/5092 5098/5276/5098 
f 1862/5283/1862 1861/5284/1861 5102/5285/5102 5103/5286/5103 
f 5103/5286/5103 5102/5285/5102 5091/5269/5091 5090/5268/5090 
f 1864/5281/1864 1862/5283/1862 5103/5286/5103 5101/5282/5101 
f 5101/5282/5101 5103/5286/5103 5090/5268/5090 5092/5270/5092 
f 5104/5287/5104 5105/5288/5105 5106/5289/5106 5107/5290/5107 
f 5105/5288/5105 5108/5291/5108 5109/5292/5109 5106/5289/5106 
f 5107/5290/5107 5106/5289/5106 5110/5293/5110 5111/5294/5111 
f 5106/5289/5106 5109/5292/5109 5112/5295/5112 5110/5293/5110 
f 5113/5296/5113 5084/5262/5084 5087/5265/5087 5114/5297/5114 
f 5114/5297/5114 5087/5265/5087 5091/5269/5091 5115/5298/5115 
f 5108/5291/5108 5113/5296/5113 5114/5297/5114 5109/5292/5109 
f 5109/5292/5109 5114/5297/5114 5115/5298/5115 5112/5295/5112 
f 1861/5284/1861 1912/5299/1912 5116/5300/5116 5102/5285/5102 
f 1912/5299/1912 1909/5301/1909 5117/5302/5117 5116/5300/5116 
f 5102/5285/5102 5116/5300/5116 5115/5298/5115 5091/5269/5091 
f 5116/5300/5116 5117/5302/5117 5112/5295/5112 5115/5298/5115 
f 1907/5303/1907 1821/5304/1821 5118/5305/5118 5119/5306/5119 
f 5119/5306/5119 5118/5305/5118 5111/5294/5111 5110/5293/5110 
f 1909/5301/1909 1907/5303/1907 5119/5306/5119 5117/5302/5117 
f 5117/5302/5117 5119/5306/5119 5110/5293/5110 5112/5295/5112 
f 4988/5166/4988 5061/5239/5061 5120/5307/5120 5121/5308/5121 
f 5061/5239/5061 5064/5242/5064 5122/5309/5122 5120/5307/5120 
f 5121/5308/5121 5120/5307/5120 5123/5310/5123 5124/5311/5124 
f 5120/5307/5120 5122/5309/5122 5125/5312/5125 5123/5310/5123 
f 5073/5251/5073 5040/5218/5040 5126/5313/5126 5127/5314/5127 
f 5127/5314/5127 5126/5313/5126 5128/5315/5128 5129/5316/5129 
f 5064/5242/5064 5073/5251/5073 5127/5314/5127 5122/5309/5122 
f 5122/5309/5122 5127/5314/5127 5129/5316/5129 5125/5312/5125 
f 5084/5262/5084 5113/5296/5113 5130/5317/5130 5131/5318/5131 
f 5113/5296/5113 5108/5291/5108 5132/5319/5132 5130/5317/5130 
f 5131/5318/5131 5130/5317/5130 5129/5316/5129 5128/5315/5128 
f 5130/5317/5130 5132/5319/5132 5125/5312/5125 5129/5316/5129 
f 5105/5288/5105 5104/5287/5104 5133/5320/5133 5134/5321/5134 
f 5134/5321/5134 5133/5320/5133 5124/5311/5124 5123/5310/5123 
f 5108/5291/5108 5105/5288/5105 5134/5321/5134 5132/5319/5132 
f 5132/5319/5132 5134/5321/5134 5123/5310/5123 5125/5312/5125 
f 5040/5218/5040 5043/5221/5043 5135/5322/5135 5126/5313/5126 
f 5043/5221/5043 5047/5225/5047 5136/5323/5136 5135/5322/5135 
f 5126/5313/5126 5135/5322/5135 5137/5324/5137 5128/5315/5128 
f 5135/5322/5135 5136/5323/5136 5138/5325/5138 5137/5324/5137 
f 5058/5236/5058 5057/5235/5057 5139/5326/5139 5140/5327/5140 
f 5140/5327/5140 5139/5326/5139 5141/5328/5141 5142/5329/5142 
f 5047/5225/5047 5058/5236/5058 5140/5327/5140 5136/5323/5136 
f 5136/5323/5136 5140/5327/5140 5142/5329/5142 5138/5325/5138 
f 5094/5272/5094 5093/5271/5093 5143/5330/5143 5144/5331/5144 
f 5093/5271/5093 5088/5266/5088 5145/5332/5145 5143/5330/5143 
f 5144/5331/5144 5143/5330/5143 5142/5329/5142 5141/5328/5141 
f 5143/5330/5143 5145/5332/5145 5138/5325/5138 5142/5329/5142 
f 5085/5263/5085 5084/5262/5084 5131/5318/5131 5146/5333/5146 
f 5146/5333/5146 5131/5318/5131 5128/5315/5128 5137/5324/5137 
f 5088/5266/5088 5085/5263/5085 5146/5333/5146 5145/5332/5145 
f 5145/5332/5145 5146/5333/5146 5137/5324/5137 5138/5325/5138 
f 5147/5334/5147 5148/5335/5148 5149/5336/5149 5150/5337/5150 
f 5148/5335/5148 5151/5338/5151 5152/5339/5152 5149/5336/5149 
f 5150/5337/5150 5149/5336/5149 5153/5340/5153 5154/5341/5154 
f 5149/5336/5149 5152/5339/5152 5155/5342/5155 5153/5340/5153 
f 5156/5343/5156 1801/5344/1801 1800/5345/1800 5157/5346/5157 
f 5157/5346/5157 1800/5345/1800 1798/5347/1798 5158/5348/5158 
f 5151/5338/5151 5156/5343/5156 5157/5346/5157 5152/5339/5152 
f 5152/5339/5152 5157/5346/5157 5158/5348/5158 5155/5342/5155 
f 1794/5013/1794 4860/5016/4860 5159/5349/5159 1795/5350/1795 
f 4860/5016/4860 4857/5011/4857 5160/5351/5160 5159/5349/5159 
f 1795/5350/1795 5159/5349/5159 5158/5348/5158 1798/5347/1798 
f 5159/5349/5159 5160/5351/5160 5155/5342/5155 5158/5348/5158 
f 4855/5009/4855 4854/5008/4854 5161/5352/5161 5162/5353/5162 
f 5162/5353/5162 5161/5352/5161 5154/5341/5154 5153/5340/5153 
f 4857/5011/4857 4855/5009/4855 5162/5353/5162 5160/5351/5160 
f 5160/5351/5160 5162/5353/5162 5153/5340/5153 5155/5342/5155 
f 4998/5176/4998 5163/5354/5163 5164/5355/5164 5008/5186/5008 
f 5163/5354/5163 5165/5356/5165 5166/5357/5166 5164/5355/5164 
f 5008/5186/5008 5164/5355/5164 5167/5358/5167 5010/5188/5010 
f 5164/5355/5164 5166/5357/5166 5168/5359/5168 5167/5358/5167 
f 5169/5360/5169 5147/5334/5147 5150/5337/5150 5170/5361/5170 
f 5170/5361/5170 5150/5337/5150 5154/5341/5154 5171/5362/5171 
f 5165/5356/5165 5169/5360/5169 5170/5361/5170 5166/5357/5166 
f 5166/5357/5166 5170/5361/5170 5171/5362/5171 5168/5359/5168 
f 4854/5008/4854 4904/5067/4904 5172/5363/5172 5161/5352/5161 
f 4904/5067/4904 4901/5064/4901 5173/5364/5173 5172/5363/5172 
f 5161/5352/5161 5172/5363/5172 5171/5362/5171 5154/5341/5154 
f 5172/5363/5172 5173/5364/5173 5168/5359/5168 5171/5362/5171 
f 4899/5062/4899 4817/4971/4817 5014/5192/5014 5174/5365/5174 
f 5174/5365/5174 5014/5192/5014 5010/5188/5010 5167/5358/5167 
f 4901/5064/4901 4899/5062/4899 5174/5365/5174 5173/5364/5173 
f 5173/5364/5173 5174/5365/5174 5167/5358/5167 5168/5359/5168 
f 4988/5166/4988 5121/5308/5121 5175/5366/5175 4989/5167/4989 
f 5121/5308/5121 5124/5311/5124 5176/5367/5176 5175/5366/5175 
f 4989/5167/4989 5175/5366/5175 5177/5368/5177 4992/5170/4992 
f 5175/5366/5175 5176/5367/5176 5178/5369/5178 5177/5368/5177 
f 5133/5320/5133 5104/5287/5104 5179/5370/5179 5180/5371/5180 
f 5180/5371/5180 5179/5370/5179 5181/5372/5181 5182/5373/5182 
f 5124/5311/5124 5133/5320/5133 5180/5371/5180 5176/5367/5176 
f 5176/5367/5176 5180/5371/5180 5182/5373/5182 5178/5369/5178 
f 5147/5334/5147 5169/5360/5169 5183/5374/5183 5184/5375/5184 
f 5169/5360/5169 5165/5356/5165 5185/5376/5185 5183/5374/5183 
f 5184/5375/5184 5183/5374/5183 5182/5373/5182 5181/5372/5181 
f 5183/5374/5183 5185/5376/5185 5178/5369/5178 5182/5373/5182 
f 5163/5354/5163 4998/5176/4998 4997/5175/4997 5186/5377/5186 
f 5186/5377/5186 4997/5175/4997 4992/5170/4992 5177/5368/5177 
f 5165/5356/5165 5163/5354/5163 5186/5377/5186 5185/5376/5185 
f 5185/5376/5185 5186/5377/5186 5177/5368/5177 5178/5369/5178 
f 5104/5287/5104 5107/5290/5107 5187/5378/5187 5179/5370/5179 
f 5107/5290/5107 5111/5294/5111 5188/5379/5188 5187/5378/5187 
f 5179/5370/5179 5187/5378/5187 5189/5380/5189 5181/5372/5181 
f 5187/5378/5187 5188/5379/5188 5190/5381/5190 5189/5380/5189 
f 5118/5305/5118 1821/5304/1821 1820/5382/1820 5191/5383/5191 
f 5191/5383/5191 1820/5382/1820 1818/5384/1818 5192/5385/5192 
f 5111/5294/5111 5118/5305/5118 5191/5383/5191 5188/5379/5188 
f 5188/5379/5188 5191/5383/5191 5192/5385/5192 5190/5381/5190 
f 1801/5344/1801 5156/5343/5156 5193/5386/5193 1816/5387/1816 
f 5156/5343/5156 5151/5338/5151 5194/5388/5194 5193/5386/5193 
f 1816/5387/1816 5193/5386/5193 5192/5385/5192 1818/5384/1818 
f 5193/5386/5193 5194/5388/5194 5190/5381/5190 5192/5385/5192 
f 5148/5335/5148 5147/5334/5147 5184/5375/5184 5195/5389/5195 
f 5195/5389/5195 5184/5375/5184 5181/5372/5181 5189/5380/5189 
f 5151/5338/5151 5148/5335/5148 5195/5389/5195 5194/5388/5194 
f 5194/5388/5194 5195/5389/5195 5189/5380/5189 5190/5381/5190 
f 5196/5390/5196 5197/5391/5197 5198/5392/5198 5199/5393/5199 
f 5197/5391/5197 5200/5394/5200 5201/5395/5201 5198/5392/5198 
f 5199/5393/5199 5198/5392/5198 5202/5396/5202 5203/5397/5203 
f 5198/5392/5198 5201/5395/5201 5204/5398/5204 5202/5396/5202 
f 5205/5399/5205 4541/4684/4541 4540/4683/4540 5206/5400/5206 
f 5206/5400/5206 4540/4683/4540 4538/4681/4538 5207/5401/5207 
f 5200/5394/5200 5205/5399/5205 5206/5400/5206 5201/5395/5201 
f 5201/5395/5201 5206/5400/5206 5207/5401/5207 5204/5398/5204 
f 620/4677/620 623/5402/623 5208/5403/5208 4536/4678/4536 
f 623/5402/623 618/5404/618 5209/5405/5209 5208/5403/5208 
f 4536/4678/4536 5208/5403/5208 5207/5401/5207 4538/4681/4538 
f 5208/5403/5208 5209/5405/5209 5204/5398/5204 5207/5401/5207 
f 616/5406/616 615/5407/615 5210/5408/5210 5211/5409/5211 
f 5211/5409/5211 5210/5408/5210 5203/5397/5203 5202/5396/5202 
f 618/5404/618 616/5406/616 5211/5409/5211 5209/5405/5209 
f 5209/5405/5209 5211/5409/5211 5202/5396/5202 5204/5398/5204 
f 5212/5410/5212 5213/5411/5213 5214/5412/5214 5215/5413/5215 
f 5213/5411/5213 5216/5414/5216 5217/5415/5217 5214/5412/5214 
f 5215/5413/5215 5214/5412/5214 5218/5416/5218 5219/5417/5219 
f 5214/5412/5214 5217/5415/5217 5220/5418/5220 5218/5416/5218 
f 5221/5419/5221 5196/5390/5196 5199/5393/5199 5222/5420/5222 
f 5222/5420/5222 5199/5393/5199 5203/5397/5203 5223/5421/5223 
f 5216/5414/5216 5221/5419/5221 5222/5420/5222 5217/5415/5217 
f 5217/5415/5217 5222/5420/5222 5223/5421/5223 5220/5418/5220 
f 615/5407/615 674/5422/674 5224/5423/5224 5210/5408/5210 
f 674/5422/674 671/5424/671 5225/5425/5225 5224/5423/5224 
f 5210/5408/5210 5224/5423/5224 5223/5421/5223 5203/5397/5203 
f 5224/5423/5224 5225/5425/5225 5220/5418/5220 5223/5421/5223 
f 669/5426/669 570/5427/570 5226/5428/5226 5227/5429/5227 
f 5227/5429/5227 5226/5428/5226 5219/5417/5219 5218/5416/5218 
f 671/5424/671 669/5426/669 5227/5429/5227 5225/5425/5225 
f 5225/5425/5225 5227/5429/5227 5218/5416/5218 5220/5418/5220 
f 5228/5430/5228 5229/5431/5229 5230/5432/5230 5231/5433/5231 
f 5229/5431/5229 5232/5434/5232 5233/5435/5233 5230/5432/5230 
f 5231/5433/5231 5230/5432/5230 5234/5436/5234 5235/5437/5235 
f 5230/5432/5230 5233/5435/5233 5236/5438/5236 5234/5436/5234 
f 5237/5439/5237 5238/5440/5238 5239/5441/5239 5240/5442/5240 
f 5240/5442/5240 5239/5441/5239 5241/5443/5241 5242/5444/5242 
f 5232/5434/5232 5237/5439/5237 5240/5442/5240 5233/5435/5233 
f 5233/5435/5233 5240/5442/5240 5242/5444/5242 5236/5438/5236 
f 5196/5390/5196 5221/5419/5221 5243/5445/5243 5244/5446/5244 
f 5221/5419/5221 5216/5414/5216 5245/5447/5245 5243/5445/5243 
f 5244/5446/5244 5243/5445/5243 5242/5444/5242 5241/5443/5241 
f 5243/5445/5243 5245/5447/5245 5236/5438/5236 5242/5444/5242 
f 5213/5411/5213 5212/5410/5212 5246/5448/5246 5247/5449/5247 
f 5247/5449/5247 5246/5448/5246 5235/5437/5235 5234/5436/5234 
f 5216/5414/5216 5213/5411/5213 5247/5449/5247 5245/5447/5245 
f 5245/5447/5245 5247/5449/5247 5234/5436/5234 5236/5438/5236 
f 5238/5440/5238 5248/5450/5248 5249/5451/5249 5239/5441/5239 
f 5248/5450/5248 5250/5452/5250 5251/5453/5251 5249/5451/5249 
f 5239/5441/5239 5249/5451/5249 5252/5454/5252 5241/5443/5241 
f 5249/5451/5249 5251/5453/5251 5253/5455/5253 5252/5454/5252 
f 5254/5456/5254 4561/4704/4561 4560/4703/4560 5255/5457/5255 
f 5255/5457/5255 4560/4703/4560 4558/4701/4558 5256/5458/5256 
f 5250/5452/5250 5254/5456/5254 5255/5457/5255 5251/5453/5251 
f 5251/5453/5251 5255/5457/5255 5256/5458/5256 5253/5455/5253 
f 4541/4684/4541 5205/5399/5205 5257/5459/5257 4556/4699/4556 
f 5205/5399/5205 5200/5394/5200 5258/5460/5258 5257/5459/5257 
f 4556/4699/4556 5257/5459/5257 5256/5458/5256 4558/4701/4558 
f 5257/5459/5257 5258/5460/5258 5253/5455/5253 5256/5458/5256 
f 5197/5391/5197 5196/5390/5196 5244/5446/5244 5259/5461/5259 
f 5259/5461/5259 5244/5446/5244 5241/5443/5241 5252/5454/5252 
f 5200/5394/5200 5197/5391/5197 5259/5461/5259 5258/5460/5258 
f 5258/5460/5258 5259/5461/5259 5252/5454/5252 5253/5455/5253 
f 5260/5462/5260 5261/5463/5261 5262/5464/5262 5263/5465/5263 
f 5261/5463/5261 5264/5466/5264 5265/5467/5265 5262/5464/5262 
f 5263/5465/5263 5262/5464/5262 5266/5468/5266 5267/5469/5267 
f 5262/5464/5262 5265/5467/5265 5268/5470/5268 5266/5468/5266 
f 5269/5471/5269 550/5472/550 549/5473/549 5270/5474/5270 
f 5270/5474/5270 549/5473/549 547/5475/547 5271/5476/5271 
f 5264/5466/5264 5269/5471/5269 5270/5474/5270 5265/5467/5265 
f 5265/5467/5265 5270/5474/5270 5271/5476/5271 5268/5470/5268 
f 97/5477/97 5272/5478/5272 5273/5479/5273 545/5480/545 
f 5272/5478/5272 5274/5481/5274 5275/5482/5275 5273/5479/5273 
f 545/5480/545 5273/5479/5273 5271/5476/5271 547/5475/547 
f 5273/5479/5273 5275/5482/5275 5268/5470/5268 5271/5476/5271 
f 5276/5483/5276 5277/5484/5277 5278/5485/5278 5279/5486/5279 
f 5279/5486/5279 5278/5485/5278 5267/5469/5267 5266/5468/5266 
f 5274/5481/5274 5276/5483/5276 5279/5486/5279 5275/5482/5275 
f 5275/5482/5275 5279/5486/5279 5266/5468/5266 5268/5470/5268 
f 5280/5487/5280 5281/5488/5281 5282/5489/5282 5283/5490/5283 
f 5281/5488/5281 5284/5491/5284 5285/5492/5285 5282/5489/5282 
f 5283/5490/5283 5282/5489/5282 5286/5493/5286 5287/5494/5287 
f 5282/5489/5282 5285/5492/5285 5288/5495/5288 5286/5493/5286 
f 5289/5496/5289 5260/5462/5260 5263/5465/5263 5290/5497/5290 
f 5290/5497/5290 5263/5465/5263 5267/5469/5267 5291/5498/5291 
f 5284/5491/5284 5289/5496/5289 5290/5497/5290 5285/5492/5285 
f 5285/5492/5285 5290/5497/5290 5291/5498/5291 5288/5495/5288 
f 5277/5484/5277 5292/5499/5292 5293/5500/5293 5278/5485/5278 
f 5292/5499/5292 5294/5501/5294 5295/5502/5295 5293/5500/5293 
f 5278/5485/5278 5293/5500/5293 5291/5498/5291 5267/5469/5267 
f 5293/5500/5293 5295/5502/5295 5288/5495/5288 5291/5498/5291 
f 5296/5503/5296 5297/5504/5297 5298/5505/5298 5299/5506/5299 
f 5299/5506/5299 5298/5505/5298 5287/5494/5287 5286/5493/5286 
f 5294/5501/5294 5296/5503/5296 5299/5506/5299 5295/5502/5295 
f 5295/5502/5295 5299/5506/5299 5286/5493/5286 5288/5495/5288 
f 5228/5430/5228 5231/5433/5231 5300/5507/5300 5301/5508/5301 
f 5231/5433/5231 5235/5437/5235 5302/5509/5302 5300/5507/5300 
f 5301/5508/5301 5300/5507/5300 5303/5510/5303 5304/5511/5304 
f 5300/5507/5300 5302/5509/5302 5305/5512/5305 5303/5510/5303 
f 5246/5448/5246 5212/5410/5212 5306/5513/5306 5307/5514/5307 
f 5307/5514/5307 5306/5513/5306 5308/5515/5308 5309/5516/5309 
f 5235/5437/5235 5246/5448/5246 5307/5514/5307 5302/5509/5302 
f 5302/5509/5302 5307/5514/5307 5309/5516/5309 5305/5512/5305 
f 5260/5462/5260 5289/5496/5289 5310/5517/5310 5311/5518/5311 
f 5289/5496/5289 5284/5491/5284 5312/5519/5312 5310/5517/5310 
f 5311/5518/5311 5310/5517/5310 5309/5516/5309 5308/5515/5308 
f 5310/5517/5310 5312/5519/5312 5305/5512/5305 5309/5516/5309 
f 5281/5488/5281 5280/5487/5280 5313/5520/5313 5314/5521/5314 
f 5314/5521/5314 5313/5520/5313 5304/5511/5304 5303/5510/5303 
f 5284/5491/5284 5281/5488/5281 5314/5521/5314 5312/5519/5312 
f 5312/5519/5312 5314/5521/5314 5303/5510/5303 5305/5512/5305 
f 5212/5410/5212 5215/5413/5215 5315/5522/5315 5306/5513/5306 
f 5215/5413/5215 5219/5417/5219 5316/5523/5316 5315/5522/5315 
f 5306/5513/5306 5315/5522/5315 5317/5524/5317 5308/5515/5308 
f 5315/5522/5315 5316/5523/5316 5318/5525/5318 5317/5524/5317 
f 5226/5428/5226 570/5427/570 569/5526/569 5319/5527/5319 
f 5319/5527/5319 569/5526/569 567/5528/567 5320/5529/5320 
f 5219/5417/5219 5226/5428/5226 5319/5527/5319 5316/5523/5316 
f 5316/5523/5316 5319/5527/5319 5320/5529/5320 5318/5525/5318 
f 550/5472/550 5269/5471/5269 5321/5530/5321 565/5531/565 
f 5269/5471/5269 5264/5466/5264 5322/5532/5322 5321/5530/5321 
f 565/5531/565 5321/5530/5321 5320/5529/5320 567/5528/567 
f 5321/5530/5321 5322/5532/5322 5318/5525/5318 5320/5529/5320 
f 5261/5463/5261 5260/5462/5260 5311/5518/5311 5323/5533/5323 
f 5323/5533/5323 5311/5518/5311 5308/5515/5308 5317/5524/5317 
f 5264/5466/5264 5261/5463/5261 5323/5533/5323 5322/5532/5322 
f 5322/5532/5322 5323/5533/5323 5317/5524/5317 5318/5525/5318 
f 5324/5534/5324 5325/5535/5325 5326/5536/5326 5327/5537/5327 
f 5325/5535/5325 5328/5538/5328 5329/5539/5329 5326/5536/5326 
f 5327/5537/5327 5326/5536/5326 5330/5540/5330 5331/5541/5331 
f 5326/5536/5326 5329/5539/5329 5332/5542/5332 5330/5540/5330 
f 5333/5543/5333 5334/5544/5334 5335/5545/5335 5336/5546/5336 
f 5336/5546/5336 5335/5545/5335 5337/5547/5337 5338/5548/5338 
f 5328/5538/5328 5333/5543/5333 5336/5546/5336 5329/5539/5329 
f 5329/5539/5329 5336/5546/5336 5338/5548/5338 5332/5542/5332 
f 5339/5549/5339 5340/5550/5340 5341/5551/5341 5342/5552/5342 
f 5340/5550/5340 5343/5553/5343 5344/5554/5344 5341/5551/5341 
f 5342/5552/5342 5341/5551/5341 5338/5548/5338 5337/5547/5337 
f 5341/5551/5341 5344/5554/5344 5332/5542/5332 5338/5548/5338 
f 5345/5555/5345 5346/5556/5346 5347/5557/5347 5348/5558/5348 
f 5348/5558/5348 5347/5557/5347 5331/5541/5331 5330/5540/5330 
f 5343/5553/5343 5345/5555/5345 5348/5558/5348 5344/5554/5344 
f 5344/5554/5344 5348/5558/5348 5330/5540/5330 5332/5542/5332 
f 5349/5559/5349 5350/5560/5350 5351/5561/5351 5352/5562/5352 
f 5350/5560/5350 5353/5563/5353 5354/5564/5354 5351/5561/5351 
f 5352/5562/5352 5351/5561/5351 5355/5565/5355 5356/5566/5356 
f 5351/5561/5351 5354/5564/5354 5357/5567/5357 5355/5565/5355 
f 5358/5568/5358 5324/5534/5324 5327/5537/5327 5359/5569/5359 
f 5359/5569/5359 5327/5537/5327 5331/5541/5331 5360/5570/5360 
f 5353/5563/5353 5358/5568/5358 5359/5569/5359 5354/5564/5354 
f 5354/5564/5354 5359/5569/5359 5360/5570/5360 5357/5567/5357 
f 5346/5556/5346 5361/5571/5361 5362/5572/5362 5347/5557/5347 
f 5361/5571/5361 5363/5573/5363 5364/5574/5364 5362/5572/5362 
f 5347/5557/5347 5362/5572/5362 5360/5570/5360 5331/5541/5331 
f 5362/5572/5362 5364/5574/5364 5357/5567/5357 5360/5570/5360 
f 5365/5575/5365 5366/5576/5366 5367/5577/5367 5368/5578/5368 
f 5368/5578/5368 5367/5577/5367 5356/5566/5356 5355/5565/5355 
f 5363/5573/5363 5365/5575/5365 5368/5578/5368 5364/5574/5364 
f 5364/5574/5364 5368/5578/5368 5355/5565/5355 5357/5567/5357 
f 5228/5430/5228 5301/5508/5301 5369/5579/5369 5370/5580/5370 
f 5301/5508/5301 5304/5511/5304 5371/5581/5371 5369/5579/5369 
f 5370/5580/5370 5369/5579/5369 5372/5582/5372 5373/5583/5373 
f 5369/5579/5369 5371/5581/5371 5374/5584/5374 5372/5582/5372 
f 5313/5520/5313 5280/5487/5280 5375/5585/5375 5376/5586/5376 
f 5376/5586/5376 5375/5585/5375 5377/5587/5377 5378/5588/5378 
f 5304/5511/5304 5313/5520/5313 5376/5586/5376 5371/5581/5371 
f 5371/5581/5371 5376/5586/5376 5378/5588/5378 5374/5584/5374 
f 5324/5534/5324 5358/5568/5358 5379/5589/5379 5380/5590/5380 
f 5358/5568/5358 5353/5563/5353 5381/5591/5381 5379/5589/5379 
f 5380/5590/5380 5379/5589/5379 5378/5588/5378 5377/5587/5377 
f 5379/5589/5379 5381/5591/5381 5374/5584/5374 5378/5588/5378 
f 5350/5560/5350 5349/5559/5349 5382/5592/5382 5383/5593/5383 
f 5383/5593/5383 5382/5592/5382 5373/5583/5373 5372/5582/5372 
f 5353/5563/5353 5350/5560/5350 5383/5593/5383 5381/5591/5381 
f 5381/5591/5381 5383/5593/5383 5372/5582/5372 5374/5584/5374 
f 5280/5487/5280 5283/5490/5283 5384/5594/5384 5375/5585/5375 
f 5283/5490/5283 5287/5494/5287 5385/5595/5385 5384/5594/5384 
f 5375/5585/5375 5384/5594/5384 5386/5596/5386 5377/5587/5377 
f 5384/5594/5384 5385/5595/5385 5387/5597/5387 5386/5596/5386 
f 5298/5505/5298 5297/5504/5297 5388/5598/5388 5389/5599/5389 
f 5389/5599/5389 5388/5598/5388 5390/5600/5390 5391/5601/5391 
f 5287/5494/5287 5298/5505/5298 5389/5599/5389 5385/5595/5385 
f 5385/5595/5385 5389/5599/5389 5391/5601/5391 5387/5597/5387 
f 5334/5544/5334 5333/5543/5333 5392/5602/5392 5393/5603/5393 
f 5333/5543/5333 5328/5538/5328 5394/5604/5394 5392/5602/5392 
f 5393/5603/5393 5392/5602/5392 5391/5601/5391 5390/5600/5390 
f 5392/5602/5392 5394/5604/5394 5387/5597/5387 5391/5601/5391 
f 5325/5535/5325 5324/5534/5324 5380/5590/5380 5395/5605/5395 
f 5395/5605/5395 5380/5590/5380 5377/5587/5377 5386/5596/5386 
f 5328/5538/5328 5325/5535/5325 5395/5605/5395 5394/5604/5394 
f 5394/5604/5394 5395/5605/5395 5386/5596/5386 5387/5597/5387 
f 5396/5606/5396 5397/5607/5397 5398/5608/5398 5399/5609/5399 
f 5397/5607/5397 5400/5610/5400 5401/5611/5401 5398/5608/5398 
f 5399/5609/5399 5398/5608/5398 5402/5612/5402 5403/5613/5403 
f 5398/5608/5398 5401/5611/5401 5404/5614/5404 5402/5612/5402 
f 5405/5615/5405 5406/5616/5406 5407/5617/5407 5408/5618/5408 
f 5408/5618/5408 5407/5617/5407 5409/5619/5409 5410/5620/5410 
f 5400/5610/5400 5405/5615/5405 5408/5618/5408 5401/5611/5401 
f 5401/5611/5401 5408/5618/5408 5410/5620/5410 5404/5614/5404 
f 4603/4749/4603 4606/4752/4606 5411/5621/5411 5412/5622/5412 
f 4606/4752/4606 4601/4747/4601 5413/5623/5413 5411/5621/5411 
f 5412/5622/5412 5411/5621/5411 5410/5620/5410 5409/5619/5409 
f 5411/5621/5411 5413/5623/5413 5404/5614/5404 5410/5620/5410 
f 4599/4745/4599 4598/4744/4598 5414/5624/5414 5415/5625/5415 
f 5415/5625/5415 5414/5624/5414 5403/5613/5403 5402/5612/5402 
f 4601/4747/4601 4599/4745/4599 5415/5625/5415 5413/5623/5413 
f 5413/5623/5413 5415/5625/5415 5402/5612/5402 5404/5614/5404 
f 5238/5440/5238 5416/5626/5416 5417/5627/5417 5248/5450/5248 
f 5416/5626/5416 5418/5628/5418 5419/5629/5419 5417/5627/5417 
f 5248/5450/5248 5417/5627/5417 5420/5630/5420 5250/5452/5250 
f 5417/5627/5417 5419/5629/5419 5421/5631/5421 5420/5630/5420 
f 5422/5632/5422 5396/5606/5396 5399/5609/5399 5423/5633/5423 
f 5423/5633/5423 5399/5609/5399 5403/5613/5403 5424/5634/5424 
f 5418/5628/5418 5422/5632/5422 5423/5633/5423 5419/5629/5419 
f 5419/5629/5419 5423/5633/5423 5424/5634/5424 5421/5631/5421 
f 4598/4744/4598 4657/4803/4657 5425/5635/5425 5414/5624/5414 
f 4657/4803/4657 4654/4800/4654 5426/5636/5426 5425/5635/5425 
f 5414/5624/5414 5425/5635/5425 5424/5634/5424 5403/5613/5403 
f 5425/5635/5425 5426/5636/5426 5421/5631/5421 5424/5634/5424 
f 4652/4798/4652 4561/4704/4561 5254/5456/5254 5427/5637/5427 
f 5427/5637/5427 5254/5456/5254 5250/5452/5250 5420/5630/5420 
f 4654/4800/4654 4652/4798/4652 5427/5637/5427 5426/5636/5426 
f 5426/5636/5426 5427/5637/5427 5420/5630/5420 5421/5631/5421 
f 5228/5430/5228 5370/5580/5370 5428/5638/5428 5229/5431/5229 
f 5370/5580/5370 5373/5583/5373 5429/5639/5429 5428/5638/5428 
f 5229/5431/5229 5428/5638/5428 5430/5640/5430 5232/5434/5232 
f 5428/5638/5428 5429/5639/5429 5431/5641/5431 5430/5640/5430 
f 5382/5592/5382 5349/5559/5349 5432/5642/5432 5433/5643/5433 
f 5433/5643/5433 5432/5642/5432 5434/5644/5434 5435/5645/5435 
f 5373/5583/5373 5382/5592/5382 5433/5643/5433 5429/5639/5429 
f 5429/5639/5429 5433/5643/5433 5435/5645/5435 5431/5641/5431 
f 5396/5606/5396 5422/5632/5422 5436/5646/5436 5437/5647/5437 
f 5422/5632/5422 5418/5628/5418 5438/5648/5438 5436/5646/5436 
f 5437/5647/5437 5436/5646/5436 5435/5645/5435 5434/5644/5434 
f 5436/5646/5436 5438/5648/5438 5431/5641/5431 5435/5645/5435 
f 5416/5626/5416 5238/5440/5238 5237/5439/5237 5439/5649/5439 
f 5439/5649/5439 5237/5439/5237 5232/5434/5232 5430/5640/5430 
f 5418/5628/5418 5416/5626/5416 5439/5649/5439 5438/5648/5438 
f 5438/5648/5438 5439/5649/5439 5430/5640/5430 5431/5641/5431 
f 5349/5559/5349 5352/5562/5352 5440/5650/5440 5432/5642/5432 
f 5352/5562/5352 5356/5566/5356 5441/5651/5441 5440/5650/5440 
f 5432/5642/5432 5440/5650/5440 5442/5652/5442 5434/5644/5434 
f 5440/5650/5440 5441/5651/5441 5443/5653/5443 5442/5652/5442 
f 5367/5577/5367 5366/5576/5366 5444/5654/5444 5445/5655/5445 
f 5445/5655/5445 5444/5654/5444 5446/5656/5446 5447/5657/5447 
f 5356/5566/5356 5367/5577/5367 5445/5655/5445 5441/5651/5441 
f 5441/5651/5441 5445/5655/5445 5447/5657/5447 5443/5653/5443 
f 5406/5616/5406 5405/5615/5405 5448/5658/5448 5449/5659/5449 
f 5405/5615/5405 5400/5610/5400 5450/5660/5450 5448/5658/5448 
f 5449/5659/5449 5448/5658/5448 5447/5657/5447 5446/5656/5446 
f 5448/5658/5448 5450/5660/5450 5443/5653/5443 5447/5657/5447 
f 5397/5607/5397 5396/5606/5396 5437/5647/5437 5451/5661/5451 
f 5451/5661/5451 5437/5647/5437 5434/5644/5434 5442/5652/5442 
f 5400/5610/5400 5397/5607/5397 5451/5661/5451 5450/5660/5450 
f 5450/5660/5450 5451/5661/5451 5442/5652/5442 5443/5653/5443 
f 5452/5662/5452 5453/5663/5453 5454/5664/5454 5455/5665/5455 
f 5453/5663/5453 5456/5666/5456 5457/5667/5457 5454/5664/5454 
f 5455/5665/5455 5454/5664/5454 5458/5668/5458 5459/5669/5459 
f 5454/5664/5454 5457/5667/5457 5460/5670/5460 5458/5668/5458 
f 5461/5671/5461 5277/5484/5277 5276/5483/5276 5462/5672/5462 
f 5462/5672/5462 5276/5483/5276 5274/5481/5274 5463/5673/5463 
f 5456/5666/5456 5461/5671/5461 5462/5672/5462 5457/5667/5457 
f 5457/5667/5457 5462/5672/5462 5463/5673/5463 5460/5670/5460 
f 97/5477/97 100/5674/100 5464/5675/5464 5272/5478/5272 
f 100/5674/100 95/5676/95 5465/5677/5465 5464/5675/5464 
f 5272/5478/5272 5464/5675/5464 5463/5673/5463 5274/5481/5274 
f 5464/5675/5464 5465/5677/5465 5460/5670/5460 5463/5673/5463 
f 93/5678/93 92/5679/92 5466/5680/5466 5467/5681/5467 
f 5467/5681/5467 5466/5680/5466 5459/5669/5459 5458/5668/5458 
f 95/5676/95 93/5678/93 5467/5681/5467 5465/5677/5465 
f 5465/5677/5465 5467/5681/5467 5458/5668/5458 5460/5670/5460 
f 5468/5682/5468 5469/5683/5469 5470/5684/5470 5471/5685/5471 
f 5469/5683/5469 5472/5686/5472 5473/5687/5473 5470/5684/5470 
f 5471/5685/5471 5470/5684/5470 5474/5688/5474 5475/5689/5475 
f 5470/5684/5470 5473/5687/5473 5476/5690/5476 5474/5688/5474 
f 5477/5691/5477 5452/5662/5452 5455/5665/5455 5478/5692/5478 
f 5478/5692/5478 5455/5665/5455 5459/5669/5459 5479/5693/5479 
f 5472/5686/5472 5477/5691/5477 5478/5692/5478 5473/5687/5473 
f 5473/5687/5473 5478/5692/5478 5479/5693/5479 5476/5690/5476 
f 92/5679/92 151/5694/151 5480/5695/5480 5466/5680/5466 
f 151/5694/151 148/5696/148 5481/5697/5481 5480/5695/5480 
f 5466/5680/5466 5480/5695/5480 5479/5693/5479 5459/5669/5459 
f 5480/5695/5480 5481/5697/5481 5476/5690/5476 5479/5693/5479 
f 146/5698/146 43/5699/43 5482/5700/5482 5483/5701/5483 
f 5483/5701/5483 5482/5700/5482 5475/5689/5475 5474/5688/5474 
f 148/5696/148 146/5698/146 5483/5701/5483 5481/5697/5481 
f 5481/5697/5481 5483/5701/5483 5474/5688/5474 5476/5690/5476 
f 5484/5702/5484 5485/5703/5485 5486/5704/5486 5487/5705/5487 
f 5485/5703/5485 5488/5706/5488 5489/5707/5489 5486/5704/5486 
f 5487/5705/5487 5486/5704/5486 5490/5708/5490 5491/5709/5491 
f 5486/5704/5486 5489/5707/5489 5492/5710/5492 5490/5708/5490 
f 5493/5711/5493 5494/5712/5494 5495/5713/5495 5496/5714/5496 
f 5496/5714/5496 5495/5713/5495 5497/5715/5497 5498/5716/5498 
f 5488/5706/5488 5493/5711/5493 5496/5714/5496 5489/5707/5489 
f 5489/5707/5489 5496/5714/5496 5498/5716/5498 5492/5710/5492 
f 5452/5662/5452 5477/5691/5477 5499/5717/5499 5500/5718/5500 
f 5477/5691/5477 5472/5686/5472 5501/5719/5501 5499/5717/5499 
f 5500/5718/5500 5499/5717/5499 5498/5716/5498 5497/5715/5497 
f 5499/5717/5499 5501/5719/5501 5492/5710/5492 5498/5716/5498 
f 5469/5683/5469 5468/5682/5468 5502/5720/5502 5503/5721/5503 
f 5503/5721/5503 5502/5720/5502 5491/5709/5491 5490/5708/5490 
f 5472/5686/5472 5469/5683/5469 5503/5721/5503 5501/5719/5501 
f 5501/5719/5501 5503/5721/5503 5490/5708/5490 5492/5710/5492 
f 5494/5712/5494 5504/5722/5504 5505/5723/5505 5495/5713/5495 
f 5504/5722/5504 5506/5724/5506 5507/5725/5507 5505/5723/5505 
f 5495/5713/5495 5505/5723/5505 5508/5726/5508 5497/5715/5497 
f 5505/5723/5505 5507/5725/5507 5509/5727/5509 5508/5726/5508 
f 5510/5728/5510 5297/5504/5297 5296/5503/5296 5511/5729/5511 
f 5511/5729/5511 5296/5503/5296 5294/5501/5294 5512/5730/5512 
f 5506/5724/5506 5510/5728/5510 5511/5729/5511 5507/5725/5507 
f 5507/5725/5507 5511/5729/5511 5512/5730/5512 5509/5727/5509 
f 5277/5484/5277 5461/5671/5461 5513/5731/5513 5292/5499/5292 
f 5461/5671/5461 5456/5666/5456 5514/5732/5514 5513/5731/5513 
f 5292/5499/5292 5513/5731/5513 5512/5730/5512 5294/5501/5294 
f 5513/5731/5513 5514/5732/5514 5509/5727/5509 5512/5730/5512 
f 5453/5663/5453 5452/5662/5452 5500/5718/5500 5515/5733/5515 
f 5515/5733/5515 5500/5718/5500 5497/5715/5497 5508/5726/5508 
f 5456/5666/5456 5453/5663/5453 5515/5733/5515 5514/5732/5514 
f 5514/5732/5514 5515/5733/5515 5508/5726/5508 5509/5727/5509 
f 5516/5734/5516 5517/5735/5517 5518/5736/5518 5519/5737/5519 
f 5517/5735/5517 5520/5738/5520 5521/5739/5521 5518/5736/5518 
f 5519/5737/5519 5518/5736/5518 5522/5740/5522 5523/5741/5523 
f 5518/5736/5518 5521/5739/5521 5524/5742/5524 5522/5740/5522 
f 5525/5743/5525 23/5744/23 22/5745/22 5526/5746/5526 
f 5526/5746/5526 22/5745/22 20/5747/20 5527/5748/5527 
f 5520/5738/5520 5525/5743/5525 5526/5746/5526 5521/5739/5521 
f 5521/5739/5521 5526/5746/5526 5527/5748/5527 5524/5742/5524 
f 16/2201/16 2202/2204/2202 5528/5749/5528 17/5750/17 
f 2202/2204/2202 2199/2199/2199 5529/5751/5529 5528/5749/5528 
f 17/5750/17 5528/5749/5528 5527/5748/5527 20/5747/20 
f 5528/5749/5528 5529/5751/5529 5524/5742/5524 5527/5748/5527 
f 2197/2197/2197 2196/2196/2196 5530/5752/5530 5531/5753/5531 
f 5531/5753/5531 5530/5752/5530 5523/5741/5523 5522/5740/5522 
f 2199/2199/2199 2197/2197/2197 5531/5753/5531 5529/5751/5529 
f 5529/5751/5529 5531/5753/5531 5522/5740/5522 5524/5742/5524 
f 5532/5754/5532 5533/5755/5533 5534/5756/5534 5535/5757/5535 
f 5533/5755/5533 5536/5758/5536 5537/5759/5537 5534/5756/5534 
f 5535/5757/5535 5534/5756/5534 5538/5760/5538 5539/5761/5539 
f 5534/5756/5534 5537/5759/5537 5540/5762/5540 5538/5760/5538 
f 5541/5763/5541 5516/5734/5516 5519/5737/5519 5542/5764/5542 
f 5542/5764/5542 5519/5737/5519 5523/5741/5523 5543/5765/5543 
f 5536/5758/5536 5541/5763/5541 5542/5764/5542 5537/5759/5537 
f 5537/5759/5537 5542/5764/5542 5543/5765/5543 5540/5762/5540 
f 2196/2196/2196 2255/2264/2255 5544/5766/5544 5530/5752/5530 
f 2255/2264/2255 2252/2261/2252 5545/5767/5545 5544/5766/5544 
f 5530/5752/5530 5544/5766/5544 5543/5765/5543 5523/5741/5523 
f 5544/5766/5544 5545/5767/5545 5540/5762/5540 5543/5765/5543 
f 2250/2259/2250 2249/2258/2249 5546/5768/5546 5547/5769/5547 
f 5547/5769/5547 5546/5768/5546 5539/5761/5539 5538/5760/5538 
f 2252/2261/2252 2250/2259/2250 5547/5769/5547 5545/5767/5545 
f 5545/5767/5545 5547/5769/5547 5538/5760/5538 5540/5762/5540 
f 5484/5702/5484 5487/5705/5487 5548/5770/5548 5549/5771/5549 
f 5487/5705/5487 5491/5709/5491 5550/5772/5550 5548/5770/5548 
f 5549/5771/5549 5548/5770/5548 5551/5773/5551 5552/5774/5552 
f 5548/5770/5548 5550/5772/5550 5553/5775/5553 5551/5773/5551 
f 5502/5720/5502 5468/5682/5468 5554/5776/5554 5555/5777/5555 
f 5555/5777/5555 5554/5776/5554 5556/5778/5556 5557/5779/5557 
f 5491/5709/5491 5502/5720/5502 5555/5777/5555 5550/5772/5550 
f 5550/5772/5550 5555/5777/5555 5557/5779/5557 5553/5775/5553 
f 5516/5734/5516 5541/5763/5541 5558/5780/5558 5559/5781/5559 
f 5541/5763/5541 5536/5758/5536 5560/5782/5560 5558/5780/5558 
f 5559/5781/5559 5558/5780/5558 5557/5779/5557 5556/5778/5556 
f 5558/5780/5558 5560/5782/5560 5553/5775/5553 5557/5779/5557 
f 5533/5755/5533 5532/5754/5532 5561/5783/5561 5562/5784/5562 
f 5562/5784/5562 5561/5783/5561 5552/5774/5552 5551/5773/5551 
f 5536/5758/5536 5533/5755/5533 5562/5784/5562 5560/5782/5560 
f 5560/5782/5560 5562/5784/5562 5551/5773/5551 5553/5775/5553 
f 5468/5682/5468 5471/5685/5471 5563/5785/5563 5554/5776/5554 
f 5471/5685/5471 5475/5689/5475 5564/5786/5564 5563/5785/5563 
f 5554/5776/5554 5563/5785/5563 5565/5787/5565 5556/5778/5556 
f 5563/5785/5563 5564/5786/5564 5566/5788/5566 5565/5787/5565 
f 5482/5700/5482 43/5699/43 42/5789/42 5567/5790/5567 
f 5567/5790/5567 42/5789/42 40/5791/40 5568/5792/5568 
f 5475/5689/5475 5482/5700/5482 5567/5790/5567 5564/5786/5564 
f 5564/5786/5564 5567/5790/5567 5568/5792/5568 5566/5788/5566 
f 23/5744/23 5525/5743/5525 5569/5793/5569 38/5794/38 
f 5525/5743/5525 5520/5738/5520 5570/5795/5570 5569/5793/5569 
f 38/5794/38 5569/5793/5569 5568/5792/5568 40/5791/40 
f 5569/5793/5569 5570/5795/5570 5566/5788/5566 5568/5792/5568 
f 5517/5735/5517 5516/5734/5516 5559/5781/5559 5571/5796/5571 
f 5571/5796/5571 5559/5781/5559 5556/5778/5556 5565/5787/5565 
f 5520/5738/5520 5517/5735/5517 5571/5796/5571 5570/5795/5570 
f 5570/5795/5570 5571/5796/5571 5565/5787/5565 5566/5788/5566 
f 5572/5797/5572 5573/5798/5573 5574/5799/5574 5575/5800/5575 
f 5573/5798/5573 5576/5801/5576 5577/5802/5577 5574/5799/5574 
f 5575/5800/5575 5574/5799/5574 5578/5803/5578 5579/5804/5579 
f 5574/5799/5574 5577/5802/5577 5580/5805/5580 5578/5803/5578 
f 5581/5806/5581 2416/2433/2416 2415/2432/2415 5582/5807/5582 
f 5582/5807/5582 2415/2432/2415 2413/2430/2413 5583/5808/5583 
f 5576/5801/5576 5581/5806/5581 5582/5807/5582 5577/5802/5577 
f 5577/5802/5577 5582/5807/5582 5583/5808/5583 5580/5805/5580 
f 2409/2426/2409 5584/5809/5584 5585/5810/5585 2410/2427/2410 
f 5584/5809/5584 5586/5811/5586 5587/5812/5587 5585/5810/5585 
f 2410/2427/2410 5585/5810/5585 5583/5808/5583 2413/2430/2413 
f 5585/5810/5585 5587/5812/5587 5580/5805/5580 5583/5808/5583 
f 5588/5813/5588 5589/5814/5589 5590/5815/5590 5591/5816/5591 
f 5591/5816/5591 5590/5815/5590 5579/5804/5579 5578/5803/5578 
f 5586/5811/5586 5588/5813/5588 5591/5816/5591 5587/5812/5587 
f 5587/5812/5587 5591/5816/5591 5578/5803/5578 5580/5805/5580 
f 5592/5817/5592 5593/5818/5593 5594/5819/5594 5595/5820/5595 
f 5593/5818/5593 5596/5821/5596 5597/5822/5597 5594/5819/5594 
f 5595/5820/5595 5594/5819/5594 5598/5823/5598 5599/5824/5599 
f 5594/5819/5594 5597/5822/5597 5600/5825/5600 5598/5823/5598 
f 5601/5826/5601 5572/5797/5572 5575/5800/5575 5602/5827/5602 
f 5602/5827/5602 5575/5800/5575 5579/5804/5579 5603/5828/5603 
f 5596/5821/5596 5601/5826/5601 5602/5827/5602 5597/5822/5597 
f 5597/5822/5597 5602/5827/5602 5603/5828/5603 5600/5825/5600 
f 5589/5814/5589 5604/5829/5604 5605/5830/5605 5590/5815/5590 
f 5604/5829/5604 5606/5831/5606 5607/5832/5607 5605/5830/5605 
f 5590/5815/5590 5605/5830/5605 5603/5828/5603 5579/5804/5579 
f 5605/5830/5605 5607/5832/5607 5600/5825/5600 5603/5828/5603 
f 5608/5833/5608 5609/5834/5609 5610/5835/5610 5611/5836/5611 
f 5611/5836/5611 5610/5835/5610 5599/5824/5599 5598/5823/5598 
f 5606/5831/5606 5608/5833/5608 5611/5836/5611 5607/5832/5607 
f 5607/5832/5607 5611/5836/5611 5598/5823/5598 5600/5825/5600 
f 5484/5702/5484 5549/5771/5549 5612/5837/5612 5613/5838/5613 
f 5549/5771/5549 5552/5774/5552 5614/5839/5614 5612/5837/5612 
f 5613/5838/5613 5612/5837/5612 5615/5840/5615 5616/5841/5616 
f 5612/5837/5612 5614/5839/5614 5617/5842/5617 5615/5840/5615 
f 5561/5783/5561 5532/5754/5532 5618/5843/5618 5619/5844/5619 
f 5619/5844/5619 5618/5843/5618 5620/5845/5620 5621/5846/5621 
f 5552/5774/5552 5561/5783/5561 5619/5844/5619 5614/5839/5614 
f 5614/5839/5614 5619/5844/5619 5621/5846/5621 5617/5842/5617 
f 5572/5797/5572 5601/5826/5601 5622/5847/5622 5623/5848/5623 
f 5601/5826/5601 5596/5821/5596 5624/5849/5624 5622/5847/5622 
f 5623/5848/5623 5622/5847/5622 5621/5846/5621 5620/5845/5620 
f 5622/5847/5622 5624/5849/5624 5617/5842/5617 5621/5846/5621 
f 5593/5818/5593 5592/5817/5592 5625/5850/5625 5626/5851/5626 
f 5626/5851/5626 5625/5850/5625 5616/5841/5616 5615/5840/5615 
f 5596/5821/5596 5593/5818/5593 5626/5851/5626 5624/5849/5624 
f 5624/5849/5624 5626/5851/5626 5615/5840/5615 5617/5842/5617 
f 5532/5754/5532 5535/5757/5535 5627/5852/5627 5618/5843/5618 
f 5535/5757/5535 5539/5761/5539 5628/5853/5628 5627/5852/5627 
f 5618/5843/5618 5627/5852/5627 5629/5854/5629 5620/5845/5620 
f 5627/5852/5627 5628/5853/5628 5630/5855/5630 5629/5854/5629 
f 5546/5768/5546 2249/2258/2249 2432/2449/2432 5631/5856/5631 
f 5631/5856/5631 2432/2449/2432 2430/2447/2430 5632/5857/5632 
f 5539/5761/5539 5546/5768/5546 5631/5856/5631 5628/5853/5628 
f 5628/5853/5628 5631/5856/5631 5632/5857/5632 5630/5855/5630 
f 2416/2433/2416 5581/5806/5581 5633/5858/5633 2428/2445/2428 
f 5581/5806/5581 5576/5801/5576 5634/5859/5634 5633/5858/5633 
f 2428/2445/2428 5633/5858/5633 5632/5857/5632 2430/2447/2430 
f 5633/5858/5633 5634/5859/5634 5630/5855/5630 5632/5857/5632 
f 5573/5798/5573 5572/5797/5572 5623/5848/5623 5635/5860/5635 
f 5635/5860/5635 5623/5848/5623 5620/5845/5620 5629/5854/5629 
f 5576/5801/5576 5573/5798/5573 5635/5860/5635 5634/5859/5634 
f 5634/5859/5634 5635/5860/5635 5629/5854/5629 5630/5855/5630 
f 5636/5861/5636 5637/5862/5637 5638/5863/5638 5639/5864/5639 
f 5637/5862/5637 5640/5865/5640 5641/5866/5641 5638/5863/5638 
f 5639/5864/5639 5638/5863/5638 5642/5867/5642 5643/5868/5643 
f 5638/5863/5638 5641/5866/5641 5644/5869/5644 5642/5867/5642 
f 5645/5870/5645 5646/5871/5646 5647/5872/5647 5648/5873/5648 
f 5648/5873/5648 5647/5872/5647 5649/5874/5649 5650/5875/5650 
f 5640/5865/5640 5645/5870/5645 5648/5873/5648 5641/5866/5641 
f 5641/5866/5641 5648/5873/5648 5650/5875/5650 5644/5869/5644 
f 5339/5549/5339 5342/5552/5342 5651/5876/5651 5652/5877/5652 
f 5342/5552/5342 5337/5547/5337 5653/5878/5653 5651/5876/5651 
f 5652/5877/5652 5651/5876/5651 5650/5875/5650 5649/5874/5649 
f 5651/5876/5651 5653/5878/5653 5644/5869/5644 5650/5875/5650 
f 5335/5545/5335 5334/5544/5334 5654/5879/5654 5655/5880/5655 
f 5655/5880/5655 5654/5879/5654 5643/5868/5643 5642/5867/5642 
f 5337/5547/5337 5335/5545/5335 5655/5880/5655 5653/5878/5653 
f 5653/5878/5653 5655/5880/5655 5642/5867/5642 5644/5869/5644 
f 5494/5712/5494 5656/5881/5656 5657/5882/5657 5504/5722/5504 
f 5656/5881/5656 5658/5883/5658 5659/5884/5659 5657/5882/5657 
f 5504/5722/5504 5657/5882/5657 5660/5885/5660 5506/5724/5506 
f 5657/5882/5657 5659/5884/5659 5661/5886/5661 5660/5885/5660 
f 5662/5887/5662 5636/5861/5636 5639/5864/5639 5663/5888/5663 
f 5663/5888/5663 5639/5864/5639 5643/5868/5643 5664/5889/5664 
f 5658/5883/5658 5662/5887/5662 5663/5888/5663 5659/5884/5659 
f 5659/5884/5659 5663/5888/5663 5664/5889/5664 5661/5886/5661 
f 5334/5544/5334 5393/5603/5393 5665/5890/5665 5654/5879/5654 
f 5393/5603/5393 5390/5600/5390 5666/5891/5666 5665/5890/5665 
f 5654/5879/5654 5665/5890/5665 5664/5889/5664 5643/5868/5643 
f 5665/5890/5665 5666/5891/5666 5661/5886/5661 5664/5889/5664 
f 5388/5598/5388 5297/5504/5297 5510/5728/5510 5667/5892/5667 
f 5667/5892/5667 5510/5728/5510 5506/5724/5506 5660/5885/5660 
f 5390/5600/5390 5388/5598/5388 5667/5892/5667 5666/5891/5666 
f 5666/5891/5666 5667/5892/5667 5660/5885/5660 5661/5886/5661 
f 5484/5702/5484 5613/5838/5613 5668/5893/5668 5485/5703/5485 
f 5613/5838/5613 5616/5841/5616 5669/5894/5669 5668/5893/5668 
f 5485/5703/5485 5668/5893/5668 5670/5895/5670 5488/5706/5488 
f 5668/5893/5668 5669/5894/5669 5671/5896/5671 5670/5895/5670 
f 5625/5850/5625 5592/5817/5592 5672/5897/5672 5673/5898/5673 
f 5673/5898/5673 5672/5897/5672 5674/5899/5674 5675/5900/5675 
f 5616/5841/5616 5625/5850/5625 5673/5898/5673 5669/5894/5669 
f 5669/5894/5669 5673/5898/5673 5675/5900/5675 5671/5896/5671 
f 5636/5861/5636 5662/5887/5662 5676/5901/5676 5677/5902/5677 
f 5662/5887/5662 5658/5883/5658 5678/5903/5678 5676/5901/5676 
f 5677/5902/5677 5676/5901/5676 5675/5900/5675 5674/5899/5674 
f 5676/5901/5676 5678/5903/5678 5671/5896/5671 5675/5900/5675 
f 5656/5881/5656 5494/5712/5494 5493/5711/5493 5679/5904/5679 
f 5679/5904/5679 5493/5711/5493 5488/5706/5488 5670/5895/5670 
f 5658/5883/5658 5656/5881/5656 5679/5904/5679 5678/5903/5678 
f 5678/5903/5678 5679/5904/5679 5670/5895/5670 5671/5896/5671 
f 5592/5817/5592 5595/5820/5595 5680/5905/5680 5672/5897/5672 
f 5595/5820/5595 5599/5824/5599 5681/5906/5681 5680/5905/5680 
f 5672/5897/5672 5680/5905/5680 5682/5907/5682 5674/5899/5674 
f 5680/5905/5680 5681/5906/5681 5683/5908/5683 5682/5907/5682 
f 5610/5835/5610 5609/5834/5609 5684/5909/5684 5685/5910/5685 
f 5685/5910/5685 5684/5909/5684 5686/5911/5686 5687/5912/5687 
f 5599/5824/5599 5610/5835/5610 5685/5910/5685 5681/5906/5681 
f 5681/5906/5681 5685/5910/5685 5687/5912/5687 5683/5908/5683 
f 5646/5871/5646 5645/5870/5645 5688/5913/5688 5689/5914/5689 
f 5645/5870/5645 5640/5865/5640 5690/5915/5690 5688/5913/5688 
f 5689/5914/5689 5688/5913/5688 5687/5912/5687 5686/5911/5686 
f 5688/5913/5688 5690/5915/5690 5683/5908/5683 5687/5912/5687 
f 5637/5862/5637 5636/5861/5636 5677/5902/5677 5691/5916/5691 
f 5691/5916/5691 5677/5902/5677 5674/5899/5674 5682/5907/5682 
f 5640/5865/5640 5637/5862/5637 5691/5916/5691 5690/5915/5690 
f 5690/5915/5690 5691/5916/5691 5682/5907/5682 5683/5908/5683 
f 5692/5917/5692 5693/5918/5693 5694/5919/5694 5695/5920/5695 
f 5693/5918/5693 5696/5921/5696 5697/5922/5697 5694/5919/5694 
f 5695/5920/5695 5694/5919/5694 5698/5923/5698 5699/5924/5699 
f 5694/5919/5694 5697/5922/5697 5700/5925/5700 5698/5923/5698 
f 5701/5926/5701 5037/5215/5037 5036/5214/5036 5702/5927/5702 
f 5702/5927/5702 5036/5214/5036 5034/5212/5034 5703/5928/5703 
f 5696/5921/5696 5701/5926/5701 5702/5927/5702 5697/5922/5697 
f 5697/5922/5697 5702/5927/5702 5703/5928/5703 5700/5925/5700 
f 4603/4749/4603 5412/5622/5412 5704/5929/5704 5032/5210/5032 
f 5412/5622/5412 5409/5619/5409 5705/5930/5705 5704/5929/5704 
f 5032/5210/5032 5704/5929/5704 5703/5928/5703 5034/5212/5034 
f 5704/5929/5704 5705/5930/5705 5700/5925/5700 5703/5928/5703 
f 5407/5617/5407 5406/5616/5406 5706/5931/5706 5707/5932/5707 
f 5707/5932/5707 5706/5931/5706 5699/5924/5699 5698/5923/5698 
f 5409/5619/5409 5407/5617/5407 5707/5932/5707 5705/5930/5705 
f 5705/5930/5705 5707/5932/5707 5698/5923/5698 5700/5925/5700 
f 5708/5933/5708 5709/5934/5709 5710/5935/5710 5711/5936/5711 
f 5709/5934/5709 5712/5937/5712 5713/5938/5713 5710/5935/5710 
f 5711/5936/5711 5710/5935/5710 5714/5939/5714 5715/5940/5715 
f 5710/5935/5710 5713/5938/5713 5716/5941/5716 5714/5939/5714 
f 5717/5942/5717 5692/5917/5692 5695/5920/5695 5718/5943/5718 
f 5718/5943/5718 5695/5920/5695 5699/5924/5699 5719/5944/5719 
f 5712/5937/5712 5717/5942/5717 5718/5943/5718 5713/5938/5713 
f 5713/5938/5713 5718/5943/5718 5719/5944/5719 5716/5941/5716 
f 5406/5616/5406 5449/5659/5449 5720/5945/5720 5706/5931/5706 
f 5449/5659/5449 5446/5656/5446 5721/5946/5721 5720/5945/5720 
f 5706/5931/5706 5720/5945/5720 5719/5944/5719 5699/5924/5699 
f 5720/5945/5720 5721/5946/5721 5716/5941/5716 5719/5944/5719 
f 5444/5654/5444 5366/5576/5366 5722/5947/5722 5723/5948/5723 
f 5723/5948/5723 5722/5947/5722 5715/5940/5715 5714/5939/5714 
f 5446/5656/5446 5444/5654/5444 5723/5948/5723 5721/5946/5721 
f 5721/5946/5721 5723/5948/5723 5714/5939/5714 5716/5941/5716 
f 5724/5949/5724 5725/5950/5725 5726/5951/5726 5727/5952/5727 
f 5725/5950/5725 5728/5953/5728 5729/5954/5729 5726/5951/5726 
f 5727/5952/5727 5726/5951/5726 5730/5955/5730 5731/5956/5731 
f 5726/5951/5726 5729/5954/5729 5732/5957/5732 5730/5955/5730 
f 5733/5958/5733 5734/5959/5734 5735/5960/5735 5736/5961/5736 
f 5736/5961/5736 5735/5960/5735 5737/5962/5737 5738/5963/5738 
f 5728/5953/5728 5733/5958/5733 5736/5961/5736 5729/5954/5729 
f 5729/5954/5729 5736/5961/5736 5738/5963/5738 5732/5957/5732 
f 5692/5917/5692 5717/5942/5717 5739/5964/5739 5740/5965/5740 
f 5717/5942/5717 5712/5937/5712 5741/5966/5741 5739/5964/5739 
f 5740/5965/5740 5739/5964/5739 5738/5963/5738 5737/5962/5737 
f 5739/5964/5739 5741/5966/5741 5732/5957/5732 5738/5963/5738 
f 5709/5934/5709 5708/5933/5708 5742/5967/5742 5743/5968/5743 
f 5743/5968/5743 5742/5967/5742 5731/5956/5731 5730/5955/5730 
f 5712/5937/5712 5709/5934/5709 5743/5968/5743 5741/5966/5741 
f 5741/5966/5741 5743/5968/5743 5730/5955/5730 5732/5957/5732 
f 5734/5959/5734 5744/5969/5744 5745/5970/5745 5735/5960/5735 
f 5744/5969/5744 5746/5971/5746 5747/5972/5747 5745/5970/5745 
f 5735/5960/5735 5745/5970/5745 5748/5973/5748 5737/5962/5737 
f 5745/5970/5745 5747/5972/5747 5749/5974/5749 5748/5973/5748 
f 5750/5975/5750 5057/5235/5057 5056/5234/5056 5751/5976/5751 
f 5751/5976/5751 5056/5234/5056 5054/5232/5054 5752/5977/5752 
f 5746/5971/5746 5750/5975/5750 5751/5976/5751 5747/5972/5747 
f 5747/5972/5747 5751/5976/5751 5752/5977/5752 5749/5974/5749 
f 5037/5215/5037 5701/5926/5701 5753/5978/5753 5052/5230/5052 
f 5701/5926/5701 5696/5921/5696 5754/5979/5754 5753/5978/5753 
f 5052/5230/5052 5753/5978/5753 5752/5977/5752 5054/5232/5054 
f 5753/5978/5753 5754/5979/5754 5749/5974/5749 5752/5977/5752 
f 5693/5918/5693 5692/5917/5692 5740/5965/5740 5755/5980/5755 
f 5755/5980/5755 5740/5965/5740 5737/5962/5737 5748/5973/5748 
f 5696/5921/5696 5693/5918/5693 5755/5980/5755 5754/5979/5754 
f 5754/5979/5754 5755/5980/5755 5748/5973/5748 5749/5974/5749 
f 5756/5981/5756 5757/5982/5757 5758/5983/5758 5759/5984/5759 
f 5757/5982/5757 5760/5985/5760 5761/5986/5761 5758/5983/5758 
f 5759/5984/5759 5758/5983/5758 5762/5987/5762 5763/5988/5763 
f 5758/5983/5758 5761/5986/5761 5764/5989/5764 5762/5987/5762 
f 5765/5990/5765 5346/5556/5346 5345/5555/5345 5766/5991/5766 
f 5766/5991/5766 5345/5555/5345 5343/5553/5343 5767/5992/5767 
f 5760/5985/5760 5765/5990/5765 5766/5991/5766 5761/5986/5761 
f 5761/5986/5761 5766/5991/5766 5767/5992/5767 5764/5989/5764 
f 5339/5549/5339 5768/5993/5768 5769/5994/5769 5340/5550/5340 
f 5768/5993/5768 5770/5995/5770 5771/5996/5771 5769/5994/5769 
f 5340/5550/5340 5769/5994/5769 5767/5992/5767 5343/5553/5343 
f 5769/5994/5769 5771/5996/5771 5764/5989/5764 5767/5992/5767 
f 5772/5997/5772 5773/5998/5773 5774/5999/5774 5775/6000/5775 
f 5775/6000/5775 5774/5999/5774 5763/5988/5763 5762/5987/5762 
f 5770/5995/5770 5772/5997/5772 5775/6000/5775 5771/5996/5771 
f 5771/5996/5771 5775/6000/5775 5762/5987/5762 5764/5989/5764 
f 5776/6001/5776 5777/6002/5777 5778/6003/5778 5779/6004/5779 
f 5777/6002/5777 5780/6005/5780 5781/6006/5781 5778/6003/5778 
f 5779/6004/5779 5778/6003/5778 5782/6007/5782 5783/6008/5783 
f 5778/6003/5778 5781/6006/5781 5784/6009/5784 5782/6007/5782 
f 5785/6010/5785 5756/5981/5756 5759/5984/5759 5786/6011/5786 
f 5786/6011/5786 5759/5984/5759 5763/5988/5763 5787/6012/5787 
f 5780/6005/5780 5785/6010/5785 5786/6011/5786 5781/6006/5781 
f 5781/6006/5781 5786/6011/5786 5787/6012/5787 5784/6009/5784 
f 5773/5998/5773 5788/6013/5788 5789/6014/5789 5774/5999/5774 
f 5788/6013/5788 5790/6015/5790 5791/6016/5791 5789/6014/5789 
f 5774/5999/5774 5789/6014/5789 5787/6012/5787 5763/5988/5763 
f 5789/6014/5789 5791/6016/5791 5784/6009/5784 5787/6012/5787 
f 5792/6017/5792 5793/6018/5793 5794/6019/5794 5795/6020/5795 
f 5795/6020/5795 5794/6019/5794 5783/6008/5783 5782/6007/5782 
f 5790/6015/5790 5792/6017/5792 5795/6020/5795 5791/6016/5791 
f 5791/6016/5791 5795/6020/5795 5782/6007/5782 5784/6009/5784 
f 5724/5949/5724 5727/5952/5727 5796/6021/5796 5797/6022/5797 
f 5727/5952/5727 5731/5956/5731 5798/6023/5798 5796/6021/5796 
f 5797/6022/5797 5796/6021/5796 5799/6024/5799 5800/6025/5800 
f 5796/6021/5796 5798/6023/5798 5801/6026/5801 5799/6024/5799 
f 5742/5967/5742 5708/5933/5708 5802/6027/5802 5803/6028/5803 
f 5803/6028/5803 5802/6027/5802 5804/6029/5804 5805/6030/5805 
f 5731/5956/5731 5742/5967/5742 5803/6028/5803 5798/6023/5798 
f 5798/6023/5798 5803/6028/5803 5805/6030/5805 5801/6026/5801 
f 5756/5981/5756 5785/6010/5785 5806/6031/5806 5807/6032/5807 
f 5785/6010/5785 5780/6005/5780 5808/6033/5808 5806/6031/5806 
f 5807/6032/5807 5806/6031/5806 5805/6030/5805 5804/6029/5804 
f 5806/6031/5806 5808/6033/5808 5801/6026/5801 5805/6030/5805 
f 5777/6002/5777 5776/6001/5776 5809/6034/5809 5810/6035/5810 
f 5810/6035/5810 5809/6034/5809 5800/6025/5800 5799/6024/5799 
f 5780/6005/5780 5777/6002/5777 5810/6035/5810 5808/6033/5808 
f 5808/6033/5808 5810/6035/5810 5799/6024/5799 5801/6026/5801 
f 5708/5933/5708 5711/5936/5711 5811/6036/5811 5802/6027/5802 
f 5711/5936/5711 5715/5940/5715 5812/6037/5812 5811/6036/5811 
f 5802/6027/5802 5811/6036/5811 5813/6038/5813 5804/6029/5804 
f 5811/6036/5811 5812/6037/5812 5814/6039/5814 5813/6038/5813 
f 5722/5947/5722 5366/5576/5366 5365/5575/5365 5815/6040/5815 
f 5815/6040/5815 5365/5575/5365 5363/5573/5363 5816/6041/5816 
f 5715/5940/5715 5722/5947/5722 5815/6040/5815 5812/6037/5812 
f 5812/6037/5812 5815/6040/5815 5816/6041/5816 5814/6039/5814 
f 5346/5556/5346 5765/5990/5765 5817/6042/5817 5361/5571/5361 
f 5765/5990/5765 5760/5985/5760 5818/6043/5818 5817/6042/5817 
f 5361/5571/5361 5817/6042/5817 5816/6041/5816 5363/5573/5363 
f 5817/6042/5817 5818/6043/5818 5814/6039/5814 5816/6041/5816 
f 5757/5982/5757 5756/5981/5756 5807/6032/5807 5819/6044/5819 
f 5819/6044/5819 5807/6032/5807 5804/6029/5804 5813/6038/5813 
f 5760/5985/5760 5757/5982/5757 5819/6044/5819 5818/6043/5818 
f 5818/6043/5818 5819/6044/5819 5813/6038/5813 5814/6039/5814 
f 5820/6045/5820 5821/6046/5821 5822/6047/5822 5823/6048/5823 
f 5821/6046/5821 5824/6049/5824 5825/6050/5825 5822/6047/5822 
f 5823/6048/5823 5822/6047/5822 5826/6051/5826 5827/6052/5827 
f 5822/6047/5822 5825/6050/5825 5828/6053/5828 5826/6051/5826 
f 5829/6054/5829 5830/6055/5830 5831/6056/5831 5832/6057/5832 
f 5832/6057/5832 5831/6056/5831 5833/6058/5833 5834/6059/5834 
f 5824/6049/5824 5829/6054/5829 5832/6057/5832 5825/6050/5825 
f 5825/6050/5825 5832/6057/5832 5834/6059/5834 5828/6053/5828 
f 1302/6060/1302 1652/6061/1652 5835/6062/5835 5836/6063/5836 
f 1652/6061/1652 1649/6064/1649 5837/6065/5837 5835/6062/5835 
f 5836/6063/5836 5835/6062/5835 5834/6059/5834 5833/6058/5833 
f 5835/6062/5835 5837/6065/5837 5828/6053/5828 5834/6059/5834 
f 1647/6066/1647 1646/6067/1646 5838/6068/5838 5839/6069/5839 
f 5839/6069/5839 5838/6068/5838 5827/6052/5827 5826/6051/5826 
f 1649/6064/1649 1647/6066/1647 5839/6069/5839 5837/6065/5837 
f 5837/6065/5837 5839/6069/5839 5826/6051/5826 5828/6053/5828 
f 5840/6070/5840 5841/6071/5841 5842/6072/5842 5843/6073/5843 
f 5841/6071/5841 5844/6074/5844 5845/6075/5845 5842/6072/5842 
f 5843/6073/5843 5842/6072/5842 5846/6076/5846 5847/6077/5847 
f 5842/6072/5842 5845/6075/5845 5848/6078/5848 5846/6076/5846 
f 5849/6079/5849 5820/6045/5820 5823/6048/5823 5850/6080/5850 
f 5850/6080/5850 5823/6048/5823 5827/6052/5827 5851/6081/5851 
f 5844/6074/5844 5849/6079/5849 5850/6080/5850 5845/6075/5845 
f 5845/6075/5845 5850/6080/5850 5851/6081/5851 5848/6078/5848 
f 1646/6067/1646 1709/6082/1709 5852/6083/5852 5838/6068/5838 
f 1709/6082/1709 1706/6084/1706 5853/6085/5853 5852/6083/5852 
f 5838/6068/5838 5852/6083/5852 5851/6081/5851 5827/6052/5827 
f 5852/6083/5852 5853/6085/5853 5848/6078/5848 5851/6081/5851 
f 1704/6086/1704 1703/6087/1703 5854/6088/5854 5855/6089/5855 
f 5855/6089/5855 5854/6088/5854 5847/6077/5847 5846/6076/5846 
f 1706/6084/1706 1704/6086/1704 5855/6089/5855 5853/6085/5853 
f 5853/6085/5853 5855/6089/5855 5846/6076/5846 5848/6078/5848 
f 5724/5949/5724 5797/6022/5797 5856/6090/5856 5857/6091/5857 
f 5797/6022/5797 5800/6025/5800 5858/6092/5858 5856/6090/5856 
f 5857/6091/5857 5856/6090/5856 5859/6093/5859 5860/6094/5860 
f 5856/6090/5856 5858/6092/5858 5861/6095/5861 5859/6093/5859 
f 5809/6034/5809 5776/6001/5776 5862/6096/5862 5863/6097/5863 
f 5863/6097/5863 5862/6096/5862 5864/6098/5864 5865/6099/5865 
f 5800/6025/5800 5809/6034/5809 5863/6097/5863 5858/6092/5858 
f 5858/6092/5858 5863/6097/5863 5865/6099/5865 5861/6095/5861 
f 5820/6045/5820 5849/6079/5849 5866/6100/5866 5867/6101/5867 
f 5849/6079/5849 5844/6074/5844 5868/6102/5868 5866/6100/5866 
f 5867/6101/5867 5866/6100/5866 5865/6099/5865 5864/6098/5864 
f 5866/6100/5866 5868/6102/5868 5861/6095/5861 5865/6099/5865 
f 5841/6071/5841 5840/6070/5840 5869/6103/5869 5870/6104/5870 
f 5870/6104/5870 5869/6103/5869 5860/6094/5860 5859/6093/5859 
f 5844/6074/5844 5841/6071/5841 5870/6104/5870 5868/6102/5868 
f 5868/6102/5868 5870/6104/5870 5859/6093/5859 5861/6095/5861 
f 5776/6001/5776 5779/6004/5779 5871/6105/5871 5862/6096/5862 
f 5779/6004/5779 5783/6008/5783 5872/6106/5872 5871/6105/5871 
f 5862/6096/5862 5871/6105/5871 5873/6107/5873 5864/6098/5864 
f 5871/6105/5871 5872/6106/5872 5874/6108/5874 5873/6107/5873 
f 5794/6019/5794 5793/6018/5793 5875/6109/5875 5876/6110/5876 
f 5876/6110/5876 5875/6109/5875 5877/6111/5877 5878/6112/5878 
f 5783/6008/5783 5794/6019/5794 5876/6110/5876 5872/6106/5872 
f 5872/6106/5872 5876/6110/5876 5878/6112/5878 5874/6108/5874 
f 5830/6055/5830 5829/6054/5829 5879/6113/5879 5880/6114/5880 
f 5829/6054/5829 5824/6049/5824 5881/6115/5881 5879/6113/5879 
f 5880/6114/5880 5879/6113/5879 5878/6112/5878 5877/6111/5877 
f 5879/6113/5879 5881/6115/5881 5874/6108/5874 5878/6112/5878 
f 5821/6046/5821 5820/6045/5820 5867/6101/5867 5882/6116/5882 
f 5882/6116/5882 5867/6101/5867 5864/6098/5864 5873/6107/5873 
f 5824/6049/5824 5821/6046/5821 5882/6116/5882 5881/6115/5881 
f 5881/6115/5881 5882/6116/5882 5873/6107/5873 5874/6108/5874 
f 5883/6117/5883 5884/6118/5884 5885/6119/5885 5886/6120/5886 
f 5884/6118/5884 5887/6121/5887 5888/6122/5888 5885/6119/5885 
f 5886/6120/5886 5885/6119/5885 5889/6123/5889 5890/6124/5890 
f 5885/6119/5885 5888/6122/5888 5891/6125/5891 5889/6123/5889 
f 5892/6126/5892 1873/6127/1873 1872/6128/1872 5893/6129/5893 
f 5893/6129/5893 1872/6128/1872 1870/6130/1870 5894/6131/5894 
f 5887/6121/5887 5892/6126/5892 5893/6129/5893 5888/6122/5888 
f 5888/6122/5888 5893/6129/5893 5894/6131/5894 5891/6125/5891 
f 1866/5277/1866 5100/5280/5100 5895/6132/5895 1867/6133/1867 
f 5100/5280/5100 5097/5275/5097 5896/6134/5896 5895/6132/5895 
f 1867/6133/1867 5895/6132/5895 5894/6131/5894 1870/6130/1870 
f 5895/6132/5895 5896/6134/5896 5891/6125/5891 5894/6131/5894 
f 5095/5273/5095 5094/5272/5094 5897/6135/5897 5898/6136/5898 
f 5898/6136/5898 5897/6135/5897 5890/6124/5890 5889/6123/5889 
f 5097/5275/5097 5095/5273/5095 5898/6136/5898 5896/6134/5896 
f 5896/6134/5896 5898/6136/5898 5889/6123/5889 5891/6125/5891 
f 5734/5959/5734 5899/6137/5899 5900/6138/5900 5744/5969/5744 
f 5899/6137/5899 5901/6139/5901 5902/6140/5902 5900/6138/5900 
f 5744/5969/5744 5900/6138/5900 5903/6141/5903 5746/5971/5746 
f 5900/6138/5900 5902/6140/5902 5904/6142/5904 5903/6141/5903 
f 5905/6143/5905 5883/6117/5883 5886/6120/5886 5906/6144/5906 
f 5906/6144/5906 5886/6120/5886 5890/6124/5890 5907/6145/5907 
f 5901/6139/5901 5905/6143/5905 5906/6144/5906 5902/6140/5902 
f 5902/6140/5902 5906/6144/5906 5907/6145/5907 5904/6142/5904 
f 5094/5272/5094 5144/5331/5144 5908/6146/5908 5897/6135/5897 
f 5144/5331/5144 5141/5328/5141 5909/6147/5909 5908/6146/5908 
f 5897/6135/5897 5908/6146/5908 5907/6145/5907 5890/6124/5890 
f 5908/6146/5908 5909/6147/5909 5904/6142/5904 5907/6145/5907 
f 5139/5326/5139 5057/5235/5057 5750/5975/5750 5910/6148/5910 
f 5910/6148/5910 5750/5975/5750 5746/5971/5746 5903/6141/5903 
f 5141/5328/5141 5139/5326/5139 5910/6148/5910 5909/6147/5909 
f 5909/6147/5909 5910/6148/5910 5903/6141/5903 5904/6142/5904 
f 5724/5949/5724 5857/6091/5857 5911/6149/5911 5725/5950/5725 
f 5857/6091/5857 5860/6094/5860 5912/6150/5912 5911/6149/5911 
f 5725/5950/5725 5911/6149/5911 5913/6151/5913 5728/5953/5728 
f 5911/6149/5911 5912/6150/5912 5914/6152/5914 5913/6151/5913 
f 5869/6103/5869 5840/6070/5840 5915/6153/5915 5916/6154/5916 
f 5916/6154/5916 5915/6153/5915 5917/6155/5917 5918/6156/5918 
f 5860/6094/5860 5869/6103/5869 5916/6154/5916 5912/6150/5912 
f 5912/6150/5912 5916/6154/5916 5918/6156/5918 5914/6152/5914 
f 5883/6117/5883 5905/6143/5905 5919/6157/5919 5920/6158/5920 
f 5905/6143/5905 5901/6139/5901 5921/6159/5921 5919/6157/5919 
f 5920/6158/5920 5919/6157/5919 5918/6156/5918 5917/6155/5917 
f 5919/6157/5919 5921/6159/5921 5914/6152/5914 5918/6156/5918 
f 5899/6137/5899 5734/5959/5734 5733/5958/5733 5922/6160/5922 
f 5922/6160/5922 5733/5958/5733 5728/5953/5728 5913/6151/5913 
f 5901/6139/5901 5899/6137/5899 5922/6160/5922 5921/6159/5921 
f 5921/6159/5921 5922/6160/5922 5913/6151/5913 5914/6152/5914 
f 5840/6070/5840 5843/6073/5843 5923/6161/5923 5915/6153/5915 
f 5843/6073/5843 5847/6077/5847 5924/6162/5924 5923/6161/5923 
f 5915/6153/5915 5923/6161/5923 5925/6163/5925 5917/6155/5917 
f 5923/6161/5923 5924/6162/5924 5926/6164/5926 5925/6163/5925 
f 5854/6088/5854 1703/6087/1703 1889/6165/1889 5927/6166/5927 
f 5927/6166/5927 1889/6165/1889 1887/6167/1887 5928/6168/5928 
f 5847/6077/5847 5854/6088/5854 5927/6166/5927 5924/6162/5924 
f 5924/6162/5924 5927/6166/5927 5928/6168/5928 5926/6164/5926 
f 1873/6127/1873 5892/6126/5892 5929/6169/5929 1885/6170/1885 
f 5892/6126/5892 5887/6121/5887 5930/6171/5930 5929/6169/5929 
f 1885/6170/1885 5929/6169/5929 5928/6168/5928 1887/6167/1887 
f 5929/6169/5929 5930/6171/5930 5926/6164/5926 5928/6168/5928 
f 5884/6118/5884 5883/6117/5883 5920/6158/5920 5931/6172/5931 
f 5931/6172/5931 5920/6158/5920 5917/6155/5917 5925/6163/5925 
f 5887/6121/5887 5884/6118/5884 5931/6172/5931 5930/6171/5930 
f 5930/6171/5930 5931/6172/5931 5925/6163/5925 5926/6164/5926 
f 5932/6173/5932 5933/6174/5933 5934/6175/5934 5935/6176/5935 
f 5933/6174/5933 5936/6177/5936 5937/6178/5937 5934/6175/5934 
f 5935/6176/5935 5934/6175/5934 5938/6179/5938 5939/6180/5939 
f 5934/6175/5934 5937/6178/5937 5940/6181/5940 5938/6179/5938 
f 5941/6182/5941 5773/5998/5773 5772/5997/5772 5942/6183/5942 
f 5942/6183/5942 5772/5997/5772 5770/5995/5770 5943/6184/5943 
f 5936/6177/5936 5941/6182/5941 5942/6183/5942 5937/6178/5937 
f 5937/6178/5937 5942/6183/5942 5943/6184/5943 5940/6181/5940 
f 5339/5549/5339 5652/5877/5652 5944/6185/5944 5768/5993/5768 
f 5652/5877/5652 5649/5874/5649 5945/6186/5945 5944/6185/5944 
f 5768/5993/5768 5944/6185/5944 5943/6184/5943 5770/5995/5770 
f 5944/6185/5944 5945/6186/5945 5940/6181/5940 5943/6184/5943 
f 5647/5872/5647 5646/5871/5646 5946/6187/5946 5947/6188/5947 
f 5947/6188/5947 5946/6187/5946 5939/6180/5939 5938/6179/5938 
f 5649/5874/5649 5647/5872/5647 5947/6188/5947 5945/6186/5945 
f 5945/6186/5945 5947/6188/5947 5938/6179/5938 5940/6181/5940 
f 5948/6189/5948 5949/6190/5949 5950/6191/5950 5951/6192/5951 
f 5949/6190/5949 5952/6193/5952 5953/6194/5953 5950/6191/5950 
f 5951/6192/5951 5950/6191/5950 5954/6195/5954 5955/6196/5955 
f 5950/6191/5950 5953/6194/5953 5956/6197/5956 5954/6195/5954 
f 5957/6198/5957 5932/6173/5932 5935/6176/5935 5958/6199/5958 
f 5958/6199/5958 5935/6176/5935 5939/6180/5939 5959/6200/5959 
f 5952/6193/5952 5957/6198/5957 5958/6199/5958 5953/6194/5953 
f 5953/6194/5953 5958/6199/5958 5959/6200/5959 5956/6197/5956 
f 5646/5871/5646 5689/5914/5689 5960/6201/5960 5946/6187/5946 
f 5689/5914/5689 5686/5911/5686 5961/6202/5961 5960/6201/5960 
f 5946/6187/5946 5960/6201/5960 5959/6200/5959 5939/6180/5939 
f 5960/6201/5960 5961/6202/5961 5956/6197/5956 5959/6200/5959 
f 5684/5909/5684 5609/5834/5609 5962/6203/5962 5963/6204/5963 
f 5963/6204/5963 5962/6203/5962 5955/6196/5955 5954/6195/5954 
f 5686/5911/5686 5684/5909/5684 5963/6204/5963 5961/6202/5961 
f 5961/6202/5961 5963/6204/5963 5954/6195/5954 5956/6197/5956 
f 5964/6205/5964 5965/6206/5965 5966/6207/5966 5967/6208/5967 
f 5965/6206/5965 5968/6209/5968 5969/6210/5969 5966/6207/5966 
f 5967/6208/5967 5966/6207/5966 5970/6211/5970 5971/6212/5971 
f 5966/6207/5966 5969/6210/5969 5972/6213/5972 5970/6211/5970 
f 5973/6214/5973 5974/6215/5974 5975/6216/5975 5976/6217/5976 
f 5976/6217/5976 5975/6216/5975 5977/6218/5977 5978/6219/5978 
f 5968/6209/5968 5973/6214/5973 5976/6217/5976 5969/6210/5969 
f 5969/6210/5969 5976/6217/5976 5978/6219/5978 5972/6213/5972 
f 5932/6173/5932 5957/6198/5957 5979/6220/5979 5980/6221/5980 
f 5957/6198/5957 5952/6193/5952 5981/6222/5981 5979/6220/5979 
f 5980/6221/5980 5979/6220/5979 5978/6219/5978 5977/6218/5977 
f 5979/6220/5979 5981/6222/5981 5972/6213/5972 5978/6219/5978 
f 5949/6190/5949 5948/6189/5948 5982/6223/5982 5983/6224/5983 
f 5983/6224/5983 5982/6223/5982 5971/6212/5971 5970/6211/5970 
f 5952/6193/5952 5949/6190/5949 5983/6224/5983 5981/6222/5981 
f 5981/6222/5981 5983/6224/5983 5970/6211/5970 5972/6213/5972 
f 5974/6215/5974 5984/6225/5984 5985/6226/5985 5975/6216/5975 
f 5984/6225/5984 5986/6227/5986 5987/6228/5987 5985/6226/5985 
f 5975/6216/5975 5985/6226/5985 5988/6229/5988 5977/6218/5977 
f 5985/6226/5985 5987/6228/5987 5989/6230/5989 5988/6229/5988 
f 5990/6231/5990 5793/6018/5793 5792/6017/5792 5991/6232/5991 
f 5991/6232/5991 5792/6017/5792 5790/6015/5790 5992/6233/5992 
f 5986/6227/5986 5990/6231/5990 5991/6232/5991 5987/6228/5987 
f 5987/6228/5987 5991/6232/5991 5992/6233/5992 5989/6230/5989 
f 5773/5998/5773 5941/6182/5941 5993/6234/5993 5788/6013/5788 
f 5941/6182/5941 5936/6177/5936 5994/6235/5994 5993/6234/5993 
f 5788/6013/5788 5993/6234/5993 5992/6233/5992 5790/6015/5790 
f 5993/6234/5993 5994/6235/5994 5989/6230/5989 5992/6233/5992 
f 5933/6174/5933 5932/6173/5932 5980/6221/5980 5995/6236/5995 
f 5995/6236/5995 5980/6221/5980 5977/6218/5977 5988/6229/5988 
f 5936/6177/5936 5933/6174/5933 5995/6236/5995 5994/6235/5994 
f 5994/6235/5994 5995/6236/5995 5988/6229/5988 5989/6230/5989 
f 5996/6237/5996 5997/6238/5997 5998/6239/5998 5999/6240/5999 
f 5997/6238/5997 6000/6241/6000 6001/6242/6001 5998/6239/5998 
f 5999/6240/5999 5998/6239/5998 6002/6243/6002 6003/6244/6003 
f 5998/6239/5998 6001/6242/6001 6004/6245/6004 6002/6243/6002 
f 6005/6246/6005 5589/5814/5589 5588/5813/5588 6006/6247/6006 
f 6006/6247/6006 5588/5813/5588 5586/5811/5586 6007/6248/6007 
f 6000/6241/6000 6005/6246/6005 6006/6247/6006 6001/6242/6001 
f 6001/6242/6001 6006/6247/6006 6007/6248/6007 6004/6245/6004 
f 2409/2426/2409 2730/2763/2730 6008/6249/6008 5584/5809/5584 
f 2730/2763/2730 2727/2760/2727 6009/6250/6009 6008/6249/6008 
f 5584/5809/5584 6008/6249/6008 6007/6248/6007 5586/5811/5586 
f 6008/6249/6008 6009/6250/6009 6004/6245/6004 6007/6248/6007 
f 2725/2758/2725 2724/2757/2724 6010/6251/6010 6011/6252/6011 
f 6011/6252/6011 6010/6251/6010 6003/6244/6003 6002/6243/6002 
f 2727/2760/2727 2725/2758/2725 6011/6252/6011 6009/6250/6009 
f 6009/6250/6009 6011/6252/6011 6002/6243/6002 6004/6245/6004 
f 6012/6253/6012 6013/6254/6013 6014/6255/6014 6015/6256/6015 
f 6013/6254/6013 6016/6257/6016 6017/6258/6017 6014/6255/6014 
f 6015/6256/6015 6014/6255/6014 6018/6259/6018 6019/6260/6019 
f 6014/6255/6014 6017/6258/6017 6020/6261/6020 6018/6259/6018 
f 6021/6262/6021 5996/6237/5996 5999/6240/5999 6022/6263/6022 
f 6022/6263/6022 5999/6240/5999 6003/6244/6003 6023/6264/6023 
f 6016/6257/6016 6021/6262/6021 6022/6263/6022 6017/6258/6017 
f 6017/6258/6017 6022/6263/6022 6023/6264/6023 6020/6261/6020 
f 2724/2757/2724 2783/2816/2783 6024/6265/6024 6010/6251/6010 
f 2783/2816/2783 2780/2813/2780 6025/6266/6025 6024/6265/6024 
f 6010/6251/6010 6024/6265/6024 6023/6264/6023 6003/6244/6003 
f 6024/6265/6024 6025/6266/6025 6020/6261/6020 6023/6264/6023 
f 2778/2811/2778 2777/2810/2777 6026/6267/6026 6027/6268/6027 
f 6027/6268/6027 6026/6267/6026 6019/6260/6019 6018/6259/6018 
f 2780/2813/2780 2778/2811/2778 6027/6268/6027 6025/6266/6025 
f 6025/6266/6025 6027/6268/6027 6018/6259/6018 6020/6261/6020 
f 5964/6205/5964 5967/6208/5967 6028/6269/6028 6029/6270/6029 
f 5967/6208/5967 5971/6212/5971 6030/6271/6030 6028/6269/6028 
f 6029/6270/6029 6028/6269/6028 6031/6272/6031 6032/6273/6032 
f 6028/6269/6028 6030/6271/6030 6033/6274/6033 6031/6272/6031 
f 5982/6223/5982 5948/6189/5948 6034/6275/6034 6035/6276/6035 
f 6035/6276/6035 6034/6275/6034 6036/6277/6036 6037/6278/6037 
f 5971/6212/5971 5982/6223/5982 6035/6276/6035 6030/6271/6030 
f 6030/6271/6030 6035/6276/6035 6037/6278/6037 6033/6274/6033 
f 5996/6237/5996 6021/6262/6021 6038/6279/6038 6039/6280/6039 
f 6021/6262/6021 6016/6257/6016 6040/6281/6040 6038/6279/6038 
f 6039/6280/6039 6038/6279/6038 6037/6278/6037 6036/6277/6036 
f 6038/6279/6038 6040/6281/6040 6033/6274/6033 6037/6278/6037 
f 6013/6254/6013 6012/6253/6012 6041/6282/6041 6042/6283/6042 
f 6042/6283/6042 6041/6282/6041 6032/6273/6032 6031/6272/6031 
f 6016/6257/6016 6013/6254/6013 6042/6283/6042 6040/6281/6040 
f 6040/6281/6040 6042/6283/6042 6031/6272/6031 6033/6274/6033 
f 5948/6189/5948 5951/6192/5951 6043/6284/6043 6034/6275/6034 
f 5951/6192/5951 5955/6196/5955 6044/6285/6044 6043/6284/6043 
f 6034/6275/6034 6043/6284/6043 6045/6286/6045 6036/6277/6036 
f 6043/6284/6043 6044/6285/6044 6046/6287/6046 6045/6286/6045 
f 5962/6203/5962 5609/5834/5609 5608/5833/5608 6047/6288/6047 
f 6047/6288/6047 5608/5833/5608 5606/5831/5606 6048/6289/6048 
f 5955/6196/5955 5962/6203/5962 6047/6288/6047 6044/6285/6044 
f 6044/6285/6044 6047/6288/6047 6048/6289/6048 6046/6287/6046 
f 5589/5814/5589 6005/6246/6005 6049/6290/6049 5604/5829/5604 
f 6005/6246/6005 6000/6241/6000 6050/6291/6050 6049/6290/6049 
f 5604/5829/5604 6049/6290/6049 6048/6289/6048 5606/5831/5606 
f 6049/6290/6049 6050/6291/6050 6046/6287/6046 6048/6289/6048 
f 5997/6238/5997 5996/6237/5996 6039/6280/6039 6051/6292/6051 
f 6051/6292/6051 6039/6280/6039 6036/6277/6036 6045/6286/6045 
f 6000/6241/6000 5997/6238/5997 6051/6292/6051 6050/6291/6050 
f 6050/6291/6050 6051/6292/6051 6045/6286/6045 6046/6287/6046 
f 6052/6293/6052 6053/6294/6053 6054/6295/6054 6055/6296/6055 
f 6053/6294/6053 6056/6297/6056 6057/6298/6057 6054/6295/6054 
f 6055/6296/6055 6054/6295/6054 6058/6299/6058 6059/6300/6059 
f 6054/6295/6054 6057/6298/6057 6060/6301/6060 6058/6299/6058 
f 6061/6302/6061 2930/2977/2930 2929/2976/2929 6062/6303/6062 
f 6062/6303/6062 2929/2976/2929 2927/2974/2927 6063/6304/6063 
f 6056/6297/6056 6061/6302/6061 6062/6303/6062 6057/6298/6057 
f 6057/6298/6057 6062/6303/6062 6063/6304/6063 6060/6301/6060 
f 1064/2970/1064 1067/6305/1067 6064/6306/6064 2925/2971/2925 
f 1067/6305/1067 1062/6307/1062 6065/6308/6065 6064/6306/6064 
f 2925/2971/2925 6064/6306/6064 6063/6304/6063 2927/2974/2927 
f 6064/6306/6064 6065/6308/6065 6060/6301/6060 6063/6304/6063 
f 1060/6309/1060 1059/6310/1059 6066/6311/6066 6067/6312/6067 
f 6067/6312/6067 6066/6311/6066 6059/6300/6059 6058/6299/6058 
f 1062/6307/1062 1060/6309/1060 6067/6312/6067 6065/6308/6065 
f 6065/6308/6065 6067/6312/6067 6058/6299/6058 6060/6301/6060 
f 6068/6313/6068 6069/6314/6069 6070/6315/6070 6071/6316/6071 
f 6069/6314/6069 6072/6317/6072 6073/6318/6073 6070/6315/6070 
f 6071/6316/6071 6070/6315/6070 6074/6319/6074 6075/6320/6075 
f 6070/6315/6070 6073/6318/6073 6076/6321/6076 6074/6319/6074 
f 6077/6322/6077 6052/6293/6052 6055/6296/6055 6078/6323/6078 
f 6078/6323/6078 6055/6296/6055 6059/6300/6059 6079/6324/6079 
f 6072/6317/6072 6077/6322/6077 6078/6323/6078 6073/6318/6073 
f 6073/6318/6073 6078/6323/6078 6079/6324/6079 6076/6321/6076 
f 1059/6310/1059 1127/6325/1127 6080/6326/6080 6066/6311/6066 
f 1127/6325/1127 1124/6327/1124 6081/6328/6081 6080/6326/6080 
f 6066/6311/6066 6080/6326/6080 6079/6324/6079 6059/6300/6059 
f 6080/6326/6080 6081/6328/6081 6076/6321/6076 6079/6324/6079 
f 1122/6329/1122 1121/6330/1121 6082/6331/6082 6083/6332/6083 
f 6083/6332/6083 6082/6331/6082 6075/6320/6075 6074/6319/6074 
f 1124/6327/1124 1122/6329/1122 6083/6332/6083 6081/6328/6081 
f 6081/6328/6081 6083/6332/6083 6074/6319/6074 6076/6321/6076 
f 5964/6205/5964 6029/6270/6029 6084/6333/6084 6085/6334/6085 
f 6029/6270/6029 6032/6273/6032 6086/6335/6086 6084/6333/6084 
f 6085/6334/6085 6084/6333/6084 6087/6336/6087 6088/6337/6088 
f 6084/6333/6084 6086/6335/6086 6089/6338/6089 6087/6336/6087 
f 6041/6282/6041 6012/6253/6012 6090/6339/6090 6091/6340/6091 
f 6091/6340/6091 6090/6339/6090 6092/6341/6092 6093/6342/6093 
f 6032/6273/6032 6041/6282/6041 6091/6340/6091 6086/6335/6086 
f 6086/6335/6086 6091/6340/6091 6093/6342/6093 6089/6338/6089 
f 6052/6293/6052 6077/6322/6077 6094/6343/6094 6095/6344/6095 
f 6077/6322/6077 6072/6317/6072 6096/6345/6096 6094/6343/6094 
f 6095/6344/6095 6094/6343/6094 6093/6342/6093 6092/6341/6092 
f 6094/6343/6094 6096/6345/6096 6089/6338/6089 6093/6342/6093 
f 6069/6314/6069 6068/6313/6068 6097/6346/6097 6098/6347/6098 
f 6098/6347/6098 6097/6346/6097 6088/6337/6088 6087/6336/6087 
f 6072/6317/6072 6069/6314/6069 6098/6347/6098 6096/6345/6096 
f 6096/6345/6096 6098/6347/6098 6087/6336/6087 6089/6338/6089 
f 6012/6253/6012 6015/6256/6015 6099/6348/6099 6090/6339/6090 
f 6015/6256/6015 6019/6260/6019 6100/6349/6100 6099/6348/6099 
f 6090/6339/6090 6099/6348/6099 6101/6350/6101 6092/6341/6092 
f 6099/6348/6099 6100/6349/6100 6102/6351/6102 6101/6350/6101 
f 6026/6267/6026 2777/2810/2777 2946/2993/2946 6103/6352/6103 
f 6103/6352/6103 2946/2993/2946 2944/2991/2944 6104/6353/6104 
f 6019/6260/6019 6026/6267/6026 6103/6352/6103 6100/6349/6100 
f 6100/6349/6100 6103/6352/6103 6104/6353/6104 6102/6351/6102 
f 2930/2977/2930 6061/6302/6061 6105/6354/6105 2942/2989/2942 
f 6061/6302/6061 6056/6297/6056 6106/6355/6106 6105/6354/6105 
f 2942/2989/2942 6105/6354/6105 6104/6353/6104 2944/2991/2944 
f 6105/6354/6105 6106/6355/6106 6102/6351/6102 6104/6353/6104 
f 6053/6294/6053 6052/6293/6052 6095/6344/6095 6107/6356/6107 
f 6107/6356/6107 6095/6344/6095 6092/6341/6092 6101/6350/6101 
f 6056/6297/6056 6053/6294/6053 6107/6356/6107 6106/6355/6106 
f 6106/6355/6106 6107/6356/6107 6101/6350/6101 6102/6351/6102 
f 6108/6357/6108 6109/6358/6109 6110/6359/6110 6111/6360/6111 
f 6109/6358/6109 6112/6361/6112 6113/6362/6113 6110/6359/6110 
f 6111/6360/6111 6110/6359/6110 6114/6363/6114 6115/6364/6115 
f 6110/6359/6110 6113/6362/6113 6116/6365/6116 6114/6363/6114 
f 6117/6366/6117 1309/6367/1309 1308/6368/1308 6118/6369/6118 
f 6118/6369/6118 1308/6368/1308 1306/6370/1306 6119/6371/6119 
f 6112/6361/6112 6117/6366/6117 6118/6369/6118 6113/6362/6113 
f 6113/6362/6113 6118/6369/6118 6119/6371/6119 6116/6365/6116 
f 1302/6060/1302 5836/6063/5836 6120/6372/6120 1303/6373/1303 
f 5836/6063/5836 5833/6058/5833 6121/6374/6121 6120/6372/6120 
f 1303/6373/1303 6120/6372/6120 6119/6371/6119 1306/6370/1306 
f 6120/6372/6120 6121/6374/6121 6116/6365/6116 6119/6371/6119 
f 5831/6056/5831 5830/6055/5830 6122/6375/6122 6123/6376/6123 
f 6123/6376/6123 6122/6375/6122 6115/6364/6115 6114/6363/6114 
f 5833/6058/5833 5831/6056/5831 6123/6376/6123 6121/6374/6121 
f 6121/6374/6121 6123/6376/6123 6114/6363/6114 6116/6365/6116 
f 5974/6215/5974 6124/6377/6124 6125/6378/6125 5984/6225/5984 
f 6124/6377/6124 6126/6379/6126 6127/6380/6127 6125/6378/6125 
f 5984/6225/5984 6125/6378/6125 6128/6381/6128 5986/6227/5986 
f 6125/6378/6125 6127/6380/6127 6129/6382/6129 6128/6381/6128 
f 6130/6383/6130 6108/6357/6108 6111/6360/6111 6131/6384/6131 
f 6131/6384/6131 6111/6360/6111 6115/6364/6115 6132/6385/6132 
f 6126/6379/6126 6130/6383/6130 6131/6384/6131 6127/6380/6127 
f 6127/6380/6127 6131/6384/6131 6132/6385/6132 6129/6382/6129 
f 5830/6055/5830 5880/6114/5880 6133/6386/6133 6122/6375/6122 
f 5880/6114/5880 5877/6111/5877 6134/6387/6134 6133/6386/6133 
f 6122/6375/6122 6133/6386/6133 6132/6385/6132 6115/6364/6115 
f 6133/6386/6133 6134/6387/6134 6129/6382/6129 6132/6385/6132 
f 5875/6109/5875 5793/6018/5793 5990/6231/5990 6135/6388/6135 
f 6135/6388/6135 5990/6231/5990 5986/6227/5986 6128/6381/6128 
f 5877/6111/5877 5875/6109/5875 6135/6388/6135 6134/6387/6134 
f 6134/6387/6134 6135/6388/6135 6128/6381/6128 6129/6382/6129 
f 5964/6205/5964 6085/6334/6085 6136/6389/6136 5965/6206/5965 
f 6085/6334/6085 6088/6337/6088 6137/6390/6137 6136/6389/6136 
f 5965/6206/5965 6136/6389/6136 6138/6391/6138 5968/6209/5968 
f 6136/6389/6136 6137/6390/6137 6139/6392/6139 6138/6391/6138 
f 6097/6346/6097 6068/6313/6068 6140/6393/6140 6141/6394/6141 
f 6141/6394/6141 6140/6393/6140 6142/6395/6142 6143/6396/6143 
f 6088/6337/6088 6097/6346/6097 6141/6394/6141 6137/6390/6137 
f 6137/6390/6137 6141/6394/6141 6143/6396/6143 6139/6392/6139 
f 6108/6357/6108 6130/6383/6130 6144/6397/6144 6145/6398/6145 
f 6130/6383/6130 6126/6379/6126 6146/6399/6146 6144/6397/6144 
f 6145/6398/6145 6144/6397/6144 6143/6396/6143 6142/6395/6142 
f 6144/6397/6144 6146/6399/6146 6139/6392/6139 6143/6396/6143 
f 6124/6377/6124 5974/6215/5974 5973/6214/5973 6147/6400/6147 
f 6147/6400/6147 5973/6214/5973 5968/6209/5968 6138/6391/6138 
f 6126/6379/6126 6124/6377/6124 6147/6400/6147 6146/6399/6146 
f 6146/6399/6146 6147/6400/6147 6138/6391/6138 6139/6392/6139 
f 6068/6313/6068 6071/6316/6071 6148/6401/6148 6140/6393/6140 
f 6071/6316/6071 6075/6320/6075 6149/6402/6149 6148/6401/6148 
f 6140/6393/6140 6148/6401/6148 6150/6403/6150 6142/6395/6142 
f 6148/6401/6148 6149/6402/6149 6151/6404/6151 6150/6403/6150 
f 6082/6331/6082 1121/6330/1121 1325/6405/1325 6152/6406/6152 
f 6152/6406/6152 1325/6405/1325 1323/6407/1323 6153/6408/6153 
f 6075/6320/6075 6082/6331/6082 6152/6406/6152 6149/6402/6149 
f 6149/6402/6149 6152/6406/6152 6153/6408/6153 6151/6404/6151 
f 1309/6367/1309 6117/6366/6117 6154/6409/6154 1321/6410/1321 
f 6117/6366/6117 6112/6361/6112 6155/6411/6155 6154/6409/6154 
f 1321/6410/1321 6154/6409/6154 6153/6408/6153 1323/6407/1323 
f 6154/6409/6154 6155/6411/6155 6151/6404/6151 6153/6408/6153 
f 6109/6358/6109 6108/6357/6108 6145/6398/6145 6156/6412/6156 
f 6156/6412/6156 6145/6398/6145 6142/6395/6142 6150/6403/6150 
f 6112/6361/6112 6109/6358/6109 6156/6412/6156 6155/6411/6155 
f 6155/6411/6155 6156/6412/6156 6150/6403/6150 6151/6404/6151 
f 1242/1242/1242 1245/1245/1245 6157/6413/6157 1339/1339/1339 
f 1245/1245/1245 1240/1240/1240 6158/6414/6158 6157/6413/6157 
f 1339/1339/1339 6157/6413/6157 6159/6415/6159 1341/1341/1341 
f 6157/6413/6157 6158/6414/6158 6160/6416/6160 6159/6415/6159 
f 1238/1238/1238 1237/1237/1237 6161/6417/6161 6162/6418/6162 
f 6162/6418/6162 6161/6417/6161 6163/6419/6163 6164/6420/6164 
f 1240/1240/1240 1238/1238/1238 6162/6418/6162 6158/6414/6158 
f 6158/6414/6158 6162/6418/6162 6164/6420/6164 6160/6416/6160 
f 6165/6421/6165 6166/6422/6166 6167/6423/6167 6168/6424/6168 
f 6166/6422/6166 6169/6425/6169 6170/6426/6170 6167/6423/6167 
f 6168/6424/6168 6167/6423/6167 6164/6420/6164 6163/6419/6163 
f 6167/6423/6167 6170/6426/6170 6160/6416/6160 6164/6420/6164 
f 6171/6427/6171 1344/1344/1344 1343/1343/1343 6172/6428/6172 
f 6172/6428/6172 1343/1343/1343 1341/1341/1341 6159/6415/6159 
f 6169/6425/6169 6171/6427/6171 6172/6428/6172 6170/6426/6170 
f 6170/6426/6170 6172/6428/6172 6159/6415/6159 6160/6416/6160 
f 6173/6429/6173 6174/6430/6174 6175/6431/6175 6176/6432/6176 
f 6174/6430/6174 6177/6433/6177 6178/6434/6178 6175/6431/6175 
f 6176/6432/6176 6175/6431/6175 6179/6435/6179 6180/6436/6180 
f 6175/6431/6175 6178/6434/6178 6181/6437/6181 6179/6435/6179 
f 6182/6438/6182 1297/1297/1297 1296/1296/1296 6183/6439/6183 
f 6183/6439/6183 1296/1296/1296 1291/1291/1291 6184/6440/6184 
f 6177/6433/6177 6182/6438/6182 6183/6439/6183 6178/6434/6178 
f 6178/6434/6178 6183/6439/6183 6184/6440/6184 6181/6437/6181 
f 1287/1287/1287 6185/6441/6185 6186/6442/6186 1288/1288/1288 
f 6185/6441/6185 6187/6443/6187 6188/6444/6188 6186/6442/6186 
f 1288/1288/1288 6186/6442/6186 6184/6440/6184 1291/1291/1291 
f 6186/6442/6186 6188/6444/6188 6181/6437/6181 6184/6440/6184 
f 6189/6445/6189 6190/6446/6190 6191/6447/6191 6192/6448/6192 
f 6192/6448/6192 6191/6447/6191 6180/6436/6180 6179/6435/6179 
f 6187/6443/6187 6189/6445/6189 6192/6448/6192 6188/6444/6188 
f 6188/6444/6188 6192/6448/6192 6179/6435/6179 6181/6437/6181 
f 6193/6449/6193 6194/6450/6194 6195/6451/6195 6196/6452/6196 
f 6194/6450/6194 6197/6453/6197 6198/6454/6198 6195/6451/6195 
f 6196/6452/6196 6195/6451/6195 6199/6455/6199 6200/6456/6200 
f 6195/6451/6195 6198/6454/6198 6201/6457/6201 6199/6455/6199 
f 6202/6458/6202 1104/1104/1104 1103/1103/1103 6203/6459/6203 
f 6203/6459/6203 1103/1103/1103 1098/1098/1098 6204/6460/6204 
f 6197/6453/6197 6202/6458/6202 6203/6459/6203 6198/6454/6198 
f 6198/6454/6198 6203/6459/6203 6204/6460/6204 6201/6457/6201 
f 1094/1094/1094 6205/6461/6205 6206/6462/6206 1095/1095/1095 
f 6205/6461/6205 6207/6463/6207 6208/6464/6208 6206/6462/6206 
f 1095/1095/1095 6206/6462/6206 6204/6460/6204 1098/1098/1098 
f 6206/6462/6206 6208/6464/6208 6201/6457/6201 6204/6460/6204 
f 6209/6465/6209 6210/6466/6210 6211/6467/6211 6212/6468/6212 
f 6212/6468/6212 6211/6467/6211 6200/6456/6200 6199/6455/6199 
f 6207/6463/6207 6209/6465/6209 6212/6468/6212 6208/6464/6208 
f 6208/6464/6208 6212/6468/6212 6199/6455/6199 6201/6457/6201 
f 1094/1094/1094 1176/1176/1176 6213/6469/6213 6205/6461/6205 
f 1176/1176/1176 1179/1179/1179 6214/6470/6214 6213/6469/6213 
f 6205/6461/6205 6213/6469/6213 6215/6471/6215 6207/6463/6207 
f 6213/6469/6213 6214/6470/6214 6216/6472/6216 6215/6471/6215 
f 1188/1188/1188 1155/1155/1155 6217/6473/6217 6218/6474/6218 
f 6218/6474/6218 6217/6473/6217 6219/6475/6219 6220/6476/6220 
f 1179/1179/1179 1188/1188/1188 6218/6474/6218 6214/6470/6214 
f 6214/6470/6214 6218/6474/6218 6220/6476/6220 6216/6472/6216 
f 6221/6477/6221 6222/6478/6222 6223/6479/6223 6224/6480/6224 
f 6222/6478/6222 6225/6481/6225 6226/6482/6226 6223/6479/6223 
f 6224/6480/6224 6223/6479/6223 6220/6476/6220 6219/6475/6219 
f 6223/6479/6223 6226/6482/6226 6216/6472/6216 6220/6476/6220 
f 6227/6483/6227 6210/6466/6210 6209/6465/6209 6228/6484/6228 
f 6228/6484/6228 6209/6465/6209 6207/6463/6207 6215/6471/6215 
f 6225/6481/6225 6227/6483/6227 6228/6484/6228 6226/6482/6226 
f 6226/6482/6226 6228/6484/6228 6215/6471/6215 6216/6472/6216 
f 6229/6485/6229 6230/6486/6230 6231/6487/6231 6232/6488/6232 
f 6230/6486/6230 6233/6489/6233 6234/6490/6234 6231/6487/6231 
f 6232/6488/6232 6231/6487/6231 6235/6491/6235 6236/6492/6236 
f 6231/6487/6231 6234/6490/6234 6237/6493/6237 6235/6491/6235 
f 6238/6494/6238 1202/1202/1202 1205/1205/1205 6239/6495/6239 
f 6239/6495/6239 1205/1205/1205 1209/1209/1209 6240/6496/6240 
f 6233/6489/6233 6238/6494/6238 6239/6495/6239 6234/6490/6234 
f 6234/6490/6234 6239/6495/6239 6240/6496/6240 6237/6493/6237 
f 1224/1224/1224 6241/6497/6241 6242/6498/6242 1225/1225/1225 
f 6241/6497/6241 6243/6499/6243 6244/6500/6244 6242/6498/6242 
f 1225/1225/1225 6242/6498/6242 6240/6496/6240 1209/1209/1209 
f 6242/6498/6242 6244/6500/6244 6237/6493/6237 6240/6496/6240 
f 6245/6501/6245 6246/6502/6246 6247/6503/6247 6248/6504/6248 
f 6248/6504/6248 6247/6503/6247 6236/6492/6236 6235/6491/6235 
f 6243/6499/6243 6245/6501/6245 6248/6504/6248 6244/6500/6244 
f 6244/6500/6244 6248/6504/6248 6235/6491/6235 6237/6493/6237 
f 1673/1673/1673 1672/1672/1672 6249/6505/6249 6250/6506/6250 
f 1672/1672/1672 1670/1670/1670 6251/6507/6251 6249/6505/6249 
f 6250/6506/6250 6249/6505/6249 6252/6508/6252 6253/6509/6253 
f 6249/6505/6249 6251/6507/6251 6254/6510/6254 6252/6508/6252 
f 1668/1668/1668 1297/1297/1297 6182/6438/6182 6255/6511/6255 
f 6255/6511/6255 6182/6438/6182 6177/6433/6177 6256/6512/6256 
f 1670/1670/1670 1668/1668/1668 6255/6511/6255 6251/6507/6251 
f 6251/6507/6251 6255/6511/6255 6256/6512/6256 6254/6510/6254 
f 6173/6429/6173 6257/6513/6257 6258/6514/6258 6174/6430/6174 
f 6257/6513/6257 6259/6515/6259 6260/6516/6260 6258/6514/6258 
f 6174/6430/6174 6258/6514/6258 6256/6512/6256 6177/6433/6177 
f 6258/6514/6258 6260/6516/6260 6254/6510/6254 6256/6512/6256 
f 6261/6517/6261 6262/6518/6262 6263/6519/6263 6264/6520/6264 
f 6264/6520/6264 6263/6519/6263 6253/6509/6253 6252/6508/6252 
f 6259/6515/6259 6261/6517/6261 6264/6520/6264 6260/6516/6260 
f 6260/6516/6260 6264/6520/6264 6252/6508/6252 6254/6510/6254 
f 1202/1202/1202 6238/6494/6238 6265/6521/6265 1285/1285/1285 
f 6238/6494/6238 6233/6489/6233 6266/6522/6266 6265/6521/6265 
f 1285/1285/1285 6265/6521/6265 6267/6523/6267 1276/1276/1276 
f 6265/6521/6265 6266/6522/6266 6268/6524/6268 6267/6523/6267 
f 6230/6486/6230 6229/6485/6229 6269/6525/6269 6270/6526/6270 
f 6270/6526/6270 6269/6525/6269 6271/6527/6271 6272/6528/6272 
f 6233/6489/6233 6230/6486/6230 6270/6526/6270 6266/6522/6266 
f 6266/6522/6266 6270/6526/6270 6272/6528/6272 6268/6524/6268 
f 6221/6477/6221 6224/6480/6224 6273/6529/6273 6274/6530/6274 
f 6224/6480/6224 6219/6475/6219 6275/6531/6275 6273/6529/6273 
f 6274/6530/6274 6273/6529/6273 6272/6528/6272 6271/6527/6271 
f 6273/6529/6273 6275/6531/6275 6268/6524/6268 6272/6528/6272 
f 6217/6473/6217 1155/1155/1155 1273/1273/1273 6276/6532/6276 
f 6276/6532/6276 1273/1273/1273 1276/1276/1276 6267/6523/6267 
f 6219/6475/6219 6217/6473/6217 6276/6532/6276 6275/6531/6275 
f 6275/6531/6275 6276/6532/6276 6267/6523/6267 6268/6524/6268 
f 1673/1673/1673 6250/6506/6250 6277/6533/6277 1771/1771/1771 
f 6250/6506/6250 6253/6509/6253 6278/6534/6278 6277/6533/6277 
f 1771/1771/1771 6277/6533/6277 6279/6535/6279 1773/1773/1773 
f 6277/6533/6277 6278/6534/6278 6280/6536/6280 6279/6535/6279 
f 6263/6519/6263 6262/6518/6262 6281/6537/6281 6282/6538/6282 
f 6282/6538/6282 6281/6537/6281 6283/6539/6283 6284/6540/6284 
f 6253/6509/6253 6263/6519/6263 6282/6538/6282 6278/6534/6278 
f 6278/6534/6278 6282/6538/6282 6284/6540/6284 6280/6536/6280 
f 6246/6502/6246 6245/6501/6245 6285/6541/6285 6286/6542/6286 
f 6245/6501/6245 6243/6499/6243 6287/6543/6287 6285/6541/6285 
f 6286/6542/6286 6285/6541/6285 6284/6540/6284 6283/6539/6283 
f 6285/6541/6285 6287/6543/6287 6280/6536/6280 6284/6540/6284 
f 6241/6497/6241 1224/1224/1224 1776/1776/1776 6288/6544/6288 
f 6288/6544/6288 1776/1776/1776 1773/1773/1773 6279/6535/6279 
f 6243/6499/6243 6241/6497/6241 6288/6544/6288 6287/6543/6287 
f 6287/6543/6287 6288/6544/6288 6279/6535/6279 6280/6536/6280 
f 6190/6446/6190 6189/6445/6189 6289/6545/6289 6290/6546/6290 
f 6189/6445/6189 6187/6443/6187 6291/6547/6291 6289/6545/6289 
f 6290/6546/6290 6289/6545/6289 6292/6548/6292 6293/6549/6293 
f 6289/6545/6289 6291/6547/6291 6294/6550/6294 6292/6548/6292 
f 6185/6441/6185 1287/1287/1287 1318/1318/1318 6295/6551/6295 
f 6295/6551/6295 1318/1318/1318 1314/1314/1314 6296/6552/6296 
f 6187/6443/6187 6185/6441/6185 6295/6551/6295 6291/6547/6291 
f 6291/6547/6291 6295/6551/6295 6296/6552/6296 6294/6550/6294 
f 1104/1104/1104 6202/6458/6202 6297/6553/6297 1312/1312/1312 
f 6202/6458/6202 6197/6453/6197 6298/6554/6298 6297/6553/6297 
f 1312/1312/1312 6297/6553/6297 6296/6552/6296 1314/1314/1314 
f 6297/6553/6297 6298/6554/6298 6294/6550/6294 6296/6552/6296 
f 6194/6450/6194 6193/6449/6193 6299/6555/6299 6300/6556/6300 
f 6300/6556/6300 6299/6555/6299 6293/6549/6293 6292/6548/6292 
f 6197/6453/6197 6194/6450/6194 6300/6556/6300 6298/6554/6298 
f 6298/6554/6298 6300/6556/6300 6292/6548/6292 6294/6550/6294 
f 6173/6429/6173 6176/6432/6176 6301/6557/6301 6302/6558/6302 
f 6176/6432/6176 6180/6436/6180 6303/6559/6303 6301/6557/6301 
f 6302/6558/6302 6301/6557/6301 6304/6560/6304 6305/6561/6305 
f 6301/6557/6301 6303/6559/6303 6306/6562/6306 6304/6560/6304 
f 6191/6447/6191 6190/6446/6190 6307/6563/6307 6308/6564/6308 
f 6308/6564/6308 6307/6563/6307 6309/6565/6309 6310/6566/6310 
f 6180/6436/6180 6191/6447/6191 6308/6564/6308 6303/6559/6303 
f 6303/6559/6303 6308/6564/6308 6310/6566/6310 6306/6562/6306 
f 1344/1344/1344 6171/6427/6171 6311/6567/6311 6312/6568/6312 
f 6171/6427/6171 6169/6425/6169 6313/6569/6313 6311/6567/6311 
f 6312/6568/6312 6311/6567/6311 6310/6566/6310 6309/6565/6309 
f 6311/6567/6311 6313/6569/6313 6306/6562/6306 6310/6566/6310 
f 6166/6422/6166 6165/6421/6165 6314/6570/6314 6315/6571/6315 
f 6315/6571/6315 6314/6570/6314 6305/6561/6305 6304/6560/6304 
f 6169/6425/6169 6166/6422/6166 6315/6571/6315 6313/6569/6313 
f 6313/6569/6313 6315/6571/6315 6304/6560/6304 6306/6562/6306 
f 6190/6446/6190 6290/6546/6290 6316/6572/6316 6307/6563/6307 
f 6290/6546/6290 6293/6549/6293 6317/6573/6317 6316/6572/6316 
f 6307/6563/6307 6316/6572/6316 6318/6574/6318 6309/6565/6309 
f 6316/6572/6316 6317/6573/6317 6319/6575/6319 6318/6574/6318 
f 6299/6555/6299 6193/6449/6193 6320/6576/6320 6321/6577/6321 
f 6321/6577/6321 6320/6576/6320 6322/6578/6322 6323/6579/6323 
f 6293/6549/6293 6299/6555/6299 6321/6577/6321 6317/6573/6317 
f 6317/6573/6317 6321/6577/6321 6323/6579/6323 6319/6575/6319 
f 1327/1327/1327 1330/1330/1330 6324/6580/6324 6325/6581/6325 
f 1330/1330/1330 1334/1334/1334 6326/6582/6326 6324/6580/6324 
f 6325/6581/6325 6324/6580/6324 6323/6579/6323 6322/6578/6322 
f 6324/6580/6324 6326/6582/6326 6319/6575/6319 6323/6579/6323 
f 1345/1345/1345 1344/1344/1344 6312/6568/6312 6327/6583/6327 
f 6327/6583/6327 6312/6568/6312 6309/6565/6309 6318/6574/6318 
f 1334/1334/1334 1345/1345/1345 6327/6583/6327 6326/6582/6326 
f 6326/6582/6326 6327/6583/6327 6318/6574/6318 6319/6575/6319 
f 6193/6449/6193 6196/6452/6196 6328/6584/6328 6320/6576/6320 
f 6196/6452/6196 6200/6456/6200 6329/6585/6329 6328/6584/6328 
f 6320/6576/6320 6328/6584/6328 6330/6586/6330 6322/6578/6322 
f 6328/6584/6328 6329/6585/6329 6331/6587/6331 6330/6586/6330 
f 6211/6467/6211 6210/6466/6210 6332/6588/6332 6333/6589/6333 
f 6333/6589/6333 6332/6588/6332 6334/6590/6334 6335/6591/6335 
f 6200/6456/6200 6211/6467/6211 6333/6589/6333 6329/6585/6329 
f 6329/6585/6329 6333/6589/6333 6335/6591/6335 6331/6587/6331 
f 1269/1269/1269 1336/1336/1336 6336/6592/6336 6337/6593/6337 
f 1336/1336/1336 1331/1331/1331 6338/6594/6338 6336/6592/6336 
f 6337/6593/6337 6336/6592/6336 6335/6591/6335 6334/6590/6334 
f 6336/6592/6336 6338/6594/6338 6331/6587/6331 6335/6591/6335 
f 1328/1328/1328 1327/1327/1327 6325/6581/6325 6339/6595/6339 
f 6339/6595/6339 6325/6581/6325 6322/6578/6322 6330/6586/6330 
f 1331/1331/1331 1328/1328/1328 6339/6595/6339 6338/6594/6338 
f 6338/6594/6338 6339/6595/6339 6330/6586/6330 6331/6587/6331 
f 6210/6466/6210 6227/6483/6227 6340/6596/6340 6332/6588/6332 
f 6227/6483/6227 6225/6481/6225 6341/6597/6341 6340/6596/6340 
f 6332/6588/6332 6340/6596/6340 6342/6598/6342 6334/6590/6334 
f 6340/6596/6340 6341/6597/6341 6343/6599/6343 6342/6598/6342 
f 6222/6478/6222 6221/6477/6221 6344/6600/6344 6345/6601/6345 
f 6345/6601/6345 6344/6600/6344 6346/6602/6346 6347/6603/6347 
f 6225/6481/6225 6222/6478/6222 6345/6601/6345 6341/6597/6341 
f 6341/6597/6341 6345/6601/6345 6347/6603/6347 6343/6599/6343 
f 1252/1252/1252 1255/1255/1255 6348/6604/6348 6349/6605/6349 
f 1255/1255/1255 1259/1259/1259 6350/6606/6350 6348/6604/6348 
f 6349/6605/6349 6348/6604/6348 6347/6603/6347 6346/6602/6346 
f 6348/6604/6348 6350/6606/6350 6343/6599/6343 6347/6603/6347 
f 1270/1270/1270 1269/1269/1269 6337/6593/6337 6351/6607/6351 
f 6351/6607/6351 6337/6593/6337 6334/6590/6334 6342/6598/6342 
f 1259/1259/1259 1270/1270/1270 6351/6607/6351 6350/6606/6350 
f 6350/6606/6350 6351/6607/6351 6342/6598/6342 6343/6599/6343 
f 6221/6477/6221 6274/6530/6274 6352/6608/6352 6344/6600/6344 
f 6274/6530/6274 6271/6527/6271 6353/6609/6353 6352/6608/6352 
f 6344/6600/6344 6352/6608/6352 6354/6610/6354 6346/6602/6346 
f 6352/6608/6352 6353/6609/6353 6355/6611/6355 6354/6610/6354 
f 6269/6525/6269 6229/6485/6229 6356/6612/6356 6357/6613/6357 
f 6357/6613/6357 6356/6612/6356 6358/6614/6358 6359/6615/6359 
f 6271/6527/6271 6269/6525/6269 6357/6613/6357 6353/6609/6353 
f 6353/6609/6353 6357/6613/6357 6359/6615/6359 6355/6611/6355 
f 1249/1249/1249 1261/1261/1261 6360/6616/6360 6361/6617/6361 
f 1261/1261/1261 1256/1256/1256 6362/6618/6362 6360/6616/6360 
f 6361/6617/6361 6360/6616/6360 6359/6615/6359 6358/6614/6358 
f 6360/6616/6360 6362/6618/6362 6355/6611/6355 6359/6615/6359 
f 1253/1253/1253 1252/1252/1252 6349/6605/6349 6363/6619/6363 
f 6363/6619/6363 6349/6605/6349 6346/6602/6346 6354/6610/6354 
f 1256/1256/1256 1253/1253/1253 6363/6619/6363 6362/6618/6362 
f 6362/6618/6362 6363/6619/6363 6354/6610/6354 6355/6611/6355 
f 6229/6485/6229 6232/6488/6232 6364/6620/6364 6356/6612/6356 
f 6232/6488/6232 6236/6492/6236 6365/6621/6365 6364/6620/6364 
f 6356/6612/6356 6364/6620/6364 6366/6622/6366 6358/6614/6358 
f 6364/6620/6364 6365/6621/6365 6367/6623/6367 6366/6622/6366 
f 6247/6503/6247 6246/6502/6246 6368/6624/6368 6369/6625/6369 
f 6369/6625/6369 6368/6624/6368 6370/6626/6370 6371/6627/6371 
f 6236/6492/6236 6247/6503/6247 6369/6625/6369 6365/6621/6365 
f 6365/6621/6365 6369/6625/6369 6371/6627/6371 6367/6623/6367 
f 1227/1227/1227 1230/1230/1230 6372/6628/6372 6373/6629/6373 
f 1230/1230/1230 1234/1234/1234 6374/6630/6374 6372/6628/6372 
f 6373/6629/6373 6372/6628/6372 6371/6627/6371 6370/6626/6370 
f 6372/6628/6372 6374/6630/6374 6367/6623/6367 6371/6627/6371 
f 1250/1250/1250 1249/1249/1249 6361/6617/6361 6375/6631/6375 
f 6375/6631/6375 6361/6617/6361 6358/6614/6358 6366/6622/6366 
f 1234/1234/1234 1250/1250/1250 6375/6631/6375 6374/6630/6374 
f 6374/6630/6374 6375/6631/6375 6366/6622/6366 6367/6623/6367 
f 6246/6502/6246 6286/6542/6286 6376/6632/6376 6368/6624/6368 
f 6286/6542/6286 6283/6539/6283 6377/6633/6377 6376/6632/6376 
f 6368/6624/6368 6376/6632/6376 6378/6634/6378 6370/6626/6370 
f 6376/6632/6376 6377/6633/6377 6379/6635/6379 6378/6634/6378 
f 6281/6537/6281 6262/6518/6262 6380/6636/6380 6381/6637/6381 
f 6381/6637/6381 6380/6636/6380 6382/6638/6382 6383/6639/6383 
f 6283/6539/6283 6281/6537/6281 6381/6637/6381 6377/6633/6377 
f 6377/6633/6377 6381/6637/6381 6383/6639/6383 6379/6635/6379 
f 1237/1237/1237 1236/1236/1236 6384/6640/6384 6385/6641/6385 
f 1236/1236/1236 1231/1231/1231 6386/6642/6386 6384/6640/6384 
f 6385/6641/6385 6384/6640/6384 6383/6639/6383 6382/6638/6382 
f 6384/6640/6384 6386/6642/6386 6379/6635/6379 6383/6639/6383 
f 1228/1228/1228 1227/1227/1227 6373/6629/6373 6387/6643/6387 
f 6387/6643/6387 6373/6629/6373 6370/6626/6370 6378/6634/6378 
f 1231/1231/1231 1228/1228/1228 6387/6643/6387 6386/6642/6386 
f 6386/6642/6386 6387/6643/6387 6378/6634/6378 6379/6635/6379 
f 6262/6518/6262 6261/6517/6261 6388/6644/6388 6380/6636/6380 
f 6261/6517/6261 6259/6515/6259 6389/6645/6389 6388/6644/6388 
f 6380/6636/6380 6388/6644/6388 6390/6646/6390 6382/6638/6382 
f 6388/6644/6388 6389/6645/6389 6391/6647/6391 6390/6646/6390 
f 6257/6513/6257 6173/6429/6173 6302/6558/6302 6392/6648/6392 
f 6392/6648/6392 6302/6558/6302 6305/6561/6305 6393/6649/6393 
f 6259/6515/6259 6257/6513/6257 6392/6648/6392 6389/6645/6389 
f 6389/6645/6389 6392/6648/6392 6393/6649/6393 6391/6647/6391 
f 6165/6421/6165 6168/6424/6168 6394/6650/6394 6314/6570/6314 
f 6168/6424/6168 6163/6419/6163 6395/6651/6395 6394/6650/6394 
f 6314/6570/6314 6394/6650/6394 6393/6649/6393 6305/6561/6305 
f 6394/6650/6394 6395/6651/6395 6391/6647/6391 6393/6649/6393 
f 6161/6417/6161 1237/1237/1237 6385/6641/6385 6396/6652/6396 
f 6396/6652/6396 6385/6641/6385 6382/6638/6382 6390/6646/6390 
f 6163/6419/6163 6161/6417/6161 6396/6652/6396 6395/6651/6395 
f 6395/6651/6395 6396/6652/6396 6390/6646/6390 6391/6647/6391 
f 6397/6653/6397 6398/6654/6398 6399/6655/6399 6400/6656/6400 
f 6398/6654/6398 6401/6657/6401 6402/6658/6402 6399/6655/6399 
f 6400/6656/6400 6399/6655/6399 6403/6659/6403 6404/6660/6404 
f 6399/6655/6399 6402/6658/6402 6405/6661/6405 6403/6659/6403 
f 6406/6662/6406 1491/1491/1491 1494/1494/1494 6407/6663/6407 
f 6407/6663/6407 1494/1494/1494 1498/1498/1498 6408/6664/6408 
f 6401/6657/6401 6406/6662/6406 6407/6663/6407 6402/6658/6402 
f 6402/6658/6402 6407/6663/6407 6408/6664/6408 6405/6661/6405 
f 1513/1513/1513 6409/6665/6409 6410/6666/6410 1514/1514/1514 
f 6409/6665/6409 6411/6667/6411 6412/6668/6412 6410/6666/6410 
f 1514/1514/1514 6410/6666/6410 6408/6664/6408 1498/1498/1498 
f 6410/6666/6410 6412/6668/6412 6405/6661/6405 6408/6664/6408 
f 6413/6669/6413 6414/6670/6414 6415/6671/6415 6416/6672/6416 
f 6416/6672/6416 6415/6671/6415 6404/6660/6404 6403/6659/6403 
f 6411/6667/6411 6413/6669/6413 6416/6672/6416 6412/6668/6412 
f 6412/6668/6412 6416/6672/6416 6403/6659/6403 6405/6661/6405 
f 1513/1513/1513 1996/1996/1996 6417/6673/6417 6409/6665/6409 
f 1996/1996/1996 1991/1991/1991 6418/6674/6418 6417/6673/6417 
f 6409/6665/6409 6417/6673/6417 6419/6675/6419 6411/6667/6411 
f 6417/6673/6417 6418/6674/6418 6420/6676/6420 6419/6675/6419 
f 1988/1988/1988 1987/1987/1987 6421/6677/6421 6422/6678/6422 
f 6422/6678/6422 6421/6677/6421 6423/6679/6423 6424/6680/6424 
f 1991/1991/1991 1988/1988/1988 6422/6678/6422 6418/6674/6418 
f 6418/6674/6418 6422/6678/6422 6424/6680/6424 6420/6676/6420 
f 6425/6681/6425 6426/6682/6426 6427/6683/6427 6428/6684/6428 
f 6426/6682/6426 6429/6685/6429 6430/6686/6430 6427/6683/6427 
f 6428/6684/6428 6427/6683/6427 6424/6680/6424 6423/6679/6423 
f 6427/6683/6427 6430/6686/6430 6420/6676/6420 6424/6680/6424 
f 6431/6687/6431 6414/6670/6414 6413/6669/6413 6432/6688/6432 
f 6432/6688/6432 6413/6669/6413 6411/6667/6411 6419/6675/6419 
f 6429/6685/6429 6431/6687/6431 6432/6688/6432 6430/6686/6430 
f 6430/6686/6430 6432/6688/6432 6419/6675/6419 6420/6676/6420 
f 6433/6689/6433 6434/6690/6434 6435/6691/6435 6436/6692/6436 
f 6434/6690/6434 6437/6693/6437 6438/6694/6438 6435/6691/6435 
f 6436/6692/6436 6435/6691/6435 6439/6695/6439 6440/6696/6440 
f 6435/6691/6435 6438/6694/6438 6441/6697/6441 6439/6695/6439 
f 6442/6698/6442 1915/1915/1915 1918/1918/1918 6443/6699/6443 
f 6443/6699/6443 1918/1918/1918 1922/1922/1922 6444/6700/6444 
f 6437/6693/6437 6442/6698/6442 6443/6699/6443 6438/6694/6438 
f 6438/6694/6438 6443/6699/6443 6444/6700/6444 6441/6697/6441 
f 1582/1582/1582 6445/6701/6445 6446/6702/6446 1929/1929/1929 
f 6445/6701/6445 6447/6703/6447 6448/6704/6448 6446/6702/6446 
f 1929/1929/1929 6446/6702/6446 6444/6700/6444 1922/1922/1922 
f 6446/6702/6446 6448/6704/6448 6441/6697/6441 6444/6700/6444 
f 6449/6705/6449 6450/6706/6450 6451/6707/6451 6452/6708/6452 
f 6452/6708/6452 6451/6707/6451 6440/6696/6440 6439/6695/6439 
f 6447/6703/6447 6449/6705/6449 6452/6708/6452 6448/6704/6448 
f 6448/6704/6448 6452/6708/6452 6439/6695/6439 6441/6697/6441 
f 6450/6706/6450 6449/6705/6449 6453/6709/6453 6454/6710/6454 
f 6449/6705/6449 6447/6703/6447 6455/6711/6455 6453/6709/6453 
f 6454/6710/6454 6453/6709/6453 6456/6712/6456 6457/6713/6457 
f 6453/6709/6453 6455/6711/6455 6458/6714/6458 6456/6712/6456 
f 6445/6701/6445 1582/1582/1582 1581/1581/1581 6459/6715/6459 
f 6459/6715/6459 1581/1581/1581 1576/1576/1576 6460/6716/6460 
f 6447/6703/6447 6445/6701/6445 6459/6715/6459 6455/6711/6455 
f 6455/6711/6455 6459/6715/6459 6460/6716/6460 6458/6714/6458 
f 1572/1572/1572 6461/6717/6461 6462/6718/6462 1573/1573/1573 
f 6461/6717/6461 6463/6719/6463 6464/6720/6464 6462/6718/6462 
f 1573/1573/1573 6462/6718/6462 6460/6716/6460 1576/1576/1576 
f 6462/6718/6462 6464/6720/6464 6458/6714/6458 6460/6716/6460 
f 6465/6721/6465 6466/6722/6466 6467/6723/6467 6468/6724/6468 
f 6468/6724/6468 6467/6723/6467 6457/6713/6457 6456/6712/6456 
f 6463/6719/6463 6465/6721/6465 6468/6724/6468 6464/6720/6464 
f 6464/6720/6464 6468/6724/6468 6456/6712/6456 6458/6714/6458 
f 1557/1557/1557 6469/6725/6469 6470/6726/6470 1608/1608/1608 
f 6469/6725/6469 6471/6727/6471 6472/6728/6472 6470/6726/6470 
f 1608/1608/1608 6470/6726/6470 6473/6729/6473 1610/1610/1610 
f 6470/6726/6470 6472/6728/6472 6474/6730/6474 6473/6729/6473 
f 6475/6731/6475 6476/6732/6476 6477/6733/6477 6478/6734/6478 
f 6478/6734/6478 6477/6733/6477 6479/6735/6479 6480/6736/6480 
f 6471/6727/6471 6475/6731/6475 6478/6734/6478 6472/6728/6472 
f 6472/6728/6472 6478/6734/6478 6480/6736/6480 6474/6730/6474 
f 6466/6722/6466 6465/6721/6465 6481/6737/6481 6482/6738/6482 
f 6465/6721/6465 6463/6719/6463 6483/6739/6483 6481/6737/6481 
f 6482/6738/6482 6481/6737/6481 6480/6736/6480 6479/6735/6479 
f 6481/6737/6481 6483/6739/6483 6474/6730/6474 6480/6736/6480 
f 6461/6717/6461 1572/1572/1572 1613/1613/1613 6484/6740/6484 
f 6484/6740/6484 1613/1613/1613 1610/1610/1610 6473/6729/6473 
f 6463/6719/6463 6461/6717/6461 6484/6740/6484 6483/6739/6483 
f 6483/6739/6483 6484/6740/6484 6473/6729/6473 6474/6730/6474 
f 6397/6653/6397 6485/6741/6485 6486/6742/6486 6398/6654/6398 
f 6485/6741/6485 6487/6743/6487 6488/6744/6488 6486/6742/6486 
f 6398/6654/6398 6486/6742/6486 6489/6745/6489 6401/6657/6401 
f 6486/6742/6486 6488/6744/6488 6490/6746/6490 6489/6745/6489 
f 6491/6747/6491 6476/6732/6476 6475/6731/6475 6492/6748/6492 
f 6492/6748/6492 6475/6731/6475 6471/6727/6471 6493/6749/6493 
f 6487/6743/6487 6491/6747/6491 6492/6748/6492 6488/6744/6488 
f 6488/6744/6488 6492/6748/6492 6493/6749/6493 6490/6746/6490 
f 1557/1557/1557 1556/1556/1556 6494/6750/6494 6469/6725/6469 
f 1556/1556/1556 1554/1554/1554 6495/6751/6495 6494/6750/6494 
f 6469/6725/6469 6494/6750/6494 6493/6749/6493 6471/6727/6471 
f 6494/6750/6494 6495/6751/6495 6490/6746/6490 6493/6749/6493 
f 1551/1551/1551 1491/1491/1491 6406/6662/6406 6496/6752/6496 
f 6496/6752/6496 6406/6662/6406 6401/6657/6401 6489/6745/6489 
f 1554/1554/1554 1551/1551/1551 6496/6752/6496 6495/6751/6495 
f 6495/6751/6495 6496/6752/6496 6489/6745/6489 6490/6746/6490 
f 1972/1972/1972 6497/6753/6497 6498/6754/6498 2033/2033/2033 
f 6497/6753/6497 6499/6755/6499 6500/6756/6500 6498/6754/6498 
f 2033/2033/2033 6498/6754/6498 6501/6757/6501 2035/2035/2035 
f 6498/6754/6498 6500/6756/6500 6502/6758/6502 6501/6757/6501 
f 6503/6759/6503 6504/6760/6504 6505/6761/6505 6506/6762/6506 
f 6506/6762/6506 6505/6761/6505 6507/6763/6507 6508/6764/6508 
f 6499/6755/6499 6503/6759/6503 6506/6762/6506 6500/6756/6500 
f 6500/6756/6500 6506/6762/6506 6508/6764/6508 6502/6758/6502 
f 6425/6681/6425 6428/6684/6428 6509/6765/6509 6510/6766/6510 
f 6428/6684/6428 6423/6679/6423 6511/6767/6511 6509/6765/6509 
f 6510/6766/6510 6509/6765/6509 6508/6764/6508 6507/6763/6507 
f 6509/6765/6509 6511/6767/6511 6502/6758/6502 6508/6764/6508 
f 6421/6677/6421 1987/1987/1987 2038/2038/2038 6512/6768/6512 
f 6512/6768/6512 2038/2038/2038 2035/2035/2035 6501/6757/6501 
f 6423/6679/6423 6421/6677/6421 6512/6768/6512 6511/6767/6511 
f 6511/6767/6511 6512/6768/6512 6501/6757/6501 6502/6758/6502 
f 6433/6689/6433 6513/6769/6513 6514/6770/6514 6434/6690/6434 
f 6513/6769/6513 6515/6771/6515 6516/6772/6516 6514/6770/6514 
f 6434/6690/6434 6514/6770/6514 6517/6773/6517 6437/6693/6437 
f 6514/6770/6514 6516/6772/6516 6518/6774/6518 6517/6773/6517 
f 6519/6775/6519 6504/6760/6504 6503/6759/6503 6520/6776/6520 
f 6520/6776/6520 6503/6759/6503 6499/6755/6499 6521/6777/6521 
f 6515/6771/6515 6519/6775/6519 6520/6776/6520 6516/6772/6516 
f 6516/6772/6516 6520/6776/6520 6521/6777/6521 6518/6774/6518 
f 1972/1972/1972 1971/1971/1971 6522/6778/6522 6497/6753/6497 
f 1971/1971/1971 1969/1969/1969 6523/6779/6523 6522/6778/6522 
f 6497/6753/6497 6522/6778/6522 6521/6777/6521 6499/6755/6499 
f 6522/6778/6522 6523/6779/6523 6518/6774/6518 6521/6777/6521 
f 1966/1966/1966 1915/1915/1915 6442/6698/6442 6524/6780/6524 
f 6524/6780/6524 6442/6698/6442 6437/6693/6437 6517/6773/6517 
f 1969/1969/1969 1966/1966/1966 6524/6780/6524 6523/6779/6523 
f 6523/6779/6523 6524/6780/6524 6517/6773/6517 6518/6774/6518 
f 6476/6732/6476 6491/6747/6491 6525/6781/6525 6526/6782/6526 
f 6491/6747/6491 6487/6743/6487 6527/6783/6527 6525/6781/6525 
f 6526/6782/6526 6525/6781/6525 6528/6784/6528 6529/6785/6529 
f 6525/6781/6525 6527/6783/6527 6530/6786/6530 6528/6784/6528 
f 6485/6741/6485 6397/6653/6397 6531/6787/6531 6532/6788/6532 
f 6532/6788/6532 6531/6787/6531 6533/6789/6533 6534/6790/6534 
f 6487/6743/6487 6485/6741/6485 6532/6788/6532 6527/6783/6527 
f 6527/6783/6527 6532/6788/6532 6534/6790/6534 6530/6786/6530 
f 1531/1531/1531 1534/1534/1534 6535/6791/6535 6536/6792/6536 
f 1534/1534/1534 1529/1529/1529 6537/6793/6537 6535/6791/6535 
f 6536/6792/6536 6535/6791/6535 6534/6790/6534 6533/6789/6533 
f 6535/6791/6535 6537/6793/6537 6530/6786/6530 6534/6790/6534 
f 1527/1527/1527 1526/1526/1526 6538/6794/6538 6539/6795/6539 
f 6539/6795/6539 6538/6794/6538 6529/6785/6529 6528/6784/6528 
f 1529/1529/1529 1527/1527/1527 6539/6795/6539 6537/6793/6537 
f 6537/6793/6537 6539/6795/6539 6528/6784/6528 6530/6786/6530 
f 6397/6653/6397 6400/6656/6400 6540/6796/6540 6531/6787/6531 
f 6400/6656/6400 6404/6660/6404 6541/6797/6541 6540/6796/6540 
f 6531/6787/6531 6540/6796/6540 6542/6798/6542 6533/6789/6533 
f 6540/6796/6540 6541/6797/6541 6543/6799/6543 6542/6798/6542 
f 6415/6671/6415 6414/6670/6414 6544/6800/6544 6545/6801/6545 
f 6545/6801/6545 6544/6800/6544 6546/6802/6546 6547/6803/6547 
f 6404/6660/6404 6415/6671/6415 6545/6801/6545 6541/6797/6541 
f 6541/6797/6541 6545/6801/6545 6547/6803/6547 6543/6799/6543 
f 1538/1538/1538 1537/1537/1537 6548/6804/6548 6549/6805/6549 
f 1537/1537/1537 1535/1535/1535 6550/6806/6550 6548/6804/6548 
f 6549/6805/6549 6548/6804/6548 6547/6803/6547 6546/6802/6546 
f 6548/6804/6548 6550/6806/6550 6543/6799/6543 6547/6803/6547 
f 1532/1532/1532 1531/1531/1531 6536/6792/6536 6551/6807/6551 
f 6551/6807/6551 6536/6792/6536 6533/6789/6533 6542/6798/6542 
f 1535/1535/1535 1532/1532/1532 6551/6807/6551 6550/6806/6550 
f 6550/6806/6550 6551/6807/6551 6542/6798/6542 6543/6799/6543 
f 6414/6670/6414 6431/6687/6431 6552/6808/6552 6544/6800/6544 
f 6431/6687/6431 6429/6685/6429 6553/6809/6553 6552/6808/6552 
f 6544/6800/6544 6552/6808/6552 6554/6810/6554 6546/6802/6546 
f 6552/6808/6552 6553/6809/6553 6555/6811/6555 6554/6810/6554 
f 6426/6682/6426 6425/6681/6425 6556/6812/6556 6557/6813/6557 
f 6557/6813/6557 6556/6812/6556 6558/6814/6558 6559/6815/6559 
f 6429/6685/6429 6426/6682/6426 6557/6813/6557 6553/6809/6553 
f 6553/6809/6553 6557/6813/6557 6559/6815/6559 6555/6811/6555 
f 2042/2042/2042 2045/2045/2045 6560/6816/6560 6561/6817/6561 
f 2045/2045/2045 2049/2049/2049 6562/6818/6562 6560/6816/6560 
f 6561/6817/6561 6560/6816/6560 6559/6815/6559 6558/6814/6558 
f 6560/6816/6560 6562/6818/6562 6555/6811/6555 6559/6815/6559 
f 2056/2056/2056 1538/1538/1538 6549/6805/6549 6563/6819/6563 
f 6563/6819/6563 6549/6805/6549 6546/6802/6546 6554/6810/6554 
f 2049/2049/2049 2056/2056/2056 6563/6819/6563 6562/6818/6562 
f 6562/6818/6562 6563/6819/6563 6554/6810/6554 6555/6811/6555 
f 6425/6681/6425 6510/6766/6510 6564/6820/6564 6556/6812/6556 
f 6510/6766/6510 6507/6763/6507 6565/6821/6565 6564/6820/6564 
f 6556/6812/6556 6564/6820/6564 6566/6822/6566 6558/6814/6558 
f 6564/6820/6564 6565/6821/6565 6567/6823/6567 6566/6822/6566 
f 6505/6761/6505 6504/6760/6504 6568/6824/6568 6569/6825/6569 
f 6569/6825/6569 6568/6824/6568 6570/6826/6570 6571/6827/6571 
f 6507/6763/6507 6505/6761/6505 6569/6825/6569 6565/6821/6565 
f 6565/6821/6565 6569/6825/6569 6571/6827/6571 6567/6823/6567 
f 1938/1938/1938 2051/2051/2051 6572/6828/6572 6573/6829/6573 
f 2051/2051/2051 2046/2046/2046 6574/6830/6574 6572/6828/6572 
f 6573/6829/6573 6572/6828/6572 6571/6827/6571 6570/6826/6570 
f 6572/6828/6572 6574/6830/6574 6567/6823/6567 6571/6827/6571 
f 2043/2043/2043 2042/2042/2042 6561/6817/6561 6575/6831/6575 
f 6575/6831/6575 6561/6817/6561 6558/6814/6558 6566/6822/6566 
f 2046/2046/2046 2043/2043/2043 6575/6831/6575 6574/6830/6574 
f 6574/6830/6574 6575/6831/6575 6566/6822/6566 6567/6823/6567 
f 6504/6760/6504 6519/6775/6519 6576/6832/6576 6568/6824/6568 
f 6519/6775/6519 6515/6771/6515 6577/6833/6577 6576/6832/6576 
f 6568/6824/6568 6576/6832/6576 6578/6834/6578 6570/6826/6570 
f 6576/6832/6576 6577/6833/6577 6579/6835/6579 6578/6834/6578 
f 6513/6769/6513 6433/6689/6433 6580/6836/6580 6581/6837/6581 
f 6581/6837/6581 6580/6836/6580 6582/6838/6582 6583/6839/6583 
f 6515/6771/6515 6513/6769/6513 6581/6837/6581 6577/6833/6577 
f 6577/6833/6577 6581/6837/6581 6583/6839/6583 6579/6835/6579 
f 1943/1943/1943 1946/1946/1946 6584/6840/6584 6585/6841/6585 
f 1946/1946/1946 1941/1941/1941 6586/6842/6586 6584/6840/6584 
f 6585/6841/6585 6584/6840/6584 6583/6839/6583 6582/6838/6582 
f 6584/6840/6584 6586/6842/6586 6579/6835/6579 6583/6839/6583 
f 1939/1939/1939 1938/1938/1938 6573/6829/6573 6587/6843/6587 
f 6587/6843/6587 6573/6829/6573 6570/6826/6570 6578/6834/6578 
f 1941/1941/1941 1939/1939/1939 6587/6843/6587 6586/6842/6586 
f 6586/6842/6586 6587/6843/6587 6578/6834/6578 6579/6835/6579 
f 6433/6689/6433 6436/6692/6436 6588/6844/6588 6580/6836/6580 
f 6436/6692/6436 6440/6696/6440 6589/6845/6589 6588/6844/6588 
f 6580/6836/6580 6588/6844/6588 6590/6846/6590 6582/6838/6582 
f 6588/6844/6588 6589/6845/6589 6591/6847/6591 6590/6846/6590 
f 6451/6707/6451 6450/6706/6450 6592/6848/6592 6593/6849/6593 
f 6593/6849/6593 6592/6848/6592 6594/6850/6594 6595/6851/6595 
f 6440/6696/6440 6451/6707/6451 6593/6849/6593 6589/6845/6589 
f 6589/6845/6589 6593/6849/6593 6595/6851/6595 6591/6847/6591 
f 1626/1626/1626 1949/1949/1949 6596/6852/6596 6597/6853/6597 
f 1949/1949/1949 1947/1947/1947 6598/6854/6598 6596/6852/6596 
f 6597/6853/6597 6596/6852/6596 6595/6851/6595 6594/6850/6594 
f 6596/6852/6596 6598/6854/6598 6591/6847/6591 6595/6851/6595 
f 1944/1944/1944 1943/1943/1943 6585/6841/6585 6599/6855/6599 
f 6599/6855/6599 6585/6841/6585 6582/6838/6582 6590/6846/6590 
f 1947/1947/1947 1944/1944/1944 6599/6855/6599 6598/6854/6598 
f 6598/6854/6598 6599/6855/6599 6590/6846/6590 6591/6847/6591 
f 6450/6706/6450 6454/6710/6454 6600/6856/6600 6592/6848/6592 
f 6454/6710/6454 6457/6713/6457 6601/6857/6601 6600/6856/6600 
f 6592/6848/6592 6600/6856/6600 6602/6858/6602 6594/6850/6594 
f 6600/6856/6600 6601/6857/6601 6603/6859/6603 6602/6858/6602 
f 6467/6723/6467 6466/6722/6466 6604/6860/6604 6605/6861/6605 
f 6605/6861/6605 6604/6860/6604 6606/6862/6606 6607/6863/6607 
f 6457/6713/6457 6467/6723/6467 6605/6861/6605 6601/6857/6601 
f 6601/6857/6601 6605/6861/6605 6607/6863/6607 6603/6859/6603 
f 1633/1633/1633 1632/1632/1632 6608/6864/6608 6609/6865/6609 
f 1632/1632/1632 1630/1630/1630 6610/6866/6610 6608/6864/6608 
f 6609/6865/6609 6608/6864/6608 6607/6863/6607 6606/6862/6606 
f 6608/6864/6608 6610/6866/6610 6603/6859/6603 6607/6863/6607 
f 1627/1627/1627 1626/1626/1626 6597/6853/6597 6611/6867/6611 
f 6611/6867/6611 6597/6853/6597 6594/6850/6594 6602/6858/6602 
f 1630/1630/1630 1627/1627/1627 6611/6867/6611 6610/6866/6610 
f 6610/6866/6610 6611/6867/6611 6602/6858/6602 6603/6859/6603 
f 6466/6722/6466 6482/6738/6482 6612/6868/6612 6604/6860/6604 
f 6482/6738/6482 6479/6735/6479 6613/6869/6613 6612/6868/6612 
f 6604/6860/6604 6612/6868/6612 6614/6870/6614 6606/6862/6606 
f 6612/6868/6612 6613/6869/6613 6615/6871/6615 6614/6870/6614 
f 6477/6733/6477 6476/6732/6476 6526/6782/6526 6616/6872/6616 
f 6616/6872/6616 6526/6782/6526 6529/6785/6529 6617/6873/6617 
f 6479/6735/6479 6477/6733/6477 6616/6872/6616 6613/6869/6613 
f 6613/6869/6613 6616/6872/6616 6617/6873/6617 6615/6871/6615 
f 1526/1526/1526 1617/1617/1617 6618/6874/6618 6538/6794/6538 
f 1617/1617/1617 1620/1620/1620 6619/6875/6619 6618/6874/6618 
f 6538/6794/6538 6618/6874/6618 6617/6873/6617 6529/6785/6529 
f 6618/6874/6618 6619/6875/6619 6615/6871/6615 6617/6873/6617 
f 1634/1634/1634 1633/1633/1633 6609/6865/6609 6620/6876/6620 
f 6620/6876/6620 6609/6865/6609 6606/6862/6606 6614/6870/6614 
f 1620/1620/1620 1634/1634/1634 6620/6876/6620 6619/6875/6619 
f 6619/6875/6619 6620/6876/6620 6614/6870/6614 6615/6871/6615 
f 195/195/195 194/194/194 6621/6877/6621 6622/6878/6622 
f 194/194/194 192/192/192 6623/6879/6623 6621/6877/6621 
f 6622/6878/6622 6621/6877/6621 6624/6880/6624 6625/6881/6625 
f 6621/6877/6621 6623/6879/6623 6626/6882/6626 6624/6880/6624 
f 189/189/189 154/154/154 6627/6883/6627 6628/6884/6628 
f 6628/6884/6628 6627/6883/6627 6629/6885/6629 6630/6886/6630 
f 192/192/192 189/189/189 6628/6884/6628 6623/6879/6623 
f 6623/6879/6623 6628/6884/6628 6630/6886/6630 6626/6882/6626 
f 6631/6887/6631 6632/6888/6632 6633/6889/6633 6634/6890/6634 
f 6632/6888/6632 6635/6891/6635 6636/6892/6636 6633/6889/6633 
f 6634/6890/6634 6633/6889/6633 6630/6886/6630 6629/6885/6629 
f 6633/6889/6633 6636/6892/6636 6626/6882/6626 6630/6886/6630 
f 6637/6893/6637 6638/6894/6638 6639/6895/6639 6640/6896/6640 
f 6640/6896/6640 6639/6895/6639 6625/6881/6625 6624/6880/6624 
f 6635/6891/6635 6637/6893/6637 6640/6896/6640 6636/6892/6636 
f 6636/6892/6636 6640/6896/6640 6624/6880/6624 6626/6882/6626 
f 6641/6897/6641 6642/6898/6642 6643/6899/6643 6644/6900/6644 
f 6642/6898/6642 6645/6901/6645 6646/6902/6646 6643/6899/6643 
f 6644/6900/6644 6643/6899/6643 6647/6903/6647 6648/6904/6648 
f 6643/6899/6643 6646/6902/6646 6649/6905/6649 6647/6903/6647 
f 6650/6906/6650 6651/6907/6651 6652/6908/6652 6653/6909/6653 
f 6653/6909/6653 6652/6908/6652 6654/6910/6654 6655/6911/6655 
f 6645/6901/6645 6650/6906/6650 6653/6909/6653 6646/6902/6646 
f 6646/6902/6646 6653/6909/6653 6655/6911/6655 6649/6905/6649 
f 6656/6912/6656 6657/6913/6657 6658/6914/6658 6659/6915/6659 
f 6657/6913/6657 6660/6916/6660 6661/6917/6661 6658/6914/6658 
f 6659/6915/6659 6658/6914/6658 6655/6911/6655 6654/6910/6654 
f 6658/6914/6658 6661/6917/6661 6649/6905/6649 6655/6911/6655 
f 6662/6918/6662 6663/6919/6663 6664/6920/6664 6665/6921/6665 
f 6665/6921/6665 6664/6920/6664 6648/6904/6648 6647/6903/6647 
f 6660/6916/6660 6662/6918/6662 6665/6921/6665 6661/6917/6661 
f 6661/6917/6661 6665/6921/6665 6647/6903/6647 6649/6905/6649 
f 220/220/220 219/219/219 6666/6922/6666 282/282/282 
f 219/219/219 214/214/214 6667/6923/6667 6666/6922/6666 
f 282/282/282 6666/6922/6666 6668/6924/6668 284/284/284 
f 6666/6922/6666 6667/6923/6667 6669/6925/6669 6668/6924/6668 
f 211/211/211 210/210/210 6670/6926/6670 6671/6927/6671 
f 6671/6927/6671 6670/6926/6670 6672/6928/6672 6673/6929/6673 
f 214/214/214 211/211/211 6671/6927/6671 6667/6923/6667 
f 6667/6923/6667 6671/6927/6671 6673/6929/6673 6669/6925/6669 
f 6674/6930/6674 6675/6931/6675 6676/6932/6676 6677/6933/6677 
f 6675/6931/6675 6678/6934/6678 6679/6935/6679 6676/6932/6676 
f 6677/6933/6677 6676/6932/6676 6673/6929/6673 6672/6928/6672 
f 6676/6932/6676 6679/6935/6679 6669/6925/6669 6673/6929/6673 
f 6680/6936/6680 289/289/289 288/288/288 6681/6937/6681 
f 6681/6937/6681 288/288/288 284/284/284 6668/6924/6668 
f 6678/6934/6678 6680/6936/6680 6681/6937/6681 6679/6935/6679 
f 6679/6935/6679 6681/6937/6681 6668/6924/6668 6669/6925/6669 
f 6682/6938/6682 6683/6939/6683 6684/6940/6684 6685/6941/6685 
f 6683/6939/6683 6686/6942/6686 6687/6943/6687 6684/6940/6684 
f 6685/6941/6685 6684/6940/6684 6688/6944/6688 6689/6945/6689 
f 6684/6940/6684 6687/6943/6687 6690/6946/6690 6688/6944/6688 
f 6691/6947/6691 6651/6907/6651 6650/6906/6650 6692/6948/6692 
f 6692/6948/6692 6650/6906/6650 6645/6901/6645 6693/6949/6693 
f 6686/6942/6686 6691/6947/6691 6692/6948/6692 6687/6943/6687 
f 6687/6943/6687 6692/6948/6692 6693/6949/6693 6690/6946/6690 
f 6641/6897/6641 6694/6950/6694 6695/6951/6695 6642/6898/6642 
f 6694/6950/6694 6696/6952/6696 6697/6953/6697 6695/6951/6695 
f 6642/6898/6642 6695/6951/6695 6693/6949/6693 6645/6901/6645 
f 6695/6951/6695 6697/6953/6697 6690/6946/6690 6693/6949/6693 
f 6698/6954/6698 6699/6955/6699 6700/6956/6700 6701/6957/6701 
f 6701/6957/6701 6700/6956/6700 6689/6945/6689 6688/6944/6688 
f 6696/6952/6696 6698/6954/6698 6701/6957/6701 6697/6953/6697 
f 6697/6953/6697 6701/6957/6701 6688/6944/6688 6690/6946/6690 
f 6641/6897/6641 6702/6958/6702 6703/6959/6703 6694/6950/6694 
f 6702/6958/6702 6704/6960/6704 6705/6961/6705 6703/6959/6703 
f 6694/6950/6694 6703/6959/6703 6706/6962/6706 6696/6952/6696 
f 6703/6959/6703 6705/6961/6705 6707/6963/6707 6706/6962/6706 
f 6708/6964/6708 6709/6965/6709 6710/6966/6710 6711/6967/6711 
f 6711/6967/6711 6710/6966/6710 6712/6968/6712 6713/6969/6713 
f 6704/6960/6704 6708/6964/6708 6711/6967/6711 6705/6961/6705 
f 6705/6961/6705 6711/6967/6711 6713/6969/6713 6707/6963/6707 
f 6714/6970/6714 6715/6971/6715 6716/6972/6716 6717/6973/6717 
f 6715/6971/6715 6718/6974/6718 6719/6975/6719 6716/6972/6716 
f 6717/6973/6717 6716/6972/6716 6713/6969/6713 6712/6968/6712 
f 6716/6972/6716 6719/6975/6719 6707/6963/6707 6713/6969/6713 
f 6720/6976/6720 6699/6955/6699 6698/6954/6698 6721/6977/6721 
f 6721/6977/6721 6698/6954/6698 6696/6952/6696 6706/6962/6706 
f 6718/6974/6718 6720/6976/6720 6721/6977/6721 6719/6975/6719 
f 6719/6975/6719 6721/6977/6721 6706/6962/6706 6707/6963/6707 
f 176/176/176 351/351/351 6722/6978/6722 6723/6979/6723 
f 351/351/351 346/346/346 6724/6980/6724 6722/6978/6722 
f 6723/6979/6723 6722/6978/6722 6725/6981/6725 6726/6982/6726 
f 6722/6978/6722 6724/6980/6724 6727/6983/6727 6725/6981/6725 
f 343/343/343 342/342/342 6728/6984/6728 6729/6985/6729 
f 6729/6985/6729 6728/6984/6728 6730/6986/6730 6731/6987/6731 
f 346/346/346 343/343/343 6729/6985/6729 6724/6980/6724 
f 6724/6980/6724 6729/6985/6729 6731/6987/6731 6727/6983/6727 
f 6732/6988/6732 6733/6989/6733 6734/6990/6734 6735/6991/6735 
f 6733/6989/6733 6736/6992/6736 6737/6993/6737 6734/6990/6734 
f 6735/6991/6735 6734/6990/6734 6731/6987/6731 6730/6986/6730 
f 6734/6990/6734 6737/6993/6737 6727/6983/6727 6731/6987/6731 
f 6738/6994/6738 6739/6995/6739 6740/6996/6740 6741/6997/6741 
f 6741/6997/6741 6740/6996/6740 6726/6982/6726 6725/6981/6725 
f 6736/6992/6736 6738/6994/6738 6741/6997/6741 6737/6993/6737 
f 6737/6993/6737 6741/6997/6741 6725/6981/6725 6727/6983/6727 
f 6742/6998/6742 6743/6999/6743 6744/7000/6744 6745/7001/6745 
f 6743/6999/6743 6746/7002/6746 6747/7003/6747 6744/7000/6744 
f 6745/7001/6745 6744/7000/6744 6748/7004/6748 6749/7005/6749 
f 6744/7000/6744 6747/7003/6747 6750/7006/6750 6748/7004/6748 
f 6751/7007/6751 6709/6965/6709 6708/6964/6708 6752/7008/6752 
f 6752/7008/6752 6708/6964/6708 6704/6960/6704 6753/7009/6753 
f 6746/7002/6746 6751/7007/6751 6752/7008/6752 6747/7003/6747 
f 6747/7003/6747 6752/7008/6752 6753/7009/6753 6750/7006/6750 
f 6641/6897/6641 6644/6900/6644 6754/7010/6754 6702/6958/6702 
f 6644/6900/6644 6648/6904/6648 6755/7011/6755 6754/7010/6754 
f 6702/6958/6702 6754/7010/6754 6753/7009/6753 6704/6960/6704 
f 6754/7010/6754 6755/7011/6755 6750/7006/6750 6753/7009/6753 
f 6664/6920/6664 6663/6919/6663 6756/7012/6756 6757/7013/6757 
f 6757/7013/6757 6756/7012/6756 6749/7005/6749 6748/7004/6748 
f 6648/6904/6648 6664/6920/6664 6757/7013/6757 6755/7011/6755 
f 6755/7011/6755 6757/7013/6757 6748/7004/6748 6750/7006/6750 
f 342/342/342 393/393/393 6758/7014/6758 6728/6984/6728 
f 393/393/393 390/390/390 6759/7015/6759 6758/7014/6758 
f 6728/6984/6728 6758/7014/6758 6760/7016/6760 6730/6986/6730 
f 6758/7014/6758 6759/7015/6759 6761/7017/6761 6760/7016/6760 
f 388/388/388 323/323/323 6762/7018/6762 6763/7019/6763 
f 6763/7019/6763 6762/7018/6762 6764/7020/6764 6765/7021/6765 
f 390/390/390 388/388/388 6763/7019/6763 6759/7015/6759 
f 6759/7015/6759 6763/7019/6763 6765/7021/6765 6761/7017/6761 
f 6766/7022/6766 6767/7023/6767 6768/7024/6768 6769/7025/6769 
f 6767/7023/6767 6770/7026/6770 6771/7027/6771 6768/7024/6768 
f 6769/7025/6769 6768/7024/6768 6765/7021/6765 6764/7020/6764 
f 6768/7024/6768 6771/7027/6771 6761/7017/6761 6765/7021/6765 
f 6772/7028/6772 6732/6988/6732 6735/6991/6735 6773/7029/6773 
f 6773/7029/6773 6735/6991/6735 6730/6986/6730 6760/7016/6760 
f 6770/7026/6770 6772/7028/6772 6773/7029/6773 6771/7027/6771 
f 6771/7027/6771 6773/7029/6773 6760/7016/6760 6761/7017/6761 
f 294/294/294 6774/7030/6774 6775/7031/6775 295/295/295 
f 6774/7030/6774 6776/7032/6776 6777/7033/6777 6775/7031/6775 
f 295/295/295 6775/7031/6775 6778/7034/6778 298/298/298 
f 6775/7031/6775 6777/7033/6777 6779/7035/6779 6778/7034/6778 
f 6780/7036/6780 6766/7022/6766 6769/7025/6769 6781/7037/6781 
f 6781/7037/6781 6769/7025/6769 6764/7020/6764 6782/7038/6782 
f 6776/7032/6776 6780/7036/6780 6781/7037/6781 6777/7033/6777 
f 6777/7033/6777 6781/7037/6781 6782/7038/6782 6779/7035/6779 
f 323/323/323 322/322/322 6783/7039/6783 6762/7018/6762 
f 322/322/322 320/320/320 6784/7040/6784 6783/7039/6783 
f 6762/7018/6762 6783/7039/6783 6782/7038/6782 6764/7020/6764 
f 6783/7039/6783 6784/7040/6784 6779/7035/6779 6782/7038/6782 
f 317/317/317 262/262/262 300/300/300 6785/7041/6785 
f 6785/7041/6785 300/300/300 298/298/298 6778/7034/6778 
f 320/320/320 317/317/317 6785/7041/6785 6784/7040/6784 
f 6784/7040/6784 6785/7041/6785 6778/7034/6778 6779/7035/6779 
f 195/195/195 6622/6878/6622 6786/7042/6786 254/254/254 
f 6622/6878/6622 6625/6881/6625 6787/7043/6787 6786/7042/6786 
f 254/254/254 6786/7042/6786 6788/7044/6788 256/256/256 
f 6786/7042/6786 6787/7043/6787 6789/7045/6789 6788/7044/6788 
f 6639/6895/6639 6638/6894/6638 6790/7046/6790 6791/7047/6791 
f 6791/7047/6791 6790/7046/6790 6792/7048/6792 6793/7049/6793 
f 6625/6881/6625 6639/6895/6639 6791/7047/6791 6787/7043/6787 
f 6787/7043/6787 6791/7047/6791 6793/7049/6793 6789/7045/6789 
f 6674/6930/6674 6677/6933/6677 6794/7050/6794 6795/7051/6795 
f 6677/6933/6677 6672/6928/6672 6796/7052/6796 6794/7050/6794 
f 6795/7051/6795 6794/7050/6794 6793/7049/6793 6792/7048/6792 
f 6794/7050/6794 6796/7052/6796 6789/7045/6789 6793/7049/6793 
f 6670/6926/6670 210/210/210 259/259/259 6797/7053/6797 
f 6797/7053/6797 259/259/259 256/256/256 6788/7044/6788 
f 6672/6928/6672 6670/6926/6670 6797/7053/6797 6796/7052/6796 
f 6796/7052/6796 6797/7053/6797 6788/7044/6788 6789/7045/6789 
f 176/176/176 6723/6979/6723 6798/7054/6798 177/177/177 
f 6723/6979/6723 6726/6982/6726 6799/7055/6799 6798/7054/6798 
f 177/177/177 6798/7054/6798 6800/7056/6800 161/161/161 
f 6798/7054/6798 6799/7055/6799 6801/7057/6801 6800/7056/6800 
f 6740/6996/6740 6739/6995/6739 6802/7058/6802 6803/7059/6803 
f 6803/7059/6803 6802/7058/6802 6804/7060/6804 6805/7061/6805 
f 6726/6982/6726 6740/6996/6740 6803/7059/6803 6799/7055/6799 
f 6799/7055/6799 6803/7059/6803 6805/7061/6805 6801/7057/6801 
f 6631/6887/6631 6634/6890/6634 6806/7062/6806 6807/7063/6807 
f 6634/6890/6634 6629/6885/6629 6808/7064/6808 6806/7062/6806 
f 6807/7063/6807 6806/7062/6806 6805/7061/6805 6804/7060/6804 
f 6806/7062/6806 6808/7064/6808 6801/7057/6801 6805/7061/6805 
f 6627/6883/6627 154/154/154 157/157/157 6809/7065/6809 
f 6809/7065/6809 157/157/157 161/161/161 6800/7056/6800 
f 6629/6885/6629 6627/6883/6627 6809/7065/6809 6808/7064/6808 
f 6808/7064/6808 6809/7065/6809 6800/7056/6800 6801/7057/6801 
f 6631/6887/6631 6807/7063/6807 6810/7066/6810 6811/7067/6811 
f 6807/7063/6807 6804/7060/6804 6812/7068/6812 6810/7066/6810 
f 6811/7067/6811 6810/7066/6810 6813/7069/6813 6814/7070/6814 
f 6810/7066/6810 6812/7068/6812 6815/7071/6815 6813/7069/6813 
f 6802/7058/6802 6739/6995/6739 6816/7072/6816 6817/7073/6817 
f 6817/7073/6817 6816/7072/6816 6818/7074/6818 6819/7075/6819 
f 6804/7060/6804 6802/7058/6802 6817/7073/6817 6812/7068/6812 
f 6812/7068/6812 6817/7073/6817 6819/7075/6819 6815/7071/6815 
f 6663/6919/6663 6662/6918/6662 6820/7076/6820 6821/7077/6821 
f 6662/6918/6662 6660/6916/6660 6822/7078/6822 6820/7076/6820 
f 6821/7077/6821 6820/7076/6820 6819/7075/6819 6818/7074/6818 
f 6820/7076/6820 6822/7078/6822 6815/7071/6815 6819/7075/6819 
f 6657/6913/6657 6656/6912/6656 6823/7079/6823 6824/7080/6824 
f 6824/7080/6824 6823/7079/6823 6814/7070/6814 6813/7069/6813 
f 6660/6916/6660 6657/6913/6657 6824/7080/6824 6822/7078/6822 
f 6822/7078/6822 6824/7080/6824 6813/7069/6813 6815/7071/6815 
f 6739/6995/6739 6738/6994/6738 6825/7081/6825 6816/7072/6816 
f 6738/6994/6738 6736/6992/6736 6826/7082/6826 6825/7081/6825 
f 6816/7072/6816 6825/7081/6825 6827/7083/6827 6818/7074/6818 
f 6825/7081/6825 6826/7082/6826 6828/7084/6828 6827/7083/6827 
f 6733/6989/6733 6732/6988/6732 6829/7085/6829 6830/7086/6830 
f 6830/7086/6830 6829/7085/6829 6831/7087/6831 6832/7088/6832 
f 6736/6992/6736 6733/6989/6733 6830/7086/6830 6826/7082/6826 
f 6826/7082/6826 6830/7086/6830 6832/7088/6832 6828/7084/6828 
f 6742/6998/6742 6745/7001/6745 6833/7089/6833 6834/7090/6834 
f 6745/7001/6745 6749/7005/6749 6835/7091/6835 6833/7089/6833 
f 6834/7090/6834 6833/7089/6833 6832/7088/6832 6831/7087/6831 
f 6833/7089/6833 6835/7091/6835 6828/7084/6828 6832/7088/6832 
f 6756/7012/6756 6663/6919/6663 6821/7077/6821 6836/7092/6836 
f 6836/7092/6836 6821/7077/6821 6818/7074/6818 6827/7083/6827 
f 6749/7005/6749 6756/7012/6756 6836/7092/6836 6835/7091/6835 
f 6835/7091/6835 6836/7092/6836 6827/7083/6827 6828/7084/6828 
f 6732/6988/6732 6772/7028/6772 6837/7093/6837 6829/7085/6829 
f 6772/7028/6772 6770/7026/6770 6838/7094/6838 6837/7093/6837 
f 6829/7085/6829 6837/7093/6837 6839/7095/6839 6831/7087/6831 
f 6837/7093/6837 6838/7094/6838 6840/7096/6840 6839/7095/6839 
f 6767/7023/6767 6766/7022/6766 6841/7097/6841 6842/7098/6842 
f 6842/7098/6842 6841/7097/6841 6843/7099/6843 6844/7100/6844 
f 6770/7026/6770 6767/7023/6767 6842/7098/6842 6838/7094/6838 
f 6838/7094/6838 6842/7098/6842 6844/7100/6844 6840/7096/6840 
f 6709/6965/6709 6751/7007/6751 6845/7101/6845 6846/7102/6846 
f 6751/7007/6751 6746/7002/6746 6847/7103/6847 6845/7101/6845 
f 6846/7102/6846 6845/7101/6845 6844/7100/6844 6843/7099/6843 
f 6845/7101/6845 6847/7103/6847 6840/7096/6840 6844/7100/6844 
f 6743/6999/6743 6742/6998/6742 6834/7090/6834 6848/7104/6848 
f 6848/7104/6848 6834/7090/6834 6831/7087/6831 6839/7095/6839 
f 6746/7002/6746 6743/6999/6743 6848/7104/6848 6847/7103/6847 
f 6847/7103/6847 6848/7104/6848 6839/7095/6839 6840/7096/6840 
f 6766/7022/6766 6780/7036/6780 6849/7105/6849 6841/7097/6841 
f 6780/7036/6780 6776/7032/6776 6850/7106/6850 6849/7105/6849 
f 6841/7097/6841 6849/7105/6849 6851/7107/6851 6843/7099/6843 
f 6849/7105/6849 6850/7106/6850 6852/7108/6852 6851/7107/6851 
f 6774/7030/6774 294/294/294 6853/7109/6853 6854/7110/6854 
f 6854/7110/6854 6853/7109/6853 6855/7111/6855 6856/7112/6856 
f 6776/7032/6776 6774/7030/6774 6854/7110/6854 6850/7106/6850 
f 6850/7106/6850 6854/7110/6854 6856/7112/6856 6852/7108/6852 
f 6714/6970/6714 6717/6973/6717 6857/7113/6857 6858/7114/6858 
f 6717/6973/6717 6712/6968/6712 6859/7115/6859 6857/7113/6857 
f 6858/7114/6858 6857/7113/6857 6856/7112/6856 6855/7111/6855 
f 6857/7113/6857 6859/7115/6859 6852/7108/6852 6856/7112/6856 
f 6710/6966/6710 6709/6965/6709 6846/7102/6846 6860/7116/6860 
f 6860/7116/6860 6846/7102/6846 6843/7099/6843 6851/7107/6851 
f 6712/6968/6712 6710/6966/6710 6860/7116/6860 6859/7115/6859 
f 6859/7115/6859 6860/7116/6860 6851/7107/6851 6852/7108/6852 
f 294/294/294 297/297/297 6861/7117/6861 6853/7109/6853 
f 297/297/297 292/292/292 6862/7118/6862 6861/7117/6861 
f 6853/7109/6853 6861/7117/6861 6863/7119/6863 6855/7111/6855 
f 6861/7117/6861 6862/7118/6862 6864/7120/6864 6863/7119/6863 
f 290/290/290 289/289/289 6865/7121/6865 6866/7122/6866 
f 6866/7122/6866 6865/7121/6865 6867/7123/6867 6868/7124/6868 
f 292/292/292 290/290/290 6866/7122/6866 6862/7118/6862 
f 6862/7118/6862 6866/7122/6866 6868/7124/6868 6864/7120/6864 
f 6699/6955/6699 6720/6976/6720 6869/7125/6869 6870/7126/6870 
f 6720/6976/6720 6718/6974/6718 6871/7127/6871 6869/7125/6869 
f 6870/7126/6870 6869/7125/6869 6868/7124/6868 6867/7123/6867 
f 6869/7125/6869 6871/7127/6871 6864/7120/6864 6868/7124/6868 
f 6715/6971/6715 6714/6970/6714 6858/7114/6858 6872/7128/6872 
f 6872/7128/6872 6858/7114/6858 6855/7111/6855 6863/7119/6863 
f 6718/6974/6718 6715/6971/6715 6872/7128/6872 6871/7127/6871 
f 6871/7127/6871 6872/7128/6872 6863/7119/6863 6864/7120/6864 
f 289/289/289 6680/6936/6680 6873/7129/6873 6865/7121/6865 
f 6680/6936/6680 6678/6934/6678 6874/7130/6874 6873/7129/6873 
f 6865/7121/6865 6873/7129/6873 6875/7131/6875 6867/7123/6867 
f 6873/7129/6873 6874/7130/6874 6876/7132/6876 6875/7131/6875 
f 6675/6931/6675 6674/6930/6674 6877/7133/6877 6878/7134/6878 
f 6878/7134/6878 6877/7133/6877 6879/7135/6879 6880/7136/6880 
f 6678/6934/6678 6675/6931/6675 6878/7134/6878 6874/7130/6874 
f 6874/7130/6874 6878/7134/6878 6880/7136/6880 6876/7132/6876 
f 6682/6938/6682 6685/6941/6685 6881/7137/6881 6882/7138/6882 
f 6685/6941/6685 6689/6945/6689 6883/7139/6883 6881/7137/6881 
f 6882/7138/6882 6881/7137/6881 6880/7136/6880 6879/7135/6879 
f 6881/7137/6881 6883/7139/6883 6876/7132/6876 6880/7136/6880 
f 6700/6956/6700 6699/6955/6699 6870/7126/6870 6884/7140/6884 
f 6884/7140/6884 6870/7126/6870 6867/7123/6867 6875/7131/6875 
f 6689/6945/6689 6700/6956/6700 6884/7140/6884 6883/7139/6883 
f 6883/7139/6883 6884/7140/6884 6875/7131/6875 6876/7132/6876 
f 6674/6930/6674 6795/7051/6795 6885/7141/6885 6877/7133/6877 
f 6795/7051/6795 6792/7048/6792 6886/7142/6886 6885/7141/6885 
f 6877/7133/6877 6885/7141/6885 6887/7143/6887 6879/7135/6879 
f 6885/7141/6885 6886/7142/6886 6888/7144/6888 6887/7143/6887 
f 6790/7046/6790 6638/6894/6638 6889/7145/6889 6890/7146/6890 
f 6890/7146/6890 6889/7145/6889 6891/7147/6891 6892/7148/6892 
f 6792/7048/6792 6790/7046/6790 6890/7146/6890 6886/7142/6886 
f 6886/7142/6886 6890/7146/6890 6892/7148/6892 6888/7144/6888 
f 6651/6907/6651 6691/6947/6691 6893/7149/6893 6894/7150/6894 
f 6691/6947/6691 6686/6942/6686 6895/7151/6895 6893/7149/6893 
f 6894/7150/6894 6893/7149/6893 6892/7148/6892 6891/7147/6891 
f 6893/7149/6893 6895/7151/6895 6888/7144/6888 6892/7148/6892 
f 6683/6939/6683 6682/6938/6682 6882/7138/6882 6896/7152/6896 
f 6896/7152/6896 6882/7138/6882 6879/7135/6879 6887/7143/6887 
f 6686/6942/6686 6683/6939/6683 6896/7152/6896 6895/7151/6895 
f 6895/7151/6895 6896/7152/6896 6887/7143/6887 6888/7144/6888 
f 6638/6894/6638 6637/6893/6637 6897/7153/6897 6889/7145/6889 
f 6637/6893/6637 6635/6891/6635 6898/7154/6898 6897/7153/6897 
f 6889/7145/6889 6897/7153/6897 6899/7155/6899 6891/7147/6891 
f 6897/7153/6897 6898/7154/6898 6900/7156/6900 6899/7155/6899 
f 6632/6888/6632 6631/6887/6631 6811/7067/6811 6901/7157/6901 
f 6901/7157/6901 6811/7067/6811 6814/7070/6814 6902/7158/6902 
f 6635/6891/6635 6632/6888/6632 6901/7157/6901 6898/7154/6898 
f 6898/7154/6898 6901/7157/6901 6902/7158/6902 6900/7156/6900 
f 6656/6912/6656 6659/6915/6659 6903/7159/6903 6823/7079/6823 
f 6659/6915/6659 6654/6910/6654 6904/7160/6904 6903/7159/6903 
f 6823/7079/6823 6903/7159/6903 6902/7158/6902 6814/7070/6814 
f 6903/7159/6903 6904/7160/6904 6900/7156/6900 6902/7158/6902 
f 6652/6908/6652 6651/6907/6651 6894/7150/6894 6905/7161/6905 
f 6905/7161/6905 6894/7150/6894 6891/7147/6891 6899/7155/6899 
f 6654/6910/6654 6652/6908/6652 6905/7161/6905 6904/7160/6904 
f 6904/7160/6904 6905/7161/6905 6899/7155/6899 6900/7156/6900 
f 412/412/412 1018/1018/1018 6906/7162/6906 413/413/413 
f 1018/1018/1018 1015/1015/1015 6907/7163/6907 6906/7162/6906 
f 413/413/413 6906/7162/6906 6908/7164/6908 416/416/416 
f 6906/7162/6906 6907/7163/6907 6909/7165/6909 6908/7164/6908 
f 1013/1013/1013 1012/1012/1012 1047/1047/1047 6910/7166/6910 
f 6910/7166/6910 1047/1047/1047 1045/1045/1045 6911/7167/6911 
f 1015/1015/1015 1013/1013/1013 6910/7166/6910 6907/7163/6907 
f 6907/7163/6907 6910/7166/6910 6911/7167/6911 6909/7165/6909 
f 1041/1041/1041 3481/3563/3481 6912/7168/6912 1042/1042/1042 
f 3481/3563/3481 3479/3561/3479 6913/7169/6913 6912/7168/6912 
f 1042/1042/1042 6912/7168/6912 6911/7167/6911 1045/1045/1045 
f 6912/7168/6912 6913/7169/6913 6909/7165/6909 6911/7167/6911 
f 3477/3559/3477 419/419/419 418/418/418 6914/7170/6914 
f 6914/7170/6914 418/418/418 416/416/416 6908/7164/6908 
f 3479/3561/3479 3477/3559/3477 6914/7170/6914 6913/7169/6913 
f 6913/7169/6913 6914/7170/6914 6908/7164/6908 6909/7165/6909 
# 6912 polygons

