# File generated by ImageToStl.com - Free Image and 3D model conversion tools

mtllib jupiter_1_142984.mtl

o obj1
v -322.02099609 -252.72802734 -270.54202271
v -288.67501831 -269.94744873 -288.67507935
v -303.46200562 -283.775177 -256.40408325
v -303.46398926 -239.77090454 -303.46401978
v 270.54101562 -252.72799683 -322.02203369
v 288.67501831 -269.94744873 -288.67507935
v 256.40402222 -283.77514648 -303.46405029
v 303.46398926 -239.77090454 -303.46401978
v 322.02099609 -252.72808838 270.54196167
v 288.67501831 -269.9475708 288.67495728
v 303.46200562 -283.77523804 256.40292358
v 303.46398926 -239.77102661 303.46395874
v -270.54101562 -252.7281189 322.02197266
v -288.67501831 -269.9475708 288.67495728
v -256.40402222 -283.77618408 303.46392822
v -303.46398926 -239.77102661 303.46395874
v 256.40402222 -283.77514648 -303.46405029
v 303.46200562 -283.775177 -256.40408325
v 270.26199341 -301.13015747 -270.5430603
v 288.67501831 -269.94744873 -288.67507935
v -303.46200562 283.77523804 -256.40292358
v -256.40402222 283.77618408 -303.46392822
v -288.67501831 269.9475708 -288.67495728
v -270.26199341 301.13021851 -270.54293823
v -316.36599731 360.0786438 41.17006302
v -353.55300903 330.61657715 5.76E-05
v -352.53302002 329.66278076 38.43205643
v -317.2250061 361.46264648 6.298E-05
v 49.00799942 465.30368042 8.107E-05
v 0 465.30184937 49.00807953
v 48.9640007 463.01358032 49.18708038
v 0 467.56298828 8.146E-05
v 0 330.61663818 -353.552948
v 40.90699768 359.94311523 -316.57394409
v 38.43199921 329.65719604 -352.5319519
v 0 361.46270752 -317.22393799
v 353.55300903 -330.61657715 -5.76E-05
v 316.36599731 -360.0786438 41.16994095
v 317.2250061 -361.46264648 -6.298E-05
v 352.53302002 -329.66278076 38.43194199
v 0 -465.30184937 49.00691986
v -49.00799942 -465.30368042 -8.107E-05
v 0 -467.56298828 -8.146E-05
v -48.9640007 -463.01358032 49.18692017
v -40.90699768 -359.94302368 -316.57406616
v 0 -330.61654663 -353.55307007
v 0 -361.46258545 -317.22406006
v -38.43199921 -329.65707397 -352.53308105
v 38.43199921 -329.65719604 352.5319519
v 0 -296.64163208 386.53494263
v 0 -330.61663818 353.552948
v 41.16899872 -295.83557129 385.05493164
v 49.18700027 45.78743362 495.13500977
v 0 -7.618E-05 500
v 49.00699997 -7.581E-05 497.58200073
v 0 45.82857513 497.58398438
v -316.5670166 38.25220871 384.90997314
v -353.55300903 -5.386E-05 353.55300903
v -317.22000122 -5.889E-05 386.53399658
v -352.52600098 35.93870544 352.52600098
v 352.53302002 -329.66278076 -38.43205643
v 386.53900146 -296.64532471 -5.168E-05
v 353.55300903 -330.61657715 -5.76E-05
v 385.05899048 -295.84204102 -41.17005539
v 495.13500977 45.78751373 -49.18699265
v 500 0 0
v 497.58200073 7.47E-06 -49.00699997
v 497.58398438 45.82865143 7.98E-06
v 384.90997314 38.25221252 316.5670166
v 353.55300903 -5.386E-05 353.55300903
v 386.53399658 -4.833E-05 317.22000122
v 352.52600098 35.93870544 352.52600098
v -38.43199921 -329.65707397 -352.53308105
v 0 -296.64151001 -386.5350647
v 0 -330.61654663 -353.55307007
v -41.16899872 -295.83544922 -385.05505371
v -49.18700027 45.7875824 -495.13500977
v 0 7.618E-05 -500
v -49.00699997 7.581E-05 -497.58200073
v 0 45.82872772 -497.58398438
v 316.5670166 38.25231934 -384.90997314
v 353.55300903 5.386E-05 -353.55300903
v 317.22000122 5.889E-05 -386.53399658
v 352.52600098 35.93881226 -352.52600098
v -352.53302002 -329.66278076 38.43194199
v -386.53900146 -296.64532471 -5.168E-05
v -353.55300903 -330.61657715 -5.76E-05
v -385.05899048 -295.84204102 41.16994858
v -495.13500977 45.78750229 49.1870079
v -500 0 0
v -497.58200073 -7.47E-06 49.00699997
v -497.58398438 45.82865143 7.98E-06
v -384.90997314 38.25231552 -316.5670166
v -353.55300903 5.386E-05 -353.55300903
v -386.53399658 4.833E-05 -317.22000122
v -352.52600098 35.93881226 -352.52600098
v -478.45599365 2.211E-05 -145.13800049
v -459.3999939 43.1626358 -191.85400391
v -461.94000244 2.915E-05 -191.34199524
v -475.93499756 44.44562149 -145.58299255
v -442.76498413 173.74079895 -139.31297302
v -410.63601685 208.4901123 -177.92398071
v -428.42999268 168.97543335 -183.83596802
v -423.57501221 214.00639343 -134.79296875
v -364.54901123 150.38420105 -302.11096191
v -327.72897339 175.46333313 -327.72894287
v -336.94400024 141.62768555 -336.94396973
v -352.70397949 185.83575439 -293.49697876
v -438.58099365 41.87771225 235.83100891
v -461.94000244 -2.915E-05 191.34199524
v -440.95001221 -3.591E-05 235.69299316
v -459.3999939 43.16257858 191.85400391
v -394.32000732 202.40423584 218.30003357
v -428.42999268 168.97537231 183.83602905
v -410.4670105 164.09962463 225.22503662
v -410.63601685 208.49005127 177.92503357
v -438.80999756 219.99493408 45.4630394
v -461.94000244 178.92886353 3.117E-05
v -459.60598755 178.74464417 46.99303055
v -440.94699097 220.40075684 3.84E-05
v -327.72601318 -306.46511841 187.63496399
v -364.71899414 -281.87597656 161.68495178
v -336.94400024 -315.08511353 151.45294189
v -352.79501343 -273.88067627 199.44795227
v -410.4670105 -164.09968567 225.22497559
v -442.57299805 -128.01036072 188.08297729
v -428.42999268 -168.97543335 183.83596802
v -423.2789917 -124.2558136 230.57397461
v -459.60598755 -178.74467468 46.99296951
v -478.45199585 -135.72137451 -2.365E-05
v -461.94000244 -178.92886353 -3.117E-05
v -476.04400635 -135.58578491 48.17297745
v 145.13800049 7.289E-05 -478.45599365
v 191.85400391 43.16267776 -459.3999939
v 191.34199524 7.038E-05 -461.94000244
v 145.58300781 44.44567108 -475.93499756
v 139.31300354 173.74085999 -442.76495361
v 177.92401123 208.49014282 -410.63696289
v 183.83599854 168.97547913 -428.42996216
v 134.79200745 214.00552368 -423.57595825
v 302.11099243 150.38420105 -364.54898071
v 327.72897339 175.46333313 -327.72894287
v 336.94400024 141.62768555 -336.94396973
v 293.49700928 185.83576965 -352.70394897
v -235.83100891 41.87781525 -438.58099365
v -191.34199524 7.038E-05 -461.94000244
v -235.69299316 6.718E-05 -440.95001221
v -191.85400391 43.16267776 -459.3999939
v -218.29899597 202.40432739 -394.32095337
v -183.83599854 168.97547913 -428.42996216
v -225.2250061 164.09970093 -410.46697998
v -177.92401123 208.49014282 -410.63696289
v -45.46300125 219.99406433 -438.80996704
v 0 178.92893982 -461.93997192
v -46.99300003 178.74472046 -459.60595703
v 0 220.40083313 -440.94696045
v -187.63600159 -306.46502686 -327.72903442
v -161.68199158 -281.87307739 -364.71505737
v -151.45300293 -315.08502197 -336.94406128
v -199.44599915 -273.87869263 -352.79507446
v -225.2250061 -164.09959412 -410.46704102
v -188.08299255 -128.01025391 -442.57302856
v -183.83599854 -168.97532654 -428.43002319
v -230.57398987 -124.25571442 -423.27902222
v -46.99300003 -178.74458313 -459.60601807
v 0 -135.72129822 -478.45202637
v 0 -178.92878723 -461.94003296
v -48.17300034 -135.58569336 -476.04403687
v 478.45599365 -2.211E-05 145.13800049
v 459.3999939 43.16257858 191.85400391
v 461.94000244 -2.915E-05 191.34199524
v 475.93499756 44.44557953 145.58302307
v 442.76498413 173.74076843 139.31303406
v 410.63601685 208.49005127 177.92503357
v 428.42999268 168.97537231 183.83602905
v 423.57501221 214.00636292 134.79302979
v 364.54901123 150.3841095 302.11203003
v 327.72897339 175.46325684 327.72900391
v 336.94400024 141.62757874 336.94403076
v 352.70397949 185.83566284 293.49703979
v 438.58099365 41.87778091 -235.83100891
v 461.94000244 2.915E-05 -191.34199524
v 440.95001221 3.591E-05 -235.69299316
v 459.3999939 43.1626358 -191.85400391
v 394.32000732 202.40429688 -218.29997253
v 428.42999268 168.97543335 -183.83596802
v 410.4670105 164.09968567 -225.22497559
v 410.63601685 208.4901123 -177.92398071
v 438.80999756 219.99493408 -45.4629631
v 461.94000244 178.92886353 3.117E-05
v 459.60598755 178.74467468 -46.99296951
v 440.94699097 220.40075684 3.84E-05
v 327.72601318 -306.46505737 -187.63505554
v 364.71899414 -281.87591553 -161.68504333
v 336.94400024 -315.08505249 -151.45306396
v 352.79501343 -273.88061523 -199.44804382
v 410.4670105 -164.09962463 -225.22503662
v 442.57299805 -128.01029968 -188.08300781
v 428.42999268 -168.97537231 -183.83602905
v 423.2789917 -124.25576019 -230.57400513
v 459.60598755 -178.74464417 -46.99303055
v 478.45199585 -135.72137451 -2.365E-05
v 461.94000244 -178.92886353 -3.117E-05
v 476.04400635 -135.58575439 -48.17302322
v -145.13800049 -7.289E-05 478.45599365
v -191.85400391 43.16253662 459.3999939
v -191.34199524 -7.038E-05 461.94000244
v -145.58300781 44.44552994 475.93499756
v -139.31300354 173.7407074 442.76501465
v -177.92401123 208.49002075 410.63702393
v -183.83599854 168.97532654 428.43002319
v -134.79200745 214.00537109 423.57601929
v -302.11099243 150.38409424 364.54904175
v -327.72897339 175.46325684 327.72900391
v -336.94400024 141.62757874 336.94403076
v -293.49700928 185.83564758 352.70401001
v 235.83100891 41.87767792 438.58099365
v 191.34199524 -7.038E-05 461.94000244
v 235.69299316 -6.718E-05 440.95001221
v 191.85400391 43.16253662 459.3999939
v 218.29899597 202.40327454 394.3210144
v 183.83599854 168.97532654 428.43002319
v 225.2250061 164.09959412 410.46704102
v 177.92298889 208.49002075 410.63702393
v 45.46300125 219.99391174 438.81002808
v 0 178.92878723 461.94003296
v 46.99300003 178.74458313 459.60601807
v 0 220.4006958 440.94702148
v 187.63600159 -306.46514893 327.72891235
v 161.68199158 -281.87316895 364.7149353
v 151.45300293 -315.08514404 336.94393921
v 199.44599915 -273.8788147 352.79495239
v 225.2250061 -164.09970093 410.46697998
v 188.08299255 -128.01040649 442.57296753
v 183.83599854 -168.97547913 428.42996216
v 230.57398987 -124.25585938 423.27896118
v 46.99300003 -178.74472046 459.60595703
v 0 -135.72143555 478.45196533
v 0 -178.92893982 461.93997192
v 48.17300034 -135.58584595 476.04397583
v -47.52899933 -445.05914307 -145.58308411
v 0 -431.9720459 -191.34207153
v 0 -447.41659546 -145.13807678
v -46.15699768 -429.59683228 -191.85507202
v -228.85299683 -396.09594727 -134.79307556
v -180.69801331 -400.63598633 -183.83607483
v -185.79399109 -414.04098511 -139.31307983
v -222.95401001 -383.99636841 -177.92506409
v -198.73001099 -329.82354736 -293.50006104
v -151.45300293 -315.08502197 -336.94406128
v -160.82000732 -340.90292358 -302.11505127
v -187.63600159 -306.46502686 -327.72903442
v 0 -412.34381104 235.69291687
v -46.15699768 -429.59689331 191.85392761
v 0 -431.97210693 191.34191895
v -44.78300095 -410.12759399 235.83192444
v -175.48500061 -383.83837891 225.22494507
v -222.95401001 -383.99642944 177.9239502
v -180.69801331 -400.63601685 183.83592224
v -216.44599915 -368.7388916 218.29994202
v -191.14500427 -429.78948975 46.99292374
v -235.69099426 -412.3409729 -7.184E-05
v -191.34199524 -431.97207642 -7.526E-05
v -235.25700378 -410.34262085 45.46292877
v 336.94400024 -315.08511353 151.45294189
v 292.88101196 -329.9078064 199.44894409
v 301.43099976 -341.05822754 161.68493652
v 327.72601318 -306.46511841 187.63496399
v 180.69801331 -400.63601685 183.83592224
v 132.87701416 -395.81829834 230.57492065
v 136.89100647 -413.86151123 188.08192444
v 175.48500061 -383.83837891 225.22494507
v 191.34199524 -431.97207642 -7.526E-05
v 144.99198914 -445.16110229 48.17292404
v 145.13699341 -447.41287231 -7.795E-05
v 191.14500427 -429.78948975 46.99292374
v 0 431.97210693 -191.34191895
v 47.52899933 445.05825806 -145.58192444
v 46.15699768 429.59689331 -191.85392761
v 0 447.41665649 -145.13792419
v 180.69801331 400.63601685 -183.83592224
v 228.85299683 396.0960083 -134.79292297
v 222.95401001 383.99642944 -177.9239502
v 185.79399109 414.04104614 -139.31292725
v 151.45300293 315.08514404 -336.94393921
v 198.73001099 329.82366943 -293.49993896
v 187.63600159 306.46514893 -327.72891235
v 160.82000732 340.90304565 -302.1149292
v 46.15699768 429.59683228 191.85507202
v 0 412.34378052 235.69306946
v 44.78300095 410.12753296 235.83207703
v 0 431.9720459 191.34207153
v 222.95401001 383.99636841 177.92506409
v 175.48500061 383.83831787 225.22506714
v 216.44599915 368.73883057 218.30006409
v 180.69801331 400.63598633 183.83607483
v 235.69099426 412.3409729 7.184E-05
v 191.14500427 429.78948975 46.99307632
v 235.25700378 410.34262085 45.46307373
v 191.34199524 431.97207642 7.526E-05
v -292.88101196 329.90774536 199.44906616
v -336.94400024 315.08505249 151.45306396
v -327.72601318 306.46505737 187.63505554
v -301.43099976 341.0581665 161.68505859
v -132.87701416 395.8182373 230.57507324
v -180.69801331 400.63598633 183.83607483
v -175.48500061 383.83831787 225.22506714
v -136.89100647 413.8614502 188.08306885
v -144.99198914 445.16110229 48.17307663
v -191.34199524 431.97207642 7.526E-05
v -191.14500427 429.78948975 46.99307632
v -145.13699341 447.41287231 7.795E-05
v -344.19699097 321.86755371 -114.38694763
v -301.43099976 341.05822754 -161.68493652
v -336.94400024 315.08511353 -151.45294189
v -308.43200684 349.82781982 -122.29193878
v -185.79399109 414.04104614 -139.31292725
v -136.89100647 413.86151123 -188.08192444
v -180.69801331 400.63601685 -183.83592224
v -140.8440094 428.2895813 -142.65292358
v -160.82000732 340.90304565 -302.1149292
v -114.38700104 321.86575317 -344.20092773
v -151.45300293 315.08514404 -336.94393921
v -121.58799744 349.62869263 -308.99295044
v 301.43099976 -341.0581665 -161.68505859
v 344.19699097 -321.86752319 -114.38705444
v 308.43200684 -349.82775879 -122.29206085
v 336.94400024 -315.08505249 -151.45306396
v 136.89100647 -413.8614502 -188.08306885
v 185.79399109 -414.04098511 -139.31307983
v 140.8440094 -428.28955078 -142.65307617
v 180.69801331 -400.63598633 -183.83607483
v 114.38700104 -321.8656311 -344.2010498
v 160.82000732 -340.90292358 -302.11505127
v 121.58799744 -349.62762451 -308.99307251
v 151.45300293 -315.08502197 -336.94406128
v -122.29000092 -288.41815186 374.09594727
v -151.45300293 -315.08514404 336.94393921
v -114.38700104 -321.86575317 344.20092773
v -161.68199158 -281.87316895 364.7149353
v -142.65299988 -131.70695496 458.00198364
v -183.83599854 -168.97547913 428.42996216
v -139.31300354 -173.74085999 442.76495361
v -188.08299255 -128.01040649 442.57296753
v -308.98699951 -113.69828796 373.88195801
v -336.94400024 -141.62768555 336.94396973
v -302.11199951 -150.38420105 364.54898071
v -344.19799805 -106.96723175 344.19796753
v 374.09698486 -288.42279053 122.29194641
v 336.94400024 -315.08511353 151.45294189
v 344.19699097 -321.86755371 114.38694763
v 364.71899414 -281.87597656 161.68495178
v 458.00201416 -131.70690918 142.65296936
v 428.42999268 -168.97543335 183.83596802
v 442.76498413 -173.74079895 139.31297302
v 442.57299805 -128.01036072 188.08297729
v 373.88198853 -113.69828033 308.98696899
v 336.94400024 -141.62768555 336.94396973
v 364.54901123 -150.38420105 302.11096191
v 344.19799805 -106.96723175 344.19796753
v 122.29000092 -288.41802979 -374.09606934
v 151.45300293 -315.08502197 -336.94406128
v 114.38700104 -321.8656311 -344.2010498
v 161.68199158 -281.87307739 -364.71505737
v 142.65299988 -131.70681763 -458.00204468
v 183.83599854 -168.97532654 -428.43002319
v 139.31300354 -173.7407074 -442.76501465
v 188.08299255 -128.01025391 -442.57302856
v 308.98699951 -113.69817352 -373.88201904
v 336.94400024 -141.62757874 -336.94403076
v 302.11199951 -150.38409424 -364.54904175
v 344.19799805 -106.96620178 -344.19802856
v -374.09698486 -288.42272949 -122.29205322
v -336.94400024 -315.08505249 -151.45306396
v -344.19699097 -321.86752319 -114.38705444
v -364.71899414 -281.87591553 -161.68504333
v -458.00201416 -131.7068634 -142.6530304
v -428.42999268 -168.97537231 -183.83602905
v -442.76498413 -173.74076843 -139.31303406
v -442.57299805 -128.01029968 -188.08300781
v -373.88198853 -113.69818115 -308.98703003
v -336.94400024 -141.62757874 -336.94403076
v -364.54901123 -150.3841095 -302.11203003
v -344.19799805 -106.96620178 -344.19802856
v -423.2789917 -124.25576019 -230.57400513
v -389.10498047 -157.87913513 -264.75100708
v -410.4670105 -164.09962463 -225.22503662
v -400.2749939 -119.44265747 -271.01702881
v -438.58099365 -41.87771225 -235.83100891
v -408.49301147 -80.1280899 -275.30200195
v -432.70800781 -83.4216156 -234.09901428
v -413.63299561 -40.21130753 -277.55499268
v -384.90997314 -38.25221252 -316.5670166
v -349.37600708 -71.66052246 -349.37600708
v -380.69497681 -76.24731445 -313.79000854
v -352.52600098 -35.93870544 -352.52600098
v -476.04400635 -135.58575439 -48.17302322
v -453.22998047 -176.99969482 -93.57302856
v -459.60598755 -178.74464417 -46.99303055
v -469.23300171 -134.22142029 -95.89601898
v -495.13500977 -45.78750229 -49.1870079
v -480.85702515 -90.19195557 -97.33201599
v -487.94699097 -91.13642883 -48.89901352
v -487.91098022 -45.30870819 -97.89400482
v -475.93499756 -44.44557953 -145.58302307
v -452.95199585 -85.95768738 -190.74801636
v -469.12197876 -88.49001312 -144.72401428
v -459.3999939 -43.16257858 -191.85499573
v -385.05899048 -295.84204102 -41.17005539
v -349.37600708 -326.71057129 -76.63205719
v -352.53302002 -329.66278076 -38.43205643
v -380.92102051 -293.0526123 -82.04904938
v -438.80999756 -219.99493408 -45.4630394
v -408.86898804 -256.62567139 -86.68804169
v -413.85998535 -259.16265869 -43.50704575
v -433.05001831 -217.81887817 -90.54403687
v -423.57501221 -214.00636292 -134.79302979
v -389.34399414 -246.23266602 -170.51904297
v -400.60202026 -252.36244202 -129.08404541
v -410.63601685 -208.49005127 -177.92503357
v 230.57398987 -124.25571442 -423.27902222
v 264.75097656 -157.87911987 -389.10501099
v 225.2250061 -164.09959412 -410.46704102
v 271.01699829 -119.44263458 -400.27502441
v 235.83100891 -41.87767792 -438.58099365
v 275.30200195 -80.12806702 -408.49301147
v 234.09899902 -83.42158508 -432.70800781
v 277.55499268 -40.21128464 -413.63299561
v 316.5670166 -38.25220871 -384.90997314
v 349.37600708 -71.66052246 -349.37600708
v 313.79000854 -76.24730682 -380.69497681
v 352.52600098 -35.93870544 -352.52600098
v 48.17300034 -135.58569336 -476.04403687
v 93.57299805 -176.99963379 -453.23001099
v 46.99300003 -178.74458313 -459.60601807
v 95.89599609 -134.22135925 -469.23303223
v 49.18700027 -45.78743362 -495.13500977
v 97.33200073 -90.19189453 -480.85803223
v 48.89899826 -91.1363678 -487.94802856
v 97.89399719 -45.30771255 -487.91098022
v 145.58300781 -44.44552994 -475.93499756
v 190.7480011 -85.95764923 -452.95199585
v 144.72399902 -88.48995972 -469.12200928
v 191.85400391 -43.16253662 -459.3999939
v 41.16899872 -295.83544922 -385.05505371
v 76.63200378 -326.70678711 -349.381073
v 38.43199921 -329.65707397 -352.53308105
v 82.04699707 -293.04504395 -380.92004395
v 45.46300125 -219.99391174 -438.81002808
v 86.68699646 -256.62283325 -408.87103271
v 43.50699997 -259.16073608 -413.86102295
v 90.54399872 -217.81694031 -433.05102539
v 134.79200745 -214.00537109 -423.57601929
v 170.51699829 -246.2326355 -389.34503174
v 129.08299255 -252.36048889 -400.60302734
v 177.92401123 -208.49002075 -410.63702393
v 423.2789917 -124.2558136 230.57397461
v 389.10498047 -157.87922668 264.75094604
v 410.4670105 -164.09968567 225.22497559
v 400.2749939 -119.44274139 271.01696777
v 438.58099365 -41.87778091 235.83100891
v 408.49301147 -80.12817383 275.30200195
v 432.70800781 -83.42168427 234.09898376
v 413.63299561 -40.21139145 277.55499268
v 384.90997314 -38.25231552 316.5670166
v 349.37600708 -71.66062164 349.37600708
v 380.69497681 -76.24741364 313.79000854
v 352.52600098 -35.93881226 352.52600098
v 476.04400635 -135.58578491 48.17297745
v 453.22998047 -176.99972534 93.57296753
v 459.60598755 -178.74467468 46.99296951
v 469.23300171 -134.22145081 95.89597321
v 495.13500977 -45.78751373 49.18699265
v 480.85800171 -90.19197845 97.33198547
v 487.94799805 -91.13644409 48.898983
v 487.91098022 -45.30873489 97.89398956
v 475.93499756 -44.44562149 145.58299255
v 452.95199585 -85.95774841 190.74798584
v 469.12197876 -88.49005127 144.72398376
v 459.3999939 -43.1626358 191.85400391
v 385.05899048 -295.84204102 41.16994858
v 349.37600708 -326.71057129 76.63195038
v 352.53302002 -329.66278076 38.43194199
v 380.92102051 -293.0526123 82.04894257
v 438.80999756 -219.99493408 45.4629631
v 408.86898804 -256.62567139 86.68795013
v 413.85998535 -259.16265869 43.50695419
v 433.05001831 -217.81890869 90.54396057
v 423.57501221 -214.00639343 134.79296875
v 389.34399414 -246.23272705 170.51895142
v 400.60202026 -252.36248779 129.08395386
v 410.63601685 -208.4901123 177.92398071
v -230.57398987 -124.25585938 423.27896118
v -264.75097656 -157.87924194 389.10494995
v -225.2250061 -164.09970093 410.46697998
v -271.01699829 -119.44276428 400.27496338
v -235.83100891 -41.87781525 438.58099365
v -275.30200195 -80.12819672 408.49301147
v -234.09899902 -83.42171478 432.70800781
v -277.55499268 -40.21141434 413.63299561
v -316.5670166 -38.25231934 384.90997314
v -349.37600708 -71.66062164 349.37600708
v -313.79000854 -76.24742126 380.69497681
v -352.52600098 -35.93881226 352.52600098
v -48.17300034 -135.58584595 476.04397583
v -93.57299805 -176.99978638 453.22994995
v -46.99300003 -178.74472046 459.60595703
v -95.89599609 -134.22244263 469.23297119
v -49.18700027 -45.7875824 495.13500977
v -97.33200073 -90.19203949 480.85797119
v -48.89899826 -91.13651276 487.94796753
v -97.89399719 -45.30879593 487.91098022
v -145.58300781 -44.44567108 475.93499756
v -190.7480011 -85.95778656 452.95199585
v -144.72399902 -88.49010468 469.12194824
v -191.85400391 -43.16267776 459.3999939
v -41.16899872 -295.83557129 385.05493164
v -76.63200378 -326.70687866 349.38095093
v -38.43199921 -329.65719604 352.5319519
v -82.04699707 -293.0451355 380.91992188
v -45.46300125 -219.99406433 438.80996704
v -86.68699646 -256.62295532 408.87097168
v -43.50699997 -259.16085815 413.86096191
v -90.54399872 -217.81707764 433.05096436
v -134.79200745 -214.00552368 423.57595825
v -170.51699829 -246.23274231 389.3449707
v -129.08299255 -252.36061096 400.60296631
v -177.92401123 -208.49014282 410.63696289
v 127.72999573 -374.30566406 -271.01907349
v 175.48500061 -383.83831787 -225.22506714
v 132.87701416 -395.8182373 -230.57507324
v 168.83399963 -363.86123657 -264.7510376
v 43.00099945 -386.79702759 -277.55703735
v 89.20899963 -404.63552856 -234.10107422
v 44.78300095 -410.12753296 -235.83207703
v 85.68699646 -381.98956299 -275.30606079
v 38.43199921 -329.65707397 -352.53308105
v 81.53800201 -355.99862671 -313.79806519
v 40.90699768 -359.94302368 -316.57406616
v 76.63200378 -326.70678711 -349.381073
v 143.53300476 -438.79193115 -95.89607239
v 191.14500427 -429.78948975 -46.99307632
v 144.99198914 -445.16110229 -48.17307663
v 189.27900696 -423.82711792 -93.57307434
v 48.45199966 -456.25817871 -97.89407349
v 97.45899963 -456.29284668 -48.89907837
v 48.9640007 -463.01358032 -49.18708038
v 96.44900513 -449.66278076 -97.33207703
v 46.15699768 -429.59683228 -191.85507202
v 94.6289978 -438.68811035 -144.72407532
v 47.52899933 -445.05914307 -145.58308411
v 91.92100525 -423.56713867 -190.74807739
v 313.38302612 -356.20913696 -82.04905701
v 352.53302002 -329.66278076 -38.43205643
v 316.36599731 -360.0786438 -41.17006302
v 349.37600708 -326.71057129 -76.63205719
v 232.93000793 -404.95629883 -90.54406738
v 277.14199829 -387.01119995 -43.50806808
v 235.25700378 -410.34262085 -45.46307373
v 274.4289856 -382.34399414 -86.68806458
v 222.95401001 -383.99636841 -177.92506409
v 269.87002563 -374.61331177 -129.08406067
v 228.85299683 -396.09594727 -134.79307556
v 263.31500244 -364.08563232 -170.51905823
v -175.48500061 383.83837891 -225.22494507
v -127.72999573 374.30569458 -271.01895142
v -168.83399963 363.86126709 -264.75091553
v -132.87701416 395.81829834 -230.57492065
v -89.20899963 404.63555908 -234.10092163
v -43.00099945 386.79708862 -277.55691528
v -85.68699646 381.98962402 -275.30593872
v -44.78300095 410.12759399 -235.83192444
v -81.53800201 355.99874878 -313.79794312
v -38.43199921 329.65719604 -352.5319519
v -76.63200378 326.70687866 -349.38095093
v -40.90699768 359.94311523 -316.57394409
v -191.14500427 429.78948975 -46.99292374
v -143.53300476 438.79199219 -95.8959198
v -189.27900696 423.82711792 -93.57292175
v -144.99198914 445.16110229 -48.17292404
v -97.45899963 456.29284668 -48.89891815
v -48.45199966 456.25823975 -97.8939209
v -96.44900513 449.66281128 -97.33192444
v -48.9640007 463.01358032 -49.18692017
v -94.6289978 438.68817139 -144.72392273
v -46.15699768 429.59689331 -191.85392761
v -91.92100525 423.56719971 -190.7479248
v -47.52899933 445.0592041 -145.58293152
v -352.53302002 329.66278076 -38.43194199
v -313.38302612 356.20913696 -82.04893494
v -349.37600708 326.71057129 -76.63195038
v -316.36599731 360.0786438 -41.16994095
v -277.14199829 387.01119995 -43.5069313
v -232.93000793 404.95629883 -90.54393005
v -274.4289856 382.34399414 -86.68792725
v -235.25700378 410.34262085 -45.46292877
v -269.87002563 374.6133728 -129.0839386
v -222.95401001 383.99642944 -177.9239502
v -263.31500244 364.08569336 -170.51893616
v -228.85299683 396.0960083 -134.79292297
v -140.8440094 428.28955078 142.65307617
v -189.27900696 423.82711792 93.57307434
v -185.79399109 414.04098511 139.31307983
v -143.53300476 438.79193115 95.89607239
v -47.52899933 445.05914307 145.58308411
v -96.44900513 449.66186523 97.33207703
v -94.6289978 438.68811035 144.72407532
v -48.45199966 456.25817871 97.89407349
v -48.9640007 463.01358032 49.18708038
v -97.54499817 458.57922363 7.99E-05
v -97.45899963 456.29190063 48.89907837
v -49.00799942 465.30368042 8.107E-05
v -121.58799744 349.62762451 308.99307251
v -168.83399963 363.86123657 264.7510376
v -160.82000732 340.90292358 302.11505127
v -127.72999573 374.30566406 271.01907349
v -40.90699768 359.94302368 316.57406616
v -85.68699646 381.98956299 275.30606079
v -81.53800201 355.99862671 313.79806519
v -43.00099945 386.79702759 277.55703735
v -44.78300095 410.12753296 235.83207703
v -91.92100525 423.56713867 190.74807739
v -89.20899963 404.63552856 234.10107422
v -46.15699768 429.59683228 191.85507202
v -270.26199341 301.13015747 270.5430603
v -316.54901123 296.01315308 222.69503784
v -303.46200562 283.775177 256.40408325
v -282.43600464 316.57470703 235.86605835
v -198.73001099 329.82354736 293.50006104
v -246.25498962 334.81900024 247.30805969
v -235.32000732 316.550354 282.94406128
v -208.30099487 350.61700439 256.95407104
v -216.44599915 368.73883057 218.30006409
v -263.31500244 364.08563232 170.51905823
v -255.69400024 350.71331787 209.66505432
v -222.95401001 383.99636841 177.92506409
v 232.93000793 404.95629883 90.54406738
v 185.79399109 414.04098511 139.31307983
v 228.85299683 396.09594727 134.79307556
v 189.27900696 423.82711792 93.57307434
v 313.38302612 356.20913696 82.04905701
v 269.87002563 374.61331177 129.08406067
v 308.43200684 349.82775879 122.29206085
v 274.4289856 382.34399414 86.68806458
v 317.2250061 361.46264648 6.298E-05
v 277.14199829 387.01119995 43.50806808
v 316.36599731 360.0786438 41.17006302
v 277.78500366 388.7645874 6.773E-05
v 208.30099487 350.61700439 256.95407104
v 160.82000732 340.90292358 302.11505127
v 198.73001099 329.82354736 293.50006104
v 168.83399963 363.86123657 264.7510376
v 282.43600464 316.57470703 235.86605835
v 235.32000732 316.550354 282.94406128
v 270.26199341 301.13015747 270.5430603
v 246.25498962 334.81900024 247.30805969
v 301.43099976 341.0581665 161.68505859
v 255.69400024 350.71331787 209.66505432
v 292.88101196 329.90774536 199.44906616
v 263.31500244 364.08563232 170.51905823
v 43.00099945 386.79702759 277.55703735
v 0 361.46258545 317.22406006
v 40.90699768 359.94302368 316.57406616
v 0 388.76455688 277.7850647
v 127.72999573 374.30566406 271.01907349
v 81.53800201 355.99862671 313.79806519
v 121.58799744 349.62762451 308.99307251
v 85.68699646 381.98956299 275.30606079
v 136.89100647 413.8614502 188.08306885
v 89.20899963 404.63552856 234.10107422
v 132.87701416 395.8182373 230.57507324
v 91.92100525 423.56713867 190.74807739
v 168.83399963 363.86126709 -264.75091553
v 216.44599915 368.7388916 -218.29994202
v 208.30099487 350.61706543 -256.95394897
v 175.48500061 383.83837891 -225.22494507
v 246.25498962 334.81906128 -247.30793762
v 292.88101196 329.9078064 -199.44894409
v 282.43600464 316.57476807 -235.86593628
v 255.69400024 350.71337891 -209.66493225
v 222.69499207 296.01229858 -316.55093384
v 270.26199341 301.13021851 -270.54293823
v 256.40402222 283.77618408 -303.46392822
v 235.32000732 316.55047607 -282.94393921
v 189.27900696 423.82711792 -93.57292175
v 235.25700378 410.34262085 -45.46292877
v 232.93000793 404.95629883 -90.54393005
v 191.14500427 429.78948975 -46.99292374
v 274.4289856 382.34399414 -86.68792725
v 316.36599731 360.0786438 -41.16994095
v 313.38302612 356.20913696 -82.04893494
v 277.14199829 387.01119995 -43.5069313
v 263.31500244 364.08569336 -170.51893616
v 308.43200684 349.82781982 -122.29193878
v 301.43099976 341.05822754 -161.68493652
v 269.87002563 374.6133728 -129.0839386
v 0 458.57925415 -97.54492188
v 48.9640007 463.01358032 -49.18692017
v 48.45199966 456.25823975 -97.8939209
v 0 465.30184937 -49.00691986
v 96.44900513 449.66189575 -97.33192444
v 144.99198914 445.16110229 -48.17292404
v 143.53300476 438.79199219 -95.8959198
v 97.45899963 456.29190063 -48.89891815
v 91.92100525 423.56719971 -190.7479248
v 140.8440094 428.2895813 -142.65292358
v 136.89100647 413.86151123 -188.08192444
v 94.6289978 438.68817139 -144.72392273
v 189.27900696 -423.82711792 93.57292175
v 140.8440094 -428.2895813 142.65292358
v 143.53300476 -438.79199219 95.8959198
v 185.79399109 -414.04104614 139.31292725
v 96.44900513 -449.66281128 97.33192444
v 47.52899933 -445.0592041 145.58293152
v 48.45100021 -456.25823975 97.8939209
v 94.6289978 -438.68817139 144.72392273
v 97.54499817 -458.57922363 -7.99E-05
v 48.9640007 -463.01358032 49.18692017
v 49.00799942 -465.30368042 -8.107E-05
v 97.45899963 -456.29284668 48.89891815
v 168.83399963 -363.86126709 264.75091553
v 121.58799744 -349.62869263 308.99295044
v 127.72999573 -374.30569458 271.01895142
v 160.82000732 -340.90304565 302.1149292
v 85.68699646 -381.98962402 275.30593872
v 40.90699768 -359.94311523 316.57394409
v 43.00099945 -386.79708862 277.55691528
v 81.53800201 -355.99874878 313.79794312
v 91.92100525 -423.56719971 190.7479248
v 44.78300095 -410.12759399 235.83192444
v 46.15699768 -429.59689331 191.85392761
v 89.20899963 -404.63555908 234.10092163
v 316.54901123 -296.01321411 222.69494629
v 270.26199341 -301.13021851 270.54293823
v 282.43600464 -316.57476807 235.86593628
v 303.46200562 -283.77523804 256.40292358
v 246.25498962 -334.81906128 247.30793762
v 198.73001099 -329.82366943 293.49993896
v 208.30099487 -350.61706543 256.95394897
v 235.32000732 -316.55047607 282.94393921
v 263.31500244 -364.08569336 170.51893616
v 216.44599915 -368.7388916 218.29994202
v 222.95401001 -383.99642944 177.9239502
v 255.69400024 -350.71337891 209.66493225
v -185.79399109 -414.04104614 139.31292725
v -232.93000793 -404.95629883 90.54393005
v -189.27900696 -423.82711792 93.57292175
v -228.85299683 -396.0960083 134.79292297
v -269.87002563 -374.6133728 129.0839386
v -313.38302612 -356.20913696 82.04893494
v -274.4289856 -382.34399414 86.68792725
v -308.43200684 -349.82781982 122.29193878
v -277.14199829 -387.01119995 43.5069313
v -317.2250061 -361.46264648 -6.298E-05
v -277.78500366 -388.7645874 -6.773E-05
v -316.36599731 -360.0786438 41.16994095
v -160.82000732 -340.90304565 302.1149292
v -208.30099487 -350.61706543 256.95394897
v -168.83399963 -363.86126709 264.75091553
v -198.73001099 -329.82366943 293.49993896
v -235.32000732 -316.55047607 282.94393921
v -282.43600464 -316.57476807 235.86593628
v -246.25498962 -334.81906128 247.30793762
v -270.26199341 -301.13021851 270.54293823
v -255.69400024 -350.71337891 209.66493225
v -301.43099976 -341.05822754 161.68493652
v -263.31500244 -364.08569336 170.51893616
v -292.88101196 -329.9078064 199.44894409
v 0 -361.46270752 317.22393799
v -43.00099945 -386.79708862 277.55691528
v 0 -388.76461792 277.78494263
v -40.90699768 -359.94311523 316.57394409
v -81.53800201 -355.99874878 313.79794312
v -127.72999573 -374.30569458 271.01895142
v -85.68699646 -381.98962402 275.30593872
v -121.58799744 -349.62869263 308.99295044
v -89.20899963 -404.63555908 234.10092163
v -136.89100647 -413.86151123 188.08192444
v -91.92100525 -423.56719971 190.7479248
v -132.87701416 -395.81829834 230.57492065
v -216.44599915 -368.73883057 -218.30006409
v -168.83399963 -363.86123657 -264.7510376
v -175.48500061 -383.83831787 -225.22506714
v -208.30099487 -350.61700439 -256.95407104
v -292.88101196 -329.90774536 -199.44906616
v -246.25498962 -334.81900024 -247.30805969
v -255.69400024 -350.71331787 -209.66505432
v -282.43600464 -316.57470703 -235.86605835
v -270.26199341 -301.13015747 -270.5430603
v -222.69499207 -296.01220703 -316.55105591
v -235.32000732 -316.550354 -282.94406128
v -256.40402222 -283.77514648 -303.46405029
v -235.25700378 -410.34262085 -45.46307373
v -189.27900696 -423.82711792 -93.57307434
v -191.14500427 -429.78948975 -46.99307632
v -232.93000793 -404.95629883 -90.54406738
v -316.36599731 -360.0786438 -41.17006302
v -274.4289856 -382.34399414 -86.68806458
v -277.14199829 -387.01119995 -43.50806808
v -313.38302612 -356.20913696 -82.04905701
v -308.43200684 -349.82775879 -122.29206085
v -263.31500244 -364.08563232 -170.51905823
v -269.87002563 -374.61331177 -129.08406067
v -301.43099976 -341.0581665 -161.68505859
v -48.9640007 -463.01358032 -49.18708038
v 0 -458.57919312 -97.54507446
v 0 -465.30184937 -49.00807953
v -48.45100021 -456.25817871 -97.89407349
v -144.99198914 -445.16110229 -48.17307663
v -96.44900513 -449.66278076 -97.33207703
v -97.45899963 -456.29284668 -48.89907837
v -143.53300476 -438.79193115 -95.89607239
v -140.8440094 -428.28955078 -142.65307617
v -91.92100525 -423.56713867 -190.74807739
v -94.6289978 -438.68811035 -144.72407532
v -136.89100647 -413.8614502 -188.08306885
v 139.31300354 -173.74085999 442.76495361
v 95.89599609 -134.22244263 469.23297119
v 93.57299805 -176.99978638 453.22994995
v 142.65299988 -131.70695496 458.00198364
v 144.72399902 -88.49010468 469.12194824
v 97.89399719 -45.30879593 487.91098022
v 97.33200073 -90.19203949 480.85797119
v 145.58300781 -44.44567108 475.93499756
v 48.89899826 -91.13651276 487.94796753
v 0 -45.82872772 497.58398438
v 0 -91.21692657 490.39297485
v 49.18700027 -45.7875824 495.13500977
v 302.11199951 -150.38420105 364.54898071
v 271.01699829 -119.44276428 400.27496338
v 264.75097656 -157.87924194 389.10494995
v 308.98699951 -113.69828796 373.88195801
v 313.79000854 -76.24742126 380.69497681
v 277.55499268 -40.21141434 413.63299561
v 275.30200195 -80.12819672 408.49301147
v 316.5670166 -38.25231934 384.90997314
v 234.09899902 -83.42171478 432.70800781
v 191.85400391 -43.16267776 459.3999939
v 190.7480011 -85.95778656 452.95199585
v 235.83100891 -41.87781525 438.58099365
v 256.40402222 -283.77618408 303.46392822
v 235.86399841 -264.11141968 338.53793335
v 222.69499207 -296.01229858 316.55093384
v 270.54101562 -252.7281189 322.02197266
v 282.94000244 -220.05296326 338.51095581
v 256.95300293 -194.78585815 374.94296265
v 247.30500793 -230.27856445 358.04898071
v 293.49700928 -185.83576965 352.70394897
v 209.66300964 -239.1061554 375.04498291
v 177.92401123 -208.49014282 410.63696289
v 170.51699829 -246.23274231 389.3449707
v 218.29899597 -202.40432739 394.32095337
v 134.79200745 214.00537109 423.57601929
v 93.57299805 176.99963379 453.23001099
v 139.31300354 173.7407074 442.76501465
v 90.54399872 217.81694031 433.05102539
v 122.29000092 288.41802979 374.09606934
v 86.68699646 256.62283325 408.87103271
v 129.08299255 252.36048889 400.60302734
v 82.04699707 293.04504395 380.92004395
v 41.16899872 295.83544922 385.05505371
v 0 259.76391602 415.73504639
v 43.50699997 259.16073608 413.86102295
v 0 296.64151001 386.5350647
v 293.49700928 185.83564758 352.70401001
v 264.75097656 157.87911987 389.10501099
v 302.11199951 150.38409424 364.54904175
v 256.95300293 194.78573608 374.94302368
v 270.54101562 252.72799683 322.02203369
v 247.30500793 230.27844238 358.04904175
v 282.94100952 220.05284119 338.51101685
v 235.86399841 264.11129761 338.53805542
v 199.44599915 273.87869263 352.79507446
v 170.51699829 246.2326355 389.34503174
v 209.66300964 239.10510254 375.04504395
v 161.68199158 281.87307739 364.71505737
v 317.22000122 -5.889E-05 386.53399658
v 277.55499268 40.21128464 413.63299561
v 277.78500366 -6.334E-05 415.73501587
v 316.5670166 38.25220871 384.90997314
v 308.98699951 113.69817352 373.88201904
v 275.30200195 80.12806702 408.49301147
v 313.79000854 76.24730682 380.69497681
v 271.01699829 119.44263458 400.27502441
v 230.57398987 124.25571442 423.27902222
v 190.7480011 85.95764923 452.95199585
v 234.09899902 83.42158508 432.70800781
v 188.08299255 128.01025391 442.57302856
v -225.2250061 164.09959412 410.46704102
v -256.95300293 194.78573608 374.94302368
v -264.75097656 157.87911987 389.10501099
v -218.29899597 202.40327454 394.3210144
v -209.66300964 239.10510254 375.04504395
v -235.86399841 264.11129761 338.53805542
v -247.30500793 230.27844238 358.04904175
v -199.44599915 273.87869263 352.79507446
v -282.94000244 220.05284119 338.51101685
v -303.46398926 239.77090454 303.46401978
v -316.54901123 208.24781799 316.54904175
v -270.54101562 252.72799683 322.02203369
v -46.99300003 178.74458313 459.60601807
v -90.54399872 217.81694031 433.05102539
v -93.57299805 176.99963379 453.23001099
v -45.46300125 219.99391174 438.81002808
v -43.50699997 259.16073608 413.86102295
v -82.04699707 293.04504395 380.92004395
v -86.68699646 256.62283325 408.87103271
v -41.16899872 295.83544922 385.05505371
v -129.08299255 252.36048889 400.60302734
v -161.68199158 281.87307739 364.71505737
v -170.51699829 246.2326355 389.34503174
v -122.29000092 288.41802979 374.09606934
v -49.00699997 -7.581E-05 497.58200073
v -97.89399719 45.30771255 487.91098022
v -97.54499817 -7.471E-05 490.39300537
v -49.18700027 45.78743362 495.13500977
v -48.89899826 91.1363678 487.94702148
v -95.89599609 134.22135925 469.23303223
v -97.33200073 90.19189453 480.85705566
v -48.17300034 135.58569336 476.04403687
v -144.72399902 88.48995972 469.12200928
v -188.08299255 128.01025391 442.57302856
v -190.7480011 85.95764923 452.95199585
v -142.65299988 131.70681763 458.00204468
v 442.76498413 -173.74076843 -139.31303406
v 469.23300171 -134.22142029 -95.89601898
v 453.22998047 -176.99969482 -93.57302856
v 458.00201416 -131.7068634 -142.6530304
v 469.12197876 -88.49001312 -144.72401428
v 487.91098022 -45.30777359 -97.89400482
v 480.85800171 -90.19195557 -97.33201599
v 475.93499756 -44.44557953 -145.58302307
v 487.94799805 -91.13642883 -48.89901352
v 497.58398438 -45.82865143 -7.98E-06
v 490.39300537 -91.21685791 -1.589E-05
v 495.13500977 -45.78750229 -49.1870079
v 364.54901123 -150.3841095 -302.11203003
v 400.2749939 -119.44265747 -271.01702881
v 389.10498047 -157.87913513 -264.75100708
v 373.88198853 -113.69818115 -308.98703003
v 380.69497681 -76.24731445 -313.79000854
v 413.63299561 -40.21130753 -277.55499268
v 408.49301147 -80.1280899 -275.30200195
v 384.90997314 -38.25221252 -316.5670166
v 432.70800781 -83.4216156 -234.09901428
v 459.3999939 -43.16257858 -191.85400391
v 452.95199585 -85.95768738 -190.74801636
v 438.58099365 -41.87771225 -235.83100891
v 303.46200562 -283.775177 -256.40408325
v 338.53799438 -264.11322021 -235.86503601
v 316.54901123 -296.01315308 -222.69503784
v 322.02099609 -252.72802734 -270.54202271
v 338.51000977 -220.05285645 -282.94104004
v 374.9420166 -194.78668213 -256.95303345
v 358.04800415 -230.27938843 -247.30604553
v 352.70397949 -185.83566284 -293.49703979
v 375.04397583 -239.10606384 -209.66404724
v 410.63601685 -208.49005127 -177.92503357
v 389.34399414 -246.23266602 -170.51904297
v 394.32000732 -202.40423584 -218.30003357
v 423.57501221 214.00639343 -134.79296875
v 453.22998047 176.99972534 -93.57296753
v 442.76498413 173.74079895 -139.31297302
v 433.05001831 217.81890869 -90.54396057
v 374.09698486 288.42279053 -122.29194641
v 408.86898804 256.62567139 -86.68795013
v 400.60202026 252.36248779 -129.08395386
v 380.92102051 293.0526123 -82.04894257
v 385.05899048 295.84204102 -41.16994858
v 415.73501587 259.76397705 4.526E-05
v 413.85998535 259.16265869 -43.50695419
v 386.53900146 296.64532471 5.168E-05
v 352.70397949 185.83575439 -293.49697876
v 389.10498047 157.87922668 -264.75094604
v 364.54901123 150.38420105 -302.11096191
v 374.9420166 194.78677368 -256.95297241
v 322.02099609 252.72808838 -270.54196167
v 358.04800415 230.27947998 -247.30595398
v 338.51000977 220.052948 -282.940979
v 338.53799438 264.11419678 -235.86494446
v 352.79598999 273.88067627 -199.44795227
v 389.34399414 246.23272705 -170.51895142
v 375.04397583 239.10612488 -209.66395569
v 364.71899414 281.87597656 -161.68495178
v 386.53399658 4.833E-05 -317.22000122
v 413.63299561 40.21139145 -277.55499268
v 415.73501587 4.232E-05 -277.78500366
v 384.90997314 38.25231552 -316.5670166
v 373.88198853 113.69828033 -308.98696899
v 408.49301147 80.12817383 -275.30200195
v 380.69497681 76.24741364 -313.79000854
v 400.2749939 119.44274139 -271.01696777
v 423.2789917 124.2558136 -230.57397461
v 452.95199585 85.95774841 -190.74798584
v 432.70800781 83.42168427 -234.09898376
v 442.57299805 128.01036072 -188.08297729
v 410.4670105 164.09962463 225.22503662
v 374.9420166 194.78668213 256.95303345
v 389.10498047 157.87913513 264.75100708
v 394.32000732 202.40423584 218.30003357
v 375.04397583 239.10606384 209.66404724
v 338.53799438 264.11322021 235.86503601
v 358.04800415 230.27938843 247.30604553
v 352.79598999 273.88061523 199.44804382
v 338.51000977 220.05285645 282.94104004
v 303.46398926 239.77090454 303.46401978
v 316.54901123 208.24781799 316.54904175
v 322.02099609 252.72802734 270.54202271
v 459.60598755 178.74464417 46.99303055
v 433.05001831 217.81887817 90.54403687
v 453.22998047 176.99969482 93.57302856
v 438.80999756 219.99493408 45.4630394
v 413.85998535 259.16265869 43.50704575
v 380.92102051 293.0526123 82.04904938
v 408.86898804 256.62567139 86.68804169
v 385.05899048 295.84204102 41.17005539
v 400.60202026 252.36244202 129.08404541
v 364.71899414 281.87591553 161.68504333
v 389.34399414 246.23266602 170.51904297
v 374.09698486 288.42272949 122.29205322
v 497.58200073 -7.47E-06 49.00699997
v 487.91098022 45.30870819 97.89400482
v 490.39300537 -1.486E-05 97.54499817
v 495.13500977 45.78750229 49.1870079
v 487.94699097 91.13642883 48.89901352
v 469.23300171 134.22142029 95.89601898
v 480.85702515 90.19195557 97.33201599
v 476.04400635 135.58575439 48.17302322
v 469.12197876 88.49001312 144.72401428
v 442.57299805 128.01029968 188.08300781
v 452.95199585 85.95768738 190.74801636
v 458.00201416 131.7068634 142.6530304
v -139.31300354 -173.7407074 -442.76501465
v -95.89599609 -134.22135925 -469.23303223
v -93.57299805 -176.99963379 -453.23001099
v -142.65299988 -131.70681763 -458.00204468
v -144.72399902 -88.48995972 -469.12200928
v -97.89399719 -45.30771255 -487.91098022
v -97.33200073 -90.19189453 -480.85803223
v -145.58300781 -44.44552994 -475.93499756
v -48.89899826 -91.1363678 -487.94802856
v 0 -45.82857513 -497.58398438
v 0 -91.21678925 -490.39303589
v -49.18700027 -45.78743362 -495.13500977
v -302.11199951 -150.38409424 -364.54904175
v -271.01699829 -119.44263458 -400.27502441
v -264.75097656 -157.87911987 -389.10501099
v -308.98699951 -113.69817352 -373.88201904
v -313.79000854 -76.24730682 -380.69497681
v -277.55499268 -40.21128464 -413.63299561
v -275.30200195 -80.12806702 -408.49301147
v -316.5670166 -38.25220871 -384.90997314
v -234.09899902 -83.42158508 -432.70800781
v -191.85400391 -43.16253662 -459.3999939
v -190.7480011 -85.95764923 -452.95199585
v -235.83100891 -41.87767792 -438.58099365
v -256.40402222 -283.77514648 -303.46405029
v -235.86399841 -264.11129761 -338.53805542
v -222.69499207 -296.01220703 -316.55105591
v -270.54101562 -252.72799683 -322.02203369
v -282.94000244 -220.05284119 -338.51101685
v -256.95300293 -194.78573608 -374.94302368
v -247.30500793 -230.27844238 -358.04904175
v -293.49700928 -185.83564758 -352.70401001
v -209.66300964 -239.10510254 -375.04504395
v -177.92401123 -208.49002075 -410.63702393
v -170.51699829 -246.2326355 -389.34503174
v -218.29899597 -202.40327454 -394.3210144
v -134.79200745 214.00552368 -423.57595825
v -93.57299805 176.99978638 -453.22994995
v -139.31300354 173.74085999 -442.76495361
v -90.54399872 217.81707764 -433.05096436
v -122.29000092 288.41815186 -374.09594727
v -86.68699646 256.62295532 -408.87097168
v -129.08299255 252.36061096 -400.60296631
v -82.04699707 293.0451355 -380.91992188
v -41.16899872 295.83557129 -385.05493164
v 0 259.76400757 -415.73498535
v -43.50699997 259.16085815 -413.86096191
v 0 296.64163208 -386.53494263
v -293.49700928 185.83576965 -352.70394897
v -264.75097656 157.87924194 -389.10494995
v -302.11199951 150.38420105 -364.54898071
v -256.95300293 194.78585815 -374.94296265
v -270.54101562 252.7281189 -322.02197266
v -247.30500793 230.27856445 -358.04898071
v -282.94100952 220.05296326 -338.51095581
v -235.86399841 264.11141968 -338.53793335
v -199.44599915 273.8788147 -352.79495239
v -170.51699829 246.23274231 -389.3449707
v -209.66300964 239.1061554 -375.04498291
v -161.68199158 281.87316895 -364.7149353
v -317.22000122 5.889E-05 -386.53399658
v -277.55499268 40.21141434 -413.63299561
v -277.78500366 6.334E-05 -415.73501587
v -316.5670166 38.25231934 -384.90997314
v -308.98699951 113.69828796 -373.88195801
v -275.30200195 80.12819672 -408.49301147
v -313.79000854 76.24742126 -380.69497681
v -271.01699829 119.44276428 -400.27496338
v -230.57398987 124.25585938 -423.27896118
v -190.7480011 85.95778656 -452.95199585
v -234.09899902 83.42171478 -432.70800781
v -188.08299255 128.01040649 -442.57296753
v 225.2250061 164.09970093 -410.46697998
v 256.95300293 194.78585815 -374.94296265
v 264.75097656 157.87924194 -389.10494995
v 218.29899597 202.40432739 -394.32095337
v 209.66300964 239.1061554 -375.04498291
v 235.86399841 264.11141968 -338.53793335
v 247.30500793 230.27856445 -358.04898071
v 199.44599915 273.8788147 -352.79495239
v 282.94000244 220.05296326 -338.51095581
v 303.46398926 239.77102661 -303.46395874
v 316.54901123 208.24790955 -316.54898071
v 270.54101562 252.7281189 -322.02096558
v 46.99300003 178.74472046 -459.60595703
v 90.54399872 217.81707764 -433.05096436
v 93.57299805 176.99978638 -453.22994995
v 45.46300125 219.99406433 -438.80996704
v 43.50699997 259.16085815 -413.86096191
v 82.04699707 293.0451355 -380.91992188
v 86.68699646 256.62295532 -408.87097168
v 41.16899872 295.83557129 -385.05493164
v 129.08299255 252.36061096 -400.60296631
v 161.68199158 281.87316895 -364.7149353
v 170.51699829 246.23274231 -389.3449707
v 122.29000092 288.41815186 -374.09594727
v 49.00699997 7.581E-05 -497.58200073
v 97.89399719 45.30879593 -487.91098022
v 97.54499817 7.471E-05 -490.39300537
v 49.18700027 45.7875824 -495.13500977
v 48.89899826 91.13651276 -487.94796753
v 95.89599609 134.22244263 -469.23297119
v 97.33200073 90.19203949 -480.85797119
v 48.17300034 135.58584595 -476.04397583
v 144.72399902 88.49010468 -469.12194824
v 188.08299255 128.01040649 -442.57296753
v 190.7480011 85.95778656 -452.95199585
v 142.65299988 131.70695496 -458.00198364
v -442.76498413 -173.74079895 139.31297302
v -469.23300171 -134.22145081 95.89597321
v -453.22998047 -176.99972534 93.57296753
v -458.00201416 -131.70690918 142.65296936
v -469.12197876 -88.49005127 144.72398376
v -487.91098022 -45.30873489 97.89398956
v -480.85800171 -90.19197845 97.33198547
v -475.93499756 -44.44562149 145.58299255
v -487.94799805 -91.13644409 48.898983
v -497.58398438 -45.82865143 -7.98E-06
v -490.39300537 -91.21685791 -1.589E-05
v -495.13500977 -45.78751373 49.18699265
v -364.54901123 -150.38420105 302.11096191
v -400.2749939 -119.44274139 271.01696777
v -389.10498047 -157.87922668 264.75094604
v -373.88198853 -113.69828033 308.98696899
v -380.69497681 -76.24741364 313.79000854
v -413.63299561 -40.21139145 277.55499268
v -408.49301147 -80.12817383 275.30200195
v -384.90997314 -38.25231552 316.5670166
v -432.70800781 -83.42168427 234.09898376
v -459.3999939 -43.1626358 191.85400391
v -452.95199585 -85.95774841 190.74798584
v -438.58099365 -41.87778091 235.83100891
v -303.46200562 -283.77523804 256.40292358
v -338.53799438 -264.11419678 235.86494446
v -316.54901123 -296.01321411 222.69494629
v -322.02099609 -252.72808838 270.54196167
v -338.51000977 -220.052948 282.940979
v -374.9420166 -194.78677368 256.95297241
v -358.04800415 -230.27947998 247.30595398
v -352.70397949 -185.83575439 293.49697876
v -375.04397583 -239.10612488 209.66395569
v -410.63601685 -208.4901123 177.92398071
v -389.34399414 -246.23272705 170.51895142
v -394.32000732 -202.40429688 218.29997253
v -423.57501221 214.00636292 134.79302979
v -453.22998047 176.99969482 93.57302856
v -442.76498413 173.74076843 139.31303406
v -433.05001831 217.81887817 90.54403687
v -374.09698486 288.42272949 122.29205322
v -408.86898804 256.62567139 86.68804169
v -400.60202026 252.36244202 129.08404541
v -380.92102051 293.0526123 82.04904938
v -385.05899048 295.84204102 41.17005539
v -415.73501587 259.76397705 4.526E-05
v -413.85998535 259.16265869 43.50704575
v -386.53900146 296.64532471 5.168E-05
v -352.70397949 185.83566284 293.49703979
v -389.10498047 157.87913513 264.75100708
v -364.54901123 150.3841095 302.11203003
v -374.9420166 194.78668213 256.95303345
v -322.02099609 252.72802734 270.54202271
v -358.04800415 230.27938843 247.30604553
v -338.51000977 220.05285645 282.94104004
v -338.53799438 264.11322021 235.86503601
v -352.79598999 273.88061523 199.44804382
v -389.34399414 246.23266602 170.51904297
v -375.04397583 239.10606384 209.66404724
v -364.71899414 281.87591553 161.68504333
v -386.53399658 -4.833E-05 317.22000122
v -413.63299561 40.21130753 277.55499268
v -415.73501587 -4.232E-05 277.78500366
v -384.90997314 38.25221252 316.5670166
v -373.88198853 113.69818115 308.98703003
v -408.49301147 80.1280899 275.30200195
v -380.69497681 76.24731445 313.79000854
v -400.2749939 119.44265747 271.01702881
v -423.2789917 124.25576019 230.57400513
v -452.95199585 85.95768738 190.74801636
v -432.70800781 83.4216156 234.09901428
v -442.57299805 128.01029968 188.08300781
v -410.4670105 164.09968567 -225.22497559
v -374.9420166 194.78677368 -256.95297241
v -389.10498047 157.87922668 -264.75094604
v -394.32000732 202.40429688 -218.29997253
v -375.04397583 239.10612488 -209.66395569
v -338.53799438 264.11419678 -235.86494446
v -358.04800415 230.27947998 -247.30595398
v -352.79598999 273.88067627 -199.44795227
v -338.51000977 220.052948 -282.940979
v -303.46398926 239.77102661 -303.46395874
v -316.54901123 208.24790955 -316.54898071
v -322.02099609 252.72808838 -270.54196167
v -459.60598755 178.74467468 -46.99296951
v -433.05001831 217.81890869 -90.54396057
v -453.22998047 176.99972534 -93.57296753
v -438.80999756 219.99493408 -45.4629631
v -413.85998535 259.16265869 -43.50695419
v -380.92102051 293.0526123 -82.04894257
v -408.86898804 256.62567139 -86.68795013
v -385.05899048 295.84204102 -41.16994858
v -400.60202026 252.36248779 -129.08395386
v -364.71899414 281.87597656 -161.68495178
v -389.34399414 246.23272705 -170.51895142
v -374.09698486 288.42279053 -122.29194641
v -497.58200073 7.47E-06 -49.00699997
v -487.91098022 45.30873489 -97.89398956
v -490.39300537 1.486E-05 -97.54499817
v -495.13500977 45.78751373 -49.18699265
v -487.94699097 91.13644409 -48.898983
v -469.23300171 134.22145081 -95.89597321
v -480.85702515 90.19197845 -97.33198547
v -476.04400635 135.58578491 -48.17297745
v -469.12197876 88.49005127 -144.72398376
v -442.57299805 128.01036072 -188.08297729
v -452.95199585 85.95774841 -190.74798584
v -458.00201416 131.70690918 -142.65296936
v -440.95001221 3.591E-05 -235.69299316
v -413.63299561 40.21139145 -277.55499268
v -415.73501587 4.232E-05 -277.78500366
v -438.58099365 41.87778091 -235.83100891
v -432.70800781 83.42168427 -234.09898376
v -400.2749939 119.44274139 -271.01696777
v -408.49301147 80.12817383 -275.30200195
v -423.2789917 124.2558136 -230.57397461
v -380.69497681 76.24741364 -313.79000854
v -344.19799805 106.96723175 -344.19796753
v -349.37600708 71.66062164 -349.37600708
v -373.88198853 113.69828033 -308.98696899
v -475.93499756 44.44557953 145.58302307
v -490.39300537 -1.486E-05 97.54499817
v -478.45599365 -2.211E-05 145.13800049
v -487.91098022 45.30870819 97.89400482
v -458.00201416 131.7068634 142.6530304
v -480.85702515 90.19195557 97.33201599
v -469.12197876 88.49001312 144.72401428
v -469.23300171 134.22142029 95.89601898
v -476.04400635 135.58575439 48.17302322
v -490.39300537 91.21685791 1.589E-05
v -487.94699097 91.13642883 48.89901352
v -478.45199585 135.72137451 2.365E-05
v -344.19699097 -321.86755371 114.38694763
v -380.92102051 -293.0526123 82.04894257
v -349.37600708 -326.71057129 76.63195038
v -374.09698486 -288.42279053 122.29194641
v -400.60202026 -252.36248779 129.08395386
v -433.05001831 -217.81890869 90.54396057
v -408.86898804 -256.62567139 86.68795013
v -423.57501221 -214.00639343 134.79296875
v -413.85998535 -259.16265869 43.50695419
v -440.94699097 -220.40075684 -3.84E-05
v -415.73501587 -259.76397705 -4.526E-05
v -438.80999756 -219.99493408 45.4629631
v 235.69299316 6.718E-05 -440.95001221
v 277.55499268 40.21141434 -413.63299561
v 277.78500366 6.334E-05 -415.73501587
v 235.83100891 41.87781525 -438.58099365
v 234.09899902 83.42171478 -432.70800781
v 271.01699829 119.44276428 -400.27496338
v 275.30200195 80.12819672 -408.49301147
v 230.57398987 124.25585938 -423.27896118
v 313.79000854 76.24742126 -380.69497681
v 344.19799805 106.96723175 -344.19796753
v 349.37600708 71.66062164 -349.37600708
v 308.98699951 113.69828796 -373.88195801
v -145.58300781 44.44567108 -475.93499756
v -97.54499817 7.471E-05 -490.39300537
v -145.13800049 7.289E-05 -478.45599365
v -97.89399719 45.30879593 -487.91098022
v -142.65299988 131.70695496 -458.00198364
v -97.33200073 90.19203949 -480.85699463
v -144.72399902 88.49010468 -469.12194824
v -95.89599609 134.22244263 -469.23196411
v -48.17300034 135.58584595 -476.04296875
v 0 91.21692657 -490.39297485
v -48.89899826 91.13651276 -487.94696045
v 0 135.72143555 -478.45196533
v -114.38700104 -321.8656311 -344.2010498
v -82.04699707 -293.04504395 -380.92004395
v -76.63200378 -326.70678711 -349.381073
v -122.29000092 -288.41802979 -374.09606934
v -129.08299255 -252.36048889 -400.60302734
v -90.54399872 -217.81694031 -433.05102539
v -86.68699646 -256.62283325 -408.87103271
v -134.79200745 -214.00537109 -423.57601929
v -43.50699997 -259.16073608 -413.86102295
v 0 -220.4006958 -440.94702148
v 0 -259.76391602 -415.73504639
v -45.46300125 -219.99391174 -438.81002808
v 440.95001221 -3.591E-05 235.69299316
v 413.63299561 40.21130753 277.55499268
v 415.73501587 -4.232E-05 277.78500366
v 438.58099365 41.87771225 235.83100891
v 432.70800781 83.4216156 234.09901428
v 400.2749939 119.44265747 271.01702881
v 408.49301147 80.1280899 275.30200195
v 423.2789917 124.25576019 230.57400513
v 380.69497681 76.24731445 313.79000854
v 344.19799805 106.96620178 344.19802856
v 349.37600708 71.66052246 349.37600708
v 373.88198853 113.69818115 308.98703003
v 475.93499756 44.44562149 -145.58299255
v 490.39300537 1.486E-05 -97.54499817
v 478.45599365 2.211E-05 -145.13800049
v 487.91098022 45.30873489 -97.89398956
v 458.00201416 131.70690918 -142.65296936
v 480.85702515 90.19197845 -97.33198547
v 469.12197876 88.49005127 -144.72398376
v 469.23300171 134.22145081 -95.89597321
v 476.04400635 135.58578491 -48.17297745
v 490.39300537 91.21685791 1.589E-05
v 487.94699097 91.13644409 -48.898983
v 478.45199585 135.72137451 2.365E-05
v 344.19699097 -321.86752319 -114.38705444
v 380.92102051 -293.0526123 -82.04904938
v 349.37600708 -326.71057129 -76.63205719
v 374.09698486 -288.42272949 -122.29205322
v 400.60202026 -252.36244202 -129.08404541
v 433.05001831 -217.81887817 -90.54403687
v 408.86898804 -256.62567139 -86.68804169
v 423.57501221 -214.00636292 -134.79302979
v 413.85998535 -259.16265869 -43.50704575
v 440.94699097 -220.40075684 -3.84E-05
v 415.73501587 -259.76397705 -4.526E-05
v 438.80999756 -219.99493408 -45.4630394
v -235.69299316 -6.718E-05 440.95001221
v -277.55499268 40.21128464 413.63299561
v -277.78500366 -6.334E-05 415.73501587
v -235.83100891 41.87767792 438.58099365
v -234.09899902 83.42158508 432.70800781
v -271.01699829 119.44263458 400.27502441
v -275.30200195 80.12806702 408.49301147
v -230.57398987 124.25571442 423.27902222
v -313.79000854 76.24730682 380.69497681
v -344.19799805 106.96620178 344.19802856
v -349.37600708 71.66052246 349.37600708
v -308.98699951 113.69817352 373.88201904
v 145.58300781 44.44552994 475.93499756
v 97.54499817 -7.471E-05 490.39300537
v 145.13800049 -7.289E-05 478.45599365
v 97.89399719 45.30771255 487.91098022
v 142.65299988 131.70681763 458.00204468
v 97.33200073 90.19189453 480.85803223
v 144.72399902 88.48995972 469.12200928
v 95.89599609 134.22135925 469.23303223
v 48.17300034 135.58569336 476.04403687
v 0 91.21678925 490.39303589
v 48.89899826 91.1363678 487.94802856
v 0 135.72129822 478.45202637
v 114.38700104 -321.86575317 344.20092773
v 82.04699707 -293.0451355 380.91992188
v 76.63200378 -326.70687866 349.38095093
v 122.29000092 -288.41815186 374.09594727
v 129.08299255 -252.36061096 400.60296631
v 90.54399872 -217.81707764 433.05096436
v 86.68699646 -256.62295532 408.87097168
v 134.79200745 -214.00552368 423.57595825
v 43.50699997 -259.16085815 413.86096191
v 0 -220.40083313 440.94696045
v 0 -259.76400757 415.73498535
v 45.46300125 -219.99406433 438.80996704
v -44.78300095 -410.12753296 -235.83207703
v 0 -388.76455688 -277.7850647
v 0 -412.34378052 -235.69306946
v -43.00099945 -386.79702759 -277.55703735
v -132.87701416 -395.8182373 -230.57507324
v -85.68699646 -381.98956299 -275.30606079
v -89.20899963 -404.63552856 -234.10107422
v -127.72999573 -374.30566406 -271.01907349
v -121.58799744 -349.62762451 -308.99307251
v -76.63200378 -326.70678711 -349.381073
v -81.53800201 -355.99862671 -313.79806519
v -114.38700104 -321.8656311 -344.2010498
v 0 -447.41665649 145.13792419
v -48.45100021 -456.25823975 97.8939209
v 0 -458.57925415 97.54492188
v -47.52899933 -445.0592041 145.58293152
v -94.6289978 -438.68817139 144.72392273
v -143.53300476 -438.79199219 95.8959198
v -96.44900513 -449.66281128 97.33192444
v -140.8440094 -428.2895813 142.65292358
v -97.45899963 -456.29284668 48.89891815
v -145.13699341 -447.41287231 -7.795E-05
v -97.54499817 -458.57922363 -7.99E-05
v -144.99198914 -445.16110229 48.17292404
v 349.37600708 -326.71057129 76.63195038
v 308.43200684 -349.82781982 122.29193878
v 313.38302612 -356.20913696 82.04893494
v 344.19699097 -321.86755371 114.38694763
v 274.4289856 -382.34399414 86.68792725
v 228.85299683 -396.0960083 134.79292297
v 232.93000793 -404.95629883 90.54393005
v 269.87002563 -374.6133728 129.0839386
v 277.78500366 -388.7645874 -6.773E-05
v 235.25700378 -410.34262085 45.46292877
v 235.69099426 -412.3409729 -7.184E-05
v 277.14199829 -387.01119995 43.5069313
v 0 388.76461792 -277.78494263
v 44.78300095 410.12759399 -235.83192444
v 43.00099945 386.79708862 -277.55691528
v 0 412.34381104 -235.69291687
v 85.68699646 381.98962402 -275.30593872
v 132.87701416 395.81829834 -230.57492065
v 127.72999573 374.30569458 -271.01895142
v 89.20899963 404.63555908 -234.10092163
v 76.63200378 326.70687866 -349.38095093
v 121.58799744 349.62869263 -308.99295044
v 114.38700104 321.86575317 -344.20092773
v 81.53800201 355.99874878 -313.79794312
v 48.45199966 456.25817871 97.89407349
v 0 447.41659546 145.13807678
v 47.52899933 445.05819702 145.58308411
v 0 458.57919312 97.54507446
v 143.53300476 438.79193115 95.89607239
v 94.6289978 438.68811035 144.72407532
v 140.8440094 428.28955078 142.65307617
v 96.44900513 449.66186523 97.33207703
v 145.13699341 447.41287231 7.795E-05
v 97.45899963 456.29190063 48.89907837
v 144.99198914 445.16110229 48.17307663
v 97.54499817 458.57922363 7.99E-05
v -308.43200684 349.82775879 122.29206085
v -349.37600708 326.71057129 76.63205719
v -344.19699097 321.86752319 114.38705444
v -313.38302612 356.20913696 82.04905701
v -228.85299683 396.09594727 134.79307556
v -274.4289856 382.34399414 86.68806458
v -269.87002563 374.61331177 129.08406067
v -232.93000793 404.95629883 90.54406738
v -235.25700378 410.34262085 45.46307373
v -277.78500366 388.7645874 6.773E-05
v -277.14199829 387.01119995 43.50806808
v -235.69099426 412.3409729 7.184E-05
v -327.72601318 306.46511841 -187.63496399
v -282.43701172 316.57476807 -235.86593628
v -316.54901123 296.01321411 -222.69494629
v -292.88101196 329.9078064 -199.44894409
v -255.69400024 350.71337891 -209.66493225
v -208.30099487 350.61706543 -256.95394897
v -246.25498962 334.81906128 -247.30793762
v -216.44599915 368.7388916 -218.29994202
v -235.32000732 316.55047607 -282.94393921
v -187.63600159 306.46514893 -327.72891235
v -222.69499207 296.01229858 -316.55093384
v -198.73001099 329.82366943 -293.49993896
v 282.43701172 -316.57470703 -235.86605835
v 327.72601318 -306.46505737 -187.63505554
v 292.88101196 -329.90774536 -199.44906616
v 316.54901123 -296.01315308 -222.69503784
v 208.30099487 -350.61700439 -256.95407104
v 255.69400024 -350.71331787 -209.66505432
v 216.44599915 -368.73883057 -218.30006409
v 246.25498962 -334.81900024 -247.30805969
v 187.63600159 -306.46502686 -327.72903442
v 235.32000732 -316.550354 -282.94406128
v 198.73001099 -329.82354736 -293.50006104
v 222.69499207 -296.01220703 -316.55105591
v -199.44599915 -273.8788147 352.79495239
v -222.69499207 -296.01229858 316.55093384
v -187.63600159 -306.46514893 327.72891235
v -235.86399841 -264.11141968 338.53793335
v -218.29899597 -202.40432739 394.32095337
v -247.30500793 -230.27856445 358.04898071
v -209.66300964 -239.1061554 375.04498291
v -256.95300293 -194.78585815 374.94296265
v -293.49700928 -185.83576965 352.70394897
v -316.54901123 -208.24790955 316.54898071
v -282.94000244 -220.05296326 338.51095581
v -327.72897339 -175.46333313 327.72894287
v 352.79501343 -273.88067627 199.44795227
v 316.54901123 -296.01321411 222.69494629
v 327.72601318 -306.46511841 187.63496399
v 338.53799438 -264.11419678 235.86494446
v 394.32000732 -202.40429688 218.29997253
v 358.04800415 -230.27947998 247.30595398
v 375.04397583 -239.10612488 209.66395569
v 374.9420166 -194.78677368 256.95297241
v 352.70397949 -185.83575439 293.49697876
v 316.54901123 -208.24790955 316.54898071
v 338.51000977 -220.052948 282.940979
v 327.72897339 -175.46333313 327.72894287
v 199.44599915 -273.87869263 -352.79507446
v 222.69499207 -296.01220703 -316.55105591
v 187.63600159 -306.46502686 -327.72903442
v 235.86399841 -264.11129761 -338.53805542
v 218.29899597 -202.40327454 -394.3210144
v 247.30500793 -230.27844238 -358.04904175
v 209.66300964 -239.10510254 -375.04504395
v 256.95300293 -194.78573608 -374.94302368
v 293.49700928 -185.83564758 -352.70401001
v 316.54901123 -208.24781799 -316.54904175
v 282.94000244 -220.05284119 -338.51101685
v 327.72897339 -175.46325684 -327.72900391
v -352.79501343 -273.88061523 -199.44804382
v -316.54901123 -296.01315308 -222.69503784
v -327.72601318 -306.46505737 -187.63505554
v -338.53799438 -264.11322021 -235.86503601
v -394.32000732 -202.40423584 -218.30003357
v -358.04800415 -230.27938843 -247.30604553
v -375.04397583 -239.10606384 -209.66404724
v -374.9420166 -194.78668213 -256.95303345
v -352.70397949 -185.83566284 -293.49703979
v -316.54901123 -208.24781799 -316.54904175
v -338.51000977 -220.05285645 -282.94104004
v -327.72897339 -175.46325684 -327.72900391
v -344.19699097 321.86755371 -114.38694763
v -349.37600708 326.71057129 -76.63195038
v -336.94400024 315.08511353 -151.45294189
v -352.53302002 329.66278076 -38.43194199
v -353.55300903 330.61657715 5.76E-05
v -303.46200562 283.77523804 -256.40292358
v -316.54901123 296.01321411 -222.69494629
v -288.67501831 269.9475708 -288.67495728
v -327.72601318 306.46511841 -187.63496399
v -316.54901123 296.01315308 222.69503784
v -327.72601318 306.46505737 187.63505554
v -336.94400024 315.08505249 151.45306396
v -288.67501831 269.94744873 288.67507935
v -303.46200562 283.775177 256.40408325
v -349.37600708 326.71057129 76.63205719
v -352.53302002 329.66278076 38.43205643
v -344.19699097 321.86752319 114.38705444
v 114.38700104 321.86575317 -344.20092773
v 76.63200378 326.70687866 -349.38095093
v 151.45300293 315.08514404 -336.94393921
v 38.43199921 329.65719604 -352.5319519
v 0 330.61663818 -353.552948
v 256.40402222 283.77618408 -303.46392822
v 222.69499207 296.01229858 -316.55093384
v 288.67501831 269.9475708 -288.67495728
v 187.63600159 306.46514893 -327.72891235
v -344.19799805 106.96723175 -344.19796753
v -349.37600708 71.66062164 -349.37600708
v -336.94400024 141.62768555 -336.94396973
v -353.55300903 5.386E-05 -353.55300903
v -352.52600098 35.93881226 -352.52600098
v -222.69499207 296.01229858 -316.55093384
v -187.63600159 306.46514893 -327.72891235
v -151.45300293 315.08514404 -336.94393921
v -303.46398926 239.77102661 -303.46395874
v -316.54901123 208.24790955 -316.54898071
v -288.67501831 269.9475708 -288.67495728
v -256.40402222 283.77618408 -303.46392822
v -327.72897339 175.46333313 -327.72894287
v -76.63200378 326.70687866 -349.38095093
v -38.43199921 329.65719604 -352.5319519
v -114.38700104 321.86575317 -344.20092773
v -316.54901123 -208.24781799 -316.54904175
v -327.72897339 -175.46325684 -327.72900391
v -336.94400024 -141.62757874 -336.94403076
v -288.67501831 -269.94744873 -288.67507935
v -303.46398926 -239.77090454 -303.46401978
v -349.37600708 -71.66052246 -349.37600708
v -352.52600098 -35.93870544 -352.52600098
v -344.19799805 -106.96620178 -344.19802856
v 344.19699097 321.86752319 114.38705444
v 349.37600708 326.71057129 76.63205719
v 336.94400024 315.08505249 151.45306396
v 352.53302002 329.66278076 38.43205643
v 353.55300903 330.61657715 5.76E-05
v 303.46200562 283.775177 256.40408325
v 316.54901123 296.01315308 222.69503784
v 288.67501831 269.94744873 288.67507935
v 327.72601318 306.46505737 187.63505554
v 316.54901123 296.01321411 -222.69494629
v 327.72601318 306.46511841 -187.63496399
v 336.94400024 315.08511353 -151.45294189
v 303.46200562 283.77523804 -256.40292358
v 349.37600708 326.71057129 -76.63195038
v 352.53302002 329.66278076 -38.43194199
v 344.19699097 321.86755371 -114.38694763
v -114.38700104 321.8656311 344.2010498
v -76.63200378 326.70678711 349.381073
v -151.45300293 315.08502197 336.94406128
v -38.43199921 329.65707397 352.53308105
v 0 330.61654663 353.55307007
v -256.40402222 283.77514648 303.46405029
v -222.69499207 296.01220703 316.55105591
v -187.63600159 306.46502686 327.72903442
v 222.69499207 296.01220703 316.55105591
v 187.63600159 306.46502686 327.72903442
v 151.45300293 315.08502197 336.94406128
v 256.40402222 283.77514648 303.46405029
v 76.63200378 326.70678711 349.381073
v 38.43199921 329.65707397 352.53308105
v 114.38700104 321.8656311 344.2010498
v -76.63200378 -326.70687866 349.38095093
v -114.38700104 -321.86575317 344.20092773
v -151.45300293 -315.08514404 336.94393921
v 0 -330.61663818 353.552948
v -38.43199921 -329.65719604 352.5319519
v -222.69499207 -296.01229858 316.55093384
v -256.40402222 -283.77618408 303.46392822
v -187.63600159 -306.46514893 327.72891235
v 187.63600159 -306.46514893 327.72891235
v 222.69499207 -296.01229858 316.55093384
v 151.45300293 -315.08514404 336.94393921
v 256.40402222 -283.77618408 303.46392822
v 288.67501831 -269.9475708 288.67495728
v 38.43199921 -329.65719604 352.5319519
v 76.63200378 -326.70687866 349.38095093
v 114.38700104 -321.86575317 344.20092773
v 76.63200378 326.70678711 349.381073
v 114.38700104 321.8656311 344.2010498
v 151.45300293 315.08502197 336.94406128
v 0 330.61654663 353.55307007
v 38.43199921 329.65707397 352.53308105
v 222.69499207 296.01220703 316.55105591
v 256.40402222 283.77514648 303.46405029
v 187.63600159 306.46502686 327.72903442
v -187.63600159 306.46502686 327.72903442
v -222.69499207 296.01220703 316.55105591
v -151.45300293 315.08502197 336.94406128
v -256.40402222 283.77514648 303.46405029
v -288.67501831 269.94744873 288.67507935
v -38.43199921 329.65707397 352.53308105
v -76.63200378 326.70678711 349.381073
v -114.38700104 321.8656311 344.2010498
vn -0.63216 -0.56566 -0.5295
vn -0.56389 -0.60335 -0.56386
vn -0.58962 -0.6303 -0.50499
vn -0.59328 -0.54402 -0.59328
vn 0.5295 -0.56563 -0.63216
vn 0.56389 -0.60335 -0.56386
vn 0.50499 -0.63021 -0.58971
vn 0.59328 -0.54402 -0.59328
vn 0.63216 -0.56566 0.5295
vn 0.56389 -0.60335 0.56386
vn 0.58962 -0.63033 0.50499
vn 0.59328 -0.54402 0.59328
vn -0.5295 -0.56563 0.63216
vn -0.56389 -0.60335 0.56386
vn -0.50499 -0.63021 0.58971
vn -0.59328 -0.54402 0.59328
vn 0.58962 -0.6303 -0.50499
vn 0.52461 -0.67016 -0.52498
vn -0.58962 0.6303 -0.50499
vn -0.50499 0.63021 -0.58971
vn -0.56389 0.60335 -0.56386
vn -0.52464 0.67016 -0.52495
vn -0.60646 0.79119 0.07877
vn -0.68319 0.73022 -0
vn -0.68123 0.72814 0.07529
vn -0.60799 0.79394 -0
vn 0.09183 0.99576 -0
vn 0 0.99576 0.09177
vn 0.09174 0.99152 0.09201
vn 0 1 -0
vn 0 0.73009 -0.68331
vn 0.0781 0.79086 -0.60695
vn 0.07514 0.72799 -0.68142
vn 0 0.79382 -0.60811
vn 0.68319 -0.73022 -0
vn 0.60646 -0.79119 0.07877
vn 0.60799 -0.79394 -0
vn 0.68123 -0.72814 0.07529
vn 0 -0.99576 0.09177
vn -0.09183 -0.99576 -0
vn 0 -1 -0
vn -0.09174 -0.99152 0.09201
vn -0.0781 -0.79086 -0.60695
vn 0 -0.73009 -0.68331
vn 0 -0.79382 -0.60811
vn -0.07514 -0.72799 -0.68142
vn 0.07514 -0.72799 0.68142
vn 0 -0.65844 0.75259
vn 0 -0.73009 0.68331
vn 0.07981 -0.6567 0.7499
vn 0.09818 0.10459 0.98965
vn 0 0 0.99997
vn 0.09803 0 0.99518
vn 0 0.10477 0.99448
vn -0.63182 0.08692 0.7702
vn -0.70708 0 0.70708
vn -0.6335 0 0.77371
vn -0.70464 0.08307 0.70464
vn 0.68123 -0.72814 -0.07529
vn 0.75262 -0.65844 -0
vn 0.7499 -0.6567 -0.07981
vn 0.98962 0.10459 -0.09818
vn 0.99997 0 -0
vn 0.99518 0 -0.09803
vn 0.99448 0.10477 -0
vn 0.7702 0.08692 0.63182
vn 0.70708 0 0.70708
vn 0.77371 0 0.6335
vn 0.70464 0.08307 0.70464
vn 0 -0.65844 -0.75259
vn -0.07981 -0.6567 -0.7499
vn -0.09818 0.10459 -0.98962
vn 0 0 -1
vn -0.09803 0 -0.99518
vn 0 0.10477 -0.99448
vn 0.63182 0.08692 -0.7702
vn 0.70708 0 -0.70708
vn 0.6335 0 -0.77371
vn 0.70464 0.08307 -0.70464
vn -0.68123 -0.72814 0.07529
vn -0.75262 -0.65844 -0
vn -0.68319 -0.73022 -0
vn -0.7499 -0.6567 0.07981
vn -0.98962 0.10459 0.09818
vn -0.99997 0 -0
vn -0.99518 0 0.09803
vn -0.99448 0.10477 -0
vn -0.7702 0.08692 -0.63182
vn -0.70708 0 -0.70708
vn -0.77371 0 -0.6335
vn -0.70464 0.08307 -0.70464
vn -0.95697 0 -0.29008
vn -0.91864 0.09854 -0.38255
vn -0.92404 0 -0.38227
vn -0.95148 0.10154 -0.29044
vn -0.87753 0.3925 -0.27543
vn -0.81085 0.46956 -0.34931
vn -0.84988 0.38231 -0.36262
vn -0.83547 0.48128 -0.26514
vn -0.72488 0.34034 -0.59886
vn -0.64751 0.40178 -0.64751
vn -0.66848 0.32597 -0.66848
vn -0.69878 0.41926 -0.57955
vn -0.87707 0.09531 0.47078
vn -0.92404 0 0.38227
vn -0.88208 0 0.47105
vn -0.91864 0.09854 0.38255
vn -0.77917 0.45598 0.43004
vn -0.84988 0.38231 0.36262
vn -0.81457 0.37098 0.44584
vn -0.81085 0.46956 0.34931
vn -0.86459 0.49443 0.08927
vn -0.91458 0.40434 -0
vn -0.91018 0.40364 0.09287
vn -0.86859 0.49553 -0
vn -0.63506 -0.67888 0.36845
vn -0.71242 -0.6274 0.31428
vn -0.65221 -0.6972 0.29746
vn -0.69015 -0.61046 0.38859
vn -0.81457 -0.37098 0.44584
vn -0.88119 -0.29084 0.37266
vn -0.84988 -0.38231 0.36262
vn -0.84292 -0.28193 0.45817
vn -0.91018 -0.40364 0.09287
vn -0.95132 -0.30815 -0
vn -0.91458 -0.40434 -0
vn -0.94665 -0.30763 0.09565
vn 0.29008 0 -0.95697
vn 0.38255 0.09854 -0.91864
vn 0.38227 0 -0.92404
vn 0.29044 0.10154 -0.95148
vn 0.27543 0.3925 -0.87753
vn 0.34931 0.46956 -0.81085
vn 0.36262 0.38231 -0.84988
vn 0.26514 0.48128 -0.83547
vn 0.59886 0.34034 -0.72488
vn 0.64751 0.40178 -0.64751
vn 0.66848 0.32597 -0.66848
vn 0.57955 0.41926 -0.69878
vn -0.47078 0.09531 -0.87707
vn -0.38227 0 -0.92404
vn -0.47105 0 -0.88208
vn -0.38255 0.09854 -0.91864
vn -0.43004 0.45598 -0.77917
vn -0.36262 0.38231 -0.84988
vn -0.44584 0.37098 -0.81457
vn -0.34931 0.46956 -0.81085
vn -0.08927 0.49443 -0.86459
vn 0 0.40434 -0.91458
vn -0.09287 0.40361 -0.91018
vn 0 0.49553 -0.86859
vn -0.36827 -0.67864 -0.63546
vn -0.31425 -0.6274 -0.71242
vn -0.29725 -0.69689 -0.65264
vn -0.38856 -0.61043 -0.69018
vn -0.44584 -0.37098 -0.81457
vn -0.37266 -0.29084 -0.88119
vn -0.36262 -0.38231 -0.84988
vn -0.45817 -0.28193 -0.84292
vn -0.09287 -0.40364 -0.91018
vn 0 -0.30815 -0.95132
vn 0 -0.40434 -0.91458
vn -0.09565 -0.30763 -0.94665
vn 0.95697 0 0.29008
vn 0.91864 0.09854 0.38255
vn 0.92404 0 0.38227
vn 0.95148 0.10154 0.29044
vn 0.87753 0.3925 0.27543
vn 0.81085 0.46956 0.34931
vn 0.84988 0.38231 0.36262
vn 0.83547 0.48128 0.26514
vn 0.72488 0.34034 0.59886
vn 0.64751 0.40178 0.64751
vn 0.66848 0.32597 0.66848
vn 0.69878 0.41926 0.57955
vn 0.87707 0.09531 -0.47078
vn 0.92404 0 -0.38227
vn 0.88208 0 -0.47105
vn 0.91864 0.09854 -0.38255
vn 0.77917 0.45598 -0.43001
vn 0.84988 0.38231 -0.36262
vn 0.81457 0.37098 -0.44584
vn 0.81085 0.46956 -0.34931
vn 0.86459 0.49443 -0.08927
vn 0.91458 0.40434 -0
vn 0.91018 0.40364 -0.09287
vn 0.86859 0.49553 -0
vn 0.63509 -0.67888 -0.36845
vn 0.71242 -0.6274 -0.31428
vn 0.65221 -0.6972 -0.29746
vn 0.69015 -0.61046 -0.38859
vn 0.81457 -0.37098 -0.44584
vn 0.88119 -0.29084 -0.37266
vn 0.84988 -0.38231 -0.36262
vn 0.84292 -0.28193 -0.45817
vn 0.91018 -0.40364 -0.09287
vn 0.95132 -0.30815 -0
vn 0.91458 -0.40434 -0
vn 0.94665 -0.30763 -0.09565
vn -0.29008 0 0.95697
vn -0.38255 0.09854 0.91864
vn -0.38227 0 0.92404
vn -0.29044 0.10154 0.95148
vn -0.27543 0.3925 0.87753
vn -0.34931 0.46956 0.81085
vn -0.36262 0.38231 0.84988
vn -0.26514 0.48128 0.83547
vn -0.59886 0.34034 0.72488
vn -0.64751 0.40178 0.64751
vn -0.66848 0.32597 0.66848
vn -0.57955 0.41926 0.69878
vn 0.47078 0.09531 0.87707
vn 0.38227 0 0.92404
vn 0.47105 0 0.88208
vn 0.38255 0.09854 0.91864
vn 0.43001 0.45598 0.77917
vn 0.36262 0.38231 0.84988
vn 0.44584 0.37098 0.81457
vn 0.34931 0.46956 0.81085
vn 0.08927 0.49443 0.86459
vn 0 0.40434 0.91458
vn 0.09287 0.40364 0.91018
vn 0 0.49553 0.86859
vn 0.36827 -0.67864 0.63543
vn 0.31425 -0.6274 0.71242
vn 0.29728 -0.69689 0.65264
vn 0.38856 -0.61046 0.69015
vn 0.44584 -0.37098 0.81457
vn 0.37266 -0.29084 0.88119
vn 0.36262 -0.38231 0.84988
vn 0.45817 -0.28193 0.84292
vn 0.09287 -0.40364 0.91018
vn 0 -0.30815 0.95132
vn 0 -0.40434 0.91458
vn 0.09565 -0.30763 0.94665
vn -0.08945 -0.95767 -0.27351
vn 0 -0.93252 -0.36103
vn 0 -0.96204 -0.27287
vn -0.08713 -0.92822 -0.36164
vn -0.43516 -0.86309 -0.25623
vn -0.34339 -0.87225 -0.34816
vn -0.35166 -0.89819 -0.26371
vn -0.4254 -0.83938 -0.33827
vn -0.38316 -0.72979 -0.56618
vn -0.30915 -0.75243 -0.58156
vn 0 -0.8945 0.447
vn -0.08713 -0.92822 0.36164
vn 0 -0.93252 0.36103
vn -0.08469 -0.89041 0.44716
vn -0.33436 -0.83886 0.42952
vn -0.4254 -0.83938 0.33827
vn -0.34339 -0.87225 0.34816
vn -0.4142 -0.80874 0.41752
vn -0.36045 -0.92853 0.08863
vn -0.44673 -0.89465 -0
vn -0.36088 -0.93258 -0
vn -0.44597 -0.8909 0.08606
vn 0.65221 -0.6972 0.29746
vn 0.56505 -0.72997 0.38444
vn 0.58025 -0.75283 0.31062
vn 0.63506 -0.67888 0.36845
vn 0.34339 -0.87225 0.34816
vn 0.25245 -0.86248 0.43858
vn 0.25938 -0.89801 0.3553
vn 0.33436 -0.83886 0.42952
vn 0.36088 -0.93258 -0
vn 0.27247 -0.95788 0.09055
vn 0.27277 -0.96207 -0
vn 0.36045 -0.92853 0.08863
vn 0 0.93252 -0.36103
vn 0.08945 0.95767 -0.27351
vn 0.08713 0.92822 -0.36164
vn 0 0.96204 -0.27287
vn 0.34339 0.87225 -0.34816
vn 0.43516 0.86309 -0.25623
vn 0.4254 0.83938 -0.33827
vn 0.35166 0.89819 -0.26371
vn 0.29728 0.69689 -0.65264
vn 0.38316 0.72979 -0.56618
vn 0.36827 0.67864 -0.63543
vn 0.30915 0.75243 -0.58153
vn 0.08713 0.92822 0.36164
vn 0 0.8945 0.447
vn 0.08469 0.89041 0.44716
vn 0 0.93252 0.36103
vn 0.4254 0.83938 0.33827
vn 0.33436 0.83886 0.42952
vn 0.4142 0.80874 0.41752
vn 0.34339 0.87225 0.34816
vn 0.44673 0.89465 -0
vn 0.36045 0.92853 0.08863
vn 0.44597 0.8909 0.08606
vn 0.36088 0.93258 -0
vn -0.56505 0.72997 0.38444
vn -0.65221 0.6972 0.29746
vn -0.63506 0.67888 0.36845
vn -0.58025 0.75283 0.31062
vn -0.25245 0.86248 0.43858
vn -0.34339 0.87225 0.34816
vn -0.33436 0.83886 0.42952
vn -0.25938 0.89801 0.3553
vn -0.27247 0.95788 0.09055
vn -0.36088 0.93258 -0
vn -0.36045 0.92853 0.08863
vn -0.27277 0.96207 -0
vn -0.6657 0.71157 -0.22456
vn -0.58025 0.75283 -0.31062
vn -0.65221 0.6972 -0.29746
vn -0.59246 0.77059 -0.23481
vn -0.35166 0.89819 -0.26371
vn -0.25938 0.89801 -0.3553
vn -0.34339 0.87225 -0.34816
vn -0.26585 0.92569 -0.26908
vn -0.30915 0.75243 -0.58153
vn -0.22431 0.71129 -0.6661
vn -0.29728 0.69689 -0.65264
vn -0.23338 0.7701 -0.59365
vn 0.58025 -0.75283 -0.31062
vn 0.6657 -0.71157 -0.22456
vn 0.59246 -0.77059 -0.23481
vn 0.25938 -0.89801 -0.3553
vn 0.35166 -0.89819 -0.26371
vn 0.26585 -0.92569 -0.26908
vn 0.34339 -0.87225 -0.34816
vn 0.22431 -0.71129 -0.6661
vn 0.30915 -0.75243 -0.58156
vn 0.23338 -0.7701 -0.59365
vn 0.29725 -0.69689 -0.65264
vn -0.23774 -0.64101 0.72976
vn -0.29728 -0.69689 0.65264
vn -0.22431 -0.71129 0.6661
vn -0.31425 -0.6274 0.71242
vn -0.28312 -0.29899 0.91125
vn -0.36262 -0.38231 0.84988
vn -0.27543 -0.3925 0.87753
vn -0.37266 -0.29084 0.88119
vn -0.61434 -0.25819 0.74557
vn -0.66848 -0.32597 0.66848
vn -0.59886 -0.34034 0.72488
vn -0.6852 -0.24696 0.6852
vn 0.72973 -0.64104 0.23774
vn 0.6657 -0.71157 0.22456
vn 0.71242 -0.6274 0.31428
vn 0.91125 -0.29899 0.28312
vn 0.84988 -0.38231 0.36262
vn 0.87753 -0.3925 0.27543
vn 0.88119 -0.29084 0.37266
vn 0.74557 -0.25819 0.61434
vn 0.66848 -0.32597 0.66848
vn 0.72488 -0.34034 0.59886
vn 0.6852 -0.24696 0.6852
vn 0.23774 -0.64101 -0.72976
vn 0.31425 -0.6274 -0.71242
vn 0.28312 -0.29899 -0.91125
vn 0.36262 -0.38231 -0.84988
vn 0.27543 -0.3925 -0.87753
vn 0.37266 -0.29084 -0.88119
vn 0.61434 -0.25819 -0.74557
vn 0.66848 -0.32597 -0.66848
vn 0.59886 -0.34034 -0.72488
vn 0.6852 -0.24696 -0.6852
vn -0.72973 -0.64104 -0.23774
vn -0.65221 -0.6972 -0.29746
vn -0.6657 -0.71157 -0.22456
vn -0.71242 -0.6274 -0.31428
vn -0.91125 -0.29899 -0.28312
vn -0.84988 -0.38231 -0.36262
vn -0.87753 -0.3925 -0.27543
vn -0.88119 -0.29084 -0.37266
vn -0.74557 -0.25819 -0.61434
vn -0.66848 -0.32597 -0.66848
vn -0.72488 -0.34034 -0.59886
vn -0.6852 -0.24696 -0.6852
vn -0.84292 -0.28193 -0.45817
vn -0.77309 -0.35704 -0.52419
vn -0.81457 -0.37098 -0.44584
vn -0.79791 -0.27116 -0.53832
vn -0.87707 -0.09531 -0.47078
vn -0.81625 -0.1822 -0.54817
vn -0.86392 -0.18967 -0.46651
vn -0.82775 -0.09149 -0.55354
vn -0.7702 -0.08692 -0.63182
vn -0.69732 -0.16578 -0.69732
vn -0.7608 -0.17331 -0.62539
vn -0.70464 -0.08307 -0.70464
vn -0.94665 -0.30763 -0.09565
vn -0.89776 -0.3997 -0.18503
vn -0.91018 -0.40364 -0.09287
vn -0.93323 -0.30461 -0.19037
vn -0.98962 -0.10459 -0.09818
vn -0.95926 -0.20551 -0.19382
vn -0.97333 -0.20762 -0.09742
vn -0.97525 -0.10352 -0.19535
vn -0.95148 -0.10154 -0.29044
vn -0.90426 -0.19587 -0.37938
vn -0.93609 -0.20161 -0.28819
vn -0.91864 -0.09854 -0.38255
vn -0.7499 -0.6567 -0.07981
vn -0.67537 -0.72192 -0.15049
vn -0.68123 -0.72814 -0.07529
vn -0.7423 -0.65084 -0.15934
vn -0.86459 -0.49443 -0.08927
vn -0.80178 -0.57305 -0.16944
vn -0.81124 -0.57845 -0.08493
vn -0.85351 -0.48967 -0.17804
vn -0.83547 -0.48128 -0.26514
vn -0.76504 -0.55107 -0.33314
vn -0.78625 -0.56389 -0.25251
vn -0.81085 -0.46956 -0.34931
vn 0.45817 -0.28193 -0.84292
vn 0.52419 -0.35704 -0.77309
vn 0.44584 -0.37098 -0.81457
vn 0.53832 -0.27116 -0.79791
vn 0.47078 -0.09531 -0.87707
vn 0.54817 -0.1822 -0.81625
vn 0.46651 -0.18967 -0.86392
vn 0.55354 -0.09149 -0.82775
vn 0.63182 -0.08692 -0.7702
vn 0.69732 -0.16578 -0.69732
vn 0.62539 -0.17331 -0.7608
vn 0.70464 -0.08307 -0.70464
vn 0.09565 -0.30763 -0.94665
vn 0.18503 -0.3997 -0.89776
vn 0.09287 -0.40364 -0.91018
vn 0.19037 -0.30461 -0.93323
vn 0.09818 -0.10459 -0.98965
vn 0.19382 -0.20551 -0.95926
vn 0.09742 -0.20762 -0.97333
vn 0.19535 -0.10352 -0.97525
vn 0.29044 -0.10154 -0.95148
vn 0.37938 -0.19587 -0.90426
vn 0.28819 -0.20161 -0.93609
vn 0.38255 -0.09854 -0.91864
vn 0.07981 -0.6567 -0.7499
vn 0.15021 -0.72167 -0.67568
vn 0.07514 -0.72799 -0.68142
vn 0.15931 -0.65081 -0.7423
vn 0.08927 -0.49443 -0.86459
vn 0.16941 -0.57311 -0.80175
vn 0.08493 -0.57851 -0.81121
vn 0.17804 -0.48967 -0.85351
vn 0.26514 -0.48128 -0.83547
vn 0.33314 -0.55113 -0.76501
vn 0.25251 -0.56395 -0.78622
vn 0.34931 -0.46956 -0.81085
vn 0.84292 -0.28193 0.45817
vn 0.77309 -0.35704 0.52419
vn 0.81457 -0.37098 0.44584
vn 0.79791 -0.27116 0.53832
vn 0.87707 -0.09531 0.47078
vn 0.81625 -0.1822 0.54817
vn 0.86392 -0.18967 0.46651
vn 0.82775 -0.09149 0.55354
vn 0.7702 -0.08692 0.63182
vn 0.69732 -0.16578 0.69732
vn 0.7608 -0.17331 0.62539
vn 0.70464 -0.08307 0.70464
vn 0.94665 -0.30763 0.09565
vn 0.89776 -0.3997 0.18503
vn 0.91018 -0.40364 0.09287
vn 0.93323 -0.30461 0.19037
vn 0.98965 -0.10459 0.09818
vn 0.95926 -0.20551 0.19382
vn 0.97333 -0.20762 0.09742
vn 0.97525 -0.10352 0.19535
vn 0.95148 -0.10154 0.29044
vn 0.90426 -0.19587 0.37938
vn 0.93609 -0.20161 0.28819
vn 0.91864 -0.09854 0.38255
vn 0.7499 -0.6567 0.07981
vn 0.67537 -0.72192 0.15049
vn 0.7423 -0.65084 0.15934
vn 0.86459 -0.49443 0.08927
vn 0.80178 -0.57305 0.16944
vn 0.81124 -0.57845 0.08493
vn 0.85351 -0.48967 0.17804
vn 0.83547 -0.48128 0.26514
vn 0.76504 -0.55107 0.33314
vn 0.78625 -0.56389 0.25251
vn 0.81085 -0.46956 0.34931
vn -0.45817 -0.28193 0.84292
vn -0.52419 -0.35704 0.77309
vn -0.44584 -0.37098 0.81457
vn -0.53832 -0.27116 0.79791
vn -0.47078 -0.09531 0.87707
vn -0.54817 -0.1822 0.81625
vn -0.46651 -0.18967 0.86392
vn -0.55354 -0.09149 0.82775
vn -0.63182 -0.08692 0.7702
vn -0.69732 -0.16578 0.69732
vn -0.62539 -0.17331 0.7608
vn -0.70464 -0.08307 0.70464
vn -0.09565 -0.30763 0.94665
vn -0.18503 -0.3997 0.89776
vn -0.09287 -0.40364 0.91018
vn -0.19037 -0.30461 0.93323
vn -0.09818 -0.10459 0.98965
vn -0.19382 -0.20551 0.95926
vn -0.09742 -0.20762 0.97333
vn -0.19535 -0.10352 0.97525
vn -0.29044 -0.10154 0.95148
vn -0.37938 -0.19587 0.90426
vn -0.28819 -0.20161 0.93609
vn -0.38255 -0.09854 0.91864
vn -0.07981 -0.6567 0.7499
vn -0.15021 -0.72167 0.67571
vn -0.07514 -0.72799 0.68142
vn -0.15928 -0.65084 0.7423
vn -0.08927 -0.49443 0.86459
vn -0.16941 -0.57311 0.80175
vn -0.08493 -0.57851 0.81121
vn -0.17804 -0.48967 0.85351
vn -0.26514 -0.48128 0.83547
vn -0.33314 -0.55113 0.76501
vn -0.25251 -0.56395 0.78622
vn -0.34931 -0.46956 0.81085
vn 0.2439 -0.82012 -0.51756
vn 0.33436 -0.83886 -0.42952
vn 0.25245 -0.86248 -0.43858
vn 0.32298 -0.79919 -0.50685
vn 0.08173 -0.84494 -0.52855
vn 0.16904 -0.8797 -0.44444
vn 0.08469 -0.89041 -0.44716
vn 0.16318 -0.83541 -0.5248
vn 0.1561 -0.78298 -0.60213
vn 0.0781 -0.79086 -0.60695
vn 0.27021 -0.94571 -0.18052
vn 0.36045 -0.92853 -0.08863
vn 0.27247 -0.95788 -0.09055
vn 0.35737 -0.91705 -0.17682
vn 0.09095 -0.97879 -0.18342
vn 0.18278 -0.97885 -0.09165
vn 0.09174 -0.99152 -0.09201
vn 0.18122 -0.96631 -0.18268
vn 0.08713 -0.92822 -0.36164
vn 0.17826 -0.94552 -0.27232
vn 0.08945 -0.95767 -0.27351
vn 0.17377 -0.91668 -0.35978
vn 0.60121 -0.78341 -0.15729
vn 0.60646 -0.79119 -0.07877
vn 0.67537 -0.72192 -0.15049
vn 0.44209 -0.88034 -0.17179
vn 0.52763 -0.84539 -0.0828
vn 0.44597 -0.8909 -0.08606
vn 0.52306 -0.83609 -0.16529
vn 0.4254 -0.83938 -0.33827
vn 0.51521 -0.8208 -0.24659
vn 0.43516 -0.86309 -0.25623
vn 0.5042 -0.79977 -0.32575
vn -0.33436 0.83886 -0.42952
vn -0.2439 0.82012 -0.51756
vn -0.32298 0.79919 -0.50685
vn -0.25245 0.86248 -0.43858
vn -0.16904 0.8797 -0.44444
vn -0.08173 0.84494 -0.52855
vn -0.16318 0.83541 -0.5248
vn -0.08469 0.89041 -0.44716
vn -0.1561 0.78298 -0.60213
vn -0.07514 0.72799 -0.68142
vn -0.15021 0.72167 -0.67571
vn -0.0781 0.79086 -0.60695
vn -0.36045 0.92853 -0.08863
vn -0.27021 0.94571 -0.18049
vn -0.3574 0.91705 -0.17682
vn -0.27247 0.95788 -0.09055
vn -0.18278 0.97885 -0.09165
vn -0.09095 0.97879 -0.18342
vn -0.18122 0.96631 -0.18268
vn -0.09174 0.99152 -0.09201
vn -0.17826 0.94552 -0.27232
vn -0.08713 0.92822 -0.36164
vn -0.17377 0.91668 -0.35978
vn -0.08945 0.95767 -0.27351
vn -0.68123 0.72814 -0.07529
vn -0.60121 0.78341 -0.15729
vn -0.67537 0.72192 -0.15049
vn -0.60646 0.79119 -0.07877
vn -0.52763 0.84539 -0.0828
vn -0.44209 0.88034 -0.17179
vn -0.52306 0.83609 -0.16529
vn -0.44597 0.8909 -0.08606
vn -0.51521 0.8208 -0.24659
vn -0.4254 0.83938 -0.33827
vn -0.5042 0.79977 -0.32575
vn -0.43516 0.86309 -0.25623
vn -0.26585 0.92569 0.26908
vn -0.35737 0.91705 0.17682
vn -0.35166 0.89819 0.26371
vn -0.27021 0.94571 0.18049
vn -0.08945 0.95767 0.27351
vn -0.18122 0.96631 0.18268
vn -0.17826 0.94552 0.27232
vn -0.09095 0.97879 0.18342
vn -0.09174 0.99152 0.09201
vn -0.18296 0.98309 -0
vn -0.18278 0.97885 0.09165
vn -0.09183 0.99576 -0
vn -0.23338 0.7701 0.59365
vn -0.32298 0.79919 0.50685
vn -0.30915 0.75243 0.58156
vn -0.2439 0.82012 0.51756
vn -0.0781 0.79086 0.60695
vn -0.16318 0.83541 0.5248
vn -0.1561 0.78298 0.60213
vn -0.08173 0.84494 0.52855
vn -0.08469 0.89041 0.44716
vn -0.17377 0.91668 0.35978
vn -0.16904 0.8797 0.44444
vn -0.08713 0.92822 0.36164
vn -0.52461 0.67016 0.52498
vn -0.61397 0.65636 0.43837
vn -0.58962 0.6303 0.50499
vn -0.54653 0.70199 0.45659
vn -0.38316 0.72979 0.56618
vn -0.47475 0.74001 0.47642
vn -0.45573 0.7019 0.54735
vn -0.40007 0.77245 0.49315
vn -0.4142 0.80874 0.41752
vn -0.5042 0.79977 0.32575
vn -0.49092 0.77261 0.40254
vn -0.4254 0.83938 0.33827
vn 0.44209 0.88034 0.17179
vn 0.35166 0.89819 0.26371
vn 0.43516 0.86309 0.25623
vn 0.35737 0.91705 0.17682
vn 0.60121 0.78341 0.15729
vn 0.51521 0.8208 0.24659
vn 0.59246 0.77059 0.23481
vn 0.52306 0.83609 0.16529
vn 0.60799 0.79394 -0
vn 0.52763 0.84539 0.0828
vn 0.60646 0.79119 0.07877
vn 0.52876 0.84875 -0
vn 0.40007 0.77245 0.49315
vn 0.30915 0.75243 0.58156
vn 0.38316 0.72979 0.56618
vn 0.32298 0.79919 0.50685
vn 0.54653 0.70199 0.45656
vn 0.45573 0.7019 0.54735
vn 0.52461 0.67016 0.52498
vn 0.47475 0.74001 0.47642
vn 0.58025 0.75283 0.31062
vn 0.49092 0.77261 0.40254
vn 0.56505 0.72997 0.38444
vn 0.5042 0.79977 0.32575
vn 0.08173 0.84494 0.52855
vn 0 0.79382 0.60811
vn 0.0781 0.79086 0.60695
vn 0 0.8486 0.52901
vn 0.2439 0.82012 0.51756
vn 0.1561 0.78298 0.60213
vn 0.23338 0.7701 0.59365
vn 0.16318 0.83541 0.5248
vn 0.25938 0.89801 0.3553
vn 0.16904 0.8797 0.44444
vn 0.25245 0.86248 0.43858
vn 0.17377 0.91668 0.35978
vn 0.32298 0.79919 -0.50685
vn 0.4142 0.80874 -0.41752
vn 0.40007 0.77245 -0.49315
vn 0.33436 0.83886 -0.42952
vn 0.47475 0.74001 -0.47642
vn 0.56505 0.72997 -0.38444
vn 0.54653 0.70199 -0.45659
vn 0.49092 0.77261 -0.40254
vn 0.43828 0.65618 -0.61425
vn 0.52464 0.67016 -0.52495
vn 0.50499 0.63021 -0.58971
vn 0.45573 0.7019 -0.54735
vn 0.3574 0.91705 -0.17682
vn 0.44597 0.8909 -0.08606
vn 0.44209 0.88034 -0.17179
vn 0.36045 0.92853 -0.08863
vn 0.52306 0.83609 -0.16529
vn 0.60646 0.79119 -0.07877
vn 0.60121 0.78341 -0.15729
vn 0.52763 0.84539 -0.0828
vn 0.5042 0.79977 -0.32579
vn 0.59246 0.77059 -0.23481
vn 0.58025 0.75283 -0.31062
vn 0.51521 0.8208 -0.24659
vn 0 0.98309 -0.18293
vn 0.09174 0.99152 -0.09201
vn 0.09095 0.97879 -0.18342
vn 0 0.99576 -0.09177
vn 0.18122 0.96631 -0.18268
vn 0.27247 0.95788 -0.09055
vn 0.27021 0.94571 -0.18049
vn 0.18278 0.97885 -0.09165
vn 0.17377 0.91668 -0.35978
vn 0.26585 0.92569 -0.26908
vn 0.25938 0.89801 -0.3553
vn 0.17823 0.94552 -0.27232
vn 0.3574 -0.91705 0.17682
vn 0.26585 -0.92569 0.26908
vn 0.27021 -0.94571 0.18049
vn 0.35166 -0.89819 0.26371
vn 0.18122 -0.96631 0.18268
vn 0.08945 -0.95767 0.27351
vn 0.09095 -0.97879 0.18342
vn 0.17826 -0.94552 0.27232
vn 0.18296 -0.98309 -0
vn 0.09174 -0.99152 0.09201
vn 0.09183 -0.99576 -0
vn 0.18278 -0.97885 0.09165
vn 0.32298 -0.79919 0.50685
vn 0.23338 -0.7701 0.59365
vn 0.2439 -0.82012 0.51756
vn 0.30915 -0.75243 0.58153
vn 0.16318 -0.83541 0.5248
vn 0.0781 -0.79086 0.60695
vn 0.08173 -0.84494 0.52855
vn 0.1561 -0.78298 0.60213
vn 0.17377 -0.91668 0.35978
vn 0.08469 -0.89041 0.44716
vn 0.08713 -0.92822 0.36164
vn 0.16904 -0.8797 0.44444
vn 0.61397 -0.65636 0.43837
vn 0.52464 -0.67016 0.52495
vn 0.54653 -0.70199 0.45659
vn 0.47475 -0.74001 0.47642
vn 0.38316 -0.72979 0.56618
vn 0.40007 -0.77245 0.49315
vn 0.45573 -0.7019 0.54735
vn 0.5042 -0.79977 0.32575
vn 0.4142 -0.80874 0.41752
vn 0.4254 -0.83938 0.33827
vn 0.49092 -0.77261 0.40254
vn -0.35166 -0.89819 0.26371
vn -0.44209 -0.88034 0.17179
vn -0.35737 -0.91705 0.17682
vn -0.43516 -0.86309 0.25623
vn -0.51521 -0.8208 0.24659
vn -0.60121 -0.78341 0.15729
vn -0.52306 -0.83609 0.16529
vn -0.59246 -0.77059 0.23481
vn -0.52763 -0.84539 0.0828
vn -0.60799 -0.79394 -0
vn -0.52876 -0.84875 -0
vn -0.60646 -0.79119 0.07877
vn -0.30915 -0.75243 0.58153
vn -0.40007 -0.77245 0.49315
vn -0.32298 -0.79919 0.50685
vn -0.38316 -0.72979 0.56618
vn -0.45573 -0.7019 0.54735
vn -0.54653 -0.70199 0.45659
vn -0.47475 -0.74001 0.47642
vn -0.52464 -0.67016 0.52495
vn -0.49092 -0.77261 0.40254
vn -0.58025 -0.75283 0.31062
vn -0.5042 -0.79977 0.32575
vn -0.56505 -0.72997 0.38444
vn 0 -0.79382 0.60811
vn -0.08173 -0.84494 0.52855
vn 0 -0.8486 0.52901
vn -0.0781 -0.79086 0.60695
vn -0.1561 -0.78298 0.60213
vn -0.2439 -0.82012 0.51756
vn -0.16318 -0.83541 0.5248
vn -0.23338 -0.7701 0.59365
vn -0.16904 -0.8797 0.44444
vn -0.25938 -0.89801 0.3553
vn -0.17377 -0.91668 0.35978
vn -0.25245 -0.86248 0.43858
vn -0.4142 -0.80874 -0.41752
vn -0.32298 -0.79919 -0.50685
vn -0.33436 -0.83886 -0.42952
vn -0.40007 -0.77245 -0.49315
vn -0.56505 -0.72997 -0.38444
vn -0.47475 -0.74001 -0.47642
vn -0.49092 -0.77261 -0.40254
vn -0.54653 -0.70199 -0.45659
vn -0.52461 -0.67016 -0.52498
vn -0.43828 -0.65618 -0.61425
vn -0.45573 -0.7019 -0.54735
vn -0.50499 -0.63021 -0.58971
vn -0.44597 -0.8909 -0.08606
vn -0.35737 -0.91705 -0.17682
vn -0.36045 -0.92853 -0.08863
vn -0.44209 -0.88034 -0.17179
vn -0.60646 -0.79119 -0.07877
vn -0.52306 -0.83609 -0.16529
vn -0.52763 -0.84539 -0.0828
vn -0.60121 -0.78341 -0.15729
vn -0.59246 -0.77059 -0.23481
vn -0.5042 -0.79977 -0.32575
vn -0.51521 -0.8208 -0.24659
vn -0.58025 -0.75283 -0.31062
vn -0.09174 -0.99152 -0.09201
vn 0 -0.98309 -0.18293
vn 0 -0.99576 -0.09177
vn -0.09095 -0.97879 -0.18342
vn -0.27247 -0.95788 -0.09055
vn -0.18122 -0.96631 -0.18268
vn -0.18278 -0.97885 -0.09165
vn -0.27021 -0.94571 -0.18052
vn -0.26585 -0.92569 -0.26908
vn -0.17377 -0.91668 -0.35978
vn -0.17826 -0.94552 -0.27232
vn -0.25938 -0.89801 -0.3553
vn 0.27543 -0.3925 0.87753
vn 0.19037 -0.30461 0.93323
vn 0.18503 -0.3997 0.89776
vn 0.28312 -0.29899 0.91125
vn 0.28819 -0.20161 0.93609
vn 0.19535 -0.10352 0.97525
vn 0.19382 -0.20551 0.95926
vn 0.29044 -0.10154 0.95148
vn 0.09742 -0.20762 0.97333
vn 0 -0.10477 0.99448
vn 0 -0.20795 0.97812
vn 0.09818 -0.10459 0.98965
vn 0.59886 -0.34034 0.72488
vn 0.53832 -0.27116 0.79791
vn 0.52419 -0.35704 0.77309
vn 0.61434 -0.25819 0.74557
vn 0.62539 -0.17331 0.7608
vn 0.55354 -0.09149 0.82775
vn 0.54817 -0.1822 0.81625
vn 0.63182 -0.08692 0.7702
vn 0.46651 -0.18967 0.86392
vn 0.38255 -0.09854 0.91864
vn 0.37938 -0.19587 0.90426
vn 0.47078 -0.09531 0.87707
vn 0.50499 -0.63021 0.58971
vn 0.46098 -0.58983 0.66298
vn 0.43828 -0.65618 0.61425
vn 0.5295 -0.56563 0.63216
vn 0.55632 -0.49516 0.66729
vn 0.50649 -0.43916 0.742
vn 0.48534 -0.51695 0.7051
vn 0.57955 -0.41926 0.69878
vn 0.41087 -0.53569 0.73766
vn 0.34931 -0.46956 0.81085
vn 0.33314 -0.55113 0.76501
vn 0.43004 -0.45598 0.77917
vn 0.26514 0.48128 0.83547
vn 0.18503 0.3997 0.89776
vn 0.27543 0.3925 0.87753
vn 0.17804 0.48967 0.85351
vn 0.23774 0.64101 0.72976
vn 0.16941 0.57311 0.80175
vn 0.25251 0.56395 0.78622
vn 0.15931 0.65081 0.7423
vn 0.07981 0.6567 0.7499
vn 0 0.57991 0.81466
vn 0.08493 0.57851 0.81121
vn 0 0.65844 0.75259
vn 0.57955 0.41926 0.69878
vn 0.52419 0.35704 0.77309
vn 0.59886 0.34034 0.72488
vn 0.50645 0.43916 0.742
vn 0.5295 0.56566 0.63216
vn 0.48534 0.51695 0.7051
vn 0.55632 0.49516 0.66729
vn 0.46098 0.58983 0.66298
vn 0.38856 0.61043 0.69018
vn 0.33314 0.55113 0.76501
vn 0.41087 0.53569 0.73769
vn 0.31425 0.6274 0.71242
vn 0.6335 0 0.77371
vn 0.55354 0.09149 0.82775
vn 0.55449 0 0.83215
vn 0.63182 0.08692 0.7702
vn 0.61434 0.25819 0.74557
vn 0.54817 0.1822 0.81625
vn 0.62539 0.17331 0.7608
vn 0.53832 0.27116 0.79791
vn 0.45817 0.28193 0.84292
vn 0.37938 0.19587 0.90426
vn 0.46651 0.18967 0.86392
vn 0.37266 0.29084 0.88119
vn -0.44584 0.37098 0.81457
vn -0.50649 0.43916 0.742
vn -0.52419 0.35704 0.77309
vn -0.43004 0.45598 0.77917
vn -0.41087 0.53569 0.73769
vn -0.46098 0.58983 0.66298
vn -0.48534 0.51695 0.7051
vn -0.38856 0.61043 0.69018
vn -0.55632 0.49516 0.66729
vn -0.59328 0.54402 0.59328
vn -0.62209 0.47536 0.62209
vn -0.5295 0.56563 0.63216
vn -0.09287 0.40364 0.91018
vn -0.17804 0.48967 0.85351
vn -0.18503 0.3997 0.89776
vn -0.08927 0.49443 0.86459
vn -0.08493 0.57851 0.81121
vn -0.15931 0.65081 0.7423
vn -0.16941 0.57311 0.80175
vn -0.07981 0.6567 0.7499
vn -0.25251 0.56395 0.78622
vn -0.31425 0.6274 0.71242
vn -0.33314 0.55113 0.76501
vn -0.23774 0.64101 0.72976
vn -0.09803 0 0.99518
vn -0.19535 0.10352 0.97525
vn -0.19501 0 0.98077
vn -0.09818 0.10459 0.98962
vn -0.09742 0.20762 0.97333
vn -0.19037 0.30461 0.93323
vn -0.19382 0.20551 0.95926
vn -0.09565 0.30763 0.94665
vn -0.28819 0.20161 0.93609
vn -0.37266 0.29084 0.88119
vn -0.37938 0.19587 0.90426
vn -0.28312 0.29899 0.91125
vn 0.87753 -0.3925 -0.27543
vn 0.93323 -0.30461 -0.19037
vn 0.89776 -0.3997 -0.18503
vn 0.91125 -0.29899 -0.28312
vn 0.93609 -0.20161 -0.28819
vn 0.97525 -0.10352 -0.19535
vn 0.95926 -0.20551 -0.19382
vn 0.95148 -0.10154 -0.29044
vn 0.97333 -0.20762 -0.09742
vn 0.99448 -0.10477 -0
vn 0.97812 -0.20795 -0
vn 0.98965 -0.10459 -0.09818
vn 0.72488 -0.34034 -0.59886
vn 0.79791 -0.27116 -0.53832
vn 0.77309 -0.35704 -0.52419
vn 0.74557 -0.25819 -0.61434
vn 0.7608 -0.17331 -0.62539
vn 0.82775 -0.09149 -0.55354
vn 0.81625 -0.1822 -0.54817
vn 0.7702 -0.08692 -0.63182
vn 0.86392 -0.18967 -0.46651
vn 0.91864 -0.09854 -0.38255
vn 0.90426 -0.19587 -0.37938
vn 0.87707 -0.09531 -0.47078
vn 0.66295 -0.58986 -0.46098
vn 0.61397 -0.65636 -0.43834
vn 0.63216 -0.56566 -0.5295
vn 0.66729 -0.49516 -0.55632
vn 0.742 -0.43916 -0.50649
vn 0.7051 -0.51692 -0.48534
vn 0.69878 -0.41926 -0.57955
vn 0.73769 -0.53566 -0.4109
vn 0.81085 -0.46956 -0.34931
vn 0.76504 -0.55107 -0.33314
vn 0.77917 -0.45598 -0.43004
vn 0.83547 0.48128 -0.26514
vn 0.89776 0.3997 -0.18503
vn 0.87753 0.3925 -0.27543
vn 0.85351 0.48967 -0.17804
vn 0.72973 0.64104 -0.23774
vn 0.80178 0.57305 -0.16944
vn 0.78625 0.56389 -0.25251
vn 0.7423 0.65084 -0.15934
vn 0.7499 0.6567 -0.07981
vn 0.81469 0.57985 -0
vn 0.81124 0.57845 -0.08493
vn 0.75262 0.65844 -0
vn 0.69878 0.41926 -0.57955
vn 0.77309 0.35704 -0.52419
vn 0.72488 0.34034 -0.59886
vn 0.742 0.43916 -0.50649
vn 0.63216 0.56566 -0.5295
vn 0.7051 0.51692 -0.48534
vn 0.66729 0.49516 -0.55632
vn 0.66295 0.58986 -0.46101
vn 0.69015 0.61046 -0.38859
vn 0.76504 0.55107 -0.33314
vn 0.73769 0.53566 -0.4109
vn 0.71242 0.6274 -0.31425
vn 0.77371 0 -0.6335
vn 0.82775 0.09149 -0.55354
vn 0.83215 0 -0.55449
vn 0.7702 0.08692 -0.63182
vn 0.74557 0.25819 -0.61434
vn 0.81625 0.1822 -0.54817
vn 0.7608 0.17331 -0.62539
vn 0.79791 0.27116 -0.53832
vn 0.84292 0.28193 -0.45817
vn 0.90426 0.19587 -0.37938
vn 0.86392 0.18967 -0.46651
vn 0.88119 0.29084 -0.37266
vn 0.81457 0.37098 0.44584
vn 0.742 0.43916 0.50649
vn 0.77309 0.35704 0.52419
vn 0.77917 0.45598 0.43004
vn 0.73769 0.53566 0.4109
vn 0.66295 0.58986 0.46101
vn 0.7051 0.51692 0.48534
vn 0.69015 0.61046 0.38859
vn 0.66729 0.49516 0.55632
vn 0.59328 0.54402 0.59328
vn 0.62209 0.47536 0.62209
vn 0.63216 0.56566 0.5295
vn 0.91018 0.40364 0.09287
vn 0.85351 0.48967 0.17804
vn 0.89776 0.3997 0.18503
vn 0.86459 0.49443 0.08927
vn 0.81124 0.57845 0.08493
vn 0.7423 0.65084 0.15934
vn 0.80178 0.57305 0.16944
vn 0.7499 0.6567 0.07981
vn 0.78625 0.56389 0.25251
vn 0.71242 0.6274 0.31425
vn 0.76504 0.55107 0.33314
vn 0.72973 0.64104 0.23774
vn 0.99518 0 0.09803
vn 0.97525 0.10352 0.19535
vn 0.98077 0 0.19501
vn 0.98962 0.10459 0.09818
vn 0.97333 0.20762 0.09742
vn 0.93323 0.30461 0.19037
vn 0.95926 0.20551 0.19382
vn 0.94665 0.30763 0.09565
vn 0.93609 0.20161 0.28819
vn 0.88119 0.29084 0.37266
vn 0.90426 0.19587 0.37938
vn 0.91125 0.29899 0.28312
vn -0.27543 -0.3925 -0.87753
vn -0.19037 -0.30461 -0.93323
vn -0.18503 -0.3997 -0.89776
vn -0.28312 -0.29899 -0.91125
vn -0.28819 -0.20161 -0.93609
vn -0.19535 -0.10352 -0.97525
vn -0.19382 -0.20551 -0.95926
vn -0.29044 -0.10154 -0.95148
vn -0.09742 -0.20762 -0.97333
vn 0 -0.10477 -0.99448
vn 0 -0.20795 -0.97812
vn -0.09818 -0.10459 -0.98965
vn -0.59886 -0.34034 -0.72488
vn -0.53832 -0.27116 -0.79791
vn -0.52419 -0.35704 -0.77309
vn -0.61434 -0.25819 -0.74557
vn -0.62539 -0.17331 -0.7608
vn -0.55354 -0.09149 -0.82775
vn -0.54817 -0.1822 -0.81625
vn -0.63182 -0.08692 -0.7702
vn -0.46651 -0.18967 -0.86392
vn -0.38255 -0.09854 -0.91864
vn -0.37938 -0.19587 -0.90426
vn -0.47078 -0.09531 -0.87707
vn -0.46098 -0.58983 -0.66298
vn -0.5295 -0.56563 -0.63216
vn -0.55632 -0.49516 -0.66729
vn -0.50645 -0.43916 -0.742
vn -0.48534 -0.51695 -0.7051
vn -0.57955 -0.41926 -0.69878
vn -0.41087 -0.53569 -0.73769
vn -0.34931 -0.46956 -0.81085
vn -0.33314 -0.55113 -0.76501
vn -0.43004 -0.45598 -0.77917
vn -0.26514 0.48128 -0.83547
vn -0.18503 0.3997 -0.89776
vn -0.2754 0.3925 -0.87753
vn -0.17804 0.48967 -0.85351
vn -0.23774 0.64101 -0.72976
vn -0.16941 0.57311 -0.80175
vn -0.25251 0.56395 -0.78622
vn -0.15928 0.65084 -0.7423
vn -0.07981 0.6567 -0.7499
vn 0 0.57991 -0.81466
vn -0.08493 0.57851 -0.81121
vn 0 0.65844 -0.75259
vn -0.57955 0.41926 -0.69878
vn -0.52419 0.35704 -0.77309
vn -0.59886 0.34034 -0.72488
vn -0.50649 0.43916 -0.742
vn -0.5295 0.56563 -0.63216
vn -0.48534 0.51695 -0.7051
vn -0.55632 0.49516 -0.66729
vn -0.46098 0.58983 -0.66298
vn -0.38856 0.61046 -0.69015
vn -0.33314 0.55113 -0.76501
vn -0.41087 0.53569 -0.73766
vn -0.31425 0.6274 -0.71242
vn -0.6335 0 -0.77371
vn -0.55354 0.09149 -0.82775
vn -0.55449 0 -0.83215
vn -0.63182 0.08692 -0.7702
vn -0.61434 0.25819 -0.74557
vn -0.54817 0.1822 -0.81625
vn -0.62539 0.17331 -0.7608
vn -0.53832 0.27116 -0.79791
vn -0.45817 0.28193 -0.84292
vn -0.37938 0.19587 -0.90426
vn -0.46651 0.18967 -0.86392
vn -0.37266 0.29084 -0.88119
vn 0.44584 0.37098 -0.81457
vn 0.50649 0.43916 -0.742
vn 0.52419 0.35704 -0.77309
vn 0.43004 0.45598 -0.77917
vn 0.41087 0.53569 -0.73766
vn 0.46098 0.58983 -0.66298
vn 0.48534 0.51695 -0.7051
vn 0.38856 0.61046 -0.69015
vn 0.55632 0.49516 -0.66729
vn 0.59328 0.54402 -0.59328
vn 0.62209 0.47536 -0.62209
vn 0.5295 0.56563 -0.63216
vn 0.09287 0.40364 -0.91018
vn 0.17804 0.48967 -0.85351
vn 0.18503 0.3997 -0.89776
vn 0.08927 0.49443 -0.86459
vn 0.08493 0.57851 -0.81121
vn 0.15928 0.65084 -0.7423
vn 0.16941 0.57311 -0.80175
vn 0.07981 0.6567 -0.7499
vn 0.25251 0.56395 -0.78622
vn 0.31425 0.6274 -0.71242
vn 0.33314 0.55113 -0.76501
vn 0.23774 0.64101 -0.72976
vn 0.09803 0 -0.99518
vn 0.19535 0.10352 -0.97525
vn 0.19501 0 -0.98077
vn 0.09818 0.10459 -0.98965
vn 0.09742 0.20762 -0.97333
vn 0.19037 0.30461 -0.93323
vn 0.19382 0.20551 -0.95926
vn 0.09565 0.30763 -0.94665
vn 0.28819 0.20161 -0.93609
vn 0.37266 0.29084 -0.88119
vn 0.37938 0.19587 -0.90426
vn 0.28312 0.29899 -0.91125
vn -0.87753 -0.3925 0.27543
vn -0.93323 -0.30461 0.19037
vn -0.89776 -0.3997 0.18503
vn -0.91125 -0.29899 0.28312
vn -0.93609 -0.20161 0.28819
vn -0.97525 -0.10352 0.19535
vn -0.95926 -0.20551 0.19382
vn -0.95148 -0.10154 0.29044
vn -0.97333 -0.20762 0.09742
vn -0.99448 -0.10477 -0
vn -0.97812 -0.20795 -0
vn -0.98965 -0.10459 0.09818
vn -0.72488 -0.34034 0.59886
vn -0.79791 -0.27116 0.53832
vn -0.77309 -0.35704 0.52419
vn -0.74557 -0.25819 0.61434
vn -0.7608 -0.17331 0.62539
vn -0.82775 -0.09149 0.55354
vn -0.81625 -0.1822 0.54817
vn -0.7702 -0.08692 0.63182
vn -0.86392 -0.18967 0.46651
vn -0.91864 -0.09854 0.38255
vn -0.90426 -0.19587 0.37938
vn -0.87707 -0.09531 0.47078
vn -0.58962 -0.63033 0.50499
vn -0.66295 -0.58986 0.46098
vn -0.61397 -0.65636 0.43837
vn -0.63216 -0.56566 0.5295
vn -0.66729 -0.49516 0.55632
vn -0.742 -0.43916 0.50649
vn -0.7051 -0.51692 0.48534
vn -0.69878 -0.41926 0.57955
vn -0.73769 -0.53566 0.4109
vn -0.81085 -0.46956 0.34931
vn -0.76504 -0.55107 0.33314
vn -0.77917 -0.45598 0.43001
vn -0.83547 0.48128 0.26514
vn -0.89776 0.3997 0.18503
vn -0.87753 0.3925 0.27543
vn -0.85351 0.48967 0.17804
vn -0.72973 0.64104 0.23774
vn -0.80178 0.57305 0.16944
vn -0.78625 0.56389 0.25251
vn -0.7423 0.65084 0.15934
vn -0.7499 0.6567 0.07981
vn -0.81469 0.57985 -0
vn -0.81124 0.57845 0.08493
vn -0.75262 0.65844 -0
vn -0.69878 0.41926 0.57955
vn -0.77309 0.35704 0.52419
vn -0.72488 0.34034 0.59886
vn -0.742 0.43916 0.50649
vn -0.63216 0.56566 0.5295
vn -0.7051 0.51692 0.48534
vn -0.66729 0.49516 0.55632
vn -0.66295 0.58986 0.46098
vn -0.69015 0.61046 0.38859
vn -0.76504 0.55107 0.33314
vn -0.73769 0.53566 0.4109
vn -0.71242 0.6274 0.31425
vn -0.77371 0 0.6335
vn -0.82775 0.09149 0.55354
vn -0.83215 0 0.55449
vn -0.7702 0.08692 0.63182
vn -0.74557 0.25819 0.61434
vn -0.81625 0.1822 0.54817
vn -0.7608 0.17331 0.62539
vn -0.79791 0.27116 0.53832
vn -0.84292 0.28193 0.45817
vn -0.90426 0.19587 0.37938
vn -0.86392 0.18967 0.46651
vn -0.88119 0.29084 0.37266
vn -0.81457 0.37098 -0.44584
vn -0.742 0.43916 -0.50649
vn -0.77309 0.35704 -0.52419
vn -0.77917 0.45598 -0.43001
vn -0.73769 0.53566 -0.4109
vn -0.66295 0.58986 -0.46101
vn -0.7051 0.51692 -0.48534
vn -0.69015 0.61046 -0.38859
vn -0.66729 0.49516 -0.55632
vn -0.59328 0.54402 -0.59328
vn -0.62209 0.47536 -0.62209
vn -0.63216 0.56566 -0.5295
vn -0.91018 0.40364 -0.09287
vn -0.85351 0.48967 -0.17804
vn -0.89776 0.3997 -0.18503
vn -0.86459 0.49443 -0.08927
vn -0.81124 0.57845 -0.08493
vn -0.7423 0.65084 -0.15934
vn -0.80178 0.57305 -0.16944
vn -0.7499 0.6567 -0.07981
vn -0.78625 0.56389 -0.25251
vn -0.71242 0.6274 -0.31425
vn -0.76504 0.55107 -0.33314
vn -0.72973 0.64104 -0.23774
vn -0.99518 0 -0.09803
vn -0.97525 0.10352 -0.19535
vn -0.98077 0 -0.19501
vn -0.98962 0.10459 -0.09818
vn -0.97333 0.20762 -0.09742
vn -0.93323 0.30461 -0.19037
vn -0.95926 0.20551 -0.19382
vn -0.94665 0.30763 -0.09565
vn -0.93609 0.20161 -0.28819
vn -0.88119 0.29084 -0.37266
vn -0.90426 0.19587 -0.37938
vn -0.91125 0.29899 -0.28312
vn -0.88208 0 -0.47105
vn -0.82775 0.09149 -0.55354
vn -0.83215 0 -0.55449
vn -0.87707 0.09531 -0.47078
vn -0.86392 0.18967 -0.46651
vn -0.79791 0.27116 -0.53832
vn -0.81625 0.1822 -0.54817
vn -0.84292 0.28193 -0.45817
vn -0.7608 0.17331 -0.62539
vn -0.6852 0.24696 -0.6852
vn -0.69732 0.16578 -0.69732
vn -0.74557 0.25819 -0.61434
vn -0.95148 0.10154 0.29044
vn -0.98077 0 0.19501
vn -0.95697 0 0.29008
vn -0.97525 0.10352 0.19535
vn -0.91125 0.29899 0.28312
vn -0.95926 0.20551 0.19382
vn -0.93609 0.20161 0.28819
vn -0.93323 0.30461 0.19037
vn -0.94665 0.30763 0.09565
vn -0.97812 0.20795 -0
vn -0.97333 0.20762 0.09742
vn -0.95132 0.30815 -0
vn -0.6657 -0.71157 0.22456
vn -0.7423 -0.65084 0.15934
vn -0.67537 -0.72192 0.15049
vn -0.72973 -0.64104 0.23774
vn -0.78625 -0.56389 0.25251
vn -0.85351 -0.48967 0.17804
vn -0.80178 -0.57305 0.16944
vn -0.83547 -0.48128 0.26514
vn -0.81124 -0.57845 0.08493
vn -0.86859 -0.49553 -0
vn -0.81469 -0.57985 -0
vn -0.86459 -0.49443 0.08927
vn 0.47105 0 -0.88208
vn 0.55354 0.09149 -0.82775
vn 0.55449 0 -0.83215
vn 0.47078 0.09531 -0.87707
vn 0.46651 0.18967 -0.86392
vn 0.53832 0.27116 -0.79791
vn 0.54817 0.1822 -0.81625
vn 0.45817 0.28193 -0.84292
vn 0.62539 0.17331 -0.7608
vn 0.6852 0.24696 -0.6852
vn 0.69732 0.16578 -0.69732
vn 0.61434 0.25819 -0.74557
vn -0.29044 0.10154 -0.95148
vn -0.19501 0 -0.98077
vn -0.29008 0 -0.95697
vn -0.19535 0.10352 -0.97525
vn -0.28312 0.29899 -0.91125
vn -0.19382 0.20551 -0.95926
vn -0.28819 0.20161 -0.93609
vn -0.19037 0.30461 -0.93323
vn -0.09565 0.30763 -0.94665
vn 0 0.20795 -0.97812
vn -0.09742 0.20762 -0.97333
vn 0 0.30815 -0.95132
vn -0.22431 -0.71129 -0.6661
vn -0.15931 -0.65081 -0.7423
vn -0.15021 -0.72167 -0.67568
vn -0.23774 -0.64101 -0.72976
vn -0.25251 -0.56395 -0.78622
vn -0.17804 -0.48967 -0.85351
vn -0.16941 -0.57311 -0.80175
vn -0.26514 -0.48128 -0.83547
vn -0.08493 -0.57851 -0.81121
vn 0 -0.49553 -0.86859
vn 0 -0.57991 -0.81466
vn -0.08927 -0.49443 -0.86459
vn 0.88208 0 0.47105
vn 0.82775 0.09149 0.55354
vn 0.83215 0 0.55449
vn 0.87707 0.09531 0.47078
vn 0.86392 0.18967 0.46651
vn 0.79791 0.27116 0.53832
vn 0.81625 0.1822 0.54817
vn 0.84292 0.28193 0.45817
vn 0.7608 0.17331 0.62539
vn 0.6852 0.24696 0.6852
vn 0.69732 0.16578 0.69732
vn 0.74557 0.25819 0.61434
vn 0.95148 0.10154 -0.29044
vn 0.98077 0 -0.19501
vn 0.95697 0 -0.29008
vn 0.97525 0.10352 -0.19535
vn 0.91125 0.29899 -0.28312
vn 0.95926 0.20551 -0.19382
vn 0.93609 0.20161 -0.28819
vn 0.93323 0.30461 -0.19037
vn 0.94665 0.30763 -0.09565
vn 0.97812 0.20795 -0
vn 0.97333 0.20762 -0.09742
vn 0.95132 0.30815 -0
vn 0.7423 -0.65084 -0.15934
vn 0.72973 -0.64104 -0.23774
vn 0.78625 -0.56389 -0.25251
vn 0.85351 -0.48967 -0.17804
vn 0.80178 -0.57305 -0.16944
vn 0.83547 -0.48128 -0.26514
vn 0.81124 -0.57845 -0.08493
vn 0.86859 -0.49553 -0
vn 0.81469 -0.57985 -0
vn 0.86459 -0.49443 -0.08927
vn -0.47105 0 0.88208
vn -0.55354 0.09149 0.82775
vn -0.55449 0 0.83215
vn -0.47078 0.09531 0.87707
vn -0.46651 0.18967 0.86392
vn -0.53832 0.27116 0.79791
vn -0.54817 0.1822 0.81625
vn -0.45817 0.28193 0.84292
vn -0.62539 0.17331 0.7608
vn -0.6852 0.24696 0.6852
vn -0.69732 0.16578 0.69732
vn -0.61434 0.25819 0.74557
vn 0.29044 0.10154 0.95148
vn 0.19501 0 0.98077
vn 0.29008 0 0.95697
vn 0.19535 0.10352 0.97525
vn 0.28312 0.29899 0.91125
vn 0.19382 0.20551 0.95926
vn 0.28819 0.20161 0.93609
vn 0.19037 0.30461 0.93323
vn 0.09565 0.30763 0.94665
vn 0 0.20795 0.97812
vn 0.09742 0.20762 0.97333
vn 0 0.30815 0.95132
vn 0.22431 -0.71129 0.6661
vn 0.15928 -0.65084 0.7423
vn 0.15021 -0.72167 0.67571
vn 0.23774 -0.64101 0.72976
vn 0.25251 -0.56395 0.78622
vn 0.17804 -0.48967 0.85351
vn 0.16941 -0.57311 0.80175
vn 0.26514 -0.48128 0.83547
vn 0.08493 -0.57851 0.81121
vn 0 -0.49553 0.86859
vn 0 -0.57991 0.81466
vn 0.08927 -0.49443 0.86459
vn -0.08469 -0.89041 -0.44716
vn 0 -0.8486 -0.52901
vn 0 -0.8945 -0.447
vn -0.08173 -0.84494 -0.52855
vn -0.25245 -0.86248 -0.43858
vn -0.16318 -0.83541 -0.5248
vn -0.16904 -0.8797 -0.44444
vn -0.2439 -0.82012 -0.51756
vn -0.23338 -0.7701 -0.59365
vn -0.1561 -0.78298 -0.60213
vn 0 -0.96204 0.27287
vn -0.09095 -0.97879 0.18342
vn 0 -0.98309 0.18293
vn -0.08945 -0.95767 0.27351
vn -0.17826 -0.94552 0.27232
vn -0.27021 -0.94571 0.18049
vn -0.18122 -0.96631 0.18268
vn -0.26585 -0.92569 0.26908
vn -0.18278 -0.97885 0.09165
vn -0.27277 -0.96207 -0
vn -0.18296 -0.98309 -0
vn -0.27247 -0.95788 0.09055
vn 0.59246 -0.77059 0.23481
vn 0.60121 -0.78341 0.15729
vn 0.52306 -0.83609 0.16529
vn 0.43516 -0.86309 0.25623
vn 0.44209 -0.88034 0.17179
vn 0.51521 -0.8208 0.24659
vn 0.52876 -0.84875 -0
vn 0.44597 -0.8909 0.08606
vn 0.44673 -0.89465 -0
vn 0.52763 -0.84539 0.0828
vn 0 0.8486 -0.52901
vn 0.08469 0.89041 -0.44716
vn 0.08173 0.84494 -0.52855
vn 0 0.8945 -0.447
vn 0.16318 0.83541 -0.5248
vn 0.25245 0.86248 -0.43858
vn 0.2439 0.82012 -0.51756
vn 0.16904 0.8797 -0.44444
vn 0.15021 0.72167 -0.67571
vn 0.23338 0.7701 -0.59365
vn 0.22431 0.71129 -0.6661
vn 0.1561 0.78298 -0.60213
vn 0.09095 0.97879 0.18342
vn 0 0.96204 0.27287
vn 0.08945 0.95767 0.27351
vn 0 0.98309 0.18293
vn 0.27021 0.94571 0.18049
vn 0.17826 0.94552 0.27232
vn 0.26585 0.92569 0.26908
vn 0.18122 0.96631 0.18268
vn 0.27277 0.96207 -0
vn 0.18278 0.97885 0.09165
vn 0.27247 0.95788 0.09055
vn 0.18296 0.98309 -0
vn -0.59246 0.77059 0.23481
vn -0.67537 0.72192 0.15049
vn -0.6657 0.71157 0.22456
vn -0.60121 0.78341 0.15729
vn -0.43516 0.86309 0.25623
vn -0.52306 0.83609 0.16529
vn -0.51521 0.8208 0.24659
vn -0.44209 0.88034 0.17179
vn -0.44597 0.8909 0.08606
vn -0.52876 0.84875 -0
vn -0.52763 0.84539 0.0828
vn -0.44673 0.89465 -0
vn -0.63506 0.67888 -0.36842
vn -0.54653 0.70199 -0.45659
vn -0.61397 0.65636 -0.43837
vn -0.56505 0.72997 -0.38444
vn -0.49092 0.77261 -0.40254
vn -0.40007 0.77245 -0.49315
vn -0.47472 0.74001 -0.47642
vn -0.4142 0.80874 -0.41752
vn -0.45573 0.7019 -0.54735
vn -0.36827 0.67864 -0.63543
vn -0.43828 0.65618 -0.61425
vn -0.38316 0.72979 -0.56618
vn 0.54653 -0.70199 -0.45659
vn 0.56505 -0.72997 -0.38444
vn 0.40007 -0.77245 -0.49315
vn 0.49092 -0.77261 -0.40254
vn 0.4142 -0.80874 -0.41752
vn 0.47472 -0.74001 -0.47642
vn 0.36827 -0.67864 -0.63546
vn 0.45573 -0.7019 -0.54735
vn 0.38316 -0.72979 -0.56618
vn 0.43828 -0.65618 -0.61425
vn -0.38856 -0.61046 0.69015
vn -0.43828 -0.65618 0.61425
vn -0.36827 -0.67864 0.63543
vn -0.46098 -0.58983 0.66298
vn -0.43004 -0.45598 0.77917
vn -0.48534 -0.51695 0.7051
vn -0.41087 -0.53569 0.73766
vn -0.50649 -0.43916 0.742
vn -0.57955 -0.41926 0.69878
vn -0.62209 -0.47536 0.62209
vn -0.55632 -0.49516 0.66729
vn -0.64751 -0.40178 0.64751
vn 0.69015 -0.61046 0.38859
vn 0.66295 -0.58986 0.46098
vn 0.77917 -0.45598 0.43001
vn 0.7051 -0.51692 0.48534
vn 0.73769 -0.53566 0.4109
vn 0.742 -0.43916 0.50649
vn 0.69878 -0.41926 0.57955
vn 0.62209 -0.47536 0.62209
vn 0.66729 -0.49516 0.55632
vn 0.64751 -0.40178 0.64751
vn 0.38856 -0.61043 -0.69018
vn 0.46098 -0.58983 -0.66298
vn 0.43004 -0.45598 -0.77917
vn 0.48534 -0.51695 -0.7051
vn 0.41087 -0.53569 -0.73769
vn 0.50645 -0.43916 -0.742
vn 0.57955 -0.41926 -0.69878
vn 0.62209 -0.47536 -0.62209
vn 0.55632 -0.49516 -0.66729
vn 0.64751 -0.40178 -0.64751
vn -0.69015 -0.61046 -0.38859
vn -0.61397 -0.65636 -0.43834
vn -0.63506 -0.67888 -0.36845
vn -0.66295 -0.58986 -0.46098
vn -0.77917 -0.45598 -0.43004
vn -0.7051 -0.51692 -0.48534
vn -0.73769 -0.53566 -0.4109
vn -0.742 -0.43916 -0.50649
vn -0.69878 -0.41926 -0.57955
vn -0.62209 -0.47536 -0.62209
vn -0.66729 -0.49516 -0.55632
vn -0.64751 -0.40178 -0.64751
vn -0.56389 0.60335 0.56386
vn 0.56389 0.60335 -0.56386
vn 0.6657 0.71157 0.22456
vn 0.67537 0.72192 0.15049
vn 0.65221 0.6972 0.29746
vn 0.68123 0.72814 0.07529
vn 0.68319 0.73022 -0
vn 0.58962 0.6303 0.50499
vn 0.61397 0.65636 0.43837
vn 0.56389 0.60335 0.56386
vn 0.63506 0.67888 0.36845
vn 0.61397 0.65639 -0.43837
vn 0.63506 0.67888 -0.36845
vn 0.65221 0.6972 -0.29746
vn 0.58962 0.63033 -0.50499
vn 0.67537 0.72192 -0.15049
vn 0.68123 0.72814 -0.07529
vn 0.6657 0.71157 -0.22456
vn -0.22431 0.71129 0.6661
vn -0.15021 0.72167 0.67568
vn -0.29725 0.69689 0.65264
vn -0.07514 0.72799 0.68142
vn 0 0.73009 0.68331
vn -0.50499 0.63021 0.58971
vn -0.43828 0.65618 0.61425
vn -0.36827 0.67864 0.63546
vn 0.43828 0.65618 0.61425
vn 0.36827 0.67864 0.63546
vn 0.29725 0.69689 0.65264
vn 0.50499 0.63021 0.58971
vn 0.15021 0.72167 0.67568
vn 0.07514 0.72799 0.68142
vn 0.22431 0.71129 0.6661
vt 0.0157 0.3542
vt 0.0001 0.3334
vt 0.0157 0.3334
vt 0.0001 0.3542
vt 0.7656 0.3542
vt 0.7499 0.3334
vt 0.7656 0.3334
vt 0.7499 0.3542
vt 0.5156 0.3542
vt 0.5 0.3334
vt 0.5156 0.3334
vt 0.5 0.3542
vt 0.2657 0.3542
vt 0.25 0.3334
vt 0.2657 0.3334
vt 0.25 0.3542
vt 0.0001 0.021
vt 0.0157 0.0001
vt 0.0157 0.021
vt 0.0001 0.0001
vt 0.7343 0.9999
vt 0.7499 0.979
vt 0.7499 0.9999
vt 0.7343 0.979
vt 0.6093 0.979
vt 0.625 0.9999
vt 0.6093 0.9999
vt 0.625 0.979
vt 0.625 0.8124
vt 0.6093 0.8333
vt 0.6093 0.8124
vt 0.625 0.8333
vt 0.7499 0.8333
vt 0.7343 0.8124
vt 0.7499 0.8124
vt 0.7343 0.8333
vt 0.1251 0.0001
vt 0.1407 0.021
vt 0.1251 0.021
vt 0.1407 0.0001
vt 0.1407 0.1667
vt 0.1251 0.1876
vt 0.1251 0.1667
vt 0.1407 0.1876
vt 0.0157 0.1876
vt 0.0001 0.1667
vt 0.0157 0.1667
vt 0.0001 0.1876
vt 0.3907 0.3334
vt 0.375 0.3542
vt 0.375 0.3334
vt 0.3907 0.3542
vt 0.3907 0.5209
vt 0.375 0.5
vt 0.3907 0.5
vt 0.375 0.5209
vt 0.2657 0.5209
vt 0.25 0.5
vt 0.2657 0.5
vt 0.25 0.5209
vt 0.6406 0.3334
vt 0.625 0.3542
vt 0.625 0.3334
vt 0.6406 0.3542
vt 0.6406 0.5209
vt 0.625 0.5
vt 0.6406 0.5
vt 0.625 0.5209
vt 0.5156 0.5209
vt 0.5 0.5
vt 0.5156 0.5
vt 0.5 0.5209
vt 0.8906 0.3334
vt 0.8749 0.3542
vt 0.8749 0.3334
vt 0.8906 0.3542
vt 0.8906 0.5209
vt 0.8749 0.5
vt 0.8906 0.5
vt 0.8749 0.5209
vt 0.7656 0.5209
vt 0.7499 0.5
vt 0.7656 0.5
vt 0.7499 0.5209
vt 0.1407 0.3334
vt 0.1251 0.3542
vt 0.1251 0.3334
vt 0.1407 0.3542
vt 0.1407 0.5209
vt 0.1251 0.5
vt 0.1407 0.5
vt 0.1251 0.5209
vt 0.0157 0.5209
vt 0.0001 0.5
vt 0.0157 0.5
vt 0.0001 0.5209
vt 0.0782 0.5
vt 0.0626 0.5209
vt 0.0626 0.5
vt 0.0782 0.5209
vt 0.0782 0.5833
vt 0.0626 0.6041
vt 0.0626 0.5833
vt 0.0782 0.6041
vt 0.0157 0.5833
vt 0.0001 0.6041
vt 0.0001 0.5833
vt 0.0157 0.6041
vt 0.2032 0.5209
vt 0.1876 0.5
vt 0.2032 0.5
vt 0.1876 0.5209
vt 0.2032 0.6041
vt 0.1876 0.5833
vt 0.2032 0.5833
vt 0.1876 0.6041
vt 0.1407 0.6041
vt 0.1251 0.5833
vt 0.1407 0.5833
vt 0.1251 0.6041
vt 0.2032 0.3334
vt 0.1876 0.3542
vt 0.1876 0.3334
vt 0.2032 0.3542
vt 0.2032 0.4167
vt 0.1876 0.4375
vt 0.1876 0.4167
vt 0.2032 0.4375
vt 0.1407 0.4167
vt 0.1251 0.4375
vt 0.1251 0.4167
vt 0.1407 0.4375
vt 0.8281 0.5
vt 0.8124 0.5209
vt 0.8124 0.5
vt 0.8281 0.5209
vt 0.8281 0.5833
vt 0.8124 0.6041
vt 0.8124 0.5833
vt 0.8281 0.6041
vt 0.7656 0.5833
vt 0.7499 0.6041
vt 0.7499 0.5833
vt 0.7656 0.6041
vt 0.9531 0.5209
vt 0.9374 0.5
vt 0.9531 0.5
vt 0.9374 0.5209
vt 0.9531 0.6041
vt 0.9374 0.5833
vt 0.9531 0.5833
vt 0.9374 0.6041
vt 0.8906 0.6041
vt 0.8749 0.5833
vt 0.8906 0.5833
vt 0.8749 0.6041
vt 0.9531 0.3334
vt 0.9374 0.3542
vt 0.9374 0.3334
vt 0.9531 0.3542
vt 0.9531 0.4167
vt 0.9374 0.4375
vt 0.9374 0.4167
vt 0.9531 0.4375
vt 0.8906 0.4167
vt 0.8749 0.4375
vt 0.8749 0.4167
vt 0.8906 0.4375
vt 0.5781 0.5
vt 0.5625 0.5209
vt 0.5625 0.5
vt 0.5781 0.5209
vt 0.5781 0.5833
vt 0.5625 0.6041
vt 0.5625 0.5833
vt 0.5781 0.6041
vt 0.5156 0.5833
vt 0.5 0.6041
vt 0.5 0.5833
vt 0.5156 0.6041
vt 0.7031 0.5209
vt 0.6875 0.5
vt 0.7031 0.5
vt 0.6875 0.5209
vt 0.7031 0.6041
vt 0.6875 0.5833
vt 0.7031 0.5833
vt 0.6875 0.6041
vt 0.6406 0.6041
vt 0.625 0.5833
vt 0.6406 0.5833
vt 0.625 0.6041
vt 0.7031 0.3334
vt 0.6875 0.3542
vt 0.6875 0.3334
vt 0.7031 0.3542
vt 0.7031 0.4167
vt 0.6875 0.4375
vt 0.6875 0.4167
vt 0.7031 0.4375
vt 0.6406 0.4167
vt 0.625 0.4375
vt 0.625 0.4167
vt 0.6406 0.4375
vt 0.3282 0.5
vt 0.3125 0.5209
vt 0.3125 0.5
vt 0.3282 0.5209
vt 0.3282 0.5833
vt 0.3125 0.6041
vt 0.3125 0.5833
vt 0.3282 0.6041
vt 0.2657 0.5833
vt 0.25 0.6041
vt 0.25 0.5833
vt 0.2657 0.6041
vt 0.4532 0.5209
vt 0.4375 0.5
vt 0.4532 0.5
vt 0.4375 0.5209
vt 0.4532 0.6041
vt 0.4375 0.5833
vt 0.4532 0.5833
vt 0.4375 0.6041
vt 0.3907 0.6041
vt 0.375 0.5833
vt 0.3907 0.5833
vt 0.375 0.6041
vt 0.4532 0.3334
vt 0.4375 0.3542
vt 0.4375 0.3334
vt 0.4532 0.3542
vt 0.4532 0.4167
vt 0.4375 0.4375
vt 0.4375 0.4167
vt 0.4532 0.4375
vt 0.3907 0.4167
vt 0.375 0.4375
vt 0.375 0.4167
vt 0.3907 0.4375
vt 0.0782 0.1876
vt 0.0626 0.1667
vt 0.0782 0.1667
vt 0.0626 0.1876
vt 0.0782 0.2709
vt 0.0626 0.25
vt 0.0782 0.25
vt 0.0626 0.2709
vt 0.0157 0.2709
vt 0.0001 0.25
vt 0.0157 0.25
vt 0.0001 0.2709
vt 0.2032 0.1667
vt 0.1876 0.1876
vt 0.1876 0.1667
vt 0.2032 0.1876
vt 0.2032 0.25
vt 0.1876 0.2709
vt 0.1876 0.25
vt 0.2032 0.2709
vt 0.1407 0.25
vt 0.1251 0.2709
vt 0.1251 0.25
vt 0.1407 0.2709
vt 0.1876 0.0001
vt 0.2032 0.021
vt 0.1876 0.021
vt 0.2032 0.0001
vt 0.1876 0.0834
vt 0.2032 0.1042
vt 0.1876 0.1042
vt 0.2032 0.0834
vt 0.1251 0.0834
vt 0.1407 0.1042
vt 0.1251 0.1042
vt 0.1407 0.0834
vt 0.6875 0.8333
vt 0.6718 0.8124
vt 0.6875 0.8124
vt 0.6718 0.8333
vt 0.6875 0.7499
vt 0.6718 0.7291
vt 0.6875 0.7291
vt 0.6718 0.7499
vt 0.7499 0.7499
vt 0.7343 0.7291
vt 0.7499 0.7291
vt 0.7343 0.7499
vt 0.5625 0.8124
vt 0.5468 0.8333
vt 0.5468 0.8124
vt 0.5625 0.8333
vt 0.5625 0.7291
vt 0.5468 0.7499
vt 0.5468 0.7291
vt 0.5625 0.7499
vt 0.625 0.7291
vt 0.6093 0.7499
vt 0.6093 0.7291
vt 0.625 0.7499
vt 0.5468 0.979
vt 0.5625 0.9999
vt 0.5468 0.9999
vt 0.5625 0.979
vt 0.5468 0.8957
vt 0.5625 0.9166
vt 0.5468 0.9166
vt 0.5625 0.8957
vt 0.6093 0.8957
vt 0.625 0.9166
vt 0.6093 0.9166
vt 0.625 0.8957
vt 0.6718 0.9999
vt 0.6875 0.979
vt 0.6875 0.9999
vt 0.6718 0.979
vt 0.6718 0.9166
vt 0.6875 0.8957
vt 0.6875 0.9166
vt 0.6718 0.8957
vt 0.7343 0.9166
vt 0.7499 0.8957
vt 0.7499 0.9166
vt 0.7343 0.8957
vt 0.0626 0.021
vt 0.0782 0.0001
vt 0.0782 0.021
vt 0.0626 0.0001
vt 0.0626 0.1042
vt 0.0782 0.0834
vt 0.0782 0.1042
vt 0.0626 0.0834
vt 0.0001 0.1042
vt 0.0157 0.0834
vt 0.0157 0.1042
vt 0.0001 0.0834
vt 0.3282 0.3542
vt 0.3125 0.3334
vt 0.3282 0.3334
vt 0.3125 0.3542
vt 0.3282 0.4375
vt 0.3125 0.4167
vt 0.3282 0.4167
vt 0.3125 0.4375
vt 0.2657 0.4375
vt 0.25 0.4167
vt 0.2657 0.4167
vt 0.25 0.4375
vt 0.5781 0.3542
vt 0.5625 0.3334
vt 0.5781 0.3334
vt 0.5625 0.3542
vt 0.5781 0.4375
vt 0.5625 0.4167
vt 0.5781 0.4167
vt 0.5625 0.4375
vt 0.5156 0.4375
vt 0.5 0.4167
vt 0.5156 0.4167
vt 0.5 0.4375
vt 0.8281 0.3542
vt 0.8124 0.3334
vt 0.8281 0.3334
vt 0.8124 0.3542
vt 0.8281 0.4375
vt 0.8124 0.4167
vt 0.8281 0.4167
vt 0.8124 0.4375
vt 0.7656 0.4375
vt 0.7499 0.4167
vt 0.7656 0.4167
vt 0.7499 0.4375
vt 0.0782 0.3542
vt 0.0626 0.3334
vt 0.0782 0.3334
vt 0.0626 0.3542
vt 0.0782 0.4375
vt 0.0626 0.4167
vt 0.0782 0.4167
vt 0.0626 0.4375
vt 0.0157 0.4375
vt 0.0001 0.4167
vt 0.0157 0.4167
vt 0.0001 0.4375
vt 0.047 0.4375
vt 0.0313 0.4167
vt 0.047 0.4167
vt 0.0313 0.4375
vt 0.047 0.4791
vt 0.0313 0.4583
vt 0.047 0.4583
vt 0.0313 0.4791
vt 0.0157 0.4791
vt 0.0001 0.4583
vt 0.0157 0.4583
vt 0.0001 0.4791
vt 0.1094 0.4375
vt 0.0938 0.4167
vt 0.1094 0.4167
vt 0.0938 0.4375
vt 0.1094 0.4791
vt 0.0938 0.4583
vt 0.1094 0.4583
vt 0.0938 0.4791
vt 0.0782 0.4791
vt 0.0626 0.4583
vt 0.0782 0.4583
vt 0.0626 0.4791
vt 0.1094 0.3542
vt 0.0938 0.3334
vt 0.1094 0.3334
vt 0.0938 0.3542
vt 0.1094 0.3959
vt 0.0938 0.375
vt 0.1094 0.375
vt 0.0938 0.3959
vt 0.0782 0.3959
vt 0.0626 0.375
vt 0.0782 0.375
vt 0.0626 0.3959
vt 0.7968 0.4375
vt 0.7812 0.4167
vt 0.7968 0.4167
vt 0.7812 0.4375
vt 0.7968 0.4791
vt 0.7812 0.4583
vt 0.7968 0.4583
vt 0.7812 0.4791
vt 0.7656 0.4791
vt 0.7499 0.4583
vt 0.7656 0.4583
vt 0.7499 0.4791
vt 0.8593 0.4375
vt 0.8437 0.4167
vt 0.8593 0.4167
vt 0.8437 0.4375
vt 0.8593 0.4791
vt 0.8437 0.4583
vt 0.8593 0.4583
vt 0.8437 0.4791
vt 0.8281 0.4791
vt 0.8124 0.4583
vt 0.8281 0.4583
vt 0.8124 0.4791
vt 0.8593 0.3542
vt 0.8437 0.3334
vt 0.8593 0.3334
vt 0.8437 0.3542
vt 0.8593 0.3959
vt 0.8437 0.375
vt 0.8593 0.375
vt 0.8437 0.3959
vt 0.8281 0.3959
vt 0.8124 0.375
vt 0.8281 0.375
vt 0.8124 0.3959
vt 0.5468 0.4375
vt 0.5312 0.4167
vt 0.5468 0.4167
vt 0.5312 0.4375
vt 0.5468 0.4791
vt 0.5312 0.4583
vt 0.5468 0.4583
vt 0.5312 0.4791
vt 0.5156 0.4791
vt 0.5 0.4583
vt 0.5156 0.4583
vt 0.5 0.4791
vt 0.6093 0.4375
vt 0.5937 0.4167
vt 0.6093 0.4167
vt 0.5937 0.4375
vt 0.6093 0.4791
vt 0.5937 0.4583
vt 0.6093 0.4583
vt 0.5937 0.4791
vt 0.5781 0.4791
vt 0.5625 0.4583
vt 0.5781 0.4583
vt 0.5625 0.4791
vt 0.6093 0.3542
vt 0.5937 0.3334
vt 0.6093 0.3334
vt 0.5937 0.3542
vt 0.6093 0.3959
vt 0.5937 0.375
vt 0.6093 0.375
vt 0.5937 0.3959
vt 0.5781 0.3959
vt 0.5625 0.375
vt 0.5781 0.375
vt 0.5625 0.3959
vt 0.2969 0.4375
vt 0.2813 0.4167
vt 0.2969 0.4167
vt 0.2813 0.4375
vt 0.2969 0.4791
vt 0.2813 0.4583
vt 0.2969 0.4583
vt 0.2813 0.4791
vt 0.2657 0.4791
vt 0.25 0.4583
vt 0.2657 0.4583
vt 0.25 0.4791
vt 0.3594 0.4375
vt 0.3438 0.4167
vt 0.3594 0.4167
vt 0.3438 0.4375
vt 0.3594 0.4791
vt 0.3438 0.4583
vt 0.3594 0.4583
vt 0.3438 0.4791
vt 0.3282 0.4791
vt 0.3125 0.4583
vt 0.3282 0.4583
vt 0.3125 0.4791
vt 0.3594 0.3542
vt 0.3438 0.3334
vt 0.3594 0.3334
vt 0.3438 0.3542
vt 0.3594 0.3959
vt 0.3438 0.375
vt 0.3594 0.375
vt 0.3438 0.3959
vt 0.3282 0.3959
vt 0.3125 0.375
vt 0.3282 0.375
vt 0.3125 0.3959
vt 0.0313 0.1042
vt 0.047 0.0834
vt 0.047 0.1042
vt 0.0313 0.0834
vt 0.0313 0.1459
vt 0.047 0.1251
vt 0.047 0.1459
vt 0.0313 0.1251
vt 0.0001 0.1459
vt 0.0157 0.1251
vt 0.0157 0.1459
vt 0.0001 0.1251
vt 0.0938 0.1042
vt 0.1094 0.0834
vt 0.1094 0.1042
vt 0.0938 0.0834
vt 0.0938 0.1459
vt 0.1094 0.1251
vt 0.1094 0.1459
vt 0.0938 0.1251
vt 0.0626 0.1459
vt 0.0782 0.1251
vt 0.0782 0.1459
vt 0.0626 0.1251
vt 0.0938 0.021
vt 0.1094 0.0001
vt 0.1094 0.021
vt 0.0938 0.0001
vt 0.0938 0.0626
vt 0.1094 0.0418
vt 0.1094 0.0626
vt 0.0938 0.0418
vt 0.0626 0.0626
vt 0.0782 0.0418
vt 0.0782 0.0626
vt 0.0626 0.0418
vt 0.7031 0.9166
vt 0.7187 0.8957
vt 0.7187 0.9166
vt 0.7031 0.8957
vt 0.7031 0.8749
vt 0.7187 0.8541
vt 0.7187 0.8749
vt 0.7031 0.8541
vt 0.7343 0.8749
vt 0.7499 0.8541
vt 0.7499 0.8749
vt 0.7343 0.8541
vt 0.6406 0.9166
vt 0.6562 0.8957
vt 0.6562 0.9166
vt 0.6406 0.8957
vt 0.6406 0.8749
vt 0.6562 0.8541
vt 0.6562 0.8749
vt 0.6406 0.8541
vt 0.6718 0.8749
vt 0.6875 0.8541
vt 0.6875 0.8749
vt 0.6718 0.8541
vt 0.6406 0.9999
vt 0.6562 0.979
vt 0.6562 0.9999
vt 0.6406 0.979
vt 0.6406 0.9582
vt 0.6562 0.9374
vt 0.6562 0.9582
vt 0.6406 0.9374
vt 0.6718 0.9582
vt 0.6875 0.9374
vt 0.6875 0.9582
vt 0.6718 0.9374
vt 0.5781 0.8957
vt 0.5937 0.9166
vt 0.5781 0.9166
vt 0.5937 0.8957
vt 0.5781 0.8541
vt 0.5937 0.8749
vt 0.5781 0.8749
vt 0.5937 0.8541
vt 0.6093 0.8541
vt 0.625 0.8749
vt 0.6093 0.8749
vt 0.625 0.8541
vt 0.5156 0.8957
vt 0.5312 0.9166
vt 0.5156 0.9166
vt 0.5312 0.8957
vt 0.5156 0.8541
vt 0.5312 0.8749
vt 0.5156 0.8749
vt 0.5312 0.8541
vt 0.5468 0.8541
vt 0.5625 0.8749
vt 0.5468 0.8749
vt 0.5625 0.8541
vt 0.5156 0.979
vt 0.5312 0.9999
vt 0.5156 0.9999
vt 0.5312 0.979
vt 0.5156 0.9374
vt 0.5312 0.9582
vt 0.5156 0.9582
vt 0.5312 0.9374
vt 0.5468 0.9374
vt 0.5625 0.9582
vt 0.5468 0.9582
vt 0.5625 0.9374
vt 0.5937 0.7291
vt 0.5781 0.7499
vt 0.5781 0.7291
vt 0.5937 0.7499
vt 0.5937 0.6874
vt 0.5781 0.7083
vt 0.5781 0.6874
vt 0.5937 0.7083
vt 0.625 0.6874
vt 0.6093 0.7083
vt 0.6093 0.6874
vt 0.625 0.7083
vt 0.5312 0.7291
vt 0.5156 0.7499
vt 0.5156 0.7291
vt 0.5312 0.7499
vt 0.5312 0.6874
vt 0.5156 0.7083
vt 0.5156 0.6874
vt 0.5312 0.7083
vt 0.5625 0.6874
vt 0.5468 0.7083
vt 0.5468 0.6874
vt 0.5625 0.7083
vt 0.5312 0.8124
vt 0.5156 0.8333
vt 0.5156 0.8124
vt 0.5312 0.8333
vt 0.5312 0.7707
vt 0.5156 0.7916
vt 0.5156 0.7707
vt 0.5312 0.7916
vt 0.5625 0.7707
vt 0.5468 0.7916
vt 0.5468 0.7707
vt 0.5625 0.7916
vt 0.7187 0.7499
vt 0.7031 0.7291
vt 0.7187 0.7291
vt 0.7031 0.7499
vt 0.7187 0.7083
vt 0.7031 0.6874
vt 0.7187 0.6874
vt 0.7031 0.7083
vt 0.7499 0.7083
vt 0.7343 0.6874
vt 0.7499 0.6874
vt 0.7343 0.7083
vt 0.6562 0.7499
vt 0.6406 0.7291
vt 0.6562 0.7291
vt 0.6406 0.7499
vt 0.6562 0.7083
vt 0.6406 0.6874
vt 0.6562 0.6874
vt 0.6406 0.7083
vt 0.6875 0.7083
vt 0.6718 0.6874
vt 0.6875 0.6874
vt 0.6718 0.7083
vt 0.6562 0.8333
vt 0.6406 0.8124
vt 0.6562 0.8124
vt 0.6406 0.8333
vt 0.6562 0.7916
vt 0.6406 0.7707
vt 0.6562 0.7707
vt 0.6406 0.7916
vt 0.6875 0.7916
vt 0.6718 0.7707
vt 0.6875 0.7707
vt 0.6718 0.7916
vt 0.1563 0.0834
vt 0.1719 0.1042
vt 0.1563 0.1042
vt 0.1719 0.0834
vt 0.1563 0.1251
vt 0.1719 0.1459
vt 0.1563 0.1459
vt 0.1719 0.1251
vt 0.1251 0.1251
vt 0.1407 0.1459
vt 0.1251 0.1459
vt 0.1407 0.1251
vt 0.2188 0.0834
vt 0.2344 0.1042
vt 0.2188 0.1042
vt 0.2344 0.0834
vt 0.2188 0.1251
vt 0.2344 0.1459
vt 0.2188 0.1459
vt 0.2344 0.1251
vt 0.1876 0.1251
vt 0.2032 0.1459
vt 0.1876 0.1459
vt 0.2032 0.1251
vt 0.2188 0.0001
vt 0.2344 0.021
vt 0.2188 0.021
vt 0.2344 0.0001
vt 0.2188 0.0418
vt 0.2344 0.0626
vt 0.2188 0.0626
vt 0.2344 0.0418
vt 0.1876 0.0418
vt 0.2032 0.0626
vt 0.1876 0.0626
vt 0.2032 0.0418
vt 0.1719 0.25
vt 0.1563 0.2709
vt 0.1563 0.25
vt 0.1719 0.2709
vt 0.1719 0.2917
vt 0.1563 0.3126
vt 0.1563 0.2917
vt 0.1719 0.3126
vt 0.1407 0.2917
vt 0.1251 0.3126
vt 0.1251 0.2917
vt 0.1407 0.3126
vt 0.2344 0.25
vt 0.2188 0.2709
vt 0.2188 0.25
vt 0.2344 0.2709
vt 0.2344 0.2917
vt 0.2188 0.3126
vt 0.2188 0.2917
vt 0.2344 0.3126
vt 0.2032 0.2917
vt 0.1876 0.3126
vt 0.1876 0.2917
vt 0.2032 0.3126
vt 0.2344 0.1667
vt 0.2188 0.1876
vt 0.2188 0.1667
vt 0.2344 0.1876
vt 0.2344 0.2084
vt 0.2188 0.2292
vt 0.2188 0.2084
vt 0.2344 0.2292
vt 0.2032 0.2084
vt 0.1876 0.2292
vt 0.1876 0.2084
vt 0.2032 0.2292
vt 0.047 0.2709
vt 0.0313 0.25
vt 0.047 0.25
vt 0.0313 0.2709
vt 0.047 0.3126
vt 0.0313 0.2917
vt 0.047 0.2917
vt 0.0313 0.3126
vt 0.0157 0.3126
vt 0.0001 0.2917
vt 0.0157 0.2917
vt 0.0001 0.3126
vt 0.1094 0.2709
vt 0.0938 0.25
vt 0.1094 0.25
vt 0.0938 0.2709
vt 0.1094 0.3126
vt 0.0938 0.2917
vt 0.1094 0.2917
vt 0.0938 0.3126
vt 0.0782 0.3126
vt 0.0626 0.2917
vt 0.0782 0.2917
vt 0.0626 0.3126
vt 0.1094 0.1876
vt 0.0938 0.1667
vt 0.1094 0.1667
vt 0.0938 0.1876
vt 0.1094 0.2292
vt 0.0938 0.2084
vt 0.1094 0.2084
vt 0.0938 0.2292
vt 0.0782 0.2292
vt 0.0626 0.2084
vt 0.0782 0.2084
vt 0.0626 0.2292
vt 0.4219 0.4167
vt 0.4063 0.4375
vt 0.4063 0.4167
vt 0.4219 0.4375
vt 0.4219 0.4583
vt 0.4063 0.4791
vt 0.4063 0.4583
vt 0.4219 0.4791
vt 0.3907 0.4583
vt 0.375 0.4791
vt 0.375 0.4583
vt 0.3907 0.4791
vt 0.4844 0.4167
vt 0.4688 0.4375
vt 0.4688 0.4167
vt 0.4844 0.4375
vt 0.4844 0.4583
vt 0.4688 0.4791
vt 0.4688 0.4583
vt 0.4844 0.4791
vt 0.4532 0.4583
vt 0.4375 0.4791
vt 0.4375 0.4583
vt 0.4532 0.4791
vt 0.4844 0.3334
vt 0.4688 0.3542
vt 0.4688 0.3334
vt 0.4844 0.3542
vt 0.4844 0.375
vt 0.4688 0.3959
vt 0.4688 0.375
vt 0.4844 0.3959
vt 0.4532 0.375
vt 0.4375 0.3959
vt 0.4375 0.375
vt 0.4532 0.3959
vt 0.4219 0.6041
vt 0.4063 0.5833
vt 0.4219 0.5833
vt 0.4063 0.6041
vt 0.4219 0.6458
vt 0.4063 0.625
vt 0.4219 0.625
vt 0.4063 0.6458
vt 0.3907 0.6458
vt 0.375 0.625
vt 0.3907 0.625
vt 0.375 0.6458
vt 0.4844 0.6041
vt 0.4688 0.5833
vt 0.4844 0.5833
vt 0.4688 0.6041
vt 0.4844 0.6458
vt 0.4688 0.625
vt 0.4844 0.625
vt 0.4688 0.6458
vt 0.4532 0.6458
vt 0.4375 0.625
vt 0.4532 0.625
vt 0.4375 0.6458
vt 0.4844 0.5
vt 0.4688 0.5209
vt 0.4688 0.5
vt 0.4844 0.5209
vt 0.4844 0.5625
vt 0.4688 0.5417
vt 0.4844 0.5417
vt 0.4688 0.5625
vt 0.4532 0.5625
vt 0.4375 0.5417
vt 0.4532 0.5417
vt 0.4375 0.5625
vt 0.2969 0.5833
vt 0.2813 0.6041
vt 0.2813 0.5833
vt 0.2969 0.6041
vt 0.2969 0.625
vt 0.2813 0.6458
vt 0.2813 0.625
vt 0.2969 0.6458
vt 0.2657 0.625
vt 0.25 0.6458
vt 0.25 0.625
vt 0.2657 0.6458
vt 0.3594 0.5833
vt 0.3438 0.6041
vt 0.3438 0.5833
vt 0.3594 0.6041
vt 0.3594 0.625
vt 0.3438 0.6458
vt 0.3438 0.625
vt 0.3594 0.6458
vt 0.3282 0.625
vt 0.3125 0.6458
vt 0.3125 0.625
vt 0.3282 0.6458
vt 0.3594 0.5
vt 0.3438 0.5209
vt 0.3438 0.5
vt 0.3594 0.5209
vt 0.3594 0.5417
vt 0.3438 0.5625
vt 0.3438 0.5417
vt 0.3594 0.5625
vt 0.3282 0.5417
vt 0.3125 0.5625
vt 0.3125 0.5417
vt 0.3282 0.5625
vt 0.6718 0.4167
vt 0.6562 0.4375
vt 0.6562 0.4167
vt 0.6718 0.4375
vt 0.6718 0.4583
vt 0.6562 0.4791
vt 0.6562 0.4583
vt 0.6718 0.4791
vt 0.6406 0.4583
vt 0.625 0.4791
vt 0.625 0.4583
vt 0.6406 0.4791
vt 0.7343 0.4167
vt 0.7187 0.4375
vt 0.7187 0.4167
vt 0.7343 0.4375
vt 0.7343 0.4583
vt 0.7187 0.4791
vt 0.7187 0.4583
vt 0.7343 0.4791
vt 0.7031 0.4583
vt 0.6875 0.4791
vt 0.6875 0.4583
vt 0.7031 0.4791
vt 0.7343 0.3334
vt 0.7187 0.3542
vt 0.7187 0.3334
vt 0.7343 0.3542
vt 0.7343 0.375
vt 0.7187 0.3959
vt 0.7187 0.375
vt 0.7343 0.3959
vt 0.7031 0.375
vt 0.6875 0.3959
vt 0.6875 0.375
vt 0.7031 0.3959
vt 0.6718 0.6041
vt 0.6562 0.5833
vt 0.6718 0.5833
vt 0.6562 0.6041
vt 0.6718 0.6458
vt 0.6562 0.625
vt 0.6718 0.625
vt 0.6562 0.6458
vt 0.6406 0.6458
vt 0.625 0.625
vt 0.6406 0.625
vt 0.625 0.6458
vt 0.7343 0.6041
vt 0.7187 0.5833
vt 0.7343 0.5833
vt 0.7187 0.6041
vt 0.7343 0.6458
vt 0.7187 0.625
vt 0.7343 0.625
vt 0.7187 0.6458
vt 0.7031 0.6458
vt 0.6875 0.625
vt 0.7031 0.625
vt 0.6875 0.6458
vt 0.7343 0.5
vt 0.7187 0.5209
vt 0.7187 0.5
vt 0.7343 0.5209
vt 0.7343 0.5625
vt 0.7187 0.5417
vt 0.7343 0.5417
vt 0.7187 0.5625
vt 0.7031 0.5625
vt 0.6875 0.5417
vt 0.7031 0.5417
vt 0.6875 0.5625
vt 0.5468 0.5833
vt 0.5312 0.6041
vt 0.5312 0.5833
vt 0.5468 0.6041
vt 0.5468 0.625
vt 0.5312 0.6458
vt 0.5312 0.625
vt 0.5468 0.6458
vt 0.5156 0.625
vt 0.5 0.6458
vt 0.5 0.625
vt 0.5156 0.6458
vt 0.6093 0.5833
vt 0.5937 0.6041
vt 0.5937 0.5833
vt 0.6093 0.6041
vt 0.6093 0.625
vt 0.5937 0.6458
vt 0.5937 0.625
vt 0.6093 0.6458
vt 0.5781 0.625
vt 0.5625 0.6458
vt 0.5625 0.625
vt 0.5781 0.6458
vt 0.6093 0.5
vt 0.5937 0.5209
vt 0.5937 0.5
vt 0.6093 0.5209
vt 0.6093 0.5417
vt 0.5937 0.5625
vt 0.5937 0.5417
vt 0.6093 0.5625
vt 0.5781 0.5417
vt 0.5625 0.5625
vt 0.5625 0.5417
vt 0.5781 0.5625
vt 0.9218 0.4167
vt 0.9062 0.4375
vt 0.9062 0.4167
vt 0.9218 0.4375
vt 0.9218 0.4583
vt 0.9062 0.4791
vt 0.9062 0.4583
vt 0.9218 0.4791
vt 0.8906 0.4583
vt 0.8749 0.4791
vt 0.8749 0.4583
vt 0.8906 0.4791
vt 0.9843 0.4167
vt 0.9687 0.4375
vt 0.9687 0.4167
vt 0.9843 0.4375
vt 0.9843 0.4583
vt 0.9687 0.4791
vt 0.9687 0.4583
vt 0.9843 0.4791
vt 0.9531 0.4583
vt 0.9374 0.4791
vt 0.9374 0.4583
vt 0.9531 0.4791
vt 0.9843 0.3334
vt 0.9687 0.3542
vt 0.9687 0.3334
vt 0.9843 0.3542
vt 0.9843 0.375
vt 0.9687 0.3959
vt 0.9687 0.375
vt 0.9843 0.3959
vt 0.9531 0.375
vt 0.9374 0.3959
vt 0.9374 0.375
vt 0.9531 0.3959
vt 0.9218 0.6041
vt 0.9062 0.5833
vt 0.9218 0.5833
vt 0.9062 0.6041
vt 0.9218 0.6458
vt 0.9062 0.625
vt 0.9218 0.625
vt 0.9062 0.6458
vt 0.8906 0.6458
vt 0.8749 0.625
vt 0.8906 0.625
vt 0.8749 0.6458
vt 0.9843 0.6041
vt 0.9687 0.5833
vt 0.9843 0.5833
vt 0.9687 0.6041
vt 0.9843 0.6458
vt 0.9687 0.625
vt 0.9843 0.625
vt 0.9687 0.6458
vt 0.9531 0.6458
vt 0.9374 0.625
vt 0.9531 0.625
vt 0.9374 0.6458
vt 0.9843 0.5
vt 0.9687 0.5209
vt 0.9687 0.5
vt 0.9843 0.5209
vt 0.9843 0.5625
vt 0.9687 0.5417
vt 0.9843 0.5417
vt 0.9687 0.5625
vt 0.9531 0.5625
vt 0.9374 0.5417
vt 0.9531 0.5417
vt 0.9374 0.5625
vt 0.7968 0.5833
vt 0.7812 0.6041
vt 0.7812 0.5833
vt 0.7968 0.6041
vt 0.7968 0.625
vt 0.7812 0.6458
vt 0.7812 0.625
vt 0.7968 0.6458
vt 0.7656 0.625
vt 0.7499 0.6458
vt 0.7499 0.625
vt 0.7656 0.6458
vt 0.8593 0.5833
vt 0.8437 0.6041
vt 0.8437 0.5833
vt 0.8593 0.6041
vt 0.8593 0.625
vt 0.8437 0.6458
vt 0.8437 0.625
vt 0.8593 0.6458
vt 0.8281 0.625
vt 0.8124 0.6458
vt 0.8124 0.625
vt 0.8281 0.6458
vt 0.8593 0.5
vt 0.8437 0.5209
vt 0.8437 0.5
vt 0.8593 0.5209
vt 0.8593 0.5417
vt 0.8437 0.5625
vt 0.8437 0.5417
vt 0.8593 0.5625
vt 0.8281 0.5417
vt 0.8124 0.5625
vt 0.8124 0.5417
vt 0.8281 0.5625
vt 0.1719 0.4167
vt 0.1563 0.4375
vt 0.1563 0.4167
vt 0.1719 0.4375
vt 0.1719 0.4583
vt 0.1563 0.4791
vt 0.1563 0.4583
vt 0.1719 0.4791
vt 0.1407 0.4583
vt 0.1251 0.4791
vt 0.1251 0.4583
vt 0.1407 0.4791
vt 0.2344 0.4167
vt 0.2188 0.4375
vt 0.2188 0.4167
vt 0.2344 0.4375
vt 0.2344 0.4583
vt 0.2188 0.4791
vt 0.2188 0.4583
vt 0.2344 0.4791
vt 0.2032 0.4583
vt 0.1876 0.4791
vt 0.1876 0.4583
vt 0.2032 0.4791
vt 0.2344 0.3334
vt 0.2188 0.3542
vt 0.2188 0.3334
vt 0.2344 0.3542
vt 0.2344 0.375
vt 0.2188 0.3959
vt 0.2188 0.375
vt 0.2344 0.3959
vt 0.2032 0.375
vt 0.1876 0.3959
vt 0.1876 0.375
vt 0.2032 0.3959
vt 0.1719 0.6041
vt 0.1563 0.5833
vt 0.1719 0.5833
vt 0.1563 0.6041
vt 0.1719 0.6458
vt 0.1563 0.625
vt 0.1719 0.625
vt 0.1563 0.6458
vt 0.1407 0.6458
vt 0.1251 0.625
vt 0.1407 0.625
vt 0.1251 0.6458
vt 0.2344 0.6041
vt 0.2188 0.5833
vt 0.2344 0.5833
vt 0.2188 0.6041
vt 0.2344 0.6458
vt 0.2188 0.625
vt 0.2344 0.625
vt 0.2188 0.6458
vt 0.2032 0.6458
vt 0.1876 0.625
vt 0.2032 0.625
vt 0.1876 0.6458
vt 0.2344 0.5
vt 0.2188 0.5209
vt 0.2188 0.5
vt 0.2344 0.5209
vt 0.2344 0.5625
vt 0.2188 0.5417
vt 0.2344 0.5417
vt 0.2188 0.5625
vt 0.2032 0.5625
vt 0.1876 0.5417
vt 0.2032 0.5417
vt 0.1876 0.5625
vt 0.047 0.5833
vt 0.0313 0.6041
vt 0.0313 0.5833
vt 0.047 0.6041
vt 0.047 0.625
vt 0.0313 0.6458
vt 0.0313 0.625
vt 0.047 0.6458
vt 0.0157 0.625
vt 0.0001 0.6458
vt 0.0001 0.625
vt 0.0157 0.6458
vt 0.1094 0.5833
vt 0.0938 0.6041
vt 0.0938 0.5833
vt 0.1094 0.6041
vt 0.1094 0.625
vt 0.0938 0.6458
vt 0.0938 0.625
vt 0.1094 0.6458
vt 0.0782 0.625
vt 0.0626 0.6458
vt 0.0626 0.625
vt 0.0782 0.6458
vt 0.1094 0.5
vt 0.0938 0.5209
vt 0.0938 0.5
vt 0.1094 0.5209
vt 0.1094 0.5417
vt 0.0938 0.5625
vt 0.0938 0.5417
vt 0.1094 0.5625
vt 0.0782 0.5417
vt 0.0626 0.5625
vt 0.0626 0.5417
vt 0.0782 0.5625
vt 0.047 0.5
vt 0.0313 0.5209
vt 0.0313 0.5
vt 0.047 0.5209
vt 0.047 0.5417
vt 0.0313 0.5625
vt 0.0313 0.5417
vt 0.047 0.5625
vt 0.0157 0.5417
vt 0.0001 0.5625
vt 0.0001 0.5417
vt 0.0157 0.5625
vt 0.1719 0.5209
vt 0.1563 0.5
vt 0.1719 0.5
vt 0.1563 0.5209
vt 0.1719 0.5625
vt 0.1563 0.5417
vt 0.1719 0.5417
vt 0.1563 0.5625
vt 0.1407 0.5625
vt 0.1251 0.5417
vt 0.1407 0.5417
vt 0.1251 0.5625
vt 0.1719 0.3334
vt 0.1563 0.3542
vt 0.1563 0.3334
vt 0.1719 0.3542
vt 0.1719 0.375
vt 0.1563 0.3959
vt 0.1563 0.375
vt 0.1719 0.3959
vt 0.1407 0.375
vt 0.1251 0.3959
vt 0.1251 0.375
vt 0.1407 0.3959
vt 0.7968 0.5
vt 0.7812 0.5209
vt 0.7812 0.5
vt 0.7968 0.5209
vt 0.7968 0.5417
vt 0.7812 0.5625
vt 0.7812 0.5417
vt 0.7968 0.5625
vt 0.7656 0.5417
vt 0.7499 0.5625
vt 0.7499 0.5417
vt 0.7656 0.5625
vt 0.9218 0.5209
vt 0.9062 0.5
vt 0.9218 0.5
vt 0.9062 0.5209
vt 0.9218 0.5625
vt 0.9062 0.5417
vt 0.9218 0.5417
vt 0.9062 0.5625
vt 0.8906 0.5625
vt 0.8749 0.5417
vt 0.8906 0.5417
vt 0.8749 0.5625
vt 0.9218 0.3334
vt 0.9062 0.3542
vt 0.9062 0.3334
vt 0.9218 0.3542
vt 0.9218 0.375
vt 0.9062 0.3959
vt 0.9062 0.375
vt 0.9218 0.3959
vt 0.8906 0.375
vt 0.8749 0.3959
vt 0.8749 0.375
vt 0.8906 0.3959
vt 0.5468 0.5
vt 0.5312 0.5209
vt 0.5312 0.5
vt 0.5468 0.5209
vt 0.5468 0.5417
vt 0.5312 0.5625
vt 0.5312 0.5417
vt 0.5468 0.5625
vt 0.5156 0.5417
vt 0.5 0.5625
vt 0.5 0.5417
vt 0.5156 0.5625
vt 0.6718 0.5209
vt 0.6562 0.5
vt 0.6718 0.5
vt 0.6562 0.5209
vt 0.6718 0.5625
vt 0.6562 0.5417
vt 0.6718 0.5417
vt 0.6562 0.5625
vt 0.6406 0.5625
vt 0.625 0.5417
vt 0.6406 0.5417
vt 0.625 0.5625
vt 0.6718 0.3334
vt 0.6562 0.3542
vt 0.6562 0.3334
vt 0.6718 0.3542
vt 0.6718 0.375
vt 0.6562 0.3959
vt 0.6562 0.375
vt 0.6718 0.3959
vt 0.6406 0.375
vt 0.625 0.3959
vt 0.625 0.375
vt 0.6406 0.3959
vt 0.2969 0.5
vt 0.2813 0.5209
vt 0.2813 0.5
vt 0.2969 0.5209
vt 0.2969 0.5417
vt 0.2813 0.5625
vt 0.2813 0.5417
vt 0.2969 0.5625
vt 0.2657 0.5417
vt 0.25 0.5625
vt 0.25 0.5417
vt 0.2657 0.5625
vt 0.4219 0.5209
vt 0.4063 0.5
vt 0.4219 0.5
vt 0.4063 0.5209
vt 0.4219 0.5625
vt 0.4063 0.5417
vt 0.4219 0.5417
vt 0.4063 0.5625
vt 0.3907 0.5625
vt 0.375 0.5417
vt 0.3907 0.5417
vt 0.375 0.5625
vt 0.4219 0.3334
vt 0.4063 0.3542
vt 0.4063 0.3334
vt 0.4219 0.3542
vt 0.4219 0.375
vt 0.4063 0.3959
vt 0.4063 0.375
vt 0.4219 0.3959
vt 0.3907 0.375
vt 0.375 0.3959
vt 0.375 0.375
vt 0.3907 0.3959
vt 0.047 0.1876
vt 0.0313 0.1667
vt 0.047 0.1667
vt 0.0313 0.1876
vt 0.047 0.2292
vt 0.0313 0.2084
vt 0.047 0.2084
vt 0.0313 0.2292
vt 0.0157 0.2292
vt 0.0001 0.2084
vt 0.0157 0.2084
vt 0.0001 0.2292
vt 0.1719 0.1667
vt 0.1563 0.1876
vt 0.1563 0.1667
vt 0.1719 0.1876
vt 0.1719 0.2084
vt 0.1563 0.2292
vt 0.1563 0.2084
vt 0.1719 0.2292
vt 0.1407 0.2084
vt 0.1251 0.2292
vt 0.1251 0.2084
vt 0.1407 0.2292
vt 0.1563 0.0001
vt 0.1719 0.021
vt 0.1563 0.021
vt 0.1719 0.0001
vt 0.1563 0.0418
vt 0.1719 0.0626
vt 0.1563 0.0626
vt 0.1719 0.0418
vt 0.1251 0.0418
vt 0.1407 0.0626
vt 0.1251 0.0626
vt 0.1407 0.0418
vt 0.7187 0.8333
vt 0.7031 0.8124
vt 0.7187 0.8124
vt 0.7031 0.8333
vt 0.7187 0.7916
vt 0.7031 0.7707
vt 0.7187 0.7707
vt 0.7031 0.7916
vt 0.7499 0.7916
vt 0.7343 0.7707
vt 0.7499 0.7707
vt 0.7343 0.7916
vt 0.5937 0.8124
vt 0.5781 0.8333
vt 0.5781 0.8124
vt 0.5937 0.8333
vt 0.5937 0.7707
vt 0.5781 0.7916
vt 0.5781 0.7707
vt 0.5937 0.7916
vt 0.625 0.7707
vt 0.6093 0.7916
vt 0.6093 0.7707
vt 0.625 0.7916
vt 0.5781 0.979
vt 0.5937 0.9999
vt 0.5781 0.9999
vt 0.5937 0.979
vt 0.5781 0.9374
vt 0.5937 0.9582
vt 0.5781 0.9582
vt 0.5937 0.9374
vt 0.6093 0.9374
vt 0.625 0.9582
vt 0.6093 0.9582
vt 0.625 0.9374
vt 0.7031 0.9999
vt 0.7187 0.979
vt 0.7187 0.9999
vt 0.7031 0.979
vt 0.7031 0.9582
vt 0.7187 0.9374
vt 0.7187 0.9582
vt 0.7031 0.9374
vt 0.7343 0.9582
vt 0.7499 0.9374
vt 0.7499 0.9582
vt 0.7343 0.9374
vt 0.0313 0.021
vt 0.047 0.0001
vt 0.047 0.021
vt 0.0313 0.0001
vt 0.0313 0.0626
vt 0.047 0.0418
vt 0.047 0.0626
vt 0.0313 0.0418
vt 0.0001 0.0626
vt 0.0157 0.0418
vt 0.0157 0.0626
vt 0.0001 0.0418
vt 0.2969 0.3542
vt 0.2813 0.3334
vt 0.2969 0.3334
vt 0.2813 0.3542
vt 0.2969 0.3959
vt 0.2813 0.375
vt 0.2969 0.375
vt 0.2813 0.3959
vt 0.2657 0.3959
vt 0.25 0.375
vt 0.2657 0.375
vt 0.25 0.3959
vt 0.5468 0.3542
vt 0.5312 0.3334
vt 0.5468 0.3334
vt 0.5312 0.3542
vt 0.5468 0.3959
vt 0.5312 0.375
vt 0.5468 0.375
vt 0.5312 0.3959
vt 0.5156 0.3959
vt 0.5 0.375
vt 0.5156 0.375
vt 0.5 0.3959
vt 0.7968 0.3542
vt 0.7812 0.3334
vt 0.7968 0.3334
vt 0.7812 0.3542
vt 0.7968 0.3959
vt 0.7812 0.375
vt 0.7968 0.375
vt 0.7812 0.3959
vt 0.7656 0.3959
vt 0.7499 0.375
vt 0.7656 0.375
vt 0.7499 0.3959
vt 0.047 0.3542
vt 0.0313 0.3334
vt 0.047 0.3334
vt 0.0313 0.3542
vt 0.047 0.3959
vt 0.0313 0.375
vt 0.047 0.375
vt 0.0313 0.3959
vt 0.0157 0.3959
vt 0.0001 0.375
vt 0.0157 0.375
vt 0.0001 0.3959
vt 0.0782 0.6666
vt 0.0938 0.6666
vt 0.0626 0.6666
vt 0.1094 0.6666
vt 0.1251 0.6666
vt 0.0157 0.6666
vt 0.0313 0.6666
vt 0.0001 0.6666
vt 0.047 0.6666
vt 0.2188 0.6666
vt 0.2032 0.6666
vt 0.1876 0.6666
vt 0.25 0.6666
vt 0.2344 0.6666
vt 0.1563 0.6666
vt 0.1407 0.6666
vt 0.1719 0.6666
vt 0.8281 0.6666
vt 0.8437 0.6666
vt 0.8124 0.6666
vt 0.8593 0.6666
vt 0.8749 0.6666
vt 0.7656 0.6666
vt 0.7812 0.6666
vt 0.7499 0.6666
vt 0.7968 0.6666
vt 0.9999 0.5625
vt 0.9999 0.5417
vt 0.9999 0.5833
vt 0.9999 0.5
vt 0.9999 0.5209
vt 0.9687 0.6666
vt 0.9531 0.6666
vt 0.9374 0.6666
vt 0.9999 0.6458
vt 0.9999 0.625
vt 0.9999 0.6666
vt 0.9843 0.6666
vt 0.9999 0.6041
vt 0.9062 0.6666
vt 0.8906 0.6666
vt 0.9218 0.6666
vt 0.9999 0.375
vt 0.9999 0.3959
vt 0.9999 0.4167
vt 0.9999 0.3334
vt 0.9999 0.3542
vt 0.9999 0.4583
vt 0.9999 0.4791
vt 0.9999 0.4375
vt 0.5781 0.6666
vt 0.5937 0.6666
vt 0.5625 0.6666
vt 0.6093 0.6666
vt 0.625 0.6666
vt 0.5156 0.6666
vt 0.5312 0.6666
vt 0.5 0.6666
vt 0.5468 0.6666
vt 0.7187 0.6666
vt 0.7031 0.6666
vt 0.6875 0.6666
vt 0.7343 0.6666
vt 0.6562 0.6666
vt 0.6406 0.6666
vt 0.6718 0.6666
vt 0.3282 0.6666
vt 0.3438 0.6666
vt 0.3125 0.6666
vt 0.3594 0.6666
vt 0.375 0.6666
vt 0.2657 0.6666
vt 0.2813 0.6666
vt 0.2969 0.6666
vt 0.4688 0.6666
vt 0.4532 0.6666
vt 0.4375 0.6666
vt 0.4844 0.6666
vt 0.4063 0.6666
vt 0.3907 0.6666
vt 0.4219 0.6666
vt 0.2501 0.2084
vt 0.2501 0.2292
vt 0.2501 0.25
vt 0.2501 0.1667
vt 0.2501 0.1876
vt 0.2501 0.2917
vt 0.2501 0.3126
vt 0.2501 0.2709
vt 0.2501 0.0626
vt 0.2501 0.0418
vt 0.2501 0.0834
vt 0.2501 0.021
vt 0.2501 0.0001
vt 0.2501 0.1459
vt 0.2501 0.1251
vt 0.2501 0.1042
vt 0.5 0.7916
vt 0.5 0.7707
vt 0.5 0.7499
vt 0.5 0.8333
vt 0.5 0.8124
vt 0.5 0.7083
vt 0.5 0.6874
vt 0.5 0.7291
vt 0.5 0.9374
vt 0.5 0.9582
vt 0.5 0.9166
vt 0.5 0.979
vt 0.5 0.9999
vt 0.5 0.8541
vt 0.5 0.8749
vt 0.5 0.8957
usemtl mat0
f 1/1/1 2/2/2 3/3/3
f 1/1/1 4/4/4 2/2/2
f 5/5/5 6/6/6 7/7/7
f 5/5/5 8/8/8 6/6/6
f 9/9/9 10/10/10 11/11/11
f 9/9/9 12/12/12 10/10/10
f 13/13/13 14/14/14 15/15/15
f 13/13/13 16/16/16 14/14/14
f 17/17/7 18/18/17 19/19/18
f 17/17/7 20/20/6 18/18/17
f 21/21/19 22/22/20 23/23/21
f 24/24/22 22/22/20 21/21/19
f 25/25/23 26/26/24 27/27/25
f 25/25/23 28/28/26 26/26/24
f 29/29/27 30/30/28 31/31/29
f 29/29/27 32/32/30 30/30/28
f 33/33/31 34/34/32 35/35/33
f 36/36/34 34/34/32 33/33/31
f 37/37/35 38/38/36 39/39/37
f 37/37/35 40/40/38 38/38/36
f 41/41/39 42/42/40 43/43/41
f 41/41/39 44/44/42 42/42/40
f 45/45/43 46/46/44 47/47/45
f 48/48/46 46/46/44 45/45/43
f 49/49/47 50/50/48 51/51/49
f 52/52/50 50/50/48 49/49/47
f 53/53/51 54/54/52 55/55/53
f 53/53/51 56/56/54 54/54/52
f 57/57/55 58/58/56 59/59/57
f 57/57/55 60/60/58 58/58/56
f 61/61/59 62/62/60 63/63/35
f 64/64/61 62/62/60 61/61/59
f 65/65/62 66/66/63 67/67/64
f 65/65/62 68/68/65 66/66/63
f 69/69/66 70/70/67 71/71/68
f 69/69/66 72/72/69 70/70/67
f 73/73/46 74/74/70 75/75/44
f 76/76/71 74/74/70 73/73/46
f 77/77/72 78/78/73 79/79/74
f 77/77/72 80/80/75 78/78/73
f 81/81/76 82/82/77 83/83/78
f 81/81/76 84/84/79 82/82/77
f 85/85/80 86/86/81 87/87/82
f 88/88/83 86/86/81 85/85/80
f 89/89/84 90/90/85 91/91/86
f 89/89/84 92/92/87 90/90/85
f 93/93/88 94/94/89 95/95/90
f 93/93/88 96/96/91 94/94/89
f 97/97/92 98/98/93 99/99/94
f 100/100/95 98/98/93 97/97/92
f 101/101/96 102/102/97 103/103/98
f 104/104/99 102/102/97 101/101/96
f 105/105/100 106/106/101 107/107/102
f 108/108/103 106/106/101 105/105/100
f 109/109/104 110/110/105 111/111/106
f 109/109/104 112/112/107 110/110/105
f 113/113/108 114/114/109 115/115/110
f 113/113/108 116/116/111 114/114/109
f 117/117/112 118/118/113 119/119/114
f 117/117/112 120/120/115 118/118/113
f 121/121/116 122/122/117 123/123/118
f 124/124/119 122/122/117 121/121/116
f 125/125/120 126/126/121 127/127/122
f 128/128/123 126/126/121 125/125/120
f 129/129/124 130/130/125 131/131/126
f 132/132/127 130/130/125 129/129/124
f 133/133/128 134/134/129 135/135/130
f 136/136/131 134/134/129 133/133/128
f 137/137/132 138/138/133 139/139/134
f 140/140/135 138/138/133 137/137/132
f 141/141/136 142/142/137 143/143/138
f 144/144/139 142/142/137 141/141/136
f 145/145/140 146/146/141 147/147/142
f 145/145/140 148/148/143 146/146/141
f 149/149/144 150/150/145 151/151/146
f 149/149/144 152/152/147 150/150/145
f 153/153/148 154/154/149 155/155/150
f 153/153/148 156/156/151 154/154/149
f 157/157/152 158/158/153 159/159/154
f 160/160/155 158/158/153 157/157/152
f 161/161/156 162/162/157 163/163/158
f 164/164/159 162/162/157 161/161/156
f 165/165/160 166/166/161 167/167/162
f 168/168/163 166/166/161 165/165/160
f 169/169/164 170/170/165 171/171/166
f 172/172/167 170/170/165 169/169/164
f 173/173/168 174/174/169 175/175/170
f 176/176/171 174/174/169 173/173/168
f 177/177/172 178/178/173 179/179/174
f 180/180/175 178/178/173 177/177/172
f 181/181/176 182/182/177 183/183/178
f 181/181/176 184/184/179 182/182/177
f 185/185/180 186/186/181 187/187/182
f 185/185/180 188/188/183 186/186/181
f 189/189/184 190/190/185 191/191/186
f 189/189/184 192/192/187 190/190/185
f 193/193/188 194/194/189 195/195/190
f 196/196/191 194/194/189 193/193/188
f 197/197/192 198/198/193 199/199/194
f 200/200/195 198/198/193 197/197/192
f 201/201/196 202/202/197 203/203/198
f 204/204/199 202/202/197 201/201/196
f 205/205/200 206/206/201 207/207/202
f 208/208/203 206/206/201 205/205/200
f 209/209/204 210/210/205 211/211/206
f 212/212/207 210/210/205 209/209/204
f 213/213/208 214/214/209 215/215/210
f 216/216/211 214/214/209 213/213/208
f 217/217/212 218/218/213 219/219/214
f 217/217/212 220/220/215 218/218/213
f 221/221/216 222/222/217 223/223/218
f 221/221/216 224/224/219 222/222/217
f 225/225/220 226/226/221 227/227/222
f 225/225/220 228/228/223 226/226/221
f 229/229/224 230/230/225 231/231/226
f 232/232/227 230/230/225 229/229/224
f 233/233/228 234/234/229 235/235/230
f 236/236/231 234/234/229 233/233/228
f 237/237/232 238/238/233 239/239/234
f 240/240/235 238/238/233 237/237/232
f 241/241/236 242/242/237 243/243/238
f 244/244/239 242/242/237 241/241/236
f 245/245/240 246/246/241 247/247/242
f 245/245/240 248/248/243 246/246/241
f 249/249/244 250/250/154 251/251/245
f 252/252/152 250/250/154 249/249/244
f 253/253/246 254/254/247 255/255/248
f 253/253/246 256/256/249 254/254/247
f 257/257/250 258/258/251 259/259/252
f 257/257/250 260/260/253 258/258/251
f 261/261/254 262/262/255 263/263/256
f 264/264/257 262/262/255 261/261/254
f 265/265/258 266/266/259 267/267/260
f 265/265/258 268/268/261 266/266/259
f 269/269/262 270/270/263 271/271/264
f 272/272/265 270/270/263 269/269/262
f 273/273/266 274/274/267 275/275/268
f 273/273/266 276/276/269 274/274/267
f 277/277/270 278/278/271 279/279/272
f 280/280/273 278/278/271 277/277/270
f 281/281/274 282/282/275 283/283/276
f 281/281/274 284/284/277 282/282/275
f 285/285/278 286/286/279 287/287/280
f 288/288/281 286/286/279 285/285/278
f 289/289/282 290/290/283 291/291/284
f 289/289/282 292/292/285 290/290/283
f 293/293/286 294/294/287 295/295/288
f 293/293/286 296/296/289 294/294/287
f 297/297/290 298/298/291 299/299/292
f 300/300/293 298/298/291 297/297/290
f 301/301/294 302/302/295 303/303/296
f 301/301/294 304/304/297 302/302/295
f 305/305/298 306/306/299 307/307/300
f 308/308/301 306/306/299 305/305/298
f 309/309/302 310/310/303 311/311/304
f 309/309/302 312/312/305 310/310/303
f 313/313/306 314/314/307 315/315/308
f 316/316/309 314/314/307 313/313/306
f 317/317/310 318/318/311 319/319/312
f 317/317/310 320/320/313 318/318/311
f 321/321/314 322/322/315 323/323/316
f 321/321/314 324/324/317 322/322/315
f 325/325/318 326/326/319 327/327/320
f 328/328/190 326/326/319 325/325/318
f 329/329/321 330/330/322 331/331/323
f 329/329/321 332/332/324 330/330/322
f 333/333/325 334/334/326 335/335/327
f 333/333/325 336/336/328 334/334/326
f 337/337/329 338/338/330 339/339/331
f 337/337/329 340/340/332 338/338/330
f 341/341/333 342/342/334 343/343/335
f 341/341/333 344/344/336 342/342/334
f 345/345/337 346/346/338 347/347/339
f 345/345/337 348/348/340 346/346/338
f 349/349/341 350/350/258 351/351/342
f 349/349/341 352/352/343 350/350/258
f 353/353/344 354/354/345 355/355/346
f 353/353/344 356/356/347 354/354/345
f 357/357/348 358/358/349 359/359/350
f 357/357/348 360/360/351 358/358/349
f 361/361/352 362/362/328 363/363/325
f 361/361/352 364/364/353 362/362/328
f 365/365/354 366/366/355 367/367/356
f 365/365/354 368/368/357 366/366/355
f 369/369/358 370/370/359 371/371/360
f 369/369/358 372/372/361 370/370/359
f 373/373/362 374/374/363 375/375/364
f 373/373/362 376/376/365 374/374/363
f 377/377/366 378/378/367 379/379/368
f 377/377/366 380/380/369 378/378/367
f 381/381/370 382/382/371 383/383/372
f 381/381/370 384/384/373 382/382/371
f 385/385/374 386/386/375 387/387/376
f 385/385/374 388/388/377 386/386/375
f 389/389/378 390/390/379 391/391/380
f 389/389/378 392/392/381 390/390/379
f 393/393/382 394/394/383 395/395/384
f 393/393/382 396/396/385 394/394/383
f 397/397/386 398/398/387 399/399/388
f 397/397/386 400/400/389 398/398/387
f 401/401/390 402/402/391 403/403/392
f 401/401/390 404/404/393 402/402/391
f 405/405/394 406/406/395 407/407/396
f 405/405/394 408/408/397 406/406/395
f 409/409/398 410/410/399 411/411/400
f 409/409/398 412/412/401 410/410/399
f 413/413/402 414/414/403 415/415/404
f 413/413/402 416/416/405 414/414/403
f 417/417/406 418/418/407 419/419/408
f 417/417/406 420/420/409 418/418/407
f 421/421/410 422/422/411 423/423/412
f 421/421/410 424/424/413 422/422/411
f 425/425/414 426/426/415 427/427/416
f 425/425/414 428/428/417 426/426/415
f 429/429/418 430/430/419 431/431/420
f 429/429/418 432/432/421 430/430/419
f 433/433/422 434/434/423 435/435/424
f 433/433/422 436/436/425 434/434/423
f 437/437/426 438/438/427 439/439/428
f 437/437/426 440/440/429 438/438/427
f 441/441/430 442/442/431 443/443/432
f 441/441/430 444/444/433 442/442/431
f 445/445/434 446/446/435 447/447/436
f 445/445/434 448/448/437 446/446/435
f 449/449/438 450/450/439 451/451/440
f 449/449/438 452/452/441 450/450/439
f 453/453/442 454/454/443 455/455/444
f 453/453/442 456/456/445 454/454/443
f 457/457/446 458/458/447 459/459/448
f 457/457/446 460/460/449 458/458/447
f 461/461/450 462/462/451 463/463/452
f 461/461/450 464/464/453 462/462/451
f 465/465/454 466/466/455 467/467/456
f 465/465/454 468/468/457 466/466/455
f 469/469/458 470/470/459 471/471/460
f 469/469/458 472/472/461 470/470/459
f 473/473/462 474/474/463 475/475/464
f 473/473/462 476/476/465 474/474/463
f 477/477/466 478/478/467 479/479/468
f 477/477/466 480/480/469 478/478/467
f 481/481/470 482/482/471 483/483/38
f 481/481/470 484/484/472 482/482/471
f 485/485/473 486/486/474 487/487/475
f 485/485/473 488/488/476 486/486/474
f 489/489/477 490/490/478 491/491/479
f 489/489/477 492/492/480 490/490/478
f 493/493/481 494/494/482 495/495/483
f 493/493/481 496/496/484 494/494/482
f 497/497/485 498/498/486 499/499/487
f 497/497/485 500/500/488 498/498/486
f 501/501/489 502/502/490 503/503/491
f 501/501/489 504/504/492 502/502/490
f 505/505/493 506/506/494 507/507/495
f 505/505/493 508/508/496 506/506/494
f 509/509/497 510/510/498 511/511/499
f 509/509/497 512/512/500 510/510/498
f 513/513/501 514/514/502 515/515/503
f 513/513/501 516/516/504 514/514/502
f 517/517/505 518/518/506 519/519/507
f 517/517/505 520/520/508 518/518/506
f 521/521/509 522/522/510 523/523/511
f 521/521/509 524/524/512 522/522/510
f 525/525/513 526/526/514 527/527/515
f 525/525/513 528/528/516 526/526/514
f 529/529/517 530/530/518 531/531/519
f 529/529/517 532/532/520 530/530/518
f 533/533/521 534/534/522 535/535/523
f 533/533/521 536/536/524 534/534/522
f 537/537/436 538/538/525 539/539/526
f 537/537/436 540/540/435 538/538/525
f 541/541/527 542/542/528 543/543/529
f 544/544/530 542/542/528 541/541/527
f 545/545/531 546/546/532 547/547/533
f 545/545/531 548/548/534 546/546/532
f 549/549/535 550/550/536 551/551/537
f 549/549/535 552/552/538 550/550/536
f 553/553/539 554/554/59 555/555/540
f 556/556/541 554/554/59 553/553/539
f 557/557/542 558/558/543 559/559/544
f 560/560/545 558/558/543 557/557/542
f 561/561/546 562/562/547 563/563/548
f 564/564/549 562/562/547 561/561/546
f 565/565/550 566/566/551 567/567/552
f 565/565/550 568/568/553 566/566/551
f 569/569/554 570/570/555 571/571/556
f 569/569/554 572/572/557 570/570/555
f 573/573/558 574/574/559 575/575/560
f 573/573/558 576/576/561 574/574/559
f 577/577/562 578/578/563 579/579/564
f 580/580/565 578/578/563 577/577/562
f 581/581/566 582/582/567 583/583/568
f 581/581/566 584/584/569 582/582/567
f 585/585/570 586/586/571 587/587/572
f 585/585/570 588/588/573 586/586/571
f 589/589/574 590/590/575 591/591/576
f 592/592/577 590/590/575 589/589/574
f 593/593/578 594/594/579 595/595/580
f 596/596/581 594/594/579 593/593/578
f 597/597/582 598/598/583 599/599/584
f 600/600/585 598/598/583 597/597/582
f 601/601/586 602/602/587 603/603/588
f 601/601/586 604/604/589 602/602/587
f 605/605/590 606/606/591 607/607/592
f 608/608/593 606/606/591 605/605/590
f 609/609/594 610/610/595 611/611/596
f 609/609/594 612/612/597 610/610/595
f 613/613/598 614/614/599 615/615/600
f 616/616/601 614/614/599 613/613/598
f 617/617/602 618/618/603 619/619/604
f 620/620/605 618/618/603 617/617/602
f 621/621/606 622/622/607 623/623/608
f 624/624/609 622/622/607 621/621/606
f 625/625/610 626/626/611 627/627/612
f 625/625/610 628/628/613 626/626/611
f 629/629/614 630/630/615 631/631/616
f 632/632/617 630/630/615 629/629/614
f 633/633/618 634/634/619 635/635/620
f 633/633/618 636/636/621 634/634/619
f 637/637/622 638/638/623 639/639/624
f 640/640/625 638/638/623 637/637/622
f 641/641/626 642/642/627 643/643/628
f 644/644/629 642/642/627 641/641/626
f 645/645/630 646/646/631 647/647/632
f 648/648/633 646/646/631 645/645/630
f 649/649/634 650/650/635 651/651/636
f 649/649/634 652/652/637 650/650/635
f 653/653/638 654/654/639 655/655/640
f 653/653/638 656/656/641 654/654/639
f 657/657/642 658/658/643 659/659/644
f 660/660/645 658/658/643 657/657/642
f 661/661/646 662/662/647 663/663/648
f 661/661/646 664/664/649 662/662/647
f 665/665/650 666/666/651 667/667/652
f 665/665/650 668/668/653 666/666/651
f 669/669/654 670/670/655 671/671/656
f 669/669/654 672/672/657 670/670/655
f 673/673/658 674/674/659 675/675/660
f 676/676/661 674/674/659 673/673/658
f 677/677/662 678/678/663 679/679/664
f 677/677/662 680/680/665 678/678/663
f 681/681/666 682/682/667 683/683/668
f 684/684/669 682/682/667 681/681/666
f 685/685/670 686/686/671 687/687/672
f 685/685/670 688/688/673 686/686/671
f 689/689/674 690/690/675 691/691/676
f 689/689/674 692/692/677 690/690/675
f 693/693/678 694/694/679 695/695/680
f 693/693/678 696/696/681 694/694/679
f 697/697/682 698/698/683 699/699/684
f 700/700/685 698/698/683 697/697/682
f 701/701/686 702/702/687 703/703/688
f 701/701/686 704/704/689 702/702/687
f 705/705/690 706/706/691 707/707/692
f 708/708/693 706/706/691 705/705/690
f 709/709/694 710/710/695 711/711/696
f 709/709/694 712/712/697 710/710/695
f 713/713/698 714/714/699 715/715/700
f 716/716/701 714/714/699 713/713/698
f 717/717/702 718/718/703 719/719/704
f 717/717/702 720/720/705 718/718/703
f 721/721/706 722/722/707 723/723/708
f 724/724/709 722/722/707 721/721/706
f 725/725/710 726/726/711 727/727/712
f 728/728/713 726/726/711 725/725/710
f 729/729/714 730/730/715 731/731/716
f 732/732/717 730/730/715 729/729/714
f 733/733/718 734/734/719 735/735/720
f 733/733/718 736/736/11 734/734/719
f 737/737/721 738/738/722 739/739/723
f 740/740/724 738/738/722 737/737/721
f 741/741/725 742/742/726 743/743/727
f 741/741/725 744/744/728 742/742/726
f 745/745/729 746/746/730 747/747/731
f 748/748/732 746/746/730 745/745/729
f 749/749/733 750/750/734 751/751/735
f 752/752/736 750/750/734 749/749/733
f 753/753/737 754/754/738 755/755/739
f 756/756/740 754/754/738 753/753/737
f 757/757/741 758/758/742 759/759/743
f 757/757/741 760/760/744 758/758/742
f 761/761/745 762/762/746 763/763/747
f 761/761/745 764/764/748 762/762/746
f 765/765/749 766/766/750 767/767/751
f 768/768/752 766/766/750 765/765/749
f 769/769/753 770/770/754 771/771/755
f 769/769/753 772/772/756 770/770/754
f 773/773/757 774/774/758 775/775/759
f 773/773/757 776/776/760 774/774/758
f 777/777/761 778/778/762 779/779/763
f 777/777/761 780/780/764 778/778/762
f 781/781/765 782/782/766 783/783/767
f 784/784/768 782/782/766 781/781/765
f 785/785/769 786/786/770 787/787/771
f 785/785/769 788/788/772 786/786/770
f 789/789/773 790/790/774 791/791/775
f 792/792/776 790/790/774 789/789/773
f 793/793/777 794/794/778 795/795/779
f 793/793/777 796/796/780 794/794/778
f 797/797/781 798/798/782 799/799/783
f 797/797/781 800/800/784 798/798/782
f 801/801/785 802/802/786 803/803/787
f 801/801/785 804/804/788 802/802/786
f 805/805/789 806/806/790 807/807/791
f 808/808/792 806/806/790 805/805/789
f 809/809/793 810/810/794 811/811/795
f 809/809/793 812/812/796 810/810/794
f 813/813/797 814/814/798 815/815/799
f 816/816/800 814/814/798 813/813/797
f 817/817/801 818/818/802 819/819/803
f 820/820/804 818/818/802 817/817/801
f 821/821/805 822/822/806 823/823/807
f 824/824/808 822/822/806 821/821/805
f 825/825/809 826/826/810 827/827/811
f 828/828/812 826/826/810 825/825/809
f 829/829/813 830/830/814 831/831/815
f 832/832/816 830/830/814 829/829/813
f 833/833/817 834/834/818 835/835/819
f 836/836/820 834/834/818 833/833/817
f 837/837/821 838/838/822 839/839/823
f 840/840/824 838/838/822 837/837/821
f 841/841/825 842/842/826 843/843/827
f 844/844/828 842/842/826 841/841/825
f 845/845/829 846/846/830 847/847/831
f 848/848/832 846/846/830 845/845/829
f 849/849/833 850/850/834 851/851/835
f 852/852/836 850/850/834 849/849/833
f 853/853/837 854/854/838 855/855/839
f 853/853/837 856/856/840 854/854/838
f 857/857/841 858/858/842 859/859/843
f 857/857/841 860/860/844 858/858/842
f 861/861/845 862/862/846 863/863/847
f 861/861/845 864/864/848 862/862/846
f 865/865/849 866/866/850 867/867/851
f 865/865/849 868/868/852 866/866/850
f 869/869/853 870/870/854 871/871/855
f 869/869/853 872/872/856 870/870/854
f 873/873/857 874/874/858 875/875/859
f 873/873/857 876/876/860 874/874/858
f 877/877/861 878/878/862 879/879/863
f 880/880/864 878/878/862 877/877/861
f 881/881/865 882/882/866 883/883/867
f 881/881/865 884/884/868 882/882/866
f 885/885/869 886/886/870 887/887/871
f 885/885/869 888/888/872 886/886/870
f 889/889/873 890/890/874 891/891/875
f 892/892/876 890/890/874 889/889/873
f 893/893/877 894/894/878 895/895/879
f 896/896/880 894/894/878 893/893/877
f 897/897/881 898/898/882 899/899/883
f 900/900/884 898/898/882 897/897/881
f 901/901/885 902/902/886 903/903/887
f 904/904/888 902/902/886 901/901/885
f 905/905/889 906/906/890 907/907/891
f 908/908/892 906/906/890 905/905/889
f 909/909/893 910/910/894 911/911/895
f 912/912/896 910/910/894 909/909/893
f 913/913/897 914/914/898 915/915/899
f 916/916/900 914/914/898 913/913/897
f 917/917/901 918/918/902 919/919/903
f 920/920/904 918/918/902 917/917/901
f 921/921/905 922/922/906 923/923/907
f 924/924/908 922/922/906 921/921/905
f 925/925/909 926/926/910 927/927/911
f 928/928/912 926/926/910 925/925/909
f 929/929/913 930/930/914 931/931/915
f 932/932/916 930/930/914 929/929/913
f 933/933/917 934/934/918 935/935/919
f 936/936/920 934/934/918 933/933/917
f 937/937/921 938/938/922 939/939/923
f 940/940/924 938/938/922 937/937/921
f 941/941/925 942/942/926 943/943/927
f 944/944/928 942/942/926 941/941/925
f 945/945/929 946/946/930 947/947/931
f 948/948/932 946/946/930 945/945/929
f 949/949/17 950/950/933 951/951/934
f 952/952/935 950/950/933 949/949/17
f 953/953/936 954/954/937 955/955/938
f 956/956/939 954/954/937 953/953/936
f 957/957/940 958/958/941 959/959/942
f 960/960/943 958/958/941 957/957/940
f 961/961/944 962/962/945 963/963/946
f 961/961/944 964/964/947 962/962/945
f 965/965/948 966/966/949 967/967/950
f 965/965/948 968/968/951 966/966/949
f 969/969/952 970/970/953 971/971/954
f 969/969/952 972/972/955 970/970/953
f 973/973/956 974/974/957 975/975/958
f 973/973/956 976/976/959 974/974/957
f 977/977/960 978/978/961 979/979/962
f 977/977/960 980/980/963 978/978/961
f 981/981/964 982/982/965 983/983/966
f 981/981/964 984/984/967 982/982/965
f 985/985/968 986/986/969 987/987/970
f 988/988/971 986/986/969 985/985/968
f 989/989/972 990/990/973 991/991/974
f 989/989/972 992/992/975 990/990/973
f 993/993/976 994/994/977 995/995/978
f 993/993/976 996/996/979 994/994/977
f 997/997/980 998/998/981 999/999/982
f 1000/1000/983 998/998/981 997/997/980
f 1001/1001/984 1002/1002/985 1003/1003/986
f 1004/1004/987 1002/1002/985 1001/1001/984
f 1005/1005/988 1006/1006/989 1007/1007/990
f 1008/1008/991 1006/1006/989 1005/1005/988
f 1009/1009/992 1010/1010/993 1011/1011/994
f 1012/1012/995 1010/1010/993 1009/1009/992
f 1013/1013/996 1014/1014/997 1015/1015/998
f 1016/1016/999 1014/1014/997 1013/1013/996
f 1017/1017/1000 1018/1018/1001 1019/1019/1002
f 1020/1020/1003 1018/1018/1001 1017/1017/1000
f 1021/1021/1004 1022/1022/1005 1023/1023/1006
f 1024/1024/1007 1022/1022/1005 1021/1021/1004
f 1025/1025/1008 1026/1026/1009 1027/1027/1010
f 1028/1028/1011 1026/1026/1009 1025/1025/1008
f 1029/1029/1012 1030/1030/1013 1031/1031/1014
f 1032/1032/1015 1030/1030/1013 1029/1029/1012
f 1033/1033/1016 1034/1034/1017 1035/1035/1018
f 1036/1036/1019 1034/1034/1017 1033/1033/1016
f 1037/1037/1020 1038/1038/1021 1039/1039/1022
f 1040/1040/1023 1038/1038/1021 1037/1037/1020
f 1041/1041/1024 1042/1042/1025 1043/1043/1026
f 1044/1044/1027 1042/1042/1025 1041/1041/1024
f 1045/1045/1028 1046/1046/1029 1047/1047/1030
f 1048/1048/1031 1046/1046/1029 1045/1045/1028
f 1049/1049/1032 1050/1050/1033 1051/1051/1034
f 1052/1052/1035 1050/1050/1033 1049/1049/1032
f 1053/1053/1036 1054/1054/1037 1055/1055/1038
f 1056/1056/1039 1054/1054/1037 1053/1053/1036
f 1057/1057/776 1058/1058/1040 1059/1059/774
f 1060/1060/1041 1058/1058/1040 1057/1057/776
f 1061/1061/1042 1062/1062/1043 1063/1063/1044
f 1064/1064/1045 1062/1062/1043 1061/1061/1042
f 1065/1065/1046 1066/1066/1047 1067/1067/1048
f 1068/1068/1049 1066/1066/1047 1065/1065/1046
f 1069/1069/1050 1070/1070/1051 1071/1071/1052
f 1069/1069/1050 1072/1072/1053 1070/1070/1051
f 1073/1073/1054 1074/1074/1055 1075/1075/1056
f 1073/1073/1054 1076/1076/1057 1074/1074/1055
f 1077/1077/1058 1078/1078/1059 1079/1079/1060
f 1077/1077/1058 1080/1080/1061 1078/1078/1059
f 1081/1081/1062 1082/1082/1063 1083/1083/1064
f 1081/1081/1062 1084/1084/1065 1082/1082/1063
f 1085/1085/1066 1086/1086/1067 1087/1087/1068
f 1085/1085/1066 1088/1088/1069 1086/1086/1067
f 1089/1089/1070 1090/1090/1071 1091/1091/1072
f 1089/1089/1070 1092/1092/1073 1090/1090/1071
f 1093/1093/1074 1094/1094/1075 1095/1095/1076
f 1096/1096/1077 1094/1094/1075 1093/1093/1074
f 1097/1097/1078 1098/1098/1079 1099/1099/1080
f 1097/1097/1078 1100/1100/1081 1098/1098/1079
f 1101/1101/1082 1102/1102/1083 1103/1103/1084
f 1101/1101/1082 1104/1104/1085 1102/1102/1083
f 1105/1105/1086 1106/1106/1087 1107/1107/1088
f 1108/1108/1089 1106/1106/1087 1105/1105/1086
f 1109/1109/1090 1110/1110/1091 1111/1111/1092
f 1112/1112/1093 1110/1110/1091 1109/1109/1090
f 1113/1113/1094 1114/1114/1095 1115/1115/1096
f 1116/1116/1097 1114/1114/1095 1113/1113/1094
f 1117/1117/1098 1118/1118/1099 1119/1119/1100
f 1120/1120/1101 1118/1118/1099 1117/1117/1098
f 1121/1121/1102 1122/1122/1103 1123/1123/1104
f 1124/1124/1105 1122/1122/1103 1121/1121/1102
f 1125/1125/1106 1126/1126/1107 1127/1127/1108
f 1128/1128/1109 1126/1126/1107 1125/1125/1106
f 1129/1129/1110 1130/1130/1111 1131/1131/1112
f 1132/1132/1113 1130/1130/1111 1129/1129/1110
f 1133/1133/1114 1134/1134/1115 1135/1135/1116
f 1136/1136/1117 1134/1134/1115 1133/1133/1114
f 1137/1137/1118 1138/1138/1119 1139/1139/1120
f 1140/1140/1121 1138/1138/1119 1137/1137/1118
f 1141/1141/1122 1142/1142/1123 1143/1143/1124
f 1144/1144/1125 1142/1142/1123 1141/1141/1122
f 1145/1145/1126 1146/1146/1127 1147/1147/1128
f 1148/1148/1129 1146/1146/1127 1145/1145/1126
f 1149/1149/1130 1150/1150/1131 1151/1151/1132
f 1152/1152/1133 1150/1150/1131 1149/1149/1130
f 1153/1153/1134 1154/1154/1135 1155/1155/1136
f 1156/1156/1137 1154/1154/1135 1153/1153/1134
f 1157/1157/1138 1158/1158/1139 1159/1159/1140
f 1160/1160/1141 1158/1158/1139 1157/1157/1138
f 1161/1161/1142 1162/1162/1143 1163/1163/1144
f 1164/1164/1145 1162/1162/1143 1161/1161/1142
f 1165/1165/1146 1166/1166/1147 1167/1167/1148
f 1168/1168/1149 1166/1166/1147 1165/1165/1146
f 1169/1169/1150 1170/1170/1151 1171/1171/1152
f 1172/1172/1153 1170/1170/1151 1169/1169/1150
f 1173/1173/1154 1174/1174/1155 1175/1175/1156
f 1176/1176/1157 1174/1174/1155 1173/1173/1154
f 1177/1177/1158 1178/1178/1159 1179/1179/1160
f 1177/1177/1158 1180/1180/1161 1178/1178/1159
f 1181/1181/1162 1182/1182/1163 1183/1183/1164
f 1181/1181/1162 1184/1184/1165 1182/1182/1163
f 1185/1185/1166 1186/1186/1167 1187/1187/1168
f 1185/1185/1166 1188/1188/1169 1186/1186/1167
f 1189/1189/1170 1190/1190/1171 1191/1191/1172
f 1189/1189/1170 1192/1192/1173 1190/1190/1171
f 1193/1193/1174 1194/1194/1175 1195/1195/1176
f 1193/1193/1174 1196/1196/1177 1194/1194/1175
f 1197/1197/1178 1198/1198/1179 1199/1199/1180
f 1197/1197/1178 1200/1200/1181 1198/1198/1179
f 1201/1201/1182 1202/1202/1183 1203/1203/1184
f 1204/1204/1185 1202/1202/1183 1201/1201/1182
f 1205/1205/1186 1206/1206/1187 1207/1207/1188
f 1205/1205/1186 1208/1208/1189 1206/1206/1187
f 1209/1209/1190 1210/1210/1191 1211/1211/1192
f 1209/1209/1190 1212/1212/1193 1210/1210/1191
f 1213/1213/1194 1214/1214/1195 1215/1215/1196
f 1216/1216/1197 1214/1214/1195 1213/1213/1194
f 1217/1217/1198 1218/1218/1199 1219/1219/1200
f 1220/1220/1201 1218/1218/1199 1217/1217/1198
f 1221/1221/1202 1222/1222/1203 1223/1223/1204
f 1224/1224/1205 1222/1222/1203 1221/1221/1202
f 1225/1225/1206 1226/1226/1207 1227/1227/1208
f 1228/1228/1209 1226/1226/1207 1225/1225/1206
f 1229/1229/1210 1230/1230/1211 1231/1231/1212
f 1232/1232/1213 1230/1230/1211 1229/1229/1210
f 1233/1233/1214 1234/1234/1215 1235/1235/1216
f 1236/1236/1217 1234/1234/1215 1233/1233/1214
f 1237/1237/1218 1238/1238/1219 1239/1239/1220
f 1240/1240/1221 1238/1238/1219 1237/1237/1218
f 1241/1241/1222 1242/1242/1223 1243/1243/1224
f 1244/1244/1225 1242/1242/1223 1241/1241/1222
f 1245/1245/1226 1246/1246/1227 1247/1247/1228
f 1248/1248/1229 1246/1246/1227 1245/1245/1226
f 1249/1249/1230 1250/1250/1231 1251/1251/1232
f 1252/1252/1233 1250/1250/1231 1249/1249/1230
f 1253/1253/1234 1254/1254/1235 1255/1255/1236
f 1256/1256/1237 1254/1254/1235 1253/1253/1234
f 1257/1257/1238 1258/1258/1239 1259/1259/1240
f 1260/1260/1241 1258/1258/1239 1257/1257/1238
f 1261/1261/1242 1262/1262/1243 1263/1263/1244
f 1261/1261/1242 1264/1264/1245 1262/1262/1243
f 1265/1265/1246 1266/1266/1247 1267/1267/1248
f 1265/1265/1246 1268/1268/1249 1266/1266/1247
f 1269/1269/1250 1270/1270/1251 1271/1271/1252
f 1269/1269/1250 1272/1272/1253 1270/1270/1251
f 1273/1273/1254 1274/1274/1255 1275/1275/1256
f 1276/1276/1257 1274/1274/1255 1273/1273/1254
f 1277/1277/1258 1278/1278/1259 1279/1279/1260
f 1280/1280/1261 1278/1278/1259 1277/1277/1258
f 1281/1281/1262 1282/1282/1263 1283/1283/1264
f 1284/1284/1265 1282/1282/1263 1281/1281/1262
f 1285/1285/1266 1286/1286/1267 1287/1287/1268
f 1288/1288/1269 1286/1286/1267 1285/1285/1266
f 1289/1289/1270 1290/1290/1271 1291/1291/1272
f 1292/1292/1273 1290/1290/1271 1289/1289/1270
f 1293/1293/1274 1294/1294/1275 1295/1295/1276
f 1296/1296/1277 1294/1294/1275 1293/1293/1274
f 1297/1297/1278 1298/1298/1279 1299/1299/1280
f 1297/1297/1278 1300/1300/1281 1298/1298/1279
f 1301/1301/1282 1302/1302/1283 1303/1303/1284
f 1301/1301/1282 1304/1304/1285 1302/1302/1283
f 1305/1305/1286 1306/1306/1287 1307/1307/1288
f 1305/1305/1286 1308/1308/1289 1306/1306/1287
f 1309/1309/1290 1310/1310/1291 1311/1311/1292
f 1312/1312/1293 1310/1310/1291 1309/1309/1290
f 1313/1313/1294 1314/1314/1295 1315/1315/1296
f 1316/1316/1297 1314/1314/1295 1313/1313/1294
f 1317/1317/1298 1318/1318/1299 1319/1319/1300
f 1320/1320/1301 1318/1318/1299 1317/1317/1298
f 1321/1321/1302 1322/1322/1303 1323/1323/1304
f 1324/1324/1305 1322/1322/1303 1321/1321/1302
f 1325/1325/1306 1326/1326/1307 1327/1327/1308
f 1328/1328/1309 1326/1326/1307 1325/1325/1306
f 1329/1329/1310 1330/1330/1311 1331/1331/1312
f 1332/1332/1313 1330/1330/1311 1329/1329/1310
f 1333/1333/1314 1334/1334/1315 1335/1335/1316
f 1333/1333/1314 1336/1336/1317 1334/1334/1315
f 1337/1337/1318 1338/1338/1319 1339/1339/1320
f 1337/1337/1318 1340/1340/1321 1338/1338/1319
f 1341/1341/1322 1342/1342/1323 1343/1343/1324
f 1341/1341/1322 1344/1344/1325 1342/1342/1323
f 1345/1345/319 1346/1346/1326 1347/1347/541
f 1348/1348/1327 1346/1346/1326 1345/1345/319
f 1349/1349/1328 1350/1350/1329 1351/1351/1330
f 1352/1352/1331 1350/1350/1329 1349/1349/1328
f 1353/1353/1332 1354/1354/1333 1355/1355/1334
f 1356/1356/1335 1354/1354/1333 1353/1353/1332
f 1357/1357/1336 1358/1358/1337 1359/1359/1338
f 1360/1360/1339 1358/1358/1337 1357/1357/1336
f 1361/1361/1340 1362/1362/1341 1363/1363/1342
f 1364/1364/1343 1362/1362/1341 1361/1361/1340
f 1365/1365/1344 1366/1366/1345 1367/1367/1346
f 1368/1368/1347 1366/1366/1345 1365/1365/1344
f 1369/1369/1348 1370/1370/1349 1371/1371/1350
f 1369/1369/1348 1372/1372/1351 1370/1370/1349
f 1373/1373/1352 1374/1374/1353 1375/1375/1354
f 1373/1373/1352 1376/1376/1355 1374/1374/1353
f 1377/1377/1356 1378/1378/1357 1379/1379/1358
f 1377/1377/1356 1380/1380/1359 1378/1378/1357
f 1381/1381/1360 1382/1382/1361 1383/1383/1362
f 1384/1384/1363 1382/1382/1361 1381/1381/1360
f 1385/1385/1364 1386/1386/1365 1387/1387/1366
f 1388/1388/1367 1386/1386/1365 1385/1385/1364
f 1389/1389/1368 1390/1390/1369 1391/1391/1370
f 1392/1392/1371 1390/1390/1369 1389/1389/1368
f 1393/1393/1372 1394/1394/1373 1395/1395/1374
f 1396/1396/1375 1394/1394/1373 1393/1393/1372
f 1397/1397/1376 1398/1398/1377 1399/1399/1378
f 1400/1400/1379 1398/1398/1377 1397/1397/1376
f 1401/1401/1380 1402/1402/1292 1403/1403/1381
f 1404/1404/1290 1402/1402/1292 1401/1401/1380
f 1405/1405/1382 1406/1406/1383 1407/1407/1384
f 1405/1405/1382 1408/1408/1385 1406/1406/1383
f 1409/1409/1386 1410/1410/1387 1411/1411/1388
f 1409/1409/1386 1412/1412/1389 1410/1410/1387
f 1413/1413/1390 1414/1414/1391 1415/1415/1392
f 1416/1416/1393 1414/1414/1391 1413/1413/1390
f 1417/1417/471 1418/1418/1394 1419/1419/1395
f 1417/1417/471 1420/1420/342 1418/1418/1394
f 1421/1421/1396 1422/1422/1397 1423/1423/1398
f 1421/1421/1396 1424/1424/1399 1422/1422/1397
f 1425/1425/1400 1426/1426/1401 1427/1427/1402
f 1425/1425/1400 1428/1428/1403 1426/1426/1401
f 1429/1429/1404 1430/1430/1405 1431/1431/1406
f 1432/1432/1407 1430/1430/1405 1429/1429/1404
f 1433/1433/1408 1434/1434/1409 1435/1435/1410
f 1436/1436/1411 1434/1434/1409 1433/1433/1408
f 1437/1437/1412 1438/1438/1413 1439/1439/1414
f 1440/1440/1415 1438/1438/1413 1437/1437/1412
f 1441/1441/1416 1442/1442/1417 1443/1443/1418
f 1441/1441/1416 1444/1444/1419 1442/1442/1417
f 1445/1445/1420 1446/1446/1421 1447/1447/1422
f 1445/1445/1420 1448/1448/1423 1446/1446/1421
f 1449/1449/1424 1450/1450/1425 1451/1451/1426
f 1452/1452/1427 1450/1450/1425 1449/1449/1424
f 1453/1453/1428 1454/1454/1429 1455/1455/1430
f 1453/1453/1428 1456/1456/1431 1454/1454/1429
f 1457/1457/1432 1458/1458/1433 1459/1459/1434
f 1457/1457/1432 1460/1460/1435 1458/1458/1433
f 1461/1461/1436 1462/1462/1437 1463/1463/1438
f 1461/1461/1436 1464/1464/1439 1462/1462/1437
f 1465/1465/1440 1466/1466/1441 1467/1467/1442
f 1468/1468/1443 1466/1466/1441 1465/1465/1440
f 1469/1469/1444 1470/1470/1445 1471/1471/1446
f 1469/1469/1444 1472/1472/1447 1470/1470/1445
f 1473/1473/1448 1474/1474/1449 1475/1475/1450
f 1473/1473/1448 1476/1476/1451 1474/1474/1449
f 1477/1477/1452 1478/1478/188 1479/1479/1453
f 1480/1480/934 1478/1478/188 1477/1477/1452
f 1481/1481/1454 1482/1482/1455 1483/1483/1456
f 1481/1481/1454 1484/1484/1457 1482/1482/1455
f 1485/1485/1458 1486/1486/1459 1487/1487/1460
f 1485/1485/1458 1488/1488/1461 1486/1486/1459
f 1489/1489/1462 1490/1490/1463 1491/1491/1464
f 1489/1489/1462 1492/1492/1465 1490/1490/1463
f 1493/1493/1466 1494/1494/1467 1495/1495/1468
f 1493/1493/1466 1496/1496/1469 1494/1494/1467
f 1497/1497/1470 1498/1498/1471 1499/1499/1472
f 1497/1497/1470 1500/1500/1473 1498/1498/1471
f 1501/1501/1474 1502/1502/718 1503/1503/261
f 1501/1501/1474 1504/1504/1475 1502/1502/718
f 1505/1505/1476 1506/1506/1477 1507/1507/1478
f 1505/1505/1476 1508/1508/1479 1506/1506/1477
f 1509/1509/1480 1510/1510/1481 1511/1511/1482
f 1509/1509/1480 1512/1512/1483 1510/1510/1481
f 1513/1513/1484 1514/1514/1461 1515/1515/1458
f 1513/1513/1484 1516/1516/1485 1514/1514/1461
f 1517/1517/1486 1518/1518/1487 1519/1519/1488
f 1517/1517/1486 1520/1520/1489 1518/1518/1487
f 1521/1521/1490 1522/1522/1491 1523/1523/1492
f 1521/1521/1490 1524/1524/1493 1522/1522/1491
f 1525/1525/1494 1526/1526/1495 1527/1527/1496
f 1525/1525/1494 1528/1528/1497 1526/1526/1495
f 1529/1529/1498 1530/1530/1499 1531/1531/1500
f 1529/1529/1498 1532/1532/1501 1530/1530/1499
f 1533/1533/1502 1534/1534/1503 1535/1535/1504
f 1533/1533/1502 1536/1536/1505 1534/1534/1503
f 1532/1532/1501 1535/1535/1504 1530/1530/1499
f 1532/1532/1501 1533/1533/1502 1535/1535/1504
f 386/386/375 1533/1533/1502 1532/1532/1501
f 386/386/375 383/383/372 1533/1533/1502
f 383/383/372 1536/1536/1505 1533/1533/1502
f 383/383/372 382/382/371 1536/1536/1505
f 420/420/409 1531/1531/1500 418/418/407
f 420/420/409 1529/1529/1498 1531/1531/1500
f 378/378/367 1529/1529/1498 420/420/409
f 378/378/367 387/387/376 1529/1529/1498
f 387/387/376 1532/1532/1501 1529/1529/1498
f 387/387/376 386/386/375 1532/1532/1501
f 376/376/365 1527/1527/1496 374/374/363
f 376/376/365 1525/1525/1494 1527/1527/1496
f 418/418/407 1525/1525/1494 376/376/365
f 418/418/407 1531/1531/1500 1525/1525/1494
f 1531/1531/1500 1528/1528/1497 1525/1525/1494
f 1531/1531/1500 1530/1530/1499 1528/1528/1497
f 1520/1520/1489 1523/1523/1492 1518/1518/1487
f 1520/1520/1489 1521/1521/1490 1523/1523/1492
f 422/422/411 1521/1521/1490 1520/1520/1489
f 422/422/411 371/371/360 1521/1521/1490
f 371/371/360 1524/1524/1493 1521/1521/1490
f 371/371/360 370/370/359 1524/1524/1493
f 456/456/445 1519/1519/1488 454/454/443
f 456/456/445 1517/1517/1486 1519/1519/1488
f 366/366/355 1517/1517/1486 456/456/445
f 366/366/355 423/423/412 1517/1517/1486
f 423/423/412 1520/1520/1489 1517/1517/1486
f 423/423/412 422/422/411 1520/1520/1489
f 364/364/353 1515/1515/1458 362/362/328
f 364/364/353 1513/1513/1484 1515/1515/1458
f 454/454/443 1513/1513/1484 364/364/353
f 454/454/443 1519/1519/1488 1513/1513/1484
f 1519/1519/1488 1516/1516/1485 1513/1513/1484
f 1519/1519/1488 1518/1518/1487 1516/1516/1485
f 1508/1508/1479 1511/1511/1482 1506/1506/1477
f 1508/1508/1479 1509/1509/1480 1511/1511/1482
f 458/458/447 1509/1509/1480 1508/1508/1479
f 458/458/447 359/359/350 1509/1509/1480
f 359/359/350 1512/1512/1483 1509/1509/1480
f 359/359/350 358/358/349 1512/1512/1483
f 492/492/480 1507/1507/1478 490/490/478
f 492/492/480 1505/1505/1476 1507/1507/1478
f 354/354/345 1505/1505/1476 492/492/480
f 354/354/345 459/459/448 1505/1505/1476
f 459/459/448 1508/1508/1479 1505/1505/1476
f 459/459/448 458/458/447 1508/1508/1479
f 352/352/343 1503/1503/261 350/350/258
f 352/352/343 1501/1501/1474 1503/1503/261
f 490/490/478 1501/1501/1474 352/352/343
f 490/490/478 1507/1507/1478 1501/1501/1474
f 1507/1507/1478 1504/1504/1475 1501/1501/1474
f 1507/1507/1478 1506/1506/1477 1504/1504/1475
f 1496/1496/1469 1499/1499/1472 1494/1494/1467
f 1496/1496/1469 1497/1497/1470 1499/1499/1472
f 494/494/482 1497/1497/1470 1496/1496/1469
f 494/494/482 347/347/339 1497/1497/1470
f 347/347/339 1500/1500/1473 1497/1497/1470
f 347/347/339 346/346/338 1500/1500/1473
f 528/528/516 1495/1495/1468 526/526/514
f 528/528/516 1493/1493/1466 1495/1495/1468
f 342/342/334 1493/1493/1466 528/528/516
f 342/342/334 495/495/483 1493/1493/1466
f 495/495/483 1496/1496/1469 1493/1493/1466
f 495/495/483 494/494/482 1496/1496/1469
f 340/340/332 1491/1491/1464 338/338/330
f 340/340/332 1489/1489/1462 1491/1491/1464
f 526/526/514 1489/1489/1462 340/340/332
f 526/526/514 1495/1495/1468 1489/1489/1462
f 1495/1495/1468 1492/1492/1465 1489/1489/1462
f 1495/1495/1468 1494/1494/1467 1492/1492/1465
f 1487/1487/1460 1484/1484/1457 1481/1481/1454
f 1487/1487/1460 1486/1486/1459 1484/1484/1457
f 334/334/326 1481/1481/1454 532/532/520
f 334/334/326 1487/1487/1460 1481/1481/1454
f 336/336/328 1487/1487/1460 334/334/326
f 336/336/328 1485/1485/1458 1487/1487/1460
f 1483/1483/1456 564/564/549 561/561/546
f 1482/1482/1455 564/564/549 1483/1483/1456
f 530/530/518 561/561/546 332/332/324
f 530/530/518 1483/1483/1456 561/561/546
f 532/532/520 1483/1483/1456 530/530/518
f 532/532/520 1481/1481/1454 1483/1483/1456
f 1479/1479/1453 328/328/190 325/325/318
f 1478/1478/188 328/328/190 1479/1479/1453
f 1482/1482/1455 325/325/318 564/564/549
f 1479/1479/1453 325/325/318 1482/1482/1455
f 1484/1484/1457 1479/1479/1453 1482/1482/1455
f 1477/1477/1452 1479/1479/1453 1484/1484/1457
f 1471/1471/1446 1476/1476/1451 1473/1473/1448
f 1471/1471/1446 1470/1470/1445 1476/1476/1451
f 1470/1470/1445 321/321/314 1476/1476/1451
f 1470/1470/1445 567/567/552 321/321/314
f 1476/1476/1451 323/323/316 1474/1474/1449
f 1476/1476/1451 321/321/314 323/323/316
f 599/599/584 1472/1472/1447 1469/1469/1444
f 598/598/583 1472/1472/1447 599/599/584
f 598/598/583 565/565/550 1472/1472/1447
f 598/598/583 319/319/312 565/565/550
f 1472/1472/1447 567/567/552 1470/1470/1445
f 1472/1472/1447 565/565/550 567/567/552
f 315/315/308 1468/1468/1443 1465/1465/1440
f 314/314/307 1468/1468/1443 315/315/308
f 314/314/307 1469/1469/1444 1468/1468/1443
f 599/599/584 1469/1469/1444 314/314/307
f 1468/1468/1443 1471/1471/1446 1466/1466/1441
f 1469/1469/1444 1471/1471/1446 1468/1468/1443
f 1460/1460/1435 1463/1463/1438 1458/1458/1433
f 1460/1460/1435 1461/1461/1436 1463/1463/1438
f 602/602/587 1461/1461/1436 1460/1460/1435
f 602/602/587 311/311/304 1461/1461/1436
f 311/311/304 1464/1464/1439 1461/1461/1436
f 311/311/304 310/310/303 1464/1464/1439
f 636/636/621 1459/1459/1434 634/634/619
f 636/636/621 1457/1457/1432 1459/1459/1434
f 306/306/299 1457/1457/1432 636/636/621
f 306/306/299 603/603/588 1457/1457/1432
f 603/603/588 1460/1460/1435 1457/1457/1432
f 603/603/588 602/602/587 1460/1460/1435
f 304/304/297 1455/1455/1430 302/302/295
f 304/304/297 1453/1453/1428 1455/1455/1430
f 634/634/619 1453/1453/1428 304/304/297
f 634/634/619 1459/1459/1434 1453/1453/1428
f 1459/1459/1434 1456/1456/1431 1453/1453/1428
f 1459/1459/1434 1458/1458/1433 1456/1456/1431
f 1451/1451/1426 1448/1448/1423 1445/1445/1420
f 1450/1450/1425 1448/1448/1423 1451/1451/1426
f 298/298/291 1445/1445/1420 640/640/625
f 1451/1451/1426 1445/1445/1420 298/298/291
f 300/300/293 1451/1451/1426 298/298/291
f 1449/1449/1424 1451/1451/1426 300/300/293
f 1447/1447/1422 672/672/657 669/669/654
f 1447/1447/1422 1446/1446/1421 672/672/657
f 638/638/623 669/669/654 296/296/289
f 638/638/623 1447/1447/1422 669/669/654
f 640/640/625 1447/1447/1422 638/638/623
f 1445/1445/1420 1447/1447/1422 640/640/625
f 1443/1443/1418 292/292/285 289/289/282
f 1443/1443/1418 1442/1442/1417 292/292/285
f 1446/1446/1421 289/289/282 672/672/657
f 1446/1446/1421 1443/1443/1418 289/289/282
f 1448/1448/1423 1443/1443/1418 1446/1446/1421
f 1448/1448/1423 1441/1441/1416 1443/1443/1418
f 1440/1440/1415 1435/1435/1410 1438/1438/1413
f 1433/1433/1408 1435/1435/1410 1440/1440/1415
f 1438/1438/1413 673/673/658 288/288/281
f 1435/1435/1410 673/673/658 1438/1438/1413
f 1439/1439/1414 288/288/281 285/285/278
f 1438/1438/1413 288/288/281 1439/1439/1414
f 1436/1436/1411 707/707/692 1434/1434/1409
f 705/705/690 707/707/692 1436/1436/1411
f 1434/1434/1409 281/281/274 676/676/661
f 707/707/692 281/281/274 1434/1434/1409
f 1435/1435/1410 676/676/661 673/673/658
f 1434/1434/1409 676/676/661 1435/1435/1410
f 1432/1432/1407 279/279/272 1430/1430/1405
f 277/277/270 279/279/272 1432/1432/1407
f 1430/1430/1405 705/705/690 1436/1436/1411
f 279/279/272 705/705/690 1430/1430/1405
f 1431/1431/1406 1436/1436/1411 1433/1433/1408
f 1430/1430/1405 1436/1436/1411 1431/1431/1406
f 1428/1428/1403 1423/1423/1398 1426/1426/1401
f 1428/1428/1403 1421/1421/1396 1423/1423/1398
f 1426/1426/1401 709/709/694 276/276/269
f 1426/1426/1401 1423/1423/1398 709/709/694
f 1427/1427/1402 276/276/269 273/273/266
f 1427/1427/1402 1426/1426/1401 276/276/269
f 1424/1424/1399 743/743/727 1422/1422/1397
f 1424/1424/1399 741/741/725 743/743/727
f 1422/1422/1397 269/269/262 712/712/697
f 1422/1422/1397 743/743/727 269/269/262
f 1423/1423/1398 712/712/697 709/709/694
f 1423/1423/1398 1422/1422/1397 712/712/697
f 1420/1420/342 267/267/260 1418/1418/1394
f 1420/1420/342 265/265/258 267/267/260
f 1418/1418/1394 741/741/725 1424/1424/1399
f 1418/1418/1394 267/267/260 741/741/725
f 1419/1419/1395 1424/1424/1399 1421/1421/1396
f 1419/1419/1395 1418/1418/1394 1424/1424/1399
f 1411/1411/1388 1416/1416/1393 1413/1413/1390
f 1410/1410/1387 1416/1416/1393 1411/1411/1388
f 1410/1410/1387 261/261/254 1416/1416/1393
f 747/747/731 261/261/254 1410/1410/1387
f 1416/1416/1393 263/263/256 1414/1414/1391
f 261/261/254 263/263/256 1416/1416/1393
f 779/779/763 1412/1412/1389 1409/1409/1386
f 779/779/763 778/778/762 1412/1412/1389
f 778/778/762 745/745/729 1412/1412/1389
f 778/778/762 259/259/252 745/745/729
f 1412/1412/1389 747/747/731 1410/1410/1387
f 745/745/729 747/747/731 1412/1412/1389
f 255/255/248 1408/1408/1385 1405/1405/1382
f 255/255/248 254/254/247 1408/1408/1385
f 254/254/247 1409/1409/1386 1408/1408/1385
f 254/254/247 779/779/763 1409/1409/1386
f 1408/1408/1385 1411/1411/1388 1406/1406/1383
f 1408/1408/1385 1409/1409/1386 1411/1411/1388
f 1400/1400/1379 1403/1403/1381 1398/1398/1377
f 1401/1401/1380 1403/1403/1381 1400/1400/1379
f 782/782/766 1401/1401/1380 1400/1400/1379
f 251/251/245 1401/1401/1380 782/782/766
f 251/251/245 1404/1404/1290 1401/1401/1380
f 250/250/154 1404/1404/1290 251/251/245
f 816/816/800 1399/1399/1378 814/814/798
f 1397/1397/1376 1399/1399/1378 816/816/800
f 246/246/241 1397/1397/1376 816/816/800
f 783/783/767 1397/1397/1376 246/246/241
f 783/783/767 1400/1400/1379 1397/1397/1376
f 782/782/766 1400/1400/1379 783/783/767
f 244/244/239 1395/1395/1374 242/242/237
f 1393/1393/1372 1395/1395/1374 244/244/239
f 814/814/798 1393/1393/1372 244/244/239
f 1399/1399/1378 1393/1393/1372 814/814/798
f 1399/1399/1378 1396/1396/1375 1393/1393/1372
f 1398/1398/1377 1396/1396/1375 1399/1399/1378
f 1387/1387/1366 1392/1392/1371 1389/1389/1368
f 1386/1386/1365 1392/1392/1371 1387/1387/1366
f 1386/1386/1365 237/237/232 1392/1392/1371
f 819/819/803 237/237/232 1386/1386/1365
f 1392/1392/1371 239/239/234 1390/1390/1369
f 237/237/232 239/239/234 1392/1392/1371
f 851/851/835 1388/1388/1367 1385/1385/1364
f 850/850/834 1388/1388/1367 851/851/835
f 850/850/834 817/817/801 1388/1388/1367
f 235/235/230 817/817/801 850/850/834
f 1388/1388/1367 819/819/803 1386/1386/1365
f 817/817/801 819/819/803 1388/1388/1367
f 231/231/226 1384/1384/1363 1381/1381/1360
f 230/230/225 1384/1384/1363 231/231/226
f 230/230/225 1385/1385/1364 1384/1384/1363
f 851/851/835 1385/1385/1364 230/230/225
f 1384/1384/1363 1387/1387/1366 1382/1382/1361
f 1385/1385/1364 1387/1387/1366 1384/1384/1363
f 1376/1376/1355 1379/1379/1358 1374/1374/1353
f 1376/1376/1355 1377/1377/1356 1379/1379/1358
f 854/854/838 1377/1377/1356 1376/1376/1355
f 854/854/838 227/227/222 1377/1377/1356
f 227/227/222 1380/1380/1359 1377/1377/1356
f 227/227/222 226/226/221 1380/1380/1359
f 888/888/872 1375/1375/1354 886/886/870
f 888/888/872 1373/1373/1352 1375/1375/1354
f 222/222/217 1373/1373/1352 888/888/872
f 222/222/217 855/855/839 1373/1373/1352
f 855/855/839 1376/1376/1355 1373/1373/1352
f 855/855/839 854/854/838 1376/1376/1355
f 220/220/215 1371/1371/1350 218/218/213
f 220/220/215 1369/1369/1348 1371/1371/1350
f 886/886/870 1369/1369/1348 220/220/215
f 886/886/870 1375/1375/1354 1369/1369/1348
f 1375/1375/1354 1372/1372/1351 1369/1369/1348
f 1375/1375/1354 1374/1374/1353 1372/1372/1351
f 1363/1363/1342 1368/1368/1347 1365/1365/1344
f 1362/1362/1341 1368/1368/1347 1363/1363/1342
f 1362/1362/1341 213/213/208 1368/1368/1347
f 891/891/875 213/213/208 1362/1362/1341
f 1368/1368/1347 215/215/210 1366/1366/1345
f 213/213/208 215/215/210 1368/1368/1347
f 923/923/907 1364/1364/1343 1361/1361/1340
f 922/922/906 1364/1364/1343 923/923/907
f 922/922/906 889/889/873 1364/1364/1343
f 211/211/206 889/889/873 922/922/906
f 1364/1364/1343 891/891/875 1362/1362/1341
f 889/889/873 891/891/875 1364/1364/1343
f 207/207/202 1360/1360/1339 1357/1357/1336
f 206/206/201 1360/1360/1339 207/207/202
f 206/206/201 1361/1361/1340 1360/1360/1339
f 923/923/907 1361/1361/1340 206/206/201
f 1360/1360/1339 1363/1363/1342 1358/1358/1337
f 1361/1361/1340 1363/1363/1342 1360/1360/1339
f 1351/1351/1330 1356/1356/1335 1353/1353/1332
f 1350/1350/1329 1356/1356/1335 1351/1351/1330
f 1350/1350/1329 201/201/196 1356/1356/1335
f 927/927/911 201/201/196 1350/1350/1329
f 1356/1356/1335 203/203/198 1354/1354/1333
f 201/201/196 203/203/198 1356/1356/1335
f 959/959/942 1352/1352/1331 1349/1349/1328
f 958/958/941 1352/1352/1331 959/959/942
f 958/958/941 925/925/909 1352/1352/1331
f 199/199/194 925/925/909 958/958/941
f 1352/1352/1331 927/927/911 1350/1350/1329
f 925/925/909 927/927/911 1352/1352/1331
f 195/195/190 1348/1348/1327 1345/1345/319
f 194/194/189 1348/1348/1327 195/195/190
f 194/194/189 1349/1349/1328 1348/1348/1327
f 959/959/942 1349/1349/1328 194/194/189
f 1348/1348/1327 1351/1351/1330 1346/1346/1326
f 1349/1349/1328 1351/1351/1330 1348/1348/1327
f 1340/1340/1321 1343/1343/1324 1338/1338/1319
f 1340/1340/1321 1341/1341/1322 1343/1343/1324
f 962/962/945 1341/1341/1322 1340/1340/1321
f 962/962/945 191/191/186 1341/1341/1322
f 191/191/186 1344/1344/1325 1341/1341/1322
f 191/191/186 190/190/185 1344/1344/1325
f 996/996/979 1339/1339/1320 994/994/977
f 996/996/979 1337/1337/1318 1339/1339/1320
f 186/186/181 1337/1337/1318 996/996/979
f 186/186/181 963/963/946 1337/1337/1318
f 963/963/946 1340/1340/1321 1337/1337/1318
f 963/963/946 962/962/945 1340/1340/1321
f 184/184/179 1335/1335/1316 182/182/177
f 184/184/179 1333/1333/1314 1335/1335/1316
f 994/994/977 1333/1333/1314 184/184/179
f 994/994/977 1339/1339/1320 1333/1333/1314
f 1339/1339/1320 1336/1336/1317 1333/1333/1314
f 1339/1339/1320 1338/1338/1319 1336/1336/1317
f 1327/1327/1308 1332/1332/1313 1329/1329/1310
f 1326/1326/1307 1332/1332/1313 1327/1327/1308
f 1326/1326/1307 177/177/172 1332/1332/1313
f 999/999/982 177/177/172 1326/1326/1307
f 1332/1332/1313 179/179/174 1330/1330/1311
f 177/177/172 179/179/174 1332/1332/1313
f 1031/1031/1014 1328/1328/1309 1325/1325/1306
f 1030/1030/1013 1328/1328/1309 1031/1031/1014
f 1030/1030/1013 997/997/980 1328/1328/1309
f 175/175/170 997/997/980 1030/1030/1013
f 1328/1328/1309 999/999/982 1326/1326/1307
f 997/997/980 999/999/982 1328/1328/1309
f 171/171/166 1324/1324/1305 1321/1321/1302
f 170/170/165 1324/1324/1305 171/171/166
f 170/170/165 1325/1325/1306 1324/1324/1305
f 1031/1031/1014 1325/1325/1306 170/170/165
f 1324/1324/1305 1327/1327/1308 1322/1322/1303
f 1325/1325/1306 1327/1327/1308 1324/1324/1305
f 1315/1315/1296 1320/1320/1301 1317/1317/1298
f 1314/1314/1295 1320/1320/1301 1315/1315/1296
f 1314/1314/1295 165/165/160 1320/1320/1301
f 1035/1035/1018 165/165/160 1314/1314/1295
f 1320/1320/1301 167/167/162 1318/1318/1299
f 165/165/160 167/167/162 1320/1320/1301
f 1067/1067/1048 1316/1316/1297 1313/1313/1294
f 1066/1066/1047 1316/1316/1297 1067/1067/1048
f 1066/1066/1047 1033/1033/1016 1316/1316/1297
f 163/163/158 1033/1033/1016 1066/1066/1047
f 1316/1316/1297 1035/1035/1018 1314/1314/1295
f 1033/1033/1016 1035/1035/1018 1316/1316/1297
f 159/159/154 1312/1312/1293 1309/1309/1290
f 158/158/153 1312/1312/1293 159/159/154
f 158/158/153 1313/1313/1294 1312/1312/1293
f 1067/1067/1048 1313/1313/1294 158/158/153
f 1312/1312/1293 1315/1315/1296 1310/1310/1291
f 1313/1313/1294 1315/1315/1296 1312/1312/1293
f 1304/1304/1285 1307/1307/1288 1302/1302/1283
f 1304/1304/1285 1305/1305/1286 1307/1307/1288
f 1070/1070/1051 1305/1305/1286 1304/1304/1285
f 1070/1070/1051 155/155/150 1305/1305/1286
f 155/155/150 1308/1308/1289 1305/1305/1286
f 155/155/150 154/154/149 1308/1308/1289
f 1104/1104/1085 1303/1303/1284 1102/1102/1083
f 1104/1104/1085 1301/1301/1282 1303/1303/1284
f 150/150/145 1301/1301/1282 1104/1104/1085
f 150/150/145 1071/1071/1052 1301/1301/1282
f 1071/1071/1052 1304/1304/1285 1301/1301/1282
f 1071/1071/1052 1070/1070/1051 1304/1304/1285
f 148/148/143 1299/1299/1280 146/146/141
f 148/148/143 1297/1297/1278 1299/1299/1280
f 1102/1102/1083 1297/1297/1278 148/148/143
f 1102/1102/1083 1303/1303/1284 1297/1297/1278
f 1303/1303/1284 1300/1300/1281 1297/1297/1278
f 1303/1303/1284 1302/1302/1283 1300/1300/1281
f 1291/1291/1272 1296/1296/1277 1293/1293/1274
f 1290/1290/1271 1296/1296/1277 1291/1291/1272
f 1290/1290/1271 141/141/136 1296/1296/1277
f 1107/1107/1088 141/141/136 1290/1290/1271
f 1296/1296/1277 143/143/138 1294/1294/1275
f 141/141/136 143/143/138 1296/1296/1277
f 1139/1139/1120 1292/1292/1273 1289/1289/1270
f 1138/1138/1119 1292/1292/1273 1139/1139/1120
f 1138/1138/1119 1105/1105/1086 1292/1292/1273
f 139/139/134 1105/1105/1086 1138/1138/1119
f 1292/1292/1273 1107/1107/1088 1290/1290/1271
f 1105/1105/1086 1107/1107/1088 1292/1292/1273
f 135/135/130 1288/1288/1269 1285/1285/1266
f 134/134/129 1288/1288/1269 135/135/130
f 134/134/129 1289/1289/1270 1288/1288/1269
f 1139/1139/1120 1289/1289/1270 134/134/129
f 1288/1288/1269 1291/1291/1272 1286/1286/1267
f 1289/1289/1270 1291/1291/1272 1288/1288/1269
f 1279/1279/1260 1284/1284/1265 1281/1281/1262
f 1278/1278/1259 1284/1284/1265 1279/1279/1260
f 1278/1278/1259 129/129/124 1284/1284/1265
f 1143/1143/1124 129/129/124 1278/1278/1259
f 1284/1284/1265 131/131/126 1282/1282/1263
f 129/129/124 131/131/126 1284/1284/1265
f 1175/1175/1156 1280/1280/1261 1277/1277/1258
f 1174/1174/1155 1280/1280/1261 1175/1175/1156
f 1174/1174/1155 1141/1141/1122 1280/1280/1261
f 127/127/122 1141/1141/1122 1174/1174/1155
f 1280/1280/1261 1143/1143/1124 1278/1278/1259
f 1141/1141/1122 1143/1143/1124 1280/1280/1261
f 123/123/118 1276/1276/1257 1273/1273/1254
f 122/122/117 1276/1276/1257 123/123/118
f 122/122/117 1277/1277/1258 1276/1276/1257
f 1175/1175/1156 1277/1277/1258 122/122/117
f 1276/1276/1257 1279/1279/1260 1274/1274/1255
f 1277/1277/1258 1279/1279/1260 1276/1276/1257
f 1268/1268/1249 1271/1271/1252 1266/1266/1247
f 1268/1268/1249 1269/1269/1250 1271/1271/1252
f 1178/1178/1159 1269/1269/1250 1268/1268/1249
f 1178/1178/1159 119/119/114 1269/1269/1250
f 119/119/114 1272/1272/1253 1269/1269/1250
f 119/119/114 118/118/113 1272/1272/1253
f 1212/1212/1193 1267/1267/1248 1210/1210/1191
f 1212/1212/1193 1265/1265/1246 1267/1267/1248
f 114/114/109 1265/1265/1246 1212/1212/1193
f 114/114/109 1179/1179/1160 1265/1265/1246
f 1179/1179/1160 1268/1268/1249 1265/1265/1246
f 1179/1179/1160 1178/1178/1159 1268/1268/1249
f 112/112/107 1263/1263/1244 110/110/105
f 112/112/107 1261/1261/1242 1263/1263/1244
f 1210/1210/1191 1261/1261/1242 112/112/107
f 1210/1210/1191 1267/1267/1248 1261/1261/1242
f 1267/1267/1248 1264/1264/1245 1261/1261/1242
f 1267/1267/1248 1266/1266/1247 1264/1264/1245
f 1255/1255/1236 1260/1260/1241 1257/1257/1238
f 1254/1254/1235 1260/1260/1241 1255/1255/1236
f 1254/1254/1235 105/105/100 1260/1260/1241
f 1215/1215/1196 105/105/100 1254/1254/1235
f 1260/1260/1241 107/107/102 1258/1258/1239
f 105/105/100 107/107/102 1260/1260/1241
f 1247/1247/1228 1256/1256/1237 1253/1253/1234
f 1246/1246/1227 1256/1256/1237 1247/1247/1228
f 1246/1246/1227 1213/1213/1194 1256/1256/1237
f 103/103/98 1213/1213/1194 1246/1246/1227
f 1256/1256/1237 1215/1215/1196 1254/1254/1235
f 1213/1213/1194 1215/1215/1196 1256/1256/1237
f 99/99/94 1252/1252/1233 1249/1249/1230
f 98/98/93 1252/1252/1233 99/99/94
f 98/98/93 1253/1253/1234 1252/1252/1233
f 1247/1247/1228 1253/1253/1234 98/98/93
f 1252/1252/1233 1255/1255/1236 1250/1250/1231
f 1253/1253/1234 1255/1255/1236 1252/1252/1233
f 1243/1243/1224 1248/1248/1229 1245/1245/1226
f 1242/1242/1223 1248/1248/1229 1243/1243/1224
f 1242/1242/1223 101/101/96 1248/1248/1229
f 1227/1227/1208 101/101/96 1242/1242/1223
f 1248/1248/1229 103/103/98 1246/1246/1227
f 101/101/96 103/103/98 1248/1248/1229
f 1270/1270/1251 1244/1244/1225 1241/1241/1222
f 1272/1272/1253 1244/1244/1225 1270/1270/1251
f 1272/1272/1253 1225/1225/1206 1244/1244/1225
f 118/118/113 1225/1225/1206 1272/1272/1253
f 1244/1244/1225 1227/1227/1208 1242/1242/1223
f 1225/1225/1206 1227/1227/1208 1244/1244/1225
f 90/90/85 1240/1240/1221 1237/1237/1218
f 92/92/87 1240/1240/1221 90/90/85
f 92/92/87 1241/1241/1222 1240/1240/1221
f 1270/1270/1251 1241/1241/1222 92/92/87
f 1240/1240/1221 1243/1243/1224 1238/1238/1219
f 1241/1241/1222 1243/1243/1224 1240/1240/1221
f 1231/1231/1212 1236/1236/1217 1233/1233/1214
f 1230/1230/1211 1236/1236/1217 1231/1231/1212
f 1230/1230/1211 1537/1537/306 1236/1236/1217
f 1538/1538/576 1537/1537/306 1230/1230/1211
f 1236/1236/1217 1539/1539/308 1234/1234/1215
f 1537/1537/306 1539/1539/308 1236/1236/1217
f 1186/1186/1167 1232/1232/1213 1229/1229/1210
f 1188/1188/1169 1232/1232/1213 1186/1186/1167
f 1188/1188/1169 1540/1540/574 1232/1232/1213
f 1541/1541/24 1540/1540/574 1188/1188/1169
f 1232/1232/1213 1538/1538/576 1230/1230/1211
f 1540/1540/574 1538/1538/576 1232/1232/1213
f 118/118/113 1228/1228/1209 1225/1225/1206
f 120/120/115 1228/1228/1209 118/118/113
f 120/120/115 1229/1229/1210 1228/1228/1209
f 1186/1186/1167 1229/1229/1210 120/120/115
f 1228/1228/1209 1231/1231/1212 1226/1226/1207
f 1229/1229/1210 1231/1231/1212 1228/1228/1209
f 1219/1219/1200 1224/1224/1205 1221/1221/1202
f 1218/1218/1199 1224/1224/1205 1219/1219/1200
f 1218/1218/1199 1542/1542/19 1224/1224/1205
f 1543/1543/1442 1542/1542/19 1218/1218/1199
f 1224/1224/1205 1544/1544/21 1222/1222/1203
f 1542/1542/19 1544/1544/21 1224/1224/1205
f 1235/1235/1216 1220/1220/1201 1217/1217/1198
f 1234/1234/1215 1220/1220/1201 1235/1235/1216
f 1234/1234/1215 1545/1545/1440 1220/1220/1201
f 1539/1539/308 1545/1545/1440 1234/1234/1215
f 1220/1220/1201 1543/1543/1442 1218/1218/1199
f 1545/1545/1440 1543/1543/1442 1220/1220/1201
f 103/103/98 1216/1216/1197 1213/1213/1194
f 102/102/97 1216/1216/1197 103/103/98
f 102/102/97 1217/1217/1198 1216/1216/1197
f 1235/1235/1216 1217/1217/1198 102/102/97
f 1216/1216/1197 1219/1219/1200 1214/1214/1195
f 1217/1217/1198 1219/1219/1200 1216/1216/1197
f 1208/1208/1189 1211/1211/1192 1206/1206/1187
f 1208/1208/1189 1209/1209/1190 1211/1211/1192
f 1190/1190/1171 1209/1209/1190 1208/1208/1189
f 1190/1190/1171 115/115/110 1209/1209/1190
f 115/115/110 1212/1212/1193 1209/1209/1190
f 115/115/110 114/114/109 1212/1212/1193
f 1366/1366/1345 1207/1207/1188 1367/1367/1346
f 1366/1366/1345 1205/1205/1186 1207/1207/1188
f 215/215/210 1205/1205/1186 1366/1366/1345
f 215/215/210 1191/1191/1172 1205/1205/1186
f 1191/1191/1172 1208/1208/1189 1205/1205/1186
f 1191/1191/1172 1190/1190/1171 1208/1208/1189
f 58/58/56 1204/1204/1185 1201/1201/1182
f 60/60/58 1204/1204/1185 58/58/56
f 1367/1367/1346 1204/1204/1185 60/60/58
f 1367/1367/1346 1207/1207/1188 1204/1204/1185
f 1207/1207/1188 1202/1202/1183 1204/1204/1185
f 1207/1207/1188 1206/1206/1187 1202/1202/1183
f 1196/1196/1177 1199/1199/1180 1194/1194/1175
f 1196/1196/1177 1197/1197/1178 1199/1199/1180
f 1546/1546/611 1197/1197/1178 1196/1196/1177
f 1546/1546/611 1547/1547/296 1197/1197/1178
f 1547/1547/296 1200/1200/1181 1197/1197/1178
f 1547/1547/296 1548/1548/295 1200/1200/1181
f 898/898/882 1195/1195/1176 899/899/883
f 898/898/882 1193/1193/1174 1195/1195/1176
f 1549/1549/1506 1193/1193/1174 898/898/882
f 1549/1549/1506 1550/1550/612 1193/1193/1174
f 1550/1550/612 1196/1196/1177 1193/1193/1174
f 1550/1550/612 1546/1546/611 1196/1196/1177
f 214/214/209 1191/1191/1172 215/215/210
f 214/214/209 1189/1189/1170 1191/1191/1172
f 899/899/883 1189/1189/1170 214/214/209
f 899/899/883 1195/1195/1176 1189/1189/1170
f 1195/1195/1176 1192/1192/1173 1189/1189/1170
f 1195/1195/1176 1194/1194/1175 1192/1192/1173
f 1184/1184/1165 1187/1187/1168 1182/1182/1163
f 1184/1184/1165 1185/1185/1166 1187/1187/1168
f 1551/1551/1429 1185/1185/1166 1184/1184/1165
f 1551/1551/1429 1552/1552/25 1185/1185/1166
f 1552/1552/25 1188/1188/1169 1185/1185/1166
f 1552/1552/25 1541/1541/24 1188/1188/1169
f 1200/1200/1181 1183/1183/1164 1198/1198/1179
f 1200/1200/1181 1181/1181/1162 1183/1183/1164
f 1548/1548/295 1181/1181/1162 1200/1200/1181
f 1548/1548/295 1553/1553/1430 1181/1181/1162
f 1553/1553/1430 1184/1184/1165 1181/1181/1162
f 1553/1553/1430 1551/1551/1429 1184/1184/1165
f 116/116/111 1179/1179/1160 114/114/109
f 116/116/111 1177/1177/1158 1179/1179/1160
f 1198/1198/1179 1177/1177/1158 116/116/111
f 1198/1198/1179 1183/1183/1164 1177/1177/1158
f 1183/1183/1164 1180/1180/1161 1177/1177/1158
f 1183/1183/1164 1182/1182/1163 1180/1180/1161
f 1171/1171/1152 1176/1176/1157 1173/1173/1154
f 1170/1170/1151 1176/1176/1157 1171/1171/1152
f 1170/1170/1151 125/125/120 1176/1176/1157
f 1155/1155/1136 125/125/120 1170/1170/1151
f 1176/1176/1157 127/127/122 1174/1174/1155
f 125/125/120 127/127/122 1176/1176/1157
f 1498/1498/1471 1172/1172/1153 1169/1169/1150
f 1500/1500/1473 1172/1172/1153 1498/1498/1471
f 1500/1500/1473 1153/1153/1134 1172/1172/1153
f 346/346/338 1153/1153/1134 1500/1500/1473
f 1172/1172/1153 1155/1155/1136 1170/1170/1151
f 1153/1153/1134 1155/1155/1136 1172/1172/1153
f 14/14/14 1168/1168/1149 1165/1165/1146
f 16/16/16 1168/1168/1149 14/14/14
f 16/16/16 1169/1169/1150 1168/1168/1149
f 1498/1498/1471 1169/1169/1150 16/16/16
f 1168/1168/1149 1171/1171/1152 1166/1166/1147
f 1169/1169/1150 1171/1171/1152 1168/1168/1149
f 1159/1159/1140 1164/1164/1145 1161/1161/1142
f 1158/1158/1139 1164/1164/1145 1159/1159/1140
f 1158/1158/1139 111/111/106 1164/1164/1145
f 1203/1203/1184 111/111/106 1158/1158/1139
f 1164/1164/1145 110/110/105 1162/1162/1143
f 111/111/106 110/110/105 1164/1164/1145
f 502/502/490 1160/1160/1141 1157/1157/1138
f 504/504/492 1160/1160/1141 502/502/490
f 504/504/492 1201/1201/1182 1160/1160/1141
f 58/58/56 1201/1201/1182 504/504/492
f 1160/1160/1141 1203/1203/1184 1158/1158/1139
f 1201/1201/1182 1203/1203/1184 1160/1160/1141
f 346/346/338 1156/1156/1137 1153/1153/1134
f 348/348/340 1156/1156/1137 346/346/338
f 348/348/340 1157/1157/1138 1156/1156/1137
f 502/502/490 1157/1157/1138 348/348/340
f 1156/1156/1137 1159/1159/1140 1154/1154/1135
f 1157/1157/1138 1159/1159/1140 1156/1156/1137
f 1147/1147/1128 1152/1152/1133 1149/1149/1130
f 1146/1146/1127 1152/1152/1133 1147/1147/1128
f 1146/1146/1127 91/91/86 1152/1152/1133
f 1262/1262/1243 91/91/86 1146/1146/1127
f 1152/1152/1133 90/90/85 1150/1150/1131
f 91/91/86 90/90/85 1152/1152/1133
f 1163/1163/1144 1148/1148/1129 1145/1145/1126
f 1162/1162/1143 1148/1148/1129 1163/1163/1144
f 1162/1162/1143 1263/1263/1244 1148/1148/1129
f 110/110/105 1263/1263/1244 1162/1162/1143
f 1148/1148/1129 1262/1262/1243 1146/1146/1127
f 1263/1263/1244 1262/1262/1243 1148/1148/1129
f 127/127/122 1144/1144/1125 1141/1141/1122
f 126/126/121 1144/1144/1125 127/127/122
f 126/126/121 1145/1145/1126 1144/1144/1125
f 1163/1163/1144 1145/1145/1126 126/126/121
f 1144/1144/1125 1147/1147/1128 1142/1142/1123
f 1145/1145/1126 1147/1147/1128 1144/1144/1125
f 1135/1135/1116 1140/1140/1121 1137/1137/1118
f 1134/1134/1115 1140/1140/1121 1135/1135/1116
f 1134/1134/1115 137/137/132 1140/1140/1121
f 1119/1119/1100 137/137/132 1134/1134/1115
f 1140/1140/1121 139/139/134 1138/1138/1119
f 137/137/132 139/139/134 1140/1140/1121
f 1306/1306/1287 1136/1136/1117 1133/1133/1114
f 1308/1308/1289 1136/1136/1117 1306/1306/1287
f 1308/1308/1289 1117/1117/1098 1136/1136/1117
f 154/154/149 1117/1117/1098 1308/1308/1289
f 1136/1136/1117 1119/1119/1100 1134/1134/1115
f 1117/1117/1098 1119/1119/1100 1136/1136/1117
f 78/78/73 1132/1132/1113 1129/1129/1110
f 80/80/75 1132/1132/1113 78/78/73
f 80/80/75 1133/1133/1114 1132/1132/1113
f 1306/1306/1287 1133/1133/1114 80/80/75
f 1132/1132/1113 1135/1135/1116 1130/1130/1111
f 1133/1133/1114 1135/1135/1116 1132/1132/1113
f 1123/1123/1104 1128/1128/1109 1125/1125/1106
f 1122/1122/1103 1128/1128/1109 1123/1123/1104
f 1122/1122/1103 1554/1554/1414 1128/1128/1109
f 1555/1555/1412 1554/1554/1414 1122/1122/1103
f 1128/1128/1109 1556/1556/278 1126/1126/1107
f 1554/1554/1414 1556/1556/278 1128/1128/1109
f 1078/1078/1059 1124/1124/1105 1121/1121/1102
f 1080/1080/1061 1124/1124/1105 1078/1078/1059
f 1080/1080/1061 1557/1557/33 1124/1124/1105
f 1558/1558/31 1557/1557/33 1080/1080/1061
f 1124/1124/1105 1555/1555/1412 1122/1122/1103
f 1557/1557/33 1555/1555/1412 1124/1124/1105
f 154/154/149 1120/1120/1101 1117/1117/1098
f 156/156/151 1120/1120/1101 154/154/149
f 156/156/151 1121/1121/1102 1120/1120/1101
f 1078/1078/1059 1121/1121/1102 156/156/151
f 1120/1120/1101 1123/1123/1104 1118/1118/1099
f 1121/1121/1102 1123/1123/1104 1120/1120/1101
f 1111/1111/1092 1116/1116/1097 1113/1113/1094
f 1110/1110/1091 1116/1116/1097 1111/1111/1092
f 1110/1110/1091 1559/1559/668 1116/1116/1097
f 1560/1560/666 1559/1559/668 1110/1110/1091
f 1116/1116/1097 1561/1561/1507 1114/1114/1095
f 1559/1559/668 1561/1561/1507 1116/1116/1097
f 1127/1127/1108 1112/1112/1093 1109/1109/1090
f 1126/1126/1107 1112/1112/1093 1127/1127/1108
f 1126/1126/1107 1562/1562/280 1112/1112/1093
f 1556/1556/278 1562/1562/280 1126/1126/1107
f 1112/1112/1093 1560/1560/666 1110/1110/1091
f 1562/1562/280 1560/1560/666 1112/1112/1093
f 139/139/134 1108/1108/1089 1105/1105/1086
f 138/138/133 1108/1108/1089 139/139/134
f 138/138/133 1109/1109/1090 1108/1108/1089
f 1127/1127/1108 1109/1109/1090 138/138/133
f 1108/1108/1089 1111/1111/1092 1106/1106/1087
f 1109/1109/1090 1111/1111/1092 1108/1108/1089
f 1100/1100/1081 1103/1103/1084 1098/1098/1079
f 1100/1100/1081 1101/1101/1082 1103/1103/1084
f 1082/1082/1063 1101/1101/1082 1100/1100/1081
f 1082/1082/1063 151/151/146 1101/1101/1082
f 151/151/146 1104/1104/1085 1101/1101/1082
f 151/151/146 150/150/145 1104/1104/1085
f 1563/1563/1239 1099/1099/1080 1564/1564/1240
f 1563/1563/1239 1097/1097/1078 1099/1099/1080
f 1565/1565/102 1097/1097/1078 1563/1563/1239
f 1565/1565/102 1083/1083/1064 1097/1097/1078
f 1083/1083/1064 1100/1100/1081 1097/1097/1078
f 1083/1083/1064 1082/1082/1063 1100/1100/1081
f 1566/1566/89 1096/1096/1077 1093/1093/1074
f 1567/1567/91 1096/1096/1077 1566/1566/89
f 1564/1564/1240 1096/1096/1077 1567/1567/91
f 1564/1564/1240 1099/1099/1080 1096/1096/1077
f 1099/1099/1080 1094/1094/1075 1096/1096/1077
f 1099/1099/1080 1098/1098/1079 1094/1094/1075
f 1088/1088/1069 1091/1091/1072 1086/1086/1067
f 1088/1088/1069 1089/1089/1070 1091/1091/1072
f 1568/1568/1450 1089/1089/1070 1088/1088/1069
f 1568/1568/1450 1569/1569/1449 1089/1089/1070
f 1569/1569/1449 1092/1092/1073 1089/1089/1070
f 1569/1569/1449 1570/1570/316 1092/1092/1073
f 1571/1571/1203 1087/1087/1068 1572/1572/1204
f 1571/1571/1203 1085/1085/1066 1087/1087/1068
f 1573/1573/21 1085/1085/1066 1571/1571/1203
f 1573/1573/21 1574/1574/20 1085/1085/1066
f 1574/1574/20 1088/1088/1069 1085/1085/1066
f 1574/1574/20 1568/1568/1450 1088/1088/1069
f 1575/1575/101 1083/1083/1064 1565/1565/102
f 1575/1575/101 1081/1081/1062 1083/1083/1064
f 1572/1572/1204 1081/1081/1062 1575/1575/101
f 1572/1572/1204 1087/1087/1068 1081/1081/1062
f 1087/1087/1068 1084/1084/1065 1081/1081/1062
f 1087/1087/1068 1086/1086/1067 1084/1084/1065
f 1076/1076/1057 1079/1079/1060 1074/1074/1055
f 1076/1076/1057 1077/1077/1058 1079/1079/1060
f 1576/1576/560 1077/1077/1058 1076/1076/1057
f 1576/1576/560 1577/1577/559 1077/1077/1058
f 1577/1577/559 1080/1080/1061 1077/1077/1058
f 1577/1577/559 1558/1558/31 1080/1080/1061
f 1092/1092/1073 1075/1075/1056 1090/1090/1071
f 1092/1092/1073 1073/1073/1054 1075/1075/1056
f 1570/1570/316 1073/1073/1054 1092/1092/1073
f 1570/1570/316 1578/1578/315 1073/1073/1054
f 1578/1578/315 1076/1076/1057 1073/1073/1054
f 1578/1578/315 1576/1576/560 1076/1076/1057
f 152/152/147 1071/1071/1052 150/150/145
f 152/152/147 1069/1069/1050 1071/1071/1052
f 1090/1090/1071 1069/1069/1050 152/152/147
f 1090/1090/1071 1075/1075/1056 1069/1069/1050
f 1075/1075/1056 1072/1072/1053 1069/1069/1050
f 1075/1075/1056 1074/1074/1055 1072/1072/1053
f 1063/1063/1044 1068/1068/1049 1065/1065/1046
f 1062/1062/1043 1068/1068/1049 1063/1063/1044
f 1062/1062/1043 161/161/156 1068/1068/1049
f 1047/1047/1030 161/161/156 1062/1062/1043
f 1068/1068/1049 163/163/158 1066/1066/1047
f 161/161/156 163/163/158 1068/1068/1049
f 1579/1579/1503 1064/1064/1045 1061/1061/1042
f 1580/1580/1505 1064/1064/1045 1579/1579/1503
f 1580/1580/1505 1045/1045/1028 1064/1064/1045
f 1581/1581/371 1045/1045/1028 1580/1580/1505
f 1064/1064/1045 1047/1047/1030 1062/1062/1043
f 1045/1045/1028 1047/1047/1030 1064/1064/1045
f 1582/1582/2 1060/1060/1041 1057/1057/776
f 1583/1583/4 1060/1060/1041 1582/1582/2
f 1583/1583/4 1061/1061/1042 1060/1060/1041
f 1579/1579/1503 1061/1061/1042 1583/1583/4
f 1060/1060/1041 1063/1063/1044 1058/1058/1040
f 1061/1061/1042 1063/1063/1044 1060/1060/1041
f 1051/1051/1034 1056/1056/1039 1053/1053/1036
f 1050/1050/1033 1056/1056/1039 1051/1051/1034
f 1050/1050/1033 147/147/142 1056/1056/1039
f 1095/1095/1076 147/147/142 1050/1050/1033
f 1056/1056/1039 146/146/141 1054/1054/1037
f 147/147/142 146/146/141 1056/1056/1039
f 1584/1584/383 1052/1052/1035 1049/1049/1032
f 1585/1585/385 1052/1052/1035 1584/1584/383
f 1585/1585/385 1093/1093/1074 1052/1052/1035
f 1566/1566/89 1093/1093/1074 1585/1585/385
f 1052/1052/1035 1095/1095/1076 1050/1050/1033
f 1093/1093/1074 1095/1095/1076 1052/1052/1035
f 1581/1581/371 1048/1048/1031 1045/1045/1028
f 1586/1586/373 1048/1048/1031 1581/1581/371
f 1586/1586/373 1049/1049/1032 1048/1048/1031
f 1584/1584/383 1049/1049/1032 1586/1586/373
f 1048/1048/1031 1051/1051/1034 1046/1046/1029
f 1049/1049/1032 1051/1051/1034 1048/1048/1031
f 1039/1039/1022 1044/1044/1027 1041/1041/1024
f 1038/1038/1021 1044/1044/1027 1039/1039/1022
f 1038/1038/1021 79/79/74 1044/1044/1027
f 1298/1298/1279 79/79/74 1038/1038/1021
f 1044/1044/1027 78/78/73 1042/1042/1025
f 79/79/74 78/78/73 1044/1044/1027
f 1055/1055/1038 1040/1040/1023 1037/1037/1020
f 1054/1054/1037 1040/1040/1023 1055/1055/1038
f 1054/1054/1037 1299/1299/1280 1040/1040/1023
f 146/146/141 1299/1299/1280 1054/1054/1037
f 1040/1040/1023 1298/1298/1279 1038/1038/1021
f 1299/1299/1280 1298/1298/1279 1040/1040/1023
f 163/163/158 1036/1036/1019 1033/1033/1016
f 162/162/157 1036/1036/1019 163/163/158
f 162/162/157 1037/1037/1020 1036/1036/1019
f 1055/1055/1038 1037/1037/1020 162/162/157
f 1036/1036/1019 1039/1039/1022 1034/1034/1017
f 1037/1037/1020 1039/1039/1022 1036/1036/1019
f 1027/1027/1010 1032/1032/1015 1029/1029/1012
f 1026/1026/1009 1032/1032/1015 1027/1027/1010
f 1026/1026/1009 173/173/168 1032/1032/1015
f 1011/1011/994 173/173/168 1026/1026/1009
f 1032/1032/1015 175/175/170 1030/1030/1013
f 173/173/168 175/175/170 1032/1032/1015
f 1342/1342/1323 1028/1028/1011 1025/1025/1008
f 1344/1344/1325 1028/1028/1011 1342/1342/1323
f 1344/1344/1325 1009/1009/992 1028/1028/1011
f 190/190/185 1009/1009/992 1344/1344/1325
f 1028/1028/1011 1011/1011/994 1026/1026/1009
f 1009/1009/992 1011/1011/994 1028/1028/1011
f 66/66/63 1024/1024/1007 1021/1021/1004
f 68/68/65 1024/1024/1007 66/66/63
f 68/68/65 1025/1025/1008 1024/1024/1007
f 1342/1342/1323 1025/1025/1008 68/68/65
f 1024/1024/1007 1027/1027/1010 1022/1022/1005
f 1025/1025/1008 1027/1027/1010 1024/1024/1007
f 1015/1015/998 1020/1020/1003 1017/1017/1000
f 1014/1014/997 1020/1020/1003 1015/1015/998
f 1014/1014/997 1587/1587/1508 1020/1020/1003
f 1588/1588/1509 1587/1587/1508 1014/1014/997
f 1020/1020/1003 1589/1589/1510 1018/1018/1001
f 1587/1587/1508 1589/1589/1510 1020/1020/1003
f 970/970/953 1016/1016/999 1013/1013/996
f 972/972/955 1016/1016/999 970/970/953
f 972/972/955 1590/1590/1511 1016/1016/999
f 1591/1591/1512 1590/1590/1511 972/972/955
f 1016/1016/999 1588/1588/1509 1014/1014/997
f 1590/1590/1511 1588/1588/1509 1016/1016/999
f 190/190/185 1012/1012/995 1009/1009/992
f 192/192/187 1012/1012/995 190/190/185
f 192/192/187 1013/1013/996 1012/1012/995
f 970/970/953 1013/1013/996 192/192/187
f 1012/1012/995 1015/1015/998 1010/1010/993
f 1013/1013/996 1015/1015/998 1012/1012/995
f 1003/1003/986 1008/1008/991 1005/1005/988
f 1002/1002/985 1008/1008/991 1003/1003/986
f 1002/1002/985 1592/1592/1513 1008/1008/991
f 1593/1593/1514 1592/1592/1513 1002/1002/985
f 1008/1008/991 1594/1594/1515 1006/1006/989
f 1592/1592/1513 1594/1594/1515 1008/1008/991
f 1019/1019/1002 1004/1004/987 1001/1001/984
f 1018/1018/1001 1004/1004/987 1019/1019/1002
f 1018/1018/1001 1595/1595/1516 1004/1004/987
f 1589/1589/1510 1595/1595/1516 1018/1018/1001
f 1004/1004/987 1593/1593/1514 1002/1002/985
f 1595/1595/1516 1593/1593/1514 1004/1004/987
f 175/175/170 1000/1000/983 997/997/980
f 174/174/169 1000/1000/983 175/175/170
f 174/174/169 1001/1001/984 1000/1000/983
f 1019/1019/1002 1001/1001/984 174/174/169
f 1000/1000/983 1003/1003/986 998/998/981
f 1001/1001/984 1003/1003/986 1000/1000/983
f 992/992/975 995/995/978 990/990/973
f 992/992/975 993/993/976 995/995/978
f 974/974/957 993/993/976 992/992/975
f 974/974/957 187/187/182 993/993/976
f 187/187/182 996/996/979 993/993/976
f 187/187/182 186/186/181 996/996/979
f 1294/1294/1275 991/991/974 1295/1295/1276
f 1294/1294/1275 989/989/972 991/991/974
f 143/143/138 989/989/972 1294/1294/1275
f 143/143/138 975/975/958 989/989/972
f 975/975/958 992/992/975 989/989/972
f 975/975/958 974/974/957 992/992/975
f 82/82/77 988/988/971 985/985/968
f 84/84/79 988/988/971 82/82/77
f 1295/1295/1276 988/988/971 84/84/79
f 1295/1295/1276 991/991/974 988/988/971
f 991/991/974 986/986/969 988/988/971
f 991/991/974 990/990/973 986/986/969
f 980/980/963 983/983/966 978/978/961
f 980/980/963 981/981/964 983/983/966
f 1596/1596/1517 981/981/964 980/980/963
f 1596/1596/1517 1597/1597/1518 981/981/964
f 1597/1597/1518 984/984/967 981/981/964
f 1597/1597/1518 1598/1598/1519 984/984/967
f 1114/1114/1095 979/979/962 1115/1115/1096
f 1114/1114/1095 977/977/960 979/979/962
f 1561/1561/1507 977/977/960 1114/1114/1095
f 1561/1561/1507 1599/1599/1520 977/977/960
f 1599/1599/1520 980/980/963 977/977/960
f 1599/1599/1520 1596/1596/1517 980/980/963
f 142/142/137 975/975/958 143/143/138
f 142/142/137 973/973/956 975/975/958
f 1115/1115/1096 973/973/956 142/142/137
f 1115/1115/1096 979/979/962 973/973/956
f 979/979/962 976/976/959 973/973/956
f 979/979/962 978/978/961 976/976/959
f 968/968/951 971/971/954 966/966/949
f 968/968/951 969/969/952 971/971/954
f 1600/1600/1521 969/969/952 968/968/951
f 1600/1600/1521 1601/1601/1522 969/969/952
f 1601/1601/1522 972/972/955 969/969/952
f 1601/1601/1522 1591/1591/1512 972/972/955
f 984/984/967 967/967/950 982/982/965
f 984/984/967 965/965/948 967/967/950
f 1598/1598/1519 965/965/948 984/984/967
f 1598/1598/1519 1602/1602/1523 965/965/948
f 1602/1602/1523 968/968/951 965/965/948
f 1602/1602/1523 1600/1600/1521 968/968/951
f 188/188/183 963/963/946 186/186/181
f 188/188/183 961/961/944 963/963/946
f 982/982/965 961/961/944 188/188/183
f 982/982/965 967/967/950 961/961/944
f 967/967/950 964/964/947 961/961/944
f 967/967/950 966/966/949 964/964/947
f 955/955/938 960/960/943 957/957/940
f 954/954/937 960/960/943 955/955/938
f 954/954/937 197/197/192 960/960/943
f 939/939/923 197/197/192 954/954/937
f 960/960/943 199/199/194 958/958/941
f 197/197/192 199/199/194 960/960/943
f 1522/1522/1491 956/956/939 953/953/936
f 1524/1524/1493 956/956/939 1522/1522/1491
f 1524/1524/1493 937/937/921 956/956/939
f 370/370/359 937/937/921 1524/1524/1493
f 956/956/939 939/939/923 954/954/937
f 937/937/921 939/939/923 956/956/939
f 6/6/6 952/952/935 949/949/17
f 8/8/8 952/952/935 6/6/6
f 8/8/8 953/953/936 952/952/935
f 1522/1522/1491 953/953/936 8/8/8
f 952/952/935 955/955/938 950/950/933
f 953/953/936 955/955/938 952/952/935
f 943/943/927 948/948/932 945/945/929
f 942/942/926 948/948/932 943/943/927
f 942/942/926 183/183/178 948/948/932
f 987/987/970 183/183/178 942/942/926
f 948/948/932 182/182/177 946/946/930
f 183/183/178 182/182/177 948/948/932
f 430/430/419 944/944/928 941/941/925
f 432/432/421 944/944/928 430/430/419
f 432/432/421 985/985/968 944/944/928
f 82/82/77 985/985/968 432/432/421
f 944/944/928 987/987/970 942/942/926
f 985/985/968 987/987/970 944/944/928
f 370/370/359 940/940/924 937/937/921
f 372/372/361 940/940/924 370/370/359
f 372/372/361 941/941/925 940/940/924
f 430/430/419 941/941/925 372/372/361
f 940/940/924 943/943/927 938/938/922
f 941/941/925 943/943/927 940/940/924
f 931/931/915 936/936/920 933/933/917
f 930/930/914 936/936/920 931/931/915
f 930/930/914 67/67/64 936/936/920
f 1334/1334/1315 67/67/64 930/930/914
f 936/936/920 66/66/63 934/934/918
f 67/67/64 66/66/63 936/936/920
f 947/947/931 932/932/916 929/929/913
f 946/946/930 932/932/916 947/947/931
f 946/946/930 1335/1335/1316 932/932/916
f 182/182/177 1335/1335/1316 946/946/930
f 932/932/916 1334/1334/1315 930/930/914
f 1335/1335/1316 1334/1334/1315 932/932/916
f 199/199/194 928/928/912 925/925/909
f 198/198/193 928/928/912 199/199/194
f 198/198/193 929/929/913 928/928/912
f 947/947/931 929/929/913 198/198/193
f 928/928/912 931/931/915 926/926/910
f 929/929/913 931/931/915 928/928/912
f 919/919/903 924/924/908 921/921/905
f 918/918/902 924/924/908 919/919/903
f 918/918/902 209/209/204 924/924/908
f 903/903/887 209/209/204 918/918/902
f 924/924/908 211/211/206 922/922/906
f 209/209/204 211/211/206 924/924/908
f 1378/1378/1357 920/920/904 917/917/901
f 1380/1380/1359 920/920/904 1378/1378/1357
f 1380/1380/1359 901/901/885 920/920/904
f 226/226/221 901/901/885 1380/1380/1359
f 920/920/904 903/903/887 918/918/902
f 901/901/885 903/903/887 920/920/904
f 54/54/52 916/916/900 913/913/897
f 56/56/54 916/916/900 54/54/52
f 56/56/54 917/917/901 916/916/900
f 1378/1378/1357 917/917/901 56/56/54
f 916/916/900 919/919/903 914/914/898
f 917/917/901 919/919/903 916/916/900
f 907/907/891 912/912/896 909/909/893
f 906/906/890 912/912/896 907/907/891
f 906/906/890 1603/1603/1524 912/912/896
f 1604/1604/1525 1603/1603/1524 906/906/890
f 912/912/896 1605/1605/1526 910/910/894
f 1603/1603/1524 1605/1605/1526 912/912/896
f 862/862/846 908/908/892 905/905/889
f 864/864/848 908/908/892 862/862/846
f 864/864/848 1606/1606/1527 908/908/892
f 1607/1607/1528 1606/1606/1527 864/864/848
f 908/908/892 1604/1604/1525 906/906/890
f 1606/1606/1527 1604/1604/1525 908/908/892
f 226/226/221 904/904/888 901/901/885
f 228/228/223 904/904/888 226/226/221
f 228/228/223 905/905/889 904/904/888
f 862/862/846 905/905/889 228/228/223
f 904/904/888 907/907/891 902/902/886
f 905/905/889 907/907/891 904/904/888
f 895/895/879 900/900/884 897/897/881
f 894/894/878 900/900/884 895/895/879
f 894/894/878 1608/1608/1529 900/900/884
f 1609/1609/1530 1608/1608/1529 894/894/878
f 900/900/884 1549/1549/1506 898/898/882
f 1608/1608/1529 1549/1549/1506 900/900/884
f 911/911/895 896/896/880 893/893/877
f 910/910/894 896/896/880 911/911/895
f 910/910/894 1610/1610/1531 896/896/880
f 1605/1605/1526 1610/1610/1531 910/910/894
f 896/896/880 1609/1609/1530 894/894/878
f 1610/1610/1531 1609/1609/1530 896/896/880
f 211/211/206 892/892/876 889/889/873
f 210/210/205 892/892/876 211/211/206
f 210/210/205 893/893/877 892/892/876
f 911/911/895 893/893/877 210/210/205
f 892/892/876 895/895/879 890/890/874
f 893/893/877 895/895/879 892/892/876
f 884/884/868 887/887/871 882/882/866
f 884/884/868 885/885/869 887/887/871
f 866/866/850 885/885/869 884/884/868
f 866/866/850 223/223/218 885/885/869
f 223/223/218 888/888/872 885/885/869
f 223/223/218 222/222/217 888/888/872
f 1330/1330/1311 883/883/867 1331/1331/1312
f 1330/1330/1311 881/881/865 883/883/867
f 179/179/174 881/881/865 1330/1330/1311
f 179/179/174 867/867/851 881/881/865
f 867/867/851 884/884/868 881/881/865
f 867/867/851 866/866/850 884/884/868
f 70/70/67 880/880/864 877/877/861
f 72/72/69 880/880/864 70/70/67
f 1331/1331/1312 880/880/864 72/72/69
f 1331/1331/1312 883/883/867 880/880/864
f 883/883/867 878/878/862 880/880/864
f 883/883/867 882/882/866 878/878/862
f 872/872/856 875/875/859 870/870/854
f 872/872/856 873/873/857 875/875/859
f 1611/1611/1532 873/873/857 872/872/856
f 1611/1611/1532 1612/1612/1533 873/873/857
f 1612/1612/1533 876/876/860 873/873/857
f 1612/1612/1533 1613/1613/1534 876/876/860
f 1006/1006/989 871/871/855 1007/1007/990
f 1006/1006/989 869/869/853 871/871/855
f 1594/1594/1515 869/869/853 1006/1006/989
f 1594/1594/1515 1614/1614/1535 869/869/853
f 1614/1614/1535 872/872/856 869/869/853
f 1614/1614/1535 1611/1611/1532 872/872/856
f 178/178/173 867/867/851 179/179/174
f 178/178/173 865/865/849 867/867/851
f 1007/1007/990 865/865/849 178/178/173
f 1007/1007/990 871/871/855 865/865/849
f 871/871/855 868/868/852 865/865/849
f 871/871/855 870/870/854 868/868/852
f 860/860/844 863/863/847 858/858/842
f 860/860/844 861/861/845 863/863/847
f 1615/1615/1536 861/861/845 860/860/844
f 1615/1615/1536 1616/1616/1537 861/861/845
f 1616/1616/1537 864/864/848 861/861/845
f 1616/1616/1537 1607/1607/1528 864/864/848
f 876/876/860 859/859/843 874/874/858
f 876/876/860 857/857/841 859/859/843
f 1613/1613/1534 857/857/841 876/876/860
f 1613/1613/1534 1617/1617/1538 857/857/841
f 1617/1617/1538 860/860/844 857/857/841
f 1617/1617/1538 1615/1615/1536 860/860/844
f 224/224/219 855/855/839 222/222/217
f 224/224/219 853/853/837 855/855/839
f 874/874/858 853/853/837 224/224/219
f 874/874/858 859/859/843 853/853/837
f 859/859/843 856/856/840 853/853/837
f 859/859/843 858/858/842 856/856/840
f 847/847/831 852/852/836 849/849/833
f 846/846/830 852/852/836 847/847/831
f 846/846/830 233/233/228 852/852/836
f 831/831/815 233/233/228 846/846/830
f 852/852/836 235/235/230 850/850/834
f 233/233/228 235/235/230 852/852/836
f 1510/1510/1481 848/848/832 845/845/829
f 1512/1512/1483 848/848/832 1510/1510/1481
f 1512/1512/1483 829/829/813 848/848/832
f 358/358/349 829/829/813 1512/1512/1483
f 848/848/832 831/831/815 846/846/830
f 829/829/813 831/831/815 848/848/832
f 10/10/10 844/844/828 841/841/825
f 12/12/12 844/844/828 10/10/10
f 12/12/12 845/845/829 844/844/828
f 1510/1510/1481 845/845/829 12/12/12
f 844/844/828 847/847/831 842/842/826
f 845/845/829 847/847/831 844/844/828
f 835/835/819 840/840/824 837/837/821
f 834/834/818 840/840/824 835/835/819
f 834/834/818 219/219/214 840/840/824
f 879/879/863 219/219/214 834/834/818
f 840/840/824 218/218/213 838/838/822
f 219/219/214 218/218/213 840/840/824
f 466/466/455 836/836/820 833/833/817
f 468/468/457 836/836/820 466/466/455
f 468/468/457 877/877/861 836/836/820
f 70/70/67 877/877/861 468/468/457
f 836/836/820 879/879/863 834/834/818
f 877/877/861 879/879/863 836/836/820
f 358/358/349 832/832/816 829/829/813
f 360/360/351 832/832/816 358/358/349
f 360/360/351 833/833/817 832/832/816
f 466/466/455 833/833/817 360/360/351
f 832/832/816 835/835/819 830/830/814
f 833/833/817 835/835/819 832/832/816
f 823/823/807 828/828/812 825/825/809
f 822/822/806 828/828/812 823/823/807
f 822/822/806 55/55/53 828/828/812
f 1370/1370/1349 55/55/53 822/822/806
f 828/828/812 54/54/52 826/826/810
f 55/55/53 54/54/52 828/828/812
f 839/839/823 824/824/808 821/821/805
f 838/838/822 824/824/808 839/839/823
f 838/838/822 1371/1371/1350 824/824/808
f 218/218/213 1371/1371/1350 838/838/822
f 824/824/808 1370/1370/1349 822/822/806
f 1371/1371/1350 1370/1370/1349 824/824/808
f 235/235/230 820/820/804 817/817/801
f 234/234/229 820/820/804 235/235/230
f 234/234/229 821/821/805 820/820/804
f 839/839/823 821/821/805 234/234/229
f 820/820/804 823/823/807 818/818/802
f 821/821/805 823/823/807 820/820/804
f 812/812/796 815/815/799 810/810/794
f 813/813/797 815/815/799 812/812/796
f 794/794/778 813/813/797 812/812/796
f 794/794/778 247/247/242 813/813/797
f 247/247/242 816/816/800 813/813/797
f 246/246/241 816/816/800 247/247/242
f 1414/1414/1391 811/811/795 1415/1415/1392
f 1414/1414/1391 809/809/793 811/811/795
f 263/263/256 809/809/793 1414/1414/1391
f 263/263/256 795/795/779 809/809/793
f 795/795/779 812/812/796 809/809/793
f 795/795/779 794/794/778 812/812/796
f 42/42/40 807/807/791 43/43/41
f 805/805/789 807/807/791 42/42/40
f 1415/1415/1392 805/805/789 42/42/40
f 1415/1415/1392 811/811/795 805/805/789
f 811/811/795 808/808/792 805/805/789
f 810/810/794 808/808/792 811/811/795
f 800/800/784 803/803/787 798/798/782
f 800/800/784 801/801/785 803/803/787
f 410/410/399 801/801/785 800/800/784
f 410/410/399 375/375/364 801/801/785
f 375/375/364 804/804/788 801/801/785
f 375/375/364 374/374/363 804/804/788
f 754/754/738 799/799/783 755/755/739
f 754/754/738 797/797/781 799/799/783
f 87/87/82 797/797/781 754/754/738
f 87/87/82 411/411/400 797/797/781
f 411/411/400 800/800/784 797/797/781
f 411/411/400 410/410/399 800/800/784
f 262/262/255 795/795/779 263/263/256
f 262/262/255 793/793/777 795/795/779
f 755/755/739 793/793/777 262/262/255
f 755/755/739 799/799/783 793/793/777
f 799/799/783 796/796/780 793/793/777
f 799/799/783 798/798/782 796/796/780
f 788/788/772 791/791/775 786/786/770
f 789/789/773 791/791/775 788/788/772
f 1526/1526/1495 789/789/773 788/788/772
f 1526/1526/1495 3/3/3 789/789/773
f 3/3/3 792/792/776 789/789/773
f 2/2/2 792/792/776 3/3/3
f 804/804/788 787/787/771 802/802/786
f 804/804/788 785/785/769 787/787/771
f 374/374/363 785/785/769 804/804/788
f 374/374/363 1527/1527/1496 785/785/769
f 1527/1527/1496 788/788/772 785/785/769
f 1527/1527/1496 1526/1526/1495 788/788/772
f 248/248/243 783/783/767 246/246/241
f 781/781/765 783/783/767 248/248/243
f 802/802/786 781/781/765 248/248/243
f 802/802/786 787/787/771 781/781/765
f 787/787/771 784/784/768 781/781/765
f 786/786/770 784/784/768 787/787/771
f 775/775/759 780/780/764 777/777/761
f 775/775/759 774/774/758 780/780/764
f 774/774/758 257/257/250 780/780/764
f 774/774/758 759/759/743 257/257/250
f 780/780/764 259/259/252 778/778/762
f 780/780/764 257/257/250 259/259/252
f 1618/1618/506 776/776/760 773/773/757
f 1618/1618/506 1619/1619/331 776/776/760
f 1619/1619/331 757/757/741 776/776/760
f 1619/1619/331 1620/1620/330 757/757/741
f 776/776/760 759/759/743 774/774/758
f 776/776/760 757/757/741 759/759/743
f 1621/1621/49 772/772/756 769/769/753
f 1621/1621/49 1622/1622/507 772/772/756
f 1622/1622/507 773/773/757 772/772/756
f 1622/1622/507 1618/1618/506 773/773/757
f 772/772/756 775/775/759 770/770/754
f 772/772/756 773/773/757 775/775/759
f 763/763/747 768/768/752 765/765/749
f 762/762/746 768/768/752 763/763/747
f 762/762/746 121/121/116 768/768/752
f 1167/1167/1148 121/121/116 762/762/746
f 768/768/752 123/123/118 766/766/750
f 121/121/116 123/123/118 768/768/752
f 1623/1623/1463 764/764/748 761/761/745
f 1623/1623/1463 1624/1624/15 764/764/748
f 1624/1624/15 1165/1165/1146 764/764/748
f 14/14/14 1165/1165/1146 1624/1624/15
f 764/764/748 1167/1167/1148 762/762/746
f 1165/1165/1146 1167/1167/1148 764/764/748
f 1620/1620/330 760/760/744 757/757/741
f 1620/1620/330 1625/1625/1464 760/760/744
f 1625/1625/1464 761/761/745 760/760/744
f 1625/1625/1464 1623/1623/1463 761/761/745
f 760/760/744 763/763/747 758/758/742
f 760/760/744 761/761/745 763/763/747
f 751/751/735 756/756/740 753/753/737
f 750/750/734 756/756/740 751/751/735
f 750/750/734 85/85/80 756/756/740
f 1275/1275/1256 85/85/80 750/750/734
f 756/756/740 87/87/82 754/754/738
f 85/85/80 87/87/82 756/756/740
f 767/767/751 752/752/736 749/749/733
f 766/766/750 752/752/736 767/767/751
f 766/766/750 1273/1273/1254 752/752/736
f 123/123/118 1273/1273/1254 766/766/750
f 752/752/736 1275/1275/1256 750/750/734
f 1273/1273/1254 1275/1275/1256 752/752/736
f 259/259/252 748/748/732 745/745/729
f 258/258/251 748/748/732 259/259/252
f 258/258/251 749/749/733 748/748/732
f 767/767/751 749/749/733 258/258/251
f 748/748/732 751/751/735 746/746/730
f 749/749/733 751/751/735 748/748/732
f 744/744/728 739/739/723 742/742/726
f 737/737/721 739/739/723 744/744/728
f 742/742/726 721/721/706 272/272/265
f 739/739/723 721/721/706 742/742/726
f 743/743/727 272/272/265 269/269/262
f 742/742/726 272/272/265 743/743/727
f 740/740/724 1626/1626/224 738/738/722
f 1627/1627/827 1626/1626/224 740/740/724
f 738/738/722 1628/1628/226 724/724/709
f 1626/1626/224 1628/1628/226 738/738/722
f 739/739/723 724/724/709 721/721/706
f 738/738/722 724/724/709 739/739/723
f 736/736/11 1629/1629/825 734/734/719
f 736/736/11 1630/1630/10 1629/1629/825
f 734/734/719 1627/1627/827 740/740/724
f 1629/1629/825 1627/1627/827 734/734/719
f 735/735/720 740/740/724 737/737/721
f 734/734/719 740/740/724 735/735/720
f 732/732/717 727/727/712 730/730/715
f 725/725/710 727/727/712 732/732/717
f 730/730/715 771/771/755 253/253/246
f 727/727/712 771/771/755 730/730/715
f 731/731/716 253/253/246 255/255/248
f 730/730/715 253/253/246 731/731/716
f 728/728/713 1631/1631/47 726/726/711
f 1632/1632/1362 1631/1631/47 728/728/713
f 726/726/711 1621/1621/49 769/769/753
f 1631/1631/47 1621/1621/49 726/726/711
f 727/727/712 769/769/753 771/771/755
f 726/726/711 769/769/753 727/727/712
f 724/724/709 1633/1633/1360 722/722/707
f 1628/1628/226 1633/1633/1360 724/724/709
f 722/722/707 1632/1632/1362 728/728/713
f 1633/1633/1360 1632/1632/1362 722/722/707
f 723/723/708 728/728/713 725/725/710
f 722/722/707 728/728/713 723/723/708
f 720/720/705 715/715/700 718/718/703
f 713/713/698 715/715/700 720/720/705
f 718/718/703 1407/1407/1384 41/41/39
f 715/715/700 1407/1407/1384 718/718/703
f 719/719/704 41/41/39 43/43/41
f 718/718/703 41/41/39 719/719/704
f 716/716/701 731/731/716 714/714/699
f 729/729/714 731/731/716 716/716/701
f 714/714/699 255/255/248 1405/1405/1382
f 731/731/716 255/255/248 714/714/699
f 715/715/700 1405/1405/1382 1407/1407/1384
f 714/714/699 1405/1405/1382 715/715/700
f 712/712/697 271/271/264 710/710/695
f 269/269/262 271/271/264 712/712/697
f 710/710/695 729/729/714 716/716/701
f 271/271/264 729/729/714 710/710/695
f 711/711/696 716/716/701 713/713/698
f 710/710/695 716/716/701 711/711/696
f 708/708/693 703/703/688 706/706/691
f 701/701/686 703/703/688 708/708/693
f 706/706/691 685/685/670 284/284/277
f 706/706/691 703/703/688 685/685/670
f 707/707/692 284/284/277 281/281/274
f 706/706/691 284/284/277 707/707/692
f 704/704/689 1449/1449/1424 702/702/687
f 704/704/689 1452/1452/1427 1449/1449/1424
f 702/702/687 300/300/293 688/688/673
f 702/702/687 1449/1449/1424 300/300/293
f 703/703/688 688/688/673 685/685/670
f 703/703/688 702/702/687 688/688/673
f 700/700/685 29/29/27 698/698/683
f 32/32/30 29/29/27 700/700/685
f 698/698/683 1452/1452/1427 704/704/689
f 698/698/683 29/29/27 1452/1452/1427
f 699/699/684 704/704/689 701/701/686
f 698/698/683 704/704/689 699/699/684
f 696/696/681 691/691/676 694/694/679
f 696/696/681 689/689/674 691/691/676
f 694/694/679 1600/1600/1521 1602/1602/1523
f 694/694/679 691/691/676 1600/1600/1521
f 695/695/680 1602/1602/1523 1598/1598/1519
f 695/695/680 694/694/679 1602/1602/1523
f 692/692/677 645/645/630 690/690/675
f 692/692/677 648/648/633 645/645/630
f 690/690/675 1591/1591/1512 1601/1601/1522
f 690/690/675 645/645/630 1591/1591/1512
f 691/691/676 1601/1601/1522 1600/1600/1521
f 691/691/676 690/690/675 1601/1601/1522
f 688/688/673 297/297/290 686/686/671
f 688/688/673 300/300/293 297/297/290
f 686/686/671 648/648/633 692/692/677
f 686/686/671 297/297/290 648/648/633
f 687/687/672 692/692/677 689/689/674
f 687/687/672 686/686/671 692/692/677
f 684/684/669 679/679/664 682/682/667
f 677/677/662 679/679/664 684/684/669
f 682/682/667 1596/1596/1517 1599/1599/1520
f 682/682/667 679/679/664 1596/1596/1517
f 683/683/668 1599/1599/1520 1561/1561/1507
f 683/683/668 682/682/667 1599/1599/1520
f 680/680/665 695/695/680 678/678/663
f 680/680/665 693/693/678 695/695/680
f 678/678/663 1598/1598/1519 1597/1597/1518
f 678/678/663 695/695/680 1598/1598/1519
f 679/679/664 1597/1597/1518 1596/1596/1517
f 679/679/664 678/678/663 1597/1597/1518
f 676/676/661 283/283/276 674/674/659
f 281/281/274 283/283/276 676/676/661
f 674/674/659 693/693/678 680/680/665
f 674/674/659 283/283/276 693/693/678
f 675/675/660 680/680/665 677/677/662
f 674/674/659 680/680/665 675/675/660
f 671/671/656 668/668/653 665/665/650
f 671/671/656 670/670/655 668/668/653
f 294/294/287 665/665/650 652/652/637
f 294/294/287 671/671/656 665/665/650
f 296/296/289 671/671/656 294/294/287
f 296/296/289 669/669/654 671/671/656
f 667/667/652 1634/1634/1536 1635/1635/1538
f 667/667/652 666/666/651 1634/1634/1536
f 650/650/635 1635/1635/1538 1636/1636/1534
f 650/650/635 667/667/652 1635/1635/1538
f 652/652/637 667/667/652 650/650/635
f 652/652/637 665/665/650 667/667/652
f 663/663/648 1637/1637/1528 1638/1638/1537
f 663/663/648 662/662/647 1637/1637/1528
f 666/666/651 1638/1638/1537 1634/1634/1536
f 666/666/651 663/663/648 1638/1638/1537
f 668/668/653 663/663/648 666/666/651
f 668/668/653 661/661/646 663/663/648
f 659/659/644 656/656/641 653/653/638
f 658/658/643 656/656/641 659/659/644
f 1595/1595/1516 653/653/638 1593/1593/1514
f 659/659/644 653/653/638 1595/1595/1516
f 1589/1589/1510 659/659/644 1595/1595/1516
f 657/657/642 659/659/644 1589/1589/1510
f 655/655/640 1639/1639/1532 1640/1640/1535
f 655/655/640 654/654/639 1639/1639/1532
f 1592/1592/1513 1640/1640/1535 1594/1594/1515
f 1592/1592/1513 655/655/640 1640/1640/1535
f 1593/1593/1514 655/655/640 1592/1592/1513
f 653/653/638 655/655/640 1593/1593/1514
f 651/651/636 1636/1636/1534 1641/1641/1533
f 651/651/636 650/650/635 1636/1636/1534
f 654/654/639 1641/1641/1533 1639/1639/1532
f 654/654/639 651/651/636 1641/1641/1533
f 656/656/641 651/651/636 654/654/639
f 656/656/641 649/649/634 651/651/636
f 647/647/632 644/644/629 641/641/626
f 646/646/631 644/644/629 647/647/632
f 1590/1590/1511 641/641/626 1588/1588/1509
f 647/647/632 641/641/626 1590/1590/1511
f 1591/1591/1512 647/647/632 1590/1590/1511
f 645/645/630 647/647/632 1591/1591/1512
f 643/643/628 660/660/645 657/657/642
f 642/642/627 660/660/645 643/643/628
f 1587/1587/1508 657/657/642 1589/1589/1510
f 643/643/628 657/657/642 1587/1587/1508
f 1588/1588/1509 643/643/628 1587/1587/1508
f 641/641/626 643/643/628 1588/1588/1509
f 639/639/624 296/296/289 293/293/286
f 638/638/623 296/296/289 639/639/624
f 642/642/627 293/293/286 660/660/645
f 639/639/624 293/293/286 642/642/627
f 644/644/629 639/639/624 642/642/627
f 637/637/622 639/639/624 644/644/629
f 632/632/617 635/635/620 630/630/615
f 633/633/618 635/635/620 632/632/617
f 614/614/599 633/633/618 632/632/617
f 307/307/300 633/633/618 614/614/599
f 307/307/300 636/636/621 633/633/618
f 306/306/299 636/636/621 307/307/300
f 1642/1642/1531 631/631/616 1643/1643/1530
f 629/629/614 631/631/616 1642/1642/1531
f 1644/1644/1526 629/629/614 1642/1642/1531
f 615/615/600 629/629/614 1644/1644/1526
f 615/615/600 632/632/617 629/629/614
f 614/614/599 632/632/617 615/615/600
f 1645/1645/1529 627/627/612 1646/1646/1506
f 625/625/610 627/627/612 1645/1645/1529
f 1643/1643/1530 625/625/610 1645/1645/1529
f 631/631/616 625/625/610 1643/1643/1530
f 631/631/616 628/628/613 625/625/610
f 630/630/615 628/628/613 631/631/616
f 620/620/605 623/623/608 618/618/603
f 621/621/606 623/623/608 620/620/605
f 664/664/649 621/621/606 620/620/605
f 290/290/283 621/621/606 664/664/649
f 290/290/283 624/624/609 621/621/606
f 292/292/285 624/624/609 290/290/283
f 1647/1647/1527 619/619/604 1648/1648/1525
f 617/617/602 619/619/604 1647/1647/1527
f 1637/1637/1528 617/617/602 1647/1647/1527
f 662/662/647 617/617/602 1637/1637/1528
f 662/662/647 620/620/605 617/617/602
f 664/664/649 620/620/605 662/662/647
f 1649/1649/1524 615/615/600 1644/1644/1526
f 613/613/598 615/615/600 1649/1649/1524
f 1648/1648/1525 613/613/598 1649/1649/1524
f 619/619/604 613/613/598 1648/1648/1525
f 619/619/604 616/616/601 613/613/598
f 618/618/603 616/616/601 619/619/604
f 608/608/593 611/611/596 606/606/591
f 609/609/594 611/611/596 608/608/593
f 1444/1444/1419 609/609/594 608/608/593
f 30/30/28 609/609/594 1444/1444/1419
f 30/30/28 612/612/597 609/609/594
f 32/32/30 612/612/597 30/30/28
f 624/624/609 607/607/592 622/622/607
f 605/605/590 607/607/592 624/624/609
f 292/292/285 605/605/590 624/624/609
f 1442/1442/1417 605/605/590 292/292/285
f 1442/1442/1417 608/608/593 605/605/590
f 1444/1444/1419 608/608/593 1442/1442/1417
f 308/308/301 603/603/588 306/306/299
f 601/601/586 603/603/588 308/308/301
f 622/622/607 601/601/586 308/308/301
f 607/607/592 601/601/586 622/622/607
f 607/607/592 604/604/589 601/601/586
f 606/606/591 604/604/589 607/607/592
f 595/595/580 600/600/585 597/597/582
f 594/594/579 600/600/585 595/595/580
f 594/594/579 317/317/310 600/600/585
f 579/579/564 317/317/310 594/594/579
f 600/600/585 319/319/312 598/598/583
f 317/317/310 319/319/312 600/600/585
f 1462/1462/1437 596/596/581 593/593/578
f 1464/1464/1439 596/596/581 1462/1462/1437
f 1464/1464/1439 577/577/562 596/596/581
f 310/310/303 577/577/562 1464/1464/1439
f 596/596/581 579/579/564 594/594/579
f 577/577/562 579/579/564 596/596/581
f 26/26/24 592/592/577 589/589/574
f 28/28/26 592/592/577 26/26/24
f 28/28/26 593/593/578 592/592/577
f 1462/1462/1437 593/593/578 28/28/26
f 592/592/577 595/595/580 590/590/575
f 593/593/578 595/595/580 592/592/577
f 583/583/568 588/588/573 585/585/570
f 583/583/568 582/582/567 588/588/573
f 582/582/567 280/280/273 588/588/573
f 582/582/567 697/697/682 280/280/273
f 588/588/573 277/277/270 586/586/571
f 588/588/573 280/280/273 277/277/270
f 610/610/595 584/584/569 581/581/566
f 612/612/597 584/584/569 610/610/595
f 612/612/597 700/700/685 584/584/569
f 612/612/597 32/32/30 700/700/685
f 584/584/569 697/697/682 582/582/567
f 584/584/569 700/700/685 697/697/682
f 310/310/303 580/580/565 577/577/562
f 312/312/305 580/580/565 310/310/303
f 312/312/305 581/581/566 580/580/565
f 610/610/595 581/581/566 312/312/305
f 580/580/565 583/583/568 578/578/563
f 581/581/566 583/583/568 580/580/565
f 571/571/556 576/576/561 573/573/558
f 571/571/556 570/570/555 576/576/561
f 570/570/555 36/36/34 576/576/561
f 570/570/555 1429/1429/1404 36/36/34
f 576/576/561 33/33/31 574/574/559
f 576/576/561 36/36/34 33/33/31
f 587/587/572 572/572/557 569/569/554
f 587/587/572 586/586/571 572/572/557
f 586/586/571 1432/1432/1407 572/572/557
f 586/586/571 277/277/270 1432/1432/1407
f 572/572/557 1429/1429/1404 570/570/555
f 572/572/557 1432/1432/1407 1429/1429/1404
f 319/319/312 568/568/553 565/565/550
f 319/319/312 318/318/311 568/568/553
f 318/318/311 569/569/554 568/568/553
f 318/318/311 587/587/572 569/569/554
f 568/568/553 571/571/556 566/566/551
f 568/568/553 569/569/554 571/571/556
f 563/563/548 560/560/545 557/557/542
f 562/562/547 560/560/545 563/563/548
f 330/330/322 557/557/542 544/544/530
f 563/563/548 557/557/542 330/330/322
f 332/332/324 563/563/548 330/330/322
f 561/561/546 563/563/548 332/332/324
f 559/559/544 1425/1425/1400 1427/1427/1402
f 558/558/543 1425/1425/1400 559/559/544
f 542/542/528 1427/1427/1402 273/273/266
f 559/559/544 1427/1427/1402 542/542/528
f 544/544/530 559/559/544 542/542/528
f 557/557/542 559/559/544 544/544/530
f 555/555/540 37/37/35 39/39/37
f 554/554/59 37/37/35 555/555/540
f 558/558/543 39/39/37 1425/1425/1400
f 555/555/540 39/39/37 558/558/543
f 560/560/545 555/555/540 558/558/543
f 553/553/539 555/555/540 560/560/545
f 551/551/537 548/548/534 545/545/531
f 551/551/537 550/550/536 548/548/534
f 243/243/238 545/545/531 806/806/790
f 243/243/238 551/551/537 545/545/531
f 242/242/237 551/551/537 243/243/238
f 242/242/237 549/549/535 551/551/537
f 547/547/533 717/717/702 719/719/704
f 546/546/532 717/717/702 547/547/533
f 807/807/791 719/719/704 43/43/41
f 807/807/791 547/547/533 719/719/704
f 806/806/790 547/547/533 807/807/791
f 806/806/790 545/545/531 547/547/533
f 543/543/529 273/273/266 275/275/268
f 542/542/528 273/273/266 543/543/529
f 546/546/532 275/275/268 717/717/702
f 543/543/529 275/275/268 546/546/532
f 548/548/534 543/543/529 546/546/532
f 541/541/527 543/543/529 548/548/534
f 539/539/526 536/536/524 533/533/521
f 539/539/526 538/538/525 536/536/524
f 47/47/45 533/533/521 1394/1394/1373
f 47/47/45 539/539/526 533/533/521
f 46/46/44 539/539/526 47/47/45
f 46/46/44 537/537/436 539/539/526
f 535/535/523 552/552/538 549/549/535
f 535/535/523 534/534/522 552/552/538
f 1395/1395/1374 549/549/535 242/242/237
f 1395/1395/1374 535/535/523 549/549/535
f 1394/1394/1373 535/535/523 1395/1395/1374
f 1394/1394/1373 533/533/521 535/535/523
f 531/531/519 332/332/324 329/329/321
f 531/531/519 530/530/518 332/332/324
f 534/534/522 329/329/321 552/552/538
f 534/534/522 531/531/519 329/329/321
f 536/536/524 531/531/519 534/534/522
f 536/536/524 529/529/517 531/531/519
f 524/524/512 527/527/515 522/522/510
f 524/524/512 525/525/513 527/527/515
f 506/506/494 525/525/513 524/524/512
f 506/506/494 343/343/335 525/525/513
f 343/343/335 528/528/516 525/525/513
f 343/343/335 342/342/334 528/528/516
f 1390/1390/1369 523/523/511 1391/1391/1370
f 1390/1390/1369 521/521/509 523/523/511
f 239/239/234 521/521/509 1390/1390/1369
f 239/239/234 507/507/495 521/521/509
f 507/507/495 524/524/512 521/521/509
f 507/507/495 506/506/494 524/524/512
f 50/50/48 519/519/507 51/51/49
f 50/50/48 517/517/505 519/519/507
f 1391/1391/1370 517/517/505 50/50/48
f 1391/1391/1370 523/523/511 517/517/505
f 523/523/511 520/520/508 517/517/505
f 523/523/511 522/522/510 520/520/508
f 512/512/500 515/515/503 510/510/498
f 512/512/500 513/513/501 515/515/503
f 915/915/899 513/513/501 512/512/500
f 915/915/899 205/205/200 513/513/501
f 205/205/200 516/516/504 513/513/501
f 205/205/200 207/207/202 516/516/504
f 826/826/810 511/511/499 827/827/811
f 826/826/810 509/509/497 511/511/499
f 54/54/52 509/509/497 826/826/810
f 54/54/52 913/913/897 509/509/497
f 913/913/897 512/512/500 509/509/497
f 913/913/897 915/915/899 512/512/500
f 238/238/233 507/507/495 239/239/234
f 238/238/233 505/505/493 507/507/495
f 827/827/811 505/505/493 238/238/233
f 827/827/811 511/511/499 505/505/493
f 511/511/499 508/508/496 505/505/493
f 511/511/499 510/510/498 508/508/496
f 500/500/488 503/503/491 498/498/486
f 500/500/488 501/501/489 503/503/491
f 1359/1359/1338 501/501/489 500/500/488
f 1359/1359/1338 59/59/57 501/501/489
f 59/59/57 504/504/492 501/501/489
f 59/59/57 58/58/56 504/504/492
f 516/516/504 499/499/487 514/514/502
f 516/516/504 497/497/485 499/499/487
f 207/207/202 497/497/485 516/516/504
f 207/207/202 1357/1357/1336 497/497/485
f 1357/1357/1336 500/500/488 497/497/485
f 1357/1357/1336 1359/1359/1338 500/500/488
f 344/344/336 495/495/483 342/342/334
f 344/344/336 493/493/481 495/495/483
f 514/514/502 493/493/481 344/344/336
f 514/514/502 499/499/487 493/493/481
f 499/499/487 496/496/484 493/493/481
f 499/499/487 498/498/486 496/496/484
f 488/488/476 491/491/479 486/486/474
f 488/488/476 489/489/477 491/491/479
f 470/470/459 489/489/477 488/488/476
f 470/470/459 355/355/346 489/489/477
f 355/355/346 492/492/480 489/489/477
f 355/355/346 354/354/345 492/492/480
f 1354/1354/1333 487/487/475 1355/1355/1334
f 1354/1354/1333 485/485/473 487/487/475
f 203/203/198 485/485/473 1354/1354/1333
f 203/203/198 471/471/460 485/485/473
f 471/471/460 488/488/476 485/485/473
f 471/471/460 470/470/459 488/488/476
f 62/62/60 483/483/38 63/63/35
f 62/62/60 481/481/470 483/483/38
f 1355/1355/1334 481/481/470 62/62/60
f 1355/1355/1334 487/487/475 481/481/470
f 487/487/475 484/484/472 481/481/470
f 487/487/475 486/486/474 484/484/472
f 476/476/465 479/479/468 474/474/463
f 476/476/465 477/477/466 479/479/468
f 1023/1023/1006 477/477/466 476/476/465
f 1023/1023/1006 169/169/164 477/477/466
f 169/169/164 480/480/469 477/477/466
f 169/169/164 171/171/166 480/480/469
f 934/934/918 475/475/464 935/935/919
f 934/934/918 473/473/462 475/475/464
f 66/66/63 473/473/462 934/934/918
f 66/66/63 1021/1021/1004 473/473/462
f 1021/1021/1004 476/476/465 473/473/462
f 1021/1021/1004 1023/1023/1006 476/476/465
f 202/202/197 471/471/460 203/203/198
f 202/202/197 469/469/458 471/471/460
f 935/935/919 469/469/458 202/202/197
f 935/935/919 475/475/464 469/469/458
f 475/475/464 472/472/461 469/469/458
f 475/475/464 474/474/463 472/472/461
f 464/464/453 467/467/456 462/462/451
f 464/464/453 465/465/454 467/467/456
f 1323/1323/1304 465/465/454 464/464/453
f 1323/1323/1304 71/71/68 465/465/454
f 71/71/68 468/468/457 465/465/454
f 71/71/68 70/70/67 468/468/457
f 480/480/469 463/463/452 478/478/467
f 480/480/469 461/461/450 463/463/452
f 171/171/166 461/461/450 480/480/469
f 171/171/166 1321/1321/1302 461/461/450
f 1321/1321/1302 464/464/453 461/461/450
f 1321/1321/1302 1323/1323/1304 464/464/453
f 356/356/347 459/459/448 354/354/345
f 356/356/347 457/457/446 459/459/448
f 478/478/467 457/457/446 356/356/347
f 478/478/467 463/463/452 457/457/446
f 463/463/452 460/460/449 457/457/446
f 463/463/452 462/462/451 460/460/449
f 452/452/441 455/455/444 450/450/439
f 452/452/441 453/453/442 455/455/444
f 434/434/423 453/453/442 452/452/441
f 434/434/423 367/367/356 453/453/442
f 367/367/356 456/456/445 453/453/442
f 367/367/356 366/366/355 456/456/445
f 1318/1318/1299 451/451/440 1319/1319/1300
f 1318/1318/1299 449/449/438 451/451/440
f 167/167/162 449/449/438 1318/1318/1299
f 167/167/162 435/435/424 449/449/438
f 435/435/424 452/452/441 449/449/438
f 435/435/424 434/434/423 452/452/441
f 74/74/70 447/447/436 75/75/44
f 74/74/70 445/445/434 447/447/436
f 1319/1319/1300 445/445/434 74/74/70
f 1319/1319/1300 451/451/440 445/445/434
f 451/451/440 448/448/437 445/445/434
f 451/451/440 450/450/439 448/448/437
f 440/440/429 443/443/432 438/438/427
f 440/440/429 441/441/430 443/443/432
f 1131/1131/1112 441/441/430 440/440/429
f 1131/1131/1112 133/133/128 441/441/430
f 133/133/128 444/444/433 441/441/430
f 133/133/128 135/135/130 444/444/433
f 1042/1042/1025 439/439/428 1043/1043/1026
f 1042/1042/1025 437/437/426 439/439/428
f 78/78/73 437/437/426 1042/1042/1025
f 78/78/73 1129/1129/1110 437/437/426
f 1129/1129/1110 440/440/429 437/437/426
f 1129/1129/1110 1131/1131/1112 440/440/429
f 166/166/161 435/435/424 167/167/162
f 166/166/161 433/433/422 435/435/424
f 1043/1043/1026 433/433/422 166/166/161
f 1043/1043/1026 439/439/428 433/433/422
f 439/439/428 436/436/425 433/433/422
f 439/439/428 438/438/427 436/436/425
f 428/428/417 431/431/420 426/426/415
f 428/428/417 429/429/418 431/431/420
f 1287/1287/1268 429/429/418 428/428/417
f 1287/1287/1268 83/83/78 429/429/418
f 83/83/78 432/432/421 429/429/418
f 83/83/78 82/82/77 432/432/421
f 444/444/433 427/427/416 442/442/431
f 444/444/433 425/425/414 427/427/416
f 135/135/130 425/425/414 444/444/433
f 135/135/130 1285/1285/1266 425/425/414
f 1285/1285/1266 428/428/417 425/425/414
f 1285/1285/1266 1287/1287/1268 428/428/417
f 368/368/357 423/423/412 366/366/355
f 368/368/357 421/421/410 423/423/412
f 442/442/431 421/421/410 368/368/357
f 442/442/431 427/427/416 421/421/410
f 427/427/416 424/424/413 421/421/410
f 427/427/416 426/426/415 424/424/413
f 416/416/405 419/419/408 414/414/403
f 416/416/405 417/417/406 419/419/408
f 398/398/387 417/417/406 416/416/405
f 398/398/387 379/379/368 417/417/406
f 379/379/368 420/420/409 417/417/406
f 379/379/368 378/378/367 420/420/409
f 1282/1282/1263 415/415/404 1283/1283/1264
f 1282/1282/1263 413/413/402 415/415/404
f 131/131/126 413/413/402 1282/1282/1263
f 131/131/126 399/399/388 413/413/402
f 399/399/388 416/416/405 413/413/402
f 399/399/388 398/398/387 416/416/405
f 86/86/81 411/411/400 87/87/82
f 86/86/81 409/409/398 411/411/400
f 1283/1283/1264 409/409/398 86/86/81
f 1283/1283/1264 415/415/404 409/409/398
f 415/415/404 412/412/401 409/409/398
f 415/415/404 414/414/403 412/412/401
f 404/404/393 407/407/396 402/402/391
f 404/404/393 405/405/394 407/407/396
f 1239/1239/1220 405/405/394 404/404/393
f 1239/1239/1220 97/97/92 405/405/394
f 97/97/92 408/408/397 405/405/394
f 97/97/92 99/99/94 408/408/397
f 1150/1150/1131 403/403/392 1151/1151/1132
f 1150/1150/1131 401/401/390 403/403/392
f 90/90/85 401/401/390 1150/1150/1131
f 90/90/85 1237/1237/1218 401/401/390
f 1237/1237/1218 404/404/393 401/401/390
f 1237/1237/1218 1239/1239/1220 404/404/393
f 130/130/125 399/399/388 131/131/126
f 130/130/125 397/397/386 399/399/388
f 1151/1151/1132 397/397/386 130/130/125
f 1151/1151/1132 403/403/392 397/397/386
f 403/403/392 400/400/389 397/397/386
f 403/403/392 402/402/391 400/400/389
f 392/392/381 395/395/384 390/390/379
f 392/392/381 393/393/382 395/395/384
f 1251/1251/1232 393/393/382 392/392/381
f 1251/1251/1232 95/95/90 393/393/382
f 95/95/90 396/396/385 393/393/382
f 95/95/90 94/94/89 396/396/385
f 408/408/397 391/391/380 406/406/395
f 408/408/397 389/389/378 391/391/380
f 99/99/94 389/389/378 408/408/397
f 99/99/94 1249/1249/1230 389/389/378
f 1249/1249/1230 392/392/381 389/389/378
f 1249/1249/1230 1251/1251/1232 392/392/381
f 380/380/369 387/387/376 378/378/367
f 380/380/369 385/385/374 387/387/376
f 406/406/395 385/385/374 380/380/369
f 406/406/395 391/391/380 385/385/374
f 391/391/380 388/388/377 385/385/374
f 391/391/380 390/390/379 388/388/377
f 388/388/377 383/383/372 386/386/375
f 388/388/377 381/381/370 383/383/372
f 390/390/379 381/381/370 388/388/377
f 390/390/379 395/395/384 381/381/370
f 395/395/384 384/384/373 381/381/370
f 395/395/384 394/394/383 384/384/373
f 400/400/389 379/379/368 398/398/387
f 400/400/389 377/377/366 379/379/368
f 402/402/391 377/377/366 400/400/389
f 402/402/391 407/407/396 377/377/366
f 407/407/396 380/380/369 377/377/366
f 407/407/396 406/406/395 380/380/369
f 412/412/401 375/375/364 410/410/399
f 412/412/401 373/373/362 375/375/364
f 414/414/403 373/373/362 412/412/401
f 414/414/403 419/419/408 373/373/362
f 419/419/408 376/376/365 373/373/362
f 419/419/408 418/418/407 376/376/365
f 424/424/413 371/371/360 422/422/411
f 424/424/413 369/369/358 371/371/360
f 426/426/415 369/369/358 424/424/413
f 426/426/415 431/431/420 369/369/358
f 431/431/420 372/372/361 369/369/358
f 431/431/420 430/430/419 372/372/361
f 436/436/425 367/367/356 434/434/423
f 436/436/425 365/365/354 367/367/356
f 438/438/427 365/365/354 436/436/425
f 438/438/427 443/443/432 365/365/354
f 443/443/432 368/368/357 365/365/354
f 443/443/432 442/442/431 368/368/357
f 448/448/437 363/363/325 446/446/435
f 448/448/437 361/361/352 363/363/325
f 450/450/439 361/361/352 448/448/437
f 450/450/439 455/455/444 361/361/352
f 455/455/444 364/364/353 361/361/352
f 455/455/444 454/454/443 364/364/353
f 460/460/449 359/359/350 458/458/447
f 460/460/449 357/357/348 359/359/350
f 462/462/451 357/357/348 460/460/449
f 462/462/451 467/467/456 357/357/348
f 467/467/456 360/360/351 357/357/348
f 467/467/456 466/466/455 360/360/351
f 472/472/461 355/355/346 470/470/459
f 472/472/461 353/353/344 355/355/346
f 474/474/463 353/353/344 472/472/461
f 474/474/463 479/479/468 353/353/344
f 479/479/468 356/356/347 353/353/344
f 479/479/468 478/478/467 356/356/347
f 484/484/472 351/351/342 482/482/471
f 484/484/472 349/349/341 351/351/342
f 486/486/474 349/349/341 484/484/472
f 486/486/474 491/491/479 349/349/341
f 491/491/479 352/352/343 349/349/341
f 491/491/479 490/490/478 352/352/343
f 496/496/484 347/347/339 494/494/482
f 496/496/484 345/345/337 347/347/339
f 498/498/486 345/345/337 496/496/484
f 498/498/486 503/503/491 345/345/337
f 503/503/491 348/348/340 345/345/337
f 503/503/491 502/502/490 348/348/340
f 508/508/496 343/343/335 506/506/494
f 508/508/496 341/341/333 343/343/335
f 510/510/498 341/341/333 508/508/496
f 510/510/498 515/515/503 341/341/333
f 515/515/503 344/344/336 341/341/333
f 515/515/503 514/514/502 344/344/336
f 520/520/508 339/339/331 518/518/506
f 520/520/508 337/337/329 339/339/331
f 522/522/510 337/337/329 520/520/508
f 522/522/510 527/527/515 337/337/329
f 527/527/515 340/340/332 337/337/329
f 527/527/515 526/526/514 340/340/332
f 335/335/327 532/532/520 529/529/517
f 335/335/327 334/334/326 532/532/520
f 538/538/525 529/529/517 536/536/524
f 538/538/525 335/335/327 529/529/517
f 540/540/435 335/335/327 538/538/525
f 540/540/435 333/333/325 335/335/327
f 331/331/323 544/544/530 541/541/527
f 330/330/322 544/544/530 331/331/323
f 550/550/536 541/541/527 548/548/534
f 550/550/536 331/331/323 541/541/527
f 552/552/538 331/331/323 550/550/536
f 552/552/538 329/329/321 331/331/323
f 327/327/320 556/556/541 553/553/539
f 326/326/319 556/556/541 327/327/320
f 562/562/547 553/553/539 560/560/545
f 327/327/320 553/553/539 562/562/547
f 564/564/549 327/327/320 562/562/547
f 325/325/318 327/327/320 564/564/549
f 567/567/552 324/324/317 321/321/314
f 567/567/552 566/566/551 324/324/317
f 566/566/551 573/573/558 324/324/317
f 566/566/551 571/571/556 573/573/558
f 324/324/317 575/575/560 322/322/315
f 324/324/317 573/573/558 575/575/560
f 579/579/564 320/320/313 317/317/310
f 578/578/563 320/320/313 579/579/564
f 578/578/563 585/585/570 320/320/313
f 578/578/563 583/583/568 585/585/570
f 320/320/313 587/587/572 318/318/311
f 320/320/313 585/585/570 587/587/572
f 591/591/576 316/316/309 313/313/306
f 590/590/575 316/316/309 591/591/576
f 590/590/575 597/597/582 316/316/309
f 595/595/580 597/597/582 590/590/575
f 316/316/309 599/599/584 314/314/307
f 597/597/582 599/599/584 316/316/309
f 604/604/589 311/311/304 602/602/587
f 604/604/589 309/309/302 311/311/304
f 606/606/591 309/309/302 604/604/589
f 606/606/591 611/611/596 309/309/302
f 611/611/596 312/312/305 309/309/302
f 611/611/596 610/610/595 312/312/305
f 616/616/601 307/307/300 614/614/599
f 305/305/298 307/307/300 616/616/601
f 618/618/603 305/305/298 616/616/601
f 623/623/608 305/305/298 618/618/603
f 623/623/608 308/308/301 305/305/298
f 622/622/607 308/308/301 623/623/608
f 628/628/613 303/303/296 626/626/611
f 628/628/613 301/301/294 303/303/296
f 630/630/615 301/301/294 628/628/613
f 630/630/615 635/635/620 301/301/294
f 635/635/620 304/304/297 301/301/294
f 635/635/620 634/634/619 304/304/297
f 299/299/292 640/640/625 637/637/622
f 298/298/291 640/640/625 299/299/292
f 646/646/631 637/637/622 644/644/629
f 299/299/292 637/637/622 646/646/631
f 648/648/633 299/299/292 646/646/631
f 297/297/290 299/299/292 648/648/633
f 295/295/288 652/652/637 649/649/634
f 295/295/288 294/294/287 652/652/637
f 658/658/643 649/649/634 656/656/641
f 658/658/643 295/295/288 649/649/634
f 660/660/645 295/295/288 658/658/643
f 293/293/286 295/295/288 660/660/645
f 291/291/284 664/664/649 661/661/646
f 291/291/284 290/290/283 664/664/649
f 670/670/655 661/661/646 668/668/653
f 670/670/655 291/291/284 661/661/646
f 672/672/657 291/291/284 670/670/655
f 672/672/657 289/289/282 291/291/284
f 288/288/281 675/675/660 286/286/279
f 673/673/658 675/675/660 288/288/281
f 286/286/279 677/677/662 684/684/669
f 675/675/660 677/677/662 286/286/279
f 287/287/280 684/684/669 681/681/666
f 286/286/279 684/684/669 287/287/280
f 284/284/277 687/687/672 282/282/275
f 284/284/277 685/685/670 687/687/672
f 282/282/275 689/689/674 696/696/681
f 282/282/275 687/687/672 689/689/674
f 283/283/276 696/696/681 693/693/678
f 283/283/276 282/282/275 696/696/681
f 280/280/273 699/699/684 278/278/271
f 697/697/682 699/699/684 280/280/273
f 278/278/271 701/701/686 708/708/693
f 699/699/684 701/701/686 278/278/271
f 279/279/272 708/708/693 705/705/690
f 278/278/271 708/708/693 279/279/272
f 276/276/269 711/711/696 274/274/267
f 276/276/269 709/709/694 711/711/696
f 274/274/267 713/713/698 720/720/705
f 274/274/267 711/711/696 713/713/698
f 275/275/268 720/720/705 717/717/702
f 275/275/268 274/274/267 720/720/705
f 272/272/265 723/723/708 270/270/263
f 721/721/706 723/723/708 272/272/265
f 270/270/263 725/725/710 732/732/717
f 723/723/708 725/725/710 270/270/263
f 271/271/264 732/732/717 729/729/714
f 270/270/263 732/732/717 271/271/264
f 268/268/261 735/735/720 266/266/259
f 268/268/261 733/733/718 735/735/720
f 266/266/259 737/737/721 744/744/728
f 266/266/259 735/735/720 737/737/721
f 267/267/260 744/744/728 741/741/725
f 267/267/260 266/266/259 744/744/728
f 747/747/731 264/264/257 261/261/254
f 746/746/730 264/264/257 747/747/731
f 746/746/730 753/753/737 264/264/257
f 751/751/735 753/753/737 746/746/730
f 264/264/257 755/755/739 262/262/255
f 753/753/737 755/755/739 264/264/257
f 759/759/743 260/260/253 257/257/250
f 759/759/743 758/758/742 260/260/253
f 758/758/742 765/765/749 260/260/253
f 758/758/742 763/763/747 765/765/749
f 260/260/253 767/767/751 258/258/251
f 765/765/749 767/767/751 260/260/253
f 771/771/755 256/256/249 253/253/246
f 771/771/755 770/770/754 256/256/249
f 770/770/754 777/777/761 256/256/249
f 770/770/754 775/775/759 777/777/761
f 256/256/249 779/779/763 254/254/247
f 256/256/249 777/777/761 779/779/763
f 784/784/768 251/251/245 782/782/766
f 249/249/244 251/251/245 784/784/768
f 786/786/770 249/249/244 784/784/768
f 791/791/775 249/249/244 786/786/770
f 791/791/775 252/252/152 249/249/244
f 790/790/774 252/252/152 791/791/775
f 796/796/780 247/247/242 794/794/778
f 796/796/780 245/245/240 247/247/242
f 798/798/782 245/245/240 796/796/780
f 798/798/782 803/803/787 245/245/240
f 803/803/787 248/248/243 245/245/240
f 803/803/787 802/802/786 248/248/243
f 808/808/792 243/243/238 806/806/790
f 241/241/236 243/243/238 808/808/792
f 810/810/794 241/241/236 808/808/792
f 815/815/799 241/241/236 810/810/794
f 815/815/799 244/244/239 241/241/236
f 814/814/798 244/244/239 815/815/799
f 819/819/803 240/240/235 237/237/232
f 818/818/802 240/240/235 819/819/803
f 818/818/802 825/825/809 240/240/235
f 823/823/807 825/825/809 818/818/802
f 240/240/235 827/827/811 238/238/233
f 825/825/809 827/827/811 240/240/235
f 831/831/815 236/236/231 233/233/228
f 830/830/814 236/236/231 831/831/815
f 830/830/814 837/837/821 236/236/231
f 835/835/819 837/837/821 830/830/814
f 236/236/231 839/839/823 234/234/229
f 837/837/821 839/839/823 236/236/231
f 843/843/827 232/232/227 229/229/224
f 842/842/826 232/232/227 843/843/827
f 842/842/826 849/849/833 232/232/227
f 847/847/831 849/849/833 842/842/826
f 232/232/227 851/851/835 230/230/225
f 849/849/833 851/851/835 232/232/227
f 856/856/840 227/227/222 854/854/838
f 856/856/840 225/225/220 227/227/222
f 858/858/842 225/225/220 856/856/840
f 858/858/842 863/863/847 225/225/220
f 863/863/847 228/228/223 225/225/220
f 863/863/847 862/862/846 228/228/223
f 868/868/852 223/223/218 866/866/850
f 868/868/852 221/221/216 223/223/218
f 870/870/854 221/221/216 868/868/852
f 870/870/854 875/875/859 221/221/216
f 875/875/859 224/224/219 221/221/216
f 875/875/859 874/874/858 224/224/219
f 878/878/862 219/219/214 879/879/863
f 878/878/862 217/217/212 219/219/214
f 882/882/866 217/217/212 878/878/862
f 882/882/866 887/887/871 217/217/212
f 887/887/871 220/220/215 217/217/212
f 887/887/871 886/886/870 220/220/215
f 891/891/875 216/216/211 213/213/208
f 890/890/874 216/216/211 891/891/875
f 890/890/874 897/897/881 216/216/211
f 895/895/879 897/897/881 890/890/874
f 216/216/211 899/899/883 214/214/209
f 897/897/881 899/899/883 216/216/211
f 903/903/887 212/212/207 209/209/204
f 902/902/886 212/212/207 903/903/887
f 902/902/886 909/909/893 212/212/207
f 907/907/891 909/909/893 902/902/886
f 212/212/207 911/911/895 210/210/205
f 909/909/893 911/911/895 212/212/207
f 915/915/899 208/208/203 205/205/200
f 914/914/898 208/208/203 915/915/899
f 914/914/898 921/921/905 208/208/203
f 919/919/903 921/921/905 914/914/898
f 208/208/203 923/923/907 206/206/201
f 921/921/905 923/923/907 208/208/203
f 927/927/911 204/204/199 201/201/196
f 926/926/910 204/204/199 927/927/911
f 926/926/910 933/933/917 204/204/199
f 931/931/915 933/933/917 926/926/910
f 204/204/199 935/935/919 202/202/197
f 933/933/917 935/935/919 204/204/199
f 939/939/923 200/200/195 197/197/192
f 938/938/922 200/200/195 939/939/923
f 938/938/922 945/945/929 200/200/195
f 943/943/927 945/945/929 938/938/922
f 200/200/195 947/947/931 198/198/193
f 945/945/929 947/947/931 200/200/195
f 951/951/934 196/196/191 193/193/188
f 950/950/933 196/196/191 951/951/934
f 950/950/933 957/957/940 196/196/191
f 955/955/938 957/957/940 950/950/933
f 196/196/191 959/959/942 194/194/189
f 957/957/940 959/959/942 196/196/191
f 964/964/947 191/191/186 962/962/945
f 964/964/947 189/189/184 191/191/186
f 966/966/949 189/189/184 964/964/947
f 966/966/949 971/971/954 189/189/184
f 971/971/954 192/192/187 189/189/184
f 971/971/954 970/970/953 192/192/187
f 976/976/959 187/187/182 974/974/957
f 976/976/959 185/185/180 187/187/182
f 978/978/961 185/185/180 976/976/959
f 978/978/961 983/983/966 185/185/180
f 983/983/966 188/188/183 185/185/180
f 983/983/966 982/982/965 188/188/183
f 986/986/969 183/183/178 987/987/970
f 986/986/969 181/181/176 183/183/178
f 990/990/973 181/181/176 986/986/969
f 990/990/973 995/995/978 181/181/176
f 995/995/978 184/184/179 181/181/176
f 995/995/978 994/994/977 184/184/179
f 999/999/982 180/180/175 177/177/172
f 998/998/981 180/180/175 999/999/982
f 998/998/981 1005/1005/988 180/180/175
f 1003/1003/986 1005/1005/988 998/998/981
f 180/180/175 1007/1007/990 178/178/173
f 1005/1005/988 1007/1007/990 180/180/175
f 1011/1011/994 176/176/171 173/173/168
f 1010/1010/993 176/176/171 1011/1011/994
f 1010/1010/993 1017/1017/1000 176/176/171
f 1015/1015/998 1017/1017/1000 1010/1010/993
f 176/176/171 1019/1019/1002 174/174/169
f 1017/1017/1000 1019/1019/1002 176/176/171
f 1023/1023/1006 172/172/167 169/169/164
f 1022/1022/1005 172/172/167 1023/1023/1006
f 1022/1022/1005 1029/1029/1012 172/172/167
f 1027/1027/1010 1029/1029/1012 1022/1022/1005
f 172/172/167 1031/1031/1014 170/170/165
f 1029/1029/1012 1031/1031/1014 172/172/167
f 1035/1035/1018 168/168/163 165/165/160
f 1034/1034/1017 168/168/163 1035/1035/1018
f 1034/1034/1017 1041/1041/1024 168/168/163
f 1039/1039/1022 1041/1041/1024 1034/1034/1017
f 168/168/163 1043/1043/1026 166/166/161
f 1041/1041/1024 1043/1043/1026 168/168/163
f 1047/1047/1030 164/164/159 161/161/156
f 1046/1046/1029 164/164/159 1047/1047/1030
f 1046/1046/1029 1053/1053/1036 164/164/159
f 1051/1051/1034 1053/1053/1036 1046/1046/1029
f 164/164/159 1055/1055/1038 162/162/157
f 1053/1053/1036 1055/1055/1038 164/164/159
f 1059/1059/774 160/160/155 157/157/152
f 1058/1058/1040 160/160/155 1059/1059/774
f 1058/1058/1040 1065/1065/1046 160/160/155
f 1063/1063/1044 1065/1065/1046 1058/1058/1040
f 160/160/155 1067/1067/1048 158/158/153
f 1065/1065/1046 1067/1067/1048 160/160/155
f 1072/1072/1053 155/155/150 1070/1070/1051
f 1072/1072/1053 153/153/148 155/155/150
f 1074/1074/1055 153/153/148 1072/1072/1053
f 1074/1074/1055 1079/1079/1060 153/153/148
f 1079/1079/1060 156/156/151 153/153/148
f 1079/1079/1060 1078/1078/1059 156/156/151
f 1084/1084/1065 151/151/146 1082/1082/1063
f 1084/1084/1065 149/149/144 151/151/146
f 1086/1086/1067 149/149/144 1084/1084/1065
f 1086/1086/1067 1091/1091/1072 149/149/144
f 1091/1091/1072 152/152/147 149/149/144
f 1091/1091/1072 1090/1090/1071 152/152/147
f 1094/1094/1075 147/147/142 1095/1095/1076
f 1094/1094/1075 145/145/140 147/147/142
f 1098/1098/1079 145/145/140 1094/1094/1075
f 1098/1098/1079 1103/1103/1084 145/145/140
f 1103/1103/1084 148/148/143 145/145/140
f 1103/1103/1084 1102/1102/1083 148/148/143
f 1107/1107/1088 144/144/139 141/141/136
f 1106/1106/1087 144/144/139 1107/1107/1088
f 1106/1106/1087 1113/1113/1094 144/144/139
f 1111/1111/1092 1113/1113/1094 1106/1106/1087
f 144/144/139 1115/1115/1096 142/142/137
f 1113/1113/1094 1115/1115/1096 144/144/139
f 1119/1119/1100 140/140/135 137/137/132
f 1118/1118/1099 140/140/135 1119/1119/1100
f 1118/1118/1099 1125/1125/1106 140/140/135
f 1123/1123/1104 1125/1125/1106 1118/1118/1099
f 140/140/135 1127/1127/1108 138/138/133
f 1125/1125/1106 1127/1127/1108 140/140/135
f 1131/1131/1112 136/136/131 133/133/128
f 1130/1130/1111 136/136/131 1131/1131/1112
f 1130/1130/1111 1137/1137/1118 136/136/131
f 1135/1135/1116 1137/1137/1118 1130/1130/1111
f 136/136/131 1139/1139/1120 134/134/129
f 1137/1137/1118 1139/1139/1120 136/136/131
f 1143/1143/1124 132/132/127 129/129/124
f 1142/1142/1123 132/132/127 1143/1143/1124
f 1142/1142/1123 1149/1149/1130 132/132/127
f 1147/1147/1128 1149/1149/1130 1142/1142/1123
f 132/132/127 1151/1151/1132 130/130/125
f 1149/1149/1130 1151/1151/1132 132/132/127
f 1155/1155/1136 128/128/123 125/125/120
f 1154/1154/1135 128/128/123 1155/1155/1136
f 1154/1154/1135 1161/1161/1142 128/128/123
f 1159/1159/1140 1161/1161/1142 1154/1154/1135
f 128/128/123 1163/1163/1144 126/126/121
f 1161/1161/1142 1163/1163/1144 128/128/123
f 1167/1167/1148 124/124/119 121/121/116
f 1166/1166/1147 124/124/119 1167/1167/1148
f 1166/1166/1147 1173/1173/1154 124/124/119
f 1171/1171/1152 1173/1173/1154 1166/1166/1147
f 124/124/119 1175/1175/1156 122/122/117
f 1173/1173/1154 1175/1175/1156 124/124/119
f 1180/1180/1161 119/119/114 1178/1178/1159
f 1180/1180/1161 117/117/112 119/119/114
f 1182/1182/1163 117/117/112 1180/1180/1161
f 1182/1182/1163 1187/1187/1168 117/117/112
f 1187/1187/1168 120/120/115 117/117/112
f 1187/1187/1168 1186/1186/1167 120/120/115
f 1192/1192/1173 115/115/110 1190/1190/1171
f 1192/1192/1173 113/113/108 115/115/110
f 1194/1194/1175 113/113/108 1192/1192/1173
f 1194/1194/1175 1199/1199/1180 113/113/108
f 1199/1199/1180 116/116/111 113/113/108
f 1199/1199/1180 1198/1198/1179 116/116/111
f 1202/1202/1183 111/111/106 1203/1203/1184
f 1202/1202/1183 109/109/104 111/111/106
f 1206/1206/1187 109/109/104 1202/1202/1183
f 1206/1206/1187 1211/1211/1192 109/109/104
f 1211/1211/1192 112/112/107 109/109/104
f 1211/1211/1192 1210/1210/1191 112/112/107
f 1215/1215/1196 108/108/103 105/105/100
f 1214/1214/1195 108/108/103 1215/1215/1196
f 1214/1214/1195 1221/1221/1202 108/108/103
f 1219/1219/1200 1221/1221/1202 1214/1214/1195
f 108/108/103 1223/1223/1204 106/106/101
f 1221/1221/1202 1223/1223/1204 108/108/103
f 1227/1227/1208 104/104/99 101/101/96
f 1226/1226/1207 104/104/99 1227/1227/1208
f 1226/1226/1207 1233/1233/1214 104/104/99
f 1231/1231/1212 1233/1233/1214 1226/1226/1207
f 104/104/99 1235/1235/1216 102/102/97
f 1233/1233/1214 1235/1235/1216 104/104/99
f 1239/1239/1220 100/100/95 97/97/92
f 1238/1238/1219 100/100/95 1239/1239/1220
f 1238/1238/1219 1245/1245/1226 100/100/95
f 1243/1243/1224 1245/1245/1226 1238/1238/1219
f 100/100/95 1247/1247/1228 98/98/93
f 1245/1245/1226 1247/1247/1228 100/100/95
f 1250/1250/1231 95/95/90 1251/1251/1232
f 1250/1250/1231 93/93/88 95/95/90
f 1250/1250/1231 1257/1257/1238 93/93/88
f 1255/1255/1236 1257/1257/1238 1250/1250/1231
f 93/93/88 1259/1259/1240 96/96/91
f 1257/1257/1238 1259/1259/1240 93/93/88
f 1264/1264/1245 91/91/86 1262/1262/1243
f 1264/1264/1245 89/89/84 91/91/86
f 1266/1266/1247 89/89/84 1264/1264/1245
f 1266/1266/1247 1271/1271/1252 89/89/84
f 1271/1271/1252 92/92/87 89/89/84
f 1271/1271/1252 1270/1270/1251 92/92/87
f 1275/1275/1256 88/88/83 85/85/80
f 1274/1274/1255 88/88/83 1275/1275/1256
f 1274/1274/1255 1281/1281/1262 88/88/83
f 1279/1279/1260 1281/1281/1262 1274/1274/1255
f 88/88/83 1283/1283/1264 86/86/81
f 1281/1281/1262 1283/1283/1264 88/88/83
f 1286/1286/1267 83/83/78 1287/1287/1268
f 1286/1286/1267 81/81/76 83/83/78
f 1286/1286/1267 1293/1293/1274 81/81/76
f 1291/1291/1272 1293/1293/1274 1286/1286/1267
f 81/81/76 1295/1295/1276 84/84/79
f 1293/1293/1274 1295/1295/1276 81/81/76
f 1300/1300/1281 79/79/74 1298/1298/1279
f 1300/1300/1281 77/77/72 79/79/74
f 1302/1302/1283 77/77/72 1300/1300/1281
f 1302/1302/1283 1307/1307/1288 77/77/72
f 1307/1307/1288 80/80/75 77/77/72
f 1307/1307/1288 1306/1306/1287 80/80/75
f 1311/1311/1292 76/76/71 73/73/46
f 1310/1310/1291 76/76/71 1311/1311/1292
f 1310/1310/1291 1317/1317/1298 76/76/71
f 1315/1315/1296 1317/1317/1298 1310/1310/1291
f 76/76/71 1319/1319/1300 74/74/70
f 1317/1317/1298 1319/1319/1300 76/76/71
f 1322/1322/1303 71/71/68 1323/1323/1304
f 1322/1322/1303 69/69/66 71/71/68
f 1322/1322/1303 1329/1329/1310 69/69/66
f 1327/1327/1308 1329/1329/1310 1322/1322/1303
f 69/69/66 1331/1331/1312 72/72/69
f 1329/1329/1310 1331/1331/1312 69/69/66
f 1336/1336/1317 67/67/64 1334/1334/1315
f 1336/1336/1317 65/65/62 67/67/64
f 1338/1338/1319 65/65/62 1336/1336/1317
f 1338/1338/1319 1343/1343/1324 65/65/62
f 1343/1343/1324 68/68/65 65/65/62
f 1343/1343/1324 1342/1342/1323 68/68/65
f 1347/1347/541 64/64/61 61/61/59
f 1346/1346/1326 64/64/61 1347/1347/541
f 1346/1346/1326 1353/1353/1332 64/64/61
f 1351/1351/1330 1353/1353/1332 1346/1346/1326
f 64/64/61 1355/1355/1334 62/62/60
f 1353/1353/1332 1355/1355/1334 64/64/61
f 1358/1358/1337 59/59/57 1359/1359/1338
f 1358/1358/1337 57/57/55 59/59/57
f 1358/1358/1337 1365/1365/1344 57/57/55
f 1363/1363/1342 1365/1365/1344 1358/1358/1337
f 57/57/55 1367/1367/1346 60/60/58
f 1365/1365/1344 1367/1367/1346 57/57/55
f 1372/1372/1351 55/55/53 1370/1370/1349
f 1372/1372/1351 53/53/51 55/55/53
f 1374/1374/1353 53/53/51 1372/1372/1351
f 1374/1374/1353 1379/1379/1358 53/53/51
f 1379/1379/1358 56/56/54 53/53/51
f 1379/1379/1358 1378/1378/1357 56/56/54
f 1383/1383/1362 52/52/50 49/49/47
f 1382/1382/1361 52/52/50 1383/1383/1362
f 1382/1382/1361 1389/1389/1368 52/52/50
f 1387/1387/1366 1389/1389/1368 1382/1382/1361
f 52/52/50 1391/1391/1370 50/50/48
f 1389/1389/1368 1391/1391/1370 52/52/50
f 1396/1396/1375 47/47/45 1394/1394/1373
f 45/45/43 47/47/45 1396/1396/1375
f 1398/1398/1377 45/45/43 1396/1396/1375
f 1403/1403/1381 45/45/43 1398/1398/1377
f 1403/1403/1381 48/48/46 45/45/43
f 1402/1402/1292 48/48/46 1403/1403/1381
f 1407/1407/1384 44/44/42 41/41/39
f 1407/1407/1384 1406/1406/1383 44/44/42
f 1406/1406/1383 1413/1413/1390 44/44/42
f 1406/1406/1383 1411/1411/1388 1413/1413/1390
f 44/44/42 1415/1415/1392 42/42/40
f 1413/1413/1390 1415/1415/1392 44/44/42
f 40/40/38 1419/1419/1395 38/38/36
f 40/40/38 1417/1417/471 1419/1419/1395
f 38/38/36 1421/1421/1396 1428/1428/1403
f 38/38/36 1419/1419/1395 1421/1421/1396
f 39/39/37 1428/1428/1403 1425/1425/1400
f 39/39/37 38/38/36 1428/1428/1403
f 36/36/34 1431/1431/1406 34/34/32
f 1429/1429/1404 1431/1431/1406 36/36/34
f 34/34/32 1433/1433/1408 1440/1440/1415
f 1431/1431/1406 1433/1433/1408 34/34/32
f 35/35/33 1440/1440/1415 1437/1437/1412
f 34/34/32 1440/1440/1415 35/35/33
f 31/31/29 1444/1444/1419 1441/1441/1416
f 31/31/29 30/30/28 1444/1444/1419
f 1450/1450/1425 1441/1441/1416 1448/1448/1423
f 1450/1450/1425 31/31/29 1441/1441/1416
f 1452/1452/1427 31/31/29 1450/1450/1425
f 29/29/27 31/31/29 1452/1452/1427
f 1456/1456/1431 27/27/25 1454/1454/1429
f 1456/1456/1431 25/25/23 27/27/25
f 1458/1458/1433 25/25/23 1456/1456/1431
f 1458/1458/1433 1463/1463/1438 25/25/23
f 1463/1463/1438 28/28/26 25/25/23
f 1463/1463/1438 1462/1462/1437 28/28/26
f 1467/1467/1442 24/24/22 21/21/19
f 1466/1466/1441 24/24/22 1467/1467/1442
f 1466/1466/1441 1473/1473/1448 24/24/22
f 1466/1466/1441 1471/1471/1446 1473/1473/1448
f 24/24/22 1475/1475/1450 22/22/20
f 24/24/22 1473/1473/1448 1475/1475/1450
f 19/19/18 1480/1480/934 1477/1477/1452
f 18/18/17 1480/1480/934 19/19/18
f 1486/1486/1459 1477/1477/1452 1484/1484/1457
f 1486/1486/1459 19/19/18 1477/1477/1452
f 1488/1488/1461 19/19/18 1486/1486/1459
f 1488/1488/1461 17/17/7 19/19/18
f 1492/1492/1465 15/15/15 1490/1490/1463
f 1492/1492/1465 13/13/13 15/15/15
f 1494/1494/1467 13/13/13 1492/1492/1465
f 1494/1494/1467 1499/1499/1472 13/13/13
f 1499/1499/1472 16/16/16 13/13/13
f 1499/1499/1472 1498/1498/1471 16/16/16
f 1504/1504/1475 11/11/11 1502/1502/718
f 1504/1504/1475 9/9/9 11/11/11
f 1506/1506/1477 9/9/9 1504/1504/1475
f 1506/1506/1477 1511/1511/1482 9/9/9
f 1511/1511/1482 12/12/12 9/9/9
f 1511/1511/1482 1510/1510/1481 12/12/12
f 1516/1516/1485 7/7/7 1514/1514/1461
f 1516/1516/1485 5/5/5 7/7/7
f 1518/1518/1487 5/5/5 1516/1516/1485
f 1518/1518/1487 1523/1523/1492 5/5/5
f 1523/1523/1492 8/8/8 5/5/5
f 1523/1523/1492 1522/1522/1491 8/8/8
f 1528/1528/1497 3/3/3 1526/1526/1495
f 1528/1528/1497 1/1/1 3/3/3
f 1530/1530/1499 1/1/1 1528/1528/1497
f 1530/1530/1499 1535/1535/1504 1/1/1
f 1535/1535/1504 4/4/4 1/1/1
f 1535/1535/1504 1534/1534/1503 4/4/4
# Vertices: 1649, normals: 1538, texture coordinates: 1649, faces: 3072

