# File generated by ImageToStl.com - Free Image and 3D model conversion tools

mtllib 24881_mars_1_6792.mtl

o obj1
v 0.002542 0.500000 0.550775
v 0.002542 0.550775 0.500000
v 0.000000 0.500000 0.500000
v 0.005049 0.550537 0.550537
v 0.010080 0.500000 0.600809
v 0.012492 0.549903 0.600347
v 0.019673 0.599104 0.599105
v 0.012492 0.600347 0.549903
v 0.010080 0.600810 0.500000
v 0.024719 0.648732 0.548991
v 0.022448 0.649397 0.500000
v 0.031507 0.646931 0.597307
v 0.047741 0.692808 0.595202
v 0.041442 0.695120 0.547933
v 0.039341 0.695961 0.500000
v 0.062335 0.739012 0.546865
v 0.060418 0.740008 0.500000
v 0.068087 0.736232 0.593054
v 0.092252 0.776873 0.591153
v 0.087068 0.780096 0.545929
v 0.085336 0.781229 0.500000
v 0.115340 0.818134 0.545264
v 0.113782 0.819398 0.500000
v 0.119972 0.814476 0.589798
v 0.151101 0.848899 0.589281
v 0.146982 0.853018 0.545011
v 0.145580 0.854420 0.500000
v 0.022448 0.500000 0.649397
v 0.024719 0.548991 0.648732
v 0.039341 0.500000 0.695961
v 0.041442 0.547933 0.695119
v 0.047741 0.595202 0.692808
v 0.031507 0.597307 0.646931
v 0.042737 0.644291 0.644291
v 0.058195 0.641155 0.689362
v 0.072609 0.685184 0.685184
v 0.058195 0.689362 0.641155
v 0.077634 0.731999 0.637894
v 0.090766 0.726742 0.680738
v 0.112531 0.765478 0.676691
v 0.100822 0.771859 0.634971
v 0.127562 0.808667 0.632871
v 0.137808 0.801105 0.673755
v 0.166600 0.833400 0.672624
v 0.157759 0.842240 0.632067
v 0.060418 0.500000 0.740008
v 0.062335 0.546865 0.739012
v 0.085336 0.500000 0.781229
v 0.087068 0.545928 0.780096
v 0.092252 0.591153 0.776873
v 0.068087 0.593054 0.736232
v 0.077634 0.637894 0.731999
v 0.100822 0.634971 0.771859
v 0.112531 0.676691 0.765478
v 0.090766 0.680737 0.726742
v 0.107276 0.720997 0.720998
v 0.127123 0.715658 0.758303
v 0.144505 0.751378 0.751378
v 0.127123 0.758303 0.715658
v 0.150348 0.792347 0.711711
v 0.164770 0.783414 0.745969
v 0.188589 0.811411 0.743767
v 0.177143 0.822858 0.710169
v 0.113782 0.500000 0.819398
v 0.115340 0.545264 0.818134
v 0.145580 0.500000 0.854420
v 0.146982 0.545011 0.853018
v 0.151101 0.589281 0.848899
v 0.119972 0.589798 0.814476
v 0.127562 0.632871 0.808667
v 0.157759 0.632067 0.842241
v 0.166600 0.672624 0.833400
v 0.137808 0.673755 0.801105
v 0.150348 0.711711 0.792348
v 0.177142 0.710169 0.822858
v 0.188589 0.743767 0.811411
v 0.164770 0.745969 0.783414
v 0.180899 0.775711 0.775711
v 0.144505 0.751378 0.751378
v 0.164770 0.745969 0.783414
v 0.164770 0.783414 0.745969
v 0.199946 0.772129 0.800054
v 0.188589 0.743767 0.811411
v 0.208812 0.791188 0.791189
v 0.199946 0.800054 0.772129
v 0.188589 0.811411 0.743767
v 0.002542 0.550775 0.500000
v 0.002542 0.500000 0.449225
v 0.005049 0.550537 0.449463
v 0.012492 0.600347 0.450097
v 0.010080 0.600810 0.500000
v 0.019673 0.599105 0.400896
v 0.012492 0.549903 0.399653
v 0.010080 0.500000 0.399190
v 0.022448 0.500000 0.350603
v 0.024719 0.548991 0.351268
v 0.031507 0.597307 0.353069
v 0.047741 0.595202 0.307192
v 0.041442 0.547933 0.304880
v 0.039341 0.500000 0.304039
v 0.060418 0.500000 0.259992
v 0.062335 0.546865 0.260988
v 0.068087 0.593054 0.263768
v 0.092252 0.591153 0.223127
v 0.087068 0.545929 0.219904
v 0.085336 0.500000 0.218771
v 0.113782 0.500000 0.180602
v 0.115340 0.545264 0.181866
v 0.119972 0.589798 0.185524
v 0.151101 0.589281 0.151101
v 0.146982 0.545011 0.146982
v 0.145580 0.500000 0.145580
v 0.024719 0.648732 0.451009
v 0.022448 0.649397 0.500000
v 0.041442 0.695119 0.452067
v 0.039341 0.695961 0.500000
v 0.047741 0.692808 0.404798
v 0.031507 0.646931 0.402693
v 0.042737 0.644291 0.355709
v 0.058195 0.689362 0.358845
v 0.072609 0.685184 0.314816
v 0.058195 0.641155 0.310638
v 0.077634 0.637894 0.268001
v 0.090766 0.680738 0.273258
v 0.112531 0.676691 0.234522
v 0.100822 0.634971 0.228141
v 0.127562 0.632871 0.191333
v 0.137808 0.673755 0.198895
v 0.166600 0.672624 0.166600
v 0.157759 0.632067 0.157760
v 0.062335 0.739012 0.453135
v 0.060418 0.740008 0.500000
v 0.087068 0.780096 0.454072
v 0.085336 0.781229 0.500000
v 0.092252 0.776873 0.408847
v 0.068087 0.736232 0.406946
v 0.077634 0.731999 0.362106
v 0.100822 0.771859 0.365029
v 0.112531 0.765478 0.323309
v 0.090766 0.726742 0.319263
v 0.107276 0.720998 0.279003
v 0.127123 0.758303 0.284342
v 0.144505 0.751378 0.248622
v 0.127123 0.715658 0.241697
v 0.150348 0.711711 0.207653
v 0.164770 0.745969 0.216586
v 0.188589 0.743767 0.188589
v 0.177143 0.710169 0.177142
v 0.115340 0.818134 0.454736
v 0.113782 0.819398 0.500000
v 0.146982 0.853018 0.454989
v 0.151101 0.848899 0.410719
v 0.119972 0.814476 0.410202
v 0.127562 0.808667 0.367129
v 0.157759 0.842241 0.367933
v 0.166600 0.833400 0.327376
v 0.137808 0.801105 0.326245
v 0.150348 0.792348 0.288289
v 0.177142 0.822858 0.289831
v 0.188589 0.811411 0.256233
v 0.164770 0.783414 0.254031
v 0.144505 0.751378 0.248622
v 0.180899 0.775711 0.224289
v 0.164770 0.745969 0.216586
v 0.164770 0.783414 0.254031
v 0.199946 0.800054 0.227871
v 0.208812 0.791189 0.208812
v 0.199946 0.772129 0.199946
v 0.188589 0.743767 0.188589
v 0.005049 0.449463 0.449463
v 0.002542 0.449225 0.500000
v 0.012492 0.450097 0.399653
v 0.010080 0.500000 0.399190
v 0.019673 0.400896 0.400895
v 0.012492 0.399653 0.450097
v 0.010080 0.399190 0.500000
v 0.024719 0.351268 0.451009
v 0.022448 0.350603 0.500000
v 0.031507 0.353069 0.402693
v 0.047741 0.307192 0.404798
v 0.041442 0.304880 0.452067
v 0.039341 0.304039 0.500000
v 0.062335 0.260988 0.453135
v 0.060418 0.259992 0.500000
v 0.068087 0.263768 0.406946
v 0.092252 0.223127 0.408847
v 0.087068 0.219904 0.454071
v 0.085336 0.218771 0.500000
v 0.115340 0.181866 0.454736
v 0.113782 0.180602 0.500000
v 0.119972 0.185524 0.410202
v 0.151101 0.151101 0.410719
v 0.146982 0.146982 0.454989
v 0.145580 0.145580 0.500000
v 0.024719 0.451009 0.351268
v 0.022448 0.500000 0.350603
v 0.041442 0.452067 0.304881
v 0.047741 0.404798 0.307192
v 0.031507 0.402693 0.353069
v 0.042737 0.355709 0.355709
v 0.058195 0.358845 0.310638
v 0.072609 0.314816 0.314816
v 0.058195 0.310638 0.358845
v 0.077634 0.268001 0.362106
v 0.090766 0.273258 0.319262
v 0.112531 0.234522 0.323309
v 0.100822 0.228141 0.365029
v 0.127562 0.191333 0.367129
v 0.137808 0.198895 0.326245
v 0.166600 0.166600 0.327376
v 0.157759 0.157760 0.367933
v 0.062335 0.453135 0.260988
v 0.060418 0.500000 0.259992
v 0.087068 0.454072 0.219904
v 0.092252 0.408847 0.223127
v 0.068087 0.406946 0.263768
v 0.077634 0.362106 0.268001
v 0.100822 0.365029 0.228141
v 0.112531 0.323309 0.234522
v 0.090766 0.319263 0.273258
v 0.107276 0.279003 0.279002
v 0.127123 0.284342 0.241697
v 0.144505 0.248622 0.248622
v 0.127123 0.241697 0.284342
v 0.150348 0.207653 0.288289
v 0.164770 0.216586 0.254031
v 0.188589 0.188589 0.256233
v 0.177143 0.177142 0.289831
v 0.115340 0.454736 0.181866
v 0.113782 0.500000 0.180602
v 0.146982 0.454989 0.146982
v 0.151101 0.410719 0.151101
v 0.119972 0.410202 0.185524
v 0.127562 0.367129 0.191333
v 0.157759 0.367933 0.157759
v 0.166600 0.327376 0.166600
v 0.137808 0.326245 0.198895
v 0.150348 0.288289 0.207652
v 0.177142 0.289831 0.177142
v 0.188589 0.256233 0.188589
v 0.164770 0.254031 0.216586
v 0.144505 0.248622 0.248622
v 0.180899 0.224289 0.224289
v 0.164770 0.254031 0.216586
v 0.199946 0.227871 0.199946
v 0.188589 0.256233 0.188589
v 0.208812 0.208812 0.208811
v 0.199946 0.199946 0.227871
v 0.005049 0.449463 0.550537
v 0.000000 0.500000 0.500000
v 0.002542 0.449225 0.500000
v 0.012492 0.399653 0.549903
v 0.010080 0.399190 0.500000
v 0.019673 0.400895 0.599104
v 0.012492 0.450097 0.600347
v 0.010080 0.500000 0.600809
v 0.024719 0.451009 0.648732
v 0.022448 0.500000 0.649397
v 0.031507 0.402693 0.646931
v 0.047741 0.404798 0.692808
v 0.041442 0.452067 0.695120
v 0.062335 0.453135 0.739012
v 0.068087 0.406946 0.736232
v 0.092252 0.408847 0.776873
v 0.087068 0.454071 0.780096
v 0.085336 0.500000 0.781229
v 0.115340 0.454736 0.818134
v 0.113782 0.500000 0.819398
v 0.119972 0.410202 0.814476
v 0.151101 0.410719 0.848899
v 0.146982 0.454989 0.853018
v 0.024719 0.351268 0.548991
v 0.022448 0.350603 0.500000
v 0.041442 0.304881 0.547933
v 0.039341 0.304039 0.500000
v 0.047741 0.307192 0.595202
v 0.031507 0.353069 0.597307
v 0.042737 0.355709 0.644291
v 0.058195 0.310638 0.641155
v 0.072609 0.314816 0.685184
v 0.058195 0.358845 0.689362
v 0.077634 0.362106 0.731999
v 0.090766 0.319262 0.726742
v 0.112531 0.323309 0.765478
v 0.100822 0.365029 0.771859
v 0.127562 0.367129 0.808667
v 0.137808 0.326245 0.801105
v 0.166600 0.327376 0.833400
v 0.157759 0.367933 0.842240
v 0.062335 0.260988 0.546865
v 0.060418 0.259992 0.500000
v 0.087068 0.219904 0.545928
v 0.085336 0.218771 0.500000
v 0.092252 0.223127 0.591153
v 0.068087 0.263768 0.593054
v 0.077634 0.268001 0.637894
v 0.100822 0.228141 0.634971
v 0.112531 0.234522 0.676691
v 0.090766 0.273258 0.680737
v 0.107276 0.279002 0.720997
v 0.127123 0.241697 0.715658
v 0.144505 0.248622 0.751378
v 0.127123 0.284342 0.758303
v 0.150348 0.288289 0.792347
v 0.164770 0.254031 0.783414
v 0.188589 0.256233 0.811411
v 0.177143 0.289831 0.822858
v 0.115340 0.181866 0.545264
v 0.113782 0.180602 0.500000
v 0.146982 0.146982 0.545011
v 0.151101 0.151101 0.589281
v 0.119972 0.185524 0.589798
v 0.127562 0.191333 0.632871
v 0.157759 0.157759 0.632067
v 0.166600 0.166600 0.672624
v 0.137808 0.198895 0.673755
v 0.150348 0.207652 0.711711
v 0.177142 0.177142 0.710169
v 0.188589 0.188589 0.743767
v 0.164770 0.216586 0.745969
v 0.180899 0.224289 0.775711
v 0.144505 0.248622 0.751378
v 0.164770 0.216586 0.745969
v 0.199946 0.199946 0.772129
v 0.188589 0.188589 0.743767
v 0.208812 0.208811 0.791188
v 0.199946 0.227871 0.800054
v 0.188589 0.256233 0.811411
v 0.449225 0.500000 0.002542
v 0.500000 0.550775 0.002542
v 0.500000 0.500000 0.000000
v 0.449463 0.550537 0.005049
v 0.399191 0.500000 0.010080
v 0.399653 0.549903 0.012492
v 0.400896 0.599105 0.019673
v 0.450097 0.600347 0.012492
v 0.500000 0.600810 0.010080
v 0.451009 0.648732 0.024719
v 0.500000 0.649397 0.022448
v 0.402693 0.646931 0.031507
v 0.404798 0.692808 0.047741
v 0.452067 0.695120 0.041442
v 0.500000 0.695961 0.039341
v 0.453135 0.739012 0.062335
v 0.500000 0.740008 0.060418
v 0.406946 0.736232 0.068087
v 0.408847 0.776873 0.092252
v 0.454071 0.780096 0.087068
v 0.500000 0.781229 0.085336
v 0.454736 0.818134 0.115341
v 0.500000 0.819398 0.113782
v 0.410202 0.814476 0.119972
v 0.410719 0.848899 0.151101
v 0.454989 0.853018 0.146983
v 0.500000 0.854420 0.145581
v 0.350603 0.500000 0.022448
v 0.351268 0.548991 0.024719
v 0.304039 0.500000 0.039341
v 0.304881 0.547933 0.041442
v 0.307192 0.595202 0.047741
v 0.353069 0.597307 0.031507
v 0.355709 0.644292 0.042737
v 0.310638 0.641155 0.058195
v 0.314816 0.685184 0.072609
v 0.358845 0.689363 0.058195
v 0.362106 0.731999 0.077634
v 0.319263 0.726742 0.090766
v 0.323309 0.765478 0.112531
v 0.365029 0.771859 0.100822
v 0.367129 0.808667 0.127562
v 0.326245 0.801105 0.137808
v 0.327376 0.833400 0.166600
v 0.367933 0.842241 0.157760
v 0.259992 0.500000 0.060418
v 0.260988 0.546865 0.062335
v 0.218771 0.500000 0.085336
v 0.219904 0.545929 0.087068
v 0.223127 0.591153 0.092252
v 0.263768 0.593054 0.068087
v 0.268001 0.637894 0.077634
v 0.228141 0.634971 0.100822
v 0.234522 0.676691 0.112531
v 0.273258 0.680738 0.090766
v 0.279002 0.720998 0.107276
v 0.241697 0.715659 0.127123
v 0.248622 0.751378 0.144505
v 0.284342 0.758303 0.127123
v 0.288289 0.792348 0.150348
v 0.254031 0.783414 0.164770
v 0.256233 0.811411 0.188589
v 0.289831 0.822858 0.177143
v 0.180602 0.500000 0.113782
v 0.181866 0.545264 0.115340
v 0.145580 0.500000 0.145580
v 0.146982 0.545011 0.146982
v 0.151101 0.589281 0.151101
v 0.185524 0.589798 0.119972
v 0.191333 0.632871 0.127562
v 0.157759 0.632067 0.157760
v 0.166600 0.672624 0.166600
v 0.198895 0.673755 0.137808
v 0.207653 0.711711 0.150348
v 0.177143 0.710169 0.177142
v 0.188589 0.743767 0.188589
v 0.216586 0.745969 0.164770
v 0.224289 0.775711 0.180899
v 0.248622 0.751378 0.144505
v 0.216586 0.745969 0.164770
v 0.254031 0.783414 0.164770
v 0.199946 0.772129 0.199946
v 0.188589 0.743767 0.188589
v 0.227871 0.800054 0.199946
v 0.256233 0.811411 0.188589
v 0.500000 0.550775 0.002542
v 0.550775 0.500000 0.002542
v 0.500000 0.500000 0.000000
v 0.550537 0.550537 0.005049
v 0.549903 0.600347 0.012492
v 0.500000 0.600810 0.010080
v 0.599105 0.599105 0.019673
v 0.600347 0.549903 0.012492
v 0.600810 0.500000 0.010080
v 0.649397 0.500000 0.022448
v 0.648732 0.548991 0.024719
v 0.646931 0.597307 0.031507
v 0.692808 0.595202 0.047741
v 0.695120 0.547933 0.041442
v 0.695961 0.500000 0.039341
v 0.740008 0.500000 0.060418
v 0.739012 0.546865 0.062335
v 0.736232 0.593054 0.068087
v 0.776873 0.591153 0.092252
v 0.780096 0.545929 0.087068
v 0.781229 0.500000 0.085336
v 0.819398 0.500000 0.113782
v 0.818134 0.545264 0.115340
v 0.814476 0.589798 0.119972
v 0.848899 0.589281 0.151101
v 0.853018 0.545011 0.146982
v 0.854420 0.500000 0.145580
v 0.548991 0.648732 0.024719
v 0.547933 0.695120 0.041442
v 0.500000 0.695961 0.039341
v 0.595202 0.692808 0.047741
v 0.597307 0.646931 0.031507
v 0.644291 0.644292 0.042737
v 0.641155 0.689363 0.058195
v 0.685184 0.685184 0.072609
v 0.689362 0.641155 0.058195
v 0.731999 0.637894 0.077634
v 0.726742 0.680738 0.090766
v 0.765478 0.676691 0.112531
v 0.771859 0.634971 0.100822
v 0.808667 0.632871 0.127562
v 0.801105 0.673755 0.137808
v 0.833400 0.672624 0.166600
v 0.842241 0.632067 0.157760
v 0.546865 0.739012 0.062335
v 0.500000 0.740008 0.060418
v 0.545929 0.780096 0.087068
v 0.500000 0.781229 0.085336
v 0.591153 0.776873 0.092252
v 0.593054 0.736232 0.068087
v 0.637894 0.731999 0.077634
v 0.634971 0.771859 0.100822
v 0.676691 0.765478 0.112531
v 0.680737 0.726742 0.090766
v 0.720997 0.720998 0.107276
v 0.715658 0.758303 0.127123
v 0.751378 0.751378 0.144505
v 0.758303 0.715659 0.127123
v 0.792347 0.711711 0.150348
v 0.783414 0.745969 0.164770
v 0.811411 0.743767 0.188589
v 0.822858 0.710169 0.177143
v 0.545264 0.818134 0.115341
v 0.500000 0.819398 0.113782
v 0.545011 0.853018 0.146983
v 0.589281 0.848899 0.151101
v 0.589798 0.814476 0.119972
v 0.632871 0.808667 0.127562
v 0.632067 0.842241 0.157760
v 0.672624 0.833400 0.166600
v 0.673755 0.801105 0.137808
v 0.711711 0.792348 0.150348
v 0.710169 0.822858 0.177143
v 0.743767 0.811411 0.188589
v 0.745969 0.783414 0.164770
v 0.775711 0.775711 0.180899
v 0.783414 0.745969 0.164770
v 0.745969 0.783414 0.164770
v 0.772129 0.800054 0.199946
v 0.791188 0.791189 0.208812
v 0.800054 0.772129 0.199946
v 0.550537 0.449463 0.005049
v 0.500000 0.449225 0.002542
v 0.550775 0.500000 0.002542
v 0.600347 0.450098 0.012492
v 0.600810 0.500000 0.010080
v 0.599104 0.400896 0.019673
v 0.549903 0.399653 0.012492
v 0.500000 0.399191 0.010080
v 0.548991 0.351268 0.024719
v 0.500000 0.350603 0.022448
v 0.597307 0.353069 0.031507
v 0.595202 0.307192 0.047741
v 0.547933 0.304881 0.041442
v 0.500000 0.304039 0.039341
v 0.546865 0.260988 0.062335
v 0.500000 0.259992 0.060418
v 0.593054 0.263768 0.068087
v 0.591153 0.223127 0.092252
v 0.545929 0.219904 0.087068
v 0.500000 0.218771 0.085336
v 0.545264 0.181866 0.115340
v 0.500000 0.180602 0.113782
v 0.589798 0.185524 0.119972
v 0.589281 0.151101 0.151101
v 0.545011 0.146983 0.146982
v 0.500000 0.145581 0.145580
v 0.648732 0.451009 0.024719
v 0.695119 0.452067 0.041442
v 0.695961 0.500000 0.039341
v 0.692808 0.404798 0.047741
v 0.646931 0.402693 0.031507
v 0.644291 0.355709 0.042737
v 0.689362 0.358845 0.058195
v 0.685184 0.314816 0.072609
v 0.641155 0.310638 0.058195
v 0.637894 0.268001 0.077634
v 0.680737 0.273258 0.090766
v 0.676691 0.234522 0.112530
v 0.634971 0.228141 0.100822
v 0.632871 0.191333 0.127562
v 0.673755 0.198895 0.137808
v 0.672624 0.166600 0.166600
v 0.632067 0.157760 0.157759
v 0.739012 0.453135 0.062335
v 0.740008 0.500000 0.060418
v 0.780096 0.454072 0.087068
v 0.781229 0.500000 0.085336
v 0.776873 0.408847 0.092252
v 0.736232 0.406946 0.068087
v 0.731999 0.362106 0.077634
v 0.771859 0.365029 0.100822
v 0.765478 0.323309 0.112530
v 0.726742 0.319263 0.090766
v 0.720998 0.279003 0.107276
v 0.758303 0.284342 0.127122
v 0.751378 0.248622 0.144505
v 0.715658 0.241697 0.127123
v 0.711711 0.207653 0.150348
v 0.745969 0.216586 0.164770
v 0.743767 0.188589 0.188589
v 0.710169 0.177143 0.177142
v 0.818134 0.454736 0.115340
v 0.819398 0.500000 0.113782
v 0.853018 0.454989 0.146982
v 0.848899 0.410719 0.151101
v 0.814476 0.410202 0.119972
v 0.808667 0.367129 0.127562
v 0.842241 0.367933 0.157759
v 0.833400 0.327376 0.166600
v 0.801105 0.326245 0.137808
v 0.792348 0.288289 0.150348
v 0.822858 0.289831 0.177142
v 0.811411 0.256233 0.188589
v 0.783414 0.254031 0.164770
v 0.751378 0.248622 0.144505
v 0.775711 0.224289 0.180898
v 0.783414 0.254031 0.164770
v 0.800054 0.227871 0.199945
v 0.791188 0.208812 0.208811
v 0.772129 0.199946 0.199945
v 0.449463 0.449463 0.005049
v 0.500000 0.500000 0.000000
v 0.450097 0.399653 0.012492
v 0.500000 0.399191 0.010080
v 0.400895 0.400896 0.019673
v 0.399653 0.450098 0.012492
v 0.399191 0.500000 0.010080
v 0.351268 0.451009 0.024719
v 0.350603 0.500000 0.022448
v 0.353069 0.402693 0.031507
v 0.307192 0.404798 0.047741
v 0.304880 0.452067 0.041442
v 0.304039 0.500000 0.039341
v 0.260988 0.453135 0.062335
v 0.259992 0.500000 0.060418
v 0.263768 0.406946 0.068087
v 0.223127 0.408847 0.092252
v 0.219904 0.454072 0.087068
v 0.218771 0.500000 0.085336
v 0.181866 0.454736 0.115340
v 0.180602 0.500000 0.113782
v 0.185524 0.410202 0.119972
v 0.151101 0.410719 0.151101
v 0.146982 0.454989 0.146982
v 0.451009 0.351268 0.024719
v 0.452067 0.304881 0.041442
v 0.500000 0.304039 0.039341
v 0.404798 0.307192 0.047741
v 0.402693 0.353069 0.031507
v 0.355709 0.355709 0.042737
v 0.358845 0.310638 0.058195
v 0.314816 0.314816 0.072609
v 0.310638 0.358845 0.058195
v 0.268001 0.362106 0.077634
v 0.273258 0.319263 0.090766
v 0.234522 0.323309 0.112530
v 0.228141 0.365029 0.100822
v 0.191333 0.367129 0.127562
v 0.198895 0.326245 0.137808
v 0.157759 0.367933 0.157759
v 0.453135 0.260988 0.062335
v 0.500000 0.259992 0.060418
v 0.454071 0.219904 0.087068
v 0.500000 0.218771 0.085336
v 0.408847 0.223127 0.092252
v 0.406946 0.263768 0.068087
v 0.362106 0.268001 0.077634
v 0.365029 0.228141 0.100822
v 0.323309 0.234522 0.112530
v 0.319263 0.273258 0.090766
v 0.279003 0.279003 0.107276
v 0.284342 0.241697 0.127122
v 0.248622 0.248622 0.144505
v 0.241697 0.284342 0.127123
v 0.207653 0.288289 0.150348
v 0.216586 0.254031 0.164770
v 0.177142 0.289831 0.177142
v 0.454736 0.181866 0.115340
v 0.454989 0.146983 0.146982
v 0.410719 0.151101 0.151101
v 0.410202 0.185524 0.119972
v 0.367129 0.191333 0.127562
v 0.367933 0.157760 0.157759
v 0.327376 0.166600 0.166600
v 0.326245 0.198895 0.137808
v 0.288289 0.207653 0.150348
v 0.323309 0.234522 0.112530
v 0.326245 0.198895 0.137808
v 0.284342 0.241697 0.127122
v 0.289831 0.177143 0.177142
v 0.327376 0.166600 0.166600
v 0.256233 0.188589 0.188589
v 0.254031 0.216586 0.164770
v 0.248622 0.248622 0.144505
v 0.224289 0.224289 0.180898
v 0.216586 0.254031 0.164770
v 0.227871 0.199946 0.199945
v 0.256233 0.188589 0.188589
v 0.208812 0.208812 0.208811
v 0.199946 0.227871 0.199946
v 0.188589 0.256233 0.188589
v 0.997458 0.500000 0.449225
v 0.997458 0.550775 0.500000
v 1.000000 0.500000 0.500000
v 0.994951 0.550537 0.449463
v 0.989920 0.500000 0.399191
v 0.987508 0.549903 0.399653
v 0.980327 0.599105 0.400896
v 0.987508 0.600347 0.450097
v 0.989920 0.600810 0.500000
v 0.975281 0.648732 0.451009
v 0.977552 0.649397 0.500000
v 0.968493 0.646931 0.402693
v 0.952259 0.692808 0.404798
v 0.958558 0.695120 0.452067
v 0.960659 0.695961 0.500000
v 0.937665 0.739012 0.453135
v 0.939582 0.740008 0.500000
v 0.931913 0.736232 0.406946
v 0.907748 0.776873 0.408847
v 0.912932 0.780096 0.454072
v 0.914664 0.781229 0.500000
v 0.884660 0.818134 0.454736
v 0.886218 0.819398 0.500000
v 0.880028 0.814476 0.410202
v 0.848899 0.848899 0.410719
v 0.853018 0.853018 0.454989
v 0.854420 0.854420 0.500000
v 0.977552 0.500000 0.350603
v 0.975281 0.548991 0.351268
v 0.960659 0.500000 0.304039
v 0.958558 0.547933 0.304881
v 0.952259 0.595202 0.307192
v 0.968493 0.597307 0.353069
v 0.957263 0.644291 0.355709
v 0.941805 0.641155 0.310638
v 0.927391 0.685184 0.314816
v 0.941805 0.689362 0.358845
v 0.922366 0.731999 0.362106
v 0.909234 0.726742 0.319263
v 0.887469 0.765478 0.323309
v 0.899178 0.771859 0.365029
v 0.872438 0.808667 0.367129
v 0.862192 0.801105 0.326245
v 0.833400 0.833400 0.327376
v 0.842241 0.842241 0.367933
v 0.939582 0.500000 0.259992
v 0.937665 0.546865 0.260988
v 0.914664 0.500000 0.218771
v 0.912932 0.545929 0.219904
v 0.907748 0.591153 0.223127
v 0.931913 0.593054 0.263768
v 0.922366 0.637894 0.268001
v 0.899178 0.634971 0.228141
v 0.887469 0.676691 0.234522
v 0.909234 0.680738 0.273258
v 0.892724 0.720998 0.279003
v 0.872877 0.715658 0.241697
v 0.855495 0.751378 0.248622
v 0.872877 0.758303 0.284342
v 0.849652 0.792348 0.288289
v 0.835230 0.783414 0.254031
v 0.811411 0.811411 0.256233
v 0.822857 0.822858 0.289831
v 0.886218 0.500000 0.180602
v 0.884660 0.545264 0.181866
v 0.854420 0.500000 0.145580
v 0.853018 0.545011 0.146982
v 0.848899 0.589281 0.151101
v 0.880028 0.589798 0.185524
v 0.872438 0.632871 0.191333
v 0.842241 0.632067 0.157760
v 0.833400 0.672624 0.166600
v 0.862192 0.673755 0.198895
v 0.849652 0.711711 0.207653
v 0.822858 0.710169 0.177143
v 0.811411 0.743767 0.188589
v 0.835230 0.745969 0.216586
v 0.819101 0.775711 0.224289
v 0.855495 0.751378 0.248622
v 0.835230 0.745969 0.216586
v 0.835230 0.783414 0.254031
v 0.800054 0.772129 0.199946
v 0.791188 0.791189 0.208812
v 0.800054 0.800054 0.227871
v 0.997458 0.550775 0.500000
v 0.997458 0.500000 0.550775
v 0.994951 0.550537 0.550537
v 0.987508 0.600347 0.549903
v 0.989920 0.600810 0.500000
v 0.980327 0.599104 0.599105
v 0.987508 0.549903 0.600347
v 0.989920 0.500000 0.600810
v 0.977552 0.500000 0.649397
v 0.975281 0.548991 0.648732
v 0.968493 0.597307 0.646931
v 0.952259 0.595202 0.692808
v 0.958558 0.547933 0.695120
v 0.960659 0.500000 0.695961
v 0.939582 0.500000 0.740008
v 0.937665 0.546865 0.739012
v 0.931913 0.593054 0.736232
v 0.907748 0.591153 0.776873
v 0.912932 0.545928 0.780096
v 0.914664 0.500000 0.781229
v 0.886218 0.500000 0.819398
v 0.884660 0.545264 0.818134
v 0.880028 0.589798 0.814476
v 0.848899 0.589281 0.848899
v 0.853018 0.545011 0.853018
v 0.854420 0.500000 0.854420
v 0.975281 0.648732 0.548991
v 0.977552 0.649397 0.500000
v 0.958558 0.695119 0.547933
v 0.960659 0.695961 0.500000
v 0.952259 0.692808 0.595202
v 0.968493 0.646931 0.597307
v 0.957263 0.644291 0.644291
v 0.941805 0.689362 0.641155
v 0.927391 0.685184 0.685184
v 0.941805 0.641155 0.689362
v 0.922366 0.637894 0.731999
v 0.909234 0.680737 0.726742
v 0.887469 0.676691 0.765478
v 0.899178 0.634971 0.771859
v 0.872438 0.632871 0.808667
v 0.862192 0.673755 0.801105
v 0.833400 0.672624 0.833400
v 0.842241 0.632067 0.842241
v 0.937665 0.739012 0.546865
v 0.912932 0.780096 0.545929
v 0.914664 0.781229 0.500000
v 0.907748 0.776873 0.591153
v 0.931913 0.736232 0.593054
v 0.922366 0.731999 0.637894
v 0.899178 0.771859 0.634971
v 0.887469 0.765478 0.676691
v 0.909234 0.726742 0.680738
v 0.892724 0.720997 0.720998
v 0.872877 0.758303 0.715658
v 0.855495 0.751378 0.751378
v 0.872877 0.715658 0.758303
v 0.849652 0.711711 0.792348
v 0.835230 0.745969 0.783414
v 0.811411 0.743767 0.811411
v 0.822857 0.710169 0.822858
v 0.884660 0.818134 0.545264
v 0.886218 0.819398 0.500000
v 0.853018 0.853018 0.545011
v 0.848899 0.848899 0.589281
v 0.880028 0.814476 0.589798
v 0.872438 0.808667 0.632871
v 0.842241 0.842240 0.632067
v 0.833400 0.833400 0.672624
v 0.862192 0.801105 0.673755
v 0.849652 0.792347 0.711711
v 0.822858 0.822858 0.710169
v 0.811411 0.811411 0.743767
v 0.835230 0.783414 0.745969
v 0.855495 0.751378 0.751378
v 0.819101 0.775711 0.775711
v 0.835230 0.745969 0.783414
v 0.835230 0.783414 0.745969
v 0.800054 0.800054 0.772129
v 0.791188 0.791188 0.791189
v 0.800054 0.772129 0.800054
v 0.811411 0.743767 0.811411
v 0.994951 0.449463 0.550537
v 0.997458 0.449225 0.500000
v 0.997458 0.500000 0.550775
v 0.987508 0.450097 0.600347
v 0.980327 0.400895 0.599104
v 0.987508 0.399653 0.549903
v 0.989920 0.399190 0.500000
v 0.975281 0.351268 0.548991
v 0.977552 0.350603 0.500000
v 0.968493 0.353069 0.597307
v 0.952259 0.307192 0.595202
v 0.958558 0.304880 0.547933
v 0.960659 0.304039 0.500000
v 0.937665 0.260988 0.546865
v 0.939582 0.259992 0.500000
v 0.931913 0.263768 0.593054
v 0.907748 0.223127 0.591153
v 0.912932 0.219904 0.545928
v 0.914664 0.218771 0.500000
v 0.884660 0.181866 0.545264
v 0.886218 0.180602 0.500000
v 0.880028 0.185524 0.589798
v 0.848899 0.151101 0.589281
v 0.853018 0.146982 0.545011
v 0.854420 0.145580 0.500000
v 0.975281 0.451009 0.648732
v 0.977552 0.500000 0.649397
v 0.958558 0.452067 0.695119
v 0.952259 0.404798 0.692808
v 0.968493 0.402693 0.646931
v 0.957263 0.355709 0.644291
v 0.941805 0.358845 0.689362
v 0.927391 0.314816 0.685184
v 0.941805 0.310638 0.641155
v 0.922366 0.268001 0.637894
v 0.909234 0.273258 0.680737
v 0.887469 0.234522 0.676691
v 0.899178 0.228141 0.634971
v 0.872438 0.191333 0.632871
v 0.862192 0.198895 0.673755
v 0.833400 0.166600 0.672624
v 0.842241 0.157759 0.632067
v 0.937665 0.453135 0.739012
v 0.912932 0.454071 0.780096
v 0.907748 0.408847 0.776873
v 0.931913 0.406946 0.736232
v 0.922366 0.362106 0.731999
v 0.899178 0.365029 0.771859
v 0.887469 0.323309 0.765478
v 0.909234 0.319262 0.726742
v 0.892724 0.279002 0.720997
v 0.872877 0.284342 0.758303
v 0.855495 0.248622 0.751378
v 0.872877 0.241697 0.715658
v 0.849652 0.207652 0.711711
v 0.835230 0.216586 0.745969
v 0.811411 0.188589 0.743767
v 0.822857 0.177142 0.710169
v 0.884660 0.454736 0.818134
v 0.886218 0.500000 0.819398
v 0.853018 0.454989 0.853018
v 0.854420 0.500000 0.854420
v 0.848899 0.410719 0.848899
v 0.880028 0.410202 0.814476
v 0.872438 0.367129 0.808667
v 0.842241 0.367933 0.842240
v 0.833400 0.327376 0.833400
v 0.862192 0.326245 0.801105
v 0.849652 0.288289 0.792347
v 0.822858 0.289831 0.822858
v 0.811411 0.256233 0.811411
v 0.835230 0.254031 0.783414
v 0.819101 0.224289 0.775711
v 0.835230 0.216586 0.745969
v 0.835230 0.254031 0.783414
v 0.800054 0.227871 0.800054
v 0.811411 0.256233 0.811411
v 0.791188 0.208811 0.791188
v 0.800054 0.199946 0.772129
v 0.994951 0.449463 0.449463
v 0.997458 0.449225 0.500000
v 0.987508 0.399653 0.450097
v 0.980327 0.400896 0.400895
v 0.987508 0.450097 0.399653
v 0.989920 0.500000 0.399191
v 0.975281 0.451009 0.351268
v 0.968493 0.402693 0.353069
v 0.952259 0.404798 0.307192
v 0.958558 0.452067 0.304880
v 0.937665 0.453135 0.260988
v 0.931913 0.406946 0.263768
v 0.907748 0.408847 0.223127
v 0.912932 0.454072 0.219904
v 0.914664 0.500000 0.218771
v 0.884660 0.454736 0.181866
v 0.886218 0.500000 0.180602
v 0.880028 0.410202 0.185524
v 0.848899 0.410719 0.151101
v 0.853018 0.454989 0.146982
v 0.854420 0.500000 0.145580
v 0.975281 0.351268 0.451009
v 0.977552 0.350603 0.500000
v 0.958558 0.304881 0.452067
v 0.960659 0.304039 0.500000
v 0.952259 0.307192 0.404798
v 0.968493 0.353069 0.402693
v 0.957263 0.355709 0.355709
v 0.941805 0.310638 0.358845
v 0.927391 0.314816 0.314816
v 0.941805 0.358845 0.310638
v 0.922366 0.362106 0.268001
v 0.909234 0.319263 0.273258
v 0.887469 0.323309 0.234522
v 0.899178 0.365029 0.228141
v 0.872438 0.367129 0.191333
v 0.862192 0.326245 0.198895
v 0.833400 0.327376 0.166600
v 0.842241 0.367933 0.157759
v 0.937665 0.260988 0.453135
v 0.939582 0.259992 0.500000
v 0.912932 0.219904 0.454071
v 0.914664 0.218771 0.500000
v 0.907748 0.223127 0.408847
v 0.931913 0.263768 0.406946
v 0.922366 0.268001 0.362106
v 0.899178 0.228141 0.365029
v 0.887469 0.234522 0.323309
v 0.909234 0.273258 0.319262
v 0.892724 0.279003 0.279002
v 0.872877 0.241697 0.284342
v 0.855495 0.248622 0.248622
v 0.872877 0.284342 0.241697
v 0.849652 0.288289 0.207652
v 0.835230 0.254031 0.216586
v 0.811411 0.256233 0.188589
v 0.822858 0.289831 0.177142
v 0.884660 0.181866 0.454736
v 0.886218 0.180602 0.500000
v 0.853018 0.146982 0.454989
v 0.848899 0.151101 0.410719
v 0.880028 0.185524 0.410202
v 0.872438 0.191333 0.367129
v 0.842241 0.157760 0.367933
v 0.833400 0.166600 0.327376
v 0.862192 0.198895 0.326245
v 0.849652 0.207653 0.288289
v 0.822858 0.177142 0.289831
v 0.811411 0.188589 0.256233
v 0.835230 0.216586 0.254031
v 0.819101 0.224289 0.224289
v 0.855495 0.248622 0.248622
v 0.835230 0.254031 0.216586
v 0.800054 0.199946 0.227871
v 0.791188 0.208812 0.208811
v 0.800054 0.227871 0.199945
v 0.550775 0.500000 0.997458
v 0.500000 0.550775 0.997458
v 0.500000 0.500000 1.000000
v 0.550537 0.550537 0.994951
v 0.600809 0.500000 0.989920
v 0.600347 0.549902 0.987508
v 0.599104 0.599104 0.980327
v 0.549903 0.600347 0.987508
v 0.500000 0.600809 0.989920
v 0.548991 0.648732 0.975281
v 0.500000 0.649397 0.977552
v 0.597307 0.646931 0.968493
v 0.595202 0.692808 0.952259
v 0.547933 0.695119 0.958558
v 0.500000 0.695961 0.960659
v 0.546865 0.739012 0.937665
v 0.500000 0.740008 0.939582
v 0.593054 0.736232 0.931913
v 0.591153 0.776873 0.907748
v 0.545929 0.780096 0.912932
v 0.500000 0.781229 0.914664
v 0.545264 0.818134 0.884660
v 0.500000 0.819398 0.886218
v 0.589798 0.814476 0.880028
v 0.589281 0.848899 0.848899
v 0.545011 0.853017 0.853018
v 0.500000 0.854419 0.854420
v 0.649397 0.500000 0.977552
v 0.648732 0.548991 0.975281
v 0.695961 0.500000 0.960659
v 0.695119 0.547933 0.958558
v 0.692808 0.595202 0.952259
v 0.646931 0.597307 0.968493
v 0.644291 0.644291 0.957263
v 0.689362 0.641155 0.941805
v 0.685184 0.685184 0.927391
v 0.641155 0.689362 0.941805
v 0.637894 0.731999 0.922366
v 0.680737 0.726742 0.909234
v 0.676691 0.765478 0.887470
v 0.634971 0.771859 0.899178
v 0.632871 0.808667 0.872438
v 0.673755 0.801105 0.862192
v 0.672624 0.833400 0.833400
v 0.632067 0.842240 0.842241
v 0.740008 0.500000 0.939582
v 0.739012 0.546865 0.937665
v 0.781229 0.500000 0.914664
v 0.780096 0.545928 0.912932
v 0.776873 0.591153 0.907748
v 0.736232 0.593054 0.931913
v 0.731999 0.637894 0.922366
v 0.771859 0.634971 0.899178
v 0.765478 0.676691 0.887470
v 0.726742 0.680737 0.909234
v 0.720998 0.720997 0.892724
v 0.758303 0.715658 0.872878
v 0.751378 0.751378 0.855495
v 0.715658 0.758303 0.872877
v 0.711711 0.792347 0.849652
v 0.745969 0.783414 0.835230
v 0.743767 0.811411 0.811411
v 0.710169 0.822857 0.822858
v 0.819398 0.500000 0.886218
v 0.818134 0.545264 0.884660
v 0.848899 0.589281 0.848899
v 0.814476 0.589798 0.880028
v 0.808667 0.632871 0.872438
v 0.842241 0.632067 0.842241
v 0.801105 0.673755 0.862192
v 0.792347 0.711711 0.849652
v 0.811411 0.743767 0.811411
v 0.783414 0.745969 0.835230
v 0.775711 0.775711 0.819102
v 0.783414 0.745969 0.835230
v 0.791188 0.791188 0.791189
v 0.772129 0.800054 0.800055
v 0.743767 0.811411 0.811411
v 0.500000 0.550775 0.997458
v 0.449225 0.500000 0.997458
v 0.500000 0.500000 1.000000
v 0.449463 0.550537 0.994951
v 0.450097 0.600347 0.987508
v 0.500000 0.600809 0.989920
v 0.400895 0.599104 0.980327
v 0.399653 0.549902 0.987508
v 0.399190 0.500000 0.989920
v 0.350603 0.500000 0.977552
v 0.351268 0.548991 0.975281
v 0.353069 0.597307 0.968493
v 0.307192 0.595202 0.952259
v 0.304880 0.547933 0.958558
v 0.304039 0.500000 0.960659
v 0.259992 0.500000 0.939582
v 0.260988 0.546865 0.937665
v 0.263768 0.593054 0.931913
v 0.223127 0.591153 0.907748
v 0.219904 0.545928 0.912932
v 0.218771 0.500000 0.914664
v 0.180602 0.500000 0.886218
v 0.181866 0.545264 0.884660
v 0.185524 0.589798 0.880028
v 0.146982 0.545011 0.853018
v 0.451009 0.648732 0.975281
v 0.500000 0.649397 0.977552
v 0.452067 0.695119 0.958558
v 0.500000 0.695961 0.960659
v 0.404798 0.692808 0.952259
v 0.402693 0.646931 0.968493
v 0.355709 0.644291 0.957263
v 0.358845 0.689362 0.941805
v 0.314816 0.685184 0.927391
v 0.310638 0.641155 0.941805
v 0.268001 0.637894 0.922366
v 0.273258 0.680737 0.909234
v 0.234522 0.676691 0.887470
v 0.228141 0.634971 0.899178
v 0.191333 0.632871 0.872438
v 0.198895 0.673755 0.862192
v 0.157759 0.632067 0.842241
v 0.453135 0.739012 0.937665
v 0.500000 0.740008 0.939582
v 0.454071 0.780096 0.912932
v 0.500000 0.781229 0.914664
v 0.408847 0.776873 0.907748
v 0.406946 0.736232 0.931913
v 0.362106 0.731999 0.922366
v 0.365029 0.771859 0.899178
v 0.323309 0.765478 0.887470
v 0.319263 0.726742 0.909234
v 0.279003 0.720997 0.892724
v 0.284342 0.758303 0.872878
v 0.248622 0.751378 0.855495
v 0.241697 0.715658 0.872877
v 0.207653 0.711711 0.849652
v 0.216586 0.745969 0.835230
v 0.177142 0.710169 0.822858
v 0.454736 0.818134 0.884660
v 0.500000 0.819398 0.886218
v 0.454989 0.853017 0.853018
v 0.500000 0.854419 0.854420
v 0.410719 0.848899 0.848899
v 0.410202 0.814476 0.880028
v 0.367129 0.808667 0.872438
v 0.367933 0.842240 0.842241
v 0.327376 0.833400 0.833400
v 0.326245 0.801105 0.862192
v 0.288289 0.792347 0.849652
v 0.289831 0.822857 0.822858
v 0.256233 0.811411 0.811411
v 0.254031 0.783414 0.835230
v 0.248622 0.751378 0.855495
v 0.224289 0.775711 0.819102
v 0.216586 0.745969 0.835230
v 0.227871 0.800054 0.800055
v 0.256233 0.811411 0.811411
v 0.208812 0.791188 0.791189
v 0.199946 0.772129 0.800054
v 0.188589 0.743767 0.811411
v 0.449463 0.449463 0.994951
v 0.500000 0.449225 0.997458
v 0.399653 0.450097 0.987508
v 0.400896 0.400895 0.980327
v 0.450097 0.399653 0.987508
v 0.500000 0.399190 0.989920
v 0.451009 0.351268 0.975281
v 0.500000 0.350603 0.977552
v 0.402693 0.353069 0.968493
v 0.404798 0.307192 0.952259
v 0.452067 0.304880 0.958558
v 0.500000 0.304039 0.960659
v 0.453135 0.260988 0.937665
v 0.500000 0.259992 0.939582
v 0.406946 0.263768 0.931913
v 0.408847 0.223127 0.907748
v 0.454071 0.219904 0.912932
v 0.500000 0.218771 0.914664
v 0.454736 0.181866 0.884659
v 0.500000 0.180602 0.886218
v 0.410202 0.185524 0.880028
v 0.410719 0.151101 0.848899
v 0.454989 0.146982 0.853017
v 0.500000 0.145580 0.854419
v 0.351268 0.451009 0.975281
v 0.350603 0.500000 0.977552
v 0.304881 0.452067 0.958558
v 0.307192 0.404798 0.952259
v 0.353069 0.402693 0.968493
v 0.355709 0.355708 0.957263
v 0.310638 0.358845 0.941805
v 0.314816 0.314816 0.927391
v 0.358845 0.310637 0.941805
v 0.362106 0.268001 0.922366
v 0.319263 0.273258 0.909234
v 0.323309 0.234522 0.887469
v 0.365029 0.228141 0.899178
v 0.367129 0.191333 0.872438
v 0.326245 0.198895 0.862192
v 0.327376 0.166600 0.833400
v 0.367933 0.157759 0.842240
v 0.260988 0.453135 0.937665
v 0.259992 0.500000 0.939582
v 0.219904 0.454071 0.912932
v 0.223127 0.408847 0.907748
v 0.263768 0.406946 0.931913
v 0.268001 0.362106 0.922366
v 0.228141 0.365029 0.899178
v 0.234522 0.323309 0.887469
v 0.273258 0.319262 0.909234
v 0.279002 0.279002 0.892724
v 0.241697 0.284341 0.872877
v 0.248622 0.248622 0.855495
v 0.284342 0.241697 0.872877
v 0.288289 0.207652 0.849652
v 0.254031 0.216586 0.835230
v 0.256233 0.188589 0.811411
v 0.289831 0.177142 0.822857
v 0.181866 0.454736 0.884660
v 0.180602 0.500000 0.886218
v 0.146982 0.454989 0.853018
v 0.151101 0.410719 0.848899
v 0.185524 0.410202 0.880028
v 0.191333 0.367129 0.872438
v 0.157759 0.367933 0.842240
v 0.198895 0.326245 0.862192
v 0.207653 0.288289 0.849652
v 0.177143 0.289831 0.822858
v 0.216586 0.254031 0.835230
v 0.248622 0.248622 0.855495
v 0.224289 0.224289 0.819101
v 0.254031 0.216586 0.835230
v 0.216586 0.254031 0.835230
v 0.188589 0.256233 0.811411
v 0.227871 0.199946 0.800054
v 0.550537 0.449463 0.994951
v 0.500000 0.500000 1.000000
v 0.500000 0.449225 0.997458
v 0.550775 0.500000 0.997458
v 0.549903 0.399653 0.987508
v 0.500000 0.399190 0.989920
v 0.599105 0.400895 0.980327
v 0.600347 0.450097 0.987508
v 0.600809 0.500000 0.989920
v 0.648732 0.451009 0.975281
v 0.649397 0.500000 0.977552
v 0.646931 0.402693 0.968493
v 0.692808 0.404798 0.952259
v 0.695120 0.452067 0.958558
v 0.695961 0.500000 0.960659
v 0.739012 0.453135 0.937665
v 0.740008 0.500000 0.939582
v 0.736232 0.406946 0.931913
v 0.776873 0.408847 0.907748
v 0.780096 0.454071 0.912932
v 0.781229 0.500000 0.914664
v 0.818134 0.454736 0.884660
v 0.819398 0.500000 0.886218
v 0.814476 0.410202 0.880028
v 0.853018 0.454989 0.853018
v 0.548991 0.351268 0.975281
v 0.500000 0.350603 0.977552
v 0.547933 0.304880 0.958558
v 0.500000 0.304039 0.960659
v 0.595202 0.307192 0.952259
v 0.597307 0.353069 0.968493
v 0.644291 0.355708 0.957263
v 0.641155 0.310637 0.941805
v 0.685184 0.314816 0.927391
v 0.689362 0.358845 0.941805
v 0.731999 0.362106 0.922366
v 0.726742 0.319262 0.909234
v 0.765478 0.323309 0.887469
v 0.771859 0.365029 0.899178
v 0.808667 0.367129 0.872438
v 0.801105 0.326245 0.862192
v 0.833400 0.327376 0.833400
v 0.842241 0.367933 0.842240
v 0.546865 0.260988 0.937665
v 0.500000 0.259992 0.939582
v 0.545929 0.219904 0.912932
v 0.500000 0.218771 0.914664
v 0.591153 0.223127 0.907748
v 0.593054 0.263768 0.931913
v 0.637894 0.268001 0.922366
v 0.634971 0.228141 0.899178
v 0.676691 0.234522 0.887469
v 0.680737 0.273258 0.909234
v 0.720997 0.279002 0.892724
v 0.715658 0.241697 0.872877
v 0.751378 0.248622 0.855495
v 0.758303 0.284341 0.872877
v 0.792347 0.288289 0.849652
v 0.783414 0.254031 0.835230
v 0.811411 0.256233 0.811411
v 0.822858 0.289831 0.822858
v 0.545264 0.181866 0.884659
v 0.545011 0.146982 0.853017
v 0.589281 0.151101 0.848899
v 0.589798 0.185524 0.880028
v 0.632871 0.191333 0.872438
v 0.632067 0.157759 0.842240
v 0.672624 0.166600 0.833400
v 0.673755 0.198895 0.862192
v 0.711711 0.207652 0.849652
v 0.710169 0.177142 0.822857
v 0.743767 0.188589 0.811411
v 0.745969 0.216586 0.835230
v 0.775711 0.224289 0.819101
v 0.751378 0.248622 0.855495
v 0.783414 0.254031 0.835230
v 0.772129 0.199946 0.800054
v 0.800054 0.227871 0.800054
v 0.500000 0.002542 0.550775
v 0.449225 0.002542 0.500000
v 0.500000 0.000000 0.500000
v 0.449463 0.005049 0.550537
v 0.500000 0.010080 0.600809
v 0.450097 0.012492 0.600347
v 0.399653 0.012492 0.549902
v 0.400895 0.019673 0.599104
v 0.399190 0.010080 0.500000
v 0.350603 0.022448 0.500000
v 0.351268 0.024719 0.548991
v 0.353069 0.031507 0.597307
v 0.304880 0.041442 0.547933
v 0.307192 0.047741 0.595202
v 0.304039 0.039341 0.500000
v 0.259992 0.060418 0.500000
v 0.260988 0.062335 0.546865
v 0.263768 0.068087 0.593054
v 0.219904 0.087068 0.545928
v 0.223127 0.092252 0.591153
v 0.218771 0.085336 0.500000
v 0.180602 0.113782 0.500000
v 0.181866 0.115340 0.545264
v 0.185524 0.119972 0.589798
v 0.146982 0.146982 0.545011
v 0.151101 0.151101 0.589281
v 0.145580 0.145580 0.500000
v 0.500000 0.022448 0.649397
v 0.451009 0.024719 0.648732
v 0.500000 0.039341 0.695961
v 0.452067 0.041442 0.695119
v 0.402693 0.031507 0.646931
v 0.404798 0.047741 0.692808
v 0.355709 0.042737 0.644291
v 0.358845 0.058195 0.689362
v 0.310638 0.058195 0.641155
v 0.314816 0.072609 0.685184
v 0.268001 0.077634 0.637894
v 0.273258 0.090766 0.680737
v 0.228141 0.100822 0.634971
v 0.234522 0.112531 0.676691
v 0.191333 0.127562 0.632871
v 0.198895 0.137808 0.673755
v 0.157759 0.157759 0.632067
v 0.166600 0.166600 0.672624
v 0.500000 0.060418 0.740008
v 0.453135 0.062335 0.739012
v 0.500000 0.085336 0.781229
v 0.454071 0.087068 0.780096
v 0.406946 0.068087 0.736232
v 0.408847 0.092252 0.776873
v 0.362106 0.077634 0.731999
v 0.365029 0.100822 0.771859
v 0.319263 0.090766 0.726742
v 0.323309 0.112531 0.765478
v 0.279003 0.107276 0.720997
v 0.284342 0.127123 0.758303
v 0.241697 0.127123 0.715658
v 0.248622 0.144505 0.751378
v 0.207653 0.150348 0.711711
v 0.216586 0.164770 0.745969
v 0.177142 0.177142 0.710169
v 0.188589 0.188589 0.743767
v 0.500000 0.113782 0.819398
v 0.454736 0.115340 0.818134
v 0.500000 0.145580 0.854419
v 0.454989 0.146982 0.853017
v 0.410202 0.119972 0.814476
v 0.410719 0.151101 0.848899
v 0.367129 0.127562 0.808666
v 0.367933 0.157759 0.842240
v 0.326245 0.137808 0.801105
v 0.327376 0.166600 0.833400
v 0.288289 0.150348 0.792347
v 0.289831 0.177142 0.822857
v 0.254031 0.164770 0.783414
v 0.256233 0.188589 0.811411
v 0.254031 0.164770 0.783414
v 0.248622 0.144505 0.751378
v 0.224289 0.180899 0.775711
v 0.256233 0.188589 0.811411
v 0.227871 0.199946 0.800054
v 0.199946 0.199946 0.772129
v 0.208812 0.208811 0.791188
v 0.449225 0.002542 0.500000
v 0.500000 0.002542 0.449225
v 0.449463 0.005049 0.449463
v 0.399190 0.010080 0.500000
v 0.399653 0.012492 0.450097
v 0.450097 0.012492 0.399653
v 0.400896 0.019673 0.400895
v 0.500000 0.010080 0.399190
v 0.500000 0.022448 0.350603
v 0.451009 0.024719 0.351268
v 0.402693 0.031507 0.353069
v 0.452067 0.041442 0.304880
v 0.404798 0.047741 0.307192
v 0.500000 0.039341 0.304039
v 0.500000 0.060418 0.259992
v 0.453135 0.062335 0.260988
v 0.406946 0.068087 0.263768
v 0.454071 0.087068 0.219904
v 0.408847 0.092252 0.223127
v 0.500000 0.085336 0.218771
v 0.500000 0.113782 0.180602
v 0.454736 0.115341 0.181866
v 0.410202 0.119972 0.185524
v 0.454989 0.146983 0.146982
v 0.410719 0.151101 0.151101
v 0.500000 0.145581 0.145580
v 0.351268 0.024719 0.451009
v 0.304881 0.041442 0.452067
v 0.353069 0.031507 0.402693
v 0.307192 0.047741 0.404798
v 0.355709 0.042737 0.355708
v 0.310638 0.058195 0.358845
v 0.358845 0.058195 0.310637
v 0.314816 0.072609 0.314816
v 0.362106 0.077634 0.268001
v 0.319263 0.090766 0.273258
v 0.365029 0.100822 0.228141
v 0.323309 0.112531 0.234522
v 0.367129 0.127562 0.191333
v 0.326245 0.137808 0.198895
v 0.367933 0.157760 0.157759
v 0.327376 0.166600 0.166600
v 0.259992 0.060418 0.500000
v 0.260988 0.062335 0.453135
v 0.218771 0.085336 0.500000
v 0.219904 0.087068 0.454071
v 0.263768 0.068087 0.406946
v 0.223127 0.092252 0.408847
v 0.268001 0.077634 0.362106
v 0.228141 0.100822 0.365029
v 0.273258 0.090766 0.319262
v 0.234522 0.112531 0.323309
v 0.279002 0.107276 0.279002
v 0.241697 0.127123 0.284341
v 0.284342 0.127123 0.241697
v 0.248622 0.144505 0.248622
v 0.284342 0.127123 0.241697
v 0.326245 0.137808 0.198895
v 0.323309 0.112531 0.234522
v 0.288289 0.150348 0.207652
v 0.248622 0.144505 0.248622
v 0.254031 0.164770 0.216586
v 0.289831 0.177143 0.177142
v 0.256233 0.188589 0.188589
v 0.327376 0.166600 0.166600
v 0.181866 0.115340 0.454736
v 0.146982 0.146982 0.454989
v 0.185524 0.119972 0.410202
v 0.151101 0.151101 0.410719
v 0.191333 0.127562 0.367129
v 0.157759 0.157760 0.367933
v 0.198895 0.137808 0.326245
v 0.166600 0.166600 0.327376
v 0.207653 0.150348 0.288289
v 0.177143 0.177142 0.289831
v 0.216586 0.164770 0.254031
v 0.188589 0.188589 0.256233
v 0.216586 0.164770 0.254031
v 0.224289 0.180899 0.224289
v 0.199946 0.199946 0.227871
v 0.227871 0.199946 0.199945
v 0.208812 0.208812 0.208811
v 0.256233 0.188589 0.188589
v 0.500000 0.002542 0.449225
v 0.550775 0.002542 0.500000
v 0.550537 0.005049 0.449463
v 0.500000 0.010080 0.399190
v 0.549903 0.012492 0.399653
v 0.600347 0.012492 0.450097
v 0.599105 0.019673 0.400895
v 0.600810 0.010080 0.500000
v 0.649397 0.022448 0.500000
v 0.648732 0.024719 0.451009
v 0.646931 0.031507 0.402693
v 0.695120 0.041442 0.452067
v 0.692808 0.047741 0.404798
v 0.695961 0.039341 0.500000
v 0.740008 0.060418 0.500000
v 0.739012 0.062335 0.453135
v 0.736232 0.068087 0.406946
v 0.780096 0.087068 0.454071
v 0.776873 0.092252 0.408847
v 0.781229 0.085336 0.500000
v 0.819398 0.113782 0.500000
v 0.818134 0.115340 0.454736
v 0.814476 0.119972 0.410202
v 0.853018 0.146982 0.454989
v 0.848899 0.151101 0.410719
v 0.854420 0.145580 0.500000
v 0.500000 0.022448 0.350603
v 0.548991 0.024719 0.351268
v 0.547933 0.041442 0.304880
v 0.597307 0.031507 0.353069
v 0.595202 0.047741 0.307192
v 0.644291 0.042737 0.355708
v 0.641155 0.058195 0.310637
v 0.689362 0.058195 0.358845
v 0.685184 0.072609 0.314816
v 0.731999 0.077634 0.362106
v 0.726742 0.090766 0.319262
v 0.771859 0.100822 0.365029
v 0.765478 0.112531 0.323309
v 0.808667 0.127562 0.367129
v 0.801105 0.137808 0.326245
v 0.842241 0.157760 0.367933
v 0.833400 0.166600 0.327376
v 0.500000 0.060418 0.259992
v 0.546865 0.062335 0.260988
v 0.545929 0.087068 0.219904
v 0.593054 0.068087 0.263768
v 0.591153 0.092252 0.223127
v 0.637894 0.077634 0.268001
v 0.634971 0.100822 0.228141
v 0.680737 0.090766 0.273258
v 0.676691 0.112531 0.234522
v 0.720997 0.107276 0.279002
v 0.715658 0.127123 0.241697
v 0.758303 0.127123 0.284341
v 0.751378 0.144505 0.248622
v 0.792347 0.150348 0.288289
v 0.783414 0.164770 0.254031
v 0.822858 0.177142 0.289831
v 0.811411 0.188589 0.256233
v 0.500000 0.113782 0.180602
v 0.545264 0.115341 0.181866
v 0.500000 0.145581 0.145580
v 0.545011 0.146983 0.146982
v 0.589798 0.119972 0.185524
v 0.589281 0.151101 0.151101
v 0.632871 0.127562 0.191333
v 0.632067 0.157760 0.157759
v 0.673755 0.137808 0.198895
v 0.672624 0.166600 0.166600
v 0.711711 0.150348 0.207652
v 0.710169 0.177143 0.177142
v 0.745969 0.164770 0.216586
v 0.743767 0.188589 0.188589
v 0.745969 0.164770 0.216586
v 0.783414 0.164770 0.254031
v 0.775711 0.180899 0.224289
v 0.772129 0.199946 0.199945
v 0.800054 0.199946 0.227871
v 0.791188 0.208812 0.208811
v 0.550775 0.002542 0.500000
v 0.500000 0.002542 0.550775
v 0.500000 0.000000 0.500000
v 0.550537 0.005049 0.550537
v 0.600810 0.010080 0.500000
v 0.600347 0.012492 0.549902
v 0.549903 0.012492 0.600347
v 0.599104 0.019673 0.599104
v 0.500000 0.010080 0.600809
v 0.500000 0.022448 0.649397
v 0.548991 0.024719 0.648732
v 0.597307 0.031507 0.646931
v 0.547933 0.041442 0.695119
v 0.595202 0.047741 0.692808
v 0.500000 0.039341 0.695961
v 0.500000 0.060418 0.740008
v 0.546865 0.062335 0.739012
v 0.593054 0.068087 0.736232
v 0.545929 0.087068 0.780096
v 0.591153 0.092252 0.776873
v 0.500000 0.085336 0.781229
v 0.545264 0.115340 0.818134
v 0.589798 0.119972 0.814476
v 0.545011 0.146982 0.853017
v 0.589281 0.151101 0.848899
v 0.500000 0.145580 0.854419
v 0.649397 0.022448 0.500000
v 0.648732 0.024719 0.548991
v 0.695119 0.041442 0.547933
v 0.646931 0.031507 0.597307
v 0.692808 0.047741 0.595202
v 0.644291 0.042737 0.644291
v 0.689362 0.058195 0.641155
v 0.641155 0.058195 0.689362
v 0.685184 0.072609 0.685184
v 0.637894 0.077634 0.731999
v 0.680737 0.090766 0.726742
v 0.634971 0.100822 0.771859
v 0.676691 0.112531 0.765478
v 0.632871 0.127562 0.808667
v 0.673755 0.137808 0.801105
v 0.632067 0.157759 0.842240
v 0.672624 0.166600 0.833400
v 0.740008 0.060418 0.500000
v 0.739012 0.062335 0.546865
v 0.780096 0.087068 0.545928
v 0.736232 0.068087 0.593054
v 0.776873 0.092252 0.591153
v 0.731999 0.077634 0.637894
v 0.771859 0.100822 0.634971
v 0.726742 0.090766 0.680737
v 0.765478 0.112531 0.676691
v 0.720998 0.107276 0.720997
v 0.758303 0.127123 0.715658
v 0.715658 0.127123 0.758303
v 0.751378 0.144505 0.751378
v 0.711711 0.150348 0.792347
v 0.745969 0.164770 0.783414
v 0.710169 0.177142 0.822857
v 0.743767 0.188589 0.811411
v 0.819398 0.113782 0.500000
v 0.818134 0.115340 0.545264
v 0.853018 0.146982 0.545011
v 0.814476 0.119972 0.589798
v 0.848899 0.151101 0.589281
v 0.808667 0.127562 0.632871
v 0.842241 0.157759 0.632067
v 0.801105 0.137808 0.673755
v 0.833400 0.166600 0.672624
v 0.792347 0.150348 0.711711
v 0.822857 0.177142 0.710169
v 0.783414 0.164770 0.745969
v 0.811411 0.188589 0.743767
v 0.783414 0.164770 0.745969
v 0.751378 0.144505 0.751378
v 0.775711 0.180899 0.775711
v 0.800054 0.199946 0.772129
v 0.772129 0.199946 0.800054
v 0.791188 0.208811 0.791188
v 0.550775 0.997458 0.500000
v 0.500000 0.997458 0.550775
v 0.550537 0.994951 0.550537
v 0.500000 1.000000 0.500000
v 0.500000 0.989920 0.600810
v 0.549903 0.987508 0.600347
v 0.600347 0.987508 0.549903
v 0.599105 0.980327 0.599105
v 0.600810 0.989920 0.500000
v 0.649397 0.977552 0.500000
v 0.648732 0.975281 0.548991
v 0.646931 0.968493 0.597307
v 0.695120 0.958558 0.547933
v 0.692808 0.952259 0.595202
v 0.695961 0.960659 0.500000
v 0.740008 0.939582 0.500000
v 0.739012 0.937665 0.546865
v 0.736232 0.931913 0.593054
v 0.780096 0.912932 0.545929
v 0.776873 0.907748 0.591153
v 0.781229 0.914664 0.500000
v 0.819398 0.886218 0.500000
v 0.818134 0.884660 0.545264
v 0.814476 0.880028 0.589798
v 0.853018 0.853018 0.545011
v 0.848899 0.848899 0.589281
v 0.854420 0.854420 0.500000
v 0.500000 0.977552 0.649397
v 0.548991 0.975281 0.648732
v 0.500000 0.960659 0.695961
v 0.547933 0.958558 0.695120
v 0.597307 0.968493 0.646931
v 0.595202 0.952259 0.692808
v 0.644291 0.957263 0.644292
v 0.641155 0.941805 0.689363
v 0.689362 0.941805 0.641155
v 0.685184 0.927391 0.685184
v 0.731999 0.922366 0.637894
v 0.726742 0.909234 0.680738
v 0.771859 0.899178 0.634971
v 0.765478 0.887469 0.676691
v 0.808667 0.872438 0.632871
v 0.801105 0.862192 0.673755
v 0.842241 0.842240 0.632067
v 0.833400 0.833400 0.672624
v 0.500000 0.939582 0.740008
v 0.546865 0.937665 0.739012
v 0.500000 0.914664 0.781229
v 0.545929 0.912932 0.780096
v 0.593054 0.931913 0.736232
v 0.591153 0.907748 0.776873
v 0.637894 0.922366 0.731999
v 0.634971 0.899178 0.771859
v 0.680737 0.909234 0.726742
v 0.676691 0.887469 0.765478
v 0.720997 0.892724 0.720998
v 0.715658 0.872877 0.758303
v 0.758303 0.872877 0.715659
v 0.751378 0.855495 0.751378
v 0.792347 0.849652 0.711711
v 0.783414 0.835230 0.745969
v 0.822858 0.822858 0.710169
v 0.811411 0.811411 0.743767
v 0.500000 0.886218 0.819398
v 0.545264 0.884659 0.818134
v 0.500000 0.854419 0.854420
v 0.545011 0.853017 0.853018
v 0.589798 0.880028 0.814476
v 0.589281 0.848899 0.848899
v 0.632871 0.872438 0.808667
v 0.632067 0.842240 0.842241
v 0.673755 0.862192 0.801105
v 0.672624 0.833400 0.833400
v 0.711711 0.849652 0.792348
v 0.710169 0.822857 0.822858
v 0.745969 0.835230 0.783414
v 0.743767 0.811411 0.811411
v 0.783414 0.835230 0.745969
v 0.745969 0.835230 0.783414
v 0.775711 0.819101 0.775711
v 0.751378 0.855495 0.751378
v 0.772129 0.800054 0.800055
v 0.800054 0.800054 0.772129
v 0.791188 0.791188 0.791189
v 0.811411 0.811411 0.743767
v 0.500000 0.997458 0.449225
v 0.550775 0.997458 0.500000
v 0.550537 0.994951 0.449463
v 0.600810 0.989920 0.500000
v 0.600347 0.987508 0.450098
v 0.549903 0.987508 0.399653
v 0.599104 0.980327 0.400896
v 0.500000 0.989920 0.399191
v 0.500000 0.977552 0.350603
v 0.548991 0.975281 0.351268
v 0.597307 0.968493 0.353069
v 0.547933 0.958558 0.304881
v 0.595202 0.952259 0.307192
v 0.500000 0.960659 0.304039
v 0.500000 0.939582 0.259992
v 0.546865 0.937665 0.260988
v 0.593054 0.931913 0.263768
v 0.545929 0.912932 0.219904
v 0.591153 0.907748 0.223127
v 0.500000 0.914664 0.218771
v 0.500000 0.886218 0.180602
v 0.545264 0.884660 0.181866
v 0.589798 0.880028 0.185524
v 0.545011 0.853018 0.146983
v 0.589281 0.848899 0.151101
v 0.500000 0.854420 0.145581
v 0.649397 0.977552 0.500000
v 0.648732 0.975281 0.451009
v 0.695961 0.960659 0.500000
v 0.695119 0.958558 0.452067
v 0.646931 0.968493 0.402693
v 0.692808 0.952259 0.404798
v 0.644291 0.957263 0.355709
v 0.689362 0.941805 0.358845
v 0.641155 0.941805 0.310638
v 0.685184 0.927391 0.314816
v 0.637894 0.922366 0.268001
v 0.680737 0.909234 0.273258
v 0.634971 0.899178 0.228141
v 0.676691 0.887469 0.234522
v 0.632871 0.872438 0.191333
v 0.673755 0.862192 0.198895
v 0.632067 0.842241 0.157760
v 0.672624 0.833400 0.166600
v 0.740008 0.939582 0.500000
v 0.739012 0.937665 0.453135
v 0.781229 0.914664 0.500000
v 0.780096 0.912932 0.454072
v 0.736232 0.931913 0.406946
v 0.776873 0.907748 0.408847
v 0.731999 0.922366 0.362106
v 0.771859 0.899178 0.365029
v 0.726742 0.909234 0.319263
v 0.765478 0.887469 0.323309
v 0.720998 0.892724 0.279003
v 0.758303 0.872877 0.284342
v 0.715658 0.872877 0.241697
v 0.751378 0.855495 0.248622
v 0.711711 0.849652 0.207653
v 0.745969 0.835230 0.216586
v 0.710169 0.822858 0.177143
v 0.743767 0.811411 0.188589
v 0.819398 0.886218 0.500000
v 0.818134 0.884660 0.454736
v 0.853018 0.853018 0.454989
v 0.814476 0.880028 0.410202
v 0.848899 0.848899 0.410719
v 0.808667 0.872438 0.367129
v 0.842241 0.842241 0.367933
v 0.801105 0.862192 0.326245
v 0.833400 0.833400 0.327376
v 0.792347 0.849652 0.288289
v 0.822857 0.822858 0.289831
v 0.783414 0.835230 0.254031
v 0.811411 0.811411 0.256233
v 0.745969 0.835230 0.216586
v 0.783414 0.835230 0.254031
v 0.775711 0.819101 0.224289
v 0.751378 0.855495 0.248622
v 0.800054 0.800054 0.227871
v 0.772129 0.800054 0.199946
v 0.791188 0.791189 0.208812
v 0.449225 0.997458 0.500000
v 0.449463 0.994951 0.449463
v 0.500000 1.000000 0.500000
v 0.500000 0.989920 0.399191
v 0.450097 0.987508 0.399653
v 0.399653 0.987508 0.450098
v 0.400895 0.980327 0.400896
v 0.399190 0.989920 0.500000
v 0.350603 0.977552 0.500000
v 0.351268 0.975281 0.451009
v 0.353069 0.968493 0.402693
v 0.304880 0.958558 0.452067
v 0.307192 0.952259 0.404798
v 0.304039 0.960659 0.500000
v 0.259992 0.939582 0.500000
v 0.260988 0.937665 0.453135
v 0.263768 0.931913 0.406946
v 0.219904 0.912932 0.454072
v 0.223127 0.907748 0.408847
v 0.218771 0.914664 0.500000
v 0.180602 0.886218 0.500000
v 0.181866 0.884660 0.454736
v 0.185524 0.880028 0.410202
v 0.146982 0.853018 0.454989
v 0.151101 0.848899 0.410719
v 0.145580 0.854420 0.500000
v 0.500000 0.977552 0.350603
v 0.451009 0.975281 0.351268
v 0.500000 0.960659 0.304039
v 0.452067 0.958558 0.304881
v 0.402693 0.968493 0.353069
v 0.404798 0.952259 0.307192
v 0.355709 0.957263 0.355709
v 0.358845 0.941805 0.310638
v 0.310638 0.941805 0.358845
v 0.314816 0.927391 0.314816
v 0.268001 0.922366 0.362106
v 0.273258 0.909234 0.319263
v 0.228141 0.899178 0.365029
v 0.234522 0.887469 0.323309
v 0.191333 0.872438 0.367129
v 0.198895 0.862192 0.326245
v 0.157759 0.842241 0.367933
v 0.166600 0.833400 0.327376
v 0.500000 0.939582 0.259992
v 0.453135 0.937665 0.260988
v 0.500000 0.914664 0.218771
v 0.454071 0.912932 0.219904
v 0.406946 0.931913 0.263768
v 0.408847 0.907748 0.223127
v 0.362106 0.922366 0.268001
v 0.365029 0.899178 0.228141
v 0.319263 0.909234 0.273258
v 0.323309 0.887469 0.234522
v 0.279003 0.892724 0.279003
v 0.284342 0.872877 0.241697
v 0.241697 0.872877 0.284342
v 0.248622 0.855495 0.248622
v 0.207653 0.849652 0.288289
v 0.216586 0.835230 0.254031
v 0.177142 0.822858 0.289831
v 0.188589 0.811411 0.256233
v 0.454736 0.884660 0.181866
v 0.454989 0.853018 0.146983
v 0.410202 0.880028 0.185524
v 0.410719 0.848899 0.151101
v 0.367129 0.872438 0.191334
v 0.367933 0.842241 0.157760
v 0.326245 0.862192 0.198895
v 0.327376 0.833400 0.166600
v 0.288289 0.849652 0.207653
v 0.289831 0.822858 0.177143
v 0.254031 0.835230 0.216586
v 0.256233 0.811411 0.188589
v 0.216586 0.835230 0.254031
v 0.224289 0.819101 0.224289
v 0.227871 0.800054 0.199946
v 0.199946 0.800054 0.227871
v 0.208812 0.791189 0.208812
v 0.500000 0.997458 0.550775
v 0.449225 0.997458 0.500000
v 0.449463 0.994951 0.550537
v 0.399653 0.987508 0.549903
v 0.450097 0.987508 0.600347
v 0.400896 0.980327 0.599105
v 0.500000 0.989920 0.600810
v 0.500000 0.977552 0.649397
v 0.451009 0.975281 0.648732
v 0.402693 0.968493 0.646931
v 0.452067 0.958558 0.695120
v 0.404798 0.952259 0.692808
v 0.500000 0.960659 0.695961
v 0.500000 0.939582 0.740008
v 0.453135 0.937665 0.739012
v 0.406946 0.931913 0.736232
v 0.454071 0.912932 0.780096
v 0.408847 0.907748 0.776873
v 0.500000 0.914664 0.781229
v 0.500000 0.886218 0.819398
v 0.454736 0.884659 0.818134
v 0.410202 0.880028 0.814476
v 0.454989 0.853017 0.853018
v 0.410719 0.848899 0.848899
v 0.350603 0.977552 0.500000
v 0.351268 0.975281 0.548991
v 0.304881 0.958558 0.547933
v 0.353069 0.968493 0.597307
v 0.307192 0.952259 0.595202
v 0.355709 0.957263 0.644292
v 0.310638 0.941805 0.641155
v 0.358845 0.941805 0.689363
v 0.314816 0.927391 0.685184
v 0.362106 0.922366 0.731999
v 0.319263 0.909234 0.726742
v 0.365029 0.899178 0.771859
v 0.323309 0.887469 0.765478
v 0.367129 0.872438 0.808667
v 0.326245 0.862192 0.801105
v 0.367933 0.842240 0.842241
v 0.260988 0.937665 0.546865
v 0.218771 0.914664 0.500000
v 0.219904 0.912932 0.545929
v 0.263768 0.931913 0.593054
v 0.223127 0.907748 0.591153
v 0.268001 0.922366 0.637894
v 0.228141 0.899178 0.634971
v 0.273258 0.909234 0.680738
v 0.234522 0.887469 0.676691
v 0.279002 0.892724 0.720998
v 0.241697 0.872877 0.715659
v 0.284342 0.872877 0.758303
v 0.248622 0.855495 0.751378
v 0.288289 0.849652 0.792348
v 0.254031 0.835230 0.783414
v 0.289831 0.822857 0.822858
v 0.180602 0.886218 0.500000
v 0.181866 0.884660 0.545264
v 0.146982 0.853018 0.545011
v 0.185524 0.880028 0.589798
v 0.151101 0.848899 0.589281
v 0.191333 0.872438 0.632871
v 0.157759 0.842240 0.632067
v 0.198895 0.862192 0.673755
v 0.166600 0.833400 0.672624
v 0.207653 0.849652 0.711711
v 0.177143 0.822858 0.710169
v 0.216586 0.835230 0.745969
v 0.188589 0.811411 0.743767
v 0.254031 0.835230 0.783414
v 0.216586 0.835230 0.745969
v 0.224289 0.819101 0.775711
v 0.248622 0.855495 0.751378
v 0.199946 0.800054 0.772129
v 0.227871 0.800054 0.800055
v 0.208812 0.791188 0.791189
v 0.256233 0.811411 0.811411
vn -0.99503 0 0.0994
vn -0.99496 0.09998 -0
vn -1 0 -0
vn -0.99008 0.09952 0.09894
vn -0.98025 0 0.1977
vn -0.97549 0.0983 0.19681
vn -0.96124 0.19547 0.19434
vn -0.97531 0.19791 0.09769
vn -0.98001 0.19883 -0
vn -0.95096 0.29402 0.09586
vn -0.95538 0.29533 -0
vn -0.93771 0.29035 0.19062
vn -0.90533 0.38173 0.18607
vn -0.91748 0.38655 0.09363
vn -0.92154 0.38823 -0
vn -0.87536 0.47472 0.09131
vn -0.87902 0.47673 -0
vn -0.86441 0.46895 0.18122
vn -0.81545 0.55113 0.17682
vn -0.82519 0.55773 0.08918
vn -0.82849 0.55998 -0
vn -0.76736 0.63518 0.08765
vn -0.77029 0.63765 -0
vn -0.75863 0.62792 0.17359
vn -0.69448 0.69854 0.17231
vn -0.70235 0.70647 0.08704
vn -0.70501 0.70916 -0
vn -0.95587 0 0.29374
vn -0.95138 0.09647 0.29243
vn -0.92236 0 0.3863
vn -0.91824 0.09427 0.38459
vn -0.90591 0.18729 0.37974
vn -0.93799 0.19178 0.28874
vn -0.91583 0.28477 0.28309
vn -0.88556 0.27781 0.37226
vn -0.85745 0.36488 0.36274
vn -0.88522 0.37431 0.27607
vn -0.8464 0.45988 0.26847
vn -0.82165 0.44816 0.35212
vn -0.77795 0.52705 0.34199
vn -0.79949 0.54073 0.26145
vn -0.74456 0.61638 0.25626
vn -0.72585 0.60112 0.3343
vn -0.66521 0.66912 0.33122
vn -0.68184 0.68587 0.25422
vn -0.88018 0 0.47459
vn -0.87646 0.09195 0.47255
vn -0.82998 0 0.55773
vn -0.82665 0.08988 0.55544
vn -0.81674 0.17814 0.54878
vn -0.86535 0.1825 0.46669
vn -0.84707 0.27027 0.45756
vn -0.80056 0.26331 0.53825
vn -0.77868 0.34431 0.52446
vn -0.82202 0.35435 0.44572
vn -0.79028 0.43452 0.43196
vn -0.75188 0.42045 0.50774
vn -0.72018 0.49202 0.48912
vn -0.75152 0.51048 0.4178
vn -0.70385 0.58275 0.40611
vn -0.67956 0.56185 0.47166
vn -0.62465 0.62832 0.46367
vn -0.64577 0.64959 0.40123
vn -0.77212 0 0.63543
vn -0.76913 0.08838 0.63292
vn -0.70708 0 0.70708
vn -0.70437 0.0878 0.70437
vn -0.69634 0.1738 0.69634
vn -0.76025 0.17499 0.62557
vn -0.74593 0.25825 0.61388
vn -0.68346 0.25632 0.68346
vn -0.66652 0.33384 0.66652
vn -0.72689 0.33674 0.59847
vn -0.70455 0.40892 0.57994
vn -0.64675 0.40422 0.64675
vn -0.62529 0.4669 0.62529
vn -0.67992 0.47472 0.55885
vn -0.64995 0.53893 0.53575
vn -0.60134 0.52605 0.60134
vn -0.57619 0.57964 0.57619
vn -0.60103 0.60457 0.52266
vn -0.99503 0 -0.0994
vn -0.99008 0.09952 -0.09894
vn -0.97531 0.19791 -0.09769
vn -0.96124 0.19547 -0.19434
vn -0.97549 0.0983 -0.19681
vn -0.98025 0 -0.1977
vn -0.95587 0 -0.29374
vn -0.95138 0.09647 -0.29243
vn -0.93799 0.19178 -0.28874
vn -0.90591 0.18729 -0.37974
vn -0.91824 0.09427 -0.38459
vn -0.92236 0 -0.3863
vn -0.88018 0 -0.47459
vn -0.87646 0.09195 -0.47255
vn -0.86535 0.1825 -0.46669
vn -0.81674 0.17814 -0.54878
vn -0.82665 0.08988 -0.55544
vn -0.82998 0 -0.55773
vn -0.77212 0 -0.63543
vn -0.76913 0.08838 -0.63292
vn -0.76025 0.17499 -0.62557
vn -0.69634 0.1738 -0.69634
vn -0.70437 0.0878 -0.70437
vn -0.70708 0 -0.70708
vn -0.95096 0.29402 -0.09586
vn -0.91748 0.38655 -0.09363
vn -0.90533 0.38173 -0.18607
vn -0.93771 0.29035 -0.19062
vn -0.91583 0.28477 -0.28309
vn -0.88522 0.37431 -0.27607
vn -0.85745 0.36488 -0.36274
vn -0.88556 0.27781 -0.37226
vn -0.84707 0.27027 -0.45756
vn -0.82202 0.35435 -0.44572
vn -0.77868 0.34431 -0.52446
vn -0.80056 0.26331 -0.53825
vn -0.74593 0.25825 -0.61388
vn -0.72689 0.33674 -0.59847
vn -0.66652 0.33384 -0.66652
vn -0.68346 0.25632 -0.68346
vn -0.87536 0.47472 -0.09131
vn -0.82519 0.55773 -0.08918
vn -0.81545 0.55113 -0.17682
vn -0.86441 0.46895 -0.18122
vn -0.8464 0.45988 -0.26847
vn -0.79949 0.54073 -0.26145
vn -0.77795 0.52705 -0.34199
vn -0.82165 0.44816 -0.35212
vn -0.79028 0.43452 -0.43196
vn -0.75152 0.51048 -0.4178
vn -0.72018 0.49202 -0.48912
vn -0.75188 0.42045 -0.50774
vn -0.70455 0.40892 -0.57994
vn -0.67992 0.47472 -0.55885
vn -0.62529 0.4669 -0.62529
vn -0.64675 0.40422 -0.64675
vn -0.76736 0.63518 -0.08765
vn -0.70235 0.70647 -0.08704
vn -0.69448 0.69854 -0.17231
vn -0.75863 0.62792 -0.17359
vn -0.74456 0.61638 -0.25626
vn -0.68184 0.68587 -0.25422
vn -0.66521 0.66912 -0.33122
vn -0.72585 0.60112 -0.3343
vn -0.70385 0.58275 -0.40611
vn -0.64577 0.64959 -0.40123
vn -0.62465 0.62832 -0.46367
vn -0.67956 0.56185 -0.47166
vn -0.64995 0.53893 -0.53575
vn -0.60103 0.60457 -0.52266
vn -0.57619 0.57964 -0.57619
vn -0.60134 0.52605 -0.60134
vn -0.99008 -0.09952 -0.09894
vn -0.99496 -0.09998 -0
vn -0.97549 -0.0983 -0.19681
vn -0.96124 -0.19547 -0.19434
vn -0.97531 -0.19791 -0.09769
vn -0.98001 -0.19883 -0
vn -0.95096 -0.29402 -0.09586
vn -0.95538 -0.29533 -0
vn -0.93771 -0.29035 -0.19062
vn -0.90533 -0.38173 -0.18607
vn -0.91748 -0.38655 -0.09363
vn -0.92154 -0.38823 -0
vn -0.87536 -0.47472 -0.09131
vn -0.87902 -0.47673 -0
vn -0.86441 -0.46895 -0.18122
vn -0.81545 -0.55113 -0.17682
vn -0.82519 -0.55773 -0.08918
vn -0.82849 -0.55998 -0
vn -0.76736 -0.63518 -0.08765
vn -0.77029 -0.63765 -0
vn -0.75863 -0.62792 -0.17359
vn -0.69448 -0.69854 -0.17231
vn -0.70235 -0.70647 -0.08704
vn -0.70501 -0.70916 -0
vn -0.95138 -0.09647 -0.29243
vn -0.91824 -0.09427 -0.38459
vn -0.90591 -0.18729 -0.37974
vn -0.93799 -0.19178 -0.28874
vn -0.91583 -0.28477 -0.28309
vn -0.88556 -0.27781 -0.37226
vn -0.85745 -0.36488 -0.36274
vn -0.88522 -0.37431 -0.27607
vn -0.8464 -0.45988 -0.26847
vn -0.82165 -0.44816 -0.35212
vn -0.77795 -0.52705 -0.34199
vn -0.79949 -0.54073 -0.26145
vn -0.74456 -0.61638 -0.25626
vn -0.72585 -0.60112 -0.3343
vn -0.66521 -0.66912 -0.33122
vn -0.68184 -0.68587 -0.25422
vn -0.87646 -0.09195 -0.47255
vn -0.82665 -0.08988 -0.55544
vn -0.81674 -0.17814 -0.54878
vn -0.86535 -0.1825 -0.46669
vn -0.84707 -0.27027 -0.45756
vn -0.80056 -0.26331 -0.53825
vn -0.77868 -0.34431 -0.52446
vn -0.82202 -0.35435 -0.44572
vn -0.79028 -0.43452 -0.43196
vn -0.75188 -0.42045 -0.50774
vn -0.72018 -0.49202 -0.48912
vn -0.75152 -0.51048 -0.4178
vn -0.70385 -0.58275 -0.40611
vn -0.67956 -0.56185 -0.47166
vn -0.62465 -0.62832 -0.46367
vn -0.64577 -0.64959 -0.40123
vn -0.76913 -0.08838 -0.63292
vn -0.70437 -0.0878 -0.70437
vn -0.69634 -0.1738 -0.69634
vn -0.76025 -0.17499 -0.62557
vn -0.74593 -0.25825 -0.61388
vn -0.68346 -0.25632 -0.68346
vn -0.66652 -0.33384 -0.66652
vn -0.72689 -0.33674 -0.59847
vn -0.70455 -0.40892 -0.57994
vn -0.64675 -0.40422 -0.64675
vn -0.62529 -0.4669 -0.62529
vn -0.67992 -0.47472 -0.55885
vn -0.64995 -0.53893 -0.53575
vn -0.60134 -0.52605 -0.60134
vn -0.57619 -0.57964 -0.57619
vn -0.60103 -0.60457 -0.52266
vn -0.99008 -0.09952 0.09894
vn -0.97531 -0.19791 0.09769
vn -0.96124 -0.19547 0.19434
vn -0.97549 -0.0983 0.19681
vn -0.95138 -0.09647 0.29243
vn -0.93799 -0.19178 0.28874
vn -0.90591 -0.18729 0.37974
vn -0.91824 -0.09427 0.38459
vn -0.87646 -0.09195 0.47255
vn -0.86535 -0.1825 0.46669
vn -0.81674 -0.17814 0.54878
vn -0.82665 -0.08988 0.55544
vn -0.76913 -0.08838 0.63292
vn -0.76025 -0.17499 0.62557
vn -0.69634 -0.1738 0.69634
vn -0.70437 -0.0878 0.70437
vn -0.95096 -0.29402 0.09586
vn -0.91748 -0.38655 0.09363
vn -0.90533 -0.38173 0.18607
vn -0.93771 -0.29035 0.19062
vn -0.91583 -0.28477 0.28309
vn -0.88522 -0.37431 0.27607
vn -0.85745 -0.36488 0.36274
vn -0.88556 -0.27781 0.37226
vn -0.84707 -0.27027 0.45756
vn -0.82202 -0.35435 0.44572
vn -0.77868 -0.34431 0.52446
vn -0.80056 -0.26331 0.53825
vn -0.74593 -0.25825 0.61388
vn -0.72689 -0.33674 0.59847
vn -0.66652 -0.33384 0.66652
vn -0.68346 -0.25632 0.68346
vn -0.87536 -0.47472 0.09131
vn -0.82519 -0.55773 0.08918
vn -0.81545 -0.55113 0.17682
vn -0.86441 -0.46895 0.18122
vn -0.8464 -0.45988 0.26847
vn -0.79949 -0.54073 0.26145
vn -0.77795 -0.52705 0.34199
vn -0.82165 -0.44816 0.35212
vn -0.79028 -0.43452 0.43196
vn -0.75152 -0.51048 0.4178
vn -0.72018 -0.49202 0.48912
vn -0.75188 -0.42045 0.50774
vn -0.70455 -0.40892 0.57994
vn -0.67992 -0.47472 0.55885
vn -0.62529 -0.4669 0.62529
vn -0.64675 -0.40422 0.64675
vn -0.76736 -0.63518 0.08765
vn -0.70235 -0.70647 0.08704
vn -0.69448 -0.69854 0.17231
vn -0.75863 -0.62792 0.17359
vn -0.74456 -0.61638 0.25626
vn -0.68184 -0.68587 0.25422
vn -0.66521 -0.66912 0.33122
vn -0.72585 -0.60112 0.3343
vn -0.70385 -0.58275 0.40611
vn -0.64577 -0.64959 0.40123
vn -0.62465 -0.62832 0.46367
vn -0.67956 -0.56185 0.47166
vn -0.64995 -0.53893 0.53575
vn -0.60103 -0.60457 0.52266
vn -0.57619 -0.57964 0.57619
vn -0.60134 -0.52605 0.60134
vn -0.0994 0 -0.99503
vn 0 0.09998 -0.99496
vn 0 0 -0.99997
vn -0.09894 0.09952 -0.99008
vn -0.1977 0 -0.98025
vn -0.19681 0.0983 -0.97549
vn -0.19434 0.19547 -0.96124
vn -0.09769 0.19791 -0.97531
vn 0 0.19883 -0.98001
vn -0.09586 0.29402 -0.95096
vn 0 0.29533 -0.95538
vn -0.19062 0.29035 -0.93771
vn -0.18607 0.38173 -0.90533
vn -0.09363 0.38655 -0.91748
vn 0 0.38823 -0.92154
vn -0.09131 0.47472 -0.87536
vn 0 0.47673 -0.87902
vn -0.18122 0.46895 -0.86441
vn -0.17682 0.55113 -0.81542
vn -0.08918 0.55773 -0.82519
vn 0 0.55998 -0.82849
vn -0.08765 0.63518 -0.76736
vn 0 0.63765 -0.77029
vn -0.17359 0.62792 -0.75863
vn -0.17231 0.69854 -0.69448
vn -0.08704 0.70647 -0.70235
vn 0 0.70916 -0.70501
vn -0.29374 0 -0.95587
vn -0.29243 0.09647 -0.95138
vn -0.3863 0 -0.92236
vn -0.38459 0.09427 -0.91824
vn -0.37974 0.18729 -0.90591
vn -0.28874 0.19178 -0.93799
vn -0.28309 0.28477 -0.91583
vn -0.37226 0.27781 -0.88556
vn -0.36274 0.36488 -0.85745
vn -0.27607 0.37431 -0.88522
vn -0.26847 0.45988 -0.8464
vn -0.35212 0.44816 -0.82165
vn -0.34199 0.52705 -0.77795
vn -0.26145 0.54073 -0.79949
vn -0.25626 0.61638 -0.74456
vn -0.3343 0.60112 -0.72585
vn -0.33122 0.66912 -0.66521
vn -0.25422 0.68587 -0.68184
vn -0.47459 0 -0.88018
vn -0.47255 0.09195 -0.87646
vn -0.55773 0 -0.82998
vn -0.55544 0.08988 -0.82665
vn -0.54878 0.17814 -0.81674
vn -0.46669 0.1825 -0.86535
vn -0.45756 0.27027 -0.84707
vn -0.53825 0.26334 -0.80056
vn -0.52446 0.34431 -0.77868
vn -0.44575 0.35435 -0.82202
vn -0.43196 0.43452 -0.79028
vn -0.50774 0.42045 -0.75192
vn -0.48912 0.49202 -0.72018
vn -0.4178 0.51048 -0.75152
vn -0.40611 0.58275 -0.70385
vn -0.47166 0.56185 -0.67956
vn -0.46367 0.62832 -0.62465
vn -0.40123 0.64959 -0.64577
vn -0.63543 0 -0.77212
vn -0.63292 0.08838 -0.76913
vn -0.62557 0.17499 -0.76025
vn -0.61388 0.25825 -0.74593
vn -0.59847 0.33674 -0.72689
vn -0.57994 0.40892 -0.70455
vn -0.55885 0.47472 -0.67992
vn -0.53575 0.53893 -0.64995
vn -0.52266 0.60457 -0.60103
vn 0.0994 0 -0.99503
vn 0.09894 0.09952 -0.99008
vn 0.09769 0.19791 -0.97531
vn 0.19434 0.19547 -0.96124
vn 0.19681 0.0983 -0.97549
vn 0.1977 0 -0.98025
vn 0.29374 0 -0.95587
vn 0.29243 0.09647 -0.95138
vn 0.28874 0.19178 -0.93799
vn 0.37974 0.18729 -0.90591
vn 0.38459 0.09427 -0.91824
vn 0.3863 0 -0.92236
vn 0.47459 0 -0.88018
vn 0.47255 0.09195 -0.87646
vn 0.46669 0.1825 -0.86535
vn 0.54878 0.17814 -0.81674
vn 0.55544 0.08988 -0.82665
vn 0.55773 0 -0.82998
vn 0.63543 0 -0.77212
vn 0.63292 0.08838 -0.76913
vn 0.62557 0.17499 -0.76025
vn 0.69634 0.1738 -0.69634
vn 0.70437 0.0878 -0.70437
vn 0.70708 0 -0.70708
vn 0.09586 0.29402 -0.95096
vn 0.09363 0.38655 -0.91748
vn 0.18607 0.38173 -0.90533
vn 0.19062 0.29035 -0.93771
vn 0.28309 0.28477 -0.91583
vn 0.27607 0.37431 -0.88522
vn 0.36274 0.36488 -0.85745
vn 0.37226 0.27781 -0.88556
vn 0.45756 0.27027 -0.84707
vn 0.44575 0.35435 -0.82202
vn 0.52446 0.34431 -0.77868
vn 0.53825 0.26334 -0.80056
vn 0.61388 0.25825 -0.74593
vn 0.59847 0.33674 -0.72689
vn 0.66652 0.33384 -0.66652
vn 0.68346 0.25632 -0.68346
vn 0.09131 0.47472 -0.87536
vn 0.08918 0.55773 -0.82519
vn 0.17682 0.55113 -0.81542
vn 0.18122 0.46895 -0.86441
vn 0.26847 0.45988 -0.8464
vn 0.26145 0.54073 -0.79949
vn 0.34199 0.52705 -0.77795
vn 0.35212 0.44816 -0.82165
vn 0.43196 0.43452 -0.79028
vn 0.4178 0.51048 -0.75152
vn 0.48912 0.49202 -0.72018
vn 0.50774 0.42045 -0.75188
vn 0.57994 0.40892 -0.70455
vn 0.55885 0.47472 -0.67992
vn 0.62529 0.4669 -0.62529
vn 0.64675 0.40422 -0.64675
vn 0.08765 0.63518 -0.76736
vn 0.08704 0.70647 -0.70235
vn 0.17231 0.69854 -0.69448
vn 0.17359 0.62792 -0.75863
vn 0.25626 0.61638 -0.74456
vn 0.25422 0.68587 -0.68184
vn 0.33122 0.66912 -0.66521
vn 0.3343 0.60112 -0.72585
vn 0.40611 0.58275 -0.70385
vn 0.40123 0.64959 -0.64577
vn 0.46367 0.62832 -0.62465
vn 0.47166 0.56185 -0.67956
vn 0.53575 0.53893 -0.64995
vn 0.52266 0.60457 -0.60103
vn 0.57619 0.57964 -0.57619
vn 0.60134 0.52605 -0.60134
vn 0.09894 -0.09952 -0.99008
vn 0 -0.09998 -0.99496
vn 0.19681 -0.0983 -0.97549
vn 0.19434 -0.19547 -0.96124
vn 0.09769 -0.19791 -0.97531
vn 0 -0.19883 -0.98001
vn 0.09586 -0.29402 -0.95096
vn 0 -0.29533 -0.95538
vn 0.19062 -0.29035 -0.93771
vn 0.18607 -0.38173 -0.90533
vn 0.09363 -0.38655 -0.91748
vn 0 -0.38823 -0.92154
vn 0.09131 -0.47472 -0.87536
vn 0 -0.47673 -0.87902
vn 0.18122 -0.46895 -0.86441
vn 0.17682 -0.55113 -0.81545
vn 0.08918 -0.55773 -0.82519
vn 0 -0.55998 -0.82849
vn 0.08765 -0.63518 -0.76736
vn 0 -0.63765 -0.77029
vn 0.17359 -0.62792 -0.75863
vn 0.17231 -0.69854 -0.69448
vn 0.08704 -0.70647 -0.70235
vn 0 -0.70916 -0.70501
vn 0.29243 -0.09647 -0.95138
vn 0.38459 -0.09427 -0.91824
vn 0.37974 -0.18729 -0.90591
vn 0.28874 -0.19178 -0.93799
vn 0.28309 -0.28477 -0.91583
vn 0.37226 -0.27781 -0.88556
vn 0.36274 -0.36488 -0.85745
vn 0.27607 -0.37431 -0.88522
vn 0.26847 -0.45988 -0.8464
vn 0.35212 -0.44816 -0.82165
vn 0.34199 -0.52705 -0.77795
vn 0.26145 -0.54073 -0.79949
vn 0.25626 -0.61638 -0.74456
vn 0.3343 -0.60112 -0.72585
vn 0.33122 -0.66912 -0.66521
vn 0.25422 -0.68587 -0.68184
vn 0.47255 -0.09195 -0.87646
vn 0.55544 -0.08988 -0.82665
vn 0.54878 -0.17814 -0.81674
vn 0.46669 -0.1825 -0.86535
vn 0.45756 -0.27027 -0.84707
vn 0.53825 -0.26331 -0.80056
vn 0.52446 -0.34431 -0.77868
vn 0.44572 -0.35435 -0.82202
vn 0.43196 -0.43452 -0.79028
vn 0.50774 -0.42045 -0.75188
vn 0.48912 -0.49202 -0.72018
vn 0.4178 -0.51048 -0.75152
vn 0.40611 -0.58275 -0.70385
vn 0.47166 -0.56185 -0.67956
vn 0.46367 -0.62832 -0.62465
vn 0.40123 -0.64959 -0.64577
vn 0.63292 -0.08838 -0.76913
vn 0.70437 -0.0878 -0.70437
vn 0.69634 -0.1738 -0.69634
vn 0.62557 -0.17499 -0.76025
vn 0.61388 -0.25825 -0.74593
vn 0.68346 -0.25632 -0.68346
vn 0.66652 -0.33381 -0.66652
vn 0.59847 -0.33674 -0.72689
vn 0.57994 -0.40892 -0.70455
vn 0.64675 -0.40422 -0.64675
vn 0.62529 -0.4669 -0.62529
vn 0.55885 -0.47472 -0.67992
vn 0.53575 -0.53893 -0.64995
vn 0.60134 -0.52605 -0.60134
vn 0.57619 -0.57964 -0.57619
vn 0.52266 -0.60457 -0.60103
vn -0.09894 -0.09952 -0.99008
vn -0.09769 -0.19791 -0.97531
vn -0.19434 -0.19547 -0.96124
vn -0.19681 -0.0983 -0.97549
vn -0.29243 -0.09647 -0.95138
vn -0.28874 -0.19178 -0.93799
vn -0.37974 -0.18729 -0.90591
vn -0.38459 -0.09427 -0.91824
vn -0.47255 -0.09195 -0.87646
vn -0.46669 -0.1825 -0.86535
vn -0.54878 -0.17814 -0.81674
vn -0.55544 -0.08988 -0.82665
vn -0.63292 -0.08838 -0.76913
vn -0.62557 -0.17499 -0.76025
vn -0.09586 -0.29402 -0.95096
vn -0.09363 -0.38655 -0.91748
vn -0.18607 -0.38173 -0.90533
vn -0.19062 -0.29035 -0.93771
vn -0.28309 -0.28477 -0.91583
vn -0.27607 -0.37431 -0.88522
vn -0.36274 -0.36488 -0.85745
vn -0.37226 -0.27781 -0.88556
vn -0.45756 -0.27027 -0.84707
vn -0.44572 -0.35435 -0.82202
vn -0.52446 -0.34431 -0.77868
vn -0.53825 -0.26331 -0.80056
vn -0.61388 -0.25825 -0.74593
vn -0.59847 -0.33674 -0.72689
vn -0.09131 -0.47472 -0.87536
vn -0.08918 -0.55773 -0.82519
vn -0.17682 -0.55113 -0.81545
vn -0.18122 -0.46895 -0.86441
vn -0.26847 -0.45988 -0.8464
vn -0.26145 -0.54073 -0.79949
vn -0.34199 -0.52705 -0.77795
vn -0.35212 -0.44816 -0.82165
vn -0.43196 -0.43452 -0.79028
vn -0.4178 -0.51048 -0.75152
vn -0.48912 -0.49202 -0.72018
vn -0.50774 -0.42045 -0.75188
vn -0.57994 -0.40892 -0.70455
vn -0.55885 -0.47472 -0.67992
vn -0.08765 -0.63518 -0.76736
vn -0.08704 -0.70647 -0.70235
vn -0.17231 -0.69854 -0.69448
vn -0.17359 -0.62792 -0.75863
vn -0.25626 -0.61638 -0.74456
vn -0.25422 -0.68587 -0.68184
vn -0.33122 -0.66912 -0.66521
vn -0.3343 -0.60112 -0.72585
vn -0.40611 -0.58275 -0.70385
vn -0.40123 -0.64959 -0.64577
vn -0.46367 -0.62832 -0.62465
vn -0.47166 -0.56185 -0.67956
vn -0.53575 -0.53893 -0.64995
vn -0.52266 -0.60457 -0.60103
vn 0.99503 0 -0.0994
vn 0.99496 0.09998 -0
vn 1 0 -0
vn 0.99008 0.09952 -0.09894
vn 0.98025 0 -0.1977
vn 0.97549 0.0983 -0.19681
vn 0.96124 0.19547 -0.19434
vn 0.97531 0.19791 -0.09769
vn 0.98001 0.19883 -0
vn 0.95096 0.29402 -0.09586
vn 0.95538 0.29533 -0
vn 0.93771 0.29035 -0.19062
vn 0.90533 0.38173 -0.18607
vn 0.91748 0.38655 -0.09363
vn 0.92154 0.38823 -0
vn 0.87536 0.47472 -0.09131
vn 0.87902 0.47673 -0
vn 0.86441 0.46895 -0.18122
vn 0.81545 0.55113 -0.17682
vn 0.82519 0.55773 -0.08918
vn 0.82849 0.55998 -0
vn 0.76736 0.63518 -0.08765
vn 0.77029 0.63765 -0
vn 0.75863 0.62792 -0.17359
vn 0.69448 0.69854 -0.17231
vn 0.70235 0.70647 -0.08704
vn 0.70501 0.70916 -0
vn 0.95587 0 -0.29374
vn 0.95138 0.09647 -0.29243
vn 0.92236 0 -0.3863
vn 0.91824 0.09427 -0.38459
vn 0.90591 0.18729 -0.37974
vn 0.93799 0.19178 -0.28874
vn 0.91583 0.28477 -0.28309
vn 0.88556 0.27781 -0.37226
vn 0.85745 0.36488 -0.36274
vn 0.88522 0.37431 -0.27607
vn 0.8464 0.45988 -0.26847
vn 0.82165 0.44816 -0.35212
vn 0.77795 0.52705 -0.34199
vn 0.79949 0.54073 -0.26145
vn 0.74456 0.61638 -0.25626
vn 0.72585 0.60112 -0.3343
vn 0.66521 0.66912 -0.33122
vn 0.68184 0.68587 -0.25422
vn 0.88018 0 -0.47459
vn 0.87646 0.09195 -0.47255
vn 0.82998 0 -0.55773
vn 0.82665 0.08988 -0.55544
vn 0.81674 0.17814 -0.54878
vn 0.86535 0.1825 -0.46669
vn 0.84707 0.27027 -0.45756
vn 0.80056 0.26331 -0.53825
vn 0.77868 0.34431 -0.52446
vn 0.82202 0.35435 -0.44572
vn 0.79028 0.43452 -0.43196
vn 0.75188 0.42048 -0.50774
vn 0.72018 0.49202 -0.48912
vn 0.75152 0.51048 -0.4178
vn 0.70385 0.58275 -0.40611
vn 0.67956 0.56185 -0.47166
vn 0.62465 0.62832 -0.46367
vn 0.64577 0.64959 -0.40123
vn 0.77212 0 -0.63543
vn 0.76913 0.08838 -0.63292
vn 0.76025 0.17499 -0.62557
vn 0.74593 0.25825 -0.61388
vn 0.72689 0.33674 -0.59847
vn 0.70455 0.40892 -0.57994
vn 0.67992 0.47472 -0.55885
vn 0.64995 0.53893 -0.53575
vn 0.60103 0.60457 -0.52266
vn 0.99503 0 0.0994
vn 0.99008 0.09952 0.09894
vn 0.97531 0.19791 0.09769
vn 0.96124 0.19547 0.19434
vn 0.97549 0.0983 0.19681
vn 0.98025 0 0.1977
vn 0.95587 0 0.29374
vn 0.95138 0.09647 0.29243
vn 0.93799 0.19178 0.28874
vn 0.90591 0.18729 0.37974
vn 0.91824 0.09427 0.38459
vn 0.92236 0 0.3863
vn 0.88018 0 0.47459
vn 0.87646 0.09195 0.47255
vn 0.86535 0.1825 0.46669
vn 0.81674 0.17814 0.54878
vn 0.82665 0.08988 0.55544
vn 0.82998 0 0.55773
vn 0.77212 0 0.63543
vn 0.76913 0.08838 0.63292
vn 0.76025 0.17499 0.62557
vn 0.69634 0.1738 0.69634
vn 0.70437 0.0878 0.70437
vn 0.70708 0 0.70708
vn 0.95096 0.29402 0.09586
vn 0.91748 0.38655 0.09363
vn 0.90533 0.38173 0.18607
vn 0.93771 0.29035 0.19062
vn 0.91583 0.28477 0.28309
vn 0.88522 0.37431 0.27607
vn 0.85745 0.36488 0.36274
vn 0.88556 0.27781 0.37226
vn 0.84707 0.27027 0.45756
vn 0.82202 0.35435 0.44572
vn 0.77868 0.34431 0.52446
vn 0.80056 0.26331 0.53825
vn 0.74593 0.25825 0.61388
vn 0.72689 0.33674 0.59847
vn 0.66652 0.33384 0.66652
vn 0.68346 0.25632 0.68346
vn 0.87536 0.47472 0.09131
vn 0.82519 0.55773 0.08918
vn 0.81545 0.55113 0.17682
vn 0.86441 0.46895 0.18122
vn 0.8464 0.45988 0.26847
vn 0.79949 0.54073 0.26145
vn 0.77795 0.52705 0.34199
vn 0.82165 0.44816 0.35212
vn 0.79028 0.43452 0.43196
vn 0.75152 0.51048 0.4178
vn 0.72018 0.49202 0.48912
vn 0.75188 0.42045 0.50774
vn 0.70455 0.40892 0.57994
vn 0.67992 0.47472 0.55885
vn 0.62529 0.4669 0.62529
vn 0.64675 0.40422 0.64675
vn 0.76736 0.63518 0.08765
vn 0.70235 0.70647 0.08704
vn 0.69448 0.69854 0.17231
vn 0.75863 0.62792 0.17359
vn 0.74456 0.61638 0.25626
vn 0.68184 0.68587 0.25422
vn 0.66521 0.66912 0.33122
vn 0.72585 0.60112 0.3343
vn 0.70385 0.58275 0.40611
vn 0.64577 0.64959 0.40123
vn 0.62465 0.62832 0.46367
vn 0.67956 0.56185 0.47166
vn 0.64995 0.53893 0.53575
vn 0.60103 0.60457 0.52266
vn 0.57619 0.57964 0.57619
vn 0.60134 0.52605 0.60134
vn 0.99008 -0.09952 0.09894
vn 0.99496 -0.09998 -0
vn 0.97549 -0.0983 0.19681
vn 0.96124 -0.19547 0.19434
vn 0.97531 -0.19791 0.09769
vn 0.98001 -0.19883 -0
vn 0.95096 -0.29402 0.09586
vn 0.95538 -0.29533 -0
vn 0.93771 -0.29035 0.19062
vn 0.90533 -0.38173 0.18607
vn 0.91748 -0.38655 0.09363
vn 0.92154 -0.38823 -0
vn 0.87536 -0.47472 0.09131
vn 0.87902 -0.47673 -0
vn 0.86441 -0.46895 0.18122
vn 0.81545 -0.55113 0.17682
vn 0.82519 -0.55773 0.08918
vn 0.82849 -0.55998 -0
vn 0.76736 -0.63518 0.08765
vn 0.77029 -0.63765 -0
vn 0.75863 -0.62792 0.17359
vn 0.69448 -0.69854 0.17231
vn 0.70235 -0.70647 0.08704
vn 0.70501 -0.70916 -0
vn 0.95138 -0.09647 0.29243
vn 0.91824 -0.09427 0.38459
vn 0.90591 -0.18729 0.37974
vn 0.93799 -0.19178 0.28874
vn 0.91583 -0.28477 0.28309
vn 0.88556 -0.27781 0.37226
vn 0.85745 -0.36488 0.36274
vn 0.88522 -0.37431 0.27607
vn 0.8464 -0.45988 0.26847
vn 0.82165 -0.44816 0.35212
vn 0.77795 -0.52705 0.34199
vn 0.79949 -0.54073 0.26145
vn 0.74456 -0.61638 0.25626
vn 0.72585 -0.60112 0.3343
vn 0.66521 -0.66912 0.33122
vn 0.68184 -0.68587 0.25422
vn 0.87646 -0.09195 0.47255
vn 0.82665 -0.08988 0.55544
vn 0.81674 -0.17814 0.54878
vn 0.86535 -0.1825 0.46669
vn 0.84707 -0.27027 0.45756
vn 0.80056 -0.26331 0.53825
vn 0.77868 -0.34431 0.52446
vn 0.82202 -0.35435 0.44572
vn 0.79028 -0.43452 0.43196
vn 0.75188 -0.42045 0.50774
vn 0.72018 -0.49202 0.48912
vn 0.75152 -0.51048 0.4178
vn 0.70385 -0.58275 0.40611
vn 0.67956 -0.56185 0.47166
vn 0.62465 -0.62832 0.46367
vn 0.64577 -0.64959 0.40123
vn 0.76913 -0.08838 0.63292
vn 0.70437 -0.0878 0.70437
vn 0.69634 -0.1738 0.69634
vn 0.76025 -0.17499 0.62557
vn 0.74593 -0.25825 0.61388
vn 0.68346 -0.25632 0.68346
vn 0.66652 -0.33384 0.66652
vn 0.72689 -0.33674 0.59847
vn 0.70455 -0.40892 0.57994
vn 0.64675 -0.40422 0.64675
vn 0.62529 -0.4669 0.62529
vn 0.67992 -0.47472 0.55885
vn 0.64995 -0.53893 0.53575
vn 0.60134 -0.52605 0.60134
vn 0.57619 -0.57964 0.57619
vn 0.60103 -0.60457 0.52266
vn 0.99008 -0.09952 -0.09894
vn 0.97531 -0.19791 -0.09769
vn 0.96124 -0.19547 -0.19434
vn 0.97549 -0.0983 -0.19681
vn 0.95138 -0.09647 -0.29243
vn 0.93799 -0.19178 -0.28874
vn 0.90591 -0.18729 -0.37974
vn 0.91824 -0.09427 -0.38459
vn 0.87646 -0.09195 -0.47255
vn 0.86535 -0.1825 -0.46669
vn 0.81674 -0.17814 -0.54878
vn 0.82665 -0.08988 -0.55544
vn 0.76913 -0.08838 -0.63292
vn 0.76025 -0.17499 -0.62557
vn 0.95096 -0.29402 -0.09586
vn 0.91748 -0.38655 -0.09363
vn 0.90533 -0.38173 -0.18607
vn 0.93771 -0.29035 -0.19062
vn 0.91583 -0.28477 -0.28309
vn 0.88522 -0.37431 -0.27607
vn 0.85745 -0.36488 -0.36274
vn 0.88556 -0.27781 -0.37226
vn 0.84707 -0.27027 -0.45756
vn 0.82202 -0.35435 -0.44572
vn 0.77868 -0.34431 -0.52446
vn 0.80056 -0.26331 -0.53825
vn 0.74593 -0.25825 -0.61388
vn 0.72689 -0.33674 -0.59847
vn 0.87536 -0.47472 -0.09131
vn 0.82519 -0.55773 -0.08918
vn 0.81545 -0.55113 -0.17682
vn 0.86441 -0.46895 -0.18122
vn 0.8464 -0.45988 -0.26847
vn 0.79949 -0.54073 -0.26145
vn 0.77795 -0.52705 -0.34199
vn 0.82165 -0.44816 -0.35212
vn 0.79028 -0.43452 -0.43196
vn 0.75152 -0.51048 -0.4178
vn 0.72018 -0.49202 -0.48912
vn 0.75188 -0.42045 -0.50774
vn 0.70455 -0.40892 -0.57994
vn 0.67992 -0.47472 -0.55885
vn 0.76736 -0.63518 -0.08765
vn 0.70235 -0.70647 -0.08704
vn 0.69448 -0.69854 -0.17231
vn 0.75863 -0.62792 -0.17359
vn 0.74456 -0.61638 -0.25626
vn 0.68184 -0.68587 -0.25422
vn 0.66521 -0.66912 -0.33122
vn 0.72585 -0.60112 -0.3343
vn 0.70385 -0.58275 -0.40611
vn 0.64577 -0.64959 -0.40123
vn 0.62465 -0.62832 -0.46367
vn 0.67956 -0.56185 -0.47166
vn 0.64995 -0.53893 -0.53575
vn 0.60103 -0.60457 -0.52266
vn 0.0994 0 0.99503
vn 0 0.09998 0.99496
vn 0 0 1
vn 0.09894 0.09952 0.99008
vn 0.1977 0 0.98025
vn 0.19681 0.0983 0.97549
vn 0.19434 0.19547 0.96124
vn 0.09769 0.19791 0.97531
vn 0 0.19883 0.98001
vn 0.09586 0.29402 0.95096
vn 0 0.29533 0.95538
vn 0.19062 0.29035 0.93771
vn 0.18607 0.38173 0.90533
vn 0.09363 0.38655 0.91748
vn 0 0.38823 0.92154
vn 0.09131 0.47472 0.87536
vn 0 0.47673 0.87902
vn 0.18122 0.46895 0.86441
vn 0.17682 0.55113 0.81545
vn 0.08918 0.55773 0.82519
vn 0 0.55998 0.82849
vn 0.08765 0.63518 0.76736
vn 0 0.63765 0.77029
vn 0.17359 0.62792 0.75863
vn 0.17231 0.69854 0.69448
vn 0.08704 0.70647 0.70235
vn 0 0.70916 0.70501
vn 0.29374 0 0.95587
vn 0.29243 0.09647 0.95138
vn 0.3863 0 0.92236
vn 0.38459 0.09427 0.91824
vn 0.37974 0.18729 0.90591
vn 0.28874 0.19178 0.93799
vn 0.28309 0.28477 0.91583
vn 0.37226 0.27781 0.88556
vn 0.36274 0.36488 0.85745
vn 0.27607 0.37431 0.88522
vn 0.26847 0.45988 0.8464
vn 0.35212 0.44816 0.82165
vn 0.34199 0.52705 0.77795
vn 0.26145 0.54073 0.79949
vn 0.25626 0.61638 0.74456
vn 0.3343 0.60112 0.72585
vn 0.33122 0.66912 0.66521
vn 0.25422 0.68587 0.68184
vn 0.47459 0 0.88018
vn 0.47255 0.09195 0.87646
vn 0.55773 0 0.82998
vn 0.55544 0.08988 0.82665
vn 0.54878 0.17814 0.81674
vn 0.46669 0.1825 0.86535
vn 0.45756 0.27027 0.84707
vn 0.53825 0.26331 0.80056
vn 0.52446 0.34431 0.77868
vn 0.44572 0.35435 0.82202
vn 0.43196 0.43452 0.79028
vn 0.50774 0.42045 0.75188
vn 0.48912 0.49202 0.72018
vn 0.4178 0.51048 0.75152
vn 0.40611 0.58275 0.70385
vn 0.47166 0.56185 0.67956
vn 0.46367 0.62832 0.62465
vn 0.40123 0.64959 0.64577
vn 0.63543 0 0.77212
vn 0.63292 0.08838 0.76913
vn 0.62557 0.17499 0.76025
vn 0.61388 0.25825 0.74593
vn 0.59847 0.33674 0.72689
vn 0.57994 0.40892 0.70455
vn 0.55885 0.47472 0.67992
vn 0.53575 0.53893 0.64995
vn 0.52266 0.60457 0.60103
vn -0.0994 0 0.99503
vn -0.09894 0.09952 0.99008
vn -0.09769 0.19791 0.97531
vn -0.19434 0.19547 0.96124
vn -0.19681 0.0983 0.97549
vn -0.1977 0 0.98025
vn -0.29374 0 0.95587
vn -0.29243 0.09647 0.95138
vn -0.28874 0.19178 0.93799
vn -0.37974 0.18729 0.90591
vn -0.38459 0.09427 0.91824
vn -0.3863 0 0.92236
vn -0.47459 0 0.88018
vn -0.47255 0.09195 0.87646
vn -0.46669 0.1825 0.86535
vn -0.54878 0.17814 0.81674
vn -0.55544 0.08988 0.82665
vn -0.55773 0 0.82998
vn -0.63543 0 0.77212
vn -0.63292 0.08838 0.76913
vn -0.62557 0.17499 0.76025
vn -0.09586 0.29402 0.95096
vn -0.09363 0.38655 0.91748
vn -0.18607 0.38173 0.90533
vn -0.19062 0.29035 0.93771
vn -0.28309 0.28477 0.91583
vn -0.27607 0.37431 0.88522
vn -0.36274 0.36488 0.85745
vn -0.37226 0.27781 0.88556
vn -0.45756 0.27027 0.84707
vn -0.44572 0.35435 0.82202
vn -0.52446 0.34431 0.77868
vn -0.53825 0.26331 0.80056
vn -0.61388 0.25825 0.74593
vn -0.59847 0.33674 0.72689
vn -0.09131 0.47472 0.87536
vn -0.08918 0.55773 0.82519
vn -0.17682 0.55113 0.81545
vn -0.18122 0.46895 0.86441
vn -0.26847 0.45988 0.8464
vn -0.26145 0.54073 0.79949
vn -0.34199 0.52705 0.77795
vn -0.35212 0.44816 0.82165
vn -0.43196 0.43452 0.79028
vn -0.4178 0.51048 0.75152
vn -0.48912 0.49202 0.72018
vn -0.50774 0.42045 0.75188
vn -0.57994 0.40892 0.70455
vn -0.55885 0.47472 0.67992
vn -0.08765 0.63518 0.76736
vn -0.08704 0.70647 0.70235
vn -0.17231 0.69854 0.69448
vn -0.17359 0.62792 0.75863
vn -0.25626 0.61638 0.74456
vn -0.25422 0.68587 0.68184
vn -0.33122 0.66912 0.66521
vn -0.3343 0.60112 0.72585
vn -0.40611 0.58275 0.70385
vn -0.40123 0.64959 0.64577
vn -0.46367 0.62832 0.62465
vn -0.47166 0.56185 0.67956
vn -0.53575 0.53893 0.64995
vn -0.52266 0.60457 0.60103
vn -0.09894 -0.09952 0.99008
vn 0 -0.09998 0.99496
vn -0.19681 -0.0983 0.97549
vn -0.19434 -0.19547 0.96124
vn -0.09769 -0.19791 0.97531
vn 0 -0.19883 0.98001
vn -0.09586 -0.29402 0.95096
vn 0 -0.29533 0.95538
vn -0.19062 -0.29035 0.93771
vn -0.18607 -0.38173 0.90533
vn -0.09363 -0.38655 0.91748
vn 0 -0.38823 0.92154
vn -0.09131 -0.47472 0.87536
vn 0 -0.47673 0.87902
vn -0.18122 -0.46895 0.86441
vn -0.17682 -0.55113 0.81542
vn -0.08918 -0.55773 0.82519
vn 0 -0.55998 0.82849
vn -0.08765 -0.63518 0.76736
vn 0 -0.63765 0.77029
vn -0.17359 -0.62792 0.75863
vn -0.17231 -0.69854 0.69448
vn -0.08704 -0.70647 0.70235
vn 0 -0.70916 0.70501
vn -0.29243 -0.09647 0.95138
vn -0.38459 -0.09427 0.91824
vn -0.37974 -0.18729 0.90591
vn -0.28874 -0.19178 0.93799
vn -0.28309 -0.28477 0.91583
vn -0.37226 -0.27781 0.88556
vn -0.36274 -0.36488 0.85745
vn -0.27607 -0.37431 0.88522
vn -0.26847 -0.45988 0.8464
vn -0.35212 -0.44816 0.82165
vn -0.34199 -0.52705 0.77795
vn -0.26145 -0.54073 0.79949
vn -0.25626 -0.61638 0.74456
vn -0.3343 -0.60112 0.72585
vn -0.33122 -0.66912 0.66521
vn -0.25422 -0.68587 0.68184
vn -0.47255 -0.09195 0.87646
vn -0.55544 -0.08988 0.82665
vn -0.54878 -0.17814 0.81674
vn -0.46669 -0.1825 0.86535
vn -0.45756 -0.27027 0.84707
vn -0.53825 -0.26334 0.80056
vn -0.52446 -0.34431 0.77868
vn -0.44575 -0.35435 0.82202
vn -0.43196 -0.43452 0.79028
vn -0.50774 -0.42045 0.75192
vn -0.48912 -0.49202 0.72018
vn -0.4178 -0.51048 0.75152
vn -0.40611 -0.58275 0.70385
vn -0.47166 -0.56185 0.67956
vn -0.46367 -0.62832 0.62465
vn -0.40123 -0.64959 0.64577
vn -0.63292 -0.08838 0.76913
vn -0.62557 -0.17499 0.76025
vn -0.61388 -0.25825 0.74593
vn -0.59847 -0.33674 0.72689
vn -0.57994 -0.40892 0.70455
vn -0.55885 -0.47472 0.67992
vn -0.53575 -0.53893 0.64995
vn -0.52266 -0.60457 0.60103
vn 0.09894 -0.09952 0.99008
vn 0.09769 -0.19791 0.97531
vn 0.19434 -0.19547 0.96124
vn 0.19681 -0.0983 0.97549
vn 0.29243 -0.09647 0.95138
vn 0.28874 -0.19178 0.93799
vn 0.37974 -0.18729 0.90591
vn 0.38459 -0.09427 0.91824
vn 0.47255 -0.09195 0.87646
vn 0.46669 -0.1825 0.86535
vn 0.54878 -0.17814 0.81674
vn 0.55544 -0.08988 0.82665
vn 0.63292 -0.08838 0.76913
vn 0.62557 -0.17499 0.76025
vn 0.09586 -0.29402 0.95096
vn 0.09363 -0.38655 0.91748
vn 0.18607 -0.38173 0.90533
vn 0.19062 -0.29035 0.93771
vn 0.28309 -0.28477 0.91583
vn 0.27607 -0.37431 0.88522
vn 0.36274 -0.36488 0.85745
vn 0.37226 -0.27781 0.88556
vn 0.45756 -0.27027 0.84707
vn 0.44575 -0.35435 0.82202
vn 0.52446 -0.34431 0.77868
vn 0.53825 -0.26334 0.80056
vn 0.61388 -0.25825 0.74593
vn 0.59847 -0.33674 0.72689
vn 0.09131 -0.47472 0.87536
vn 0.08918 -0.55773 0.82519
vn 0.17682 -0.55113 0.81542
vn 0.18122 -0.46895 0.86441
vn 0.26847 -0.45988 0.8464
vn 0.26145 -0.54073 0.79949
vn 0.34199 -0.52705 0.77795
vn 0.35212 -0.44816 0.82165
vn 0.43196 -0.43452 0.79028
vn 0.4178 -0.51048 0.75152
vn 0.48912 -0.49202 0.72018
vn 0.50774 -0.42045 0.75192
vn 0.57994 -0.40892 0.70455
vn 0.55885 -0.47472 0.67992
vn 0.08765 -0.63518 0.76736
vn 0.08704 -0.70647 0.70235
vn 0.17231 -0.69854 0.69448
vn 0.17359 -0.62792 0.75863
vn 0.25626 -0.61638 0.74456
vn 0.25422 -0.68587 0.68184
vn 0.33122 -0.66912 0.66521
vn 0.3343 -0.60112 0.72585
vn 0.40611 -0.58275 0.70385
vn 0.40123 -0.64959 0.64577
vn 0.46367 -0.62832 0.62465
vn 0.47166 -0.56185 0.67956
vn 0.53575 -0.53893 0.64995
vn 0.52266 -0.60457 0.60103
vn 0 -0.99509 0.09882
vn -0.09882 -0.99509 -0
vn 0 -1 -0
vn -0.09836 -0.99026 0.09836
vn 0 -0.98047 0.1966
vn -0.09717 -0.9758 0.19572
vn -0.19572 -0.9758 0.09717
vn -0.19333 -0.96188 0.19333
vn -0.1966 -0.98047 -0
vn -0.29218 -0.95636 -0
vn -0.2909 -0.95196 0.0954
vn -0.2873 -0.93884 0.18973
vn -0.3827 -0.91913 0.09326
vn -0.378 -0.90704 0.18534
vn -0.38438 -0.92315 -0
vn -0.47243 -0.88134 -0
vn -0.47044 -0.87771 0.09101
vn -0.46474 -0.86679 0.18067
vn -0.55324 -0.82824 0.08899
vn -0.54674 -0.81848 0.17643
vn -0.5555 -0.83151 -0
vn -0.63323 -0.77395 -0
vn -0.63076 -0.77099 0.08756
vn -0.62355 -0.76226 0.17341
vn 0 -0.95636 0.29218
vn -0.0954 -0.95196 0.2909
vn 0 -0.92315 0.38438
vn -0.09326 -0.91913 0.3827
vn -0.18973 -0.93884 0.2873
vn -0.18534 -0.90704 0.378
vn -0.28184 -0.91711 0.28184
vn -0.27503 -0.88705 0.37071
vn -0.37071 -0.88705 0.27503
vn -0.36146 -0.85946 0.36146
vn -0.45582 -0.84884 0.26768
vn -0.44429 -0.82415 0.35115
vn -0.53645 -0.80255 0.2609
vn -0.52293 -0.78103 0.34132
vn -0.61211 -0.74816 0.25599
vn -0.597 -0.72939 0.33396
vn 0 -0.88134 0.47243
vn -0.09101 -0.87771 0.47044
vn 0 -0.83151 0.5555
vn -0.08899 -0.82824 0.55324
vn -0.18067 -0.86679 0.46474
vn -0.17643 -0.81848 0.54674
vn -0.26768 -0.84884 0.45582
vn -0.2609 -0.80255 0.53645
vn -0.35115 -0.82415 0.44429
vn -0.34132 -0.78103 0.52293
vn -0.43086 -0.7929 0.43086
vn -0.41704 -0.7546 0.50658
vn -0.50658 -0.7546 0.41704
vn -0.48833 -0.72323 0.48833
vn -0.57881 -0.70733 0.40571
vn -0.55806 -0.68297 0.47124
vn 0 -0.77395 0.63323
vn -0.08756 -0.77099 0.63076
vn -0.17341 -0.76226 0.62355
vn -0.25599 -0.74816 0.61211
vn -0.33396 -0.72939 0.597
vn -0.40571 -0.70733 0.57881
vn -0.47124 -0.68297 0.55806
vn -0.53533 -0.65328 0.53533
vn 0 -0.99509 -0.09882
vn -0.09836 -0.99026 -0.09836
vn -0.19572 -0.9758 -0.09717
vn -0.09717 -0.9758 -0.19572
vn -0.19333 -0.96188 -0.19333
vn 0 -0.98047 -0.1966
vn 0 -0.95636 -0.29218
vn -0.0954 -0.95196 -0.2909
vn -0.18973 -0.93884 -0.2873
vn -0.09326 -0.91913 -0.3827
vn -0.18534 -0.90704 -0.378
vn 0 -0.92315 -0.38438
vn 0 -0.88134 -0.47243
vn -0.09101 -0.87771 -0.47044
vn -0.18067 -0.86679 -0.46474
vn -0.08899 -0.82824 -0.55324
vn -0.17643 -0.81848 -0.54674
vn 0 -0.83151 -0.5555
vn 0 -0.77395 -0.63323
vn -0.08756 -0.77099 -0.63076
vn -0.17341 -0.76226 -0.62355
vn -0.2909 -0.95196 -0.0954
vn -0.3827 -0.91913 -0.09326
vn -0.2873 -0.93884 -0.18973
vn -0.378 -0.90704 -0.18534
vn -0.28184 -0.91711 -0.28184
vn -0.37071 -0.88705 -0.27503
vn -0.27503 -0.88705 -0.37071
vn -0.36146 -0.85946 -0.36146
vn -0.26768 -0.84884 -0.45582
vn -0.35115 -0.82415 -0.44429
vn -0.2609 -0.80255 -0.53645
vn -0.34132 -0.78103 -0.52293
vn -0.25599 -0.74816 -0.61211
vn -0.33396 -0.72939 -0.597
vn -0.47044 -0.87771 -0.09101
vn -0.55324 -0.82824 -0.08899
vn -0.46474 -0.86679 -0.18067
vn -0.54674 -0.81848 -0.17643
vn -0.45582 -0.84884 -0.26768
vn -0.53645 -0.80255 -0.2609
vn -0.44429 -0.82415 -0.35115
vn -0.52293 -0.78103 -0.34132
vn -0.43086 -0.7929 -0.43086
vn -0.50658 -0.7546 -0.41704
vn -0.41704 -0.7546 -0.50658
vn -0.48833 -0.72323 -0.48833
vn -0.40571 -0.70733 -0.57881
vn -0.47124 -0.68297 -0.55806
vn -0.63076 -0.77099 -0.08756
vn -0.62355 -0.76226 -0.17341
vn -0.61211 -0.74816 -0.25599
vn -0.597 -0.72939 -0.33396
vn -0.57881 -0.70733 -0.40571
vn -0.55806 -0.68297 -0.47124
vn -0.53533 -0.65328 -0.53533
vn 0.09882 -0.99509 -0
vn 0.09836 -0.99026 -0.09836
vn 0.09717 -0.9758 -0.19572
vn 0.19572 -0.9758 -0.09717
vn 0.19333 -0.96188 -0.19333
vn 0.1966 -0.98047 -0
vn 0.29218 -0.95636 -0
vn 0.2909 -0.95196 -0.0954
vn 0.2873 -0.93884 -0.18973
vn 0.3827 -0.91913 -0.09326
vn 0.378 -0.90704 -0.18534
vn 0.38438 -0.92315 -0
vn 0.47243 -0.88134 -0
vn 0.47044 -0.87771 -0.09101
vn 0.46474 -0.86679 -0.18067
vn 0.55324 -0.82824 -0.08899
vn 0.54674 -0.81848 -0.17643
vn 0.5555 -0.83151 -0
vn 0.63323 -0.77395 -0
vn 0.63076 -0.77099 -0.08756
vn 0.62355 -0.76226 -0.17341
vn 0.0954 -0.95196 -0.2909
vn 0.09326 -0.91913 -0.3827
vn 0.18973 -0.93884 -0.2873
vn 0.18534 -0.90704 -0.378
vn 0.28184 -0.91711 -0.28184
vn 0.27503 -0.88705 -0.37071
vn 0.37071 -0.88705 -0.27503
vn 0.36146 -0.85946 -0.36146
vn 0.45582 -0.84884 -0.26768
vn 0.44429 -0.82415 -0.35115
vn 0.53645 -0.80255 -0.2609
vn 0.52293 -0.78103 -0.34132
vn 0.61211 -0.74816 -0.25599
vn 0.597 -0.72939 -0.33396
vn 0.09101 -0.87771 -0.47044
vn 0.08899 -0.82824 -0.55324
vn 0.18067 -0.86679 -0.46474
vn 0.17643 -0.81848 -0.54674
vn 0.26768 -0.84884 -0.45582
vn 0.2609 -0.80255 -0.53645
vn 0.35115 -0.82415 -0.44429
vn 0.34132 -0.78103 -0.52293
vn 0.43086 -0.7929 -0.43086
vn 0.41704 -0.7546 -0.50658
vn 0.50658 -0.7546 -0.41704
vn 0.48833 -0.72323 -0.48833
vn 0.57881 -0.70733 -0.40571
vn 0.55806 -0.68297 -0.47124
vn 0.08756 -0.77099 -0.63076
vn 0.17341 -0.76226 -0.62355
vn 0.25599 -0.74816 -0.61211
vn 0.33396 -0.72939 -0.597
vn 0.40571 -0.70733 -0.57881
vn 0.47124 -0.68297 -0.55806
vn 0.53533 -0.65328 -0.53533
vn 0.09836 -0.99026 0.09836
vn 0.19572 -0.9758 0.09717
vn 0.09717 -0.9758 0.19572
vn 0.19333 -0.96188 0.19333
vn 0.0954 -0.95196 0.2909
vn 0.18973 -0.93884 0.2873
vn 0.09326 -0.91913 0.3827
vn 0.18534 -0.90704 0.378
vn 0.09101 -0.87771 0.47044
vn 0.18067 -0.86679 0.46474
vn 0.08899 -0.82824 0.55324
vn 0.17643 -0.81848 0.54674
vn 0.08756 -0.77099 0.63076
vn 0.17341 -0.76226 0.62355
vn 0.2909 -0.95196 0.0954
vn 0.3827 -0.91913 0.09326
vn 0.2873 -0.93884 0.18973
vn 0.378 -0.90704 0.18534
vn 0.28184 -0.91711 0.28184
vn 0.37071 -0.88705 0.27503
vn 0.27503 -0.88705 0.37071
vn 0.36146 -0.85946 0.36146
vn 0.26768 -0.84884 0.45582
vn 0.35115 -0.82415 0.44429
vn 0.2609 -0.80255 0.53645
vn 0.34132 -0.78103 0.52293
vn 0.25599 -0.74816 0.61211
vn 0.33396 -0.72939 0.597
vn 0.47044 -0.87771 0.09101
vn 0.55324 -0.82824 0.08899
vn 0.46474 -0.86679 0.18067
vn 0.54674 -0.81848 0.17643
vn 0.45582 -0.84884 0.26768
vn 0.53645 -0.80255 0.2609
vn 0.44429 -0.82415 0.35115
vn 0.52293 -0.78103 0.34132
vn 0.43086 -0.7929 0.43086
vn 0.50658 -0.7546 0.41704
vn 0.41704 -0.7546 0.50658
vn 0.48833 -0.72323 0.48833
vn 0.40571 -0.70733 0.57881
vn 0.47124 -0.68297 0.55806
vn 0.63076 -0.77099 0.08756
vn 0.62355 -0.76226 0.17341
vn 0.61211 -0.74816 0.25599
vn 0.597 -0.72939 0.33396
vn 0.57881 -0.70733 0.40571
vn 0.55806 -0.68297 0.47124
vn 0.53533 -0.65328 0.53533
vn 0.09882 0.99509 -0
vn 0 0.99509 0.09882
vn 0.09836 0.99026 0.09836
vn 0 1 -0
vn 0 0.98047 0.1966
vn 0.09717 0.9758 0.19572
vn 0.19572 0.9758 0.09717
vn 0.19333 0.96188 0.19333
vn 0.1966 0.98047 -0
vn 0.29218 0.95636 -0
vn 0.2909 0.95196 0.0954
vn 0.2873 0.93884 0.18973
vn 0.3827 0.91913 0.09326
vn 0.378 0.90704 0.18534
vn 0.38438 0.92315 -0
vn 0.47243 0.88134 -0
vn 0.47044 0.87771 0.09101
vn 0.46474 0.86679 0.18067
vn 0.55324 0.82824 0.08899
vn 0.54674 0.81848 0.17643
vn 0.5555 0.83151 -0
vn 0.63323 0.77395 -0
vn 0.63076 0.77099 0.08756
vn 0.62355 0.76226 0.17341
vn 0 0.95636 0.29218
vn 0.0954 0.95196 0.2909
vn 0 0.92315 0.38438
vn 0.09326 0.91913 0.3827
vn 0.18973 0.93884 0.2873
vn 0.18534 0.90704 0.378
vn 0.28184 0.91711 0.28184
vn 0.27503 0.88705 0.37071
vn 0.37071 0.88705 0.27503
vn 0.36146 0.85946 0.36146
vn 0.45582 0.84884 0.26768
vn 0.44429 0.82415 0.35115
vn 0.53645 0.80255 0.2609
vn 0.52293 0.78103 0.34132
vn 0.61211 0.74816 0.25599
vn 0.597 0.72939 0.33396
vn 0 0.88134 0.47243
vn 0.09101 0.87771 0.47044
vn 0 0.83151 0.5555
vn 0.08899 0.82824 0.55324
vn 0.18067 0.86679 0.46474
vn 0.17643 0.81848 0.54674
vn 0.26768 0.84884 0.45582
vn 0.2609 0.80255 0.53645
vn 0.35115 0.82415 0.44429
vn 0.34132 0.78103 0.52293
vn 0.43086 0.7929 0.43086
vn 0.41704 0.7546 0.50658
vn 0.50658 0.7546 0.41704
vn 0.48833 0.72323 0.48833
vn 0.57881 0.70733 0.40571
vn 0.55806 0.68297 0.47124
vn 0 0.77395 0.63323
vn 0.08756 0.77099 0.63076
vn 0.17341 0.76226 0.62355
vn 0.25599 0.74816 0.61211
vn 0.33396 0.72939 0.597
vn 0.40571 0.70733 0.57881
vn 0.47124 0.68297 0.55806
vn 0.53533 0.65328 0.53533
vn 0 0.99509 -0.09882
vn 0.09836 0.99026 -0.09836
vn 0.19572 0.9758 -0.09717
vn 0.09717 0.9758 -0.19572
vn 0.19333 0.96188 -0.19333
vn 0 0.98047 -0.1966
vn 0 0.95636 -0.29218
vn 0.0954 0.95196 -0.2909
vn 0.18973 0.93884 -0.2873
vn 0.09326 0.91913 -0.3827
vn 0.18534 0.90704 -0.378
vn 0 0.92315 -0.38438
vn 0 0.88134 -0.47243
vn 0.09101 0.87771 -0.47044
vn 0.18067 0.86679 -0.46474
vn 0.08899 0.82824 -0.55324
vn 0.17643 0.81848 -0.54674
vn 0 0.83151 -0.5555
vn 0 0.77395 -0.63323
vn 0.08756 0.77099 -0.63076
vn 0.17341 0.76226 -0.62355
vn 0.2909 0.95196 -0.0954
vn 0.3827 0.91913 -0.09326
vn 0.2873 0.93884 -0.18973
vn 0.378 0.90704 -0.18534
vn 0.28184 0.91711 -0.28184
vn 0.37071 0.88705 -0.27503
vn 0.27503 0.88705 -0.37071
vn 0.36146 0.85946 -0.36146
vn 0.26768 0.84884 -0.45582
vn 0.35115 0.82415 -0.44429
vn 0.2609 0.80255 -0.53645
vn 0.34132 0.78103 -0.52293
vn 0.25599 0.74816 -0.61211
vn 0.33396 0.72939 -0.597
vn 0.47044 0.87771 -0.09101
vn 0.55324 0.82824 -0.08899
vn 0.46474 0.86679 -0.18067
vn 0.54674 0.81848 -0.17643
vn 0.45582 0.84884 -0.26768
vn 0.53645 0.80255 -0.2609
vn 0.44429 0.82415 -0.35115
vn 0.52293 0.78103 -0.34132
vn 0.43086 0.7929 -0.43086
vn 0.50658 0.7546 -0.41704
vn 0.41704 0.7546 -0.50658
vn 0.48833 0.72323 -0.48833
vn 0.40571 0.70733 -0.57881
vn 0.47124 0.68297 -0.55806
vn 0.63076 0.77099 -0.08756
vn 0.62355 0.76226 -0.17341
vn 0.61211 0.74816 -0.25599
vn 0.597 0.72939 -0.33396
vn 0.57881 0.70733 -0.40571
vn 0.55806 0.68297 -0.47124
vn 0.53533 0.65328 -0.53533
vn -0.09882 0.99509 -0
vn -0.09836 0.99026 -0.09836
vn -0.09717 0.9758 -0.19572
vn -0.19572 0.9758 -0.09717
vn -0.19333 0.96188 -0.19333
vn -0.1966 0.98047 -0
vn -0.29218 0.95636 -0
vn -0.2909 0.95196 -0.0954
vn -0.2873 0.93884 -0.18973
vn -0.3827 0.91913 -0.09326
vn -0.378 0.90704 -0.18534
vn -0.38438 0.92315 -0
vn -0.47243 0.88134 -0
vn -0.47044 0.87771 -0.09101
vn -0.46474 0.86679 -0.18067
vn -0.55324 0.82824 -0.08899
vn -0.54674 0.81848 -0.17643
vn -0.5555 0.83151 -0
vn -0.63323 0.77395 -0
vn -0.63076 0.77099 -0.08756
vn -0.62355 0.76226 -0.17341
vn -0.0954 0.95196 -0.2909
vn -0.09326 0.91913 -0.3827
vn -0.18973 0.93884 -0.2873
vn -0.18534 0.90704 -0.378
vn -0.28184 0.91711 -0.28184
vn -0.27503 0.88705 -0.37071
vn -0.37071 0.88705 -0.27503
vn -0.36146 0.85946 -0.36146
vn -0.45582 0.84884 -0.26768
vn -0.44429 0.82415 -0.35115
vn -0.53645 0.80255 -0.2609
vn -0.52293 0.78103 -0.34132
vn -0.61211 0.74816 -0.25599
vn -0.597 0.72939 -0.33396
vn -0.09101 0.87771 -0.47044
vn -0.08899 0.82824 -0.55324
vn -0.18067 0.86679 -0.46474
vn -0.17643 0.81848 -0.54674
vn -0.26768 0.84884 -0.45582
vn -0.2609 0.80255 -0.53645
vn -0.35115 0.82415 -0.44429
vn -0.34132 0.78103 -0.52293
vn -0.43086 0.7929 -0.43086
vn -0.41704 0.7546 -0.50658
vn -0.50658 0.7546 -0.41704
vn -0.48833 0.72323 -0.48833
vn -0.57881 0.70733 -0.40571
vn -0.55806 0.68297 -0.47124
vn -0.08756 0.77099 -0.63076
vn -0.17341 0.76226 -0.62355
vn -0.25599 0.74816 -0.61211
vn -0.33396 0.72939 -0.597
vn -0.40571 0.70733 -0.57881
vn -0.47124 0.68297 -0.55806
vn -0.53533 0.65328 -0.53533
vn -0.09836 0.99026 0.09836
vn -0.19572 0.9758 0.09717
vn -0.09717 0.9758 0.19572
vn -0.19333 0.96188 0.19333
vn -0.0954 0.95196 0.2909
vn -0.18973 0.93884 0.2873
vn -0.09326 0.91913 0.3827
vn -0.18534 0.90704 0.378
vn -0.09101 0.87771 0.47044
vn -0.18067 0.86679 0.46474
vn -0.08899 0.82824 0.55324
vn -0.17643 0.81848 0.54674
vn -0.08756 0.77099 0.63076
vn -0.17341 0.76226 0.62355
vn -0.2909 0.95196 0.0954
vn -0.3827 0.91913 0.09326
vn -0.2873 0.93884 0.18973
vn -0.378 0.90704 0.18534
vn -0.28184 0.91711 0.28184
vn -0.37071 0.88705 0.27503
vn -0.27503 0.88705 0.37071
vn -0.36146 0.85946 0.36146
vn -0.26768 0.84884 0.45582
vn -0.35115 0.82415 0.44429
vn -0.2609 0.80255 0.53645
vn -0.34132 0.78103 0.52293
vn -0.25599 0.74816 0.61211
vn -0.33396 0.72939 0.597
vn -0.47044 0.87771 0.09101
vn -0.55324 0.82824 0.08899
vn -0.46474 0.86679 0.18067
vn -0.54674 0.81848 0.17643
vn -0.45582 0.84884 0.26768
vn -0.53645 0.80255 0.2609
vn -0.44429 0.82415 0.35115
vn -0.52293 0.78103 0.34132
vn -0.43086 0.7929 0.43086
vn -0.50658 0.7546 0.41704
vn -0.41704 0.7546 0.50658
vn -0.48833 0.72323 0.48833
vn -0.40571 0.70733 0.57881
vn -0.47124 0.68297 0.55806
vn -0.63076 0.77099 0.08756
vn -0.62355 0.76226 0.17341
vn -0.61211 0.74816 0.25599
vn -0.597 0.72939 0.33396
vn -0.57881 0.70733 0.40571
vn -0.55806 0.68297 0.47124
vn -0.53533 0.65328 0.53533
vt 0.39272 0.50013
vt 0.37672 0.52079
vt 0.37672 0.50013
vt 0.39272 0.52079
vt 0.40871 0.50013
vt 0.40871 0.52079
vt 0.40871 0.54145
vt 0.39272 0.54145
vt 0.37672 0.54145
vt 0.39272 0.56211
vt 0.37672 0.56211
vt 0.40871 0.56211
vt 0.40871 0.58277
vt 0.39272 0.58277
vt 0.37672 0.58277
vt 0.39272 0.60344
vt 0.37672 0.60344
vt 0.40871 0.60344
vt 0.40871 0.6241
vt 0.39272 0.6241
vt 0.37672 0.6241
vt 0.39272 0.64476
vt 0.37672 0.64476
vt 0.40871 0.64476
vt 0.40871 0.66542
vt 0.39272 0.66542
vt 0.37672 0.66542
vt 0.42471 0.50013
vt 0.42471 0.52079
vt 0.4407 0.50013
vt 0.4407 0.52079
vt 0.4407 0.54145
vt 0.42471 0.54145
vt 0.42471 0.56211
vt 0.4407 0.56211
vt 0.4407 0.58277
vt 0.42471 0.58277
vt 0.42471 0.60344
vt 0.4407 0.60344
vt 0.4407 0.6241
vt 0.42471 0.6241
vt 0.42471 0.64476
vt 0.4407 0.64476
vt 0.4407 0.66542
vt 0.42471 0.66542
vt 0.4567 0.50013
vt 0.4567 0.52079
vt 0.47269 0.50013
vt 0.47269 0.52079
vt 0.47269 0.54145
vt 0.4567 0.54145
vt 0.4567 0.56211
vt 0.47269 0.56211
vt 0.47269 0.58277
vt 0.4567 0.58277
vt 0.4567 0.60344
vt 0.47269 0.60344
vt 0.47269 0.6241
vt 0.4567 0.6241
vt 0.4567 0.64476
vt 0.47269 0.64476
vt 0.47269 0.66542
vt 0.4567 0.66542
vt 0.48866 0.50013
vt 0.48866 0.52079
vt 0.50444 0.50012
vt 0.50444 0.52079
vt 0.50444 0.54145
vt 0.48866 0.54145
vt 0.48866 0.56211
vt 0.50444 0.56211
vt 0.50444 0.58277
vt 0.48866 0.58277
vt 0.48866 0.60343
vt 0.50444 0.60343
vt 0.50444 0.62409
vt 0.48866 0.6241
vt 0.48855 0.6449
vt 0.47269 0.6241
vt 0.48866 0.6241
vt 0.47269 0.64476
vt 0.50402 0.64533
vt 0.50444 0.62409
vt 0.49935 0.67234
vt 0.48802 0.66629
vt 0.47269 0.66542
vt 0.37672 0.52079
vt 0.36073 0.50013
vt 0.36073 0.52079
vt 0.36073 0.54145
vt 0.37672 0.54145
vt 0.34473 0.54145
vt 0.34473 0.52079
vt 0.34473 0.50013
vt 0.32874 0.50013
vt 0.32874 0.52079
vt 0.32874 0.54145
vt 0.31274 0.54145
vt 0.31274 0.52079
vt 0.31274 0.50013
vt 0.29675 0.50013
vt 0.29675 0.52079
vt 0.29675 0.54145
vt 0.28075 0.54145
vt 0.28075 0.52079
vt 0.28075 0.50013
vt 0.26478 0.50013
vt 0.26478 0.52079
vt 0.26478 0.54145
vt 0.24891 0.54145
vt 0.24891 0.52079
vt 0.24891 0.50013
vt 0.36073 0.56211
vt 0.37672 0.56211
vt 0.36073 0.58277
vt 0.37672 0.58277
vt 0.34473 0.58277
vt 0.34473 0.56211
vt 0.32874 0.56211
vt 0.32874 0.58277
vt 0.31274 0.58277
vt 0.31274 0.56211
vt 0.29675 0.56211
vt 0.29675 0.58277
vt 0.28075 0.58277
vt 0.28075 0.56211
vt 0.26478 0.56211
vt 0.26478 0.58277
vt 0.24891 0.58277
vt 0.24891 0.56211
vt 0.36073 0.60344
vt 0.37672 0.60344
vt 0.36073 0.6241
vt 0.37672 0.6241
vt 0.34473 0.6241
vt 0.34473 0.60344
vt 0.32874 0.60344
vt 0.32874 0.6241
vt 0.31274 0.6241
vt 0.31274 0.60344
vt 0.29675 0.60344
vt 0.29675 0.6241
vt 0.28075 0.6241
vt 0.28075 0.60344
vt 0.26478 0.60344
vt 0.26478 0.6241
vt 0.24891 0.6241
vt 0.24891 0.60344
vt 0.36073 0.64476
vt 0.37672 0.64476
vt 0.36073 0.66542
vt 0.34473 0.66542
vt 0.34473 0.64476
vt 0.32874 0.64476
vt 0.32874 0.66542
vt 0.31274 0.66542
vt 0.31274 0.64476
vt 0.29675 0.64476
vt 0.29675 0.66542
vt 0.28075 0.66542
vt 0.28075 0.64476
vt 0.28075 0.6241
vt 0.26478 0.64476
vt 0.26478 0.6241
vt 0.28075 0.64476
vt 0.26478 0.66542
vt 0.24891 0.66542
vt 0.24891 0.64476
vt 0.24891 0.6241
vt 0.36073 0.47947
vt 0.37672 0.47947
vt 0.34473 0.47947
vt 0.34473 0.50013
vt 0.34473 0.4588
vt 0.36073 0.4588
vt 0.37672 0.4588
vt 0.36073 0.43814
vt 0.37672 0.43814
vt 0.34473 0.43814
vt 0.34473 0.41748
vt 0.36073 0.41748
vt 0.37672 0.41748
vt 0.36073 0.39682
vt 0.37672 0.39682
vt 0.34473 0.39682
vt 0.34473 0.37616
vt 0.36073 0.37616
vt 0.37672 0.37616
vt 0.36073 0.3555
vt 0.37672 0.3555
vt 0.34473 0.3555
vt 0.34473 0.33483
vt 0.36073 0.33484
vt 0.37672 0.33483
vt 0.32874 0.47947
vt 0.32874 0.50013
vt 0.31274 0.47947
vt 0.31274 0.4588
vt 0.32874 0.4588
vt 0.32874 0.43814
vt 0.31274 0.43814
vt 0.31274 0.41748
vt 0.32874 0.41748
vt 0.32874 0.39682
vt 0.31274 0.39682
vt 0.31274 0.37616
vt 0.32874 0.37616
vt 0.32874 0.3555
vt 0.31274 0.3555
vt 0.31274 0.33483
vt 0.32874 0.33484
vt 0.29675 0.47947
vt 0.29675 0.50013
vt 0.28075 0.47947
vt 0.28075 0.4588
vt 0.29675 0.4588
vt 0.29675 0.43814
vt 0.28075 0.43814
vt 0.28075 0.41748
vt 0.29675 0.41748
vt 0.29675 0.39682
vt 0.28075 0.39682
vt 0.28075 0.37616
vt 0.29675 0.37616
vt 0.29675 0.3555
vt 0.28075 0.3555
vt 0.28075 0.33483
vt 0.29675 0.33484
vt 0.26478 0.47947
vt 0.26478 0.50013
vt 0.24891 0.47947
vt 0.24891 0.4588
vt 0.26478 0.4588
vt 0.26478 0.43814
vt 0.24891 0.43814
vt 0.24891 0.41748
vt 0.26478 0.41748
vt 0.26478 0.39682
vt 0.24891 0.39682
vt 0.24892 0.37616
vt 0.26478 0.37616
vt 0.28075 0.37616
vt 0.26488 0.35535
vt 0.26478 0.37616
vt 0.24935 0.35492
vt 0.24892 0.37616
vt 0.25409 0.32788
vt 0.26542 0.33397
vt 0.39272 0.47947
vt 0.37672 0.50013
vt 0.37672 0.47947
vt 0.39272 0.4588
vt 0.37672 0.4588
vt 0.40871 0.4588
vt 0.40871 0.47947
vt 0.40871 0.50013
vt 0.42471 0.47947
vt 0.42471 0.50013
vt 0.42471 0.4588
vt 0.4407 0.4588
vt 0.4407 0.47947
vt 0.4567 0.47947
vt 0.4567 0.4588
vt 0.47269 0.4588
vt 0.47269 0.47947
vt 0.47269 0.50013
vt 0.48866 0.47947
vt 0.48866 0.50013
vt 0.48866 0.4588
vt 0.50444 0.4588
vt 0.50444 0.47946
vt 0.39272 0.43814
vt 0.37672 0.43814
vt 0.39272 0.41748
vt 0.37672 0.41748
vt 0.40871 0.41748
vt 0.40871 0.43814
vt 0.42471 0.43814
vt 0.42471 0.41748
vt 0.4407 0.41748
vt 0.4407 0.43814
vt 0.4567 0.43814
vt 0.4567 0.41748
vt 0.47269 0.41748
vt 0.47269 0.43814
vt 0.48866 0.43814
vt 0.48866 0.41748
vt 0.50444 0.41748
vt 0.50444 0.43814
vt 0.39272 0.39682
vt 0.37672 0.39682
vt 0.39272 0.37616
vt 0.37672 0.37616
vt 0.40871 0.37616
vt 0.40871 0.39682
vt 0.42471 0.39682
vt 0.42471 0.37616
vt 0.4407 0.37616
vt 0.4407 0.39682
vt 0.4567 0.39682
vt 0.4567 0.37616
vt 0.47269 0.37616
vt 0.47269 0.39682
vt 0.48866 0.39682
vt 0.48866 0.37616
vt 0.50444 0.37616
vt 0.50444 0.39682
vt 0.39272 0.3555
vt 0.37672 0.3555
vt 0.39272 0.33484
vt 0.40871 0.33483
vt 0.40871 0.3555
vt 0.42471 0.3555
vt 0.42471 0.33484
vt 0.4407 0.33483
vt 0.4407 0.3555
vt 0.4567 0.3555
vt 0.4567 0.33484
vt 0.47269 0.33483
vt 0.47269 0.3555
vt 0.48866 0.3555
vt 0.47269 0.37616
vt 0.47269 0.3555
vt 0.48866 0.33483
vt 0.47269 0.33483
vt 0.50444 0.33483
vt 0.50444 0.3555
vt 0.50444 0.37616
vt 0.14 0.50013
vt 0.12447 0.52079
vt 0.12447 0.50013
vt 0.14 0.52079
vt 0.15554 0.50013
vt 0.15554 0.52079
vt 0.15554 0.54145
vt 0.14 0.54145
vt 0.12447 0.54145
vt 0.14 0.56211
vt 0.12447 0.56211
vt 0.15554 0.56211
vt 0.15554 0.58277
vt 0.14 0.58277
vt 0.12447 0.58277
vt 0.14 0.60344
vt 0.12447 0.60344
vt 0.15554 0.60344
vt 0.15554 0.6241
vt 0.14 0.6241
vt 0.12447 0.6241
vt 0.14 0.64476
vt 0.12447 0.64476
vt 0.15554 0.64476
vt 0.15554 0.66542
vt 0.14 0.66542
vt 0.12447 0.66542
vt 0.17108 0.50013
vt 0.17108 0.52079
vt 0.18661 0.50013
vt 0.18661 0.52079
vt 0.18661 0.54145
vt 0.17108 0.54145
vt 0.17108 0.56211
vt 0.18661 0.56211
vt 0.18661 0.58277
vt 0.17108 0.58277
vt 0.17108 0.60344
vt 0.18661 0.60344
vt 0.18661 0.6241
vt 0.17108 0.6241
vt 0.17108 0.64476
vt 0.18661 0.64476
vt 0.18661 0.66542
vt 0.17108 0.66542
vt 0.20215 0.50013
vt 0.20215 0.52079
vt 0.21769 0.50013
vt 0.21769 0.52079
vt 0.21769 0.54145
vt 0.20215 0.54145
vt 0.20215 0.56211
vt 0.21769 0.56211
vt 0.21769 0.58277
vt 0.20215 0.58277
vt 0.20215 0.60344
vt 0.21769 0.60344
vt 0.21769 0.6241
vt 0.20215 0.6241
vt 0.20215 0.64476
vt 0.21769 0.64476
vt 0.21769 0.66542
vt 0.20215 0.66542
vt 0.23324 0.50013
vt 0.23324 0.52079
vt 0.24891 0.50013
vt 0.24891 0.52079
vt 0.24891 0.54145
vt 0.23324 0.54145
vt 0.23324 0.56211
vt 0.24891 0.56211
vt 0.24891 0.58277
vt 0.23324 0.58277
vt 0.23324 0.60344
vt 0.24891 0.60344
vt 0.24891 0.6241
vt 0.23324 0.6241
vt 0.23324 0.64476
vt 0.21769 0.6241
vt 0.23324 0.6241
vt 0.21769 0.64476
vt 0.24891 0.64476
vt 0.24891 0.6241
vt 0.23324 0.66542
vt 0.21769 0.66542
vt 0.12447 0.52079
vt 0.10893 0.50013
vt 0.12447 0.50013
vt 0.10893 0.52079
vt 0.10893 0.54145
vt 0.12447 0.54145
vt 0.09339 0.54145
vt 0.09339 0.52079
vt 0.09339 0.50013
vt 0.07786 0.50013
vt 0.07786 0.52079
vt 0.07786 0.54145
vt 0.06232 0.54145
vt 0.06232 0.52079
vt 0.06232 0.50013
vt 0.04678 0.50013
vt 0.04678 0.52079
vt 0.04678 0.54145
vt 0.03124 0.54145
vt 0.03124 0.52079
vt 0.03124 0.50013
vt 0.01571 0.50013
vt 0.01571 0.52079
vt 0.01571 0.54145
vt 0.00017 0.54145
vt 0.00017 0.52079
vt 0.00017 0.50013
vt 0.10893 0.56211
vt 0.10893 0.58277
vt 0.12447 0.58277
vt 0.09339 0.58277
vt 0.09339 0.56211
vt 0.07786 0.56211
vt 0.07786 0.58277
vt 0.06232 0.58277
vt 0.06232 0.56211
vt 0.04678 0.56211
vt 0.04678 0.58277
vt 0.03124 0.58277
vt 0.03124 0.56211
vt 0.01571 0.56211
vt 0.01571 0.58277
vt 0.00017 0.58277
vt 0.00017 0.56211
vt 0.10893 0.60344
vt 0.12447 0.60344
vt 0.10893 0.6241
vt 0.12447 0.6241
vt 0.09339 0.6241
vt 0.09339 0.60344
vt 0.07786 0.60344
vt 0.07786 0.6241
vt 0.06232 0.6241
vt 0.06232 0.60344
vt 0.04678 0.60344
vt 0.04678 0.6241
vt 0.03124 0.6241
vt 0.03124 0.60344
vt 0.01571 0.60344
vt 0.01571 0.6241
vt 0.00017 0.6241
vt 0.00017 0.60344
vt 0.10893 0.64476
vt 0.12447 0.64476
vt 0.10893 0.66542
vt 0.09339 0.66542
vt 0.09339 0.64476
vt 0.07786 0.64476
vt 0.07786 0.66542
vt 0.06232 0.66542
vt 0.06232 0.64476
vt 0.04678 0.64476
vt 0.04678 0.66542
vt 0.03125 0.66542
vt 0.03124 0.64476
vt 0.01571 0.64476
vt 0.01571 0.6241
vt 0.03124 0.64476
vt 0.01571 0.66542
vt 0.00017 0.66542
vt 0.00017 0.64476
vt 0.10893 0.47947
vt 0.12447 0.47947
vt 0.10893 0.50013
vt 0.09339 0.47947
vt 0.09339 0.50013
vt 0.09339 0.4588
vt 0.10893 0.4588
vt 0.12447 0.4588
vt 0.10893 0.43814
vt 0.12447 0.43814
vt 0.09339 0.43814
vt 0.09339 0.41748
vt 0.10893 0.41748
vt 0.12447 0.41748
vt 0.10893 0.39682
vt 0.12447 0.39682
vt 0.09339 0.39682
vt 0.09339 0.37616
vt 0.10893 0.37616
vt 0.12447 0.37616
vt 0.10893 0.3555
vt 0.12447 0.3555
vt 0.09339 0.3555
vt 0.09339 0.33483
vt 0.10893 0.33484
vt 0.12447 0.33483
vt 0.07786 0.47947
vt 0.06232 0.47947
vt 0.06232 0.50013
vt 0.06232 0.4588
vt 0.07786 0.4588
vt 0.07786 0.43814
vt 0.06232 0.43814
vt 0.06232 0.41748
vt 0.07786 0.41748
vt 0.07786 0.39682
vt 0.06232 0.39682
vt 0.06232 0.37616
vt 0.07786 0.37616
vt 0.07786 0.3555
vt 0.06232 0.3555
vt 0.06232 0.33483
vt 0.07786 0.33484
vt 0.04678 0.47947
vt 0.04678 0.50013
vt 0.03124 0.47947
vt 0.03124 0.50013
vt 0.03124 0.4588
vt 0.04678 0.4588
vt 0.04678 0.43814
vt 0.03124 0.43814
vt 0.03124 0.41748
vt 0.04678 0.41748
vt 0.04678 0.39682
vt 0.03125 0.39682
vt 0.03125 0.37616
vt 0.04678 0.37616
vt 0.04678 0.3555
vt 0.03125 0.3555
vt 0.03125 0.33483
vt 0.04678 0.33484
vt 0.01571 0.47947
vt 0.01571 0.50013
vt 0.00017 0.47947
vt 0.00017 0.4588
vt 0.01571 0.4588
vt 0.01571 0.43814
vt 0.00017 0.43814
vt 0.00017 0.41748
vt 0.01571 0.41748
vt 0.01571 0.39682
vt 0.00017 0.39682
vt 0.00017 0.37616
vt 0.01571 0.37616
vt 0.03125 0.37616
vt 0.01571 0.3555
vt 0.01571 0.37616
vt 0.00017 0.3555
vt 0.00017 0.33483
vt 0.01571 0.33483
vt 0.14 0.47947
vt 0.12447 0.50013
vt 0.14 0.4588
vt 0.12447 0.4588
vt 0.15554 0.4588
vt 0.15554 0.47947
vt 0.15554 0.50013
vt 0.17108 0.47947
vt 0.17108 0.50013
vt 0.17108 0.4588
vt 0.18661 0.4588
vt 0.18661 0.47947
vt 0.18661 0.50013
vt 0.20215 0.47947
vt 0.20215 0.50013
vt 0.20215 0.4588
vt 0.21769 0.4588
vt 0.21769 0.47947
vt 0.21769 0.50013
vt 0.23324 0.47947
vt 0.23324 0.50013
vt 0.23324 0.4588
vt 0.24891 0.4588
vt 0.24891 0.47947
vt 0.14 0.43814
vt 0.14 0.41748
vt 0.12447 0.41748
vt 0.15554 0.41748
vt 0.15554 0.43814
vt 0.17108 0.43814
vt 0.17108 0.41748
vt 0.18661 0.41748
vt 0.18661 0.43814
vt 0.20215 0.43814
vt 0.20215 0.41748
vt 0.21769 0.41748
vt 0.21769 0.43814
vt 0.23324 0.43814
vt 0.23324 0.41748
vt 0.24891 0.43814
vt 0.14 0.39682
vt 0.12447 0.39682
vt 0.14 0.37616
vt 0.12447 0.37616
vt 0.15554 0.37616
vt 0.15554 0.39682
vt 0.17108 0.39682
vt 0.17108 0.37616
vt 0.18662 0.37616
vt 0.18661 0.39682
vt 0.20215 0.39682
vt 0.20216 0.37616
vt 0.2177 0.37616
vt 0.21769 0.39682
vt 0.23324 0.39682
vt 0.23325 0.37616
vt 0.24891 0.39682
vt 0.14 0.3555
vt 0.14 0.33484
vt 0.15554 0.33483
vt 0.15554 0.3555
vt 0.17108 0.3555
vt 0.17108 0.33484
vt 0.18663 0.33483
vt 0.18662 0.3555
vt 0.20196 0.3555
vt 0.18662 0.37616
vt 0.18662 0.3555
vt 0.20216 0.37616
vt 0.2009 0.33483
vt 0.18663 0.33483
vt 0.20742 0.33483
vt 0.21686 0.3555
vt 0.2177 0.37616
vt 0.23316 0.35535
vt 0.23325 0.37616
vt 0.23285 0.3342
vt 0.20742 0.33484
vt 0.25409 0.32788
vt 0.24935 0.35492
vt 0.24892 0.37616
vt 0.89017 0.49997
vt 0.87448 0.52061
vt 0.87448 0.49997
vt 0.89017 0.52061
vt 0.90586 0.49997
vt 0.90586 0.52061
vt 0.90586 0.54125
vt 0.89017 0.54125
vt 0.87448 0.54125
vt 0.89017 0.56189
vt 0.87448 0.56189
vt 0.90586 0.56189
vt 0.90586 0.58253
vt 0.89017 0.58253
vt 0.87448 0.58253
vt 0.89017 0.60317
vt 0.87448 0.60317
vt 0.90586 0.60317
vt 0.90586 0.62382
vt 0.89017 0.62382
vt 0.87448 0.62382
vt 0.89017 0.64446
vt 0.87448 0.64446
vt 0.90586 0.64446
vt 0.90586 0.6651
vt 0.89017 0.6651
vt 0.87448 0.6651
vt 0.92155 0.49997
vt 0.92155 0.52061
vt 0.93724 0.49997
vt 0.93724 0.52061
vt 0.93724 0.54125
vt 0.92155 0.54125
vt 0.92155 0.56189
vt 0.93724 0.56189
vt 0.93724 0.58253
vt 0.92155 0.58253
vt 0.92155 0.60317
vt 0.93724 0.60317
vt 0.93724 0.62382
vt 0.92155 0.62382
vt 0.92155 0.64446
vt 0.93724 0.64446
vt 0.93724 0.6651
vt 0.92155 0.6651
vt 0.95293 0.49997
vt 0.95293 0.52061
vt 0.96862 0.49997
vt 0.96862 0.52061
vt 0.96862 0.54125
vt 0.95293 0.54125
vt 0.95293 0.56189
vt 0.96862 0.56189
vt 0.96862 0.58253
vt 0.95293 0.58253
vt 0.95293 0.60317
vt 0.96862 0.60317
vt 0.96862 0.62382
vt 0.95293 0.62382
vt 0.95293 0.64446
vt 0.96862 0.64446
vt 0.96862 0.6651
vt 0.95293 0.6651
vt 0.98431 0.49997
vt 0.98431 0.52061
vt 1 0.49997
vt 1 0.52061
vt 1 0.54125
vt 0.98431 0.54125
vt 0.98431 0.56189
vt 1 0.56189
vt 1 0.58253
vt 0.98431 0.58253
vt 0.98431 0.60317
vt 1 0.60317
vt 1 0.62382
vt 0.98431 0.62382
vt 0.98431 0.64446
vt 0.96862 0.62382
vt 0.98431 0.62382
vt 0.96862 0.64446
vt 1 0.64446
vt 1 0.6651
vt 0.98431 0.6651
vt 0.87448 0.52061
vt 0.85879 0.49997
vt 0.85879 0.52061
vt 0.85879 0.54125
vt 0.87448 0.54125
vt 0.8431 0.54125
vt 0.8431 0.52061
vt 0.8431 0.49997
vt 0.82741 0.49997
vt 0.82741 0.52061
vt 0.82741 0.54125
vt 0.81173 0.54125
vt 0.81173 0.52061
vt 0.81173 0.49997
vt 0.79604 0.49997
vt 0.79604 0.52061
vt 0.79604 0.54125
vt 0.78035 0.54125
vt 0.78035 0.52061
vt 0.78035 0.49997
vt 0.76467 0.49997
vt 0.76467 0.52061
vt 0.76467 0.54125
vt 0.74911 0.54125
vt 0.74911 0.52061
vt 0.74911 0.49997
vt 0.85879 0.56189
vt 0.87448 0.56189
vt 0.85879 0.58253
vt 0.87448 0.58253
vt 0.8431 0.58253
vt 0.8431 0.56189
vt 0.82741 0.56189
vt 0.82741 0.58253
vt 0.81173 0.58253
vt 0.81173 0.56189
vt 0.79604 0.56189
vt 0.79604 0.58253
vt 0.78035 0.58253
vt 0.78035 0.56189
vt 0.76467 0.56189
vt 0.76467 0.58253
vt 0.74911 0.58254
vt 0.74911 0.5619
vt 0.85879 0.60317
vt 0.85879 0.62382
vt 0.87448 0.62382
vt 0.8431 0.62382
vt 0.8431 0.60317
vt 0.82741 0.60317
vt 0.82741 0.62382
vt 0.81173 0.62382
vt 0.81173 0.60317
vt 0.79604 0.60317
vt 0.79604 0.62382
vt 0.78035 0.62382
vt 0.78035 0.60317
vt 0.76467 0.60318
vt 0.76467 0.62382
vt 0.74911 0.62382
vt 0.74911 0.60318
vt 0.85879 0.64446
vt 0.87448 0.64446
vt 0.85879 0.6651
vt 0.8431 0.6651
vt 0.8431 0.64446
vt 0.82741 0.64446
vt 0.82741 0.6651
vt 0.81173 0.6651
vt 0.81173 0.64446
vt 0.79604 0.64446
vt 0.79604 0.6651
vt 0.78035 0.6651
vt 0.78035 0.64446
vt 0.78035 0.62382
vt 0.76478 0.6446
vt 0.76467 0.62382
vt 0.78035 0.64446
vt 0.76531 0.66597
vt 0.7542 0.67203
vt 0.74953 0.64504
vt 0.74911 0.62382
vt 0.85879 0.47933
vt 0.87448 0.47933
vt 0.85879 0.49997
vt 0.8431 0.47933
vt 0.8431 0.45868
vt 0.85879 0.45868
vt 0.87448 0.45868
vt 0.85879 0.43804
vt 0.87448 0.43804
vt 0.8431 0.43804
vt 0.8431 0.4174
vt 0.85879 0.4174
vt 0.87448 0.4174
vt 0.85879 0.39676
vt 0.87448 0.39676
vt 0.8431 0.39676
vt 0.8431 0.37612
vt 0.85879 0.37612
vt 0.87448 0.37612
vt 0.85879 0.35548
vt 0.87448 0.35548
vt 0.8431 0.35548
vt 0.8431 0.33483
vt 0.85879 0.33484
vt 0.87448 0.33483
vt 0.82741 0.47933
vt 0.82741 0.49997
vt 0.81173 0.47933
vt 0.81173 0.45868
vt 0.82741 0.45868
vt 0.82741 0.43804
vt 0.81173 0.43804
vt 0.81173 0.4174
vt 0.82741 0.4174
vt 0.82741 0.39676
vt 0.81173 0.39676
vt 0.81173 0.37612
vt 0.82741 0.37612
vt 0.82741 0.35548
vt 0.81173 0.35548
vt 0.81173 0.33483
vt 0.82741 0.33484
vt 0.79604 0.47933
vt 0.78035 0.47933
vt 0.78035 0.45868
vt 0.79604 0.45868
vt 0.79604 0.43804
vt 0.78035 0.43804
vt 0.78035 0.4174
vt 0.79604 0.4174
vt 0.79604 0.39676
vt 0.78035 0.39676
vt 0.78035 0.37612
vt 0.79604 0.37612
vt 0.79604 0.35548
vt 0.78035 0.35548
vt 0.78035 0.33483
vt 0.79604 0.33484
vt 0.76467 0.47933
vt 0.76467 0.49997
vt 0.74911 0.47933
vt 0.74911 0.49997
vt 0.74911 0.45869
vt 0.76467 0.45868
vt 0.76467 0.43804
vt 0.74911 0.43804
vt 0.74911 0.4174
vt 0.76467 0.4174
vt 0.76467 0.39676
vt 0.74911 0.39676
vt 0.74911 0.37612
vt 0.76467 0.37612
vt 0.76467 0.35548
vt 0.78035 0.35548
vt 0.76467 0.37612
vt 0.74911 0.35548
vt 0.74911 0.37612
vt 0.74911 0.33483
vt 0.76467 0.33483
vt 0.89017 0.47933
vt 0.87448 0.47933
vt 0.89017 0.45868
vt 0.90586 0.45868
vt 0.90586 0.47933
vt 0.90586 0.49997
vt 0.92155 0.47933
vt 0.92155 0.45868
vt 0.93724 0.45868
vt 0.93724 0.47933
vt 0.95293 0.47933
vt 0.95293 0.45868
vt 0.96862 0.45868
vt 0.96862 0.47933
vt 0.96862 0.49997
vt 0.98431 0.47933
vt 0.98431 0.49997
vt 0.98431 0.45868
vt 1 0.45868
vt 1 0.47933
vt 1 0.49997
vt 0.89017 0.43804
vt 0.87448 0.43804
vt 0.89017 0.4174
vt 0.87448 0.4174
vt 0.90586 0.4174
vt 0.90586 0.43804
vt 0.92155 0.43804
vt 0.92155 0.4174
vt 0.93724 0.4174
vt 0.93724 0.43804
vt 0.95293 0.43804
vt 0.95293 0.4174
vt 0.96862 0.4174
vt 0.96862 0.43804
vt 0.98431 0.43804
vt 0.98431 0.4174
vt 1 0.4174
vt 1 0.43804
vt 0.89017 0.39676
vt 0.87448 0.39676
vt 0.89017 0.37612
vt 0.87448 0.37612
vt 0.90586 0.37612
vt 0.90586 0.39676
vt 0.92155 0.39676
vt 0.92155 0.37612
vt 0.93724 0.37612
vt 0.93724 0.39676
vt 0.95293 0.39676
vt 0.95293 0.37612
vt 0.96862 0.37612
vt 0.96862 0.39676
vt 0.98431 0.39676
vt 0.98431 0.37612
vt 1 0.37612
vt 1 0.39676
vt 0.89017 0.35548
vt 0.87448 0.35548
vt 0.89017 0.33484
vt 0.90586 0.33483
vt 0.90586 0.35548
vt 0.92155 0.35548
vt 0.92155 0.33484
vt 0.93724 0.33483
vt 0.93724 0.35548
vt 0.95293 0.35548
vt 0.95293 0.33484
vt 0.96862 0.33483
vt 0.96862 0.35548
vt 0.98431 0.35548
vt 0.96862 0.37612
vt 0.98431 0.37612
vt 0.98431 0.33483
vt 1 0.33483
vt 1 0.35548
vt 0.64209 0.50004
vt 0.62683 0.5207
vt 0.62683 0.50005
vt 0.64209 0.52069
vt 0.65736 0.50003
vt 0.65736 0.52068
vt 0.65736 0.54133
vt 0.64209 0.54134
vt 0.62683 0.54135
vt 0.64209 0.56199
vt 0.62683 0.562
vt 0.65736 0.56197
vt 0.65736 0.58262
vt 0.64209 0.58264
vt 0.62683 0.58265
vt 0.64209 0.60329
vt 0.62683 0.6033
vt 0.65736 0.60327
vt 0.65736 0.62392
vt 0.64209 0.62394
vt 0.62683 0.62396
vt 0.64209 0.64459
vt 0.62683 0.64461
vt 0.65736 0.64458
vt 0.65736 0.66526
vt 0.64209 0.66528
vt 0.62683 0.6653
vt 0.67263 0.50002
vt 0.67263 0.52066
vt 0.6879 0.50001
vt 0.6879 0.52065
vt 0.6879 0.5413
vt 0.67263 0.54131
vt 0.67263 0.56196
vt 0.6879 0.56195
vt 0.6879 0.58259
vt 0.67263 0.58261
vt 0.67263 0.60326
vt 0.6879 0.60324
vt 0.6879 0.62389
vt 0.67263 0.6239
vt 0.67263 0.64456
vt 0.6879 0.64454
vt 0.6879 0.66522
vt 0.67263 0.66524
vt 0.70316 0.5
vt 0.70316 0.52064
vt 0.71843 0.49999
vt 0.71843 0.52063
vt 0.71843 0.54128
vt 0.70316 0.54129
vt 0.70316 0.56193
vt 0.71843 0.56192
vt 0.71843 0.58256
vt 0.70316 0.58258
vt 0.70316 0.60322
vt 0.71843 0.60321
vt 0.71843 0.62385
vt 0.70316 0.62387
vt 0.70316 0.64452
vt 0.71843 0.6445
vt 0.71843 0.66518
vt 0.70316 0.6652
vt 0.73372 0.49998
vt 0.73372 0.52062
vt 0.74911 0.54125
vt 0.73372 0.54126
vt 0.73372 0.56191
vt 0.74911 0.5619
vt 0.73372 0.58255
vt 0.73372 0.60319
vt 0.74911 0.62382
vt 0.73372 0.62383
vt 0.73382 0.64463
vt 0.73372 0.62383
vt 0.7542 0.67203
vt 0.73414 0.66574
vt 0.71843 0.66518
vt 0.62683 0.5207
vt 0.61156 0.50006
vt 0.62683 0.50005
vt 0.61156 0.52071
vt 0.61156 0.54136
vt 0.62683 0.54135
vt 0.59629 0.54138
vt 0.59629 0.52072
vt 0.59629 0.50007
vt 0.58102 0.50008
vt 0.58102 0.52073
vt 0.58102 0.54139
vt 0.56575 0.5414
vt 0.56575 0.52074
vt 0.56575 0.50009
vt 0.55049 0.5001
vt 0.55049 0.52076
vt 0.55049 0.54141
vt 0.53522 0.54143
vt 0.53522 0.52077
vt 0.53522 0.50011
vt 0.51992 0.50012
vt 0.51992 0.52078
vt 0.51992 0.54144
vt 0.50444 0.52079
vt 0.61156 0.56202
vt 0.62683 0.562
vt 0.61156 0.58267
vt 0.62683 0.58265
vt 0.59629 0.58268
vt 0.59629 0.56203
vt 0.58102 0.56204
vt 0.58102 0.5827
vt 0.56575 0.58271
vt 0.56575 0.56206
vt 0.55049 0.56207
vt 0.55049 0.58273
vt 0.53522 0.58274
vt 0.53522 0.56208
vt 0.51992 0.5621
vt 0.51992 0.58276
vt 0.50444 0.56211
vt 0.61156 0.60332
vt 0.62683 0.6033
vt 0.61156 0.62397
vt 0.62683 0.62396
vt 0.59629 0.62399
vt 0.59629 0.60334
vt 0.58102 0.60335
vt 0.58102 0.62401
vt 0.56575 0.62403
vt 0.56575 0.60337
vt 0.55049 0.60339
vt 0.55049 0.62404
vt 0.53522 0.62406
vt 0.53522 0.6034
vt 0.51992 0.60342
vt 0.51992 0.62408
vt 0.50444 0.60343
vt 0.61156 0.64463
vt 0.62683 0.64461
vt 0.61156 0.66532
vt 0.62683 0.6653
vt 0.59629 0.66534
vt 0.59629 0.64465
vt 0.58102 0.64467
vt 0.58102 0.66536
vt 0.56575 0.66538
vt 0.56575 0.64469
vt 0.55049 0.64471
vt 0.55049 0.6654
vt 0.53522 0.66542
vt 0.53522 0.64473
vt 0.53522 0.62406
vt 0.51982 0.64489
vt 0.51992 0.62408
vt 0.5195 0.66601
vt 0.53522 0.66542
vt 0.49935 0.67234
vt 0.50402 0.64533
vt 0.50444 0.62409
vt 0.61156 0.4794
vt 0.62683 0.4794
vt 0.59629 0.47941
vt 0.59629 0.45876
vt 0.61156 0.45875
vt 0.62683 0.45874
vt 0.61156 0.4381
vt 0.62683 0.43809
vt 0.59629 0.4381
vt 0.59629 0.41745
vt 0.61156 0.41745
vt 0.62683 0.41744
vt 0.61156 0.39679
vt 0.62683 0.39679
vt 0.59629 0.3968
vt 0.59629 0.37614
vt 0.61156 0.37614
vt 0.62683 0.37614
vt 0.61156 0.35549
vt 0.62683 0.35549
vt 0.59629 0.35549
vt 0.59629 0.33483
vt 0.61156 0.33484
vt 0.62683 0.33483
vt 0.58102 0.47942
vt 0.58102 0.50008
vt 0.56575 0.47943
vt 0.56575 0.45877
vt 0.58102 0.45877
vt 0.58102 0.43811
vt 0.56575 0.43812
vt 0.56575 0.41746
vt 0.58102 0.41746
vt 0.58102 0.3968
vt 0.56575 0.3968
vt 0.56575 0.37615
vt 0.58102 0.37615
vt 0.58102 0.35549
vt 0.56575 0.35549
vt 0.56575 0.33483
vt 0.58102 0.33484
vt 0.55049 0.47944
vt 0.55049 0.5001
vt 0.53522 0.47945
vt 0.53522 0.45879
vt 0.55049 0.45878
vt 0.55049 0.43812
vt 0.53522 0.43813
vt 0.53522 0.41747
vt 0.55049 0.41747
vt 0.55049 0.39681
vt 0.53522 0.39681
vt 0.53522 0.37615
vt 0.55049 0.37615
vt 0.55049 0.35549
vt 0.53522 0.35549
vt 0.53522 0.33483
vt 0.55049 0.33484
vt 0.51992 0.47946
vt 0.51992 0.50012
vt 0.50444 0.47946
vt 0.50444 0.4588
vt 0.51992 0.4588
vt 0.51992 0.43814
vt 0.50444 0.43814
vt 0.51992 0.41748
vt 0.51992 0.39682
vt 0.50444 0.39682
vt 0.51992 0.37616
vt 0.53522 0.37615
vt 0.51992 0.3555
vt 0.53522 0.35549
vt 0.51992 0.37616
vt 0.50444 0.37616
vt 0.51992 0.33483
vt 0.64209 0.47939
vt 0.62683 0.50005
vt 0.62683 0.4794
vt 0.64209 0.50004
vt 0.64209 0.45874
vt 0.62683 0.45874
vt 0.65736 0.45873
vt 0.65736 0.47938
vt 0.65736 0.50003
vt 0.67263 0.47937
vt 0.67263 0.50002
vt 0.67263 0.45872
vt 0.6879 0.45871
vt 0.6879 0.47936
vt 0.6879 0.50001
vt 0.70316 0.47935
vt 0.70316 0.5
vt 0.70316 0.45871
vt 0.71843 0.4587
vt 0.71843 0.47934
vt 0.71843 0.49999
vt 0.73372 0.47933
vt 0.73372 0.49998
vt 0.73372 0.45869
vt 0.74911 0.47933
vt 0.64209 0.43809
vt 0.62683 0.43809
vt 0.64209 0.41744
vt 0.62683 0.41744
vt 0.65736 0.41743
vt 0.65736 0.43808
vt 0.67263 0.43807
vt 0.67263 0.41743
vt 0.6879 0.41742
vt 0.6879 0.43807
vt 0.70316 0.43806
vt 0.70316 0.41742
vt 0.71843 0.41741
vt 0.71843 0.43806
vt 0.73372 0.43805
vt 0.73372 0.41741
vt 0.74911 0.4174
vt 0.74911 0.43804
vt 0.64209 0.39679
vt 0.62683 0.39679
vt 0.64209 0.37614
vt 0.62683 0.37614
vt 0.65736 0.37613
vt 0.65736 0.39678
vt 0.67263 0.39678
vt 0.67263 0.37613
vt 0.6879 0.37613
vt 0.6879 0.39677
vt 0.70316 0.39677
vt 0.70316 0.37613
vt 0.71843 0.37612
vt 0.71843 0.39677
vt 0.73372 0.39676
vt 0.73372 0.37612
vt 0.74911 0.37612
vt 0.74911 0.39676
vt 0.64209 0.35549
vt 0.64209 0.33484
vt 0.65736 0.33483
vt 0.65736 0.35548
vt 0.67263 0.35548
vt 0.67263 0.33484
vt 0.6879 0.33483
vt 0.6879 0.35548
vt 0.70316 0.35548
vt 0.70316 0.33484
vt 0.71843 0.33483
vt 0.71843 0.35548
vt 0.73372 0.35548
vt 0.71843 0.37612
vt 0.73372 0.37612
vt 0.73372 0.33483
vt 0.74911 0.35548
vt 0.12482 0.14701
vt 0.14031 0.16788
vt 0.12482 0.16788
vt 0.14031 0.14701
vt 0.12482 0.12613
vt 0.14031 0.12613
vt 0.15581 0.14701
vt 0.15581 0.12613
vt 0.15581 0.16788
vt 0.1713 0.16788
vt 0.1713 0.14701
vt 0.1713 0.12613
vt 0.18679 0.14701
vt 0.18679 0.12613
vt 0.18679 0.16788
vt 0.20228 0.16788
vt 0.20228 0.14701
vt 0.20228 0.12613
vt 0.21778 0.14701
vt 0.21778 0.12613
vt 0.21778 0.16788
vt 0.23327 0.16788
vt 0.23327 0.14701
vt 0.23327 0.12613
vt 0.24876 0.14701
vt 0.24876 0.12613
vt 0.24876 0.16787
vt 0.12482 0.10527
vt 0.14031 0.10527
vt 0.12482 0.08439
vt 0.14031 0.08439
vt 0.15581 0.10527
vt 0.15581 0.08439
vt 0.1713 0.10527
vt 0.1713 0.08439
vt 0.18679 0.10527
vt 0.18679 0.08439
vt 0.20228 0.10527
vt 0.20228 0.08439
vt 0.21778 0.10527
vt 0.21778 0.08439
vt 0.23327 0.10527
vt 0.23327 0.08439
vt 0.24876 0.10527
vt 0.24876 0.08439
vt 0.12482 0.06353
vt 0.14031 0.06353
vt 0.12482 0.04265
vt 0.14031 0.04265
vt 0.15581 0.06353
vt 0.15581 0.04265
vt 0.1713 0.06353
vt 0.1713 0.04265
vt 0.18679 0.06353
vt 0.18679 0.04265
vt 0.20228 0.06353
vt 0.20228 0.04265
vt 0.21778 0.06353
vt 0.21778 0.04265
vt 0.23327 0.06353
vt 0.23327 0.04265
vt 0.24876 0.06353
vt 0.24876 0.04265
vt 0.12482 0.02179
vt 0.14031 0.02179
vt 0.12482 0.00091
vt 0.14031 0.00091
vt 0.15581 0.02179
vt 0.15581 0.00091
vt 0.1713 0.02179
vt 0.1713 0.00091
vt 0.18679 0.02179
vt 0.18679 0.00091
vt 0.20228 0.02179
vt 0.20228 0.00091
vt 0.21778 0.02179
vt 0.21778 0.00091
vt 0.21778 0.02179
vt 0.21778 0.04265
vt 0.23327 0.02179
vt 0.21778 0.00091
vt 0.23327 0.00091
vt 0.24876 0.02179
vt 0.24876 0.00091
vt 0.14031 0.16788
vt 0.12482 0.18875
vt 0.14031 0.18875
vt 0.15581 0.16788
vt 0.15581 0.18875
vt 0.14031 0.20961
vt 0.15581 0.20962
vt 0.12482 0.20962
vt 0.12482 0.23049
vt 0.14031 0.23049
vt 0.15581 0.23049
vt 0.14031 0.25136
vt 0.15581 0.25136
vt 0.12482 0.25136
vt 0.12482 0.27223
vt 0.14031 0.27223
vt 0.15581 0.27223
vt 0.14031 0.29309
vt 0.15581 0.29309
vt 0.12482 0.29309
vt 0.12482 0.31397
vt 0.14031 0.31397
vt 0.15581 0.31397
vt 0.14031 0.33484
vt 0.15581 0.33483
vt 0.12482 0.33483
vt 0.1713 0.18875
vt 0.18679 0.18875
vt 0.1713 0.20961
vt 0.18679 0.20962
vt 0.1713 0.23049
vt 0.18679 0.23049
vt 0.1713 0.25136
vt 0.18679 0.25136
vt 0.1713 0.27223
vt 0.18679 0.27223
vt 0.1713 0.29309
vt 0.18679 0.29309
vt 0.1713 0.31397
vt 0.18679 0.31397
vt 0.1713 0.33484
vt 0.18679 0.33483
vt 0.20228 0.16788
vt 0.20228 0.18875
vt 0.21778 0.16788
vt 0.21778 0.18875
vt 0.20228 0.20961
vt 0.21778 0.20962
vt 0.20228 0.23049
vt 0.21778 0.23049
vt 0.20228 0.25136
vt 0.21778 0.25136
vt 0.20228 0.27223
vt 0.21778 0.27223
vt 0.20228 0.29309
vt 0.21778 0.29309
vt 0.20228 0.29309
vt 0.18679 0.31396
vt 0.18679 0.29309
vt 0.20207 0.31396
vt 0.21778 0.29309
vt 0.21691 0.31396
vt 0.20099 0.33483
vt 0.20742 0.33483
vt 0.18679 0.33483
vt 0.23327 0.18875
vt 0.24876 0.18875
vt 0.23327 0.20961
vt 0.24876 0.20961
vt 0.23327 0.23048
vt 0.24876 0.23049
vt 0.23327 0.25136
vt 0.24876 0.25135
vt 0.23327 0.27223
vt 0.24876 0.27223
vt 0.23327 0.29309
vt 0.24876 0.29309
vt 0.23327 0.29309
vt 0.23316 0.31381
vt 0.24943 0.3131
vt 0.23285 0.3342
vt 0.25409 0.32788
vt 0.20742 0.33484
vt 0.12482 0.18875
vt 0.10933 0.16788
vt 0.10933 0.18875
vt 0.12482 0.20961
vt 0.10933 0.20961
vt 0.09383 0.18875
vt 0.09383 0.20961
vt 0.09383 0.16788
vt 0.07834 0.16788
vt 0.07834 0.18875
vt 0.07834 0.20961
vt 0.06285 0.18875
vt 0.06285 0.20961
vt 0.06285 0.16788
vt 0.04736 0.16788
vt 0.04736 0.18875
vt 0.04736 0.20961
vt 0.03186 0.18875
vt 0.03186 0.20961
vt 0.03186 0.16788
vt 0.01637 0.16788
vt 0.01637 0.18875
vt 0.01637 0.20962
vt 0.00088 0.18875
vt 0.00088 0.20961
vt 0.00088 0.16787
vt 0.12482 0.23049
vt 0.10933 0.23049
vt 0.10933 0.25136
vt 0.09383 0.23049
vt 0.09383 0.25136
vt 0.07834 0.23049
vt 0.07834 0.25136
vt 0.06285 0.23049
vt 0.06285 0.25136
vt 0.04736 0.23049
vt 0.04736 0.25136
vt 0.03186 0.23049
vt 0.03186 0.25136
vt 0.01637 0.23049
vt 0.01637 0.25136
vt 0.00088 0.23049
vt 0.00088 0.25135
vt 0.12482 0.27223
vt 0.10933 0.27223
vt 0.10933 0.29309
vt 0.09383 0.27223
vt 0.09383 0.29309
vt 0.07834 0.27223
vt 0.07834 0.29309
vt 0.06285 0.27223
vt 0.06285 0.29309
vt 0.04736 0.27223
vt 0.04736 0.29309
vt 0.03186 0.27223
vt 0.03186 0.29309
vt 0.01637 0.27223
vt 0.01637 0.2931
vt 0.00088 0.27223
vt 0.00088 0.29309
vt 0.12482 0.31397
vt 0.10933 0.31397
vt 0.12482 0.33483
vt 0.10933 0.33484
vt 0.09383 0.31397
vt 0.09383 0.33483
vt 0.07834 0.31397
vt 0.07834 0.33484
vt 0.06285 0.31397
vt 0.06285 0.33483
vt 0.04736 0.31397
vt 0.04736 0.33484
vt 0.03186 0.31397
vt 0.03186 0.33483
vt 0.03186 0.31396
vt 0.01637 0.29309
vt 0.01637 0.31396
vt 0.01637 0.33483
vt 0.00088 0.31396
vt 0.00088 0.33483
vt 0.10933 0.16788
vt 0.12482 0.14701
vt 0.12482 0.16788
vt 0.10933 0.14701
vt 0.09383 0.16788
vt 0.09383 0.14701
vt 0.10933 0.12613
vt 0.09383 0.12613
vt 0.12482 0.12613
vt 0.12482 0.10527
vt 0.10933 0.10527
vt 0.09383 0.10527
vt 0.10933 0.08439
vt 0.09383 0.08439
vt 0.12482 0.08439
vt 0.12482 0.06353
vt 0.10933 0.06353
vt 0.09383 0.06353
vt 0.10933 0.04265
vt 0.09383 0.04265
vt 0.12482 0.04265
vt 0.10933 0.02179
vt 0.09383 0.02179
vt 0.10933 0.00091
vt 0.09383 0.00091
vt 0.12482 0.00091
vt 0.07834 0.16788
vt 0.07834 0.14701
vt 0.06285 0.14701
vt 0.07834 0.12613
vt 0.06285 0.12613
vt 0.07834 0.10527
vt 0.06285 0.10527
vt 0.07834 0.08439
vt 0.06285 0.08439
vt 0.07834 0.06353
vt 0.06285 0.06353
vt 0.07834 0.04265
vt 0.06285 0.04265
vt 0.07834 0.02179
vt 0.06285 0.02179
vt 0.07834 0.00091
vt 0.06285 0.00091
vt 0.04736 0.16788
vt 0.04736 0.14701
vt 0.03186 0.14701
vt 0.04736 0.12613
vt 0.03186 0.12613
vt 0.04736 0.10527
vt 0.03186 0.10527
vt 0.04736 0.08439
vt 0.03186 0.08439
vt 0.04736 0.06353
vt 0.03186 0.06353
vt 0.04736 0.04265
vt 0.03186 0.04265
vt 0.04736 0.02179
vt 0.03186 0.02179
vt 0.04736 0.00091
vt 0.03186 0.00091
vt 0.01637 0.16788
vt 0.01637 0.14701
vt 0.00088 0.14701
vt 0.01637 0.12613
vt 0.00088 0.12613
vt 0.01637 0.10527
vt 0.00088 0.10527
vt 0.01637 0.08439
vt 0.00088 0.08439
vt 0.01637 0.06353
vt 0.00088 0.06353
vt 0.01637 0.04265
vt 0.00088 0.04265
vt 0.01637 0.04265
vt 0.03186 0.04265
vt 0.01637 0.02179
vt 0.00088 0.02179
vt 0.01637 0.00091
vt 0.00088 0.00091
vt 0.64209 0.83142
vt 0.62683 0.81066
vt 0.64209 0.81065
vt 0.62683 0.83143
vt 0.62683 0.78989
vt 0.64209 0.78988
vt 0.65736 0.81064
vt 0.65736 0.78986
vt 0.65736 0.83141
vt 0.67263 0.8314
vt 0.67263 0.81063
vt 0.67263 0.78985
vt 0.6879 0.81062
vt 0.6879 0.78984
vt 0.6879 0.83139
vt 0.70316 0.83138
vt 0.70316 0.81061
vt 0.70316 0.78983
vt 0.71843 0.81059
vt 0.71843 0.78981
vt 0.71843 0.83137
vt 0.7337 0.83136
vt 0.7337 0.81058
vt 0.7337 0.7898
vt 0.74897 0.81057
vt 0.74897 0.78979
vt 0.74897 0.83135
vt 0.62683 0.76912
vt 0.64209 0.7691
vt 0.62683 0.74835
vt 0.64209 0.74833
vt 0.65736 0.76909
vt 0.65736 0.74832
vt 0.67263 0.76908
vt 0.67263 0.7483
vt 0.6879 0.76906
vt 0.6879 0.74829
vt 0.70316 0.76905
vt 0.70316 0.74827
vt 0.71843 0.76904
vt 0.71843 0.74826
vt 0.7337 0.76902
vt 0.7337 0.74824
vt 0.74897 0.76901
vt 0.74897 0.74823
vt 0.62683 0.72757
vt 0.64209 0.72756
vt 0.62683 0.7068
vt 0.64209 0.70679
vt 0.65736 0.72754
vt 0.65736 0.70677
vt 0.67263 0.72753
vt 0.67263 0.70675
vt 0.6879 0.72751
vt 0.6879 0.70673
vt 0.70316 0.72749
vt 0.70316 0.70672
vt 0.71843 0.72748
vt 0.71843 0.7067
vt 0.7337 0.72746
vt 0.7337 0.70668
vt 0.74897 0.72744
vt 0.74897 0.70666
vt 0.62683 0.68604
vt 0.64209 0.68602
vt 0.62683 0.6653
vt 0.64209 0.66528
vt 0.65736 0.686
vt 0.65736 0.66526
vt 0.67263 0.68598
vt 0.67263 0.66524
vt 0.6879 0.68596
vt 0.6879 0.66522
vt 0.70316 0.68594
vt 0.70316 0.6652
vt 0.71843 0.68592
vt 0.71843 0.66518
vt 0.7337 0.70668
vt 0.71843 0.68592
vt 0.73381 0.68605
vt 0.71843 0.7067
vt 0.73414 0.66574
vt 0.74962 0.68675
vt 0.7542 0.67203
vt 0.74897 0.70666
vt 0.62683 0.85221
vt 0.64209 0.83142
vt 0.64209 0.8522
vt 0.65736 0.83141
vt 0.65736 0.85219
vt 0.64209 0.87297
vt 0.65736 0.87296
vt 0.62683 0.87298
vt 0.62683 0.89375
vt 0.64209 0.89374
vt 0.65736 0.89374
vt 0.64209 0.91452
vt 0.65736 0.91451
vt 0.62683 0.91452
vt 0.62683 0.93529
vt 0.64209 0.93529
vt 0.65736 0.93528
vt 0.64209 0.95606
vt 0.65736 0.95606
vt 0.62683 0.95606
vt 0.62683 0.97684
vt 0.64209 0.97683
vt 0.65736 0.97683
vt 0.64209 0.99761
vt 0.65736 0.99761
vt 0.62683 0.99761
vt 0.67263 0.8314
vt 0.67263 0.85218
vt 0.6879 0.83139
vt 0.6879 0.85217
vt 0.67263 0.87295
vt 0.6879 0.87295
vt 0.67263 0.89373
vt 0.6879 0.89372
vt 0.67263 0.91451
vt 0.6879 0.9145
vt 0.67263 0.93528
vt 0.6879 0.93528
vt 0.67263 0.95606
vt 0.6879 0.95605
vt 0.67263 0.97683
vt 0.6879 0.97683
vt 0.67263 0.99761
vt 0.6879 0.99761
vt 0.70316 0.83138
vt 0.70316 0.85216
vt 0.71843 0.83137
vt 0.71843 0.85215
vt 0.70316 0.87294
vt 0.71843 0.87293
vt 0.70316 0.89372
vt 0.71843 0.89371
vt 0.70316 0.9145
vt 0.71843 0.91449
vt 0.70316 0.93527
vt 0.71843 0.93527
vt 0.70316 0.95605
vt 0.71843 0.95605
vt 0.70316 0.97683
vt 0.71843 0.97683
vt 0.70316 0.99761
vt 0.71843 0.99761
vt 0.7337 0.83136
vt 0.7337 0.85214
vt 0.74897 0.85214
vt 0.7337 0.87292
vt 0.74897 0.87292
vt 0.7337 0.8937
vt 0.74897 0.8937
vt 0.7337 0.91449
vt 0.74897 0.91448
vt 0.7337 0.93527
vt 0.74897 0.93526
vt 0.7337 0.95605
vt 0.74897 0.95604
vt 0.71843 0.97683
vt 0.7337 0.95605
vt 0.7337 0.97683
vt 0.71843 0.95605
vt 0.74897 0.97683
vt 0.7337 0.99761
vt 0.74897 0.99761
vt 0.61156 0.83144
vt 0.61156 0.85221
vt 0.62683 0.83143
vt 0.62683 0.87298
vt 0.61156 0.87298
vt 0.59629 0.85222
vt 0.59629 0.87299
vt 0.59629 0.83145
vt 0.58102 0.83146
vt 0.58102 0.85223
vt 0.58102 0.873
vt 0.56575 0.85224
vt 0.56575 0.87301
vt 0.56575 0.83147
vt 0.55049 0.83148
vt 0.55049 0.85225
vt 0.55049 0.87301
vt 0.53522 0.85226
vt 0.53522 0.87302
vt 0.53522 0.83149
vt 0.51995 0.8315
vt 0.51995 0.85227
vt 0.51995 0.87303
vt 0.50468 0.85228
vt 0.50468 0.87304
vt 0.50468 0.83151
vt 0.62683 0.89375
vt 0.61156 0.89375
vt 0.62683 0.91452
vt 0.61156 0.91453
vt 0.59629 0.89376
vt 0.59629 0.91453
vt 0.58102 0.89377
vt 0.58102 0.91454
vt 0.56575 0.89377
vt 0.56575 0.91454
vt 0.55049 0.89378
vt 0.55049 0.91455
vt 0.53522 0.89379
vt 0.53522 0.91455
vt 0.51995 0.89379
vt 0.51995 0.91456
vt 0.50468 0.8938
vt 0.50468 0.91456
vt 0.62683 0.93529
vt 0.61156 0.9353
vt 0.62683 0.95606
vt 0.61156 0.95607
vt 0.59629 0.9353
vt 0.59629 0.95607
vt 0.58102 0.9353
vt 0.58102 0.95607
vt 0.56575 0.93531
vt 0.56575 0.95607
vt 0.55049 0.93531
vt 0.55049 0.95608
vt 0.53522 0.93531
vt 0.53522 0.95608
vt 0.51995 0.93532
vt 0.51995 0.95608
vt 0.50468 0.93532
vt 0.50468 0.95608
vt 0.61156 0.97684
vt 0.61156 0.99761
vt 0.59629 0.97684
vt 0.59629 0.99761
vt 0.58102 0.97684
vt 0.58102 0.99761
vt 0.56575 0.97684
vt 0.56575 0.99761
vt 0.55049 0.97684
vt 0.55049 0.99761
vt 0.53522 0.97684
vt 0.53522 0.99761
vt 0.51995 0.95608
vt 0.51995 0.97684
vt 0.51995 0.99761
vt 0.50468 0.97685
vt 0.50468 0.99761
vt 0.62683 0.81066
vt 0.61156 0.83144
vt 0.61156 0.81067
vt 0.59629 0.81068
vt 0.61156 0.7899
vt 0.59629 0.78991
vt 0.62683 0.78989
vt 0.62683 0.76912
vt 0.61156 0.76913
vt 0.59629 0.76915
vt 0.61156 0.74836
vt 0.59629 0.74838
vt 0.62683 0.74835
vt 0.62683 0.72757
vt 0.61156 0.72759
vt 0.59629 0.72761
vt 0.61156 0.70682
vt 0.59629 0.70684
vt 0.62683 0.7068
vt 0.62683 0.68604
vt 0.61156 0.68606
vt 0.59629 0.68607
vt 0.61156 0.66532
vt 0.59629 0.66534
vt 0.58102 0.83146
vt 0.58102 0.8107
vt 0.56575 0.81071
vt 0.58102 0.78993
vt 0.56575 0.78994
vt 0.58102 0.76916
vt 0.56575 0.76917
vt 0.58102 0.74839
vt 0.56575 0.74841
vt 0.58102 0.72762
vt 0.56575 0.72764
vt 0.58102 0.70686
vt 0.56575 0.70687
vt 0.58102 0.68609
vt 0.56575 0.68611
vt 0.58102 0.66536
vt 0.55049 0.81072
vt 0.53522 0.83149
vt 0.53522 0.81073
vt 0.55049 0.78995
vt 0.53522 0.78997
vt 0.55049 0.76919
vt 0.53522 0.7692
vt 0.55049 0.74842
vt 0.53522 0.74844
vt 0.55049 0.72766
vt 0.53522 0.72767
vt 0.55049 0.70689
vt 0.53522 0.70691
vt 0.55049 0.68613
vt 0.53522 0.68615
vt 0.55049 0.6654
vt 0.51995 0.8315
vt 0.51995 0.81074
vt 0.50468 0.81075
vt 0.51995 0.78998
vt 0.50468 0.78999
vt 0.51995 0.76921
vt 0.50468 0.76923
vt 0.51995 0.74845
vt 0.50468 0.74847
vt 0.51995 0.72769
vt 0.50468 0.72771
vt 0.51995 0.70693
vt 0.50468 0.70694
vt 0.53522 0.68615
vt 0.51995 0.70693
vt 0.51984 0.68631
vt 0.53522 0.70691
vt 0.50402 0.68705
vt 0.5195 0.66601
vt 0.49935 0.67234
vt 0.53522 0.66542
usemtl mat0
f 1/1/1 2/2/2 3/3/3
f 4/4/4 2/2/2 1/1/1
f 5/5/5 4/4/4 1/1/1
f 6/6/6 4/4/4 5/5/5
f 7/7/7 4/4/4 6/6/6
f 7/7/7 8/8/8 4/4/4
f 8/8/8 2/2/2 4/4/4
f 8/8/8 9/9/9 2/2/2
f 10/10/10 9/9/9 8/8/8
f 10/10/10 11/11/11 9/9/9
f 12/12/12 8/8/8 7/7/7
f 12/12/12 10/10/10 8/8/8
f 13/13/13 10/10/10 12/12/12
f 13/13/13 14/14/14 10/10/10
f 14/14/14 11/11/11 10/10/10
f 14/14/14 15/15/15 11/11/11
f 16/16/16 15/15/15 14/14/14
f 16/16/16 17/17/17 15/15/15
f 18/18/18 14/14/14 13/13/13
f 18/18/18 16/16/16 14/14/14
f 19/19/19 16/16/16 18/18/18
f 19/19/19 20/20/20 16/16/16
f 20/20/20 17/17/17 16/16/16
f 20/20/20 21/21/21 17/17/17
f 22/22/22 21/21/21 20/20/20
f 22/22/22 23/23/23 21/21/21
f 24/24/24 20/20/20 19/19/19
f 24/24/24 22/22/22 20/20/20
f 25/25/25 22/22/22 24/24/24
f 25/25/25 26/26/26 22/22/22
f 26/26/26 23/23/23 22/22/22
f 26/26/26 27/27/27 23/23/23
f 28/28/28 6/6/6 5/5/5
f 29/29/29 6/6/6 28/28/28
f 30/30/30 29/29/29 28/28/28
f 31/31/31 29/29/29 30/30/30
f 32/32/32 29/29/29 31/31/31
f 32/32/32 33/33/33 29/29/29
f 33/33/33 6/6/6 29/29/29
f 33/33/33 7/7/7 6/6/6
f 34/34/34 7/7/7 33/33/33
f 34/34/34 12/12/12 7/7/7
f 35/35/35 33/33/33 32/32/32
f 35/35/35 34/34/34 33/33/33
f 36/36/36 34/34/34 35/35/35
f 36/36/36 37/37/37 34/34/34
f 37/37/37 12/12/12 34/34/34
f 37/37/37 13/13/13 12/12/12
f 38/38/38 13/13/13 37/37/37
f 38/38/38 18/18/18 13/13/13
f 39/39/39 37/37/37 36/36/36
f 39/39/39 38/38/38 37/37/37
f 40/40/40 38/38/38 39/39/39
f 40/40/40 41/41/41 38/38/38
f 41/41/41 18/18/18 38/38/38
f 41/41/41 19/19/19 18/18/18
f 42/42/42 19/19/19 41/41/41
f 42/42/42 24/24/24 19/19/19
f 43/43/43 41/41/41 40/40/40
f 43/43/43 42/42/42 41/41/41
f 44/44/44 42/42/42 43/43/43
f 44/44/44 45/45/45 42/42/42
f 45/45/45 24/24/24 42/42/42
f 45/45/45 25/25/25 24/24/24
f 46/46/46 31/31/31 30/30/30
f 47/47/47 31/31/31 46/46/46
f 48/48/48 47/47/47 46/46/46
f 49/49/49 47/47/47 48/48/48
f 50/50/50 47/47/47 49/49/49
f 50/50/50 51/51/51 47/47/47
f 51/51/51 31/31/31 47/47/47
f 51/51/51 32/32/32 31/31/31
f 52/52/52 32/32/32 51/51/51
f 52/52/52 35/35/35 32/32/32
f 53/53/53 51/51/51 50/50/50
f 53/53/53 52/52/52 51/51/51
f 54/54/54 52/52/52 53/53/53
f 54/54/54 55/55/55 52/52/52
f 55/55/55 35/35/35 52/52/52
f 55/55/55 36/36/36 35/35/35
f 56/56/56 36/36/36 55/55/55
f 56/56/56 39/39/39 36/36/36
f 57/57/57 55/55/55 54/54/54
f 57/57/57 56/56/56 55/55/55
f 58/58/58 56/56/56 57/57/57
f 58/58/58 59/59/59 56/56/56
f 59/59/59 39/39/39 56/56/56
f 59/59/59 40/40/40 39/39/39
f 60/60/60 40/40/40 59/59/59
f 60/60/60 43/43/43 40/40/40
f 61/61/61 59/59/59 58/58/58
f 61/61/61 60/60/60 59/59/59
f 62/62/62 60/60/60 61/61/61
f 62/62/62 63/63/63 60/60/60
f 63/63/63 43/43/43 60/60/60
f 63/63/63 44/44/44 43/43/43
f 64/64/64 49/49/49 48/48/48
f 65/65/65 49/49/49 64/64/64
f 66/66/66 65/65/65 64/64/64
f 67/67/67 65/65/65 66/66/66
f 68/68/68 65/65/65 67/67/67
f 68/68/68 69/69/69 65/65/65
f 69/69/69 49/49/49 65/65/65
f 69/69/69 50/50/50 49/49/49
f 70/70/70 50/50/50 69/69/69
f 70/70/70 53/53/53 50/50/50
f 71/71/71 69/69/69 68/68/68
f 71/71/71 70/70/70 69/69/69
f 72/72/72 70/70/70 71/71/71
f 72/72/72 73/73/73 70/70/70
f 73/73/73 53/53/53 70/70/70
f 73/73/73 54/54/54 53/53/53
f 74/74/74 54/54/54 73/73/73
f 74/74/74 57/57/57 54/54/54
f 75/75/75 73/73/73 72/72/72
f 75/75/75 74/74/74 73/73/73
f 76/76/76 74/74/74 75/75/75
f 76/76/76 77/77/77 74/74/74
f 77/77/77 57/57/57 74/74/74
f 77/77/77 58/58/58 57/57/57
f 78/78/78 79/79/58 80/80/77
f 78/78/78 81/81/61 79/79/58
f 82/82/79 80/80/77 83/83/76
f 82/82/79 78/78/78 80/80/77
f 84/84/80 78/78/78 82/82/79
f 84/84/80 85/85/81 78/78/78
f 85/85/81 81/81/61 78/78/78
f 85/85/81 86/86/62 81/81/61
f 87/87/2 88/88/82 3/3/3
f 87/87/2 89/89/83 88/88/82
f 87/87/2 90/90/84 89/89/83
f 91/91/9 90/90/84 87/87/2
f 89/89/83 92/92/85 93/93/86
f 90/90/84 92/92/85 89/89/83
f 89/89/83 94/94/87 88/88/82
f 89/89/83 93/93/86 94/94/87
f 93/93/86 95/95/88 94/94/87
f 93/93/86 96/96/89 95/95/88
f 93/93/86 97/97/90 96/96/89
f 92/92/85 97/97/90 93/93/86
f 96/96/89 98/98/91 99/99/92
f 97/97/90 98/98/91 96/96/89
f 96/96/89 100/100/93 95/95/88
f 96/96/89 99/99/92 100/100/93
f 99/99/92 101/101/94 100/100/93
f 99/99/92 102/102/95 101/101/94
f 99/99/92 103/103/96 102/102/95
f 98/98/91 103/103/96 99/99/92
f 102/102/95 104/104/97 105/105/98
f 103/103/96 104/104/97 102/102/95
f 102/102/95 106/106/99 101/101/94
f 102/102/95 105/105/98 106/106/99
f 105/105/98 107/107/100 106/106/99
f 105/105/98 108/108/101 107/107/100
f 105/105/98 109/109/102 108/108/101
f 104/104/97 109/109/102 105/105/98
f 108/108/101 110/110/103 111/111/104
f 109/109/102 110/110/103 108/108/101
f 108/108/101 112/112/105 107/107/100
f 108/108/101 111/111/104 112/112/105
f 91/91/9 113/113/106 90/90/84
f 114/114/11 113/113/106 91/91/9
f 114/114/11 115/115/107 113/113/106
f 116/116/15 115/115/107 114/114/11
f 113/113/106 117/117/108 118/118/109
f 115/115/107 117/117/108 113/113/106
f 90/90/84 118/118/109 92/92/85
f 113/113/106 118/118/109 90/90/84
f 92/92/85 119/119/110 97/97/90
f 118/118/109 119/119/110 92/92/85
f 118/118/109 120/120/111 119/119/110
f 117/117/108 120/120/111 118/118/109
f 119/119/110 121/121/112 122/122/113
f 120/120/111 121/121/112 119/119/110
f 97/97/90 122/122/113 98/98/91
f 119/119/110 122/122/113 97/97/90
f 98/98/91 123/123/114 103/103/96
f 122/122/113 123/123/114 98/98/91
f 122/122/113 124/124/115 123/123/114
f 121/121/112 124/124/115 122/122/113
f 123/123/114 125/125/116 126/126/117
f 124/124/115 125/125/116 123/123/114
f 103/103/96 126/126/117 104/104/97
f 123/123/114 126/126/117 103/103/96
f 104/104/97 127/127/118 109/109/102
f 126/126/117 127/127/118 104/104/97
f 126/126/117 128/128/119 127/127/118
f 125/125/116 128/128/119 126/126/117
f 127/127/118 129/129/120 130/130/121
f 128/128/119 129/129/120 127/127/118
f 109/109/102 130/130/121 110/110/103
f 127/127/118 130/130/121 109/109/102
f 116/116/15 131/131/122 115/115/107
f 132/132/17 131/131/122 116/116/15
f 132/132/17 133/133/123 131/131/122
f 134/134/21 133/133/123 132/132/17
f 131/131/122 135/135/124 136/136/125
f 133/133/123 135/135/124 131/131/122
f 115/115/107 136/136/125 117/117/108
f 131/131/122 136/136/125 115/115/107
f 117/117/108 137/137/126 120/120/111
f 136/136/125 137/137/126 117/117/108
f 136/136/125 138/138/127 137/137/126
f 135/135/124 138/138/127 136/136/125
f 137/137/126 139/139/128 140/140/129
f 138/138/127 139/139/128 137/137/126
f 120/120/111 140/140/129 121/121/112
f 137/137/126 140/140/129 120/120/111
f 121/121/112 141/141/130 124/124/115
f 140/140/129 141/141/130 121/121/112
f 140/140/129 142/142/131 141/141/130
f 139/139/128 142/142/131 140/140/129
f 141/141/130 143/143/132 144/144/133
f 142/142/131 143/143/132 141/141/130
f 124/124/115 144/144/133 125/125/116
f 141/141/130 144/144/133 124/124/115
f 125/125/116 145/145/134 128/128/119
f 144/144/133 145/145/134 125/125/116
f 144/144/133 146/146/135 145/145/134
f 143/143/132 146/146/135 144/144/133
f 145/145/134 147/147/136 148/148/137
f 146/146/135 147/147/136 145/145/134
f 128/128/119 148/148/137 129/129/120
f 145/145/134 148/148/137 128/128/119
f 134/134/21 149/149/138 133/133/123
f 150/150/23 149/149/138 134/134/21
f 150/150/23 151/151/139 149/149/138
f 27/27/27 151/151/139 150/150/23
f 149/149/138 152/152/140 153/153/141
f 151/151/139 152/152/140 149/149/138
f 133/133/123 153/153/141 135/135/124
f 149/149/138 153/153/141 133/133/123
f 135/135/124 154/154/142 138/138/127
f 153/153/141 154/154/142 135/135/124
f 153/153/141 155/155/143 154/154/142
f 152/152/140 155/155/143 153/153/141
f 154/154/142 156/156/144 157/157/145
f 155/155/143 156/156/144 154/154/142
f 138/138/127 157/157/145 139/139/128
f 154/154/142 157/157/145 138/138/127
f 139/139/128 158/158/146 142/142/131
f 157/157/145 158/158/146 139/139/128
f 157/157/145 159/159/147 158/158/146
f 156/156/144 159/159/147 157/157/145
f 158/158/146 160/160/148 161/161/149
f 159/159/147 160/160/148 158/158/146
f 142/142/131 161/161/149 143/143/132
f 158/158/146 161/161/149 142/142/131
f 162/162/132 163/163/150 164/164/135
f 165/165/149 163/163/150 162/162/132
f 165/165/149 166/166/151 163/163/150
f 160/160/148 166/166/151 165/165/149
f 163/163/150 167/167/152 168/168/153
f 166/166/151 167/167/152 163/163/150
f 164/164/135 168/168/153 169/169/136
f 163/163/150 168/168/153 164/164/135
f 3/3/3 170/170/154 171/171/155
f 3/3/3 88/88/82 170/170/154
f 88/88/82 172/172/156 170/170/154
f 88/88/82 173/173/87 172/172/156
f 170/170/154 174/174/157 175/175/158
f 170/170/154 172/172/156 174/174/157
f 171/171/155 175/175/158 176/176/159
f 171/171/155 170/170/154 175/175/158
f 176/176/159 177/177/160 178/178/161
f 176/176/159 175/175/158 177/177/160
f 175/175/158 179/179/162 177/177/160
f 175/175/158 174/174/157 179/179/162
f 177/177/160 180/180/163 181/181/164
f 177/177/160 179/179/162 180/180/163
f 178/178/161 181/181/164 182/182/165
f 178/178/161 177/177/160 181/181/164
f 182/182/165 183/183/166 184/184/167
f 182/182/165 181/181/164 183/183/166
f 181/181/164 185/185/168 183/183/166
f 181/181/164 180/180/163 185/185/168
f 183/183/166 186/186/169 187/187/170
f 183/183/166 185/185/168 186/186/169
f 184/184/167 187/187/170 188/188/171
f 184/184/167 183/183/166 187/187/170
f 188/188/171 189/189/172 190/190/173
f 188/188/171 187/187/170 189/189/172
f 187/187/170 191/191/174 189/189/172
f 187/187/170 186/186/169 191/191/174
f 189/189/172 192/192/175 193/193/176
f 189/189/172 191/191/174 192/192/175
f 190/190/173 193/193/176 194/194/177
f 190/190/173 189/189/172 193/193/176
f 173/173/87 195/195/178 172/172/156
f 173/173/87 196/196/88 195/195/178
f 196/196/88 197/197/179 195/195/178
f 196/196/88 100/100/93 197/197/179
f 195/195/178 198/198/180 199/199/181
f 195/195/178 197/197/179 198/198/180
f 172/172/156 199/199/181 174/174/157
f 172/172/156 195/195/178 199/199/181
f 174/174/157 200/200/182 179/179/162
f 174/174/157 199/199/181 200/200/182
f 199/199/181 201/201/183 200/200/182
f 199/199/181 198/198/180 201/201/183
f 200/200/182 202/202/184 203/203/185
f 200/200/182 201/201/183 202/202/184
f 179/179/162 203/203/185 180/180/163
f 179/179/162 200/200/182 203/203/185
f 180/180/163 204/204/186 185/185/168
f 180/180/163 203/203/185 204/204/186
f 203/203/185 205/205/187 204/204/186
f 203/203/185 202/202/184 205/205/187
f 204/204/186 206/206/188 207/207/189
f 204/204/186 205/205/187 206/206/188
f 185/185/168 207/207/189 186/186/169
f 185/185/168 204/204/186 207/207/189
f 186/186/169 208/208/190 191/191/174
f 186/186/169 207/207/189 208/208/190
f 207/207/189 209/209/191 208/208/190
f 207/207/189 206/206/188 209/209/191
f 208/208/190 210/210/192 211/211/193
f 208/208/190 209/209/191 210/210/192
f 191/191/174 211/211/193 192/192/175
f 191/191/174 208/208/190 211/211/193
f 100/100/93 212/212/194 197/197/179
f 100/100/93 213/213/94 212/212/194
f 213/213/94 214/214/195 212/212/194
f 213/213/94 106/106/99 214/214/195
f 212/212/194 215/215/196 216/216/197
f 212/212/194 214/214/195 215/215/196
f 197/197/179 216/216/197 198/198/180
f 197/197/179 212/212/194 216/216/197
f 198/198/180 217/217/198 201/201/183
f 198/198/180 216/216/197 217/217/198
f 216/216/197 218/218/199 217/217/198
f 216/216/197 215/215/196 218/218/199
f 217/217/198 219/219/200 220/220/201
f 217/217/198 218/218/199 219/219/200
f 201/201/183 220/220/201 202/202/184
f 201/201/183 217/217/198 220/220/201
f 202/202/184 221/221/202 205/205/187
f 202/202/184 220/220/201 221/221/202
f 220/220/201 222/222/203 221/221/202
f 220/220/201 219/219/200 222/222/203
f 221/221/202 223/223/204 224/224/205
f 221/221/202 222/222/203 223/223/204
f 205/205/187 224/224/205 206/206/188
f 205/205/187 221/221/202 224/224/205
f 206/206/188 225/225/206 209/209/191
f 206/206/188 224/224/205 225/225/206
f 224/224/205 226/226/207 225/225/206
f 224/224/205 223/223/204 226/226/207
f 225/225/206 227/227/208 228/228/209
f 225/225/206 226/226/207 227/227/208
f 209/209/191 228/228/209 210/210/192
f 209/209/191 225/225/206 228/228/209
f 106/106/99 229/229/210 214/214/195
f 106/106/99 230/230/100 229/229/210
f 230/230/100 231/231/211 229/229/210
f 230/230/100 112/112/105 231/231/211
f 229/229/210 232/232/212 233/233/213
f 229/229/210 231/231/211 232/232/212
f 214/214/195 233/233/213 215/215/196
f 214/214/195 229/229/210 233/233/213
f 215/215/196 234/234/214 218/218/199
f 215/215/196 233/233/213 234/234/214
f 233/233/213 235/235/215 234/234/214
f 233/233/213 232/232/212 235/235/215
f 234/234/214 236/236/216 237/237/217
f 234/234/214 235/235/215 236/236/216
f 218/218/199 237/237/217 219/219/200
f 218/218/199 234/234/214 237/237/217
f 219/219/200 238/238/218 222/222/203
f 219/219/200 237/237/217 238/238/218
f 237/237/217 239/239/219 238/238/218
f 237/237/217 236/236/216 239/239/219
f 238/238/218 240/240/220 241/241/221
f 238/238/218 239/239/219 240/240/220
f 222/222/203 241/241/221 223/223/204
f 222/222/203 238/238/218 241/241/221
f 242/242/204 243/243/222 226/226/207
f 242/242/204 244/244/221 243/243/222
f 244/244/221 245/245/223 243/243/222
f 244/244/221 246/246/220 245/245/223
f 243/243/222 247/247/224 248/248/225
f 243/243/222 245/245/223 247/247/224
f 226/226/207 248/248/225 227/227/208
f 226/226/207 243/243/222 248/248/225
f 249/249/226 250/250/3 251/251/155
f 1/1/1 250/250/3 249/249/226
f 252/252/227 251/251/155 253/253/159
f 249/249/226 251/251/155 252/252/227
f 254/254/228 249/249/226 252/252/227
f 255/255/229 249/249/226 254/254/228
f 255/255/229 1/1/1 249/249/226
f 256/256/5 1/1/1 255/255/229
f 257/257/230 256/256/5 255/255/229
f 258/258/28 256/256/5 257/257/230
f 259/259/231 255/255/229 254/254/228
f 257/257/230 255/255/229 259/259/231
f 260/260/232 257/257/230 259/259/231
f 261/261/233 257/257/230 260/260/232
f 261/261/233 258/258/28 257/257/230
f 30/30/30 258/258/28 261/261/233
f 262/262/234 30/30/30 261/261/233
f 46/46/46 30/30/30 262/262/234
f 263/263/235 261/261/233 260/260/232
f 262/262/234 261/261/233 263/263/235
f 264/264/236 262/262/234 263/263/235
f 265/265/237 262/262/234 264/264/236
f 265/265/237 46/46/46 262/262/234
f 266/266/48 46/46/46 265/265/237
f 267/267/238 266/266/48 265/265/237
f 268/268/64 266/266/48 267/267/238
f 269/269/239 265/265/237 264/264/236
f 267/267/238 265/265/237 269/269/239
f 270/270/240 267/267/238 269/269/239
f 271/271/241 267/267/238 270/270/240
f 271/271/241 268/268/64 267/267/238
f 66/66/66 268/268/64 271/271/241
f 272/272/242 253/253/159 273/273/161
f 252/252/227 253/253/159 272/272/242
f 274/274/243 273/273/161 275/275/165
f 272/272/242 273/273/161 274/274/243
f 276/276/244 272/272/242 274/274/243
f 277/277/245 272/272/242 276/276/244
f 277/277/245 252/252/227 272/272/242
f 254/254/228 252/252/227 277/277/245
f 278/278/246 254/254/228 277/277/245
f 259/259/231 254/254/228 278/278/246
f 279/279/247 277/277/245 276/276/244
f 278/278/246 277/277/245 279/279/247
f 280/280/248 278/278/246 279/279/247
f 281/281/249 278/278/246 280/280/248
f 281/281/249 259/259/231 278/278/246
f 260/260/232 259/259/231 281/281/249
f 282/282/250 260/260/232 281/281/249
f 263/263/235 260/260/232 282/282/250
f 283/283/251 281/281/249 280/280/248
f 282/282/250 281/281/249 283/283/251
f 284/284/252 282/282/250 283/283/251
f 285/285/253 282/282/250 284/284/252
f 285/285/253 263/263/235 282/282/250
f 264/264/236 263/263/235 285/285/253
f 286/286/254 264/264/236 285/285/253
f 269/269/239 264/264/236 286/286/254
f 287/287/255 285/285/253 284/284/252
f 286/286/254 285/285/253 287/287/255
f 288/288/256 286/286/254 287/287/255
f 289/289/257 286/286/254 288/288/256
f 289/289/257 269/269/239 286/286/254
f 270/270/240 269/269/239 289/289/257
f 290/290/258 275/275/165 291/291/167
f 274/274/243 275/275/165 290/290/258
f 292/292/259 291/291/167 293/293/171
f 290/290/258 291/291/167 292/292/259
f 294/294/260 290/290/258 292/292/259
f 295/295/261 290/290/258 294/294/260
f 295/295/261 274/274/243 290/290/258
f 276/276/244 274/274/243 295/295/261
f 296/296/262 276/276/244 295/295/261
f 279/279/247 276/276/244 296/296/262
f 297/297/263 295/295/261 294/294/260
f 296/296/262 295/295/261 297/297/263
f 298/298/264 296/296/262 297/297/263
f 299/299/265 296/296/262 298/298/264
f 299/299/265 279/279/247 296/296/262
f 280/280/248 279/279/247 299/299/265
f 300/300/266 280/280/248 299/299/265
f 283/283/251 280/280/248 300/300/266
f 301/301/267 299/299/265 298/298/264
f 300/300/266 299/299/265 301/301/267
f 302/302/268 300/300/266 301/301/267
f 303/303/269 300/300/266 302/302/268
f 303/303/269 283/283/251 300/300/266
f 284/284/252 283/283/251 303/303/269
f 304/304/270 284/284/252 303/303/269
f 287/287/255 284/284/252 304/304/270
f 305/305/271 303/303/269 302/302/268
f 304/304/270 303/303/269 305/305/271
f 306/306/272 304/304/270 305/305/271
f 307/307/273 304/304/270 306/306/272
f 307/307/273 287/287/255 304/304/270
f 288/288/256 287/287/255 307/307/273
f 308/308/274 293/293/171 309/309/173
f 292/292/259 293/293/171 308/308/274
f 310/310/275 309/309/173 194/194/177
f 308/308/274 309/309/173 310/310/275
f 311/311/276 308/308/274 310/310/275
f 312/312/277 308/308/274 311/311/276
f 312/312/277 292/292/259 308/308/274
f 294/294/260 292/292/259 312/312/277
f 313/313/278 294/294/260 312/312/277
f 297/297/263 294/294/260 313/313/278
f 314/314/279 312/312/277 311/311/276
f 313/313/278 312/312/277 314/314/279
f 315/315/280 313/313/278 314/314/279
f 316/316/281 313/313/278 315/315/280
f 316/316/281 297/297/263 313/313/278
f 298/298/264 297/297/263 316/316/281
f 317/317/282 298/298/264 316/316/281
f 301/301/267 298/298/264 317/317/282
f 318/318/283 316/316/281 315/315/280
f 317/317/282 316/316/281 318/318/283
f 319/319/284 317/317/282 318/318/283
f 320/320/285 317/317/282 319/319/284
f 320/320/285 301/301/267 317/317/282
f 302/302/268 301/301/267 320/320/285
f 321/321/286 322/322/268 323/323/285
f 305/305/271 322/322/268 321/321/286
f 324/324/287 323/323/285 325/325/284
f 321/321/286 323/323/285 324/324/287
f 326/326/288 321/321/286 324/324/287
f 327/327/289 321/321/286 326/326/288
f 327/327/289 305/305/271 321/321/286
f 328/328/272 305/305/271 327/327/289
f 329/329/290 330/330/291 331/331/292
f 332/332/293 330/330/291 329/329/290
f 333/333/294 332/332/293 329/329/290
f 334/334/295 332/332/293 333/333/294
f 335/335/296 332/332/293 334/334/295
f 335/335/296 336/336/297 332/332/293
f 336/336/297 330/330/291 332/332/293
f 336/336/297 337/337/298 330/330/291
f 338/338/299 337/337/298 336/336/297
f 338/338/299 339/339/300 337/337/298
f 340/340/301 336/336/297 335/335/296
f 340/340/301 338/338/299 336/336/297
f 341/341/302 338/338/299 340/340/301
f 341/341/302 342/342/303 338/338/299
f 342/342/303 339/339/300 338/338/299
f 342/342/303 343/343/304 339/339/300
f 344/344/305 343/343/304 342/342/303
f 344/344/305 345/345/306 343/343/304
f 346/346/307 342/342/303 341/341/302
f 346/346/307 344/344/305 342/342/303
f 347/347/308 344/344/305 346/346/307
f 347/347/308 348/348/309 344/344/305
f 348/348/309 345/345/306 344/344/305
f 348/348/309 349/349/310 345/345/306
f 350/350/311 349/349/310 348/348/309
f 350/350/311 351/351/312 349/349/310
f 352/352/313 348/348/309 347/347/308
f 352/352/313 350/350/311 348/348/309
f 353/353/314 350/350/311 352/352/313
f 353/353/314 354/354/315 350/350/311
f 354/354/315 351/351/312 350/350/311
f 354/354/315 355/355/316 351/351/312
f 356/356/317 334/334/295 333/333/294
f 357/357/318 334/334/295 356/356/317
f 358/358/319 357/357/318 356/356/317
f 359/359/320 357/357/318 358/358/319
f 360/360/321 357/357/318 359/359/320
f 360/360/321 361/361/322 357/357/318
f 361/361/322 334/334/295 357/357/318
f 361/361/322 335/335/296 334/334/295
f 362/362/323 335/335/296 361/361/322
f 362/362/323 340/340/301 335/335/296
f 363/363/324 361/361/322 360/360/321
f 363/363/324 362/362/323 361/361/322
f 364/364/325 362/362/323 363/363/324
f 364/364/325 365/365/326 362/362/323
f 365/365/326 340/340/301 362/362/323
f 365/365/326 341/341/302 340/340/301
f 366/366/327 341/341/302 365/365/326
f 366/366/327 346/346/307 341/341/302
f 367/367/328 365/365/326 364/364/325
f 367/367/328 366/366/327 365/365/326
f 368/368/329 366/366/327 367/367/328
f 368/368/329 369/369/330 366/366/327
f 369/369/330 346/346/307 366/366/327
f 369/369/330 347/347/308 346/346/307
f 370/370/331 347/347/308 369/369/330
f 370/370/331 352/352/313 347/347/308
f 371/371/332 369/369/330 368/368/329
f 371/371/332 370/370/331 369/369/330
f 372/372/333 370/370/331 371/371/332
f 372/372/333 373/373/334 370/370/331
f 373/373/334 352/352/313 370/370/331
f 373/373/334 353/353/314 352/352/313
f 374/374/335 359/359/320 358/358/319
f 375/375/336 359/359/320 374/374/335
f 376/376/337 375/375/336 374/374/335
f 377/377/338 375/375/336 376/376/337
f 378/378/339 375/375/336 377/377/338
f 378/378/339 379/379/340 375/375/336
f 379/379/340 359/359/320 375/375/336
f 379/379/340 360/360/321 359/359/320
f 380/380/341 360/360/321 379/379/340
f 380/380/341 363/363/324 360/360/321
f 381/381/342 379/379/340 378/378/339
f 381/381/342 380/380/341 379/379/340
f 382/382/343 380/380/341 381/381/342
f 382/382/343 383/383/344 380/380/341
f 383/383/344 363/363/324 380/380/341
f 383/383/344 364/364/325 363/363/324
f 384/384/345 364/364/325 383/383/344
f 384/384/345 367/367/328 364/364/325
f 385/385/346 383/383/344 382/382/343
f 385/385/346 384/384/345 383/383/344
f 386/386/347 384/384/345 385/385/346
f 386/386/347 387/387/348 384/384/345
f 387/387/348 367/367/328 384/384/345
f 387/387/348 368/368/329 367/367/328
f 388/388/349 368/368/329 387/387/348
f 388/388/349 371/371/332 368/368/329
f 389/389/350 387/387/348 386/386/347
f 389/389/350 388/388/349 387/387/348
f 390/390/351 388/388/349 389/389/350
f 390/390/351 391/391/352 388/388/349
f 391/391/352 371/371/332 388/388/349
f 391/391/352 372/372/333 371/371/332
f 392/392/353 377/377/338 376/376/337
f 393/393/354 377/377/338 392/392/353
f 394/394/105 393/393/354 392/392/353
f 395/395/104 393/393/354 394/394/105
f 396/396/103 393/393/354 395/395/104
f 396/396/103 397/397/355 393/393/354
f 397/397/355 377/377/338 393/393/354
f 397/397/355 378/378/339 377/377/338
f 398/398/356 378/378/339 397/397/355
f 398/398/356 381/381/342 378/378/339
f 399/399/121 397/397/355 396/396/103
f 399/399/121 398/398/356 397/397/355
f 400/400/120 398/398/356 399/399/121
f 400/400/120 401/401/357 398/398/356
f 401/401/357 381/381/342 398/398/356
f 401/401/357 382/382/343 381/381/342
f 402/402/358 382/382/343 401/401/357
f 402/402/358 385/385/346 382/382/343
f 403/403/137 401/401/357 400/400/120
f 403/403/137 402/402/358 401/401/357
f 404/404/136 402/402/358 403/403/137
f 404/404/136 405/405/359 402/402/358
f 405/405/359 385/385/346 402/402/358
f 405/405/359 386/386/347 385/385/346
f 406/406/360 407/407/347 408/408/359
f 406/406/360 409/409/350 407/407/347
f 410/410/153 408/408/359 411/411/136
f 410/410/153 406/406/360 408/408/359
f 167/167/152 406/406/360 410/410/153
f 167/167/152 412/412/361 406/406/360
f 412/412/361 409/409/350 406/406/360
f 412/412/361 413/413/351 409/409/350
f 414/414/291 415/415/362 416/416/292
f 414/414/291 417/417/363 415/415/362
f 414/414/291 418/418/364 417/417/363
f 419/419/298 418/418/364 414/414/291
f 417/417/363 420/420/365 421/421/366
f 418/418/364 420/420/365 417/417/363
f 417/417/363 422/422/367 415/415/362
f 417/417/363 421/421/366 422/422/367
f 421/421/366 423/423/368 422/422/367
f 421/421/366 424/424/369 423/423/368
f 421/421/366 425/425/370 424/424/369
f 420/420/365 425/425/370 421/421/366
f 424/424/369 426/426/371 427/427/372
f 425/425/370 426/426/371 424/424/369
f 424/424/369 428/428/373 423/423/368
f 424/424/369 427/427/372 428/428/373
f 427/427/372 429/429/374 428/428/373
f 427/427/372 430/430/375 429/429/374
f 427/427/372 431/431/376 430/430/375
f 426/426/371 431/431/376 427/427/372
f 430/430/375 432/432/377 433/433/378
f 431/431/376 432/432/377 430/430/375
f 430/430/375 434/434/379 429/429/374
f 430/430/375 433/433/378 434/434/379
f 433/433/378 435/435/380 434/434/379
f 433/433/378 436/436/381 435/435/380
f 433/433/378 437/437/382 436/436/381
f 432/432/377 437/437/382 433/433/378
f 436/436/381 438/438/383 439/439/384
f 437/437/382 438/438/383 436/436/381
f 436/436/381 440/440/385 435/435/380
f 436/436/381 439/439/384 440/440/385
f 419/419/298 441/441/386 418/418/364
f 339/339/300 441/441/386 419/419/298
f 339/339/300 442/442/387 441/441/386
f 443/443/304 442/442/387 339/339/300
f 441/441/386 444/444/388 445/445/389
f 442/442/387 444/444/388 441/441/386
f 418/418/364 445/445/389 420/420/365
f 441/441/386 445/445/389 418/418/364
f 420/420/365 446/446/390 425/425/370
f 445/445/389 446/446/390 420/420/365
f 445/445/389 447/447/391 446/446/390
f 444/444/388 447/447/391 445/445/389
f 446/446/390 448/448/392 449/449/393
f 447/447/391 448/448/392 446/446/390
f 425/425/370 449/449/393 426/426/371
f 446/446/390 449/449/393 425/425/370
f 426/426/371 450/450/394 431/431/376
f 449/449/393 450/450/394 426/426/371
f 449/449/393 451/451/395 450/450/394
f 448/448/392 451/451/395 449/449/393
f 450/450/394 452/452/396 453/453/397
f 451/451/395 452/452/396 450/450/394
f 431/431/376 453/453/397 432/432/377
f 450/450/394 453/453/397 431/431/376
f 432/432/377 454/454/398 437/437/382
f 453/453/397 454/454/398 432/432/377
f 453/453/397 455/455/399 454/454/398
f 452/452/396 455/455/399 453/453/397
f 454/454/398 456/456/400 457/457/401
f 455/455/399 456/456/400 454/454/398
f 437/437/382 457/457/401 438/438/383
f 454/454/398 457/457/401 437/437/382
f 443/443/304 458/458/402 442/442/387
f 459/459/306 458/458/402 443/443/304
f 459/459/306 460/460/403 458/458/402
f 461/461/310 460/460/403 459/459/306
f 458/458/402 462/462/404 463/463/405
f 460/460/403 462/462/404 458/458/402
f 442/442/387 463/463/405 444/444/388
f 458/458/402 463/463/405 442/442/387
f 444/444/388 464/464/406 447/447/391
f 463/463/405 464/464/406 444/444/388
f 463/463/405 465/465/407 464/464/406
f 462/462/404 465/465/407 463/463/405
f 464/464/406 466/466/408 467/467/409
f 465/465/407 466/466/408 464/464/406
f 447/447/391 467/467/409 448/448/392
f 464/464/406 467/467/409 447/447/391
f 448/448/392 468/468/410 451/451/395
f 467/467/409 468/468/410 448/448/392
f 467/467/409 469/469/411 468/468/410
f 466/466/408 469/469/411 467/467/409
f 468/468/410 470/470/412 471/471/413
f 469/469/411 470/470/412 468/468/410
f 451/451/395 471/471/413 452/452/396
f 468/468/410 471/471/413 451/451/395
f 452/452/396 472/472/414 455/455/399
f 471/471/413 472/472/414 452/452/396
f 471/471/413 473/473/415 472/472/414
f 470/470/412 473/473/415 471/471/413
f 472/472/414 474/474/416 475/475/417
f 473/473/415 474/474/416 472/472/414
f 455/455/399 475/475/417 456/456/400
f 472/472/414 475/475/417 455/455/399
f 461/461/310 476/476/418 460/460/403
f 477/477/312 476/476/418 461/461/310
f 477/477/312 478/478/419 476/476/418
f 355/355/316 478/478/419 477/477/312
f 476/476/418 479/479/420 480/480/421
f 478/478/419 479/479/420 476/476/418
f 460/460/403 480/480/421 462/462/404
f 476/476/418 480/480/421 460/460/403
f 462/462/404 481/481/422 465/465/407
f 480/480/421 481/481/422 462/462/404
f 480/480/421 482/482/423 481/481/422
f 479/479/420 482/482/423 480/480/421
f 481/481/422 483/483/424 484/484/425
f 482/482/423 483/483/424 481/481/422
f 465/465/407 484/484/425 466/466/408
f 481/481/422 484/484/425 465/465/407
f 466/466/408 485/485/426 469/469/411
f 484/484/425 485/485/426 466/466/408
f 484/484/425 486/486/427 485/485/426
f 483/483/424 486/486/427 484/484/425
f 485/485/426 487/487/428 488/488/429
f 486/486/427 487/487/428 485/485/426
f 469/469/411 488/488/429 470/470/412
f 485/485/426 488/488/429 469/469/411
f 470/470/412 489/489/430 490/490/415
f 491/491/429 489/489/430 470/470/412
f 491/491/429 492/492/431 489/489/430
f 487/487/428 492/492/431 491/491/429
f 489/489/430 493/493/432 494/494/433
f 492/492/431 493/493/432 489/489/430
f 490/490/415 494/494/433 474/474/416
f 489/489/430 494/494/433 490/490/415
f 331/331/292 495/495/434 496/496/435
f 331/331/292 497/497/362 495/495/434
f 497/497/362 498/498/436 495/495/434
f 497/497/362 499/499/367 498/498/436
f 495/495/434 500/500/437 501/501/438
f 495/495/434 498/498/436 500/500/437
f 496/496/435 501/501/438 502/502/439
f 496/496/435 495/495/434 501/501/438
f 502/502/439 503/503/440 504/504/441
f 502/502/439 501/501/438 503/503/440
f 501/501/438 505/505/442 503/503/440
f 501/501/438 500/500/437 505/505/442
f 503/503/440 506/506/443 507/507/444
f 503/503/440 505/505/442 506/506/443
f 504/504/441 507/507/444 508/508/445
f 504/504/441 503/503/440 507/507/444
f 508/508/445 509/509/446 510/510/447
f 508/508/445 507/507/444 509/509/446
f 507/507/444 511/511/448 509/509/446
f 507/507/444 506/506/443 511/511/448
f 509/509/446 512/512/449 513/513/450
f 509/509/446 511/511/448 512/512/449
f 510/510/447 513/513/450 514/514/451
f 510/510/447 509/509/446 513/513/450
f 514/514/451 515/515/452 516/516/453
f 514/514/451 513/513/450 515/515/452
f 513/513/450 517/517/454 515/515/452
f 513/513/450 512/512/449 517/517/454
f 515/515/452 518/518/455 519/519/456
f 515/515/452 517/517/454 518/518/455
f 516/516/453 519/519/456 520/520/457
f 516/516/453 515/515/452 519/519/456
f 499/499/367 521/521/458 498/498/436
f 499/499/367 423/423/368 521/521/458
f 423/423/368 522/522/459 521/521/458
f 423/423/368 523/523/373 522/522/459
f 521/521/458 524/524/460 525/525/461
f 521/521/458 522/522/459 524/524/460
f 498/498/436 525/525/461 500/500/437
f 498/498/436 521/521/458 525/525/461
f 500/500/437 526/526/462 505/505/442
f 500/500/437 525/525/461 526/526/462
f 525/525/461 527/527/463 526/526/462
f 525/525/461 524/524/460 527/527/463
f 526/526/462 528/528/464 529/529/465
f 526/526/462 527/527/463 528/528/464
f 505/505/442 529/529/465 506/506/443
f 505/505/442 526/526/462 529/529/465
f 506/506/443 530/530/466 511/511/448
f 506/506/443 529/529/465 530/530/466
f 529/529/465 531/531/467 530/530/466
f 529/529/465 528/528/464 531/531/467
f 530/530/466 532/532/468 533/533/469
f 530/530/466 531/531/467 532/532/468
f 511/511/448 533/533/469 512/512/449
f 511/511/448 530/530/466 533/533/469
f 512/512/449 534/534/470 517/517/454
f 512/512/449 533/533/469 534/534/470
f 533/533/469 535/535/471 534/534/470
f 533/533/469 532/532/468 535/535/471
f 534/534/470 536/536/472 537/537/473
f 534/534/470 535/535/471 536/536/472
f 517/517/454 537/537/473 518/518/455
f 517/517/454 534/534/470 537/537/473
f 523/523/373 538/538/474 522/522/459
f 523/523/373 539/539/374 538/538/474
f 539/539/374 540/540/475 538/538/474
f 539/539/374 541/541/379 540/540/475
f 538/538/474 542/542/476 543/543/477
f 538/538/474 540/540/475 542/542/476
f 522/522/459 543/543/477 524/524/460
f 522/522/459 538/538/474 543/543/477
f 524/524/460 544/544/478 527/527/463
f 524/524/460 543/543/477 544/544/478
f 543/543/477 545/545/479 544/544/478
f 543/543/477 542/542/476 545/545/479
f 544/544/478 546/546/480 547/547/481
f 544/544/478 545/545/479 546/546/480
f 527/527/463 547/547/481 528/528/464
f 527/527/463 544/544/478 547/547/481
f 528/528/464 548/548/482 531/531/467
f 528/528/464 547/547/481 548/548/482
f 547/547/481 549/549/483 548/548/482
f 547/547/481 546/546/480 549/549/483
f 548/548/482 550/550/484 551/551/485
f 548/548/482 549/549/483 550/550/484
f 531/531/467 551/551/485 532/532/468
f 531/531/467 548/548/482 551/551/485
f 532/532/468 552/552/486 535/535/471
f 532/532/468 551/551/485 552/552/486
f 551/551/485 553/553/487 552/552/486
f 551/551/485 550/550/484 553/553/487
f 552/552/486 554/554/488 555/555/489
f 552/552/486 553/553/487 554/554/488
f 535/535/471 555/555/489 536/536/472
f 535/535/471 552/552/486 555/555/489
f 541/541/379 556/556/490 540/540/475
f 541/541/379 557/557/380 556/556/490
f 557/557/380 558/558/491 556/556/490
f 557/557/380 440/440/385 558/558/491
f 556/556/490 559/559/492 560/560/493
f 556/556/490 558/558/491 559/559/492
f 540/540/475 560/560/493 542/542/476
f 540/540/475 556/556/490 560/560/493
f 542/542/476 561/561/494 545/545/479
f 542/542/476 560/560/493 561/561/494
f 560/560/493 562/562/495 561/561/494
f 560/560/493 559/559/492 562/562/495
f 561/561/494 563/563/496 564/564/497
f 561/561/494 562/562/495 563/563/496
f 545/545/479 564/564/497 546/546/480
f 545/545/479 561/561/494 564/564/497
f 546/546/480 565/565/498 549/549/483
f 546/546/480 564/564/497 565/565/498
f 564/564/497 566/566/499 565/565/498
f 564/564/497 563/563/496 566/566/499
f 565/565/498 567/567/500 568/568/501
f 565/565/498 566/566/499 567/567/500
f 549/549/483 568/568/501 550/550/484
f 549/549/483 565/565/498 568/568/501
f 569/569/484 570/570/502 553/553/487
f 569/569/484 571/571/501 570/570/502
f 571/571/501 572/572/503 570/570/502
f 571/571/501 567/567/500 572/572/503
f 570/570/502 573/573/504 574/574/505
f 570/570/502 572/572/503 573/573/504
f 553/553/487 574/574/505 554/554/488
f 553/553/487 570/570/502 574/574/505
f 575/575/506 576/576/292 496/496/435
f 329/329/290 576/576/292 575/575/506
f 577/577/507 496/496/435 578/578/439
f 575/575/506 496/496/435 577/577/507
f 579/579/508 575/575/506 577/577/507
f 580/580/509 575/575/506 579/579/508
f 580/580/509 329/329/290 575/575/506
f 581/581/294 329/329/290 580/580/509
f 582/582/510 581/581/294 580/580/509
f 583/583/317 581/581/294 582/582/510
f 584/584/511 580/580/509 579/579/508
f 582/582/510 580/580/509 584/584/511
f 585/585/512 582/582/510 584/584/511
f 586/586/513 582/582/510 585/585/512
f 586/586/513 583/583/317 582/582/510
f 587/587/319 583/583/317 586/586/513
f 588/588/514 587/587/319 586/586/513
f 589/589/335 587/587/319 588/588/514
f 590/590/515 586/586/513 585/585/512
f 588/588/514 586/586/513 590/590/515
f 591/591/516 588/588/514 590/590/515
f 592/592/517 588/588/514 591/591/516
f 592/592/517 589/589/335 588/588/514
f 593/593/337 589/589/335 592/592/517
f 594/594/518 593/593/337 592/592/517
f 595/595/353 593/593/337 594/594/518
f 596/596/519 592/592/517 591/591/516
f 594/594/518 592/592/517 596/596/519
f 597/597/212 594/594/518 596/596/519
f 598/598/211 594/594/518 597/597/212
f 598/598/211 595/595/353 594/594/518
f 112/112/105 595/595/353 598/598/211
f 599/599/520 578/578/439 504/504/441
f 577/577/507 578/578/439 599/599/520
f 600/600/521 504/504/441 601/601/445
f 599/599/520 504/504/441 600/600/521
f 602/602/522 599/599/520 600/600/521
f 603/603/523 599/599/520 602/602/522
f 603/603/523 577/577/507 599/599/520
f 579/579/508 577/577/507 603/603/523
f 604/604/524 579/579/508 603/603/523
f 584/584/511 579/579/508 604/604/524
f 605/605/525 603/603/523 602/602/522
f 604/604/524 603/603/523 605/605/525
f 606/606/526 604/604/524 605/605/525
f 607/607/527 604/604/524 606/606/526
f 607/607/527 584/584/511 604/604/524
f 585/585/512 584/584/511 607/607/527
f 608/608/528 585/585/512 607/607/527
f 590/590/515 585/585/512 608/608/528
f 609/609/529 607/607/527 606/606/526
f 608/608/528 607/607/527 609/609/529
f 610/610/530 608/608/528 609/609/529
f 611/611/531 608/608/528 610/610/530
f 611/611/531 590/590/515 608/608/528
f 591/591/516 590/590/515 611/611/531
f 612/612/532 591/591/516 611/611/531
f 596/596/519 591/591/516 612/612/532
f 613/613/533 611/611/531 610/610/530
f 612/612/532 611/611/531 613/613/533
f 236/236/216 612/612/532 613/613/533
f 614/614/215 612/612/532 236/236/216
f 614/614/215 596/596/519 612/612/532
f 597/597/212 596/596/519 614/614/215
f 615/615/534 601/601/445 616/616/447
f 600/600/521 601/601/445 615/615/534
f 617/617/535 616/616/447 618/618/451
f 615/615/534 616/616/447 617/617/535
f 619/619/536 615/615/534 617/617/535
f 620/620/537 615/615/534 619/619/536
f 620/620/537 600/600/521 615/615/534
f 602/602/522 600/600/521 620/620/537
f 621/621/538 602/602/522 620/620/537
f 605/605/525 602/602/522 621/621/538
f 622/622/539 620/620/537 619/619/536
f 621/621/538 620/620/537 622/622/539
f 623/623/540 621/621/538 622/622/539
f 624/624/541 621/621/538 623/623/540
f 624/624/541 605/605/525 621/621/538
f 606/606/526 605/605/525 624/624/541
f 625/625/542 606/606/526 624/624/541
f 609/609/529 606/606/526 625/625/542
f 626/626/543 624/624/541 623/623/540
f 625/625/542 624/624/541 626/626/543
f 627/627/544 625/625/542 626/626/543
f 628/628/545 625/625/542 627/627/544
f 628/628/545 609/609/529 625/625/542
f 610/610/530 609/609/529 628/628/545
f 629/629/546 610/610/530 628/628/545
f 613/613/533 610/610/530 629/629/546
f 630/630/547 628/628/545 627/627/544
f 629/629/546 628/628/545 630/630/547
f 240/240/220 629/629/546 630/630/547
f 631/631/219 629/629/546 240/240/220
f 631/631/219 613/613/533 629/629/546
f 236/236/216 613/613/533 631/631/219
f 632/632/548 618/618/451 516/516/453
f 617/617/535 618/618/451 632/632/548
f 633/633/549 516/516/453 520/520/457
f 632/632/548 516/516/453 633/633/549
f 634/634/550 632/632/548 633/633/549
f 635/635/551 632/632/548 634/634/550
f 635/635/551 617/617/535 632/632/548
f 619/619/536 617/617/535 635/635/551
f 636/636/552 619/619/536 635/635/551
f 622/622/539 619/619/536 636/636/552
f 637/637/553 635/635/551 634/634/550
f 636/636/552 635/635/551 637/637/553
f 638/638/554 636/636/552 637/637/553
f 639/639/555 636/636/552 638/638/554
f 639/639/555 622/622/539 636/636/552
f 623/623/540 622/622/539 639/639/555
f 640/640/556 641/641/540 642/642/555
f 643/643/543 641/641/540 640/640/556
f 644/644/557 642/642/555 645/645/554
f 640/640/556 642/642/555 644/644/557
f 646/646/558 640/640/556 644/644/557
f 647/647/559 640/640/556 646/646/558
f 647/647/559 643/643/543 640/640/556
f 648/648/544 643/643/543 647/647/559
f 649/649/560 648/648/544 647/647/559
f 650/650/547 648/648/544 649/649/560
f 651/651/561 647/647/559 652/652/558
f 649/649/560 647/647/559 651/651/561
f 653/653/224 649/649/560 651/651/561
f 654/654/223 649/649/560 653/653/224
f 654/654/223 650/650/547 649/649/560
f 655/655/220 650/650/547 654/654/223
f 656/656/562 657/657/563 658/658/564
f 659/659/565 657/657/563 656/656/562
f 660/660/566 659/659/565 656/656/562
f 661/661/567 659/659/565 660/660/566
f 662/662/568 659/659/565 661/661/567
f 662/662/568 663/663/569 659/659/565
f 663/663/569 657/657/563 659/659/565
f 663/663/569 664/664/570 657/657/563
f 665/665/571 664/664/570 663/663/569
f 665/665/571 666/666/572 664/664/570
f 667/667/573 663/663/569 662/662/568
f 667/667/573 665/665/571 663/663/569
f 668/668/574 665/665/571 667/667/573
f 668/668/574 669/669/575 665/665/571
f 669/669/575 666/666/572 665/665/571
f 669/669/575 670/670/576 666/666/572
f 671/671/577 670/670/576 669/669/575
f 671/671/577 672/672/578 670/670/576
f 673/673/579 669/669/575 668/668/574
f 673/673/579 671/671/577 669/669/575
f 674/674/580 671/671/577 673/673/579
f 674/674/580 675/675/581 671/671/577
f 675/675/581 672/672/578 671/671/577
f 675/675/581 676/676/582 672/672/578
f 677/677/583 676/676/582 675/675/581
f 677/677/583 678/678/584 676/676/582
f 679/679/585 675/675/581 674/674/580
f 679/679/585 677/677/583 675/675/581
f 680/680/586 677/677/583 679/679/585
f 680/680/586 681/681/587 677/677/583
f 681/681/587 678/678/584 677/677/583
f 681/681/587 682/682/588 678/678/584
f 683/683/589 661/661/567 660/660/566
f 684/684/590 661/661/567 683/683/589
f 685/685/591 684/684/590 683/683/589
f 686/686/592 684/684/590 685/685/591
f 687/687/593 684/684/590 686/686/592
f 687/687/593 688/688/594 684/684/590
f 688/688/594 661/661/567 684/684/590
f 688/688/594 662/662/568 661/661/567
f 689/689/595 662/662/568 688/688/594
f 689/689/595 667/667/573 662/662/568
f 690/690/596 688/688/594 687/687/593
f 690/690/596 689/689/595 688/688/594
f 691/691/597 689/689/595 690/690/596
f 691/691/597 692/692/598 689/689/595
f 692/692/598 667/667/573 689/689/595
f 692/692/598 668/668/574 667/667/573
f 693/693/599 668/668/574 692/692/598
f 693/693/599 673/673/579 668/668/574
f 694/694/600 692/692/598 691/691/597
f 694/694/600 693/693/599 692/692/598
f 695/695/601 693/693/599 694/694/600
f 695/695/601 696/696/602 693/693/599
f 696/696/602 673/673/579 693/693/599
f 696/696/602 674/674/580 673/673/579
f 697/697/603 674/674/580 696/696/602
f 697/697/603 679/679/585 674/674/580
f 698/698/604 696/696/602 695/695/601
f 698/698/604 697/697/603 696/696/602
f 699/699/605 697/697/603 698/698/604
f 699/699/605 700/700/606 697/697/603
f 700/700/606 679/679/585 697/697/603
f 700/700/606 680/680/586 679/679/585
f 701/701/607 686/686/592 685/685/591
f 702/702/608 686/686/592 701/701/607
f 703/703/609 702/702/608 701/701/607
f 704/704/610 702/702/608 703/703/609
f 705/705/611 702/702/608 704/704/610
f 705/705/611 706/706/612 702/702/608
f 706/706/612 686/686/592 702/702/608
f 706/706/612 687/687/593 686/686/592
f 707/707/613 687/687/593 706/706/612
f 707/707/613 690/690/596 687/687/593
f 708/708/614 706/706/612 705/705/611
f 708/708/614 707/707/613 706/706/612
f 709/709/615 707/707/613 708/708/614
f 709/709/615 710/710/616 707/707/613
f 710/710/616 690/690/596 707/707/613
f 710/710/616 691/691/597 690/690/596
f 711/711/617 691/691/597 710/710/616
f 711/711/617 694/694/600 691/691/597
f 712/712/618 710/710/616 709/709/615
f 712/712/618 711/711/617 710/710/616
f 713/713/619 711/711/617 712/712/618
f 713/713/619 714/714/620 711/711/617
f 714/714/620 694/694/600 711/711/617
f 714/714/620 695/695/601 694/694/600
f 715/715/621 695/695/601 714/714/620
f 715/715/621 698/698/604 695/695/601
f 716/716/622 714/714/620 713/713/619
f 716/716/622 715/715/621 714/714/620
f 717/717/623 715/715/621 716/716/622
f 717/717/623 718/718/624 715/715/621
f 718/718/624 698/698/604 715/715/621
f 718/718/624 699/699/605 698/698/604
f 719/719/625 704/704/610 703/703/609
f 720/720/626 704/704/610 719/719/625
f 721/721/385 720/720/626 719/719/625
f 722/722/384 720/720/626 721/721/385
f 723/723/383 720/720/626 722/722/384
f 723/723/383 724/724/627 720/720/626
f 724/724/627 704/704/610 720/720/626
f 724/724/627 705/705/611 704/704/610
f 725/725/628 705/705/611 724/724/627
f 725/725/628 708/708/614 705/705/611
f 726/726/401 724/724/627 723/723/383
f 726/726/401 725/725/628 724/724/627
f 727/727/400 725/725/628 726/726/401
f 727/727/400 728/728/629 725/725/628
f 728/728/629 708/708/614 725/725/628
f 728/728/629 709/709/615 708/708/614
f 729/729/630 709/709/615 728/728/629
f 729/729/630 712/712/618 709/709/615
f 730/730/417 728/728/629 727/727/400
f 730/730/417 729/729/630 728/728/629
f 731/731/416 729/729/630 730/730/417
f 731/731/416 732/732/631 729/729/630
f 732/732/631 712/712/618 729/729/630
f 732/732/631 713/713/619 712/712/618
f 733/733/632 734/734/619 735/735/631
f 733/733/632 736/736/622 734/734/619
f 737/737/433 735/735/631 731/731/416
f 737/737/433 733/733/632 735/735/631
f 738/738/432 733/733/632 737/737/433
f 738/738/432 739/739/633 733/733/632
f 739/739/633 736/736/622 733/733/632
f 739/739/633 717/717/623 736/736/622
f 740/740/563 741/741/634 658/658/564
f 740/740/563 742/742/635 741/741/634
f 740/740/563 743/743/636 742/742/635
f 744/744/570 743/743/636 740/740/563
f 742/742/635 745/745/637 746/746/638
f 743/743/636 745/745/637 742/742/635
f 742/742/635 747/747/639 741/741/634
f 742/742/635 746/746/638 747/747/639
f 746/746/638 748/748/640 747/747/639
f 746/746/638 749/749/641 748/748/640
f 746/746/638 750/750/642 749/749/641
f 745/745/637 750/750/642 746/746/638
f 749/749/641 751/751/643 752/752/644
f 750/750/642 751/751/643 749/749/641
f 749/749/641 753/753/645 748/748/640
f 749/749/641 752/752/644 753/753/645
f 752/752/644 754/754/646 753/753/645
f 752/752/644 755/755/647 754/754/646
f 752/752/644 756/756/648 755/755/647
f 751/751/643 756/756/648 752/752/644
f 755/755/647 757/757/649 758/758/650
f 756/756/648 757/757/649 755/755/647
f 755/755/647 759/759/651 754/754/646
f 755/755/647 758/758/650 759/759/651
f 758/758/650 760/760/652 759/759/651
f 758/758/650 761/761/653 760/760/652
f 758/758/650 762/762/654 761/761/653
f 757/757/649 762/762/654 758/758/650
f 761/761/653 763/763/655 764/764/656
f 762/762/654 763/763/655 761/761/653
f 761/761/653 765/765/657 760/760/652
f 761/761/653 764/764/656 765/765/657
f 744/744/570 766/766/658 743/743/636
f 767/767/572 766/766/658 744/744/570
f 767/767/572 768/768/659 766/766/658
f 769/769/576 768/768/659 767/767/572
f 766/766/658 770/770/660 771/771/661
f 768/768/659 770/770/660 766/766/658
f 743/743/636 771/771/661 745/745/637
f 766/766/658 771/771/661 743/743/636
f 745/745/637 772/772/662 750/750/642
f 771/771/661 772/772/662 745/745/637
f 771/771/661 773/773/663 772/772/662
f 770/770/660 773/773/663 771/771/661
f 772/772/662 774/774/664 775/775/665
f 773/773/663 774/774/664 772/772/662
f 750/750/642 775/775/665 751/751/643
f 772/772/662 775/775/665 750/750/642
f 751/751/643 776/776/666 756/756/648
f 775/775/665 776/776/666 751/751/643
f 775/775/665 777/777/667 776/776/666
f 774/774/664 777/777/667 775/775/665
f 776/776/666 778/778/668 779/779/669
f 777/777/667 778/778/668 776/776/666
f 756/756/648 779/779/669 757/757/649
f 776/776/666 779/779/669 756/756/648
f 757/757/649 780/780/670 762/762/654
f 779/779/669 780/780/670 757/757/649
f 779/779/669 781/781/671 780/780/670
f 778/778/668 781/781/671 779/779/669
f 780/780/670 782/782/672 783/783/673
f 781/781/671 782/782/672 780/780/670
f 762/762/654 783/783/673 763/763/655
f 780/780/670 783/783/673 762/762/654
f 769/769/576 784/784/674 768/768/659
f 672/672/578 784/784/674 769/769/576
f 672/672/578 785/785/675 784/784/674
f 786/786/582 785/785/675 672/672/578
f 784/784/674 787/787/676 788/788/677
f 785/785/675 787/787/676 784/784/674
f 768/768/659 788/788/677 770/770/660
f 784/784/674 788/788/677 768/768/659
f 770/770/660 789/789/678 773/773/663
f 788/788/677 789/789/678 770/770/660
f 788/788/677 790/790/679 789/789/678
f 787/787/676 790/790/679 788/788/677
f 789/789/678 791/791/680 792/792/681
f 790/790/679 791/791/680 789/789/678
f 773/773/663 792/792/681 774/774/664
f 789/789/678 792/792/681 773/773/663
f 774/774/664 793/793/682 777/777/667
f 792/792/681 793/793/682 774/774/664
f 792/792/681 794/794/683 793/793/682
f 791/791/680 794/794/683 792/792/681
f 793/793/682 795/795/684 796/796/685
f 794/794/683 795/795/684 793/793/682
f 777/777/667 796/796/685 778/778/668
f 793/793/682 796/796/685 777/777/667
f 778/778/668 797/797/686 781/781/671
f 796/796/685 797/797/686 778/778/668
f 796/796/685 798/798/687 797/797/686
f 795/795/684 798/798/687 796/796/685
f 797/797/686 799/799/688 800/800/689
f 798/798/687 799/799/688 797/797/686
f 781/781/671 800/800/689 782/782/672
f 797/797/686 800/800/689 781/781/671
f 786/786/582 801/801/690 785/785/675
f 802/802/584 801/801/690 786/786/582
f 802/802/584 803/803/691 801/801/690
f 682/682/588 803/803/691 802/802/584
f 801/801/690 804/804/692 805/805/693
f 803/803/691 804/804/692 801/801/690
f 785/785/675 805/805/693 787/787/676
f 801/801/690 805/805/693 785/785/675
f 787/787/676 806/806/694 790/790/679
f 805/805/693 806/806/694 787/787/676
f 805/805/693 807/807/695 806/806/694
f 804/804/692 807/807/695 805/805/693
f 806/806/694 808/808/696 809/809/697
f 807/807/695 808/808/696 806/806/694
f 790/790/679 809/809/697 791/791/680
f 806/806/694 809/809/697 790/790/679
f 791/791/680 810/810/698 794/794/683
f 809/809/697 810/810/698 791/791/680
f 809/809/697 811/811/699 810/810/698
f 808/808/696 811/811/699 809/809/697
f 810/810/698 812/812/700 813/813/701
f 811/811/699 812/812/700 810/810/698
f 794/794/683 813/813/701 795/795/684
f 810/810/698 813/813/701 794/794/683
f 814/814/684 815/815/702 816/816/687
f 817/817/701 815/815/702 814/814/684
f 817/817/701 818/818/703 815/815/702
f 812/812/700 818/818/703 817/817/701
f 815/815/702 819/819/704 820/820/705
f 818/818/703 819/819/704 815/815/702
f 816/816/687 820/820/705 821/821/688
f 815/815/702 820/820/705 816/816/687
f 658/658/564 822/822/706 823/823/707
f 658/658/564 824/824/634 822/822/706
f 824/824/634 825/825/708 822/822/706
f 824/824/634 747/747/639 825/825/708
f 822/822/706 826/826/709 827/827/710
f 822/822/706 825/825/708 826/826/709
f 823/823/707 827/827/710 828/828/711
f 823/823/707 822/822/706 827/827/710
f 828/828/711 829/829/712 830/830/713
f 828/828/711 827/827/710 829/829/712
f 827/827/710 831/831/714 829/829/712
f 827/827/710 826/826/709 831/831/714
f 829/829/712 832/832/715 833/833/716
f 829/829/712 831/831/714 832/832/715
f 830/830/713 833/833/716 834/834/717
f 830/830/713 829/829/712 833/833/716
f 834/834/717 835/835/718 836/836/719
f 834/834/717 833/833/716 835/835/718
f 833/833/716 837/837/720 835/835/718
f 833/833/716 832/832/715 837/837/720
f 835/835/718 838/838/721 839/839/722
f 835/835/718 837/837/720 838/838/721
f 836/836/719 839/839/722 840/840/723
f 836/836/719 835/835/718 839/839/722
f 840/840/723 841/841/724 842/842/725
f 840/840/723 839/839/722 841/841/724
f 839/839/722 843/843/726 841/841/724
f 839/839/722 838/838/721 843/843/726
f 841/841/724 844/844/727 845/845/728
f 841/841/724 843/843/726 844/844/727
f 842/842/725 845/845/728 846/846/729
f 842/842/725 841/841/724 845/845/728
f 747/747/639 847/847/730 825/825/708
f 747/747/639 848/848/640 847/847/730
f 848/848/640 849/849/731 847/847/730
f 848/848/640 753/753/645 849/849/731
f 847/847/730 850/850/732 851/851/733
f 847/847/730 849/849/731 850/850/732
f 825/825/708 851/851/733 826/826/709
f 825/825/708 847/847/730 851/851/733
f 826/826/709 852/852/734 831/831/714
f 826/826/709 851/851/733 852/852/734
f 851/851/733 853/853/735 852/852/734
f 851/851/733 850/850/732 853/853/735
f 852/852/734 854/854/736 855/855/737
f 852/852/734 853/853/735 854/854/736
f 831/831/714 855/855/737 832/832/715
f 831/831/714 852/852/734 855/855/737
f 832/832/715 856/856/738 837/837/720
f 832/832/715 855/855/737 856/856/738
f 855/855/737 857/857/739 856/856/738
f 855/855/737 854/854/736 857/857/739
f 856/856/738 858/858/740 859/859/741
f 856/856/738 857/857/739 858/858/740
f 837/837/720 859/859/741 838/838/721
f 837/837/720 856/856/738 859/859/741
f 838/838/721 860/860/742 843/843/726
f 838/838/721 859/859/741 860/860/742
f 859/859/741 861/861/743 860/860/742
f 859/859/741 858/858/740 861/861/743
f 860/860/742 862/862/744 863/863/745
f 860/860/742 861/861/743 862/862/744
f 843/843/726 863/863/745 844/844/727
f 843/843/726 860/860/742 863/863/745
f 753/753/645 864/864/746 849/849/731
f 753/753/645 754/754/646 864/864/746
f 754/754/646 865/865/747 864/864/746
f 754/754/646 759/759/651 865/865/747
f 864/864/746 866/866/748 867/867/749
f 864/864/746 865/865/747 866/866/748
f 849/849/731 867/867/749 850/850/732
f 849/849/731 864/864/746 867/867/749
f 850/850/732 868/868/750 853/853/735
f 850/850/732 867/867/749 868/868/750
f 867/867/749 869/869/751 868/868/750
f 867/867/749 866/866/748 869/869/751
f 868/868/750 870/870/752 871/871/753
f 868/868/750 869/869/751 870/870/752
f 853/853/735 871/871/753 854/854/736
f 853/853/735 868/868/750 871/871/753
f 854/854/736 872/872/754 857/857/739
f 854/854/736 871/871/753 872/872/754
f 871/871/753 873/873/755 872/872/754
f 871/871/753 870/870/752 873/873/755
f 872/872/754 874/874/756 875/875/757
f 872/872/754 873/873/755 874/874/756
f 857/857/739 875/875/757 858/858/740
f 857/857/739 872/872/754 875/875/757
f 858/858/740 876/876/758 861/861/743
f 858/858/740 875/875/757 876/876/758
f 875/875/757 877/877/759 876/876/758
f 875/875/757 874/874/756 877/877/759
f 876/876/758 878/878/760 879/879/761
f 876/876/758 877/877/759 878/878/760
f 861/861/743 879/879/761 862/862/744
f 861/861/743 876/876/758 879/879/761
f 759/759/651 880/880/762 865/865/747
f 759/759/651 881/881/652 880/880/762
f 881/881/652 882/882/763 880/880/762
f 881/881/652 883/883/657 882/882/763
f 880/880/762 884/884/764 885/885/765
f 880/880/762 882/882/763 884/884/764
f 865/865/747 885/885/765 866/866/748
f 865/865/747 880/880/762 885/885/765
f 866/866/748 886/886/766 869/869/751
f 866/866/748 885/885/765 886/886/766
f 885/885/765 887/887/767 886/886/766
f 885/885/765 884/884/764 887/887/767
f 886/886/766 888/888/768 889/889/769
f 886/886/766 887/887/767 888/888/768
f 869/869/751 889/889/769 870/870/752
f 869/869/751 886/886/766 889/889/769
f 870/870/752 890/890/770 873/873/755
f 870/870/752 889/889/769 890/890/770
f 889/889/769 891/891/771 890/890/770
f 889/889/769 888/888/768 891/891/771
f 890/890/770 892/892/772 893/893/773
f 890/890/770 891/891/771 892/892/772
f 873/873/755 893/893/773 874/874/756
f 873/873/755 890/890/770 893/893/773
f 874/874/756 894/894/774 895/895/759
f 874/874/756 896/896/773 894/894/774
f 896/896/773 897/897/775 894/894/774
f 896/896/773 898/898/772 897/897/775
f 894/894/774 899/899/776 900/900/777
f 894/894/774 897/897/775 899/899/776
f 895/895/759 900/900/777 878/878/760
f 895/895/759 894/894/774 900/900/777
f 901/901/778 658/658/564 902/902/707
f 656/656/562 658/658/564 901/901/778
f 903/903/779 902/902/707 828/828/711
f 901/901/778 902/902/707 903/903/779
f 904/904/780 901/901/778 903/903/779
f 905/905/781 901/901/778 904/904/780
f 905/905/781 656/656/562 901/901/778
f 906/906/566 656/656/562 905/905/781
f 907/907/782 906/906/566 905/905/781
f 683/683/589 906/906/566 907/907/782
f 908/908/783 905/905/781 904/904/780
f 907/907/782 905/905/781 908/908/783
f 909/909/784 907/907/782 908/908/783
f 910/910/785 907/907/782 909/909/784
f 910/910/785 683/683/589 907/907/782
f 685/685/591 683/683/589 910/910/785
f 911/911/786 685/685/591 910/910/785
f 701/701/607 685/685/591 911/911/786
f 912/912/787 910/910/785 909/909/784
f 911/911/786 910/910/785 912/912/787
f 913/913/788 911/911/786 912/912/787
f 914/914/789 911/911/786 913/913/788
f 914/914/789 701/701/607 911/911/786
f 915/915/609 701/701/607 914/914/789
f 916/916/790 915/915/609 914/914/789
f 917/917/625 915/915/609 916/916/790
f 918/918/791 914/914/789 913/913/788
f 916/916/790 914/914/789 918/918/791
f 919/919/492 916/916/790 918/918/791
f 920/920/491 916/916/790 919/919/492
f 920/920/491 917/917/625 916/916/790
f 921/921/385 917/917/625 920/920/491
f 922/922/792 828/828/711 923/923/713
f 903/903/779 828/828/711 922/922/792
f 924/924/793 923/923/713 925/925/717
f 922/922/792 923/923/713 924/924/793
f 926/926/794 922/922/792 924/924/793
f 927/927/795 922/922/792 926/926/794
f 927/927/795 903/903/779 922/922/792
f 904/904/780 903/903/779 927/927/795
f 928/928/796 904/904/780 927/927/795
f 908/908/783 904/904/780 928/928/796
f 929/929/797 927/927/795 926/926/794
f 928/928/796 927/927/795 929/929/797
f 930/930/798 928/928/796 929/929/797
f 931/931/799 928/928/796 930/930/798
f 931/931/799 908/908/783 928/928/796
f 909/909/784 908/908/783 931/931/799
f 932/932/800 909/909/784 931/931/799
f 912/912/787 909/909/784 932/932/800
f 933/933/801 931/931/799 930/930/798
f 932/932/800 931/931/799 933/933/801
f 934/934/802 932/932/800 933/933/801
f 935/935/803 932/932/800 934/934/802
f 935/935/803 912/912/787 932/932/800
f 913/913/788 912/912/787 935/935/803
f 936/936/804 913/913/788 935/935/803
f 918/918/791 913/913/788 936/936/804
f 937/937/805 935/935/803 934/934/802
f 936/936/804 935/935/803 937/937/805
f 938/938/496 936/936/804 937/937/805
f 939/939/495 936/936/804 938/938/496
f 939/939/495 918/918/791 936/936/804
f 919/919/492 918/918/791 939/939/495
f 940/940/806 925/925/717 941/941/719
f 924/924/793 925/925/717 940/940/806
f 942/942/807 941/941/719 943/943/723
f 940/940/806 941/941/719 942/942/807
f 944/944/808 940/940/806 942/942/807
f 945/945/809 940/940/806 944/944/808
f 945/945/809 924/924/793 940/940/806
f 926/926/794 924/924/793 945/945/809
f 946/946/810 926/926/794 945/945/809
f 929/929/797 926/926/794 946/946/810
f 947/947/811 945/945/809 944/944/808
f 946/946/810 945/945/809 947/947/811
f 948/948/812 946/946/810 947/947/811
f 949/949/813 946/946/810 948/948/812
f 949/949/813 929/929/797 946/946/810
f 930/930/798 929/929/797 949/949/813
f 950/950/814 930/930/798 949/949/813
f 933/933/801 930/930/798 950/950/814
f 951/951/815 949/949/813 948/948/812
f 950/950/814 949/949/813 951/951/815
f 952/952/816 950/950/814 951/951/815
f 953/953/817 950/950/814 952/952/816
f 953/953/817 933/933/801 950/950/814
f 934/934/802 933/933/801 953/953/817
f 954/954/818 934/934/802 953/953/817
f 937/937/805 934/934/802 954/954/818
f 955/955/819 953/953/817 952/952/816
f 954/954/818 953/953/817 955/955/819
f 956/956/500 954/954/818 955/955/819
f 957/957/499 954/954/818 956/956/500
f 957/957/499 937/937/805 954/954/818
f 938/938/496 937/937/805 957/957/499
f 958/958/820 943/943/723 959/959/725
f 942/942/807 943/943/723 958/958/820
f 960/960/821 959/959/725 846/846/729
f 958/958/820 959/959/725 960/960/821
f 961/961/822 958/958/820 960/960/821
f 962/962/823 958/958/820 961/961/822
f 962/962/823 942/942/807 958/958/820
f 944/944/808 942/942/807 962/962/823
f 963/963/824 944/944/808 962/962/823
f 947/947/811 944/944/808 963/963/824
f 964/964/825 962/962/823 961/961/822
f 963/963/824 962/962/823 964/964/825
f 965/965/826 963/963/824 964/964/825
f 966/966/827 963/963/824 965/965/826
f 966/966/827 947/947/811 963/963/824
f 948/948/812 947/947/811 966/966/827
f 967/967/828 948/948/812 966/966/827
f 951/951/815 948/948/812 967/967/828
f 968/968/829 966/966/827 965/965/826
f 967/967/828 966/966/827 968/968/829
f 969/969/830 967/967/828 968/968/829
f 970/970/831 967/967/828 969/969/830
f 970/970/831 951/951/815 967/967/828
f 952/952/816 951/951/815 970/970/831
f 971/971/832 972/972/816 970/970/831
f 973/973/819 972/972/816 971/971/832
f 974/974/833 970/970/831 969/969/830
f 971/971/832 970/970/831 974/974/833
f 975/975/504 971/971/832 974/974/833
f 976/976/503 971/971/832 975/975/504
f 976/976/503 973/973/819 971/971/832
f 956/956/500 973/973/819 976/976/503
f 977/977/834 978/978/835 979/979/836
f 980/980/837 978/978/835 977/977/834
f 981/981/838 980/980/837 977/977/834
f 982/982/839 980/980/837 981/981/838
f 983/983/840 980/980/837 982/982/839
f 983/983/840 984/984/841 980/980/837
f 984/984/841 978/978/835 980/980/837
f 984/984/841 985/985/842 978/978/835
f 986/986/843 985/985/842 984/984/841
f 986/986/843 987/987/844 985/985/842
f 988/988/845 984/984/841 983/983/840
f 988/988/845 986/986/843 984/984/841
f 989/989/846 986/986/843 988/988/845
f 989/989/846 990/990/847 986/986/843
f 990/990/847 987/987/844 986/986/843
f 990/990/847 991/991/848 987/987/844
f 992/992/849 991/991/848 990/990/847
f 992/992/849 993/993/850 991/991/848
f 994/994/851 990/990/847 989/989/846
f 994/994/851 992/992/849 990/990/847
f 995/995/852 992/992/849 994/994/851
f 995/995/852 996/996/853 992/992/849
f 996/996/853 993/993/850 992/992/849
f 996/996/853 997/997/854 993/993/850
f 998/998/855 997/997/854 996/996/853
f 998/998/855 999/999/856 997/997/854
f 1000/1000/857 996/996/853 995/995/852
f 1000/1000/857 998/998/855 996/996/853
f 1001/1001/858 998/998/855 1000/1000/857
f 1001/1001/858 1002/1002/859 998/998/855
f 1002/1002/859 999/999/856 998/998/855
f 1002/1002/859 1003/1003/860 999/999/856
f 1004/1004/861 982/982/839 981/981/838
f 1005/1005/862 982/982/839 1004/1004/861
f 1006/1006/863 1005/1005/862 1004/1004/861
f 1007/1007/864 1005/1005/862 1006/1006/863
f 1008/1008/865 1005/1005/862 1007/1007/864
f 1008/1008/865 1009/1009/866 1005/1005/862
f 1009/1009/866 982/982/839 1005/1005/862
f 1009/1009/866 983/983/840 982/982/839
f 1010/1010/867 983/983/840 1009/1009/866
f 1010/1010/867 988/988/845 983/983/840
f 1011/1011/868 1009/1009/866 1008/1008/865
f 1011/1011/868 1010/1010/867 1009/1009/866
f 1012/1012/869 1010/1010/867 1011/1011/868
f 1012/1012/869 1013/1013/870 1010/1010/867
f 1013/1013/870 988/988/845 1010/1010/867
f 1013/1013/870 989/989/846 988/988/845
f 1014/1014/871 989/989/846 1013/1013/870
f 1014/1014/871 994/994/851 989/989/846
f 1015/1015/872 1013/1013/870 1012/1012/869
f 1015/1015/872 1014/1014/871 1013/1013/870
f 1016/1016/873 1014/1014/871 1015/1015/872
f 1016/1016/873 1017/1017/874 1014/1014/871
f 1017/1017/874 994/994/851 1014/1014/871
f 1017/1017/874 995/995/852 994/994/851
f 1018/1018/875 995/995/852 1017/1017/874
f 1018/1018/875 1000/1000/857 995/995/852
f 1019/1019/876 1017/1017/874 1016/1016/873
f 1019/1019/876 1018/1018/875 1017/1017/874
f 1020/1020/877 1018/1018/875 1019/1019/876
f 1020/1020/877 1021/1021/878 1018/1018/875
f 1021/1021/878 1000/1000/857 1018/1018/875
f 1021/1021/878 1001/1001/858 1000/1000/857
f 1022/1022/879 1007/1007/864 1006/1006/863
f 1023/1023/880 1007/1007/864 1022/1022/879
f 1024/1024/881 1023/1023/880 1022/1022/879
f 1025/1025/882 1023/1023/880 1024/1024/881
f 1026/1026/883 1023/1023/880 1025/1025/882
f 1026/1026/883 1027/1027/884 1023/1023/880
f 1027/1027/884 1007/1007/864 1023/1023/880
f 1027/1027/884 1008/1008/865 1007/1007/864
f 1028/1028/885 1008/1008/865 1027/1027/884
f 1028/1028/885 1011/1011/868 1008/1008/865
f 1029/1029/886 1027/1027/884 1026/1026/883
f 1029/1029/886 1028/1028/885 1027/1027/884
f 1030/1030/887 1028/1028/885 1029/1029/886
f 1030/1030/887 1031/1031/888 1028/1028/885
f 1031/1031/888 1011/1011/868 1028/1028/885
f 1031/1031/888 1012/1012/869 1011/1011/868
f 1032/1032/889 1012/1012/869 1031/1031/888
f 1032/1032/889 1015/1015/872 1012/1012/869
f 1033/1033/890 1031/1031/888 1030/1030/887
f 1033/1033/890 1032/1032/889 1031/1031/888
f 1034/1034/891 1032/1032/889 1033/1033/890
f 1034/1034/891 1035/1035/892 1032/1032/889
f 1035/1035/892 1015/1015/872 1032/1032/889
f 1035/1035/892 1016/1016/873 1015/1015/872
f 1036/1036/893 1016/1016/873 1035/1035/892
f 1036/1036/893 1019/1019/876 1016/1016/873
f 1037/1037/894 1035/1035/892 1034/1034/891
f 1037/1037/894 1036/1036/893 1035/1035/892
f 1038/1038/895 1036/1036/893 1037/1037/894
f 1038/1038/895 1039/1039/896 1036/1036/893
f 1039/1039/896 1019/1019/876 1036/1036/893
f 1039/1039/896 1020/1020/877 1019/1019/876
f 1040/1040/897 1025/1025/882 1024/1024/881
f 1041/1041/898 1025/1025/882 1040/1040/897
f 883/883/657 1041/1041/898 1040/1040/897
f 764/764/656 1041/1041/898 883/883/657
f 1042/1042/655 1041/1041/898 764/764/656
f 1042/1042/655 1043/1043/899 1041/1041/898
f 1043/1043/899 1025/1025/882 1041/1041/898
f 1043/1043/899 1026/1026/883 1025/1025/882
f 1044/1044/900 1026/1026/883 1043/1043/899
f 1044/1044/900 1029/1029/886 1026/1026/883
f 1045/1045/673 1043/1043/899 1042/1042/655
f 1045/1045/673 1044/1044/900 1043/1043/899
f 782/782/672 1044/1044/900 1045/1045/673
f 782/782/672 1046/1046/901 1044/1044/900
f 1046/1046/901 1029/1029/886 1044/1044/900
f 1046/1046/901 1030/1030/887 1029/1029/886
f 1047/1047/902 1030/1030/887 1046/1046/901
f 1047/1047/902 1033/1033/890 1030/1030/887
f 800/800/689 1046/1046/901 782/782/672
f 800/800/689 1047/1047/902 1046/1046/901
f 1048/1048/688 1047/1047/902 800/800/689
f 1048/1048/688 1049/1049/903 1047/1047/902
f 1049/1049/903 1033/1033/890 1047/1047/902
f 1049/1049/903 1034/1034/891 1033/1033/890
f 1050/1050/904 1034/1034/891 1051/1051/903
f 1050/1050/904 1037/1037/894 1034/1034/891
f 820/820/705 1051/1051/903 1048/1048/688
f 820/820/705 1050/1050/904 1051/1051/903
f 1052/1052/704 1050/1050/904 820/820/705
f 1052/1052/704 1053/1053/905 1050/1050/904
f 1053/1053/905 1037/1037/894 1050/1050/904
f 1053/1053/905 1054/1054/895 1037/1037/894
f 1055/1055/835 1056/1056/906 1057/1057/836
f 1055/1055/835 1058/1058/907 1056/1056/906
f 1055/1055/835 1059/1059/908 1058/1058/907
f 1060/1060/842 1059/1059/908 1055/1055/835
f 1058/1058/907 1061/1061/909 1062/1062/910
f 1059/1059/908 1061/1061/909 1058/1058/907
f 1058/1058/907 1063/1063/911 1056/1056/906
f 1058/1058/907 1062/1062/910 1063/1063/911
f 1062/1062/910 1064/1064/912 1063/1063/911
f 1062/1062/910 1065/1065/913 1064/1064/912
f 1062/1062/910 1066/1066/914 1065/1065/913
f 1061/1061/909 1066/1066/914 1062/1062/910
f 1065/1065/913 1067/1067/915 1068/1068/916
f 1066/1066/914 1067/1067/915 1065/1065/913
f 1065/1065/913 1069/1069/917 1064/1064/912
f 1065/1065/913 1068/1068/916 1069/1069/917
f 1068/1068/916 1070/1070/918 1069/1069/917
f 1068/1068/916 1071/1071/919 1070/1070/918
f 1068/1068/916 1072/1072/920 1071/1071/919
f 1067/1067/915 1072/1072/920 1068/1068/916
f 1071/1071/919 1073/1073/921 1074/1074/922
f 1072/1072/920 1073/1073/921 1071/1071/919
f 1071/1071/919 1075/1075/923 1070/1070/918
f 1071/1071/919 1074/1074/922 1075/1075/923
f 1074/1074/922 1076/1076/924 1075/1075/923
f 1074/1074/922 1077/1077/925 1076/1076/924
f 1074/1074/922 1078/1078/926 1077/1077/925
f 1073/1073/921 1078/1078/926 1074/1074/922
f 1077/1077/925 68/68/68 1079/1079/67
f 1078/1078/926 68/68/68 1077/1077/925
f 1077/1077/925 66/66/66 1076/1076/924
f 1077/1077/925 1079/1079/67 66/66/66
f 1060/1060/842 1080/1080/927 1059/1059/908
f 1081/1081/844 1080/1080/927 1060/1060/842
f 1081/1081/844 1082/1082/928 1080/1080/927
f 1083/1083/848 1082/1082/928 1081/1081/844
f 1080/1080/927 1084/1084/929 1085/1085/930
f 1082/1082/928 1084/1084/929 1080/1080/927
f 1059/1059/908 1085/1085/930 1061/1061/909
f 1080/1080/927 1085/1085/930 1059/1059/908
f 1061/1061/909 1086/1086/931 1066/1066/914
f 1085/1085/930 1086/1086/931 1061/1061/909
f 1085/1085/930 1087/1087/932 1086/1086/931
f 1084/1084/929 1087/1087/932 1085/1085/930
f 1086/1086/931 1088/1088/933 1089/1089/934
f 1087/1087/932 1088/1088/933 1086/1086/931
f 1066/1066/914 1089/1089/934 1067/1067/915
f 1086/1086/931 1089/1089/934 1066/1066/914
f 1067/1067/915 1090/1090/935 1072/1072/920
f 1089/1089/934 1090/1090/935 1067/1067/915
f 1089/1089/934 1091/1091/936 1090/1090/935
f 1088/1088/933 1091/1091/936 1089/1089/934
f 1090/1090/935 1092/1092/937 1093/1093/938
f 1091/1091/936 1092/1092/937 1090/1090/935
f 1072/1072/920 1093/1093/938 1073/1073/921
f 1090/1090/935 1093/1093/938 1072/1072/920
f 1073/1073/921 1094/1094/939 1078/1078/926
f 1093/1093/938 1094/1094/939 1073/1073/921
f 1093/1093/938 1095/1095/940 1094/1094/939
f 1092/1092/937 1095/1095/940 1093/1093/938
f 1094/1094/939 72/72/72 1096/1096/71
f 1095/1095/940 72/72/72 1094/1094/939
f 1078/1078/926 1096/1096/71 68/68/68
f 1094/1094/939 1096/1096/71 1078/1078/926
f 1083/1083/848 1097/1097/941 1082/1082/928
f 1098/1098/850 1097/1097/941 1083/1083/848
f 1098/1098/850 1099/1099/942 1097/1097/941
f 1100/1100/854 1099/1099/942 1098/1098/850
f 1097/1097/941 1101/1101/943 1102/1102/944
f 1099/1099/942 1101/1101/943 1097/1097/941
f 1082/1082/928 1102/1102/944 1084/1084/929
f 1097/1097/941 1102/1102/944 1082/1082/928
f 1084/1084/929 1103/1103/945 1087/1087/932
f 1102/1102/944 1103/1103/945 1084/1084/929
f 1102/1102/944 1104/1104/946 1103/1103/945
f 1101/1101/943 1104/1104/946 1102/1102/944
f 1103/1103/945 1105/1105/947 1106/1106/948
f 1104/1104/946 1105/1105/947 1103/1103/945
f 1087/1087/932 1106/1106/948 1088/1088/933
f 1103/1103/945 1106/1106/948 1087/1087/932
f 1088/1088/933 1107/1107/949 1091/1091/936
f 1106/1106/948 1107/1107/949 1088/1088/933
f 1106/1106/948 1108/1108/950 1107/1107/949
f 1105/1105/947 1108/1108/950 1106/1106/948
f 1107/1107/949 1109/1109/951 1110/1110/952
f 1108/1108/950 1109/1109/951 1107/1107/949
f 1091/1091/936 1110/1110/952 1092/1092/937
f 1107/1107/949 1110/1110/952 1091/1091/936
f 1092/1092/937 1111/1111/953 1095/1095/940
f 1110/1110/952 1111/1111/953 1092/1092/937
f 1110/1110/952 1112/1112/954 1111/1111/953
f 1109/1109/951 1112/1112/954 1110/1110/952
f 1111/1111/953 83/83/76 1113/1113/75
f 1112/1112/954 83/83/76 1111/1111/953
f 1095/1095/940 1113/1113/75 72/72/72
f 1111/1111/953 1113/1113/75 1095/1095/940
f 1100/1100/854 1114/1114/955 1099/1099/942
f 1115/1115/856 1114/1114/955 1100/1100/854
f 1115/1115/856 1116/1116/956 1114/1114/955
f 1117/1117/860 1116/1116/956 1115/1115/856
f 1114/1114/955 1118/1118/957 1119/1119/958
f 1116/1116/956 1118/1118/957 1114/1114/955
f 1099/1099/942 1119/1119/958 1101/1101/943
f 1114/1114/955 1119/1119/958 1099/1099/942
f 1101/1101/943 1120/1120/959 1104/1104/946
f 1119/1119/958 1120/1120/959 1101/1101/943
f 1119/1119/958 1121/1121/960 1120/1120/959
f 1118/1118/957 1121/1121/960 1119/1119/958
f 1120/1120/959 1122/1122/961 1123/1123/962
f 1121/1121/960 1122/1122/961 1120/1120/959
f 1104/1104/946 1123/1123/962 1105/1105/947
f 1120/1120/959 1123/1123/962 1104/1104/946
f 1105/1105/947 1124/1124/963 1108/1108/950
f 1123/1123/962 1124/1124/963 1105/1105/947
f 1123/1123/962 1125/1125/964 1124/1124/963
f 1122/1122/961 1125/1125/964 1123/1123/962
f 1124/1124/963 1126/1126/965 1127/1127/966
f 1125/1125/964 1126/1126/965 1124/1124/963
f 1108/1108/950 1127/1127/966 1109/1109/951
f 1124/1124/963 1127/1127/966 1108/1108/950
f 1128/1128/951 1129/1129/967 1130/1130/954
f 1127/1127/966 1129/1129/967 1128/1128/951
f 1127/1127/966 1131/1131/968 1129/1129/967
f 1132/1132/965 1131/1131/968 1127/1127/966
f 1129/1129/967 1133/1133/80 1134/1134/79
f 1131/1131/968 1133/1133/80 1129/1129/967
f 1130/1130/954 1134/1134/79 1135/1135/76
f 1129/1129/967 1134/1134/79 1130/1130/954
f 1057/1057/836 1136/1136/969 1137/1137/970
f 1057/1057/836 1056/1056/906 1136/1136/969
f 1056/1056/906 1138/1138/971 1136/1136/969
f 1056/1056/906 1063/1063/911 1138/1138/971
f 1136/1136/969 1139/1139/972 1140/1140/973
f 1136/1136/969 1138/1138/971 1139/1139/972
f 1137/1137/970 1140/1140/973 1141/1141/974
f 1137/1137/970 1136/1136/969 1140/1140/973
f 1141/1141/974 1142/1142/975 1143/1143/976
f 1141/1141/974 1140/1140/973 1142/1142/975
f 1140/1140/973 1144/1144/977 1142/1142/975
f 1140/1140/973 1139/1139/972 1144/1144/977
f 1142/1142/975 1145/1145/978 1146/1146/979
f 1142/1142/975 1144/1144/977 1145/1145/978
f 1143/1143/976 1146/1146/979 1147/1147/980
f 1143/1143/976 1142/1142/975 1146/1146/979
f 1147/1147/980 1148/1148/981 1149/1149/982
f 1147/1147/980 1146/1146/979 1148/1148/981
f 1146/1146/979 1150/1150/983 1148/1148/981
f 1146/1146/979 1145/1145/978 1150/1150/983
f 1148/1148/981 1151/1151/984 1152/1152/985
f 1148/1148/981 1150/1150/983 1151/1151/984
f 1149/1149/982 1152/1152/985 1153/1153/986
f 1149/1149/982 1148/1148/981 1152/1152/985
f 1153/1153/986 1154/1154/987 1155/1155/988
f 1153/1153/986 1152/1152/985 1154/1154/987
f 1152/1152/985 1156/1156/989 1154/1154/987
f 1152/1152/985 1151/1151/984 1156/1156/989
f 1154/1154/987 1157/1157/990 1158/1158/991
f 1154/1154/987 1156/1156/989 1157/1157/990
f 1155/1155/988 1158/1158/991 1159/1159/992
f 1155/1155/988 1154/1154/987 1158/1158/991
f 1063/1063/911 1160/1160/993 1138/1138/971
f 1063/1063/911 1161/1161/912 1160/1160/993
f 1161/1161/912 1162/1162/994 1160/1160/993
f 1161/1161/912 1069/1069/917 1162/1162/994
f 1160/1160/993 1163/1163/995 1164/1164/996
f 1160/1160/993 1162/1162/994 1163/1163/995
f 1138/1138/971 1164/1164/996 1139/1139/972
f 1138/1138/971 1160/1160/993 1164/1164/996
f 1139/1139/972 1165/1165/997 1144/1144/977
f 1139/1139/972 1164/1164/996 1165/1165/997
f 1164/1164/996 1166/1166/998 1165/1165/997
f 1164/1164/996 1163/1163/995 1166/1166/998
f 1165/1165/997 1167/1167/999 1168/1168/1000
f 1165/1165/997 1166/1166/998 1167/1167/999
f 1144/1144/977 1168/1168/1000 1145/1145/978
f 1144/1144/977 1165/1165/997 1168/1168/1000
f 1145/1145/978 1169/1169/1001 1150/1150/983
f 1145/1145/978 1168/1168/1000 1169/1169/1001
f 1168/1168/1000 1170/1170/1002 1169/1169/1001
f 1168/1168/1000 1167/1167/999 1170/1170/1002
f 1169/1169/1001 1171/1171/1003 1172/1172/1004
f 1169/1169/1001 1170/1170/1002 1171/1171/1003
f 1150/1150/983 1172/1172/1004 1151/1151/984
f 1150/1150/983 1169/1169/1001 1172/1172/1004
f 1151/1151/984 1173/1173/1005 1156/1156/989
f 1151/1151/984 1172/1172/1004 1173/1173/1005
f 1172/1172/1004 1174/1174/1006 1173/1173/1005
f 1172/1172/1004 1171/1171/1003 1174/1174/1006
f 1173/1173/1005 1175/1175/1007 1176/1176/1008
f 1173/1173/1005 1174/1174/1006 1175/1175/1007
f 1156/1156/989 1176/1176/1008 1157/1157/990
f 1156/1156/989 1173/1173/1005 1176/1176/1008
f 1069/1069/917 1177/1177/1009 1162/1162/994
f 1069/1069/917 1178/1178/918 1177/1177/1009
f 1178/1178/918 1179/1179/1010 1177/1177/1009
f 1178/1178/918 1075/1075/923 1179/1179/1010
f 1177/1177/1009 1180/1180/1011 1181/1181/1012
f 1177/1177/1009 1179/1179/1010 1180/1180/1011
f 1162/1162/994 1181/1181/1012 1163/1163/995
f 1162/1162/994 1177/1177/1009 1181/1181/1012
f 1163/1163/995 1182/1182/1013 1166/1166/998
f 1163/1163/995 1181/1181/1012 1182/1182/1013
f 1181/1181/1012 1183/1183/1014 1182/1182/1013
f 1181/1181/1012 1180/1180/1011 1183/1183/1014
f 1182/1182/1013 1184/1184/1015 1185/1185/1016
f 1182/1182/1013 1183/1183/1014 1184/1184/1015
f 1166/1166/998 1185/1185/1016 1167/1167/999
f 1166/1166/998 1182/1182/1013 1185/1185/1016
f 1167/1167/999 1186/1186/1017 1170/1170/1002
f 1167/1167/999 1185/1185/1016 1186/1186/1017
f 1185/1185/1016 1187/1187/1018 1186/1186/1017
f 1185/1185/1016 1184/1184/1015 1187/1187/1018
f 1186/1186/1017 1188/1188/1019 1189/1189/1020
f 1186/1186/1017 1187/1187/1018 1188/1188/1019
f 1170/1170/1002 1189/1189/1020 1171/1171/1003
f 1170/1170/1002 1186/1186/1017 1189/1189/1020
f 1171/1171/1003 1190/1190/1021 1174/1174/1006
f 1171/1171/1003 1189/1189/1020 1190/1190/1021
f 1189/1189/1020 1191/1191/1022 1190/1190/1021
f 1189/1189/1020 1188/1188/1019 1191/1191/1022
f 1190/1190/1021 1192/1192/1023 1193/1193/1024
f 1190/1190/1021 1191/1191/1022 1192/1192/1023
f 1174/1174/1006 1193/1193/1024 1175/1175/1007
f 1174/1174/1006 1190/1190/1021 1193/1193/1024
f 1075/1075/923 1194/1194/1025 1179/1179/1010
f 1075/1075/923 1195/1195/924 1194/1194/1025
f 1195/1195/924 1196/1196/241 1194/1194/1025
f 1195/1195/924 66/66/66 1196/1196/241
f 1194/1194/1025 1197/1197/240 1198/1198/1026
f 1194/1194/1025 1196/1196/241 1197/1197/240
f 1179/1179/1010 1198/1198/1026 1180/1180/1011
f 1179/1179/1010 1194/1194/1025 1198/1198/1026
f 1180/1180/1011 1199/1199/1027 1183/1183/1014
f 1180/1180/1011 1198/1198/1026 1199/1199/1027
f 1198/1198/1026 1200/1200/257 1199/1199/1027
f 1198/1198/1026 1197/1197/240 1200/1200/257
f 1199/1199/1027 288/288/256 1201/1201/1028
f 1199/1199/1027 1200/1200/257 288/288/256
f 1183/1183/1014 1201/1201/1028 1184/1184/1015
f 1183/1183/1014 1199/1199/1027 1201/1201/1028
f 1184/1184/1015 1202/1202/1029 1187/1187/1018
f 1184/1184/1015 1201/1201/1028 1202/1202/1029
f 1201/1201/1028 1203/1203/273 1202/1202/1029
f 1201/1201/1028 288/288/256 1203/1203/273
f 1202/1202/1029 306/306/272 1204/1204/1030
f 1202/1202/1029 1203/1203/273 306/306/272
f 1187/1187/1018 1204/1204/1030 1188/1188/1019
f 1187/1187/1018 1202/1202/1029 1204/1204/1030
f 1205/1205/1019 1206/1206/1031 1207/1207/1022
f 1205/1205/1019 1208/1208/1030 1206/1206/1031
f 1208/1208/1030 327/327/289 1206/1206/1031
f 1208/1208/1030 1209/1209/272 327/327/289
f 1206/1206/1031 326/326/288 1210/1210/1032
f 1206/1206/1031 327/327/289 326/326/288
f 1207/1207/1022 1210/1210/1032 1192/1192/1023
f 1207/1207/1022 1206/1206/1031 1210/1210/1032
f 1211/1211/1033 1212/1212/836 1213/1213/970
f 1214/1214/834 1212/1212/836 1211/1211/1033
f 1215/1215/1034 1213/1213/970 1216/1216/974
f 1211/1211/1033 1213/1213/970 1215/1215/1034
f 1217/1217/1035 1211/1211/1033 1215/1215/1034
f 1218/1218/1036 1211/1211/1033 1217/1217/1035
f 1218/1218/1036 1214/1214/834 1211/1211/1033
f 1219/1219/838 1214/1214/834 1218/1218/1036
f 1220/1220/1037 1219/1219/838 1218/1218/1036
f 1221/1221/861 1219/1219/838 1220/1220/1037
f 1222/1222/1038 1218/1218/1036 1217/1217/1035
f 1220/1220/1037 1218/1218/1036 1222/1222/1038
f 1223/1223/1039 1220/1220/1037 1222/1222/1038
f 1224/1224/1040 1220/1220/1037 1223/1223/1039
f 1224/1224/1040 1221/1221/861 1220/1220/1037
f 1225/1225/863 1221/1221/861 1224/1224/1040
f 1226/1226/1041 1225/1225/863 1224/1224/1040
f 1227/1227/879 1225/1225/863 1226/1226/1041
f 1228/1228/1042 1224/1224/1040 1223/1223/1039
f 1226/1226/1041 1224/1224/1040 1228/1228/1042
f 1229/1229/1043 1226/1226/1041 1228/1228/1042
f 1230/1230/1044 1226/1226/1041 1229/1229/1043
f 1230/1230/1044 1227/1227/879 1226/1226/1041
f 1231/1231/881 1227/1227/879 1230/1230/1044
f 1232/1232/1045 1231/1231/881 1230/1230/1044
f 1233/1233/897 1231/1231/881 1232/1232/1045
f 1234/1234/1046 1230/1230/1044 1229/1229/1043
f 1232/1232/1045 1230/1230/1044 1234/1234/1046
f 884/884/764 1232/1232/1045 1234/1234/1046
f 1235/1235/763 1232/1232/1045 884/884/764
f 1235/1235/763 1233/1233/897 1232/1232/1045
f 883/883/657 1233/1233/897 1235/1235/763
f 1236/1236/1047 1216/1216/974 1237/1237/976
f 1215/1215/1034 1216/1216/974 1236/1236/1047
f 1238/1238/1048 1237/1237/976 1239/1239/980
f 1236/1236/1047 1237/1237/976 1238/1238/1048
f 1240/1240/1049 1236/1236/1047 1238/1238/1048
f 1241/1241/1050 1236/1236/1047 1240/1240/1049
f 1241/1241/1050 1215/1215/1034 1236/1236/1047
f 1217/1217/1035 1215/1215/1034 1241/1241/1050
f 1242/1242/1051 1217/1217/1035 1241/1241/1050
f 1222/1222/1038 1217/1217/1035 1242/1242/1051
f 1243/1243/1052 1241/1241/1050 1240/1240/1049
f 1242/1242/1051 1241/1241/1050 1243/1243/1052
f 1244/1244/1053 1242/1242/1051 1243/1243/1052
f 1245/1245/1054 1242/1242/1051 1244/1244/1053
f 1245/1245/1054 1222/1222/1038 1242/1242/1051
f 1223/1223/1039 1222/1222/1038 1245/1245/1054
f 1246/1246/1055 1223/1223/1039 1245/1245/1054
f 1228/1228/1042 1223/1223/1039 1246/1246/1055
f 1247/1247/1056 1245/1245/1054 1244/1244/1053
f 1246/1246/1055 1245/1245/1054 1247/1247/1056
f 1248/1248/1057 1246/1246/1055 1247/1247/1056
f 1249/1249/1058 1246/1246/1055 1248/1248/1057
f 1249/1249/1058 1228/1228/1042 1246/1246/1055
f 1229/1229/1043 1228/1228/1042 1249/1249/1058
f 1250/1250/1059 1229/1229/1043 1249/1249/1058
f 1234/1234/1046 1229/1229/1043 1250/1250/1059
f 1251/1251/1060 1249/1249/1058 1248/1248/1057
f 1250/1250/1059 1249/1249/1058 1251/1251/1060
f 1252/1252/768 1250/1250/1059 1251/1251/1060
f 1253/1253/767 1250/1250/1059 1252/1252/768
f 1253/1253/767 1234/1234/1046 1250/1250/1059
f 884/884/764 1234/1234/1046 1253/1253/767
f 1254/1254/1061 1239/1239/980 1255/1255/982
f 1238/1238/1048 1239/1239/980 1254/1254/1061
f 1256/1256/1062 1255/1255/982 1257/1257/986
f 1254/1254/1061 1255/1255/982 1256/1256/1062
f 1258/1258/1063 1254/1254/1061 1256/1256/1062
f 1259/1259/1064 1254/1254/1061 1258/1258/1063
f 1259/1259/1064 1238/1238/1048 1254/1254/1061
f 1240/1240/1049 1238/1238/1048 1259/1259/1064
f 1260/1260/1065 1240/1240/1049 1259/1259/1064
f 1243/1243/1052 1240/1240/1049 1260/1260/1065
f 1261/1261/1066 1259/1259/1064 1258/1258/1063
f 1260/1260/1065 1259/1259/1064 1261/1261/1066
f 1262/1262/1067 1260/1260/1065 1261/1261/1066
f 1263/1263/1068 1260/1260/1065 1262/1262/1067
f 1263/1263/1068 1243/1243/1052 1260/1260/1065
f 1244/1244/1053 1243/1243/1052 1263/1263/1068
f 1264/1264/1069 1244/1244/1053 1263/1263/1068
f 1247/1247/1056 1244/1244/1053 1264/1264/1069
f 1265/1265/1070 1263/1263/1068 1262/1262/1067
f 1264/1264/1069 1263/1263/1068 1265/1265/1070
f 1266/1266/1071 1264/1264/1069 1265/1265/1070
f 1267/1267/1072 1264/1264/1069 1266/1266/1071
f 1267/1267/1072 1247/1247/1056 1264/1264/1069
f 1248/1248/1057 1247/1247/1056 1267/1267/1072
f 1268/1268/1073 1248/1248/1057 1267/1267/1072
f 1251/1251/1060 1248/1248/1057 1268/1268/1073
f 1269/1269/1074 1267/1267/1072 1266/1266/1071
f 1268/1268/1073 1267/1267/1072 1269/1269/1074
f 1270/1270/772 1268/1268/1073 1269/1269/1074
f 1271/1271/771 1268/1268/1073 1270/1270/772
f 1271/1271/771 1251/1251/1060 1268/1268/1073
f 1252/1252/768 1251/1251/1060 1271/1271/771
f 1272/1272/1075 1257/1257/986 1155/1155/988
f 1256/1256/1062 1257/1257/986 1272/1272/1075
f 1273/1273/1076 1155/1155/988 1159/1159/992
f 1272/1272/1075 1155/1155/988 1273/1273/1076
f 1274/1274/1077 1272/1272/1075 1273/1273/1076
f 1275/1275/1078 1272/1272/1075 1274/1274/1077
f 1275/1275/1078 1256/1256/1062 1272/1272/1075
f 1258/1258/1063 1256/1256/1062 1275/1275/1078
f 1276/1276/1079 1258/1258/1063 1275/1275/1078
f 1261/1261/1066 1258/1258/1063 1276/1276/1079
f 1277/1277/1080 1275/1275/1078 1274/1274/1077
f 1276/1276/1079 1275/1275/1078 1277/1277/1080
f 1278/1278/1081 1276/1276/1079 1277/1277/1080
f 1279/1279/1082 1276/1276/1079 1278/1278/1081
f 1279/1279/1082 1261/1261/1066 1276/1276/1079
f 1262/1262/1067 1261/1261/1066 1279/1279/1082
f 1280/1280/1083 1262/1262/1067 1279/1279/1082
f 1265/1265/1070 1262/1262/1067 1280/1280/1083
f 1281/1281/1084 1279/1279/1082 1278/1278/1081
f 1280/1280/1083 1279/1279/1082 1281/1281/1084
f 1282/1282/1085 1280/1280/1083 1281/1281/1084
f 1283/1283/1086 1280/1280/1083 1282/1282/1085
f 1283/1283/1086 1265/1265/1070 1280/1280/1083
f 1266/1266/1071 1265/1265/1070 1283/1283/1086
f 1284/1284/1087 1285/1285/1071 1283/1283/1086
f 1286/1286/1074 1285/1285/1071 1284/1284/1087
f 1287/1287/1088 1283/1283/1086 1282/1282/1085
f 1284/1284/1087 1283/1283/1086 1287/1287/1088
f 899/899/776 1284/1284/1087 1287/1287/1088
f 1288/1288/775 1284/1284/1087 899/899/776
f 1288/1288/775 1286/1286/1074 1284/1284/1087
f 898/898/772 1286/1286/1074 1288/1288/775
f 1289/1289/1089 1290/1290/1090 1291/1291/1091
f 1292/1292/1092 1290/1290/1090 1289/1289/1089
f 1293/1293/1093 1292/1292/1092 1289/1289/1089
f 1293/1293/1093 1294/1294/1094 1292/1292/1092
f 1294/1294/1094 1295/1295/1095 1292/1292/1092
f 1296/1296/1096 1295/1295/1095 1294/1294/1094
f 1292/1292/1092 1297/1297/1097 1290/1290/1090
f 1295/1295/1095 1297/1297/1097 1292/1292/1092
f 1295/1295/1095 1298/1298/1098 1297/1297/1097
f 1299/1299/1099 1298/1298/1098 1295/1295/1095
f 1296/1296/1096 1299/1299/1099 1295/1295/1095
f 1300/1300/1100 1299/1299/1099 1296/1296/1096
f 1300/1300/1100 1301/1301/1101 1299/1299/1099
f 1302/1302/1102 1301/1301/1101 1300/1300/1100
f 1299/1299/1099 1303/1303/1103 1298/1298/1098
f 1301/1301/1101 1303/1303/1103 1299/1299/1099
f 1301/1301/1101 1304/1304/1104 1303/1303/1103
f 1305/1305/1105 1304/1304/1104 1301/1301/1101
f 1302/1302/1102 1305/1305/1105 1301/1301/1101
f 1306/1306/1106 1305/1305/1105 1302/1302/1102
f 1306/1306/1106 1307/1307/1107 1305/1305/1105
f 1308/1308/1108 1307/1307/1107 1306/1306/1106
f 1305/1305/1105 1309/1309/1109 1304/1304/1104
f 1307/1307/1107 1309/1309/1109 1305/1305/1105
f 1307/1307/1107 1310/1310/1110 1309/1309/1109
f 1311/1311/1111 1310/1310/1110 1307/1307/1107
f 1308/1308/1108 1311/1311/1111 1307/1307/1107
f 1312/1312/1112 1311/1311/1111 1308/1308/1108
f 1312/1312/1112 1313/1313/275 1311/1311/1111
f 1314/1314/276 1313/1313/275 1312/1312/1112
f 1311/1311/1111 1315/1315/177 1310/1310/1110
f 1313/1313/275 1315/1315/177 1311/1311/1111
f 1316/1316/1113 1294/1294/1094 1293/1293/1093
f 1316/1316/1113 1317/1317/1114 1294/1294/1094
f 1318/1318/1115 1317/1317/1114 1316/1316/1113
f 1318/1318/1115 1319/1319/1116 1317/1317/1114
f 1319/1319/1116 1320/1320/1117 1317/1317/1114
f 1319/1319/1116 1321/1321/1118 1320/1320/1117
f 1317/1317/1114 1296/1296/1096 1294/1294/1094
f 1317/1317/1114 1320/1320/1117 1296/1296/1096
f 1320/1320/1117 1300/1300/1100 1296/1296/1096
f 1322/1322/1119 1300/1300/1100 1320/1320/1117
f 1321/1321/1118 1322/1322/1119 1320/1320/1117
f 1321/1321/1118 1323/1323/1120 1322/1322/1119
f 1323/1323/1120 1324/1324/1121 1322/1322/1119
f 1325/1325/1122 1324/1324/1121 1323/1323/1120
f 1322/1322/1119 1302/1302/1102 1300/1300/1100
f 1324/1324/1121 1302/1302/1102 1322/1322/1119
f 1324/1324/1121 1306/1306/1106 1302/1302/1102
f 1326/1326/1123 1306/1306/1106 1324/1324/1121
f 1325/1325/1122 1326/1326/1123 1324/1324/1121
f 1327/1327/1124 1326/1326/1123 1325/1325/1122
f 1327/1327/1124 1328/1328/1125 1326/1326/1123
f 1329/1329/1126 1328/1328/1125 1327/1327/1124
f 1326/1326/1123 1308/1308/1108 1306/1306/1106
f 1328/1328/1125 1308/1308/1108 1326/1326/1123
f 1328/1328/1125 1312/1312/1112 1308/1308/1108
f 1330/1330/1127 1312/1312/1112 1328/1328/1125
f 1329/1329/1126 1330/1330/1127 1328/1328/1125
f 1331/1331/1128 1330/1330/1127 1329/1329/1126
f 1331/1331/1128 1332/1332/279 1330/1330/1127
f 1333/1333/280 1332/1332/279 1331/1331/1128
f 1330/1330/1127 1314/1314/276 1312/1312/1112
f 1332/1332/279 1314/1314/276 1330/1330/1127
f 1334/1334/1129 1319/1319/1116 1318/1318/1115
f 1334/1334/1129 1335/1335/1130 1319/1319/1116
f 1336/1336/1131 1335/1335/1130 1334/1334/1129
f 1336/1336/1131 1337/1337/1132 1335/1335/1130
f 1337/1337/1132 1338/1338/1133 1335/1335/1130
f 1337/1337/1132 1339/1339/1134 1338/1338/1133
f 1335/1335/1130 1321/1321/1118 1319/1319/1116
f 1335/1335/1130 1338/1338/1133 1321/1321/1118
f 1338/1338/1133 1323/1323/1120 1321/1321/1118
f 1338/1338/1133 1340/1340/1135 1323/1323/1120
f 1339/1339/1134 1340/1340/1135 1338/1338/1133
f 1339/1339/1134 1341/1341/1136 1340/1340/1135
f 1341/1341/1136 1342/1342/1137 1340/1340/1135
f 1341/1341/1136 1343/1343/1138 1342/1342/1137
f 1340/1340/1135 1325/1325/1122 1323/1323/1120
f 1340/1340/1135 1342/1342/1137 1325/1325/1122
f 1342/1342/1137 1327/1327/1124 1325/1325/1122
f 1342/1342/1137 1344/1344/1139 1327/1327/1124
f 1343/1343/1138 1344/1344/1139 1342/1342/1137
f 1343/1343/1138 1345/1345/1140 1344/1344/1139
f 1345/1345/1140 1346/1346/1141 1344/1344/1139
f 1347/1347/1142 1346/1346/1141 1345/1345/1140
f 1344/1344/1139 1329/1329/1126 1327/1327/1124
f 1346/1346/1141 1329/1329/1126 1344/1344/1139
f 1346/1346/1141 1331/1331/1128 1329/1329/1126
f 1348/1348/1143 1331/1331/1128 1346/1346/1141
f 1347/1347/1142 1348/1348/1143 1346/1346/1141
f 1349/1349/1144 1348/1348/1143 1347/1347/1142
f 1349/1349/1144 1350/1350/283 1348/1348/1143
f 1351/1351/284 1350/1350/283 1349/1349/1144
f 1348/1348/1143 1333/1333/280 1331/1331/1128
f 1350/1350/283 1333/1333/280 1348/1348/1143
f 1352/1352/1145 1337/1337/1132 1336/1336/1131
f 1352/1352/1145 1353/1353/1146 1337/1337/1132
f 1354/1354/992 1353/1353/1146 1352/1352/1145
f 1354/1354/992 1355/1355/991 1353/1353/1146
f 1355/1355/991 1356/1356/1147 1353/1353/1146
f 1355/1355/991 1357/1357/990 1356/1356/1147
f 1353/1353/1146 1339/1339/1134 1337/1337/1132
f 1353/1353/1146 1356/1356/1147 1339/1339/1134
f 1356/1356/1147 1341/1341/1136 1339/1339/1134
f 1356/1356/1147 1358/1358/1148 1341/1341/1136
f 1357/1357/990 1358/1358/1148 1356/1356/1147
f 1357/1357/990 1359/1359/1008 1358/1358/1148
f 1359/1359/1008 1360/1360/1149 1358/1358/1148
f 1359/1359/1008 1361/1361/1007 1360/1360/1149
f 1358/1358/1148 1343/1343/1138 1341/1341/1136
f 1358/1358/1148 1360/1360/1149 1343/1343/1138
f 1360/1360/1149 1345/1345/1140 1343/1343/1138
f 1360/1360/1149 1362/1362/1150 1345/1345/1140
f 1361/1361/1007 1362/1362/1150 1360/1360/1149
f 1361/1361/1007 1363/1363/1024 1362/1362/1150
f 1363/1363/1024 1364/1364/1151 1362/1362/1150
f 1363/1363/1024 1365/1365/1023 1364/1364/1151
f 1362/1362/1150 1347/1347/1142 1345/1345/1140
f 1362/1362/1150 1364/1364/1151 1347/1347/1142
f 1366/1366/1151 1349/1349/1144 1367/1367/1142
f 1366/1366/1151 1368/1368/1152 1349/1349/1144
f 1369/1369/1023 1368/1368/1152 1366/1366/1151
f 1369/1369/1023 1370/1370/1032 1368/1368/1152
f 1370/1370/1032 1371/1371/287 1368/1368/1152
f 1372/1372/288 1371/1371/287 1370/1370/1032
f 1368/1368/1152 1351/1351/284 1349/1349/1144
f 1371/1371/287 1351/1351/284 1368/1368/1152
f 1373/1373/1090 1374/1374/1153 1291/1291/1091
f 1375/1375/1154 1374/1374/1153 1373/1373/1090
f 1376/1376/1097 1375/1375/1154 1373/1373/1090
f 1376/1376/1097 1377/1377/1155 1375/1375/1154
f 1377/1377/1155 1378/1378/1156 1375/1375/1154
f 1379/1379/1157 1378/1378/1156 1377/1377/1155
f 1375/1375/1154 1380/1380/1158 1374/1374/1153
f 1378/1378/1156 1380/1380/1158 1375/1375/1154
f 1378/1378/1156 1381/1381/1159 1380/1380/1158
f 1382/1382/1160 1381/1381/1159 1378/1378/1156
f 1379/1379/1157 1382/1382/1160 1378/1378/1156
f 1383/1383/1161 1382/1382/1160 1379/1379/1157
f 1383/1383/1161 1384/1384/1162 1382/1382/1160
f 1385/1385/1163 1384/1384/1162 1383/1383/1161
f 1382/1382/1160 1386/1386/1164 1381/1381/1159
f 1384/1384/1162 1386/1386/1164 1382/1382/1160
f 1384/1384/1162 1387/1387/1165 1386/1386/1164
f 1388/1388/1166 1387/1387/1165 1384/1384/1162
f 1385/1385/1163 1388/1388/1166 1384/1384/1162
f 1389/1389/1167 1388/1388/1166 1385/1385/1163
f 1389/1389/1167 1390/1390/1168 1388/1388/1166
f 1391/1391/1169 1390/1390/1168 1389/1389/1167
f 1388/1388/1166 1392/1392/1170 1387/1387/1165
f 1390/1390/1168 1392/1392/1170 1388/1388/1166
f 1390/1390/1168 1393/1393/1171 1392/1392/1170
f 1394/1394/1172 1393/1393/1171 1390/1390/1168
f 1391/1391/1169 1394/1394/1172 1390/1390/1168
f 1395/1395/1173 1394/1394/1172 1391/1391/1169
f 1395/1395/1173 1396/1396/549 1394/1394/1172
f 1397/1397/550 1396/1396/549 1395/1395/1173
f 1394/1394/1172 1398/1398/457 1393/1393/1171
f 1396/1396/549 1398/1398/457 1394/1394/1172
f 1298/1298/1098 1377/1377/1155 1376/1376/1097
f 1298/1298/1098 1399/1399/1174 1377/1377/1155
f 1303/1303/1103 1399/1399/1174 1298/1298/1098
f 1303/1303/1103 1400/1400/1175 1399/1399/1174
f 1400/1400/1175 1401/1401/1176 1399/1399/1174
f 1400/1400/1175 1402/1402/1177 1401/1401/1176
f 1399/1399/1174 1379/1379/1157 1377/1377/1155
f 1399/1399/1174 1401/1401/1176 1379/1379/1157
f 1401/1401/1176 1383/1383/1161 1379/1379/1157
f 1403/1403/1178 1383/1383/1161 1401/1401/1176
f 1402/1402/1177 1403/1403/1178 1401/1401/1176
f 1402/1402/1177 1404/1404/1179 1403/1403/1178
f 1404/1404/1179 1405/1405/1180 1403/1403/1178
f 1404/1404/1179 1406/1406/1181 1405/1405/1180
f 1403/1403/1178 1385/1385/1163 1383/1383/1161
f 1405/1405/1180 1385/1385/1163 1403/1403/1178
f 1405/1405/1180 1389/1389/1167 1385/1385/1163
f 1407/1407/1182 1389/1389/1167 1405/1405/1180
f 1406/1406/1181 1407/1407/1182 1405/1405/1180
f 1408/1408/1183 1407/1407/1182 1406/1406/1181
f 1408/1408/1183 1409/1409/1184 1407/1407/1182
f 1410/1410/1185 1409/1409/1184 1408/1408/1183
f 1407/1407/1182 1391/1391/1169 1389/1389/1167
f 1409/1409/1184 1391/1391/1169 1407/1407/1182
f 1409/1409/1184 1395/1395/1173 1391/1391/1169
f 1411/1411/1186 1395/1395/1173 1409/1409/1184
f 1410/1410/1185 1411/1411/1186 1409/1409/1184
f 1412/1412/1187 1411/1411/1186 1410/1410/1185
f 1412/1412/1187 1413/1413/553 1411/1411/1186
f 1414/1414/554 1413/1413/553 1412/1412/1187
f 1411/1411/1186 1397/1397/550 1395/1395/1173
f 1413/1413/553 1397/1397/550 1411/1411/1186
f 1415/1415/1104 1400/1400/1175 1303/1303/1103
f 1415/1415/1104 1416/1416/1188 1400/1400/1175
f 1417/1417/1109 1416/1416/1188 1415/1415/1104
f 1417/1417/1109 1418/1418/1189 1416/1416/1188
f 1418/1418/1189 1419/1419/1190 1416/1416/1188
f 1418/1418/1189 1420/1420/1191 1419/1419/1190
f 1416/1416/1188 1402/1402/1177 1400/1400/1175
f 1416/1416/1188 1419/1419/1190 1402/1402/1177
f 1419/1419/1190 1404/1404/1179 1402/1402/1177
f 1419/1419/1190 1421/1421/1192 1404/1404/1179
f 1420/1420/1191 1421/1421/1192 1419/1419/1190
f 1420/1420/1191 1422/1422/1193 1421/1421/1192
f 1422/1422/1193 1423/1423/1194 1421/1421/1192
f 1422/1422/1193 1424/1424/1195 1423/1423/1194
f 1421/1421/1192 1406/1406/1181 1404/1404/1179
f 1421/1421/1192 1423/1423/1194 1406/1406/1181
f 1423/1423/1194 1408/1408/1183 1406/1406/1181
f 1423/1423/1194 1425/1425/1196 1408/1408/1183
f 1424/1424/1195 1425/1425/1196 1423/1423/1194
f 1424/1424/1195 1426/1426/1197 1425/1425/1196
f 1426/1426/1197 1427/1427/1198 1425/1425/1196
f 1428/1428/1199 1427/1427/1198 1426/1426/1197
f 1425/1425/1196 1410/1410/1185 1408/1408/1183
f 1427/1427/1198 1410/1410/1185 1425/1425/1196
f 1429/1429/1198 1430/1430/1187 1431/1431/1185
f 1432/1432/1200 1430/1430/1187 1429/1429/1198
f 1433/1433/1199 1432/1432/1200 1429/1429/1198
f 1434/1434/1201 1432/1432/1200 1433/1433/1199
f 1434/1434/1201 1435/1435/557 1432/1432/1200
f 1436/1436/558 1435/1435/557 1434/1434/1201
f 1432/1432/1200 1437/1437/554 1430/1430/1187
f 1435/1435/557 1437/1437/554 1432/1432/1200
f 1310/1310/1110 1418/1418/1189 1417/1417/1109
f 1310/1310/1110 1438/1438/1202 1418/1418/1189
f 1315/1315/177 1438/1438/1202 1310/1310/1110
f 1315/1315/177 1439/1439/176 1438/1438/1202
f 1439/1439/176 1440/1440/1203 1438/1438/1202
f 1439/1439/176 1441/1441/175 1440/1440/1203
f 1438/1438/1202 1420/1420/1191 1418/1418/1189
f 1438/1438/1202 1440/1440/1203 1420/1420/1191
f 1440/1440/1203 1422/1422/1193 1420/1420/1191
f 1440/1440/1203 1442/1442/1204 1422/1422/1193
f 1441/1441/175 1442/1442/1204 1440/1440/1203
f 1441/1441/175 1443/1443/193 1442/1442/1204
f 1443/1443/193 1444/1444/1205 1442/1442/1204
f 1443/1443/193 1445/1445/192 1444/1444/1205
f 1442/1442/1204 1424/1424/1195 1422/1422/1193
f 1442/1442/1204 1444/1444/1205 1424/1424/1195
f 1444/1444/1205 1426/1426/1197 1424/1424/1195
f 1444/1444/1205 1446/1446/1206 1426/1426/1197
f 1445/1445/192 1446/1446/1206 1444/1444/1205
f 1445/1445/192 1447/1447/209 1446/1446/1206
f 1447/1447/209 1448/1448/1207 1446/1446/1206
f 1447/1447/209 1449/1449/208 1448/1448/1207
f 1446/1446/1206 1428/1428/1199 1426/1426/1197
f 1446/1446/1206 1448/1448/1207 1428/1428/1199
f 1450/1450/1207 1434/1434/1201 1433/1433/1199
f 1450/1450/1207 1451/1451/1208 1434/1434/1201
f 1449/1449/208 1451/1451/1208 1450/1450/1207
f 1449/1449/208 1452/1452/225 1451/1451/1208
f 1452/1452/225 1453/1453/561 1451/1451/1208
f 1454/1454/224 1453/1453/561 1452/1452/225
f 1451/1451/1208 1455/1455/558 1434/1434/1201
f 1453/1453/561 1455/1455/558 1451/1451/1208
f 1456/1456/1153 1457/1457/1209 1291/1291/1091
f 1458/1458/1210 1457/1457/1209 1456/1456/1153
f 1459/1459/1158 1458/1458/1210 1456/1456/1153
f 1459/1459/1158 1460/1460/1211 1458/1458/1210
f 1460/1460/1211 1461/1461/1212 1458/1458/1210
f 1462/1462/1213 1461/1461/1212 1460/1460/1211
f 1458/1458/1210 1463/1463/1214 1457/1457/1209
f 1461/1461/1212 1463/1463/1214 1458/1458/1210
f 1461/1461/1212 1464/1464/1215 1463/1463/1214
f 1465/1465/1216 1464/1464/1215 1461/1461/1212
f 1462/1462/1213 1465/1465/1216 1461/1461/1212
f 1466/1466/1217 1465/1465/1216 1462/1462/1213
f 1466/1466/1217 1467/1467/1218 1465/1465/1216
f 1468/1468/1219 1467/1467/1218 1466/1466/1217
f 1465/1465/1216 1469/1469/1220 1464/1464/1215
f 1467/1467/1218 1469/1469/1220 1465/1465/1216
f 1467/1467/1218 1470/1470/1221 1469/1469/1220
f 1471/1471/1222 1470/1470/1221 1467/1467/1218
f 1468/1468/1219 1471/1471/1222 1467/1467/1218
f 1472/1472/1223 1471/1471/1222 1468/1468/1219
f 1472/1472/1223 1473/1473/1224 1471/1471/1222
f 1474/1474/1225 1473/1473/1224 1472/1472/1223
f 1471/1471/1222 1475/1475/1226 1470/1470/1221
f 1473/1473/1224 1475/1475/1226 1471/1471/1222
f 1473/1473/1224 1476/1476/1227 1475/1475/1226
f 1477/1477/1228 1476/1476/1227 1473/1473/1224
f 1474/1474/1225 1477/1477/1228 1473/1473/1224
f 1478/1478/1229 1477/1477/1228 1474/1474/1225
f 1478/1478/1229 1479/1479/821 1477/1477/1228
f 1480/1480/822 1479/1479/821 1478/1478/1229
f 1477/1477/1228 1481/1481/729 1476/1476/1227
f 1479/1479/821 1481/1481/729 1477/1477/1228
f 1482/1482/1159 1460/1460/1211 1459/1459/1158
f 1482/1482/1159 1483/1483/1230 1460/1460/1211
f 1386/1386/1164 1483/1483/1230 1482/1482/1159
f 1386/1386/1164 1484/1484/1231 1483/1483/1230
f 1484/1484/1231 1485/1485/1232 1483/1483/1230
f 1484/1484/1231 1486/1486/1233 1485/1485/1232
f 1483/1483/1230 1462/1462/1213 1460/1460/1211
f 1483/1483/1230 1485/1485/1232 1462/1462/1213
f 1485/1485/1232 1466/1466/1217 1462/1462/1213
f 1485/1485/1232 1487/1487/1234 1466/1466/1217
f 1486/1486/1233 1487/1487/1234 1485/1485/1232
f 1486/1486/1233 1488/1488/1235 1487/1487/1234
f 1488/1488/1235 1489/1489/1236 1487/1487/1234
f 1488/1488/1235 1490/1490/1237 1489/1489/1236
f 1487/1487/1234 1468/1468/1219 1466/1466/1217
f 1489/1489/1236 1468/1468/1219 1487/1487/1234
f 1489/1489/1236 1472/1472/1223 1468/1468/1219
f 1491/1491/1238 1472/1472/1223 1489/1489/1236
f 1490/1490/1237 1491/1491/1238 1489/1489/1236
f 1492/1492/1239 1491/1491/1238 1490/1490/1237
f 1492/1492/1239 1493/1493/1240 1491/1491/1238
f 1494/1494/1241 1493/1493/1240 1492/1492/1239
f 1491/1491/1238 1474/1474/1225 1472/1472/1223
f 1493/1493/1240 1474/1474/1225 1491/1491/1238
f 1493/1493/1240 1478/1478/1229 1474/1474/1225
f 1495/1495/1242 1478/1478/1229 1493/1493/1240
f 1494/1494/1241 1495/1495/1242 1493/1493/1240
f 1496/1496/1243 1495/1495/1242 1494/1494/1241
f 1496/1496/1243 1497/1497/825 1495/1495/1242
f 1498/1498/826 1497/1497/825 1496/1496/1243
f 1495/1495/1242 1480/1480/822 1478/1478/1229
f 1497/1497/825 1480/1480/822 1495/1495/1242
f 1499/1499/1165 1484/1484/1231 1386/1386/1164
f 1499/1499/1165 1500/1500/1244 1484/1484/1231
f 1392/1392/1170 1500/1500/1244 1499/1499/1165
f 1392/1392/1170 1501/1501/1245 1500/1500/1244
f 1501/1501/1245 1502/1502/1246 1500/1500/1244
f 1501/1501/1245 1503/1503/1247 1502/1502/1246
f 1500/1500/1244 1486/1486/1233 1484/1484/1231
f 1500/1500/1244 1502/1502/1246 1486/1486/1233
f 1502/1502/1246 1488/1488/1235 1486/1486/1233
f 1502/1502/1246 1504/1504/1248 1488/1488/1235
f 1503/1503/1247 1504/1504/1248 1502/1502/1246
f 1503/1503/1247 1505/1505/1249 1504/1504/1248
f 1505/1505/1249 1506/1506/1250 1504/1504/1248
f 1505/1505/1249 1507/1507/1251 1506/1506/1250
f 1504/1504/1248 1490/1490/1237 1488/1488/1235
f 1504/1504/1248 1506/1506/1250 1490/1490/1237
f 1506/1506/1250 1492/1492/1239 1490/1490/1237
f 1506/1506/1250 1508/1508/1252 1492/1492/1239
f 1507/1507/1251 1508/1508/1252 1506/1506/1250
f 1507/1507/1251 1509/1509/1253 1508/1508/1252
f 1509/1509/1253 1510/1510/1254 1508/1508/1252
f 1509/1509/1253 1511/1511/1255 1510/1510/1254
f 1508/1508/1252 1494/1494/1241 1492/1492/1239
f 1510/1510/1254 1494/1494/1241 1508/1508/1252
f 1510/1510/1254 1496/1496/1243 1494/1494/1241
f 1512/1512/1256 1496/1496/1243 1510/1510/1254
f 1511/1511/1255 1512/1512/1256 1510/1510/1254
f 1513/1513/1257 1512/1512/1256 1511/1511/1255
f 1513/1513/1257 1514/1514/829 1512/1512/1256
f 1515/1515/830 1514/1514/829 1513/1513/1257
f 1512/1512/1256 1498/1498/826 1496/1496/1243
f 1514/1514/829 1498/1498/826 1512/1512/1256
f 1516/1516/1171 1501/1501/1245 1392/1392/1170
f 1516/1516/1171 1517/1517/1258 1501/1501/1245
f 1518/1518/457 1517/1517/1258 1516/1516/1171
f 1518/1518/457 1519/1519/456 1517/1517/1258
f 1519/1519/456 1520/1520/1259 1517/1517/1258
f 1519/1519/456 1521/1521/455 1520/1520/1259
f 1517/1517/1258 1503/1503/1247 1501/1501/1245
f 1517/1517/1258 1520/1520/1259 1503/1503/1247
f 1520/1520/1259 1505/1505/1249 1503/1503/1247
f 1520/1520/1259 1522/1522/1260 1505/1505/1249
f 1521/1521/455 1522/1522/1260 1520/1520/1259
f 1521/1521/455 1523/1523/473 1522/1522/1260
f 1523/1523/473 1524/1524/1261 1522/1522/1260
f 1523/1523/473 1525/1525/472 1524/1524/1261
f 1522/1522/1260 1507/1507/1251 1505/1505/1249
f 1522/1522/1260 1524/1524/1261 1507/1507/1251
f 1524/1524/1261 1509/1509/1253 1507/1507/1251
f 1524/1524/1261 1526/1526/1262 1509/1509/1253
f 1525/1525/472 1526/1526/1262 1524/1524/1261
f 1525/1525/472 1527/1527/489 1526/1526/1262
f 1527/1527/489 1528/1528/1263 1526/1526/1262
f 1527/1527/489 1529/1529/488 1528/1528/1263
f 1526/1526/1262 1511/1511/1255 1509/1509/1253
f 1526/1526/1262 1528/1528/1263 1511/1511/1255
f 1530/1530/1263 1531/1531/1257 1511/1511/1255
f 1532/1532/1264 1531/1531/1257 1530/1530/1263
f 1529/1529/488 1532/1532/1264 1530/1530/1263
f 1529/1529/488 1533/1533/505 1532/1532/1264
f 1533/1533/505 1534/1534/833 1532/1532/1264
f 1535/1535/504 1534/1534/833 1533/1533/505
f 1532/1532/1264 1515/1515/830 1531/1531/1257
f 1534/1534/833 1515/1515/830 1532/1532/1264
f 1536/1536/1209 1537/1537/1089 1538/1538/1091
f 1539/1539/1265 1537/1537/1089 1536/1536/1209
f 1540/1540/1214 1539/1539/1265 1536/1536/1209
f 1540/1540/1214 1541/1541/1266 1539/1539/1265
f 1541/1541/1266 1542/1542/1267 1539/1539/1265
f 1543/1543/1268 1542/1542/1267 1541/1541/1266
f 1539/1539/1265 1544/1544/1093 1537/1537/1089
f 1542/1542/1267 1544/1544/1093 1539/1539/1265
f 1542/1542/1267 1545/1545/1113 1544/1544/1093
f 1546/1546/1269 1545/1545/1113 1542/1542/1267
f 1543/1543/1268 1546/1546/1269 1542/1542/1267
f 1547/1547/1270 1546/1546/1269 1543/1543/1268
f 1547/1547/1270 1548/1548/1271 1546/1546/1269
f 1549/1549/1272 1548/1548/1271 1547/1547/1270
f 1546/1546/1269 1550/1550/1115 1545/1545/1113
f 1548/1548/1271 1550/1550/1115 1546/1546/1269
f 1548/1548/1271 1551/1551/1129 1550/1550/1115
f 1552/1552/1273 1551/1551/1129 1548/1548/1271
f 1549/1549/1272 1552/1552/1273 1548/1548/1271
f 1553/1553/1274 1552/1552/1273 1549/1549/1272
f 1553/1553/1274 1554/1554/1275 1552/1552/1273
f 1555/1555/1276 1554/1554/1275 1553/1553/1274
f 1552/1552/1273 1556/1556/1131 1551/1551/1129
f 1554/1554/1275 1556/1556/1131 1552/1552/1273
f 1554/1554/1275 1352/1352/1145 1556/1556/1131
f 1557/1557/1277 1352/1352/1145 1554/1554/1275
f 1555/1555/1276 1557/1557/1277 1554/1554/1275
f 1558/1558/1278 1557/1557/1277 1555/1555/1276
f 1558/1558/1278 1559/1559/1076 1557/1557/1277
f 1560/1560/1077 1559/1559/1076 1558/1558/1278
f 1557/1557/1277 1561/1561/992 1352/1352/1145
f 1559/1559/1076 1561/1561/992 1557/1557/1277
f 1562/1562/1215 1541/1541/1266 1540/1540/1214
f 1562/1562/1215 1563/1563/1279 1541/1541/1266
f 1469/1469/1220 1563/1563/1279 1562/1562/1215
f 1469/1469/1220 1564/1564/1280 1563/1563/1279
f 1564/1564/1280 1565/1565/1281 1563/1563/1279
f 1564/1564/1280 1566/1566/1282 1565/1565/1281
f 1563/1563/1279 1543/1543/1268 1541/1541/1266
f 1563/1563/1279 1565/1565/1281 1543/1543/1268
f 1565/1565/1281 1547/1547/1270 1543/1543/1268
f 1567/1567/1283 1547/1547/1270 1565/1565/1281
f 1566/1566/1282 1567/1567/1283 1565/1565/1281
f 1566/1566/1282 1568/1568/1284 1567/1567/1283
f 1568/1568/1284 1569/1569/1285 1567/1567/1283
f 1568/1568/1284 1570/1570/1286 1569/1569/1285
f 1567/1567/1283 1549/1549/1272 1547/1547/1270
f 1569/1569/1285 1549/1549/1272 1567/1567/1283
f 1569/1569/1285 1553/1553/1274 1549/1549/1272
f 1571/1571/1287 1553/1553/1274 1569/1569/1285
f 1570/1570/1286 1571/1571/1287 1569/1569/1285
f 1572/1572/1288 1571/1571/1287 1570/1570/1286
f 1572/1572/1288 1573/1573/1289 1571/1571/1287
f 1574/1574/1290 1573/1573/1289 1572/1572/1288
f 1571/1571/1287 1555/1555/1276 1553/1553/1274
f 1573/1573/1289 1555/1555/1276 1571/1571/1287
f 1573/1573/1289 1558/1558/1278 1555/1555/1276
f 1575/1575/1291 1558/1558/1278 1573/1573/1289
f 1574/1574/1290 1575/1575/1291 1573/1573/1289
f 1576/1576/1292 1575/1575/1291 1574/1574/1290
f 1576/1576/1292 1577/1577/1080 1575/1575/1291
f 1578/1578/1081 1577/1577/1080 1576/1576/1292
f 1575/1575/1291 1560/1560/1077 1558/1558/1278
f 1577/1577/1080 1560/1560/1077 1575/1575/1291
f 1579/1579/1221 1564/1564/1280 1469/1469/1220
f 1579/1579/1221 1580/1580/1293 1564/1564/1280
f 1475/1475/1226 1580/1580/1293 1579/1579/1221
f 1475/1475/1226 1581/1581/1294 1580/1580/1293
f 1581/1581/1294 1582/1582/1295 1580/1580/1293
f 1581/1581/1294 1583/1583/1296 1582/1582/1295
f 1580/1580/1293 1566/1566/1282 1564/1564/1280
f 1580/1580/1293 1582/1582/1295 1566/1566/1282
f 1582/1582/1295 1568/1568/1284 1566/1566/1282
f 1582/1582/1295 1584/1584/1297 1568/1568/1284
f 1583/1583/1296 1584/1584/1297 1582/1582/1295
f 1583/1583/1296 1585/1585/1298 1584/1584/1297
f 1585/1585/1298 1586/1586/1299 1584/1584/1297
f 1585/1585/1298 1587/1587/1300 1586/1586/1299
f 1584/1584/1297 1570/1570/1286 1568/1568/1284
f 1584/1584/1297 1586/1586/1299 1570/1570/1286
f 1586/1586/1299 1572/1572/1288 1570/1570/1286
f 1588/1588/1301 1572/1572/1288 1586/1586/1299
f 1587/1587/1300 1588/1588/1301 1586/1586/1299
f 1587/1587/1300 1589/1589/1302 1588/1588/1301
f 1589/1589/1302 1590/1590/1303 1588/1588/1301
f 1591/1591/1304 1590/1590/1303 1589/1589/1302
f 1588/1588/1301 1574/1574/1290 1572/1572/1288
f 1590/1590/1303 1574/1574/1290 1588/1588/1301
f 1590/1590/1303 1576/1576/1292 1574/1574/1290
f 1592/1592/1305 1576/1576/1292 1590/1590/1303
f 1591/1591/1304 1592/1592/1305 1590/1590/1303
f 1593/1593/1306 1592/1592/1305 1591/1591/1304
f 1593/1593/1306 1594/1594/1084 1592/1592/1305
f 1595/1595/1085 1594/1594/1084 1593/1593/1306
f 1592/1592/1305 1578/1578/1081 1576/1576/1292
f 1594/1594/1084 1578/1578/1081 1592/1592/1305
f 1596/1596/1227 1581/1581/1294 1475/1475/1226
f 1596/1596/1227 1597/1597/1307 1581/1581/1294
f 1481/1481/729 1597/1597/1307 1596/1596/1227
f 1481/1481/729 1598/1598/728 1597/1597/1307
f 1598/1598/728 1599/1599/1308 1597/1597/1307
f 1598/1598/728 1600/1600/727 1599/1599/1308
f 1597/1597/1307 1583/1583/1296 1581/1581/1294
f 1597/1597/1307 1599/1599/1308 1583/1583/1296
f 1599/1599/1308 1585/1585/1298 1583/1583/1296
f 1599/1599/1308 1601/1601/1309 1585/1585/1298
f 1600/1600/727 1601/1601/1309 1599/1599/1308
f 1600/1600/727 1602/1602/745 1601/1601/1309
f 1602/1602/745 1603/1603/1310 1601/1601/1309
f 1602/1602/745 1604/1604/744 1603/1603/1310
f 1601/1601/1309 1587/1587/1300 1585/1585/1298
f 1601/1601/1309 1603/1603/1310 1587/1587/1300
f 1603/1603/1310 1589/1589/1302 1587/1587/1300
f 1603/1603/1310 1605/1605/1311 1589/1589/1302
f 1604/1604/744 1605/1605/1311 1603/1603/1310
f 1604/1604/744 1606/1606/761 1605/1605/1311
f 1606/1606/761 1607/1607/1312 1605/1605/1311
f 1606/1606/761 1608/1608/760 1607/1607/1312
f 1605/1605/1311 1591/1591/1304 1589/1589/1302
f 1605/1605/1311 1607/1607/1312 1591/1591/1304
f 1609/1609/1312 1593/1593/1306 1610/1610/1304
f 1611/1611/1313 1593/1593/1306 1609/1609/1312
f 1608/1608/760 1611/1611/1313 1609/1609/1312
f 1608/1608/760 1612/1612/777 1611/1611/1313
f 1612/1612/777 1613/1613/1088 1611/1611/1313
f 1612/1612/777 1614/1614/776 1613/1613/1088
f 1611/1611/1313 1595/1595/1085 1593/1593/1306
f 1613/1613/1088 1595/1595/1085 1611/1611/1313
f 1615/1615/1314 1616/1616/1315 1617/1617/1316
f 1618/1618/1317 1616/1616/1315 1615/1615/1314
f 1617/1617/1316 1619/1619/1318 1620/1620/1319
f 1617/1617/1316 1616/1616/1315 1619/1619/1318
f 1621/1621/1320 1620/1620/1319 1622/1622/1321
f 1617/1617/1316 1620/1620/1319 1621/1621/1320
f 1623/1623/1322 1617/1617/1316 1621/1621/1320
f 1615/1615/1314 1617/1617/1316 1623/1623/1322
f 1624/1624/1323 1621/1621/1320 1625/1625/1324
f 1623/1623/1322 1621/1621/1320 1624/1624/1323
f 1625/1625/1324 1622/1622/1321 1626/1626/1325
f 1621/1621/1320 1622/1622/1321 1625/1625/1324
f 1627/1627/1326 1626/1626/1325 1628/1628/1327
f 1625/1625/1324 1626/1626/1325 1627/1627/1326
f 1629/1629/1328 1625/1625/1324 1627/1627/1326
f 1624/1624/1323 1625/1625/1324 1629/1629/1328
f 1630/1630/1329 1627/1627/1326 1631/1631/1330
f 1629/1629/1328 1627/1627/1326 1630/1630/1329
f 1631/1631/1330 1628/1628/1327 1632/1632/1331
f 1627/1627/1326 1628/1628/1327 1631/1631/1330
f 1633/1633/1332 1632/1632/1331 1634/1634/1333
f 1631/1631/1330 1632/1632/1331 1633/1633/1332
f 1635/1635/1334 1631/1631/1330 1633/1633/1332
f 1630/1630/1329 1631/1631/1330 1635/1635/1334
f 1636/1636/1335 1633/1633/1332 1637/1637/1336
f 1635/1635/1334 1633/1633/1332 1636/1636/1335
f 1637/1637/1336 1634/1634/1333 1638/1638/1337
f 1633/1633/1332 1634/1634/1333 1637/1637/1336
f 1639/1639/691 1638/1638/1337 1640/1640/692
f 1637/1637/1336 1638/1638/1337 1639/1639/691
f 1641/1641/588 1637/1637/1336 1639/1639/691
f 1636/1636/1335 1637/1637/1336 1641/1641/588
f 1620/1620/1319 1642/1642/1338 1643/1643/1339
f 1620/1620/1319 1619/1619/1318 1642/1642/1338
f 1643/1643/1339 1644/1644/1340 1645/1645/1341
f 1643/1643/1339 1642/1642/1338 1644/1644/1340
f 1646/1646/1342 1645/1645/1341 1647/1647/1343
f 1646/1646/1342 1643/1643/1339 1645/1645/1341
f 1622/1622/1321 1643/1643/1339 1646/1646/1342
f 1622/1622/1321 1620/1620/1319 1643/1643/1339
f 1626/1626/1325 1646/1646/1342 1648/1648/1344
f 1626/1626/1325 1622/1622/1321 1646/1646/1342
f 1648/1648/1344 1647/1647/1343 1649/1649/1345
f 1648/1648/1344 1646/1646/1342 1647/1647/1343
f 1650/1650/1346 1649/1649/1345 1651/1651/1347
f 1650/1650/1346 1648/1648/1344 1649/1649/1345
f 1628/1628/1327 1648/1648/1344 1650/1650/1346
f 1626/1626/1325 1648/1648/1344 1628/1628/1327
f 1632/1632/1331 1650/1650/1346 1652/1652/1348
f 1628/1628/1327 1650/1650/1346 1632/1632/1331
f 1652/1652/1348 1651/1651/1347 1653/1653/1349
f 1650/1650/1346 1651/1651/1347 1652/1652/1348
f 1654/1654/1350 1653/1653/1349 1655/1655/1351
f 1652/1652/1348 1653/1653/1349 1654/1654/1350
f 1634/1634/1333 1652/1652/1348 1654/1654/1350
f 1632/1632/1331 1652/1652/1348 1634/1634/1333
f 1638/1638/1337 1654/1654/1350 1656/1656/1352
f 1634/1634/1333 1654/1654/1350 1638/1638/1337
f 1656/1656/1352 1655/1655/1351 1657/1657/1353
f 1654/1654/1350 1655/1655/1351 1656/1656/1352
f 1658/1658/695 1657/1657/1353 1659/1659/696
f 1656/1656/1352 1657/1657/1353 1658/1658/695
f 1640/1640/692 1656/1656/1352 1658/1658/695
f 1638/1638/1337 1656/1656/1352 1640/1640/692
f 1645/1645/1341 1660/1660/1354 1661/1661/1355
f 1645/1645/1341 1644/1644/1340 1660/1660/1354
f 1661/1661/1355 1662/1662/1356 1663/1663/1357
f 1661/1661/1355 1660/1660/1354 1662/1662/1356
f 1664/1664/1358 1663/1663/1357 1665/1665/1359
f 1664/1664/1358 1661/1661/1355 1663/1663/1357
f 1647/1647/1343 1661/1661/1355 1664/1664/1358
f 1647/1647/1343 1645/1645/1341 1661/1661/1355
f 1649/1649/1345 1664/1664/1358 1666/1666/1360
f 1649/1649/1345 1647/1647/1343 1664/1664/1358
f 1666/1666/1360 1665/1665/1359 1667/1667/1361
f 1666/1666/1360 1664/1664/1358 1665/1665/1359
f 1668/1668/1362 1667/1667/1361 1669/1669/1363
f 1668/1668/1362 1666/1666/1360 1667/1667/1361
f 1651/1651/1347 1666/1666/1360 1668/1668/1362
f 1651/1651/1347 1649/1649/1345 1666/1666/1360
f 1653/1653/1349 1668/1668/1362 1670/1670/1364
f 1653/1653/1349 1651/1651/1347 1668/1668/1362
f 1670/1670/1364 1669/1669/1363 1671/1671/1365
f 1670/1670/1364 1668/1668/1362 1669/1669/1363
f 1672/1672/1366 1671/1671/1365 1673/1673/1367
f 1672/1672/1366 1670/1670/1364 1671/1671/1365
f 1655/1655/1351 1670/1670/1364 1672/1672/1366
f 1653/1653/1349 1670/1670/1364 1655/1655/1351
f 1657/1657/1353 1672/1672/1366 1674/1674/1368
f 1655/1655/1351 1672/1672/1366 1657/1657/1353
f 1674/1674/1368 1673/1673/1367 1675/1675/1369
f 1672/1672/1366 1673/1673/1367 1674/1674/1368
f 1676/1676/699 1675/1675/1369 1677/1677/700
f 1674/1674/1368 1675/1675/1369 1676/1676/699
f 1659/1659/696 1674/1674/1368 1676/1676/699
f 1657/1657/1353 1674/1674/1368 1659/1659/696
f 1663/1663/1357 1678/1678/1370 1679/1679/1371
f 1663/1663/1357 1662/1662/1356 1678/1678/1370
f 1679/1679/1371 1680/1680/860 1681/1681/859
f 1679/1679/1371 1678/1678/1370 1680/1680/860
f 1682/1682/1372 1681/1681/859 1683/1683/858
f 1682/1682/1372 1679/1679/1371 1681/1681/859
f 1665/1665/1359 1679/1679/1371 1682/1682/1372
f 1665/1665/1359 1663/1663/1357 1679/1679/1371
f 1667/1667/1361 1682/1682/1372 1684/1684/1373
f 1667/1667/1361 1665/1665/1359 1682/1682/1372
f 1684/1684/1373 1683/1683/858 1685/1685/878
f 1684/1684/1373 1682/1682/1372 1683/1683/858
f 1686/1686/1374 1685/1685/878 1687/1687/877
f 1686/1686/1374 1684/1684/1373 1685/1685/878
f 1669/1669/1363 1684/1684/1373 1686/1686/1374
f 1669/1669/1363 1667/1667/1361 1684/1684/1373
f 1671/1671/1365 1686/1686/1374 1688/1688/1375
f 1671/1671/1365 1669/1669/1363 1686/1686/1374
f 1688/1688/1375 1687/1687/877 1689/1689/896
f 1688/1688/1375 1686/1686/1374 1687/1687/877
f 1690/1690/1376 1689/1689/896 1691/1691/895
f 1690/1690/1376 1688/1688/1375 1689/1689/896
f 1673/1673/1367 1688/1688/1375 1690/1690/1376
f 1673/1673/1367 1671/1671/1365 1688/1688/1375
f 1692/1692/1369 1693/1693/1376 1694/1694/1377
f 1695/1695/1367 1693/1693/1376 1692/1692/1369
f 1694/1694/1377 1054/1054/895 1696/1696/905
f 1694/1694/1377 1693/1693/1376 1054/1054/895
f 1697/1697/703 1696/1696/905 1698/1698/704
f 1694/1694/1377 1696/1696/905 1697/1697/703
f 1699/1699/700 1694/1694/1377 1697/1697/703
f 1692/1692/1369 1694/1694/1377 1699/1699/700
f 1700/1700/1378 1701/1701/1314 1702/1702/1379
f 1618/1618/1317 1701/1701/1314 1700/1700/1378
f 1702/1702/1379 1703/1703/1322 1704/1704/1380
f 1702/1702/1379 1701/1701/1314 1703/1703/1322
f 1705/1705/1381 1704/1704/1380 1706/1706/1382
f 1702/1702/1379 1704/1704/1380 1705/1705/1381
f 1707/1707/1383 1702/1702/1379 1705/1705/1381
f 1700/1700/1378 1702/1702/1379 1707/1707/1383
f 1708/1708/1384 1705/1705/1381 1709/1709/1385
f 1707/1707/1383 1705/1705/1381 1708/1708/1384
f 1709/1709/1385 1706/1706/1382 1710/1710/1386
f 1705/1705/1381 1706/1706/1382 1709/1709/1385
f 1711/1711/1387 1710/1710/1386 1712/1712/1388
f 1709/1709/1385 1710/1710/1386 1711/1711/1387
f 1713/1713/1389 1709/1709/1385 1711/1711/1387
f 1708/1708/1384 1709/1709/1385 1713/1713/1389
f 1714/1714/1390 1711/1711/1387 1715/1715/1391
f 1713/1713/1389 1711/1711/1387 1714/1714/1390
f 1715/1715/1391 1712/1712/1388 1716/1716/1392
f 1711/1711/1387 1712/1712/1388 1715/1715/1391
f 1717/1717/1393 1716/1716/1392 1718/1718/1394
f 1715/1715/1391 1716/1716/1392 1717/1717/1393
f 1719/1719/1395 1715/1715/1391 1717/1717/1393
f 1714/1714/1390 1715/1715/1391 1719/1719/1395
f 1720/1720/1396 1717/1717/1393 1721/1721/1397
f 1719/1719/1395 1717/1717/1393 1720/1720/1396
f 1721/1721/1397 1718/1718/1394 1722/1722/1398
f 1717/1717/1393 1718/1718/1394 1721/1721/1397
f 1723/1723/419 1722/1722/1398 1724/1724/420
f 1721/1721/1397 1722/1722/1398 1723/1723/419
f 1725/1725/316 1721/1721/1397 1723/1723/419
f 1720/1720/1396 1721/1721/1397 1725/1725/316
f 1704/1704/1380 1726/1726/1323 1727/1727/1399
f 1704/1704/1380 1703/1703/1322 1726/1726/1323
f 1727/1727/1399 1728/1728/1328 1729/1729/1400
f 1727/1727/1399 1726/1726/1323 1728/1728/1328
f 1730/1730/1401 1729/1729/1400 1731/1731/1402
f 1730/1730/1401 1727/1727/1399 1729/1729/1400
f 1706/1706/1382 1727/1727/1399 1730/1730/1401
f 1706/1706/1382 1704/1704/1380 1727/1727/1399
f 1710/1710/1386 1730/1730/1401 1732/1732/1403
f 1706/1706/1382 1730/1730/1401 1710/1710/1386
f 1732/1732/1403 1731/1731/1402 1733/1733/1404
f 1732/1732/1403 1730/1730/1401 1731/1731/1402
f 1734/1734/1405 1733/1733/1404 1735/1735/1406
f 1734/1734/1405 1732/1732/1403 1733/1733/1404
f 1712/1712/1388 1732/1732/1403 1734/1734/1405
f 1710/1710/1386 1732/1732/1403 1712/1712/1388
f 1716/1716/1392 1734/1734/1405 1736/1736/1407
f 1712/1712/1388 1734/1734/1405 1716/1716/1392
f 1736/1736/1407 1735/1735/1406 1737/1737/1408
f 1734/1734/1405 1735/1735/1406 1736/1736/1407
f 1738/1738/1409 1737/1737/1408 1739/1739/1410
f 1736/1736/1407 1737/1737/1408 1738/1738/1409
f 1718/1718/1394 1736/1736/1407 1738/1738/1409
f 1716/1716/1392 1736/1736/1407 1718/1718/1394
f 1722/1722/1398 1738/1738/1409 1740/1740/1411
f 1718/1718/1394 1738/1738/1409 1722/1722/1398
f 1740/1740/1411 1739/1739/1410 1741/1741/1412
f 1738/1738/1409 1739/1739/1410 1740/1740/1411
f 1742/1742/423 1741/1741/1412 1743/1743/424
f 1740/1740/1411 1741/1741/1412 1742/1742/423
f 1724/1724/420 1740/1740/1411 1742/1742/423
f 1722/1722/1398 1740/1740/1411 1724/1724/420
f 1729/1729/1400 1744/1744/1329 1745/1745/1413
f 1729/1729/1400 1728/1728/1328 1744/1744/1329
f 1745/1745/1413 1746/1746/1334 1747/1747/1414
f 1745/1745/1413 1744/1744/1329 1746/1746/1334
f 1748/1748/1415 1747/1747/1414 1749/1749/1416
f 1748/1748/1415 1745/1745/1413 1747/1747/1414
f 1731/1731/1402 1745/1745/1413 1748/1748/1415
f 1731/1731/1402 1729/1729/1400 1745/1745/1413
f 1733/1733/1404 1748/1748/1415 1750/1750/1417
f 1733/1733/1404 1731/1731/1402 1748/1748/1415
f 1750/1750/1417 1749/1749/1416 1751/1751/1418
f 1750/1750/1417 1748/1748/1415 1749/1749/1416
f 1752/1752/1419 1751/1751/1418 1753/1753/1420
f 1752/1752/1419 1750/1750/1417 1751/1751/1418
f 1735/1735/1406 1750/1750/1417 1752/1752/1419
f 1735/1735/1406 1733/1733/1404 1750/1750/1417
f 1737/1737/1408 1752/1752/1419 1754/1754/1421
f 1735/1735/1406 1752/1752/1419 1737/1737/1408
f 1754/1754/1421 1753/1753/1420 1755/1755/1422
f 1754/1754/1421 1752/1752/1419 1753/1753/1420
f 1756/1756/1423 1755/1755/1422 1757/1757/1424
f 1754/1754/1421 1755/1755/1422 1756/1756/1423
f 1739/1739/1410 1754/1754/1421 1756/1756/1423
f 1737/1737/1408 1754/1754/1421 1739/1739/1410
f 1741/1741/1412 1756/1756/1423 1758/1758/1425
f 1739/1739/1410 1756/1756/1423 1741/1741/1412
f 1758/1758/1425 1757/1757/1424 1759/1759/1426
f 1756/1756/1423 1757/1757/1424 1758/1758/1425
f 1760/1760/427 1759/1759/1426 1761/1761/428
f 1758/1758/1425 1759/1759/1426 1760/1760/427
f 1743/1743/424 1758/1758/1425 1760/1760/427
f 1741/1741/1412 1758/1758/1425 1743/1743/424
f 1747/1747/1414 1762/1762/1335 1763/1763/1427
f 1747/1747/1414 1746/1746/1334 1762/1762/1335
f 1763/1763/1427 1641/1641/588 1764/1764/587
f 1763/1763/1427 1762/1762/1335 1641/1641/588
f 1765/1765/1428 1764/1764/587 1766/1766/586
f 1765/1765/1428 1763/1763/1427 1764/1764/587
f 1749/1749/1416 1763/1763/1427 1765/1765/1428
f 1749/1749/1416 1747/1747/1414 1763/1763/1427
f 1751/1751/1418 1765/1765/1428 1767/1767/1429
f 1751/1751/1418 1749/1749/1416 1765/1765/1428
f 1767/1767/1429 1766/1766/586 1768/1768/606
f 1767/1767/1429 1765/1765/1428 1766/1766/586
f 1769/1769/1430 1768/1768/606 1770/1770/605
f 1769/1769/1430 1767/1767/1429 1768/1768/606
f 1753/1753/1420 1767/1767/1429 1769/1769/1430
f 1753/1753/1420 1751/1751/1418 1767/1767/1429
f 1755/1755/1422 1769/1769/1430 1771/1771/1431
f 1755/1755/1422 1753/1753/1420 1769/1769/1430
f 1771/1771/1431 1770/1770/605 1772/1772/624
f 1771/1771/1431 1769/1769/1430 1770/1770/605
f 1773/1773/1432 1772/1772/624 1774/1774/623
f 1773/1773/1432 1771/1771/1431 1772/1772/624
f 1757/1757/1424 1771/1771/1431 1773/1773/1432
f 1757/1757/1424 1755/1755/1422 1771/1771/1431
f 1775/1775/1426 1776/1776/1432 1777/1777/1433
f 1778/1778/1424 1776/1776/1432 1775/1775/1426
f 1777/1777/1433 1774/1774/623 1779/1779/633
f 1777/1777/1433 1776/1776/1432 1774/1774/623
f 1780/1780/431 1779/1779/633 1781/1781/432
f 1777/1777/1433 1779/1779/633 1780/1780/431
f 1761/1761/428 1777/1777/1433 1780/1780/431
f 1775/1775/1426 1777/1777/1433 1761/1761/428
f 1782/1782/1434 1700/1700/1378 1783/1783/1435
f 1784/1784/1317 1700/1700/1378 1782/1782/1434
f 1783/1783/1435 1785/1785/1383 1786/1786/1436
f 1783/1783/1435 1700/1700/1378 1785/1785/1383
f 1787/1787/1437 1786/1786/1436 1788/1788/1438
f 1783/1783/1435 1786/1786/1436 1787/1787/1437
f 1789/1789/1439 1783/1783/1435 1787/1787/1437
f 1782/1782/1434 1783/1783/1435 1789/1789/1439
f 1790/1790/1440 1787/1787/1437 1791/1791/1441
f 1789/1789/1439 1787/1787/1437 1790/1790/1440
f 1791/1791/1441 1788/1788/1438 1792/1792/1442
f 1787/1787/1437 1788/1788/1438 1791/1791/1441
f 1793/1793/1443 1792/1792/1442 1794/1794/1444
f 1791/1791/1441 1792/1792/1442 1793/1793/1443
f 1795/1795/1445 1791/1791/1441 1793/1793/1443
f 1790/1790/1440 1791/1791/1441 1795/1795/1445
f 1796/1796/1446 1793/1793/1443 1797/1797/1447
f 1795/1795/1445 1793/1793/1443 1796/1796/1446
f 1797/1797/1447 1794/1794/1444 1798/1798/1448
f 1793/1793/1443 1794/1794/1444 1797/1797/1447
f 1799/1799/1449 1798/1798/1448 1800/1800/1450
f 1797/1797/1447 1798/1798/1448 1799/1799/1449
f 1801/1801/1451 1797/1797/1447 1799/1799/1449
f 1796/1796/1446 1797/1797/1447 1801/1801/1451
f 1802/1802/1452 1799/1799/1449 1803/1803/1453
f 1801/1801/1451 1799/1799/1449 1802/1802/1452
f 1803/1803/1453 1800/1800/1450 1804/1804/1454
f 1799/1799/1449 1800/1800/1450 1803/1803/1453
f 1805/1805/139 1804/1804/1454 1806/1806/140
f 1803/1803/1453 1804/1804/1454 1805/1805/139
f 1807/1807/27 1803/1803/1453 1805/1805/139
f 1802/1802/1452 1803/1803/1453 1807/1807/27
f 1786/1786/1436 1808/1808/1384 1809/1809/1455
f 1786/1786/1436 1785/1785/1383 1808/1808/1384
f 1809/1809/1455 1810/1810/1389 1811/1811/1456
f 1809/1809/1455 1808/1808/1384 1810/1810/1389
f 1812/1812/1457 1811/1811/1456 1813/1813/1458
f 1812/1812/1457 1809/1809/1455 1811/1811/1456
f 1788/1788/1438 1809/1809/1455 1812/1812/1457
f 1788/1788/1438 1786/1786/1436 1809/1809/1455
f 1792/1792/1442 1812/1812/1457 1814/1814/1459
f 1788/1788/1438 1812/1812/1457 1792/1792/1442
f 1814/1814/1459 1813/1813/1458 1815/1815/1460
f 1814/1814/1459 1812/1812/1457 1813/1813/1458
f 1816/1816/1461 1815/1815/1460 1817/1817/1462
f 1814/1814/1459 1815/1815/1460 1816/1816/1461
f 1794/1794/1444 1814/1814/1459 1816/1816/1461
f 1792/1792/1442 1814/1814/1459 1794/1794/1444
f 1798/1798/1448 1816/1816/1461 1818/1818/1463
f 1794/1794/1444 1816/1816/1461 1798/1798/1448
f 1818/1818/1463 1817/1817/1462 1819/1819/1464
f 1816/1816/1461 1817/1817/1462 1818/1818/1463
f 1820/1820/1465 1819/1819/1464 1821/1821/1466
f 1818/1818/1463 1819/1819/1464 1820/1820/1465
f 1800/1800/1450 1818/1818/1463 1820/1820/1465
f 1798/1798/1448 1818/1818/1463 1800/1800/1450
f 1804/1804/1454 1820/1820/1465 1822/1822/1467
f 1800/1800/1450 1820/1820/1465 1804/1804/1454
f 1822/1822/1467 1821/1821/1466 1823/1823/1468
f 1820/1820/1465 1821/1821/1466 1822/1822/1467
f 1824/1824/143 1823/1823/1468 1825/1825/144
f 1822/1822/1467 1823/1823/1468 1824/1824/143
f 1806/1806/140 1822/1822/1467 1824/1824/143
f 1804/1804/1454 1822/1822/1467 1806/1806/140
f 1811/1811/1456 1826/1826/1390 1827/1827/1469
f 1811/1811/1456 1810/1810/1389 1826/1826/1390
f 1827/1827/1469 1828/1828/1395 1829/1829/1470
f 1827/1827/1469 1826/1826/1390 1828/1828/1395
f 1830/1830/1471 1829/1829/1470 1831/1831/1472
f 1830/1830/1471 1827/1827/1469 1829/1829/1470
f 1813/1813/1458 1827/1827/1469 1830/1830/1471
f 1813/1813/1458 1811/1811/1456 1827/1827/1469
f 1815/1815/1460 1830/1830/1471 1832/1832/1473
f 1815/1815/1460 1813/1813/1458 1830/1830/1471
f 1832/1832/1473 1831/1831/1472 1833/1833/1474
f 1832/1832/1473 1830/1830/1471 1831/1831/1472
f 1834/1834/1475 1833/1833/1474 1835/1835/1476
f 1834/1834/1475 1832/1832/1473 1833/1833/1474
f 1817/1817/1462 1832/1832/1473 1834/1834/1475
f 1817/1817/1462 1815/1815/1460 1832/1832/1473
f 1819/1819/1464 1834/1834/1475 1836/1836/1477
f 1819/1819/1464 1817/1817/1462 1834/1834/1475
f 1836/1836/1477 1835/1835/1476 1837/1837/1478
f 1836/1836/1477 1834/1834/1475 1835/1835/1476
f 1838/1838/1479 1837/1837/1478 1839/1839/1480
f 1836/1836/1477 1837/1837/1478 1838/1838/1479
f 1821/1821/1466 1836/1836/1477 1838/1838/1479
f 1819/1819/1464 1836/1836/1477 1821/1821/1466
f 1823/1823/1468 1838/1838/1479 1840/1840/1481
f 1821/1821/1466 1838/1838/1479 1823/1823/1468
f 1840/1840/1481 1839/1839/1480 1841/1841/1482
f 1838/1838/1479 1839/1839/1480 1840/1840/1481
f 1842/1842/147 1841/1841/1482 1843/1843/148
f 1840/1840/1481 1841/1841/1482 1842/1842/147
f 1825/1825/144 1840/1840/1481 1842/1842/147
f 1823/1823/1468 1840/1840/1481 1825/1825/144
f 1829/1829/1470 1720/1720/1396 1844/1844/1483
f 1829/1829/1470 1828/1828/1395 1720/1720/1396
f 1844/1844/1483 1725/1725/316 1845/1845/315
f 1844/1844/1483 1720/1720/1396 1725/1725/316
f 1846/1846/1484 1845/1845/315 1847/1847/314
f 1846/1846/1484 1844/1844/1483 1845/1845/315
f 1831/1831/1472 1844/1844/1483 1846/1846/1484
f 1831/1831/1472 1829/1829/1470 1844/1844/1483
f 1833/1833/1474 1846/1846/1484 1848/1848/1485
f 1833/1833/1474 1831/1831/1472 1846/1846/1484
f 1848/1848/1485 1847/1847/314 1849/1849/334
f 1848/1848/1485 1846/1846/1484 1847/1847/314
f 1850/1850/1486 1849/1849/334 1851/1851/333
f 1850/1850/1486 1848/1848/1485 1849/1849/334
f 1835/1835/1476 1848/1848/1485 1850/1850/1486
f 1835/1835/1476 1833/1833/1474 1848/1848/1485
f 1837/1837/1478 1850/1850/1486 1852/1852/1487
f 1837/1837/1478 1835/1835/1476 1850/1850/1486
f 1852/1852/1487 1851/1851/333 1853/1853/352
f 1852/1852/1487 1850/1850/1486 1851/1851/333
f 1854/1854/1488 1853/1853/352 1855/1855/351
f 1854/1854/1488 1852/1852/1487 1853/1853/352
f 1839/1839/1480 1852/1852/1487 1854/1854/1488
f 1839/1839/1480 1837/1837/1478 1852/1852/1487
f 1856/1856/1482 1854/1854/1488 1857/1857/1489
f 1856/1856/1482 1839/1839/1480 1854/1854/1488
f 1857/1857/1489 1855/1855/351 1858/1858/361
f 1857/1857/1489 1854/1854/1488 1855/1855/351
f 1859/1859/151 1858/1858/361 1860/1860/152
f 1857/1857/1489 1858/1858/361 1859/1859/151
f 1843/1843/148 1857/1857/1489 1859/1859/151
f 1856/1856/1482 1857/1857/1489 1843/1843/148
f 1861/1861/1315 1862/1862/1434 1863/1863/1490
f 1784/1784/1317 1862/1862/1434 1861/1861/1315
f 1863/1863/1490 1789/1789/1439 1864/1864/1491
f 1863/1863/1490 1862/1862/1434 1789/1789/1439
f 1865/1865/1492 1864/1864/1491 1866/1866/1493
f 1863/1863/1490 1864/1864/1491 1865/1865/1492
f 1867/1867/1318 1863/1863/1490 1865/1865/1492
f 1861/1861/1315 1863/1863/1490 1867/1867/1318
f 1868/1868/1338 1865/1865/1492 1869/1869/1494
f 1867/1867/1318 1865/1865/1492 1868/1868/1338
f 1869/1869/1494 1866/1866/1493 1870/1870/1495
f 1865/1865/1492 1866/1866/1493 1869/1869/1494
f 1871/1871/1496 1870/1870/1495 1872/1872/1497
f 1869/1869/1494 1870/1870/1495 1871/1871/1496
f 1873/1873/1340 1869/1869/1494 1871/1871/1496
f 1868/1868/1338 1869/1869/1494 1873/1873/1340
f 1874/1874/1354 1871/1871/1496 1875/1875/1498
f 1873/1873/1340 1871/1871/1496 1874/1874/1354
f 1875/1875/1498 1872/1872/1497 1876/1876/1499
f 1871/1871/1496 1872/1872/1497 1875/1875/1498
f 1877/1877/1500 1876/1876/1499 1878/1878/1501
f 1875/1875/1498 1876/1876/1499 1877/1877/1500
f 1879/1879/1356 1875/1875/1498 1877/1877/1500
f 1874/1874/1354 1875/1875/1498 1879/1879/1356
f 1880/1880/1370 1877/1877/1500 1881/1881/1502
f 1879/1879/1356 1877/1877/1500 1880/1880/1370
f 1881/1881/1502 1878/1878/1501 1882/1882/1503
f 1877/1877/1500 1878/1878/1501 1881/1881/1502
f 1883/1883/956 1882/1882/1503 1884/1884/957
f 1881/1881/1502 1882/1882/1503 1883/1883/956
f 1003/1003/860 1881/1881/1502 1883/1883/956
f 1880/1880/1370 1881/1881/1502 1003/1003/860
f 1864/1864/1491 1885/1885/1440 1886/1886/1504
f 1864/1864/1491 1789/1789/1439 1885/1885/1440
f 1886/1886/1504 1795/1795/1445 1887/1887/1505
f 1886/1886/1504 1885/1885/1440 1795/1795/1445
f 1888/1888/1506 1887/1887/1505 1889/1889/1507
f 1888/1888/1506 1886/1886/1504 1887/1887/1505
f 1866/1866/1493 1886/1886/1504 1888/1888/1506
f 1866/1866/1493 1864/1864/1491 1886/1886/1504
f 1870/1870/1495 1888/1888/1506 1890/1890/1508
f 1866/1866/1493 1888/1888/1506 1870/1870/1495
f 1890/1890/1508 1889/1889/1507 1891/1891/1509
f 1890/1890/1508 1888/1888/1506 1889/1889/1507
f 1892/1892/1510 1891/1891/1509 1893/1893/1511
f 1892/1892/1510 1890/1890/1508 1891/1891/1509
f 1872/1872/1497 1890/1890/1508 1892/1892/1510
f 1870/1870/1495 1890/1890/1508 1872/1872/1497
f 1876/1876/1499 1892/1892/1510 1894/1894/1512
f 1872/1872/1497 1892/1892/1510 1876/1876/1499
f 1894/1894/1512 1893/1893/1511 1895/1895/1513
f 1892/1892/1510 1893/1893/1511 1894/1894/1512
f 1896/1896/1514 1895/1895/1513 1897/1897/1515
f 1894/1894/1512 1895/1895/1513 1896/1896/1514
f 1878/1878/1501 1894/1894/1512 1896/1896/1514
f 1876/1876/1499 1894/1894/1512 1878/1878/1501
f 1882/1882/1503 1896/1896/1514 1898/1898/1516
f 1878/1878/1501 1896/1896/1514 1882/1882/1503
f 1898/1898/1516 1897/1897/1515 1899/1899/1517
f 1896/1896/1514 1897/1897/1515 1898/1898/1516
f 1900/1900/960 1899/1899/1517 1122/1122/961
f 1898/1898/1516 1899/1899/1517 1900/1900/960
f 1884/1884/957 1898/1898/1516 1900/1900/960
f 1882/1882/1503 1898/1898/1516 1884/1884/957
f 1887/1887/1505 1796/1796/1446 1901/1901/1518
f 1887/1887/1505 1795/1795/1445 1796/1796/1446
f 1901/1901/1518 1902/1902/1451 1903/1903/1519
f 1901/1901/1518 1796/1796/1446 1902/1902/1451
f 1904/1904/1520 1903/1903/1519 1905/1905/1521
f 1904/1904/1520 1901/1901/1518 1903/1903/1519
f 1889/1889/1507 1901/1901/1518 1904/1904/1520
f 1889/1889/1507 1887/1887/1505 1901/1901/1518
f 1891/1891/1509 1904/1904/1520 1906/1906/1522
f 1891/1891/1509 1889/1889/1507 1904/1904/1520
f 1906/1906/1522 1905/1905/1521 1907/1907/1523
f 1906/1906/1522 1904/1904/1520 1905/1905/1521
f 1908/1908/1524 1907/1907/1523 1909/1909/1525
f 1908/1908/1524 1906/1906/1522 1907/1907/1523
f 1893/1893/1511 1906/1906/1522 1908/1908/1524
f 1893/1893/1511 1891/1891/1509 1906/1906/1522
f 1895/1895/1513 1908/1908/1524 1910/1910/1526
f 1895/1895/1513 1893/1893/1511 1908/1908/1524
f 1910/1910/1526 1909/1909/1525 1911/1911/1527
f 1910/1910/1526 1908/1908/1524 1909/1909/1525
f 1912/1912/1528 1911/1911/1527 1913/1913/1529
f 1910/1910/1526 1911/1911/1527 1912/1912/1528
f 1897/1897/1515 1910/1910/1526 1912/1912/1528
f 1895/1895/1513 1910/1910/1526 1897/1897/1515
f 1899/1899/1517 1912/1912/1528 1914/1914/1530
f 1897/1897/1515 1912/1912/1528 1899/1899/1517
f 1914/1914/1530 1913/1913/1529 1915/1915/1531
f 1912/1912/1528 1913/1913/1529 1914/1914/1530
f 1916/1916/964 1915/1915/1531 1126/1126/965
f 1914/1914/1530 1915/1915/1531 1916/1916/964
f 1122/1122/961 1914/1914/1530 1916/1916/964
f 1899/1899/1517 1914/1914/1530 1122/1122/961
f 1903/1903/1519 1917/1917/1452 1918/1918/1532
f 1903/1903/1519 1902/1902/1451 1917/1917/1452
f 1918/1918/1532 1807/1807/27 1919/1919/26
f 1918/1918/1532 1917/1917/1452 1807/1807/27
f 1920/1920/1533 1919/1919/26 1921/1921/25
f 1920/1920/1533 1918/1918/1532 1919/1919/26
f 1905/1905/1521 1918/1918/1532 1920/1920/1533
f 1905/1905/1521 1903/1903/1519 1918/1918/1532
f 1907/1907/1523 1920/1920/1533 1922/1922/1534
f 1907/1907/1523 1905/1905/1521 1920/1920/1533
f 1922/1922/1534 1921/1921/25 1923/1923/45
f 1922/1922/1534 1920/1920/1533 1921/1921/25
f 1924/1924/1535 1923/1923/45 1925/1925/44
f 1924/1924/1535 1922/1922/1534 1923/1923/45
f 1909/1909/1525 1922/1922/1534 1924/1924/1535
f 1909/1909/1525 1907/1907/1523 1922/1922/1534
f 1911/1911/1527 1924/1924/1535 1926/1926/1536
f 1911/1911/1527 1909/1909/1525 1924/1924/1535
f 1926/1926/1536 1925/1925/44 1927/1927/63
f 1926/1926/1536 1924/1924/1535 1925/1925/44
f 1928/1928/1537 1927/1927/63 1929/1929/62
f 1928/1928/1537 1926/1926/1536 1927/1927/63
f 1913/1913/1529 1926/1926/1536 1928/1928/1537
f 1913/1913/1529 1911/1911/1527 1926/1926/1536
f 1930/1930/1531 1931/1931/1537 1932/1932/1538
f 1930/1930/1531 1933/1933/1529 1931/1931/1537
f 1932/1932/1538 1929/1929/62 1934/1934/81
f 1932/1932/1538 1931/1931/1537 1929/1929/62
f 1935/1935/968 1934/1934/81 1936/1936/80
f 1932/1932/1538 1934/1934/81 1935/1935/968
f 1937/1937/965 1932/1932/1538 1935/1935/968
f 1930/1930/1531 1932/1932/1538 1937/1937/965
# Vertices: 1937, normals: 1538, texture coordinates: 1937, faces: 3072

