mtllib EarthModel.mtl

o obj1
v 0.140795 0.252855 0.251941
v 0.177468 0.228000 0.227710
v 0.160657 0.216896 0.262160
v 0.160653 0.262688 0.216405
v 0.198828 0.233702 0.198821
v 0.185370 0.267458 0.185370
v 0.209920 0.209965 0.209875
v 0.198912 0.198919 0.233517
v 0.185522 0.185522 0.267126
v 0.748058 0.252855 0.140794
v 0.772278 0.228000 0.177456
v 0.737819 0.216897 0.160636
v 0.783594 0.262689 0.160652
v 0.801172 0.233702 0.198821
v 0.814630 0.267458 0.185370
v 0.790080 0.209965 0.209875
v 0.766390 0.198920 0.198819
v 0.732708 0.185529 0.185362
v 0.859205 0.252854 0.748058
v 0.822532 0.228000 0.772290
v 0.839343 0.216896 0.737840
v 0.839347 0.262688 0.783595
v 0.801172 0.233702 0.801179
v 0.814630 0.267457 0.814630
v 0.790080 0.209964 0.790125
v 0.801088 0.198919 0.766483
v 0.814478 0.185522 0.732874
v 0.251942 0.252855 0.859206
v 0.227722 0.228000 0.822544
v 0.262181 0.216897 0.839364
v 0.216406 0.262689 0.839347
v 0.198828 0.233702 0.801179
v 0.185370 0.267458 0.814630
v 0.209920 0.209964 0.790125
v 0.233610 0.198920 0.801181
v 0.267292 0.185529 0.814638
v 0.737333 0.160674 0.216403
v 0.783104 0.160657 0.262159
v 0.747146 0.140796 0.251940
v 0.772012 0.177480 0.227709
v 0.732708 0.185529 0.185362
v 0.766390 0.198920 0.198819
v 0.801088 0.198919 0.233517
v 0.790080 0.209965 0.209875
v 0.814478 0.185522 0.267126
v 0.216895 0.839343 0.262159
v 0.262667 0.839327 0.216403
v 0.227988 0.822520 0.227709
v 0.252854 0.859205 0.251940
v 0.267292 0.814471 0.185362
v 0.233610 0.801080 0.198819
v 0.198912 0.801081 0.233517
v 0.209920 0.790036 0.209875
v 0.185522 0.814478 0.267126
v 0.225026 0.909503 0.586810
v 0.183005 0.885742 0.541488
v 0.185960 0.881615 0.582677
v 0.222377 0.914472 0.543580
v 0.182034 0.887133 0.500000
v 0.221524 0.916155 0.500000
v 0.145674 0.854326 0.500000
v 0.146810 0.853191 0.540465
v 0.150209 0.849791 0.580656
v 0.597516 0.988022 0.548917
v 0.548485 0.988002 0.597972
v 0.596518 0.980984 0.597355
v 0.548990 0.995178 0.549228
v 0.597814 0.990389 0.500000
v 0.549141 0.997585 0.500000
v 0.500000 0.997583 0.549288
v 0.500000 1.000000 0.500000
v 0.500000 0.990373 0.598095
v 0.541231 0.885643 0.182760
v 0.585896 0.909274 0.224215
v 0.582182 0.881467 0.185527
v 0.543107 0.914316 0.221925
v 0.540381 0.853156 0.146729
v 0.580496 0.849740 0.150067
v 0.500000 0.854303 0.145624
v 0.500000 0.887069 0.181881
v 0.500000 0.916053 0.221244
v 0.816995 0.114258 0.541488
v 0.774974 0.090497 0.586810
v 0.777623 0.085528 0.543580
v 0.814040 0.118386 0.582676
v 0.817966 0.112867 0.500000
v 0.778476 0.083846 0.500000
v 0.854326 0.145674 0.500000
v 0.853190 0.146810 0.540465
v 0.849791 0.150209 0.580656
v 0.451515 0.011997 0.597972
v 0.402484 0.011978 0.548917
v 0.451010 0.004822 0.549228
v 0.403482 0.019016 0.597355
v 0.402186 0.009611 0.500000
v 0.450859 0.002415 0.500000
v 0.500000 0.002417 0.549288
v 0.500000 0.000000 0.500000
v 0.500000 0.009626 0.598095
v 0.414104 0.090726 0.224215
v 0.458769 0.114357 0.182760
v 0.456893 0.085684 0.221925
v 0.417818 0.118533 0.185526
v 0.459619 0.146844 0.146729
v 0.419504 0.150261 0.150067
v 0.500000 0.145697 0.145624
v 0.500000 0.112931 0.181881
v 0.500000 0.083947 0.221244
v 0.582656 0.185968 0.881634
v 0.543579 0.222378 0.914473
v 0.541477 0.183011 0.885753
v 0.586810 0.225028 0.909505
v 0.500000 0.221525 0.916155
v 0.500000 0.182038 0.887141
v 0.540381 0.146844 0.853271
v 0.500000 0.145697 0.854376
v 0.580496 0.150261 0.849932
v 0.597355 0.596518 0.980984
v 0.549228 0.548990 0.995178
v 0.597972 0.548485 0.988003
v 0.548917 0.597516 0.988022
v 0.500000 0.549141 0.997585
v 0.500000 0.597814 0.990389
v 0.500000 0.500000 1.000000
v 0.549288 0.500000 0.997583
v 0.598095 0.500000 0.990374
v 0.221927 0.543107 0.914318
v 0.185536 0.582162 0.881487
v 0.182766 0.541220 0.885655
v 0.224218 0.585896 0.909276
v 0.150119 0.580336 0.849881
v 0.146763 0.540298 0.853237
v 0.145646 0.500000 0.854354
v 0.181885 0.500000 0.887077
v 0.221245 0.500000 0.916054
v 0.881614 0.185960 0.417324
v 0.914471 0.222377 0.456420
v 0.885742 0.183005 0.458512
v 0.909503 0.225026 0.413190
v 0.916154 0.221524 0.500000
v 0.887133 0.182034 0.500000
v 0.853190 0.146810 0.459535
v 0.854326 0.145674 0.500000
v 0.849791 0.150209 0.419344
v 0.980984 0.596518 0.402645
v 0.995178 0.548990 0.450772
v 0.988002 0.548485 0.402028
v 0.988022 0.597516 0.451083
v 0.997585 0.549141 0.500000
v 0.990389 0.597814 0.500000
v 1.000000 0.500000 0.500000
v 0.997583 0.500000 0.450712
v 0.990374 0.500000 0.401905
v 0.914318 0.543107 0.778073
v 0.881487 0.582162 0.814464
v 0.885655 0.541220 0.817234
v 0.909276 0.585896 0.775782
v 0.849881 0.580336 0.849881
v 0.853237 0.540298 0.853237
v 0.854354 0.500000 0.854354
v 0.887077 0.500000 0.818115
v 0.916054 0.500000 0.778755
v 0.417344 0.185968 0.118366
v 0.456421 0.222378 0.085527
v 0.458523 0.183011 0.114247
v 0.413190 0.225028 0.090495
v 0.500000 0.221525 0.083845
v 0.500000 0.182038 0.112859
v 0.459619 0.146844 0.146729
v 0.500000 0.145697 0.145624
v 0.419504 0.150261 0.150067
v 0.402645 0.596518 0.019016
v 0.450772 0.548990 0.004822
v 0.402028 0.548485 0.011998
v 0.451083 0.597516 0.011978
v 0.500000 0.549141 0.002415
v 0.500000 0.597814 0.009611
v 0.500000 0.500000 0.000000
v 0.450712 0.500000 0.002417
v 0.401905 0.500000 0.009626
v 0.778073 0.543108 0.085682
v 0.814464 0.582162 0.118513
v 0.817234 0.541221 0.114345
v 0.775782 0.585896 0.090724
v 0.849881 0.580336 0.150119
v 0.853237 0.540298 0.146763
v 0.854354 0.500000 0.145646
v 0.818115 0.500000 0.112923
v 0.778755 0.500000 0.083946
v 0.118386 0.185960 0.582676
v 0.085528 0.222377 0.543580
v 0.114258 0.183005 0.541488
v 0.090497 0.225026 0.586810
v 0.083846 0.221524 0.500000
v 0.112867 0.182034 0.500000
v 0.146810 0.146810 0.540465
v 0.145674 0.145674 0.500000
v 0.150209 0.150209 0.580656
v 0.019016 0.596518 0.597355
v 0.004822 0.548990 0.549228
v 0.011998 0.548485 0.597972
v 0.011978 0.597516 0.548917
v 0.002415 0.549141 0.500000
v 0.009611 0.597814 0.500000
v 0.000000 0.500000 0.500000
v 0.002417 0.500000 0.549288
v 0.009626 0.500000 0.598095
v 0.085682 0.543107 0.221927
v 0.118513 0.582162 0.185536
v 0.114345 0.541221 0.182766
v 0.090724 0.585896 0.224218
v 0.150119 0.580336 0.150119
v 0.146763 0.540298 0.146763
v 0.145646 0.500000 0.145646
v 0.112923 0.500000 0.181885
v 0.083946 0.500000 0.221245
v 0.011998 0.548485 0.402028
v 0.030611 0.594728 0.355189
v 0.023852 0.547577 0.354263
v 0.019016 0.596518 0.402645
v 0.046572 0.592297 0.309314
v 0.040218 0.546346 0.308013
v 0.038038 0.500000 0.307705
v 0.021551 0.500000 0.354067
v 0.009627 0.500000 0.401905
v 0.066456 0.733285 0.409353
v 0.098631 0.770452 0.370686
v 0.075799 0.729276 0.365045
v 0.090497 0.774974 0.413190
v 0.109816 0.764224 0.329398
v 0.088616 0.723783 0.322153
v 0.056739 0.686013 0.360560
v 0.070909 0.681415 0.316363
v 0.046406 0.689387 0.406305
v 0.123991 0.708954 0.242322
v 0.160653 0.737312 0.216405
v 0.146446 0.700371 0.205826
v 0.140795 0.747146 0.251942
v 0.185370 0.732543 0.185370
v 0.173397 0.696195 0.173397
v 0.134628 0.662041 0.197126
v 0.163490 0.658559 0.163490
v 0.109967 0.669171 0.234471
v 0.090724 0.585896 0.775782
v 0.060903 0.544870 0.736213
v 0.085682 0.543107 0.778073
v 0.066686 0.589380 0.734431
v 0.040218 0.546346 0.691987
v 0.046572 0.592297 0.690686
v 0.058910 0.500000 0.736694
v 0.038038 0.500000 0.692295
v 0.083946 0.500000 0.778755
v 0.140795 0.747146 0.748059
v 0.104745 0.717039 0.718791
v 0.123990 0.708954 0.757678
v 0.123926 0.756466 0.710230
v 0.088616 0.723783 0.677847
v 0.109816 0.764224 0.670602
v 0.070909 0.681415 0.683637
v 0.088722 0.675843 0.725704
v 0.109967 0.669171 0.765529
v 0.090497 0.774974 0.586810
v 0.060742 0.735588 0.545518
v 0.066456 0.733285 0.590647
v 0.085528 0.777623 0.543580
v 0.058804 0.736309 0.500000
v 0.083846 0.778476 0.500000
v 0.037954 0.691865 0.500000
v 0.040092 0.691287 0.547059
v 0.046406 0.689387 0.593695
v 0.160657 0.216896 0.737840
v 0.123926 0.243534 0.710230
v 0.146415 0.206460 0.701093
v 0.140795 0.252854 0.748058
v 0.109816 0.235776 0.670602
v 0.134547 0.197797 0.662839
v 0.173580 0.173580 0.696645
v 0.163668 0.163668 0.659054
v 0.185522 0.185522 0.732874
v 0.098852 0.371963 0.771593
v 0.066686 0.410620 0.734431
v 0.076001 0.366833 0.730938
v 0.090724 0.414104 0.775782
v 0.046572 0.407703 0.690686
v 0.056851 0.362545 0.687927
v 0.088722 0.324157 0.725704
v 0.070908 0.318585 0.683637
v 0.109967 0.330829 0.765529
v 0.030537 0.356355 0.595941
v 0.011978 0.402484 0.548917
v 0.023783 0.354892 0.548198
v 0.019016 0.403482 0.597355
v 0.009611 0.402187 0.500000
v 0.021503 0.354454 0.500000
v 0.040092 0.308713 0.547059
v 0.037954 0.308135 0.500000
v 0.046406 0.310613 0.593695
v 0.597972 0.548485 0.011997
v 0.644811 0.594728 0.030611
v 0.645737 0.547578 0.023851
v 0.597355 0.596518 0.019016
v 0.690686 0.592297 0.046572
v 0.691987 0.546346 0.040218
v 0.692295 0.500000 0.038038
v 0.645933 0.500000 0.021551
v 0.598095 0.500000 0.009626
v 0.590646 0.733284 0.066456
v 0.629313 0.770451 0.098630
v 0.634955 0.729275 0.075798
v 0.586810 0.774972 0.090495
v 0.670600 0.764224 0.109815
v 0.677846 0.723783 0.088615
v 0.639439 0.686013 0.056738
v 0.683637 0.681415 0.070908
v 0.593695 0.689387 0.046405
v 0.757678 0.708954 0.123990
v 0.783594 0.737311 0.160652
v 0.794174 0.700371 0.146446
v 0.748058 0.747145 0.140794
v 0.814630 0.732543 0.185370
v 0.826603 0.696195 0.173396
v 0.802874 0.662041 0.134628
v 0.836510 0.658559 0.163490
v 0.765529 0.669171 0.109967
v 0.224218 0.585896 0.090724
v 0.263787 0.544870 0.060903
v 0.221927 0.543108 0.085682
v 0.265569 0.589380 0.066686
v 0.308013 0.546346 0.040218
v 0.309314 0.592297 0.046572
v 0.263306 0.500000 0.058910
v 0.307705 0.500000 0.038038
v 0.221245 0.500000 0.083946
v 0.251942 0.747145 0.140794
v 0.281210 0.717039 0.104745
v 0.242322 0.708954 0.123990
v 0.289771 0.756466 0.123925
v 0.322154 0.723783 0.088615
v 0.329399 0.764224 0.109815
v 0.316363 0.681415 0.070908
v 0.274296 0.675843 0.088722
v 0.234471 0.669171 0.109967
v 0.413190 0.774972 0.090495
v 0.454482 0.735588 0.060741
v 0.409354 0.733284 0.066456
v 0.456421 0.777622 0.085527
v 0.500000 0.736309 0.058804
v 0.500000 0.778475 0.083845
v 0.500000 0.691865 0.037954
v 0.452942 0.691287 0.040092
v 0.406305 0.689387 0.046405
v 0.262181 0.216897 0.160636
v 0.289771 0.243535 0.123925
v 0.298936 0.206463 0.146388
v 0.251942 0.252855 0.140794
v 0.329399 0.235776 0.109815
v 0.337193 0.197802 0.134519
v 0.303580 0.173602 0.173375
v 0.341193 0.163707 0.163451
v 0.267292 0.185529 0.185362
v 0.228407 0.371963 0.098852
v 0.265569 0.410620 0.066686
v 0.269062 0.366833 0.076001
v 0.224218 0.414104 0.090724
v 0.309314 0.407703 0.046572
v 0.312073 0.362545 0.056851
v 0.274296 0.324157 0.088721
v 0.316363 0.318586 0.070908
v 0.234471 0.330829 0.109967
v 0.404059 0.356355 0.030537
v 0.451083 0.402485 0.011978
v 0.451802 0.354892 0.023783
v 0.402645 0.403482 0.019016
v 0.500000 0.402187 0.009611
v 0.500000 0.354454 0.021503
v 0.452942 0.308713 0.040092
v 0.500000 0.308135 0.037954
v 0.406305 0.310614 0.046405
v 0.988002 0.548485 0.597972
v 0.969389 0.594728 0.644811
v 0.976148 0.547577 0.645737
v 0.980984 0.596518 0.597355
v 0.953428 0.592297 0.690686
v 0.959782 0.546346 0.691987
v 0.961962 0.500000 0.692295
v 0.978449 0.500000 0.645933
v 0.990373 0.500000 0.598095
v 0.933544 0.733285 0.590647
v 0.901369 0.770452 0.629314
v 0.924201 0.729275 0.634955
v 0.909503 0.774974 0.586810
v 0.890184 0.764224 0.670602
v 0.911384 0.723783 0.677847
v 0.943261 0.686013 0.639440
v 0.929091 0.681415 0.683637
v 0.953594 0.689387 0.593695
v 0.876009 0.708954 0.757678
v 0.839347 0.737312 0.783595
v 0.853554 0.700371 0.794175
v 0.859205 0.747146 0.748059
v 0.814630 0.732543 0.814630
v 0.826603 0.696195 0.826604
v 0.865372 0.662041 0.802874
v 0.836510 0.658559 0.836510
v 0.890033 0.669171 0.765529
v 0.909276 0.585896 0.224218
v 0.939097 0.544870 0.263787
v 0.914318 0.543107 0.221927
v 0.933314 0.589380 0.265569
v 0.959782 0.546346 0.308013
v 0.953428 0.592297 0.309314
v 0.941090 0.500000 0.263306
v 0.961962 0.500000 0.307705
v 0.916054 0.500000 0.221245
v 0.859205 0.747146 0.251942
v 0.895255 0.717039 0.281209
v 0.876009 0.708954 0.242322
v 0.876074 0.756466 0.289770
v 0.911384 0.723783 0.322153
v 0.890184 0.764224 0.329398
v 0.929091 0.681415 0.316363
v 0.911278 0.675843 0.274296
v 0.890033 0.669171 0.234471
v 0.909503 0.774974 0.413190
v 0.939258 0.735588 0.454482
v 0.933544 0.733285 0.409353
v 0.914472 0.777623 0.456420
v 0.941196 0.736309 0.500000
v 0.916154 0.778476 0.500000
v 0.962046 0.691865 0.500000
v 0.959908 0.691287 0.452941
v 0.953594 0.689387 0.406305
v 0.839343 0.216896 0.262160
v 0.876074 0.243534 0.289770
v 0.853585 0.206460 0.298907
v 0.859205 0.252855 0.251941
v 0.890184 0.235776 0.329398
v 0.865453 0.197797 0.337161
v 0.826420 0.173580 0.303355
v 0.836332 0.163668 0.340946
v 0.814478 0.185522 0.267126
v 0.901148 0.371963 0.228407
v 0.933314 0.410620 0.265569
v 0.923999 0.366833 0.269062
v 0.909276 0.414104 0.224218
v 0.953428 0.407703 0.309314
v 0.943149 0.362545 0.312073
v 0.911278 0.324157 0.274296
v 0.929091 0.318585 0.316363
v 0.890033 0.330829 0.234471
v 0.969463 0.356355 0.404059
v 0.988022 0.402484 0.451083
v 0.976217 0.354892 0.451802
v 0.980984 0.403482 0.402645
v 0.990389 0.402187 0.500000
v 0.978497 0.354454 0.500000
v 0.959908 0.308713 0.452941
v 0.962046 0.308135 0.500000
v 0.953594 0.310613 0.406305
v 0.402028 0.548485 0.988002
v 0.355189 0.594728 0.969389
v 0.354263 0.547577 0.976148
v 0.402645 0.596518 0.980984
v 0.309314 0.592297 0.953428
v 0.308013 0.546346 0.959782
v 0.307705 0.500000 0.961962
v 0.354067 0.500000 0.978449
v 0.401905 0.500000 0.990373
v 0.409354 0.733284 0.933545
v 0.370687 0.770451 0.901370
v 0.365045 0.729275 0.924202
v 0.413190 0.774972 0.909505
v 0.329399 0.764224 0.890185
v 0.322154 0.723783 0.911385
v 0.360561 0.686013 0.943262
v 0.316363 0.681415 0.929092
v 0.406305 0.689387 0.953595
v 0.242322 0.708954 0.876010
v 0.216406 0.737311 0.839348
v 0.205826 0.700371 0.853554
v 0.251942 0.747145 0.859206
v 0.185370 0.732542 0.814630
v 0.173397 0.696195 0.826604
v 0.197126 0.662041 0.865372
v 0.163490 0.658559 0.836510
v 0.234471 0.669171 0.890033
v 0.775782 0.585896 0.909276
v 0.736213 0.544870 0.939097
v 0.778073 0.543107 0.914318
v 0.734431 0.589380 0.933314
v 0.691987 0.546346 0.959782
v 0.690686 0.592297 0.953428
v 0.736694 0.500000 0.941090
v 0.692295 0.500000 0.961962
v 0.778755 0.500000 0.916054
v 0.748058 0.747145 0.859206
v 0.718790 0.717039 0.895255
v 0.757678 0.708954 0.876010
v 0.710229 0.756466 0.876075
v 0.677846 0.723783 0.911385
v 0.670600 0.764224 0.890185
v 0.683637 0.681415 0.929092
v 0.725704 0.675843 0.911279
v 0.765529 0.669171 0.890033
v 0.586810 0.774972 0.909505
v 0.545518 0.735588 0.939259
v 0.590646 0.733284 0.933545
v 0.543579 0.777622 0.914473
v 0.500000 0.736308 0.941197
v 0.500000 0.778475 0.916155
v 0.500000 0.691865 0.962046
v 0.547058 0.691287 0.959908
v 0.593695 0.689387 0.953595
v 0.737819 0.216897 0.839364
v 0.710229 0.243534 0.876075
v 0.701064 0.206463 0.853612
v 0.748058 0.252855 0.859206
v 0.670600 0.235776 0.890185
v 0.662807 0.197802 0.865481
v 0.696420 0.173601 0.826625
v 0.658806 0.163707 0.836549
v 0.732708 0.185529 0.814638
v 0.771593 0.371963 0.901148
v 0.734431 0.410620 0.933314
v 0.730938 0.366833 0.923999
v 0.775782 0.414104 0.909276
v 0.690686 0.407703 0.953428
v 0.687927 0.362545 0.943149
v 0.725704 0.324157 0.911278
v 0.683637 0.318585 0.929092
v 0.765529 0.330829 0.890033
v 0.595941 0.356355 0.969463
v 0.548917 0.402484 0.988022
v 0.548198 0.354892 0.976217
v 0.597355 0.403482 0.980984
v 0.500000 0.402186 0.990389
v 0.500000 0.354454 0.978497
v 0.547058 0.308713 0.959908
v 0.500000 0.308135 0.962046
v 0.593695 0.310613 0.953595
v 0.403482 0.019016 0.402645
v 0.452423 0.023851 0.354263
v 0.451515 0.011997 0.402028
v 0.405272 0.030611 0.355189
v 0.453654 0.040218 0.308013
v 0.407703 0.046572 0.309314
v 0.500000 0.038038 0.307705
v 0.500000 0.021551 0.354067
v 0.500000 0.009626 0.401905
v 0.225026 0.090497 0.413190
v 0.270725 0.075799 0.365045
v 0.266715 0.066456 0.409353
v 0.229548 0.098631 0.370686
v 0.276217 0.088616 0.322153
v 0.235776 0.109816 0.329398
v 0.318585 0.070909 0.316362
v 0.313987 0.056739 0.360560
v 0.310613 0.046406 0.406305
v 0.252854 0.140796 0.251940
v 0.299600 0.146472 0.205822
v 0.291045 0.123991 0.242321
v 0.262667 0.160674 0.216403
v 0.303580 0.173602 0.173375
v 0.267292 0.185529 0.185362
v 0.341193 0.163707 0.163451
v 0.337928 0.134656 0.197120
v 0.330828 0.109968 0.234470
v 0.456893 0.085684 0.778075
v 0.410620 0.066687 0.734433
v 0.455130 0.060903 0.736214
v 0.414104 0.090726 0.775785
v 0.407703 0.046572 0.690686
v 0.453654 0.040218 0.691987
v 0.500000 0.058910 0.736695
v 0.500000 0.038038 0.692295
v 0.500000 0.083947 0.778756
v 0.291045 0.123991 0.757679
v 0.243534 0.123927 0.710230
v 0.282960 0.104746 0.718791
v 0.252854 0.140796 0.748060
v 0.235776 0.109816 0.670602
v 0.276217 0.088616 0.677847
v 0.324156 0.088722 0.725704
v 0.318585 0.070909 0.683637
v 0.330828 0.109968 0.765530
v 0.266715 0.066456 0.590647
v 0.222377 0.085528 0.543580
v 0.264412 0.060742 0.545518
v 0.225026 0.090497 0.586810
v 0.221524 0.083846 0.500000
v 0.263691 0.058804 0.500000
v 0.308713 0.040092 0.547058
v 0.308135 0.037954 0.500000
v 0.310613 0.046406 0.593695
v 0.793540 0.146415 0.701094
v 0.747146 0.140796 0.748060
v 0.756466 0.123927 0.710230
v 0.783105 0.160657 0.737841
v 0.802203 0.134547 0.662839
v 0.764224 0.109816 0.670602
v 0.836332 0.163668 0.659054
v 0.826420 0.173580 0.696645
v 0.814478 0.185522 0.732874
v 0.633167 0.076002 0.730939
v 0.585896 0.090726 0.775785
v 0.589380 0.066687 0.734433
v 0.628038 0.098853 0.771594
v 0.637455 0.056851 0.687927
v 0.592297 0.046572 0.690686
v 0.681415 0.070909 0.683637
v 0.675844 0.088722 0.725704
v 0.669172 0.109968 0.765530
v 0.645108 0.023783 0.548198
v 0.596518 0.019016 0.597355
v 0.597516 0.011978 0.548917
v 0.643645 0.030537 0.595941
v 0.645546 0.021503 0.500000
v 0.597814 0.009611 0.500000
v 0.691865 0.037954 0.500000
v 0.691287 0.040092 0.547058
v 0.689387 0.046406 0.593695
v 0.547577 0.976149 0.354263
v 0.596518 0.980984 0.402645
v 0.594728 0.969389 0.355189
v 0.548485 0.988002 0.402028
v 0.546346 0.959782 0.308013
v 0.592297 0.953428 0.309314
v 0.500000 0.961962 0.307705
v 0.500000 0.978450 0.354067
v 0.500000 0.990374 0.401905
v 0.729275 0.924201 0.365045
v 0.774974 0.909503 0.413190
v 0.770452 0.901369 0.370686
v 0.733285 0.933544 0.409353
v 0.723783 0.911384 0.322153
v 0.764224 0.890184 0.329398
v 0.681415 0.929091 0.316363
v 0.686013 0.943261 0.360560
v 0.689387 0.953594 0.406305
v 0.700400 0.853528 0.205822
v 0.747146 0.859205 0.251940
v 0.737333 0.839327 0.216403
v 0.708954 0.876009 0.242321
v 0.696420 0.826399 0.173375
v 0.732708 0.814471 0.185362
v 0.658806 0.836293 0.163451
v 0.662072 0.865344 0.197120
v 0.669172 0.890032 0.234470
v 0.589380 0.933313 0.734433
v 0.543107 0.914316 0.778075
v 0.585896 0.909274 0.775785
v 0.544870 0.939097 0.736214
v 0.592297 0.953428 0.690686
v 0.546346 0.959782 0.691987
v 0.500000 0.941090 0.736695
v 0.500000 0.961962 0.692295
v 0.500000 0.916053 0.778756
v 0.756466 0.876073 0.710230
v 0.708954 0.876009 0.757679
v 0.747146 0.859205 0.748060
v 0.717040 0.895254 0.718791
v 0.764224 0.890184 0.670602
v 0.723783 0.911384 0.677847
v 0.675844 0.911278 0.725705
v 0.681415 0.929091 0.683638
v 0.669172 0.890032 0.765530
v 0.777623 0.914472 0.543580
v 0.733285 0.933544 0.590647
v 0.774974 0.909503 0.586810
v 0.735588 0.939258 0.545518
v 0.778476 0.916155 0.500000
v 0.736309 0.941196 0.500000
v 0.691287 0.959908 0.547059
v 0.691865 0.962046 0.500000
v 0.689387 0.953594 0.593695
v 0.252854 0.859205 0.748060
v 0.206460 0.853585 0.701094
v 0.216895 0.839343 0.737841
v 0.243534 0.876073 0.710230
v 0.197797 0.865453 0.662839
v 0.235776 0.890184 0.670602
v 0.163668 0.836332 0.659054
v 0.173580 0.826420 0.696645
v 0.185522 0.814478 0.732874
v 0.414104 0.909274 0.775785
v 0.366833 0.923998 0.730939
v 0.371962 0.901147 0.771594
v 0.410620 0.933313 0.734433
v 0.362545 0.943149 0.687927
v 0.407703 0.953428 0.690686
v 0.318585 0.929091 0.683638
v 0.324156 0.911278 0.725705
v 0.330828 0.890032 0.765530
v 0.403482 0.980984 0.597355
v 0.354892 0.976217 0.548198
v 0.356355 0.969463 0.595941
v 0.402484 0.988022 0.548918
v 0.354454 0.978497 0.500000
v 0.402186 0.990389 0.500000
v 0.308135 0.962046 0.500000
v 0.308713 0.959908 0.547059
v 0.310613 0.953594 0.593695
v 0.185960 0.881615 0.417324
v 0.229548 0.901369 0.370686
v 0.190925 0.874825 0.376749
v 0.225026 0.909503 0.413190
v 0.235776 0.890184 0.329398
v 0.197797 0.865453 0.337161
v 0.155852 0.844148 0.379709
v 0.163668 0.836332 0.340946
v 0.150209 0.849791 0.419344
v 0.356355 0.969463 0.404059
v 0.405272 0.969390 0.355189
v 0.358979 0.958375 0.357267
v 0.403482 0.980984 0.402645
v 0.407703 0.953428 0.309314
v 0.362545 0.943149 0.312073
v 0.313987 0.943261 0.360560
v 0.318585 0.929091 0.316363
v 0.310613 0.953594 0.406305
v 0.371962 0.901147 0.228406
v 0.417818 0.881467 0.185527
v 0.377433 0.874678 0.190328
v 0.414104 0.909274 0.224215
v 0.419504 0.849740 0.150067
v 0.379930 0.844097 0.155659
v 0.337928 0.865344 0.197120
v 0.341193 0.836293 0.163451
v 0.330828 0.890032 0.234470
v 0.770452 0.098631 0.370686
v 0.814040 0.118386 0.417323
v 0.774974 0.090497 0.413190
v 0.809075 0.125175 0.376749
v 0.764224 0.109816 0.329398
v 0.802203 0.134547 0.337161
v 0.844148 0.155852 0.379708
v 0.836332 0.163668 0.340946
v 0.849791 0.150209 0.419344
v 0.594728 0.030611 0.355189
v 0.643645 0.030537 0.404059
v 0.596518 0.019016 0.402645
v 0.641021 0.041625 0.357267
v 0.592297 0.046572 0.309314
v 0.637455 0.056851 0.312073
v 0.686013 0.056739 0.360560
v 0.681415 0.070909 0.316362
v 0.689387 0.046406 0.406305
v 0.582182 0.118533 0.185526
v 0.628038 0.098853 0.228406
v 0.585896 0.090726 0.224215
v 0.622567 0.125323 0.190328
v 0.580496 0.150261 0.150067
v 0.620070 0.155903 0.155659
v 0.662072 0.134656 0.197120
v 0.658806 0.163707 0.163451
v 0.669172 0.109968 0.234470
v 0.413190 0.225028 0.909505
v 0.376777 0.190933 0.874851
v 0.417344 0.185968 0.881634
v 0.370687 0.229549 0.901370
v 0.337193 0.197802 0.865481
v 0.329399 0.235776 0.890185
v 0.341193 0.163707 0.836549
v 0.379930 0.155903 0.844341
v 0.419504 0.150260 0.849933
v 0.402645 0.403482 0.980984
v 0.357267 0.358979 0.958375
v 0.404059 0.356355 0.969463
v 0.355189 0.405272 0.969389
v 0.312073 0.362545 0.943149
v 0.309314 0.407703 0.953428
v 0.316363 0.318585 0.929092
v 0.360561 0.313987 0.943262
v 0.406305 0.310613 0.953595
v 0.224218 0.414104 0.909276
v 0.190337 0.377461 0.874703
v 0.228407 0.371963 0.901148
v 0.185536 0.417838 0.881487
v 0.155711 0.380151 0.844289
v 0.150119 0.419664 0.849881
v 0.163490 0.341441 0.836510
v 0.197126 0.337959 0.865372
v 0.234471 0.330829 0.890033
v 0.909503 0.225026 0.586810
v 0.874825 0.190925 0.623251
v 0.881614 0.185960 0.582676
v 0.901369 0.229548 0.629314
v 0.865453 0.197797 0.662839
v 0.890184 0.235776 0.670602
v 0.836332 0.163668 0.659054
v 0.844148 0.155852 0.620291
v 0.849791 0.150209 0.580656
v 0.980984 0.403482 0.597355
v 0.958375 0.358979 0.642733
v 0.969463 0.356355 0.595941
v 0.969389 0.405272 0.644811
v 0.943149 0.362545 0.687927
v 0.953428 0.407703 0.690686
v 0.929091 0.318585 0.683637
v 0.943261 0.313987 0.639440
v 0.953594 0.310613 0.593695
v 0.909276 0.414104 0.775782
v 0.874703 0.377461 0.809663
v 0.901148 0.371963 0.771593
v 0.881487 0.417838 0.814464
v 0.844289 0.380151 0.844289
v 0.849881 0.419664 0.849881
v 0.836510 0.341441 0.836510
v 0.865372 0.337959 0.802874
v 0.890033 0.330829 0.765529
v 0.586810 0.225028 0.090495
v 0.623223 0.190933 0.125149
v 0.582656 0.185968 0.118366
v 0.629313 0.229549 0.098630
v 0.662807 0.197802 0.134519
v 0.670600 0.235776 0.109815
v 0.658806 0.163707 0.163451
v 0.620070 0.155903 0.155659
v 0.580496 0.150261 0.150067
v 0.597355 0.403482 0.019016
v 0.642733 0.358979 0.041625
v 0.595941 0.356355 0.030537
v 0.644811 0.405272 0.030611
v 0.687927 0.362545 0.056851
v 0.690686 0.407703 0.046572
v 0.683637 0.318586 0.070908
v 0.639439 0.313987 0.056738
v 0.593695 0.310614 0.046405
v 0.775782 0.414104 0.090724
v 0.809663 0.377461 0.125297
v 0.771593 0.371963 0.098852
v 0.814464 0.417838 0.118513
v 0.844289 0.380151 0.155711
v 0.849881 0.419664 0.150119
v 0.836510 0.341441 0.163490
v 0.802874 0.337959 0.134628
v 0.765529 0.330829 0.109967
v 0.090497 0.225026 0.413190
v 0.125175 0.190925 0.376749
v 0.118386 0.185960 0.417324
v 0.098631 0.229548 0.370686
v 0.134547 0.197797 0.337161
v 0.109816 0.235776 0.329398
v 0.163668 0.163668 0.340946
v 0.155852 0.155852 0.379708
v 0.150209 0.150209 0.419344
v 0.019016 0.403482 0.402645
v 0.041626 0.358979 0.357267
v 0.030537 0.356355 0.404059
v 0.030611 0.405272 0.355189
v 0.056851 0.362545 0.312073
v 0.046572 0.407703 0.309314
v 0.070909 0.318585 0.316363
v 0.056739 0.313987 0.360560
v 0.046406 0.310613 0.406305
v 0.090724 0.414104 0.224218
v 0.125297 0.377461 0.190337
v 0.098852 0.371963 0.228407
v 0.118513 0.417838 0.185536
v 0.155711 0.380151 0.155711
v 0.150119 0.419664 0.150119
v 0.163490 0.341441 0.163490
v 0.134628 0.337959 0.197126
v 0.109967 0.330829 0.234471
v 0.076001 0.366833 0.269062
v 0.066686 0.410620 0.265569
v 0.088722 0.324157 0.274296
v 0.060903 0.455130 0.263787
v 0.040218 0.453654 0.308013
v 0.058910 0.500000 0.263306
v 0.085682 0.456893 0.221927
v 0.114345 0.458780 0.182766
v 0.146763 0.459702 0.146763
v 0.023783 0.354892 0.451802
v 0.011978 0.402484 0.451083
v 0.040092 0.308713 0.452941
v 0.004822 0.451010 0.450772
v 0.002415 0.450859 0.500000
v 0.002417 0.500000 0.450712
v 0.011998 0.451515 0.402028
v 0.023852 0.452423 0.354263
v 0.114258 0.183005 0.458512
v 0.085528 0.222377 0.456420
v 0.146810 0.146810 0.459535
v 0.060742 0.264412 0.454482
v 0.058804 0.263691 0.500000
v 0.066456 0.266715 0.409353
v 0.075799 0.270725 0.365045
v 0.088616 0.276217 0.322153
v 0.730938 0.366833 0.076001
v 0.734431 0.410620 0.066686
v 0.725704 0.324157 0.088721
v 0.736213 0.455130 0.060903
v 0.691987 0.453654 0.040217
v 0.736694 0.500000 0.058910
v 0.778073 0.456893 0.085682
v 0.817234 0.458780 0.114345
v 0.853237 0.459702 0.146763
v 0.548198 0.354892 0.023783
v 0.548917 0.402485 0.011978
v 0.547058 0.308713 0.040092
v 0.549228 0.451010 0.004822
v 0.500000 0.450859 0.002415
v 0.549288 0.500000 0.002417
v 0.597972 0.451516 0.011997
v 0.645737 0.452423 0.023851
v 0.541477 0.183011 0.114247
v 0.543579 0.222378 0.085527
v 0.540381 0.146844 0.146729
v 0.545518 0.264413 0.060741
v 0.500000 0.263692 0.058803
v 0.590646 0.266716 0.066455
v 0.634955 0.270725 0.075798
v 0.677846 0.276217 0.088615
v 0.923999 0.366833 0.730938
v 0.933314 0.410620 0.734431
v 0.911278 0.324157 0.725704
v 0.939097 0.455130 0.736213
v 0.959782 0.453654 0.691987
v 0.941090 0.500000 0.736694
v 0.914318 0.456893 0.778073
v 0.885655 0.458780 0.817234
v 0.853237 0.459702 0.853237
v 0.976217 0.354892 0.548198
v 0.988022 0.402484 0.548917
v 0.959908 0.308713 0.547059
v 0.995178 0.451010 0.549228
v 0.997585 0.450859 0.500000
v 0.997583 0.500000 0.549288
v 0.988003 0.451515 0.597972
v 0.976149 0.452423 0.645737
v 0.885742 0.183005 0.541488
v 0.914471 0.222377 0.543580
v 0.853190 0.146810 0.540465
v 0.939258 0.264412 0.545518
v 0.941196 0.263691 0.500000
v 0.933544 0.266715 0.590647
v 0.924201 0.270725 0.634955
v 0.911384 0.276217 0.677847
v 0.269062 0.366833 0.923999
v 0.265569 0.410620 0.933314
v 0.274296 0.324157 0.911278
v 0.263787 0.455130 0.939097
v 0.308013 0.453654 0.959782
v 0.263306 0.500000 0.941090
v 0.221927 0.456893 0.914318
v 0.182766 0.458780 0.885655
v 0.146763 0.459702 0.853237
v 0.451802 0.354892 0.976217
v 0.451083 0.402484 0.988022
v 0.452942 0.308713 0.959908
v 0.450772 0.451010 0.995178
v 0.500000 0.450859 0.997585
v 0.450712 0.500000 0.997583
v 0.402028 0.451515 0.988003
v 0.354263 0.452423 0.976149
v 0.458523 0.183011 0.885753
v 0.456420 0.222378 0.914473
v 0.459619 0.146844 0.853271
v 0.454482 0.264412 0.939259
v 0.500000 0.263692 0.941197
v 0.409354 0.266716 0.933544
v 0.365045 0.270725 0.924202
v 0.322154 0.276217 0.911385
v 0.589380 0.066687 0.265567
v 0.633167 0.076002 0.269061
v 0.675844 0.088722 0.274295
v 0.500000 0.058910 0.263305
v 0.546346 0.040218 0.308013
v 0.544870 0.060903 0.263786
v 0.543107 0.085684 0.221925
v 0.541231 0.114357 0.182760
v 0.540381 0.146844 0.146729
v 0.597516 0.011978 0.451082
v 0.645108 0.023783 0.451802
v 0.691287 0.040092 0.452941
v 0.500000 0.002417 0.450712
v 0.549141 0.002415 0.500000
v 0.548990 0.004822 0.450772
v 0.548485 0.011997 0.402028
v 0.547577 0.023851 0.354263
v 0.777623 0.085528 0.456420
v 0.816995 0.114258 0.458512
v 0.853190 0.146810 0.459535
v 0.736309 0.058804 0.500000
v 0.735588 0.060742 0.454482
v 0.733285 0.066456 0.409353
v 0.729275 0.075799 0.365045
v 0.723783 0.088616 0.322153
v 0.410620 0.933313 0.265567
v 0.366833 0.923998 0.269061
v 0.324156 0.911278 0.274296
v 0.453654 0.959782 0.308013
v 0.500000 0.941090 0.263305
v 0.455130 0.939097 0.263786
v 0.456893 0.914316 0.221925
v 0.458769 0.885643 0.182760
v 0.459619 0.853156 0.146729
v 0.402484 0.988022 0.451083
v 0.354892 0.976218 0.451802
v 0.308713 0.959908 0.452942
v 0.450859 0.997585 0.500000
v 0.500000 0.997583 0.450712
v 0.451010 0.995178 0.450772
v 0.451515 0.988003 0.402028
v 0.452423 0.976149 0.354263
v 0.222377 0.914472 0.456420
v 0.183005 0.885742 0.458512
v 0.146810 0.853191 0.459535
v 0.263691 0.941196 0.500000
v 0.264412 0.939258 0.454482
v 0.266715 0.933544 0.409353
v 0.270725 0.924201 0.365045
v 0.276217 0.911384 0.322153
v 0.358979 0.958374 0.642733
v 0.405272 0.969389 0.644811
v 0.313987 0.943261 0.639440
v 0.452423 0.976148 0.645737
v 0.453654 0.959782 0.691987
v 0.500000 0.978449 0.645933
v 0.451515 0.988002 0.597972
v 0.451010 0.995178 0.549228
v 0.419504 0.849739 0.849933
v 0.377433 0.874678 0.809672
v 0.379930 0.844097 0.844341
v 0.417818 0.881467 0.814474
v 0.337928 0.865344 0.802880
v 0.341193 0.836293 0.836549
v 0.500000 0.854303 0.854376
v 0.458769 0.885643 0.817240
v 0.459619 0.853156 0.853271
v 0.500000 0.887069 0.818119
v 0.456893 0.914316 0.778075
v 0.455130 0.939097 0.736214
v 0.267292 0.814471 0.814638
v 0.227988 0.822520 0.772291
v 0.233610 0.801080 0.801181
v 0.262667 0.839327 0.783597
v 0.216895 0.839343 0.737841
v 0.252854 0.859205 0.748060
v 0.185522 0.814478 0.732874
v 0.198912 0.801081 0.766483
v 0.209920 0.790036 0.790125
v 0.299600 0.853528 0.794178
v 0.303580 0.826399 0.826625
v 0.291045 0.876009 0.757679
v 0.262667 0.839327 0.783597
v 0.267292 0.814471 0.814638
v 0.282960 0.895254 0.718791
v 0.276217 0.911384 0.677847
v 0.770452 0.901369 0.629314
v 0.729275 0.924201 0.634955
v 0.686013 0.943261 0.639440
v 0.844148 0.844148 0.620292
v 0.802203 0.865453 0.662839
v 0.836332 0.836332 0.659054
v 0.809074 0.874825 0.623251
v 0.849791 0.849791 0.580656
v 0.814040 0.881614 0.582677
v 0.853190 0.853191 0.540465
v 0.816995 0.885742 0.541488
v 0.854326 0.854326 0.500000
v 0.817966 0.887133 0.500000
v 0.737333 0.839327 0.783597
v 0.696420 0.826399 0.826625
v 0.732708 0.814471 0.814638
v 0.700400 0.853528 0.794178
v 0.662072 0.865344 0.802880
v 0.658806 0.836293 0.836549
v 0.801088 0.801081 0.766483
v 0.766390 0.801080 0.801181
v 0.790080 0.790036 0.790125
v 0.772012 0.822520 0.772291
v 0.814478 0.814478 0.732874
v 0.783104 0.839343 0.737841
v 0.737333 0.839327 0.783597
v 0.747146 0.859205 0.748060
v 0.732708 0.814471 0.814638
v 0.826420 0.826420 0.696645
v 0.783104 0.839343 0.737841
v 0.814478 0.814478 0.732874
v 0.793540 0.853585 0.701094
v 0.582182 0.881467 0.814474
v 0.540381 0.853156 0.853271
v 0.580496 0.849739 0.849933
v 0.541231 0.885643 0.817240
v 0.620070 0.844097 0.844341
v 0.622567 0.874678 0.809672
v 0.628038 0.901147 0.771594
v 0.633167 0.923998 0.730939
v 0.637455 0.943149 0.687927
v 0.717040 0.895255 0.281209
v 0.756466 0.876074 0.289770
v 0.675844 0.911278 0.274296
v 0.793540 0.853585 0.298906
v 0.836332 0.836332 0.340946
v 0.826420 0.826420 0.303355
v 0.802203 0.865453 0.337161
v 0.783104 0.839343 0.262159
v 0.814478 0.814478 0.267126
v 0.772012 0.822520 0.227709
v 0.814478 0.814478 0.267126
v 0.801088 0.801081 0.233517
v 0.766390 0.801080 0.198819
v 0.790080 0.790036 0.209875
v 0.732708 0.814471 0.185362
v 0.737333 0.839327 0.216403
v 0.747146 0.859205 0.251940
v 0.735588 0.939258 0.454482
v 0.777623 0.914472 0.456420
v 0.691287 0.959908 0.452942
v 0.816995 0.885742 0.458512
v 0.853190 0.853191 0.459535
v 0.814040 0.881614 0.417324
v 0.849791 0.849791 0.419344
v 0.809074 0.874825 0.376749
v 0.844148 0.844148 0.379709
v 0.548990 0.995178 0.450772
v 0.597516 0.988022 0.451083
v 0.645108 0.976217 0.451802
v 0.645546 0.978497 0.500000
v 0.643645 0.969463 0.404059
v 0.641021 0.958374 0.357267
v 0.637455 0.943149 0.312073
v 0.641021 0.041625 0.642733
v 0.594728 0.030611 0.644811
v 0.686013 0.056739 0.639440
v 0.547577 0.023851 0.645737
v 0.500000 0.021551 0.645933
v 0.546346 0.040218 0.691987
v 0.548485 0.011997 0.597972
v 0.548990 0.004822 0.549228
v 0.622567 0.125323 0.809672
v 0.580496 0.150261 0.849932
v 0.582182 0.118533 0.814473
v 0.620070 0.155903 0.844341
v 0.662072 0.134656 0.802880
v 0.658806 0.163707 0.836549
v 0.541231 0.114357 0.817240
v 0.500000 0.145697 0.854376
v 0.500000 0.112931 0.818119
v 0.540381 0.146844 0.853271
v 0.543107 0.085684 0.778075
v 0.544870 0.060903 0.736214
v 0.772012 0.177480 0.772291
v 0.732708 0.185529 0.814638
v 0.737333 0.160674 0.783597
v 0.766390 0.198920 0.801181
v 0.783105 0.160657 0.737841
v 0.747146 0.140796 0.748060
v 0.814478 0.185522 0.732874
v 0.801088 0.198919 0.766483
v 0.790080 0.209964 0.790125
v 0.700400 0.146472 0.794178
v 0.696420 0.173601 0.826625
v 0.708954 0.123991 0.757679
v 0.737333 0.160674 0.783597
v 0.717040 0.104746 0.718791
v 0.723783 0.088616 0.677847
v 0.229548 0.098631 0.629314
v 0.270725 0.075799 0.634955
v 0.313987 0.056739 0.639440
v 0.197797 0.134547 0.662839
v 0.155852 0.155852 0.620291
v 0.190925 0.125175 0.623251
v 0.185960 0.118386 0.582676
v 0.183005 0.114258 0.541488
v 0.182034 0.112867 0.500000
v 0.303580 0.173601 0.826625
v 0.262667 0.160673 0.783597
v 0.299600 0.146472 0.794178
v 0.267292 0.185529 0.814638
v 0.337928 0.134656 0.802880
v 0.341193 0.163707 0.836549
v 0.233610 0.198920 0.801181
v 0.198912 0.198919 0.766483
v 0.227988 0.177480 0.772291
v 0.209920 0.209964 0.790125
v 0.185522 0.185522 0.732874
v 0.216895 0.160657 0.737841
v 0.262667 0.160673 0.783597
v 0.252854 0.140796 0.748060
v 0.216895 0.160657 0.737841
v 0.206460 0.146415 0.701094
v 0.459619 0.146844 0.853271
v 0.417818 0.118533 0.814473
v 0.458769 0.114357 0.817240
v 0.419504 0.150260 0.849933
v 0.379930 0.155903 0.844341
v 0.377433 0.125322 0.809672
v 0.371962 0.098853 0.771594
v 0.366833 0.076002 0.730939
v 0.362545 0.056851 0.687927
v 0.282960 0.104746 0.281209
v 0.243534 0.123927 0.289770
v 0.324156 0.088722 0.274295
v 0.206460 0.146415 0.298906
v 0.197797 0.134547 0.337161
v 0.173580 0.173580 0.303355
v 0.216895 0.160657 0.262159
v 0.185522 0.185522 0.267126
v 0.227988 0.177480 0.227709
v 0.216895 0.160657 0.262159
v 0.233610 0.198920 0.198819
v 0.262667 0.160674 0.216403
v 0.252854 0.140796 0.251940
v 0.264412 0.060742 0.454482
v 0.222377 0.085528 0.456420
v 0.308713 0.040092 0.452941
v 0.183005 0.114258 0.458512
v 0.185960 0.118386 0.417323
v 0.190925 0.125175 0.376749
v 0.451010 0.004822 0.450772
v 0.402484 0.011978 0.451083
v 0.354892 0.023783 0.451802
v 0.354454 0.021503 0.500000
v 0.356355 0.030537 0.404059
v 0.358979 0.041625 0.357267
v 0.362545 0.056851 0.312073
v 0.644811 0.405272 0.969389
v 0.642733 0.358979 0.958375
v 0.639439 0.313987 0.943262
v 0.691987 0.453654 0.959782
v 0.645933 0.500000 0.978449
v 0.645737 0.452423 0.976149
v 0.597972 0.451515 0.988003
v 0.549228 0.451010 0.995178
v 0.814464 0.417838 0.881487
v 0.809663 0.377461 0.874703
v 0.802874 0.337959 0.865372
v 0.818115 0.500000 0.887077
v 0.817234 0.458780 0.885655
v 0.778073 0.456893 0.914318
v 0.736213 0.455130 0.939097
v 0.783594 0.262689 0.839347
v 0.772278 0.228000 0.822544
v 0.748058 0.252855 0.859206
v 0.737819 0.216897 0.839364
v 0.766390 0.198920 0.801181
v 0.732708 0.185529 0.814638
v 0.826603 0.303805 0.826603
v 0.794174 0.299629 0.853554
v 0.757678 0.291046 0.876010
v 0.783594 0.262689 0.839347
v 0.814630 0.267457 0.814630
v 0.718790 0.282961 0.895255
v 0.677846 0.276217 0.911385
v 0.634955 0.729275 0.924202
v 0.629313 0.770451 0.901370
v 0.639439 0.686013 0.943262
v 0.658806 0.836293 0.836549
v 0.623223 0.809067 0.874851
v 0.662807 0.802198 0.865481
v 0.620070 0.844097 0.844341
v 0.582656 0.814032 0.881634
v 0.580496 0.849739 0.849933
v 0.541477 0.816989 0.885753
v 0.540381 0.853156 0.853271
v 0.500000 0.817962 0.887141
v 0.500000 0.854303 0.854376
v 0.794174 0.700371 0.853554
v 0.783594 0.737311 0.839348
v 0.802874 0.662041 0.865372
v 0.790080 0.790036 0.790125
v 0.772278 0.772000 0.822544
v 0.801172 0.766298 0.801179
v 0.766390 0.801080 0.801181
v 0.737819 0.783103 0.839364
v 0.732708 0.814471 0.814638
v 0.748058 0.747145 0.859206
v 0.814630 0.732543 0.814630
v 0.732708 0.814471 0.814638
v 0.701064 0.793537 0.853612
v 0.696420 0.826399 0.826625
v 0.817234 0.541220 0.885655
v 0.814464 0.582162 0.881487
v 0.809663 0.622539 0.874703
v 0.844289 0.619849 0.844289
v 0.771593 0.628037 0.901148
v 0.730938 0.633167 0.923999
v 0.687927 0.637455 0.943149
v 0.289771 0.756466 0.876075
v 0.281210 0.717039 0.895255
v 0.274296 0.675843 0.911279
v 0.337193 0.802198 0.865481
v 0.303580 0.826399 0.826625
v 0.298936 0.793537 0.853612
v 0.341193 0.836293 0.836549
v 0.267292 0.814471 0.814638
v 0.262181 0.783103 0.839364
v 0.262181 0.783103 0.839364
v 0.233610 0.801080 0.801181
v 0.227722 0.772000 0.822544
v 0.209920 0.790036 0.790125
v 0.198828 0.766298 0.801179
v 0.185370 0.732542 0.814630
v 0.251942 0.747145 0.859206
v 0.456421 0.777622 0.914473
v 0.454482 0.735588 0.939259
v 0.452942 0.691287 0.959908
v 0.459619 0.853156 0.853271
v 0.458523 0.816989 0.885753
v 0.419504 0.849739 0.849933
v 0.417344 0.814032 0.881634
v 0.379930 0.844097 0.844341
v 0.376777 0.809067 0.874851
v 0.451083 0.597516 0.988022
v 0.450772 0.548990 0.995178
v 0.500000 0.645546 0.978497
v 0.451802 0.645108 0.976217
v 0.404059 0.643645 0.969463
v 0.357267 0.641021 0.958374
v 0.312073 0.637455 0.943149
v 0.969389 0.405272 0.355189
v 0.958375 0.358979 0.357267
v 0.943261 0.313987 0.360560
v 0.959782 0.453654 0.308013
v 0.978449 0.500000 0.354067
v 0.976149 0.452423 0.354263
v 0.988003 0.451515 0.402028
v 0.995178 0.451010 0.450772
v 0.881487 0.417838 0.185536
v 0.874703 0.377461 0.190337
v 0.865372 0.337959 0.197126
v 0.887077 0.500000 0.181885
v 0.885655 0.458780 0.182766
v 0.914318 0.456893 0.221927
v 0.939097 0.455130 0.263787
v 0.839347 0.262688 0.216405
v 0.822532 0.228000 0.227710
v 0.859205 0.252855 0.251941
v 0.801088 0.198919 0.233517
v 0.826603 0.303805 0.173396
v 0.853554 0.299629 0.205825
v 0.876009 0.291046 0.242322
v 0.839347 0.262688 0.216405
v 0.814630 0.267458 0.185370
v 0.895255 0.282961 0.281209
v 0.911384 0.276217 0.322153
v 0.924201 0.729276 0.365045
v 0.901369 0.770452 0.370686
v 0.943261 0.686013 0.360560
v 0.836332 0.836332 0.340946
v 0.874825 0.809075 0.376749
v 0.865453 0.802203 0.337161
v 0.881614 0.814040 0.417324
v 0.849791 0.849791 0.419344
v 0.885742 0.816995 0.458512
v 0.853190 0.853191 0.459535
v 0.887133 0.817966 0.500000
v 0.854326 0.854326 0.500000
v 0.853554 0.700371 0.205826
v 0.839347 0.737312 0.216405
v 0.865372 0.662041 0.197126
v 0.790080 0.790036 0.209875
v 0.822532 0.772000 0.227710
v 0.801172 0.766298 0.198821
v 0.801088 0.801081 0.233517
v 0.839343 0.783105 0.262160
v 0.814478 0.814478 0.267126
v 0.859205 0.747146 0.251942
v 0.814630 0.732543 0.185370
v 0.814478 0.814478 0.267126
v 0.853585 0.793541 0.298907
v 0.839343 0.783105 0.262160
v 0.885655 0.541221 0.182766
v 0.881487 0.582162 0.185536
v 0.874703 0.622539 0.190337
v 0.844289 0.619849 0.155711
v 0.901148 0.628037 0.228407
v 0.923999 0.633167 0.269062
v 0.943149 0.637455 0.312073
v 0.876074 0.756466 0.710230
v 0.895255 0.717039 0.718791
v 0.911278 0.675843 0.725704
v 0.865453 0.802203 0.662839
v 0.853585 0.793540 0.701093
v 0.836332 0.836332 0.659054
v 0.814478 0.814478 0.732874
v 0.839343 0.783104 0.737840
v 0.839343 0.783104 0.737840
v 0.801088 0.801081 0.766483
v 0.822532 0.772000 0.772290
v 0.839347 0.737312 0.783595
v 0.859205 0.747146 0.748059
v 0.914472 0.777623 0.543580
v 0.939258 0.735588 0.545518
v 0.959908 0.691287 0.547059
v 0.885742 0.816995 0.541488
v 0.849791 0.849791 0.580656
v 0.881614 0.814040 0.582676
v 0.844148 0.844148 0.620292
v 0.874825 0.809075 0.623251
v 0.988022 0.597516 0.548917
v 0.995178 0.548990 0.549228
v 0.978497 0.645546 0.500000
v 0.976217 0.645108 0.548198
v 0.969463 0.643645 0.595941
v 0.958374 0.641021 0.642733
v 0.943149 0.637455 0.687927
v 0.355189 0.405272 0.030611
v 0.357267 0.358979 0.041625
v 0.360561 0.313987 0.056738
v 0.308013 0.453654 0.040218
v 0.354067 0.500000 0.021551
v 0.354263 0.452423 0.023851
v 0.402028 0.451516 0.011997
v 0.450772 0.451010 0.004822
v 0.155711 0.380151 0.155711
v 0.185536 0.417838 0.118513
v 0.190337 0.377461 0.125297
v 0.150119 0.419664 0.150119
v 0.197126 0.337959 0.134628
v 0.163490 0.341441 0.163490
v 0.146763 0.459702 0.146763
v 0.181885 0.500000 0.112923
v 0.182766 0.458780 0.114345
v 0.145646 0.500000 0.145646
v 0.221927 0.456893 0.085682
v 0.263787 0.455130 0.060903
v 0.198828 0.233702 0.198821
v 0.216406 0.262689 0.160652
v 0.227722 0.228000 0.177456
v 0.185370 0.267458 0.185370
v 0.251942 0.252855 0.140794
v 0.262181 0.216897 0.160636
v 0.233610 0.198920 0.198819
v 0.267292 0.185529 0.185362
v 0.209920 0.209965 0.209875
v 0.173397 0.303805 0.173396
v 0.205826 0.299629 0.146446
v 0.242322 0.291047 0.123990
v 0.216406 0.262689 0.160652
v 0.281210 0.282961 0.104745
v 0.322154 0.276217 0.088615
v 0.365045 0.729275 0.075798
v 0.370687 0.770451 0.098630
v 0.360561 0.686013 0.056738
v 0.341193 0.836293 0.163451
v 0.376777 0.809067 0.125149
v 0.337193 0.802198 0.134519
v 0.379930 0.844097 0.155659
v 0.417344 0.814032 0.118366
v 0.419504 0.849740 0.150067
v 0.458523 0.816989 0.114247
v 0.459619 0.853156 0.146729
v 0.500000 0.817963 0.112859
v 0.500000 0.854303 0.145624
v 0.185370 0.732543 0.185370
v 0.205826 0.700371 0.146446
v 0.173397 0.696195 0.173397
v 0.216406 0.737311 0.160652
v 0.197126 0.662041 0.134628
v 0.163490 0.658559 0.163490
v 0.209920 0.790036 0.209875
v 0.227722 0.772000 0.177456
v 0.198828 0.766298 0.198821
v 0.233610 0.801080 0.198819
v 0.262181 0.783103 0.160636
v 0.267292 0.814471 0.185362
v 0.251942 0.747145 0.140794
v 0.216406 0.737311 0.160652
v 0.267292 0.814471 0.185362
v 0.298936 0.793537 0.146388
v 0.262181 0.783103 0.160636
v 0.303580 0.826399 0.173375
v 0.150119 0.580336 0.150119
v 0.182766 0.541221 0.114345
v 0.146763 0.540298 0.146763
v 0.185536 0.582162 0.118513
v 0.190337 0.622539 0.125297
v 0.155711 0.619849 0.155711
v 0.228407 0.628037 0.098852
v 0.269062 0.633167 0.076001
v 0.312073 0.637455 0.056851
v 0.710229 0.756466 0.123925
v 0.718790 0.717039 0.104745
v 0.725704 0.675843 0.088722
v 0.662807 0.802198 0.134519
v 0.696420 0.826399 0.173375
v 0.701064 0.793537 0.146388
v 0.658806 0.836293 0.163451
v 0.732708 0.814471 0.185362
v 0.737819 0.783103 0.160636
v 0.737819 0.783103 0.160636
v 0.766390 0.801080 0.198819
v 0.772278 0.772000 0.177456
v 0.790080 0.790036 0.209875
v 0.783594 0.737311 0.160652
v 0.748058 0.747145 0.140794
v 0.543579 0.777622 0.085527
v 0.545518 0.735588 0.060741
v 0.547058 0.691287 0.040092
v 0.540381 0.853156 0.146729
v 0.541477 0.816989 0.114247
v 0.580496 0.849740 0.150067
v 0.582656 0.814032 0.118366
v 0.620070 0.844097 0.155659
v 0.623223 0.809067 0.125149
v 0.548917 0.597516 0.011978
v 0.549228 0.548990 0.004822
v 0.500000 0.645546 0.021503
v 0.548198 0.645108 0.023783
v 0.595941 0.643645 0.030537
v 0.642733 0.641021 0.041625
v 0.687927 0.637455 0.056851
v 0.030611 0.405272 0.644811
v 0.041625 0.358979 0.642733
v 0.056739 0.313987 0.639440
v 0.040218 0.453654 0.691987
v 0.021551 0.500000 0.645933
v 0.023851 0.452423 0.645737
v 0.011997 0.451515 0.597972
v 0.004822 0.451010 0.549228
v 0.118513 0.417838 0.814464
v 0.125297 0.377461 0.809663
v 0.134628 0.337959 0.802874
v 0.112923 0.500000 0.818115
v 0.114345 0.458780 0.817234
v 0.085682 0.456893 0.778073
v 0.060903 0.455130 0.736213
v 0.160653 0.262688 0.783595
v 0.177468 0.228000 0.772290
v 0.140795 0.252854 0.748058
v 0.160657 0.216896 0.737840
v 0.173397 0.303805 0.826603
v 0.146446 0.299629 0.794174
v 0.123991 0.291046 0.757678
v 0.160653 0.262688 0.783595
v 0.185370 0.267458 0.814630
v 0.104745 0.282961 0.718791
v 0.088616 0.276217 0.677847
v 0.075799 0.729275 0.634955
v 0.098631 0.770452 0.629314
v 0.056739 0.686013 0.639440
v 0.163668 0.836332 0.659054
v 0.125175 0.809075 0.623251
v 0.134547 0.802203 0.662839
v 0.155852 0.844148 0.620292
v 0.118386 0.814040 0.582676
v 0.150209 0.849791 0.580656
v 0.114258 0.816995 0.541488
v 0.146810 0.853191 0.540465
v 0.112867 0.817966 0.500000
v 0.145674 0.854326 0.500000
v 0.146446 0.700371 0.794174
v 0.160653 0.737312 0.783595
v 0.134628 0.662041 0.802874
v 0.177468 0.772000 0.772290
v 0.198912 0.801081 0.766483
v 0.160657 0.783105 0.737840
v 0.185522 0.814478 0.732874
v 0.140795 0.747146 0.748059
v 0.160653 0.737312 0.783595
v 0.185522 0.814478 0.732874
v 0.146414 0.793540 0.701093
v 0.160657 0.783105 0.737840
v 0.173580 0.826420 0.696645
v 0.114345 0.541220 0.817234
v 0.118513 0.582162 0.814464
v 0.125297 0.622539 0.809663
v 0.155711 0.619849 0.844289
v 0.098852 0.628037 0.771593
v 0.076001 0.633167 0.730938
v 0.056851 0.637455 0.687927
v 0.123926 0.756466 0.289770
v 0.104745 0.717039 0.281209
v 0.088722 0.675843 0.274296
v 0.134547 0.802203 0.337161
v 0.173580 0.826420 0.303355
v 0.146415 0.793541 0.298907
v 0.163668 0.836332 0.340946
v 0.185522 0.814478 0.267126
v 0.160657 0.783105 0.262160
v 0.198912 0.801081 0.233517
v 0.177468 0.772000 0.227710
v 0.209920 0.790036 0.209875
v 0.198828 0.766298 0.198821
v 0.160653 0.737312 0.216405
v 0.140795 0.747146 0.251942
v 0.085528 0.777623 0.456420
v 0.060742 0.735588 0.454482
v 0.040092 0.691287 0.452941
v 0.146810 0.853191 0.459535
v 0.114258 0.816995 0.458512
v 0.150209 0.849791 0.419344
v 0.118386 0.814040 0.417324
v 0.155852 0.844148 0.379709
v 0.125175 0.809075 0.376749
v 0.011978 0.597516 0.451083
v 0.004822 0.548990 0.450772
v 0.021503 0.645546 0.500000
v 0.023783 0.645108 0.451802
v 0.030537 0.643645 0.404059
v 0.041626 0.641021 0.357267
v 0.056851 0.637455 0.312073
v 0.066686 0.589380 0.265569
v 0.060903 0.544870 0.263787
v 0.076001 0.633167 0.269062
v 0.098852 0.628037 0.228407
v 0.125297 0.622539 0.190337
v 0.155711 0.619849 0.155711
v 0.023852 0.547577 0.645737
v 0.030611 0.594728 0.644811
v 0.041626 0.641021 0.642733
v 0.030537 0.643645 0.595941
v 0.023783 0.645108 0.548198
v 0.098631 0.229548 0.629314
v 0.125175 0.190925 0.623251
v 0.075799 0.270725 0.634955
v 0.066456 0.266715 0.590647
v 0.060742 0.264412 0.545518
v 0.734431 0.589380 0.066686
v 0.736213 0.544870 0.060903
v 0.730938 0.633167 0.076001
v 0.771593 0.628037 0.098852
v 0.809663 0.622539 0.125297
v 0.354263 0.547578 0.023852
v 0.355189 0.594728 0.030611
v 0.357267 0.641021 0.041626
v 0.404059 0.643645 0.030537
v 0.451802 0.645108 0.023783
v 0.370687 0.229549 0.098630
v 0.376777 0.190933 0.125149
v 0.379930 0.155903 0.155659
v 0.365045 0.270725 0.075798
v 0.409354 0.266716 0.066455
v 0.454482 0.264413 0.060741
v 0.933314 0.589380 0.734431
v 0.939097 0.544870 0.736213
v 0.923999 0.633167 0.730938
v 0.901148 0.628037 0.771593
v 0.874703 0.622539 0.809663
v 0.976148 0.547577 0.354263
v 0.969389 0.594728 0.355189
v 0.958374 0.641021 0.357267
v 0.969463 0.643645 0.404059
v 0.976217 0.645108 0.451802
v 0.901369 0.229548 0.370686
v 0.874825 0.190926 0.376749
v 0.844148 0.155852 0.379708
v 0.924201 0.270725 0.365045
v 0.933544 0.266715 0.409353
v 0.939258 0.264412 0.454482
v 0.265569 0.589380 0.933314
v 0.263787 0.544870 0.939097
v 0.269062 0.633167 0.923999
v 0.228407 0.628037 0.901148
v 0.190337 0.622539 0.874703
v 0.645737 0.547577 0.976149
v 0.644811 0.594728 0.969389
v 0.642733 0.641021 0.958375
v 0.595941 0.643645 0.969463
v 0.548198 0.645108 0.976217
v 0.629313 0.229549 0.901370
v 0.623223 0.190933 0.874851
v 0.620070 0.155903 0.844341
v 0.634955 0.270725 0.924202
v 0.590646 0.266716 0.933544
v 0.545518 0.264412 0.939259
v 0.455130 0.060903 0.263786
v 0.410620 0.066687 0.265567
v 0.366833 0.076002 0.269061
v 0.371962 0.098853 0.228406
v 0.377433 0.125323 0.190328
v 0.379930 0.155903 0.155659
v 0.405272 0.030611 0.644811
v 0.452423 0.023851 0.645737
v 0.358979 0.041625 0.642733
v 0.356355 0.030537 0.595941
v 0.354892 0.023783 0.548198
v 0.809075 0.125175 0.623251
v 0.770452 0.098631 0.629314
v 0.844148 0.155852 0.620291
v 0.729275 0.075799 0.634955
v 0.733285 0.066456 0.590647
v 0.735588 0.060742 0.545518
v 0.544870 0.939097 0.263786
v 0.589380 0.933313 0.265567
v 0.633167 0.923998 0.269061
v 0.628038 0.901147 0.228406
v 0.622567 0.874678 0.190328
v 0.620070 0.844097 0.155659
v 0.594728 0.969389 0.644811
v 0.547577 0.976148 0.645737
v 0.641021 0.958374 0.642733
v 0.643645 0.969463 0.595941
v 0.645108 0.976217 0.548198
v 0.190925 0.874825 0.623251
v 0.229548 0.901369 0.629314
v 0.155852 0.844148 0.620292
v 0.270725 0.924201 0.634955
v 0.266715 0.933544 0.590647
v 0.264412 0.939258 0.545518
v 0.243534 0.876074 0.289770
v 0.206460 0.853585 0.298906
v 0.252854 0.859205 0.251940
v 0.173580 0.826420 0.303355
v 0.185522 0.814478 0.267126
v 0.282960 0.895255 0.281209
v 0.291045 0.876009 0.242321
v 0.299600 0.853528 0.205822
v 0.303580 0.826399 0.173375
v 0.262667 0.839327 0.216403
v 0.267292 0.814471 0.185362
v 0.756466 0.123927 0.289770
v 0.793540 0.146415 0.298906
v 0.747146 0.140796 0.251940
v 0.783104 0.160657 0.262159
v 0.826420 0.173580 0.303355
v 0.717040 0.104746 0.281209
v 0.708954 0.123991 0.242321
v 0.700400 0.146472 0.205822
v 0.696420 0.173602 0.173375
v 0.737333 0.160674 0.216403
v 0.298936 0.206463 0.853612
v 0.289771 0.243534 0.876075
v 0.262181 0.216897 0.839364
v 0.251942 0.252855 0.859206
v 0.303580 0.173601 0.826625
v 0.281210 0.282961 0.895255
v 0.242322 0.291046 0.876010
v 0.205826 0.299629 0.853554
v 0.216406 0.262689 0.839347
v 0.853585 0.206460 0.701093
v 0.876074 0.243534 0.710230
v 0.839343 0.216896 0.737840
v 0.859205 0.252854 0.748058
v 0.826420 0.173580 0.696645
v 0.895255 0.282961 0.718791
v 0.876009 0.291046 0.757678
v 0.853554 0.299629 0.794174
v 0.839347 0.262688 0.783595
v 0.701064 0.206463 0.146388
v 0.710229 0.243535 0.123925
v 0.737819 0.216897 0.160636
v 0.748058 0.252855 0.140794
v 0.696420 0.173602 0.173375
v 0.718790 0.282961 0.104745
v 0.757678 0.291047 0.123990
v 0.794174 0.299629 0.146446
v 0.783594 0.262689 0.160652
v 0.146415 0.206460 0.298907
v 0.123926 0.243534 0.289770
v 0.140795 0.252855 0.251941
v 0.104745 0.282961 0.281209
v 0.123990 0.291046 0.242322
v 0.146446 0.299629 0.205825
v 0.173397 0.303805 0.173396
v 0.160653 0.262688 0.216405
vn -0.72274 -0.489 -0.48836
vn -0.65096 -0.53761 -0.53587
vn -0.68249 -0.56157 -0.46776
vn -0.68258 -0.4691 -0.56032
vn -0.6021 -0.52434 -0.6021
vn -0.62801 -0.45955 -0.62801
vn -0.57668 -0.57863 -0.57671
vn -0.60195 -0.60396 -0.52235
vn -0.62758 -0.62969 -0.45778
vn 0.48836 -0.48897 -0.72274
vn 0.53594 -0.53749 -0.65102
vn 0.46782 -0.56133 -0.68267
vn 0.56035 -0.4691 -0.68258
vn 0.6021 -0.52431 -0.6021
vn 0.62801 -0.45955 -0.62801
vn 0.57668 -0.57863 -0.57671
vn 0.52239 -0.60378 -0.6021
vn 0.45775 -0.62926 -0.62807
vn 0.72274 -0.489 0.48836
vn 0.65096 -0.53761 0.53587
vn 0.68249 -0.56157 0.46776
vn 0.68258 -0.4691 0.56032
vn 0.6021 -0.52434 0.6021
vn 0.62801 -0.45955 0.62801
vn 0.57668 -0.57863 0.57671
vn 0.60195 -0.60396 0.52235
vn 0.62758 -0.62969 0.45778
vn -0.48836 -0.48897 0.72274
vn -0.53594 -0.53749 0.65102
vn -0.46782 -0.56133 0.68267
vn -0.56035 -0.4691 0.68258
vn -0.6021 -0.52434 0.6021
vn -0.62801 -0.45955 0.62801
vn -0.57668 -0.57863 0.57671
vn -0.52239 -0.60378 0.6021
vn -0.45775 -0.62926 0.62807
vn 0.46712 -0.68413 -0.56011
vn 0.5594 -0.68444 -0.46754
vn 0.48689 -0.72445 -0.48793
vn 0.53551 -0.65279 -0.53575
vn 0.60195 -0.60396 -0.52235
vn 0.62758 -0.62969 -0.45778
vn -0.5594 0.68444 -0.46754
vn -0.46712 0.68413 -0.56011
vn -0.53551 0.65279 -0.53575
vn -0.48689 0.72445 -0.48793
vn -0.45775 0.62926 -0.62807
vn -0.52239 0.60378 -0.6021
vn -0.60195 0.60396 -0.52235
vn -0.57668 0.57863 -0.57671
vn -0.62758 0.62969 -0.45778
vn -0.54286 0.82235 0.17032
vn -0.62804 0.77389 0.08136
vn -0.622 0.76598 0.16233
vn -0.54827 0.8319 0.08545
vn -0.63002 0.77654 -0
vn -0.55004 0.83511 -0
vn -0.70592 0.70827 -0
vn -0.70367 0.70602 0.07947
vn -0.69698 0.6993 0.1586
vn 0.19279 0.97647 0.09644
vn 0.09604 0.97647 0.19303
vn 0.19074 0.96274 0.19169
vn 0.09708 0.99051 0.09708
vn 0.1934 0.98111 -0
vn 0.09738 0.99524 -0
vn 0 0.99524 0.09723
vn 0 1 -0
vn 0 0.98111 0.19333
vn 0.08048 0.77322 -0.62899
vn 0.16813 0.82162 -0.54466
vn 0.16092 0.76516 -0.62337
vn 0.08417 0.83126 -0.54946
vn 0.07904 0.70547 -0.70431
vn 0.15796 0.69857 -0.69787
vn 0 0.70779 -0.70641
vn 0 0.77593 -0.63079
vn 0 0.83453 -0.55092
vn 0.62804 -0.77389 0.08136
vn 0.54286 -0.82235 0.17032
vn 0.54827 -0.8319 0.08545
vn 0.622 -0.76598 0.16233
vn 0.63002 -0.77654 -0
vn 0.55004 -0.83511 -0
vn 0.70592 -0.70827 -0
vn 0.70367 -0.70602 0.07947
vn 0.69698 -0.6993 0.1586
vn -0.09601 -0.97647 0.19303
vn -0.19279 -0.97647 0.09641
vn -0.09708 -0.99051 0.09708
vn -0.19074 -0.96274 0.19169
vn -0.1934 -0.98111 -0
vn -0.09738 -0.99524 -0
vn 0 -0.99524 0.09723
vn 0 -1 -0
vn 0 -0.98111 0.19333
vn -0.16813 -0.82162 -0.54466
vn -0.08048 -0.77322 -0.62899
vn -0.08417 -0.83126 -0.54946
vn -0.16092 -0.76516 -0.62337
vn -0.07904 -0.70547 -0.70431
vn -0.15796 -0.69857 -0.69787
vn 0 -0.70779 -0.70641
vn 0 -0.77593 -0.63079
vn 0 -0.83453 -0.55092
vn 0.1623 -0.62413 0.76424
vn 0.08554 -0.55077 0.83026
vn 0.0813 -0.63027 0.77206
vn 0.17054 -0.54527 0.8207
vn 0 -0.55254 0.83346
vn 0 -0.63231 0.77468
vn 0.07904 -0.70547 0.70431
vn 0 -0.70779 0.70641
vn 0.15796 -0.69857 0.69787
vn 0.19224 0.19196 0.96237
vn 0.09738 0.09772 0.99042
vn 0.19364 0.09665 0.97629
vn 0.09671 0.19401 0.9762
vn 0 0.09803 0.99518
vn 0 0.19465 0.98086
vn 0 0 1
vn 0.09754 0 0.99521
vn 0.19398 0 0.98099
vn -0.55065 0.08463 0.83041
vn -0.62416 0.1616 0.76437
vn -0.62996 0.08078 0.77239
vn -0.54576 0.16904 0.82067
vn -0.6982 0.15812 0.6982
vn -0.70489 0.07898 0.70489
vn -0.70708 0 0.70708
vn -0.63182 0 0.77508
vn -0.55217 0 0.8337
vn 0.76394 -0.6245 -0.16245
vn 0.8302 -0.5508 -0.08557
vn 0.77184 -0.63054 -0.08142
vn 0.82064 -0.54537 -0.17054
vn 0.83343 -0.5526 -0
vn 0.7745 -0.63256 -0
vn 0.70367 -0.70602 -0.07947
vn 0.69698 -0.6993 -0.1586
vn 0.96237 0.19196 -0.19224
vn 0.99042 0.09772 -0.09738
vn 0.97629 0.09665 -0.19364
vn 0.9762 0.19401 -0.09671
vn 0.99518 0.09803 -0
vn 0.98086 0.19465 -0
vn 1 0 -0
vn 0.99521 0 -0.09754
vn 0.98099 0 -0.19398
vn 0.83041 0.08463 0.55065
vn 0.76437 0.1616 0.62416
vn 0.77239 0.08078 0.62996
vn 0.82067 0.16904 0.54576
vn 0.6982 0.15812 0.6982
vn 0.70489 0.07898 0.70489
vn 0.70708 0 0.70708
vn 0.77508 0 0.63182
vn 0.8337 0 0.55217
vn -0.1623 -0.62413 -0.76424
vn -0.08554 -0.55077 -0.83026
vn -0.0813 -0.63027 -0.77206
vn -0.17054 -0.54527 -0.8207
vn 0 -0.55254 -0.83346
vn 0 -0.63231 -0.77468
vn -0.19224 0.19196 -0.96237
vn -0.09738 0.09772 -0.99042
vn -0.19364 0.09665 -0.97629
vn -0.09671 0.19401 -0.9762
vn 0 0.09803 -0.99518
vn 0 0.19465 -0.98086
vn 0 0 -0.99997
vn -0.09754 0 -0.99521
vn -0.19398 0 -0.98099
vn 0.55065 0.08463 -0.83041
vn 0.62416 0.1616 -0.76437
vn 0.62996 0.08078 -0.77239
vn 0.54576 0.16904 -0.82067
vn 0.6982 0.15812 -0.6982
vn 0.70489 0.07898 -0.70489
vn 0.70708 0 -0.70708
vn 0.63182 0 -0.77508
vn 0.55217 0 -0.8337
vn -0.76394 -0.6245 0.16245
vn -0.8302 -0.5508 0.08557
vn -0.77184 -0.63054 0.08142
vn -0.82064 -0.54537 0.17054
vn -0.83343 -0.5526 -0
vn -0.7745 -0.63256 -0
vn -0.70367 -0.70602 0.07947
vn -0.70592 -0.70827 -0
vn -0.69698 -0.6993 0.1586
vn -0.96237 0.19196 0.19224
vn -0.99042 0.09772 0.09738
vn -0.97629 0.09665 0.19364
vn -0.9762 0.19401 0.09671
vn -0.99518 0.09803 -0
vn -0.98086 0.19465 -0
vn -1 0 -0
vn -0.99521 0 0.09754
vn -0.98099 0 0.19398
vn -0.83041 0.08463 -0.55065
vn -0.76437 0.1616 -0.62416
vn -0.77239 0.08078 -0.62996
vn -0.82067 0.16904 -0.54576
vn -0.6982 0.15812 -0.6982
vn -0.70489 0.07898 -0.70489
vn -0.70708 0 -0.70708
vn -0.77508 0 -0.63182
vn -0.8337 0 -0.55217
vn -0.97629 0.09665 -0.19364
vn -0.9397 0.18818 -0.28553
vn -0.95297 0.0947 -0.28779
vn -0.96237 0.19196 -0.19224
vn -0.90835 0.18287 -0.37605
vn -0.92071 0.09186 -0.37922
vn -0.92492 0 -0.38014
vn -0.95749 0 -0.28837
vn -0.98099 0 -0.19398
vn -0.8685 0.46245 -0.17838
vn -0.80499 0.53624 -0.25376
vn -0.85043 0.45439 -0.26505
vn -0.82064 0.54537 -0.17054
vn -0.78335 0.52376 -0.33464
vn -0.8255 0.44343 -0.3491
vn -0.88818 0.36866 -0.27418
vn -0.86056 0.35932 -0.36091
vn -0.90823 0.37547 -0.18467
vn -0.75561 0.41319 -0.50822
vn -0.68258 0.4691 -0.56032
vn -0.70989 0.39619 -0.58223
vn -0.72274 0.489 -0.48836
vn -0.62801 0.45955 -0.62801
vn -0.65163 0.38816 -0.65163
vn -0.73299 0.31993 -0.60027
vn -0.6715 0.3133 -0.6715
vn -0.78314 0.33396 -0.52452
vn -0.82067 0.16904 0.54576
vn -0.8797 0.08847 0.46718
vn -0.83041 0.08463 0.55065
vn -0.8685 0.17643 0.46318
vn -0.92071 0.09186 0.37922
vn -0.90835 0.18287 0.37605
vn -0.88351 0 0.46837
vn -0.92492 0 0.38014
vn -0.8337 0 0.55217
vn -0.72274 0.489 0.48836
vn -0.79369 0.42973 0.43049
vn -0.75561 0.41319 0.50822
vn -0.75573 0.50807 0.41316
vn -0.8255 0.44343 0.3491
vn -0.78335 0.52376 0.33464
vn -0.86056 0.35932 0.36091
vn -0.82534 0.34773 0.44478
vn -0.78314 0.33396 0.52452
vn -0.82064 0.54537 0.17054
vn -0.87957 0.46721 0.08957
vn -0.8685 0.46245 0.17838
vn -0.8302 0.5508 0.08557
vn -0.88333 0.46873 -0
vn -0.83343 0.5526 -0
vn -0.92468 0.38066 -0
vn -0.92053 0.37941 0.09284
vn -0.90823 0.37547 0.18467
vn -0.68249 -0.56157 0.46776
vn -0.75573 -0.50807 0.41316
vn -0.7098 -0.58293 0.3954
vn -0.72274 -0.489 0.48836
vn -0.78335 -0.52376 0.33464
vn -0.73284 -0.60054 0.31974
vn -0.65093 -0.6531 0.38688
vn -0.67052 -0.67275 0.31266
vn -0.62758 -0.62969 0.45778
vn -0.80486 -0.25242 0.53706
vn -0.8685 -0.17643 0.46318
vn -0.85034 -0.2631 0.4557
vn -0.82067 -0.16904 0.54576
vn -0.90835 -0.18287 0.37605
vn -0.88824 -0.27223 0.36995
vn -0.82534 -0.34773 0.44478
vn -0.86056 -0.35932 0.36091
vn -0.78314 -0.33396 0.52452
vn -0.9396 -0.28507 0.18931
vn -0.9762 -0.19401 0.09671
vn -0.95282 -0.28809 0.09522
vn -0.96237 -0.19196 0.19224
vn -0.98086 -0.19465 -0
vn -0.9573 -0.28904 -0
vn -0.92053 -0.37941 0.09284
vn -0.92468 -0.38066 -0
vn -0.90823 -0.37547 0.18467
vn 0.19364 0.09665 -0.97629
vn 0.28553 0.18818 -0.9397
vn 0.28779 0.0947 -0.95297
vn 0.19224 0.19196 -0.96237
vn 0.37605 0.18287 -0.90835
vn 0.37922 0.09186 -0.92071
vn 0.38014 0 -0.92492
vn 0.28837 0 -0.95749
vn 0.19398 0 -0.98099
vn 0.17838 0.46245 -0.8685
vn 0.25376 0.53615 -0.80505
vn 0.26505 0.45439 -0.85043
vn 0.17054 0.54527 -0.8207
vn 0.33464 0.5237 -0.78341
vn 0.3491 0.44343 -0.8255
vn 0.27418 0.36866 -0.88818
vn 0.36091 0.35932 -0.86056
vn 0.18467 0.37547 -0.90823
vn 0.50822 0.41319 -0.75561
vn 0.56035 0.4691 -0.68258
vn 0.58223 0.39619 -0.70989
vn 0.48836 0.48897 -0.72274
vn 0.62801 0.45955 -0.62801
vn 0.65163 0.38816 -0.65163
vn 0.60027 0.31993 -0.73299
vn 0.6715 0.3133 -0.6715
vn 0.52452 0.33396 -0.78314
vn -0.54576 0.16904 -0.82067
vn -0.46718 0.08847 -0.8797
vn -0.55065 0.08463 -0.83041
vn -0.46318 0.17643 -0.8685
vn -0.37922 0.09186 -0.92071
vn -0.37605 0.18287 -0.90835
vn -0.46837 0 -0.88351
vn -0.38014 0 -0.92492
vn -0.55217 0 -0.8337
vn -0.48836 0.48897 -0.72274
vn -0.43049 0.42973 -0.79369
vn -0.50822 0.41319 -0.75561
vn -0.41319 0.50801 -0.75576
vn -0.3491 0.44343 -0.8255
vn -0.33464 0.5237 -0.78341
vn -0.36091 0.35932 -0.86056
vn -0.44478 0.34773 -0.82534
vn -0.52452 0.33396 -0.78314
vn -0.17054 0.54527 -0.8207
vn -0.08957 0.46721 -0.87957
vn -0.17838 0.46245 -0.8685
vn -0.08554 0.55077 -0.83026
vn 0 0.46873 -0.88333
vn 0 0.55254 -0.83346
vn 0 0.38066 -0.92468
vn -0.09284 0.37941 -0.92053
vn -0.18467 0.37547 -0.90823
vn -0.46782 -0.56133 -0.68267
vn -0.41319 -0.50801 -0.75576
vn -0.3954 -0.58257 -0.71007
vn -0.48836 -0.48897 -0.72274
vn -0.33464 -0.5237 -0.78341
vn -0.31971 -0.60012 -0.73321
vn -0.3867 -0.65242 -0.65172
vn -0.3123 -0.67193 -0.67153
vn -0.45775 -0.62926 -0.62807
vn -0.53706 -0.25242 -0.80486
vn -0.46318 -0.17643 -0.8685
vn -0.4557 -0.2631 -0.85034
vn -0.54576 -0.16904 -0.82067
vn -0.37605 -0.18287 -0.90835
vn -0.36995 -0.27223 -0.88824
vn -0.44478 -0.34773 -0.82534
vn -0.36091 -0.35932 -0.86056
vn -0.52452 -0.33396 -0.78314
vn -0.18931 -0.28507 -0.9396
vn -0.09671 -0.19401 -0.9762
vn -0.09522 -0.28809 -0.95282
vn -0.19224 -0.19196 -0.96237
vn 0 -0.19465 -0.98086
vn 0 -0.28904 -0.9573
vn -0.09284 -0.37941 -0.92053
vn 0 -0.38066 -0.92468
vn -0.18467 -0.37547 -0.90823
vn 0.97629 0.09665 0.19364
vn 0.9397 0.18818 0.28553
vn 0.95297 0.0947 0.28779
vn 0.96237 0.19196 0.19224
vn 0.90835 0.18287 0.37605
vn 0.92071 0.09186 0.37922
vn 0.92492 0 0.38014
vn 0.95749 0 0.28837
vn 0.98099 0 0.19398
vn 0.8685 0.46245 0.17838
vn 0.80499 0.53624 0.25376
vn 0.85043 0.45439 0.26505
vn 0.82064 0.54537 0.17054
vn 0.78335 0.52376 0.33464
vn 0.8255 0.44343 0.3491
vn 0.88818 0.36866 0.27418
vn 0.86056 0.35932 0.36091
vn 0.90823 0.37547 0.18467
vn 0.75561 0.41319 0.50822
vn 0.68258 0.4691 0.56032
vn 0.70989 0.39619 0.58223
vn 0.72274 0.489 0.48836
vn 0.62801 0.45955 0.62801
vn 0.65163 0.38816 0.65163
vn 0.73299 0.31993 0.60027
vn 0.6715 0.3133 0.6715
vn 0.78314 0.33396 0.52452
vn 0.82067 0.16904 -0.54576
vn 0.8797 0.08847 -0.46718
vn 0.83041 0.08463 -0.55065
vn 0.8685 0.17643 -0.46318
vn 0.92071 0.09186 -0.37922
vn 0.90835 0.18287 -0.37605
vn 0.88351 0 -0.46837
vn 0.92492 0 -0.38014
vn 0.8337 0 -0.55217
vn 0.72274 0.489 -0.48836
vn 0.79369 0.42973 -0.43049
vn 0.75561 0.41319 -0.50822
vn 0.75573 0.50807 -0.41316
vn 0.8255 0.44343 -0.3491
vn 0.78335 0.52376 -0.33464
vn 0.86056 0.35932 -0.36091
vn 0.82534 0.34773 -0.44478
vn 0.78314 0.33396 -0.52452
vn 0.82064 0.54537 -0.17054
vn 0.87957 0.46721 -0.08957
vn 0.8685 0.46245 -0.17838
vn 0.8302 0.5508 -0.08557
vn 0.88333 0.46873 -0
vn 0.83343 0.5526 -0
vn 0.92468 0.38066 -0
vn 0.92053 0.37941 -0.09284
vn 0.90823 0.37547 -0.18467
vn 0.68249 -0.56157 -0.46776
vn 0.75573 -0.50807 -0.41316
vn 0.7098 -0.58293 -0.3954
vn 0.72274 -0.489 -0.48836
vn 0.78335 -0.52376 -0.33464
vn 0.73284 -0.60054 -0.31974
vn 0.65093 -0.6531 -0.38688
vn 0.67052 -0.67275 -0.31266
vn 0.80486 -0.25242 -0.53706
vn 0.8685 -0.17643 -0.46318
vn 0.85034 -0.2631 -0.4557
vn 0.82067 -0.16904 -0.54576
vn 0.90835 -0.18287 -0.37605
vn 0.88824 -0.27223 -0.36995
vn 0.82534 -0.34773 -0.44478
vn 0.86056 -0.35932 -0.36091
vn 0.78314 -0.33396 -0.52452
vn 0.9396 -0.28507 -0.18931
vn 0.9762 -0.19401 -0.09671
vn 0.95282 -0.28809 -0.09522
vn 0.96237 -0.19196 -0.19224
vn 0.98086 -0.19465 -0
vn 0.9573 -0.28904 -0
vn 0.92053 -0.37941 -0.09284
vn 0.92468 -0.38066 -0
vn 0.90823 -0.37547 -0.18467
vn -0.19364 0.09665 0.97629
vn -0.28553 0.18818 0.9397
vn -0.28779 0.0947 0.95297
vn -0.19224 0.19196 0.96237
vn -0.37605 0.18287 0.90835
vn -0.37922 0.09186 0.92071
vn -0.38014 0 0.92492
vn -0.28837 0 0.95749
vn -0.19398 0 0.98099
vn -0.17838 0.46245 0.8685
vn -0.25376 0.53615 0.80505
vn -0.26505 0.45439 0.85043
vn -0.17054 0.54527 0.8207
vn -0.33464 0.5237 0.78341
vn -0.3491 0.44343 0.8255
vn -0.27418 0.36866 0.88818
vn -0.36091 0.35932 0.86056
vn -0.18467 0.37547 0.90823
vn -0.50822 0.41319 0.75561
vn -0.56035 0.4691 0.68258
vn -0.58223 0.39619 0.70992
vn -0.48836 0.48897 0.72274
vn -0.62801 0.45955 0.62801
vn -0.65163 0.38816 0.65163
vn -0.60027 0.31993 0.73299
vn -0.6715 0.3133 0.6715
vn -0.52452 0.33396 0.78314
vn 0.54576 0.16904 0.82067
vn 0.46718 0.08847 0.8797
vn 0.55065 0.08463 0.83041
vn 0.46318 0.17643 0.8685
vn 0.37922 0.09186 0.92071
vn 0.37605 0.18287 0.90835
vn 0.46837 0 0.88351
vn 0.38014 0 0.92492
vn 0.55217 0 0.8337
vn 0.48836 0.48897 0.72274
vn 0.43049 0.4297 0.79369
vn 0.50822 0.41319 0.75561
vn 0.41316 0.50801 0.75576
vn 0.3491 0.44343 0.8255
vn 0.33464 0.5237 0.78341
vn 0.36091 0.35932 0.86056
vn 0.44478 0.34773 0.82534
vn 0.52452 0.33396 0.78314
vn 0.17054 0.54527 0.8207
vn 0.08957 0.46721 0.87957
vn 0.17838 0.46245 0.8685
vn 0.08554 0.55077 0.83026
vn 0 0.46873 0.88333
vn 0 0.55254 0.83346
vn 0 0.38066 0.92468
vn 0.09284 0.37941 0.92053
vn 0.18467 0.37547 0.90823
vn 0.46782 -0.56133 0.68267
vn 0.41316 -0.50801 0.75576
vn 0.3954 -0.58257 0.71007
vn 0.48836 -0.48897 0.72274
vn 0.33464 -0.5237 0.78341
vn 0.31971 -0.60012 0.73321
vn 0.3867 -0.65242 0.65172
vn 0.3123 -0.67193 0.67153
vn 0.45775 -0.62926 0.62807
vn 0.53706 -0.25242 0.80486
vn 0.46318 -0.17643 0.8685
vn 0.4557 -0.2631 0.85034
vn 0.54576 -0.16904 0.82067
vn 0.37605 -0.18287 0.90835
vn 0.36995 -0.27223 0.88824
vn 0.44478 -0.34773 0.82534
vn 0.36091 -0.35932 0.86056
vn 0.52452 -0.33396 0.78314
vn 0.18931 -0.28507 0.9396
vn 0.09671 -0.19401 0.9762
vn 0.09522 -0.28809 0.95282
vn 0.19224 -0.19196 0.96237
vn 0 -0.19465 0.98086
vn 0 -0.28904 0.9573
vn 0.09284 -0.37941 0.92053
vn 0 -0.38066 0.92468
vn 0.18467 -0.37547 0.90823
vn -0.19074 -0.96274 -0.19169
vn -0.09409 -0.95331 -0.28694
vn -0.09601 -0.97647 -0.19303
vn -0.18702 -0.94015 -0.28474
vn -0.09131 -0.9212 -0.37819
vn -0.18177 -0.90899 -0.37504
vn 0 -0.92535 -0.37904
vn 0 -0.95776 -0.28748
vn 0 -0.98111 -0.19333
vn -0.54286 -0.82235 -0.17032
vn -0.4521 -0.85177 -0.2646
vn -0.46007 -0.86981 -0.17804
vn -0.5338 -0.8067 -0.25346
vn -0.44124 -0.82693 -0.34852
vn -0.52144 -0.78506 -0.33424
vn -0.35737 -0.86169 -0.36018
vn -0.36662 -0.88922 -0.2736
vn -0.37336 -0.90918 -0.18424
vn -0.48689 -0.72445 -0.48793
vn -0.39439 -0.71117 -0.58193
vn -0.41124 -0.7571 -0.50758
vn -0.46712 -0.68413 -0.56011
vn -0.31843 -0.734 -0.59981
vn -0.33229 -0.78439 -0.5237
vn -0.08417 -0.83126 0.54946
vn -0.17542 -0.86932 0.46205
vn -0.08795 -0.88037 0.46599
vn -0.16813 -0.82162 0.54466
vn -0.18177 -0.90899 0.37504
vn -0.09131 -0.9212 0.37819
vn 0 -0.88415 0.46715
vn 0 -0.92535 0.37904
vn 0 -0.83453 0.55092
vn -0.41124 -0.7571 0.50758
vn -0.50584 -0.75744 0.41273
vn -0.42766 -0.79516 0.42985
vn -0.48689 -0.72445 0.48793
vn -0.52144 -0.78506 0.33424
vn -0.44124 -0.82693 0.34852
vn -0.34593 -0.82656 0.44395
vn -0.35737 -0.86169 0.36018
vn -0.33229 -0.78439 0.5237
vn -0.46007 -0.86981 0.17804
vn -0.54827 -0.8319 0.08545
vn -0.4648 -0.88089 0.08942
vn -0.54286 -0.82235 0.17032
vn -0.55004 -0.83511 -0
vn -0.46629 -0.88461 -0
vn -0.37727 -0.92145 0.09262
vn -0.37849 -0.9256 -0
vn -0.37336 -0.90918 0.18424
vn 0.58068 -0.71178 0.39515
vn 0.48689 -0.72445 0.48793
vn 0.50584 -0.75744 0.41273
vn 0.5594 -0.68444 0.46754
vn 0.59816 -0.73486 0.31956
vn 0.52144 -0.78506 0.33424
vn 0.67052 -0.67275 0.31266
vn 0.65093 -0.6531 0.38688
vn 0.26164 -0.85131 0.45473
vn 0.16813 -0.82162 0.54466
vn 0.17542 -0.86932 0.46205
vn 0.25108 -0.80593 0.53609
vn 0.27067 -0.8891 0.36906
vn 0.18177 -0.90899 0.37504
vn 0.35737 -0.86169 0.36018
vn 0.34593 -0.82656 0.44395
vn 0.33229 -0.78439 0.5237
vn 0.28636 -0.9534 0.09497
vn 0.19074 -0.96274 0.19169
vn 0.19279 -0.97647 0.09641
vn 0.28336 -0.94021 0.18879
vn 0.28727 -0.95782 -0
vn 0.1934 -0.98111 -0
vn 0.37849 -0.9256 -0
vn 0.37727 -0.92145 0.09262
vn 0.37336 -0.90918 0.18424
vn 0.09409 0.95331 -0.2869
vn 0.19074 0.96274 -0.19169
vn 0.18702 0.94015 -0.28471
vn 0.09604 0.97647 -0.19303
vn 0.09131 0.9212 -0.37819
vn 0.18177 0.90899 -0.37504
vn 0 0.92535 -0.37904
vn 0 0.95776 -0.28748
vn 0 0.98111 -0.19333
vn 0.4521 0.85177 -0.2646
vn 0.54286 0.82235 -0.17032
vn 0.5338 0.8067 -0.25346
vn 0.46007 0.86981 -0.17804
vn 0.44124 0.82693 -0.34852
vn 0.52144 0.78506 -0.33424
vn 0.35737 0.86169 -0.36018
vn 0.36662 0.88922 -0.2736
vn 0.37336 0.90918 -0.18424
vn 0.39439 0.71117 -0.58193
vn 0.48689 0.72445 -0.48793
vn 0.46712 0.68413 -0.56011
vn 0.41124 0.7571 -0.50758
vn 0.3867 0.65242 -0.65172
vn 0.45775 0.62926 -0.62807
vn 0.3123 0.67193 -0.67153
vn 0.31843 0.734 -0.59981
vn 0.33229 0.78439 -0.5237
vn 0.17542 0.86932 0.46205
vn 0.08417 0.83126 0.54946
vn 0.16813 0.82162 0.54466
vn 0.08795 0.88037 0.46599
vn 0.18177 0.90899 0.37504
vn 0.09131 0.9212 0.37819
vn 0 0.88415 0.46715
vn 0 0.92535 0.37904
vn 0 0.83453 0.55092
vn 0.50584 0.75744 0.41273
vn 0.41124 0.7571 0.50758
vn 0.48689 0.72445 0.48793
vn 0.42766 0.79516 0.42985
vn 0.52144 0.78506 0.33424
vn 0.44124 0.82693 0.34852
vn 0.34593 0.82656 0.44395
vn 0.35737 0.86169 0.36018
vn 0.33229 0.78439 0.5237
vn 0.54827 0.8319 0.08545
vn 0.46007 0.86981 0.17804
vn 0.54286 0.82235 0.17032
vn 0.4648 0.88089 0.08942
vn 0.55004 0.83511 -0
vn 0.46629 0.88461 -0
vn 0.37727 0.92145 0.09262
vn 0.37849 0.9256 -0
vn 0.37336 0.90918 0.18424
vn -0.48689 0.72445 0.48793
vn -0.58068 0.71178 0.39515
vn -0.5594 0.68444 0.46754
vn -0.50584 0.75744 0.41273
vn -0.59816 0.73486 0.31956
vn -0.52144 0.78506 0.33424
vn -0.67052 0.67275 0.31266
vn -0.65093 0.6531 0.38688
vn -0.62758 0.62969 0.45778
vn -0.16813 0.82162 0.54466
vn -0.26164 0.85131 0.45473
vn -0.25108 0.80593 0.53609
vn -0.17542 0.86932 0.46205
vn -0.27067 0.8891 0.36906
vn -0.18177 0.90899 0.37504
vn -0.35737 0.86169 0.36018
vn -0.34593 0.82656 0.44395
vn -0.33229 0.78439 0.5237
vn -0.19074 0.96274 0.19169
vn -0.28636 0.9534 0.09497
vn -0.28336 0.94021 0.18879
vn -0.19279 0.97647 0.09644
vn -0.28727 0.95782 -0
vn -0.1934 0.98111 -0
vn -0.37849 0.9256 -0
vn -0.37727 0.92145 0.09262
vn -0.37336 0.90918 0.18424
vn -0.622 0.76598 -0.16233
vn -0.5338 0.8067 -0.25346
vn -0.61196 0.75292 -0.24195
vn -0.54286 0.82235 -0.17032
vn -0.52144 0.78506 -0.33424
vn -0.59816 0.73486 -0.31956
vn -0.68587 0.68816 -0.23655
vn -0.67052 0.67275 -0.31266
vn -0.69698 0.6993 -0.1586
vn -0.28336 0.94021 -0.18879
vn -0.18702 0.94015 -0.28474
vn -0.27805 0.91873 -0.28031
vn -0.19074 0.96274 -0.19169
vn -0.18177 0.90899 -0.37504
vn -0.27067 0.8891 -0.36906
vn -0.36662 0.88922 -0.2736
vn -0.35737 0.86169 -0.36018
vn -0.37336 0.90918 -0.18424
vn -0.25108 0.80593 -0.53609
vn -0.16092 0.76516 -0.62337
vn -0.24049 0.75204 -0.61367
vn -0.16813 0.82162 -0.54466
vn -0.15796 0.69857 -0.69787
vn -0.23597 0.68731 -0.68691
vn -0.31843 0.734 -0.59981
vn -0.3123 0.67193 -0.67153
vn -0.33229 0.78439 -0.5237
vn 0.5338 -0.8067 -0.25346
vn 0.622 -0.76598 -0.16233
vn 0.54286 -0.82235 -0.17032
vn 0.61196 -0.75292 -0.24195
vn 0.52144 -0.78506 -0.33424
vn 0.59816 -0.73486 -0.31956
vn 0.68587 -0.68816 -0.23655
vn 0.18702 -0.94015 -0.28474
vn 0.28336 -0.94021 -0.18879
vn 0.19074 -0.96274 -0.19169
vn 0.27805 -0.91873 -0.28031
vn 0.18177 -0.90899 -0.37504
vn 0.27067 -0.8891 -0.36906
vn 0.36662 -0.88922 -0.2736
vn 0.35737 -0.86169 -0.36018
vn 0.37336 -0.90918 -0.18424
vn 0.16092 -0.76516 -0.62337
vn 0.25108 -0.80593 -0.53609
vn 0.16813 -0.82162 -0.54466
vn 0.24049 -0.75204 -0.61367
vn 0.15796 -0.69857 -0.69787
vn 0.23597 -0.68731 -0.68691
vn 0.31843 -0.734 -0.59981
vn 0.3123 -0.67193 -0.67153
vn 0.33229 -0.78439 -0.5237
vn -0.17054 -0.54527 0.8207
vn -0.24198 -0.61397 0.7513
vn -0.1623 -0.62413 0.76424
vn -0.25376 -0.53615 0.80505
vn -0.31971 -0.60012 0.73321
vn -0.33464 -0.5237 0.78341
vn -0.3123 -0.67193 0.67153
vn -0.23597 -0.68731 0.68691
vn -0.15796 -0.69857 0.69787
vn -0.19224 -0.19196 0.96237
vn -0.28101 -0.2797 0.91803
vn -0.18931 -0.28507 0.9396
vn -0.28553 -0.18818 0.9397
vn -0.36995 -0.27223 0.88824
vn -0.37605 -0.18287 0.90835
vn -0.36091 -0.35932 0.86056
vn -0.27418 -0.36866 0.88818
vn -0.18467 -0.37547 0.90823
vn -0.54576 -0.16904 0.82067
vn -0.61425 -0.24162 0.75118
vn -0.53706 -0.25242 0.80486
vn -0.62416 -0.1616 0.76437
vn -0.68703 -0.23652 0.68703
vn -0.6982 -0.15812 0.6982
vn -0.6715 -0.3133 0.6715
vn -0.60027 -0.31993 0.73299
vn -0.52452 -0.33396 0.78314
vn 0.82064 -0.54537 0.17054
vn 0.75091 -0.6144 0.2421
vn 0.76394 -0.6245 0.16245
vn 0.80499 -0.53624 0.25376
vn 0.73284 -0.60054 0.31974
vn 0.78335 -0.52376 0.33464
vn 0.68587 -0.68816 0.23655
vn 0.96237 -0.19196 0.19224
vn 0.918 -0.2797 0.28101
vn 0.9396 -0.28507 0.18931
vn 0.9397 -0.18818 0.28553
vn 0.88824 -0.27223 0.36995
vn 0.90835 -0.18287 0.37605
vn 0.86056 -0.35932 0.36091
vn 0.88818 -0.36866 0.27418
vn 0.90823 -0.37547 0.18467
vn 0.82067 -0.16904 0.54576
vn 0.75118 -0.24162 0.61425
vn 0.80486 -0.25242 0.53706
vn 0.76437 -0.1616 0.62416
vn 0.68703 -0.23652 0.68703
vn 0.6982 -0.15812 0.6982
vn 0.6715 -0.3133 0.6715
vn 0.73299 -0.31993 0.60027
vn 0.78314 -0.33396 0.52452
vn 0.17054 -0.54527 -0.8207
vn 0.24198 -0.61397 -0.7513
vn 0.1623 -0.62413 -0.76424
vn 0.25376 -0.53615 -0.80505
vn 0.31971 -0.60012 -0.73321
vn 0.33464 -0.5237 -0.78341
vn 0.19224 -0.19196 -0.96237
vn 0.28101 -0.2797 -0.91803
vn 0.18931 -0.28507 -0.9396
vn 0.28553 -0.18818 -0.9397
vn 0.36995 -0.27223 -0.88824
vn 0.37605 -0.18287 -0.90835
vn 0.36091 -0.35932 -0.86056
vn 0.27418 -0.36866 -0.88818
vn 0.18467 -0.37547 -0.90823
vn 0.54576 -0.16904 -0.82067
vn 0.61425 -0.24162 -0.75118
vn 0.53706 -0.25242 -0.80486
vn 0.62416 -0.1616 -0.76437
vn 0.68703 -0.23652 -0.68703
vn 0.6982 -0.15812 -0.6982
vn 0.6715 -0.3133 -0.6715
vn 0.60027 -0.31993 -0.73299
vn 0.52452 -0.33396 -0.78314
vn -0.82064 -0.54537 -0.17054
vn -0.75091 -0.6144 -0.2421
vn -0.76394 -0.62447 -0.16245
vn -0.80499 -0.53624 -0.25376
vn -0.73284 -0.60054 -0.31974
vn -0.78335 -0.52376 -0.33464
vn -0.67052 -0.67275 -0.31266
vn -0.68587 -0.68816 -0.23655
vn -0.69698 -0.6993 -0.1586
vn -0.96237 -0.19196 -0.19224
vn -0.91803 -0.2797 -0.28101
vn -0.9396 -0.28507 -0.18931
vn -0.9397 -0.18818 -0.28553
vn -0.88824 -0.27223 -0.36995
vn -0.90835 -0.18287 -0.37605
vn -0.86056 -0.35932 -0.36091
vn -0.88818 -0.36866 -0.27418
vn -0.90823 -0.37547 -0.18467
vn -0.82067 -0.16904 -0.54576
vn -0.75118 -0.24162 -0.61425
vn -0.80486 -0.25242 -0.53706
vn -0.76437 -0.1616 -0.62416
vn -0.68703 -0.23652 -0.68703
vn -0.6982 -0.15812 -0.6982
vn -0.6715 -0.3133 -0.6715
vn -0.73299 -0.31993 -0.60027
vn -0.78314 -0.33396 -0.52452
vn -0.85034 -0.2631 -0.4557
vn -0.8685 -0.17643 -0.46318
vn -0.82534 -0.34773 -0.44478
vn -0.8797 -0.08847 -0.46718
vn -0.92071 -0.09186 -0.37922
vn -0.88351 0 -0.46837
vn -0.83041 -0.08463 -0.55065
vn -0.77239 -0.08078 -0.62996
vn -0.70489 -0.07898 -0.70489
vn -0.95282 -0.28809 -0.09522
vn -0.9762 -0.19401 -0.09671
vn -0.92053 -0.37941 -0.09284
vn -0.99042 -0.09772 -0.09738
vn -0.99518 -0.09803 -0
vn -0.99521 0 -0.09754
vn -0.97629 -0.09665 -0.19364
vn -0.95297 -0.0947 -0.28779
vn -0.77184 -0.63054 -0.08142
vn -0.8302 -0.5508 -0.08557
vn -0.70367 -0.70602 -0.07947
vn -0.87957 -0.46721 -0.08957
vn -0.88333 -0.46873 -0
vn -0.8685 -0.46245 -0.17838
vn -0.85043 -0.45439 -0.26505
vn -0.8255 -0.44343 -0.3491
vn 0.4557 -0.2631 -0.85034
vn 0.46318 -0.17643 -0.8685
vn 0.44478 -0.34773 -0.82534
vn 0.46718 -0.08847 -0.8797
vn 0.37922 -0.09186 -0.92071
vn 0.46837 0 -0.88351
vn 0.55065 -0.08463 -0.83041
vn 0.62996 -0.08078 -0.77239
vn 0.70489 -0.07898 -0.70489
vn 0.09522 -0.28809 -0.95282
vn 0.09671 -0.19401 -0.9762
vn 0.09284 -0.37941 -0.92053
vn 0.09738 -0.09772 -0.99042
vn 0 -0.09803 -0.99518
vn 0.09754 0 -0.99521
vn 0.19364 -0.09665 -0.97629
vn 0.28779 -0.0947 -0.95297
vn 0.0813 -0.63027 -0.77206
vn 0.08554 -0.55077 -0.83026
vn 0.07904 -0.70547 -0.70431
vn 0.08957 -0.46721 -0.87957
vn 0 -0.46873 -0.88333
vn 0.17838 -0.46245 -0.8685
vn 0.26505 -0.45439 -0.85043
vn 0.3491 -0.44343 -0.8255
vn 0.85034 -0.2631 0.4557
vn 0.8685 -0.17643 0.46318
vn 0.82534 -0.34773 0.44478
vn 0.8797 -0.08847 0.46718
vn 0.92071 -0.09186 0.37922
vn 0.88351 0 0.46837
vn 0.83041 -0.08463 0.55065
vn 0.77239 -0.08078 0.62996
vn 0.70489 -0.07898 0.70489
vn 0.95282 -0.28809 0.09522
vn 0.9762 -0.19401 0.09671
vn 0.92053 -0.37941 0.09284
vn 0.99042 -0.09772 0.09738
vn 0.99518 -0.09803 -0
vn 0.99521 0 0.09754
vn 0.97629 -0.09665 0.19364
vn 0.95297 -0.09467 0.28779
vn 0.77184 -0.63054 0.08142
vn 0.8302 -0.5508 0.08557
vn 0.87957 -0.46721 0.08957
vn 0.88333 -0.46873 -0
vn 0.8685 -0.46245 0.17838
vn 0.85043 -0.45439 0.26505
vn 0.8255 -0.44343 0.3491
vn -0.4557 -0.2631 0.85034
vn -0.46318 -0.17643 0.8685
vn -0.44478 -0.34773 0.82534
vn -0.46718 -0.08847 0.8797
vn -0.37922 -0.09186 0.92071
vn -0.46837 0 0.88351
vn -0.55065 -0.08463 0.83041
vn -0.62996 -0.08078 0.77239
vn -0.70489 -0.07898 0.70489
vn -0.09522 -0.28809 0.95282
vn -0.09671 -0.19401 0.9762
vn -0.09284 -0.37941 0.92053
vn -0.09738 -0.09772 0.99042
vn 0 -0.09803 0.99518
vn -0.09754 0 0.99521
vn -0.19364 -0.09665 0.97629
vn -0.28779 -0.0947 0.95297
vn -0.0813 -0.63027 0.77206
vn -0.08554 -0.55077 0.83026
vn -0.07904 -0.70547 0.70431
vn -0.08957 -0.46721 0.87957
vn 0 -0.46873 0.88333
vn -0.17838 -0.46245 0.8685
vn -0.26505 -0.45439 0.85043
vn -0.3491 -0.44343 0.8255
vn 0.17542 -0.86932 -0.46205
vn 0.26164 -0.85131 -0.45473
vn 0.34593 -0.82656 -0.44395
vn 0 -0.88415 -0.46715
vn 0.09131 -0.9212 -0.37819
vn 0.08795 -0.88037 -0.46599
vn 0.08417 -0.83126 -0.54946
vn 0.08048 -0.77322 -0.62899
vn 0.19279 -0.97647 -0.09641
vn 0.28636 -0.9534 -0.09497
vn 0.37727 -0.92145 -0.09262
vn 0 -0.99524 -0.09723
vn 0.09738 -0.99524 -0
vn 0.09708 -0.99051 -0.09708
vn 0.09601 -0.97647 -0.19303
vn 0.09409 -0.95331 -0.28694
vn 0.54827 -0.8319 -0.08545
vn 0.62804 -0.77389 -0.08136
vn 0.46629 -0.88461 -0
vn 0.4648 -0.88089 -0.08942
vn 0.46007 -0.86981 -0.17804
vn 0.4521 -0.85177 -0.2646
vn 0.44124 -0.82693 -0.34852
vn -0.17542 0.86932 -0.46205
vn -0.26164 0.85131 -0.45473
vn -0.34593 0.82656 -0.44395
vn -0.09131 0.9212 -0.37819
vn 0 0.88415 -0.46715
vn -0.08795 0.88037 -0.46599
vn -0.08417 0.83126 -0.54946
vn -0.08048 0.77322 -0.62899
vn -0.07904 0.70547 -0.70431
vn -0.19279 0.97647 -0.09641
vn -0.28636 0.9534 -0.09497
vn -0.37727 0.92145 -0.09262
vn -0.09738 0.99524 -0
vn 0 0.99524 -0.09723
vn -0.09708 0.99051 -0.09708
vn -0.09601 0.97647 -0.19303
vn -0.09409 0.95331 -0.28694
vn -0.54827 0.8319 -0.08545
vn -0.62804 0.77389 -0.08136
vn -0.70367 0.70602 -0.07947
vn -0.46629 0.88461 -0
vn -0.4648 0.88089 -0.08942
vn -0.46007 0.86981 -0.17804
vn -0.4521 0.85177 -0.2646
vn -0.44124 0.82693 -0.34852
vn -0.27805 0.91873 0.28031
vn -0.18702 0.94015 0.28471
vn -0.36662 0.88922 0.2736
vn -0.09409 0.95331 0.2869
vn -0.09131 0.9212 0.37819
vn 0 0.95776 0.28748
vn -0.09604 0.97647 0.19303
vn -0.09708 0.99051 0.09708
vn -0.15796 0.69857 0.69787
vn -0.24049 0.75204 0.61367
vn -0.23597 0.68731 0.68691
vn -0.16092 0.76516 0.62337
vn -0.31843 0.734 0.59981
vn -0.3123 0.67193 0.67153
vn 0 0.70779 0.70641
vn -0.08048 0.77322 0.62899
vn -0.07904 0.70547 0.70431
vn 0 0.77593 0.63079
vn -0.08417 0.83126 0.54946
vn -0.08795 0.88037 0.46599
vn -0.45775 0.62926 0.62807
vn -0.53551 0.65279 0.53575
vn -0.52239 0.60378 0.6021
vn -0.46712 0.68413 0.56011
vn -0.60195 0.60396 0.52235
vn -0.57668 0.57863 0.57671
vn -0.39439 0.71117 0.58193
vn -0.3867 0.65242 0.65172
vn -0.41124 0.7571 0.50758
vn -0.42766 0.79516 0.42985
vn -0.44124 0.82693 0.34852
vn 0.5338 0.8067 0.25346
vn 0.4521 0.85177 0.2646
vn 0.36662 0.88922 0.2736
vn 0.68587 0.68816 0.23655
vn 0.59816 0.73486 0.31956
vn 0.67052 0.67275 0.31266
vn 0.61196 0.75292 0.24195
vn 0.69698 0.6993 0.1586
vn 0.622 0.76598 0.16233
vn 0.70367 0.70602 0.07947
vn 0.62804 0.77389 0.08136
vn 0.70592 0.70827 -0
vn 0.63002 0.77654 -0
vn 0.46712 0.68413 0.56011
vn 0.3867 0.65242 0.65172
vn 0.45775 0.62926 0.62807
vn 0.39439 0.71117 0.58193
vn 0.31843 0.734 0.59981
vn 0.3123 0.67193 0.67153
vn 0.60195 0.60396 0.52235
vn 0.52239 0.60378 0.6021
vn 0.57668 0.57863 0.57671
vn 0.53551 0.65279 0.53575
vn 0.62758 0.62969 0.45778
vn 0.5594 0.68444 0.46754
vn 0.65093 0.6531 0.38688
vn 0.58068 0.71178 0.39515
vn 0.16092 0.76516 0.62337
vn 0.07904 0.70547 0.70431
vn 0.15796 0.69857 0.69787
vn 0.08048 0.77322 0.62899
vn 0.23597 0.68731 0.68691
vn 0.24049 0.75204 0.61367
vn 0.25108 0.80593 0.53609
vn 0.26164 0.85131 0.45473
vn 0.27067 0.8891 0.36906
vn 0.42766 0.79516 -0.42985
vn 0.50584 0.75744 -0.41273
vn 0.34593 0.82656 -0.44395
vn 0.58068 0.71178 -0.39515
vn 0.67052 0.67275 -0.31266
vn 0.65093 0.6531 -0.38688
vn 0.59816 0.73486 -0.31956
vn 0.5594 0.68444 -0.46754
vn 0.62758 0.62969 -0.45778
vn 0.53551 0.65279 -0.53575
vn 0.60195 0.60396 -0.52235
vn 0.52239 0.60378 -0.6021
vn 0.57668 0.57863 -0.57671
vn 0.4648 0.88089 -0.08942
vn 0.54827 0.8319 -0.08545
vn 0.37727 0.92145 -0.09262
vn 0.62804 0.77389 -0.08136
vn 0.70367 0.70602 -0.07947
vn 0.622 0.76598 -0.16233
vn 0.69698 0.6993 -0.1586
vn 0.61196 0.75292 -0.24195
vn 0.68587 0.68816 -0.23655
vn 0.09708 0.99051 -0.09708
vn 0.19279 0.97647 -0.09644
vn 0.28636 0.9534 -0.09497
vn 0.28727 0.95782 -0
vn 0.28336 0.94021 -0.18879
vn 0.27805 0.91873 -0.28031
vn 0.27067 0.8891 -0.36906
vn 0.27805 -0.91873 0.28031
vn 0.18702 -0.94015 0.28474
vn 0.36662 -0.88922 0.2736
vn 0.09409 -0.95331 0.28694
vn 0 -0.95776 0.28748
vn 0.09131 -0.9212 0.37819
vn 0.09601 -0.97647 0.19303
vn 0.09708 -0.99051 0.09708
vn 0.24049 -0.75204 0.61367
vn 0.16092 -0.76516 0.62337
vn 0.23597 -0.68731 0.68691
vn 0.31843 -0.734 0.59981
vn 0.08048 -0.77322 0.62899
vn 0 -0.77593 0.63079
vn 0.08417 -0.83126 0.54946
vn 0.08795 -0.88037 0.46599
vn 0.53551 -0.65279 0.53575
vn 0.46712 -0.68413 0.56011
vn 0.52239 -0.60378 0.6021
vn 0.39439 -0.71117 0.58193
vn 0.41124 -0.7571 0.50758
vn 0.42766 -0.79516 0.42985
vn 0.44124 -0.82693 0.34852
vn -0.5338 -0.8067 0.25346
vn -0.4521 -0.85177 0.2646
vn -0.36662 -0.88922 0.2736
vn -0.59816 -0.73486 0.31956
vn -0.68587 -0.68816 0.23655
vn -0.61196 -0.75292 0.24195
vn -0.622 -0.76598 0.16233
vn -0.62804 -0.77389 0.08136
vn -0.63002 -0.77654 -0
vn -0.3867 -0.65242 0.65172
vn -0.46712 -0.68413 0.56011
vn -0.39439 -0.71117 0.58193
vn -0.31843 -0.734 0.59981
vn -0.60195 -0.60396 0.52235
vn -0.53551 -0.65279 0.53575
vn -0.5594 -0.68444 0.46754
vn -0.58068 -0.71178 0.39515
vn -0.16092 -0.76516 0.62337
vn -0.08048 -0.77322 0.62899
vn -0.24049 -0.75204 0.61367
vn -0.25108 -0.80593 0.53609
vn -0.26164 -0.85131 0.45473
vn -0.27067 -0.8891 0.36906
vn -0.42766 -0.79516 -0.42985
vn -0.50584 -0.75744 -0.41273
vn -0.34593 -0.82656 -0.44395
vn -0.58068 -0.71178 -0.39515
vn -0.59816 -0.73486 -0.31956
vn -0.65093 -0.6531 -0.38688
vn -0.5594 -0.68444 -0.46754
vn -0.53551 -0.65279 -0.53575
vn -0.52239 -0.60378 -0.6021
vn -0.4648 -0.88089 -0.08942
vn -0.54827 -0.8319 -0.08545
vn -0.37727 -0.92145 -0.09262
vn -0.62804 -0.77389 -0.08136
vn -0.622 -0.76598 -0.16233
vn -0.61196 -0.75292 -0.24195
vn -0.09708 -0.99051 -0.09708
vn -0.19279 -0.97647 -0.09641
vn -0.28636 -0.9534 -0.09497
vn -0.28727 -0.95782 -0
vn -0.28336 -0.94021 -0.18879
vn -0.27805 -0.91873 -0.28031
vn -0.27067 -0.8891 -0.36906
vn 0.28553 -0.18818 0.9397
vn 0.28101 -0.2797 0.91803
vn 0.27418 -0.36866 0.88818
vn 0.37922 -0.09186 0.92071
vn 0.28837 0 0.95749
vn 0.28779 -0.0947 0.95297
vn 0.19364 -0.09665 0.97629
vn 0.09738 -0.09772 0.99042
vn 0.62416 -0.1616 0.76437
vn 0.61425 -0.24162 0.75118
vn 0.60027 -0.31993 0.73299
vn 0.63182 0 0.77508
vn 0.62996 -0.08078 0.77239
vn 0.55065 -0.08463 0.83041
vn 0.46718 -0.08847 0.8797
vn 0.56035 -0.4691 0.68258
vn 0.53594 -0.53749 0.65102
vn 0.65163 -0.38816 0.65163
vn 0.58223 -0.39619 0.70989
vn 0.50822 -0.41319 0.75561
vn 0.43049 -0.4297 0.79369
vn 0.3491 -0.44343 0.8255
vn 0.26505 0.45439 0.85043
vn 0.25376 0.53615 0.80505
vn 0.27418 0.36866 0.88818
vn 0.24198 0.61397 0.7513
vn 0.31971 0.60012 0.73321
vn 0.1623 0.62413 0.76424
vn 0.0813 0.63027 0.77206
vn 0 0.63231 0.77468
vn 0.58223 0.39619 0.70989
vn 0.56035 0.4691 0.68258
vn 0.60027 0.31993 0.73299
vn 0.53594 0.53749 0.65102
vn 0.6021 0.52434 0.6021
vn 0.46782 0.56133 0.68267
vn 0.3954 0.58257 0.71007
vn 0.62996 0.08078 0.77239
vn 0.62416 0.1616 0.76437
vn 0.61425 0.24162 0.75118
vn 0.68703 0.23652 0.68703
vn 0.53706 0.25242 0.80486
vn 0.4557 0.26307 0.85034
vn 0.36995 0.27223 0.88824
vn -0.41316 0.50801 0.75576
vn -0.43049 0.42973 0.79369
vn -0.44478 0.34773 0.82534
vn -0.31971 0.60012 0.73321
vn -0.3954 0.58257 0.71007
vn -0.46782 0.56133 0.68267
vn -0.53594 0.53749 0.65102
vn -0.6021 0.52434 0.6021
vn -0.08554 0.55077 0.83026
vn -0.08957 0.46721 0.87957
vn -0.09284 0.37941 0.92053
vn -0.0813 0.63027 0.77206
vn -0.1623 0.62413 0.76424
vn -0.24198 0.61397 0.7513
vn -0.09671 0.19401 0.9762
vn -0.09738 0.09772 0.99042
vn 0 0.28904 0.9573
vn -0.09522 0.28809 0.95282
vn -0.18931 0.28507 0.9396
vn -0.28101 0.2797 0.91803
vn -0.36995 0.27223 0.88824
vn 0.9397 -0.18818 -0.28553
vn 0.918 -0.2797 -0.28101
vn 0.88818 -0.36866 -0.27418
vn 0.92071 -0.09186 -0.37922
vn 0.95749 0 -0.28837
vn 0.95297 -0.0947 -0.28779
vn 0.97629 -0.09665 -0.19364
vn 0.99042 -0.09772 -0.09738
vn 0.76437 -0.1616 -0.62416
vn 0.75118 -0.24162 -0.61425
vn 0.73299 -0.31993 -0.60027
vn 0.77508 0 -0.63182
vn 0.77239 -0.08078 -0.62996
vn 0.83041 -0.08463 -0.55065
vn 0.8797 -0.08847 -0.46718
vn 0.68258 -0.4691 -0.56032
vn 0.65096 -0.53761 -0.53587
vn 0.65163 -0.38816 -0.65163
vn 0.70989 -0.39619 -0.58223
vn 0.75561 -0.41319 -0.50822
vn 0.79369 -0.42973 -0.43049
vn 0.8255 -0.44343 -0.3491
vn 0.85043 0.45439 -0.26505
vn 0.80499 0.53624 -0.25376
vn 0.88818 0.36866 -0.27418
vn 0.75091 0.6144 -0.2421
vn 0.73284 0.60054 -0.31974
vn 0.76394 0.6245 -0.16245
vn 0.77184 0.63054 -0.08142
vn 0.7745 0.63256 -0
vn 0.70989 0.39619 -0.58223
vn 0.68258 0.4691 -0.56032
vn 0.73299 0.31993 -0.60027
vn 0.65096 0.53761 -0.53587
vn 0.6021 0.52434 -0.6021
vn 0.68249 0.56157 -0.46776
vn 0.7098 0.58293 -0.3954
vn 0.77239 0.08078 -0.62996
vn 0.76437 0.1616 -0.62416
vn 0.75118 0.24162 -0.61425
vn 0.68703 0.23652 -0.68703
vn 0.80486 0.25242 -0.53706
vn 0.85034 0.2631 -0.4557
vn 0.88824 0.27223 -0.36995
vn 0.75573 0.50807 0.41316
vn 0.79369 0.42973 0.43049
vn 0.82534 0.34773 0.44478
vn 0.73284 0.60054 0.31974
vn 0.7098 0.58293 0.3954
vn 0.68249 0.56157 0.46776
vn 0.65096 0.53761 0.53587
vn 0.8302 0.5508 0.08557
vn 0.87957 0.46721 0.08957
vn 0.92053 0.37941 0.09284
vn 0.77184 0.63054 0.08142
vn 0.76394 0.6245 0.16245
vn 0.75091 0.6144 0.2421
vn 0.9762 0.19401 0.09671
vn 0.99042 0.09772 0.09738
vn 0.9573 0.28904 -0
vn 0.95282 0.28809 0.09522
vn 0.9396 0.28507 0.18931
vn 0.91803 0.2797 0.28101
vn 0.88824 0.27223 0.36995
vn -0.28553 -0.18818 -0.9397
vn -0.28101 -0.2797 -0.918
vn -0.27418 -0.36866 -0.88818
vn -0.37922 -0.09186 -0.92071
vn -0.28837 0 -0.95749
vn -0.28779 -0.0947 -0.95297
vn -0.19364 -0.09665 -0.97629
vn -0.09738 -0.09772 -0.99042
vn -0.62416 -0.1616 -0.76437
vn -0.61425 -0.24162 -0.75118
vn -0.60027 -0.31993 -0.73299
vn -0.63182 0 -0.77508
vn -0.62996 -0.08078 -0.77239
vn -0.55065 -0.08463 -0.83041
vn -0.46718 -0.08847 -0.8797
vn -0.56035 -0.4691 -0.68258
vn -0.53594 -0.53749 -0.65102
vn -0.65163 -0.38816 -0.65163
vn -0.58223 -0.39619 -0.70989
vn -0.50822 -0.41319 -0.75561
vn -0.43049 -0.42973 -0.79369
vn -0.3491 -0.44343 -0.8255
vn -0.26505 0.45439 -0.85043
vn -0.25376 0.53615 -0.80505
vn -0.27418 0.36866 -0.88818
vn -0.24198 0.61397 -0.7513
vn -0.31971 0.60012 -0.73321
vn -0.1623 0.62413 -0.76424
vn -0.0813 0.63027 -0.77206
vn 0 0.63234 -0.77468
vn -0.58223 0.39619 -0.70989
vn -0.56035 0.4691 -0.68258
vn -0.60027 0.31993 -0.73299
vn -0.53594 0.53749 -0.65102
vn -0.6021 0.52434 -0.6021
vn -0.46782 0.56133 -0.68267
vn -0.3954 0.58257 -0.71007
vn -0.3867 0.65242 -0.65172
vn -0.62996 0.08078 -0.77239
vn -0.62416 0.1616 -0.76437
vn -0.61425 0.24162 -0.75118
vn -0.68703 0.23652 -0.68703
vn -0.53706 0.25242 -0.80486
vn -0.4557 0.2631 -0.85034
vn -0.36995 0.27223 -0.88824
vn 0.41319 0.50801 -0.75576
vn 0.43049 0.42973 -0.79369
vn 0.44478 0.34773 -0.82534
vn 0.31971 0.60012 -0.73321
vn 0.3954 0.58257 -0.71007
vn 0.46782 0.56133 -0.68267
vn 0.53594 0.53749 -0.65102
vn 0.08554 0.55077 -0.83026
vn 0.08957 0.46721 -0.87957
vn 0.09284 0.37941 -0.92053
vn 0.0813 0.63027 -0.77206
vn 0.1623 0.62413 -0.76424
vn 0.23597 0.68731 -0.68691
vn 0.24198 0.61397 -0.7513
vn 0.09671 0.19401 -0.9762
vn 0.09738 0.09772 -0.99042
vn 0 0.28904 -0.9573
vn 0.09522 0.28809 -0.95282
vn 0.18931 0.28507 -0.9396
vn 0.28101 0.2797 -0.91803
vn 0.36995 0.27223 -0.88824
vn -0.9397 -0.18818 0.28553
vn -0.918 -0.2797 0.28101
vn -0.88818 -0.36866 0.27418
vn -0.92071 -0.09186 0.37922
vn -0.95749 0 0.28837
vn -0.95297 -0.0947 0.28779
vn -0.97629 -0.09665 0.19364
vn -0.99042 -0.09772 0.09738
vn -0.76437 -0.1616 0.62416
vn -0.75118 -0.24162 0.61425
vn -0.73299 -0.31993 0.60027
vn -0.77508 0 0.63182
vn -0.77239 -0.08078 0.62996
vn -0.83041 -0.08463 0.55065
vn -0.8797 -0.08847 0.46718
vn -0.68258 -0.4691 0.56032
vn -0.65096 -0.53761 0.53587
vn -0.65163 -0.38816 0.65163
vn -0.70989 -0.39619 0.58223
vn -0.75561 -0.41319 0.50822
vn -0.79369 -0.42973 0.43049
vn -0.8255 -0.44343 0.3491
vn -0.85043 0.45439 0.26505
vn -0.80499 0.53624 0.25376
vn -0.88818 0.36866 0.27418
vn -0.75091 0.6144 0.2421
vn -0.73284 0.60054 0.31974
vn -0.68587 0.68816 0.23655
vn -0.76394 0.6245 0.16245
vn -0.77184 0.63054 0.08142
vn -0.7745 0.63256 -0
vn -0.70989 0.39619 0.58223
vn -0.68258 0.4691 0.56032
vn -0.73299 0.31993 0.60027
vn -0.65096 0.53761 0.53587
vn -0.68249 0.56157 0.46776
vn -0.7098 0.58293 0.3954
vn -0.77239 0.08078 0.62996
vn -0.76437 0.1616 0.62416
vn -0.75118 0.24162 0.61425
vn -0.68703 0.23652 0.68703
vn -0.80486 0.25242 0.53706
vn -0.85034 0.26307 0.4557
vn -0.88824 0.27223 0.36995
vn -0.75573 0.50807 -0.41316
vn -0.79369 0.42973 -0.43049
vn -0.82534 0.34773 -0.44478
vn -0.73284 0.60054 -0.31974
vn -0.65093 0.6531 -0.38688
vn -0.7098 0.58293 -0.3954
vn -0.68249 0.56157 -0.46776
vn -0.65096 0.53761 -0.53587
vn -0.8302 0.5508 -0.08557
vn -0.87957 0.46721 -0.08957
vn -0.92053 0.37941 -0.09284
vn -0.77184 0.63054 -0.08142
vn -0.76394 0.6245 -0.16245
vn -0.75091 0.6144 -0.2421
vn -0.9762 0.19401 -0.09671
vn -0.99042 0.09772 -0.09738
vn -0.9573 0.28904 -0
vn -0.95282 0.28809 -0.09522
vn -0.9396 0.28507 -0.18931
vn -0.91803 0.2797 -0.28101
vn -0.88824 0.27223 -0.36995
vn -0.8685 0.17643 -0.46318
vn -0.8797 0.08847 -0.46718
vn -0.85034 0.2631 -0.4557
vn -0.80486 0.25242 -0.53706
vn -0.75118 0.24162 -0.61425
vn -0.95297 0.0947 0.28779
vn -0.9397 0.18818 0.28553
vn -0.91803 0.2797 0.28101
vn -0.9396 0.28507 0.18931
vn -0.95282 0.28809 0.09522
vn -0.80499 -0.53624 0.25376
vn -0.75091 -0.6144 0.2421
vn -0.85043 -0.45439 0.26505
vn -0.8685 -0.46245 0.17838
vn -0.87957 -0.46721 0.08957
vn 0.46318 0.17643 -0.8685
vn 0.46718 0.08847 -0.8797
vn 0.4557 0.2631 -0.85034
vn 0.53706 0.25242 -0.80486
vn 0.61425 0.24162 -0.75118
vn -0.28779 0.0947 -0.95297
vn -0.28553 0.18818 -0.9397
vn -0.28101 0.2797 -0.91803
vn -0.18931 0.28507 -0.9396
vn -0.09522 0.28809 -0.95282
vn -0.25376 -0.53615 -0.80505
vn -0.24198 -0.61397 -0.7513
vn -0.23597 -0.68731 -0.68691
vn -0.26505 -0.45439 -0.85043
vn -0.17838 -0.46245 -0.8685
vn -0.08957 -0.46721 -0.87957
vn 0.8685 0.17643 0.46318
vn 0.8797 0.08847 0.46718
vn 0.85034 0.26307 0.4557
vn 0.80486 0.25242 0.53706
vn 0.75118 0.24162 0.61425
vn 0.95297 0.0947 -0.28779
vn 0.9397 0.18818 -0.28553
vn 0.91803 0.2797 -0.28101
vn 0.9396 0.28507 -0.18931
vn 0.95282 0.28809 -0.09522
vn 0.80499 -0.53624 -0.25376
vn 0.75091 -0.6144 -0.2421
vn 0.85043 -0.45439 -0.26505
vn 0.8685 -0.46245 -0.17838
vn 0.87957 -0.46721 -0.08957
vn -0.46318 0.17643 0.8685
vn -0.46718 0.08847 0.8797
vn -0.4557 0.26307 0.85034
vn -0.53706 0.25242 0.80486
vn -0.61425 0.24162 0.75118
vn 0.28779 0.0947 0.95297
vn 0.28553 0.18818 0.9397
vn 0.28101 0.2797 0.91803
vn 0.18931 0.28507 0.9396
vn 0.09522 0.28809 0.95282
vn 0.25376 -0.53615 0.80505
vn 0.24198 -0.61397 0.7513
vn 0.26505 -0.45439 0.85043
vn 0.17838 -0.46245 0.8685
vn 0.08957 -0.46721 0.87957
vn -0.08795 -0.88037 -0.46599
vn -0.17542 -0.86932 -0.46205
vn -0.26164 -0.85131 -0.45473
vn -0.25108 -0.80593 -0.53609
vn -0.24049 -0.75204 -0.61367
vn -0.18702 -0.94015 0.28474
vn -0.09409 -0.95331 0.28694
vn -0.27805 -0.91873 0.28031
vn -0.28336 -0.94021 0.18879
vn -0.28636 -0.9534 0.09497
vn 0.61196 -0.75292 0.24195
vn 0.5338 -0.8067 0.25346
vn 0.4521 -0.85177 0.2646
vn 0.46007 -0.86981 0.17804
vn 0.4648 -0.88089 0.08942
vn 0.08795 0.88037 -0.46599
vn 0.17542 0.86932 -0.46205
vn 0.26164 0.85131 -0.45473
vn 0.25108 0.80593 -0.53609
vn 0.24049 0.75204 -0.61367
vn 0.18702 0.94015 0.28471
vn 0.09409 0.95331 0.2869
vn 0.27805 0.91873 0.28031
vn 0.28336 0.94021 0.18879
vn 0.28636 0.9534 0.09497
vn -0.61196 0.75292 0.24195
vn -0.5338 0.8067 0.25346
vn -0.4521 0.85177 0.2646
vn -0.46007 0.86981 0.17804
vn -0.4648 0.88089 0.08942
vn -0.50584 0.75744 -0.41273
vn -0.58068 0.71178 -0.39515
vn -0.42766 0.79516 -0.42985
vn -0.41124 0.7571 -0.50758
vn -0.39439 0.71117 -0.58193
vn 0.50584 -0.75744 -0.41273
vn 0.58068 -0.71178 -0.39515
vn 0.42766 -0.79516 -0.42985
vn 0.41124 -0.7571 -0.50758
vn 0.39439 -0.71117 -0.58193
vn 0.3867 -0.65242 -0.65172
vn -0.3954 -0.58257 0.71007
vn -0.41319 -0.50801 0.75576
vn -0.43049 -0.42973 0.79369
vn -0.50822 -0.41319 0.75561
vn -0.58223 -0.39619 0.70989
vn 0.7098 -0.58293 0.3954
vn 0.75573 -0.50807 0.41316
vn 0.79369 -0.42973 0.43049
vn 0.75561 -0.41319 0.50822
vn 0.70989 -0.39619 0.58223
vn 0.3954 -0.58257 -0.71007
vn 0.41319 -0.50801 -0.75576
vn 0.43049 -0.42973 -0.79369
vn 0.50822 -0.41319 -0.75561
vn 0.58223 -0.39619 -0.70989
vn -0.7098 -0.58293 -0.3954
vn -0.75573 -0.50807 -0.41316
vn -0.79369 -0.42973 -0.43049
vn -0.75561 -0.41319 -0.50822
vn -0.70989 -0.39619 -0.58223
vt 0.036 0.37627
vt 0.02055 0.35566
vt 0.036 0.35566
vt 0.02055 0.37627
vt 0.0051 0.35566
vt 0.0051 0.37627
vt 0.0051 0.33505
vt 0.02055 0.33505
vt 0.036 0.33505
vt 0.77837 0.37627
vt 0.76289 0.35566
vt 0.77837 0.35566
vt 0.76289 0.37627
vt 0.74742 0.35566
vt 0.74742 0.37627
vt 0.74742 0.33507
vt 0.76289 0.33507
vt 0.77837 0.33507
vt 0.5309 0.37627
vt 0.51545 0.35566
vt 0.5309 0.35566
vt 0.51545 0.37627
vt 0.5 0.35566
vt 0.5 0.37627
vt 0.5 0.33507
vt 0.51545 0.33507
vt 0.5309 0.33507
vt 0.28347 0.37627
vt 0.2681 0.35552
vt 0.28347 0.35566
vt 0.26799 0.37627
vt 0.25295 0.35509
vt 0.25252 0.37627
vt 0.25768 0.32819
vt 0.26864 0.33421
vt 0.28347 0.33507
vt 0.02055 0.04637
vt 0.036 0.02574
vt 0.036 0.04637
vt 0.02055 0.02574
vt 0.0051 0.04637
vt 0.0051 0.02574
vt 0.02055 0.0051
vt 0.0051 0.0051
vt 0.036 0.0051
vt 0.71651 0.97426
vt 0.73196 0.95363
vt 0.73196 0.97426
vt 0.71651 0.95363
vt 0.7474 0.95363
vt 0.7474 0.97426
vt 0.73196 0.9949
vt 0.7474 0.9949
vt 0.71651 0.9949
vt 0.59278 0.95363
vt 0.60826 0.97426
vt 0.59278 0.97426
vt 0.60826 0.95363
vt 0.62373 0.97426
vt 0.62373 0.95363
vt 0.62373 0.9949
vt 0.60826 0.9949
vt 0.59278 0.9949
vt 0.60826 0.78868
vt 0.59278 0.80932
vt 0.59278 0.78868
vt 0.60826 0.80932
vt 0.62373 0.78868
vt 0.62373 0.80932
vt 0.60826 0.82995
vt 0.62373 0.82995
vt 0.59278 0.82995
vt 0.73196 0.80932
vt 0.71651 0.78868
vt 0.73196 0.78868
vt 0.71651 0.80932
vt 0.7474 0.80932
vt 0.7474 0.78868
vt 0.7474 0.82995
vt 0.73196 0.82995
vt 0.71651 0.82995
vt 0.14429 0.02574
vt 0.15975 0.04637
vt 0.14429 0.04637
vt 0.15975 0.02574
vt 0.12883 0.02574
vt 0.12883 0.04637
vt 0.12883 0.0051
vt 0.14429 0.0051
vt 0.15975 0.0051
vt 0.15975 0.19067
vt 0.14429 0.2113
vt 0.14429 0.19067
vt 0.15975 0.2113
vt 0.12883 0.2113
vt 0.12883 0.19067
vt 0.14429 0.17005
vt 0.12883 0.17005
vt 0.15975 0.17005
vt 0.036 0.2113
vt 0.02055 0.19067
vt 0.036 0.19067
vt 0.02055 0.2113
vt 0.0051 0.19067
vt 0.0051 0.2113
vt 0.0051 0.17005
vt 0.02055 0.17005
vt 0.036 0.17005
vt 0.40722 0.35566
vt 0.39174 0.37627
vt 0.39174 0.35566
vt 0.40722 0.37627
vt 0.37627 0.37627
vt 0.37627 0.35566
vt 0.39174 0.33507
vt 0.37627 0.33507
vt 0.40722 0.33507
vt 0.40722 0.54127
vt 0.39174 0.52064
vt 0.40722 0.52064
vt 0.39174 0.54127
vt 0.37627 0.52064
vt 0.37627 0.54127
vt 0.37627 0.5
vt 0.39174 0.5
vt 0.40722 0.5
vt 0.28347 0.52064
vt 0.26799 0.54127
vt 0.26799 0.52064
vt 0.28347 0.54127
vt 0.25252 0.54127
vt 0.25252 0.52064
vt 0.25252 0.5
vt 0.26799 0.5
vt 0.28347 0.5
vt 0.65465 0.35566
vt 0.63919 0.37627
vt 0.63919 0.35566
vt 0.65465 0.37627
vt 0.62373 0.37627
vt 0.62373 0.35566
vt 0.63919 0.33507
vt 0.62373 0.33507
vt 0.65465 0.33507
vt 0.65465 0.54127
vt 0.63919 0.52064
vt 0.65465 0.52064
vt 0.63919 0.54127
vt 0.62373 0.52064
vt 0.62373 0.54127
vt 0.62373 0.5
vt 0.63919 0.5
vt 0.65465 0.5
vt 0.5309 0.52064
vt 0.51545 0.54127
vt 0.51545 0.52064
vt 0.5309 0.54127
vt 0.5 0.54127
vt 0.5 0.52064
vt 0.5 0.5
vt 0.51545 0.5
vt 0.5309 0.5
vt 0.90212 0.35566
vt 0.88664 0.37627
vt 0.88664 0.35566
vt 0.90212 0.37627
vt 0.87117 0.37627
vt 0.87117 0.35566
vt 0.88664 0.33507
vt 0.87117 0.33507
vt 0.90212 0.33507
vt 0.90212 0.54127
vt 0.88664 0.52064
vt 0.90212 0.52064
vt 0.88664 0.54127
vt 0.87117 0.52064
vt 0.87117 0.54127
vt 0.87117 0.5
vt 0.88664 0.5
vt 0.90212 0.5
vt 0.77837 0.52064
vt 0.76289 0.54127
vt 0.76289 0.52064
vt 0.77837 0.54127
vt 0.74742 0.54127
vt 0.74742 0.52064
vt 0.74742 0.5
vt 0.76289 0.5
vt 0.77837 0.5
vt 0.15975 0.35566
vt 0.14429 0.37627
vt 0.14429 0.35566
vt 0.15975 0.37627
vt 0.12883 0.37627
vt 0.12883 0.35566
vt 0.14429 0.33505
vt 0.12883 0.33505
vt 0.15975 0.33505
vt 0.15975 0.54127
vt 0.14429 0.52064
vt 0.15975 0.52064
vt 0.14429 0.54127
vt 0.12883 0.52064
vt 0.12883 0.54127
vt 0.12883 0.5
vt 0.14429 0.5
vt 0.15975 0.5
vt 0.036 0.52064
vt 0.02055 0.54127
vt 0.02055 0.52064
vt 0.036 0.54127
vt 0.0051 0.54127
vt 0.0051 0.52064
vt 0.0051 0.5
vt 0.02055 0.5
vt 0.036 0.5
vt 0.09788 0.52064
vt 0.08242 0.54127
vt 0.08242 0.52064
vt 0.09788 0.54127
vt 0.06696 0.54127
vt 0.06696 0.52064
vt 0.06696 0.5
vt 0.08242 0.5
vt 0.09788 0.5
vt 0.09788 0.60311
vt 0.08242 0.62373
vt 0.08242 0.60311
vt 0.09788 0.62373
vt 0.06696 0.62373
vt 0.06696 0.60311
vt 0.08242 0.58248
vt 0.06696 0.58248
vt 0.09788 0.58248
vt 0.036 0.60311
vt 0.02055 0.62373
vt 0.02055 0.60311
vt 0.036 0.62373
vt 0.0051 0.62373
vt 0.0051 0.60311
vt 0.02055 0.58248
vt 0.0051 0.58248
vt 0.036 0.58248
vt 0.22161 0.54127
vt 0.20617 0.52064
vt 0.22161 0.52064
vt 0.20617 0.54127
vt 0.19071 0.52064
vt 0.19071 0.54127
vt 0.20617 0.5
vt 0.19071 0.5
vt 0.22161 0.5
vt 0.22161 0.62373
vt 0.20617 0.60311
vt 0.22161 0.60311
vt 0.20617 0.62373
vt 0.19071 0.60311
vt 0.19071 0.62373
vt 0.19071 0.58248
vt 0.20617 0.58248
vt 0.22161 0.58248
vt 0.15975 0.62373
vt 0.14429 0.60311
vt 0.15975 0.60311
vt 0.14429 0.62373
vt 0.12883 0.60311
vt 0.12883 0.62373
vt 0.12883 0.58248
vt 0.14429 0.58248
vt 0.15975 0.58248
vt 0.22161 0.35566
vt 0.20617 0.37627
vt 0.20617 0.35566
vt 0.22161 0.37627
vt 0.19071 0.37627
vt 0.19071 0.35566
vt 0.20617 0.33505
vt 0.19071 0.33505
vt 0.22161 0.33505
vt 0.22161 0.43813
vt 0.20617 0.45873
vt 0.20617 0.43813
vt 0.22161 0.45873
vt 0.19071 0.45873
vt 0.19071 0.43813
vt 0.20617 0.41752
vt 0.19071 0.41752
vt 0.22161 0.41752
vt 0.15975 0.43813
vt 0.14429 0.45873
vt 0.14429 0.43813
vt 0.15975 0.45873
vt 0.12883 0.45873
vt 0.12883 0.43813
vt 0.14429 0.41752
vt 0.12883 0.41752
vt 0.15975 0.41752
vt 0.84025 0.52064
vt 0.82477 0.54127
vt 0.82477 0.52064
vt 0.84025 0.54127
vt 0.80929 0.54127
vt 0.80929 0.52064
vt 0.80929 0.5
vt 0.82477 0.5
vt 0.84025 0.5
vt 0.84025 0.60311
vt 0.82477 0.62373
vt 0.82477 0.60311
vt 0.84025 0.62373
vt 0.80929 0.62373
vt 0.80929 0.60311
vt 0.82477 0.58248
vt 0.80929 0.58248
vt 0.84025 0.58248
vt 0.77837 0.60311
vt 0.76289 0.62373
vt 0.76289 0.60311
vt 0.77837 0.62373
vt 0.74742 0.62373
vt 0.74742 0.60311
vt 0.76289 0.58248
vt 0.74742 0.58248
vt 0.77837 0.58248
vt 0.964 0.54127
vt 0.94852 0.52064
vt 0.964 0.52064
vt 0.94852 0.54127
vt 0.93304 0.52064
vt 0.93304 0.54127
vt 0.94852 0.5
vt 0.93304 0.5
vt 0.964 0.5
vt 0.964 0.62373
vt 0.94852 0.60311
vt 0.964 0.60311
vt 0.94852 0.62373
vt 0.93304 0.60311
vt 0.93304 0.62373
vt 0.93304 0.58248
vt 0.94852 0.58248
vt 0.964 0.58248
vt 0.90212 0.62373
vt 0.88664 0.60311
vt 0.90212 0.60311
vt 0.88664 0.62373
vt 0.87117 0.60311
vt 0.87117 0.62373
vt 0.87117 0.58248
vt 0.88664 0.58248
vt 0.90212 0.58248
vt 0.964 0.35566
vt 0.94852 0.37627
vt 0.94852 0.35566
vt 0.964 0.37627
vt 0.93304 0.37627
vt 0.93304 0.35566
vt 0.94852 0.33507
vt 0.93304 0.33507
vt 0.964 0.33507
vt 0.964 0.43813
vt 0.94852 0.45873
vt 0.94852 0.43813
vt 0.964 0.45873
vt 0.93304 0.45873
vt 0.93304 0.43813
vt 0.94852 0.41752
vt 0.93304 0.41752
vt 0.964 0.41752
vt 0.90212 0.43813
vt 0.88664 0.45873
vt 0.88664 0.43813
vt 0.90212 0.45873
vt 0.87117 0.45873
vt 0.87117 0.43813
vt 0.88664 0.41752
vt 0.87117 0.41752
vt 0.90212 0.41752
vt 0.59278 0.52064
vt 0.57732 0.54127
vt 0.57732 0.52064
vt 0.59278 0.54127
vt 0.56186 0.54127
vt 0.56186 0.52064
vt 0.56186 0.5
vt 0.57732 0.5
vt 0.59278 0.5
vt 0.59278 0.60311
vt 0.57732 0.62373
vt 0.57732 0.60311
vt 0.59278 0.62373
vt 0.56186 0.62373
vt 0.56186 0.60311
vt 0.57732 0.58248
vt 0.56186 0.58248
vt 0.59278 0.58248
vt 0.5309 0.60311
vt 0.51545 0.62373
vt 0.51545 0.60311
vt 0.5309 0.62373
vt 0.5 0.62373
vt 0.5 0.60311
vt 0.51545 0.58248
vt 0.5 0.58248
vt 0.5309 0.58248
vt 0.71651 0.54127
vt 0.70107 0.52064
vt 0.71651 0.52064
vt 0.70107 0.54127
vt 0.68561 0.52064
vt 0.68561 0.54127
vt 0.70107 0.5
vt 0.68561 0.5
vt 0.71651 0.5
vt 0.71651 0.62373
vt 0.70107 0.60311
vt 0.71651 0.60311
vt 0.70107 0.62373
vt 0.68561 0.60311
vt 0.68561 0.62373
vt 0.68561 0.58248
vt 0.70107 0.58248
vt 0.71651 0.58248
vt 0.65465 0.62373
vt 0.63919 0.60311
vt 0.65465 0.60311
vt 0.63919 0.62373
vt 0.62373 0.60311
vt 0.62373 0.62373
vt 0.62373 0.58248
vt 0.63919 0.58248
vt 0.65465 0.58248
vt 0.71651 0.35566
vt 0.70107 0.37627
vt 0.70107 0.35566
vt 0.71651 0.37627
vt 0.68561 0.37627
vt 0.68561 0.35566
vt 0.70107 0.33507
vt 0.68561 0.33507
vt 0.71651 0.33507
vt 0.71651 0.43813
vt 0.70107 0.45873
vt 0.70107 0.43813
vt 0.71651 0.45873
vt 0.68561 0.45873
vt 0.68561 0.43813
vt 0.70107 0.41752
vt 0.68561 0.41752
vt 0.71651 0.41752
vt 0.65465 0.43813
vt 0.63919 0.45873
vt 0.63919 0.43813
vt 0.65465 0.45873
vt 0.62373 0.45873
vt 0.62373 0.43813
vt 0.63919 0.41752
vt 0.62373 0.41752
vt 0.65465 0.41752
vt 0.34535 0.52064
vt 0.32987 0.54127
vt 0.32987 0.52064
vt 0.34535 0.54127
vt 0.31439 0.54127
vt 0.31439 0.52064
vt 0.31439 0.5
vt 0.32987 0.5
vt 0.34535 0.5
vt 0.34535 0.60311
vt 0.32987 0.62373
vt 0.32987 0.60311
vt 0.34535 0.62373
vt 0.31439 0.62373
vt 0.31439 0.60311
vt 0.32987 0.58248
vt 0.31439 0.58248
vt 0.34535 0.58248
vt 0.28347 0.60311
vt 0.26799 0.62373
vt 0.26799 0.60311
vt 0.28347 0.62373
vt 0.25252 0.62373
vt 0.25252 0.60311
vt 0.26799 0.58248
vt 0.25252 0.58248
vt 0.28347 0.58248
vt 0.4691 0.54127
vt 0.45362 0.52064
vt 0.4691 0.52064
vt 0.45362 0.54127
vt 0.43814 0.52064
vt 0.43814 0.54127
vt 0.45362 0.5
vt 0.43814 0.5
vt 0.4691 0.5
vt 0.4691 0.62373
vt 0.45362 0.60311
vt 0.4691 0.60311
vt 0.45362 0.62373
vt 0.43814 0.60311
vt 0.43814 0.62373
vt 0.43814 0.58248
vt 0.45362 0.58248
vt 0.4691 0.58248
vt 0.40722 0.62373
vt 0.39174 0.60311
vt 0.40722 0.60311
vt 0.39174 0.62373
vt 0.37627 0.60311
vt 0.37627 0.62373
vt 0.37627 0.58248
vt 0.39174 0.58248
vt 0.40722 0.58248
vt 0.4691 0.35566
vt 0.45362 0.37627
vt 0.45362 0.35566
vt 0.4691 0.37627
vt 0.43814 0.37627
vt 0.43814 0.35566
vt 0.45362 0.33507
vt 0.43814 0.33507
vt 0.4691 0.33507
vt 0.4691 0.43813
vt 0.45362 0.45873
vt 0.45362 0.43813
vt 0.4691 0.45873
vt 0.43814 0.45873
vt 0.43814 0.43813
vt 0.45362 0.41752
vt 0.43814 0.41752
vt 0.4691 0.41752
vt 0.40722 0.43813
vt 0.39174 0.45873
vt 0.39174 0.43813
vt 0.40722 0.45873
vt 0.37627 0.45873
vt 0.37627 0.43813
vt 0.39174 0.41752
vt 0.37627 0.41752
vt 0.40722 0.41752
vt 0.09788 0.2113
vt 0.08242 0.19067
vt 0.09788 0.19067
vt 0.08242 0.2113
vt 0.06696 0.19067
vt 0.06696 0.2113
vt 0.06696 0.17005
vt 0.08242 0.17005
vt 0.09788 0.17005
vt 0.09788 0.29378
vt 0.08242 0.27314
vt 0.09788 0.27314
vt 0.08242 0.29378
vt 0.06696 0.27314
vt 0.06696 0.29378
vt 0.06696 0.25252
vt 0.08242 0.25252
vt 0.09788 0.25252
vt 0.036 0.29378
vt 0.02055 0.27314
vt 0.036 0.27314
vt 0.02055 0.29378
vt 0.0051 0.27314
vt 0.0051 0.29378
vt 0.0051 0.25252
vt 0.02055 0.25252
vt 0.036 0.25252
vt 0.22163 0.19067
vt 0.20617 0.2113
vt 0.20617 0.19067
vt 0.22163 0.2113
vt 0.19071 0.2113
vt 0.19071 0.19067
vt 0.20617 0.17005
vt 0.19071 0.17005
vt 0.22163 0.17005
vt 0.22163 0.27314
vt 0.20617 0.29378
vt 0.20617 0.27314
vt 0.22163 0.29378
vt 0.19071 0.29378
vt 0.19071 0.27314
vt 0.20617 0.25252
vt 0.19071 0.25252
vt 0.22163 0.25252
vt 0.15975 0.27314
vt 0.14429 0.29378
vt 0.14429 0.27314
vt 0.15975 0.29378
vt 0.12883 0.29378
vt 0.12883 0.27314
vt 0.14429 0.25252
vt 0.12883 0.25252
vt 0.15975 0.25252
vt 0.20617 0.02574
vt 0.22163 0.04637
vt 0.20617 0.04637
vt 0.22163 0.02574
vt 0.19071 0.02574
vt 0.19071 0.04637
vt 0.19071 0.0051
vt 0.20617 0.0051
vt 0.22163 0.0051
vt 0.20617 0.10821
vt 0.22163 0.12883
vt 0.20617 0.12883
vt 0.22163 0.10821
vt 0.19071 0.10821
vt 0.19071 0.12883
vt 0.19071 0.08758
vt 0.20617 0.08758
vt 0.22163 0.08758
vt 0.14429 0.10821
vt 0.15975 0.12883
vt 0.14429 0.12883
vt 0.15975 0.10821
vt 0.12883 0.10821
vt 0.12883 0.12883
vt 0.12883 0.08758
vt 0.14429 0.08758
vt 0.15975 0.08758
vt 0.67013 0.80932
vt 0.65465 0.78868
vt 0.67013 0.78868
vt 0.65465 0.80932
vt 0.68561 0.80932
vt 0.68561 0.78868
vt 0.68561 0.82995
vt 0.67013 0.82995
vt 0.65465 0.82995
vt 0.67013 0.72681
vt 0.65465 0.7062
vt 0.67013 0.7062
vt 0.65465 0.72681
vt 0.68561 0.72681
vt 0.68561 0.7062
vt 0.68561 0.74742
vt 0.67013 0.74742
vt 0.65465 0.74742
vt 0.73196 0.72681
vt 0.71651 0.7062
vt 0.73196 0.7062
vt 0.71651 0.72681
vt 0.7474 0.72681
vt 0.7474 0.7062
vt 0.7474 0.74742
vt 0.73196 0.74742
vt 0.71651 0.74742
vt 0.54638 0.78868
vt 0.5309 0.80932
vt 0.5309 0.78868
vt 0.54638 0.80932
vt 0.56186 0.78868
vt 0.56186 0.80932
vt 0.54638 0.82995
vt 0.56186 0.82995
vt 0.5309 0.82995
vt 0.54638 0.7062
vt 0.5309 0.72681
vt 0.5309 0.7062
vt 0.54638 0.72681
vt 0.56186 0.7062
vt 0.56186 0.72681
vt 0.54638 0.74742
vt 0.56186 0.74742
vt 0.5309 0.74742
vt 0.60826 0.7062
vt 0.59278 0.72681
vt 0.59278 0.7062
vt 0.60826 0.72681
vt 0.62373 0.7062
vt 0.62373 0.72681
vt 0.60826 0.74742
vt 0.62373 0.74742
vt 0.59278 0.74742
vt 0.5309 0.95363
vt 0.54638 0.97426
vt 0.5309 0.97426
vt 0.54638 0.95363
vt 0.56186 0.97426
vt 0.56186 0.95363
vt 0.56186 0.9949
vt 0.54638 0.9949
vt 0.5309 0.9949
vt 0.5309 0.87117
vt 0.54638 0.89179
vt 0.5309 0.89179
vt 0.54638 0.87117
vt 0.56186 0.89179
vt 0.56186 0.87117
vt 0.56186 0.91242
vt 0.54638 0.91242
vt 0.5309 0.91242
vt 0.59278 0.87117
vt 0.60826 0.89179
vt 0.59278 0.89179
vt 0.60826 0.87117
vt 0.62373 0.89179
vt 0.62373 0.87117
vt 0.62373 0.91242
vt 0.60826 0.91242
vt 0.59278 0.91242
vt 0.65465 0.97426
vt 0.67013 0.95363
vt 0.67013 0.97426
vt 0.65465 0.95363
vt 0.68561 0.95363
vt 0.68561 0.97426
vt 0.67013 0.9949
vt 0.68561 0.9949
vt 0.65465 0.9949
vt 0.65465 0.89179
vt 0.67013 0.87117
vt 0.67013 0.89179
vt 0.65465 0.87117
vt 0.68561 0.87117
vt 0.68561 0.89179
vt 0.67013 0.91242
vt 0.68561 0.91242
vt 0.65465 0.91242
vt 0.71651 0.89179
vt 0.73196 0.87117
vt 0.73196 0.89179
vt 0.71651 0.87117
vt 0.7474 0.87117
vt 0.7474 0.89179
vt 0.73196 0.91242
vt 0.7474 0.91242
vt 0.71651 0.91242
vt 0.08242 0.04637
vt 0.09788 0.02574
vt 0.09788 0.04637
vt 0.08242 0.02574
vt 0.06696 0.04637
vt 0.06696 0.02574
vt 0.08242 0.0051
vt 0.06696 0.0051
vt 0.09788 0.0051
vt 0.08242 0.12883
vt 0.09788 0.10821
vt 0.09788 0.12883
vt 0.08242 0.10821
vt 0.06696 0.12883
vt 0.06696 0.10821
vt 0.08242 0.08758
vt 0.06696 0.08758
vt 0.09788 0.08758
vt 0.02055 0.12883
vt 0.036 0.10821
vt 0.036 0.12883
vt 0.02055 0.10821
vt 0.0051 0.12883
vt 0.0051 0.10821
vt 0.02055 0.08758
vt 0.0051 0.08758
vt 0.036 0.08758
vt 0.34535 0.37627
vt 0.32987 0.35566
vt 0.34535 0.35566
vt 0.32987 0.37627
vt 0.31439 0.35566
vt 0.31439 0.37627
vt 0.31439 0.33507
vt 0.32987 0.33507
vt 0.34535 0.33507
vt 0.34535 0.45873
vt 0.32987 0.43813
vt 0.34535 0.43813
vt 0.32987 0.45873
vt 0.31439 0.43813
vt 0.31439 0.45873
vt 0.31439 0.41752
vt 0.32987 0.41752
vt 0.34535 0.41752
vt 0.28347 0.45873
vt 0.26799 0.43813
vt 0.28347 0.43813
vt 0.26799 0.45873
vt 0.25252 0.43813
vt 0.25252 0.45873
vt 0.25252 0.41752
vt 0.26799 0.41752
vt 0.28347 0.41752
vt 0.59278 0.37627
vt 0.57732 0.35566
vt 0.59278 0.35566
vt 0.57732 0.37627
vt 0.56186 0.35566
vt 0.56186 0.37627
vt 0.56186 0.33507
vt 0.57732 0.33507
vt 0.59278 0.33507
vt 0.59278 0.45873
vt 0.57732 0.43813
vt 0.59278 0.43813
vt 0.57732 0.45873
vt 0.56186 0.43813
vt 0.56186 0.45873
vt 0.56186 0.41752
vt 0.57732 0.41752
vt 0.59278 0.41752
vt 0.5309 0.45873
vt 0.51545 0.43813
vt 0.5309 0.43813
vt 0.51545 0.45873
vt 0.5 0.43813
vt 0.5 0.45873
vt 0.5 0.41752
vt 0.51545 0.41752
vt 0.5309 0.41752
vt 0.84025 0.37627
vt 0.82477 0.35566
vt 0.84025 0.35566
vt 0.82477 0.37627
vt 0.80929 0.35566
vt 0.80929 0.37627
vt 0.80929 0.33507
vt 0.82477 0.33507
vt 0.84025 0.33507
vt 0.84025 0.45873
vt 0.82477 0.43813
vt 0.84025 0.43813
vt 0.82477 0.45873
vt 0.80929 0.43813
vt 0.80929 0.45873
vt 0.80929 0.41752
vt 0.82477 0.41752
vt 0.84025 0.41752
vt 0.77837 0.45873
vt 0.76289 0.43813
vt 0.77837 0.43813
vt 0.76289 0.45873
vt 0.74742 0.43813
vt 0.74742 0.45873
vt 0.74742 0.41752
vt 0.76289 0.41752
vt 0.77837 0.41752
vt 0.09788 0.37627
vt 0.08242 0.35566
vt 0.09788 0.35566
vt 0.08242 0.37627
vt 0.06696 0.35566
vt 0.06696 0.37627
vt 0.06696 0.33505
vt 0.08242 0.33505
vt 0.09788 0.33505
vt 0.09788 0.45873
vt 0.08242 0.43813
vt 0.09788 0.43813
vt 0.08242 0.45873
vt 0.06696 0.43813
vt 0.06696 0.45873
vt 0.06696 0.41752
vt 0.08242 0.41752
vt 0.09788 0.41752
vt 0.036 0.45873
vt 0.02055 0.43813
vt 0.036 0.43813
vt 0.02055 0.45873
vt 0.0051 0.43813
vt 0.0051 0.45873
vt 0.0051 0.41752
vt 0.02055 0.41752
vt 0.036 0.41752
vt 0.05148 0.43813
vt 0.05148 0.45873
vt 0.05148 0.41752
vt 0.05148 0.47936
vt 0.06696 0.47936
vt 0.05148 0.5
vt 0.036 0.47936
vt 0.02055 0.47936
vt 0.0051 0.47936
vt 0.11336 0.43813
vt 0.11336 0.45873
vt 0.11336 0.41752
vt 0.11336 0.47936
vt 0.12883 0.47936
vt 0.11336 0.5
vt 0.09788 0.47936
vt 0.08242 0.47936
vt 0.11336 0.35566
vt 0.11336 0.37627
vt 0.11336 0.33505
vt 0.11336 0.39689
vt 0.12883 0.39689
vt 0.09788 0.39689
vt 0.08242 0.39689
vt 0.06696 0.39689
vt 0.79383 0.43813
vt 0.79383 0.45873
vt 0.79383 0.41752
vt 0.79383 0.47936
vt 0.80929 0.47936
vt 0.79383 0.5
vt 0.77837 0.47936
vt 0.76289 0.47936
vt 0.74742 0.47936
vt 0.85571 0.43813
vt 0.85571 0.45873
vt 0.85571 0.41752
vt 0.85571 0.47936
vt 0.87117 0.47936
vt 0.85571 0.5
vt 0.84025 0.47936
vt 0.82477 0.47936
vt 0.85571 0.35566
vt 0.85571 0.37627
vt 0.85571 0.33507
vt 0.85571 0.39689
vt 0.87117 0.39689
vt 0.84025 0.39689
vt 0.82477 0.39689
vt 0.80929 0.39689
vt 0.54638 0.43813
vt 0.54638 0.45873
vt 0.54638 0.41752
vt 0.54638 0.47936
vt 0.56186 0.47936
vt 0.54638 0.5
vt 0.5309 0.47936
vt 0.51545 0.47936
vt 0.5 0.47936
vt 0.60826 0.43813
vt 0.60826 0.45873
vt 0.60826 0.41752
vt 0.60826 0.47936
vt 0.62373 0.47936
vt 0.60826 0.5
vt 0.59278 0.47936
vt 0.57732 0.47936
vt 0.60826 0.35566
vt 0.60826 0.37627
vt 0.60826 0.33507
vt 0.60826 0.39689
vt 0.62373 0.39689
vt 0.59278 0.39689
vt 0.57732 0.39689
vt 0.56186 0.39689
vt 0.29893 0.43813
vt 0.29893 0.45873
vt 0.29893 0.41752
vt 0.29893 0.47936
vt 0.31439 0.47936
vt 0.29893 0.5
vt 0.28347 0.47936
vt 0.26799 0.47936
vt 0.25252 0.47936
vt 0.36081 0.43813
vt 0.36081 0.45873
vt 0.36081 0.41752
vt 0.36081 0.47936
vt 0.37627 0.47936
vt 0.36081 0.5
vt 0.34535 0.47936
vt 0.32987 0.47936
vt 0.36081 0.35566
vt 0.36081 0.37627
vt 0.36081 0.33507
vt 0.36081 0.39689
vt 0.37627 0.39689
vt 0.34535 0.39689
vt 0.32987 0.39689
vt 0.31439 0.39689
vt 0.05148 0.12883
vt 0.05148 0.10821
vt 0.05148 0.08758
vt 0.05148 0.17005
vt 0.06696 0.14944
vt 0.05148 0.14944
vt 0.036 0.14944
vt 0.02055 0.14944
vt 0.0051 0.14944
vt 0.11336 0.12883
vt 0.11336 0.10821
vt 0.11336 0.08758
vt 0.11336 0.17005
vt 0.12883 0.14944
vt 0.11336 0.14944
vt 0.09788 0.14944
vt 0.08242 0.14944
vt 0.11336 0.04637
vt 0.11336 0.02574
vt 0.11336 0.0051
vt 0.12883 0.06697
vt 0.11336 0.06697
vt 0.09788 0.06697
vt 0.08242 0.06697
vt 0.06696 0.06697
vt 0.70107 0.87117
vt 0.70107 0.89179
vt 0.70107 0.91242
vt 0.68561 0.85056
vt 0.70107 0.82995
vt 0.70107 0.85056
vt 0.71651 0.85056
vt 0.73196 0.85056
vt 0.7474 0.85056
vt 0.63919 0.87117
vt 0.63919 0.89179
vt 0.63919 0.91242
vt 0.62373 0.85056
vt 0.63919 0.82995
vt 0.63919 0.85056
vt 0.65465 0.85056
vt 0.67013 0.85056
vt 0.63919 0.95363
vt 0.63919 0.97426
vt 0.63919 0.9949
vt 0.62373 0.93303
vt 0.63919 0.93303
vt 0.65465 0.93303
vt 0.67013 0.93303
vt 0.68561 0.93303
vt 0.57732 0.89179
vt 0.57732 0.87117
vt 0.57732 0.91242
vt 0.57732 0.85056
vt 0.56186 0.85056
vt 0.57732 0.82995
vt 0.59278 0.85056
vt 0.60826 0.85056
vt 0.5 0.87117
vt 0.51545 0.89179
vt 0.5 0.89179
vt 0.51545 0.87117
vt 0.51545 0.91242
vt 0.5 0.91242
vt 0.5 0.82995
vt 0.51545 0.85056
vt 0.5 0.85056
vt 0.51545 0.82995
vt 0.5309 0.85056
vt 0.54638 0.85056
vt 0.5 0.95363
vt 0.51545 0.97426
vt 0.5 0.97426
vt 0.51545 0.95363
vt 0.5309 0.97426
vt 0.5309 0.95363
vt 0.5309 0.9949
vt 0.51545 0.9949
vt 0.5 0.9949
vt 0.51545 0.93303
vt 0.5 0.93303
vt 0.5309 0.93303
vt 0.51545 0.95363
vt 0.5 0.95363
vt 0.54638 0.93303
vt 0.56186 0.93303
vt 0.57732 0.7062
vt 0.57732 0.72681
vt 0.57732 0.74742
vt 0.57732 0.66495
vt 0.56186 0.68558
vt 0.56186 0.66495
vt 0.57732 0.68558
vt 0.59278 0.66495
vt 0.59278 0.68558
vt 0.60826 0.66495
vt 0.60826 0.68558
vt 0.62373 0.66495
vt 0.62373 0.68558
vt 0.51545 0.7062
vt 0.5 0.72681
vt 0.5 0.7062
vt 0.51545 0.72681
vt 0.51545 0.74742
vt 0.5 0.74742
vt 0.51502 0.66552
vt 0.49936 0.68643
vt 0.49485 0.67181
vt 0.51534 0.68572
vt 0.5309 0.66495
vt 0.5309 0.68558
vt 0.51545 0.7062
vt 0.5309 0.7062
vt 0.5 0.7062
vt 0.54638 0.66495
vt 0.5309 0.68558
vt 0.5309 0.66495
vt 0.54638 0.68558
vt 0.51545 0.78868
vt 0.5 0.80932
vt 0.5 0.78868
vt 0.51545 0.80932
vt 0.5 0.76804
vt 0.51545 0.76804
vt 0.5309 0.76804
vt 0.54638 0.76804
vt 0.56186 0.76804
vt 0.70107 0.72681
vt 0.70107 0.7062
vt 0.70107 0.74742
vt 0.70107 0.68558
vt 0.68561 0.66495
vt 0.70107 0.66495
vt 0.68561 0.68558
vt 0.71651 0.68558
vt 0.71651 0.66495
vt 0.73206 0.68572
vt 0.71651 0.66495
vt 0.73239 0.66552
vt 0.74805 0.68643
vt 0.75257 0.67181
vt 0.7474 0.7062
vt 0.73196 0.7062
vt 0.71651 0.7062
vt 0.63919 0.72681
vt 0.63919 0.7062
vt 0.63919 0.74742
vt 0.63919 0.68558
vt 0.63919 0.66495
vt 0.65465 0.68558
vt 0.65465 0.66495
vt 0.67013 0.68558
vt 0.67013 0.66495
vt 0.63919 0.80932
vt 0.63919 0.78868
vt 0.63919 0.76804
vt 0.62373 0.76804
vt 0.65465 0.76804
vt 0.67013 0.76804
vt 0.68561 0.76804
vt 0.17523 0.10821
vt 0.17523 0.12883
vt 0.17523 0.08758
vt 0.17523 0.14944
vt 0.17523 0.17005
vt 0.19071 0.14944
vt 0.15975 0.14944
vt 0.14429 0.14944
vt 0.23711 0.10821
vt 0.2526 0.12883
vt 0.23711 0.12883
vt 0.2526 0.10821
vt 0.23711 0.08758
vt 0.2526 0.08758
vt 0.23711 0.14944
vt 0.2526 0.17005
vt 0.23711 0.17005
vt 0.2526 0.14944
vt 0.22163 0.14944
vt 0.20617 0.14944
vt 0.23711 0.02574
vt 0.2526 0.04637
vt 0.23711 0.04637
vt 0.2526 0.02574
vt 0.22163 0.02574
vt 0.22163 0.04637
vt 0.22163 0.0051
vt 0.23711 0.0051
vt 0.2526 0.0051
vt 0.23711 0.06697
vt 0.2526 0.06697
vt 0.22163 0.06697
vt 0.23711 0.04637
vt 0.20617 0.06697
vt 0.19071 0.06697
vt 0.17523 0.29378
vt 0.17523 0.27314
vt 0.17523 0.25252
vt 0.19071 0.31442
vt 0.17523 0.33505
vt 0.17523 0.31442
vt 0.15975 0.31442
vt 0.14429 0.31442
vt 0.12883 0.31442
vt 0.2526 0.27314
vt 0.2371 0.29378
vt 0.23711 0.27314
vt 0.25258 0.29378
vt 0.23711 0.25252
vt 0.2526 0.25252
vt 0.2532 0.31356
vt 0.2375 0.33448
vt 0.23719 0.31428
vt 0.25768 0.32819
vt 0.22161 0.33505
vt 0.22162 0.31442
vt 0.2371 0.29378
vt 0.22163 0.29378
vt 0.22162 0.31442
vt 0.20617 0.31442
vt 0.2526 0.19067
vt 0.23711 0.2113
vt 0.23711 0.19067
vt 0.2526 0.2113
vt 0.2526 0.23191
vt 0.23711 0.23191
vt 0.22163 0.23191
vt 0.20617 0.23191
vt 0.19071 0.23191
vt 0.05148 0.27314
vt 0.05148 0.29378
vt 0.05148 0.25252
vt 0.05148 0.31442
vt 0.06696 0.31442
vt 0.05148 0.33505
vt 0.036 0.31442
vt 0.036 0.33505
vt 0.02055 0.31442
vt 0.036 0.31442
vt 0.0051 0.31442
vt 0.02055 0.29378
vt 0.036 0.29378
vt 0.11336 0.27314
vt 0.11336 0.29378
vt 0.11336 0.25252
vt 0.11336 0.31442
vt 0.09788 0.31442
vt 0.08242 0.31442
vt 0.11336 0.19067
vt 0.11336 0.2113
vt 0.11336 0.23191
vt 0.12883 0.23191
vt 0.09788 0.23191
vt 0.08242 0.23191
vt 0.06696 0.23191
vt 0.42268 0.45873
vt 0.42268 0.43813
vt 0.42268 0.41752
vt 0.43814 0.47936
vt 0.42268 0.5
vt 0.42268 0.47936
vt 0.40722 0.47936
vt 0.39174 0.47936
vt 0.48455 0.45873
vt 0.48455 0.43813
vt 0.48455 0.41752
vt 0.48455 0.5
vt 0.48455 0.47936
vt 0.4691 0.47936
vt 0.45362 0.47936
vt 0.48455 0.37627
vt 0.48455 0.35566
vt 0.4691 0.37627
vt 0.4691 0.35566
vt 0.48455 0.33507
vt 0.4691 0.33507
vt 0.5 0.39689
vt 0.48455 0.39689
vt 0.4691 0.39689
vt 0.48455 0.37627
vt 0.5 0.37627
vt 0.45362 0.39689
vt 0.43814 0.39689
vt 0.42268 0.60311
vt 0.42268 0.62373
vt 0.42268 0.58248
vt 0.43814 0.66493
vt 0.42268 0.64434
vt 0.43814 0.64434
vt 0.42268 0.66493
vt 0.40722 0.64434
vt 0.40722 0.66493
vt 0.39174 0.64434
vt 0.39174 0.66493
vt 0.37627 0.64434
vt 0.37627 0.66493
vt 0.48455 0.60311
vt 0.48455 0.62373
vt 0.48455 0.58248
vt 0.49485 0.67181
vt 0.48445 0.64448
vt 0.49957 0.64491
vt 0.48391 0.66579
vt 0.4691 0.64434
vt 0.4691 0.66493
vt 0.4691 0.62373
vt 0.5 0.62373
vt 0.4691 0.66493
vt 0.45362 0.64434
vt 0.45362 0.66493
vt 0.48455 0.52064
vt 0.48455 0.54127
vt 0.48455 0.56188
vt 0.5 0.56188
vt 0.4691 0.56188
vt 0.45362 0.56188
vt 0.43814 0.56188
vt 0.29893 0.62373
vt 0.29893 0.60311
vt 0.29893 0.58248
vt 0.31439 0.64434
vt 0.29893 0.66493
vt 0.29893 0.64434
vt 0.31439 0.66493
vt 0.28347 0.66493
vt 0.28347 0.64434
vt 0.28347 0.64434
vt 0.26799 0.66493
vt 0.26799 0.64434
vt 0.25252 0.66493
vt 0.25252 0.64434
vt 0.25252 0.62373
vt 0.28347 0.62373
vt 0.36081 0.62373
vt 0.36081 0.60311
vt 0.36081 0.58248
vt 0.36081 0.66493
vt 0.36081 0.64434
vt 0.34535 0.66493
vt 0.34535 0.64434
vt 0.32987 0.66493
vt 0.32987 0.64434
vt 0.36081 0.54127
vt 0.36081 0.52064
vt 0.37627 0.56188
vt 0.36081 0.56188
vt 0.34535 0.56188
vt 0.32987 0.56188
vt 0.31439 0.56188
vt 0.67013 0.45873
vt 0.67013 0.43813
vt 0.67013 0.41752
vt 0.68561 0.47936
vt 0.67013 0.5
vt 0.67013 0.47936
vt 0.65465 0.47936
vt 0.63919 0.47936
vt 0.73196 0.45873
vt 0.73196 0.43813
vt 0.73196 0.41752
vt 0.73196 0.5
vt 0.73196 0.47936
vt 0.71651 0.47936
vt 0.70107 0.47936
vt 0.73196 0.37627
vt 0.73196 0.35566
vt 0.71651 0.37627
vt 0.73196 0.33507
vt 0.74742 0.39689
vt 0.73196 0.39689
vt 0.71651 0.39689
vt 0.73196 0.37627
vt 0.74742 0.37627
vt 0.70107 0.39689
vt 0.68561 0.39689
vt 0.67013 0.60311
vt 0.67013 0.62373
vt 0.67013 0.58248
vt 0.68561 0.66495
vt 0.67013 0.64434
vt 0.68561 0.64434
vt 0.65465 0.64434
vt 0.65465 0.66495
vt 0.63919 0.64434
vt 0.63919 0.66495
vt 0.62373 0.64434
vt 0.62373 0.66495
vt 0.73196 0.60311
vt 0.73196 0.62373
vt 0.73196 0.58248
vt 0.75257 0.67181
vt 0.73207 0.64448
vt 0.74785 0.64491
vt 0.73239 0.66552
vt 0.71651 0.64434
vt 0.71651 0.66495
vt 0.71651 0.62373
vt 0.74742 0.62373
vt 0.71651 0.66495
vt 0.70107 0.64434
vt 0.71651 0.64434
vt 0.73196 0.52064
vt 0.73196 0.54127
vt 0.73196 0.56188
vt 0.74742 0.56188
vt 0.71651 0.56188
vt 0.70107 0.56188
vt 0.68561 0.56188
vt 0.54638 0.62373
vt 0.54638 0.60311
vt 0.54638 0.58248
vt 0.56186 0.64434
vt 0.54638 0.64434
vt 0.56186 0.66495
vt 0.5309 0.66495
vt 0.5309 0.64434
vt 0.5309 0.64434
vt 0.51502 0.66552
vt 0.51534 0.64448
vt 0.51545 0.62373
vt 0.5309 0.62373
vt 0.60826 0.62373
vt 0.60826 0.60311
vt 0.60826 0.58248
vt 0.60826 0.64434
vt 0.59278 0.66495
vt 0.59278 0.64434
vt 0.57732 0.66495
vt 0.57732 0.64434
vt 0.60826 0.54127
vt 0.60826 0.52064
vt 0.62373 0.56188
vt 0.60826 0.56188
vt 0.59278 0.56188
vt 0.57732 0.56188
vt 0.56186 0.56188
vt 0.91758 0.45873
vt 0.91758 0.43813
vt 0.91758 0.41752
vt 0.93304 0.47936
vt 0.91758 0.5
vt 0.91758 0.47936
vt 0.90212 0.47936
vt 0.88664 0.47936
vt 0.9949 0.43813
vt 0.97946 0.45873
vt 0.97945 0.43813
vt 0.9949 0.45873
vt 0.97946 0.41752
vt 0.9949 0.41752
vt 0.9949 0.47936
vt 0.97946 0.5
vt 0.97945 0.47936
vt 0.9949 0.5
vt 0.964 0.47936
vt 0.94852 0.47936
vt 0.9949 0.35566
vt 0.97945 0.37627
vt 0.97945 0.35566
vt 0.9949 0.37627
vt 0.964 0.37627
vt 0.964 0.35566
vt 0.97945 0.33507
vt 0.964 0.33507
vt 0.9949 0.33507
vt 0.9949 0.39689
vt 0.97945 0.39689
vt 0.964 0.39689
vt 0.97946 0.37627
vt 0.94852 0.39689
vt 0.93304 0.39689
vt 0.91758 0.60311
vt 0.91758 0.62373
vt 0.91758 0.58248
vt 0.93304 0.66493
vt 0.91758 0.64434
vt 0.93304 0.64434
vt 0.91758 0.66493
vt 0.90212 0.64434
vt 0.90212 0.66493
vt 0.88664 0.64434
vt 0.88664 0.66493
vt 0.87117 0.64434
vt 0.87117 0.66493
vt 0.9949 0.62373
vt 0.97945 0.60311
vt 0.9949 0.60311
vt 0.97946 0.62373
vt 0.97946 0.58248
vt 0.9949 0.58248
vt 0.9949 0.66493
vt 0.97945 0.64434
vt 0.9949 0.64434
vt 0.97945 0.66493
vt 0.964 0.64434
vt 0.964 0.66493
vt 0.964 0.62373
vt 0.97945 0.62373
vt 0.964 0.66493
vt 0.94852 0.64434
vt 0.964 0.64434
vt 0.94852 0.66493
vt 0.9949 0.54127
vt 0.97945 0.52064
vt 0.9949 0.52064
vt 0.97946 0.54127
vt 0.97945 0.56188
vt 0.9949 0.56188
vt 0.964 0.56188
vt 0.94852 0.56188
vt 0.93304 0.56188
vt 0.79383 0.62373
vt 0.79383 0.60311
vt 0.79383 0.58248
vt 0.80929 0.64434
vt 0.79383 0.66493
vt 0.79383 0.64434
vt 0.80929 0.66493
vt 0.77837 0.66493
vt 0.77837 0.64434
vt 0.77837 0.64434
vt 0.76354 0.66579
vt 0.763 0.64448
vt 0.75257 0.67181
vt 0.76289 0.62373
vt 0.77837 0.62373
vt 0.85571 0.62373
vt 0.85571 0.60311
vt 0.85571 0.58248
vt 0.85571 0.66493
vt 0.85571 0.64434
vt 0.84025 0.66493
vt 0.84025 0.64434
vt 0.82477 0.66493
vt 0.82477 0.64434
vt 0.85571 0.54127
vt 0.85571 0.52064
vt 0.87117 0.56188
vt 0.85571 0.56188
vt 0.84025 0.56188
vt 0.82477 0.56188
vt 0.80929 0.56188
vt 0.17523 0.45873
vt 0.17523 0.43813
vt 0.17523 0.41752
vt 0.19071 0.47936
vt 0.17523 0.5
vt 0.17523 0.47936
vt 0.15975 0.47936
vt 0.14429 0.47936
vt 0.23706 0.45873
vt 0.23706 0.43813
vt 0.23706 0.41752
vt 0.23706 0.5
vt 0.23706 0.47936
vt 0.22161 0.47936
vt 0.20617 0.47936
vt 0.23706 0.37627
vt 0.23717 0.35552
vt 0.22161 0.37627
vt 0.22161 0.35566
vt 0.25252 0.39689
vt 0.23706 0.39689
vt 0.22161 0.39689
vt 0.23706 0.37627
vt 0.25252 0.37627
vt 0.20617 0.39689
vt 0.19071 0.39689
vt 0.17523 0.60311
vt 0.17523 0.62373
vt 0.17523 0.58248
vt 0.19071 0.66493
vt 0.17523 0.64434
vt 0.19071 0.64434
vt 0.17523 0.66493
vt 0.15975 0.64434
vt 0.15975 0.66493
vt 0.14429 0.64434
vt 0.14429 0.66493
vt 0.12883 0.64434
vt 0.12883 0.66493
vt 0.23706 0.60311
vt 0.23706 0.62373
vt 0.23706 0.58248
vt 0.23706 0.64434
vt 0.23706 0.66493
vt 0.22161 0.64434
vt 0.22161 0.66493
vt 0.22161 0.62373
vt 0.23706 0.62373
vt 0.22161 0.66493
vt 0.20617 0.64434
vt 0.22161 0.64434
vt 0.20617 0.66493
vt 0.23706 0.52064
vt 0.23706 0.54127
vt 0.23706 0.56188
vt 0.25252 0.56188
vt 0.22161 0.56188
vt 0.20617 0.56188
vt 0.19071 0.56188
vt 0.05148 0.62373
vt 0.05148 0.60311
vt 0.05148 0.58248
vt 0.06696 0.64434
vt 0.05148 0.66493
vt 0.05148 0.64434
vt 0.06696 0.66493
vt 0.036 0.66493
vt 0.036 0.64434
vt 0.02055 0.66493
vt 0.02055 0.64434
vt 0.0051 0.66493
vt 0.0051 0.64434
vt 0.02055 0.62373
vt 0.036 0.62373
vt 0.11336 0.62373
vt 0.11336 0.60311
vt 0.11336 0.58248
vt 0.11336 0.66493
vt 0.11336 0.64434
vt 0.09788 0.66493
vt 0.09788 0.64434
vt 0.08242 0.66493
vt 0.08242 0.64434
vt 0.11336 0.54127
vt 0.11336 0.52064
vt 0.12883 0.56188
vt 0.11336 0.56188
vt 0.09788 0.56188
vt 0.08242 0.56188
vt 0.06696 0.56188
vt 0.05148 0.54127
vt 0.05148 0.52064
vt 0.05148 0.56188
vt 0.036 0.56188
vt 0.02055 0.56188
vt 0.0051 0.56188
vt 0.17523 0.52064
vt 0.17523 0.54127
vt 0.17523 0.56188
vt 0.15975 0.56188
vt 0.14429 0.56188
vt 0.17523 0.37627
vt 0.17523 0.35566
vt 0.17523 0.39689
vt 0.15975 0.39689
vt 0.14429 0.39689
vt 0.79383 0.54127
vt 0.79383 0.52064
vt 0.79383 0.56188
vt 0.77837 0.56188
vt 0.76289 0.56188
vt 0.91758 0.52064
vt 0.91758 0.54127
vt 0.91758 0.56188
vt 0.90212 0.56188
vt 0.88664 0.56188
vt 0.91758 0.37627
vt 0.91758 0.35566
vt 0.91758 0.33507
vt 0.91758 0.39689
vt 0.90212 0.39689
vt 0.88664 0.39689
vt 0.54638 0.54127
vt 0.54638 0.52064
vt 0.54638 0.56188
vt 0.5309 0.56188
vt 0.51545 0.56188
vt 0.67013 0.52064
vt 0.67013 0.54127
vt 0.67013 0.56188
vt 0.65465 0.56188
vt 0.63919 0.56188
vt 0.67013 0.37627
vt 0.67013 0.35566
vt 0.67013 0.33507
vt 0.67013 0.39689
vt 0.65465 0.39689
vt 0.63919 0.39689
vt 0.29893 0.54127
vt 0.29893 0.52064
vt 0.29893 0.56188
vt 0.28347 0.56188
vt 0.26799 0.56188
vt 0.42268 0.52064
vt 0.42268 0.54127
vt 0.42268 0.56188
vt 0.40722 0.56188
vt 0.39174 0.56188
vt 0.42268 0.37627
vt 0.42268 0.35566
vt 0.42268 0.33507
vt 0.42268 0.39689
vt 0.40722 0.39689
vt 0.39174 0.39689
vt 0.05148 0.19067
vt 0.05148 0.2113
vt 0.05148 0.23191
vt 0.036 0.23191
vt 0.02055 0.23191
vt 0.0051 0.23191
vt 0.17523 0.2113
vt 0.17523 0.19067
vt 0.17523 0.23191
vt 0.15975 0.23191
vt 0.14429 0.23191
vt 0.17523 0.02574
vt 0.17523 0.04637
vt 0.17523 0.0051
vt 0.17523 0.06697
vt 0.15975 0.06697
vt 0.14429 0.06697
vt 0.70107 0.80932
vt 0.70107 0.78868
vt 0.70107 0.76804
vt 0.71651 0.76804
vt 0.73196 0.76804
vt 0.7474 0.76804
vt 0.57732 0.78868
vt 0.57732 0.80932
vt 0.57732 0.76804
vt 0.59278 0.76804
vt 0.60826 0.76804
vt 0.57732 0.97426
vt 0.57732 0.95363
vt 0.57732 0.9949
vt 0.57732 0.93303
vt 0.59278 0.93303
vt 0.60826 0.93303
vt 0.70107 0.95363
vt 0.70107 0.97426
vt 0.71651 0.95363
vt 0.70107 0.9949
vt 0.71651 0.9949
vt 0.70107 0.93303
vt 0.71651 0.93303
vt 0.73196 0.93303
vt 0.7474 0.93303
vt 0.73196 0.95363
vt 0.7474 0.95363
vt 0.05148 0.04637
vt 0.05148 0.02574
vt 0.036 0.04637
vt 0.036 0.02574
vt 0.05148 0.0051
vt 0.05148 0.06697
vt 0.036 0.06697
vt 0.02055 0.06697
vt 0.0051 0.06697
vt 0.02055 0.04637
vt 0.29893 0.35566
vt 0.29893 0.37627
vt 0.28347 0.35566
vt 0.28347 0.37627
vt 0.29893 0.33507
vt 0.29893 0.39689
vt 0.28347 0.39689
vt 0.26799 0.39689
vt 0.26799 0.37627
vt 0.54638 0.35566
vt 0.54638 0.37627
vt 0.5309 0.35566
vt 0.5309 0.37627
vt 0.54638 0.33507
vt 0.54638 0.39689
vt 0.5309 0.39689
vt 0.51545 0.39689
vt 0.51545 0.37627
vt 0.79383 0.35566
vt 0.79383 0.37627
vt 0.77837 0.35566
vt 0.77837 0.37627
vt 0.79383 0.33507
vt 0.79383 0.39689
vt 0.77837 0.39689
vt 0.76289 0.39689
vt 0.76289 0.37627
vt 0.05148 0.35566
vt 0.05148 0.37627
vt 0.036 0.37627
vt 0.05148 0.39689
vt 0.036 0.39689
vt 0.02055 0.39689
vt 0.0051 0.39689
vt 0.02055 0.37627
usemtl mat0
f 1/1/1 2/2/2 3/3/3
f 1/1/1 4/4/4 2/2/2
f 4/4/4 5/5/5 2/2/2
f 4/4/4 6/6/6 5/5/5
f 2/2/2 7/7/7 8/8/8
f 2/2/2 5/5/5 7/7/7
f 3/3/3 8/8/8 9/9/9
f 3/3/3 2/2/2 8/8/8
f 10/10/10 11/11/11 12/12/12
f 10/10/10 13/13/13 11/11/11
f 13/13/13 14/14/14 11/11/11
f 13/13/13 15/15/15 14/14/14
f 11/11/11 16/16/16 17/17/17
f 11/11/11 14/14/14 16/16/16
f 12/12/12 17/17/17 18/18/18
f 12/12/12 11/11/11 17/17/17
f 19/19/19 20/20/20 21/21/21
f 19/19/19 22/22/22 20/20/20
f 22/22/22 23/23/23 20/20/20
f 22/22/22 24/24/24 23/23/23
f 20/20/20 25/25/25 26/26/26
f 20/20/20 23/23/23 25/25/25
f 21/21/21 26/26/26 27/27/27
f 21/21/21 20/20/20 26/26/26
f 28/28/28 29/29/29 30/30/30
f 28/28/28 31/31/31 29/29/29
f 31/31/31 32/32/32 29/29/29
f 31/31/31 33/33/33 32/32/32
f 29/29/29 34/34/34 35/35/35
f 29/29/29 32/32/32 34/34/34
f 30/30/30 35/35/35 36/36/36
f 30/30/30 29/29/29 35/35/35
f 37/37/37 38/38/38 39/39/39
f 37/37/37 40/40/40 38/38/38
f 41/41/18 40/40/40 37/37/37
f 41/41/18 42/42/17 40/40/40
f 42/42/17 43/43/41 40/40/40
f 42/42/17 44/44/16 43/43/41
f 40/40/40 45/45/42 38/38/38
f 43/43/41 45/45/42 40/40/40
f 46/46/43 47/47/44 48/48/45
f 46/46/43 49/49/46 47/47/44
f 48/48/45 50/50/47 51/51/48
f 48/48/45 47/47/44 50/50/47
f 52/52/49 51/51/48 53/53/50
f 52/52/49 48/48/45 51/51/48
f 54/54/51 48/48/45 52/52/49
f 46/46/43 48/48/45 54/54/51
f 55/55/52 56/56/53 57/57/54
f 55/55/52 58/58/55 56/56/53
f 58/58/55 59/59/56 56/56/53
f 58/58/55 60/60/57 59/59/56
f 56/56/53 61/61/58 62/62/59
f 56/56/53 59/59/56 61/61/58
f 57/57/54 62/62/59 63/63/60
f 57/57/54 56/56/53 62/62/59
f 64/64/61 65/65/62 66/66/63
f 64/64/61 67/67/64 65/65/62
f 68/68/65 67/67/64 64/64/61
f 69/69/66 67/67/64 68/68/65
f 69/69/66 70/70/67 67/67/64
f 69/69/66 71/71/68 70/70/67
f 67/67/64 72/72/69 65/65/62
f 67/67/64 70/70/67 72/72/69
f 73/73/70 74/74/71 75/75/72
f 76/76/73 74/74/71 73/73/70
f 77/77/74 75/75/72 78/78/75
f 73/73/70 75/75/72 77/77/74
f 79/79/76 73/73/70 77/77/74
f 80/80/77 73/73/70 79/79/76
f 80/80/77 76/76/73 73/73/70
f 81/81/78 76/76/73 80/80/77
f 82/82/79 83/83/80 84/84/81
f 82/82/79 85/85/82 83/83/80
f 86/86/83 84/84/81 87/87/84
f 86/86/83 82/82/79 84/84/81
f 88/88/85 82/82/79 86/86/83
f 88/88/85 89/89/86 82/82/79
f 89/89/86 85/85/82 82/82/79
f 89/89/86 90/90/87 85/85/82
f 91/91/88 92/92/89 93/93/90
f 91/91/88 94/94/91 92/92/89
f 93/93/90 95/95/92 96/96/93
f 92/92/89 95/95/92 93/93/90
f 97/97/94 96/96/93 98/98/95
f 97/97/94 93/93/90 96/96/93
f 99/99/96 93/93/90 97/97/94
f 99/99/96 91/91/88 93/93/90
f 100/100/97 101/101/98 102/102/99
f 103/103/100 101/101/98 100/100/97
f 103/103/100 104/104/101 101/101/98
f 105/105/102 104/104/101 103/103/100
f 101/101/98 106/106/103 107/107/104
f 104/104/101 106/106/103 101/101/98
f 102/102/99 107/107/104 108/108/105
f 101/101/98 107/107/104 102/102/99
f 109/109/106 110/110/107 111/111/108
f 112/112/109 110/110/107 109/109/106
f 111/111/108 113/113/110 114/114/111
f 110/110/107 113/113/110 111/111/108
f 115/115/112 114/114/111 116/116/113
f 111/111/108 114/114/111 115/115/112
f 117/117/114 111/111/108 115/115/112
f 109/109/106 111/111/108 117/117/114
f 118/118/115 119/119/116 120/120/117
f 118/118/115 121/121/118 119/119/116
f 121/121/118 122/122/119 119/119/116
f 121/121/118 123/123/120 122/122/119
f 119/119/116 124/124/121 125/125/122
f 119/119/116 122/122/119 124/124/121
f 126/126/123 119/119/116 125/125/122
f 120/120/117 119/119/116 126/126/123
f 127/127/124 128/128/125 129/129/126
f 130/130/127 128/128/125 127/127/124
f 129/129/126 131/131/128 132/132/129
f 128/128/125 131/131/128 129/129/126
f 129/129/126 133/133/130 134/134/131
f 129/129/126 132/132/129 133/133/130
f 127/127/124 134/134/131 135/135/132
f 127/127/124 129/129/126 134/134/131
f 136/136/133 137/137/134 138/138/135
f 139/139/136 137/137/134 136/136/133
f 138/138/135 140/140/137 141/141/138
f 137/137/134 140/140/137 138/138/135
f 142/142/139 141/141/138 143/143/85
f 138/138/135 141/141/138 142/142/139
f 144/144/140 138/138/135 142/142/139
f 136/136/133 138/138/135 144/144/140
f 145/145/141 146/146/142 147/147/143
f 145/145/141 148/148/144 146/146/142
f 148/148/144 149/149/145 146/146/142
f 148/148/144 150/150/146 149/149/145
f 146/146/142 151/151/147 152/152/148
f 146/146/142 149/149/145 151/151/147
f 153/153/149 146/146/142 152/152/148
f 147/147/143 146/146/142 153/153/149
f 154/154/150 155/155/151 156/156/152
f 157/157/153 155/155/151 154/154/150
f 156/156/152 158/158/154 159/159/155
f 155/155/151 158/158/154 156/156/152
f 156/156/152 160/160/156 161/161/157
f 156/156/152 159/159/155 160/160/156
f 154/154/150 161/161/157 162/162/158
f 154/154/150 156/156/152 161/161/157
f 163/163/159 164/164/160 165/165/161
f 166/166/162 164/164/160 163/163/159
f 165/165/161 167/167/163 168/168/164
f 164/164/160 167/167/163 165/165/161
f 169/169/101 168/168/164 170/170/103
f 165/165/161 168/168/164 169/169/101
f 171/171/102 165/165/161 169/169/101
f 163/163/159 165/165/161 171/171/102
f 172/172/165 173/173/166 174/174/167
f 172/172/165 175/175/168 173/173/166
f 175/175/168 176/176/169 173/173/166
f 175/175/168 177/177/170 176/176/169
f 173/173/166 178/178/171 179/179/172
f 173/173/166 176/176/169 178/178/171
f 180/180/173 173/173/166 179/179/172
f 174/174/167 173/173/166 180/180/173
f 181/181/174 182/182/175 183/183/176
f 184/184/177 182/182/175 181/181/174
f 183/183/176 185/185/178 186/186/179
f 182/182/175 185/185/178 183/183/176
f 183/183/176 187/187/180 188/188/181
f 183/183/176 186/186/179 187/187/180
f 181/181/174 188/188/181 189/189/182
f 181/181/174 183/183/176 188/188/181
f 190/190/183 191/191/184 192/192/185
f 193/193/186 191/191/184 190/190/183
f 192/192/185 194/194/187 195/195/188
f 191/191/184 194/194/187 192/192/185
f 196/196/189 195/195/188 197/197/190
f 192/192/185 195/195/188 196/196/189
f 198/198/191 192/192/185 196/196/189
f 190/190/183 192/192/185 198/198/191
f 199/199/192 200/200/193 201/201/194
f 199/199/192 202/202/195 200/200/193
f 202/202/195 203/203/196 200/200/193
f 202/202/195 204/204/197 203/203/196
f 200/200/193 205/205/198 206/206/199
f 200/200/193 203/203/196 205/205/198
f 201/201/194 206/206/199 207/207/200
f 201/201/194 200/200/193 206/206/199
f 208/208/201 209/209/202 210/210/203
f 211/211/204 209/209/202 208/208/201
f 210/210/203 212/212/205 213/213/206
f 209/209/202 212/212/205 210/210/203
f 210/210/203 214/214/207 215/215/208
f 210/210/203 213/213/206 214/214/207
f 208/208/201 215/215/208 216/216/209
f 208/208/201 210/210/203 215/215/208
f 217/217/210 218/218/211 219/219/212
f 220/220/213 218/218/211 217/217/210
f 219/219/212 221/221/214 222/222/215
f 218/218/211 221/221/214 219/219/212
f 219/219/212 223/223/216 224/224/217
f 219/219/212 222/222/215 223/223/216
f 217/217/210 224/224/217 225/225/218
f 217/217/210 219/219/212 224/224/217
f 226/226/219 227/227/220 228/228/221
f 229/229/222 227/227/220 226/226/219
f 228/228/221 230/230/223 231/231/224
f 227/227/220 230/230/223 228/228/221
f 232/232/225 231/231/224 233/233/226
f 228/228/221 231/231/224 232/232/225
f 234/234/227 228/228/221 232/232/225
f 226/226/219 228/228/221 234/234/227
f 235/235/228 236/236/229 237/237/230
f 238/238/231 236/236/229 235/235/228
f 237/237/230 239/239/232 240/240/233
f 236/236/229 239/239/232 237/237/230
f 241/241/234 240/240/233 242/242/235
f 237/237/230 240/240/233 241/241/234
f 243/243/236 237/237/230 241/241/234
f 235/235/228 237/237/230 243/243/236
f 244/244/237 245/245/238 246/246/239
f 244/244/237 247/247/240 245/245/238
f 247/247/240 248/248/241 245/245/238
f 247/247/240 249/249/242 248/248/241
f 250/250/243 248/248/241 251/251/244
f 245/245/238 248/248/241 250/250/243
f 252/252/245 245/245/238 250/250/243
f 246/246/239 245/245/238 252/252/245
f 253/253/246 254/254/247 255/255/248
f 253/253/246 256/256/249 254/254/247
f 256/256/249 257/257/250 254/254/247
f 256/256/249 258/258/251 257/257/250
f 254/254/247 259/259/252 260/260/253
f 254/254/247 257/257/250 259/259/252
f 255/255/248 260/260/253 261/261/254
f 255/255/248 254/254/247 260/260/253
f 262/262/255 263/263/256 264/264/257
f 262/262/255 265/265/258 263/263/256
f 265/265/258 266/266/259 263/263/256
f 265/265/258 267/267/260 266/266/259
f 263/263/256 268/268/261 269/269/262
f 263/263/256 266/266/259 268/268/261
f 264/264/257 269/269/262 270/270/263
f 264/264/257 263/263/256 269/269/262
f 271/271/264 272/272/265 273/273/266
f 274/274/267 272/272/265 271/271/264
f 273/273/266 275/275/268 276/276/269
f 272/272/265 275/275/268 273/273/266
f 277/277/270 276/276/269 278/278/271
f 273/273/266 276/276/269 277/277/270
f 279/279/272 273/273/266 277/277/270
f 271/271/264 273/273/266 279/279/272
f 280/280/273 281/281/274 282/282/275
f 283/283/276 281/281/274 280/280/273
f 282/282/275 284/284/277 285/285/278
f 281/281/274 284/284/277 282/282/275
f 286/286/279 285/285/278 287/287/280
f 282/282/275 285/285/278 286/286/279
f 288/288/281 282/282/275 286/286/279
f 280/280/273 282/282/275 288/288/281
f 289/289/282 290/290/283 291/291/284
f 292/292/285 290/290/283 289/289/282
f 291/291/284 293/293/286 294/294/287
f 290/290/283 293/293/286 291/291/284
f 295/295/288 294/294/287 296/296/289
f 291/291/284 294/294/287 295/295/288
f 297/297/290 291/291/284 295/295/288
f 289/289/282 291/291/284 297/297/290
f 298/298/291 299/299/292 300/300/293
f 301/301/294 299/299/292 298/298/291
f 300/300/293 302/302/295 303/303/296
f 299/299/292 302/302/295 300/300/293
f 300/300/293 304/304/297 305/305/298
f 300/300/293 303/303/296 304/304/297
f 298/298/291 305/305/298 306/306/299
f 298/298/291 300/300/293 305/305/298
f 307/307/300 308/308/301 309/309/302
f 310/310/303 308/308/301 307/307/300
f 309/309/302 311/311/304 312/312/305
f 308/308/301 311/311/304 309/309/302
f 313/313/306 312/312/305 314/314/307
f 309/309/302 312/312/305 313/313/306
f 315/315/308 309/309/302 313/313/306
f 307/307/300 309/309/302 315/315/308
f 316/316/309 317/317/310 318/318/311
f 319/319/312 317/317/310 316/316/309
f 318/318/311 320/320/313 321/321/314
f 317/317/310 320/320/313 318/318/311
f 322/322/315 321/321/314 323/323/316
f 318/318/311 321/321/314 322/322/315
f 324/324/317 318/318/311 322/322/315
f 316/316/309 318/318/311 324/324/317
f 325/325/318 326/326/319 327/327/320
f 325/325/318 328/328/321 326/326/319
f 328/328/321 329/329/322 326/326/319
f 328/328/321 330/330/323 329/329/322
f 331/331/324 329/329/322 332/332/325
f 326/326/319 329/329/322 331/331/324
f 333/333/326 326/326/319 331/331/324
f 327/327/320 326/326/319 333/333/326
f 334/334/327 335/335/328 336/336/329
f 334/334/327 337/337/330 335/335/328
f 337/337/330 338/338/331 335/335/328
f 337/337/330 339/339/332 338/338/331
f 335/335/328 340/340/333 341/341/334
f 335/335/328 338/338/331 340/340/333
f 336/336/329 341/341/334 342/342/335
f 336/336/329 335/335/328 341/341/334
f 343/343/336 344/344/337 345/345/338
f 343/343/336 346/346/339 344/344/337
f 346/346/339 347/347/340 344/344/337
f 346/346/339 348/348/341 347/347/340
f 344/344/337 349/349/342 350/350/343
f 344/344/337 347/347/340 349/349/342
f 345/345/338 350/350/343 351/351/344
f 345/345/338 344/344/337 350/350/343
f 352/352/345 353/353/346 354/354/347
f 355/355/348 353/353/346 352/352/345
f 354/354/347 356/356/349 357/357/350
f 353/353/346 356/356/349 354/354/347
f 358/358/351 357/357/350 359/359/352
f 354/354/347 357/357/350 358/358/351
f 360/360/353 354/354/347 358/358/351
f 352/352/345 354/354/347 360/360/353
f 361/361/354 362/362/355 363/363/356
f 364/364/357 362/362/355 361/361/354
f 363/363/356 365/365/358 366/366/359
f 362/362/355 365/365/358 363/363/356
f 367/367/360 366/366/359 368/368/361
f 363/363/356 366/366/359 367/367/360
f 369/369/362 363/363/356 367/367/360
f 361/361/354 363/363/356 369/369/362
f 370/370/363 371/371/364 372/372/365
f 373/373/366 371/371/364 370/370/363
f 372/372/365 374/374/367 375/375/368
f 371/371/364 374/374/367 372/372/365
f 376/376/369 375/375/368 377/377/370
f 372/372/365 375/375/368 376/376/369
f 378/378/371 372/372/365 376/376/369
f 370/370/363 372/372/365 378/378/371
f 379/379/372 380/380/373 381/381/374
f 382/382/375 380/380/373 379/379/372
f 381/381/374 383/383/376 384/384/377
f 380/380/373 383/383/376 381/381/374
f 381/381/374 385/385/378 386/386/379
f 381/381/374 384/384/377 385/385/378
f 379/379/372 386/386/379 387/387/380
f 379/379/372 381/381/374 386/386/379
f 388/388/381 389/389/382 390/390/383
f 391/391/384 389/389/382 388/388/381
f 390/390/383 392/392/385 393/393/386
f 389/389/382 392/392/385 390/390/383
f 394/394/387 393/393/386 395/395/388
f 390/390/383 393/393/386 394/394/387
f 396/396/389 390/390/383 394/394/387
f 388/388/381 390/390/383 396/396/389
f 397/397/390 398/398/391 399/399/392
f 400/400/393 398/398/391 397/397/390
f 399/399/392 401/401/394 402/402/395
f 398/398/391 401/401/394 399/399/392
f 403/403/396 402/402/395 404/404/397
f 399/399/392 402/402/395 403/403/396
f 405/405/398 399/399/392 403/403/396
f 397/397/390 399/399/392 405/405/398
f 406/406/399 407/407/400 408/408/401
f 406/406/399 409/409/402 407/407/400
f 409/409/402 410/410/403 407/407/400
f 409/409/402 411/411/404 410/410/403
f 412/412/405 410/410/403 413/413/406
f 407/407/400 410/410/403 412/412/405
f 414/414/407 407/407/400 412/412/405
f 408/408/401 407/407/400 414/414/407
f 415/415/408 416/416/409 417/417/410
f 415/415/408 418/418/411 416/416/409
f 418/418/411 419/419/412 416/416/409
f 418/418/411 420/420/413 419/419/412
f 416/416/409 421/421/414 422/422/415
f 416/416/409 419/419/412 421/421/414
f 417/417/410 422/422/415 423/423/416
f 417/417/410 416/416/409 422/422/415
f 424/424/417 425/425/418 426/426/419
f 424/424/417 427/427/420 425/425/418
f 427/427/420 428/428/421 425/425/418
f 427/427/420 429/429/422 428/428/421
f 425/425/418 430/430/423 431/431/424
f 425/425/418 428/428/421 430/430/423
f 426/426/419 431/431/424 432/432/425
f 426/426/419 425/425/418 431/431/424
f 433/433/426 434/434/427 435/435/428
f 436/436/429 434/434/427 433/433/426
f 435/435/428 437/437/430 438/438/431
f 434/434/427 437/437/430 435/435/428
f 439/439/432 438/438/431 440/440/433
f 435/435/428 438/438/431 439/439/432
f 441/441/42 435/435/428 439/439/432
f 433/433/426 435/435/428 441/441/42
f 442/442/434 443/443/435 444/444/436
f 445/445/437 443/443/435 442/442/434
f 444/444/436 446/446/438 447/447/439
f 443/443/435 446/446/438 444/444/436
f 448/448/440 447/447/439 449/449/441
f 444/444/436 447/447/439 448/448/440
f 450/450/442 444/444/436 448/448/440
f 442/442/434 444/444/436 450/450/442
f 451/451/443 452/452/444 453/453/445
f 454/454/446 452/452/444 451/451/443
f 453/453/445 455/455/447 456/456/448
f 452/452/444 455/455/447 453/453/445
f 457/457/449 456/456/448 458/458/450
f 453/453/445 456/456/448 457/457/449
f 459/459/451 453/453/445 457/457/449
f 451/451/443 453/453/445 459/459/451
f 460/460/452 461/461/453 462/462/454
f 463/463/455 461/461/453 460/460/452
f 462/462/454 464/464/456 465/465/457
f 461/461/453 464/464/456 462/462/454
f 462/462/454 466/466/458 467/467/459
f 462/462/454 465/465/457 466/466/458
f 460/460/452 467/467/459 468/468/460
f 460/460/452 462/462/454 467/467/459
f 469/469/461 470/470/462 471/471/463
f 472/472/464 470/470/462 469/469/461
f 471/471/463 473/473/465 474/474/466
f 470/470/462 473/473/465 471/471/463
f 475/475/467 474/474/466 476/476/468
f 471/471/463 474/474/466 475/475/467
f 477/477/469 471/471/463 475/475/467
f 469/469/461 471/471/463 477/477/469
f 478/478/470 479/479/471 480/480/472
f 481/481/473 479/479/471 478/478/470
f 480/480/472 482/482/474 483/483/475
f 479/479/471 482/482/474 480/480/472
f 484/484/476 483/483/475 485/485/477
f 480/480/472 483/483/475 484/484/476
f 486/486/478 480/480/472 484/484/476
f 478/478/470 480/480/472 486/486/478
f 487/487/479 488/488/480 489/489/481
f 487/487/479 490/490/482 488/488/480
f 490/490/482 491/491/483 488/488/480
f 490/490/482 492/492/484 491/491/483
f 493/493/485 491/491/483 494/494/486
f 488/488/480 491/491/483 493/493/485
f 495/495/487 488/488/480 493/493/485
f 489/489/481 488/488/480 495/495/487
f 496/496/488 497/497/489 498/498/490
f 496/496/488 499/499/491 497/497/489
f 499/499/491 500/500/492 497/497/489
f 499/499/491 501/501/493 500/500/492
f 497/497/489 502/502/494 503/503/495
f 497/497/489 500/500/492 502/502/494
f 498/498/490 503/503/495 504/504/496
f 498/498/490 497/497/489 503/503/495
f 505/505/497 506/506/498 507/507/499
f 505/505/497 508/508/500 506/506/498
f 508/508/500 509/509/501 506/506/498
f 508/508/500 510/510/502 509/509/501
f 506/506/498 511/511/503 512/512/504
f 506/506/498 509/509/501 511/511/503
f 507/507/499 512/512/504 513/513/505
f 507/507/499 506/506/498 512/512/504
f 514/514/506 515/515/507 516/516/508
f 517/517/509 515/515/507 514/514/506
f 516/516/508 518/518/510 519/519/511
f 515/515/507 518/518/510 516/516/508
f 520/520/512 519/519/511 521/521/513
f 516/516/508 519/519/511 520/520/512
f 522/522/514 516/516/508 520/520/512
f 514/514/506 516/516/508 522/522/514
f 523/523/515 524/524/516 525/525/517
f 526/526/518 524/524/516 523/523/515
f 525/525/517 527/527/519 528/528/520
f 524/524/516 527/527/519 525/525/517
f 529/529/521 528/528/520 530/530/522
f 525/525/517 528/528/520 529/529/521
f 531/531/523 525/525/517 529/529/521
f 523/523/515 525/525/517 531/531/523
f 532/532/524 533/533/525 534/534/526
f 535/535/527 533/533/525 532/532/524
f 534/534/526 536/536/528 537/537/529
f 533/533/525 536/536/528 534/534/526
f 538/538/530 537/537/529 539/539/531
f 534/534/526 537/537/529 538/538/530
f 540/540/532 534/534/526 538/538/530
f 532/532/524 534/534/526 540/540/532
f 541/541/533 542/542/534 543/543/535
f 544/544/536 542/542/534 541/541/533
f 544/544/536 545/545/537 542/542/534
f 546/546/538 545/545/537 544/544/536
f 542/542/534 547/547/539 548/548/540
f 545/545/537 547/547/539 542/542/534
f 543/543/535 548/548/540 549/549/541
f 542/542/534 548/548/540 543/543/535
f 550/550/542 551/551/543 552/552/544
f 550/550/542 553/553/545 551/551/543
f 553/553/545 554/554/546 551/551/543
f 553/553/545 555/555/547 554/554/546
f 551/551/543 556/556/548 557/557/549
f 551/551/543 554/554/546 556/556/548
f 552/552/544 557/557/549 558/558/550
f 552/552/544 551/551/543 557/557/549
f 559/559/551 560/560/552 561/561/553
f 562/562/554 560/560/552 559/559/551
f 562/562/554 563/563/351 560/560/552
f 564/564/353 563/563/351 562/562/554
f 560/560/552 565/565/352 566/566/555
f 563/563/351 565/565/352 560/560/552
f 561/561/553 566/566/555 567/567/556
f 560/560/552 566/566/555 561/561/553
f 568/568/557 569/569/558 570/570/559
f 568/568/557 571/571/560 569/569/558
f 570/570/559 572/572/561 573/573/562
f 570/570/559 569/569/558 572/572/561
f 574/574/563 573/573/562 575/575/564
f 574/574/563 570/570/559 573/573/562
f 576/576/565 570/570/559 574/574/563
f 576/576/565 568/568/557 570/570/559
f 577/577/566 578/578/567 579/579/568
f 577/577/566 580/580/569 578/578/567
f 579/579/568 581/581/570 582/582/571
f 578/578/567 581/581/570 579/579/568
f 583/583/572 582/582/571 584/584/573
f 583/583/572 579/579/568 582/582/571
f 585/585/574 579/579/568 583/583/572
f 585/585/574 577/577/566 579/579/568
f 586/586/575 587/587/576 588/588/577
f 589/589/578 587/587/576 586/586/575
f 588/588/577 590/590/579 591/591/580
f 587/587/576 590/590/579 588/588/577
f 592/592/581 591/591/580 593/593/582
f 588/588/577 591/591/580 592/592/581
f 594/594/583 588/588/577 592/592/581
f 586/586/575 588/588/577 594/594/583
f 595/595/584 596/596/585 597/597/586
f 595/595/584 598/598/587 596/596/585
f 599/599/588 597/597/586 600/600/589
f 599/599/588 595/595/584 597/597/586
f 601/601/590 595/595/584 599/599/588
f 601/601/590 602/602/591 595/595/584
f 602/602/591 598/598/587 595/595/584
f 602/602/591 603/603/27 598/598/587
f 604/604/592 605/605/593 606/606/594
f 607/607/595 605/605/593 604/604/592
f 608/608/596 606/606/594 609/609/597
f 604/604/592 606/606/594 608/608/596
f 610/610/598 604/604/592 608/608/596
f 611/611/599 604/604/592 610/610/598
f 611/611/599 607/607/595 604/604/592
f 612/612/600 607/607/595 611/611/599
f 613/613/601 614/614/602 615/615/603
f 613/613/601 616/616/604 614/614/602
f 617/617/605 615/615/603 618/618/606
f 617/617/605 613/613/601 615/615/603
f 619/619/607 613/613/601 617/617/605
f 619/619/607 620/620/608 613/613/601
f 620/620/608 616/616/604 613/613/601
f 620/620/608 621/621/609 616/616/604
f 622/622/610 623/623/611 624/624/612
f 625/625/613 623/623/611 622/622/610
f 626/626/614 624/624/612 627/627/615
f 622/622/610 624/624/612 626/626/614
f 628/628/616 622/622/610 626/626/614
f 629/629/617 622/622/610 628/628/616
f 629/629/617 625/625/613 622/622/610
f 630/630/618 625/625/613 629/629/617
f 631/631/619 632/632/620 633/633/621
f 631/631/619 634/634/622 632/632/620
f 635/635/623 633/633/621 636/636/624
f 635/635/623 631/631/619 633/633/621
f 637/637/625 631/631/619 635/635/623
f 637/637/625 638/638/626 631/631/619
f 638/638/626 634/634/622 631/631/619
f 638/638/626 639/639/627 634/634/622
f 640/640/628 641/641/629 642/642/630
f 643/643/631 641/641/629 640/640/628
f 644/644/632 642/642/630 645/645/633
f 640/640/628 642/642/630 644/644/632
f 646/646/634 640/640/628 644/644/632
f 647/647/635 640/640/628 646/646/634
f 647/647/635 643/643/631 640/640/628
f 648/648/636 643/643/631 647/647/635
f 649/649/637 650/650/638 651/651/639
f 649/649/637 652/652/640 650/650/638
f 653/653/641 652/652/640 649/649/637
f 653/653/641 654/654/642 652/652/640
f 654/654/642 655/655/643 652/652/640
f 654/654/642 656/656/644 655/655/643
f 652/652/640 657/657/645 650/650/638
f 652/652/640 655/655/643 657/657/645
f 658/658/646 659/659/647 660/660/648
f 658/658/646 661/661/649 659/659/647
f 662/662/650 661/661/649 658/658/646
f 663/663/651 661/661/649 662/662/650
f 663/663/651 664/664/652 661/661/649
f 663/663/651 665/665/653 664/664/652
f 661/661/649 666/666/654 659/659/647
f 661/661/649 664/664/652 666/666/654
f 667/667/655 668/668/656 669/669/657
f 670/670/658 668/668/656 667/667/655
f 671/671/659 670/670/658 667/667/655
f 672/672/660 670/670/658 671/671/659
f 672/672/660 673/673/661 670/670/658
f 674/674/662 673/673/661 672/672/660
f 670/670/658 675/675/663 668/668/656
f 673/673/661 675/675/663 670/670/658
f 676/676/664 677/677/665 678/678/666
f 676/676/664 679/679/667 677/677/665
f 679/679/667 680/680/668 677/677/665
f 679/679/667 681/681/669 680/680/668
f 677/677/665 682/682/670 683/683/671
f 677/677/665 680/680/668 682/682/670
f 678/678/666 683/683/671 684/684/672
f 678/678/666 677/677/665 683/683/671
f 685/685/673 686/686/674 687/687/675
f 688/688/676 686/686/674 685/685/673
f 688/688/676 689/689/677 686/686/674
f 690/690/678 689/689/677 688/688/676
f 686/686/674 691/691/679 692/692/680
f 689/689/677 691/691/679 686/686/674
f 687/687/675 692/692/680 693/693/681
f 686/686/674 692/692/680 687/687/675
f 694/694/682 695/695/683 696/696/684
f 694/694/682 697/697/685 695/695/683
f 697/697/685 698/698/686 695/695/683
f 697/697/685 699/699/687 698/698/686
f 695/695/683 700/700/688 701/701/689
f 695/695/683 698/698/686 700/700/688
f 696/696/684 701/701/689 702/702/690
f 696/696/684 695/695/683 701/701/689
f 703/703/691 704/704/692 705/705/693
f 706/706/694 704/704/692 703/703/691
f 705/705/693 707/707/695 708/708/696
f 704/704/692 707/707/695 705/705/693
f 709/709/697 708/708/696 710/710/698
f 705/705/693 708/708/696 709/709/697
f 711/711/699 705/705/693 709/709/697
f 703/703/691 705/705/693 711/711/699
f 712/712/700 713/713/701 714/714/702
f 712/712/700 715/715/703 713/713/701
f 714/714/702 716/716/704 717/717/705
f 714/714/702 713/713/701 716/716/704
f 718/718/706 717/717/705 719/719/707
f 718/718/706 714/714/702 717/717/705
f 720/720/708 714/714/702 718/718/706
f 712/712/700 714/714/702 720/720/708
f 721/721/709 722/722/710 723/723/711
f 721/721/709 724/724/712 722/722/710
f 723/723/711 725/725/713 726/726/714
f 723/723/711 722/722/710 725/725/713
f 727/727/715 726/726/714 728/728/716
f 727/727/715 723/723/711 726/726/714
f 729/729/717 723/723/711 727/727/715
f 729/729/717 721/721/709 723/723/711
f 730/730/718 731/731/719 732/732/720
f 733/733/721 731/731/719 730/730/718
f 734/734/722 733/733/721 730/730/718
f 735/735/723 733/733/721 734/734/722
f 735/735/723 736/736/724 733/733/721
f 737/737/433 736/736/724 735/735/723
f 733/733/721 738/738/140 731/731/719
f 736/736/724 738/738/140 733/733/721
f 739/739/725 740/740/726 741/741/727
f 739/739/725 742/742/728 740/740/726
f 743/743/729 742/742/728 739/739/725
f 743/743/729 744/744/730 742/742/728
f 744/744/730 745/745/731 742/742/728
f 744/744/730 746/746/732 745/745/731
f 742/742/728 747/747/733 740/740/726
f 745/745/731 747/747/733 742/742/728
f 748/748/734 749/749/735 750/750/736
f 748/748/734 751/751/737 749/749/735
f 752/752/738 751/751/737 748/748/734
f 752/752/738 753/753/739 751/751/737
f 753/753/739 754/754/740 751/751/737
f 753/753/739 755/755/741 754/754/740
f 751/751/737 756/756/742 749/749/735
f 751/751/737 754/754/740 756/756/742
f 757/757/743 758/758/744 759/759/745
f 757/757/743 760/760/746 758/758/744
f 760/760/746 761/761/747 758/758/744
f 760/760/746 762/762/748 761/761/747
f 758/758/744 763/763/749 764/764/750
f 758/758/744 761/761/747 763/763/749
f 759/759/745 764/764/750 765/765/751
f 759/759/745 758/758/744 764/764/750
f 766/766/752 767/767/753 768/768/754
f 766/766/752 769/769/755 767/767/753
f 769/769/755 770/770/756 767/767/753
f 769/769/755 771/771/757 770/770/756
f 767/767/753 772/772/758 773/773/759
f 767/767/753 770/770/756 772/772/758
f 768/768/754 773/773/759 774/774/760
f 768/768/754 767/767/753 773/773/759
f 775/775/761 776/776/762 777/777/763
f 775/775/761 778/778/764 776/776/762
f 778/778/764 779/779/765 776/776/762
f 778/778/764 780/780/766 779/779/765
f 776/776/762 781/781/767 782/782/768
f 776/776/762 779/779/765 781/781/767
f 777/777/763 782/782/768 783/783/769
f 777/777/763 776/776/762 782/782/768
f 784/784/770 785/785/771 786/786/772
f 784/784/770 787/787/773 785/785/771
f 787/787/773 788/788/774 785/785/771
f 787/787/773 789/789/775 788/788/774
f 785/785/771 790/790/590 791/791/776
f 785/785/771 788/788/774 790/790/590
f 786/786/772 791/791/776 792/792/87
f 786/786/772 785/785/771 791/791/776
f 793/793/777 794/794/778 795/795/779
f 793/793/777 796/796/780 794/794/778
f 796/796/780 797/797/781 794/794/778
f 796/796/780 798/798/782 797/797/781
f 794/794/778 799/799/783 800/800/784
f 794/794/778 797/797/781 799/799/783
f 795/795/779 800/800/784 801/801/785
f 795/795/779 794/794/778 800/800/784
f 802/802/786 803/803/787 804/804/788
f 802/802/786 805/805/789 803/803/787
f 805/805/789 806/806/790 803/803/787
f 805/805/789 807/807/791 806/806/790
f 803/803/787 808/808/792 809/809/793
f 803/803/787 806/806/790 808/808/792
f 804/804/788 809/809/793 810/810/794
f 804/804/788 803/803/787 809/809/793
f 811/811/795 812/812/796 813/813/797
f 811/811/795 814/814/798 812/812/796
f 814/814/798 815/815/799 812/812/796
f 814/814/798 816/816/800 815/815/799
f 812/812/796 817/817/741 818/818/739
f 812/812/796 815/815/799 817/817/741
f 813/813/797 818/818/739 819/819/738
f 813/813/797 812/812/796 818/818/739
f 820/820/801 821/821/802 822/822/803
f 820/820/801 823/823/804 821/821/802
f 823/823/804 824/824/805 821/821/802
f 823/823/804 825/825/806 824/824/805
f 821/821/802 826/826/807 827/827/808
f 821/821/802 824/824/805 826/826/807
f 822/822/803 827/827/808 828/828/809
f 822/822/803 821/821/802 827/827/808
f 829/829/810 830/830/811 831/831/812
f 829/829/810 832/832/813 830/830/811
f 832/832/813 833/833/814 830/830/811
f 832/832/813 834/834/815 833/833/814
f 830/830/811 835/835/816 836/836/817
f 830/830/811 833/833/814 835/835/816
f 831/831/812 836/836/817 837/837/818
f 831/831/812 830/830/811 836/836/817
f 838/838/819 839/839/820 840/840/821
f 838/838/819 841/841/822 839/839/820
f 841/841/822 842/842/823 839/839/820
f 841/841/822 843/843/824 842/842/823
f 839/839/820 844/844/825 845/845/826
f 839/839/820 842/842/823 844/844/825
f 840/840/821 845/845/826 846/846/827
f 840/840/821 839/839/820 845/845/826
f 847/847/828 848/848/829 849/849/830
f 847/847/828 850/850/831 848/848/829
f 850/850/831 851/851/832 848/848/829
f 850/850/831 852/852/833 851/851/832
f 848/848/829 853/853/834 854/854/835
f 848/848/829 851/851/832 853/853/834
f 849/849/830 854/854/835 855/855/836
f 849/849/830 848/848/829 854/854/835
f 856/856/837 857/857/838 858/858/839
f 856/856/837 859/859/840 857/857/838
f 859/859/840 860/860/841 857/857/838
f 859/859/840 861/861/842 860/860/841
f 857/857/838 862/862/843 863/863/844
f 857/857/838 860/860/841 862/862/843
f 858/858/839 863/863/844 864/864/845
f 858/858/839 857/857/838 863/863/844
f 852/852/833 865/865/846 851/851/832
f 852/852/833 866/866/847 865/865/846
f 866/866/847 858/858/839 865/865/846
f 866/866/847 856/856/837 858/858/839
f 865/865/846 864/864/845 867/867/848
f 865/865/846 858/858/839 864/864/845
f 851/851/832 867/867/848 853/853/834
f 851/851/832 865/865/846 867/867/848
f 223/223/216 868/868/849 869/869/850
f 223/223/216 870/870/851 868/868/849
f 870/870/851 871/871/852 868/868/849
f 870/870/851 216/216/209 871/871/852
f 868/868/849 856/856/837 866/866/847
f 868/868/849 871/871/852 856/856/837
f 869/869/850 866/866/847 852/852/833
f 869/869/850 868/868/849 866/866/847
f 216/216/209 872/872/853 871/871/852
f 216/216/209 215/215/208 872/872/853
f 215/215/208 873/873/854 872/872/853
f 215/215/208 214/214/207 873/873/854
f 872/872/853 861/861/842 859/859/840
f 872/872/853 873/873/854 861/861/842
f 871/871/852 859/859/840 856/856/837
f 871/871/852 872/872/853 859/859/840
f 293/293/286 874/874/855 294/294/287
f 293/293/286 875/875/856 874/874/855
f 875/875/856 849/849/830 874/874/855
f 875/875/856 847/847/828 849/849/830
f 874/874/855 855/855/836 876/876/857
f 874/874/855 849/849/830 855/855/836
f 294/294/287 876/876/857 296/296/289
f 294/294/287 874/874/855 876/876/857
f 205/205/198 877/877/858 878/878/859
f 205/205/198 879/879/860 877/877/858
f 879/879/860 880/880/861 877/877/858
f 879/879/860 225/225/218 880/880/861
f 877/877/858 847/847/828 875/875/856
f 877/877/858 880/880/861 847/847/828
f 878/878/859 875/875/856 293/293/286
f 878/878/859 877/877/858 875/875/856
f 225/225/218 881/881/862 880/880/861
f 225/225/218 224/224/217 881/881/862
f 224/224/217 869/869/850 881/881/862
f 224/224/217 223/223/216 869/869/850
f 881/881/862 852/852/833 850/850/831
f 881/881/862 869/869/850 852/852/833
f 880/880/861 850/850/831 847/847/828
f 880/880/861 881/881/862 850/850/831
f 194/194/187 882/882/863 195/195/188
f 194/194/187 883/883/864 882/882/863
f 883/883/864 840/840/821 882/882/863
f 883/883/864 838/838/819 840/840/821
f 882/882/863 846/846/827 884/884/865
f 882/882/863 840/840/821 846/846/827
f 195/195/188 884/884/865 197/197/190
f 195/195/188 882/882/863 884/884/865
f 296/296/289 885/885/866 886/886/867
f 296/296/289 876/876/857 885/885/866
f 876/876/857 887/887/868 885/885/866
f 876/876/857 855/855/836 887/887/868
f 885/885/866 838/838/819 883/883/864
f 885/885/866 887/887/868 838/838/819
f 886/886/867 883/883/864 194/194/187
f 886/886/867 885/885/866 883/883/864
f 855/855/836 888/888/869 887/887/868
f 855/855/836 854/854/835 888/888/869
f 854/854/835 889/889/870 888/888/869
f 854/854/835 853/853/834 889/889/870
f 888/888/869 843/843/824 841/841/822
f 888/888/869 889/889/870 843/843/824
f 887/887/868 841/841/822 838/838/819
f 887/887/868 888/888/869 841/841/822
f 825/825/806 890/890/871 824/824/805
f 825/825/806 891/891/872 890/890/871
f 891/891/872 831/831/812 890/890/871
f 891/891/872 829/829/810 831/831/812
f 890/890/871 837/837/818 892/892/873
f 890/890/871 831/831/812 837/837/818
f 824/824/805 892/892/873 826/826/807
f 824/824/805 890/890/871 892/892/873
f 304/304/297 893/893/874 894/894/875
f 304/304/297 895/895/876 893/893/874
f 895/895/876 896/896/877 893/893/874
f 895/895/876 189/189/182 896/896/877
f 893/893/874 829/829/810 891/891/872
f 893/893/874 896/896/877 829/829/810
f 894/894/875 891/891/872 825/825/806
f 894/894/875 893/893/874 891/891/872
f 189/189/182 897/897/878 896/896/877
f 189/189/182 188/188/181 897/897/878
f 188/188/181 898/898/879 897/897/878
f 188/188/181 187/187/180 898/898/879
f 897/897/878 834/834/815 832/832/813
f 897/897/878 898/898/879 834/834/815
f 896/896/877 832/832/813 829/829/810
f 896/896/877 897/897/878 832/832/813
f 374/374/367 899/899/880 375/375/368
f 374/374/367 900/900/881 899/899/880
f 900/900/881 822/822/803 899/899/880
f 900/900/881 820/820/801 822/822/803
f 899/899/880 828/828/809 901/901/882
f 899/899/880 822/822/803 828/828/809
f 375/375/368 901/901/882 377/377/370
f 375/375/368 899/899/880 901/901/882
f 178/178/171 902/902/883 903/903/884
f 178/178/171 904/904/885 902/902/883
f 904/904/885 905/905/886 902/902/883
f 904/904/885 306/306/299 905/905/886
f 902/902/883 820/820/801 900/900/881
f 902/902/883 905/905/886 820/820/801
f 903/903/884 900/900/881 374/374/367
f 903/903/884 902/902/883 900/900/881
f 306/306/299 906/906/887 905/905/886
f 306/306/299 305/305/298 906/906/887
f 305/305/298 894/894/875 906/906/887
f 305/305/298 304/304/297 894/894/875
f 906/906/887 825/825/806 823/823/804
f 906/906/887 894/894/875 825/825/806
f 905/905/886 823/823/804 820/820/801
f 905/905/886 906/906/887 823/823/804
f 167/167/163 907/907/888 168/168/164
f 167/167/163 908/908/889 907/907/888
f 908/908/889 813/813/797 907/907/888
f 908/908/889 811/811/795 813/813/797
f 907/907/888 819/819/738 909/909/890
f 907/907/888 813/813/797 819/819/738
f 168/168/164 909/909/890 170/170/103
f 168/168/164 907/907/888 909/909/890
f 377/377/370 910/910/891 911/911/892
f 377/377/370 901/901/882 910/910/891
f 901/901/882 912/912/893 910/910/891
f 901/901/882 828/828/809 912/912/893
f 910/910/891 811/811/795 908/908/889
f 910/910/891 912/912/893 811/811/795
f 911/911/892 908/908/889 167/167/163
f 911/911/892 910/910/891 908/908/889
f 828/828/809 913/913/894 912/912/893
f 828/828/809 827/827/808 913/913/894
f 827/827/808 914/914/895 913/913/894
f 827/827/808 826/826/807 914/914/895
f 913/913/894 816/816/800 814/814/798
f 913/913/894 914/914/895 816/816/800
f 912/912/893 814/814/798 811/811/795
f 912/912/893 913/913/894 814/814/798
f 798/798/782 915/915/896 797/797/781
f 798/798/782 916/916/897 915/915/896
f 916/916/897 804/804/788 915/915/896
f 916/916/897 802/802/786 804/804/788
f 915/915/896 810/810/794 917/917/898
f 915/915/896 804/804/788 810/810/794
f 797/797/781 917/917/898 799/799/783
f 797/797/781 915/915/896 917/917/898
f 385/385/378 918/918/899 919/919/900
f 385/385/378 920/920/901 918/918/899
f 920/920/901 921/921/902 918/918/899
f 920/920/901 162/162/158 921/921/902
f 918/918/899 802/802/786 916/916/897
f 918/918/899 921/921/902 802/802/786
f 919/919/900 916/916/897 798/798/782
f 919/919/900 918/918/899 916/916/897
f 162/162/158 922/922/903 921/921/902
f 162/162/158 161/161/157 922/922/903
f 161/161/157 923/923/904 922/922/903
f 161/161/157 160/160/156 923/923/904
f 922/922/903 807/807/791 805/805/789
f 922/922/903 923/923/904 807/807/791
f 921/921/902 805/805/789 802/802/786
f 921/921/902 922/922/903 805/805/789
f 455/455/447 924/924/905 456/456/448
f 455/455/447 925/925/906 924/924/905
f 925/925/906 795/795/779 924/924/905
f 925/925/906 793/793/777 795/795/779
f 924/924/905 801/801/785 926/926/907
f 924/924/905 795/795/779 801/801/785
f 456/456/448 926/926/907 458/458/450
f 456/456/448 924/924/905 926/926/907
f 151/151/147 927/927/908 928/928/909
f 151/151/147 929/929/910 927/927/908
f 929/929/910 930/930/911 927/927/908
f 929/929/910 387/387/380 930/930/911
f 927/927/908 793/793/777 925/925/906
f 927/927/908 930/930/911 793/793/777
f 928/928/909 925/925/906 455/455/447
f 928/928/909 927/927/908 925/925/906
f 387/387/380 931/931/912 930/930/911
f 387/387/380 386/386/379 931/931/912
f 386/386/379 919/919/900 931/931/912
f 386/386/379 385/385/378 919/919/900
f 931/931/912 798/798/782 796/796/780
f 931/931/912 919/919/900 798/798/782
f 930/930/911 796/796/780 793/793/777
f 930/930/911 931/931/912 796/796/780
f 140/140/137 932/932/913 141/141/138
f 140/140/137 933/933/914 932/932/913
f 933/933/914 786/786/772 932/932/913
f 933/933/914 784/784/770 786/786/772
f 932/932/913 792/792/87 934/934/86
f 932/932/913 786/786/772 792/792/87
f 141/141/138 934/934/86 143/143/85
f 141/141/138 932/932/913 934/934/86
f 458/458/450 935/935/915 936/936/916
f 458/458/450 926/926/907 935/935/915
f 926/926/907 937/937/917 935/935/915
f 926/926/907 801/801/785 937/937/917
f 935/935/915 784/784/770 933/933/914
f 935/935/915 937/937/917 784/784/770
f 936/936/916 933/933/914 140/140/137
f 936/936/916 935/935/915 933/933/914
f 801/801/785 938/938/918 937/937/917
f 801/801/785 800/800/784 938/938/918
f 800/800/784 939/939/919 938/938/918
f 800/800/784 799/799/783 939/939/919
f 938/938/918 789/789/775 787/787/773
f 938/938/918 939/939/919 789/789/775
f 937/937/917 787/787/773 784/784/770
f 937/937/917 938/938/918 787/787/773
f 771/771/757 940/940/920 770/770/756
f 771/771/757 941/941/921 940/940/920
f 941/941/921 777/777/763 940/940/920
f 941/941/921 775/775/761 777/777/763
f 940/940/920 783/783/769 942/942/922
f 940/940/920 777/777/763 783/783/769
f 770/770/756 942/942/922 772/772/758
f 770/770/756 940/940/920 942/942/922
f 466/466/458 943/943/923 944/944/924
f 466/466/458 945/945/925 943/943/923
f 945/945/925 946/946/926 943/943/923
f 945/945/925 135/135/132 946/946/926
f 943/943/923 775/775/761 941/941/921
f 943/943/923 946/946/926 775/775/761
f 944/944/924 941/941/921 771/771/757
f 944/944/924 943/943/923 941/941/921
f 135/135/132 947/947/927 946/946/926
f 135/135/132 134/134/131 947/947/927
f 134/134/131 948/948/928 947/947/927
f 134/134/131 133/133/130 948/948/928
f 947/947/927 780/780/766 778/778/764
f 947/947/927 948/948/928 780/780/766
f 946/946/926 778/778/764 775/775/761
f 946/946/926 947/947/927 778/778/764
f 536/536/528 949/949/929 537/537/529
f 536/536/528 950/950/930 949/949/929
f 950/950/930 768/768/754 949/949/929
f 950/950/930 766/766/752 768/768/754
f 949/949/929 774/774/760 951/951/931
f 949/949/929 768/768/754 774/774/760
f 537/537/529 951/951/931 539/539/531
f 537/537/529 949/949/929 951/951/931
f 124/124/121 952/952/932 953/953/933
f 124/124/121 954/954/934 952/952/932
f 954/954/934 955/955/935 952/952/932
f 954/954/934 468/468/460 955/955/935
f 952/952/932 766/766/752 950/950/930
f 952/952/932 955/955/935 766/766/752
f 953/953/933 950/950/930 536/536/528
f 953/953/933 952/952/932 950/950/930
f 468/468/460 956/956/936 955/955/935
f 468/468/460 467/467/459 956/956/936
f 467/467/459 944/944/924 956/956/936
f 467/467/459 466/466/458 944/944/924
f 956/956/936 771/771/757 769/769/755
f 956/956/936 944/944/924 771/771/757
f 955/955/935 769/769/755 766/766/752
f 955/955/935 956/956/936 769/769/755
f 113/113/110 957/957/937 114/114/111
f 113/113/110 958/958/938 957/957/937
f 958/958/938 759/759/745 957/957/937
f 958/958/938 757/757/743 759/759/745
f 957/957/937 765/765/751 959/959/939
f 957/957/937 759/759/745 765/765/751
f 114/114/111 959/959/939 116/116/113
f 114/114/111 957/957/937 959/959/939
f 539/539/531 960/960/940 961/961/941
f 539/539/531 951/951/931 960/960/940
f 951/951/931 962/962/942 960/960/940
f 951/951/931 774/774/760 962/962/942
f 960/960/940 757/757/743 958/958/938
f 960/960/940 962/962/942 757/757/743
f 961/961/941 958/958/938 113/113/110
f 961/961/941 960/960/940 958/958/938
f 774/774/760 963/963/943 962/962/942
f 774/774/760 773/773/759 963/963/943
f 773/773/759 964/964/944 963/963/943
f 773/773/759 772/772/758 964/964/944
f 963/963/943 762/762/748 760/760/746
f 963/963/943 964/964/944 762/762/748
f 962/962/942 760/760/746 757/757/743
f 962/962/942 963/963/943 760/760/746
f 965/965/945 744/744/730 743/743/729
f 965/965/945 966/966/946 744/744/730
f 750/750/736 966/966/946 965/965/945
f 750/750/736 749/749/735 966/966/946
f 749/749/735 967/967/947 966/966/946
f 749/749/735 756/756/742 967/967/947
f 966/966/946 746/746/732 744/744/730
f 966/966/946 967/967/947 746/746/732
f 968/968/948 969/969/949 547/547/539
f 968/968/948 970/970/950 969/969/949
f 108/108/105 970/970/950 968/968/948
f 108/108/105 971/971/951 970/970/950
f 971/971/951 965/965/945 970/970/950
f 971/971/951 750/750/736 965/965/945
f 970/970/950 743/743/729 969/969/949
f 970/970/950 965/965/945 743/743/729
f 107/107/104 971/971/951 108/108/105
f 107/107/104 972/972/952 971/971/951
f 106/106/103 972/972/952 107/107/104
f 106/106/103 973/973/890 972/972/952
f 973/973/890 748/748/734 972/972/952
f 973/973/890 752/752/738 748/748/734
f 972/972/952 750/750/736 971/971/951
f 972/972/952 748/748/734 750/750/736
f 974/974/953 617/617/605 618/618/606
f 975/975/954 617/617/605 974/974/953
f 741/741/727 975/975/954 974/974/953
f 740/740/726 975/975/954 741/741/727
f 740/740/726 976/976/955 975/975/954
f 747/747/733 976/976/955 740/740/726
f 975/975/954 619/619/607 617/617/605
f 976/976/955 619/619/607 975/975/954
f 977/977/956 978/978/957 98/98/95
f 977/977/956 979/979/958 978/978/957
f 549/549/541 979/979/958 977/977/956
f 549/549/541 980/980/959 979/979/958
f 980/980/959 974/974/953 979/979/958
f 980/980/959 741/741/727 974/974/953
f 979/979/958 618/618/606 978/978/957
f 974/974/953 618/618/606 979/979/958
f 548/548/540 980/980/959 549/549/541
f 548/548/540 981/981/960 980/980/959
f 547/547/539 981/981/960 548/548/540
f 547/547/539 969/969/949 981/981/960
f 969/969/949 739/739/725 981/981/960
f 969/969/949 743/743/729 739/739/725
f 981/981/960 741/741/727 980/980/959
f 981/981/960 739/739/725 741/741/727
f 982/982/961 86/86/83 87/87/84
f 983/983/962 86/86/83 982/982/961
f 732/732/720 983/983/962 982/982/961
f 731/731/719 983/983/962 732/732/720
f 731/731/719 984/984/139 983/983/962
f 738/738/140 984/984/139 731/731/719
f 983/983/962 88/88/85 86/86/83
f 984/984/139 88/88/85 983/983/962
f 976/976/955 985/985/963 619/619/607
f 986/986/964 985/985/963 976/976/955
f 747/747/733 986/986/964 976/976/955
f 987/987/965 986/986/964 747/747/733
f 987/987/965 982/982/961 986/986/964
f 732/732/720 982/982/961 987/987/965
f 986/986/964 87/87/84 985/985/963
f 982/982/961 87/87/84 986/986/964
f 745/745/731 987/987/965 747/747/733
f 988/988/966 987/987/965 745/745/731
f 746/746/732 988/988/966 745/745/731
f 989/989/967 988/988/966 746/746/732
f 989/989/967 730/730/718 988/988/966
f 734/734/722 730/730/718 989/989/967
f 988/988/966 732/732/720 987/987/965
f 730/730/718 732/732/720 988/988/966
f 717/717/705 990/990/968 991/991/969
f 717/717/705 716/716/704 990/990/968
f 991/991/969 724/724/712 721/721/709
f 991/991/969 990/990/968 724/724/712
f 992/992/970 721/721/709 729/729/717
f 992/992/970 991/991/969 721/721/709
f 719/719/707 991/991/969 992/992/970
f 719/719/707 717/717/705 991/991/969
f 993/993/971 994/994/972 995/995/973
f 993/993/971 628/628/616 994/994/972
f 995/995/973 81/81/78 996/996/974
f 995/995/973 994/994/972 81/81/78
f 990/990/968 996/996/974 724/724/712
f 990/990/968 995/995/973 996/996/974
f 716/716/704 995/995/973 990/990/968
f 716/716/704 993/993/971 995/995/973
f 996/996/974 80/80/77 997/997/975
f 996/996/974 81/81/78 80/80/77
f 997/997/975 79/79/76 998/998/976
f 997/997/975 80/80/77 79/79/76
f 722/722/710 998/998/976 725/725/713
f 722/722/710 997/997/975 998/998/976
f 724/724/712 997/997/975 722/722/710
f 724/724/712 996/996/974 997/997/975
f 698/698/686 999/999/977 1000/1000/978
f 699/699/687 999/999/977 698/698/686
f 1000/1000/978 715/715/703 712/712/700
f 999/999/977 715/715/703 1000/1000/978
f 1001/1001/979 712/712/700 720/720/708
f 1000/1000/978 712/712/700 1001/1001/979
f 700/700/688 1000/1000/978 1001/1001/979
f 698/698/686 1000/1000/978 700/700/688
f 1002/1002/980 1003/1003/981 1004/1004/982
f 1002/1002/980 71/71/68 1003/1003/981
f 1004/1004/982 630/630/618 1005/1005/983
f 1004/1004/982 1003/1003/981 630/630/618
f 999/999/977 1005/1005/983 715/715/703
f 999/999/977 1004/1004/982 1005/1005/983
f 699/699/687 1004/1004/982 999/999/977
f 1002/1002/980 1004/1004/982 699/699/687
f 1005/1005/983 629/629/617 1006/1006/984
f 1005/1005/983 630/630/618 629/629/617
f 1006/1006/984 628/628/616 993/993/971
f 1006/1006/984 629/629/617 628/628/616
f 713/713/701 993/993/971 716/716/704
f 713/713/701 1006/1006/984 993/993/971
f 715/715/703 1006/1006/984 713/713/701
f 715/715/703 1005/1005/983 1006/1006/984
f 59/59/56 1007/1007/985 1008/1008/986
f 60/60/57 1007/1007/985 59/59/56
f 1008/1008/986 706/706/694 703/703/691
f 1007/1007/985 706/706/694 1008/1008/986
f 1009/1009/987 703/703/691 711/711/699
f 1008/1008/986 703/703/691 1009/1009/987
f 61/61/58 1008/1008/986 1009/1009/987
f 59/59/56 1008/1008/986 61/61/58
f 1010/1010/988 1001/1001/979 1011/1011/989
f 700/700/688 1001/1001/979 1010/1010/988
f 1011/1011/989 720/720/708 1012/1012/990
f 1001/1001/979 720/720/708 1011/1011/989
f 1007/1007/985 1012/1012/990 706/706/694
f 1011/1011/989 1012/1012/990 1007/1007/985
f 60/60/57 1011/1011/989 1007/1007/985
f 1010/1010/988 1011/1011/989 60/60/57
f 1012/1012/990 718/718/706 1013/1013/991
f 720/720/708 718/718/706 1012/1012/990
f 1013/1013/991 719/719/707 1014/1014/992
f 718/718/706 719/719/707 1013/1013/991
f 704/704/692 1014/1014/992 707/707/695
f 1013/1013/991 1014/1014/992 704/704/692
f 706/706/694 1013/1013/991 704/704/692
f 1012/1012/990 1013/1013/991 706/706/694
f 690/690/678 1015/1015/993 689/689/677
f 1016/1016/994 1015/1015/993 690/690/678
f 1016/1016/994 696/696/684 1015/1015/993
f 694/694/682 696/696/684 1016/1016/994
f 1015/1015/993 702/702/690 1017/1017/995
f 1015/1015/993 696/696/684 702/702/690
f 689/689/677 1017/1017/995 691/691/679
f 1015/1015/993 1017/1017/995 689/689/677
f 656/656/644 1018/1018/996 1019/1019/997
f 1020/1020/998 1018/1018/996 656/656/644
f 1020/1020/998 1021/1021/999 1018/1018/996
f 72/72/69 1021/1021/999 1020/1020/998
f 1018/1018/996 694/694/682 1016/1016/994
f 1021/1021/999 694/694/682 1018/1018/996
f 1019/1019/997 1016/1016/994 690/690/678
f 1018/1018/996 1016/1016/994 1019/1019/997
f 72/72/69 1022/1022/1000 1021/1021/999
f 70/70/67 1022/1022/1000 72/72/69
f 70/70/67 1002/1002/980 1022/1022/1000
f 71/71/68 1002/1002/980 70/70/67
f 1022/1022/1000 699/699/687 697/697/685
f 1022/1022/1000 1002/1002/980 699/699/687
f 1021/1021/999 697/697/685 694/694/682
f 1022/1022/1000 697/697/685 1021/1021/999
f 1023/1023/1001 1024/1024/1002 1025/1025/1003
f 1026/1026/1004 1024/1024/1002 1023/1023/1001
f 1026/1026/1004 687/687/675 1024/1024/1002
f 685/685/673 687/687/675 1026/1026/1004
f 1024/1024/1002 693/693/681 1027/1027/1005
f 687/687/675 693/693/681 1024/1024/1002
f 1025/1025/1003 1027/1027/1005 1028/1028/1006
f 1024/1024/1002 1027/1027/1005 1025/1025/1003
f 1029/1029/1007 1030/1030/1008 1031/1031/1009
f 1032/1032/1010 1030/1030/1008 1029/1029/1007
f 1032/1032/1010 1033/1033/1011 1030/1030/1008
f 657/657/645 1033/1033/1011 1032/1032/1010
f 1030/1030/1008 685/685/673 1026/1026/1004
f 1033/1033/1011 685/685/673 1030/1030/1008
f 1031/1031/1009 1026/1026/1004 1023/1023/1001
f 1030/1030/1008 1026/1026/1004 1031/1031/1009
f 657/657/645 1034/1034/1012 1033/1033/1011
f 655/655/643 1034/1034/1012 657/657/645
f 655/655/643 1019/1019/997 1034/1034/1012
f 656/656/644 1019/1019/997 655/655/643
f 1034/1034/1012 690/690/678 688/688/676
f 1019/1019/997 690/690/678 1034/1034/1012
f 1033/1033/1011 688/688/676 685/685/673
f 1034/1034/1012 688/688/676 1033/1033/1011
f 1035/1035/1013 1036/1036/1014 1037/1037/1015
f 1038/1038/1016 1036/1036/1014 1035/1035/1013
f 1038/1038/1016 1039/1039/666 1036/1036/1014
f 1040/1040/664 1039/1039/666 1038/1038/1016
f 1036/1036/1014 1041/1041/672 1042/1042/1017
f 1036/1036/1014 1039/1039/666 1041/1041/672
f 1037/1037/1015 1042/1042/1017 1043/1043/1018
f 1036/1036/1014 1042/1042/1017 1037/1037/1015
f 1028/1028/1006 1044/1044/1019 1045/1045/1020
f 1027/1027/1005 1044/1044/1019 1028/1028/1006
f 1027/1027/1005 1046/1046/1021 1044/1044/1019
f 693/693/681 1046/1046/1021 1027/1027/1005
f 1044/1044/1019 676/676/664 1047/1047/1016
f 1046/1046/1021 676/676/664 1044/1044/1019
f 1045/1045/1020 1047/1047/1016 1048/1048/1013
f 1044/1044/1019 1047/1047/1016 1045/1045/1020
f 693/693/681 1049/1049/1022 1046/1046/1021
f 692/692/680 1049/1049/1022 693/693/681
f 692/692/680 1050/1050/1023 1049/1049/1022
f 691/691/679 1050/1050/1023 692/692/680
f 1049/1049/1022 681/681/669 679/679/667
f 1049/1049/1022 1050/1050/1023 681/681/669
f 1046/1046/1021 679/679/667 676/676/664
f 1049/1049/1022 679/679/667 1046/1046/1021
f 1051/1051/1024 663/663/651 662/662/650
f 1052/1052/1025 663/663/651 1051/1051/1024
f 669/669/657 1052/1052/1025 1051/1051/1024
f 668/668/656 1052/1052/1025 669/669/657
f 668/668/656 1053/1053/1026 1052/1052/1025
f 675/675/663 1053/1053/1026 668/668/656
f 1052/1052/1025 665/665/653 663/663/651
f 1053/1053/1026 665/665/653 1052/1052/1025
f 1054/1054/1027 1055/1055/1028 1056/1056/1029
f 1057/1057/1030 1055/1055/1028 1054/1054/1027
f 1058/1058/1031 1057/1057/1030 1054/1054/1027
f 1059/1059/1032 1057/1057/1030 1058/1058/1031
f 1059/1059/1032 1051/1051/1024 1057/1057/1030
f 669/669/657 1051/1051/1024 1059/1059/1032
f 1057/1057/1030 662/662/650 1055/1055/1028
f 1051/1051/1024 662/662/650 1057/1057/1030
f 1060/1060/1033 1059/1059/1032 1058/1058/1031
f 1061/1061/1034 1059/1059/1032 1060/1060/1033
f 1062/1062/1035 1061/1061/1034 1060/1060/1033
f 1063/1063/1036 1061/1061/1034 1062/1062/1035
f 1063/1063/1036 667/667/655 1061/1061/1034
f 671/671/659 667/667/655 1063/1063/1036
f 1061/1061/1034 669/669/657 1059/1059/1032
f 667/667/655 669/669/657 1061/1061/1034
f 1064/1064/1037 1065/1065/1038 1066/1066/1039
f 1064/1064/1037 1067/1067/1040 1065/1065/1038
f 660/660/648 1067/1067/1040 1064/1064/1037
f 660/660/648 659/659/647 1067/1067/1040
f 659/659/647 1068/1068/1041 1067/1067/1040
f 659/659/647 666/666/654 1068/1068/1041
f 1067/1067/1040 1069/1069/1042 1065/1065/1038
f 1067/1067/1040 1068/1068/1041 1069/1069/1042
f 1070/1070/1043 1071/1071/1044 1072/1072/1045
f 1070/1070/1043 1073/1073/1046 1071/1071/1044
f 1074/1074/1047 1073/1073/1046 1070/1070/1043
f 1075/1075/1048 1073/1073/1046 1074/1074/1047
f 1075/1075/1048 1076/1076/1037 1073/1073/1046
f 1075/1075/1048 1077/1077/648 1076/1076/1037
f 1073/1073/1046 1078/1078/1039 1071/1071/1044
f 1073/1073/1046 1076/1076/1037 1078/1078/1039
f 1079/1079/1049 1080/1080/1048 1081/1081/1047
f 1082/1082/1050 1080/1080/1048 1079/1079/1049
f 1056/1056/1029 1082/1082/1050 1079/1079/1049
f 1055/1055/1028 1082/1082/1050 1056/1056/1029
f 1055/1055/1028 658/658/646 1082/1082/1050
f 662/662/650 658/658/646 1055/1055/1028
f 1082/1082/1050 660/660/648 1080/1080/1048
f 658/658/646 660/660/648 1082/1082/1050
f 1083/1083/1051 1084/1084/1052 1085/1085/1053
f 1083/1083/1051 1086/1086/1054 1084/1084/1052
f 651/651/639 1086/1086/1054 1083/1083/1051
f 651/651/639 650/650/638 1086/1086/1054
f 650/650/638 1032/1032/1010 1086/1086/1054
f 650/650/638 657/657/645 1032/1032/1010
f 1086/1086/1054 1029/1029/1007 1084/1084/1052
f 1086/1086/1054 1032/1032/1010 1029/1029/1007
f 1068/1068/1041 1087/1087/1055 1069/1069/1042
f 1068/1068/1041 1088/1088/1056 1087/1087/1055
f 666/666/654 1088/1088/1056 1068/1068/1041
f 666/666/654 1089/1089/1057 1088/1088/1056
f 1089/1089/1057 1083/1083/1051 1088/1088/1056
f 1089/1089/1057 651/651/639 1083/1083/1051
f 1088/1088/1056 1085/1085/1053 1087/1087/1055
f 1088/1088/1056 1083/1083/1051 1085/1085/1053
f 664/664/652 1089/1089/1057 666/666/654
f 664/664/652 1090/1090/1058 1089/1089/1057
f 665/665/653 1090/1090/1058 664/664/652
f 665/665/653 1091/1091/1059 1090/1090/1058
f 1091/1091/1059 649/649/637 1090/1090/1058
f 1091/1091/1059 653/653/641 649/649/637
f 1090/1090/1058 651/651/639 1089/1089/1057
f 1090/1090/1058 649/649/637 651/651/639
f 1092/1092/1060 636/636/624 1093/1093/1061
f 1092/1092/1060 635/635/623 636/636/624
f 643/643/631 1093/1093/1061 641/641/629
f 1092/1092/1060 1093/1093/1061 643/643/631
f 648/648/636 1092/1092/1060 643/643/631
f 1094/1094/1062 1092/1092/1060 648/648/636
f 1094/1094/1062 635/635/623 1092/1092/1060
f 637/637/625 635/635/623 1094/1094/1062
f 1095/1095/1063 1096/1096/1064 1097/1097/1065
f 1095/1095/1063 1098/1098/1066 1096/1096/1064
f 1099/1099/1067 1097/1097/1065 1100/1100/1068
f 1099/1099/1067 1095/1095/1063 1097/1097/1065
f 641/641/629 1095/1095/1063 1099/1099/1067
f 641/641/629 1093/1093/1061 1095/1095/1063
f 1093/1093/1061 1098/1098/1066 1095/1095/1063
f 1093/1093/1061 636/636/624 1098/1098/1066
f 1101/1101/1069 1102/1102/1068 1103/1103/1070
f 1101/1101/1069 1099/1099/1067 1102/1102/1068
f 1104/1104/1071 1103/1103/1070 1105/1105/1072
f 1101/1101/1069 1103/1103/1070 1104/1104/1071
f 1106/1106/633 1101/1101/1069 1104/1104/1071
f 1107/1107/630 1101/1101/1069 1106/1106/633
f 1107/1107/630 1099/1099/1067 1101/1101/1069
f 1108/1108/629 1099/1099/1067 1107/1107/630
f 1109/1109/1073 671/671/659 1110/1110/1074
f 1109/1109/1073 672/672/660 671/671/659
f 634/634/622 1110/1110/1074 632/632/620
f 634/634/622 1109/1109/1073 1110/1110/1074
f 639/639/627 1109/1109/1073 634/634/622
f 639/639/627 1111/1111/1075 1109/1109/1073
f 1111/1111/1075 672/672/660 1109/1109/1073
f 1111/1111/1075 674/674/662 672/672/660
f 1112/1112/1076 1062/1062/1035 1113/1113/1077
f 1112/1112/1076 1063/1063/1036 1062/1062/1035
f 1114/1114/1078 1113/1113/1077 1115/1115/1079
f 1114/1114/1078 1112/1112/1076 1113/1113/1077
f 632/632/620 1112/1112/1076 1114/1114/1078
f 632/632/620 1110/1110/1074 1112/1112/1076
f 1110/1110/1074 1063/1063/1036 1112/1112/1076
f 1110/1110/1074 671/671/659 1063/1063/1036
f 1116/1116/1080 1115/1115/1079 1117/1117/1081
f 1116/1116/1080 1114/1114/1078 1115/1115/1079
f 1098/1098/1066 1117/1117/1081 1096/1096/1064
f 1098/1098/1066 1116/1116/1080 1117/1117/1081
f 636/636/624 1116/1116/1080 1098/1098/1066
f 636/636/624 633/633/621 1116/1116/1080
f 633/633/621 1114/1114/1078 1116/1116/1080
f 633/633/621 632/632/620 1114/1114/1078
f 1118/1118/1082 68/68/65 1119/1119/1083
f 1118/1118/1082 69/69/66 68/68/65
f 625/625/613 1119/1119/1083 623/623/611
f 1118/1118/1082 1119/1119/1083 625/625/613
f 630/630/618 1118/1118/1082 625/625/613
f 1003/1003/981 1118/1118/1082 630/630/618
f 1003/1003/981 69/69/66 1118/1118/1082
f 71/71/68 69/69/66 1003/1003/981
f 1120/1120/1084 674/674/662 1111/1111/1075
f 1120/1120/1084 1121/1121/1085 674/674/662
f 1122/1122/1086 1111/1111/1075 639/639/627
f 1122/1122/1086 1120/1120/1084 1111/1111/1075
f 623/623/611 1120/1120/1084 1122/1122/1086
f 623/623/611 1119/1119/1083 1120/1120/1084
f 1119/1119/1083 1121/1121/1085 1120/1120/1084
f 1119/1119/1083 68/68/65 1121/1121/1085
f 1123/1123/1087 639/639/627 638/638/626
f 1123/1123/1087 1122/1122/1086 639/639/627
f 1124/1124/1088 638/638/626 637/637/625
f 1123/1123/1087 638/638/626 1124/1124/1088
f 627/627/615 1123/1123/1087 1124/1124/1088
f 624/624/612 1123/1123/1087 627/627/615
f 624/624/612 1122/1122/1086 1123/1123/1087
f 623/623/611 1122/1122/1086 624/624/612
f 1125/1125/1089 609/609/597 1126/1126/1090
f 608/608/596 609/609/597 1125/1125/1089
f 616/616/604 1126/1126/1090 614/614/602
f 1125/1125/1089 1126/1126/1090 616/616/604
f 621/621/609 1125/1125/1089 616/616/604
f 621/621/609 1127/1127/1091 1125/1125/1089
f 1127/1127/1091 608/608/596 1125/1125/1089
f 610/610/598 608/608/596 1127/1127/1091
f 1128/1128/1092 575/575/564 1129/1129/1093
f 1130/1130/1094 575/575/564 1128/1128/1092
f 1131/1131/1095 1129/1129/1093 99/99/96
f 1128/1128/1092 1129/1129/1093 1131/1131/1095
f 614/614/602 1128/1128/1092 1131/1131/1095
f 1126/1126/1090 1128/1128/1092 614/614/602
f 1126/1126/1090 1130/1130/1094 1128/1128/1092
f 609/609/597 1130/1130/1094 1126/1126/1090
f 1132/1132/1096 99/99/96 97/97/94
f 1131/1131/1095 99/99/96 1132/1132/1096
f 978/978/957 97/97/94 98/98/95
f 1132/1132/1096 97/97/94 978/978/957
f 618/618/606 1132/1132/1096 978/978/957
f 618/618/606 615/615/603 1132/1132/1096
f 615/615/603 1131/1131/1095 1132/1132/1096
f 614/614/602 1131/1131/1095 615/615/603
f 1133/1133/1097 1134/1134/114 1135/1135/1098
f 1136/1136/1099 1134/1134/114 1133/1133/1097
f 607/607/595 1135/1135/1098 605/605/593
f 1133/1133/1097 1135/1135/1098 607/607/595
f 612/612/600 1133/1133/1097 607/607/595
f 1137/1137/1100 1133/1133/1097 612/612/600
f 1137/1137/1100 1136/1136/1099 1133/1133/1097
f 1138/1138/513 1136/1136/1099 1137/1137/1100
f 1139/1139/1101 1140/1140/113 1141/1141/1102
f 1142/1142/112 1140/1140/113 1139/1139/1101
f 1143/1143/1103 1141/1141/1102 576/576/565
f 1139/1139/1101 1141/1141/1102 1143/1143/1103
f 605/605/593 1139/1139/1101 1143/1143/1103
f 1135/1135/1098 1139/1139/1101 605/605/593
f 1135/1135/1098 1142/1142/112 1139/1139/1101
f 1134/1134/114 1142/1142/112 1135/1135/1098
f 1144/1144/1104 576/576/565 574/574/563
f 1143/1143/1103 576/576/565 1144/1144/1104
f 1130/1130/1094 574/574/563 575/575/564
f 1144/1144/1104 574/574/563 1130/1130/1094
f 609/609/597 1144/1144/1104 1130/1130/1094
f 606/606/594 1144/1144/1104 609/609/597
f 606/606/594 1143/1143/1103 1144/1144/1104
f 605/605/593 1143/1143/1103 606/606/594
f 1145/1145/1105 1146/1146/514 1147/1147/1106
f 1148/1148/1107 1146/1146/514 1145/1145/1105
f 1149/1149/587 1147/1147/1106 1150/1150/585
f 1145/1145/1105 1147/1147/1106 1149/1149/587
f 1151/1151/27 1145/1145/1105 1149/1149/587
f 1151/1151/27 1152/1152/26 1145/1145/1105
f 1152/1152/26 1148/1148/1107 1145/1145/1105
f 1153/1153/25 1148/1148/1107 1152/1152/26
f 1154/1154/1108 1138/1138/513 1137/1137/1100
f 1155/1155/512 1138/1138/513 1154/1154/1108
f 1156/1156/1109 1137/1137/1100 612/612/600
f 1154/1154/1108 1137/1137/1100 1156/1156/1109
f 596/596/585 1154/1154/1108 1156/1156/1109
f 1157/1157/1106 1154/1154/1108 596/596/585
f 1157/1157/1106 1155/1155/512 1154/1154/1108
f 1146/1146/514 1155/1155/512 1157/1157/1106
f 1158/1158/1110 612/612/600 611/611/599
f 1156/1156/1109 612/612/600 1158/1158/1110
f 1159/1159/1111 611/611/599 610/610/598
f 1158/1158/1110 611/611/599 1159/1159/1111
f 600/600/589 1158/1158/1110 1159/1159/1111
f 600/600/589 597/597/586 1158/1158/1110
f 597/597/586 1156/1156/1109 1158/1158/1110
f 596/596/585 1156/1156/1109 597/597/586
f 582/582/571 1160/1160/1112 1161/1161/1113
f 581/581/570 1160/1160/1112 582/582/571
f 1161/1161/1113 589/589/578 586/586/575
f 1160/1160/1112 589/589/578 1161/1161/1113
f 1162/1162/1114 586/586/575 594/594/583
f 1161/1161/1113 586/586/575 1162/1162/1114
f 584/584/573 1161/1161/1113 1162/1162/1114
f 582/582/571 1161/1161/1113 584/584/573
f 1163/1163/1115 1164/1164/1116 1165/1165/1117
f 278/278/271 1164/1164/1116 1163/1163/1115
f 1165/1165/1117 198/198/191 1166/1166/1118
f 1164/1164/1116 198/198/191 1165/1165/1117
f 1160/1160/1112 1166/1166/1118 589/589/578
f 1165/1165/1117 1166/1166/1118 1160/1160/1112
f 581/581/570 1165/1165/1117 1160/1160/1112
f 1163/1163/1115 1165/1165/1117 581/581/570
f 1166/1166/1118 196/196/189 1167/1167/1119
f 198/198/191 196/196/189 1166/1166/1118
f 1167/1167/1119 197/197/190 1168/1168/1120
f 196/196/189 197/197/190 1167/1167/1119
f 587/587/576 1168/1168/1120 590/590/579
f 1167/1167/1119 1168/1168/1120 587/587/576
f 589/589/578 1167/1167/1119 587/587/576
f 1166/1166/1118 1167/1167/1119 589/589/578
f 1169/1169/1121 1170/1170/1122 1171/1171/1123
f 1169/1169/1121 1172/1172/36 1170/1170/1122
f 1171/1171/1123 580/580/569 577/577/566
f 1171/1171/1123 1170/1170/1122 580/580/569
f 1173/1173/1124 577/577/566 585/585/574
f 1173/1173/1124 1171/1171/1123 577/577/566
f 1174/1174/749 1171/1171/1123 1173/1173/1124
f 1174/1174/749 1169/1169/1121 1171/1171/1123
f 1175/1175/35 1176/1176/1125 1177/1177/1126
f 1175/1175/35 1178/1178/34 1176/1176/1125
f 1177/1177/1126 1179/1179/272 1180/1180/1127
f 1176/1176/1125 1179/1179/272 1177/1177/1126
f 1181/1181/1122 1180/1180/1127 1182/1182/569
f 1181/1181/1122 1177/1177/1126 1180/1180/1127
f 1172/1172/36 1177/1177/1126 1181/1181/1122
f 1172/1172/36 1175/1175/35 1177/1177/1126
f 1183/1183/1127 277/277/270 1184/1184/1128
f 279/279/272 277/277/270 1183/1183/1127
f 1184/1184/1128 278/278/271 1163/1163/1115
f 277/277/270 278/278/271 1184/1184/1128
f 578/578/567 1163/1163/1115 581/581/570
f 1184/1184/1128 1163/1163/1115 578/578/567
f 580/580/569 1184/1184/1128 578/578/567
f 1183/1183/1127 1184/1184/1128 580/580/569
f 1185/1185/939 1186/1186/1129 1187/1187/1130
f 1185/1185/939 1188/1188/751 1186/1186/1129
f 1187/1187/1130 571/571/560 568/568/557
f 1187/1187/1130 1186/1186/1129 571/571/560
f 1141/1141/1102 568/568/557 576/576/565
f 1141/1141/1102 1187/1187/1130 568/568/557
f 1140/1140/113 1187/1187/1130 1141/1141/1102
f 1140/1140/113 1185/1185/939 1187/1187/1130
f 1189/1189/750 1173/1173/1124 1190/1190/1131
f 1189/1189/750 1174/1174/749 1173/1173/1124
f 1190/1190/1131 585/585/574 1191/1191/1132
f 1190/1190/1131 1173/1173/1124 585/585/574
f 1186/1186/1129 1191/1191/1132 571/571/560
f 1186/1186/1129 1190/1190/1131 1191/1191/1132
f 1188/1188/751 1190/1190/1131 1186/1186/1129
f 1188/1188/751 1189/1189/750 1190/1190/1131
f 1191/1191/1132 583/583/572 1192/1192/1133
f 1191/1191/1132 585/585/574 583/583/572
f 1192/1192/1133 584/584/573 1193/1193/1134
f 1192/1192/1133 583/583/572 584/584/573
f 569/569/558 1193/1193/1134 572/572/561
f 569/569/558 1192/1192/1133 1193/1193/1134
f 571/571/560 1192/1192/1133 569/569/558
f 571/571/560 1191/1191/1132 1192/1192/1133
f 555/555/547 1194/1194/1135 554/554/546
f 555/555/547 1195/1195/1136 1194/1194/1135
f 1195/1195/1136 561/561/553 1194/1194/1135
f 559/559/551 561/561/553 1195/1195/1136
f 1194/1194/1135 567/567/556 1196/1196/1137
f 561/561/553 567/567/556 1194/1194/1135
f 554/554/546 1196/1196/1137 556/556/548
f 1194/1194/1135 1196/1196/1137 554/554/546
f 844/844/825 1197/1197/1138 1198/1198/1139
f 844/844/825 1199/1199/1140 1197/1197/1138
f 1199/1199/1140 1200/1200/1141 1197/1197/1138
f 1199/1199/1140 1201/1201/9 1200/1200/1141
f 1197/1197/1138 559/559/551 1195/1195/1136
f 1197/1197/1138 1200/1200/1141 559/559/551
f 1198/1198/1139 1195/1195/1136 555/555/547
f 1198/1198/1139 1197/1197/1138 1195/1195/1136
f 9/9/9 1202/1202/1142 1203/1203/1141
f 9/9/9 8/8/8 1202/1202/1142
f 8/8/8 1204/1204/1143 1202/1202/1142
f 7/7/7 1204/1204/1143 8/8/8
f 1202/1202/1142 564/564/353 1205/1205/554
f 1204/1204/1143 564/564/353 1202/1202/1142
f 1203/1203/1141 1205/1205/554 1206/1206/551
f 1202/1202/1142 1205/1205/554 1203/1203/1141
f 590/590/579 1207/1207/1144 591/591/580
f 590/590/579 1208/1208/1145 1207/1207/1144
f 1208/1208/1145 552/552/544 1207/1207/1144
f 1208/1208/1145 550/550/542 552/552/544
f 1207/1207/1144 558/558/550 1209/1209/1146
f 1207/1207/1144 552/552/544 558/558/550
f 591/591/580 1209/1209/1146 593/593/582
f 591/591/580 1207/1207/1144 1209/1209/1146
f 197/197/190 1210/1210/1147 1168/1168/1120
f 197/197/190 884/884/865 1210/1210/1147
f 884/884/865 1211/1211/1148 1210/1210/1147
f 884/884/865 846/846/827 1211/1211/1148
f 1210/1210/1147 550/550/542 1208/1208/1145
f 1210/1210/1147 1211/1211/1148 550/550/542
f 1168/1168/1120 1208/1208/1145 590/590/579
f 1168/1168/1120 1210/1210/1147 1208/1208/1145
f 846/846/827 1212/1212/1149 1211/1211/1148
f 846/846/827 845/845/826 1212/1212/1149
f 845/845/826 1198/1198/1139 1212/1212/1149
f 845/845/826 844/844/825 1198/1198/1139
f 1212/1212/1149 555/555/547 553/553/545
f 1212/1212/1149 1198/1198/1139 555/555/547
f 1211/1211/1148 553/553/545 550/550/542
f 1211/1211/1148 1212/1212/1149 553/553/545
f 95/95/92 1213/1213/1150 96/96/93
f 95/95/92 1214/1214/1151 1213/1213/1150
f 1214/1214/1151 543/543/535 1213/1213/1150
f 541/541/533 543/543/535 1214/1214/1151
f 1213/1213/1150 549/549/541 977/977/956
f 543/543/535 549/549/541 1213/1213/1150
f 96/96/93 977/977/956 98/98/95
f 1213/1213/1150 977/977/956 96/96/93
f 593/593/582 1215/1215/1152 1216/1216/1153
f 593/593/582 1209/1209/1146 1215/1215/1152
f 1209/1209/1146 1217/1217/1154 1215/1215/1152
f 1209/1209/1146 558/558/550 1217/1217/1154
f 1215/1215/1152 541/541/533 1214/1214/1151
f 1215/1215/1152 1217/1217/1154 541/541/533
f 1216/1216/1153 1214/1214/1151 95/95/92
f 1216/1216/1153 1215/1215/1152 1214/1214/1151
f 558/558/550 1218/1218/1155 1217/1217/1154
f 558/558/550 557/557/549 1218/1218/1155
f 557/557/549 1219/1219/1156 1218/1218/1155
f 556/556/548 1219/1219/1156 557/557/549
f 1218/1218/1155 546/546/538 544/544/536
f 1219/1219/1156 546/546/538 1218/1218/1155
f 1217/1217/1154 544/544/536 541/541/533
f 1218/1218/1155 544/544/536 1217/1217/1154
f 528/528/520 1220/1220/1157 1221/1221/1158
f 527/527/519 1220/1220/1157 528/528/520
f 1221/1221/1158 535/535/527 532/532/524
f 1220/1220/1157 535/535/527 1221/1221/1158
f 1222/1222/1159 532/532/524 540/540/532
f 1221/1221/1158 532/532/524 1222/1222/1159
f 530/530/522 1221/1221/1158 1222/1222/1159
f 528/528/520 1221/1221/1158 530/530/522
f 1223/1223/1160 1224/1224/1161 1225/1225/1162
f 494/494/486 1224/1224/1161 1223/1223/1160
f 1225/1225/1162 126/126/123 1226/1226/1163
f 1224/1224/1161 126/126/123 1225/1225/1162
f 1220/1220/1157 1226/1226/1163 535/535/527
f 1225/1225/1162 1226/1226/1163 1220/1220/1157
f 527/527/519 1225/1225/1162 1220/1220/1157
f 1223/1223/1160 1225/1225/1162 527/527/519
f 1226/1226/1163 125/125/122 1227/1227/1164
f 126/126/123 125/125/122 1226/1226/1163
f 1227/1227/1164 124/124/121 953/953/933
f 125/125/122 124/124/121 1227/1227/1164
f 533/533/525 953/953/933 536/536/528
f 1227/1227/1164 953/953/933 533/533/525
f 535/535/527 1227/1227/1164 533/533/525
f 1226/1226/1163 1227/1227/1164 535/535/527
f 806/806/790 1228/1228/1165 1229/1229/1166
f 807/807/791 1228/1228/1165 806/806/790
f 1229/1229/1166 526/526/518 523/523/515
f 1228/1228/1165 526/526/518 1229/1229/1166
f 1230/1230/1167 523/523/515 531/531/523
f 1229/1229/1166 523/523/515 1230/1230/1167
f 808/808/792 1229/1229/1166 1230/1230/1167
f 806/806/790 1229/1229/1166 808/808/792
f 923/923/904 1231/1231/1168 1232/1232/1169
f 160/160/156 1231/1231/1168 923/923/904
f 1232/1232/1169 495/495/487 1233/1233/1170
f 1231/1231/1168 495/495/487 1232/1232/1169
f 1228/1228/1165 1233/1233/1170 526/526/518
f 1232/1232/1169 1233/1233/1170 1228/1228/1165
f 807/807/791 1232/1232/1169 1228/1228/1165
f 923/923/904 1232/1232/1169 807/807/791
f 1233/1233/1170 493/493/485 1234/1234/1171
f 495/495/487 493/493/485 1233/1233/1170
f 1234/1234/1171 494/494/486 1223/1223/1160
f 493/493/485 494/494/486 1234/1234/1171
f 524/524/516 1223/1223/1160 527/527/519
f 1234/1234/1171 1223/1223/1160 524/524/516
f 526/526/518 1234/1234/1171 524/524/516
f 1233/1233/1170 1234/1234/1171 526/526/518
f 23/23/23 1235/1235/1172 1236/1236/1173
f 24/24/24 1235/1235/1172 23/23/23
f 1236/1236/1173 1237/1237/509 1238/1238/506
f 1235/1235/1172 1237/1237/509 1236/1236/1173
f 1239/1239/1107 1238/1238/506 1240/1240/514
f 1236/1236/1173 1238/1238/506 1239/1239/1107
f 25/25/25 1236/1236/1173 1239/1239/1107
f 23/23/23 1236/1236/1173 25/25/25
f 1241/1241/1174 1230/1230/1167 1242/1242/1175
f 808/808/792 1230/1230/1167 1241/1241/1174
f 1242/1242/1175 531/531/523 1243/1243/1176
f 1230/1230/1167 531/531/523 1242/1242/1175
f 1244/1244/1172 1243/1243/1176 517/517/509
f 1242/1242/1175 1243/1243/1176 1244/1244/1172
f 1245/1245/24 1242/1242/1175 1244/1244/1172
f 1241/1241/1174 1242/1242/1175 1245/1245/24
f 1243/1243/1176 529/529/521 1246/1246/1177
f 531/531/523 529/529/521 1243/1243/1176
f 1246/1246/1177 530/530/522 1247/1247/1178
f 529/529/521 530/530/522 1246/1246/1177
f 515/515/507 1247/1247/1178 518/518/510
f 1246/1246/1177 1247/1247/1178 515/515/507
f 517/517/509 1246/1246/1177 515/515/507
f 1243/1243/1176 1246/1246/1177 517/517/509
f 501/501/493 1248/1248/1179 500/500/492
f 501/501/493 1249/1249/1180 1248/1248/1179
f 1249/1249/1180 507/507/499 1248/1248/1179
f 1249/1249/1180 505/505/497 507/507/499
f 1248/1248/1179 513/513/505 1250/1250/1181
f 1248/1248/1179 507/507/499 513/513/505
f 500/500/492 1250/1250/1181 502/502/494
f 500/500/492 1248/1248/1179 1250/1250/1181
f 1251/1251/1042 1252/1252/1182 1253/1253/1183
f 1251/1251/1042 1254/1254/1055 1252/1252/1182
f 1254/1254/1055 1255/1255/1184 1252/1252/1182
f 1254/1254/1055 1256/1256/1053 1255/1255/1184
f 1252/1252/1182 505/505/497 1249/1249/1180
f 1252/1252/1182 1255/1255/1184 505/505/497
f 1253/1253/1183 1249/1249/1180 501/501/493
f 1253/1253/1183 1252/1252/1182 1249/1249/1180
f 1256/1256/1053 1257/1257/1185 1255/1255/1184
f 1256/1256/1053 1258/1258/1052 1257/1257/1185
f 1258/1258/1052 1259/1259/1186 1257/1257/1185
f 1258/1258/1052 1260/1260/1007 1259/1259/1186
f 1257/1257/1185 510/510/502 508/508/500
f 1257/1257/1185 1259/1259/1186 510/510/502
f 1255/1255/1184 508/508/500 505/505/497
f 1255/1255/1184 1257/1257/1185 508/508/500
f 401/401/394 1261/1261/1187 402/402/395
f 401/401/394 1262/1262/1188 1261/1261/1187
f 1262/1262/1188 498/498/490 1261/1261/1187
f 1262/1262/1188 496/496/488 498/498/490
f 1261/1261/1187 504/504/496 1263/1263/1189
f 1261/1261/1187 498/498/490 504/504/496
f 402/402/395 1263/1263/1189 404/404/397
f 402/402/395 1261/1261/1187 1263/1263/1189
f 1264/1264/1045 1265/1265/1190 1266/1266/1191
f 1264/1264/1045 1267/1267/1044 1265/1265/1190
f 1267/1267/1044 1268/1268/1192 1265/1265/1190
f 1267/1267/1044 1269/1269/1039 1268/1268/1192
f 1265/1265/1190 1270/1270/488 1262/1262/1188
f 1265/1265/1190 1268/1268/1192 1270/1270/488
f 1266/1266/1191 1262/1262/1188 1271/1271/394
f 1266/1266/1191 1265/1265/1190 1262/1262/1188
f 1272/1272/1039 1273/1273/1193 1268/1268/1192
f 1272/1272/1039 1274/1274/1038 1273/1273/1193
f 1274/1274/1038 1253/1253/1183 1273/1273/1193
f 1274/1274/1038 1251/1251/1042 1253/1253/1183
f 1273/1273/1193 501/501/493 499/499/491
f 1273/1273/1193 1253/1253/1183 501/501/493
f 1268/1268/1192 499/499/491 496/496/488
f 1268/1268/1192 1273/1273/1193 499/499/491
f 158/158/154 1275/1275/1194 159/159/155
f 158/158/154 1276/1276/1195 1275/1275/1194
f 1276/1276/1195 489/489/481 1275/1275/1194
f 1276/1276/1195 487/487/479 489/489/481
f 1231/1231/1168 489/489/481 495/495/487
f 1275/1275/1194 489/489/481 1231/1231/1168
f 160/160/156 1275/1275/1194 1231/1231/1168
f 159/159/155 1275/1275/1194 160/160/156
f 404/404/397 1277/1277/1196 1278/1278/1197
f 404/404/397 1263/1263/1189 1277/1277/1196
f 1263/1263/1189 1279/1279/1198 1277/1277/1196
f 1263/1263/1189 504/504/496 1279/1279/1198
f 1277/1277/1196 487/487/479 1276/1276/1195
f 1277/1277/1196 1279/1279/1198 487/487/479
f 1278/1278/1197 1276/1276/1195 158/158/154
f 1278/1278/1197 1277/1277/1196 1276/1276/1195
f 504/504/496 1280/1280/1199 1279/1279/1198
f 504/504/496 503/503/495 1280/1280/1199
f 503/503/495 1281/1281/1200 1280/1280/1199
f 503/503/495 502/502/494 1281/1281/1200
f 1280/1280/1199 492/492/484 490/490/482
f 1280/1280/1199 1281/1281/1200 492/492/484
f 1279/1279/1198 490/490/482 487/487/479
f 1279/1279/1198 1280/1280/1199 490/490/482
f 474/474/466 1282/1282/1201 1283/1283/1202
f 473/473/465 1282/1282/1201 474/474/466
f 1283/1283/1202 481/481/473 478/478/470
f 1282/1282/1201 481/481/473 1283/1283/1202
f 1284/1284/1203 478/478/470 486/486/478
f 1283/1283/1202 478/478/470 1284/1284/1203
f 476/476/468 1283/1283/1202 1284/1284/1203
f 474/474/466 1283/1283/1202 476/476/468
f 1285/1285/1204 1286/1286/1020 1287/1287/1205
f 1288/1288/1006 1286/1286/1020 1285/1285/1204
f 1287/1287/1205 1289/1289/1013 1290/1290/1206
f 1286/1286/1020 1289/1289/1013 1287/1287/1205
f 1282/1282/1201 1290/1290/1206 481/481/473
f 1287/1287/1205 1290/1290/1206 1282/1282/1201
f 473/473/465 1287/1287/1205 1282/1282/1201
f 1285/1285/1204 1287/1287/1205 473/473/465
f 1291/1291/1206 1292/1292/1015 1293/1293/1207
f 1289/1289/1013 1292/1292/1015 1291/1291/1206
f 1293/1293/1207 1294/1294/1018 1295/1295/1208
f 1292/1292/1015 1294/1294/1018 1293/1293/1207
f 479/479/471 1295/1295/1208 1296/1296/474
f 1293/1293/1207 1295/1295/1208 479/479/471
f 1297/1297/473 1293/1293/1207 479/479/471
f 1291/1291/1206 1293/1293/1207 1297/1297/473
f 509/509/501 1298/1298/1209 1299/1299/1210
f 510/510/502 1298/1298/1209 509/509/501
f 1299/1299/1210 472/472/464 469/469/461
f 1298/1298/1209 472/472/464 1299/1299/1210
f 1300/1300/1211 469/469/461 477/477/469
f 1299/1299/1210 469/469/461 1300/1300/1211
f 511/511/503 1299/1299/1210 1300/1300/1211
f 509/509/501 1299/1299/1210 511/511/503
f 1259/1259/1186 1301/1301/1009 1302/1302/1212
f 1260/1260/1007 1301/1301/1009 1259/1259/1186
f 1302/1302/1212 1303/1303/1001 1304/1304/1213
f 1301/1301/1009 1303/1303/1001 1302/1302/1212
f 1298/1298/1209 1304/1304/1213 472/472/464
f 1302/1302/1212 1304/1304/1213 1298/1298/1209
f 510/510/502 1302/1302/1212 1298/1298/1209
f 1259/1259/1186 1302/1302/1212 510/510/502
f 1304/1304/1213 1305/1305/1003 1306/1306/1214
f 1303/1303/1001 1305/1305/1003 1304/1304/1213
f 1306/1306/1214 1288/1288/1006 1285/1285/1204
f 1305/1305/1003 1288/1288/1006 1306/1306/1214
f 470/470/462 1285/1285/1204 473/473/465
f 1306/1306/1214 1285/1285/1204 470/470/462
f 472/472/464 1306/1306/1214 470/470/462
f 1304/1304/1213 1306/1306/1214 472/472/464
f 122/122/119 1307/1307/1215 1308/1308/1216
f 123/123/120 1307/1307/1215 122/122/119
f 1308/1308/1216 463/463/455 460/460/452
f 1307/1307/1215 463/463/455 1308/1308/1216
f 1308/1308/1216 468/468/460 954/954/934
f 1308/1308/1216 460/460/452 468/468/460
f 124/124/121 1308/1308/1216 954/954/934
f 122/122/119 1308/1308/1216 124/124/121
f 1309/1309/1217 1300/1300/1211 1310/1310/1218
f 511/511/503 1300/1300/1211 1309/1309/1217
f 1310/1310/1218 477/477/469 1311/1311/1219
f 1300/1300/1211 477/477/469 1310/1310/1218
f 1307/1307/1215 1311/1311/1219 463/463/455
f 1310/1310/1218 1311/1311/1219 1307/1307/1215
f 123/123/120 1310/1310/1218 1307/1307/1215
f 1309/1309/1217 1310/1310/1218 123/123/120
f 1311/1311/1219 475/475/467 1312/1312/1220
f 477/477/469 475/475/467 1311/1311/1219
f 1312/1312/1220 476/476/468 1313/1313/1221
f 475/475/467 476/476/468 1312/1312/1220
f 461/461/453 1313/1313/1221 464/464/456
f 1312/1312/1220 1313/1313/1221 461/461/453
f 463/463/455 1312/1312/1220 461/461/453
f 1311/1311/1219 1312/1312/1220 463/463/455
f 447/447/439 1314/1314/1222 1315/1315/1223
f 446/446/438 1314/1314/1222 447/447/439
f 1315/1315/1223 454/454/446 451/451/443
f 1314/1314/1222 454/454/446 1315/1315/1223
f 1316/1316/1224 451/451/443 459/459/451
f 1315/1315/1223 451/451/443 1316/1316/1224
f 449/449/441 1315/1315/1223 1316/1316/1224
f 447/447/439 1315/1315/1223 449/449/441
f 1317/1317/1225 1318/1318/1226 1319/1319/1227
f 413/413/406 1318/1318/1226 1317/1317/1225
f 1319/1319/1227 153/153/149 1320/1320/1228
f 1318/1318/1226 153/153/149 1319/1319/1227
f 1314/1314/1222 1320/1320/1228 454/454/446
f 1319/1319/1227 1320/1320/1228 1314/1314/1222
f 446/446/438 1319/1319/1227 1314/1314/1222
f 1317/1317/1225 1319/1319/1227 446/446/438
f 1320/1320/1228 152/152/148 1321/1321/1229
f 153/153/149 152/152/148 1320/1320/1228
f 1321/1321/1229 151/151/147 928/928/909
f 152/152/148 151/151/147 1321/1321/1229
f 452/452/444 928/928/909 455/455/447
f 1321/1321/1229 928/928/909 452/452/444
f 454/454/446 1321/1321/1229 452/452/444
f 1320/1320/1228 1321/1321/1229 454/454/446
f 833/833/814 1322/1322/1230 1323/1323/1231
f 834/834/815 1322/1322/1230 833/833/814
f 1323/1323/1231 445/445/437 442/442/434
f 1322/1322/1230 445/445/437 1323/1323/1231
f 1324/1324/1232 442/442/434 450/450/442
f 1323/1323/1231 442/442/434 1324/1324/1232
f 835/835/816 1323/1323/1231 1324/1324/1232
f 833/833/814 1323/1323/1231 835/835/816
f 898/898/879 1325/1325/1233 1326/1326/1234
f 187/187/180 1325/1325/1233 898/898/879
f 1326/1326/1234 414/414/407 1327/1327/1235
f 1325/1325/1233 414/414/407 1326/1326/1234
f 1322/1322/1230 1327/1327/1235 445/445/437
f 1326/1326/1234 1327/1327/1235 1322/1322/1230
f 834/834/815 1326/1326/1234 1322/1322/1230
f 898/898/879 1326/1326/1234 834/834/815
f 1327/1327/1235 412/412/405 1328/1328/1236
f 414/414/407 412/412/405 1327/1327/1235
f 1328/1328/1236 413/413/406 1317/1317/1225
f 412/412/405 413/413/406 1328/1328/1236
f 443/443/435 1317/1317/1225 446/446/438
f 1328/1328/1236 1317/1317/1225 443/443/435
f 445/445/437 1328/1328/1236 443/443/435
f 1327/1327/1235 1328/1328/1236 445/445/437
f 14/14/14 1329/1329/1237 1330/1330/1238
f 15/15/15 1329/1329/1237 14/14/14
f 1330/1330/1238 1331/1331/429 433/433/426
f 1329/1329/1237 1331/1331/429 1330/1330/1238
f 1332/1332/41 433/433/426 441/441/42
f 1330/1330/1238 433/433/426 1332/1332/41
f 16/16/16 1330/1330/1238 1332/1332/41
f 14/14/14 1330/1330/1238 16/16/16
f 1333/1333/1239 1324/1324/1232 1334/1334/1240
f 835/835/816 1324/1324/1232 1333/1333/1239
f 1334/1334/1240 450/450/442 1335/1335/1241
f 1324/1324/1232 450/450/442 1334/1334/1240
f 1336/1336/1237 1335/1335/1241 436/436/429
f 1334/1334/1240 1335/1335/1241 1336/1336/1237
f 1337/1337/15 1334/1334/1240 1336/1336/1237
f 1333/1333/1239 1334/1334/1240 1337/1337/15
f 1335/1335/1241 448/448/440 1338/1338/1242
f 450/450/442 448/448/440 1335/1335/1241
f 1338/1338/1242 449/449/441 1339/1339/1243
f 448/448/440 449/449/441 1338/1338/1242
f 434/434/427 1339/1339/1243 437/437/430
f 1338/1338/1242 1339/1339/1243 434/434/427
f 436/436/429 1338/1338/1242 434/434/427
f 1335/1335/1241 1338/1338/1242 436/436/429
f 420/420/413 1340/1340/1244 419/419/412
f 420/420/413 1341/1341/1245 1340/1340/1244
f 1341/1341/1245 426/426/419 1340/1340/1244
f 1341/1341/1245 424/424/417 426/426/419
f 1340/1340/1244 432/432/425 1342/1342/1246
f 1340/1340/1244 426/426/419 432/432/425
f 419/419/412 1342/1342/1246 421/421/414
f 419/419/412 1340/1340/1244 1342/1342/1246
f 1343/1343/1064 1344/1344/1247 1345/1345/1248
f 1343/1343/1064 1117/1117/1081 1344/1344/1247
f 1117/1117/1081 1346/1346/1249 1344/1344/1247
f 1117/1117/1081 1347/1347/1079 1346/1346/1249
f 1344/1344/1247 424/424/417 1341/1341/1245
f 1344/1344/1247 1346/1346/1249 424/424/417
f 1345/1345/1248 1341/1341/1245 420/420/413
f 1345/1345/1248 1344/1344/1247 1341/1341/1245
f 1347/1347/1079 1348/1348/1250 1346/1346/1249
f 1347/1347/1079 1349/1349/1077 1348/1348/1250
f 1349/1349/1077 1350/1350/1251 1348/1348/1250
f 1349/1349/1077 1351/1351/1035 1350/1350/1251
f 1348/1348/1250 429/429/422 427/427/420
f 1348/1348/1250 1350/1350/1251 429/429/422
f 1346/1346/1249 427/427/420 424/424/417
f 1346/1346/1249 1348/1348/1250 427/427/420
f 320/320/313 1352/1352/1252 321/321/314
f 320/320/313 1353/1353/1253 1352/1352/1252
f 1353/1353/1253 417/417/410 1352/1352/1252
f 1353/1353/1253 415/415/408 417/417/410
f 1352/1352/1252 423/423/416 1354/1354/1254
f 1352/1352/1252 417/417/410 423/423/416
f 321/321/314 1354/1354/1254 323/323/316
f 321/321/314 1352/1352/1252 1354/1354/1254
f 1355/1355/1072 1356/1356/1255 1357/1357/1256
f 1355/1355/1072 1358/1358/1070 1356/1356/1255
f 1358/1358/1070 1359/1359/1257 1356/1356/1255
f 1358/1358/1070 1360/1360/1068 1359/1359/1257
f 1356/1356/1255 1361/1361/408 1353/1353/1253
f 1356/1356/1255 1359/1359/1257 1361/1361/408
f 1357/1357/1256 1353/1353/1253 1362/1362/313
f 1357/1357/1256 1356/1356/1255 1353/1353/1253
f 1363/1363/1068 1364/1364/1258 1365/1365/1257
f 1363/1363/1068 1097/1097/1065 1364/1364/1258
f 1097/1097/1065 1345/1345/1248 1364/1364/1258
f 1097/1097/1065 1343/1343/1064 1345/1345/1248
f 1364/1364/1258 420/420/413 418/418/411
f 1364/1364/1258 1345/1345/1248 420/420/413
f 1365/1365/1257 418/418/411 415/415/408
f 1365/1365/1257 1364/1364/1258 418/418/411
f 185/185/178 1366/1366/1259 186/186/179
f 185/185/178 1367/1367/1260 1366/1366/1259
f 1367/1367/1260 408/408/401 1366/1366/1259
f 1367/1367/1260 406/406/399 408/408/401
f 1325/1325/1233 408/408/401 414/414/407
f 1366/1366/1259 408/408/401 1325/1325/1233
f 187/187/180 1366/1366/1259 1325/1325/1233
f 186/186/179 1366/1366/1259 187/187/180
f 323/323/316 1368/1368/1261 1369/1369/1262
f 323/323/316 1354/1354/1254 1368/1368/1261
f 1354/1354/1254 1370/1370/1263 1368/1368/1261
f 1354/1354/1254 423/423/416 1370/1370/1263
f 1368/1368/1261 406/406/399 1367/1367/1260
f 1368/1368/1261 1370/1370/1263 406/406/399
f 1369/1369/1262 1367/1367/1260 185/185/178
f 1369/1369/1262 1368/1368/1261 1367/1367/1260
f 423/423/416 1371/1371/1264 1370/1370/1263
f 423/423/416 422/422/415 1371/1371/1264
f 422/422/415 1372/1372/1265 1371/1371/1264
f 422/422/415 421/421/414 1372/1372/1265
f 1371/1371/1264 411/411/404 409/409/402
f 1371/1371/1264 1372/1372/1265 411/411/404
f 1370/1370/1263 409/409/402 406/406/399
f 1370/1370/1263 1371/1371/1264 409/409/402
f 393/393/386 1373/1373/1266 1374/1374/1267
f 392/392/385 1373/1373/1266 393/393/386
f 1374/1374/1267 400/400/393 397/397/390
f 1373/1373/1266 400/400/393 1374/1374/1267
f 1375/1375/1268 397/397/390 405/405/398
f 1374/1374/1267 397/397/390 1375/1375/1268
f 395/395/388 1374/1374/1267 1375/1375/1268
f 393/393/386 1374/1374/1267 395/395/388
f 1376/1376/1269 1079/1079/1049 1377/1377/1270
f 1378/1378/1029 1079/1079/1049 1376/1376/1269
f 1377/1377/1270 1379/1379/1047 1380/1380/1271
f 1079/1079/1049 1379/1379/1047 1377/1377/1270
f 1373/1373/1266 1380/1380/1271 400/400/393
f 1377/1377/1270 1380/1380/1271 1373/1373/1266
f 392/392/385 1377/1377/1270 1373/1373/1266
f 1376/1376/1269 1377/1377/1270 392/392/385
f 1381/1381/1271 1382/1382/1043 1383/1383/1272
f 1379/1379/1047 1382/1382/1043 1381/1381/1271
f 1383/1383/1272 1264/1264/1045 1266/1266/1191
f 1382/1382/1043 1264/1264/1045 1383/1383/1272
f 1384/1384/391 1266/1266/1191 1271/1271/394
f 1383/1383/1272 1266/1266/1191 1384/1384/391
f 1385/1385/393 1383/1383/1272 1384/1384/391
f 1381/1381/1271 1383/1383/1272 1385/1385/393
f 428/428/421 1386/1386/1273 1387/1387/1274
f 429/429/422 1386/1386/1273 428/428/421
f 1387/1387/1274 391/391/384 388/388/381
f 1386/1386/1273 391/391/384 1387/1387/1274
f 1388/1388/1275 388/388/381 396/396/389
f 1387/1387/1274 388/388/381 1388/1388/1275
f 430/430/423 1387/1387/1274 1388/1388/1275
f 428/428/421 1387/1387/1274 430/430/423
f 1350/1350/1251 1060/1060/1033 1389/1389/1276
f 1351/1351/1035 1060/1060/1033 1350/1350/1251
f 1389/1389/1276 1390/1390/1031 1391/1391/1277
f 1060/1060/1033 1390/1390/1031 1389/1389/1276
f 1386/1386/1273 1391/1391/1277 391/391/384
f 1389/1389/1276 1391/1391/1277 1386/1386/1273
f 429/429/422 1389/1389/1276 1386/1386/1273
f 1350/1350/1251 1389/1389/1276 429/429/422
f 1391/1391/1277 1392/1392/1027 1393/1393/1278
f 1390/1390/1031 1392/1392/1027 1391/1391/1277
f 1393/1393/1278 1378/1378/1029 1376/1376/1269
f 1392/1392/1027 1378/1378/1029 1393/1393/1278
f 389/389/382 1376/1376/1269 392/392/385
f 1393/1393/1278 1376/1376/1269 389/389/382
f 391/391/384 1393/1393/1278 389/389/382
f 1391/1391/1277 1393/1393/1278 391/391/384
f 149/149/145 1394/1394/1279 1395/1395/1280
f 150/150/146 1394/1394/1279 149/149/145
f 1395/1395/1280 382/382/375 379/379/372
f 1394/1394/1279 382/382/375 1395/1395/1280
f 929/929/910 379/379/372 387/387/380
f 1395/1395/1280 379/379/372 929/929/910
f 151/151/147 1395/1395/1280 929/929/910
f 149/149/145 1395/1395/1280 151/151/147
f 1396/1396/1281 1388/1388/1275 1397/1397/1282
f 430/430/423 1388/1388/1275 1396/1396/1281
f 1397/1397/1282 396/396/389 1398/1398/1283
f 1388/1388/1275 396/396/389 1397/1397/1282
f 1394/1394/1279 1398/1398/1283 382/382/375
f 1397/1397/1282 1398/1398/1283 1394/1394/1279
f 150/150/146 1397/1397/1282 1394/1394/1279
f 1396/1396/1281 1397/1397/1282 150/150/146
f 1398/1398/1283 394/394/387 1399/1399/1284
f 396/396/389 394/394/387 1398/1398/1283
f 1399/1399/1284 395/395/388 1400/1400/1285
f 394/394/387 395/395/388 1399/1399/1284
f 380/380/373 1400/1400/1285 383/383/376
f 1399/1399/1284 1400/1400/1285 380/380/373
f 382/382/375 1399/1399/1284 380/380/373
f 1398/1398/1283 1399/1399/1284 382/382/375
f 366/366/359 1401/1401/1286 1402/1402/1287
f 365/365/358 1401/1401/1286 366/366/359
f 1402/1402/1287 373/373/366 370/370/363
f 1401/1401/1286 373/373/366 1402/1402/1287
f 1403/1403/1288 370/370/363 378/378/371
f 1402/1402/1287 370/370/363 1403/1403/1288
f 368/368/361 1402/1402/1287 1403/1403/1288
f 366/366/359 1402/1402/1287 368/368/361
f 1404/1404/1289 1405/1405/1290 1406/1406/1291
f 332/332/325 1405/1405/1290 1404/1404/1289
f 1406/1406/1291 180/180/173 1407/1407/1292
f 1405/1405/1290 180/180/173 1406/1406/1291
f 1401/1401/1286 1407/1407/1292 373/373/366
f 1406/1406/1291 1407/1407/1292 1401/1401/1286
f 365/365/358 1406/1406/1291 1401/1401/1286
f 1404/1404/1289 1406/1406/1291 365/365/358
f 1407/1407/1292 179/179/172 1408/1408/1293
f 180/180/173 179/179/172 1407/1407/1292
f 1408/1408/1293 178/178/171 903/903/884
f 179/179/172 178/178/171 1408/1408/1293
f 371/371/364 903/903/884 374/374/367
f 1408/1408/1293 903/903/884 371/371/364
f 373/373/366 1408/1408/1293 371/371/364
f 1407/1407/1292 1408/1408/1293 373/373/366
f 1409/1409/841 1410/1410/1294 1411/1411/1295
f 1412/1412/842 1410/1410/1294 1409/1409/841
f 1411/1411/1295 364/364/357 361/361/354
f 1410/1410/1294 364/364/357 1411/1411/1295
f 1413/1413/1296 361/361/354 369/369/362
f 1411/1411/1295 361/361/354 1413/1413/1296
f 1414/1414/843 1411/1411/1295 1413/1413/1296
f 1409/1409/841 1411/1411/1295 1414/1414/843
f 1415/1415/854 1416/1416/1297 1417/1417/1298
f 1418/1418/207 1416/1416/1297 1415/1415/854
f 1417/1417/1298 333/333/326 1419/1419/1299
f 1416/1416/1297 333/333/326 1417/1417/1298
f 1410/1410/1294 1419/1419/1299 364/364/357
f 1417/1417/1298 1419/1419/1299 1410/1410/1294
f 1412/1412/842 1417/1417/1298 1410/1410/1294
f 1415/1415/854 1417/1417/1298 1412/1412/842
f 1419/1419/1299 331/331/324 1420/1420/1300
f 333/333/326 331/331/324 1419/1419/1299
f 1420/1420/1300 332/332/325 1404/1404/1289
f 331/331/324 332/332/325 1420/1420/1300
f 362/362/355 1404/1404/1289 365/365/358
f 1420/1420/1300 1404/1404/1289 362/362/355
f 364/364/357 1420/1420/1300 362/362/355
f 1419/1419/1299 1420/1420/1300 364/364/357
f 1421/1421/5 1422/1422/1301 1423/1423/1302
f 1424/1424/6 1422/1422/1301 1421/1421/5
f 1423/1423/1302 1425/1425/348 1426/1426/345
f 1422/1422/1301 1425/1425/348 1423/1423/1302
f 1427/1427/1143 1426/1426/345 1428/1428/353
f 1423/1423/1302 1426/1426/345 1427/1427/1143
f 1429/1429/7 1423/1423/1302 1427/1427/1143
f 1421/1421/5 1423/1423/1302 1429/1429/7
f 1430/1430/1303 1413/1413/1296 1431/1431/1304
f 1414/1414/843 1413/1413/1296 1430/1430/1303
f 1431/1431/1304 369/369/362 1432/1432/1305
f 1413/1413/1296 369/369/362 1431/1431/1304
f 1433/1433/1301 1432/1432/1305 355/355/348
f 1431/1431/1304 1432/1432/1305 1433/1433/1301
f 1424/1424/6 1431/1431/1304 1433/1433/1301
f 1430/1430/1303 1431/1431/1304 1424/1424/6
f 1432/1432/1305 367/367/360 1434/1434/1306
f 369/369/362 367/367/360 1432/1432/1305
f 1434/1434/1306 368/368/361 1435/1435/1307
f 367/367/360 368/368/361 1434/1434/1306
f 353/353/346 1435/1435/1307 356/356/349
f 1434/1434/1306 1435/1435/1307 353/353/346
f 355/355/348 1434/1434/1306 353/353/346
f 1432/1432/1305 1434/1434/1306 355/355/348
f 339/339/332 1436/1436/1308 338/338/331
f 339/339/332 1437/1437/1309 1436/1436/1308
f 1437/1437/1309 345/345/338 1436/1436/1308
f 1437/1437/1309 343/343/336 345/345/338
f 1436/1436/1308 351/351/344 1438/1438/1310
f 1436/1436/1308 345/345/338 351/351/344
f 338/338/331 1438/1438/1310 340/340/333
f 338/338/331 1436/1436/1308 1438/1438/1310
f 1439/1439/716 1440/1440/1311 1441/1441/1312
f 1439/1439/716 1442/1442/714 1440/1440/1311
f 1442/1442/714 1443/1443/1313 1440/1440/1311
f 1442/1442/714 1444/1444/713 1443/1443/1313
f 1440/1440/1311 343/343/336 1437/1437/1309
f 1440/1440/1311 1443/1443/1313 343/343/336
f 1441/1441/1312 1437/1437/1309 339/339/332
f 1441/1441/1312 1440/1440/1311 1437/1437/1309
f 1444/1444/713 1445/1445/1314 1443/1443/1313
f 1444/1444/713 1446/1446/976 1445/1445/1314
f 1446/1446/976 1447/1447/1315 1445/1445/1314
f 1446/1446/976 1448/1448/76 1447/1447/1315
f 1445/1445/1314 348/348/341 346/346/339
f 1445/1445/1314 1447/1447/1315 348/348/341
f 1443/1443/1313 346/346/339 343/343/336
f 1443/1443/1313 1445/1445/1314 346/346/339
f 1449/1449/232 1450/1450/1316 1451/1451/233
f 1449/1449/232 1452/1452/1317 1450/1450/1316
f 1452/1452/1317 336/336/329 1450/1450/1316
f 1452/1452/1317 334/334/327 336/336/329
f 1450/1450/1316 342/342/335 1453/1453/1318
f 1450/1450/1316 336/336/329 342/342/335
f 1451/1451/233 1453/1453/1318 1454/1454/235
f 1451/1451/233 1450/1450/1316 1453/1453/1318
f 1455/1455/50 1456/1456/1319 1457/1457/1320
f 1455/1455/50 1458/1458/48 1456/1456/1319
f 1458/1458/48 1459/1459/1321 1456/1456/1319
f 1458/1458/48 1460/1460/47 1459/1459/1321
f 1456/1456/1319 1461/1461/327 1462/1462/1317
f 1456/1456/1319 1459/1459/1321 1461/1461/327
f 1457/1457/1320 1462/1462/1317 1449/1449/232
f 1457/1457/1320 1456/1456/1319 1462/1462/1317
f 1463/1463/47 1464/1464/1322 1465/1465/1321
f 1463/1463/47 1466/1466/1323 1464/1464/1322
f 1466/1466/1323 1441/1441/1312 1464/1464/1322
f 1466/1466/1323 1439/1439/716 1441/1441/1312
f 1464/1464/1322 339/339/332 337/337/330
f 1464/1464/1322 1441/1441/1312 339/339/332
f 1465/1465/1321 337/337/330 334/334/327
f 1465/1465/1321 1464/1464/1322 337/337/330
f 1467/1467/205 1468/1468/1324 1469/1469/206
f 1467/1467/205 1470/1470/1325 1468/1468/1324
f 1470/1470/1325 327/327/320 1468/1468/1324
f 1470/1470/1325 325/325/318 327/327/320
f 1416/1416/1297 327/327/320 333/333/326
f 1468/1468/1324 327/327/320 1416/1416/1297
f 1418/1418/207 1468/1468/1324 1416/1416/1297
f 1469/1469/206 1468/1468/1324 1418/1418/207
f 1454/1454/235 1471/1471/1326 1472/1472/1327
f 1454/1454/235 1453/1453/1318 1471/1471/1326
f 1453/1453/1318 1473/1473/1328 1471/1471/1326
f 1453/1453/1318 342/342/335 1473/1473/1328
f 1471/1471/1326 325/325/318 1470/1470/1325
f 1471/1471/1326 1473/1473/1328 325/325/318
f 1472/1472/1327 1470/1470/1325 1467/1467/205
f 1472/1472/1327 1471/1471/1326 1470/1470/1325
f 342/342/335 1474/1474/1329 1473/1473/1328
f 342/342/335 341/341/334 1474/1474/1329
f 341/341/334 1475/1475/1330 1474/1474/1329
f 341/341/334 340/340/333 1475/1475/1330
f 1474/1474/1329 330/330/323 328/328/321
f 1474/1474/1329 1475/1475/1330 330/330/323
f 1473/1473/1328 328/328/321 325/325/318
f 1473/1473/1328 1474/1474/1329 328/328/321
f 312/312/305 1476/1476/1331 1477/1477/1332
f 311/311/304 1476/1476/1331 312/312/305
f 1477/1477/1332 319/319/312 316/316/309
f 1476/1476/1331 319/319/312 1477/1477/1332
f 1478/1478/1333 316/316/309 324/324/317
f 1477/1477/1332 316/316/309 1478/1478/1333
f 314/314/307 1477/1477/1332 1478/1478/1333
f 312/312/305 1477/1477/1332 314/314/307
f 1479/1479/1334 1480/1480/632 1481/1481/1335
f 1482/1482/634 1480/1480/632 1479/1479/1334
f 1481/1481/1335 1483/1483/633 1484/1484/1336
f 1480/1480/632 1483/1483/633 1481/1481/1335
f 1476/1476/1331 1484/1484/1336 319/319/312
f 1481/1481/1335 1484/1484/1336 1476/1476/1331
f 311/311/304 1481/1481/1335 1476/1476/1331
f 1479/1479/1334 1481/1481/1335 311/311/304
f 1485/1485/1336 1486/1486/1071 1487/1487/1337
f 1483/1483/633 1486/1486/1071 1485/1485/1336
f 1487/1487/1337 1488/1488/1072 1357/1357/1256
f 1486/1486/1071 1488/1488/1072 1487/1487/1337
f 1489/1489/310 1357/1357/1256 1362/1362/313
f 1487/1487/1337 1357/1357/1256 1489/1489/310
f 1490/1490/312 1487/1487/1337 1489/1489/310
f 1485/1485/1336 1487/1487/1337 1490/1490/312
f 347/347/340 1491/1491/1338 1492/1492/1339
f 348/348/341 1491/1491/1338 347/347/340
f 1492/1492/1339 310/310/303 307/307/300
f 1491/1491/1338 310/310/303 1492/1492/1339
f 1493/1493/1340 307/307/300 315/315/308
f 1492/1492/1339 307/307/300 1493/1493/1340
f 349/349/342 1492/1492/1339 1493/1493/1340
f 347/347/340 1492/1492/1339 349/349/342
f 1447/1447/1315 1494/1494/74 1495/1495/1341
f 1448/1448/76 1494/1494/74 1447/1447/1315
f 1495/1495/1341 1496/1496/75 1497/1497/1342
f 1494/1494/74 1496/1496/75 1495/1495/1341
f 1491/1491/1338 1497/1497/1342 310/310/303
f 1495/1495/1341 1497/1497/1342 1491/1491/1338
f 348/348/341 1495/1495/1341 1491/1491/1338
f 1447/1447/1315 1495/1495/1341 348/348/341
f 1497/1497/1342 1498/1498/1343 1499/1499/1344
f 1496/1496/75 1498/1498/1343 1497/1497/1342
f 1499/1499/1344 1482/1482/634 1479/1479/1334
f 1498/1498/1343 1482/1482/634 1499/1499/1344
f 308/308/301 1479/1479/1334 311/311/304
f 1499/1499/1344 1479/1479/1334 308/308/301
f 310/310/303 1499/1499/1344 308/308/301
f 1497/1497/1342 1499/1499/1344 310/310/303
f 176/176/169 1500/1500/1345 1501/1501/1346
f 177/177/170 1500/1500/1345 176/176/169
f 1501/1501/1346 301/301/294 298/298/291
f 1500/1500/1345 301/301/294 1501/1501/1346
f 1501/1501/1346 306/306/299 904/904/885
f 1501/1501/1346 298/298/291 306/306/299
f 178/178/171 1501/1501/1346 904/904/885
f 176/176/169 1501/1501/1346 178/178/171
f 1502/1502/1347 1493/1493/1340 1503/1503/1348
f 349/349/342 1493/1493/1340 1502/1502/1347
f 1503/1503/1348 315/315/308 1504/1504/1349
f 1493/1493/1340 315/315/308 1503/1503/1348
f 1500/1500/1345 1504/1504/1349 301/301/294
f 1503/1503/1348 1504/1504/1349 1500/1500/1345
f 177/177/170 1503/1503/1348 1500/1500/1345
f 1502/1502/1347 1503/1503/1348 177/177/170
f 1504/1504/1349 313/313/306 1505/1505/1350
f 315/315/308 313/313/306 1504/1504/1349
f 1505/1505/1350 314/314/307 1506/1506/1351
f 313/313/306 314/314/307 1505/1505/1350
f 299/299/292 1506/1506/1351 302/302/295
f 1505/1505/1350 1506/1506/1351 299/299/292
f 301/301/294 1505/1505/1350 299/299/292
f 1504/1504/1349 1505/1505/1350 301/301/294
f 285/285/278 1507/1507/1352 1508/1508/1353
f 284/284/277 1507/1507/1352 285/285/278
f 1508/1508/1353 292/292/285 289/289/282
f 1507/1507/1352 292/292/285 1508/1508/1353
f 1509/1509/1354 289/289/282 297/297/290
f 1508/1508/1353 289/289/282 1509/1509/1354
f 287/287/280 1508/1508/1353 1509/1509/1354
f 285/285/278 1508/1508/1353 287/287/280
f 1510/1510/1355 1511/1511/1356 1512/1512/1357
f 251/251/244 1511/1511/1356 1510/1510/1355
f 1512/1512/1357 207/207/200 1513/1513/1358
f 1511/1511/1356 207/207/200 1512/1512/1357
f 1507/1507/1352 1513/1513/1358 292/292/285
f 1512/1512/1357 1513/1513/1358 1507/1507/1352
f 284/284/277 1512/1512/1357 1507/1507/1352
f 1510/1510/1355 1512/1512/1357 284/284/277
f 1513/1513/1358 206/206/199 1514/1514/1359
f 207/207/200 206/206/199 1513/1513/1358
f 1514/1514/1359 205/205/198 878/878/859
f 206/206/199 205/205/198 1514/1514/1359
f 290/290/283 878/878/859 293/293/286
f 1514/1514/1359 878/878/859 290/290/283
f 292/292/285 1514/1514/1359 290/290/283
f 1513/1513/1358 1514/1514/1359 292/292/285
f 779/779/765 1515/1515/1360 1516/1516/1361
f 780/780/766 1515/1515/1360 779/779/765
f 1516/1516/1361 283/283/276 280/280/273
f 1515/1515/1360 283/283/276 1516/1516/1361
f 1517/1517/1362 280/280/273 288/288/281
f 1516/1516/1361 280/280/273 1517/1517/1362
f 781/781/767 1516/1516/1361 1517/1517/1362
f 779/779/765 1516/1516/1361 781/781/767
f 948/948/928 1518/1518/1363 1519/1519/1364
f 133/133/130 1518/1518/1363 948/948/928
f 1519/1519/1364 252/252/245 1520/1520/1365
f 1518/1518/1363 252/252/245 1519/1519/1364
f 1515/1515/1360 1520/1520/1365 283/283/276
f 1519/1519/1364 1520/1520/1365 1515/1515/1360
f 780/780/766 1519/1519/1364 1515/1515/1360
f 948/948/928 1519/1519/1364 780/780/766
f 1520/1520/1365 250/250/243 1521/1521/1366
f 252/252/245 250/250/243 1520/1520/1365
f 1521/1521/1366 251/251/244 1510/1510/1355
f 250/250/243 251/251/244 1521/1521/1366
f 281/281/274 1510/1510/1355 284/284/277
f 1521/1521/1366 1510/1510/1355 281/281/274
f 283/283/276 1521/1521/1366 281/281/274
f 1520/1520/1365 1521/1521/1366 283/283/276
f 32/32/32 1522/1522/1367 1523/1523/1368
f 33/33/33 1522/1522/1367 32/32/32
f 1523/1523/1368 1524/1524/267 1525/1525/264
f 1522/1522/1367 1524/1524/267 1523/1523/1368
f 1176/1176/1125 1525/1525/264 1179/1179/272
f 1523/1523/1368 1525/1525/264 1176/1176/1125
f 1178/1178/34 1523/1523/1368 1176/1176/1125
f 32/32/32 1523/1523/1368 1178/1178/34
f 1526/1526/1369 1517/1517/1362 1527/1527/1370
f 781/781/767 1517/1517/1362 1526/1526/1369
f 1527/1527/1370 288/288/281 1528/1528/1371
f 1517/1517/1362 288/288/281 1527/1527/1370
f 1529/1529/1367 1528/1528/1371 274/274/267
f 1527/1527/1370 1528/1528/1371 1529/1529/1367
f 1530/1530/33 1527/1527/1370 1529/1529/1367
f 1526/1526/1369 1527/1527/1370 1530/1530/33
f 1528/1528/1371 286/286/279 1531/1531/1372
f 288/288/281 286/286/279 1528/1528/1371
f 1531/1531/1372 287/287/280 1532/1532/1373
f 286/286/279 287/287/280 1531/1531/1372
f 272/272/265 1532/1532/1373 275/275/268
f 1531/1531/1372 1532/1532/1373 272/272/265
f 274/274/267 1531/1531/1372 272/272/265
f 1528/1528/1371 1531/1531/1372 274/274/267
f 258/258/251 1533/1533/1374 257/257/250
f 258/258/251 1534/1534/1375 1533/1533/1374
f 1534/1534/1375 264/264/257 1533/1533/1374
f 1534/1534/1375 262/262/255 264/264/257
f 1533/1533/1374 270/270/263 1535/1535/1376
f 1533/1533/1374 264/264/257 270/270/263
f 257/257/250 1535/1535/1376 259/259/252
f 257/257/250 1533/1533/1374 1535/1535/1376
f 1536/1536/670 1537/1537/1377 1538/1538/1378
f 1536/1536/670 1539/1539/1379 1537/1537/1377
f 1539/1539/1379 1540/1540/1380 1537/1537/1377
f 1539/1539/1379 1541/1541/60 1540/1540/1380
f 1537/1537/1377 262/262/255 1534/1534/1375
f 1537/1537/1377 1540/1540/1380 262/262/255
f 1538/1538/1378 1534/1534/1375 258/258/251
f 1538/1538/1378 1537/1537/1377 1534/1534/1375
f 1541/1541/60 1542/1542/1381 1540/1540/1380
f 1541/1541/60 1543/1543/59 1542/1542/1381
f 1543/1543/59 1544/1544/1382 1542/1542/1381
f 1543/1543/59 1545/1545/58 1544/1544/1382
f 1542/1542/1381 267/267/260 265/265/258
f 1542/1542/1381 1544/1544/1382 267/267/260
f 1540/1540/1380 265/265/258 262/262/255
f 1540/1540/1380 1542/1542/1381 265/265/258
f 482/482/474 1546/1546/1383 483/483/475
f 482/482/474 1547/1547/1384 1546/1546/1383
f 1547/1547/1384 255/255/248 1546/1546/1383
f 1547/1547/1384 253/253/246 255/255/248
f 1546/1546/1383 261/261/254 1548/1548/1385
f 1546/1546/1383 255/255/248 261/261/254
f 483/483/475 1548/1548/1385 485/485/477
f 483/483/475 1546/1546/1383 1548/1548/1385
f 1294/1294/1018 1549/1549/1386 1295/1295/1208
f 1294/1294/1018 1550/1550/1017 1549/1549/1386
f 1550/1550/1017 1551/1551/1387 1549/1549/1386
f 1550/1550/1017 1552/1552/672 1551/1551/1387
f 1549/1549/1386 1553/1553/246 1554/1554/1384
f 1549/1549/1386 1551/1551/1387 1553/1553/246
f 1295/1295/1208 1554/1554/1384 1296/1296/474
f 1295/1295/1208 1549/1549/1386 1554/1554/1384
f 1555/1555/672 1556/1556/1388 1557/1557/1387
f 1555/1555/672 1558/1558/671 1556/1556/1388
f 1558/1558/671 1538/1538/1378 1556/1556/1388
f 1558/1558/671 1536/1536/670 1538/1538/1378
f 1556/1556/1388 258/258/251 256/256/249
f 1556/1556/1388 1538/1538/1378 258/258/251
f 1557/1557/1387 256/256/249 253/253/246
f 1557/1557/1387 1556/1556/1388 256/256/249
f 131/131/128 1559/1559/1389 132/132/129
f 131/131/128 1560/1560/1390 1559/1559/1389
f 1560/1560/1390 246/246/239 1559/1559/1389
f 1560/1560/1390 244/244/237 246/246/239
f 1518/1518/1363 246/246/239 252/252/245
f 1559/1559/1389 246/246/239 1518/1518/1363
f 133/133/130 1559/1559/1389 1518/1518/1363
f 132/132/129 1559/1559/1389 133/133/130
f 485/485/477 1561/1561/1391 1562/1562/1392
f 485/485/477 1548/1548/1385 1561/1561/1391
f 1548/1548/1385 1563/1563/1393 1561/1561/1391
f 1548/1548/1385 261/261/254 1563/1563/1393
f 1561/1561/1391 244/244/237 1560/1560/1390
f 1561/1561/1391 1563/1563/1393 244/244/237
f 1562/1562/1392 1560/1560/1390 131/131/128
f 1562/1562/1392 1561/1561/1391 1560/1560/1390
f 261/261/254 1564/1564/1394 1563/1563/1393
f 261/261/254 260/260/253 1564/1564/1394
f 260/260/253 1565/1565/1395 1564/1564/1394
f 260/260/253 259/259/252 1565/1565/1395
f 1564/1564/1394 249/249/242 247/247/240
f 1564/1564/1394 1565/1565/1395 249/249/242
f 1563/1563/1393 247/247/240 244/244/237
f 1563/1563/1393 1564/1564/1394 247/247/240
f 231/231/224 1566/1566/1396 1567/1567/1397
f 230/230/223 1566/1566/1396 231/231/224
f 1567/1567/1397 238/238/231 235/235/228
f 1566/1566/1396 238/238/231 1567/1567/1397
f 1568/1568/1398 235/235/228 243/243/236
f 1567/1567/1397 235/235/228 1568/1568/1398
f 233/233/226 1567/1567/1397 1568/1568/1398
f 231/231/224 1567/1567/1397 233/233/226
f 1569/1569/1399 1570/1570/1400 1571/1571/1401
f 1572/1572/698 1570/1570/1400 1569/1569/1399
f 1571/1571/1401 1573/1573/51 1574/1574/1402
f 1570/1570/1400 1573/1573/51 1571/1571/1401
f 1566/1566/1396 1574/1574/1402 238/238/231
f 1571/1571/1401 1574/1574/1402 1566/1566/1396
f 230/230/223 1571/1571/1401 1566/1566/1396
f 1569/1569/1399 1571/1571/1401 230/230/223
f 1574/1574/1402 1575/1575/49 1576/1576/1403
f 1573/1573/51 1575/1575/49 1574/1574/1402
f 1576/1576/1403 1577/1577/50 1578/1578/1320
f 1575/1575/49 1577/1577/50 1576/1576/1403
f 1579/1579/229 1578/1578/1320 239/239/232
f 1576/1576/1403 1578/1578/1320 1579/1579/229
f 1580/1580/231 1576/1576/1403 1579/1579/229
f 1574/1574/1402 1576/1576/1403 1580/1580/231
f 266/266/259 1581/1581/1404 1582/1582/1405
f 267/267/260 1581/1581/1404 266/266/259
f 1582/1582/1405 229/229/222 226/226/219
f 1581/1581/1404 229/229/222 1582/1582/1405
f 1583/1583/1406 226/226/219 234/234/227
f 1582/1582/1405 226/226/219 1583/1583/1406
f 268/268/261 1582/1582/1405 1583/1583/1406
f 266/266/259 1582/1582/1405 268/268/261
f 1544/1544/1382 1584/1584/987 1585/1585/1407
f 1545/1545/58 1584/1584/987 1544/1544/1382
f 1585/1585/1407 1586/1586/699 1587/1587/1408
f 1584/1584/987 1586/1586/699 1585/1585/1407
f 1581/1581/1404 1587/1587/1408 229/229/222
f 1585/1585/1407 1587/1587/1408 1581/1581/1404
f 267/267/260 1585/1585/1407 1581/1581/1404
f 1544/1544/1382 1585/1585/1407 267/267/260
f 1587/1587/1408 1588/1588/697 1589/1589/1409
f 1586/1586/699 1588/1588/697 1587/1587/1408
f 1589/1589/1409 1572/1572/698 1569/1569/1399
f 1588/1588/697 1572/1572/698 1589/1589/1409
f 227/227/220 1569/1569/1399 230/230/223
f 1589/1589/1409 1569/1569/1399 227/227/220
f 229/229/222 1589/1589/1409 227/227/220
f 1587/1587/1408 1589/1589/1409 229/229/222
f 203/203/196 1590/1590/1410 1591/1591/1411
f 204/204/197 1590/1590/1410 203/203/196
f 1591/1591/1411 220/220/213 217/217/210
f 1590/1590/1410 220/220/213 1591/1591/1411
f 1591/1591/1411 225/225/218 879/879/860
f 1591/1591/1411 217/217/210 225/225/218
f 205/205/198 1591/1591/1411 879/879/860
f 203/203/196 1591/1591/1411 205/205/198
f 1592/1592/1412 1583/1583/1406 1593/1593/1413
f 268/268/261 1583/1583/1406 1592/1592/1412
f 1593/1593/1413 234/234/227 1594/1594/1414
f 1583/1583/1406 234/234/227 1593/1593/1413
f 1590/1590/1410 1594/1594/1414 220/220/213
f 1593/1593/1413 1594/1594/1414 1590/1590/1410
f 204/204/197 1593/1593/1413 1590/1590/1410
f 1592/1592/1412 1593/1593/1413 204/204/197
f 1594/1594/1414 232/232/225 1595/1595/1415
f 234/234/227 232/232/225 1594/1594/1414
f 1595/1595/1415 233/233/226 1596/1596/1416
f 232/232/225 233/233/226 1595/1595/1415
f 218/218/211 1596/1596/1416 221/221/214
f 1595/1595/1415 1596/1596/1416 218/218/211
f 220/220/213 1595/1595/1415 218/218/211
f 1594/1594/1414 1595/1595/1415 220/220/213
f 222/222/215 1597/1597/1417 1598/1598/1418
f 221/221/214 1597/1597/1417 222/222/215
f 1598/1598/1418 211/211/204 208/208/201
f 1597/1597/1417 211/211/204 1598/1598/1418
f 1598/1598/1418 216/216/209 870/870/851
f 1598/1598/1418 208/208/201 216/216/209
f 222/222/215 870/870/851 223/223/216
f 222/222/215 1598/1598/1418 870/870/851
f 1596/1596/1416 1568/1568/1398 1599/1599/1419
f 233/233/226 1568/1568/1398 1596/1596/1416
f 1599/1599/1419 243/243/236 1600/1600/1420
f 1568/1568/1398 243/243/236 1599/1599/1419
f 1597/1597/1417 1600/1600/1420 211/211/204
f 1599/1599/1419 1600/1600/1420 1597/1597/1417
f 221/221/214 1599/1599/1419 1597/1597/1417
f 1596/1596/1416 1599/1599/1419 221/221/214
f 1600/1600/1420 241/241/234 1601/1601/1421
f 243/243/236 241/241/234 1600/1600/1420
f 1601/1601/1421 242/242/235 1602/1602/1327
f 241/241/234 242/242/235 1601/1601/1421
f 209/209/202 1602/1602/1327 212/212/205
f 1601/1601/1421 1602/1602/1327 209/209/202
f 211/211/204 1601/1601/1421 209/209/202
f 1600/1600/1420 1601/1601/1421 211/211/204
f 249/249/242 1603/1603/1422 248/248/241
f 249/249/242 1604/1604/1423 1603/1603/1422
f 1604/1604/1423 201/201/194 1603/1603/1422
f 1604/1604/1423 199/199/192 201/201/194
f 1511/1511/1356 201/201/194 207/207/200
f 1603/1603/1422 201/201/194 1511/1511/1356
f 251/251/244 1603/1603/1422 1511/1511/1356
f 248/248/241 1603/1603/1422 251/251/244
f 259/259/252 1605/1605/1424 1565/1565/1395
f 259/259/252 1535/1535/1376 1605/1605/1424
f 1535/1535/1376 1606/1606/1425 1605/1605/1424
f 1535/1535/1376 270/270/263 1606/1606/1425
f 1605/1605/1424 199/199/192 1604/1604/1423
f 1605/1605/1424 1606/1606/1425 199/199/192
f 1565/1565/1395 1604/1604/1423 249/249/242
f 1565/1565/1395 1605/1605/1424 1604/1604/1423
f 270/270/263 1607/1607/1426 1606/1606/1425
f 270/270/263 269/269/262 1607/1607/1426
f 269/269/262 1592/1592/1412 1607/1607/1426
f 269/269/262 268/268/261 1592/1592/1412
f 1607/1607/1426 204/204/197 202/202/195
f 1607/1607/1426 1592/1592/1412 204/204/197
f 1606/1606/1425 202/202/195 199/199/192
f 1606/1606/1425 1607/1607/1426 202/202/195
f 276/276/269 1608/1608/1427 1609/1609/1428
f 275/275/268 1608/1608/1427 276/276/269
f 1609/1609/1428 193/193/186 190/190/183
f 1608/1608/1427 193/193/186 1609/1609/1428
f 1164/1164/1116 190/190/183 198/198/191
f 1609/1609/1428 190/190/183 1164/1164/1116
f 278/278/271 1609/1609/1428 1164/1164/1116
f 276/276/269 1609/1609/1428 278/278/271
f 1532/1532/1373 1509/1509/1354 1610/1610/1429
f 287/287/280 1509/1509/1354 1532/1532/1373
f 1610/1610/1429 297/297/290 1611/1611/1430
f 1509/1509/1354 297/297/290 1610/1610/1429
f 1608/1608/1427 1611/1611/1430 193/193/186
f 1610/1610/1429 1611/1611/1430 1608/1608/1427
f 275/275/268 1610/1610/1429 1608/1608/1427
f 1532/1532/1373 1610/1610/1429 275/275/268
f 1611/1611/1430 295/295/288 1612/1612/1431
f 297/297/290 295/295/288 1611/1611/1430
f 1612/1612/1431 296/296/289 886/886/867
f 295/295/288 296/296/289 1612/1612/1431
f 191/191/184 886/886/867 194/194/187
f 1612/1612/1431 886/886/867 191/191/184
f 193/193/186 1612/1612/1431 191/191/184
f 1611/1611/1430 1612/1612/1431 193/193/186
f 303/303/296 1613/1613/1432 1614/1614/1433
f 302/302/295 1613/1613/1432 303/303/296
f 1614/1614/1433 184/184/177 181/181/174
f 1613/1613/1432 184/184/177 1614/1614/1433
f 1614/1614/1433 189/189/182 895/895/876
f 1614/1614/1433 181/181/174 189/189/182
f 303/303/296 895/895/876 304/304/297
f 303/303/296 1614/1614/1433 895/895/876
f 1506/1506/1351 1478/1478/1333 1615/1615/1434
f 314/314/307 1478/1478/1333 1506/1506/1351
f 1615/1615/1434 324/324/317 1616/1616/1435
f 1478/1478/1333 324/324/317 1615/1615/1434
f 1613/1613/1432 1616/1616/1435 184/184/177
f 1615/1615/1434 1616/1616/1435 1613/1613/1432
f 302/302/295 1615/1615/1434 1613/1613/1432
f 1506/1506/1351 1615/1615/1434 302/302/295
f 1616/1616/1435 322/322/315 1617/1617/1436
f 324/324/317 322/322/315 1616/1616/1435
f 1617/1617/1436 323/323/316 1369/1369/1262
f 322/322/315 323/323/316 1617/1617/1436
f 182/182/175 1369/1369/1262 185/185/178
f 1617/1617/1436 1369/1369/1262 182/182/175
f 184/184/177 1617/1617/1436 182/182/175
f 1616/1616/1435 1617/1617/1436 184/184/177
f 330/330/323 1618/1618/1437 329/329/322
f 330/330/323 1619/1619/1438 1618/1618/1437
f 1619/1619/1438 174/174/167 1618/1618/1437
f 1619/1619/1438 172/172/165 174/174/167
f 1405/1405/1290 174/174/167 180/180/173
f 1618/1618/1437 174/174/167 1405/1405/1290
f 332/332/325 1618/1618/1437 1405/1405/1290
f 329/329/322 1618/1618/1437 332/332/325
f 340/340/333 1620/1620/1439 1475/1475/1330
f 340/340/333 1438/1438/1310 1620/1620/1439
f 1438/1438/1310 1621/1621/1440 1620/1620/1439
f 1438/1438/1310 351/351/344 1621/1621/1440
f 1620/1620/1439 172/172/165 1619/1619/1438
f 1620/1620/1439 1621/1621/1440 172/172/165
f 1475/1475/1330 1619/1619/1438 330/330/323
f 1475/1475/1330 1620/1620/1439 1619/1619/1438
f 351/351/344 1622/1622/1441 1621/1621/1440
f 351/351/344 350/350/343 1622/1622/1441
f 350/350/343 1502/1502/1347 1622/1622/1441
f 350/350/343 349/349/342 1502/1502/1347
f 1622/1622/1441 177/177/170 175/175/168
f 1622/1622/1441 1502/1502/1347 177/177/170
f 1621/1621/1440 175/175/168 172/172/165
f 1621/1621/1440 1622/1622/1441 175/175/168
f 357/357/350 1623/1623/1442 1624/1624/1443
f 356/356/349 1623/1623/1442 357/357/350
f 1624/1624/1443 166/166/162 163/163/159
f 1623/1623/1442 166/166/162 1624/1624/1443
f 1625/1625/1444 163/163/159 171/171/102
f 1624/1624/1443 163/163/159 1625/1625/1444
f 359/359/352 1624/1624/1443 1625/1625/1444
f 357/357/350 1624/1624/1443 359/359/352
f 1435/1435/1307 1403/1403/1288 1626/1626/1445
f 368/368/361 1403/1403/1288 1435/1435/1307
f 1626/1626/1445 378/378/371 1627/1627/1446
f 1403/1403/1288 378/378/371 1626/1626/1445
f 1623/1623/1442 1627/1627/1446 166/166/162
f 1626/1626/1445 1627/1627/1446 1623/1623/1442
f 356/356/349 1626/1626/1445 1623/1623/1442
f 1435/1435/1307 1626/1626/1445 356/356/349
f 1627/1627/1446 376/376/369 1628/1628/1447
f 378/378/371 376/376/369 1627/1627/1446
f 1628/1628/1447 377/377/370 911/911/892
f 376/376/369 377/377/370 1628/1628/1447
f 164/164/160 911/911/892 167/167/163
f 1628/1628/1447 911/911/892 164/164/160
f 166/166/162 1628/1628/1447 164/164/160
f 1627/1627/1446 1628/1628/1447 166/166/162
f 384/384/377 1629/1629/1448 1630/1630/1449
f 383/383/376 1629/1629/1448 384/384/377
f 1630/1630/1449 157/157/153 154/154/150
f 1629/1629/1448 157/157/153 1630/1630/1449
f 1630/1630/1449 162/162/158 920/920/901
f 1630/1630/1449 154/154/150 162/162/158
f 384/384/377 920/920/901 385/385/378
f 384/384/377 1630/1630/1449 920/920/901
f 1400/1400/1285 1375/1375/1268 1631/1631/1450
f 395/395/388 1375/1375/1268 1400/1400/1285
f 1631/1631/1450 405/405/398 1632/1632/1451
f 1375/1375/1268 405/405/398 1631/1631/1450
f 1629/1629/1448 1632/1632/1451 157/157/153
f 1631/1631/1450 1632/1632/1451 1629/1629/1448
f 383/383/376 1631/1631/1450 1629/1629/1448
f 1400/1400/1285 1631/1631/1450 383/383/376
f 1632/1632/1451 403/403/396 1633/1633/1452
f 405/405/398 403/403/396 1632/1632/1451
f 1633/1633/1452 404/404/397 1278/1278/1197
f 403/403/396 404/404/397 1633/1633/1452
f 155/155/151 1278/1278/1197 158/158/154
f 1633/1633/1452 1278/1278/1197 155/155/151
f 157/157/153 1633/1633/1452 155/155/151
f 1632/1632/1451 1633/1633/1452 157/157/153
f 411/411/404 1634/1634/1453 410/410/403
f 411/411/404 1635/1635/1454 1634/1634/1453
f 1635/1635/1454 147/147/143 1634/1634/1453
f 1635/1635/1454 145/145/141 147/147/143
f 1318/1318/1226 147/147/143 153/153/149
f 1634/1634/1453 147/147/143 1318/1318/1226
f 413/413/406 1634/1634/1453 1318/1318/1226
f 410/410/403 1634/1634/1453 413/413/406
f 421/421/414 1636/1636/1455 1372/1372/1265
f 421/421/414 1342/1342/1246 1636/1636/1455
f 1342/1342/1246 1637/1637/1456 1636/1636/1455
f 1342/1342/1246 432/432/425 1637/1637/1456
f 1636/1636/1455 145/145/141 1635/1635/1454
f 1636/1636/1455 1637/1637/1456 145/145/141
f 1372/1372/1265 1635/1635/1454 411/411/404
f 1372/1372/1265 1636/1636/1455 1635/1635/1454
f 432/432/425 1638/1638/1457 1637/1637/1456
f 432/432/425 431/431/424 1638/1638/1457
f 431/431/424 1396/1396/1281 1638/1638/1457
f 431/431/424 430/430/423 1396/1396/1281
f 1638/1638/1457 150/150/146 148/148/144
f 1638/1638/1457 1396/1396/1281 150/150/146
f 1637/1637/1456 148/148/144 145/145/141
f 1637/1637/1456 1638/1638/1457 148/148/144
f 438/438/431 1639/1639/1458 1640/1640/1459
f 437/437/430 1639/1639/1458 438/438/431
f 1640/1640/1459 139/139/136 136/136/133
f 1639/1639/1458 139/139/136 1640/1640/1459
f 1641/1641/724 136/136/133 144/144/140
f 1640/1640/1459 136/136/133 1641/1641/724
f 440/440/433 1640/1640/1459 1641/1641/724
f 438/438/431 1640/1640/1459 440/440/433
f 1339/1339/1243 1316/1316/1224 1642/1642/1460
f 449/449/441 1316/1316/1224 1339/1339/1243
f 1642/1642/1460 459/459/451 1643/1643/1461
f 1316/1316/1224 459/459/451 1642/1642/1460
f 1639/1639/1458 1643/1643/1461 139/139/136
f 1642/1642/1460 1643/1643/1461 1639/1639/1458
f 437/437/430 1642/1642/1460 1639/1639/1458
f 1339/1339/1243 1642/1642/1460 437/437/430
f 1643/1643/1461 457/457/449 1644/1644/1462
f 459/459/451 457/457/449 1643/1643/1461
f 1644/1644/1462 458/458/450 936/936/916
f 457/457/449 458/458/450 1644/1644/1462
f 137/137/134 936/936/916 140/140/137
f 1644/1644/1462 936/936/916 137/137/134
f 139/139/136 1644/1644/1462 137/137/134
f 1643/1643/1461 1644/1644/1462 139/139/136
f 465/465/457 1645/1645/1463 1646/1646/1464
f 464/464/456 1645/1645/1463 465/465/457
f 1646/1646/1464 130/130/127 127/127/124
f 1645/1645/1463 130/130/127 1646/1646/1464
f 1646/1646/1464 135/135/132 945/945/925
f 1646/1646/1464 127/127/124 135/135/132
f 465/465/457 945/945/925 466/466/458
f 465/465/457 1646/1646/1464 945/945/925
f 1313/1313/1221 1284/1284/1203 1647/1647/1465
f 476/476/468 1284/1284/1203 1313/1313/1221
f 1647/1647/1465 486/486/478 1648/1648/1466
f 1284/1284/1203 486/486/478 1647/1647/1465
f 1645/1645/1463 1648/1648/1466 130/130/127
f 1647/1647/1465 1648/1648/1466 1645/1645/1463
f 464/464/456 1647/1647/1465 1645/1645/1463
f 1313/1313/1221 1647/1647/1465 464/464/456
f 1648/1648/1466 484/484/476 1649/1649/1467
f 486/486/478 484/484/476 1648/1648/1466
f 1649/1649/1467 485/485/477 1562/1562/1392
f 484/484/476 485/485/477 1649/1649/1467
f 128/128/125 1562/1562/1392 131/131/128
f 1649/1649/1467 1562/1562/1392 128/128/125
f 130/130/127 1649/1649/1467 128/128/125
f 1648/1648/1466 1649/1649/1467 130/130/127
f 492/492/484 1650/1650/1468 491/491/483
f 492/492/484 1651/1651/1469 1650/1650/1468
f 1651/1651/1469 120/120/117 1650/1650/1468
f 1651/1651/1469 118/118/115 120/120/117
f 1224/1224/1161 120/120/117 126/126/123
f 1650/1650/1468 120/120/117 1224/1224/1161
f 494/494/486 1650/1650/1468 1224/1224/1161
f 491/491/483 1650/1650/1468 494/494/486
f 502/502/494 1652/1652/1470 1281/1281/1200
f 502/502/494 1250/1250/1181 1652/1652/1470
f 1250/1250/1181 1653/1653/1471 1652/1652/1470
f 1250/1250/1181 513/513/505 1653/1653/1471
f 1652/1652/1470 118/118/115 1651/1651/1469
f 1652/1652/1470 1653/1653/1471 118/118/115
f 1281/1281/1200 1651/1651/1469 492/492/484
f 1281/1281/1200 1652/1652/1470 1651/1651/1469
f 513/513/505 1654/1654/1472 1653/1653/1471
f 513/513/505 512/512/504 1654/1654/1472
f 512/512/504 1309/1309/1217 1654/1654/1472
f 512/512/504 511/511/503 1309/1309/1217
f 1654/1654/1472 123/123/120 121/121/118
f 1654/1654/1472 1309/1309/1217 123/123/120
f 1653/1653/1471 121/121/118 118/118/115
f 1653/1653/1471 1654/1654/1472 121/121/118
f 519/519/511 1655/1655/1473 1656/1656/1474
f 518/518/510 1655/1655/1473 519/519/511
f 1656/1656/1474 112/112/109 109/109/106
f 1655/1655/1473 112/112/109 1656/1656/1474
f 1657/1657/1099 109/109/106 117/117/114
f 1656/1656/1474 109/109/106 1657/1657/1099
f 521/521/513 1656/1656/1474 1657/1657/1099
f 519/519/511 1656/1656/1474 521/521/513
f 1247/1247/1178 1222/1222/1159 1658/1658/1475
f 530/530/522 1222/1222/1159 1247/1247/1178
f 1658/1658/1475 540/540/532 1659/1659/1476
f 1222/1222/1159 540/540/532 1658/1658/1475
f 1655/1655/1473 1659/1659/1476 112/112/109
f 1658/1658/1475 1659/1659/1476 1655/1655/1473
f 518/518/510 1658/1658/1475 1655/1655/1473
f 1247/1247/1178 1658/1658/1475 518/518/510
f 1659/1659/1476 538/538/530 1660/1660/1477
f 540/540/532 538/538/530 1659/1659/1476
f 1660/1660/1477 539/539/531 961/961/941
f 538/538/530 539/539/531 1660/1660/1477
f 110/110/107 961/961/941 113/113/110
f 1660/1660/1477 961/961/941 110/110/107
f 112/112/109 1660/1660/1477 110/110/107
f 1659/1659/1476 1660/1660/1477 112/112/109
f 546/546/538 1661/1661/1478 545/545/537
f 1662/1662/1479 1661/1661/1478 546/546/538
f 1662/1662/1479 102/102/99 1661/1661/1478
f 100/100/97 102/102/99 1662/1662/1479
f 1661/1661/1478 108/108/105 968/968/948
f 102/102/99 108/108/105 1661/1661/1478
f 545/545/537 968/968/948 547/547/539
f 1661/1661/1478 968/968/948 545/545/537
f 556/556/548 1663/1663/1480 1219/1219/1156
f 1196/1196/1137 1663/1663/1480 556/556/548
f 1196/1196/1137 1664/1664/1481 1663/1663/1480
f 567/567/556 1664/1664/1481 1196/1196/1137
f 1663/1663/1480 100/100/97 1662/1662/1479
f 1664/1664/1481 100/100/97 1663/1663/1480
f 1219/1219/1156 1662/1662/1479 546/546/538
f 1663/1663/1480 1662/1662/1479 1219/1219/1156
f 567/567/556 1665/1665/1482 1664/1664/1481
f 566/566/555 1665/1665/1482 567/567/556
f 566/566/555 1666/1666/1444 1665/1665/1482
f 565/565/352 1666/1666/1444 566/566/555
f 1665/1665/1482 105/105/102 103/103/100
f 1666/1666/1444 105/105/102 1665/1665/1482
f 1664/1664/1481 103/103/100 100/100/97
f 1665/1665/1482 103/103/100 1664/1664/1481
f 573/573/562 1667/1667/1483 1668/1668/1484
f 573/573/562 572/572/561 1667/1667/1483
f 1668/1668/1484 94/94/91 91/91/88
f 1668/1668/1484 1667/1667/1483 94/94/91
f 1129/1129/1093 91/91/88 99/99/96
f 1129/1129/1093 1668/1668/1484 91/91/88
f 575/575/564 1668/1668/1484 1129/1129/1093
f 575/575/564 573/573/562 1668/1668/1484
f 1193/1193/1134 1162/1162/1114 1669/1669/1485
f 1193/1193/1134 584/584/573 1162/1162/1114
f 1669/1669/1485 594/594/583 1670/1670/1486
f 1162/1162/1114 594/594/583 1669/1669/1485
f 1667/1667/1483 1670/1670/1486 94/94/91
f 1667/1667/1483 1669/1669/1485 1670/1670/1486
f 572/572/561 1669/1669/1485 1667/1667/1483
f 572/572/561 1193/1193/1134 1669/1669/1485
f 1670/1670/1486 592/592/581 1671/1671/1487
f 594/594/583 592/592/581 1670/1670/1486
f 1671/1671/1487 593/593/582 1216/1216/1153
f 592/592/581 593/593/582 1671/1671/1487
f 92/92/89 1216/1216/1153 95/95/92
f 1671/1671/1487 1216/1216/1153 92/92/89
f 94/94/91 1671/1671/1487 92/92/89
f 1670/1670/1486 1671/1671/1487 94/94/91
f 1672/1672/1488 600/600/589 1673/1673/1489
f 1672/1672/1488 599/599/588 600/600/589
f 85/85/82 1673/1673/1489 83/83/80
f 85/85/82 1672/1672/1488 1673/1673/1489
f 90/90/87 1672/1672/1488 85/85/82
f 90/90/87 1674/1674/776 1672/1672/1488
f 1674/1674/776 599/599/588 1672/1672/1488
f 1674/1674/776 601/601/590 599/599/588
f 1675/1675/1490 610/610/598 1127/1127/1091
f 1675/1675/1490 1159/1159/1111 610/610/598
f 1676/1676/1491 1127/1127/1091 621/621/609
f 1676/1676/1491 1675/1675/1490 1127/1127/1091
f 83/83/80 1675/1675/1490 1676/1676/1491
f 83/83/80 1673/1673/1489 1675/1675/1490
f 1673/1673/1489 1159/1159/1111 1675/1675/1490
f 1673/1673/1489 600/600/589 1159/1159/1111
f 1677/1677/1492 621/621/609 620/620/608
f 1677/1677/1492 1676/1676/1491 621/621/609
f 985/985/963 620/620/608 619/619/607
f 985/985/963 1677/1677/1492 620/620/608
f 87/87/84 1677/1677/1492 985/985/963
f 87/87/84 84/84/81 1677/1677/1492
f 84/84/81 1676/1676/1491 1677/1677/1492
f 84/84/81 83/83/80 1676/1676/1491
f 1678/1678/1493 627/627/615 1679/1679/1494
f 626/626/614 627/627/615 1678/1678/1493
f 76/76/73 1679/1679/1494 74/74/71
f 1678/1678/1493 1679/1679/1494 76/76/73
f 81/81/78 1678/1678/1493 76/76/73
f 994/994/972 1678/1678/1493 81/81/78
f 994/994/972 626/626/614 1678/1678/1493
f 628/628/616 626/626/614 994/994/972
f 1680/1680/1495 637/637/625 1094/1094/1062
f 1124/1124/1088 637/637/625 1680/1680/1495
f 1681/1681/1496 1094/1094/1062 648/648/636
f 1680/1680/1495 1094/1094/1062 1681/1681/1496
f 74/74/71 1680/1680/1495 1681/1681/1496
f 1679/1679/1494 1680/1680/1495 74/74/71
f 1679/1679/1494 1124/1124/1088 1680/1680/1495
f 627/627/615 1124/1124/1088 1679/1679/1494
f 1682/1682/1497 648/648/636 647/647/635
f 1681/1681/1496 648/648/636 1682/1682/1497
f 1683/1683/1343 647/647/635 646/646/634
f 1682/1682/1497 647/647/635 1683/1683/1343
f 78/78/75 1682/1682/1497 1683/1683/1343
f 75/75/72 1682/1682/1497 78/78/75
f 75/75/72 1681/1681/1496 1682/1682/1497
f 74/74/71 1681/1681/1496 75/75/72
f 1684/1684/1498 654/654/642 653/653/641
f 1684/1684/1498 1685/1685/1499 654/654/642
f 66/66/63 1685/1685/1499 1684/1684/1498
f 66/66/63 65/65/62 1685/1685/1499
f 65/65/62 1020/1020/998 1685/1685/1499
f 65/65/62 72/72/69 1020/1020/998
f 1685/1685/1499 656/656/644 654/654/642
f 1685/1685/1499 1020/1020/998 656/656/644
f 1053/1053/1026 1091/1091/1059 665/665/653
f 1053/1053/1026 1686/1686/1500 1091/1091/1059
f 675/675/663 1686/1686/1500 1053/1053/1026
f 1687/1687/1501 1686/1686/1500 675/675/663
f 1687/1687/1501 1684/1684/1498 1686/1686/1500
f 1687/1687/1501 66/66/63 1684/1684/1498
f 1686/1686/1500 653/653/641 1091/1091/1059
f 1686/1686/1500 1684/1684/1498 653/653/641
f 673/673/661 1687/1687/1501 675/675/663
f 1688/1688/1502 1687/1687/1501 673/673/661
f 674/674/662 1688/1688/1502 673/673/661
f 1121/1121/1085 1688/1688/1502 674/674/662
f 1121/1121/1085 64/64/61 1688/1688/1502
f 68/68/65 64/64/61 1121/1121/1085
f 1688/1688/1502 66/66/63 1687/1687/1501
f 64/64/61 66/66/63 1688/1688/1502
f 681/681/669 1689/1689/1503 680/680/668
f 681/681/669 1690/1690/1504 1689/1689/1503
f 1690/1690/1504 57/57/54 1689/1689/1503
f 1690/1690/1504 55/55/52 57/57/54
f 1689/1689/1503 63/63/60 1691/1691/1379
f 1689/1689/1503 57/57/54 63/63/60
f 680/680/668 1691/1691/1379 682/682/670
f 680/680/668 1689/1689/1503 1691/1691/1379
f 691/691/679 1692/1692/1505 1050/1050/1023
f 691/691/679 1017/1017/995 1692/1692/1505
f 1017/1017/995 1693/1693/1506 1692/1692/1505
f 1017/1017/995 702/702/690 1693/1693/1506
f 1692/1692/1505 55/55/52 1690/1690/1504
f 1692/1692/1505 1693/1693/1506 55/55/52
f 1050/1050/1023 1690/1690/1504 681/681/669
f 1050/1050/1023 1692/1692/1505 1690/1690/1504
f 702/702/690 1694/1694/1507 1693/1693/1506
f 702/702/690 701/701/689 1694/1694/1507
f 701/701/689 1010/1010/988 1694/1694/1507
f 701/701/689 700/700/688 1010/1010/988
f 1694/1694/1507 60/60/57 58/58/55
f 1694/1694/1507 1010/1010/988 60/60/57
f 1693/1693/1506 58/58/55 55/55/52
f 1693/1693/1506 1694/1694/1507 58/58/55
f 708/708/696 1695/1695/1508 1696/1696/1509
f 707/707/695 1695/1695/1508 708/708/696
f 1696/1696/1509 1697/1697/46 46/46/43
f 1695/1695/1508 1697/1697/46 1696/1696/1509
f 1698/1698/1400 46/46/43 1699/1699/51
f 1696/1696/1509 46/46/43 1698/1698/1400
f 710/710/698 1696/1696/1509 1698/1698/1400
f 708/708/696 1696/1696/1509 710/710/698
f 1014/1014/992 992/992/970 1700/1700/1510
f 1014/1014/992 719/719/707 992/992/970
f 1700/1700/1510 729/729/717 1701/1701/1511
f 1700/1700/1510 992/992/970 729/729/717
f 1695/1695/1508 1701/1701/1511 1697/1697/46
f 1695/1695/1508 1700/1700/1510 1701/1701/1511
f 707/707/695 1700/1700/1510 1695/1695/1508
f 1014/1014/992 1700/1700/1510 707/707/695
f 1701/1701/1511 727/727/715 1702/1702/1512
f 1701/1701/1511 729/729/717 727/727/715
f 1702/1702/1512 728/728/716 1703/1703/1323
f 1702/1702/1512 727/727/715 728/728/716
f 1704/1704/44 1703/1703/1323 1705/1705/47
f 1704/1704/44 1702/1702/1512 1703/1703/1323
f 1697/1697/46 1702/1702/1512 1704/1704/44
f 1697/1697/46 1701/1701/1511 1702/1702/1512
f 1706/1706/1513 735/735/723 734/734/722
f 1707/1707/1514 735/735/723 1706/1706/1513
f 1708/1708/39 1707/1707/1514 1706/1706/1513
f 1709/1709/38 1707/1707/1514 1708/1708/39
f 1709/1709/38 1710/1710/432 1707/1707/1514
f 45/45/42 1710/1710/432 1709/1709/38
f 1707/1707/1514 737/737/433 735/735/723
f 1710/1710/432 737/737/433 1707/1707/1514
f 967/967/947 989/989/967 746/746/732
f 967/967/947 1711/1711/1515 989/989/967
f 756/756/742 1711/1711/1515 967/967/947
f 756/756/742 1712/1712/1516 1711/1711/1515
f 1712/1712/1516 1706/1706/1513 1711/1711/1515
f 1712/1712/1516 1708/1708/39 1706/1706/1513
f 1711/1711/1515 734/734/722 989/989/967
f 1706/1706/1513 734/734/722 1711/1711/1515
f 754/754/740 1712/1712/1516 756/756/742
f 754/754/740 1713/1713/1517 1712/1712/1516
f 755/755/741 1713/1713/1517 754/754/740
f 755/755/741 1714/1714/1518 1713/1713/1517
f 1714/1714/1518 1715/1715/37 1713/1713/1517
f 1714/1714/1518 41/41/18 1715/1715/37
f 1713/1713/1517 1708/1708/39 1712/1712/1516
f 1713/1713/1517 1715/1715/37 1708/1708/39
f 762/762/748 1716/1716/1519 761/761/747
f 762/762/748 1717/1717/1520 1716/1716/1519
f 1717/1717/1520 1718/1718/30 1716/1716/1519
f 1717/1717/1520 1719/1719/28 1718/1718/30
f 1716/1716/1519 36/36/36 1720/1720/1121
f 1716/1716/1519 1718/1718/30 36/36/36
f 761/761/747 1720/1720/1121 763/763/749
f 761/761/747 1716/1716/1519 1720/1720/1121
f 772/772/758 1721/1721/1521 964/964/944
f 772/772/758 942/942/922 1721/1721/1521
f 942/942/922 1722/1722/1522 1721/1721/1521
f 942/942/922 783/783/769 1722/1722/1522
f 1721/1721/1521 1719/1719/28 1717/1717/1520
f 1721/1721/1521 1722/1722/1522 1719/1719/28
f 964/964/944 1717/1717/1520 762/762/748
f 964/964/944 1721/1721/1521 1717/1717/1520
f 783/783/769 1723/1723/1523 1722/1722/1522
f 783/783/769 782/782/768 1723/1723/1523
f 782/782/768 1526/1526/1369 1723/1723/1523
f 782/782/768 781/781/767 1526/1526/1369
f 1723/1723/1523 1530/1530/33 1724/1724/31
f 1723/1723/1523 1526/1526/1369 1530/1530/33
f 1722/1722/1522 1724/1724/31 1719/1719/28
f 1722/1722/1522 1723/1723/1523 1724/1724/31
f 789/789/775 1725/1725/1524 788/788/774
f 789/789/775 1726/1726/1525 1725/1725/1524
f 1726/1726/1525 1727/1727/21 1725/1725/1524
f 1726/1726/1525 1728/1728/19 1727/1727/21
f 1725/1725/1524 27/27/27 1729/1729/591
f 1725/1725/1524 1727/1727/21 27/27/27
f 788/788/774 1729/1729/591 790/790/590
f 788/788/774 1725/1725/1524 1729/1729/591
f 799/799/783 1730/1730/1526 939/939/919
f 799/799/783 917/917/898 1730/1730/1526
f 917/917/898 1731/1731/1527 1730/1730/1526
f 917/917/898 810/810/794 1731/1731/1527
f 1730/1730/1526 1728/1728/19 1726/1726/1525
f 1730/1730/1526 1731/1731/1527 1728/1728/19
f 939/939/919 1726/1726/1525 789/789/775
f 939/939/919 1730/1730/1526 1726/1726/1525
f 810/810/794 1732/1732/1528 1731/1731/1527
f 810/810/794 809/809/793 1732/1732/1528
f 809/809/793 1241/1241/1174 1732/1732/1528
f 809/809/793 808/808/792 1241/1241/1174
f 1732/1732/1528 1245/1245/24 1733/1733/22
f 1732/1732/1528 1241/1241/1174 1245/1245/24
f 1731/1731/1527 1733/1733/22 1728/1728/19
f 1731/1731/1527 1732/1732/1528 1733/1733/22
f 816/816/800 1734/1734/1529 815/815/799
f 816/816/800 1735/1735/1530 1734/1734/1529
f 1735/1735/1530 1736/1736/12 1734/1734/1529
f 1735/1735/1530 1737/1737/10 1736/1736/12
f 1734/1734/1529 18/18/18 1738/1738/1518
f 1734/1734/1529 1736/1736/12 18/18/18
f 815/815/799 1738/1738/1518 817/817/741
f 815/815/799 1734/1734/1529 1738/1738/1518
f 826/826/807 1739/1739/1531 914/914/895
f 826/826/807 892/892/873 1739/1739/1531
f 892/892/873 1740/1740/1532 1739/1739/1531
f 892/892/873 837/837/818 1740/1740/1532
f 1739/1739/1531 1737/1737/10 1735/1735/1530
f 1739/1739/1531 1740/1740/1532 1737/1737/10
f 914/914/895 1735/1735/1530 816/816/800
f 914/914/895 1739/1739/1531 1735/1735/1530
f 837/837/818 1741/1741/1533 1740/1740/1532
f 837/837/818 836/836/817 1741/1741/1533
f 836/836/817 1333/1333/1239 1741/1741/1533
f 836/836/817 835/835/816 1333/1333/1239
f 1741/1741/1533 1337/1337/15 1742/1742/13
f 1741/1741/1533 1333/1333/1239 1337/1337/15
f 1740/1740/1532 1742/1742/13 1737/1737/10
f 1740/1740/1532 1741/1741/1533 1742/1742/13
f 843/843/824 1743/1743/1534 842/842/823
f 843/843/824 1744/1744/1535 1743/1743/1534
f 1744/1744/1535 3/3/3 1743/1743/1534
f 1744/1744/1535 1745/1745/1 3/3/3
f 1743/1743/1534 1201/1201/9 1199/1199/1140
f 1743/1743/1534 3/3/3 1201/1201/9
f 842/842/823 1199/1199/1140 844/844/825
f 842/842/823 1743/1743/1534 1199/1199/1140
f 853/853/834 1746/1746/1536 889/889/870
f 853/853/834 867/867/848 1746/1746/1536
f 867/867/848 1747/1747/1537 1746/1746/1536
f 867/867/848 864/864/845 1747/1747/1537
f 1746/1746/1536 1745/1745/1 1744/1744/1535
f 1746/1746/1536 1747/1747/1537 1745/1745/1
f 889/889/870 1744/1744/1535 843/843/824
f 889/889/870 1746/1746/1536 1744/1744/1535
f 864/864/845 1748/1748/1538 1747/1747/1537
f 864/864/845 863/863/844 1748/1748/1538
f 863/863/844 1749/1749/1303 1748/1748/1538
f 863/863/844 862/862/843 1749/1749/1303
f 1748/1748/1538 6/6/6 1750/1750/4
f 1748/1748/1538 1749/1749/1303 6/6/6
f 1747/1747/1537 1750/1750/4 1745/1745/1
f 1747/1747/1537 1748/1748/1538 1750/1750/4
# Vertices: 1750, normals: 1538, texture coordinates: 1750, faces: 3072

